,Open,High,Low,Close,Volume,DeliveryPct
2016-08-16,75.2,75.8,73.5,73.9,3591869.0,
2016-08-17,74.0,75.55,73.85,74.4,2996065.0,
2016-08-18,74.7,75.8,74.4,74.75,2438266.0,
2016-08-19,74.9,78.35,74.75,76.95,7164709.0,
2016-08-22,76.95,76.95,74.55,75.0,3091690.0,
2016-08-23,74.9,75.4,73.7,74.45,2213879.0,
2016-08-24,74.2,75.35,74.1,74.85,2651441.0,
2016-08-25,75.0,75.35,73.0,73.25,3724664.0,
2016-08-26,73.35,74.0,71.7,72.25,2378177.0,
2016-08-29,70.6,74.25,70.55,72.75,5899090.0,
2016-08-30,73.0,73.9,72.75,73.35,2411488.0,
2016-08-31,73.65,73.95,72.6,72.8,2112304.0,
2016-09-01,72.9,73.5,70.2,70.5,2712230.0,
2016-09-02,70.85,71.75,70.65,71.1,1890352.0,
2016-09-06,71.55,72.85,71.55,72.1,2209617.0,
2016-09-07,72.4,73.8,71.7,72.45,2546141.0,
2016-09-08,72.75,74.9,72.2,74.45,3286784.0,
2016-09-09,74.75,74.75,73.25,73.45,1701015.0,
2016-09-12,72.5,72.5,67.1,69.95,2346615.0,
2016-09-14,70.05,71.75,70.0,71.3,2167342.0,
2016-09-15,71.5,72.0,70.4,71.15,987221.0,
2016-09-16,71.5,72.5,68.55,69.1,6658479.0,
2016-09-19,69.5,70.65,69.3,70.0,1556246.0,
2016-09-20,70.2,71.35,70.2,70.5,2598567.0,
2016-09-21,70.9,71.75,70.3,70.95,2383940.0,
2016-09-22,71.6,72.25,70.75,71.85,2483877.0,
2016-09-23,72.4,72.85,71.35,71.6,2359971.0,
2016-09-26,71.4,72.1,69.95,70.25,1955410.0,
2016-09-27,70.65,71.4,70.35,70.5,1832541.0,
2016-09-28,70.5,71.8,70.5,71.15,1430433.0,
2016-09-29,71.7,72.1,64.1,64.9,5058328.0,
2016-09-30,64.8,66.3,63.3,65.7,3074896.0,
2016-10-03,66.0,67.35,66.0,67.0,1326961.0,
2016-10-04,67.5,68.7,67.0,68.0,2594335.0,
2016-10-05,68.4,68.8,67.1,67.65,1582629.0,
2016-10-06,68.0,68.55,66.15,66.75,1633790.0,
2016-10-07,67.15,68.35,66.3,67.85,2956857.0,
2016-10-10,68.35,70.35,67.1,69.05,4932347.0,
2016-10-13,68.95,69.7,67.05,67.4,2189833.0,
2016-10-14,67.8,68.5,67.1,67.6,2161935.0,
2016-10-17,67.9,68.95,66.5,67.4,3056855.0,
2016-10-18,67.95,68.75,67.7,68.55,1109854.0,
2016-10-19,68.9,69.6,68.4,69.15,2055706.0,
2016-10-20,69.5,71.65,69.3,71.15,2649883.0,
2016-10-21,71.5,72.25,70.6,71.4,2736427.0,
2016-10-24,71.9,72.8,71.1,71.4,2729507.0,
2016-10-25,70.0,70.5,66.8,67.5,6806517.0,
2016-10-26,67.5,68.1,67.0,67.3,2306069.0,
2016-10-27,67.45,67.45,66.35,66.95,2459748.0,
2016-10-28,67.15,67.75,66.2,66.9,2381678.0,
2016-11-01,67.3,67.4,66.6,66.75,1497525.0,
2016-11-02,66.2,66.2,64.55,64.75,3024115.0,
2016-11-03,64.6,65.55,64.4,64.5,1596308.0,
2016-11-04,64.7,65.0,61.8,62.4,2569558.0,
2016-11-07,63.2,63.65,62.85,63.1,1076460.0,
2016-11-08,63.5,66.75,62.45,64.8,4102167.0,
2016-11-09,59.8,62.6,58.35,61.9,2891545.0,
2016-11-10,63.1,67.5,63.0,65.15,3047984.0,
2016-11-11,64.0,66.9,63.35,63.95,2003671.0,
2016-11-15,64.3,64.4,59.6,61.85,2180463.0,
2016-11-16,62.65,63.3,61.35,61.95,1686674.0,
2016-11-17,62.2,64.0,62.0,62.95,1617737.0,
2016-11-18,62.9,65.0,62.25,64.35,2512944.0,
2016-11-21,65.35,65.35,61.7,62.8,1899446.0,
2016-11-22,63.15,63.9,61.6,62.55,1292979.0,
2016-11-23,63.05,64.0,62.6,63.35,1323336.0,
2016-11-24,62.9,63.35,61.3,61.65,1928880.0,
2016-11-25,62.35,64.25,62.0,63.55,2278191.0,
2016-11-28,63.45,66.6,63.0,65.6,2509327.0,
2016-11-29,65.7,67.45,65.55,66.45,1821304.0,
2016-11-30,66.5,68.6,66.5,68.05,1786277.0,
2016-12-01,68.3,68.9,66.6,67.15,920325.0,
2016-12-02,66.8,70.65,66.5,68.05,4601737.0,
2016-12-05,68.0,71.65,67.1,69.65,4469826.0,
2016-12-06,71.0,71.15,69.4,69.8,2239444.0,
2016-12-07,71.0,71.25,68.6,69.85,1854777.0,
2016-12-08,70.6,71.0,70.15,70.7,1446097.0,
2016-12-09,71.0,72.0,70.85,71.4,1876949.0,
2016-12-12,71.1,73.0,70.55,71.15,2305199.0,
2016-12-13,71.3,71.85,70.1,70.9,1159531.0,
2016-12-14,70.9,71.8,70.55,70.95,1193512.0,
2016-12-15,70.4,73.9,70.1,72.9,3208438.0,
2016-12-16,73.4,74.0,72.5,73.55,2535884.0,
2016-12-19,73.1,74.6,72.75,73.15,1694060.0,
2016-12-20,73.0,73.6,71.5,72.25,1610755.0,
2016-12-21,72.5,74.25,72.1,73.6,1599200.0,
2016-12-22,73.3,73.9,71.35,71.7,1011735.0,
2016-12-23,71.65,72.2,70.2,71.35,1092115.0,
2016-12-26,70.7,71.35,69.05,69.7,946524.0,
2016-12-27,69.9,71.3,68.65,70.9,1215202.0,
2016-12-28,71.3,71.85,70.5,70.8,1175042.0,
2016-12-29,70.5,73.75,70.15,73.05,1791048.0,
2016-12-30,73.35,77.15,72.65,76.55,5065751.0,
2017-01-02,77.8,77.8,76.35,76.95,2296460.0,
2017-01-03,77.1,77.4,75.8,76.55,1259423.0,
2017-01-04,77.0,78.8,76.8,77.8,2179592.0,
2017-01-05,78.5,79.6,78.2,79.15,2308694.0,
2017-01-06,79.2,79.9,78.4,78.65,1160629.0,
2017-01-09,78.55,79.55,78.25,78.75,846284.0,
2017-01-10,78.55,81.2,78.5,80.2,3196502.0,
2017-01-11,80.55,81.6,80.15,80.85,1502221.0,
2017-01-12,80.6,81.25,79.05,80.15,1553335.0,
2017-01-13,80.05,80.5,77.55,78.5,1854287.0,
2017-01-16,78.4,80.4,77.6,79.8,1503222.0,
2017-01-17,79.9,80.25,78.6,78.95,891846.0,
2017-01-18,79.1,80.7,78.4,79.2,1599586.0,
2017-01-19,79.5,81.0,78.8,80.6,1285140.0,
2017-01-20,80.95,82.0,77.0,77.5,2985011.0,
2017-01-23,77.4,79.0,77.0,78.2,884490.0,
2017-01-24,78.3,80.25,78.3,79.65,1527674.0,
2017-01-25,79.85,80.35,78.8,80.0,1701611.0,
2017-01-27,80.1,93.75,80.1,92.6,25002553.0,
2017-01-30,91.9,93.9,90.7,92.35,9616013.0,
2017-01-31,92.0,93.45,85.55,87.15,10535197.0,
2017-02-01,88.0,91.3,87.2,90.85,6995463.0,
2017-02-02,90.4,97.65,89.3,93.95,13368036.0,
2017-02-03,94.45,95.35,92.45,94.55,4592647.0,
2017-02-06,95.1,100.2,94.65,97.2,7629554.0,
2017-02-07,97.9,97.9,90.75,91.85,7549222.0,
2017-02-08,92.45,95.1,91.0,92.1,6130858.0,
2017-02-09,92.5,94.4,90.55,93.65,3656581.0,
2017-02-10,94.0,94.95,92.4,92.85,3194365.0,
2017-02-13,93.55,93.65,90.0,91.7,2133187.0,
2017-02-14,91.9,92.1,89.3,90.75,3326446.0,
2017-02-15,91.5,96.75,91.25,92.25,11656510.0,
2017-02-16,92.7,94.5,91.0,94.3,3447121.0,
2017-02-17,94.9,95.35,93.4,93.8,1838828.0,
2017-02-20,94.0,99.75,93.65,97.4,8798985.0,
2017-02-21,97.9,99.2,96.85,97.45,3633716.0,
2017-02-22,97.6,98.3,94.05,94.55,4687483.0,
2017-02-23,94.5,97.7,93.9,96.6,5958620.0,
2017-02-27,96.8,97.7,94.6,96.05,2478463.0,
2017-02-28,96.0,100.75,95.1,98.5,8148197.0,
2017-03-01,99.0,99.55,97.15,98.0,2397830.0,
2017-03-02,98.35,99.9,93.05,93.6,3923833.0,
2017-03-03,93.2,95.3,92.95,94.7,3920942.0,
2017-03-06,95.05,95.85,94.05,95.4,2240085.0,
2017-03-07,95.65,99.4,95.2,97.85,5164512.0,
2017-03-08,98.0,99.05,93.95,94.65,3198694.0,
2017-03-09,94.35,94.85,92.8,93.6,2253696.0,
2017-03-10,94.0,95.5,92.75,94.05,2176686.0,
2017-03-14,97.05,99.0,95.75,97.55,5071245.0,
2017-03-15,97.65,101.8,96.55,101.2,9540896.0,
2017-03-16,102.45,103.95,101.8,102.75,7119866.0,
2017-03-17,103.5,105.4,102.2,103.7,6463490.0,
2017-03-20,103.6,104.8,101.85,103.3,2192937.0,
2017-03-21,103.2,104.4,101.5,103.6,2632837.0,
2017-03-22,102.4,103.7,101.5,101.75,2174100.0,
2017-03-23,101.9,105.25,101.65,104.55,4346658.0,
2017-03-24,105.2,107.0,104.35,105.75,5178267.0,
2017-03-27,105.9,105.9,102.8,103.85,3408128.0,
2017-03-28,105.0,105.85,103.85,104.55,2590526.0,
2017-03-29,104.95,105.25,103.7,104.45,1897100.0,
2017-03-30,104.65,106.5,104.15,105.8,7405888.0,
2017-03-31,106.35,110.2,105.2,108.55,6986469.0,
2017-04-03,108.85,112.3,107.95,111.8,4741739.0,
2017-04-05,112.0,115.45,110.75,114.6,4340487.0,
2017-04-06,114.2,116.15,113.85,115.75,3258878.0,
2017-04-07,114.5,119.55,114.3,117.4,5580242.0,
2017-04-10,117.95,120.65,117.3,120.1,4859156.0,
2017-04-11,119.85,125.5,118.55,121.3,11436293.0,
2017-04-12,118.5,119.5,109.8,114.35,9171249.0,
2017-04-13,114.9,117.5,112.15,116.85,5018338.0,
2017-04-17,115.05,124.2,115.05,123.35,5952208.0,
2017-04-18,124.0,160.7,124.0,144.9,92715070.0,
2017-04-19,142.9,148.5,138.05,145.15,23662260.0,
2017-04-20,145.8,149.4,143.5,146.25,8478294.0,
2017-04-21,146.5,148.5,143.7,145.95,5457294.0,
2017-04-24,145.9,159.15,145.0,150.05,17018361.0,
2017-04-25,150.6,153.65,148.3,149.95,7988542.0,
2017-04-26,150.2,151.55,117.2,118.55,44780598.0,
2017-04-27,121.7,135.35,112.7,114.15,78120754.0,
2017-04-28,116.8,118.7,107.3,108.95,39309185.0,
2017-05-02,109.85,116.3,106.55,112.75,31196578.0,
2017-05-03,113.85,115.9,109.8,112.65,17853028.0,
2017-05-04,112.95,114.65,112.05,113.4,9225795.0,
2017-05-05,113.6,115.4,108.45,113.7,12155635.0,
2017-05-08,114.1,116.0,111.55,114.55,8351327.0,
2017-05-09,114.9,119.9,113.7,118.2,12659485.0,
2017-05-10,119.45,123.85,118.5,122.8,12398019.0,
2017-05-11,125.45,126.8,117.4,120.15,23149912.0,
2017-05-12,120.6,122.85,117.2,121.55,10909470.0,
2017-05-15,122.5,123.2,120.0,121.9,7090402.0,
2017-05-16,121.95,124.5,120.8,122.8,6895666.0,
2017-05-17,122.5,122.85,119.55,121.5,5817867.0,
2017-05-18,119.9,125.85,118.6,120.35,10312432.0,
2017-05-19,123.2,124.45,120.15,121.9,6205020.0,
2017-05-22,122.55,124.35,120.6,121.35,5788097.0,
2017-05-23,118.5,118.6,109.5,113.15,12969389.0,
2017-05-24,114.1,115.4,110.6,113.6,6385463.0,
2017-05-25,119.0,119.4,114.45,116.25,9523315.0,
2017-05-26,117.0,117.8,115.0,115.95,4170952.0,
2017-05-29,115.95,116.0,110.05,111.4,4816508.0,
2017-05-30,112.0,124.8,110.0,117.9,20862798.0,
2017-05-31,118.3,120.7,115.05,116.8,8292327.0,
2017-06-01,117.2,118.7,116.25,116.75,5578850.0,
2017-06-02,117.2,118.75,116.5,117.5,4227409.0,
2017-06-05,117.5,119.7,116.5,117.5,4628391.0,
2017-06-06,119.1,128.8,119.1,128.05,37683895.0,
2017-06-07,130.75,134.5,129.1,131.3,24487190.0,
2017-06-08,131.0,131.6,126.75,129.8,8299688.0,
2017-06-09,130.0,133.2,127.05,132.25,9200926.0,
2017-06-12,131.5,133.2,128.0,130.75,5195277.0,
2017-06-13,129.0,135.8,129.0,132.4,12237856.0,
2017-06-14,132.8,133.7,130.4,131.25,4219965.0,
2017-06-15,131.0,133.95,129.0,132.5,5069151.0,
2017-06-16,132.45,133.4,130.3,130.9,4333378.0,
2017-06-19,132.25,133.35,131.3,131.95,3366146.0,
2017-06-20,132.4,132.4,129.3,130.9,3600676.0,
2017-06-21,130.8,132.9,130.3,131.85,4123135.0,
2017-06-22,132.5,133.2,130.0,130.85,3971698.0,
2017-06-23,130.9,131.1,124.15,126.35,5913258.0,
2017-06-27,126.9,132.9,124.5,131.0,5961133.0,
2017-06-28,132.3,136.7,132.1,134.4,14293742.0,
2017-06-29,135.0,135.6,132.6,133.25,4347591.0,
2017-06-30,133.0,134.3,130.55,132.6,4288794.0,
2017-07-03,132.4,138.95,132.0,136.5,9590074.0,
2017-07-04,136.5,137.45,132.9,133.55,3729846.0,
2017-07-05,134.0,136.0,132.5,135.25,4430195.0,
2017-07-06,135.0,136.1,133.85,135.2,3032861.0,
2017-07-07,134.45,136.0,133.5,134.2,1890872.0,
2017-07-10,138.9,138.9,131.2,134.85,619714.0,
2017-07-11,135.0,135.45,132.8,133.4,2459729.0,
2017-07-12,133.7,141.85,133.0,141.3,15422906.0,
2017-07-13,142.5,144.35,138.15,140.8,10926196.0,
2017-07-14,141.0,141.45,137.7,139.4,4692142.0,
2017-07-17,139.5,140.8,138.4,139.4,2426468.0,
2017-07-18,138.95,140.35,137.1,137.85,2732576.0,
2017-07-19,138.0,140.65,137.5,139.5,2985094.0,
2017-07-20,140.0,142.0,138.5,140.4,3904565.0,
2017-07-21,140.85,141.8,137.85,141.2,3543548.0,
2017-07-24,141.4,142.7,139.2,140.25,3416472.0,
2017-07-25,140.95,140.95,138.3,139.3,2869545.0,
2017-07-26,139.5,142.3,138.9,140.75,3418321.0,
2017-07-27,140.75,141.85,137.5,138.5,4166061.0,
2017-07-28,138.1,139.35,136.45,138.7,1810929.0,
2017-07-31,138.7,139.75,137.05,137.9,1735603.0,
2017-08-01,137.9,140.85,137.9,140.2,2635910.0,
2017-08-02,140.7,143.85,140.55,141.95,4380118.0,
2017-08-03,142.1,142.65,137.1,137.75,2488880.0,
2017-08-04,137.6,139.25,136.2,138.0,2306461.0,
2017-08-07,138.45,140.9,138.0,140.1,2242614.0,
2017-08-08,140.15,141.2,135.4,137.35,2862404.0,
2017-08-09,137.0,137.0,120.65,124.25,5431633.0,
2017-08-10,122.5,123.25,113.25,115.85,5134939.0,
2017-08-11,114.0,115.8,106.0,113.7,5174105.0,
2017-08-14,115.0,117.9,111.8,116.65,2885275.0,
2017-08-16,114.0,116.45,109.05,115.2,6940295.0,
2017-08-17,115.5,117.5,112.3,113.4,3746529.0,
2017-08-18,112.25,113.5,110.55,112.25,3078656.0,
2017-08-21,113.0,113.85,106.75,107.5,2773290.0,
2017-08-22,108.55,109.35,104.8,106.3,4036450.0,
2017-08-23,107.45,110.5,107.0,110.05,4677977.0,
2017-08-24,110.7,110.9,108.1,109.15,4390164.0,
2017-08-28,117.1,121.05,115.05,119.2,16245306.0,
2017-08-29,117.4,122.75,116.75,118.95,9812669.0,
2017-08-30,120.4,131.85,120.15,128.15,16432031.0,
2017-08-31,133.0,133.95,128.05,132.55,23717123.0,
2017-09-01,132.75,138.85,131.35,136.6,17807316.0,
2017-09-04,136.2,136.45,128.0,130.8,10003075.0,
2017-09-05,131.4,135.1,130.8,133.1,6456212.0,
2017-09-06,130.1,132.1,128.5,130.8,6965729.0,
2017-09-07,131.45,133.25,129.65,130.4,4234036.0,
2017-09-08,130.9,131.8,126.35,127.6,3798565.0,
2017-09-11,128.5,132.35,128.2,130.65,3788024.0,
2017-09-12,131.8,134.9,130.4,133.95,5724435.0,
2017-09-13,133.9,134.5,130.3,130.75,3109588.0,
2017-09-14,131.0,133.3,129.65,131.9,3516832.0,
2017-09-15,130.05,131.75,129.2,130.65,3939948.0,
2017-09-18,131.65,132.9,130.1,130.85,2676220.0,
2017-09-19,130.95,132.2,130.1,131.0,2326183.0,
2017-09-20,131.75,131.75,129.1,129.4,2458718.0,
2017-09-21,129.4,130.95,124.9,127.7,3041970.0,
2017-09-22,126.85,126.85,121.0,121.75,2761762.0,
2017-09-25,121.9,122.05,113.75,116.65,3651981.0,
2017-09-26,116.6,120.2,114.8,118.6,4273887.0,
2017-09-27,119.5,120.8,113.15,114.25,3698588.0,
2017-09-28,114.8,116.75,113.4,115.3,3251061.0,
2017-09-29,116.0,117.7,115.45,116.3,2668774.0,
2017-10-03,116.55,116.6,110.35,111.8,5786682.0,
2017-10-04,112.2,115.95,111.9,115.3,6485757.0,
2017-10-05,116.6,123.2,116.1,121.6,10839785.0,
2017-10-06,122.9,125.0,121.75,123.45,6023990.0,
2017-10-09,120.0,121.95,117.1,119.3,7515146.0,
2017-10-10,119.5,122.0,119.5,120.25,3765307.0,
2017-10-11,121.15,123.4,117.6,118.95,4263901.0,
2017-10-12,120.0,120.8,118.5,120.1,2146531.0,
2017-10-13,120.8,121.15,119.5,119.85,1922554.0,
2017-10-16,120.65,120.95,116.5,117.4,2672505.0,
2017-10-17,117.85,118.95,117.05,118.1,1646672.0,
2017-10-18,118.0,123.55,116.85,122.6,5756535.0,
2017-10-19,123.25,127.0,122.35,125.6,2677513.0,
2017-10-23,126.4,129.8,125.2,126.95,4877150.0,
2017-10-24,127.0,128.35,125.4,126.3,2510874.0,
2017-10-25,126.85,129.2,124.05,127.7,3208639.0,
2017-10-26,127.5,131.75,126.15,131.0,4101271.0,
2017-10-27,131.9,132.9,128.5,129.95,3390969.0,
2017-10-30,130.65,136.4,129.1,134.2,5432720.0,
2017-10-31,134.7,134.7,130.05,132.3,2930305.0,
2017-11-01,132.8,135.3,132.1,133.1,2233742.0,
2017-11-02,133.3,135.6,131.85,133.35,2230547.0,
2017-11-03,134.0,142.7,132.9,140.5,6569012.0,
2017-11-06,143.2,151.45,142.65,149.7,12584319.0,
2017-11-07,149.75,152.3,141.2,148.35,7356189.0,
2017-11-08,148.05,158.4,146.4,151.5,13716214.0,
2017-11-09,151.85,155.9,149.1,154.4,4923828.0,
2017-11-10,154.35,158.25,151.8,156.4,5725960.0,
2017-11-13,157.1,160.2,150.85,152.8,5822879.0,
2017-11-14,152.0,158.4,151.5,155.35,6292563.0,
2017-11-15,154.8,155.8,146.1,147.05,4240874.0,
2017-11-16,145.0,146.0,139.6,144.75,5535897.0,
2017-11-17,146.5,158.75,146.2,156.6,8535047.0,
2017-11-20,156.95,162.0,156.05,160.4,8674469.0,
2017-11-21,161.0,161.7,152.2,153.45,5386978.0,
2017-11-22,154.3,159.2,152.55,157.8,4955519.0,
2017-11-23,158.0,158.45,149.7,152.5,4727002.0,
2017-11-24,152.6,155.4,150.0,153.25,3761880.0,
2017-11-27,150.0,152.2,146.85,151.25,4600982.0,
2017-11-28,151.2,152.7,147.55,148.85,2824828.0,
2017-11-29,148.85,149.45,146.0,147.45,2648352.0,
2017-11-30,146.5,149.5,145.1,146.6,2702060.0,
2017-12-01,147.0,151.35,140.05,142.35,5272779.0,
2017-12-04,142.8,145.8,131.75,142.6,6970705.0,
2017-12-05,142.65,146.8,139.55,145.75,4720284.0,
2017-12-06,143.7,147.4,141.3,142.25,3852721.0,
2017-12-07,142.7,148.95,142.1,147.55,3346587.0,
2017-12-08,149.2,152.55,148.6,151.05,5248995.0,
2017-12-11,152.4,154.25,149.7,153.3,4547863.0,
2017-12-12,153.9,155.3,149.05,152.55,7656986.0,
2017-12-13,150.0,153.4,146.2,147.5,7720271.0,
2017-12-14,147.0,150.3,142.85,148.55,4719833.0,
2017-12-15,154.95,155.8,150.7,155.2,9641091.0,
2017-12-18,148.0,166.45,139.7,159.95,36258411.0,
2017-12-19,159.9,161.7,155.85,160.4,8093608.0,
2017-12-20,160.0,163.05,157.7,160.95,6211843.0,
2017-12-21,161.0,164.95,160.25,162.6,5528048.0,
2017-12-22,162.95,165.95,161.1,162.9,4597724.0,
2017-12-26,163.0,165.2,160.95,163.2,2925999.0,
2017-12-27,163.0,169.35,162.4,165.95,9076528.0,
2017-12-28,166.0,167.2,163.5,165.25,3753225.0,
2017-12-29,165.0,168.25,163.9,166.35,4272076.0,
2018-01-01,165.8,169.85,165.0,166.05,4220395.0,
2018-01-02,166.1,167.4,162.15,163.9,2712044.0,
2018-01-03,163.9,180.25,163.9,176.2,21268697.0,
2018-01-04,176.0,185.2,174.15,183.3,12411875.0,
2018-01-05,184.8,194.3,182.4,193.15,11521764.0,
2018-01-08,192.6,201.0,192.3,196.45,8253904.0,
2018-01-09,198.0,198.95,194.1,195.9,4715461.0,
2018-01-10,196.1,203.85,196.0,198.8,11667268.0,
2018-01-11,198.0,203.7,195.55,201.7,5579135.0,
2018-01-12,202.0,203.75,194.25,199.95,5218945.0,
2018-01-15,201.0,202.2,197.3,198.2,2971871.0,
2018-01-16,198.7,199.1,188.2,194.6,7331265.0,
2018-01-17,194.2,205.7,187.9,204.55,9472531.0,
2018-01-18,206.0,207.5,188.7,195.25,13242809.0,
2018-01-19,195.25,201.0,188.55,199.7,14032888.0,
2018-01-22,198.0,202.35,196.0,198.9,5740115.0,
2018-01-23,199.4,205.25,196.1,204.4,7561852.0,
2018-01-24,204.3,207.55,200.0,205.5,7805766.0,
2018-01-25,205.0,215.75,201.8,214.4,13233590.0,
2018-01-29,215.6,220.5,210.6,213.35,7973287.0,
2018-01-30,211.0,213.55,207.5,211.3,4290228.0,
2018-01-31,209.95,218.75,209.15,213.2,7732419.0,
2018-02-01,213.0,217.05,203.7,214.0,4905671.0,
2018-02-02,213.0,213.0,195.1,197.2,6946208.0,
2018-02-05,185.1,201.0,183.7,199.45,6443758.0,
2018-02-06,185.0,198.2,182.7,195.3,5920376.0,
2018-02-07,199.55,202.75,195.1,196.75,3982586.0,
2018-02-08,198.25,206.15,196.9,204.5,4439467.0,
2018-02-09,200.0,211.85,197.65,210.1,6060617.0,
2018-02-12,211.2,219.3,211.2,217.25,7269216.0,
2018-02-14,218.5,223.5,216.75,219.45,6915464.0,
2018-02-15,221.1,222.65,210.65,214.75,4974761.0,
2018-02-16,215.8,218.45,204.8,207.8,5458989.0,
2018-02-19,205.0,207.45,200.5,202.9,4869612.0,
2018-02-20,202.0,203.55,195.0,198.0,6326486.0,
2018-02-21,199.3,200.5,195.3,197.4,4152954.0,
2018-02-22,196.0,204.45,193.8,203.3,8957045.0,
2018-02-23,204.5,205.75,201.5,204.35,5007111.0,
2018-02-26,205.0,207.85,203.5,205.6,2916864.0,
2018-02-27,206.0,209.85,201.2,207.05,5990667.0,
2018-02-28,204.95,207.95,202.5,203.55,3876913.0,
2018-03-01,203.55,206.7,198.2,199.15,3600007.0,
2018-03-05,199.0,202.7,196.75,200.9,3891702.0,
2018-03-06,202.5,203.35,180.1,186.2,8063223.0,
2018-03-07,182.9,185.45,169.2,172.2,21742279.0,
2018-03-08,174.0,177.4,160.0,168.95,19371103.0,
2018-03-09,168.95,170.5,154.65,156.1,17088755.0,
2018-03-12,158.45,164.4,150.0,162.25,20088994.0,
2018-03-13,162.05,164.5,157.0,159.75,15160439.0,
2018-03-14,156.8,165.2,156.55,163.75,13334956.0,
2018-03-15,163.5,170.45,163.2,167.05,13195532.0,
2018-03-16,167.5,168.45,159.15,160.5,12405008.0,
2018-03-19,160.0,162.0,154.65,160.6,11657832.0,
2018-03-20,158.95,163.4,158.3,160.95,9395255.0,
2018-03-21,161.75,166.15,161.15,162.2,7748642.0,
2018-03-22,162.4,163.85,158.55,159.45,6171698.0,
2018-03-23,155.0,156.2,148.7,152.45,9936873.0,
2018-03-26,152.5,166.25,150.75,163.75,12479612.0,
2018-03-27,165.9,167.7,158.6,159.9,12016092.0,
2018-03-28,158.9,161.9,154.7,156.4,11699148.0,
2018-04-02,157.3,162.45,151.2,160.9,9992345.0,
2018-04-03,158.25,163.3,156.55,162.4,11497486.0,
2018-04-04,162.45,166.4,147.1,151.45,33352404.0,
2018-04-05,133.0,152.95,126.25,147.85,27497507.0,
2018-04-06,148.25,154.65,147.7,149.75,10623849.0,
2018-04-09,150.2,152.0,145.65,147.15,5148636.0,
2018-04-10,148.5,150.95,146.7,147.75,4948074.0,
2018-04-11,148.05,148.75,142.6,144.55,5128577.0,
2018-04-12,144.6,146.3,134.65,136.1,7768352.0,
2018-04-13,140.4,143.0,137.6,139.4,11986798.0,
2018-04-16,138.7,141.9,137.0,140.75,5077236.0,
2018-04-17,141.45,142.95,137.8,139.5,3526569.0,
2018-04-18,141.0,141.0,135.7,136.75,3297720.0,
2018-04-19,135.5,142.3,135.0,141.65,6407262.0,
2018-04-20,141.0,141.0,136.0,137.7,3928069.0,
2018-04-23,139.0,142.0,137.6,139.75,4466205.0,
2018-04-24,140.55,141.3,136.85,137.9,3619659.0,
2018-04-25,138.0,139.5,136.65,137.55,2744549.0,
2018-04-26,138.0,141.75,136.0,140.55,2829547.0,
2018-04-27,140.95,148.6,140.25,141.8,7560641.0,
2018-04-30,142.35,144.4,138.6,140.1,2549744.0,
2018-05-02,140.35,141.5,124.2,129.4,8357323.0,
2018-05-03,130.0,130.5,123.3,126.4,12869077.0,
2018-05-04,126.7,132.45,125.65,126.6,12870721.0,
2018-05-07,127.1,129.9,124.85,127.6,12195077.0,
2018-05-08,128.25,133.5,125.8,131.45,4625620.0,
2018-05-09,130.4,131.45,128.05,129.05,3565162.0,
2018-05-10,129.9,130.7,125.7,126.65,4815033.0,
2018-05-11,127.55,129.4,123.4,127.8,5943405.0,
2018-05-14,127.85,128.0,121.6,124.0,5039909.0,
2018-05-15,124.0,129.45,121.3,123.3,6753335.0,
2018-05-16,123.0,124.8,120.65,123.1,4008619.0,
2018-05-17,124.4,125.6,121.8,123.4,3158060.0,
2018-05-18,123.8,124.0,117.55,118.6,4125360.0,
2018-05-21,119.0,120.9,116.0,118.2,3196634.0,
2018-05-22,119.9,123.5,118.25,122.25,3700083.0,
2018-05-23,122.0,122.45,116.8,117.4,2564043.0,
2018-05-24,118.0,120.5,115.65,119.15,4368851.0,
2018-05-25,119.05,125.9,118.05,124.8,5483064.0,
2018-05-28,123.9,131.5,123.9,129.65,5007622.0,
2018-05-29,128.0,129.35,122.75,123.7,4091255.0,
2018-05-30,122.1,125.2,121.5,123.4,2133256.0,
2018-05-31,124.0,124.25,120.25,121.0,4584277.0,
2018-06-01,121.0,122.2,115.55,119.55,6238346.0,
2018-06-04,119.95,121.0,113.65,116.25,5153935.0,
2018-06-05,116.0,117.3,113.05,115.4,3155941.0,
2018-06-06,115.5,119.65,114.45,118.25,4012380.0,
2018-06-07,118.25,128.2,118.25,125.4,11000722.0,
2018-06-08,124.75,127.2,122.55,126.3,5338810.0,
2018-06-11,127.7,132.85,126.9,128.25,6562401.0,
2018-06-12,127.3,128.9,126.15,127.65,2262313.0,
2018-06-13,128.55,132.65,128.3,129.15,6679378.0,
2018-06-14,128.5,134.85,127.2,133.95,9893943.0,
2018-06-15,135.0,137.2,131.4,132.45,8917748.0,
2018-06-18,132.9,136.0,130.45,134.35,8419032.0,
2018-06-19,132.6,135.55,128.9,129.9,5591679.0,
2018-06-20,129.0,132.35,128.9,131.75,4895974.0,
2018-06-21,131.7,132.7,128.5,129.85,3634286.0,
2018-06-22,129.8,131.0,127.55,130.35,4123963.0,
2018-06-25,130.0,131.1,126.7,127.0,2763727.0,
2018-06-26,125.2,131.0,125.2,129.15,5572972.0,
2018-06-27,128.0,128.0,112.5,115.1,11674336.0,
2018-06-28,113.5,115.65,108.7,109.35,8742008.0,
2018-06-29,110.1,114.2,110.1,113.15,6266086.0,
2018-07-02,112.8,113.75,100.85,105.05,14163679.0,
2018-07-03,104.6,107.95,102.6,106.25,7563035.0,
2018-07-04,106.3,108.75,103.75,107.7,7081273.0,
2018-07-05,108.05,108.05,104.55,105.9,4199495.0,
2018-07-06,104.75,112.7,102.75,110.95,12419598.0,
2018-07-09,111.5,113.35,108.7,111.65,6004307.0,
2018-07-10,113.0,115.35,112.1,114.1,5607485.0,
2018-07-11,114.5,125.5,114.1,124.1,26582477.0,
2018-07-12,124.45,126.5,121.3,124.3,8275466.0,
2018-07-13,124.65,132.2,122.35,131.65,26190343.0,
2018-07-16,131.0,134.85,129.2,133.6,18221825.0,
2018-07-17,135.05,141.6,134.2,138.3,19643642.0,
2018-07-18,138.25,144.0,135.95,142.2,15509835.0,
2018-07-19,143.4,154.2,141.05,151.05,14414031.0,
2018-07-20,152.1,164.7,149.7,162.95,27020824.0,
2018-07-23,161.35,172.4,159.0,171.2,23373737.0,
2018-07-24,171.0,188.0,165.15,186.05,54181637.0,
2018-07-25,185.0,205.3,183.7,199.8,57013586.0,
2018-07-26,194.3,201.95,189.05,197.75,42450972.0,
2018-07-27,198.05,206.75,190.5,195.9,28498883.0,
2018-07-30,197.2,200.4,192.35,193.55,13913862.0,
2018-07-31,193.45,198.2,191.05,195.45,8954739.0,
2018-08-01,196.0,197.6,191.65,193.25,5366632.0,
2018-08-02,193.0,201.7,185.5,196.5,17024744.0,
2018-08-03,194.5,204.3,194.0,198.15,20404842.0,
2018-08-06,200.0,202.15,196.2,198.2,8844068.0,
2018-08-07,197.0,197.3,186.65,190.15,13606741.0,
2018-08-08,182.05,208.7,179.0,199.65,35491149.0,
2018-08-09,204.0,206.9,198.2,200.35,15237502.0,
2018-08-10,199.65,201.9,196.1,199.15,9286699.0,
2018-08-13,196.0,198.8,192.75,194.4,7193016.0,
2018-08-14,194.7,205.4,194.55,202.3,13331334.0,
2018-08-16,198.5,206.0,198.5,202.9,9452650.0,
2018-08-17,202.0,206.7,200.7,203.05,5498632.0,
2018-08-20,203.15,214.25,202.15,212.5,19808480.0,
2018-08-21,214.0,222.0,212.05,213.3,22079310.0,
2018-08-23,214.5,215.25,204.1,210.85,14397102.0,
2018-08-24,210.0,214.5,207.35,208.8,7819637.0,
2018-08-27,210.3,213.3,207.3,211.85,7894492.0,
2018-08-28,212.65,232.5,209.45,229.7,36388656.0,
2018-08-29,231.7,236.65,219.9,223.3,28860874.0,
2018-08-30,222.5,231.25,219.8,224.0,28402633.0,
2018-08-31,225.0,228.6,222.35,225.25,14184713.0,
2018-09-03,226.0,227.4,204.15,210.5,20062123.0,
2018-09-04,211.0,216.4,202.0,210.4,29213333.0,
2018-09-05,208.2,216.7,205.8,210.95,35462765.0,
2018-09-06,150.0,170.65,139.35,163.7,74817700.0,
2018-09-07,165.25,169.9,155.7,157.35,42704819.0,
2018-09-10,158.0,158.0,149.65,150.75,20590646.0,
2018-09-11,151.0,153.7,146.3,148.25,15083637.0,
2018-09-12,148.5,150.15,142.75,148.9,16166704.0,
2018-09-14,149.75,152.9,148.25,150.6,8859644.0,
2018-09-17,150.2,155.65,146.8,152.05,10925422.0,
2018-09-18,151.95,154.85,146.3,148.45,7447741.0,
2018-09-19,149.4,150.7,145.3,147.35,5315295.0,
2018-09-21,148.0,153.5,132.65,138.45,12829824.0,
2018-09-24,138.45,139.75,131.15,134.5,5960439.0,
2018-09-25,133.5,142.4,125.65,138.35,8571550.0,
2018-09-26,140.4,142.5,133.7,136.5,6768299.0,
2018-09-27,136.0,143.05,132.7,142.25,9769528.0,
2018-09-28,142.65,143.4,125.6,130.6,11876058.0,
2018-10-01,127.0,138.6,121.55,137.35,9826192.0,
2018-10-03,137.0,141.5,130.05,134.8,6829117.0,
2018-10-04,129.4,134.3,127.0,132.95,7184987.0,
2018-10-05,131.55,135.75,128.25,130.2,6099515.0,
2018-10-08,129.0,134.85,121.35,133.15,10658358.0,
2018-10-09,136.0,137.7,129.35,135.9,7186017.0,
2018-10-10,136.5,147.85,135.0,143.75,9209149.0,
2018-10-11,138.0,143.4,135.15,138.2,8421556.0,
2018-10-12,140.1,145.4,140.1,143.85,6338784.0,
2018-10-15,147.0,153.75,143.8,152.45,9011923.0,
2018-10-16,152.35,160.0,151.75,157.65,9671300.0,
2018-10-17,160.1,163.65,154.25,161.75,11660585.0,
2018-10-19,158.5,170.7,158.5,168.75,11861481.0,
2018-10-22,171.1,176.7,164.4,168.5,13950566.0,
2018-10-23,169.0,171.85,166.0,169.55,8339433.0,
2018-10-24,171.0,172.25,165.1,167.55,5451065.0,
2018-10-25,166.75,174.4,161.5,172.1,7460591.0,
2018-10-26,174.0,174.75,165.3,166.75,6982991.0,
2018-10-29,168.65,172.6,165.05,171.75,5332500.0,
2018-10-30,172.5,174.0,168.1,169.05,3885243.0,
2018-10-31,167.0,173.8,164.7,170.0,10254679.0,
2018-11-01,171.05,178.1,168.85,175.0,8041754.0,
2018-11-02,176.6,179.5,173.8,175.6,6839045.0,
2018-11-05,176.1,176.75,155.8,168.5,12668556.0,
2018-11-06,168.25,169.0,162.0,164.45,5834504.0,
2018-11-07,165.0,169.0,164.7,165.75,1138303.0,
2018-11-09,165.5,167.8,163.95,166.3,4079435.0,
2018-11-12,166.0,167.9,158.15,160.25,4332207.0,
2018-11-13,160.25,163.0,158.75,162.15,3641712.0,
2018-11-14,163.3,163.75,158.25,160.85,3263131.0,
2018-11-15,161.75,166.25,160.0,162.85,5297431.0,
2018-11-16,163.0,163.85,157.5,161.45,3885301.0,
2018-11-19,162.4,164.4,159.55,162.1,3424402.0,
2018-11-20,161.65,163.65,156.95,160.15,4293856.0,
2018-11-21,161.6,162.0,158.5,161.0,4209404.0,
2018-11-22,161.9,161.95,157.55,158.5,2405010.0,
2018-11-26,158.5,159.9,155.65,157.35,2428238.0,
2018-11-27,157.35,161.0,154.25,159.15,3925863.0,
2018-11-28,159.15,159.6,156.3,158.0,3156482.0,
2018-11-29,159.35,175.55,158.7,169.9,13648898.0,
2018-11-30,168.5,174.8,163.5,165.0,9405499.0,
2018-12-03,166.05,168.5,163.5,166.7,3213684.0,
2018-12-04,165.95,166.5,160.0,162.75,3797368.0,
2018-12-05,161.05,164.95,155.75,157.4,8601249.0,
2018-12-06,155.8,156.0,149.75,150.55,5714514.0,
2018-12-07,151.8,154.35,150.0,152.9,7411261.0,
2018-12-10,146.85,147.0,141.0,143.15,7484723.0,
2018-12-11,139.0,155.85,134.5,151.9,9251826.0,
2018-12-12,152.8,157.0,151.05,156.1,4377945.0,
2018-12-13,156.0,158.6,154.0,156.0,3499313.0,
2018-12-14,156.0,157.9,154.1,157.1,3389589.0,
2018-12-17,157.1,158.9,156.35,157.95,1595605.0,
2018-12-18,157.7,159.75,156.2,158.05,1689582.0,
2018-12-19,160.0,162.7,158.5,160.2,2312343.0,
2018-12-20,159.4,162.5,158.4,159.25,2539589.0,
2018-12-21,159.8,161.5,152.0,159.35,5335334.0,
2018-12-24,159.4,160.9,156.5,158.55,3130614.0,
2018-12-26,156.85,164.1,155.1,161.25,4065516.0,
2018-12-27,162.25,167.8,159.85,162.35,10882426.0,
2018-12-28,161.95,164.3,159.8,161.55,3905985.0,
2018-12-31,162.85,164.2,160.2,161.0,3890636.0,
2019-01-01,160.9,162.35,155.45,157.25,4726656.0,
2019-01-02,157.0,157.85,152.5,154.85,2735262.0,
2019-01-03,154.9,156.1,150.3,152.5,2758876.0,
2019-01-04,152.1,154.0,150.0,152.55,2777308.0,
2019-01-07,152.9,154.45,150.25,151.25,2714218.0,
2019-01-08,150.5,154.3,149.65,153.45,2791866.0,
2019-01-09,153.6,154.45,147.6,149.35,4054809.0,
2019-01-10,151.0,151.8,148.5,151.1,3534546.0,
2019-01-11,151.1,152.6,149.1,151.5,2254999.0,
2019-01-14,151.0,151.15,147.0,148.35,2624582.0,
2019-01-15,148.5,149.95,147.25,148.65,1805678.0,
2019-01-16,148.2,150.7,148.0,148.45,1574176.0,
2019-01-17,148.4,151.25,146.35,149.0,2618859.0,
2019-01-18,149.7,149.8,144.55,146.75,2306520.0,
2019-01-21,146.5,148.0,144.25,145.95,1763205.0,
2019-01-22,145.4,146.65,141.7,145.7,2261667.0,
2019-01-23,145.5,146.5,142.05,143.0,2322990.0,
2019-01-24,143.0,144.05,141.1,142.55,1678843.0,
2019-01-25,142.85,145.45,136.15,137.35,3297651.0,
2019-01-28,138.0,141.0,118.95,136.4,9404485.0,
2019-01-29,136.45,143.8,133.6,140.8,4301493.0,
2019-01-30,140.9,141.5,136.5,139.9,3102926.0,
2019-01-31,139.5,141.75,135.0,137.15,3498642.0,
2019-02-01,136.95,144.8,134.55,143.0,7091209.0,
2019-02-04,142.9,142.9,121.3,123.1,9832462.0,
2019-02-05,122.0,127.4,119.6,124.25,8484607.0,
2019-02-06,123.85,124.2,114.8,122.9,9905219.0,
2019-02-07,122.2,126.8,119.05,123.95,9826247.0,
2019-02-08,123.0,125.45,115.7,123.75,8059813.0,
2019-02-11,122.95,123.25,115.8,118.2,7048335.0,
2019-02-12,117.2,120.0,115.35,116.95,3698931.0,
2019-02-13,117.0,125.6,115.5,119.55,9784596.0,
2019-02-14,118.45,119.5,116.0,118.1,4962697.0,
2019-02-15,118.15,121.15,116.5,119.8,4509378.0,
2019-02-18,118.3,119.9,116.1,117.5,2569451.0,
2019-02-19,118.4,119.8,116.8,118.25,2644152.0,
2019-02-20,117.95,121.1,116.2,120.05,3739081.0,
2019-02-21,119.8,121.0,117.9,119.4,2698192.0,
2019-02-22,120.25,130.7,119.8,128.05,14695085.0,
2019-02-25,125.0,133.9,123.0,132.0,12769956.0,
2019-02-26,130.0,134.3,128.0,132.1,8879092.0,
2019-02-27,133.8,136.3,129.55,132.25,5875292.0,
2019-02-28,133.5,134.2,128.0,128.85,3960957.0,
2019-03-01,130.35,135.2,128.85,133.85,7738116.0,
2019-03-05,132.5,143.7,132.0,141.8,7598974.0,
2019-03-06,142.75,143.75,138.2,139.25,4856085.0,
2019-03-07,139.0,140.95,135.3,136.9,3496617.0,
2019-03-08,135.75,139.35,135.4,138.2,3681442.0,
2019-03-11,137.85,140.95,137.6,139.05,2550759.0,
2019-03-12,140.5,150.75,140.05,148.4,12543653.0,
2019-03-13,148.4,150.4,145.4,147.35,5700158.0,
2019-03-14,147.4,149.2,143.6,145.55,4052596.0,
2019-03-15,145.8,148.9,140.25,141.85,5981701.0,
2019-03-18,142.4,145.0,140.35,143.9,4934286.0,
2019-03-19,144.45,144.85,140.5,142.0,4320808.0,
2019-03-20,142.0,142.7,138.05,139.45,3242462.0,
2019-03-22,140.7,141.45,137.05,138.25,3147147.0,
2019-03-25,137.0,137.6,133.5,134.35,2977535.0,
2019-03-26,134.9,140.0,133.4,138.3,4180951.0,
2019-03-27,138.55,140.95,136.25,137.5,2778662.0,
2019-03-28,138.45,143.15,136.3,137.8,3966292.0,
2019-03-29,139.6,150.2,139.3,146.75,13910654.0,
2019-04-01,147.45,153.2,145.1,151.45,7938713.0,
2019-04-02,151.7,153.3,148.35,151.65,6228254.0,
2019-04-03,150.3,152.65,146.6,147.55,3416023.0,
2019-04-04,147.95,150.3,145.45,147.5,3963980.0,
2019-04-05,148.0,149.2,146.2,146.9,2004719.0,
2019-04-08,147.5,148.65,141.1,141.95,4399839.0,
2019-04-09,142.3,147.0,137.45,146.0,8432342.0,
2019-04-10,145.75,147.4,142.05,142.85,4356153.0,
2019-04-11,142.75,143.15,138.6,141.0,3535449.0,
2019-04-12,140.8,144.45,139.2,141.4,5769634.0,
2019-04-15,141.0,145.15,140.55,142.95,4375074.0,
2019-04-16,142.2,145.35,142.2,143.05,3648947.0,
2019-04-18,143.1,144.45,137.65,138.6,3954004.0,
2019-04-22,138.0,138.65,134.35,135.15,3189574.0,
2019-04-23,135.4,136.3,131.55,132.5,4084835.0,
2019-04-24,132.75,137.1,132.1,136.15,4329268.0,
2019-04-25,135.1,137.0,133.85,134.75,2112063.0,
2019-04-26,135.0,135.65,130.25,131.4,4350584.0,
2019-04-30,131.8,131.8,125.0,127.05,4006829.0,
2019-05-02,126.0,130.0,124.8,126.65,3754433.0,
2019-05-03,124.0,129.0,123.0,128.3,6222801.0,
2019-05-06,125.75,127.4,125.05,125.6,1996014.0,
2019-05-07,126.4,127.0,120.05,122.35,4593214.0,
2019-05-08,121.8,123.65,120.4,120.9,2661345.0,
2019-05-09,121.9,122.2,119.15,120.1,2907774.0,
2019-05-10,121.0,122.3,119.25,120.0,2835247.0,
2019-05-13,120.7,120.9,116.65,117.6,2124122.0,
2019-05-14,116.35,124.55,115.0,123.35,4548264.0,
2019-05-15,124.2,124.95,116.1,117.4,3659017.0,
2019-05-16,118.1,119.5,113.0,118.8,5368281.0,
2019-05-17,117.75,120.55,116.1,119.3,4631007.0,
2019-05-20,131.2,154.9,128.1,151.95,37670288.0,
2019-05-21,154.7,158.95,148.45,154.65,39732349.0,
2019-05-22,155.05,158.8,152.8,157.95,13565092.0,
2019-05-23,169.5,180.8,157.7,161.05,61334483.0,
2019-05-24,162.35,163.75,151.85,156.4,19435041.0,
2019-05-27,159.1,160.7,155.15,157.2,9664810.0,
2019-05-28,157.1,160.35,156.05,157.65,5456461.0,
2019-05-29,157.95,158.4,151.75,155.15,12993604.0,
2019-05-30,158.1,159.4,155.1,158.1,6740283.0,
2019-05-31,158.5,159.3,149.1,154.75,7553254.0,
2019-06-03,154.0,161.9,151.65,159.05,7975636.0,
2019-06-04,158.15,159.3,154.5,157.6,5502910.0,
2019-06-06,156.9,157.8,151.2,153.15,3832155.0,
2019-06-07,152.95,153.55,146.8,151.35,5016442.0,
2019-06-10,152.0,155.5,147.0,149.95,3967379.0,
2019-06-11,149.5,154.25,148.35,153.6,3413094.0,
2019-06-12,154.0,159.35,150.55,153.2,7477081.0,
2019-06-13,153.2,158.85,149.0,153.1,7968656.0,
2019-06-14,156.0,156.0,151.55,152.45,6589668.0,
2019-06-17,153.0,153.95,147.25,147.9,3470303.0,
2019-06-18,147.35,148.85,144.0,147.95,5764444.0,
2019-06-19,148.45,149.75,140.6,142.8,4744374.0,
2019-06-20,142.3,149.7,140.35,148.45,4477064.0,
2019-06-21,147.0,152.0,145.95,146.8,4673136.0,
2019-06-24,145.9,148.8,144.6,147.75,3240654.0,
2019-06-25,146.5,151.95,144.85,150.85,4920288.0,
2019-06-26,150.0,155.3,148.5,153.8,4779891.0,
2019-06-27,152.3,154.95,151.5,152.85,2858423.0,
2019-06-28,152.5,156.3,149.8,150.5,4642404.0,
2019-07-01,150.65,155.6,148.05,154.1,6182608.0,
2019-07-02,154.9,158.2,151.4,154.7,11741576.0,
2019-07-03,156.4,157.6,154.2,155.6,5661251.0,
2019-07-04,160.1,161.8,154.3,156.1,15687573.0,
2019-07-05,156.3,156.85,145.85,147.3,6607087.0,
2019-07-08,143.25,146.25,137.55,138.9,5896584.0,
2019-07-09,138.05,143.2,135.75,141.15,7317997.0,
2019-07-10,142.0,142.5,137.25,139.35,5548654.0,
2019-07-11,140.5,141.85,137.5,141.0,5098558.0,
2019-07-12,141.0,143.45,137.8,140.3,6678610.0,
2019-07-15,141.0,141.7,136.1,137.95,4491271.0,
2019-07-16,137.9,140.95,136.6,140.15,4954078.0,
2019-07-17,140.2,141.0,137.0,138.05,3984405.0,
2019-07-18,137.7,137.95,133.35,134.2,4247055.0,
2019-07-19,134.25,135.2,130.3,131.4,4256095.0,
2019-07-22,130.75,134.2,128.7,131.65,5467444.0,
2019-07-23,131.45,135.95,130.75,134.05,5753483.0,
2019-07-24,133.45,134.0,127.85,129.8,5403438.0,
2019-07-25,130.5,131.3,127.75,129.4,3977652.0,
2019-07-26,129.4,134.2,128.4,131.85,3632048.0,
2019-07-29,131.0,131.85,127.1,129.45,4349871.0,
2019-07-30,128.0,131.0,123.85,125.35,4167043.0,
2019-07-31,125.0,129.3,124.2,128.8,3665392.0,
2019-08-01,128.6,129.1,123.0,125.45,4462938.0,
2019-08-02,124.9,129.75,123.3,128.1,4637509.0,
2019-08-05,126.2,126.4,121.15,124.7,5259236.0,
2019-08-06,124.0,129.45,124.0,128.2,3899290.0,
2019-08-07,128.2,130.15,124.6,125.6,3911797.0,
2019-08-08,126.2,134.0,124.05,130.9,7070036.0,
2019-08-09,134.7,135.9,130.1,132.4,8589075.0,
2019-08-13,133.0,133.9,128.6,130.3,4226112.0,
2019-08-14,130.9,132.45,127.35,130.65,4761139.0,
2019-08-16,130.0,133.95,128.15,132.85,4087073.0,
2019-08-19,132.8,136.95,132.3,135.5,4261741.0,
2019-08-20,135.7,136.8,132.05,135.65,4515865.0,
2019-08-21,134.0,135.3,130.25,131.9,3426518.0,
2019-08-22,130.95,131.3,126.1,126.9,3358838.0,
2019-08-23,123.4,132.2,122.9,131.3,4374006.0,9.69
2019-09-30,152.3,154.95,151.5,152.85,2858423.0,10.89
2019-10-01,146.1,147.7,140.5,143.65,3732047.0,11.54
2019-10-02,146.1,147.7,140.5,143.65,3732047.0,11.54
2019-10-03,143.0,145.0,141.4,143.55,2070232.0,8.13
2019-10-04,143.95,144.5,137.55,140.0,2382805.0,18.38
2019-10-07,138.45,140.0,135.25,135.8,2701943.0,14.03
2019-10-08,138.45,140.0,135.25,135.8,2701943.0,14.03
2019-10-09,134.95,139.65,134.1,139.0,2682715.0,10.96
2019-10-10,138.0,139.1,135.3,137.4,2413888.0,8.92
2019-10-11,137.45,138.8,134.6,136.95,2780875.0,12.7
2019-10-14,137.9,152.4,137.0,147.1,10795909.0,12.22
2019-10-15,147.7,155.85,146.6,155.0,11048872.0,7.6
2019-10-16,155.0,160.9,155.0,160.15,9587304.0,7.79
2019-10-17,159.8,165.0,157.65,162.55,6523046.0,15.22
2019-10-18,174.9,175.8,165.1,175.1,14162661.0,10.42
2019-10-21,174.9,175.8,165.1,175.1,14162661.0,10.42
2019-10-22,174.5,180.0,173.4,178.65,7909839.0,17.93
2019-10-23,178.75,178.75,172.4,176.45,4743985.0,10.37
2019-10-24,175.0,180.0,174.3,179.0,4753708.0,12.53
2019-10-25,179.5,183.7,177.2,181.3,7857185.0,13.24
2019-10-28,182.9,184.25,182.0,183.4,1003414.0,29.63
2019-10-29,182.8,197.0,182.35,195.55,9534790.0,11.41
2019-10-30,194.35,197.45,192.3,195.75,4791525.0,15.99
2019-10-31,196.7,201.3,196.0,199.65,6584768.0,19.69
2019-11-01,199.0,202.4,196.2,200.45,3522957.0,9.56
2019-11-04,200.95,203.9,198.25,200.9,3965499.0,12.53
2019-11-05,200.0,201.5,197.7,200.55,2326138.0,9.7
2019-11-06,199.0,209.7,198.6,207.55,6220311.0,7.23
2019-11-07,207.9,210.4,205.5,209.15,3959490.0,8.16
2019-11-08,208.7,212.0,206.2,208.05,4057743.0,11.49
2019-11-11,206.95,212.25,206.05,210.85,2907157.0,11.37
2019-11-12,206.95,212.25,206.05,210.85,2907157.0,11.37
2019-11-13,209.0,210.75,194.3,198.2,9836594.0,11.18
2019-11-14,196.25,203.15,194.05,202.3,4141184.0,8.5
2019-11-15,202.0,205.0,200.8,203.6,3314555.0,13.89
2019-11-18,203.8,205.6,200.1,201.15,2041767.0,13.84
2019-11-19,202.0,202.6,196.25,199.7,2954848.0,8.99
2019-11-20,198.5,207.45,198.1,205.7,3488019.0,11.51
2019-11-21,206.9,209.0,201.95,205.5,4409698.0,10.7
2019-11-22,204.75,206.3,200.1,203.45,2545651.0,18.79
2019-11-25,201.9,216.25,201.6,215.2,6805228.0,10.45
2019-11-26,214.75,217.7,207.15,210.6,5247790.0,12.27
2019-11-27,209.9,215.2,208.5,213.55,4051404.0,12.42
2019-11-28,212.8,216.2,210.5,213.1,4234343.0,11.77
2019-11-29,212.4,221.5,211.7,214.9,7969827.0,9.74
2019-12-02,212.0,213.7,206.05,209.0,3169460.0,11.25
2019-12-03,208.0,209.95,203.55,207.85,2382612.0,12.61
2019-12-04,205.8,213.5,205.3,212.45,2917279.0,13.49
2019-12-05,213.0,213.7,207.35,208.4,2309030.0,15.22
2019-12-06,208.45,210.05,205.05,206.5,1958477.0,12.87
2019-12-09,205.9,209.7,202.4,207.45,2550809.0,8.52
2019-12-10,207.45,208.2,203.3,204.2,2139886.0,9.62
2019-12-11,203.1,207.8,202.65,206.15,2155584.0,10.34
2019-12-12,206.9,212.35,206.6,210.4,2958155.0,16.82
2019-12-13,210.5,213.25,208.5,212.2,2867800.0,14.61
2019-12-16,212.1,213.25,209.4,210.5,2184582.0,15.61
2019-12-17,210.5,213.2,210.0,211.2,1968218.0,20.63
2019-12-18,211.8,212.45,205.6,208.15,2542320.0,17.75
2019-12-19,207.65,211.0,206.75,210.55,2180662.0,17.14
2019-12-20,210.0,220.8,209.5,218.8,6997898.0,13.62
2019-12-23,217.75,220.8,212.4,214.55,3709426.0,15.86
2019-12-24,214.55,216.95,207.6,209.15,2984621.0,21.55
2019-12-25,214.55,216.95,207.6,209.15,2984621.0,21.55
2019-12-26,208.95,211.1,205.6,208.95,3299177.0,14.51
2019-12-27,209.05,211.2,207.1,209.1,2240503.0,19.47
2019-12-30,209.9,211.6,208.0,208.65,1938731.0,13.66
2019-12-31,208.7,210.75,207.65,208.35,1600059.0,18.69
2020-01-01,209.0,210.45,206.65,207.85,1553127.0,15.39
2020-01-02,208.0,213.2,207.5,211.2,2991937.0,16.63
2020-01-03,210.25,212.35,205.8,208.3,2512421.0,19.79
2020-01-06,207.75,207.75,197.75,199.55,4353179.0,16.43
2020-01-07,200.55,205.7,200.55,204.05,2966120.0,14.2
2020-01-08,201.0,203.55,194.55,201.5,5762654.0,7.32
2020-01-09,201.9,208.9,201.9,208.0,3496063.0,17.91
2020-01-10,208.0,213.0,205.9,209.1,2769132.0,16.59
2020-01-13,210.65,216.25,209.6,213.6,3527267.0,10.82
2020-01-14,213.45,215.5,211.85,214.35,1775182.0,13.38
2020-01-15,214.5,218.0,212.5,216.6,1982079.0,18.67
2020-01-16,217.7,222.5,217.0,220.0,4280379.0,9.45
2020-01-17,216.0,229.25,213.7,228.4,10810744.0,28.88
2020-01-20,229.55,232.25,224.15,226.55,4546367.0,7.91
2020-01-21,224.35,227.0,220.5,224.25,2813526.0,7.55
2020-01-22,224.8,228.0,221.15,225.9,2939366.0,9.96
2020-01-23,226.0,231.2,225.75,229.6,2650092.0,10.51
2020-01-24,225.5,232.4,219.0,229.75,7154795.0,8.27
2020-01-27,229.5,236.45,226.05,230.55,5293975.0,9.57
2020-01-28,232.25,234.5,229.1,229.9,2161711.0,9.05
2020-01-29,231.7,238.35,231.0,232.3,3738186.0,9.86
2020-01-30,232.3,232.75,228.2,231.5,2192123.0,14.52
2020-01-31,231.0,234.55,227.15,229.45,2720308.0,8.07
2020-02-03,221.7,224.65,215.6,220.9,2720614.0,6.49
2020-02-04,222.65,227.15,222.05,225.45,2028088.0,14.31
2020-02-05,226.75,239.3,222.55,236.25,8985919.0,7.33
2020-02-06,237.4,243.6,234.1,236.5,8852675.0,12.82
2020-02-07,236.4,242.15,235.25,239.5,5052443.0,18.3
2020-02-10,239.5,245.15,237.55,244.5,5588211.0,23.9
2020-02-11,245.2,248.6,243.65,245.3,3533751.0,13.96
2020-02-12,245.9,251.4,245.0,249.7,4490312.0,20.47
2020-02-13,249.8,252.75,248.25,251.45,2563148.0,19.33
2020-02-14,252.5,258.6,251.55,256.15,4968325.0,21.14
2020-02-17,256.9,257.4,251.65,252.5,2411524.0,10.32
2020-02-18,251.65,251.65,245.25,249.45,2430446.0,11.33
2020-02-19,250.0,255.5,249.9,254.0,2101729.0,10.45
2020-02-20,253.2,261.0,252.65,258.65,3108173.0,16.14
2020-02-21,253.2,261.0,252.65,258.65,3108173.0,16.14
2020-02-24,254.8,255.85,244.1,247.25,3309214.0,17.29
2020-02-25,249.8,251.75,242.4,246.45,3309962.0,9.92
2020-02-26,244.0,246.3,241.0,242.8,2897390.0,12.93
2020-02-27,241.45,241.45,232.05,234.15,3568055.0,10.53
2020-02-28,221.0,226.8,217.0,218.65,3364181.0,14.54
2020-03-02,223.0,226.7,216.15,218.6,3162614.0,16.72
2020-03-03,221.0,228.65,219.25,225.75,2992170.0,23.43
2020-03-04,226.1,227.0,213.55,221.1,5216787.0,12.83
2020-03-05,223.75,226.85,219.35,221.75,3159080.0,11.78
2020-03-06,215.1,216.75,207.5,214.75,4375226.0,7.45
2020-03-09,207.0,208.5,197.25,199.7,2763989.0,14.23
2020-03-10,207.0,208.5,197.25,199.7,2763989.0,14.23
2020-03-11,197.4,205.0,192.25,195.75,3763191.0,8.95
2020-03-12,180.1,183.9,160.45,162.15,4834390.0,12.22
2020-03-13,145.95,161.35,129.75,148.75,7463676.0,15.18
2020-03-16,141.0,142.3,128.65,134.7,6582849.0,19.48
2020-03-17,135.7,142.55,130.5,133.4,6388062.0,25.05
2020-03-18,135.9,137.0,127.1,130.2,4255688.0,24.51
2020-03-19,121.0,132.95,118.2,128.9,5517080.0,18.62
2020-03-20,138.0,141.6,128.7,137.7,4496401.0,15.1
2020-03-23,123.05,135.0,118.2,120.9,1456143.0,25.25
2020-03-24,125.0,132.95,116.4,130.35,5125923.0,62.62
2020-03-25,126.0,134.9,125.0,132.3,2771318.0,35.12
2020-03-26,135.0,152.0,132.05,140.25,7980255.0,48.25
2020-03-27,146.0,151.0,126.25,128.0,4378366.0,24.29
2020-03-30,124.0,129.8,121.0,128.7,2397602.0,17.7
2020-03-31,131.7,138.45,129.45,137.6,2200227.0,17.81
2020-04-01,138.95,138.95,131.8,133.95,1997608.0,15.56
2020-04-02,138.95,138.95,131.8,133.95,1997608.0,15.56
2020-04-03,134.0,134.6,128.0,129.05,1761947.0,17.8
2020-04-06,134.0,134.6,128.0,129.05,1761947.0,17.8
2020-04-07,131.0,141.5,131.0,138.15,2463525.0,16.6
2020-04-08,136.85,147.15,134.9,138.1,3237290.0,7.89
2020-04-09,140.0,146.25,140.0,142.45,2359528.0,14.2
2020-04-10,140.0,146.25,140.0,142.45,2359528.0,14.2
2020-04-13,142.0,149.0,136.55,146.0,2204560.0,20.62
2020-04-15,148.05,150.95,143.2,145.25,3413518.0,21.46
2020-04-16,142.0,144.85,140.55,143.3,2685695.0,23.02
2020-04-17,146.95,148.55,141.55,143.9,2384033.0,26.2
2020-04-20,146.0,155.45,142.6,146.7,6835268.0,18.95
2020-04-21,143.0,143.0,134.15,135.95,3576178.0,21.81
2020-04-22,136.0,138.8,132.1,137.6,6012163.0,5.9
2020-04-23,140.5,142.5,137.5,140.5,3371275.0,14.18
2020-04-24,137.15,140.55,134.1,134.65,1823167.0,29.33
2020-04-27,136.4,138.35,134.1,134.6,2996933.0,17.89
2020-04-28,135.95,141.9,135.05,139.3,5721209.0,19.06
2020-04-29,140.0,140.7,135.65,139.5,4774365.0,19.27
2020-04-30,141.45,147.45,140.3,141.4,4900322.0,18.48
2020-05-01,141.45,147.45,140.3,141.4,4900322.0,18.48
2020-05-04,136.9,137.5,130.0,131.55,6013356.0,27.77
2020-05-05,135.0,136.35,131.8,132.7,3112486.0,26.5
2020-05-06,133.65,135.4,127.3,133.25,6688490.0,7.07
2020-05-07,131.1,135.65,130.0,134.9,2423478.0,30.51
2020-05-08,136.9,139.35,136.2,137.15,2431475.0,24.23
2020-05-11,137.85,143.3,137.5,140.05,2900722.0,31.9
2020-05-12,138.5,140.7,133.2,139.9,2901951.0,22.62
2020-05-13,145.0,145.0,140.75,141.15,3115040.0,43.19
2020-05-14,139.55,142.35,137.4,140.9,1587450.0,30.03
2020-05-15,141.4,143.7,140.0,141.05,2145698.0,29.41
2020-05-18,144.8,146.4,134.35,135.9,4941536.0,12.38
2020-05-19,137.8,145.9,134.45,139.7,5564396.0,16.21
2020-05-20,139.5,143.2,138.0,141.35,2872608.0,9.59
2020-05-21,142.2,144.0,137.05,138.3,2682563.0,30.0
2020-05-22,138.0,141.2,136.6,138.1,2449109.0,24.32
2020-05-25,138.0,141.2,136.6,138.1,2449109.0,24.32
2020-05-26,139.0,143.3,138.35,139.5,2657870.0,29.23
2020-05-27,139.75,141.6,138.5,141.0,2224751.0,24.88
2020-05-28,141.7,144.4,140.6,142.65,2816729.0,23.02
2020-05-29,141.1,153.6,141.1,148.35,9162612.0,20.18
2020-06-01,150.0,154.9,149.5,150.5,3985103.0,19.91
2020-06-02,151.0,152.6,148.25,149.95,2482873.0,23.24
2020-06-03,151.75,157.9,149.6,150.65,5875945.0,14.86
2020-06-04,150.5,153.9,146.15,148.0,3146640.0,15.03
2020-06-05,148.9,155.0,148.45,152.45,4111098.0,24.15
2020-06-08,155.6,158.5,150.65,152.65,4900204.0,16.12
2020-06-09,154.2,156.7,151.05,151.9,3005662.0,15.06
2020-06-10,152.75,154.75,150.25,151.85,4135128.0,12.19
2020-06-11,151.85,165.45,150.25,151.8,16533100.0,15.83
2020-06-12,144.0,153.3,141.0,152.3,4817495.0,18.48
2020-06-15,151.8,156.85,148.25,149.25,3214996.0,23.22
2020-06-16,153.5,154.0,142.75,146.2,2640412.0,24.24
2020-06-17,145.0,148.45,143.45,147.15,1252826.0,16.97
2020-06-18,146.7,149.45,146.0,147.85,2037815.0,32.05
2020-06-19,149.6,154.4,148.9,152.7,5245929.0,45.51
2020-06-22,154.5,156.2,153.6,154.65,4663344.0,59.99
2020-06-23,157.0,161.8,155.55,157.2,4790124.0,24.91
2020-06-24,159.1,163.0,153.5,154.8,4078243.0,21.03
2020-06-25,153.25,169.2,153.0,161.65,14628400.0,14.8
2020-06-26,164.0,166.35,161.3,162.15,6774409.0,11.02
2020-06-29,161.4,163.55,156.75,159.75,2937549.0,16.47
2020-06-30,161.4,164.15,155.25,156.25,3827270.0,30.35
2020-07-01,157.15,159.0,156.05,157.65,1681231.0,14.55
2020-07-02,159.8,160.95,156.15,158.2,2152710.0,20.11
2020-07-03,160.0,163.85,157.4,160.0,4481658.0,14.89
2020-07-06,161.95,165.2,160.5,164.2,3515715.0,28.15
2020-07-07,164.5,170.65,163.3,168.15,8172263.0,17.08
2020-07-08,168.0,169.5,161.4,163.0,3650215.0,16.88
2020-07-09,163.0,165.1,161.45,162.75,1711099.0,19.78
2020-07-10,161.5,163.4,158.5,159.7,1950862.0,18.74
2020-07-13,161.45,162.45,154.35,156.05,2586181.0,19.46
2020-07-14,155.9,156.25,149.0,149.75,2352037.0,25.5
2020-07-15,150.1,153.85,147.0,147.75,2180515.0,17.58
2020-07-16,148.1,150.0,145.2,148.9,1473784.0,17.15
2020-07-17,149.75,153.9,149.0,151.6,2222846.0,14.03
2020-07-20,153.15,161.9,152.1,160.7,6330153.0,16.99
2020-07-21,161.45,168.1,159.1,167.3,6517623.0,37.77
2020-07-22,167.0,172.0,162.0,169.4,4611051.0,28.74
2020-07-23,168.35,170.7,165.4,169.95,2199271.0,29.72
2020-07-24,167.4,169.75,163.65,168.75,1801380.0,25.55
2020-07-27,168.65,169.05,163.0,165.95,1156539.0,26.43
2020-07-28,166.3,174.9,163.8,173.55,4829254.0,17.52
2020-07-29,174.0,190.85,172.05,179.1,15392611.0,9.69
2020-07-30,179.2,181.35,173.25,175.05,3403350.0,12.48
2020-07-31,174.0,178.65,172.1,175.25,2644458.0,15.92
2020-08-03,175.25,178.7,171.2,172.25,2789132.0,12.63
2020-08-04,174.0,184.0,172.2,182.1,4209093.0,11.98
2020-08-05,183.0,184.8,178.5,179.6,4042372.0,10.93
2020-08-06,180.1,188.0,177.5,185.95,6447346.0,18.7
2020-08-07,181.05,195.0,180.1,192.9,9386326.0,8.66
2020-08-10,192.9,198.3,192.35,195.7,4627829.0,29.35
2020-08-11,196.0,199.8,194.4,195.85,2965963.0,18.9
2020-08-12,195.8,200.75,190.2,197.7,3352637.0,17.04
2020-08-13,198.9,203.3,197.75,200.75,3552469.0,14.33
2020-08-14,202.4,204.5,191.45,196.2,6617104.0,8.86
2020-08-17,197.4,201.65,196.05,197.8,3227005.0,7.65
2020-08-18,200.0,216.8,199.0,213.7,13368091.0,13.57
2020-08-19,214.25,245.4,214.25,239.55,19592087.0,12.93
2020-08-20,241.2,245.0,230.4,234.0,9484513.0,13.31
2020-08-21,237.1,244.5,231.1,233.35,5797329.0,14.75
2020-08-24,236.0,253.85,235.0,248.7,11879433.0,13.9
2020-08-25,252.0,322.4,250.0,307.55,49264767.0,6.52
2020-08-26,299.0,302.8,278.25,285.55,26720036.0,8.23
2020-08-27,284.9,297.7,283.7,286.7,15749472.0,8.47
2020-08-28,289.0,295.65,286.5,288.25,7256286.0,11.57
2020-08-31,290.0,297.6,270.25,279.55,15172397.0,9.58
2020-09-01,279.95,287.05,271.55,281.1,5169526.0,10.25
2020-09-02,283.0,306.0,280.4,293.05,17406700.0,7.24
2020-09-03,294.75,298.7,287.65,291.25,9061932.0,7.35
2020-09-04,284.0,293.45,280.1,285.15,6720255.0,7.78
2020-09-07,285.15,291.7,282.05,285.25,5812023.0,7.32
2020-09-08,286.0,289.8,273.55,277.7,5660442.0,10.52
2020-09-09,276.9,286.9,274.4,283.05,6661093.0,13.72
2020-09-10,287.65,307.95,285.9,298.3,25430550.0,5.77
2020-09-11,299.0,303.65,292.1,296.0,9743753.0,11.7
2020-09-14,301.8,304.0,290.15,293.15,6120187.0,21.49
2020-09-15,294.9,298.7,270.0,288.55,2552782.0,18.35
2020-09-16,292.7,302.85,290.1,297.1,6159258.0,18.62
2020-09-17,295.0,300.8,292.15,293.7,2466000.0,19.49
2020-09-18,297.6,299.7,287.3,291.55,2744797.0,17.92
2020-09-21,293.0,296.25,265.0,277.1,6460064.0,38.15
2020-09-22,278.25,283.0,257.5,280.4,12536116.0,7.92
2020-09-23,283.95,296.25,278.45,283.55,8864858.0,6.52
2020-09-24,277.95,281.25,269.5,270.45,3690059.0,15.16
2020-09-25,275.9,283.6,275.0,280.3,7663618.0,15.49
2020-09-28,283.1,302.05,282.1,295.7,5876021.0,22.6
2020-09-29,299.9,307.0,292.15,297.9,10246726.0,7.59
2020-09-30,300.0,304.7,295.1,297.1,5618024.0,9.96
2020-10-01,299.8,311.95,296.0,308.15,6914505.0,17.39
2020-10-02,299.8,311.95,296.0,308.15,6914505.0,17.39
2020-10-05,311.5,334.5,307.35,326.6,20009598.0,7.52
2020-10-06,329.4,331.15,320.3,327.15,7705557.0,8.39
2020-10-07,325.15,335.6,323.25,330.1,8234015.0,8.4
2020-10-08,329.0,329.8,310.5,316.25,4125999.0,22.32
2020-10-09,318.8,322.05,310.5,313.0,2468904.0,13.87
2020-10-12,315.0,322.7,313.0,315.35,2556329.0,23.91
2020-10-13,315.5,316.8,309.75,313.2,1454129.0,26.59
2020-10-14,312.95,315.7,310.05,313.4,1517710.0,21.91
2020-10-15,315.0,325.85,305.35,307.1,4960733.0,13.88
2020-10-16,309.25,313.95,305.35,307.0,1871538.0,16.09
2020-10-19,309.9,319.25,309.35,316.95,3330111.0,20.48
2020-10-20,315.3,327.85,313.5,321.9,7199010.0,10.46
2020-10-21,322.0,324.7,306.0,312.0,4998996.0,12.01
2020-10-22,311.0,314.8,309.0,311.5,2381193.0,10.44
2020-10-23,314.0,322.45,313.3,315.45,4159352.0,7.64
2020-10-26,318.0,318.7,305.05,307.4,4397443.0,14.4
2020-10-27,308.0,315.35,303.0,314.05,3550035.0,12.32
2020-10-28,313.8,320.8,309.85,318.85,3098009.0,12.85
2020-10-29,315.4,332.35,313.2,328.9,6897070.0,12.56
2020-10-30,331.05,347.5,329.65,339.7,14205844.0,8.68
2020-11-02,339.1,344.3,333.05,341.1,4272022.0,9.47
2020-11-03,344.0,349.6,340.15,344.8,4078834.0,17.5
2020-11-04,342.6,359.5,337.5,351.85,9701398.0,5.47
2020-11-05,353.0,354.95,345.25,352.75,5361436.0,14.26
2020-11-06,352.0,353.85,345.05,352.1,3863486.0,10.6
2020-11-09,354.0,364.7,351.85,357.9,6278843.0,9.98
2020-11-10,358.1,361.75,353.2,359.5,3590100.0,9.94
2020-11-11,359.2,362.7,354.05,360.1,2869576.0,8.83
2020-11-12,358.2,369.5,358.0,365.55,4199715.0,11.29
2020-11-13,364.0,371.65,362.05,368.6,2786714.0,8.43
2020-11-16,369.8,372.85,369.5,371.25,620753.0,33.33
2020-11-17,372.0,401.95,371.0,394.3,10496968.0,8.78
2020-11-18,393.95,404.7,387.4,394.5,8656493.0,12.85
2020-11-19,390.0,398.5,377.8,385.75,7731483.0,11.03
2020-11-20,385.1,402.0,385.0,388.3,5490838.0,8.11
2020-11-23,390.1,413.7,383.1,409.05,7318547.0,13.13
2020-11-24,409.9,415.5,404.2,407.2,6167783.0,18.09
2020-11-25,408.95,411.5,393.0,399.25,3448648.0,17.13
2020-11-26,402.8,411.55,399.15,401.95,5490958.0,12.0
2020-11-27,401.0,407.85,396.3,398.4,6429153.0,55.08
2020-11-30,401.0,407.85,396.3,398.4,6429153.0,55.08
2020-12-01,398.0,423.95,395.1,421.9,7846125.0,14.6
2020-12-02,420.55,461.9,419.35,453.75,16821595.0,6.67
2020-12-03,453.75,457.0,443.25,447.55,6848649.0,20.12
2020-12-04,449.0,456.55,442.0,445.95,4131360.0,11.74
2020-12-07,446.0,466.35,445.95,457.55,5371039.0,11.44
2020-12-08,457.55,462.3,446.55,451.9,3872952.0,10.52
2020-12-09,454.0,458.1,447.3,449.1,2798049.0,11.83
2020-12-10,448.0,452.25,438.05,447.25,3113868.0,8.65
2020-12-11,447.25,451.8,440.4,449.8,2940168.0,11.14
2020-12-14,451.0,462.0,447.0,455.15,3762369.0,11.56
2020-12-15,455.5,464.05,446.55,462.45,4779869.0,10.64
2020-12-16,462.5,467.55,457.55,463.25,4088505.0,7.98
2020-12-17,463.4,473.95,455.1,459.3,4912523.0,11.28
2020-12-18,461.0,464.2,450.8,455.15,2159692.0,13.23
2020-12-21,454.0,460.75,409.65,429.2,5350194.0,13.83
2020-12-22,428.2,461.55,418.1,458.8,8342699.0,10.6
2020-12-23,458.0,466.8,454.2,463.6,4604130.0,16.87
2020-12-24,465.0,479.85,462.4,473.65,7985151.0,14.25
2020-12-25,465.0,479.85,462.4,473.65,7985151.0,14.25
2020-12-28,473.0,507.0,472.7,490.85,13714406.0,7.43
2020-12-29,492.0,499.15,484.7,489.2,5849496.0,12.14
2020-12-30,489.2,496.0,478.4,484.15,5419517.0,16.4
2020-12-31,481.0,484.0,435.75,479.55,7575962.0,18.85
2021-01-01,477.0,493.25,477.0,491.15,5035248.0,11.95
2021-01-04,492.0,502.6,486.65,494.5,4936582.0,9.89
2021-01-05,492.0,501.4,489.6,494.4,3654033.0,12.12
2021-01-06,496.0,500.65,484.25,490.9,3295461.0,13.41
2021-01-07,493.9,523.95,493.8,518.1,9879731.0,13.39
2021-01-08,523.0,526.6,514.1,518.0,3702267.0,17.26
2021-01-11,520.6,524.6,510.5,519.15,4148831.0,9.52
2021-01-12,519.0,536.6,517.1,525.4,4878024.0,10.76
2021-01-13,529.1,540.2,521.3,536.05,4948731.0,7.2
2021-01-14,534.95,541.0,528.4,532.1,3161306.0,12.44
2021-01-15,534.7,537.5,518.8,527.3,3376852.0,15.71
2021-01-18,528.0,529.1,502.05,507.85,5204588.0,14.58
2021-01-19,512.3,532.0,512.3,530.1,4181185.0,10.11
2021-01-20,532.15,552.15,531.0,546.75,6681731.0,12.85
2021-01-21,551.4,552.95,531.55,536.9,4208383.0,14.97
2021-01-22,534.05,546.75,521.6,526.8,4179558.0,11.93
2021-01-25,530.25,534.4,509.0,513.9,3728411.0,9.37
2021-01-26,530.25,534.4,509.0,513.9,3728411.0,9.37
2021-01-27,513.1,521.55,507.05,512.8,2792007.0,11.76
2021-01-28,507.3,519.5,501.35,511.85,4197516.0,7.25
2021-01-29,515.2,525.2,502.5,506.65,3822560.0,14.84
2021-02-01,510.5,539.5,496.9,537.2,4004036.0,14.47
2021-02-02,542.05,566.9,540.8,564.2,5144708.0,15.24
2021-02-03,568.0,576.6,558.35,566.6,6087209.0,13.77
2021-02-04,561.95,611.7,556.0,589.7,11184167.0,8.5
2021-02-05,595.0,607.85,588.6,595.35,4754950.0,11.55
2021-02-08,605.4,638.0,603.55,628.3,7085276.0,10.15
2021-02-09,631.45,641.9,621.0,629.85,4510798.0,11.92
2021-02-10,633.05,654.9,622.1,650.7,5991927.0,7.28
2021-02-11,654.0,661.0,645.35,658.6,3688016.0,16.97
2021-02-12,657.0,724.45,655.2,718.95,16810897.0,6.56
2021-02-15,725.0,787.95,707.65,763.45,21579566.0,5.43
2021-02-16,760.0,802.95,756.25,780.2,19426061.0,7.79
2021-02-17,787.15,802.0,782.25,785.45,8908279.0,7.1
2021-02-18,787.25,824.5,786.0,808.2,9694238.0,6.48
2021-02-19,813.0,831.0,729.5,781.9,20210882.0,5.68
2021-02-22,786.0,813.0,780.55,805.9,10890564.0,5.67
2021-02-23,814.8,827.3,789.0,799.65,9753081.0,8.16
2021-02-24,806.0,812.05,795.45,805.2,4626257.0,13.44
2021-02-25,814.0,862.4,809.0,843.5,12118095.0,9.82
2021-02-26,833.9,861.0,819.85,833.65,11355426.0,9.54
2021-03-01,840.75,860.95,836.45,851.5,5996840.0,13.31
2021-03-02,857.4,876.5,852.25,872.55,5116413.0,14.66
2021-03-03,880.45,944.9,872.85,915.35,11670544.0,8.68
2021-03-04,910.0,938.7,905.4,918.4,8141787.0,12.12
2021-03-05,918.0,934.0,888.3,909.9,7109101.0,9.23
2021-03-08,918.1,926.4,905.1,910.2,3904469.0,9.9
2021-03-09,918.0,928.4,893.6,905.2,5561849.0,15.85
2021-03-10,911.0,914.1,888.7,898.15,5465016.0,12.89
2021-03-11,911.0,914.1,888.7,898.15,5465016.0,12.89
2021-03-12,905.0,923.8,889.3,894.1,6049852.0,18.07
2021-03-15,898.75,904.0,874.5,896.2,5235064.0,8.27
2021-03-16,900.7,904.4,888.05,897.8,2555026.0,12.63
2021-03-17,898.0,905.4,865.0,873.9,3886557.0,15.76
2021-03-18,876.0,891.0,857.75,871.05,4465851.0,12.81
2021-03-19,866.0,895.4,840.2,889.65,4794995.0,13.47
2021-03-22,892.9,1003.0,883.45,991.05,22596465.0,6.85
2021-03-23,999.0,1086.7,991.05,1058.4,31098225.0,6.83
2021-03-24,1063.0,1093.0,1018.4,1025.45,22877032.0,7.73
2021-03-25,1032.95,1041.45,977.0,981.55,13139164.0,9.73
2021-03-26,1000.0,1018.45,978.0,988.3,9396506.0,13.46
2021-03-29,1000.0,1018.45,978.0,988.3,9396506.0,13.46
2021-03-30,1004.0,1042.45,988.0,1031.55,10470731.0,22.81
2021-03-31,1038.0,1053.15,1016.6,1031.15,6440569.0,8.48
2021-04-01,1043.4,1116.05,1035.0,1107.2,12713083.0,9.26
2021-04-02,1043.4,1116.05,1035.0,1107.2,12713083.0,9.26
2021-04-05,1127.0,1150.0,1098.85,1138.25,15795720.0,8.41
2021-04-06,1153.4,1241.0,1142.5,1225.4,21496457.0,6.9
2021-04-07,1233.4,1251.6,1108.0,1165.55,23007694.0,7.95
2021-04-08,1162.5,1191.0,1137.75,1162.5,12404773.0,5.5
2021-04-09,1163.4,1228.0,1151.2,1201.4,12923020.0,6.14
2021-04-12,1177.4,1177.4,1061.4,1074.4,13690016.0,11.39
2021-04-13,1077.0,1116.3,1051.05,1106.35,12137329.0,4.95
2021-04-14,1077.0,1116.3,1051.05,1106.35,12137329.0,4.95
2021-04-15,1095.0,1144.9,1081.35,1129.95,9350889.0,7.7
2021-04-16,1130.0,1192.0,1112.0,1159.0,10661068.0,11.87
2021-04-19,1100.0,1153.0,1089.0,1136.35,8565063.0,13.09
2021-04-20,1156.85,1177.7,1125.05,1142.75,8261172.0,12.1
2021-04-21,1156.85,1177.7,1125.05,1142.75,8261172.0,12.1
2021-04-22,1134.0,1169.0,1123.0,1157.8,7124786.0,16.59
2021-04-23,1161.0,1182.9,1145.65,1157.6,6167151.0,17.39
2021-04-26,1160.0,1197.9,1160.0,1173.35,6939823.0,19.27
2021-04-27,1184.7,1213.5,1181.0,1191.15,7109421.0,20.55
2021-04-28,1207.95,1213.95,1180.75,1185.2,5020151.0,29.81
2021-04-29,1196.55,1212.65,1178.0,1182.3,4070698.0,18.15
2021-04-30,1171.0,1200.95,1143.0,1158.7,4232500.0,35.64
2021-05-03,1145.1,1264.4,1122.65,1255.55,11276228.0,10.5
2021-05-04,1285.0,1298.95,1241.85,1262.5,10271516.0,8.29
2021-05-05,1274.4,1288.25,1240.25,1267.5,7805805.0,6.95
2021-05-06,1272.35,1311.85,1263.0,1286.75,6240535.0,14.3
2021-05-07,1305.0,1322.4,1290.45,1298.9,4584524.0,10.9
2021-05-10,1294.9,1314.0,1286.3,1304.1,3892338.0,25.63
2021-05-11,1292.0,1326.0,1284.0,1303.5,4744734.0,24.1
2021-05-12,1311.0,1328.5,1278.6,1285.8,4143731.0,24.64
2021-05-13,1311.0,1328.5,1278.6,1285.8,4143731.0,24.64
2021-05-14,1300.0,1302.0,1213.35,1220.35,6377643.0,19.97
2021-05-17,1230.0,1299.0,1227.45,1289.1,7782732.0,18.75
2021-05-18,1314.95,1344.95,1302.0,1326.7,6531595.0,32.6
2021-05-19,1350.0,1351.55,1283.9,1294.7,9925284.0,31.47
2021-05-20,1301.3,1320.0,1283.95,1302.0,5837747.0,34.99
2021-05-21,1320.0,1336.0,1300.05,1315.1,8314215.0,32.06
2021-05-24,1321.7,1328.65,1303.0,1306.8,7913411.0,40.55
2021-05-25,1314.35,1322.0,1272.9,1282.75,3697062.0,34.58
2021-05-26,1288.95,1326.85,1254.25,1322.8,5630730.0,14.75
2021-05-27,1329.5,1342.0,1304.25,1325.8,36690935.0,57.54
2021-05-28,1311.6,1330.45,1298.0,1302.6,2979585.0,19.89
2021-05-31,1307.05,1321.5,1292.0,1316.3,2709718.0,23.6
2021-06-01,1319.9,1430.0,1309.05,1416.25,10018645.0,13.06
2021-06-02,1425.55,1557.0,1413.0,1546.75,24541949.0,7.49
2021-06-03,1564.0,1623.8,1553.0,1583.1,19107244.0,5.34
2021-06-04,1605.0,1713.55,1585.8,1700.95,21102075.0,5.91
2021-06-07,1715.0,1717.2,1613.0,1624.3,15350263.0,14.18
2021-06-08,1633.0,1668.0,1602.45,1636.45,12410257.0,9.93
2021-06-09,1640.0,1649.45,1571.85,1594.65,11614666.0,18.69
2021-06-10,1612.0,1630.0,1591.0,1612.0,5362307.0,19.53
2021-06-11,1615.1,1620.1,1575.25,1601.6,5355387.0,22.01
2021-06-14,1441.45,1529.95,1201.2,1501.45,43530006.0,7.34
2021-06-15,1550.95,1572.6,1477.2,1538.85,22320542.0,5.56
2021-06-16,1510.0,1538.2,1409.3,1448.3,12626149.0,10.54
2021-06-17,1380.0,1436.0,1303.5,1367.7,27926070.0,5.98
2021-06-18,1350.0,1504.0,1332.55,1487.5,30526777.0,7.79
2021-06-21,1490.0,1582.0,1444.85,1540.0,21101083.0,4.76
2021-06-22,1554.05,1582.0,1531.8,1541.6,12069983.0,10.14
2021-06-23,1560.1,1569.95,1481.3,1504.75,12679703.0,16.0
2021-06-24,1509.95,1519.0,1488.05,1508.5,7261764.0,12.31
2021-06-25,1525.0,1534.0,1501.0,1519.45,4962963.0,12.34
2021-06-28,1524.9,1565.0,1518.2,1525.75,6178022.0,13.37
2021-06-29,1526.0,1548.7,1513.0,1523.55,5551918.0,10.49
2021-06-30,1539.0,1539.0,1502.7,1507.55,3256147.0,12.39
2021-07-01,1509.55,1522.55,1482.9,1490.25,3759914.0,9.41
2021-07-02,1490.25,1507.7,1411.55,1422.05,6653653.0,9.04
2021-07-05,1427.0,1443.95,1350.6,1394.35,12239845.0,13.54
2021-07-06,1400.9,1444.15,1378.75,1414.8,9485434.0,4.46
2021-07-07,1420.0,1437.1,1385.0,1425.65,5549751.0,5.58
2021-07-08,1420.0,1445.0,1411.8,1425.9,3898830.0,6.57
2021-07-09,1425.9,1456.6,1416.45,1431.35,4502324.0,8.15
2021-07-12,1442.0,1447.0,1414.15,1420.7,2557189.0,6.83
2021-07-13,1433.0,1433.0,1385.2,1417.7,4157955.0,6.96
2021-07-14,1449.0,1449.0,1397.8,1402.05,3859529.0,10.55
2021-07-15,1399.0,1429.0,1393.4,1407.95,2728305.0,9.98
2021-07-16,1409.0,1415.0,1388.25,1395.5,2134914.0,12.77
2021-07-19,1390.0,1412.65,1332.75,1380.6,6190302.0,7.51
2021-07-20,1340.0,1382.9,1336.1,1365.7,4529933.0,8.22
2021-07-21,1340.0,1382.9,1336.1,1365.7,4529933.0,8.22
2021-07-22,1375.0,1424.9,1340.5,1416.75,5009804.0,10.4
2021-07-23,1430.0,1434.85,1386.2,1401.65,4694140.0,7.02
2021-07-26,1399.8,1416.8,1392.0,1403.9,2054318.0,9.29
2021-07-27,1403.9,1424.6,1378.15,1396.75,2978042.0,14.33
2021-07-28,1406.85,1424.8,1378.6,1399.9,3188606.0,8.66
2021-07-29,1413.95,1425.0,1397.0,1400.25,2538248.0,23.09
2021-07-30,1409.5,1449.5,1400.25,1420.25,4403219.0,24.6
2021-08-02,1435.0,1445.0,1424.1,1438.2,2483790.0,28.37
2021-08-03,1467.0,1467.0,1422.2,1442.8,4442122.0,18.68
2021-08-04,1460.0,1460.0,1423.05,1429.55,3341801.0,18.96
2021-08-05,1428.0,1438.0,1407.4,1432.35,2104359.0,22.86
2021-08-06,1422.0,1555.0,1422.0,1536.65,14250256.0,12.87
2021-08-09,1546.7,1565.0,1482.5,1493.4,6031426.0,11.96
2021-08-10,1488.0,1498.65,1426.05,1446.5,3581449.0,8.56
2021-08-11,1455.0,1456.6,1407.0,1437.05,3197412.0,20.88
2021-08-12,1443.6,1458.0,1430.25,1442.9,2455443.0,26.52
2021-08-13,1445.0,1454.0,1428.0,1437.0,2095991.0,32.77
2021-08-16,1431.5,1449.7,1413.55,1430.1,1909352.0,13.54
2021-08-17,1431.0,1451.0,1416.2,1441.65,3062815.0,31.66
2021-08-18,1441.9,1496.8,1432.6,1460.0,4738820.0,18.87
2021-08-19,1441.9,1496.8,1432.6,1460.0,4738820.0,18.87
2021-08-20,1438.0,1482.65,1411.0,1430.1,4933377.0,31.06
2021-08-23,1415.05,1427.75,1361.55,1396.7,4866080.0,14.95
2021-08-24,1407.0,1448.4,1390.0,1437.8,3362312.0,28.68
2021-08-25,1444.25,1481.8,1425.0,1475.35,5361140.0,13.01
2021-08-26,1482.0,1494.65,1460.4,1475.7,4678919.0,15.02
2021-08-27,1475.0,1515.0,1474.1,1506.05,5164477.0,13.93
2021-08-30,1513.75,1527.0,1493.3,1516.55,3149863.0,29.65
2021-08-31,1517.3,1596.85,1512.8,1587.6,7234384.0,27.18
2021-09-01,1594.9,1600.85,1561.5,1565.2,3056760.0,20.12
2021-09-02,1571.0,1594.3,1565.5,1570.55,2171898.0,23.39
2021-09-03,1578.5,1581.4,1551.55,1565.55,1687999.0,20.79
2021-09-06,1572.0,1628.45,1566.05,1582.0,5562312.0,13.35
2021-09-07,1585.1,1592.35,1553.0,1558.1,1651169.0,20.91
2021-09-08,1559.9,1579.0,1538.25,1555.95,2084219.0,16.26
2021-09-09,1561.6,1565.5,1535.05,1545.0,1243149.0,14.31
2021-09-10,1561.6,1565.5,1535.05,1545.0,1243149.0,14.31
2021-09-13,1548.0,1557.0,1525.25,1532.45,1759456.0,32.98
2021-09-14,1539.9,1547.25,1497.05,1513.2,7143757.0,52.8
2021-09-15,1524.0,1545.6,1496.9,1516.8,12834337.0,42.5
2021-09-16,1523.0,1535.0,1499.75,1503.2,7616906.0,53.5
2021-09-17,1503.2,1525.0,1465.75,1480.25,3329954.0,20.63
2021-09-20,1464.9,1488.5,1409.95,1418.85,2273312.0,17.84
2021-09-21,1420.0,1446.95,1381.35,1441.45,2682157.0,14.55
2021-09-22,1435.0,1462.65,1424.35,1437.75,1663858.0,19.79
2021-09-23,1453.0,1480.0,1441.1,1474.35,1622616.0,24.48
2021-09-24,1483.0,1516.0,1455.0,1461.7,2760295.0,9.25
2021-09-27,1462.0,1544.0,1462.0,1531.25,4737676.0,18.88
2021-09-28,1557.0,1557.9,1475.0,1487.3,3547971.0,21.86
2021-09-29,1466.3,1498.0,1464.3,1485.65,1764350.0,9.41
2021-09-30,1484.7,1519.0,1463.35,1468.1,2072145.0,15.16
2021-10-01,1465.0,1468.75,1422.65,1458.7,2311858.0,8.72
2021-10-04,1471.0,1531.0,1460.1,1526.65,3209302.0,25.4
2021-10-05,1515.0,1557.85,1512.35,1527.65,2544835.0,17.06
2021-10-06,1529.8,1541.0,1472.0,1479.55,1777998.0,18.99
2021-10-07,1502.85,1535.75,1490.0,1520.75,1919106.0,23.43
2021-10-08,1522.0,1569.45,1511.45,1547.9,2646112.0,24.79
2021-10-11,1553.0,1563.7,1532.15,1539.75,1910095.0,25.12
2021-10-12,1539.0,1566.9,1514.5,1554.45,1900749.0,26.33
2021-10-13,1568.45,1608.3,1551.3,1569.7,3923958.0,20.04
2021-10-14,1580.0,1656.0,1574.8,1646.35,5256882.0,20.23
2021-10-15,1580.0,1656.0,1574.8,1646.35,5256882.0,20.23
2021-10-18,1672.95,1672.95,1608.55,1615.5,3791222.0,32.71
2021-10-19,1625.2,1637.0,1562.05,1569.45,1822638.0,14.13
2021-10-20,1574.0,1607.35,1539.1,1589.7,2768997.0,25.43
2021-10-21,1601.95,1626.85,1581.7,1595.05,3129269.0,31.05
2021-10-22,1595.05,1608.8,1537.0,1543.0,2580699.0,31.22
2021-10-25,1545.0,1551.4,1494.05,1532.2,2276050.0,28.79
2021-10-26,1532.0,1557.25,1520.9,1543.85,1661783.0,39.44
2021-10-27,1548.0,1581.15,1540.0,1566.55,2121282.0,37.33
2021-10-28,1550.0,1566.9,1367.7,1398.55,7093354.0,22.84
2021-10-29,1400.0,1454.8,1377.75,1423.6,3165141.0,15.53
2021-11-01,1436.0,1457.0,1411.2,1445.3,1543436.0,25.58
2021-11-02,1455.0,1489.0,1452.8,1472.8,1667692.0,23.62
2021-11-03,1474.0,1501.0,1464.45,1485.9,1710819.0,27.74
2021-11-04,1474.0,1501.0,1464.45,1485.9,1710819.0,27.74
2021-11-05,1495.0,1511.5,1483.0,1489.45,272261.0,43.15
2021-11-08,1495.0,1575.15,1485.65,1568.25,2565017.0,39.64
2021-11-09,1555.0,1659.0,1554.95,1635.45,4713708.0,17.97
2021-11-10,1625.55,1686.0,1620.4,1655.85,3728328.0,15.78
2021-11-11,1650.0,1704.0,1640.85,1664.9,4470709.0,21.21
2021-11-12,1678.3,1719.5,1670.1,1705.2,5349189.0,24.23
2021-11-15,1713.75,1764.0,1691.8,1749.55,3997553.0,26.49
2021-11-16,1759.45,1766.55,1706.9,1711.6,2172117.0,19.61
2021-11-17,1714.0,1729.7,1682.5,1706.45,1476385.0,19.43
2021-11-18,1708.0,1714.0,1640.0,1688.75,2255988.0,30.71
2021-11-19,1708.0,1714.0,1640.0,1688.75,2255988.0,30.71
2021-11-22,1691.4,1701.4,1610.05,1675.75,2552170.0,32.27
2021-11-23,1660.15,1720.35,1650.0,1707.95,2472589.0,28.08
2021-11-24,1721.6,1788.9,1712.45,1755.15,4562858.0,15.89
2021-11-25,1762.95,1773.7,1735.55,1763.05,2341862.0,16.79
2021-11-26,1740.0,1768.55,1660.85,1669.55,3510810.0,30.55
2021-11-29,1655.0,1697.0,1609.85,1665.05,2119826.0,23.97
2021-11-30,1668.0,1718.65,1648.15,1662.85,2952368.0,35.72
2021-12-01,1694.0,1705.0,1652.35,1693.3,2476360.0,27.9
2021-12-02,1692.5,1735.0,1687.65,1732.25,2159661.0,34.68
2021-12-03,1734.0,1745.0,1701.1,1708.1,1544077.0,37.8
2021-12-06,1710.0,1727.95,1640.0,1645.6,1574680.0,20.15
2021-12-07,1658.9,1686.7,1654.0,1678.45,1476012.0,23.46
2021-12-08,1679.8,1726.4,1679.05,1715.5,1406394.0,21.42
2021-12-09,1725.0,1739.25,1706.6,1722.25,1306393.0,15.36
2021-12-10,1710.6,1788.0,1710.6,1740.4,2708578.0,10.89
2021-12-13,1755.0,1762.2,1711.1,1719.55,1104594.0,17.07
2021-12-14,1712.0,1727.9,1683.0,1720.1,1198653.0,15.23
2021-12-15,1720.0,1727.0,1687.05,1695.3,866378.0,9.76
2021-12-16,1707.3,1719.85,1687.0,1702.05,751885.0,11.84
2021-12-17,1698.95,1702.0,1640.0,1645.3,1215873.0,22.34
2021-12-20,1629.0,1629.0,1555.2,1589.95,1945211.0,17.13
2021-12-21,1621.1,1645.9,1602.9,1620.5,1563851.0,8.77
2021-12-22,1631.25,1663.45,1627.0,1658.1,993006.0,15.09
2021-12-23,1674.7,1684.2,1658.2,1676.2,979023.0,21.75
2021-12-24,1680.0,1703.95,1658.2,1698.2,1234386.0,12.0
2021-12-27,1694.75,1738.0,1686.05,1730.2,1672655.0,32.01
2021-12-28,1740.0,1760.0,1728.1,1751.0,1552918.0,22.6
2021-12-29,1751.0,1755.0,1709.4,1718.05,1100579.0,34.12
2021-12-30,1714.0,1725.0,1685.0,1696.4,1359574.0,38.69
2021-12-31,1694.95,1725.0,1691.05,1709.45,1310960.0,29.48
2022-01-03,1713.0,1733.0,1711.2,1717.15,1094708.0,34.23
2022-01-04,1725.75,1728.0,1700.0,1719.0,1191189.0,40.29
2022-01-05,1722.0,1744.65,1702.55,1715.45,1583598.0,30.65
2022-01-06,1710.0,1723.85,1675.6,1713.1,1615375.0,30.75
2022-01-07,1719.9,1730.8,1689.5,1699.1,1295933.0,31.74
2022-01-10,1707.55,1766.0,1699.1,1752.6,1670551.0,40.5
2022-01-11,1758.0,1850.0,1737.0,1843.9,5126019.0,17.62
2022-01-12,1873.0,1873.0,1808.3,1830.1,2518912.0,18.67
2022-01-13,1834.0,1863.0,1808.0,1853.35,1881069.0,17.75
2022-01-14,1850.0,1890.45,1831.1,1870.25,2357616.0,12.78
2022-01-17,1876.0,1901.4,1855.65,1877.8,1700525.0,14.4
2022-01-18,1885.0,1908.5,1830.05,1840.95,2294146.0,14.85
2022-01-19,1839.8,1857.0,1811.25,1849.3,1544606.0,19.3
2022-01-20,1855.0,1880.35,1843.7,1865.85,1252017.0,15.01
2022-01-21,1860.85,1873.0,1810.75,1828.35,1929667.0,22.06
2022-01-24,1822.0,1827.45,1696.55,1715.8,2381112.0,23.52
2022-01-25,1668.0,1750.55,1668.0,1741.4,1817963.0,22.69
2022-01-26,1668.0,1750.55,1668.0,1741.4,1817963.0,22.69
2022-01-27,1718.0,1725.55,1654.5,1686.0,3549583.0,39.67
2022-01-28,1702.5,1744.1,1683.95,1693.7,1624750.0,22.09
2022-01-31,1708.95,1734.0,1705.0,1714.95,1024738.0,21.71
2022-02-01,1727.95,1765.1,1699.15,1746.9,1574361.0,11.87
2022-02-02,1755.0,1786.0,1747.0,1779.35,1405276.0,27.0
2022-02-03,1771.95,1787.0,1746.4,1751.85,588866.0,19.34
2022-02-04,1758.0,1770.0,1733.7,1757.3,855996.0,19.01
2022-02-07,1765.0,1765.5,1722.1,1731.8,854871.0,14.36
2022-02-08,1739.4,1747.0,1677.05,1716.0,1480201.0,22.05
2022-02-09,1724.6,1791.9,1718.1,1783.15,1674022.0,18.82
2022-02-10,1799.0,1809.0,1766.0,1786.1,1747943.0,22.7
2022-02-11,1764.0,1774.9,1743.35,1764.3,1196002.0,27.74
2022-02-14,1736.3,1737.9,1653.0,1663.95,1919476.0,25.94
2022-02-15,1636.0,1751.4,1627.85,1744.25,2261554.0,15.88
2022-02-16,1744.25,1776.0,1730.0,1738.1,1663614.0,21.67
2022-02-17,1750.0,1762.0,1724.0,1730.95,1075487.0,25.55
2022-02-18,1739.0,1754.6,1725.0,1736.3,945100.0,21.79
2022-02-21,1738.8,1738.8,1671.3,1685.2,1449291.0,25.41
2022-02-22,1636.1,1678.9,1630.0,1667.7,1717579.0,21.42
2022-02-23,1682.0,1717.5,1670.0,1688.7,1285012.0,22.74
2022-02-24,1626.0,1648.6,1528.8,1543.95,2798065.0,22.08
2022-02-25,1594.0,1638.1,1578.8,1618.7,1741584.0,22.05
2022-02-28,1603.75,1651.1,1592.25,1644.45,1869037.0,32.97
2022-03-01,1603.75,1651.1,1592.25,1644.45,1869037.0,32.97
2022-03-02,1638.0,1664.25,1615.5,1641.8,1249817.0,29.75
2022-03-03,1670.0,1678.2,1634.95,1643.8,1333325.0,29.16
2022-03-04,1621.8,1655.5,1601.2,1615.0,1433490.0,25.53
2022-03-07,1590.0,1592.0,1539.3,1564.05,1508821.0,20.69
2022-03-08,1574.9,1607.4,1553.4,1601.6,1396347.0,22.41
2022-03-09,1609.6,1669.95,1608.0,1656.55,1498176.0,27.89
2022-03-10,1682.0,1749.6,1678.25,1742.85,2294474.0,21.99
2022-03-11,1750.0,1757.0,1721.2,1734.1,1354129.0,18.76
2022-03-14,1732.0,1752.45,1722.45,1736.1,659190.0,17.49
2022-03-15,1740.0,1754.2,1686.65,1701.4,1085901.0,22.9
2022-03-16,1724.0,1764.0,1718.65,1758.0,1269866.0,17.9
2022-03-17,1775.6,1823.6,1760.0,1819.65,2392329.0,45.05
2022-03-18,1775.6,1823.6,1760.0,1819.65,2392329.0,45.05
2022-03-21,1836.05,1841.9,1796.15,1802.95,1081052.0,27.13
2022-03-22,1802.95,1837.0,1790.0,1831.55,964066.0,15.9
2022-03-23,1848.05,1848.05,1800.85,1811.0,1553366.0,45.7
2022-03-24,1815.0,1839.55,1800.15,1832.8,1030145.0,23.11
2022-03-25,1835.55,1878.0,1822.0,1867.0,1366115.0,32.92
2022-03-28,1876.9,1924.4,1851.05,1909.7,1895438.0,24.31
2022-03-29,1919.25,1930.9,1885.5,1917.25,1715098.0,16.45
2022-03-30,1927.7,2015.0,1917.3,1995.25,3215951.0,12.69
2022-03-31,2005.0,2042.0,1991.0,2014.75,2786973.0,21.71
2022-04-01,2018.0,2049.0,2013.05,2043.65,1267111.0,24.22
2022-04-04,2050.0,2075.5,2032.0,2065.85,1334265.0,22.01
2022-04-05,2078.0,2189.8,2067.6,2139.85,4970260.0,11.25
2022-04-06,2153.75,2182.85,2124.2,2160.0,2259018.0,13.76
2022-04-07,2165.95,2214.95,2081.25,2099.05,3499044.0,18.11
2022-04-08,2115.0,2176.0,2105.25,2170.95,1924054.0,11.65
2022-04-11,2181.85,2200.0,2158.5,2180.2,1615715.0,21.03
2022-04-12,2188.0,2219.0,2155.0,2196.95,2632324.0,14.63
2022-04-13,2210.0,2217.15,2173.45,2199.45,992512.0,15.58
2022-04-14,2210.0,2217.15,2173.45,2199.45,992512.0,15.58
2022-04-15,2210.0,2217.15,2173.45,2199.45,992512.0,15.58
2022-04-18,2179.8,2240.0,2156.75,2233.85,1747434.0,19.29
2022-04-19,2245.0,2255.0,2140.1,2168.3,1639219.0,20.9
2022-04-20,2178.0,2207.95,2161.9,2183.95,1119025.0,10.42
2022-04-21,2216.0,2293.55,2203.9,2286.35,2243636.0,18.02
2022-04-22,2297.0,2306.0,2265.0,2273.3,1786042.0,16.87
2022-04-25,2259.95,2295.0,2242.6,2284.2,1683622.0,19.69
2022-04-26,2297.0,2413.9,2295.1,2395.3,3199358.0,11.65
2022-04-27,2404.95,2420.95,2325.0,2334.1,2559876.0,22.36
2022-04-28,2359.85,2389.9,2336.3,2378.55,1679893.0,18.69
2022-04-29,2389.0,2394.15,2301.5,2332.0,1916180.0,17.33
2022-05-02,2325.0,2362.3,2311.0,2339.5,1006544.0,14.51
2022-05-03,2325.0,2362.3,2311.0,2339.5,1006544.0,14.51
2022-05-04,2358.7,2362.9,2233.05,2253.8,1744686.0,17.48
2022-05-05,2270.0,2303.8,2236.0,2255.4,1636796.0,11.96
2022-05-06,2210.0,2262.0,2200.0,2247.7,1161579.0,10.84
2022-05-09,2229.5,2244.2,2180.0,2197.65,1450886.0,14.61
2022-05-10,2190.0,2220.0,2097.5,2109.5,1471866.0,13.93
2022-05-11,2109.6,2157.75,2077.0,2119.3,1397917.0,15.36
2022-05-12,2103.0,2113.6,2011.05,2045.2,1553685.0,18.8
2022-05-13,2084.5,2135.0,2035.3,2054.15,1547617.0,10.39
2022-05-16,2082.65,2141.95,2057.65,2105.9,1742552.0,8.79
2022-05-17,2133.05,2192.25,2119.4,2184.85,1061085.0,14.89
2022-05-18,2199.7,2216.9,2172.0,2181.1,1296983.0,22.44
2022-05-19,2145.0,2154.75,2097.6,2114.75,986930.0,16.45
2022-05-20,2159.0,2232.4,2151.0,2219.55,1444803.0,32.46
2022-05-23,2231.75,2245.0,2155.65,2170.65,1455450.0,35.49
2022-05-24,2161.0,2178.9,2142.55,2160.2,1008943.0,28.05
2022-05-25,2168.0,2181.45,2066.2,2074.15,1382448.0,25.08
2022-05-26,2077.0,2088.0,1906.2,2046.4,4967514.0,15.08
2022-05-27,2080.0,2094.3,2047.7,2080.15,1354005.0,21.41
2022-05-30,2120.0,2175.0,2102.0,2165.65,1384584.0,22.32
2022-05-31,2160.0,2225.8,2150.4,2167.55,2861556.0,38.51
2022-06-01,2169.95,2189.3,2126.0,2150.9,1448212.0,31.03
2022-06-02,2155.0,2218.0,2142.3,2209.4,1855167.0,29.01
2022-06-03,2235.0,2242.25,2176.05,2190.0,1651685.0,33.37
2022-06-06,2188.5,2230.0,2168.2,2225.05,1664487.0,28.98
2022-06-07,2210.0,2254.7,2207.05,2227.55,2046676.0,24.47
2022-06-08,2244.95,2244.95,2158.55,2177.2,1530739.0,12.66
2022-06-09,2160.3,2224.0,2155.0,2219.2,1440385.0,28.83
2022-06-10,2190.0,2215.0,2171.0,2203.1,1305761.0,13.23
2022-06-13,2172.5,2172.5,2066.75,2079.75,1764172.0,14.49
2022-06-14,2274.0,2274.0,2053.1,2196.45,6515102.0,13.49
2022-06-15,2218.4,2219.7,2174.2,2184.6,1313510.0,14.66
2022-06-16,2205.0,2217.3,2076.05,2083.0,2131789.0,16.71
2022-06-17,2062.0,2137.4,2060.15,2095.8,2280135.0,18.36
2022-06-20,2107.3,2123.3,2025.0,2079.85,2603594.0,32.07
2022-06-21,2100.0,2177.0,2091.65,2161.8,1331500.0,9.78
2022-06-22,2149.95,2149.95,2077.1,2089.2,1774137.0,9.21
2022-06-23,2105.0,2128.0,2080.0,2110.35,1026783.0,12.69
2022-06-24,2121.0,2168.0,2108.6,2161.45,1156536.0,24.18
2022-06-27,2189.0,2211.0,2169.35,2181.6,1202504.0,14.67
2022-06-28,2170.0,2210.25,2160.0,2204.6,1282047.0,24.09
2022-06-29,2185.0,2247.8,2177.2,2220.1,1692493.0,25.14
2022-06-30,2220.0,2248.5,2180.5,2190.9,1568415.0,32.76
2022-07-01,2189.9,2242.0,2138.25,2232.2,2141743.0,26.43
2022-07-04,2232.2,2277.0,2228.35,2261.85,1581159.0,22.97
2022-07-05,2264.0,2290.7,2238.0,2246.45,1356776.0,25.95
2022-07-06,2245.0,2277.0,2236.5,2272.85,1045463.0,34.84
2022-07-07,2280.0,2294.95,2256.0,2274.3,946131.0,31.23
2022-07-08,2286.0,2303.6,2263.9,2293.05,898576.0,25.76
2022-07-11,2293.05,2384.6,2291.05,2373.25,1967308.0,16.57
2022-07-12,2364.4,2389.8,2350.15,2365.65,1273008.0,17.7
2022-07-13,2373.5,2384.65,2333.7,2353.5,982185.0,16.83
2022-07-14,2365.0,2404.0,2336.5,2383.1,933554.0,19.41
2022-07-15,2414.5,2422.95,2377.0,2405.25,1169788.0,14.94
2022-07-18,2424.0,2441.85,2406.05,2423.6,937204.0,15.66
2022-07-19,2406.95,2459.3,2405.0,2451.3,843301.0,14.5
2022-07-20,2462.0,2472.8,2444.0,2451.1,693601.0,24.55
2022-07-21,2453.8,2498.95,2451.25,2495.5,1314165.0,27.41
2022-07-22,2505.5,2514.05,2483.1,2499.4,833522.0,23.26
2022-07-25,2505.0,2562.15,2500.0,2550.6,1220351.0,16.88
2022-07-26,2555.0,2568.6,2533.0,2559.7,865142.0,14.55
2022-07-27,2560.0,2572.5,2528.0,2548.7,953588.0,26.12
2022-07-28,2559.9,2565.65,2531.6,2550.4,759442.0,20.65
2022-07-29,2565.0,2622.0,2560.0,2569.2,1107195.0,23.65
2022-08-01,2575.85,2669.4,2569.2,2660.15,1267039.0,18.57
2022-08-02,2660.0,2697.0,2640.0,2683.65,1096480.0,21.25
2022-08-03,2685.0,2717.0,2671.2,2711.4,815831.0,21.91
2022-08-04,2725.0,2743.9,2684.25,2723.6,1223799.0,20.2
2022-08-05,2760.0,2767.65,2685.0,2698.4,1639981.0,18.18
2022-08-10,2801.75,2834.9,2781.55,2827.2,1304663.0,29.57
2022-08-11,2841.0,2848.4,2815.1,2834.05,978616.0,35.06
2022-08-12,2840.0,2871.15,2834.05,2864.55,843025.0,24.99
2022-08-15,2840.0,2871.15,2834.05,2864.55,843025.0,24.99
2022-08-16,2879.0,2986.0,2871.0,2975.85,1969492.0,11.58
2022-08-17,2986.0,3028.55,2980.0,3008.65,1510171.0,19.04
2022-08-18,3005.0,3186.0,3004.0,3153.65,3502295.0,10.46
2022-08-19,3178.0,3258.9,3075.25,3130.2,6109949.0,11.76
2022-08-22,3134.0,3191.8,3029.2,3051.6,3473580.0,13.82
2022-08-23,3032.65,3074.0,2927.4,3030.65,4169136.0,12.79
2022-08-24,3038.0,3153.0,2986.0,3134.65,3475387.0,15.58
2022-08-25,3167.0,3177.8,3055.7,3066.35,3119494.0,17.84
2022-08-26,3080.0,3172.95,3078.0,3139.55,2897602.0,13.12
2022-08-29,3055.0,3166.45,3037.85,3142.6,1924984.0,10.25
2022-08-30,3165.0,3263.1,3161.0,3194.35,4392183.0,32.21
2022-08-31,3165.0,3263.1,3161.0,3194.35,4392183.0,32.21
2022-09-01,3200.0,3245.0,3184.4,3233.25,1880363.0,15.4
2022-09-02,3261.0,3369.4,3225.0,3355.8,4835905.0,9.99
2022-09-05,3374.1,3431.8,3313.0,3346.55,3686950.0,14.28
2022-09-06,3370.0,3447.6,3355.0,3435.8,2580772.0,10.68
2022-09-07,3435.8,3487.95,3406.1,3473.75,2188110.0,12.63
2022-09-08,3499.0,3501.5,3450.0,3462.8,1560414.0,35.09
2022-09-09,3479.0,3507.95,3415.15,3451.2,1614634.0,27.73
2022-09-12,3465.0,3495.5,3457.9,3463.8,1647756.0,35.47
2022-09-13,3478.0,3568.9,3421.3,3555.8,3479669.0,29.18
2022-09-14,3518.0,3608.0,3511.0,3572.1,2740337.0,30.44
2022-09-15,3590.0,3767.95,3575.0,3748.7,4716688.0,22.16
2022-09-16,3755.0,3866.95,3614.6,3702.2,5687429.0,19.24
2022-09-19,3718.95,3801.95,3680.75,3778.65,3092486.0,23.55
2022-09-20,3819.0,3885.0,3812.0,3834.55,3338704.0,30.62
2022-09-21,3837.65,3862.8,3571.25,3640.1,6089846.0,18.22
2022-09-22,3639.0,3735.95,3608.05,3716.3,3490772.0,18.86
2022-09-23,3732.0,3737.9,3655.0,3674.3,3001474.0,19.7
2022-09-26,3646.3,3658.0,3532.0,3586.2,3123908.0,20.52
2022-09-27,3596.0,3629.55,3485.85,3559.1,3546332.0,22.48
2022-09-28,3528.0,3596.95,3503.0,3548.75,2259832.0,23.5
2022-09-29,3583.5,3664.75,3443.6,3470.7,15060223.0,60.84
2022-09-30,3447.95,3523.8,3371.1,3455.75,4307707.0,17.96
2022-10-03,3440.0,3460.05,3110.2,3157.3,7578847.0,18.37
2022-10-04,3230.0,3291.2,3125.0,3237.7,5642467.0,10.24
2022-10-05,3230.0,3291.2,3125.0,3237.7,5642467.0,10.24
2022-10-06,3270.0,3318.8,3208.05,3285.0,2845165.0,17.16
2022-10-07,3280.0,3310.95,3228.15,3277.6,1930275.0,17.76
2022-10-10,3234.0,3278.75,3214.35,3246.25,1590792.0,20.43
2022-10-11,3257.55,3338.0,3249.0,3273.95,2544394.0,23.43
2022-10-12,3297.0,3297.0,3145.0,3223.65,2972601.0,13.39
2022-10-13,3218.0,3262.8,3189.0,3233.65,1840193.0,18.18
2022-10-14,3272.0,3305.0,3194.85,3209.5,1344415.0,18.41
2022-10-17,3211.0,3235.0,3136.1,3212.6,1985298.0,13.84
2022-10-18,3249.0,3298.0,3226.1,3284.3,1635079.0,21.17
2022-10-19,3300.0,3310.0,3259.65,3277.25,1396513.0,23.2
2022-10-20,3260.0,3365.0,3245.0,3357.1,2211287.0,33.03
2022-10-21,3374.9,3382.0,3287.0,3311.9,1120790.0,14.14
2022-10-24,3325.0,3340.1,3287.4,3309.8,248249.0,28.95
2022-10-25,3321.95,3345.0,3294.0,3300.5,879424.0,17.25
2022-10-26,3321.95,3345.0,3294.0,3300.5,879424.0,17.25
2022-10-27,3319.85,3355.0,3297.0,3325.0,1106870.0,21.93
2022-10-28,3322.0,3387.95,3297.65,3323.3,1323334.0,22.0
2022-10-31,3339.95,3360.0,3326.1,3347.45,575722.0,22.8
2022-11-01,3361.9,3607.45,3352.0,3575.7,4393335.0,15.3
2022-11-02,3580.0,3625.15,3526.0,3580.7,2534755.0,15.58
2022-11-03,3550.0,3614.7,3542.45,3590.4,1275216.0,15.2
2022-11-04,3642.0,3849.8,3566.75,3833.25,6112097.0,12.46
2022-11-07,3852.45,4013.7,3820.0,3960.6,5985652.0,7.73
2022-11-08,3852.45,4013.7,3820.0,3960.6,5985652.0,7.73
2022-11-09,3977.0,4048.0,3943.05,3997.2,3732472.0,12.25
2022-11-10,3995.0,4030.0,3962.15,3992.25,2313795.0,16.03
2022-11-11,4040.0,4048.95,3975.15,4008.85,1476875.0,15.27
2022-11-14,3999.0,4078.0,3990.0,4022.55,1803092.0,16.33
2022-11-15,4025.05,4065.0,4022.0,4057.8,1065546.0,16.3
2022-11-16,4057.3,4096.0,3863.55,3956.6,3059841.0,14.88
2022-11-17,3970.0,4033.0,3900.0,4018.15,2266112.0,8.25
2022-11-18,4028.35,4043.0,3984.0,4019.8,1440776.0,15.24
2022-11-21,4019.95,4019.95,3921.95,4001.85,1492003.0,9.81
2022-11-22,4001.85,4056.0,3988.0,4034.0,1705043.0,19.58
2022-11-23,4050.0,4061.85,3873.0,3903.3,2861156.0,15.15
2022-11-24,3910.0,3935.0,3821.0,3921.1,2797181.0,11.61
2022-11-25,3929.0,3949.9,3845.3,3901.1,2506346.0,19.11
2022-11-28,3899.4,3925.0,3871.4,3886.15,1119166.0,16.8
2022-11-29,3885.0,3915.0,3864.05,3878.4,1513444.0,25.21
2022-11-30,3897.8,3939.9,3867.0,3917.9,1968428.0,39.69
2022-12-01,3937.5,3944.95,3902.45,3915.1,945838.0,24.1
2022-12-02,3905.0,3963.8,3885.0,3922.5,1297832.0,23.49
2022-12-05,3928.9,3939.0,3810.05,3930.4,2392866.0,21.08
2022-12-06,3920.0,4057.0,3909.0,4031.8,2962621.0,16.72
2022-12-07,4031.0,4057.9,3984.55,3999.3,1257261.0,20.28
2022-12-08,4010.0,4045.0,4003.35,4025.0,895075.0,18.15
2022-12-09,4044.0,4094.0,3941.5,3996.8,2129800.0,14.09
2022-12-12,3997.0,4031.9,3968.75,4016.7,802499.0,12.46
2022-12-13,4027.8,4072.0,4011.6,4060.2,1215308.0,34.45
2022-12-14,4076.0,4092.05,4040.0,4055.8,1114492.0,27.33
2022-12-15,4055.8,4073.05,4025.0,4043.75,866138.0,25.02
2022-12-16,4018.9,4047.9,3944.05,3980.8,1598960.0,29.91
2022-12-19,3988.0,4104.0,3971.45,4075.3,1643404.0,37.87
2022-12-20,4095.0,4172.0,4066.4,4165.3,3778426.0,24.0
2022-12-21,4175.0,4190.0,3883.25,3901.95,3585883.0,17.14
2022-12-22,3948.0,3948.0,3817.05,3868.55,2879658.0,14.45
2022-12-23,3822.0,3848.0,3616.8,3642.2,3036157.0,17.06
2022-12-26,3653.0,3744.9,3620.0,3716.75,2162662.0,15.33
2022-12-27,3732.45,3797.9,3695.05,3769.65,1804911.0,18.43
2022-12-28,3756.05,3825.0,3745.0,3797.7,1377950.0,19.94
2022-12-29,3790.0,3825.0,3748.1,3810.6,1531692.0,24.77
2022-12-30,3829.7,3898.0,3822.05,3858.35,1528747.0,15.69
2023-01-02,3870.0,3874.0,3822.55,3841.2,923051.0,20.56
2023-01-03,3841.9,3852.85,3791.0,3830.95,799905.0,19.25
2023-01-04,3839.0,3874.95,3803.6,3827.05,1028377.0,17.04
2023-01-05,3827.05,3842.4,3756.9,3829.8,997006.0,19.21
2023-01-06,3829.0,3868.25,3797.05,3824.25,912159.0,11.21
2023-01-09,3843.0,3880.0,3811.25,3855.3,753981.0,24.06
2023-01-10,3859.0,3862.05,3555.0,3646.9,3595798.0,23.69
2023-01-11,3660.0,3664.5,3560.1,3635.8,2226506.0,12.02
2023-01-12,3642.5,3679.0,3612.0,3647.2,1199785.0,12.22
2023-01-13,3651.2,3736.05,3642.2,3721.15,1364712.0,15.97
2023-01-16,3720.0,3739.95,3600.0,3619.8,1863848.0,24.4
2023-01-17,3620.0,3649.6,3560.2,3639.35,1668381.0,16.31
2023-01-18,3648.0,3648.0,3527.1,3596.7,3652240.0,36.56
2023-01-19,3470.0,3537.7,3426.7,3463.55,3696319.0,20.87
2023-01-20,3450.0,3477.35,3440.95,3456.15,1510258.0,32.62
2023-01-23,3443.05,3460.0,3412.55,3436.35,974857.0,23.38
2023-01-24,3447.45,3508.0,3430.0,3442.0,1518123.0,23.13
2023-01-25,3422.0,3428.0,3315.0,3388.95,3686439.0,37.27
2023-01-26,3422.0,3428.0,3315.0,3388.95,3686439.0,37.27
2023-01-27,3335.0,3346.5,2712.0,2761.45,14764368.0,17.11
2023-01-30,2850.0,3037.55,2665.0,2892.85,20947906.0,8.8
2023-01-31,2980.0,3073.6,2906.0,2973.9,11568020.0,9.29
2023-02-01,2995.0,3010.75,1941.2,2135.35,13525314.0,14.78
2023-02-02,2348.85,2348.85,1494.75,1565.25,34474080.0,17.5
2023-02-03,1490.0,1679.9,1017.45,1586.8,43885579.0,10.62
2023-02-06,1575.0,1615.0,1435.2,1572.7,19308603.0,8.42
2023-02-07,1571.0,1962.7,1525.6,1802.95,19188072.0,11.15
2023-02-08,1869.85,2222.15,1840.85,2164.25,19173006.0,16.19
2023-02-09,2168.0,2168.0,1731.4,1925.7,18279862.0,16.96
2023-02-10,1769.0,1990.0,1733.15,1846.95,11334878.0,10.75
2023-02-13,1850.0,1921.7,1662.25,1717.65,12210940.0,13.11
2023-02-14,1735.0,1889.0,1611.35,1749.7,14579030.0,9.66
2023-02-15,1780.0,1824.4,1750.0,1779.1,7636578.0,10.08
2023-02-16,1820.0,1874.95,1790.0,1796.6,5578515.0,14.16
2023-02-17,1800.0,1815.85,1703.2,1722.7,5392513.0,22.15
2023-02-20,1650.0,1685.0,1560.5,1621.45,6762330.0,15.19
2023-02-21,1626.0,1644.45,1561.3,1571.1,5571915.0,16.06
2023-02-22,1535.0,1560.0,1381.2,1404.85,10606476.0,18.93
2023-02-23,1380.0,1438.0,1350.0,1382.65,8907540.0,11.07
2023-02-24,1410.0,1427.0,1261.6,1315.65,8736727.0,13.97
2023-02-27,1300.0,1313.8,1131.05,1193.5,10271008.0,19.84
2023-02-28,1145.0,1398.0,1103.75,1363.85,33948366.0,22.06
2023-03-01,1424.0,1580.0,1411.0,1564.3,20114340.0,11.05
2023-03-02,1499.9,1646.0,1407.9,1607.25,26970925.0,20.1
2023-03-03,1688.85,1905.95,1685.5,1879.5,22888891.0,12.46
2023-03-06,1966.7,2135.0,1855.0,1982.9,27180456.0,13.87
2023-03-07,1966.7,2135.0,1855.0,1982.9,27180456.0,13.87
2023-03-08,2040.0,2088.0,1941.0,2039.65,13568243.0,13.64
2023-03-09,2049.8,2068.85,1905.35,1953.15,12627794.0,18.12
2023-03-10,1870.0,1940.0,1820.6,1896.2,9419942.0,14.25
2023-03-13,1917.0,1985.0,1857.4,1874.4,7572604.0,15.5
2023-03-14,1874.0,1874.85,1651.35,1738.2,12679663.0,14.55
2023-03-15,1760.9,1891.45,1728.1,1839.0,12296703.0,10.8
2023-03-16,1861.0,1875.0,1795.0,1843.8,6509495.0,10.54
2023-03-17,1901.0,1918.85,1845.0,1876.55,5969594.0,13.06
2023-03-20,1837.0,1849.95,1777.4,1804.95,5168139.0,16.28
2023-03-21,1836.95,1861.0,1804.95,1824.25,4094018.0,12.82
2023-03-22,1834.0,1850.0,1806.15,1815.4,3248124.0,15.05
2023-03-23,1794.0,1834.0,1780.0,1794.0,4108804.0,18.97
2023-03-24,1796.0,1823.0,1695.25,1740.65,6187968.0,14.88
2023-03-27,1740.65,1757.4,1682.0,1723.05,5053055.0,21.01
2023-03-28,1727.95,1733.0,1573.0,1600.85,8144878.0,16.76
2023-03-29,1602.95,1756.0,1591.1,1740.4,9332702.0,13.06
2023-03-30,1602.95,1756.0,1591.1,1740.4,9332702.0,13.06
2023-03-31,1788.0,1825.0,1740.0,1750.45,4893249.0,15.82
2023-04-03,1750.45,1754.95,1695.5,1717.45,3445796.0,12.56
2023-04-04,1750.45,1754.95,1695.5,1717.45,3445796.0,12.56
2023-04-05,1717.45,1737.95,1671.55,1698.0,3690559.0,15.4
2023-04-06,1705.0,1793.65,1688.15,1754.05,6012473.0,13.14
2023-04-07,1705.0,1793.65,1688.15,1754.05,6012473.0,13.14
2023-04-10,1774.0,1812.7,1760.6,1797.25,4197975.0,15.16
2023-04-11,1810.0,1829.0,1792.85,1803.15,2883672.0,17.24
2023-04-12,1814.0,1858.75,1797.05,1847.25,4809035.0,24.58
2023-04-13,1855.0,1885.0,1826.05,1870.75,3402280.0,21.91
2023-04-14,1855.0,1885.0,1826.05,1870.75,3402280.0,21.91
2023-04-17,1870.75,1904.9,1847.0,1878.75,2983032.0,22.9
2023-04-18,1892.0,1902.75,1830.0,1850.95,2542401.0,21.31
2023-04-19,1847.0,1877.7,1835.0,1853.85,2455884.0,13.92
2023-04-20,1855.0,1878.9,1836.85,1842.9,2016823.0,12.04
2023-04-21,1846.0,1853.25,1796.05,1803.0,2090833.0,19.12
2023-04-24,1804.0,1817.4,1775.8,1801.95,1963582.0,12.69
2023-04-25,1806.0,1913.75,1801.8,1844.6,5364841.0,15.16
2023-04-26,1854.0,1874.0,1826.4,1847.9,2422711.0,13.52
2023-04-27,1848.0,1864.95,1832.55,1853.05,1782360.0,15.71
2023-04-28,1868.05,1944.0,1857.15,1924.95,6159130.0,26.36
2023-05-01,1868.05,1944.0,1857.15,1924.95,6159130.0,26.36
2023-05-02,1935.0,1966.0,1908.0,1919.85,3813963.0,21.32
2023-05-03,1919.0,1940.0,1785.35,1839.0,5849432.0,16.03
2023-05-04,1839.05,1935.0,1839.05,1911.25,4842127.0,17.26
2023-05-05,1954.8,1955.0,1903.15,1920.3,6137744.0,15.67
2023-05-08,1920.3,1926.9,1876.0,1887.5,2835197.0,16.97
2023-05-09,1900.0,1930.0,1889.1,1896.1,2700563.0,15.99
2023-05-10,1899.0,1914.9,1883.95,1892.15,1970906.0,13.59
2023-05-11,1925.0,2013.75,1910.0,1984.65,8835941.0,20.55
2023-05-12,2009.0,2010.0,1946.55,1964.7,3816201.0,13.75
2023-05-15,1959.9,1964.7,1880.0,1916.05,4836782.0,12.17
2023-05-16,1927.0,1935.0,1881.0,1889.15,3058799.0,28.21
2023-05-17,1900.0,1919.95,1857.75,1899.5,3632797.0,17.87
2023-05-18,1910.05,1924.0,1877.2,1890.0,2437396.0,25.98
2023-05-19,1888.0,1983.0,1872.1,1956.05,7541150.0,17.84
2023-05-22,2010.0,2347.0,1983.4,2326.1,26311368.0,11.65
2023-05-23,2410.9,2759.45,2400.0,2633.7,28432888.0,10.5
2023-05-24,2709.0,2750.0,2425.35,2475.6,23465761.0,10.45
2023-05-25,2440.0,2558.8,2386.65,2537.45,8434009.0,12.11
2023-05-26,2565.0,2599.95,2535.15,2544.35,3963515.0,17.73
2023-05-29,2570.0,2583.5,2523.0,2534.05,2779432.0,24.46
2023-05-30,2529.3,2554.15,2475.15,2496.45,1736953.0,25.05
2023-05-31,2482.0,2573.0,2428.0,2493.35,4268439.0,23.63
2023-06-01,2499.9,2560.0,2485.3,2492.15,1704946.0,28.9
2023-06-02,2535.0,2538.9,2425.0,2445.05,5543791.0,49.34
2023-06-05,2463.2,2514.0,2428.0,2433.95,2956768.0,25.85
2023-06-06,2475.0,2506.95,2425.9,2433.65,6473608.0,52.17
2023-06-07,2453.0,2466.95,2435.0,2439.55,2522516.0,30.34
2023-06-08,2450.0,2475.9,2369.05,2429.15,3781621.0,15.42
2023-06-09,2447.95,2458.9,2428.0,2451.15,1948506.0,22.56
2023-06-12,2460.0,2505.0,2432.6,2484.8,2804898.0,21.78
2023-06-13,2499.0,2505.0,2442.2,2462.55,2210990.0,18.56
2023-06-14,2469.9,2484.8,2452.35,2457.15,1364403.0,21.08
2023-06-15,2469.0,2527.0,2462.9,2485.65,3744029.0,21.27
2023-06-16,2499.2,2526.9,2487.4,2509.6,7999982.0,49.06
2023-06-19,2504.0,2521.6,2350.0,2401.4,11475674.0,47.92
2023-06-20,2435.0,2435.0,2390.0,2414.8,2479711.0,12.93
2023-06-21,2426.7,2440.0,2393.1,2405.95,7418013.0,68.82
2023-06-22,2425.1,2449.95,2360.0,2397.25,8459191.0,55.05
2023-06-23,2392.3,2392.3,2163.3,2233.55,15213238.0,12.44
2023-06-26,2210.05,2336.45,2173.05,2295.6,7847341.0,10.38
2023-06-27,2328.95,2343.85,2271.0,2284.45,3361053.0,17.65
2023-06-28,2300.0,2418.6,2293.85,2402.0,28353193.0,70.69
2023-06-29,2300.0,2418.6,2293.85,2402.0,28353193.0,70.69
2023-06-30,2437.95,2437.95,2350.0,2388.05,5125497.0,16.88
2023-07-03,2405.0,2417.85,2373.2,2385.5,2662358.0,20.83
2023-07-04,2397.0,2414.0,2373.05,2387.7,2308684.0,15.75
2023-07-05,2391.0,2412.05,2374.0,2399.15,2198481.0,25.66
2023-07-06,2399.15,2427.6,2390.0,2402.9,2476366.0,31.77
2023-07-07,2395.0,2409.95,2368.1,2379.6,1823645.0,30.42
2023-07-10,2392.8,2462.7,2355.0,2410.25,3771285.0,25.14
2023-07-11,2423.75,2444.95,2388.0,2422.9,2247776.0,19.68
2023-07-12,2429.9,2432.0,2380.45,2387.9,1445282.0,25.19
2023-07-13,2397.0,2405.7,2355.55,2362.05,1247741.0,23.33
2023-07-14,2375.0,2385.0,2340.0,2376.1,1353535.0,16.64
2023-07-17,2399.9,2459.5,2391.3,2408.55,3090373.0,15.74
2023-07-18,2415.0,2510.0,2405.2,2416.9,5978272.0,17.55
2023-07-19,2428.65,2443.0,2416.9,2423.75,1637260.0,23.73
2023-07-20,2428.95,2433.9,2400.0,2419.75,1564275.0,28.47
2023-07-21,2410.0,2457.85,2395.3,2416.3,2280563.0,22.36
2023-07-24,2430.0,2439.4,2412.05,2418.2,1113193.0,21.22
2023-07-25,2428.0,2479.0,2416.0,2466.65,3017555.0,29.26
2023-07-26,2472.45,2506.0,2446.0,2470.75,4021773.0,23.5
2023-07-27,2470.75,2485.0,2415.0,2428.4,2243944.0,37.01
2023-07-28,2437.0,2481.65,2431.1,2463.2,2339800.0,24.22
2023-07-31,2477.0,2518.0,2467.0,2492.2,3359974.0,29.97
2023-08-01,2504.85,2514.0,2455.25,2481.1,1575727.0,19.61
2023-08-02,2493.0,2514.0,2451.0,2473.55,2506971.0,16.21
2023-08-03,2469.9,2550.0,2462.0,2532.6,4720470.0,29.72
2023-08-04,2545.3,2557.9,2502.0,2541.8,3294056.0,38.18
2023-08-07,2550.95,2569.0,2516.4,2550.5,4684333.0,48.55
2023-08-08,2563.25,2563.25,2461.3,2474.55,6127920.0,48.67
2023-08-09,2488.35,2516.9,2472.0,2507.1,5781400.0,53.55
2023-08-10,2510.0,2577.5,2510.0,2552.4,8140756.0,49.04
2023-08-11,2550.05,2568.15,2518.2,2539.5,7157372.0,50.1
2023-08-14,2480.0,2484.95,2400.05,2456.0,9786919.0,39.11
2023-08-15,2480.0,2484.95,2400.05,2456.0,9786919.0,39.11
2023-08-16,2450.0,2465.0,2420.0,2445.1,7084828.0,50.76
2023-08-17,2454.95,2487.2,2442.05,2479.7,7769452.0,55.27
2023-08-18,2477.5,2665.95,2461.3,2577.4,14679923.0,35.66
2023-08-21,2588.0,2655.0,2580.5,2639.75,10479200.0,45.59
2023-08-22,2668.85,2721.0,2654.1,2698.05,10291468.0,45.58
2023-08-23,2720.0,2722.4,2488.85,2530.3,5251316.0,21.41
2023-08-24,2580.0,2613.0,2531.1,2539.55,4558367.0,15.56
2023-08-25,2549.0,2549.0,2486.0,2495.75,2808721.0,19.27
2023-08-28,2550.0,2582.0,2455.65,2472.45,4457038.0,27.07
2023-08-29,2472.1,2536.65,2445.0,2506.45,4802150.0,18.96
2023-08-30,2517.0,2543.0,2492.4,2513.1,6484593.0,53.91
2023-08-31,2449.95,2489.95,2383.75,2419.25,6230369.0,24.84
2023-09-01,2381.0,2465.55,2380.0,2450.05,6764397.0,37.68
2023-09-04,2454.0,2480.0,2450.05,2470.6,5998454.0,57.3
2023-09-05,2482.0,2501.4,2464.0,2494.05,6489319.0,53.64
2023-09-06,2494.05,2504.0,2471.0,2496.5,7416248.0,54.73
2023-09-07,2498.0,2520.0,2485.0,2509.5,4298988.0,66.02
2023-09-08,2513.8,2538.6,2506.1,2519.3,5640973.0,53.81
2023-09-11,2565.0,2630.25,2546.0,2614.95,9148241.0,47.9
2023-09-12,2622.45,2626.6,2530.0,2535.7,5658774.0,54.57
2023-09-13,2545.7,2566.95,2496.0,2518.9,1780068.0,19.17
2023-09-14,2541.85,2545.0,2506.05,2519.8,1218481.0,22.91
2023-09-15,2519.8,2558.0,2514.2,2540.05,1547001.0,33.61
2023-09-18,2552.0,2555.0,2491.0,2502.45,861677.0,26.31
2023-09-19,2552.0,2555.0,2491.0,2502.45,861677.0,26.31
2023-09-20,2502.4,2533.65,2458.9,2470.3,1203019.0,21.89
2023-09-21,2479.8,2503.8,2461.0,2479.25,1279908.0,14.54
2023-09-22,2489.95,2498.0,2460.0,2464.9,865589.0,15.51
2023-09-25,2479.95,2489.0,2424.0,2482.1,1216898.0,27.27
2023-09-26,2491.0,2499.0,2452.6,2457.95,698863.0,21.66
2023-09-27,2460.0,2498.0,2445.1,2483.3,1077373.0,34.08
2023-09-28,2489.95,2511.0,2446.7,2475.25,2225560.0,41.6
2023-09-29,2462.05,2479.55,2405.05,2413.9,1689201.0,29.55
2023-10-02,2462.05,2479.55,2405.05,2413.9,1689201.0,29.55
2023-10-03,2418.0,2424.9,2372.0,2387.25,2019899.0,44.96
2023-10-04,2402.2,2502.75,2392.25,2464.95,2857377.0,13.82
2023-10-05,2477.95,2486.5,2446.4,2466.35,1132455.0,20.08
2023-10-06,2466.35,2514.95,2466.05,2478.1,1510035.0,22.19
2023-10-09,2440.0,2459.7,2411.3,2442.6,1408224.0,24.54
2023-10-10,2443.0,2517.95,2443.0,2498.3,1771910.0,28.08
2023-10-11,2533.9,2538.0,2482.5,2488.6,1627836.0,28.72
2023-10-12,2499.9,2521.75,2490.65,2506.35,1804818.0,32.03
2023-10-13,2488.9,2495.0,2422.35,2454.55,2278682.0,16.27
2023-10-16,2454.55,2464.7,2421.85,2429.35,803856.0,24.78
2023-10-17,2459.95,2462.0,2423.5,2428.4,707543.0,29.35
2023-10-18,2440.0,2441.75,2401.05,2406.35,776977.0,27.34
2023-10-19,2400.0,2414.7,2382.55,2402.2,1168822.0,22.44
2023-10-20,2398.05,2443.95,2382.05,2393.75,1240350.0,29.77
2023-10-23,2397.8,2412.35,2301.8,2308.65,1483549.0,27.17
2023-10-24,2397.8,2412.35,2301.8,2308.65,1483549.0,27.17
2023-10-25,2320.0,2348.05,2235.3,2257.0,1540819.0,20.82
2023-10-26,2249.0,2249.0,2167.05,2203.2,2226073.0,22.59
2023-10-27,2222.0,2275.0,2212.0,2261.7,1244293.0,20.29
2023-10-30,2260.05,2305.0,2250.0,2299.1,996448.0,16.44
2023-10-31,2320.0,2320.0,2276.0,2294.65,1155280.0,36.62
2023-11-01,2299.0,2312.25,2207.0,2217.3,1666579.0,35.83
2023-11-02,2247.0,2297.95,2204.2,2215.3,2340997.0,16.45
2023-11-03,2215.3,2279.0,2215.0,2229.85,1853300.0,16.44
2023-11-06,2253.95,2260.0,2233.0,2246.0,770061.0,30.52
2023-11-07,2257.0,2260.0,2226.65,2233.35,641554.0,27.7
2023-11-08,2245.3,2298.0,2235.0,2259.95,1169180.0,31.23
2023-11-09,2269.0,2272.6,2210.1,2214.65,1267890.0,33.28
2023-11-10,2220.25,2237.0,2198.5,2205.1,1072597.0,32.0
2023-11-13,2215.5,2241.9,2195.55,2213.65,853633.0,23.48
2023-11-14,2215.5,2241.9,2195.55,2213.65,853633.0,23.48
2023-11-15,2240.0,2250.0,2220.5,2225.4,696475.0,43.21
2023-11-16,2226.0,2232.8,2196.1,2205.9,1307584.0,36.05
2023-11-17,2205.9,2237.95,2201.0,2208.8,916518.0,35.55
2023-11-20,2211.0,2218.5,2142.0,2149.85,1577213.0,26.52
2023-11-21,2160.0,2232.55,2158.35,2196.65,1839502.0,21.35
2023-11-22,2205.15,2225.0,2153.5,2172.65,1247205.0,24.33
2023-11-23,2190.0,2190.0,2160.6,2175.25,729114.0,20.09
2023-11-24,2179.0,2251.95,2160.9,2225.45,1946259.0,23.44
2023-11-27,2179.0,2251.95,2160.9,2225.45,1946259.0,23.44
2023-11-28,2301.0,2512.4,2275.0,2423.5,11972275.0,13.4
2023-11-29,2468.7,2477.65,2390.0,2396.6,4561574.0,24.16
2023-11-30,2400.05,2409.0,2343.05,2358.55,2983879.0,29.5
2023-12-01,2370.0,2403.35,2354.1,2362.7,1792983.0,30.73
2023-12-04,2549.95,2595.0,2487.45,2531.2,5681516.0,28.3
2023-12-05,2531.2,2999.9,2531.2,2959.35,22879079.0,12.21
2023-12-06,3080.0,3154.55,2844.85,2883.95,19355777.0,16.34
2023-12-07,2900.0,2945.9,2853.05,2887.15,6325887.0,15.06
2023-12-08,2902.7,2927.0,2760.0,2822.15,6959428.0,16.74
2023-12-11,2837.05,2919.9,2811.05,2855.8,5064123.0,22.57
2023-12-12,2869.1,2895.95,2840.55,2857.65,2017772.0,13.95
2023-12-13,2860.0,2899.1,2805.0,2875.05,2805832.0,17.27
2023-12-14,2900.95,2932.95,2887.0,2894.05,3224681.0,23.79
2023-12-15,2912.05,3000.0,2893.9,2991.8,4921484.0,29.61
2023-12-18,2993.95,3027.75,2961.1,2980.6,2315922.0,18.34
2023-12-19,2988.8,2994.35,2915.0,2941.25,1741493.0,18.24
2023-12-20,2946.0,2968.0,2766.2,2783.85,3417739.0,27.83
2023-12-21,2750.0,2821.95,2725.0,2799.75,2678577.0,16.5
2023-12-22,2815.95,2847.6,2791.4,2808.35,1513956.0,21.95
2023-12-25,2815.95,2847.6,2791.4,2808.35,1513956.0,21.95
2023-12-26,2817.0,2893.75,2800.1,2865.45,2048484.0,18.47
2023-12-27,2880.7,2894.8,2833.6,2843.35,1698325.0,22.29
2023-12-28,2855.0,2867.35,2800.1,2809.9,4102912.0,60.16
2023-12-29,2823.9,2863.3,2802.85,2848.95,1507086.0,19.71
2024-01-01,2852.3,2947.0,2842.05,2917.2,2898619.0,22.2
2024-01-02,2922.0,2948.2,2841.0,2932.4,2671368.0,21.94
2024-01-03,3047.0,3199.0,2955.6,3003.0,19725411.0,10.8
2024-01-04,3039.4,3044.45,2990.0,2998.3,2975620.0,16.34
2024-01-05,3009.95,3066.9,2981.1,3006.6,3219949.0,17.85
2024-01-08,3020.0,3027.0,2952.95,2963.5,1849061.0,17.75
2024-01-09,2990.7,3068.8,2980.0,3014.6,2885706.0,18.6
2024-01-10,3024.0,3112.0,3020.05,3098.2,3590297.0,25.48
2024-01-11,3120.0,3129.0,3065.0,3080.9,2008103.0,37.11
2024-01-12,3096.35,3125.0,3068.2,3104.1,1795933.0,23.95
2024-01-15,3127.0,3130.0,3067.45,3089.5,1407007.0,25.21
2024-01-16,3095.0,3104.5,3035.0,3056.5,2515564.0,58.34
2024-01-17,3033.0,3045.0,2946.3,2971.05,2897218.0,46.87
2024-01-18,2975.55,2985.0,2885.1,2918.9,2552342.0,30.86
2024-01-19,2945.35,2949.45,2903.05,2915.65,2014096.0,46.46
2024-01-22,2930.0,3015.85,2890.5,2987.9,1878793.0,28.43
2024-01-23,3014.95,3014.95,2885.5,2896.55,1827002.0,36.4
2024-01-24,2901.0,2929.1,2871.25,2903.45,5807940.0,66.53
2024-01-25,2903.45,2926.35,2804.4,2893.6,2601969.0,30.87
2024-01-26,2903.45,2926.35,2804.4,2893.6,2601969.0,30.87
2024-01-29,2929.0,3092.7,2923.05,3064.65,4402976.0,29.12
2024-01-30,3081.0,3129.9,3020.9,3091.1,3115506.0,29.45
2024-01-31,3092.75,3151.7,3072.4,3142.0,2671051.0,29.61
2024-02-01,3156.9,3236.95,3083.05,3153.5,4686595.0,25.11
2024-02-02,3184.95,3208.5,3140.0,3157.45,2708695.0,25.21
2024-02-05,3170.0,3229.4,3151.45,3173.45,2191195.0,35.36
2024-02-06,3183.9,3228.2,3160.0,3203.75,2078891.0,40.42
2024-02-07,3220.05,3277.95,3210.0,3229.85,2095911.0,28.89
2024-02-08,3245.6,3245.6,3146.1,3168.6,1679004.0,34.8
2024-02-09,3184.45,3224.95,3121.2,3215.2,1572789.0,21.65
2024-02-12,3229.0,3241.95,3160.0,3169.75,1083138.0,21.47
2024-02-13,3180.0,3194.0,3092.05,3178.45,1225207.0,23.15
2024-02-14,3184.0,3255.25,3169.85,3207.2,1741264.0,19.56
2024-02-15,3219.85,3252.75,3184.05,3193.8,2035204.0,40.99
2024-02-16,3214.0,3252.3,3192.65,3223.6,2193673.0,40.85
2024-02-19,3240.0,3308.6,3235.8,3258.8,1779444.0,30.91
2024-02-20,3267.0,3269.8,3210.15,3228.6,1467630.0,48.18
2024-02-21,3238.0,3300.0,3205.0,3223.2,1657021.0,19.28
2024-02-22,3239.0,3274.0,3210.5,3263.05,1138722.0,19.05
2024-02-23,3263.05,3319.95,3225.1,3273.3,1975035.0,26.43
2024-02-26,3272.0,3344.0,3263.0,3327.75,1695378.0,27.85
2024-02-27,3339.0,3340.0,3273.0,3302.3,1125570.0,39.67
2024-02-28,3309.2,3318.8,3207.5,3219.0,1358879.0,33.71
2024-02-29,3220.05,3304.75,3205.35,3285.4,1352988.0,35.67
2024-03-01,3309.85,3346.0,3281.8,3318.75,1161067.0,29.34
2024-03-04,3335.0,3350.0,3310.05,3317.15,1061244.0,50.05
2024-03-05,3325.3,3334.0,3295.05,3310.2,1190416.0,46.5
2024-03-06,3323.0,3323.0,3183.15,3233.95,1935203.0,39.1
2024-03-07,3240.0,3262.0,3220.0,3226.55,856328.0,28.18
2024-03-08,3240.0,3262.0,3220.0,3226.55,856328.0,28.18
2024-03-11,3241.2,3259.0,3200.0,3207.35,738851.0,28.31
2024-03-12,3207.35,3222.7,3111.0,3122.5,1199487.0,37.46
2024-03-13,3125.0,3138.05,2850.15,2906.2,3407040.0,29.0
2024-03-14,2927.45,3101.2,2880.0,3087.45,3759100.0,26.56
2024-03-15,3111.0,3143.4,3061.25,3132.2,2199094.0,34.01
2024-03-18,3050.1,3124.0,2976.05,3111.75,3042515.0,28.02
2024-03-19,3126.0,3164.8,3041.85,3052.7,1460452.0,15.49
2024-03-20,3075.0,3083.2,3021.1,3051.45,966481.0,17.42
2024-03-21,3089.55,3107.1,3059.6,3066.5,1175751.0,31.87
2024-03-22,3066.55,3128.95,3048.05,3107.7,951557.0,30.19
2024-03-25,3066.55,3128.95,3048.05,3107.7,951557.0,30.19
2024-03-26,3100.5,3171.95,3089.1,3109.95,937103.0,27.63
2024-03-27,3115.0,3138.45,3106.25,3122.1,900231.0,43.9
2024-03-28,3134.0,3237.0,3096.75,3197.1,2327053.0,31.8
2024-03-29,3134.0,3237.0,3096.75,3197.1,2327053.0,31.8
2024-04-01,3230.2,3291.8,3207.85,3252.1,1292646.0,22.27
2024-04-02,3258.95,3285.0,3240.0,3268.75,868829.0,33.95
2024-04-03,3250.0,3260.15,3222.0,3233.45,1153109.0,33.42
2024-04-04,3250.0,3273.0,3201.7,3210.8,1403826.0,20.09
2024-04-05,3211.1,3234.0,3178.95,3224.8,755607.0,28.18
2024-04-08,3240.95,3243.5,3197.2,3224.55,577440.0,31.64
2024-04-09,3240.7,3251.0,3185.0,3198.45,833679.0,32.83
2024-04-10,3200.0,3254.6,3192.5,3242.0,1441138.0,48.88
2024-04-11,3200.0,3254.6,3192.5,3242.0,1441138.0,48.88
2024-04-12,3210.0,3247.5,3205.3,3209.9,705173.0,36.56
2024-04-15,3150.0,3180.3,3103.2,3147.45,1035378.0,37.69
2024-04-16,3101.0,3149.2,3100.0,3106.4,1134184.0,48.96
2024-04-17,3101.0,3149.2,3100.0,3106.4,1134184.0,48.96
2024-04-18,3125.15,3145.0,3008.3,3019.3,1703646.0,42.39
2024-04-19,3000.0,3057.05,2962.5,3026.95,1727317.0,39.65
2024-04-22,3053.0,3077.5,3025.0,3063.35,993929.0,50.51
2024-04-23,3059.0,3091.0,3043.1,3065.1,1654272.0,55.25
2024-04-24,3071.95,3087.85,3040.0,3043.55,605917.0,34.85
2024-04-25,3050.0,3120.9,3025.65,3115.25,1515529.0,31.39
2024-04-26,3119.9,3129.9,3066.05,3080.4,662764.0,29.54
2024-04-29,3110.0,3110.5,3051.5,3081.2,648544.0,30.43
2024-04-30,3094.0,3108.45,3045.0,3054.7,804552.0,33.77
2024-05-01,3094.0,3108.45,3045.0,3054.7,804552.0,33.77
2024-05-02,3071.95,3119.85,3015.05,3039.6,2219085.0,20.17
2024-05-03,3030.0,3045.0,2975.1,2993.25,1472168.0,35.07
2024-05-06,2993.25,3000.2,2850.0,2874.65,2377944.0,36.98
2024-05-07,2889.95,2905.35,2822.0,2835.95,1262311.0,26.83
2024-05-08,2850.0,2890.9,2820.0,2860.55,951411.0,28.01
2024-05-09,2864.8,2883.65,2756.0,2766.65,1485510.0,35.43
2024-05-10,2794.95,2809.0,2760.45,2797.25,2354794.0,59.05
2024-05-13,2803.0,2890.0,2790.5,2879.6,3784373.0,60.33
2024-05-14,2894.95,3046.0,2874.55,3037.55,5725807.0,49.53
2024-05-15,3046.75,3118.85,3037.6,3049.75,1688836.0,20.91
2024-05-16,3065.0,3076.95,2974.95,3041.65,1835312.0,16.24
2024-05-17,3041.05,3091.0,3015.5,3060.5,825436.0,32.13
2024-05-20,3074.0,3074.0,3055.0,3059.75,74336.0,53.16
2024-05-21,3067.9,3175.0,3034.5,3117.5,3091659.0,44.45
2024-05-22,3129.95,3145.0,3073.5,3140.95,3371077.0,62.41
2024-05-23,3156.7,3406.0,3135.55,3387.3,6979082.0,25.28
2024-05-24,3406.0,3457.85,3355.6,3384.95,3473668.0,19.85
2024-05-27,3358.0,3358.0,3267.05,3289.05,2582485.0,29.66
2024-05-28,3309.65,3329.5,3229.05,3244.05,1621168.0,23.72
2024-05-29,3250.0,3322.9,3212.0,3258.8,1910729.0,23.34
2024-05-30,3254.0,3274.3,3174.5,3194.25,1990208.0,33.08
2024-05-31,3225.25,3434.45,3225.25,3411.35,6384589.0,20.33
2024-06-03,3725.0,3743.9,3586.05,3645.25,8511359.0,27.83
2024-06-04,3520.0,3520.0,2733.95,2941.25,20306909.0,23.64
2024-06-05,3030.0,3150.0,2750.0,3115.35,8778345.0,17.55
2024-06-06,3184.0,3222.4,3137.15,3185.65,5873271.0,35.51
2024-06-07,3170.4,3233.75,3151.6,3219.55,4740455.0,45.7
2024-06-10,3267.0,3284.4,3205.5,3220.1,4935698.0,46.54
2024-06-11,3224.0,3265.0,3195.05,3221.25,4173692.0,51.98
2024-06-12,3224.9,3245.0,3208.0,3219.05,3022477.0,62.91
2024-06-13,3230.0,3254.0,3207.25,3224.8,3202978.0,57.25
2024-06-14,3225.0,3275.0,3221.1,3261.75,4224855.0,55.9
2024-06-17,3225.0,3275.0,3221.1,3261.75,4224855.0,55.9
2024-06-18,3310.0,3345.0,3287.2,3309.05,1755612.0,36.6
2024-06-19,3314.0,3314.0,3226.3,3261.9,1419264.0,24.93
2024-06-20,3263.9,3315.0,3240.0,3259.45,1366545.0,28.29
2024-06-21,3265.05,3277.1,3176.4,3189.3,4697655.0,65.09
2024-06-24,3185.75,3214.8,3135.0,3194.6,3261647.0,54.91
2024-06-25,3204.75,3208.45,3156.35,3171.1,1694962.0,57.21
2024-06-26,3169.05,3187.7,3163.9,3170.5,2142889.0,65.04
2024-06-27,3177.0,3202.25,3150.0,3175.15,5114980.0,59.52
2024-06-28,3190.0,3211.95,3157.0,3177.15,960905.0,41.35
2024-07-01,3179.95,3193.15,3157.55,3183.8,832170.0,45.52
2024-07-02,3179.85,3207.8,3131.05,3153.2,1490844.0,30.85
2024-07-03,3158.0,3194.55,3147.75,3190.95,1152522.0,51.03
2024-07-04,3192.0,3194.45,3138.05,3144.25,1055391.0,41.01
2024-07-05,3143.9,3158.55,3123.95,3147.9,663988.0,41.06
2024-07-08,3147.9,3158.2,3075.0,3113.6,1155112.0,36.07
2024-07-09,3115.95,3158.0,3100.5,3110.75,922403.0,35.95
2024-07-10,3120.1,3127.25,3063.4,3096.0,586710.0,27.53
2024-07-11,3118.7,3129.8,3074.1,3078.3,899781.0,39.84
2024-07-12,3090.0,3098.8,3058.35,3065.45,756036.0,45.21
2024-07-15,3066.1,3103.5,3058.35,3090.4,724174.0,41.55
2024-07-16,3110.0,3137.75,3096.1,3109.3,988357.0,35.02
2024-07-17,3110.0,3137.75,3096.1,3109.3,988357.0,35.02
2024-07-18,3106.0,3111.0,3057.15,3092.2,1021653.0,30.88
2024-07-19,3092.0,3094.5,3000.0,3005.7,1026941.0,37.63
2024-07-22,3005.7,3026.9,2972.15,3000.85,662085.0,28.57
2024-07-23,3020.0,3038.0,2886.35,2995.35,1443331.0,18.3
2024-07-24,2995.35,3007.5,2959.3,2970.7,693702.0,32.7
2024-07-25,2960.7,3017.65,2945.1,2973.5,1105721.0,25.17
2024-07-26,2995.0,3109.0,2988.1,3080.5,1942427.0,34.92
2024-07-29,3094.3,3120.35,3074.0,3089.35,1037474.0,46.14
2024-07-30,3092.0,3155.0,3066.65,3128.75,1647048.0,43.44
2024-07-31,3141.0,3197.5,3135.0,3169.4,2414005.0,42.42
2024-08-01,3180.0,3258.0,3151.7,3217.25,6149883.0,38.57
2024-08-02,3200.0,3215.0,3111.0,3160.9,3360209.0,36.69
2024-08-05,3085.0,3133.05,2996.3,3038.2,2238921.0,27.08
2024-08-06,3084.0,3142.8,3057.25,3072.7,2125201.0,33.63
2024-08-07,3118.0,3190.0,3112.0,3185.95,1868169.0,48.02
2024-08-08,3190.55,3242.65,3156.55,3167.55,2139376.0,34.78
2024-08-09,3209.0,3219.3,3171.05,3187.55,760165.0,28.3
2024-08-12,3100.0,3169.85,3014.0,3151.75,10307245.0,23.97
2024-08-13,3170.05,3178.1,3081.75,3092.2,2192588.0,39.76
2024-08-14,3085.7,3085.7,3027.75,3040.1,1232383.0,22.01
2024-08-15,3085.7,3085.7,3027.75,3040.1,1232383.0,22.01
2024-08-16,3070.0,3121.6,3039.35,3108.8,970067.0,25.63
2024-08-19,3122.05,3134.3,3092.95,3102.55,557265.0,26.94
2024-08-20,3118.95,3126.0,3058.85,3070.65,662263.0,28.07
2024-08-21,3070.65,3153.3,3068.4,3115.7,1379240.0,36.09
2024-08-22,3130.75,3150.0,3091.0,3099.05,1378912.0,46.43
2024-08-23,3101.0,3123.0,3067.6,3076.35,1375224.0,47.55
2024-08-26,3088.0,3090.0,3055.0,3069.0,1632446.0,49.48
2024-08-27,3072.2,3095.75,3064.0,3067.1,1310440.0,57.35
2024-08-28,3078.0,3078.0,3022.1,3028.0,1569652.0,45.54
2024-08-29,3030.0,3041.95,2981.3,3020.15,1853966.0,40.3
2024-08-30,3030.0,3038.55,3003.3,3019.35,3509174.0,73.09
2024-09-02,3021.1,3059.15,2997.6,3042.15,1842658.0,36.29
2024-09-03,3037.0,3053.05,3023.8,3036.1,1371577.0,64.39
2024-09-04,3010.0,3025.0,2955.2,3012.35,1212270.0,32.25
2024-09-05,3025.0,3037.9,3002.0,3015.35,734273.0,30.08
2024-09-06,3019.0,3025.0,2968.0,2975.45,1251165.0,34.58
2024-09-09,2972.1,2972.5,2927.3,2964.15,1523581.0,54.05
2024-09-10,2971.6,3007.4,2947.6,2986.4,803782.0,32.02
2024-09-11,2985.0,2992.95,2928.0,2937.85,888628.0,34.52
2024-09-12,2950.0,3000.0,2917.15,2991.0,1314173.0,33.82
2024-09-13,2972.0,3001.95,2956.05,2968.35,815948.0,24.62
2024-09-16,2972.0,3026.4,2972.0,2984.9,695162.0,21.01
2024-09-17,2990.05,2995.9,2952.5,2975.2,698700.0,38.54
2024-09-18,2976.0,2984.75,2935.0,2956.3,831891.0,48.8
2024-09-19,2975.05,2975.25,2890.35,2943.15,1655401.0,49.89
2024-09-20,2948.15,3025.0,2942.05,3008.5,1787210.0,45.2
2024-09-23,3020.0,3070.0,3015.25,3043.95,897314.0,36.27
2024-09-24,3055.0,3101.0,3040.25,3093.9,1021918.0,41.16
2024-09-25,3108.0,3123.9,3080.2,3105.1,913008.0,34.03
2024-09-26,3085.0,3148.0,3085.0,3122.65,1548019.0,33.66
2024-09-27,3122.0,3179.0,3116.0,3130.3,2297441.0,65.94
2024-09-30,3129.0,3209.9,3120.4,3135.85,1607429.0,31.84
2024-10-01,3136.3,3192.0,3107.0,3186.1,1367116.0,38.63
2024-10-02,3136.3,3192.0,3107.0,3186.1,1367116.0,38.63
2024-10-03,3150.0,3196.35,3084.1,3116.0,1309703.0,33.88
2024-10-04,3119.9,3149.5,3070.0,3110.65,987583.0,30.12
2024-10-07,3110.65,3128.5,2980.45,3018.0,1743454.0,36.78
2024-10-08,3018.5,3170.0,2994.85,3160.7,1776511.0,36.57
2024-10-09,3175.0,3179.95,3134.4,3153.75,897335.0,36.32
2024-10-10,3140.0,3211.0,3056.1,3174.2,2905725.0,25.31
2024-10-11,3174.2,3190.0,3116.0,3137.2,1035260.0,25.16
2024-10-14,3145.0,3150.1,3092.85,3101.1,437728.0,26.09
2024-10-15,3124.0,3128.0,3091.5,3104.7,371613.0,26.45
2024-10-16,3098.0,3115.4,3061.0,3085.9,543476.0,27.34
2024-10-17,3089.95,3100.0,2993.0,3013.75,2655289.0,63.54
2024-10-18,2990.0,3031.7,2968.1,3002.0,796339.0,38.29
2024-10-21,3005.15,3014.95,2916.95,2937.65,1051690.0,41.03
2024-10-22,2938.0,2955.0,2818.0,2823.8,1209732.0,36.22
2024-10-23,2840.85,2879.0,2820.1,2835.55,1270530.0,41.79
2024-10-24,2841.05,2875.15,2807.9,2830.2,942066.0,29.71
2024-10-25,2845.0,2847.0,2654.7,2693.45,1954174.0,32.86
2024-10-28,2701.1,2822.4,2672.1,2798.65,1385033.0,29.79
2024-10-29,2803.0,2863.05,2732.85,2848.6,1529844.0,20.73
2024-10-30,2864.0,2997.15,2815.05,2969.3,2884272.0,20.76
2024-10-31,2967.9,2976.5,2933.85,2947.25,1156390.0,29.53
2024-11-01,2960.0,2975.6,2928.4,2949.5,304673.0,40.76
2024-11-04,2935.0,2943.0,2857.75,2897.4,1059384.0,35.84
2024-11-05,2897.4,2924.0,2870.0,2915.55,752303.0,27.52
2024-11-06,2918.0,3070.0,2918.0,3046.25,1676755.0,29.02
2024-11-07,3045.0,3045.0,2943.05,2970.1,1285585.0,23.47
2024-11-08,2965.1,2995.0,2911.25,2929.1,835641.0,39.18
2024-11-11,2928.0,2946.8,2888.0,2903.65,584144.0,30.72
2024-11-12,2910.0,2930.45,2855.0,2870.0,597231.0,30.83
2024-11-13,2860.0,2889.0,2808.0,2816.7,890146.0,35.79
2024-11-14,2824.0,2844.8,2801.0,2826.8,646797.0,27.59
2024-11-18,2826.8,2858.65,2793.3,2818.7,489692.0,22.17
2024-11-19,2831.0,2894.8,2809.8,2821.5,536296.0,17.72
2024-11-20,2831.0,2894.8,2809.8,2821.5,536296.0,17.72
2024-11-21,2539.35,2539.35,2155.05,2183.65,21796668.0,20.49
2024-11-22,2101.0,2289.7,2025.0,2228.0,20939196.0,9.87
2024-11-25,2315.0,2333.65,2238.0,2257.5,7466733.0,20.1
2024-11-26,2265.6,2292.85,2136.0,2150.5,7723187.0,15.93
2024-11-27,2180.0,2418.0,2142.15,2397.8,17502156.0,9.5
2024-11-28,2440.0,2526.3,2400.0,2437.1,14445549.0,10.53
2024-11-29,2464.05,2520.0,2400.0,2463.15,8191680.0,12.9
2024-12-02,2491.35,2508.0,2426.6,2457.05,3807565.0,13.25
2024-12-03,2464.0,2558.0,2462.05,2514.2,4070042.0,21.45
2024-12-04,2528.0,2530.05,2470.1,2494.75,2344949.0,22.27
2024-12-05,2505.0,2538.15,2470.25,2522.55,3333144.0,26.15
2024-12-06,2520.0,2535.0,2502.5,2506.4,1240437.0,26.55
2024-12-09,2507.9,2526.0,2483.15,2495.85,958369.0,23.04
2024-12-10,2501.0,2501.0,2455.0,2467.2,1119844.0,26.75
2024-12-11,2469.0,2480.0,2451.0,2457.25,712674.0,27.16
2024-12-12,2457.0,2534.8,2446.25,2504.1,2579624.0,18.98
2024-12-13,2504.0,2545.0,2479.05,2527.55,1940935.0,22.48
2024-12-16,2530.0,2537.5,2503.0,2512.4,654321.0,28.03
2024-12-17,2512.0,2525.0,2480.75,2487.6,1061891.0,36.1
2024-12-18,2489.0,2496.6,2452.0,2457.4,990217.0,43.1
2024-12-19,2429.0,2434.0,2397.1,2419.35,1181898.0,37.82
2024-12-20,2429.0,2453.85,2333.0,2344.95,1337016.0,22.78
2024-12-23,2373.95,2379.5,2332.75,2338.95,758920.0,28.78
2024-12-24,2355.2,2412.9,2340.0,2372.45,1156186.0,20.07
2024-12-25,2355.2,2412.9,2340.0,2372.45,1156186.0,20.07
2024-12-26,2378.05,2410.0,2368.0,2400.25,895785.0,26.47
2024-12-27,2415.0,2446.15,2390.5,2409.95,1982291.0,53.46
2024-12-30,2425.0,2610.0,2421.95,2592.35,7825097.0,17.64
2024-12-31,2575.0,2577.75,2507.45,2528.65,2745674.0,30.32
2025-01-01,2536.0,2644.2,2518.25,2554.85,2875721.0,24.69
2025-01-02,2565.7,2602.0,2537.0,2597.7,1167236.0,28.27
2025-01-03,2580.0,2619.0,2556.6,2564.6,932795.0,22.63
2025-01-06,2557.65,2568.85,2463.5,2474.45,1121398.0,25.37
2025-01-07,2474.65,2525.0,2474.65,2520.55,1019131.0,35.12
2025-01-08,2520.55,2530.0,2490.0,2515.25,879641.0,38.98
2025-01-09,2517.0,2517.55,2469.5,2477.9,705838.0,28.3
2025-01-10,2480.0,2484.6,2368.25,2374.4,1418808.0,32.43
2025-01-13,2365.0,2365.0,2216.9,2225.15,1559903.0,29.74
2025-01-14,2241.5,2422.9,2241.5,2380.55,4120705.0,17.39
2025-01-15,2399.0,2421.95,2372.65,2388.15,1421437.0,35.85
2025-01-16,2500.0,2570.0,2418.85,2427.85,2841803.0,31.74
2025-01-17,2450.0,2450.0,2380.05,2399.8,1122205.0,23.73
2025-01-20,2413.75,2454.0,2390.0,2442.8,1039435.0,34.11
2025-01-21,2441.75,2441.75,2373.65,2384.3,1206512.0,37.2
2025-01-22,2399.0,2399.0,2325.15,2376.55,1147334.0,28.89
2025-01-23,2383.0,2405.15,2355.0,2385.0,826721.0,37.15
2025-01-24,2387.75,2406.0,2299.4,2315.1,1388583.0,25.87
2025-01-27,2310.05,2318.1,2250.05,2259.7,1032995.0,30.56
2025-01-28,2274.2,2315.85,2242.0,2286.05,966497.0,21.09
2025-01-29,2297.0,2326.25,2282.6,2318.6,785220.0,17.99
2025-01-30,2325.0,2351.5,2201.3,2252.6,2601625.0,20.23
2025-01-31,2238.85,2314.95,2213.75,2287.8,2013345.0,42.74
2025-02-03,2266.75,2279.0,2213.9,2261.85,824942.0,21.47
2025-02-04,2278.9,2312.0,2267.55,2301.5,691187.0,27.55
2025-02-05,2314.95,2349.4,2309.05,2324.6,560940.0,30.98
2025-02-06,2340.0,2340.0,2298.2,2312.45,680544.0,23.89
2025-02-07,2312.45,2374.9,2307.35,2338.8,892900.0,29.08
2025-02-10,2350.0,2350.95,2280.1,2290.8,739708.0,33.93
2025-02-11,2312.0,2397.0,2306.0,2321.75,4895456.0,16.18
2025-02-12,2325.0,2378.45,2281.0,2353.45,1933098.0,31.39
2025-02-13,2354.0,2372.75,2233.4,2244.7,2551940.0,42.06
2025-02-14,2245.7,2249.3,2124.55,2152.65,2550043.0,27.85
2025-02-17,2152.65,2240.4,2110.65,2223.7,1400160.0,14.42
2025-02-18,2240.0,2240.0,2166.05,2220.3,1138090.0,22.89
2025-02-19,2166.0,2219.4,2127.0,2180.8,1203163.0,19.32
2025-02-20,2180.8,2216.35,2156.8,2179.0,1086670.0,30.15
2025-02-21,2190.45,2199.6,2116.85,2133.1,1540308.0,39.59
2025-02-24,2128.95,2138.5,2096.7,2115.15,1032294.0,29.22
2025-02-25,2115.15,2158.3,2102.0,2129.85,802131.0,21.82
2025-02-27,2143.75,2149.1,2102.5,2110.95,941950.0,36.13
2025-02-28,2107.0,2111.35,2072.0,2096.0,2373922.0,58.44
2025-03-03,2109.0,2127.25,2026.55,2117.1,1592611.0,33.32
2025-03-04,2085.1,2154.0,2080.0,2144.8,852978.0,38.44
2025-03-05,2153.95,2258.4,2148.05,2245.85,1370106.0,29.66
2025-03-06,2260.0,2268.9,2226.15,2252.85,890270.0,30.05
2025-03-07,2249.95,2267.65,2227.0,2247.5,818806.0,36.8
2025-03-10,2245.0,2288.0,2220.0,2228.3,940113.0,29.4
2025-03-11,2223.15,2267.85,2208.3,2250.6,947079.0,34.12
2025-03-12,2270.0,2280.0,2180.95,2241.8,1049076.0,24.59
2025-03-13,2249.0,2273.0,2215.6,2221.1,750310.0,31.24
2025-03-17,2200.0,2286.9,2198.0,2252.7,927737.0,36.61
2025-03-18,2274.0,2314.2,2259.75,2308.5,878007.0,33.13
2025-03-19,2319.95,2342.0,2311.05,2318.65,1030345.0,49.14
2025-03-20,2348.0,2348.0,2299.0,2339.3,2587051.0,66.61
2025-03-21,2343.8,2389.55,2338.0,2362.8,1101418.0,37.58
2025-03-24,2370.0,2395.0,2361.1,2368.7,1010184.0,48.39
2025-03-25,2385.0,2387.65,2315.1,2320.35,763065.0,31.88
2025-03-26,2324.9,2359.85,2308.05,2312.6,1078870.0,37.92
2025-03-27,2310.0,2373.9,2291.6,2363.35,1696042.0,47.21
2025-03-28,2376.0,2386.95,2293.7,2315.8,1838836.0,40.15
2025-04-01,2312.0,2358.95,2301.0,2335.25,501942.0,22.55
2025-04-02,2339.75,2378.85,2314.55,2369.4,573928.0,28.14
2025-04-03,2339.75,2429.9,2339.7,2410.8,1023200.0,28.71
2025-04-04,2394.95,2410.05,2315.5,2334.65,1219733.0,50.23
2025-04-07,2150.05,2239.0,2145.0,2212.7,1567177.0,38.09
2025-04-08,2270.0,2301.0,2225.0,2285.7,1224362.0,37.04
2025-04-09,2265.7,2279.55,2215.2,2236.9,1001633.0,42.4
2025-04-11,2303.05,2343.5,2281.0,2321.4,981463.0,27.06
2025-04-15,2375.0,2440.0,2359.0,2418.2,1145125.0,38.22
2025-04-16,2400.0,2428.0,2382.9,2415.6,889949.0,35.61
2025-04-17,2418.0,2448.6,2392.0,2418.1,1054797.0,24.82
2025-04-21,2426.1,2464.9,2395.5,2442.7,782559.0,23.01
2025-04-22,2458.9,2483.4,2441.0,2445.5,766567.0,22.54
2025-04-23,2460.0,2473.8,2421.2,2453.6,672262.0,22.84
2025-04-24,2450.0,2461.4,2425.1,2442.5,596696.0,28.92
2025-04-25,2450.1,2459.5,2323.5,2354.3,1414809.0,27.99
2025-04-28,2346.0,2402.0,2337.6,2369.8,681421.0,20.58
2025-04-29,2392.0,2400.0,2325.6,2330.6,670730.0,29.76
2025-04-30,2331.4,2340.0,2285.0,2301.3,837464.0,38.49
2025-05-02,2349.9,2372.4,2289.4,2294.2,1958739.0,17.61
2025-05-05,2312.6,2497.0,2297.8,2455.5,4227194.0,22.14
2025-05-06,2454.0,2463.2,2343.5,2354.0,1524692.0,25.27
2025-05-07,2315.0,2379.5,2315.0,2353.1,1012640.0,21.39
2025-05-08,2362.0,2367.8,2260.0,2285.3,1380069.0,38.63
2025-05-09,2240.0,2273.1,2233.0,2251.0,1006000.0,26.57
2025-05-12,2350.0,2433.3,2315.0,2425.3,2147039.0,21.1
2025-05-13,2425.0,2454.9,2405.0,2441.2,1815179.0,30.93
2025-05-14,2444.9,2481.9,2430.1,2461.9,774441.0,28.16
2025-05-15,2463.4,2526.8,2450.7,2520.0,1554801.0,29.68
2025-05-16,2529.0,2584.2,2516.2,2555.0,1641135.0,31.59
2025-05-19,2571.3,2578.8,2536.0,2540.6,681000.0,34.82
2025-05-20,2545.0,2564.8,2492.5,2501.6,628023.0,28.8
2025-05-21,2509.7,2524.5,2483.7,2500.4,529234.0,24.16
2025-05-22,2500.4,2521.9,2465.3,2487.6,906909.0,33.01
2025-05-23,2499.0,2548.1,2490.5,2540.0,968415.0,31.61
2025-05-26,2549.1,2568.9,2541.3,2547.7,552912.0,28.73
2025-05-27,2545.9,2569.1,2526.1,2540.3,514936.0,24.19
2025-05-28,2559.0,2559.0,2510.0,2515.0,575989.0,32.26
2025-05-29,2536.7,2559.0,2511.0,2540.8,802317.0,29.21
2025-05-30,2550.0,2564.0,2513.8,2519.9,684592.0,37.53
2025-06-02,2527.0,2564.0,2514.9,2518.8,1008716.0,38.32
2025-06-03,2511.0,2512.5,2452.0,2470.9,962708.0,18.2
2025-06-04,2480.0,2503.0,2441.1,2489.4,552667.0,26.17
2025-06-05,2495.0,2530.1,2487.5,2504.4,673209.0,28.45
2025-06-06,2514.9,2553.3,2504.0,2534.2,640680.0,31.23
2025-06-09,2545.0,2604.1,2524.5,2582.1,1711167.0,36.98
2025-06-10,2600.0,2663.2,2577.7,2613.1,2084054.0,28.02
2025-06-11,2630.0,2630.9,2563.1,2581.2,745432.0,30.11
2025-06-12,2591.5,2601.8,2530.0,2543.7,955097.0,21.26
2025-06-13,2498.0,2516.0,2460.0,2507.9,695869.0,24.45
2025-06-16,2500.0,2563.3,2462.0,2544.0,956459.0,31.59
2025-06-17,2535.0,2539.6,2479.0,2488.5,703343.0,36.15
2025-06-18,2491.9,2495.9,2445.4,2459.1,667044.0,25.16
2025-06-19,2466.3,2468.9,2405.1,2420.6,688209.0,29.83
2025-06-20,2428.0,2461.3,2415.0,2448.4,3002549.0,74.8
2025-06-23,2438.0,2492.6,2421.0,2472.0,790535.0,25.36
2025-06-24,2504.0,2544.6,2500.2,2505.6,996405.0,20.73
2025-06-25,2519.9,2541.6,2512.1,2527.2,921346.0,49.93
2025-06-26,2535.0,2593.6,2522.2,2586.2,1339627.0,36.77
2025-06-27,2587.7,2681.6,2582.0,2646.3,4049316.0,37.25
2025-06-30,2650.0,2653.9,2605.9,2619.4,694815.0,33.65
2025-07-01,2624.9,2645.0,2603.0,2621.8,729197.0,33.97
2025-07-02,2634.0,2646.0,2613.6,2630.2,621409.0,35.62
2025-07-03,2634.0,2644.0,2605.1,2611.2,502724.0,32.4
2025-07-04,2617.0,2617.0,2582.2,2599.1,370305.0,21.08
2025-07-07,2602.0,2605.4,2572.0,2576.1,412159.0,31.45
2025-07-08,2586.0,2600.0,2573.0,2591.3,357701.0,27.94
2025-07-09,2599.0,2609.9,2570.0,2583.0,396880.0,24.15
2025-07-10,2591.0,2604.0,2575.0,2581.0,306565.0,26.78
2025-07-11,2575.0,2591.9,2551.9,2558.7,390645.0,32.98
2025-07-14,2555.0,2604.8,2543.5,2581.3,536585.0,32.61
2025-07-15,2588.0,2606.9,2576.0,2598.2,379425.0,25.4
2025-07-16,2602.5,2619.5,2595.5,2608.5,686644.0,39.36
2025-07-17,2612.0,2654.5,2605.3,2616.6,785771.0,25.36
2025-07-18,2612.0,2626.7,2584.2,2596.1,479942.0,34.67
2025-07-21,2596.3,2624.9,2585.0,2619.5,369782.0,32.71
2025-07-22,2626.0,2630.0,2581.6,2587.8,387055.0,32.86
2025-07-23,2600.7,2625.9,2593.5,2614.5,316424.0,30.32
2025-07-24,2615.4,2624.2,2595.0,2608.4,253782.0,24.0
2025-07-25,2605.0,2617.0,2544.1,2550.1,424612.0,29.41
2025-07-28,2549.0,2585.0,2512.6,2522.3,428409.0,30.64
2025-07-29,2529.0,2557.4,2507.5,2547.9,424781.0,24.23
2025-07-30,2547.9,2552.6,2525.0,2532.9,262063.0,26.24
2025-07-31,2509.9,2520.0,2422.6,2430.7,1457616.0,23.72
2025-08-01,2425.0,2444.9,2333.0,2350.9,976341.0,37.86
2025-08-04,2360.0,2374.7,2338.2,2363.6,576426.0,30.19
2025-08-05,2370.0,2370.0,2316.0,2328.2,576742.0,29.04
2025-08-06,2333.9,2347.9,2296.0,2300.3,631582.0,30.55
2025-08-07,2290.0,2295.0,2202.8,2249.8,1529410.0,27.92
2025-08-08,2247.0,2260.9,2164.8,2178.1,2552736.0,45.89
2025-08-11,2196.0,2302.0,2183.0,2283.4,2376286.0,22.27
2025-08-12,2280.1,2314.7,2267.0,2288.2,1075526.0,24.48
2025-08-13,2299.0,2314.9,2245.4,2280.1,833679.0,16.31
2025-08-14,2288.0,2304.0,2267.7,2281.6,998109.0,42.11
2025-08-18,2309.6,2360.0,2300.0,2333.6,988629.0,38.39
2025-08-19,2339.9,2395.6,2314.1,2388.4,1069432.0,38.54
2025-08-20,2380.0,2406.0,2372.1,2387.1,780025.0,41.06
2025-08-21,2387.1,2397.0,2371.4,2377.2,441867.0,26.32
2025-08-22,2369.9,2376.3,2321.0,2324.9,584211.0,27.61
2025-08-25,2335.7,2348.4,2300.0,2302.9,542455.0,30.87
2025-08-26,2304.0,2309.3,2249.4,2272.0,1071550.0,38.96
2025-08-28,2271.9,2327.9,2255.0,2275.2,907868.0,16.6
2025-08-29,2283.0,2289.7,2240.0,2244.7,795699.0,36.45
2025-09-01,2259.0,2288.0,2252.1,2284.2,425639.0,21.08
2025-09-02,2291.0,2302.0,2264.0,2274.2,481894.0,25.05
2025-09-03,2285.0,2293.0,2263.1,2288.7,443629.0,22.61
2025-09-04,2309.9,2317.3,2275.0,2278.8,392697.0,20.47
2025-09-05,2275.0,2293.5,2248.0,2281.4,443010.0,30.22
2025-09-08,2290.0,2333.9,2286.0,2310.9,542811.0,20.57
2025-09-09,2320.0,2325.0,2297.0,2311.6,369431.0,27.72
2025-09-10,2330.0,2345.9,2325.1,2340.2,390490.0,30.44
2025-09-11,2348.0,2418.7,2340.2,2398.8,2111888.0,34.61
2025-09-12,2416.9,2421.6,2387.1,2392.0,533971.0,36.61
2025-09-15,2392.0,2402.8,2378.1,2383.4,298129.0,29.03
2025-09-16,2410.0,2415.8,2388.0,2399.4,752979.0,22.06
2025-09-17,2417.0,2417.0,2391.0,2402.0,514354.0,40.38
2025-09-18,2414.5,2438.0,2388.4,2402.0,703730.0,35.0
2025-09-19,2495.0,2579.0,2466.1,2524.0,7965135.0,15.85
2025-09-22,2535.0,2659.0,2522.1,2629.5,7022985.0,25.59
2025-09-23,2642.6,2695.0,2593.0,2676.4,5610022.0,36.31
2025-09-24,2655.0,2676.0,2614.4,2619.8,1720785.0,19.8
2025-09-25,2625.0,2647.9,2567.0,2576.4,1489682.0,33.38
2025-09-26,2572.8,2605.0,2535.0,2543.7,1037808.0,16.32
2025-09-29,2543.7,2555.0,2505.0,2509.5,1012402.0,27.65
2025-09-30,2522.0,2535.0,2490.6,2505.9,712592.0,23.83
2025-10-01,2518.4,2603.4,2472.1,2592.7,1573485.0,26.35
2025-10-03,2595.0,2612.9,2564.4,2589.9,917651.0,19.6
2025-10-06,2589.1,2599.8,2562.6,2573.5,654955.0,34.94
2025-10-07,2580.7,2617.3,2533.1,2542.2,1120230.0,23.8
2025-10-08,2562.0,2565.0,2500.0,2524.1,1063357.0,17.82
2025-10-09,2535.0,2559.0,2522.2,2542.4,651703.0,27.92
2025-10-10,2552.0,2565.0,2538.8,2550.9,690142.0,34.98
2025-10-13,2529.1,2542.1,2504.0,2527.4,645483.0,17.13
2025-10-14,2538.9,2538.9,2485.2,2517.0,673048.0,22.63
2025-10-15,2535.0,2561.4,2527.3,2532.8,759772.0,42.59
2025-10-16,2544.8,2579.7,2540.9,2557.6,1020102.0,39.5
2025-10-17,2560.0,2577.2,2543.1,2549.4,682968.0,26.42
2025-10-20,2561.3,2579.0,2537.1,2548.1,747349.0,38.14
2025-10-21,2554.9,2562.0,2542.3,2549.9,101019.0,43.61
2025-10-22,2554.9,2562.0,2542.3,2549.9,101019.0,43.61
2025-10-23,2559.9,2577.8,2540.9,2545.8,852445.0,53.63
2025-10-24,2554.8,2554.8,2497.7,2504.2,473765.0,41.64
2025-10-27,2504.2,2514.6,2487.1,2492.8,478055.0,34.75
2025-10-28,2495.0,2516.0,2479.1,2494.4,626988.0,27.69
2025-10-29,2500.0,2600.0,2495.5,2537.4,1526734.0,22.7
2025-10-30,2550.0,2559.4,2511.8,2526.9,783328.0,29.8
2025-10-31,2535.0,2543.5,2464.9,2481.0,848642.0,32.7
2025-11-03,2484.0,2501.9,2457.5,2467.0,731108.0,27.79
2025-11-04,2479.8,2488.9,2390.6,2419.8,2072668.0,20.5
2025-11-05,2479.8,2488.9,2390.6,2419.8,2072668.0,20.5
2025-11-06,2425.1,2427.1,2307.6,2314.3,1978147.0,36.0
2025-11-07,2315.0,2402.5,2291.4,2369.4,2232889.0,25.7
2025-11-10,2380.9,2388.0,2364.0,2370.7,559808.0,25.64
2025-11-11,2368.0,2378.9,2338.5,2366.8,634172.0,22.31
2025-11-12,2384.0,2517.5,2361.0,2484.5,6685426.0,40.22
2025-11-13,2502.0,2525.0,2468.1,2488.2,2706326.0,51.98
2025-11-14,2500.0,2553.7,2481.0,2516.8,4496233.0,52.57
2025-11-17,2460.0,2474.9,2421.0,2462.0,2672697.0,51.65
2025-11-18,2462.0,2478.6,2434.3,2436.8,1245215.0,49.85
2025-11-19,2446.5,2449.9,2413.9,2433.1,774785.0,35.7
2025-11-20,2450.1,2478.9,2440.4,2446.1,1526556.0,26.77
2025-11-21,2450.0,2456.2,2418.0,2422.3,547541.0,25.07
2025-11-24,2426.2,2432.3,2393.1,2399.2,691419.0,51.71
2025-11-25,2400.9,2407.7,2325.3,2332.9,2223715.0,32.05
2025-11-26,2321.2,2357.0,2310.0,2315.0,1026965.0,32.44
2025-11-27,2310.0,2320.5,2243.0,2255.0,1474038.0,47.57
2025-11-28,2267.1,2331.0,2247.8,2280.2,3037620.0,21.81
2025-12-01,2300.0,2304.0,2257.0,2262.0,1313265.0,40.85
2025-12-02,2255.0,2267.2,2232.2,2239.6,1035354.0,45.47
2025-12-03,2240.0,2245.0,2172.2,2189.8,1643852.0,41.0
2025-12-04,2188.0,2231.7,2183.4,2217.9,2522821.0,56.1
2025-12-05,2217.9,2268.6,2202.9,2265.4,2400781.0,56.13
2025-12-08,2265.4,2270.4,2205.0,2216.2,939764.0,30.59
2025-12-09,2216.2,2257.0,2178.4,2245.2,1227728.0,24.22
2025-12-10,2255.8,2267.5,2204.1,2211.6,935149.0,23.1
2025-12-11,2225.0,2293.9,2192.4,2277.7,1519832.0,25.3
2025-12-12,2277.7,2296.8,2270.2,2282.4,929199.0,29.94
2025-12-15,2282.4,2300.0,2273.0,2278.9,573027.0,26.46
2025-12-16,2270.0,2276.8,2232.1,2247.9,654714.0,35.37
2025-12-17,2247.6,2255.0,2221.0,2232.5,651509.0,27.56
2025-12-18,2236.4,2245.0,2211.1,2229.3,508238.0,17.06
2025-12-19,2249.0,2250.0,2210.0,2239.0,880005.0,31.54
2025-12-22,2260.0,2274.0,2245.9,2263.5,599195.0,27.11
2025-12-23,2272.5,2273.6,2245.0,2248.8,450112.0,30.78
2025-12-24,2250.0,2258.8,2217.4,2222.7,825693.0,47.77
2025-12-25,2250.0,2258.8,2217.4,2222.7,825693.0,47.77
2025-12-26,2229.3,2250.9,2218.0,2229.9,566237.0,26.62
2025-12-29,2232.0,2238.2,2196.0,2203.2,690691.0,40.93
2025-12-30,2204.8,2219.0,2195.0,2214.7,935026.0,49.54
2025-12-31,2216.3,2246.4,2216.3,2239.7,779141.0,47.3
2026-01-01,2249.0,2287.4,2241.0,2260.0,1046220.0,25.39
2026-01-02,2260.0,2283.7,2259.0,2279.8,715242.0,46.18
2026-01-05,2287.0,2303.9,2274.3,2279.5,696380.0,41.83
2026-01-06,2288.9,2290.4,2248.1,2259.1,698294.0,41.88
2026-01-07,2265.0,2284.0,2243.0,2274.1,529451.0,29.6
2026-01-08,2275.0,2275.9,2205.0,2214.0,792800.0,37.74
2026-01-09,2214.1,2216.0,2145.0,2153.7,1570376.0,34.97
2026-01-12,2156.6,2180.0,2119.0,2171.6,1257197.0,26.23
2026-01-13,2187.8,2187.8,2141.1,2158.5,791556.0,26.35
2026-01-14,2156.0,2169.0,2142.0,2153.3,618139.0,34.04
2026-01-15,2156.0,2169.0,2142.0,2153.3,618139.0,34.04
2026-01-16,2162.8,2193.9,2152.1,2157.3,758469.0,36.05
2026-01-19,2155.0,2156.8,2123.0,2134.6,749495.0,33.49
2026-01-20,2134.0,2139.9,2040.0,2055.1,1160975.0,39.2
2026-01-21,2056.5,2068.2,2004.1,2032.2,1354644.0,25.16
2026-01-22,2055.9,2102.9,2051.0,2086.4,942721.0,28.09
2026-01-23,2080.5,2082.5,1848.0,1864.2,7492631.0,26.66
2026-01-26,2080.5,2082.5,1848.0,1864.2,7492631.0,26.66
2026-01-27,1909.0,1973.9,1893.0,1959.5,5449633.0,14.24
2026-01-28,1985.0,2004.0,1952.0,1994.7,2073198.0,28.49
2026-01-29,1999.8,2029.1,1972.0,2019.2,1391239.0,30.18
2026-01-30,2005.0,2038.8,1992.2,2020.4,1230915.0,31.67
2026-02-02,1956.6,2002.2,1934.0,1995.4,1229270.0,22.95
2026-02-03,2150.0,2233.4,2131.1,2202.6,6918581.0,17.32
2026-02-04,2220.0,2246.0,2189.2,2228.2,2051918.0,19.25
2026-02-05,2232.0,2243.7,2210.0,2236.6,992382.0,23.19
2026-02-06,2226.1,2238.0,2200.4,2226.4,933650.0,23.29
2026-02-09,2250.0,2288.0,2240.0,2250.1,1650899.0,38.46
2026-02-10,2259.0,2268.3,2171.0,2228.4,1670672.0,15.18
2026-02-11,2232.9,2237.7,2215.1,2234.4,682320.0,38.66
2026-02-12,2229.0,2229.5,2201.0,2211.8,649585.0,25.93
2026-02-13,2210.0,2210.0,2124.2,2136.6,1489548.0,31.25
2026-02-16,2124.2,2190.9,2103.2,2184.6,1824808.0,32.06
2026-02-17,2170.0,2252.0,2170.0,2242.9,1931699.0,30.92
2026-02-18,2254.0,2254.0,2188.1,2211.2,1149398.0,25.43
2026-02-19,2218.9,2218.9,2151.0,2156.7,1101633.0,28.01
2026-02-20,2160.0,2174.4,2152.1,2160.8,738454.0,18.66
2026-02-23,2180.0,2203.0,2155.3,2191.0,1103960.0,27.32
2026-02-24,2168.6,2204.7,2162.2,2183.0,1152423.0,33.89
2026-02-25,2193.2,2237.3,2180.1,2231.7,1474187.0,43.13
2026-02-26,2230.0,2232.4,2200.1,2216.4,915342.0,31.37
2026-02-27,2210.0,2216.4,2153.0,2161.8,1433096.0,59.45
2026-03-02,2093.0,2147.9,2073.7,2124.6,2134522.0,33.68
2026-03-03,2093.0,2147.9,2073.7,2124.6,2134522.0,33.68
2026-03-04,2104.6,2104.6,2037.5,2076.5,1585848.0,39.63
2026-03-05,2094.0,2100.0,2040.0,2089.2,1231524.0,21.62
2026-03-06,2079.1,2090.0,2030.2,2039.9,1696027.0,54.3
2026-03-09,1985.0,2006.0,1940.4,1999.2,1305447.0,26.45
2026-03-10,2030.0,2030.0,1982.2,1996.5,1680405.0,44.82
2026-03-11,2006.6,2027.4,1970.0,1974.7,1088294.0,31.58
2026-03-12,1960.0,2026.0,1947.1,2002.0,1473773.0,25.29
2026-03-13,1999.9,2008.6,1945.0,1961.1,1195448.0,30.33
2026-03-16,1961.0,1994.8,1946.6,1978.0,1465828.0,38.37
2026-03-17,1989.9,1990.0,1945.0,1975.4,1268988.0,21.6
2026-03-18,1988.9,2027.0,1982.2,2007.2,1041095.0,23.83
2026-03-19,1984.0,1988.6,1930.0,1936.8,1510588.0,32.23
2026-03-20,1951.0,1974.4,1919.9,1927.1,1175662.0,31.75
2026-03-23,1910.0,1910.1,1820.5,1833.0,2370668.0,34.99
2026-03-24,1892.7,1893.0,1813.7,1817.9,11211381.0,62.76
2026-03-25,1847.9,1911.0,1839.2,1886.6,2537690.0,33.43
2026-03-26,1847.9,1911.0,1839.2,1886.6,2537690.0,33.43
2026-03-27,1880.0,1883.2,1816.5,1823.0,2585257.0,55.49
2026-03-30,1810.0,1837.8,1753.0,1758.8,2825299.0,41.52
2026-03-31,1810.0,1837.8,1753.0,1758.8,2825299.0,41.52
2026-04-01,1825.0,1870.0,1803.8,1842.5,2328166.0,34.18
2026-04-02,1805.0,1842.9,1770.1,1834.2,1830598.0,23.33
2026-04-03,1805.0,1842.9,1770.1,1834.2,1830598.0,23.33
2026-04-06,1836.9,1909.0,1802.1,1902.2,3153437.0,37.1
2026-04-07,1890.0,1904.6,1865.0,1882.1,1566909.0,30.81
2026-04-08,2000.0,2099.0,1975.1,2043.8,4197831.0,19.58
2026-04-09,2039.8,2065.0,2010.3,2040.5,2481188.0,40.05
2026-04-10,2043.1,2094.6,2041.7,2086.8,1700162.0,33.04
2026-04-13,2010.2,2159.0,2000.2,2129.0,3729773.0,19.46
2026-04-14,2010.2,2159.0,2000.2,2129.0,3729773.0,19.46
2026-04-15,2187.0,2200.0,2136.0,2144.4,1779015.0,30.33
2026-04-16,2170.0,2210.4,2161.1,2203.7,2188912.0,25.01
2026-04-17,2240.0,2240.0,2186.1,2218.3,2408901.0,24.01
2026-04-20,2218.3,2280.1,2202.2,2229.6,1795338.0,29.34
2026-04-21,2229.7,2255.0,2220.0,2226.0,1818221.0,46.81
2026-04-22,2229.0,2278.6,2224.1,2260.8,3517237.0,46.25
2026-04-23,2243.5,2333.9,2221.8,2300.0,2948009.0,29.26
2026-04-24,2310.2,2321.4,2227.0,2287.6,2271317.0,23.56
2026-04-27,2300.2,2337.0,2286.0,2321.8,1500864.0,32.49
2026-04-28,2321.8,2420.0,2320.9,2412.4,4375556.0,26.02
2026-04-29,2427.6,2443.8,2388.0,2425.9,4656967.0,43.49
2026-04-30,2394.9,2420.0,2328.8,2408.4,3538354.0,29.16
2026-05-01,2394.9,2420.0,2328.8,2408.4,3538354.0,29.16
2026-05-04,2390.4,2515.0,2375.0,2485.7,6039537.0,29.93
2026-05-05,2470.0,2511.9,2450.0,2462.0,1622580.0,19.17
2026-05-06,2475.5,2546.5,2472.2,2540.3,3169133.0,34.09
2026-05-07,2540.3,2549.9,2506.2,2513.7,1098088.0,26.38
2026-05-08,2519.0,2546.1,2500.0,2505.9,1499613.0,29.73
2026-05-11,2495.0,2514.0,2460.0,2500.2,1279432.0,26.14
2026-05-12,2487.7,2511.7,2400.1,2405.2,1459022.0,34.15
2026-05-13,2401.1,2530.0,2401.1,2498.0,2036291.0,32.57
2026-05-14,2530.1,2720.0,2530.0,2712.9,9539233.0,22.99
2026-05-15,2781.1,2803.1,2661.0,2716.0,6742083.0,17.54
2026-05-18,2700.0,2710.0,2647.5,2689.8,2033884.0,20.01
2026-05-19,2734.7,2774.5,2697.0,2725.0,4204144.0,26.3
2026-05-20,2715.0,2720.0,2685.1,2704.8,1187449.0,16.77
2026-05-21,2727.9,2770.0,2684.0,2697.6,1606690.0,21.2
2026-05-22,2710.2,2745.0,2706.1,2717.3,1094843.0,24.59
2026-05-25,2739.8,2858.8,2739.3,2849.7,3277924.0,30.86
2026-05-26,2846.0,2979.4,2825.0,2969.3,4899494.0,25.96
2026-05-27,2982.0,3027.5,2944.0,2973.1,3826916.0,22.99
2026-05-28,2982.0,3027.5,2944.0,2973.1,3826916.0,22.99
2026-05-29,2987.8,2995.0,2926.8,2937.4,4040865.0,53.13
2026-06-01,2949.9,2955.7,2891.1,2909.4,1629342.0,37.11
2026-06-02,2885.0,2975.0,2865.2,2968.1,2066890.0,27.27
2026-06-03,2960.0,2965.0,2888.1,2925.6,1346112.0,20.34
2026-06-04,2920.0,2983.0,2918.1,2972.8,1722991.0,31.97
2026-06-05,2992.0,3059.8,2921.8,3048.2,5617327.0,27.79
2026-06-08,3017.7,3039.8,2955.1,2970.0,1653499.0,24.38
2026-06-09,2985.9,2998.7,2935.9,2979.9,1841620.0,31.34
2026-06-10,2977.0,2994.9,2918.0,2931.1,1475029.0,20.45
2026-06-11,2895.1,2966.8,2895.1,2908.8,1204115.0,20.41
2026-06-12,2958.8,2971.9,2886.2,2921.6,2321009.0,30.24
2026-06-15,2960.0,2983.0,2935.0,2942.5,1174229.0,33.69
2026-06-16,2971.4,2997.7,2928.3,2943.6,1851843.0,23.98
2026-06-17,2958.0,2974.5,2934.6,2951.9,1244567.0,30.51
2026-06-18,2952.0,3041.0,2938.0,3013.4,1774394.0,36.42
2026-06-19,3017.0,3051.9,3009.1,3038.4,3620222.0,57.15
2026-06-22,3040.0,3065.0,3001.0,3059.6,1726452.0,29.48
2026-06-23,3072.0,3091.7,2943.5,2962.9,1620658.0,29.19
2026-06-24,2988.3,3077.8,2971.0,3069.7,2527812.0,19.56
2026-06-25,3086.0,3105.0,3027.7,3038.0,1719600.0,25.4
2026-06-26,3086.0,3105.0,3027.7,3038.0,1719600.0,25.4
2026-06-29,3020.0,3020.0,2955.0,2962.5,1693354.0,39.28
2026-06-30,2980.0,3054.6,2969.0,3036.0,2099291.0,48.06
2026-07-01,3041.0,3149.8,3012.8,3143.6,3415655.0,46.41
2026-07-02,3155.9,3229.6,3147.0,3177.5,3400034.0,36.0
2026-07-03,3192.0,3224.0,3105.5,3212.1,2848623.0,25.51
2026-07-06,3230.0,3245.0,3187.7,3206.6,1978869.0,38.69
2026-07-07,3209.9,3215.2,3096.5,3107.2,2093552.0,42.29
2026-07-08,3105.0,3146.9,3028.0,3046.9,2321035.0,37.83
2026-07-09,3060.0,3105.0,3026.8,3083.6,2609306.0,41.86
2026-07-10,3105.0,3183.0,3100.0,3157.3,2145335.0,43.84
2026-07-13,3127.3,3195.0,3115.2,3177.5,1599810.0,45.67
2026-07-14,3169.9,3219.7,3145.0,3188.9,1932879.0,33.82
2026-07-15,3195.0,3199.9,3142.3,3150.6,1035101.0,38.57
2026-07-16,3167.6,3190.0,3140.1,3151.4,1151243.0,48.58
2026-07-17,3156.1,3184.8,3140.0,3160.7,1021302.0,45.84
2026-07-20,3162.7,3189.0,3133.0,3183.3,994778.0,45.58
2026-07-21,3175.2,3213.5,3170.0,3182.7,951463.0,47.21
2026-07-22,3182.0,3201.9,3139.0,3147.7,977224.0,43.02
2026-07-23,3147.1,3147.1,3001.3,3010.0,1580313.0,27.53
2026-07-24,3010.0,3041.9,2992.5,3026.4,1280635.0,29.38
2026-07-27,3045.1,3057.4,3008.1,3036.6,636870.0,26.01
2026-07-28,3038.0,3038.0,2996.2,3002.3,1096125.0,38.49
2026-07-29,3017.8,3048.3,2972.7,3024.5,1547208.0,20.91
2026-07-30,3024.5,3060.9,2994.6,3049.1,1278332.0,36.93
2026-07-31,3051.0,3067.5,3002.4,3009.5,866401.0,33.2
2026-08-03,3025.0,3077.0,3024.5,3068.0,891429.0,37.28
2026-08-04,3063.1,3091.5,3020.9,3050.0,854172.0,30.63
2026-08-05,3055.0,3085.9,3037.3,3050.0,870914.0,32.32
2026-08-06,3050.0,3072.4,3025.7,3026.0,843121.0,45.82
2026-08-07,3025.9,3039.5,3004.5,3020.0,788881.0,42.93
2026-08-10,3020.0,3021.8,2969.9,3010.0,811593.0,37.33
2026-08-11,3062.0,3062.0,2980.0,2995.5,1422452.0,27.71
2026-08-12,3020.0,3020.0,2943.0,2985.7,1160458.0,35.72
2026-08-14,2965.0,3048.0,2950.0,3035.1,1666749.0,41.46
2026-08-19,3012.7,3019.0,2967.3,2990.3,938700.0,48.16
