,Open,High,Low,Close,Volume,DeliveryPct
2016-08-17,492.75,511.0,488.6,502.3,240230.0,
2016-08-18,503.3,513.7,500.0,504.15,163130.0,
2016-08-19,506.0,512.4,489.05,493.4,97158.0,
2016-08-22,487.0,507.05,487.0,497.25,85488.0,
2016-08-23,499.3,505.3,487.5,493.2,51428.0,
2016-08-24,495.75,528.0,493.85,508.1,522270.0,
2016-08-25,511.25,518.1,498.1,501.9,192335.0,
2016-08-26,501.0,505.35,488.5,492.1,55456.0,
2016-08-29,491.0,497.0,479.1,483.1,54096.0,
2016-08-30,486.35,500.0,482.6,491.3,74301.0,
2016-08-31,494.0,509.5,490.2,502.1,118640.0,
2016-09-01,505.0,508.7,488.35,493.3,56925.0,
2016-09-02,495.0,503.7,488.0,498.0,63387.0,
2016-09-06,495.0,518.0,495.0,509.4,173512.0,
2016-09-07,510.5,598.0,507.0,587.15,1067882.0,
2016-09-08,583.8,607.8,569.65,581.7,376702.0,
2016-09-09,582.0,588.85,560.0,563.05,133881.0,
2016-09-12,555.0,558.0,528.95,534.3,121450.0,
2016-09-14,537.4,613.7,532.05,582.75,801728.0,
2016-09-15,586.0,591.65,555.0,559.8,220349.0,
2016-09-16,564.0,577.0,543.8,551.2,154602.0,
2016-09-19,556.0,596.5,555.3,571.2,375884.0,
2016-09-20,573.7,575.9,555.05,561.75,103168.0,
2016-09-21,559.15,586.0,554.0,577.4,238280.0,
2016-09-22,573.2,585.9,565.5,577.55,240307.0,
2016-09-23,584.05,635.6,584.05,608.15,1236092.0,
2016-09-26,609.0,624.0,590.5,608.05,345930.0,
2016-09-27,614.9,625.95,603.0,607.35,192225.0,
2016-09-28,609.0,619.9,601.55,614.35,154446.0,
2016-09-29,618.95,623.0,511.5,558.1,217616.0,
2016-09-30,564.9,581.75,560.05,570.85,192538.0,
2016-10-03,575.05,614.9,574.0,602.8,266349.0,
2016-10-04,607.7,620.0,603.05,614.45,231420.0,
2016-10-05,617.95,674.0,616.0,655.95,1276719.0,
2016-10-06,656.35,661.8,622.1,630.8,283880.0,
2016-10-07,635.0,657.0,620.0,649.95,233219.0,
2016-10-10,653.2,666.2,635.0,651.15,305187.0,
2016-10-13,651.9,651.9,621.0,632.65,105767.0,
2016-10-14,638.95,647.95,628.0,633.65,103407.0,
2016-10-17,637.95,646.9,624.2,627.95,128412.0,
2016-10-18,632.85,650.75,630.45,641.75,153660.0,
2016-10-19,642.1,652.0,635.25,644.0,124508.0,
2016-10-20,643.95,655.0,638.1,640.35,86925.0,
2016-10-21,640.35,647.0,627.25,629.95,85921.0,
2016-10-24,625.1,643.0,625.0,627.7,68692.0,
2016-10-25,628.05,641.0,624.5,626.25,58045.0,
2016-10-26,627.0,630.2,597.95,607.8,77561.0,
2016-10-27,607.7,610.0,588.5,597.2,57695.0,
2016-10-28,602.5,618.75,600.1,605.45,75423.0,
2016-11-01,607.0,626.0,601.4,611.2,137217.0,
2016-11-02,600.0,604.0,590.0,591.9,52807.0,
2016-11-03,596.0,610.0,575.25,581.65,92766.0,
2016-11-04,586.7,595.0,548.15,564.65,137889.0,
2016-11-07,573.95,590.0,573.9,576.6,66150.0,
2016-11-08,582.6,583.75,554.0,559.3,65177.0,
2016-11-09,510.0,550.0,492.0,540.7,120765.0,
2016-11-10,551.0,570.0,548.35,550.95,52203.0,
2016-11-11,551.0,551.0,523.6,529.7,72292.0,
2016-11-15,534.0,535.5,485.0,496.2,53498.0,
2016-11-16,510.85,511.2,480.5,483.45,46012.0,
2016-11-17,485.0,501.9,473.05,490.3,62518.0,
2016-11-18,487.4,495.95,476.05,487.5,46107.0,
2016-11-21,493.4,493.4,457.0,459.6,45499.0,
2016-11-22,462.05,482.0,441.05,476.85,45610.0,
2016-11-23,481.7,493.7,478.6,490.8,38002.0,
2016-11-24,485.25,505.0,480.0,492.85,38347.0,
2016-11-25,501.9,522.1,495.05,510.15,124181.0,
2016-11-28,510.1,518.9,499.8,506.75,40037.0,
2016-11-29,504.55,520.25,504.55,510.3,41536.0,
2016-11-30,506.8,518.35,506.8,511.4,42001.0,
2016-12-01,515.45,515.45,504.25,505.55,25714.0,
2016-12-02,505.0,508.95,495.1,498.55,38269.0,
2016-12-05,495.0,507.9,490.0,500.0,34739.0,
2016-12-06,500.05,506.0,499.0,499.65,19241.0,
2016-12-07,500.5,511.8,500.0,501.6,35359.0,
2016-12-08,498.1,534.4,498.1,518.6,190297.0,
2016-12-09,520.0,528.5,512.0,517.35,57932.0,
2016-12-12,512.0,520.05,505.15,508.0,32354.0,
2016-12-13,508.0,517.0,503.55,506.8,26998.0,
2016-12-14,512.7,512.85,501.1,502.95,20093.0,
2016-12-15,501.0,513.9,494.1,497.3,15722.0,
2016-12-16,497.35,504.9,488.0,493.95,31415.0,
2016-12-19,494.0,497.95,484.95,489.3,18617.0,
2016-12-20,488.0,493.75,482.25,483.55,14494.0,
2016-12-21,483.9,520.0,482.25,497.5,96261.0,
2016-12-22,492.65,496.95,486.5,489.2,13929.0,
2016-12-23,486.25,507.85,484.5,486.65,49624.0,
2016-12-26,484.3,489.85,472.95,477.4,19212.0,
2016-12-27,477.15,493.8,473.1,490.15,25116.0,
2016-12-28,494.8,534.3,491.25,505.05,89638.0,
2016-12-29,506.0,536.4,504.0,520.35,144765.0,
2016-12-30,525.0,529.8,513.05,515.3,43137.0,
2017-01-02,536.0,536.0,516.3,524.4,67102.0,
2017-01-03,528.0,532.7,519.7,525.9,43847.0,
2017-01-04,526.25,532.1,523.25,525.3,35133.0,
2017-01-05,526.4,542.85,526.1,533.2,74596.0,
2017-01-06,538.55,560.0,536.0,544.75,208850.0,
2017-01-09,549.0,553.95,535.5,539.7,37985.0,
2017-01-10,544.0,556.95,538.05,545.9,87534.0,
2017-01-11,549.0,554.7,545.0,547.85,39607.0,
2017-01-12,549.75,554.0,542.95,544.55,34642.0,
2017-01-13,542.95,567.75,540.0,549.35,157636.0,
2017-01-16,549.85,558.9,548.0,551.85,57359.0,
2017-01-17,556.0,556.5,545.05,549.15,35486.0,
2017-01-18,544.0,554.0,544.0,546.35,43705.0,
2017-01-19,549.75,567.75,543.55,554.0,149518.0,
2017-01-20,556.45,557.0,538.0,541.25,35133.0,
2017-01-23,545.0,552.0,540.0,541.45,23500.0,
2017-01-24,542.0,551.65,542.0,545.55,16519.0,
2017-01-25,546.3,554.4,545.25,546.35,25693.0,
2017-01-27,552.0,580.0,547.55,567.1,116764.0,
2017-01-30,571.05,619.0,570.0,585.15,783188.0,
2017-01-31,587.0,607.0,582.9,599.7,309753.0,
2017-02-01,603.0,615.9,597.05,610.75,196840.0,
2017-02-02,612.45,616.9,600.0,604.45,63041.0,
2017-02-03,608.45,618.0,599.2,605.35,119807.0,
2017-02-06,609.75,619.7,600.0,606.0,98448.0,
2017-02-07,606.0,612.0,599.0,600.75,62474.0,
2017-02-08,600.0,617.0,600.0,608.1,106453.0,
2017-02-09,606.45,614.7,598.6,601.25,47249.0,
2017-02-10,604.45,610.05,598.1,600.05,62904.0,
2017-02-13,608.0,618.0,598.6,610.05,111439.0,
2017-02-14,610.05,612.15,599.0,600.05,51579.0,
2017-02-15,605.0,607.5,596.6,603.0,88619.0,
2017-02-16,607.0,615.0,603.05,605.3,43828.0,
2017-02-17,605.3,644.4,604.1,636.25,274068.0,
2017-02-20,641.6,652.0,625.25,628.95,162537.0,
2017-02-21,633.95,642.5,626.0,635.05,66985.0,
2017-02-22,636.6,676.4,634.0,654.25,500303.0,
2017-02-23,657.0,682.8,646.0,664.45,394852.0,
2017-02-27,666.95,683.8,658.25,676.2,233512.0,
2017-02-28,680.9,683.8,669.4,675.15,149544.0,
2017-03-01,675.65,712.9,675.05,690.45,365655.0,
2017-03-02,694.9,706.75,682.85,687.5,262425.0,
2017-03-03,683.2,725.0,675.9,717.45,485488.0,
2017-03-06,722.0,824.8,722.0,805.45,2198363.0,
2017-03-07,807.95,822.0,770.1,784.15,836709.0,
2017-03-08,785.0,819.9,776.4,792.3,1061615.0,
2017-03-09,792.0,811.0,779.0,783.25,375710.0,
2017-03-10,789.45,797.95,762.0,767.25,214944.0,
2017-03-14,778.5,786.0,752.0,759.05,184829.0,
2017-03-15,762.0,782.4,758.0,761.5,254008.0,
2017-03-16,766.9,774.0,757.0,761.05,130882.0,
2017-03-17,765.0,782.1,758.65,760.6,194290.0,
2017-03-20,765.0,778.8,762.15,764.05,182199.0,
2017-03-21,768.0,768.9,746.65,755.05,116459.0,
2017-03-22,749.75,765.9,732.25,756.7,219338.0,
2017-03-23,760.4,862.8,759.25,826.5,1692254.0,
2017-03-24,824.0,869.0,823.95,847.05,1081041.0,
2017-03-27,848.0,877.8,827.0,863.25,673416.0,
2017-03-28,863.0,885.0,860.6,865.95,393275.0,
2017-03-29,871.9,872.0,840.1,845.55,164052.0,
2017-03-30,849.4,877.0,848.95,852.8,253062.0,
2017-03-31,858.5,868.9,848.75,853.35,166482.0,
2017-04-03,854.0,878.0,846.45,850.9,190151.0,
2017-04-05,856.0,865.0,843.1,847.35,114707.0,
2017-04-06,847.1,856.6,836.0,840.5,106024.0,
2017-04-07,842.3,856.4,825.6,827.95,177834.0,
2017-04-10,830.0,843.0,821.0,823.3,91057.0,
2017-04-11,826.6,839.7,822.0,826.05,100042.0,
2017-04-12,830.15,867.3,817.0,842.35,323599.0,
2017-04-13,845.7,892.0,845.7,884.55,732044.0,
2017-04-17,891.5,924.2,876.45,888.15,484084.0,
2017-04-18,894.0,896.8,879.0,881.45,152036.0,
2017-04-19,881.0,919.6,877.0,899.3,321249.0,
2017-04-20,902.5,931.8,902.5,911.45,326824.0,
2017-04-21,913.05,922.95,882.15,890.3,196829.0,
2017-04-24,898.0,915.9,892.05,908.3,233924.0,
2017-04-25,915.4,921.5,902.05,911.65,144446.0,
2017-04-26,920.0,937.0,907.4,918.35,281976.0,
2017-04-27,920.0,949.0,912.25,930.8,346916.0,
2017-04-28,933.0,958.9,931.0,941.3,323739.0,
2017-05-02,945.0,958.0,932.85,939.15,131276.0,
2017-05-03,938.0,944.05,915.0,919.5,92880.0,
2017-05-04,925.05,929.0,895.0,898.0,84796.0,
2017-05-05,887.05,903.85,870.0,883.65,173037.0,
2017-05-08,882.1,894.7,880.0,881.15,90141.0,
2017-05-09,883.1,912.7,883.1,886.95,243755.0,
2017-05-10,893.45,899.9,884.1,888.1,84536.0,
2017-05-11,891.2,895.7,880.0,881.3,68694.0,
2017-05-12,885.1,890.75,871.05,881.2,65241.0,
2017-05-15,888.2,890.5,875.95,881.8,78669.0,
2017-05-16,885.35,901.0,878.2,880.8,130939.0,
2017-05-17,884.9,887.95,877.95,880.3,63959.0,
2017-05-18,876.95,882.35,864.65,875.15,81501.0,
2017-05-19,881.55,898.0,879.1,881.15,65476.0,
2017-05-22,887.05,887.95,875.1,879.25,62708.0,
2017-05-23,872.0,901.75,855.0,878.65,160282.0,
2017-05-24,866.0,889.0,866.0,880.05,106046.0,
2017-05-25,874.45,938.8,874.45,909.0,376347.0,
2017-05-26,915.8,923.5,902.0,905.7,51034.0,
2017-05-29,913.2,913.25,880.0,881.65,50647.0,
2017-05-30,883.95,904.0,875.2,881.8,89450.0,
2017-05-31,882.0,898.0,880.0,882.2,42094.0,
2017-06-01,888.6,911.8,883.5,895.35,121341.0,
2017-06-02,896.95,915.0,885.5,890.4,98840.0,
2017-06-05,891.0,918.4,890.05,896.85,149153.0,
2017-06-06,898.4,907.45,876.0,879.65,104065.0,
2017-06-07,886.0,921.0,880.0,885.35,241757.0,
2017-06-08,891.9,902.8,883.95,888.75,76884.0,
2017-06-09,892.0,892.0,878.0,881.35,55067.0,
2017-06-12,879.95,888.9,863.55,878.7,103466.0,
2017-06-13,880.0,892.75,875.25,879.2,80273.0,
2017-06-14,886.05,966.0,883.45,929.6,1722112.0,
2017-06-15,940.05,962.0,927.5,932.35,553155.0,
2017-06-16,938.0,944.05,910.0,919.15,135069.0,
2017-06-19,925.45,929.15,904.0,907.35,74290.0,
2017-06-20,909.8,927.0,898.0,909.3,146777.0,
2017-06-21,911.5,926.3,902.0,912.3,147299.0,
2017-06-22,908.1,920.95,898.5,901.5,66004.0,
2017-06-23,903.0,909.95,878.0,880.75,113461.0,
2017-06-27,883.05,893.7,879.5,880.85,75868.0,
2017-06-28,875.1,892.5,873.95,886.95,53341.0,
2017-06-29,890.0,901.5,882.45,887.8,55386.0,
2017-06-30,883.9,890.95,876.85,880.95,63062.0,
2017-07-03,884.0,898.7,883.0,893.15,57813.0,
2017-07-04,899.9,900.0,882.3,884.15,53689.0,
2017-07-05,890.0,903.0,885.35,887.5,65478.0,
2017-07-06,890.0,944.9,889.1,912.05,437847.0,
2017-07-07,920.0,937.95,891.3,897.35,263390.0,
2017-07-10,912.0,912.0,886.05,894.4,14267.0,
2017-07-11,899.85,902.45,885.0,886.2,72924.0,
2017-07-12,890.0,892.0,881.0,882.4,40796.0,
2017-07-13,888.85,906.0,881.15,886.45,112613.0,
2017-07-14,891.15,899.0,879.0,880.55,123812.0,
2017-07-17,887.0,890.0,877.1,880.2,35667.0,
2017-07-18,881.0,886.0,874.85,880.25,31499.0,
2017-07-19,885.0,896.9,880.0,882.3,55693.0,
2017-07-20,886.0,911.95,884.0,890.55,246042.0,
2017-07-21,895.0,898.9,885.0,887.05,35841.0,
2017-07-24,890.0,896.0,881.0,882.15,36853.0,
2017-07-25,885.05,896.0,880.05,883.25,80131.0,
2017-07-26,889.9,889.9,879.1,881.1,39898.0,
2017-07-27,885.6,888.5,867.0,878.55,56193.0,
2017-07-28,878.0,885.85,871.8,882.75,43058.0,
2017-07-31,887.7,887.7,873.1,876.2,34870.0,
2017-08-01,883.0,889.9,875.0,878.95,68918.0,
2017-08-02,881.05,883.5,872.25,875.95,30424.0,
2017-08-03,876.0,890.0,870.0,874.05,50298.0,
2017-08-04,865.2,895.8,842.35,882.0,78308.0,
2017-08-07,876.0,948.0,876.0,915.5,463346.0,
2017-08-08,919.0,922.0,884.0,886.4,75004.0,
2017-08-09,886.3,891.0,871.5,880.3,42604.0,
2017-08-10,878.0,914.0,876.0,880.25,195282.0,
2017-08-11,874.6,888.0,855.5,884.15,85748.0,
2017-08-14,886.4,897.0,886.0,889.2,21517.0,
2017-08-16,897.0,927.0,888.05,919.5,163989.0,
2017-08-17,922.0,927.7,898.1,906.6,51106.0,
2017-08-18,899.0,914.8,890.0,895.75,39020.0,
2017-08-21,902.0,914.45,891.3,895.35,49565.0,
2017-08-22,896.4,909.7,890.0,903.9,42053.0,
2017-08-23,910.0,920.0,901.3,910.2,49805.0,
2017-08-24,907.7,922.75,895.0,897.65,54671.0,
2017-08-28,905.95,919.0,894.0,898.5,44363.0,
2017-08-29,894.0,904.5,889.0,891.65,22611.0,
2017-08-30,902.0,952.0,890.0,932.7,238722.0,
2017-08-31,935.0,1029.0,925.05,1003.8,1088251.0,
2017-09-01,1018.7,1085.0,1010.0,1023.35,923583.0,
2017-09-04,1024.9,1063.3,975.15,1034.9,598171.0,
2017-09-05,1044.25,1092.0,1036.6,1050.0,503061.0,
2017-09-06,1035.0,1069.95,1010.35,1053.65,339811.0,
2017-09-07,1064.0,1075.05,1046.2,1052.9,131869.0,
2017-09-08,1062.0,1065.0,1028.0,1037.3,124644.0,
2017-09-11,1047.9,1063.8,1030.0,1040.35,121303.0,
2017-09-12,1041.95,1070.0,1041.95,1054.1,149702.0,
2017-09-13,1064.0,1094.6,1044.7,1048.9,243914.0,
2017-09-14,1055.05,1081.95,1050.0,1067.05,178633.0,
2017-09-15,1070.0,1263.8,1060.1,1236.65,2139670.0,
2017-09-18,1250.5,1330.0,1245.0,1257.25,1071806.0,
2017-09-19,1268.0,1295.0,1250.0,1266.4,368403.0,
2017-09-20,1270.0,1318.95,1260.55,1266.1,588803.0,
2017-09-21,1266.5,1298.0,1251.0,1265.65,432389.0,
2017-09-22,1265.0,1281.85,1231.2,1258.95,395167.0,
2017-09-25,1279.9,1279.9,1210.0,1232.15,291602.0,
2017-09-26,1231.0,1259.95,1221.0,1230.1,228439.0,
2017-09-27,1240.1,1252.0,1172.65,1190.85,185909.0,
2017-09-28,1210.0,1210.0,1152.2,1180.7,119041.0,
2017-09-29,1190.0,1339.0,1182.0,1286.9,1186036.0,
2017-10-03,1295.4,1375.0,1279.0,1358.3,1276146.0,
2017-10-04,1353.7,1404.0,1342.0,1391.9,933576.0,
2017-10-05,1382.65,1439.9,1380.2,1423.15,739449.0,
2017-10-06,1398.9,1429.95,1392.0,1415.1,561250.0,
2017-10-09,1414.0,1419.0,1323.3,1353.5,230015.0,
2017-10-10,1355.0,1404.0,1354.0,1377.35,331409.0,
2017-10-11,1387.65,1393.0,1333.2,1372.1,238260.0,
2017-10-12,1380.0,1505.0,1361.0,1490.15,1066138.0,
2017-10-13,1500.0,1549.0,1490.05,1528.5,769539.0,
2017-10-16,1542.0,1555.55,1510.0,1544.0,299951.0,
2017-10-17,1545.4,1672.0,1532.0,1649.2,914822.0,
2017-10-18,1660.0,1738.0,1641.05,1725.2,980097.0,
2017-10-19,1725.0,1725.0,1673.1,1691.85,159088.0,
2017-10-23,1689.0,1729.95,1667.0,1683.9,271482.0,
2017-10-24,1696.0,1708.45,1607.4,1627.5,204580.0,
2017-10-25,1643.95,1673.9,1586.55,1602.15,225227.0,
2017-10-26,1609.95,1708.0,1576.25,1678.95,558933.0,
2017-10-27,1700.0,1725.65,1670.15,1680.05,244683.0,
2017-10-30,1690.0,1723.8,1665.2,1679.3,240778.0,
2017-10-31,1690.0,1709.95,1670.1,1677.85,166120.0,
2017-11-01,1679.0,1696.8,1640.0,1649.2,121855.0,
2017-11-02,1660.4,1680.0,1640.05,1647.95,115689.0,
2017-11-03,1662.9,1695.0,1641.0,1647.3,257385.0,
2017-11-06,1655.0,1674.45,1620.0,1627.15,138795.0,
2017-11-07,1639.8,1644.95,1577.05,1595.3,129013.0,
2017-11-08,1600.0,1638.7,1521.35,1558.0,102955.0,
2017-11-09,1588.0,1685.0,1588.0,1617.95,552140.0,
2017-11-10,1620.0,1657.25,1568.3,1597.6,232435.0,
2017-11-13,1618.3,1625.95,1575.6,1586.75,84687.0,
2017-11-14,1594.0,1605.65,1540.0,1553.5,86669.0,
2017-11-15,1560.0,1574.0,1521.35,1530.05,71801.0,
2017-11-16,1530.0,1544.0,1477.0,1493.9,117260.0,
2017-11-17,1514.05,1523.65,1451.0,1459.75,161155.0,
2017-11-20,1466.0,1534.5,1425.35,1517.75,335211.0,
2017-11-21,1532.7,1557.0,1502.0,1510.2,188163.0,
2017-11-22,1517.65,1524.85,1481.4,1489.35,93345.0,
2017-11-23,1490.0,1510.0,1452.05,1470.15,128517.0,
2017-11-24,1475.05,1540.0,1450.25,1508.95,270383.0,
2017-11-27,1500.0,1539.85,1495.0,1522.3,129973.0,
2017-11-28,1525.0,1584.0,1523.05,1535.2,393137.0,
2017-11-29,1539.0,1553.3,1512.05,1519.05,104899.0,
2017-11-30,1517.0,1557.4,1486.0,1527.7,249745.0,
2017-12-01,1539.0,1569.0,1498.55,1516.55,226569.0,
2017-12-04,1555.0,1555.0,1506.4,1514.5,140950.0,
2017-12-05,1521.6,1523.9,1485.0,1489.4,83146.0,
2017-12-06,1481.0,1518.3,1465.0,1480.9,105266.0,
2017-12-07,1491.0,1514.9,1488.3,1500.05,98327.0,
2017-12-08,1513.5,1575.0,1503.0,1529.9,416398.0,
2017-12-11,1543.7,1544.9,1500.0,1505.8,137331.0,
2017-12-12,1510.6,1516.0,1458.85,1473.35,100394.0,
2017-12-13,1465.65,1524.0,1465.65,1471.6,357532.0,
2017-12-14,1484.0,1487.5,1445.0,1448.8,93735.0,
2017-12-15,1464.8,1478.95,1446.1,1456.45,180260.0,
2017-12-18,1454.9,1504.9,1390.0,1459.55,263548.0,
2017-12-19,1473.65,1514.65,1465.05,1504.65,215179.0,
2017-12-20,1504.0,1558.0,1490.55,1536.95,326856.0,
2017-12-21,1536.0,1580.0,1536.0,1543.45,208901.0,
2017-12-22,1558.0,1668.0,1555.0,1627.45,725565.0,
2017-12-26,1639.0,1675.0,1633.0,1652.3,329536.0,
2017-12-27,1659.1,1674.2,1609.0,1630.45,198971.0,
2017-12-28,1638.1,1644.7,1612.2,1626.75,87380.0,
2017-12-29,1638.0,1757.0,1632.8,1702.55,582715.0,
2018-01-01,1713.0,1717.0,1650.0,1659.8,156937.0,
2018-01-02,1675.0,1693.0,1620.1,1629.2,277655.0,
2018-01-03,1637.0,1656.85,1620.1,1628.55,107151.0,
2018-01-04,1639.75,1639.75,1604.05,1613.55,80842.0,
2018-01-05,1615.0,1637.95,1593.1,1610.4,109023.0,
2018-01-08,1625.95,1724.0,1594.0,1701.45,579502.0,
2018-01-09,1717.0,1805.0,1695.0,1757.65,632134.0,
2018-01-10,1769.65,1823.9,1759.0,1776.1,400880.0,
2018-01-11,1779.45,1807.0,1710.05,1729.4,223954.0,
2018-01-12,1735.9,1759.0,1690.3,1712.65,164433.0,
2018-01-15,1729.0,1760.0,1705.0,1720.7,153862.0,
2018-01-16,1735.0,1735.0,1638.45,1644.0,157450.0,
2018-01-17,1644.0,1655.85,1496.0,1636.9,177340.0,
2018-01-18,1655.0,1714.45,1542.1,1579.6,254444.0,
2018-01-19,1588.2,1633.9,1561.05,1601.25,153916.0,
2018-01-22,1600.0,1627.45,1572.0,1590.7,109789.0,
2018-01-23,1600.0,1626.0,1573.0,1580.7,104013.0,
2018-01-24,1582.0,1600.0,1540.0,1545.25,97188.0,
2018-01-25,1549.55,1560.0,1500.0,1509.1,84556.0,
2018-01-29,1515.0,1526.45,1479.95,1483.15,92293.0,
2018-01-30,1480.0,1482.0,1412.15,1423.05,101773.0,
2018-01-31,1413.0,1423.5,1381.15,1399.95,121189.0,
2018-02-01,1409.7,1448.0,1361.1,1419.65,154166.0,
2018-02-02,1407.0,1407.0,1274.8,1285.45,193530.0,
2018-02-05,1201.6,1325.15,1185.05,1305.75,195697.0,
2018-02-06,1215.05,1317.0,1215.05,1292.3,213025.0,
2018-02-07,1311.0,1350.65,1285.25,1300.85,128798.0,
2018-02-08,1312.9,1349.5,1312.85,1331.95,103188.0,
2018-02-09,1300.0,1328.0,1283.05,1313.0,99388.0,
2018-02-12,1329.95,1440.0,1329.0,1407.5,443405.0,
2018-02-14,1430.0,1490.0,1421.6,1430.95,225479.0,
2018-02-15,1445.0,1469.95,1414.05,1454.75,207846.0,
2018-02-16,1469.95,1535.6,1460.0,1522.45,463471.0,
2018-02-19,1537.25,1575.0,1530.5,1564.35,327602.0,
2018-02-20,1577.95,1578.6,1541.0,1557.15,149282.0,
2018-02-21,1570.0,1570.0,1525.1,1533.7,97659.0,
2018-02-22,1534.9,1535.0,1504.4,1522.55,68888.0,
2018-02-23,1537.5,1588.95,1531.2,1551.5,168200.0,
2018-02-26,1565.25,1568.7,1506.0,1521.35,103517.0,
2018-02-27,1536.0,1536.0,1476.2,1490.65,85674.0,
2018-02-28,1470.0,1470.05,1415.0,1428.1,145633.0,
2018-03-01,1429.0,1476.0,1398.05,1416.7,306442.0,
2018-03-05,1396.7,1434.95,1388.4,1414.2,138836.0,
2018-03-06,1430.7,1445.0,1410.0,1416.15,95538.0,
2018-03-07,1400.1,1413.7,1372.5,1382.75,115219.0,
2018-03-08,1390.0,1403.65,1341.5,1352.15,119469.0,
2018-03-09,1359.8,1369.0,1335.0,1346.65,132463.0,
2018-03-12,1373.0,1373.7,1342.55,1349.9,86354.0,
2018-03-13,1345.0,1376.0,1331.5,1346.75,130101.0,
2018-03-14,1340.0,1342.0,1277.0,1295.5,165204.0,
2018-03-15,1299.0,1317.95,1270.0,1274.6,158188.0,
2018-03-16,1283.7,1310.0,1170.0,1214.65,795878.0,
2018-03-19,1229.7,1236.95,1180.0,1187.6,167965.0,
2018-03-20,1178.0,1239.5,1155.55,1202.85,323286.0,
2018-03-21,1221.0,1231.95,1182.0,1189.5,169497.0,
2018-03-22,1183.55,1205.0,1150.0,1158.0,164427.0,
2018-03-23,1135.0,1135.0,1101.1,1111.2,182450.0,
2018-03-26,1112.35,1140.0,1082.0,1132.75,243827.0,
2018-03-27,1145.0,1212.0,1145.0,1179.1,408057.0,
2018-03-28,1177.9,1207.7,1156.7,1170.8,201341.0,
2018-04-02,1196.0,1276.0,1187.2,1238.0,486539.0,
2018-04-03,1248.0,1309.0,1231.75,1292.3,279871.0,
2018-04-04,1302.75,1305.0,1225.0,1234.1,275156.0,
2018-04-05,1258.9,1267.8,1241.5,1257.6,151629.0,
2018-04-06,1260.0,1305.0,1251.05,1296.1,306413.0,
2018-04-09,1300.0,1325.5,1252.0,1262.3,434829.0,
2018-04-10,1273.5,1275.9,1222.0,1229.85,202494.0,
2018-04-11,1239.9,1268.45,1223.1,1259.4,179929.0,
2018-04-12,1251.0,1287.0,1251.0,1261.15,235477.0,
2018-04-13,1267.9,1329.0,1265.0,1290.7,714999.0,
2018-04-16,1279.6,1324.8,1272.0,1299.8,486369.0,
2018-04-17,1306.0,1310.1,1248.05,1270.25,336129.0,
2018-04-18,1281.0,1395.0,1270.0,1368.95,1414411.0,
2018-04-19,1391.8,1511.7,1382.05,1488.35,1455540.0,
2018-04-20,1495.05,1568.0,1456.0,1536.2,1084222.0,
2018-04-23,1533.0,1625.0,1503.6,1554.3,908959.0,
2018-04-24,1565.0,1619.9,1550.0,1594.35,574094.0,
2018-04-25,1584.5,1624.0,1512.45,1536.85,647280.0,
2018-04-26,1545.1,1570.0,1514.9,1560.25,229383.0,
2018-04-27,1571.2,1620.0,1552.35,1566.25,292560.0,
2018-04-30,1583.0,1640.0,1553.15,1626.95,503599.0,
2018-05-02,1635.0,1655.0,1520.0,1538.65,476876.0,
2018-05-03,1538.35,1539.9,1480.0,1494.7,194341.0,
2018-05-04,1496.1,1526.75,1482.55,1514.55,229757.0,
2018-05-07,1525.0,1620.0,1510.0,1607.8,506947.0,
2018-05-08,1620.0,1639.0,1599.35,1617.45,256675.0,
2018-05-09,1612.0,1635.0,1570.0,1588.1,325559.0,
2018-05-10,1585.0,1598.65,1529.15,1551.1,275546.0,
2018-05-11,1552.0,1575.0,1544.05,1568.15,147022.0,
2018-05-14,1574.8,1574.8,1515.1,1522.3,81199.0,
2018-05-15,1533.25,1615.0,1470.6,1484.1,631040.0,
2018-05-16,1486.95,1509.5,1460.0,1470.9,215716.0,
2018-05-17,1480.0,1506.5,1474.0,1491.3,135516.0,
2018-05-18,1499.7,1534.85,1472.6,1514.4,317712.0,
2018-05-21,1520.0,1525.0,1476.0,1500.1,224766.0,
2018-05-22,1455.0,1525.0,1421.6,1504.85,275694.0,
2018-05-23,1488.6,1558.0,1480.0,1491.1,470772.0,
2018-05-24,1505.05,1528.0,1465.0,1484.3,256374.0,
2018-05-25,1497.0,1514.65,1480.15,1505.05,205144.0,
2018-05-28,1509.0,1554.0,1505.25,1532.2,199778.0,
2018-05-29,1535.0,1565.05,1521.75,1537.0,154794.0,
2018-05-30,1544.7,1584.0,1524.0,1571.95,345017.0,
2018-05-31,1585.05,1661.3,1562.0,1612.75,724583.0,
2018-06-01,1616.7,1620.85,1530.0,1539.4,241257.0,
2018-06-04,1553.0,1555.0,1470.6,1479.4,252628.0,
2018-06-05,1475.0,1484.0,1382.0,1423.2,204914.0,
2018-06-06,1416.05,1473.7,1386.4,1464.0,185321.0,
2018-06-07,1482.0,1514.75,1478.0,1497.25,174419.0,
2018-06-08,1509.0,1525.0,1487.0,1503.95,146544.0,
2018-06-11,1505.0,1528.1,1490.0,1509.3,146505.0,
2018-06-12,1519.15,1553.0,1504.05,1529.1,173748.0,
2018-06-13,1530.0,1559.8,1523.0,1547.75,215797.0,
2018-06-14,1555.95,1555.95,1537.0,1548.0,100872.0,
2018-06-15,1559.95,1579.0,1520.0,1541.0,222245.0,
2018-06-18,1550.0,1561.0,1523.25,1531.4,82112.0,
2018-06-19,1540.15,1540.15,1466.0,1481.4,88590.0,
2018-06-20,1483.0,1538.9,1483.0,1528.15,211775.0,
2018-06-21,1525.1,1525.1,1476.0,1480.45,110173.0,
2018-06-22,1480.1,1508.0,1480.05,1488.85,74351.0,
2018-06-25,1494.25,1524.95,1480.05,1485.65,176106.0,
2018-06-26,1485.0,1496.95,1468.25,1477.35,51860.0,
2018-06-27,1484.0,1509.0,1407.55,1423.05,161267.0,
2018-06-28,1420.0,1429.9,1388.55,1408.65,99196.0,
2018-06-29,1419.2,1459.5,1419.2,1443.9,121000.0,
2018-07-02,1454.9,1454.9,1404.0,1421.75,86547.0,
2018-07-03,1429.0,1439.95,1409.7,1425.15,72235.0,
2018-07-04,1437.95,1456.95,1412.25,1437.1,110263.0,
2018-07-05,1437.0,1462.6,1426.2,1436.95,99212.0,
2018-07-06,1437.0,1459.0,1423.05,1450.1,67122.0,
2018-07-09,1464.0,1532.0,1446.3,1516.15,315272.0,
2018-07-10,1540.0,1594.7,1539.45,1580.35,289631.0,
2018-07-11,1572.0,1572.0,1534.0,1550.45,144548.0,
2018-07-12,1565.7,1572.0,1492.25,1534.1,104178.0,
2018-07-13,1544.9,1544.9,1497.1,1521.45,88346.0,
2018-07-16,1511.1,1556.0,1495.0,1508.45,159029.0,
2018-07-17,1511.0,1535.0,1493.05,1498.95,85298.0,
2018-07-18,1508.0,1514.55,1468.0,1474.4,77989.0,
2018-07-19,1471.05,1481.9,1440.0,1459.75,178466.0,
2018-07-20,1452.5,1478.9,1439.95,1463.75,125388.0,
2018-07-23,1473.0,1483.25,1451.15,1459.25,39839.0,
2018-07-24,1461.0,1515.0,1452.55,1490.15,131719.0,
2018-07-25,1498.9,1525.0,1485.0,1498.85,103361.0,
2018-07-26,1508.3,1521.8,1495.0,1501.55,54073.0,
2018-07-27,1514.0,1535.8,1503.0,1528.2,93689.0,
2018-07-30,1537.85,1578.0,1514.45,1555.3,191521.0,
2018-07-31,1564.0,1568.8,1532.3,1559.05,75993.0,
2018-08-01,1560.0,1579.0,1527.9,1537.45,116328.0,
2018-08-02,1544.4,1568.0,1525.0,1546.65,78072.0,
2018-08-03,1548.0,1629.9,1548.0,1614.7,391427.0,
2018-08-06,1620.0,1635.0,1570.0,1579.6,212699.0,
2018-08-07,1590.0,1599.0,1539.7,1544.35,135965.0,
2018-08-08,1549.0,1630.0,1549.0,1577.35,432738.0,
2018-08-09,1552.0,1598.0,1552.0,1565.85,93663.0,
2018-08-10,1568.0,1579.65,1548.2,1561.15,68137.0,
2018-08-13,1550.5,1567.0,1535.0,1550.1,76371.0,
2018-08-14,1555.05,1570.0,1530.0,1536.75,65008.0,
2018-08-16,1534.0,1564.9,1530.0,1544.3,106869.0,
2018-08-17,1546.0,1569.0,1542.85,1563.6,57887.0,
2018-08-20,1566.0,1605.0,1566.0,1578.45,151482.0,
2018-08-21,1584.0,1697.0,1565.05,1673.6,583713.0,
2018-08-23,1688.0,2008.3,1683.05,1954.9,2357185.0,
2018-08-24,1990.0,2115.0,1862.0,1929.95,2564992.0,
2018-08-27,1940.0,2029.9,1894.35,1996.7,1087458.0,
2018-08-28,1999.0,2040.0,1951.2,1991.85,602100.0,
2018-08-29,1982.0,2012.7,1945.2,1954.45,284792.0,
2018-08-30,1960.25,1971.25,1910.0,1916.05,185979.0,
2018-08-31,1916.0,1935.0,1857.55,1866.3,208575.0,
2018-09-03,1875.65,1968.9,1842.0,1879.6,538975.0,
2018-09-04,1883.55,1934.0,1821.0,1839.4,336263.0,
2018-09-05,1829.4,1874.7,1758.5,1854.75,393144.0,
2018-09-06,1860.0,1882.0,1812.05,1827.45,191569.0,
2018-09-07,1833.0,1838.4,1783.0,1799.0,187866.0,
2018-09-10,1801.0,1820.0,1738.0,1746.35,167800.0,
2018-09-11,1755.45,1772.7,1692.0,1700.6,201094.0,
2018-09-12,1701.05,1724.5,1675.35,1693.35,203613.0,
2018-09-14,1705.15,1744.0,1680.0,1726.4,244869.0,
2018-09-17,1709.0,1709.0,1660.0,1668.3,171611.0,
2018-09-18,1668.0,1748.0,1665.0,1677.15,421719.0,
2018-09-19,1696.9,1738.7,1651.25,1661.1,349649.0,
2018-09-21,1676.9,1688.0,1328.9,1515.15,538187.0,
2018-09-24,1524.35,1530.0,1356.15,1377.05,347474.0,
2018-09-25,1380.0,1475.65,1301.0,1442.8,759512.0,
2018-09-26,1463.45,1481.75,1411.5,1426.9,270758.0,
2018-09-27,1432.7,1437.15,1362.1,1371.05,131235.0,
2018-09-28,1379.9,1388.75,1285.6,1312.1,250920.0,
2018-10-01,1314.1,1330.0,1251.0,1314.6,317241.0,
2018-10-03,1304.0,1350.0,1286.55,1311.2,215818.0,
2018-10-04,1270.0,1290.0,1230.95,1248.55,177651.0,
2018-10-05,1240.0,1254.0,1170.2,1182.4,343757.0,
2018-10-08,1182.0,1244.7,1160.4,1214.85,325603.0,
2018-10-09,1286.85,1294.0,1221.35,1237.5,278828.0,
2018-10-10,1240.0,1312.95,1233.5,1288.55,250819.0,
2018-10-11,1229.0,1294.4,1206.0,1267.25,157926.0,
2018-10-12,1285.0,1366.0,1285.0,1325.6,295654.0,
2018-10-15,1320.0,1345.0,1282.0,1297.9,221139.0,
2018-10-16,1305.25,1331.65,1298.75,1311.85,128481.0,
2018-10-17,1325.3,1336.0,1252.0,1262.0,143037.0,
2018-10-19,1260.0,1268.35,1202.0,1219.5,124864.0,
2018-10-22,1221.0,1232.45,1203.2,1221.1,85651.0,
2018-10-23,1204.85,1219.7,1176.4,1184.25,119378.0,
2018-10-24,1200.0,1215.65,1180.0,1192.15,89558.0,
2018-10-25,1184.0,1210.0,1160.0,1187.35,65512.0,
2018-10-26,1187.1,1224.0,1174.95,1185.2,125624.0,
2018-10-29,1201.3,1222.55,1191.1,1195.25,98013.0,
2018-10-30,1208.0,1223.55,1185.1,1204.05,145393.0,
2018-10-31,1206.0,1304.0,1205.45,1293.65,349704.0,
2018-11-01,1310.0,1418.85,1307.0,1392.0,663183.0,
2018-11-02,1409.0,1440.0,1352.1,1364.85,223844.0,
2018-11-05,1363.0,1376.8,1335.0,1362.1,84142.0,
2018-11-06,1368.0,1411.0,1363.0,1379.35,211375.0,
2018-11-07,1386.0,1392.0,1370.0,1379.65,24425.0,
2018-11-09,1384.0,1397.7,1362.05,1382.9,73467.0,
2018-11-12,1395.7,1424.9,1395.0,1411.0,203448.0,
2018-11-13,1407.9,1433.7,1371.55,1414.4,186003.0,
2018-11-14,1411.0,1433.0,1371.0,1382.05,124665.0,
2018-11-15,1380.0,1412.8,1350.0,1354.9,128505.0,
2018-11-16,1357.2,1385.0,1350.0,1362.2,95527.0,
2018-11-19,1362.2,1376.0,1353.8,1369.45,52947.0,
2018-11-20,1361.0,1370.35,1328.5,1332.6,55410.0,
2018-11-21,1334.0,1366.4,1330.0,1351.1,116919.0,
2018-11-22,1359.0,1372.0,1337.0,1342.65,60502.0,
2018-11-26,1350.85,1350.85,1316.0,1331.3,54559.0,
2018-11-27,1322.0,1353.0,1319.0,1341.9,55673.0,
2018-11-28,1345.1,1357.7,1321.0,1327.1,47576.0,
2018-11-29,1330.1,1348.0,1329.25,1332.05,49582.0,
2018-11-30,1337.9,1385.0,1331.0,1380.25,155044.0,
2018-12-03,1382.0,1404.9,1362.0,1373.25,113726.0,
2018-12-04,1361.0,1372.0,1345.0,1353.2,41927.0,
2018-12-05,1345.0,1346.0,1322.0,1327.3,43111.0,
2018-12-06,1314.0,1329.9,1300.35,1308.3,55122.0,
2018-12-07,1310.0,1335.85,1301.0,1308.9,46005.0,
2018-12-10,1270.0,1286.95,1208.1,1230.25,66151.0,
2018-12-11,1189.95,1247.75,1182.0,1236.8,137539.0,
2018-12-12,1244.9,1314.0,1243.0,1305.1,177986.0,
2018-12-13,1316.0,1339.0,1301.75,1309.0,99880.0,
2018-12-14,1309.0,1337.0,1296.0,1321.35,84899.0,
2018-12-17,1320.05,1345.0,1310.0,1337.35,73088.0,
2018-12-18,1332.0,1375.0,1321.15,1362.9,87895.0,
2018-12-19,1374.95,1383.2,1346.0,1363.45,80664.0,
2018-12-20,1349.1,1365.0,1335.0,1344.05,66863.0,
2018-12-21,1342.0,1352.0,1300.05,1305.3,68238.0,
2018-12-24,1308.9,1317.0,1271.25,1277.85,54465.0,
2018-12-26,1280.0,1286.35,1238.0,1266.2,60487.0,
2018-12-27,1272.15,1294.95,1272.0,1274.8,38249.0,
2018-12-28,1278.0,1348.9,1278.0,1319.45,268063.0,
2018-12-31,1325.0,1340.0,1313.4,1324.1,77870.0,
2019-01-01,1316.2,1332.0,1308.0,1323.9,44727.0,
2019-01-02,1320.0,1331.0,1292.0,1305.25,57452.0,
2019-01-03,1310.0,1325.5,1296.0,1298.65,43110.0,
2019-01-04,1303.0,1308.8,1282.0,1291.65,47457.0,
2019-01-07,1304.9,1325.0,1298.75,1312.75,56622.0,
2019-01-08,1308.05,1324.3,1298.0,1302.05,39647.0,
2019-01-09,1307.2,1318.0,1292.25,1300.65,39133.0,
2019-01-10,1304.9,1304.9,1288.0,1293.35,43482.0,
2019-01-11,1296.0,1310.7,1280.0,1285.4,57015.0,
2019-01-14,1279.0,1279.95,1260.1,1268.95,45774.0,
2019-01-15,1275.0,1298.0,1266.0,1280.95,76271.0,
2019-01-16,1281.95,1307.45,1266.25,1274.7,88548.0,
2019-01-17,1271.0,1280.0,1246.0,1251.35,61966.0,
2019-01-18,1255.0,1272.0,1245.0,1252.2,54583.0,
2019-01-21,1255.5,1265.0,1225.0,1228.05,74821.0,
2019-01-22,1215.2,1244.75,1212.15,1221.1,41526.0,
2019-01-23,1226.0,1289.95,1201.1,1208.0,1024207.0,
2019-01-24,1221.8,1239.75,1203.55,1209.35,234998.0,
2019-01-25,1219.7,1245.0,1201.2,1213.95,156750.0,
2019-01-28,1215.0,1223.7,1165.0,1184.6,116985.0,
2019-01-29,1172.0,1214.35,1172.0,1207.7,156652.0,
2019-01-30,1212.0,1229.7,1186.2,1195.9,68877.0,
2019-01-31,1207.9,1219.0,1201.1,1205.25,64027.0,
2019-02-01,1209.9,1223.0,1189.05,1205.95,66041.0,
2019-02-04,1207.7,1209.9,1170.0,1192.3,111441.0,
2019-02-05,1180.1,1205.0,1170.0,1173.4,57040.0,
2019-02-06,1177.3,1190.05,1163.85,1183.55,51761.0,
2019-02-07,1188.1,1209.9,1178.25,1194.75,51160.0,
2019-02-08,1190.0,1214.35,1174.0,1202.35,89806.0,
2019-02-11,1198.0,1198.0,1177.25,1183.45,41966.0,
2019-02-12,1180.2,1204.75,1180.0,1198.2,119430.0,
2019-02-13,1199.0,1204.8,1184.0,1187.5,31793.0,
2019-02-14,1180.35,1205.5,1180.0,1200.15,43237.0,
2019-02-15,1191.0,1212.5,1191.0,1200.9,44562.0,
2019-02-18,1191.0,1200.0,1176.65,1183.1,24226.0,
2019-02-19,1174.15,1205.4,1174.15,1199.55,55880.0,
2019-02-20,1196.1,1242.25,1196.05,1216.65,83187.0,
2019-02-21,1225.0,1237.0,1207.1,1213.9,56543.0,
2019-02-22,1214.0,1225.0,1195.0,1200.55,75150.0,
2019-02-25,1208.0,1247.8,1204.0,1241.15,166505.0,
2019-02-26,1241.15,1266.0,1205.0,1210.9,214667.0,
2019-02-27,1219.95,1237.95,1192.0,1197.75,120746.0,
2019-02-28,1204.7,1210.95,1185.0,1192.35,44937.0,
2019-03-01,1193.0,1233.0,1193.0,1219.55,85912.0,
2019-03-05,1225.0,1282.5,1202.0,1275.65,222060.0,
2019-03-06,1280.45,1315.0,1260.0,1282.2,246593.0,
2019-03-07,1287.7,1288.95,1263.5,1275.05,68296.0,
2019-03-08,1275.05,1276.7,1244.0,1251.6,65025.0,
2019-03-11,1258.0,1293.0,1255.1,1284.65,136508.0,
2019-03-12,1294.7,1374.0,1289.95,1362.05,443023.0,
2019-03-13,1368.0,1368.85,1326.95,1333.2,153204.0,
2019-03-14,1338.0,1347.0,1317.05,1331.55,68019.0,
2019-03-15,1334.95,1343.0,1304.0,1311.8,61121.0,
2019-03-18,1318.85,1355.0,1301.1,1312.55,91698.0,
2019-03-19,1316.7,1325.95,1301.1,1308.05,67647.0,
2019-03-20,1313.95,1314.2,1289.05,1294.45,31858.0,
2019-03-22,1295.0,1298.95,1267.0,1271.55,54664.0,
2019-03-25,1256.05,1273.95,1238.0,1247.7,52516.0,
2019-03-26,1254.25,1265.0,1238.2,1256.2,91868.0,
2019-03-27,1264.0,1298.0,1257.6,1285.85,288399.0,
2019-03-28,1291.95,1313.9,1265.0,1283.55,114341.0,
2019-03-29,1295.0,1307.85,1275.15,1299.3,73714.0,
2019-04-01,1305.0,1324.65,1300.1,1303.3,44642.0,
2019-04-02,1306.5,1311.45,1283.15,1297.75,45621.0,
2019-04-03,1298.0,1310.15,1267.15,1278.65,67877.0,
2019-04-04,1284.0,1301.85,1273.0,1293.05,47214.0,
2019-04-05,1295.0,1300.55,1280.15,1284.6,46975.0,
2019-04-08,1292.0,1303.85,1271.0,1285.15,45362.0,
2019-04-09,1280.0,1289.1,1270.6,1285.55,26623.0,
2019-04-10,1284.8,1294.75,1277.0,1283.7,26451.0,
2019-04-11,1290.0,1290.0,1270.55,1273.8,14359.0,
2019-04-12,1273.0,1291.0,1273.0,1283.9,34287.0,
2019-04-15,1288.55,1337.7,1286.65,1313.0,165566.0,
2019-04-16,1316.0,1374.95,1312.0,1338.05,132929.0,
2019-04-18,1347.45,1350.0,1306.0,1315.9,54403.0,
2019-04-22,1315.0,1329.95,1280.2,1289.05,54682.0,
2019-04-23,1292.75,1302.4,1263.0,1272.15,28698.0,
2019-04-24,1276.0,1286.9,1265.5,1281.15,21272.0,
2019-04-25,1283.0,1294.7,1280.0,1287.1,20223.0,
2019-04-26,1290.0,1290.0,1263.15,1271.55,16480.0,
2019-04-30,1276.4,1279.45,1190.35,1246.65,106146.0,
2019-05-02,1250.0,1273.35,1226.45,1231.25,50467.0,
2019-05-03,1241.6,1259.95,1223.95,1227.1,46755.0,
2019-05-06,1201.5,1224.9,1195.0,1200.05,180293.0,
2019-05-07,1201.5,1219.95,1191.0,1194.9,85501.0,
2019-05-08,1191.0,1195.0,1175.35,1182.35,22462.0,
2019-05-09,1180.0,1200.0,1171.0,1178.15,45304.0,
2019-05-10,1184.95,1188.9,1170.0,1173.45,53056.0,
2019-05-13,1173.45,1182.0,1156.0,1162.7,26030.0,
2019-05-14,1176.0,1182.65,1136.0,1160.75,48960.0,
2019-05-15,1156.5,1184.0,1151.2,1155.3,25796.0,
2019-05-16,1164.0,1164.0,1130.0,1132.5,23189.0,
2019-05-17,1138.0,1146.35,1115.0,1123.75,42812.0,
2019-05-20,1150.0,1184.5,1142.4,1159.4,53690.0,
2019-05-21,1163.0,1178.1,1136.25,1139.85,31229.0,
2019-05-22,1144.95,1144.95,1115.0,1119.25,45396.0,
2019-05-23,1150.0,1197.85,1100.35,1119.45,129899.0,
2019-05-24,1120.0,1169.9,1120.0,1135.9,166100.0,
2019-05-27,1145.0,1186.0,1142.0,1146.45,397828.0,
2019-05-28,1154.0,1163.9,1115.0,1127.85,121033.0,
2019-05-29,1134.0,1162.0,1116.35,1148.8,236792.0,
2019-05-30,1150.0,1183.0,1144.35,1161.4,152403.0,
2019-05-31,1166.0,1192.0,1140.0,1156.5,274478.0,
2019-06-03,1162.9,1179.8,1155.0,1158.5,89553.0,
2019-06-04,1145.1,1179.0,1145.0,1149.15,51708.0,
2019-06-06,1150.0,1158.8,1130.0,1132.45,45637.0,
2019-06-07,1130.0,1147.95,1118.5,1132.05,35645.0,
2019-06-10,1139.9,1160.0,1139.85,1156.7,87295.0,
2019-06-11,1160.0,1166.8,1135.0,1139.65,65126.0,
2019-06-12,1139.0,1148.75,1130.0,1135.35,24880.0,
2019-06-13,1134.75,1138.5,1111.0,1118.95,57437.0,
2019-06-14,1119.7,1124.75,1100.0,1102.5,47057.0,
2019-06-17,1106.9,1109.7,1055.0,1058.65,63348.0,
2019-06-18,1063.5,1079.0,1021.0,1026.75,67854.0,
2019-06-19,1034.95,1043.85,940.0,989.25,213506.0,
2019-06-20,988.95,993.45,965.0,987.4,75934.0,
2019-06-21,988.0,1029.0,975.0,984.65,111343.0,
2019-06-24,989.0,989.0,957.0,960.9,40791.0,
2019-06-25,960.0,974.0,950.0,955.1,39595.0,
2019-06-26,955.0,965.5,900.9,919.5,523878.0,
2019-06-27,919.8,936.85,918.0,924.75,300988.0,
2019-06-28,926.0,949.0,912.0,936.1,156465.0,
2019-07-01,937.0,944.9,905.0,909.75,130763.0,
2019-07-02,912.9,918.8,905.65,914.95,72099.0,
2019-07-03,918.0,957.15,911.0,944.2,221225.0,
2019-07-04,948.85,983.0,938.0,972.2,200905.0,
2019-07-05,978.0,980.0,938.05,947.1,79103.0,
2019-07-08,934.0,937.9,891.65,904.1,74145.0,
2019-07-09,905.0,913.95,893.8,898.35,40015.0,
2019-07-10,900.1,916.0,900.0,905.3,37730.0,
2019-07-11,913.0,916.7,900.0,911.6,34149.0,
2019-07-12,912.0,919.9,903.1,914.0,50423.0,
2019-07-15,917.0,919.9,891.5,902.2,37131.0,
2019-07-16,905.9,917.6,893.4,911.55,27513.0,
2019-07-17,911.6,919.9,905.3,912.35,37819.0,
2019-07-18,916.0,934.0,910.0,912.75,104680.0,
2019-07-19,913.05,926.0,892.0,896.85,35251.0,
2019-07-22,899.7,899.7,861.1,879.8,47644.0,
2019-07-23,881.0,898.8,870.6,888.9,39893.0,
2019-07-24,890.0,895.85,865.0,885.7,43584.0,
2019-07-25,885.0,906.45,878.1,886.85,54701.0,
2019-07-26,887.9,887.9,859.8,867.45,36665.0,
2019-07-29,860.1,875.45,859.05,862.95,25791.0,
2019-07-30,864.95,868.0,802.0,819.9,99471.0,
2019-07-31,817.4,825.0,790.0,813.95,82498.0,
2019-08-01,813.9,835.0,792.1,801.95,69247.0,
2019-08-02,794.5,815.0,785.3,795.3,35440.0,
2019-08-05,787.0,798.25,770.0,775.95,52531.0,
2019-08-06,775.95,804.95,775.95,786.25,37200.0,
2019-08-07,777.25,784.65,772.0,774.75,30148.0,
2019-08-08,774.75,792.0,772.2,785.25,17889.0,
2019-08-09,788.0,822.3,788.0,808.2,63765.0,
2019-08-13,820.0,824.1,774.0,783.2,59898.0,
2019-08-14,780.0,816.0,779.95,808.7,45419.0,
2019-08-16,805.0,815.5,799.5,803.55,24418.0,
2019-08-19,807.95,820.0,785.75,792.55,32834.0,
2019-08-20,790.0,802.95,780.0,785.6,16888.0,
2019-08-21,789.85,789.85,750.15,756.0,24569.0,
2019-08-22,759.9,767.5,737.0,759.1,55266.0,
2019-08-23,756.0,775.0,740.05,761.6,28281.0,26.79
2019-09-30,919.8,936.85,918.0,924.75,300988.0,69.76
2019-10-01,1142.3,1172.25,1090.0,1129.95,174230.0,17.08
2019-10-02,1142.3,1172.25,1090.0,1129.95,174230.0,17.08
2019-10-03,1131.8,1152.0,1106.3,1120.75,82804.0,14.91
2019-10-04,1130.95,1148.0,1093.9,1097.1,78878.0,20.31
2019-10-07,1095.0,1124.0,1057.2,1079.7,118929.0,16.74
2019-10-08,1095.0,1124.0,1057.2,1079.7,118929.0,16.74
2019-10-09,1079.95,1111.0,1076.0,1092.15,109646.0,22.94
2019-10-10,1088.0,1099.0,1056.0,1069.0,64050.0,21.0
2019-10-11,1078.0,1137.0,1070.0,1106.25,233400.0,14.15
2019-10-14,1113.3,1200.0,1111.0,1150.3,598135.0,10.61
2019-10-15,1155.05,1208.0,1149.05,1190.15,355573.0,12.67
2019-10-16,1200.0,1200.0,1162.5,1175.95,149688.0,15.0
2019-10-17,1179.95,1182.95,1146.55,1158.75,168705.0,27.43
2019-10-18,1147.2,1196.0,1147.2,1172.75,197663.0,17.44
2019-10-21,1147.2,1196.0,1147.2,1172.75,197663.0,17.44
2019-10-22,1177.95,1203.85,1160.05,1170.1,137926.0,20.74
2019-10-23,1176.7,1247.4,1159.0,1206.35,503766.0,14.79
2019-10-24,1212.4,1235.0,1178.1,1185.05,178571.0,22.51
2019-10-25,1182.15,1196.4,1160.1,1168.25,89312.0,27.31
2019-10-28,1177.9,1196.0,1171.0,1184.1,32345.0,34.05
2019-10-29,1183.1,1238.5,1176.0,1209.7,256339.0,19.33
2019-10-30,1219.7,1234.25,1193.25,1201.45,123781.0,29.79
2019-10-31,1205.4,1221.95,1184.0,1190.45,98687.0,25.69
2019-11-01,1190.0,1241.35,1176.0,1216.65,329755.0,18.48
2019-11-04,1224.25,1249.6,1202.7,1218.5,175743.0,19.14
2019-11-05,1226.05,1228.95,1192.0,1201.4,89821.0,27.24
2019-11-06,1199.9,1208.0,1180.35,1186.25,100314.0,25.91
2019-11-07,1189.4,1212.0,1181.95,1187.0,89436.0,20.01
2019-11-08,1183.95,1248.0,1180.8,1201.25,367624.0,14.86
2019-11-11,1206.65,1219.0,1190.0,1198.3,95037.0,19.96
2019-11-12,1206.65,1219.0,1190.0,1198.3,95037.0,19.96
2019-11-13,1209.0,1245.0,1208.2,1220.25,216678.0,29.89
2019-11-14,1222.05,1227.4,1188.0,1192.45,78607.0,38.56
2019-11-15,1182.0,1209.95,1165.0,1174.8,87782.0,26.82
2019-11-18,1179.7,1184.9,1141.2,1150.05,75200.0,34.79
2019-11-19,1152.45,1152.45,1110.0,1114.35,74251.0,32.21
2019-11-20,1119.7,1138.65,1088.1,1113.65,150941.0,16.83
2019-11-21,1111.0,1118.7,1092.6,1098.7,36855.0,28.12
2019-11-22,1102.95,1104.35,1072.2,1077.0,68784.0,37.74
2019-11-25,1078.0,1110.0,1078.0,1097.75,70691.0,18.16
2019-11-26,1102.95,1122.0,1085.6,1091.25,68715.0,23.87
2019-11-27,1087.0,1122.0,1086.2,1105.2,95318.0,25.66
2019-11-28,1109.9,1117.9,1088.35,1100.55,77536.0,19.15
2019-11-29,1102.9,1126.45,1091.7,1106.4,160907.0,17.63
2019-12-02,1096.5,1110.0,1077.9,1083.65,47766.0,27.9
2019-12-03,1084.9,1124.0,1081.55,1092.9,150449.0,18.55
2019-12-04,1092.7,1101.0,1077.0,1087.1,54240.0,27.3
2019-12-05,1105.0,1123.0,1080.0,1084.3,97919.0,25.17
2019-12-06,1085.0,1090.0,1044.0,1053.15,67799.0,38.83
2019-12-09,1045.1,1060.5,1032.0,1034.9,45450.0,24.41
2019-12-10,1039.7,1045.0,1022.25,1034.15,54699.0,38.36
2019-12-11,1034.95,1043.95,1016.0,1022.65,41532.0,29.83
2019-12-12,1027.95,1038.0,1008.5,1020.4,93114.0,31.47
2019-12-13,1018.0,1041.9,1018.0,1024.6,69008.0,20.85
2019-12-16,1027.7,1047.0,1017.0,1020.25,165823.0,26.29
2019-12-17,1026.0,1054.0,1026.0,1037.2,188562.0,20.0
2019-12-18,1039.9,1039.9,1020.0,1027.35,71376.0,32.28
2019-12-19,1029.5,1029.5,1011.5,1015.7,55267.0,36.88
2019-12-20,1015.0,1034.95,1010.5,1017.35,107169.0,37.44
2019-12-23,1012.1,1025.0,997.15,1002.05,62518.0,34.84
2019-12-24,1004.9,1010.0,995.0,1000.05,55791.0,42.46
2019-12-25,1004.9,1010.0,995.0,1000.05,55791.0,42.46
2019-12-26,1003.7,1017.4,995.0,1000.7,62094.0,19.97
2019-12-27,1006.0,1008.55,990.1,993.3,43189.0,32.01
2019-12-30,997.0,1015.1,995.8,1008.6,67503.0,34.55
2019-12-31,1008.0,1057.8,1005.5,1038.95,333501.0,16.53
2020-01-01,1036.85,1043.95,1022.95,1029.2,44974.0,27.76
2020-01-02,1033.0,1072.75,1026.35,1058.75,208020.0,20.73
2020-01-03,1055.8,1078.9,1039.05,1070.8,159352.0,25.86
2020-01-06,1063.9,1066.9,1035.0,1049.9,126626.0,44.18
2020-01-07,1065.0,1132.0,1064.05,1114.75,280475.0,26.56
2020-01-08,1105.0,1144.35,1102.4,1109.55,291651.0,18.12
2020-01-09,1124.0,1139.9,1108.2,1129.4,171827.0,21.6
2020-01-10,1137.7,1155.0,1109.0,1114.5,147819.0,29.4
2020-01-13,1120.0,1130.0,1110.0,1123.6,95819.0,22.43
2020-01-14,1128.9,1137.7,1118.0,1123.15,73580.0,22.29
2020-01-15,1127.9,1129.7,1110.0,1118.0,43836.0,33.66
2020-01-16,1122.2,1173.0,1109.9,1158.0,197705.0,35.13
2020-01-17,1173.55,1185.0,1140.25,1144.35,127959.0,32.4
2020-01-20,1149.0,1153.8,1126.15,1129.9,47989.0,44.39
2020-01-21,1121.7,1144.0,1116.55,1134.55,75686.0,30.72
2020-01-22,1136.3,1147.9,1122.0,1130.25,50147.0,37.94
2020-01-23,1126.0,1147.65,1125.1,1140.4,62110.0,28.73
2020-01-24,1140.0,1215.0,1131.1,1198.9,275371.0,25.8
2020-01-27,1190.0,1235.0,1177.0,1187.85,256156.0,18.93
2020-01-28,1193.85,1210.0,1160.0,1169.3,99153.0,23.48
2020-01-29,1180.0,1203.8,1170.15,1188.75,163235.0,18.52
2020-01-30,1191.95,1196.7,1140.15,1149.5,88218.0,24.73
2020-01-31,1155.95,1157.85,1124.0,1132.25,58867.0,33.52
2020-02-03,1118.7,1141.9,1090.0,1118.15,73395.0,27.04
2020-02-04,1128.5,1153.0,1124.05,1143.9,63160.0,33.53
2020-02-05,1149.0,1181.35,1140.0,1147.9,95462.0,26.49
2020-02-06,1156.8,1158.35,1140.0,1146.9,42583.0,28.16
2020-02-07,1148.0,1154.4,1127.0,1132.2,50067.0,34.1
2020-02-10,1138.85,1229.9,1136.2,1187.1,672592.0,15.51
2020-02-11,1204.0,1209.9,1172.6,1178.9,191873.0,28.09
2020-02-12,1180.05,1188.05,1160.0,1167.1,75695.0,38.12
2020-02-13,1172.0,1184.8,1158.85,1163.3,56606.0,39.35
2020-02-14,1200.0,1218.9,1145.55,1155.6,140415.0,30.1
2020-02-17,1155.6,1167.9,1125.0,1128.55,59099.0,42.6
2020-02-18,1130.0,1135.0,1106.4,1120.1,41761.0,38.98
2020-02-19,1130.0,1147.0,1116.2,1122.25,60121.0,30.01
2020-02-20,1122.25,1129.5,1090.0,1093.7,63089.0,60.32
2020-02-21,1122.25,1129.5,1090.0,1093.7,63089.0,60.32
2020-02-24,1082.0,1108.0,1082.0,1092.25,50294.0,53.76
2020-02-25,1098.0,1104.9,1065.0,1076.55,26901.0,40.93
2020-02-26,1068.55,1109.8,1055.1,1099.45,70895.0,43.95
2020-02-27,1103.0,1109.7,1080.0,1098.6,37532.0,37.5
2020-02-28,1063.6,1078.0,1052.95,1069.45,45702.0,65.64
2020-03-02,1083.9,1108.0,1053.0,1092.25,65206.0,53.88
2020-03-03,1108.1,1130.0,1085.0,1102.45,45630.0,28.6
2020-03-04,1103.9,1107.95,1070.0,1096.0,95812.0,61.09
2020-03-05,1093.0,1115.0,1085.0,1089.75,30552.0,31.31
2020-03-06,1054.0,1142.0,1044.0,1119.6,69377.0,55.22
2020-03-09,1117.0,1117.0,1060.0,1084.75,80429.0,61.96
2020-03-10,1117.0,1117.0,1060.0,1084.75,80429.0,61.96
2020-03-11,1081.0,1093.65,1070.0,1081.1,44475.0,59.42
2020-03-12,1050.35,1050.35,985.0,1000.0,99008.0,73.69
2020-03-13,900.0,1034.95,800.0,1004.05,84166.0,58.92
2020-03-16,976.0,976.0,940.0,950.35,64930.0,69.9
2020-03-17,941.0,1009.0,864.0,885.95,62179.0,44.34
2020-03-18,904.0,904.95,760.1,774.45,77250.0,46.55
2020-03-19,750.0,755.45,701.0,728.6,63142.0,25.91
2020-03-20,740.0,770.0,725.0,738.95,58306.0,36.23
2020-03-23,670.0,691.85,591.2,594.25,62476.0,54.31
2020-03-24,630.0,630.0,535.0,607.95,57627.0,41.04
2020-03-25,607.95,665.0,555.0,648.95,35878.0,48.22
2020-03-26,645.0,713.8,633.0,697.05,56402.0,39.04
2020-03-27,745.0,756.0,675.35,704.25,58249.0,45.6
2020-03-30,688.0,732.0,675.35,694.05,36969.0,44.35
2020-03-31,704.15,746.0,704.0,732.5,42501.0,34.11
2020-04-01,737.0,759.0,720.0,726.1,29548.0,38.39
2020-04-02,737.0,759.0,720.0,726.1,29548.0,38.39
2020-04-03,735.0,735.35,696.25,716.75,35765.0,32.81
2020-04-06,735.0,735.35,696.25,716.75,35765.0,32.81
2020-04-07,730.0,788.4,730.0,788.4,59781.0,46.39
2020-04-08,810.0,854.3,774.0,784.2,76612.0,33.68
2020-04-09,820.0,848.0,792.0,817.5,44907.0,45.49
2020-04-10,820.0,848.0,792.0,817.5,44907.0,45.49
2020-04-13,829.0,829.0,771.1,788.35,36677.0,48.88
2020-04-15,829.9,845.0,800.1,806.7,80149.0,44.26
2020-04-16,800.0,844.9,791.05,829.95,98979.0,27.33
2020-04-17,851.1,870.05,836.15,843.55,48600.0,44.5
2020-04-20,855.0,885.0,831.55,852.25,78895.0,21.72
2020-04-21,839.95,839.95,811.0,815.3,43656.0,37.85
2020-04-22,824.0,884.4,817.75,871.05,128268.0,27.26
2020-04-23,884.0,987.6,880.4,917.25,338475.0,19.47
2020-04-24,907.95,940.0,898.1,912.4,86706.0,23.9
2020-04-27,916.0,969.0,916.0,952.5,145405.0,21.65
2020-04-28,958.0,959.9,916.65,927.05,77424.0,33.41
2020-04-29,934.95,945.0,910.0,914.1,54025.0,44.39
2020-04-30,930.0,938.0,890.0,904.1,84431.0,40.67
2020-05-01,930.0,938.0,890.0,904.1,84431.0,40.67
2020-05-04,889.0,889.0,848.0,854.5,45554.0,45.88
2020-05-05,864.0,880.0,830.0,836.15,41429.0,30.67
2020-05-06,838.0,855.0,825.65,832.7,30575.0,31.52
2020-05-07,830.0,846.2,818.95,829.5,60805.0,14.47
2020-05-08,839.8,858.0,829.4,844.7,66946.0,19.36
2020-05-11,855.0,875.0,851.0,857.45,60060.0,21.7
2020-05-12,855.0,856.0,832.0,845.2,29908.0,32.16
2020-05-13,864.95,875.0,848.0,853.4,59510.0,24.93
2020-05-14,854.0,869.35,845.15,851.0,41726.0,26.55
2020-05-15,852.0,867.95,845.0,850.25,28330.0,28.78
2020-05-18,852.0,857.95,798.35,802.05,47027.0,37.75
2020-05-19,826.5,827.0,800.0,804.3,31800.0,19.99
2020-05-20,810.0,829.95,802.65,806.6,46128.0,25.47
2020-05-21,811.85,824.9,806.6,815.7,27585.0,39.22
2020-05-22,803.0,822.0,803.0,812.25,15507.0,37.33
2020-05-25,803.0,822.0,803.0,812.25,15507.0,37.33
2020-05-26,813.0,837.8,813.0,819.1,23717.0,25.91
2020-05-27,819.0,845.0,810.95,832.45,39067.0,26.67
2020-05-28,836.65,929.0,834.45,916.75,307882.0,19.02
2020-05-29,914.1,947.75,900.0,908.1,199001.0,22.06
2020-06-01,918.0,958.0,915.75,936.15,114618.0,34.23
2020-06-02,943.0,970.0,940.0,951.15,121221.0,28.2
2020-06-03,975.0,1062.45,972.45,996.75,591498.0,18.19
2020-06-04,1007.85,1092.8,981.5,1078.35,390117.0,24.61
2020-06-05,1125.0,1145.1,1075.25,1092.8,363612.0,27.35
2020-06-08,1108.0,1152.5,1075.1,1084.65,220036.0,30.21
2020-06-09,1086.0,1101.0,1057.35,1066.4,71566.0,30.63
2020-06-10,1070.0,1079.95,1010.0,1018.8,73294.0,41.55
2020-06-11,1023.0,1052.25,999.7,1007.95,68584.0,27.44
2020-06-12,984.0,1030.0,975.35,1020.45,79252.0,19.56
2020-06-15,1028.85,1035.7,1000.0,1006.25,39973.0,32.45
2020-06-16,1017.0,1039.45,991.0,997.8,62664.0,39.38
2020-06-17,995.0,1067.75,993.05,1050.3,327349.0,12.83
2020-06-18,1057.1,1067.0,1030.0,1045.95,102020.0,20.4
2020-06-19,1051.0,1075.65,1022.85,1057.4,146192.0,27.0
2020-06-22,1070.1,1115.0,1058.95,1064.15,202077.0,22.44
2020-06-23,1072.0,1086.2,1046.35,1060.35,91858.0,34.32
2020-06-24,1069.7,1100.0,1037.45,1046.3,136868.0,23.77
2020-06-25,1025.35,1084.8,1025.35,1052.1,76390.0,29.02
2020-06-26,1068.0,1074.7,1035.2,1045.35,75691.0,28.7
2020-06-29,1049.0,1064.9,1017.3,1039.9,60820.0,30.75
2020-06-30,1042.1,1074.0,1041.5,1051.65,125950.0,27.03
2020-07-01,1057.25,1060.7,1035.0,1041.4,55208.0,31.98
2020-07-02,1048.9,1055.0,1025.1,1030.35,51349.0,37.38
2020-07-03,1037.3,1043.0,1020.1,1029.9,48425.0,35.77
2020-07-06,1035.25,1066.0,1030.0,1060.6,141671.0,29.64
2020-07-07,1061.05,1119.4,1055.5,1111.35,404246.0,26.04
2020-07-08,1124.0,1174.9,1111.0,1124.85,468190.0,22.36
2020-07-09,1130.05,1145.0,1076.0,1127.05,164893.0,25.5
2020-07-10,1128.75,1238.0,1122.0,1226.0,871332.0,21.13
2020-07-13,1248.15,1270.0,1221.0,1231.1,596133.0,19.76
2020-07-14,1221.0,1224.9,1160.05,1170.1,202150.0,26.91
2020-07-15,1177.05,1237.95,1176.05,1191.4,270159.0,20.74
2020-07-16,1180.05,1277.0,1170.0,1265.4,470799.0,22.09
2020-07-17,1272.0,1305.0,1225.05,1238.75,589845.0,21.36
2020-07-20,1245.9,1285.0,1231.7,1265.65,327614.0,24.83
2020-07-21,1272.05,1314.8,1260.0,1266.75,354673.0,31.81
2020-07-22,1274.8,1288.0,1245.0,1268.6,223544.0,32.29
2020-07-23,1271.0,1293.9,1266.55,1274.7,117320.0,30.77
2020-07-24,1269.0,1279.65,1222.85,1245.6,115227.0,34.87
2020-07-27,1250.0,1258.35,1180.1,1186.3,114894.0,39.1
2020-07-28,1196.0,1228.15,1195.1,1219.8,94153.0,29.17
2020-07-29,1224.0,1241.0,1195.5,1202.65,105777.0,33.14
2020-07-30,1236.0,1270.0,1215.0,1232.75,371831.0,19.82
2020-07-31,1239.0,1267.9,1235.0,1258.75,196387.0,35.8
2020-08-03,1255.0,1340.0,1242.0,1324.05,482295.0,23.82
2020-08-04,1335.0,1373.85,1313.0,1323.9,439906.0,30.2
2020-08-05,1340.25,1348.0,1318.6,1326.75,155572.0,30.43
2020-08-06,1334.9,1372.0,1329.0,1352.55,269544.0,32.99
2020-08-07,1346.0,1379.95,1332.0,1360.5,222398.0,30.44
2020-08-10,1370.0,1565.0,1351.0,1529.55,1074363.0,23.25
2020-08-11,1551.0,1561.15,1462.0,1474.4,324715.0,26.99
2020-08-12,1456.6,1465.1,1421.0,1433.15,169726.0,24.4
2020-08-13,1446.7,1518.8,1445.95,1468.6,348100.0,17.15
2020-08-14,1474.55,1528.95,1424.0,1455.85,384853.0,20.11
2020-08-17,1462.0,1500.0,1442.3,1469.95,291551.0,21.28
2020-08-18,1476.95,1505.0,1467.0,1475.2,201404.0,21.91
2020-08-19,1484.0,1487.55,1449.0,1456.55,108901.0,35.66
2020-08-20,1442.5,1459.0,1427.0,1441.2,112044.0,35.97
2020-08-21,1453.85,1508.75,1445.15,1462.7,306548.0,19.83
2020-08-24,1476.95,1498.0,1465.0,1477.1,114397.0,36.49
2020-08-25,1482.0,1495.0,1461.65,1479.05,114318.0,34.88
2020-08-26,1485.0,1485.95,1450.0,1456.4,88908.0,43.63
2020-08-27,1463.0,1545.0,1460.0,1511.85,521446.0,22.31
2020-08-28,1523.9,1539.95,1471.35,1483.5,234328.0,31.47
2020-08-31,1488.85,1495.4,1311.2,1348.45,223783.0,32.0
2020-09-01,1355.0,1382.65,1300.65,1330.5,134298.0,22.4
2020-09-02,1331.0,1413.15,1331.0,1395.85,179814.0,21.16
2020-09-03,1398.0,1403.9,1356.15,1369.85,105323.0,17.36
2020-09-04,1332.0,1382.0,1300.0,1308.75,147339.0,44.33
2020-09-07,1312.0,1369.7,1311.95,1344.8,189953.0,22.88
2020-09-08,1353.95,1385.45,1344.1,1359.7,157182.0,21.85
2020-09-09,1356.0,1356.0,1312.0,1330.2,104612.0,19.9
2020-09-10,1341.0,1365.45,1333.3,1343.15,76170.0,18.02
2020-09-11,1343.95,1392.0,1332.55,1365.3,153217.0,18.67
2020-09-14,1372.4,1425.65,1372.4,1397.9,187087.0,24.94
2020-09-15,1404.9,1429.9,1382.45,1392.75,113450.0,27.69
2020-09-16,1401.1,1459.0,1391.25,1447.15,261673.0,23.02
2020-09-17,1439.15,1482.0,1414.05,1424.4,241355.0,23.46
2020-09-18,1434.7,1446.0,1380.5,1392.35,132498.0,34.14
2020-09-21,1398.9,1419.0,1342.8,1352.35,124603.0,41.43
2020-09-22,1356.0,1368.8,1305.0,1321.35,80455.0,20.35
2020-09-23,1323.15,1346.7,1290.0,1333.85,90110.0,15.63
2020-09-24,1300.1,1323.45,1248.05,1257.45,82730.0,38.95
2020-09-25,1269.8,1308.7,1262.2,1300.3,84362.0,25.48
2020-09-28,1314.7,1326.8,1298.0,1303.1,100811.0,32.27
2020-09-29,1314.9,1323.8,1285.25,1296.5,83064.0,26.34
2020-09-30,1306.85,1320.0,1290.05,1304.0,73520.0,24.67
2020-10-01,1315.0,1325.0,1304.15,1310.0,41430.0,26.26
2020-10-02,1315.0,1325.0,1304.15,1310.0,41430.0,26.26
2020-10-05,1319.0,1344.0,1311.95,1327.5,81784.0,23.27
2020-10-06,1333.0,1370.0,1321.0,1336.05,165908.0,24.83
2020-10-07,1342.85,1343.7,1310.0,1317.65,51256.0,32.84
2020-10-08,1320.0,1327.95,1280.5,1288.6,54419.0,47.31
2020-10-09,1291.0,1299.45,1275.0,1280.1,29241.0,38.02
2020-10-12,1289.0,1294.65,1239.0,1249.15,48750.0,36.3
2020-10-13,1253.95,1267.7,1238.0,1246.65,37585.0,34.71
2020-10-14,1236.0,1271.0,1222.5,1247.25,48813.0,22.16
2020-10-15,1254.0,1268.05,1220.0,1233.35,54242.0,28.13
2020-10-16,1234.05,1259.0,1215.55,1227.1,57029.0,31.53
2020-10-19,1233.25,1237.6,1212.8,1218.9,37693.0,37.03
2020-10-20,1217.95,1224.0,1202.4,1207.65,56077.0,36.89
2020-10-21,1214.8,1219.95,1172.05,1188.8,72190.0,53.87
2020-10-22,1185.0,1209.0,1182.85,1195.3,48567.0,48.38
2020-10-23,1197.0,1211.0,1180.0,1184.9,32131.0,45.13
2020-10-26,1190.3,1194.7,1171.55,1184.65,24234.0,41.33
2020-10-27,1190.0,1259.95,1181.0,1230.25,223844.0,20.46
2020-10-28,1237.65,1242.1,1202.45,1212.3,48633.0,33.17
2020-10-29,1206.0,1219.8,1185.7,1199.05,24153.0,34.77
2020-10-30,1210.95,1248.95,1192.3,1211.15,67056.0,19.49
2020-11-02,1212.0,1222.0,1181.15,1189.45,29811.0,30.02
2020-11-03,1198.65,1205.35,1177.15,1182.15,24333.0,41.89
2020-11-04,1183.0,1197.0,1181.95,1190.35,18248.0,27.54
2020-11-05,1197.95,1228.8,1185.1,1218.8,75765.0,36.45
2020-11-06,1218.8,1249.95,1216.3,1234.85,62383.0,34.34
2020-11-09,1244.0,1248.7,1230.2,1240.75,45214.0,35.89
2020-11-10,1244.95,1247.0,1216.05,1223.95,30620.0,44.44
2020-11-11,1225.95,1234.45,1200.0,1206.3,50120.0,45.97
2020-11-12,1205.0,1279.4,1182.25,1263.15,123162.0,39.35
2020-11-13,1254.0,1275.45,1228.55,1256.65,97637.0,37.63
2020-11-16,1265.0,1280.0,1252.15,1257.25,16743.0,63.97
2020-11-17,1260.0,1290.0,1250.3,1278.75,82061.0,49.26
2020-11-18,1288.0,1330.6,1285.1,1303.2,149168.0,40.44
2020-11-19,1304.0,1332.0,1275.7,1286.2,102895.0,32.89
2020-11-20,1292.55,1335.0,1289.55,1328.05,124640.0,35.9
2020-11-23,1335.0,1348.8,1323.5,1329.9,91672.0,43.66
2020-11-24,1329.0,1356.3,1310.0,1347.9,101476.0,38.89
2020-11-25,1357.0,1357.0,1268.0,1281.0,69740.0,42.45
2020-11-26,1284.0,1295.0,1256.0,1281.8,63997.0,30.27
2020-11-27,1287.85,1340.0,1275.9,1319.75,259058.0,78.57
2020-11-30,1287.85,1340.0,1275.9,1319.75,259058.0,78.57
2020-12-01,1328.6,1328.6,1298.0,1302.55,45376.0,51.69
2020-12-02,1304.95,1322.0,1283.05,1289.25,68567.0,32.56
2020-12-03,1292.0,1312.0,1280.0,1285.6,64965.0,46.89
2020-12-04,1293.9,1305.85,1270.9,1280.65,78886.0,36.27
2020-12-07,1280.65,1385.0,1280.65,1356.25,527587.0,18.92
2020-12-08,1367.0,1367.0,1320.0,1329.85,112405.0,35.15
2020-12-09,1335.0,1387.0,1329.0,1369.65,278078.0,26.26
2020-12-10,1363.0,1373.7,1333.4,1362.25,90647.0,27.7
2020-12-11,1373.15,1383.95,1335.0,1343.75,75665.0,38.78
2020-12-14,1353.8,1370.35,1333.55,1341.45,48948.0,43.45
2020-12-15,1339.0,1345.0,1325.05,1329.55,32389.0,40.81
2020-12-16,1332.0,1360.0,1332.0,1336.55,77933.0,32.21
2020-12-17,1346.8,1360.0,1316.6,1322.1,66660.0,42.74
2020-12-18,1323.8,1333.65,1292.0,1297.6,70330.0,57.34
2020-12-21,1290.0,1318.5,1212.1,1229.2,85138.0,51.33
2020-12-22,1224.9,1248.4,1192.0,1242.05,52491.0,33.97
2020-12-23,1247.8,1287.0,1234.7,1276.15,61507.0,39.68
2020-12-24,1286.9,1288.7,1262.0,1266.8,34006.0,43.86
2020-12-25,1286.9,1288.7,1262.0,1266.8,34006.0,43.86
2020-12-28,1277.4,1329.0,1277.4,1306.5,138156.0,28.81
2020-12-29,1315.0,1316.0,1285.05,1293.05,43935.0,43.13
2020-12-30,1302.0,1302.0,1274.95,1294.45,33650.0,36.08
2020-12-31,1294.95,1327.55,1290.1,1298.05,84532.0,29.31
2021-01-01,1296.0,1321.65,1296.0,1304.75,60813.0,37.97
2021-01-04,1313.6,1322.8,1280.0,1297.25,47320.0,46.65
2021-01-05,1290.3,1312.85,1280.9,1296.0,41031.0,35.11
2021-01-06,1299.95,1354.7,1292.0,1302.95,265264.0,28.97
2021-01-07,1318.0,1330.0,1290.0,1292.6,145877.0,44.64
2021-01-08,1296.0,1314.9,1278.1,1288.3,129113.0,65.48
2021-01-11,1296.95,1309.9,1280.5,1288.65,53093.0,36.35
2021-01-12,1285.95,1334.8,1280.55,1316.7,204202.0,33.67
2021-01-13,1320.0,1327.65,1287.0,1298.5,108386.0,34.01
2021-01-14,1304.55,1323.05,1299.0,1305.75,60618.0,30.01
2021-01-15,1312.0,1313.0,1283.0,1286.35,44905.0,47.7
2021-01-18,1282.05,1298.7,1247.0,1250.35,71611.0,47.06
2021-01-19,1264.9,1279.0,1257.0,1264.75,38281.0,35.62
2021-01-20,1258.0,1286.0,1258.0,1267.55,33329.0,35.83
2021-01-21,1277.8,1280.5,1252.0,1254.35,47553.0,52.21
2021-01-22,1247.0,1273.0,1240.0,1242.8,56777.0,28.27
2021-01-25,1248.95,1257.5,1225.35,1232.55,44616.0,32.12
2021-01-26,1248.95,1257.5,1225.35,1232.55,44616.0,32.12
2021-01-27,1227.6,1236.0,1215.0,1217.2,24042.0,48.25
2021-01-28,1204.0,1217.0,1194.2,1206.3,26618.0,34.48
2021-01-29,1218.0,1228.0,1192.9,1205.45,25754.0,42.91
2021-02-01,1205.5,1253.95,1205.5,1239.7,54147.0,47.33
2021-02-02,1250.0,1271.0,1245.0,1262.4,43269.0,48.87
2021-02-03,1267.95,1274.0,1244.45,1253.7,42778.0,23.97
2021-02-04,1257.0,1284.0,1255.0,1273.15,54078.0,54.88
2021-02-05,1279.55,1285.0,1247.0,1251.35,39324.0,60.89
2021-02-08,1260.0,1269.9,1222.2,1231.3,64472.0,66.17
2021-02-09,1235.95,1248.8,1233.25,1239.9,34605.0,63.53
2021-02-10,1247.9,1261.95,1235.0,1246.7,41654.0,35.0
2021-02-11,1249.7,1268.0,1241.05,1246.7,39993.0,46.97
2021-02-12,1252.95,1264.25,1235.95,1241.3,30154.0,46.63
2021-02-15,1235.0,1235.05,1201.0,1207.45,51457.0,59.4
2021-02-16,1205.0,1218.9,1189.4,1200.65,43151.0,46.47
2021-02-17,1199.75,1208.95,1190.0,1191.85,33292.0,51.21
2021-02-18,1197.0,1212.0,1180.0,1183.6,83275.0,32.18
2021-02-19,1191.5,1219.0,1184.75,1192.25,71136.0,28.21
2021-02-22,1196.95,1203.3,1156.95,1161.3,37007.0,49.5
2021-02-23,1165.0,1178.7,1150.0,1152.55,42427.0,37.03
2021-02-24,1165.0,1234.4,1165.0,1179.85,89701.0,31.49
2021-02-25,1189.0,1199.95,1166.0,1178.2,44160.0,42.65
2021-02-26,1160.0,1179.0,1150.05,1159.5,44466.0,46.26
2021-03-01,1164.9,1186.0,1156.0,1161.45,51082.0,44.92
2021-03-02,1167.4,1235.0,1151.55,1194.5,144567.0,28.18
2021-03-03,1200.0,1247.0,1200.0,1215.75,214619.0,24.53
2021-03-04,1195.25,1262.0,1195.25,1242.85,161974.0,32.15
2021-03-05,1238.9,1245.5,1195.0,1202.0,60893.0,53.47
2021-03-08,1200.15,1218.0,1200.0,1201.2,37254.0,49.25
2021-03-09,1208.05,1239.95,1181.65,1191.3,76125.0,33.78
2021-03-10,1199.05,1231.95,1186.9,1202.3,59847.0,35.06
2021-03-11,1199.05,1231.95,1186.9,1202.3,59847.0,35.06
2021-03-12,1198.0,1229.0,1185.0,1188.7,62998.0,48.13
2021-03-15,1191.0,1196.0,1158.4,1162.8,40163.0,57.64
2021-03-16,1170.0,1198.55,1170.0,1178.45,48569.0,38.26
2021-03-17,1179.05,1194.4,1165.05,1173.3,41143.0,46.31
2021-03-18,1180.35,1220.0,1152.0,1160.05,173798.0,24.14
2021-03-19,1150.0,1185.45,1127.05,1168.5,96024.0,55.35
2021-03-22,1174.35,1185.0,1154.55,1170.1,50376.0,38.43
2021-03-23,1172.1,1186.4,1152.0,1160.7,57333.0,45.75
2021-03-24,1159.0,1172.0,1145.0,1148.9,54810.0,44.89
2021-03-25,1154.65,1156.25,1109.65,1118.6,48415.0,57.81
2021-03-26,1130.0,1140.0,1101.0,1111.7,62398.0,55.83
2021-03-29,1130.0,1140.0,1101.0,1111.7,62398.0,55.83
2021-03-30,1117.3,1128.0,1114.0,1121.7,35399.0,51.69
2021-03-31,1126.0,1140.0,1105.0,1110.4,61526.0,65.16
2021-04-01,1116.2,1148.4,1116.2,1145.45,39852.0,42.14
2021-04-02,1116.2,1148.4,1116.2,1145.45,39852.0,42.14
2021-04-05,1155.0,1192.5,1136.15,1181.95,124937.0,42.56
2021-04-06,1195.0,1202.0,1170.45,1176.7,46177.0,45.61
2021-04-07,1188.0,1213.55,1180.25,1201.0,57007.0,43.82
2021-04-08,1216.9,1284.0,1201.0,1249.05,332835.0,36.03
2021-04-09,1265.0,1298.0,1252.0,1259.7,186108.0,38.39
2021-04-12,1249.9,1249.9,1175.6,1185.45,95494.0,42.49
2021-04-13,1191.0,1248.0,1191.0,1214.15,35590.0,47.54
2021-04-14,1191.0,1248.0,1191.0,1214.15,35590.0,47.54
2021-04-15,1227.0,1227.0,1186.1,1191.75,23056.0,38.72
2021-04-16,1198.0,1215.0,1179.2,1194.95,28343.0,38.75
2021-04-19,1177.7,1188.7,1151.85,1160.35,65326.0,81.26
2021-04-20,1166.5,1182.65,1159.0,1162.1,20446.0,45.06
2021-04-21,1166.5,1182.65,1159.0,1162.1,20446.0,45.06
2021-04-22,1165.2,1175.9,1155.3,1164.0,18836.0,37.45
2021-04-23,1164.0,1169.8,1144.0,1149.0,28455.0,54.16
2021-04-26,1152.55,1158.0,1125.05,1128.85,32552.0,49.56
2021-04-27,1144.0,1151.15,1124.85,1142.65,40009.0,47.07
2021-04-28,1143.0,1152.0,1125.0,1130.9,42414.0,45.26
2021-04-29,1140.0,1196.0,1131.0,1179.35,212827.0,21.29
2021-04-30,1170.0,1187.95,1150.0,1161.0,44533.0,47.71
2021-05-03,1162.95,1188.0,1144.95,1175.2,41285.0,33.67
2021-05-04,1187.9,1217.0,1165.0,1168.7,122642.0,27.96
2021-05-05,1174.55,1184.35,1164.0,1167.95,25656.0,30.18
2021-05-06,1177.7,1192.2,1147.95,1164.0,82114.0,23.09
2021-05-07,1150.0,1165.2,1138.05,1144.05,54155.0,49.37
2021-05-10,1168.8,1168.8,1135.9,1144.45,56844.0,44.95
2021-05-11,1140.0,1194.45,1138.65,1173.25,166405.0,31.35
2021-05-12,1185.0,1233.0,1182.0,1195.9,255797.0,26.23
2021-05-13,1185.0,1233.0,1182.0,1195.9,255797.0,26.23
2021-05-14,1210.0,1255.0,1201.0,1205.25,179520.0,21.31
2021-05-17,1217.7,1225.05,1189.85,1194.9,53846.0,36.02
2021-05-18,1210.0,1215.0,1190.0,1194.35,38701.0,46.01
2021-05-19,1196.0,1231.7,1191.65,1201.55,109600.0,19.01
2021-05-20,1201.55,1215.05,1185.65,1191.05,41308.0,41.8
2021-05-21,1199.4,1235.0,1192.2,1201.75,115498.0,30.77
2021-05-24,1211.3,1232.0,1195.7,1217.7,105588.0,27.09
2021-05-25,1225.0,1247.0,1220.0,1223.75,124647.0,36.8
2021-05-26,1226.0,1335.0,1225.25,1323.4,1031157.0,22.55
2021-05-27,1341.9,1362.2,1312.1,1337.55,561559.0,29.75
2021-05-28,1330.0,1340.0,1276.0,1284.15,166689.0,37.82
2021-05-31,1294.6,1328.0,1292.0,1303.25,166500.0,36.3
2021-06-01,1316.4,1327.35,1283.85,1301.15,105870.0,37.25
2021-06-02,1301.15,1305.0,1287.15,1298.15,54874.0,36.44
2021-06-03,1309.0,1321.55,1290.0,1292.55,64107.0,39.66
2021-06-04,1297.6,1310.0,1277.05,1282.3,52137.0,45.51
2021-06-07,1307.7,1338.0,1285.9,1312.2,162472.0,34.08
2021-06-08,1319.9,1354.0,1288.0,1317.0,273188.0,50.3
2021-06-09,1327.5,1347.0,1283.85,1290.6,126766.0,47.58
2021-06-10,1300.9,1320.0,1298.0,1302.1,86926.0,45.35
2021-06-11,1305.0,1320.0,1292.1,1302.7,152463.0,37.04
2021-06-14,1313.0,1365.4,1309.3,1346.9,548892.0,42.35
2021-06-15,1365.0,1424.95,1362.0,1374.55,788431.0,26.96
2021-06-16,1377.8,1377.8,1335.6,1350.85,194880.0,33.82
2021-06-17,1335.0,1376.3,1320.95,1340.85,229580.0,36.42
2021-06-18,1344.0,1352.25,1296.5,1307.3,140558.0,39.73
2021-06-21,1300.0,1335.0,1290.05,1326.75,79760.0,31.34
2021-06-22,1333.0,1338.3,1301.25,1313.6,65062.0,50.43
2021-06-23,1320.0,1326.25,1300.4,1303.65,50317.0,45.1
2021-06-24,1308.0,1328.0,1302.2,1309.9,66304.0,50.63
2021-06-25,1337.0,1358.85,1325.1,1331.35,206543.0,39.83
2021-06-28,1346.95,1384.5,1340.6,1370.3,248768.0,33.28
2021-06-29,1367.2,1367.2,1334.0,1337.4,115386.0,40.7
2021-06-30,1349.75,1353.15,1320.0,1323.45,61961.0,47.95
2021-07-01,1330.0,1339.9,1311.3,1317.55,46260.0,47.48
2021-07-02,1324.0,1327.95,1300.0,1307.35,71518.0,51.54
2021-07-05,1318.0,1334.8,1302.65,1317.5,109790.0,36.91
2021-07-06,1316.0,1326.95,1303.45,1308.25,64068.0,45.51
2021-07-07,1308.25,1316.9,1303.0,1306.25,37186.0,43.75
2021-07-08,1306.55,1314.9,1286.4,1294.3,66853.0,48.46
2021-07-09,1310.0,1310.0,1282.0,1283.5,61559.0,51.86
2021-07-12,1292.0,1339.0,1285.0,1322.6,180634.0,25.39
2021-07-13,1335.0,1353.0,1317.25,1326.0,141203.0,35.98
2021-07-14,1329.0,1342.5,1313.35,1316.65,69168.0,36.61
2021-07-15,1323.95,1327.65,1301.5,1307.05,46968.0,48.65
2021-07-16,1314.95,1314.95,1289.1,1300.85,69185.0,41.82
2021-07-19,1288.0,1314.0,1281.55,1286.95,79787.0,47.27
2021-07-20,1287.2,1298.1,1257.7,1267.25,73828.0,39.6
2021-07-21,1287.2,1298.1,1257.7,1267.25,73828.0,39.6
2021-07-22,1287.0,1287.0,1265.0,1268.3,74949.0,49.15
2021-07-23,1285.0,1297.0,1266.4,1272.85,65224.0,49.5
2021-07-26,1279.0,1279.0,1251.65,1254.3,57640.0,61.17
2021-07-27,1262.0,1304.0,1257.25,1283.45,259020.0,35.06
2021-07-28,1294.0,1294.0,1239.0,1247.9,146469.0,39.17
2021-07-29,1252.7,1265.0,1240.0,1243.55,54224.0,42.11
2021-07-30,1246.8,1259.95,1231.55,1239.75,62477.0,48.71
2021-08-02,1245.95,1260.45,1241.0,1246.45,63525.0,39.06
2021-08-03,1256.35,1274.95,1242.7,1247.2,156606.0,35.38
2021-08-04,1253.45,1259.05,1228.0,1232.8,65289.0,53.64
2021-08-05,1237.7,1237.8,1200.0,1214.8,74690.0,53.35
2021-08-06,1217.0,1236.0,1203.0,1207.3,51700.0,56.95
2021-08-09,1215.0,1217.8,1190.55,1195.9,69268.0,54.47
2021-08-10,1191.3,1195.85,1151.3,1164.25,83228.0,53.83
2021-08-11,1166.0,1167.95,1122.2,1139.7,108403.0,47.91
2021-08-12,1140.0,1166.35,1140.0,1158.5,45743.0,38.09
2021-08-13,1158.0,1165.0,1141.95,1146.8,53053.0,55.44
2021-08-16,1147.0,1147.0,1110.2,1122.6,75066.0,46.61
2021-08-17,1125.8,1131.05,1101.6,1112.15,70862.0,52.26
2021-08-18,1118.95,1118.95,1092.05,1096.35,76218.0,59.59
2021-08-19,1118.95,1118.95,1092.05,1096.35,76218.0,59.59
2021-08-20,1090.0,1218.7,1081.0,1180.8,893092.0,13.81
2021-08-23,1179.0,1217.0,1155.0,1164.6,407416.0,16.56
2021-08-24,1172.0,1187.4,1151.0,1155.35,72203.0,28.89
2021-08-25,1155.0,1212.05,1155.0,1180.7,231305.0,21.64
2021-08-26,1181.4,1223.0,1172.85,1206.2,326441.0,15.88
2021-08-27,1211.4,1230.0,1190.0,1199.5,174965.0,23.89
2021-08-30,1199.95,1214.0,1182.0,1186.0,120939.0,36.9
2021-08-31,1197.4,1242.0,1182.4,1189.3,259919.0,32.96
2021-09-01,1199.3,1230.0,1190.4,1217.9,220956.0,32.95
2021-09-02,1222.0,1244.0,1207.55,1223.9,213473.0,32.51
2021-09-03,1228.0,1235.6,1215.0,1219.15,90355.0,42.85
2021-09-06,1225.2,1230.0,1200.0,1204.05,51476.0,48.72
2021-09-07,1209.95,1220.75,1192.2,1199.5,83546.0,30.33
2021-09-08,1201.0,1219.0,1194.85,1201.15,68988.0,38.8
2021-09-09,1197.0,1224.95,1195.0,1211.9,104571.0,34.88
2021-09-10,1197.0,1224.95,1195.0,1211.9,104571.0,34.88
2021-09-13,1217.4,1217.4,1195.0,1198.85,44801.0,49.5
2021-09-14,1201.0,1217.2,1198.0,1204.6,71801.0,43.97
2021-09-15,1211.0,1211.0,1193.55,1196.6,58777.0,54.43
2021-09-16,1200.0,1211.2,1179.0,1184.7,66000.0,57.4
2021-09-17,1192.0,1192.0,1155.5,1160.7,133183.0,58.78
2021-09-20,1150.0,1177.9,1137.0,1140.4,64884.0,49.2
2021-09-21,1140.2,1153.9,1130.3,1148.75,41826.0,34.35
2021-09-22,1152.0,1176.0,1148.75,1159.75,56008.0,40.61
2021-09-23,1162.0,1194.4,1160.2,1164.65,72465.0,41.6
2021-09-24,1166.95,1184.0,1150.65,1154.8,39292.0,49.7
2021-09-27,1159.0,1166.15,1141.2,1149.05,41015.0,49.14
2021-09-28,1159.0,1164.15,1142.0,1147.75,29896.0,44.25
2021-09-29,1150.0,1159.0,1133.35,1146.5,42062.0,57.78
2021-09-30,1150.0,1158.0,1140.0,1147.75,38448.0,57.14
2021-10-01,1147.0,1171.1,1140.05,1155.0,45177.0,41.47
2021-10-04,1159.95,1175.0,1159.95,1167.1,63736.0,49.59
2021-10-05,1172.0,1192.95,1165.15,1177.25,100558.0,30.39
2021-10-06,1183.15,1194.9,1161.0,1166.5,79002.0,33.16
2021-10-07,1172.0,1179.9,1146.9,1157.45,47090.0,57.16
2021-10-08,1159.9,1159.95,1149.5,1152.55,53631.0,52.76
2021-10-11,1158.9,1180.0,1142.8,1154.5,83842.0,30.35
2021-10-12,1158.0,1163.65,1145.0,1148.55,43758.0,49.04
2021-10-13,1150.0,1173.25,1144.7,1155.2,86772.0,33.2
2021-10-14,1165.0,1169.0,1151.0,1153.6,45493.0,44.38
2021-10-15,1165.0,1169.0,1151.0,1153.6,45493.0,44.38
2021-10-18,1152.0,1161.3,1145.0,1147.95,63227.0,56.01
2021-10-19,1153.95,1156.85,1119.0,1128.65,78064.0,40.03
2021-10-20,1134.0,1148.0,1111.1,1119.35,61955.0,33.08
2021-10-21,1109.9,1127.0,1101.05,1110.55,47824.0,40.28
2021-10-22,1115.0,1125.0,1100.35,1105.65,41098.0,41.3
2021-10-25,1100.6,1108.4,1083.6,1087.35,37834.0,46.99
2021-10-26,1097.0,1104.0,1091.0,1094.8,25044.0,47.98
2021-10-27,1092.0,1124.75,1092.0,1108.95,43445.0,39.57
2021-10-28,1112.0,1117.0,1082.0,1092.25,34037.0,40.23
2021-10-29,1084.1,1098.8,1071.25,1079.1,41985.0,38.35
2021-11-01,1086.0,1095.0,1079.25,1087.8,19575.0,46.35
2021-11-02,1088.0,1125.0,1087.85,1110.7,43534.0,39.31
2021-11-03,1120.0,1135.0,1088.0,1100.05,52744.0,36.47
2021-11-04,1120.0,1135.0,1088.0,1100.05,52744.0,36.47
2021-11-05,1101.05,1119.0,1101.05,1111.4,8566.0,66.03
2021-11-08,1118.0,1118.0,1095.65,1104.85,31310.0,51.08
2021-11-09,1104.0,1115.25,1101.0,1105.6,23923.0,48.39
2021-11-10,1109.5,1166.85,1090.0,1129.8,185958.0,25.38
2021-11-11,1135.0,1135.4,1106.2,1111.15,34552.0,44.63
2021-11-12,1119.0,1135.0,1105.0,1116.3,34508.0,34.77
2021-11-15,1112.0,1123.6,1104.35,1107.45,25811.0,49.82
2021-11-16,1113.0,1113.0,1092.0,1095.1,30687.0,54.06
2021-11-17,1095.2,1115.0,1090.05,1094.1,39255.0,46.9
2021-11-18,1094.05,1102.2,1075.0,1078.4,29479.0,47.34
2021-11-19,1094.05,1102.2,1075.0,1078.4,29479.0,47.34
2021-11-22,1090.0,1118.0,1068.1,1075.9,65642.0,33.95
2021-11-23,1067.0,1089.0,1067.0,1085.3,19717.0,40.8
2021-11-24,1091.0,1095.0,1070.0,1075.4,23231.0,61.06
2021-11-25,1077.0,1090.0,1072.0,1076.45,21977.0,48.82
2021-11-26,1070.0,1075.0,1028.05,1037.6,58988.0,64.88
2021-11-29,1033.0,1034.9,1005.5,1018.25,34229.0,49.35
2021-11-30,1023.3,1033.1,980.5,993.75,51544.0,53.04
2021-12-01,998.75,1014.0,990.15,1000.75,26608.0,46.54
2021-12-02,1002.0,1034.0,1002.0,1016.45,42597.0,25.75
2021-12-03,1016.45,1031.95,1012.55,1019.35,24524.0,47.19
2021-12-06,1025.9,1026.05,995.0,1000.1,17379.0,56.84
2021-12-07,1003.1,1012.7,999.9,1001.7,24603.0,58.18
2021-12-08,1004.2,1015.0,1000.0,1008.85,25648.0,47.85
2021-12-09,1017.9,1155.0,1012.45,1124.0,391492.0,20.82
2021-12-10,1107.05,1145.9,1102.0,1133.0,219688.0,19.32
2021-12-13,1125.0,1133.0,1090.0,1094.2,102352.0,28.75
2021-12-14,1087.95,1179.0,1081.15,1160.5,599876.0,15.08
2021-12-15,1164.9,1165.4,1135.0,1142.8,135734.0,20.35
2021-12-16,1149.8,1152.8,1110.0,1114.05,87750.0,30.96
2021-12-17,1119.0,1119.0,1064.25,1075.45,140377.0,22.04
2021-12-20,1077.0,1077.0,1026.9,1033.5,78231.0,35.43
2021-12-21,1037.0,1054.2,1017.3,1021.8,49224.0,45.49
2021-12-22,1027.55,1058.95,1022.0,1028.85,63663.0,31.27
2021-12-23,1036.5,1069.0,1033.65,1051.2,65755.0,30.72
2021-12-24,1054.95,1059.0,1034.45,1037.65,21979.0,37.66
2021-12-27,1035.0,1089.0,1029.6,1071.0,83228.0,21.47
2021-12-28,1075.0,1088.8,1065.2,1076.35,43316.0,37.4
2021-12-29,1076.05,1117.95,1068.0,1101.95,54452.0,41.81
2021-12-30,1109.3,1129.0,1101.7,1118.3,74134.0,38.25
2021-12-31,1129.9,1129.95,1089.9,1109.45,43665.0,49.52
2022-01-03,1119.45,1131.65,1106.05,1111.6,28496.0,51.8
2022-01-04,1117.2,1117.2,1094.0,1097.8,22835.0,54.0
2022-01-05,1091.2,1108.0,1085.55,1091.2,36820.0,50.22
2022-01-06,1084.9,1099.7,1081.0,1087.85,27685.0,53.94
2022-01-07,1089.0,1116.0,1089.0,1099.9,42352.0,29.73
2022-01-10,1099.9,1114.9,1084.9,1094.7,51017.0,44.74
2022-01-11,1088.0,1141.0,1087.6,1116.1,170697.0,21.73
2022-01-12,1126.0,1127.8,1111.1,1119.1,25976.0,49.72
2022-01-13,1120.0,1128.0,1103.3,1108.0,31987.0,51.26
2022-01-14,1113.25,1115.0,1089.95,1100.3,28759.0,52.33
2022-01-17,1100.3,1136.0,1100.3,1121.5,94311.0,45.9
2022-01-18,1116.0,1142.0,1093.0,1098.4,37071.0,40.45
2022-01-19,1092.0,1167.0,1088.8,1137.3,165883.0,35.32
2022-01-20,1141.8,1149.1,1097.3,1106.75,59494.0,45.61
2022-01-21,1097.1,1118.15,1069.65,1080.3,54396.0,45.9
2022-01-24,1080.3,1089.5,1016.15,1023.65,50174.0,55.0
2022-01-25,1023.65,1099.9,1013.2,1085.8,129228.0,30.72
2022-01-26,1023.65,1099.9,1013.2,1085.8,129228.0,30.72
2022-01-27,1050.0,1080.25,1050.0,1068.05,31926.0,35.67
2022-01-28,1078.0,1102.9,1075.0,1087.5,29708.0,37.99
2022-01-31,1081.25,1104.75,1075.2,1088.6,33081.0,41.52
2022-02-01,1100.0,1117.8,1083.3,1113.65,55969.0,46.54
2022-02-02,1115.05,1133.85,1105.0,1116.45,63461.0,39.92
2022-02-03,1124.6,1136.0,1089.25,1095.75,59530.0,38.42
2022-02-04,1095.05,1124.0,1092.55,1105.5,33658.0,29.93
2022-02-07,1110.9,1110.9,1075.1,1085.5,30250.0,31.8
2022-02-08,1086.0,1094.7,1049.4,1061.8,30429.0,39.12
2022-02-09,1070.1,1089.45,1050.0,1054.45,56697.0,37.32
2022-02-10,1058.0,1077.5,1057.45,1072.25,26541.0,38.51
2022-02-11,1061.0,1069.05,1045.0,1050.65,23656.0,43.48
2022-02-14,1039.95,1040.2,995.0,999.65,32467.0,61.9
2022-02-15,1004.65,1039.85,1000.0,1024.15,40077.0,39.74
2022-02-16,1033.0,1039.9,1012.0,1018.9,32437.0,37.85
2022-02-17,1029.95,1034.9,1008.6,1012.7,33225.0,29.0
2022-02-18,1010.0,1028.0,1003.05,1008.1,42979.0,21.57
2022-02-21,1008.1,1012.7,980.0,986.8,45599.0,41.33
2022-02-22,978.95,984.3,962.0,963.55,43771.0,47.71
2022-02-23,968.1,1003.8,964.1,988.7,53602.0,35.45
2022-02-24,974.0,975.4,876.2,903.0,102964.0,52.07
2022-02-25,915.0,965.0,915.0,957.0,84934.0,37.55
2022-02-28,952.0,967.95,924.0,957.7,47094.0,23.38
2022-03-01,952.0,967.95,924.0,957.7,47094.0,23.38
2022-03-02,935.05,965.45,935.05,950.1,52443.0,25.66
2022-03-03,953.9,979.9,950.85,954.2,54069.0,22.11
2022-03-04,957.0,957.0,923.15,933.05,57210.0,33.74
2022-03-07,903.05,912.55,859.55,878.2,87314.0,36.26
2022-03-08,880.0,899.95,872.95,895.5,72382.0,36.24
2022-03-09,895.55,915.0,895.25,909.1,60948.0,40.02
2022-03-10,920.0,940.0,917.45,924.1,48887.0,42.25
2022-03-11,928.7,935.0,917.3,922.55,50651.0,31.3
2022-03-14,922.55,930.15,899.6,905.45,76511.0,57.8
2022-03-15,910.05,921.3,893.8,902.7,69377.0,36.51
2022-03-16,907.25,928.0,906.95,918.05,68396.0,52.18
2022-03-17,922.65,942.0,920.6,935.15,91400.0,56.33
2022-03-18,922.65,942.0,920.6,935.15,91400.0,56.33
2022-03-21,950.0,957.4,921.0,926.55,79391.0,38.24
2022-03-22,930.0,950.0,921.35,933.15,83137.0,45.33
2022-03-23,943.95,944.9,906.2,911.75,58658.0,55.14
2022-03-24,906.95,914.65,892.0,899.1,56533.0,59.68
2022-03-25,905.0,906.7,885.2,889.5,59430.0,48.72
2022-03-28,898.0,898.0,863.25,872.5,91942.0,54.49
2022-03-29,872.5,883.9,839.9,845.85,129167.0,63.0
2022-03-30,851.85,906.45,851.85,872.05,224520.0,24.79
2022-03-31,879.5,884.35,855.5,860.8,81864.0,49.39
2022-04-01,868.0,896.0,862.75,887.6,93259.0,42.05
2022-04-04,892.05,920.0,892.05,914.35,122205.0,42.53
2022-04-05,920.0,936.0,914.35,925.95,80348.0,37.53
2022-04-06,922.0,952.0,915.0,936.1,63176.0,41.38
2022-04-07,940.0,954.0,924.05,943.3,100174.0,29.98
2022-04-08,938.35,956.75,934.75,947.85,42696.0,41.86
2022-04-11,950.0,962.0,947.8,952.3,43130.0,43.87
2022-04-12,941.25,958.0,919.5,931.9,42977.0,38.03
2022-04-13,936.6,947.0,919.2,927.15,38357.0,44.83
2022-04-14,936.6,947.0,919.2,927.15,38357.0,44.83
2022-04-15,936.6,947.0,919.2,927.15,38357.0,44.83
2022-04-18,920.55,928.55,895.1,901.9,59896.0,50.68
2022-04-19,907.0,922.0,880.0,891.5,53465.0,39.99
2022-04-20,899.0,902.05,871.25,890.1,40024.0,50.9
2022-04-21,894.6,914.25,894.6,906.3,31944.0,41.44
2022-04-22,906.3,998.0,901.8,967.45,870044.0,17.99
2022-04-25,956.0,965.0,933.1,942.9,169291.0,23.05
2022-04-26,958.7,1062.9,949.9,1026.55,1846642.0,10.15
2022-04-27,1006.5,1110.0,1005.65,1096.4,1639619.0,10.41
2022-04-28,1099.0,1117.0,991.25,1001.3,678810.0,18.18
2022-04-29,1010.55,1043.7,992.85,1002.95,355495.0,19.8
2022-05-02,995.0,1000.0,965.0,978.65,127356.0,25.49
2022-05-03,995.0,1000.0,965.0,978.65,127356.0,25.49
2022-05-04,981.0,1047.7,975.0,1001.9,722035.0,12.6
2022-05-05,1031.9,1034.0,972.0,1009.7,152046.0,16.99
2022-05-06,990.0,1042.0,990.0,1030.0,301624.0,20.67
2022-05-09,1020.0,1023.8,980.1,986.75,82220.0,25.26
2022-05-10,990.0,1007.8,942.35,963.7,89825.0,26.31
2022-05-11,963.75,968.5,911.05,936.6,78195.0,24.61
2022-05-12,934.0,934.0,893.9,900.35,63926.0,30.7
2022-05-13,919.7,940.0,910.5,918.7,62305.0,27.52
2022-05-16,925.25,938.0,910.3,926.3,51528.0,25.72
2022-05-17,935.0,949.9,929.8,945.35,38596.0,35.28
2022-05-18,953.0,962.0,941.75,944.65,46973.0,35.82
2022-05-19,930.0,937.4,916.0,918.85,24661.0,41.73
2022-05-20,934.9,991.15,931.05,977.1,170889.0,14.86
2022-05-23,984.7,994.6,963.45,971.55,61140.0,26.33
2022-05-24,975.7,975.7,948.0,959.3,34822.0,35.32
2022-05-25,960.0,973.15,946.0,954.3,44005.0,37.09
2022-05-26,957.95,969.9,940.15,951.2,33617.0,40.14
2022-05-27,954.0,975.55,954.0,965.95,39821.0,22.79
2022-05-30,975.0,986.0,966.65,978.05,26160.0,37.24
2022-05-31,1006.9,1016.15,982.65,997.5,91554.0,28.69
2022-06-01,1019.0,1019.0,990.0,995.4,30002.0,38.82
2022-06-02,986.05,1023.15,986.05,1002.0,80034.0,21.34
2022-06-03,1007.05,1021.0,982.9,988.35,30743.0,30.34
2022-06-06,985.05,998.45,966.45,992.35,26852.0,29.17
2022-06-07,989.85,990.0,955.9,963.2,17067.0,39.22
2022-06-08,968.05,968.05,945.85,953.85,29623.0,27.51
2022-06-09,944.3,952.8,940.1,943.35,17104.0,36.21
2022-06-10,940.0,940.0,927.0,929.6,13196.0,59.73
2022-06-13,921.55,924.85,901.0,916.15,16537.0,53.06
2022-06-14,918.0,940.0,902.45,909.55,26299.0,33.81
2022-06-15,910.0,928.0,901.1,904.6,22244.0,31.02
2022-06-16,912.65,914.05,875.0,883.5,31910.0,45.96
2022-06-17,881.0,885.65,859.4,863.15,19002.0,54.65
2022-06-20,864.95,876.5,851.95,865.6,25690.0,42.1
2022-06-21,878.0,899.0,872.85,893.6,30539.0,28.13
2022-06-22,886.0,894.05,871.75,886.85,13516.0,46.0
2022-06-23,877.05,901.95,877.05,898.05,13019.0,44.48
2022-06-24,890.05,925.75,890.05,903.15,37864.0,44.38
2022-06-27,912.6,919.1,905.0,914.25,12599.0,46.81
2022-06-28,915.0,924.0,901.45,919.95,10747.0,47.59
2022-06-29,905.0,915.3,903.35,905.75,13153.0,49.52
2022-06-30,903.5,913.85,898.0,903.25,14012.0,54.07
2022-07-01,891.0,924.0,891.0,920.05,20192.0,51.45
2022-07-04,934.0,941.0,912.65,936.5,26970.0,39.33
2022-07-05,946.0,967.0,916.55,923.25,73262.0,26.2
2022-07-06,916.05,987.0,915.05,981.6,104808.0,27.14
2022-07-07,993.0,1005.0,963.05,972.0,73467.0,22.18
2022-07-08,976.9,978.3,948.6,951.1,34066.0,41.11
2022-07-11,948.0,961.0,942.0,956.2,21763.0,44.45
2022-07-12,950.0,954.75,930.0,933.8,22740.0,49.95
2022-07-13,940.0,947.4,926.0,929.3,15062.0,56.43
2022-07-14,931.0,945.0,927.0,930.2,19003.0,49.28
2022-07-15,930.0,940.0,914.9,918.9,37537.0,42.73
2022-07-18,929.95,937.55,910.0,931.65,23389.0,45.12
2022-07-19,931.65,959.95,926.75,940.15,39209.0,28.41
2022-07-20,935.15,954.0,935.15,939.75,15892.0,49.23
2022-07-21,945.0,951.55,926.95,937.2,24560.0,53.29
2022-07-22,938.0,960.9,938.0,945.45,36046.0,45.02
2022-07-25,945.4,950.35,935.4,946.25,17530.0,45.24
2022-07-26,945.0,949.0,935.55,938.3,11672.0,43.91
2022-07-27,942.95,945.0,927.9,935.15,17775.0,36.62
2022-07-28,937.05,949.0,932.0,938.8,25199.0,36.23
2022-07-29,946.0,964.5,944.3,950.6,31361.0,40.42
2022-08-01,950.6,967.9,946.0,958.2,25641.0,38.53
2022-08-02,962.5,997.0,956.2,961.75,70845.0,33.32
2022-08-03,966.5,972.05,948.1,953.1,20768.0,44.87
2022-08-04,962.45,963.1,942.95,956.9,12736.0,50.57
2022-08-05,959.4,964.15,941.05,946.35,16719.0,46.06
2022-08-10,934.6,934.6,908.95,912.15,29497.0,67.98
2022-08-11,916.0,927.95,912.55,915.45,30046.0,62.8
2022-08-12,918.0,919.0,899.65,906.9,33923.0,65.6
2022-08-15,918.0,919.0,899.65,906.9,33923.0,65.6
2022-08-16,900.05,916.5,900.05,910.3,34168.0,41.15
2022-08-17,914.95,935.8,911.3,920.55,34745.0,45.14
2022-08-18,922.0,929.7,888.35,892.15,107378.0,64.01
2022-08-19,896.9,911.05,895.4,899.7,57134.0,41.62
2022-08-22,899.7,922.0,895.35,903.5,44564.0,43.01
2022-08-23,903.95,911.85,898.15,901.8,22417.0,47.37
2022-08-24,915.0,928.0,904.0,906.85,75153.0,27.32
2022-08-25,911.0,919.45,906.35,909.35,38103.0,53.84
2022-08-26,914.3,919.7,902.0,904.25,28532.0,49.36
2022-08-29,891.0,912.3,890.15,896.3,34254.0,52.62
2022-08-30,898.5,920.0,898.5,908.75,38982.0,52.24
2022-08-31,898.5,920.0,898.5,908.75,38982.0,52.24
2022-09-01,905.0,917.7,905.0,907.1,25727.0,35.29
2022-09-02,908.0,918.85,905.05,907.05,25370.0,35.77
2022-09-05,909.9,948.25,904.9,920.45,145083.0,27.03
2022-09-06,924.0,929.45,905.0,909.85,43413.0,49.58
2022-09-07,909.85,927.95,907.2,914.35,30260.0,39.95
2022-09-08,921.0,923.05,912.35,915.1,21177.0,49.12
2022-09-09,920.0,921.05,908.2,910.45,20884.0,64.67
2022-09-12,908.35,943.25,908.35,926.15,83558.0,49.64
2022-09-13,928.05,940.0,922.2,929.05,40706.0,49.18
2022-09-14,922.7,989.95,918.55,967.8,339309.0,30.21
2022-09-15,984.0,1040.85,974.45,1008.15,513412.0,27.69
2022-09-16,1000.55,1028.8,957.05,968.9,159161.0,38.82
2022-09-19,973.0,987.95,935.0,940.55,60409.0,45.23
2022-09-20,949.4,986.9,945.25,953.5,78447.0,29.51
2022-09-21,956.0,978.9,950.8,964.2,94838.0,33.21
2022-09-22,955.0,982.0,954.55,975.7,57437.0,46.73
2022-09-23,978.0,979.85,935.0,940.65,48378.0,52.2
2022-09-26,927.1,943.5,914.95,920.0,48201.0,49.07
2022-09-27,927.0,935.2,913.3,923.55,33764.0,36.08
2022-09-28,919.0,931.9,909.9,913.75,44313.0,20.7
2022-09-29,918.35,930.45,914.0,915.25,20512.0,26.56
2022-09-30,912.0,927.0,910.55,916.15,22633.0,36.64
2022-10-03,916.4,926.05,907.7,910.7,32705.0,49.22
2022-10-04,917.0,929.0,917.0,921.35,26741.0,41.94
2022-10-05,917.0,929.0,917.0,921.35,26741.0,41.94
2022-10-06,920.0,947.0,920.0,942.25,59982.0,49.16
2022-10-07,943.35,945.0,929.1,934.6,28905.0,44.61
2022-10-10,929.0,947.95,920.9,924.45,26436.0,48.7
2022-10-11,924.45,930.0,907.0,909.85,24731.0,48.85
2022-10-12,914.4,933.0,895.05,903.9,141394.0,17.48
2022-10-13,903.9,909.85,898.0,900.5,19276.0,46.18
2022-10-14,909.9,918.5,896.75,900.0,22302.0,45.35
2022-10-17,904.0,906.6,891.1,897.1,48212.0,72.4
2022-10-18,895.0,908.9,895.0,905.95,24545.0,32.96
2022-10-19,906.0,909.4,893.95,896.05,11724.0,52.85
2022-10-20,892.05,905.0,892.0,895.85,24867.0,48.04
2022-10-21,900.0,904.0,890.15,893.8,17715.0,51.49
2022-10-24,894.05,894.1,864.35,876.95,38849.0,63.88
2022-10-25,856.0,878.95,856.0,862.7,84107.0,32.82
2022-10-26,856.0,878.95,856.0,862.7,84107.0,32.82
2022-10-27,863.95,879.0,863.95,876.6,22885.0,47.07
2022-10-28,875.95,885.0,873.0,881.7,17522.0,55.76
2022-10-31,884.3,884.85,871.0,873.25,18485.0,60.98
2022-11-01,876.1,879.85,871.0,875.85,13837.0,53.57
2022-11-02,873.25,883.55,870.0,875.35,19346.0,49.79
2022-11-03,874.9,879.0,868.05,870.35,14708.0,61.08
2022-11-04,870.35,879.35,869.3,877.85,14871.0,55.81
2022-11-07,888.0,957.0,888.0,926.15,470873.0,18.71
2022-11-08,888.0,957.0,888.0,926.15,470873.0,18.71
2022-11-09,935.1,977.0,925.0,963.0,266124.0,27.62
2022-11-10,960.0,961.1,935.0,937.85,34170.0,43.49
2022-11-11,941.25,975.0,940.05,945.15,35222.0,48.71
2022-11-14,945.15,962.8,929.65,944.95,51990.0,41.35
2022-11-15,943.0,949.5,930.05,935.35,19222.0,57.76
2022-11-16,936.0,941.35,916.0,921.25,21351.0,54.28
2022-11-17,921.25,926.7,904.05,907.75,19574.0,52.32
2022-11-18,910.0,915.0,898.8,903.05,12699.0,57.64
2022-11-21,907.6,945.0,900.7,927.5,85182.0,26.05
2022-11-22,929.05,942.7,916.2,922.2,42987.0,34.77
2022-11-23,924.0,937.35,903.1,913.5,30582.0,46.04
2022-11-24,913.5,931.0,908.05,917.15,23388.0,47.04
2022-11-25,920.0,926.05,914.0,918.65,20685.0,72.36
2022-11-28,918.7,922.9,910.0,914.15,20882.0,63.03
2022-11-29,915.05,976.95,915.05,960.25,417467.0,19.45
2022-11-30,964.8,985.0,955.5,961.0,155145.0,27.41
2022-12-01,969.4,1020.0,965.35,1003.3,461588.0,28.38
2022-12-02,1007.7,1012.7,992.0,1005.05,99016.0,33.44
2022-12-05,1019.0,1048.0,1002.0,1036.1,197623.0,41.76
2022-12-06,1029.0,1044.05,1005.1,1015.25,90196.0,42.45
2022-12-07,1022.9,1029.7,986.45,992.8,58396.0,62.26
2022-12-08,996.85,1024.9,991.55,1005.85,61253.0,36.39
2022-12-09,1010.85,1013.1,972.2,984.95,49391.0,42.68
2022-12-12,980.0,1005.0,979.85,985.05,35921.0,43.5
2022-12-13,992.0,1001.65,975.25,986.2,38912.0,50.69
2022-12-14,982.8,994.0,975.0,980.1,19726.0,49.35
2022-12-15,985.85,1005.9,973.0,977.85,72351.0,38.87
2022-12-16,980.0,1005.0,957.6,966.2,145295.0,49.47
2022-12-19,972.0,1007.4,969.45,996.5,105010.0,31.29
2022-12-20,996.5,999.6,970.15,975.35,41494.0,46.68
2022-12-21,980.25,984.9,944.0,947.55,51845.0,48.1
2022-12-22,953.0,960.05,915.2,925.0,50580.0,47.67
2022-12-23,919.95,925.45,891.0,898.95,61926.0,51.85
2022-12-26,900.15,917.0,892.5,912.15,25785.0,42.36
2022-12-27,916.75,924.9,910.05,913.75,18742.0,38.63
2022-12-28,918.25,919.95,908.85,915.65,21916.0,51.2
2022-12-29,910.25,917.45,900.0,908.85,24191.0,50.63
2022-12-30,913.0,915.85,904.4,907.1,19391.0,36.88
2023-01-02,911.65,944.9,906.65,935.0,102370.0,39.32
2023-01-03,944.9,949.9,921.0,925.75,30302.0,34.57
2023-01-04,927.7,928.15,915.65,925.15,19632.0,45.0
2023-01-05,934.4,945.0,928.25,936.0,41024.0,40.32
2023-01-06,941.3,974.95,922.65,955.15,105523.0,28.83
2023-01-09,955.15,959.95,928.35,938.2,28929.0,41.4
2023-01-10,947.6,948.6,921.65,929.1,29268.0,49.54
2023-01-11,932.0,942.3,925.0,937.0,20222.0,46.34
2023-01-12,944.0,944.0,915.5,920.95,24902.0,48.87
2023-01-13,923.05,928.1,913.9,919.5,16101.0,50.2
2023-01-16,920.05,924.1,911.1,914.5,13819.0,64.61
2023-01-17,915.05,922.15,912.0,917.85,11905.0,58.55
2023-01-18,922.0,925.0,909.0,915.95,15002.0,55.03
2023-01-19,914.95,920.6,910.05,915.35,11234.0,48.15
2023-01-20,915.4,922.0,897.3,900.25,25203.0,65.01
2023-01-23,904.75,910.0,902.0,905.45,8059.0,45.59
2023-01-24,909.9,915.0,904.95,910.9,16745.0,45.77
2023-01-25,908.0,914.05,900.45,904.5,13394.0,54.87
2023-01-26,908.0,914.05,900.45,904.5,13394.0,54.87
2023-01-27,901.0,908.0,879.0,885.35,25051.0,50.81
2023-01-30,889.9,892.9,872.35,878.5,25982.0,54.59
2023-01-31,880.05,886.05,874.7,883.6,24387.0,49.4
2023-02-01,888.05,898.9,874.0,877.1,21310.0,38.72
2023-02-02,900.0,951.9,837.15,942.75,398817.0,18.58
2023-02-03,940.25,949.8,914.75,925.2,84555.0,25.94
2023-02-06,919.0,937.95,912.0,914.9,29505.0,31.58
2023-02-07,915.0,919.9,902.0,906.4,23534.0,47.22
2023-02-08,908.55,916.85,900.95,905.75,30632.0,44.55
2023-02-09,905.6,915.95,901.5,911.25,28780.0,32.08
2023-02-10,910.0,931.95,905.8,923.4,58216.0,35.86
2023-02-13,923.0,940.0,910.0,914.1,54458.0,32.83
2023-02-14,914.1,918.55,906.0,908.45,18566.0,53.96
2023-02-15,908.45,924.8,881.0,918.6,33753.0,32.87
2023-02-16,918.05,927.65,900.0,904.6,50749.0,40.52
2023-02-17,898.0,910.15,898.0,904.6,13030.0,49.63
2023-02-20,905.55,913.9,895.95,899.3,22656.0,45.59
2023-02-21,899.3,900.0,889.3,894.0,10362.0,56.68
2023-02-22,901.5,902.9,881.35,884.8,28569.0,43.6
2023-02-23,887.9,898.8,883.4,886.35,11231.0,52.48
2023-02-24,890.0,894.05,880.0,883.25,10640.0,64.59
2023-02-27,880.0,887.7,858.0,859.7,31672.0,55.21
2023-02-28,858.0,900.0,852.0,888.45,27475.0,42.9
2023-03-01,898.0,905.0,878.6,880.85,69195.0,20.83
2023-03-02,880.85,884.45,867.1,878.2,60773.0,23.51
2023-03-03,881.0,888.95,881.0,883.65,31163.0,75.02
2023-03-06,883.65,887.45,876.0,879.6,23306.0,47.27
2023-03-07,883.65,887.45,876.0,879.6,23306.0,47.27
2023-03-08,884.0,886.95,876.9,882.95,15348.0,48.27
2023-03-09,886.5,893.2,883.0,890.65,30644.0,67.08
2023-03-10,887.65,890.0,862.0,874.8,109755.0,82.45
2023-03-13,874.5,879.4,864.85,875.7,48370.0,58.38
2023-03-14,875.0,878.55,866.05,868.8,16757.0,45.74
2023-03-15,873.15,876.85,860.05,863.1,21736.0,58.88
2023-03-16,866.7,867.0,855.9,864.45,18702.0,50.88
2023-03-17,865.0,870.9,856.3,860.65,16843.0,65.91
2023-03-20,867.95,868.0,845.0,850.7,19451.0,61.64
2023-03-21,855.0,857.55,841.1,843.8,27910.0,56.51
2023-03-22,845.15,850.85,839.2,841.95,20509.0,55.71
2023-03-23,846.0,846.2,835.0,837.0,27024.0,46.08
2023-03-24,836.9,843.95,828.1,831.0,28360.0,54.84
2023-03-27,830.9,831.05,807.0,810.45,63486.0,68.83
2023-03-28,809.9,815.0,781.05,786.1,74680.0,66.92
2023-03-29,787.0,811.0,785.1,795.75,80363.0,47.86
2023-03-30,787.0,811.0,785.1,795.75,80363.0,47.86
2023-03-31,802.75,823.0,802.7,811.35,53622.0,49.1
2023-04-03,815.45,834.15,815.45,830.45,22994.0,48.63
2023-04-04,815.45,834.15,815.45,830.45,22994.0,48.63
2023-04-05,851.0,885.0,828.7,876.3,158201.0,34.86
2023-04-06,879.7,883.4,861.1,865.7,32429.0,33.82
2023-04-07,879.7,883.4,861.1,865.7,32429.0,33.82
2023-04-10,867.05,872.0,853.65,855.55,29040.0,38.98
2023-04-11,859.0,871.85,851.55,866.55,29557.0,50.08
2023-04-12,871.0,875.5,861.2,870.3,25608.0,52.28
2023-04-13,871.0,884.45,866.05,878.15,31520.0,43.33
2023-04-14,871.0,884.45,866.05,878.15,31520.0,43.33
2023-04-17,878.0,944.95,870.7,914.3,272755.0,18.76
2023-04-18,912.05,918.15,898.95,904.35,26405.0,45.5
2023-04-19,904.35,936.0,898.3,923.4,82723.0,34.33
2023-04-20,924.9,930.0,910.8,913.95,53201.0,42.53
2023-04-21,914.95,934.1,906.05,924.95,57258.0,29.87
2023-04-24,927.0,984.65,919.2,977.85,286675.0,33.11
2023-04-25,985.0,993.2,951.1,957.0,120987.0,36.44
2023-04-26,962.15,1020.0,952.0,1008.8,245876.0,31.84
2023-04-27,1015.8,1038.0,1001.0,1032.45,196705.0,35.79
2023-04-28,1036.0,1044.0,1020.0,1037.05,116017.0,39.39
2023-05-01,1036.0,1044.0,1020.0,1037.05,116017.0,39.39
2023-05-02,1045.25,1073.5,1026.55,1040.1,214449.0,36.65
2023-05-03,970.0,1008.9,936.05,979.4,952502.0,13.05
2023-05-04,975.0,975.95,954.5,957.3,141501.0,29.48
2023-05-05,949.0,953.45,933.0,939.75,100292.0,33.18
2023-05-08,932.0,967.0,932.0,959.8,124413.0,24.02
2023-05-09,977.7,977.7,950.05,956.2,58262.0,33.22
2023-05-10,956.2,979.9,956.0,964.0,117385.0,24.17
2023-05-11,968.85,979.0,958.0,966.6,36926.0,41.08
2023-05-12,968.5,975.8,942.35,956.05,27077.0,49.21
2023-05-15,956.05,969.0,950.0,957.4,27609.0,51.81
2023-05-16,957.4,985.0,953.3,957.45,16753.0,33.02
2023-05-17,957.0,965.15,938.05,942.35,19477.0,52.61
2023-05-18,945.3,953.0,932.35,937.85,18783.0,40.98
2023-05-19,939.05,952.15,938.55,945.1,20386.0,41.57
2023-05-22,945.1,965.5,941.55,962.25,39978.0,58.13
2023-05-23,976.0,985.0,938.5,942.15,52265.0,38.06
2023-05-24,944.35,955.0,935.5,939.65,25219.0,45.76
2023-05-25,940.75,968.95,940.05,947.2,53519.0,26.59
2023-05-26,951.95,957.6,940.4,947.5,17292.0,57.02
2023-05-29,940.0,946.9,935.05,938.65,23391.0,59.83
2023-05-30,938.95,946.95,926.35,932.25,36020.0,53.36
2023-05-31,927.95,963.0,918.0,958.4,60438.0,58.13
2023-06-01,964.95,973.5,955.0,957.1,38669.0,42.64
2023-06-02,961.9,965.0,945.0,948.15,13490.0,51.73
2023-06-05,952.9,972.0,936.0,938.55,26998.0,53.56
2023-06-06,945.9,946.65,933.65,938.15,19604.0,50.26
2023-06-07,942.0,997.0,940.0,965.6,165340.0,38.73
2023-06-08,965.6,979.4,960.1,964.45,37782.0,46.42
2023-06-09,964.45,977.9,949.1,952.2,29072.0,39.66
2023-06-12,957.0,962.0,946.0,950.5,19095.0,51.62
2023-06-13,953.65,1080.0,950.0,1055.1,2251188.0,9.77
2023-06-14,1054.0,1078.0,1038.1,1054.45,379166.0,20.91
2023-06-15,1054.9,1088.95,1046.75,1054.9,267607.0,25.57
2023-06-16,1056.1,1102.1,1048.45,1056.35,254776.0,25.32
2023-06-19,1056.6,1064.0,1035.05,1043.1,99555.0,33.25
2023-06-20,1046.0,1068.0,1037.0,1054.95,88230.0,25.34
2023-06-21,1058.85,1077.0,1041.6,1047.0,69260.0,40.09
2023-06-22,1049.95,1054.5,1023.4,1031.35,45703.0,43.77
2023-06-23,1025.1,1034.2,1005.55,1008.25,31702.0,46.69
2023-06-26,1014.95,1055.85,1014.95,1026.25,156644.0,14.18
2023-06-27,1026.25,1033.45,1020.5,1021.75,25734.0,43.68
2023-06-28,1033.0,1039.9,1022.8,1025.85,33716.0,39.7
2023-06-29,1033.0,1039.9,1022.8,1025.85,33716.0,39.7
2023-06-30,1029.05,1033.4,1010.0,1014.85,46565.0,49.19
2023-07-03,1019.75,1030.75,1000.05,1005.0,41652.0,51.04
2023-07-04,1005.0,1025.75,1003.85,1012.75,38626.0,44.21
2023-07-05,1012.75,1112.0,1010.25,1102.05,531570.0,29.34
2023-07-06,1114.0,1148.75,1100.0,1135.65,793656.0,25.92
2023-07-07,1139.0,1139.0,1108.5,1113.25,83455.0,38.82
2023-07-10,1122.65,1159.3,1100.05,1133.45,187571.0,23.56
2023-07-11,1136.7,1159.7,1135.45,1144.55,99374.0,37.33
2023-07-12,1147.5,1187.0,1126.55,1140.4,173826.0,30.85
2023-07-13,1140.75,1156.5,1100.0,1104.8,81586.0,41.73
2023-07-14,1110.0,1128.0,1103.0,1109.9,43925.0,39.26
2023-07-17,1107.25,1134.9,1107.25,1126.95,48266.0,33.9
2023-07-18,1129.95,1131.95,1090.0,1095.65,54131.0,39.63
2023-07-19,1095.05,1122.85,1095.05,1109.15,33075.0,35.68
2023-07-20,1125.0,1125.0,1100.5,1107.1,35596.0,40.23
2023-07-21,1096.05,1118.65,1096.05,1099.45,32574.0,46.9
2023-07-24,1130.0,1130.0,1101.15,1122.35,70564.0,28.23
2023-07-25,1114.0,1130.0,1110.0,1115.7,35101.0,55.13
2023-07-26,1121.3,1147.4,1113.85,1133.4,100625.0,48.96
2023-07-27,1147.45,1159.95,1118.05,1121.65,56402.0,37.44
2023-07-28,1123.05,1133.0,1112.15,1125.25,26336.0,48.62
2023-07-31,1129.75,1145.5,1115.1,1131.45,41873.0,49.69
2023-08-01,1136.95,1154.0,1113.05,1120.45,121005.0,20.29
2023-08-02,1120.0,1122.05,1061.15,1071.25,136358.0,61.18
2023-08-03,1080.7,1080.7,1031.6,1035.25,88843.0,58.93
2023-08-04,1040.0,1065.95,1031.25,1055.3,56544.0,36.5
2023-08-07,1060.2,1065.35,1035.0,1041.25,35204.0,42.0
2023-08-08,1041.25,1043.65,1020.35,1023.9,32051.0,54.6
2023-08-09,1031.95,1031.95,1010.0,1018.95,48364.0,45.53
2023-08-10,1011.1,1025.2,1008.0,1011.95,34659.0,51.01
2023-08-11,1017.05,1019.15,975.55,988.6,69299.0,42.58
2023-08-14,992.7,1027.4,980.05,1003.15,67862.0,31.19
2023-08-15,992.7,1027.4,980.05,1003.15,67862.0,31.19
2023-08-16,997.15,1017.0,990.0,996.25,37465.0,40.8
2023-08-17,1004.4,1023.9,996.6,1013.55,76929.0,44.46
2023-08-18,1010.0,1013.85,985.05,991.05,59324.0,32.11
2023-08-21,999.4,999.7,979.95,986.4,49021.0,35.52
2023-08-22,988.7,999.55,988.0,996.1,27429.0,50.76
2023-08-23,996.0,1014.3,994.55,997.4,37250.0,53.55
2023-08-24,999.0,1032.0,995.7,1025.05,88667.0,42.62
2023-08-25,1029.0,1029.1,987.0,992.2,48324.0,67.1
2023-08-28,990.0,999.0,983.15,985.4,31808.0,56.5
2023-08-29,993.75,998.0,976.2,978.25,35955.0,50.21
2023-08-30,970.05,985.5,970.05,973.6,54805.0,50.57
2023-08-31,977.05,1005.0,974.05,997.85,98337.0,49.25
2023-09-01,1002.0,1005.0,977.15,979.5,49450.0,60.1
2023-09-04,986.0,1072.3,980.1,1059.55,439401.0,28.51
2023-09-05,1064.0,1114.95,1060.0,1091.75,441316.0,35.0
2023-09-06,1090.8,1129.9,1085.05,1096.8,165644.0,47.75
2023-09-07,1101.0,1128.4,1098.8,1107.15,134652.0,37.17
2023-09-08,1111.15,1297.75,1111.15,1276.7,1910825.0,16.85
2023-09-11,1275.0,1275.0,1232.45,1243.65,348237.0,30.46
2023-09-12,1251.2,1251.6,1152.0,1169.05,163746.0,52.21
2023-09-13,1150.0,1220.0,1149.95,1206.8,120438.0,40.34
2023-09-14,1280.0,1375.0,1255.0,1267.75,1097639.0,22.85
2023-09-15,1266.0,1272.0,1207.3,1215.9,149637.0,47.11
2023-09-18,1224.5,1243.95,1170.0,1180.65,152250.0,28.86
2023-09-19,1224.5,1243.95,1170.0,1180.65,152250.0,28.86
2023-09-20,1174.0,1198.8,1170.0,1174.8,50049.0,39.71
2023-09-21,1175.9,1227.2,1167.35,1201.6,130439.0,33.07
2023-09-22,1200.0,1216.25,1190.0,1203.0,59379.0,27.44
2023-09-25,1208.7,1213.0,1190.0,1200.4,37661.0,49.03
2023-09-26,1208.0,1217.85,1191.3,1202.65,39094.0,50.34
2023-09-27,1200.0,1237.8,1197.05,1229.0,132643.0,60.69
2023-09-28,1231.95,1263.95,1217.35,1230.7,108549.0,40.84
2023-09-29,1242.8,1307.75,1230.0,1261.45,416553.0,21.4
2023-10-02,1242.8,1307.75,1230.0,1261.45,416553.0,21.4
2023-10-03,1256.05,1256.05,1230.0,1237.0,58899.0,40.31
2023-10-04,1238.7,1247.95,1214.15,1237.0,63975.0,53.25
2023-10-05,1239.0,1252.05,1228.95,1234.15,35172.0,44.78
2023-10-06,1239.7,1254.9,1224.05,1243.3,44811.0,33.24
2023-10-09,1226.0,1264.7,1220.0,1243.65,72212.0,50.03
2023-10-10,1243.25,1262.0,1238.05,1240.65,64968.0,65.24
2023-10-11,1251.3,1273.8,1239.0,1240.35,55588.0,47.93
2023-10-12,1247.0,1256.65,1223.9,1228.9,39901.0,60.7
2023-10-13,1220.4,1227.9,1175.0,1185.65,75580.0,53.36
2023-10-16,1185.65,1210.0,1175.05,1184.45,57598.0,38.34
2023-10-17,1200.0,1206.0,1191.15,1194.9,41790.0,24.18
2023-10-18,1194.0,1199.25,1172.0,1174.8,37202.0,25.58
2023-10-19,1174.0,1202.65,1166.65,1182.7,48813.0,23.26
2023-10-20,1182.0,1419.2,1182.0,1419.2,2397848.0,22.55
2023-10-23,1475.0,1512.45,1351.0,1427.5,2666853.0,8.31
2023-10-24,1475.0,1512.45,1351.0,1427.5,2666853.0,8.31
2023-10-25,1420.95,1444.6,1340.05,1410.2,580208.0,11.38
2023-10-26,1420.0,1438.0,1357.0,1419.1,403687.0,18.84
2023-10-27,1403.55,1475.0,1403.55,1458.55,414427.0,20.52
2023-10-30,1450.0,1452.0,1410.1,1422.5,155131.0,21.78
2023-10-31,1420.0,1440.75,1332.55,1353.85,253222.0,26.67
2023-11-01,1354.0,1491.7,1354.0,1413.35,1750164.0,8.2
2023-11-02,1426.85,1447.0,1408.0,1428.0,195073.0,17.94
2023-11-03,1433.0,1449.0,1391.3,1411.4,104688.0,22.42
2023-11-06,1419.95,1429.0,1401.45,1412.9,105257.0,21.08
2023-11-07,1412.95,1546.0,1412.95,1457.45,1595715.0,9.94
2023-11-08,1463.65,1463.65,1441.1,1447.6,146887.0,17.89
2023-11-09,1451.0,1489.9,1420.05,1431.4,137382.0,20.93
2023-11-10,1432.95,1488.85,1420.0,1459.95,197232.0,25.18
2023-11-13,1494.75,1515.0,1440.05,1453.8,255047.0,17.18
2023-11-14,1494.75,1515.0,1440.05,1453.8,255047.0,17.18
2023-11-15,1470.0,1481.2,1425.55,1438.9,113649.0,31.4
2023-11-16,1444.0,1503.0,1443.95,1489.7,273128.0,31.57
2023-11-17,1489.7,1527.0,1452.05,1484.0,374572.0,21.78
2023-11-20,1489.6,1525.0,1464.0,1480.3,227287.0,24.7
2023-11-21,1490.0,1499.0,1462.0,1470.3,89536.0,28.73
2023-11-22,1475.0,1519.95,1442.35,1453.45,152820.0,25.87
2023-11-23,1456.0,1472.65,1426.0,1432.95,100198.0,34.86
2023-11-24,1441.0,1484.95,1431.05,1443.2,82650.0,23.59
2023-11-27,1441.0,1484.95,1431.05,1443.2,82650.0,23.59
2023-11-28,1435.0,1435.0,1385.0,1401.75,178333.0,31.78
2023-11-29,1404.95,1427.25,1386.05,1393.75,70879.0,35.34
2023-11-30,1402.95,1409.05,1356.1,1360.65,77775.0,45.58
2023-12-01,1370.0,1433.7,1370.0,1412.35,294669.0,25.72
2023-12-04,1439.0,1449.7,1403.1,1415.3,109155.0,43.8
2023-12-05,1419.95,1425.6,1390.0,1398.45,60231.0,49.58
2023-12-06,1409.0,1414.8,1368.6,1377.35,77780.0,47.66
2023-12-07,1384.4,1393.0,1374.95,1382.8,39644.0,36.06
2023-12-08,1376.0,1403.0,1350.0,1362.55,115888.0,45.43
2023-12-11,1379.9,1398.2,1367.2,1383.25,65160.0,46.03
2023-12-12,1395.7,1395.7,1335.1,1340.3,70912.0,53.85
2023-12-13,1350.0,1389.55,1342.4,1370.45,89810.0,31.77
2023-12-14,1383.7,1384.0,1355.1,1362.0,55250.0,44.71
2023-12-15,1371.95,1393.0,1369.45,1379.1,63760.0,52.98
2023-12-18,1385.7,1385.7,1340.65,1344.95,108881.0,54.6
2023-12-19,1356.95,1362.05,1333.55,1345.7,102066.0,39.48
2023-12-20,1352.4,1361.9,1266.1,1272.95,86417.0,41.78
2023-12-21,1269.0,1336.1,1259.3,1328.95,90582.0,30.1
2023-12-22,1323.5,1352.95,1311.0,1328.4,55323.0,25.51
2023-12-25,1323.5,1352.95,1311.0,1328.4,55323.0,25.51
2023-12-26,1330.55,1499.0,1322.4,1468.7,680789.0,30.31
2023-12-27,1468.65,1572.55,1441.9,1524.05,574476.0,31.94
2023-12-28,1523.95,1549.7,1500.55,1510.2,286619.0,27.45
2023-12-29,1500.2,1589.7,1488.75,1574.3,553121.0,31.41
2024-01-01,1579.0,1609.7,1495.55,1516.75,456619.0,26.83
2024-01-02,1511.0,1536.25,1463.15,1515.5,291892.0,21.42
2024-01-03,1509.95,1527.95,1482.6,1491.35,102534.0,30.28
2024-01-04,1492.85,1665.15,1492.85,1592.95,1333282.0,17.47
2024-01-05,1599.8,1639.7,1541.0,1593.85,454317.0,32.58
2024-01-08,1599.9,1648.0,1570.0,1576.05,453956.0,36.52
2024-01-09,1594.0,1615.1,1572.0,1585.55,145555.0,26.98
2024-01-10,1581.95,1585.0,1558.0,1573.6,91976.0,30.37
2024-01-11,1576.15,1657.4,1560.3,1625.25,444297.0,24.46
2024-01-12,1636.0,1689.7,1619.95,1651.75,423035.0,32.02
2024-01-15,1660.05,1679.95,1635.15,1654.15,154683.0,32.99
2024-01-16,1660.0,1702.0,1608.7,1648.7,242908.0,27.25
2024-01-17,1606.0,1639.9,1576.5,1584.75,181535.0,42.31
2024-01-18,1588.0,1622.0,1531.55,1591.4,120798.0,22.4
2024-01-19,1602.0,1626.0,1597.05,1606.45,84175.0,32.14
2024-01-22,1615.0,1630.0,1590.4,1616.9,69121.0,40.5
2024-01-23,1630.0,1635.1,1528.4,1537.4,138363.0,37.72
2024-01-24,1549.95,1624.8,1545.1,1606.75,325897.0,21.97
2024-01-25,1606.0,1701.0,1600.1,1662.7,298128.0,31.17
2024-01-26,1606.0,1701.0,1600.1,1662.7,298128.0,31.17
2024-01-29,1670.0,1677.95,1650.0,1657.7,102584.0,31.41
2024-01-30,1657.7,1737.5,1637.95,1671.05,407586.0,26.82
2024-01-31,1671.05,1739.7,1654.05,1734.2,229788.0,38.81
2024-02-01,1741.7,1744.0,1688.3,1715.2,89217.0,31.38
2024-02-02,1732.2,1752.0,1694.05,1706.75,108218.0,39.19
2024-02-05,1710.0,1715.25,1633.0,1658.85,85142.0,39.08
2024-02-06,1666.0,1807.0,1666.0,1714.15,460032.0,24.99
2024-02-07,1714.15,1809.8,1685.2,1774.25,287791.0,27.45
2024-02-08,1790.0,1790.0,1732.2,1741.25,111828.0,33.38
2024-02-09,1740.9,1743.2,1650.2,1716.3,116544.0,34.1
2024-02-12,1702.0,1714.7,1634.7,1656.45,94638.0,40.12
2024-02-13,1655.0,1839.95,1644.55,1782.7,567747.0,18.8
2024-02-14,1741.0,1782.7,1701.75,1719.35,162877.0,40.65
2024-02-15,1718.0,1747.8,1704.65,1733.95,93524.0,39.1
2024-02-16,1743.9,1818.9,1735.7,1764.75,207325.0,32.9
2024-02-19,1755.05,1826.0,1755.05,1788.25,145427.0,28.86
2024-02-20,1787.0,1836.9,1745.1,1782.45,228995.0,18.71
2024-02-21,1778.0,1794.8,1697.5,1712.75,179465.0,40.31
2024-02-22,1716.9,1725.65,1672.85,1711.4,95903.0,35.8
2024-02-23,1724.0,1769.95,1710.0,1731.0,105008.0,31.57
2024-02-26,1730.0,1780.05,1718.05,1762.95,65270.0,40.31
2024-02-27,1754.0,1762.95,1719.55,1727.55,50257.0,36.19
2024-02-28,1735.0,1735.0,1665.0,1670.0,56638.0,45.18
2024-02-29,1668.95,1750.0,1639.95,1736.95,98889.0,37.1
2024-03-01,1748.0,1748.65,1700.0,1722.05,50188.0,38.43
2024-03-04,1723.3,1763.0,1708.1,1733.05,62354.0,38.12
2024-03-05,1727.9,1758.4,1711.0,1728.65,40779.0,37.08
2024-03-06,1723.7,1724.15,1670.0,1682.6,51578.0,41.77
2024-03-07,1684.95,1814.0,1684.7,1745.25,260140.0,16.74
2024-03-08,1684.95,1814.0,1684.7,1745.25,260140.0,16.74
2024-03-11,1759.0,1767.8,1678.0,1688.15,74219.0,32.51
2024-03-12,1695.9,1695.9,1620.3,1650.05,79954.0,39.92
2024-03-13,1656.95,1677.0,1525.35,1543.8,82996.0,41.58
2024-03-14,1551.0,1639.45,1531.05,1627.1,54482.0,33.76
2024-03-15,1599.9,1625.0,1568.8,1609.95,47495.0,19.81
2024-03-18,1609.95,1621.9,1556.1,1564.2,34366.0,42.36
2024-03-19,1573.0,1585.85,1535.1,1542.3,31475.0,34.99
2024-03-20,1546.65,1560.7,1522.0,1540.75,30603.0,29.17
2024-03-21,1548.95,1585.0,1546.9,1575.65,18900.0,42.3
2024-03-22,1570.95,1594.85,1570.0,1574.8,24772.0,58.91
2024-03-25,1570.95,1594.85,1570.0,1574.8,24772.0,58.91
2024-03-26,1575.0,1598.0,1561.55,1573.0,28429.0,45.43
2024-03-27,1573.0,1581.7,1530.1,1545.5,73341.0,60.18
2024-03-28,1558.25,1589.3,1550.05,1567.75,39831.0,28.69
2024-03-29,1558.25,1589.3,1550.05,1567.75,39831.0,28.69
2024-04-01,1574.9,1625.5,1574.85,1608.85,35737.0,30.19
2024-04-02,1612.0,1660.0,1609.05,1636.15,43181.0,29.01
2024-04-03,1636.0,1649.0,1620.0,1634.6,34543.0,32.35
2024-04-04,1642.5,1669.0,1629.85,1652.3,51409.0,43.57
2024-04-05,1648.0,1659.5,1612.0,1623.75,37245.0,46.38
2024-04-08,1634.0,1663.95,1621.05,1633.3,45912.0,38.4
2024-04-09,1641.5,1658.6,1556.4,1598.2,70248.0,45.68
2024-04-10,1604.0,1612.05,1585.85,1591.65,24355.0,41.15
2024-04-11,1604.0,1612.05,1585.85,1591.65,24355.0,41.15
2024-04-12,1590.0,1622.0,1575.0,1594.55,66407.0,68.27
2024-04-15,1568.0,1588.95,1535.0,1550.9,23662.0,40.73
2024-04-16,1550.0,1568.75,1530.05,1538.85,22681.0,38.78
2024-04-17,1550.0,1568.75,1530.05,1538.85,22681.0,38.78
2024-04-18,1548.0,1555.0,1506.2,1517.45,35261.0,42.79
2024-04-19,1516.0,1516.0,1490.05,1497.65,32446.0,45.78
2024-04-22,1524.0,1640.35,1523.65,1570.3,564236.0,24.02
2024-04-23,1585.0,1591.85,1551.95,1580.45,83776.0,56.57
2024-04-24,1590.0,1604.85,1567.75,1583.85,55919.0,47.61
2024-04-25,1588.0,1609.9,1565.3,1578.9,41053.0,48.75
2024-04-26,1583.65,1613.15,1556.55,1569.1,75616.0,60.5
2024-04-29,1575.95,1599.95,1557.95,1577.3,28309.0,35.07
2024-04-30,1582.0,1584.35,1541.35,1558.95,32495.0,64.09
2024-05-01,1582.0,1584.35,1541.35,1558.95,32495.0,64.09
2024-05-02,1563.95,1570.0,1544.5,1560.55,24296.0,50.02
2024-05-03,1566.0,1567.15,1530.0,1538.55,46622.0,53.9
2024-05-06,1545.0,1599.95,1504.0,1560.5,192065.0,24.44
2024-05-07,1556.3,1572.95,1520.1,1541.0,43411.0,37.5
2024-05-08,1541.0,1597.0,1527.9,1576.95,48010.0,42.33
2024-05-09,1580.05,1583.75,1500.0,1511.15,31974.0,51.93
2024-05-10,1517.9,1521.85,1493.85,1505.65,19917.0,34.68
2024-05-13,1508.0,1563.7,1477.4,1553.7,70653.0,38.12
2024-05-14,1553.75,1566.55,1530.05,1539.15,50300.0,33.1
2024-05-15,1555.0,1602.0,1540.2,1551.9,140613.0,25.1
2024-05-16,1564.4,1567.85,1534.7,1549.55,25940.0,45.24
2024-05-17,1563.0,1567.55,1540.4,1547.0,37763.0,38.54
2024-05-20,1559.3,1560.0,1550.0,1552.9,3908.0,64.05
2024-05-21,1578.0,1605.4,1537.9,1558.4,76613.0,33.58
2024-05-22,1558.0,1589.9,1542.05,1547.9,46503.0,35.1
2024-05-23,1552.0,1560.8,1535.6,1539.0,21295.0,53.09
2024-05-24,1530.0,1574.0,1530.0,1536.55,43414.0,42.39
2024-05-27,1554.7,1554.7,1529.0,1533.55,33533.0,46.09
2024-05-28,1532.0,1541.0,1502.8,1514.15,32842.0,45.16
2024-05-29,1508.0,1550.0,1500.0,1508.35,47354.0,33.03
2024-05-30,1509.0,1518.6,1473.1,1480.1,39575.0,57.13
2024-05-31,1487.9,1499.8,1457.4,1467.6,44686.0,50.23
2024-06-03,1485.05,1506.35,1465.1,1486.2,47466.0,49.43
2024-06-04,1489.0,1489.0,1318.2,1374.0,70772.0,48.85
2024-06-05,1404.0,1476.0,1392.05,1466.95,102024.0,32.45
2024-06-06,1470.0,1558.0,1470.0,1523.45,99088.0,48.51
2024-06-07,1520.0,1624.0,1520.0,1595.95,165946.0,40.31
2024-06-10,1605.2,1610.4,1577.1,1583.0,35189.0,45.36
2024-06-11,1590.0,1682.2,1579.3,1637.5,189523.0,33.47
2024-06-12,1638.0,1680.15,1628.05,1674.5,91208.0,44.89
2024-06-13,1680.0,1682.0,1640.05,1652.7,37879.0,42.77
2024-06-14,1654.25,1669.0,1643.5,1651.15,24698.0,44.65
2024-06-17,1654.25,1669.0,1643.5,1651.15,24698.0,44.65
2024-06-18,1664.9,1664.9,1634.0,1641.4,29351.0,49.43
2024-06-19,1649.0,1672.45,1611.0,1621.55,38324.0,36.59
2024-06-20,1629.7,1669.0,1603.0,1622.0,48177.0,32.05
2024-06-21,1637.9,1731.45,1637.0,1683.9,234197.0,30.8
2024-06-24,1714.0,2020.65,1703.0,2014.4,4985257.0,10.2
2024-06-25,2004.05,2007.15,1907.0,1943.15,1145701.0,20.93
2024-06-26,1937.95,1991.95,1918.85,1948.45,324713.0,24.9
2024-06-27,1947.75,1992.0,1861.55,1885.9,225349.0,30.98
2024-06-28,1900.4,2167.7,1893.05,2025.5,2752219.0,8.99
2024-07-01,2045.05,2109.9,2030.0,2083.25,429824.0,24.36
2024-07-02,2100.0,2100.0,2018.45,2077.75,235904.0,24.32
2024-07-03,2079.55,2131.95,2056.0,2094.85,254765.0,21.16
2024-07-04,2080.1,2117.9,2050.1,2060.35,163731.0,34.13
2024-07-05,2074.0,2080.0,2036.65,2053.55,95754.0,31.31
2024-07-08,2058.0,2068.0,1992.0,2006.7,106499.0,35.97
2024-07-09,2005.05,2408.0,1989.6,2379.85,4611411.0,6.27
2024-07-10,2344.0,2344.0,2215.0,2258.6,719123.0,16.46
2024-07-11,2267.6,2364.0,2191.9,2325.3,303636.0,24.49
2024-07-12,2312.0,2400.0,2260.0,2292.8,259279.0,27.07
2024-07-15,2289.0,2370.0,2244.0,2302.75,119378.0,33.33
2024-07-16,2303.8,2324.4,2251.0,2267.9,72004.0,46.2
2024-07-17,2303.8,2324.4,2251.0,2267.9,72004.0,46.2
2024-07-18,2259.9,2266.0,2177.15,2227.75,70837.0,49.51
2024-07-19,2224.0,2288.0,2110.0,2126.1,94812.0,48.51
2024-07-22,2100.0,2247.0,2084.2,2122.1,124987.0,25.56
2024-07-23,2127.0,2174.4,1900.0,2152.6,113543.0,35.2
2024-07-24,2170.8,2299.0,2154.1,2210.0,141432.0,34.39
2024-07-25,2200.0,2277.0,2194.0,2260.7,73758.0,38.4
2024-07-26,2277.2,2335.0,2250.0,2290.1,87153.0,37.85
2024-07-29,2300.0,2329.8,2278.15,2290.7,37776.0,57.2
2024-07-30,2275.0,2350.0,2275.0,2293.45,69413.0,53.04
2024-07-31,2310.0,2317.8,2263.2,2279.55,39842.0,55.37
2024-08-01,2279.9,2313.25,2230.0,2239.3,38428.0,61.38
2024-08-02,2225.0,2261.15,2190.1,2196.55,36472.0,47.4
2024-08-05,2150.0,2199.4,2085.95,2137.7,156664.0,42.66
2024-08-06,2137.7,2231.55,2070.0,2079.55,123479.0,39.14
2024-08-07,2084.95,2169.8,2084.95,2143.0,68391.0,34.37
2024-08-08,2159.65,2290.0,2147.0,2234.65,352391.0,29.49
2024-08-09,2266.25,2412.0,2266.25,2363.35,1007745.0,16.19
2024-08-12,2363.3,2363.3,2301.15,2310.1,137358.0,28.75
2024-08-13,2328.0,2387.7,2211.35,2242.55,165602.0,25.19
2024-08-14,2249.9,2300.0,2204.9,2272.3,130781.0,26.47
2024-08-15,2249.9,2300.0,2204.9,2272.3,130781.0,26.47
2024-08-16,2275.65,2299.7,2240.0,2283.85,77429.0,44.59
2024-08-19,2318.75,2506.0,2310.85,2379.9,881736.0,11.87
2024-08-20,2380.0,2548.0,2347.05,2510.95,286467.0,29.84
2024-08-21,2510.95,2602.0,2480.05,2521.7,272482.0,29.95
2024-08-22,2520.4,2604.95,2520.4,2564.85,150803.0,28.21
2024-08-23,2570.05,2577.5,2515.5,2527.3,78811.0,45.63
2024-08-26,2540.05,2601.5,2510.0,2535.75,83564.0,34.13
2024-08-27,2539.0,2578.0,2525.5,2532.7,56954.0,38.77
2024-08-28,2549.0,2622.0,2536.75,2574.9,120534.0,29.34
2024-08-29,2580.9,2604.9,2512.6,2534.25,69218.0,37.51
2024-08-30,2535.0,2551.45,2444.0,2491.85,86200.0,40.67
2024-09-02,2495.0,2513.55,2444.05,2458.3,40414.0,36.83
2024-09-03,2475.7,2711.0,2475.0,2673.75,2615570.0,6.68
2024-09-04,2613.6,2774.0,2611.75,2750.1,576985.0,13.82
2024-09-05,2711.0,2773.05,2685.0,2694.65,164733.0,27.17
2024-09-06,2694.65,2715.05,2605.95,2625.9,113102.0,34.55
2024-09-09,2630.0,2683.0,2560.0,2656.05,130270.0,26.03
2024-09-10,2633.05,2749.7,2633.05,2717.25,175621.0,31.27
2024-09-11,2720.95,2725.0,2651.45,2670.8,77078.0,37.22
2024-09-12,2651.8,2740.0,2651.8,2673.5,69676.0,28.92
2024-09-13,2693.0,2747.8,2672.05,2690.55,98831.0,27.01
2024-09-16,2716.0,2857.95,2680.0,2694.95,407660.0,24.58
2024-09-17,2718.0,2780.0,2668.8,2745.8,166956.0,40.85
2024-09-18,2740.05,2741.15,2680.3,2694.45,69123.0,42.25
2024-09-19,2709.55,2719.4,2506.15,2580.55,172348.0,40.04
2024-09-20,2600.0,2669.95,2579.9,2628.9,122009.0,44.47
2024-09-23,2672.3,2677.95,2591.55,2601.65,45777.0,42.17
2024-09-24,2604.9,2758.55,2604.9,2659.25,266782.0,16.92
2024-09-25,2649.55,2743.0,2631.8,2715.2,131962.0,26.5
2024-09-26,2715.2,2730.95,2680.0,2694.55,47842.0,41.49
2024-09-27,2703.25,2878.0,2699.95,2858.9,591533.0,23.41
2024-09-30,2858.9,2905.0,2822.15,2867.55,326036.0,21.94
2024-10-01,2891.25,2975.0,2875.0,2884.9,347073.0,20.5
2024-10-02,2891.25,2975.0,2875.0,2884.9,347073.0,20.5
2024-10-03,2840.0,2879.7,2760.8,2783.5,93394.0,34.32
2024-10-04,2783.5,2828.0,2708.45,2761.45,86812.0,27.26
2024-10-07,2710.0,2740.1,2450.0,2482.85,457018.0,23.98
2024-10-08,2501.2,2671.5,2475.55,2649.9,233500.0,19.44
2024-10-09,2666.0,2708.15,2636.1,2673.25,78006.0,30.7
2024-10-10,2673.25,2743.95,2665.45,2693.9,75961.0,33.86
2024-10-11,2688.7,2703.65,2632.25,2643.85,54324.0,42.01
2024-10-14,2667.0,2745.0,2550.0,2652.95,105410.0,34.88
2024-10-15,2658.2,2719.85,2650.0,2668.8,71603.0,36.71
2024-10-16,2650.0,2690.0,2625.0,2680.85,43651.0,30.75
2024-10-17,2678.0,2828.0,2635.0,2646.95,221252.0,17.02
2024-10-18,2646.0,2725.0,2585.0,2683.8,81016.0,24.27
2024-10-21,2683.85,2944.0,2651.0,2800.6,709320.0,13.65
2024-10-22,2820.0,2822.0,2600.1,2635.9,146988.0,36.37
2024-10-23,2651.35,2745.9,2635.05,2697.4,123458.0,24.17
2024-10-24,2709.35,2920.0,2677.0,2797.05,674510.0,11.93
2024-10-25,2781.2,2803.1,2541.0,2637.45,276719.0,23.13
2024-10-28,2603.0,2748.0,2600.05,2690.5,145698.0,22.01
2024-10-29,2690.95,2758.85,2685.35,2746.45,118367.0,18.98
2024-10-30,2739.9,2798.0,2707.1,2720.8,95010.0,38.05
2024-10-31,2727.95,2775.0,2674.4,2769.4,119951.0,44.2
2024-11-01,2779.0,2799.0,2745.2,2756.45,13321.0,50.12
2024-11-04,2757.0,2758.9,2640.0,2669.5,77145.0,39.17
2024-11-05,2670.0,2737.95,2651.05,2710.05,80031.0,24.41
2024-11-06,2710.5,2831.05,2706.4,2806.35,118567.0,45.33
2024-11-07,2794.45,2873.95,2758.0,2772.05,103892.0,35.76
2024-11-08,2776.25,2825.0,2695.05,2717.55,58206.0,34.04
2024-11-11,2709.7,2847.7,2673.6,2733.1,129887.0,31.85
2024-11-12,2763.8,2787.95,2661.1,2673.1,94638.0,38.73
2024-11-13,2673.1,2698.15,2535.05,2560.5,99767.0,45.37
2024-11-14,2525.4,2634.75,2525.4,2564.3,77735.0,35.12
2024-11-18,2605.0,2629.65,2469.25,2550.0,126656.0,28.55
2024-11-19,2555.1,2625.0,2551.55,2567.8,52550.0,35.84
2024-11-20,2555.1,2625.0,2551.55,2567.8,52550.0,35.84
2024-11-21,2557.0,2572.4,2490.0,2494.25,83811.0,25.47
2024-11-22,2496.0,2507.35,2433.0,2463.45,67137.0,30.4
2024-11-25,2517.0,2569.0,2500.0,2523.6,68869.0,39.11
2024-11-26,2543.65,2563.5,2500.0,2516.0,50748.0,28.2
2024-11-27,2523.3,2537.2,2491.05,2499.0,38175.0,44.13
2024-11-28,2537.0,2547.0,2479.95,2487.05,55951.0,26.45
2024-11-29,2507.35,2517.45,2396.0,2405.85,83936.0,47.4
2024-12-02,2380.0,2420.95,2339.95,2389.75,89984.0,33.67
2024-12-03,2415.0,2438.8,2349.95,2413.35,68329.0,33.83
2024-12-04,2408.9,2442.7,2375.0,2403.85,81469.0,38.29
2024-12-05,2408.9,2420.95,2335.45,2343.75,79282.0,45.66
2024-12-06,2357.75,2387.65,2340.7,2355.45,64585.0,30.71
2024-12-09,2355.45,2487.65,2355.45,2368.2,222284.0,26.17
2024-12-10,2374.05,2424.0,2353.15,2403.85,100467.0,37.16
2024-12-11,2408.95,2426.0,2366.0,2373.3,59546.0,41.29
2024-12-12,2373.35,2386.0,2330.35,2343.75,53018.0,41.48
2024-12-13,2340.0,2352.8,2308.0,2329.25,40114.0,28.11
2024-12-16,2350.0,2416.85,2345.55,2403.55,67947.0,29.74
2024-12-17,2404.65,2412.1,2341.5,2353.55,34047.0,32.19
2024-12-18,2356.0,2356.0,2307.55,2317.4,28001.0,33.36
2024-12-19,2280.2,2310.0,2268.35,2281.55,36793.0,30.86
2024-12-20,2275.0,2296.8,2165.0,2191.15,71451.0,41.27
2024-12-23,2200.15,2209.1,2111.75,2124.8,55746.0,34.19
2024-12-24,2120.0,2170.0,2120.0,2146.2,35469.0,34.98
2024-12-25,2120.0,2170.0,2120.0,2146.2,35469.0,34.98
2024-12-26,2145.05,2162.8,2107.0,2114.6,25759.0,38.2
2024-12-27,2132.0,2140.35,2109.8,2121.55,35222.0,38.04
2024-12-30,2106.0,2325.8,2043.75,2129.0,98810.0,30.8
2024-12-31,2090.0,2147.95,2011.0,2120.65,136309.0,27.99
2025-01-01,2105.9,2295.95,2105.85,2250.75,453550.0,8.32
2025-01-02,2220.0,2249.75,2215.0,2234.2,58192.0,29.39
2025-01-03,2233.95,2248.3,2171.0,2193.85,45775.0,42.02
2025-01-06,2159.25,2191.8,2080.0,2089.85,52783.0,43.83
2025-01-07,2100.9,2102.25,2045.1,2064.0,109584.0,49.3
2025-01-08,2064.0,2134.0,2037.2,2071.6,70101.0,33.17
2025-01-09,2088.55,2126.0,2064.0,2074.45,59868.0,25.77
2025-01-10,2050.25,2094.5,2000.0,2006.65,47159.0,35.64
2025-01-13,2008.95,2025.0,1928.25,1947.9,61360.0,39.19
2025-01-14,1951.25,1991.7,1951.25,1977.3,41726.0,40.44
2025-01-15,1991.0,2017.4,1979.9,1991.6,33478.0,35.42
2025-01-16,2001.0,2027.0,1993.95,2000.9,28219.0,45.37
2025-01-17,2001.0,2033.3,1992.95,2003.3,25554.0,34.37
2025-01-20,2005.0,2049.75,1995.3,2034.7,30324.0,33.78
2025-01-21,2049.75,2049.75,1970.0,1980.1,24101.0,37.18
2025-01-22,2025.0,2345.25,1972.75,2230.15,1508139.0,6.72
2025-01-23,2245.1,2278.8,2179.9,2232.2,846264.0,5.38
2025-01-24,2249.0,2249.05,2132.25,2161.95,158736.0,15.09
2025-01-27,2150.1,2155.95,2064.55,2103.5,170647.0,10.98
2025-01-28,2114.0,2119.85,2005.0,2049.4,148824.0,16.47
2025-01-29,2050.05,2147.4,2050.05,2129.85,88369.0,14.18
2025-01-30,2100.05,2136.0,2090.35,2106.45,60207.0,20.6
2025-01-31,2102.15,2144.25,2082.0,2118.15,51923.0,34.83
2025-02-03,2127.0,2224.95,2102.5,2113.8,92386.0,14.65
2025-02-04,2114.05,2141.6,2106.7,2128.3,42359.0,19.71
2025-02-05,2135.0,2170.0,2124.0,2140.35,64576.0,18.02
2025-02-06,2152.4,2173.5,2128.1,2145.1,37370.0,23.01
2025-02-07,2154.9,2161.0,2102.55,2119.2,21598.0,32.68
2025-02-10,2119.05,2132.0,2076.9,2093.3,22454.0,39.82
2025-02-11,2097.05,2103.1,1970.95,1987.75,72697.0,27.81
2025-02-12,2004.2,2004.2,1900.0,1942.3,107223.0,15.03
2025-02-13,1959.8,1993.85,1924.85,1948.0,72042.0,21.41
2025-02-14,1964.95,1969.9,1839.05,1864.0,69569.0,39.49
2025-02-17,1864.0,1913.85,1836.4,1890.4,69330.0,27.05
2025-02-18,1905.0,1905.0,1812.6,1855.9,57807.0,18.32
2025-02-19,1858.55,1942.9,1831.95,1900.1,160007.0,29.23
2025-02-20,1900.05,1926.0,1876.15,1894.8,33433.0,32.04
2025-02-21,1874.8,1902.0,1823.0,1836.95,105774.0,16.78
2025-02-24,1823.0,1878.5,1772.2,1813.9,93443.0,22.19
2025-02-25,1816.0,1833.25,1785.2,1794.4,49070.0,17.64
2025-02-27,1778.0,1786.6,1705.3,1718.7,76391.0,34.51
2025-02-28,1701.0,1713.15,1607.05,1658.15,102495.0,28.57
2025-03-03,1675.15,1741.0,1615.75,1714.85,107161.0,24.11
2025-03-04,1709.9,1735.95,1662.05,1689.9,65426.0,33.62
2025-03-05,1689.9,1746.0,1685.5,1741.55,42828.0,28.43
2025-03-06,1744.3,1798.0,1744.3,1766.85,63484.0,37.97
2025-03-07,1785.0,1812.9,1764.5,1792.95,47777.0,43.27
2025-03-10,1796.0,1809.5,1707.05,1713.2,63080.0,51.18
2025-03-11,1710.0,1717.95,1676.2,1686.35,38267.0,46.05
2025-03-12,1683.65,1717.1,1677.35,1698.15,45075.0,35.54
2025-03-13,1700.0,1707.25,1636.75,1644.4,61172.0,44.14
2025-03-17,1648.05,1684.3,1628.0,1640.55,85571.0,20.38
2025-03-18,1644.05,1698.45,1635.15,1691.95,57546.0,49.92
2025-03-19,1697.7,1742.4,1695.4,1731.05,54361.0,45.55
2025-03-20,1746.05,1776.95,1731.5,1738.2,34861.0,46.11
2025-03-21,1725.0,1795.0,1725.0,1784.6,104745.0,45.95
2025-03-24,1790.15,1880.0,1790.15,1829.85,118403.0,30.48
2025-03-25,1841.9,1846.0,1763.25,1772.9,68877.0,46.07
2025-03-26,1774.95,1787.05,1712.1,1724.8,61995.0,66.86
2025-03-27,1724.75,1790.0,1691.05,1771.25,101716.0,47.2
2025-03-28,1774.95,1821.0,1750.0,1764.2,70977.0,38.88
2025-04-01,1755.05,1792.0,1744.55,1767.6,40058.0,36.32
2025-04-02,1774.95,1916.0,1737.15,1889.2,534730.0,10.58
2025-04-03,1851.5,1902.0,1851.5,1870.85,64853.0,26.44
2025-04-04,1872.95,1877.95,1746.1,1766.55,71431.0,34.16
2025-04-07,1670.5,1734.65,1642.0,1715.65,63868.0,31.44
2025-04-08,1733.0,1765.95,1724.95,1740.95,32030.0,37.97
2025-04-09,1740.5,1822.0,1720.0,1788.1,90055.0,13.51
2025-04-11,1788.15,1857.3,1788.15,1826.25,69438.0,29.43
2025-04-15,1851.0,1906.2,1838.2,1855.8,65108.0,43.84
2025-04-16,1871.5,1938.8,1856.6,1909.7,117609.0,26.63
2025-04-17,1923.9,1923.9,1891.8,1901.2,44929.0,42.39
2025-04-21,1917.5,1960.0,1897.6,1920.6,83878.0,43.64
2025-04-22,1937.0,1980.9,1909.9,1970.3,94286.0,37.35
2025-04-23,1998.0,1998.0,1937.9,1965.0,56217.0,42.6
2025-04-24,1979.5,2017.0,1954.9,1988.4,96266.0,32.52
2025-04-25,1989.0,1995.1,1882.0,1903.5,77740.0,30.8
2025-04-28,1901.5,1954.3,1849.8,1921.5,36470.0,32.85
2025-04-29,1935.5,1964.8,1916.0,1954.4,55600.0,40.5
2025-04-30,1954.1,1954.1,1858.0,1865.2,55387.0,47.73
2025-05-02,1879.9,1879.9,1824.2,1853.1,55757.0,26.99
2025-05-05,1860.0,1900.8,1859.3,1886.6,27235.0,40.22
2025-05-06,1890.0,1924.9,1825.8,1835.7,43222.0,35.91
2025-05-07,1796.0,1807.9,1750.0,1770.6,114082.0,40.45
2025-05-08,1774.1,1794.9,1734.0,1746.8,45618.0,41.38
2025-05-09,1730.0,1740.0,1698.5,1720.4,51059.0,38.52
2025-05-12,1769.9,1803.2,1766.1,1794.8,56387.0,52.55
2025-05-13,1771.0,1812.9,1770.1,1791.3,48783.0,46.14
2025-05-14,1799.9,1864.6,1791.9,1831.6,66861.0,42.18
2025-05-15,1830.0,1857.1,1813.7,1843.5,47335.0,44.42
2025-05-16,1867.0,1935.9,1852.8,1909.2,92004.0,39.73
2025-05-19,1925.0,2094.0,1910.6,1956.8,457658.0,21.58
2025-05-20,1972.5,2039.9,1925.5,1971.6,147466.0,30.41
2025-05-21,1982.9,1987.0,1938.1,1978.0,60862.0,38.26
2025-05-22,1988.9,2019.0,1958.5,1981.3,56158.0,36.52
2025-05-23,1989.0,1997.2,1954.5,1981.1,32546.0,52.22
2025-05-26,1999.9,2020.0,1982.0,1998.3,48846.0,48.42
2025-05-27,2000.0,2016.0,1981.7,1992.6,39846.0,46.2
2025-05-28,2000.9,2047.7,1993.7,2030.5,75862.0,45.12
2025-05-29,2047.7,2047.7,2009.6,2030.0,36131.0,51.78
2025-05-30,2039.0,2041.9,1990.3,2021.0,40102.0,51.72
2025-06-02,2011.2,2070.0,2010.5,2029.8,63995.0,33.09
2025-06-03,2054.0,2059.3,2007.6,2013.8,30340.0,40.84
2025-06-04,2028.0,2029.2,2000.0,2004.4,28222.0,46.5
2025-06-05,2020.0,2020.0,1971.0,1981.4,28971.0,49.65
2025-06-06,1998.0,1998.0,1972.0,1980.5,40525.0,52.62
2025-06-09,1994.0,2032.6,1984.2,2006.1,51344.0,52.04
2025-06-10,2023.0,2052.6,1973.6,1982.8,61948.0,51.03
2025-06-11,1982.9,2044.9,1982.9,2008.1,107196.0,42.54
2025-06-12,2025.0,2155.0,1960.1,1982.5,901409.0,23.67
2025-06-13,1945.0,2007.9,1934.6,1970.6,101636.0,40.65
2025-06-16,1979.9,1980.7,1916.8,1966.3,47656.0,37.29
2025-06-17,1972.9,1987.1,1935.3,1956.4,48402.0,40.53
2025-06-18,1958.0,1994.0,1925.5,1935.6,51166.0,32.92
2025-06-19,1939.0,1947.2,1871.1,1885.1,40012.0,43.58
2025-06-20,1901.0,1910.0,1817.7,1849.6,233623.0,60.91
2025-06-23,1820.0,1899.9,1819.0,1882.5,51432.0,48.26
2025-06-24,1910.7,1920.0,1855.9,1889.4,81515.0,47.84
2025-06-25,1890.0,1939.5,1888.2,1926.0,59908.0,55.6
2025-06-26,1939.0,1941.5,1915.0,1929.0,34481.0,56.21
2025-06-27,1939.0,1993.0,1926.7,1975.8,90234.0,50.95
2025-06-30,1981.0,2043.3,1975.8,2007.5,93752.0,36.63
2025-07-01,2018.9,2043.0,1977.6,1998.8,76360.0,32.25
2025-07-02,1998.8,2019.5,1974.8,1992.8,55546.0,42.47
2025-07-03,1980.0,2008.1,1975.0,1979.1,27862.0,45.61
2025-07-04,1994.0,2009.0,1972.5,1984.0,24127.0,35.81
2025-07-07,1990.0,2013.6,1972.5,1989.8,32059.0,37.76
2025-07-08,2000.0,2000.1,1942.3,1958.9,29193.0,51.77
2025-07-09,1959.9,1979.0,1940.1,1946.9,41245.0,53.18
2025-07-10,1965.0,1985.9,1943.0,1974.3,48885.0,37.65
2025-07-11,1983.0,1983.0,1940.0,1950.6,33251.0,45.66
2025-07-14,1951.0,1955.2,1930.5,1940.1,16094.0,53.81
2025-07-15,1940.0,2018.0,1940.0,1994.5,70445.0,42.43
2025-07-16,1985.0,2048.0,1984.5,1995.5,85891.0,35.58
2025-07-17,2005.0,2074.0,2000.0,2033.2,120014.0,36.87
2025-07-18,2039.0,2041.8,2000.2,2004.6,24993.0,47.91
2025-07-21,2003.2,2004.6,1952.6,1957.1,41782.0,60.76
2025-07-22,1969.9,1978.0,1936.1,1945.6,51830.0,54.6
2025-07-23,1959.0,2035.0,1939.5,1981.1,326560.0,19.44
2025-07-24,1996.9,2025.0,1953.1,1970.2,87638.0,39.11
2025-07-25,1970.2,1970.2,1936.1,1955.5,44894.0,56.05
2025-07-28,1964.0,1964.0,1903.4,1921.5,38416.0,44.36
2025-07-29,1925.0,1983.8,1925.0,1939.4,75135.0,24.27
2025-07-30,1942.0,1968.5,1929.9,1935.9,25343.0,40.65
2025-07-31,1922.9,1922.9,1883.3,1896.8,28428.0,44.57
2025-08-01,1890.0,1945.1,1890.0,1901.6,37820.0,29.15
2025-08-04,1921.0,1934.8,1880.1,1894.7,23741.0,40.82
2025-08-05,1885.0,1897.9,1856.0,1861.6,31788.0,60.75
2025-08-06,1861.6,1879.0,1833.8,1842.6,26562.0,48.33
2025-08-07,1825.0,1880.0,1824.8,1874.0,29688.0,38.88
2025-08-08,1872.0,1883.5,1825.0,1849.4,21901.0,41.42
2025-08-11,1850.0,1850.0,1828.1,1835.5,18079.0,45.73
2025-08-12,1840.0,1899.0,1825.0,1866.9,92885.0,11.9
2025-08-13,1853.0,1886.3,1850.0,1855.3,26767.0,47.43
2025-08-14,1852.0,1864.1,1822.5,1832.3,15552.0,49.46
2025-08-18,1864.0,1869.6,1827.0,1856.0,26670.0,40.48
2025-08-19,1841.3,1868.9,1841.3,1862.2,18576.0,49.48
2025-08-20,1876.9,1876.9,1850.1,1866.2,29892.0,58.39
2025-08-21,1860.0,1879.4,1838.0,1842.4,22244.0,57.49
2025-08-22,1842.6,1851.3,1822.1,1825.8,20360.0,55.52
2025-08-25,1830.0,1835.3,1800.0,1802.4,29378.0,58.01
2025-08-26,1802.0,1807.0,1761.0,1768.2,58491.0,67.28
2025-08-28,1768.0,1856.0,1747.2,1799.7,208206.0,11.85
2025-08-29,1795.1,1825.8,1740.0,1753.7,53130.0,42.8
2025-09-01,1767.7,1795.0,1751.1,1788.2,55789.0,34.1
2025-09-02,1790.1,1837.2,1781.9,1824.0,41250.0,39.86
2025-09-03,1826.9,1839.0,1815.2,1835.6,13318.0,42.13
2025-09-04,1892.0,1918.0,1860.1,1877.1,131798.0,33.52
2025-09-05,1885.0,1885.1,1840.0,1853.9,22556.0,43.78
2025-09-08,1850.0,1870.0,1836.1,1864.3,25896.0,36.48
2025-09-09,1871.0,1885.0,1845.0,1861.6,30598.0,48.89
2025-09-10,1851.0,1904.0,1851.0,1884.4,26238.0,33.09
2025-09-11,1885.0,1914.0,1867.1,1891.6,66915.0,63.25
2025-09-12,1880.0,1920.0,1873.1,1879.8,43590.0,50.47
2025-09-15,1871.0,1975.2,1871.0,1961.3,121122.0,41.91
2025-09-16,1960.1,1989.9,1925.5,1939.1,59780.0,40.2
2025-09-17,1950.0,1984.0,1931.1,1957.9,66848.0,38.43
2025-09-18,1964.9,1980.0,1946.1,1954.7,29961.0,52.3
2025-09-19,1968.9,1968.9,1928.0,1936.4,40332.0,50.18
2025-09-22,1943.0,1948.0,1904.1,1911.7,39509.0,64.19
2025-09-23,1921.3,1921.9,1875.1,1878.7,39618.0,59.49
2025-09-24,1878.8,1901.8,1869.8,1880.9,30193.0,52.76
2025-09-25,1880.9,1884.6,1851.5,1856.8,16770.0,58.32
2025-09-26,1856.8,1856.8,1775.0,1784.0,48019.0,55.39
2025-09-29,1787.1,1799.8,1755.0,1762.0,30687.0,57.62
2025-09-30,1777.0,1783.4,1742.0,1768.0,41386.0,60.17
2025-10-01,1752.0,1816.4,1752.0,1802.8,35021.0,54.36
2025-10-03,1822.0,1843.0,1792.0,1838.6,42031.0,49.53
2025-10-06,1842.0,1985.0,1838.6,1915.1,799997.0,11.4
2025-10-07,1915.0,1918.7,1871.1,1879.8,37695.0,44.05
2025-10-08,1874.0,1890.0,1840.2,1846.9,45740.0,44.77
2025-10-09,1862.5,1869.8,1830.1,1848.0,20576.0,29.83
2025-10-10,1844.0,1894.8,1838.2,1879.0,32019.0,62.24
2025-10-13,1889.0,1896.7,1847.2,1889.8,36705.0,45.24
2025-10-14,1889.8,1930.0,1876.2,1911.2,66457.0,50.13
2025-10-15,1911.2,1929.0,1859.2,1908.0,63897.0,42.32
2025-10-16,1930.0,1930.0,1880.9,1887.7,26984.0,47.45
2025-10-17,1896.0,2088.0,1896.0,1999.7,3265482.0,7.14
2025-10-20,1990.0,2056.6,1985.3,2048.3,290618.0,23.35
2025-10-21,2050.0,2082.5,2042.0,2056.7,45786.0,45.15
2025-10-22,2050.0,2082.5,2042.0,2056.7,45786.0,45.15
2025-10-23,2048.0,2135.0,2035.0,2103.1,308321.0,30.14
2025-10-24,2104.0,2104.4,2058.0,2078.9,84874.0,42.61
2025-10-27,2074.0,2075.4,2027.2,2035.1,59381.0,44.46
2025-10-28,2032.0,2044.9,2000.0,2007.0,41207.0,44.49
2025-10-29,2011.0,2027.9,1994.3,2014.6,49573.0,35.04
2025-10-30,2030.0,2042.9,1980.1,1993.3,50629.0,27.73
2025-10-31,2010.0,2010.0,1969.5,1980.8,31644.0,47.6
2025-11-03,1980.9,2014.8,1964.8,1979.8,40241.0,45.7
2025-11-04,1988.0,1990.9,1941.5,1952.8,32290.0,46.93
2025-11-05,1988.0,1990.9,1941.5,1952.8,32290.0,46.93
2025-11-06,1998.0,2007.9,1892.8,1901.0,70508.0,35.1
2025-11-07,1897.0,1913.9,1870.1,1901.5,48708.0,38.19
2025-11-10,1910.1,1939.0,1906.3,1935.9,26335.0,45.92
2025-11-11,1935.0,1935.4,1853.4,1907.6,77039.0,41.81
2025-11-12,1907.0,1919.7,1879.0,1890.2,43275.0,48.49
2025-11-13,1895.8,1902.5,1867.2,1873.3,40582.0,57.72
2025-11-14,1878.0,1908.1,1820.0,1830.7,187795.0,27.14
2025-11-17,1832.1,1860.0,1830.0,1842.8,53291.0,37.47
2025-11-18,1845.8,2048.0,1843.0,2022.7,5898302.0,4.5
2025-11-19,1990.0,2018.1,1961.1,1974.1,673896.0,9.38
2025-11-20,1970.0,1977.7,1915.0,1919.4,131927.0,32.93
2025-11-21,1903.2,1938.4,1856.1,1862.3,135920.0,39.27
2025-11-24,1860.0,1870.6,1840.0,1861.2,70637.0,39.07
2025-11-25,1861.3,1870.0,1825.0,1828.7,94782.0,61.44
2025-11-26,1844.0,1859.1,1821.4,1842.0,65576.0,33.77
2025-11-27,1842.0,1857.2,1834.9,1838.5,28077.0,48.4
2025-11-28,1841.1,1844.0,1828.0,1834.9,31613.0,49.35
2025-12-01,1850.5,1859.0,1831.6,1837.0,27362.0,44.13
2025-12-02,1835.0,1839.5,1807.0,1811.7,27935.0,53.46
2025-12-03,1811.7,1940.0,1801.2,1882.5,1585660.0,4.72
2025-12-04,1870.6,1882.7,1849.9,1857.0,58799.0,24.64
2025-12-05,1851.0,1859.3,1825.0,1850.5,36633.0,37.54
2025-12-08,1849.9,1853.6,1805.5,1812.8,34271.0,53.53
2025-12-09,1801.0,1900.0,1798.1,1893.4,130456.0,46.31
2025-12-10,1862.0,1907.1,1845.1,1856.5,88628.0,33.69
2025-12-11,1865.0,1896.1,1855.2,1883.6,38897.0,33.24
2025-12-12,1879.0,1887.7,1862.1,1869.5,21786.0,36.11
2025-12-15,1877.0,1878.9,1845.9,1868.5,21105.0,37.17
2025-12-16,1877.0,1938.0,1854.0,1865.1,122220.0,17.08
2025-12-17,1865.1,1899.7,1865.1,1890.0,56379.0,30.78
2025-12-18,1900.0,1907.3,1868.0,1895.8,38324.0,31.81
2025-12-19,1905.0,1911.7,1892.4,1902.9,24172.0,49.36
2025-12-22,1918.0,1932.0,1896.0,1902.9,67059.0,57.64
2025-12-23,1912.4,1923.3,1885.1,1894.2,32459.0,45.55
2025-12-24,1910.0,1925.0,1856.0,1862.7,39083.0,47.85
2025-12-25,1910.0,1925.0,1856.0,1862.7,39083.0,47.85
2025-12-26,1884.0,1884.0,1824.1,1836.9,53996.0,44.25
2025-12-29,1836.9,1850.6,1823.0,1828.6,19811.0,53.68
2025-12-30,1842.0,1926.2,1824.1,1877.0,361497.0,10.41
2025-12-31,1875.0,1908.5,1868.1,1889.1,35287.0,42.02
2026-01-01,1890.0,1895.0,1858.0,1867.6,23537.0,41.9
2026-01-02,1867.8,1889.6,1863.4,1880.9,28789.0,37.3
2026-01-05,1880.8,1897.0,1860.6,1868.7,29464.0,48.18
2026-01-06,1885.0,1891.5,1853.2,1876.7,26960.0,45.54
2026-01-07,1884.0,1927.0,1868.4,1904.1,82435.0,39.54
2026-01-08,1885.1,1909.9,1815.7,1835.8,56114.0,41.87
2026-01-09,1835.8,1858.0,1808.0,1815.7,44985.0,40.72
2026-01-12,1811.1,1817.9,1776.0,1802.4,40574.0,37.19
2026-01-13,1820.0,1845.0,1810.0,1816.7,20774.0,41.54
2026-01-14,1805.9,1854.0,1805.9,1846.3,28690.0,48.19
2026-01-15,1805.9,1854.0,1805.9,1846.3,28690.0,48.19
2026-01-16,1825.0,1846.3,1811.5,1816.6,27634.0,47.96
2026-01-19,1816.6,1834.7,1785.7,1791.8,20810.0,45.72
2026-01-20,1780.1,1794.7,1684.0,1710.1,67884.0,50.38
2026-01-21,1710.2,1768.0,1706.0,1732.9,80065.0,34.48
2026-01-22,1736.1,1790.0,1736.1,1780.6,36035.0,47.38
2026-01-23,1780.0,1807.9,1728.7,1733.2,27322.0,47.11
2026-01-26,1780.0,1807.9,1728.7,1733.2,27322.0,47.11
2026-01-27,1728.0,1750.9,1682.0,1702.8,32748.0,37.81
2026-01-28,1720.1,1734.9,1702.0,1724.2,30328.0,45.58
2026-01-29,1728.1,1730.1,1705.0,1713.8,16414.0,51.78
2026-01-30,1714.9,1730.2,1689.8,1719.3,40002.0,44.05
2026-02-02,1684.6,1729.8,1656.1,1717.3,31258.0,47.4
2026-02-03,1753.9,1784.8,1734.4,1758.8,27881.0,50.48
2026-02-04,1751.8,1765.8,1739.8,1754.6,34658.0,40.84
2026-02-05,1756.9,1796.3,1736.8,1773.2,43354.0,38.78
2026-02-06,1773.2,1785.9,1760.0,1778.0,10818.0,49.05
2026-02-09,1778.6,1795.4,1773.5,1791.9,17868.0,58.11
2026-02-10,1799.0,1820.0,1788.0,1806.4,28610.0,44.3
2026-02-11,1839.8,1903.0,1820.0,1854.2,222052.0,14.16
2026-02-12,1865.5,1865.5,1803.2,1813.0,30146.0,37.76
2026-02-13,1805.0,1812.2,1772.5,1791.9,24420.0,34.54
2026-02-16,1792.9,1809.9,1784.6,1801.9,19423.0,51.21
2026-02-17,1796.0,1827.0,1796.0,1807.9,23535.0,56.33
2026-02-18,1808.0,1833.7,1808.0,1821.1,24905.0,44.09
2026-02-19,1821.1,1830.5,1771.1,1785.0,30127.0,51.28
2026-02-20,1770.0,1785.8,1755.0,1776.8,18775.0,41.64
2026-02-23,1780.2,1807.0,1769.2,1778.5,16252.0,47.32
2026-02-24,1778.0,1779.5,1747.9,1766.4,27176.0,53.47
2026-02-25,1766.4,1787.9,1743.4,1764.0,17185.0,57.12
2026-02-26,1756.3,1763.9,1712.6,1725.0,33486.0,61.73
2026-02-27,1725.0,1725.1,1690.0,1694.2,39953.0,57.7
2026-03-02,1620.0,1680.0,1620.0,1644.2,41838.0,48.39
2026-03-03,1620.0,1680.0,1620.0,1644.2,41838.0,48.39
2026-03-04,1620.0,1623.7,1565.0,1569.6,75133.0,61.76
2026-03-05,1594.0,1640.0,1578.0,1627.3,96096.0,24.47
2026-03-06,1619.0,1633.8,1601.2,1620.4,23446.0,51.36
2026-03-09,1605.0,1605.0,1511.2,1538.2,69841.0,54.2
2026-03-10,1552.9,1568.4,1529.3,1562.8,40728.0,43.09
2026-03-11,1565.0,1590.0,1560.0,1570.4,32970.0,42.25
2026-03-12,1574.4,1594.0,1539.0,1570.9,43038.0,53.88
2026-03-13,1560.0,1564.6,1505.3,1527.3,39359.0,55.03
2026-03-16,1527.3,1529.1,1476.1,1495.6,42592.0,57.16
2026-03-17,1502.6,1521.0,1495.7,1511.2,30624.0,52.93
2026-03-18,1515.0,1563.8,1515.0,1540.8,52461.0,57.9
2026-03-19,1526.2,1538.9,1510.5,1514.6,28079.0,64.49
2026-03-20,1520.0,1534.9,1494.2,1504.6,26045.0,58.24
2026-03-23,1479.3,1491.2,1380.0,1396.5,89467.0,54.92
2026-03-24,1436.0,1444.0,1383.2,1414.6,69445.0,49.99
2026-03-25,1430.0,1449.8,1414.9,1417.8,78500.0,48.65
2026-03-26,1430.0,1449.8,1414.9,1417.8,78500.0,48.65
2026-03-27,1416.2,1422.5,1368.7,1375.0,90835.0,62.07
2026-03-30,1355.0,1367.2,1314.6,1322.0,73894.0,47.52
2026-03-31,1355.0,1367.2,1314.6,1322.0,73894.0,47.52
2026-04-01,1349.0,1414.3,1325.0,1404.4,65493.0,33.68
2026-04-02,1381.1,1416.0,1356.1,1410.7,39853.0,46.03
2026-04-03,1381.1,1416.0,1356.1,1410.7,39853.0,46.03
2026-04-06,1410.0,1442.0,1398.5,1434.7,59029.0,39.58
2026-04-07,1432.5,1438.4,1418.0,1431.1,31291.0,43.92
2026-04-08,1484.0,1495.7,1456.0,1473.0,236578.0,60.45
2026-04-09,1477.5,1484.0,1440.2,1445.4,108147.0,54.64
2026-04-10,1440.1,1502.0,1440.1,1487.4,100823.0,48.76
2026-04-13,1479.0,1479.0,1438.5,1450.6,90437.0,56.69
2026-04-14,1479.0,1479.0,1438.5,1450.6,90437.0,56.69
2026-04-15,1491.0,1517.2,1466.3,1494.6,139376.0,61.77
2026-04-16,1504.9,1510.0,1475.9,1501.0,158789.0,56.44
2026-04-17,1501.0,1542.0,1500.0,1526.4,87581.0,46.17
2026-04-20,1540.0,1540.0,1501.1,1510.9,41547.0,47.14
2026-04-21,1502.2,1541.0,1502.2,1528.1,63546.0,51.86
2026-04-22,1534.9,1556.4,1521.4,1551.8,46340.0,51.12
2026-04-23,1541.1,1559.7,1535.4,1540.5,60670.0,61.47
2026-04-24,1532.0,1549.7,1480.1,1492.7,77524.0,59.76
2026-04-27,1481.8,1524.9,1481.8,1512.2,32424.0,51.22
2026-04-28,1500.2,1523.0,1492.1,1497.7,31892.0,51.4
2026-04-29,1498.9,1520.0,1497.5,1508.1,43281.0,54.43
2026-04-30,1500.0,1512.8,1480.0,1501.1,36814.0,36.99
2026-05-01,1500.0,1512.8,1480.0,1501.1,36814.0,36.99
2026-05-04,1498.5,1565.6,1498.5,1526.3,90860.0,31.04
2026-05-05,1526.0,1533.9,1505.0,1516.4,21735.0,48.64
2026-05-06,1520.0,1563.0,1520.0,1553.5,59418.0,54.33
2026-05-07,1561.2,1575.1,1545.4,1564.3,61519.0,45.39
2026-05-08,1560.0,1610.8,1554.3,1561.5,247338.0,34.65
2026-05-11,1563.0,1563.1,1505.0,1509.4,60530.0,52.43
2026-05-12,1510.0,1523.9,1455.1,1465.6,51341.0,45.91
2026-05-13,1475.2,1520.0,1475.2,1494.1,58505.0,42.25
2026-05-14,1532.5,1564.8,1492.1,1537.9,173968.0,24.0
2026-05-15,1548.0,1559.9,1517.1,1522.8,28708.0,38.91
2026-05-18,1501.2,1510.4,1475.0,1496.8,27839.0,36.76
2026-05-19,1495.0,1541.0,1495.0,1529.0,33272.0,44.71
2026-05-20,1512.3,1528.3,1500.0,1518.2,20815.0,51.42
2026-05-21,1528.4,1540.0,1518.3,1523.6,10606.0,49.9
2026-05-22,1528.8,1539.9,1515.0,1533.7,23773.0,37.76
2026-05-25,1533.8,1552.0,1522.2,1546.6,28611.0,48.68
2026-05-26,1549.9,1550.0,1525.0,1533.2,22613.0,49.82
2026-05-27,1526.3,1543.6,1525.5,1536.6,22342.0,43.88
2026-05-28,1526.3,1543.6,1525.5,1536.6,22342.0,43.88
2026-05-29,1540.5,1547.8,1488.0,1501.6,31040.0,58.25
2026-06-01,1517.0,1523.0,1479.2,1505.3,38088.0,38.57
2026-06-02,1496.0,1517.2,1471.5,1512.4,24903.0,51.18
2026-06-03,1512.4,1512.4,1479.0,1490.7,20195.0,50.17
2026-06-04,1481.0,1500.3,1479.0,1489.8,15963.0,50.79
2026-06-05,1509.8,1535.0,1491.1,1529.1,68257.0,39.95
2026-06-08,1524.1,1556.0,1471.0,1482.2,74320.0,40.23
2026-06-09,1482.2,1535.0,1479.1,1527.2,60207.0,42.76
2026-06-10,1533.9,1549.0,1505.5,1520.2,36724.0,44.41
2026-06-11,1510.0,1510.0,1480.5,1490.0,31356.0,47.46
2026-06-12,1500.3,1525.0,1494.7,1518.8,31633.0,59.68
2026-06-15,1543.3,1552.0,1517.1,1523.5,46498.0,48.92
2026-06-16,1523.5,1547.2,1523.5,1534.2,25899.0,46.41
2026-06-17,1534.2,1542.8,1515.6,1524.6,26500.0,58.45
2026-06-18,1520.8,1539.5,1512.2,1527.4,43669.0,46.21
2026-06-19,1527.4,1547.5,1510.3,1537.6,35445.0,62.15
2026-06-22,1547.4,1602.0,1538.5,1589.3,147688.0,40.82
2026-06-23,1618.0,1623.9,1562.2,1579.8,124222.0,37.63
2026-06-24,1572.3,1584.9,1566.2,1571.8,40309.0,38.01
2026-06-25,1580.0,1584.7,1548.0,1556.7,31712.0,52.34
2026-06-26,1580.0,1584.7,1548.0,1556.7,31712.0,52.34
2026-06-29,1556.7,1564.5,1536.9,1546.3,27625.0,38.42
2026-06-30,1546.0,1555.5,1530.0,1535.2,19151.0,52.08
2026-07-01,1535.0,1559.9,1532.0,1539.2,19521.0,44.29
2026-07-02,1548.0,1558.5,1540.1,1554.7,34436.0,48.68
2026-07-03,1562.2,1567.2,1545.9,1556.7,22448.0,47.36
2026-07-06,1560.0,1561.2,1542.0,1549.8,25116.0,46.15
2026-07-07,1552.0,1552.9,1527.2,1529.5,23390.0,56.72
2026-07-08,1525.0,1553.9,1491.5,1498.1,33888.0,51.49
2026-07-09,1500.4,1530.4,1488.0,1513.4,50443.0,40.21
2026-07-10,1517.4,1531.7,1516.0,1521.3,19550.0,60.34
2026-07-13,1510.3,1521.3,1502.2,1514.0,16471.0,57.84
2026-07-14,1510.0,1519.5,1494.0,1497.4,14764.0,55.76
2026-07-15,1501.0,1510.0,1492.0,1500.6,25627.0,46.48
2026-07-16,1500.6,1501.0,1481.0,1487.2,23650.0,56.32
2026-07-17,1483.0,1500.0,1470.2,1493.6,17526.0,46.06
2026-07-20,1501.1,1506.1,1490.0,1497.2,26696.0,46.07
2026-07-21,1487.9,1502.3,1487.9,1491.4,16193.0,62.21
2026-07-22,1491.4,1502.0,1478.6,1496.6,20723.0,54.95
2026-07-23,1496.6,1497.1,1466.0,1469.5,22945.0,59.72
2026-07-24,1465.0,1469.0,1434.4,1458.2,21332.0,48.81
2026-07-27,1461.9,1501.2,1461.9,1496.6,28710.0,54.27
2026-07-28,1498.9,1500.0,1486.0,1491.7,17683.0,48.23
2026-07-29,1500.1,1501.0,1489.2,1498.1,31733.0,63.02
2026-07-30,1500.0,1506.0,1486.0,1493.4,18048.0,60.34
2026-07-31,1493.3,1502.0,1485.4,1497.1,20919.0,72.86
2026-08-03,1520.0,1558.0,1497.0,1537.2,111484.0,50.64
2026-08-04,1540.9,1548.9,1501.2,1505.7,25557.0,59.5
2026-08-05,1511.0,1515.1,1498.5,1501.5,14381.0,62.53
2026-08-06,1505.0,1533.8,1495.0,1498.0,29429.0,56.38
2026-08-07,1501.0,1522.1,1490.0,1504.1,42820.0,50.61
2026-08-10,1500.1,1527.8,1495.5,1509.5,28128.0,47.39
2026-08-11,1510.0,1519.6,1487.3,1490.4,27988.0,65.09
2026-08-12,1484.3,1501.1,1484.3,1490.9,17917.0,62.59
2026-08-13,1499.9,1521.8,1445.1,1471.8,97520.0,29.25
2026-08-14,1478.9,1491.4,1464.9,1468.2,23135.0,52.06
2026-08-19,1473.2,1476.7,1442.0,1445.0,42832.0,58.18
