,Open,High,Low,Close,Volume,DeliveryPct
2016-08-17,233.0,241.9,232.6,240.5,737080.0,
2016-08-18,241.8,249.0,240.9,247.9,713762.0,
2016-08-19,247.8,253.0,244.0,248.3,692566.0,
2016-08-22,247.9,250.0,245.9,248.15,209654.0,
2016-08-23,248.5,249.1,242.15,243.3,108060.0,
2016-08-24,243.9,245.0,241.4,242.9,387258.0,
2016-08-25,244.35,249.85,241.05,246.15,352586.0,
2016-08-26,248.9,251.95,246.95,250.85,363462.0,
2016-08-29,250.65,261.9,250.0,259.25,929808.0,
2016-08-30,260.15,268.0,260.15,266.45,425027.0,
2016-08-31,267.8,271.3,258.95,260.35,764767.0,
2016-09-01,260.4,271.75,260.35,264.95,667815.0,
2016-09-02,265.2,268.0,256.6,258.1,628185.0,
2016-09-06,263.0,266.8,260.25,261.75,607984.0,
2016-09-07,262.95,264.4,261.5,262.85,600330.0,
2016-09-08,262.95,268.0,258.5,264.3,526189.0,
2016-09-09,263.0,272.0,260.05,268.55,692141.0,
2016-09-12,264.3,276.8,260.6,266.1,1214249.0,
2016-09-14,267.25,271.0,260.65,262.05,698412.0,
2016-09-15,263.75,265.4,260.2,261.15,582966.0,
2016-09-16,262.4,267.0,262.35,265.55,838924.0,
2016-09-19,265.9,268.05,262.6,263.95,223556.0,
2016-09-20,264.0,266.45,263.55,265.55,293918.0,
2016-09-21,265.0,265.9,261.35,262.25,111869.0,
2016-09-22,264.85,265.95,260.5,261.65,224195.0,
2016-09-23,262.95,264.5,259.0,260.2,174693.0,
2016-09-26,260.2,262.2,255.5,256.7,171052.0,
2016-09-27,256.7,264.0,255.3,260.9,338028.0,
2016-09-28,262.25,267.5,262.15,264.9,451038.0,
2016-09-29,265.65,266.5,251.5,256.45,359989.0,
2016-09-30,258.95,261.7,251.3,261.05,172319.0,
2016-10-03,265.0,265.55,258.25,263.8,347351.0,
2016-10-04,263.9,266.45,261.55,263.3,233914.0,
2016-10-05,264.0,269.95,262.35,266.4,595078.0,
2016-10-06,266.2,272.85,265.75,268.55,360559.0,
2016-10-07,268.55,269.85,263.5,264.45,95204.0,
2016-10-10,265.0,269.9,263.3,266.55,134139.0,
2016-10-13,266.55,270.0,261.6,264.15,326625.0,
2016-10-14,266.4,266.75,262.1,264.3,93608.0,
2016-10-17,265.0,266.55,261.6,263.35,326820.0,
2016-10-18,266.9,271.9,265.1,267.9,863032.0,
2016-10-19,269.5,269.5,264.0,266.55,207091.0,
2016-10-20,266.8,268.8,264.0,264.45,183725.0,
2016-10-21,265.0,266.0,262.0,263.35,168502.0,
2016-10-24,263.5,264.65,258.1,258.85,463413.0,
2016-10-25,259.9,261.45,257.0,257.8,241142.0,
2016-10-26,260.4,263.55,256.75,260.1,250004.0,
2016-10-27,263.0,263.0,257.5,259.5,154778.0,
2016-10-28,260.8,261.35,253.75,257.4,218644.0,
2016-11-01,259.8,265.0,259.0,260.85,419379.0,
2016-11-02,258.0,261.5,255.0,260.1,251911.0,
2016-11-03,262.9,268.0,256.0,260.2,975266.0,
2016-11-04,261.5,270.5,255.0,259.75,1394742.0,
2016-11-07,261.55,264.9,254.0,255.65,299984.0,
2016-11-08,256.0,257.9,244.35,245.75,778057.0,
2016-11-09,225.0,236.25,196.6,234.85,951136.0,
2016-11-10,241.0,245.4,228.0,229.45,463920.0,
2016-11-11,229.0,229.0,214.0,215.15,777295.0,
2016-11-15,215.2,216.75,195.0,197.6,864313.0,
2016-11-16,202.0,205.7,196.1,198.65,573288.0,
2016-11-17,200.0,208.9,200.0,202.35,492404.0,
2016-11-18,202.6,203.95,184.85,187.1,1879909.0,
2016-11-21,190.0,191.8,179.25,180.25,1112787.0,
2016-11-22,182.0,187.65,177.95,185.4,1051360.0,
2016-11-23,186.5,200.65,185.55,199.4,1084808.0,
2016-11-24,199.0,214.95,198.05,212.3,1354252.0,
2016-11-25,215.5,222.9,215.5,220.25,1437650.0,
2016-11-28,220.0,228.5,217.5,225.8,799157.0,
2016-11-29,227.5,243.15,227.05,241.15,1816308.0,
2016-11-30,242.0,245.45,222.1,228.85,3890021.0,
2016-12-01,230.95,236.65,222.1,234.1,865187.0,
2016-12-02,229.0,229.85,223.5,225.2,425386.0,
2016-12-05,224.0,225.35,215.85,216.9,680476.0,
2016-12-06,218.55,222.1,216.3,218.4,955996.0,
2016-12-07,219.0,229.3,218.75,227.9,922755.0,
2016-12-08,229.5,231.4,224.5,225.9,547021.0,
2016-12-09,226.1,228.25,219.5,220.15,340810.0,
2016-12-12,222.0,222.0,206.15,208.5,830869.0,
2016-12-13,208.0,209.9,199.0,199.45,1134945.0,
2016-12-14,201.35,204.5,200.0,200.3,908899.0,
2016-12-15,199.0,203.15,199.0,199.75,428840.0,
2016-12-16,200.15,203.5,197.15,201.85,527607.0,
2016-12-19,201.9,202.6,197.0,197.3,676843.0,
2016-12-20,197.8,199.2,193.15,194.2,1327391.0,
2016-12-21,196.8,197.0,194.0,195.05,458151.0,
2016-12-22,194.5,204.0,194.5,202.05,715542.0,
2016-12-23,204.0,205.85,200.0,202.6,583935.0,
2016-12-26,201.6,201.9,192.3,193.1,517900.0,
2016-12-27,194.6,196.4,190.0,195.75,300146.0,
2016-12-28,196.95,206.8,196.55,204.8,694053.0,
2016-12-29,206.0,210.5,205.75,209.55,528092.0,
2016-12-30,210.1,214.0,208.0,210.55,315748.0,
2017-01-02,212.0,213.75,209.05,211.55,174503.0,
2017-01-03,212.9,215.0,210.35,213.45,206133.0,
2017-01-04,213.9,218.65,213.55,214.65,332519.0,
2017-01-05,215.0,217.0,213.0,213.95,996063.0,
2017-01-06,214.05,220.55,214.05,219.45,614227.0,
2017-01-09,220.0,226.75,218.5,225.55,505937.0,
2017-01-10,226.0,226.9,218.45,219.75,464699.0,
2017-01-11,220.8,222.25,218.0,218.5,369515.0,
2017-01-12,220.9,220.9,214.25,214.95,235124.0,
2017-01-13,216.6,216.6,213.55,213.95,174119.0,
2017-01-16,213.95,215.85,211.9,213.15,175316.0,
2017-01-17,216.0,216.0,213.15,214.85,336822.0,
2017-01-18,216.3,216.55,214.2,214.7,189147.0,
2017-01-19,215.9,215.9,212.1,213.2,144608.0,
2017-01-20,213.2,214.0,210.0,210.4,244711.0,
2017-01-23,212.0,212.0,207.25,209.5,178524.0,
2017-01-24,211.0,211.65,209.0,210.05,263512.0,
2017-01-25,211.1,214.85,210.55,213.2,353785.0,
2017-01-27,215.0,216.0,210.25,211.15,1101216.0,
2017-01-30,212.0,213.8,211.6,212.85,238459.0,
2017-01-31,212.8,213.45,210.0,211.5,142905.0,
2017-02-01,212.0,215.7,209.2,212.8,509570.0,
2017-02-02,213.0,223.5,213.0,222.2,1333008.0,
2017-02-03,224.2,225.0,222.1,223.1,522144.0,
2017-02-06,224.95,227.8,218.6,219.9,991589.0,
2017-02-07,221.0,221.45,215.0,216.7,538284.0,
2017-02-08,217.5,224.45,217.4,222.9,565837.0,
2017-02-09,223.7,226.0,220.7,225.4,644509.0,
2017-02-10,227.3,231.5,226.1,229.8,1123260.0,
2017-02-13,225.1,228.0,218.5,222.4,522512.0,
2017-02-14,223.0,225.0,220.55,223.15,212799.0,
2017-02-15,224.0,225.0,216.6,222.35,292773.0,
2017-02-16,224.9,227.0,223.05,224.1,228731.0,
2017-02-17,224.6,225.0,221.0,224.05,187572.0,
2017-02-20,224.8,225.05,221.8,224.0,161561.0,
2017-02-21,224.8,225.55,223.5,224.35,257482.0,
2017-02-22,225.6,233.9,224.15,228.45,1072517.0,
2017-02-23,229.7,232.2,226.4,231.45,333386.0,
2017-02-27,233.0,235.0,229.55,233.0,326414.0,
2017-02-28,233.0,236.65,230.0,231.8,1111135.0,
2017-03-01,233.9,233.9,227.3,231.1,557444.0,
2017-03-02,232.0,234.5,228.0,229.95,1907268.0,
2017-03-03,229.9,230.4,223.4,225.1,829067.0,
2017-03-06,225.2,229.1,225.2,227.75,212768.0,
2017-03-07,228.0,228.8,222.5,223.9,1022925.0,
2017-03-08,225.0,225.0,220.3,221.05,1030216.0,
2017-03-09,222.75,229.7,221.1,224.4,1124914.0,
2017-03-10,227.0,227.5,222.7,223.45,428487.0,
2017-03-14,227.5,232.85,223.5,229.6,754548.0,
2017-03-15,231.15,231.15,227.0,228.0,399012.0,
2017-03-16,230.0,232.0,228.0,230.95,501420.0,
2017-03-17,230.95,233.4,226.5,231.9,643939.0,
2017-03-20,231.7,232.0,228.9,229.65,398536.0,
2017-03-21,230.15,233.2,224.1,230.4,2851446.0,
2017-03-22,229.0,229.35,226.8,228.0,345652.0,
2017-03-23,228.05,232.8,228.0,231.25,490615.0,
2017-03-24,232.5,232.7,228.0,228.5,718052.0,
2017-03-27,228.95,232.4,227.2,231.15,457734.0,
2017-03-28,233.55,235.0,228.0,229.45,861225.0,
2017-03-29,231.2,237.0,229.55,234.95,1143183.0,
2017-03-30,235.2,239.75,235.2,238.0,790379.0,
2017-03-31,239.75,243.6,234.3,242.1,714610.0,
2017-04-03,242.9,249.3,240.2,248.3,858009.0,
2017-04-05,248.95,249.45,244.6,247.45,476211.0,
2017-04-06,246.2,246.85,241.6,242.25,316913.0,
2017-04-07,241.5,241.5,237.1,237.75,413232.0,
2017-04-10,239.0,240.2,233.2,234.8,247378.0,
2017-04-11,236.0,237.3,229.3,234.05,506582.0,
2017-04-12,235.95,245.4,235.1,239.05,1044323.0,
2017-04-13,243.0,243.0,233.25,236.15,313206.0,
2017-04-17,239.5,244.4,237.3,241.0,627653.0,
2017-04-18,246.1,247.8,237.5,239.65,472685.0,
2017-04-19,243.4,245.25,238.05,244.6,367993.0,
2017-04-20,249.0,250.4,244.6,246.15,678879.0,
2017-04-21,247.9,249.9,246.0,247.25,416121.0,
2017-04-24,248.4,253.8,246.05,250.55,541879.0,
2017-04-25,252.05,258.3,252.0,257.1,663830.0,
2017-04-26,258.75,261.0,252.65,255.45,559678.0,
2017-04-27,254.3,263.0,251.5,261.35,515308.0,
2017-04-28,262.65,265.35,258.0,261.25,1085723.0,
2017-05-02,262.0,263.9,253.3,257.7,326357.0,
2017-05-03,255.0,256.6,249.5,251.45,562888.0,
2017-05-04,251.45,256.0,249.75,254.15,345503.0,
2017-05-05,254.6,267.75,254.6,258.85,1617907.0,
2017-05-08,262.0,265.4,260.6,262.65,498733.0,
2017-05-09,263.0,264.45,259.15,260.3,283491.0,
2017-05-10,260.65,267.9,258.25,260.15,971033.0,
2017-05-11,261.0,264.8,257.7,260.95,1023501.0,
2017-05-12,262.9,263.75,255.35,256.35,548588.0,
2017-05-15,258.5,263.15,258.3,259.5,693178.0,
2017-05-16,261.25,262.35,258.25,261.5,455581.0,
2017-05-17,261.2,263.95,259.0,260.9,325496.0,
2017-05-18,258.9,259.2,253.0,254.1,361411.0,
2017-05-19,254.85,255.95,241.6,247.8,479054.0,
2017-05-22,251.05,251.05,244.5,249.15,260390.0,
2017-05-23,250.9,250.9,236.95,244.1,719976.0,
2017-05-24,243.0,244.1,235.1,242.45,481018.0,
2017-05-25,242.5,245.3,238.9,242.65,594837.0,
2017-05-26,242.95,261.0,242.7,258.0,1166089.0,
2017-05-29,259.0,266.85,256.0,256.9,774619.0,
2017-05-30,256.0,266.65,249.5,256.0,1693223.0,
2017-05-31,256.4,258.85,249.85,251.75,814818.0,
2017-06-01,252.0,254.7,250.05,251.65,330619.0,
2017-06-02,252.5,258.35,252.45,253.95,859958.0,
2017-06-05,255.0,258.4,254.7,256.0,372784.0,
2017-06-06,256.3,256.85,250.25,251.2,476623.0,
2017-06-07,251.4,254.15,250.2,251.65,503919.0,
2017-06-08,254.0,256.75,249.6,250.85,469273.0,
2017-06-09,250.0,254.25,249.2,251.25,328579.0,
2017-06-12,249.75,252.7,247.75,251.5,456870.0,
2017-06-13,251.9,253.6,248.3,249.2,193529.0,
2017-06-14,250.1,251.4,247.55,249.5,197044.0,
2017-06-15,250.5,257.2,250.25,253.2,744428.0,
2017-06-16,253.1,258.15,249.3,250.6,610078.0,
2017-06-19,252.4,252.5,249.55,249.9,278792.0,
2017-06-20,250.15,251.5,244.4,249.0,382401.0,
2017-06-21,251.0,254.4,250.5,251.3,464022.0,
2017-06-22,252.9,253.7,248.0,248.8,567575.0,
2017-06-23,249.0,250.0,244.25,245.4,430959.0,
2017-06-27,247.0,247.0,240.15,241.55,439124.0,
2017-06-28,240.0,240.65,234.4,236.35,593353.0,
2017-06-29,236.4,241.0,236.35,238.9,475871.0,
2017-06-30,240.0,247.0,236.05,246.25,588860.0,
2017-07-03,247.75,248.25,244.0,246.15,216336.0,
2017-07-04,247.0,250.0,243.7,244.4,283184.0,
2017-07-05,244.4,246.65,243.25,244.95,279952.0,
2017-07-06,246.2,247.7,244.0,244.6,246258.0,
2017-07-07,245.5,246.15,241.0,245.15,214412.0,
2017-07-10,253.0,253.0,247.0,251.65,208808.0,
2017-07-11,252.0,257.2,251.85,254.8,755405.0,
2017-07-12,256.5,257.8,253.5,257.2,348202.0,
2017-07-13,258.0,258.5,254.1,255.55,417732.0,
2017-07-14,255.55,256.55,250.4,253.25,261801.0,
2017-07-17,254.7,255.9,251.5,253.2,308095.0,
2017-07-18,252.0,255.7,250.6,253.15,337069.0,
2017-07-19,253.05,257.8,253.0,256.25,359141.0,
2017-07-20,256.9,257.0,253.15,253.75,240224.0,
2017-07-21,254.5,255.25,250.2,252.35,297967.0,
2017-07-24,251.05,256.4,248.15,255.2,611368.0,
2017-07-25,255.2,259.9,252.05,253.5,717442.0,
2017-07-26,255.0,256.5,252.05,255.4,254274.0,
2017-07-27,255.1,256.5,247.6,249.0,262346.0,
2017-07-28,249.0,252.0,248.5,251.4,200858.0,
2017-07-31,252.85,252.85,244.95,247.8,438764.0,
2017-08-01,248.0,250.6,247.0,248.75,395205.0,
2017-08-02,248.9,252.0,247.7,250.75,456568.0,
2017-08-03,251.45,251.45,245.5,247.0,381076.0,
2017-08-04,246.7,246.85,239.85,241.35,794136.0,
2017-08-07,240.0,249.9,237.6,248.95,865622.0,
2017-08-08,249.0,254.4,243.0,253.1,706305.0,
2017-08-09,252.5,257.8,241.75,256.1,1515965.0,
2017-08-10,253.15,254.45,244.0,247.35,519774.0,
2017-08-11,241.0,247.4,231.3,238.2,959480.0,
2017-08-14,240.2,253.5,240.2,247.4,657578.0,
2017-08-16,247.1,250.25,244.7,246.6,295531.0,
2017-08-17,246.6,248.95,241.0,242.1,572950.0,
2017-08-18,241.0,244.75,237.0,240.55,514291.0,
2017-08-21,241.7,242.55,236.5,238.85,467657.0,
2017-08-22,238.35,241.8,235.6,237.15,313387.0,
2017-08-23,238.0,238.7,230.55,237.2,1023303.0,
2017-08-24,236.3,245.6,234.6,240.55,1687464.0,
2017-08-28,244.95,246.45,241.2,244.25,716048.0,
2017-08-29,244.45,245.35,240.6,244.0,642236.0,
2017-08-30,245.0,245.0,241.05,242.0,1230924.0,
2017-08-31,244.6,246.9,243.0,246.0,459092.0,
2017-09-01,246.2,253.8,245.15,249.95,940242.0,
2017-09-04,251.1,253.45,242.2,244.75,984971.0,
2017-09-05,246.95,256.5,246.8,255.45,1259474.0,
2017-09-06,253.95,262.4,253.0,259.5,1857557.0,
2017-09-07,262.0,263.6,257.35,258.75,736974.0,
2017-09-08,259.9,262.25,254.65,256.35,433553.0,
2017-09-11,256.85,268.25,256.7,266.6,1324736.0,
2017-09-12,269.0,271.0,266.6,267.75,1582361.0,
2017-09-13,266.9,273.9,266.25,267.75,1618287.0,
2017-09-14,270.25,274.15,266.6,271.9,1111753.0,
2017-09-15,270.0,272.9,262.45,264.45,2557870.0,
2017-09-18,265.0,270.75,265.0,268.05,598264.0,
2017-09-19,268.85,268.95,265.05,266.45,335682.0,
2017-09-20,266.95,267.8,263.0,264.45,319722.0,
2017-09-21,264.0,269.5,258.3,261.15,673860.0,
2017-09-22,260.0,260.3,252.0,252.8,607767.0,
2017-09-25,252.0,252.8,244.4,247.05,648899.0,
2017-09-26,245.0,250.4,240.0,243.15,841011.0,
2017-09-27,243.3,248.2,241.6,242.9,811692.0,
2017-09-28,242.6,244.75,238.25,240.0,610569.0,
2017-09-29,241.8,247.0,238.0,245.1,473010.0,
2017-10-03,246.55,251.2,245.45,247.3,356232.0,
2017-10-04,247.3,254.0,247.25,253.6,560898.0,
2017-10-05,254.2,259.25,254.2,256.25,779250.0,
2017-10-06,257.0,258.75,256.5,257.85,399373.0,
2017-10-09,259.4,262.4,255.55,260.9,556283.0,
2017-10-10,260.9,263.25,259.7,262.75,313079.0,
2017-10-11,263.15,263.95,253.7,256.2,457251.0,
2017-10-12,256.0,260.25,254.6,259.2,255505.0,
2017-10-13,259.2,263.55,255.5,256.25,357617.0,
2017-10-16,258.1,267.75,258.1,266.3,1201363.0,
2017-10-17,267.7,267.7,263.2,265.15,384895.0,
2017-10-18,264.85,266.7,259.5,263.7,252790.0,
2017-10-19,264.0,264.95,259.0,261.9,98874.0,
2017-10-23,261.9,265.9,259.0,264.55,244478.0,
2017-10-24,264.55,277.5,261.95,274.4,1880025.0,
2017-10-25,277.0,286.3,275.05,280.15,3069442.0,
2017-10-26,276.5,278.8,269.25,271.1,484064.0,
2017-10-27,271.65,274.95,268.1,273.3,460978.0,
2017-10-30,273.3,278.8,263.65,267.5,845894.0,
2017-10-31,268.0,268.05,262.7,266.05,315655.0,
2017-11-01,267.45,269.6,261.55,266.65,277092.0,
2017-11-02,268.0,272.6,265.45,267.3,890676.0,
2017-11-03,268.3,272.0,257.25,261.0,954175.0,
2017-11-06,261.0,261.05,255.6,256.15,370438.0,
2017-11-07,254.0,256.75,246.15,248.05,536055.0,
2017-11-08,248.5,256.3,248.5,252.85,457278.0,
2017-11-09,255.0,258.0,251.0,253.7,403684.0,
2017-11-10,253.4,253.85,248.2,252.1,254436.0,
2017-11-13,250.0,252.0,248.3,249.05,197791.0,
2017-11-14,249.05,251.75,247.9,249.25,176205.0,
2017-11-15,249.0,253.95,246.3,249.65,408090.0,
2017-11-16,249.65,253.7,249.65,250.95,180775.0,
2017-11-17,252.9,257.8,250.1,256.1,455706.0,
2017-11-20,251.35,254.55,251.35,252.15,199212.0,
2017-11-21,253.65,253.95,246.15,247.7,487889.0,
2017-11-22,247.15,252.0,246.7,249.8,335572.0,
2017-11-23,251.35,258.4,247.6,257.1,646171.0,
2017-11-24,257.0,258.25,254.05,256.9,406606.0,
2017-11-27,260.0,263.7,257.1,261.4,882506.0,
2017-11-28,260.45,263.6,258.5,261.5,429973.0,
2017-11-29,261.5,262.3,256.6,257.7,232797.0,
2017-11-30,257.0,260.0,250.0,258.55,630071.0,
2017-12-01,259.7,261.0,252.25,256.35,322979.0,
2017-12-04,256.35,258.85,247.1,251.5,809926.0,
2017-12-05,248.2,253.0,243.55,251.0,1535764.0,
2017-12-06,251.7,251.7,245.55,247.3,807521.0,
2017-12-07,247.0,254.25,247.0,252.3,356367.0,
2017-12-08,252.3,254.9,250.05,251.75,242707.0,
2017-12-11,254.0,256.15,250.15,252.4,667453.0,
2017-12-12,253.0,255.5,246.85,251.7,984443.0,
2017-12-13,251.15,256.0,248.0,249.85,646399.0,
2017-12-14,251.4,254.65,244.45,245.05,1125025.0,
2017-12-15,249.0,251.5,247.3,250.75,588014.0,
2017-12-18,250.0,255.15,244.0,252.55,421904.0,
2017-12-19,252.55,258.45,252.5,256.85,592284.0,
2017-12-20,258.5,258.5,253.0,255.15,417491.0,
2017-12-21,257.0,260.95,253.15,259.95,629639.0,
2017-12-22,260.9,261.45,258.25,260.0,1135789.0,
2017-12-26,258.4,262.95,258.4,260.05,652210.0,
2017-12-27,260.0,261.2,257.55,259.8,371864.0,
2017-12-28,259.8,262.0,258.5,260.55,409343.0,
2017-12-29,262.0,280.0,262.0,273.75,3395886.0,
2018-01-01,276.7,280.75,267.5,268.9,1227447.0,
2018-01-02,272.0,272.0,261.65,264.25,585007.0,
2018-01-03,265.45,269.0,261.75,263.2,807043.0,
2018-01-04,263.05,266.8,262.6,265.65,802858.0,
2018-01-05,265.9,268.65,264.35,266.35,556172.0,
2018-01-08,265.25,267.55,262.75,263.55,1024907.0,
2018-01-09,264.6,269.6,263.85,268.05,863661.0,
2018-01-10,267.6,280.1,261.0,262.1,3121064.0,
2018-01-11,262.4,270.3,259.35,267.65,1000027.0,
2018-01-12,268.0,269.65,265.0,266.95,629642.0,
2018-01-15,268.5,269.0,264.0,264.8,490309.0,
2018-01-16,265.0,265.8,260.15,260.95,342323.0,
2018-01-17,260.5,260.95,255.0,257.95,648009.0,
2018-01-18,255.0,258.4,251.05,253.1,850274.0,
2018-01-19,254.0,254.8,245.2,246.65,1096385.0,
2018-01-22,247.0,253.15,247.0,249.6,678845.0,
2018-01-23,249.8,255.25,249.5,251.4,1631613.0,
2018-01-24,252.0,253.7,248.05,252.4,517290.0,
2018-01-25,253.0,255.85,250.3,253.15,745685.0,
2018-01-29,254.0,256.0,249.1,249.7,191239.0,
2018-01-30,248.8,253.25,246.35,252.1,521291.0,
2018-01-31,251.0,253.05,245.0,250.35,478844.0,
2018-02-01,250.95,261.2,250.5,260.15,1125258.0,
2018-02-02,255.1,256.55,241.55,246.85,830698.0,
2018-02-05,241.1,244.45,237.0,242.35,328241.0,
2018-02-06,236.75,244.4,232.3,241.5,1428686.0,
2018-02-07,246.0,253.0,243.8,247.35,1456908.0,
2018-02-08,250.0,252.5,247.15,250.8,836582.0,
2018-02-09,246.5,251.1,245.95,246.65,297527.0,
2018-02-12,248.9,251.1,247.25,249.45,411031.0,
2018-02-14,250.25,252.8,247.0,247.6,709625.0,
2018-02-15,248.1,250.3,244.25,246.5,396015.0,
2018-02-16,248.1,248.6,241.75,247.4,581934.0,
2018-02-19,249.2,249.2,242.1,246.15,381233.0,
2018-02-20,246.0,247.1,241.65,242.4,174353.0,
2018-02-21,243.4,247.9,241.0,246.35,256005.0,
2018-02-22,246.4,246.45,240.0,240.6,567570.0,
2018-02-23,240.5,246.6,239.05,245.85,334988.0,
2018-02-26,245.85,248.3,244.3,247.05,249296.0,
2018-02-27,247.7,248.2,245.15,246.85,201739.0,
2018-02-28,244.5,251.25,244.5,248.7,682805.0,
2018-03-01,251.45,251.45,244.5,245.75,167355.0,
2018-03-05,246.8,246.8,240.0,242.65,379022.0,
2018-03-06,244.0,248.95,240.0,242.6,474721.0,
2018-03-07,241.4,245.8,237.0,244.8,575001.0,
2018-03-08,247.2,248.9,240.65,246.45,426308.0,
2018-03-09,249.0,249.0,244.15,247.2,194762.0,
2018-03-12,249.3,249.3,243.35,245.9,458727.0,
2018-03-13,244.8,248.15,244.7,246.8,382305.0,
2018-03-14,247.5,251.4,246.75,247.9,435907.0,
2018-03-15,248.0,251.0,246.5,250.05,326393.0,
2018-03-16,252.0,255.4,250.0,252.45,1191164.0,
2018-03-19,252.45,252.45,244.05,245.15,567905.0,
2018-03-20,241.6,248.2,240.0,245.2,843397.0,
2018-03-21,246.0,247.6,241.75,242.95,625526.0,
2018-03-22,242.5,244.9,240.3,243.8,460092.0,
2018-03-23,240.0,244.0,238.0,242.8,595776.0,
2018-03-26,242.65,249.7,239.65,247.45,384176.0,
2018-03-27,248.5,251.5,246.4,250.6,375447.0,
2018-03-28,250.0,259.9,250.0,256.7,1558310.0,
2018-04-02,256.7,263.9,252.25,262.35,465447.0,
2018-04-03,261.25,261.25,257.25,260.25,412912.0,
2018-04-04,260.45,262.8,255.2,258.6,507770.0,
2018-04-05,260.1,261.65,258.1,260.9,209701.0,
2018-04-06,258.7,266.8,258.7,265.4,1135431.0,
2018-04-09,267.0,269.5,263.6,267.35,699097.0,
2018-04-10,267.0,268.1,264.65,266.85,259454.0,
2018-04-11,265.1,269.2,264.1,267.4,401314.0,
2018-04-12,268.5,269.4,266.0,266.45,244673.0,
2018-04-13,269.0,273.25,266.1,272.05,674006.0,
2018-04-16,270.1,270.8,266.45,270.0,376280.0,
2018-04-17,270.0,277.5,268.15,276.75,1065202.0,
2018-04-18,277.0,277.5,268.3,269.5,396280.0,
2018-04-19,269.0,272.0,263.8,269.85,737101.0,
2018-04-20,269.8,270.0,260.55,268.6,753602.0,
2018-04-23,268.0,270.0,265.55,267.95,227450.0,
2018-04-24,268.0,269.7,264.15,266.6,404517.0,
2018-04-25,265.5,277.0,265.0,275.65,971684.0,
2018-04-26,275.0,283.0,275.0,276.7,1386815.0,
2018-04-27,278.7,281.0,273.95,279.8,584097.0,
2018-04-30,281.95,287.45,280.7,286.6,1004570.0,
2018-05-02,286.6,286.6,277.75,280.0,661873.0,
2018-05-03,278.0,283.9,276.35,278.2,536950.0,
2018-05-04,277.0,278.2,270.35,271.55,444344.0,
2018-05-07,272.3,274.8,269.2,272.3,504567.0,
2018-05-08,275.0,277.0,270.85,273.35,612470.0,
2018-05-09,270.3,272.9,267.1,270.25,315273.0,
2018-05-10,269.0,271.45,265.35,266.75,357562.0,
2018-05-11,272.0,280.9,268.05,277.15,4327971.0,
2018-05-14,275.75,279.2,273.35,277.15,1833825.0,
2018-05-15,278.35,281.45,276.7,279.95,559949.0,
2018-05-16,281.5,284.35,275.75,281.5,769252.0,
2018-05-17,284.35,284.85,275.55,279.25,816569.0,
2018-05-18,277.4,281.9,267.4,280.5,1442843.0,
2018-05-21,280.25,286.6,277.35,284.95,1123602.0,
2018-05-22,286.0,294.8,283.9,293.45,2664910.0,
2018-05-23,294.0,295.9,278.2,281.75,1413725.0,
2018-05-24,279.05,294.8,279.05,293.25,1458738.0,
2018-05-25,293.0,300.0,287.9,296.45,1195623.0,
2018-05-28,297.0,303.0,294.2,301.25,1563152.0,
2018-05-29,300.9,305.7,294.2,298.25,1095780.0,
2018-05-30,298.0,303.0,291.0,300.95,1091188.0,
2018-05-31,300.0,301.0,288.1,298.2,2780225.0,
2018-06-01,297.7,297.7,286.55,289.65,628646.0,
2018-06-04,290.75,290.85,283.25,287.7,528148.0,
2018-06-05,289.0,289.0,276.8,279.45,1228146.0,
2018-06-06,280.0,285.0,274.45,282.95,454687.0,
2018-06-07,286.75,296.2,283.0,292.15,983909.0,
2018-06-08,290.5,290.9,284.15,285.45,556175.0,
2018-06-11,286.0,287.7,281.2,282.25,306946.0,
2018-06-12,282.35,284.7,280.5,283.95,320899.0,
2018-06-13,287.0,287.35,283.35,285.95,340922.0,
2018-06-14,286.0,286.5,282.05,283.65,130221.0,
2018-06-15,284.45,293.9,281.75,291.25,770946.0,
2018-06-18,294.1,295.0,286.25,286.9,729222.0,
2018-06-19,287.0,288.0,280.25,281.75,365512.0,
2018-06-20,280.1,283.75,278.2,281.65,334818.0,
2018-06-21,280.3,286.95,279.65,283.75,505479.0,
2018-06-22,283.9,287.35,278.85,285.3,308936.0,
2018-06-25,287.0,287.9,279.15,280.55,565181.0,
2018-06-26,280.7,286.9,280.7,284.95,588194.0,
2018-06-27,286.9,288.55,279.0,280.55,301340.0,
2018-06-28,280.55,284.0,272.2,281.05,846957.0,
2018-06-29,284.75,285.0,275.6,281.0,647971.0,
2018-07-02,281.0,287.8,278.85,285.7,427855.0,
2018-07-03,287.0,289.5,282.55,286.15,590255.0,
2018-07-04,287.0,288.75,283.5,286.15,460699.0,
2018-07-05,287.0,293.8,283.3,290.15,654899.0,
2018-07-06,294.25,297.9,290.0,296.55,2110713.0,
2018-07-09,300.05,307.8,299.05,301.1,2047957.0,
2018-07-10,302.0,305.95,301.75,303.6,735992.0,
2018-07-11,304.1,306.5,300.8,304.4,642709.0,
2018-07-12,307.8,312.25,301.85,304.7,1387906.0,
2018-07-13,304.0,304.0,297.0,299.8,467937.0,
2018-07-16,302.0,307.25,296.8,299.55,757383.0,
2018-07-17,301.75,315.3,299.05,314.0,1216572.0,
2018-07-18,316.95,318.95,303.45,306.25,1255843.0,
2018-07-19,307.3,309.8,304.05,308.3,556936.0,
2018-07-20,307.0,314.35,302.35,309.95,1618311.0,
2018-07-23,322.0,322.0,306.5,314.7,1731082.0,
2018-07-24,315.15,320.9,311.15,317.3,1294407.0,
2018-07-25,319.7,325.5,313.1,316.5,1155926.0,
2018-07-26,315.95,319.0,313.35,317.2,745780.0,
2018-07-27,318.3,323.8,316.8,318.9,800563.0,
2018-07-30,319.0,324.35,312.15,313.35,1326897.0,
2018-07-31,313.3,318.0,311.45,315.45,652057.0,
2018-08-01,316.65,322.0,315.85,319.45,588637.0,
2018-08-02,321.5,321.5,312.4,314.25,541803.0,
2018-08-03,316.0,318.35,312.55,314.0,1331607.0,
2018-08-06,318.95,320.5,307.0,309.7,1418236.0,
2018-08-07,311.9,316.9,309.0,315.0,841814.0,
2018-08-08,315.55,315.95,312.1,312.95,283241.0,
2018-08-09,315.0,317.7,312.65,314.25,229865.0,
2018-08-10,315.0,329.8,314.35,328.2,3045127.0,
2018-08-13,327.45,330.5,319.35,320.65,1568573.0,
2018-08-14,321.65,326.5,321.5,324.0,786169.0,
2018-08-16,323.25,332.0,320.15,329.7,1179779.0,
2018-08-17,334.8,337.3,330.3,334.25,2530095.0,
2018-08-20,334.8,338.0,329.2,332.9,852316.0,
2018-08-21,333.95,341.1,332.1,333.4,1349602.0,
2018-08-23,334.0,334.95,329.75,333.3,612081.0,
2018-08-24,333.0,339.5,331.0,336.15,813801.0,
2018-08-27,339.1,339.1,328.0,331.15,782143.0,
2018-08-28,334.2,346.0,331.15,342.65,1609369.0,
2018-08-29,341.1,349.9,335.0,343.5,1134345.0,
2018-08-30,343.0,344.75,335.8,337.1,936436.0,
2018-08-31,336.0,341.9,332.85,334.7,936212.0,
2018-09-03,335.55,338.5,326.2,328.4,375021.0,
2018-09-04,328.5,329.9,319.0,323.55,1132920.0,
2018-09-05,320.0,323.9,311.4,318.7,762934.0,
2018-09-06,318.7,319.3,309.25,310.2,664538.0,
2018-09-07,311.2,317.5,308.4,316.05,566026.0,
2018-09-10,317.45,318.75,299.15,300.4,1191975.0,
2018-09-11,302.0,304.75,295.0,299.4,869051.0,
2018-09-12,297.05,306.0,293.95,302.65,848772.0,
2018-09-14,305.0,312.8,304.25,311.3,1055522.0,
2018-09-17,309.0,310.0,298.9,304.85,2094972.0,
2018-09-18,304.9,311.7,296.95,300.45,1171417.0,
2018-09-19,302.5,306.8,296.55,299.7,639730.0,
2018-09-21,301.2,308.4,281.4,301.2,1454514.0,
2018-09-24,300.0,309.9,296.0,297.95,766714.0,
2018-09-25,290.35,301.0,280.85,298.5,2004298.0,
2018-09-26,301.05,305.95,292.9,295.65,925942.0,
2018-09-27,296.5,297.85,288.55,290.95,884110.0,
2018-09-28,289.55,297.1,286.6,293.05,518469.0,
2018-10-01,290.0,290.7,277.2,285.4,812194.0,
2018-10-03,284.0,286.95,277.5,283.5,609999.0,
2018-10-04,274.9,282.5,270.0,273.25,912596.0,
2018-10-05,270.8,274.95,265.55,267.9,846114.0,
2018-10-08,268.0,279.2,265.1,275.35,807183.0,
2018-10-09,272.25,275.9,266.85,272.7,791150.0,
2018-10-10,270.55,279.4,267.5,275.35,663009.0,
2018-10-11,272.2,278.25,268.2,274.75,572693.0,
2018-10-12,280.55,285.9,279.15,283.95,875819.0,
2018-10-15,289.9,290.0,279.0,281.95,425132.0,
2018-10-16,285.1,293.9,283.2,291.55,782549.0,
2018-10-17,293.7,294.7,287.3,292.7,718073.0,
2018-10-19,290.15,295.0,281.65,283.3,375698.0,
2018-10-22,286.0,288.7,275.5,279.95,752887.0,
2018-10-23,262.15,270.6,260.0,266.3,1839579.0,
2018-10-24,270.0,280.1,268.1,277.3,639227.0,
2018-10-25,276.1,296.0,274.0,290.95,1779571.0,
2018-10-26,290.0,292.4,280.5,282.5,591121.0,
2018-10-29,282.55,289.9,282.55,285.4,575145.0,
2018-10-30,286.4,287.75,283.5,285.0,383406.0,
2018-10-31,286.5,288.4,277.5,279.9,1283904.0,
2018-11-01,281.55,294.0,277.15,292.0,3127450.0,
2018-11-02,300.0,317.4,300.0,304.4,3364564.0,
2018-11-05,304.0,307.45,298.0,301.05,755752.0,
2018-11-06,302.0,304.25,296.55,297.65,504292.0,
2018-11-07,299.8,299.9,297.8,299.2,55527.0,
2018-11-09,302.5,311.8,301.35,309.25,1033763.0,
2018-11-12,308.0,309.2,296.6,300.6,594677.0,
2018-11-13,300.6,310.0,300.1,309.1,834886.0,
2018-11-14,315.0,329.9,313.6,320.25,2695172.0,
2018-11-15,318.8,320.35,313.35,318.65,306794.0,
2018-11-16,317.85,318.9,309.0,317.5,743115.0,
2018-11-19,317.0,321.0,313.1,315.5,659558.0,
2018-11-20,315.05,320.2,310.15,312.9,499115.0,
2018-11-21,324.0,326.7,315.45,317.05,1263748.0,
2018-11-22,317.1,318.95,311.25,313.85,646552.0,
2018-11-26,319.95,322.65,316.2,319.25,1179335.0,
2018-11-27,319.05,319.1,313.7,316.7,629701.0,
2018-11-28,315.15,318.5,312.65,313.35,366364.0,
2018-11-29,316.05,321.0,314.7,319.85,640573.0,
2018-11-30,321.0,324.3,318.2,319.8,646632.0,
2018-12-03,319.0,324.9,319.0,322.85,969815.0,
2018-12-04,322.85,323.5,316.0,316.95,757167.0,
2018-12-05,318.0,320.75,312.2,315.5,949861.0,
2018-12-06,314.5,314.7,306.5,307.65,391650.0,
2018-12-07,312.0,313.75,307.65,310.9,405226.0,
2018-12-10,305.0,307.0,297.1,305.45,649064.0,
2018-12-11,304.0,314.8,298.7,311.7,483209.0,
2018-12-12,312.85,321.0,309.55,318.95,851794.0,
2018-12-13,319.5,321.25,314.5,316.75,357421.0,
2018-12-14,317.85,324.0,315.0,323.15,843265.0,
2018-12-17,323.0,324.8,318.75,323.05,701183.0,
2018-12-18,323.0,329.6,320.25,328.5,1620170.0,
2018-12-19,334.5,343.35,332.2,340.75,2568443.0,
2018-12-20,340.2,344.85,337.15,339.45,818694.0,
2018-12-21,341.0,341.75,329.6,330.65,444971.0,
2018-12-24,332.8,332.8,321.25,323.5,1138787.0,
2018-12-26,325.9,333.0,320.1,328.3,990882.0,
2018-12-27,325.15,331.2,325.15,328.35,425546.0,
2018-12-28,329.0,334.35,327.0,330.15,535741.0,
2018-12-31,331.95,334.9,328.55,330.3,528273.0,
2019-01-01,330.3,333.9,326.65,332.5,277826.0,
2019-01-02,330.6,331.85,325.95,327.3,1331713.0,
2019-01-03,327.05,330.55,323.65,325.1,1443999.0,
2019-01-04,323.7,329.85,320.7,323.1,860730.0,
2019-01-07,324.8,326.75,315.3,318.1,4258530.0,
2019-01-08,318.6,326.7,318.6,323.85,1363730.0,
2019-01-09,326.0,326.5,321.95,325.45,806721.0,
2019-01-10,323.35,327.25,322.55,323.9,664254.0,
2019-01-11,324.85,326.55,323.75,325.2,583955.0,
2019-01-14,325.25,328.5,323.15,324.3,676661.0,
2019-01-15,326.9,327.55,324.75,325.8,659240.0,
2019-01-16,325.6,328.45,322.0,322.9,251813.0,
2019-01-17,322.9,326.75,322.65,324.75,451921.0,
2019-01-18,327.0,327.05,322.75,326.15,329669.0,
2019-01-21,326.0,330.6,318.95,322.1,2023800.0,
2019-01-22,324.0,324.35,319.55,322.55,452979.0,
2019-01-23,323.5,324.3,317.6,320.25,587054.0,
2019-01-24,320.5,324.5,319.7,322.75,863160.0,
2019-01-25,323.95,323.95,308.0,313.95,1022976.0,
2019-01-28,314.0,317.4,308.65,312.1,589432.0,
2019-01-29,313.1,316.75,310.5,312.55,221605.0,
2019-01-30,310.5,320.3,309.05,317.0,966291.0,
2019-01-31,320.0,321.4,313.65,318.75,1042566.0,
2019-02-01,319.0,329.55,318.1,325.4,973395.0,
2019-02-04,318.0,318.5,298.4,309.25,3585984.0,
2019-02-05,309.2,311.8,305.1,307.8,773522.0,
2019-02-06,307.55,313.1,306.8,310.65,780835.0,
2019-02-07,311.0,315.25,308.4,313.9,514411.0,
2019-02-08,314.0,314.4,307.2,309.75,912214.0,
2019-02-11,312.4,312.4,298.6,299.95,1444102.0,
2019-02-12,299.95,306.55,297.25,305.6,742764.0,
2019-02-13,306.0,306.0,300.45,302.9,714841.0,
2019-02-14,300.9,301.45,293.95,298.35,1014630.0,
2019-02-15,297.3,297.3,286.5,292.85,1196995.0,
2019-02-18,291.1,295.0,285.2,288.8,924186.0,
2019-02-19,291.25,292.8,286.95,290.4,701942.0,
2019-02-20,294.2,296.3,288.6,294.75,642981.0,
2019-02-21,294.5,297.9,292.7,294.65,475806.0,
2019-02-22,294.35,296.45,291.9,294.0,265316.0,
2019-02-25,295.3,305.05,291.15,295.55,585369.0,
2019-02-26,294.0,298.3,289.85,295.9,609840.0,
2019-02-27,298.0,303.45,295.1,299.5,1000338.0,
2019-02-28,302.0,306.0,299.55,304.95,956316.0,
2019-03-01,304.9,307.4,301.2,302.2,472234.0,
2019-03-05,302.2,306.8,301.3,304.95,583906.0,
2019-03-06,305.6,308.3,301.5,304.55,473998.0,
2019-03-07,304.0,305.95,298.9,300.25,503691.0,
2019-03-08,300.25,304.0,296.7,302.35,766371.0,
2019-03-11,303.0,310.0,300.6,307.75,832236.0,
2019-03-12,309.5,313.25,306.15,309.95,802817.0,
2019-03-13,309.75,310.4,305.45,307.8,320753.0,
2019-03-14,308.5,311.35,304.45,305.95,677380.0,
2019-03-15,306.4,311.0,306.35,309.35,815337.0,
2019-03-18,311.95,317.6,307.25,308.3,1214395.0,
2019-03-19,308.2,312.25,307.0,311.4,701687.0,
2019-03-20,312.0,314.4,309.0,312.05,573482.0,
2019-03-22,311.0,315.5,310.2,314.35,643973.0,
2019-03-25,314.95,314.95,310.55,313.5,461846.0,
2019-03-26,313.45,323.9,312.0,321.7,1388656.0,
2019-03-27,321.9,325.5,319.15,323.85,928485.0,
2019-03-28,322.0,327.8,321.0,324.35,569292.0,
2019-03-29,325.0,327.05,322.6,323.75,695249.0,
2019-04-01,324.5,331.65,324.5,330.0,613210.0,
2019-04-02,330.9,333.6,327.95,331.9,818769.0,
2019-04-03,331.8,334.4,329.45,330.45,580962.0,
2019-04-04,330.0,332.9,327.75,331.75,280347.0,
2019-04-05,331.45,336.2,330.55,334.15,378047.0,
2019-04-08,335.9,335.9,325.35,328.8,690980.0,
2019-04-09,325.8,328.55,321.65,325.95,678643.0,
2019-04-10,323.1,327.0,319.0,321.3,829256.0,
2019-04-11,320.0,322.95,317.5,321.1,735774.0,
2019-04-12,321.2,328.5,321.2,327.35,679809.0,
2019-04-15,327.1,332.85,325.9,330.8,321796.0,
2019-04-16,328.7,335.45,328.7,334.6,391305.0,
2019-04-18,334.6,336.9,327.4,329.35,381065.0,
2019-04-22,325.5,325.9,321.0,322.5,523950.0,
2019-04-23,321.0,322.1,314.05,318.05,539965.0,
2019-04-24,320.0,324.5,318.2,322.8,327270.0,
2019-04-25,322.1,325.65,320.1,323.1,298683.0,
2019-04-26,323.2,326.35,317.5,319.95,511931.0,
2019-04-30,322.0,325.0,315.0,318.95,662988.0,
2019-05-02,320.4,320.4,310.05,315.35,665886.0,
2019-05-03,314.8,317.8,310.5,311.9,536848.0,
2019-05-06,310.0,314.15,309.5,311.35,294132.0,
2019-05-07,312.9,313.8,303.3,304.7,426183.0,
2019-05-08,303.0,306.7,298.35,303.7,628049.0,
2019-05-09,302.25,306.8,298.85,302.3,556439.0,
2019-05-10,302.4,304.0,295.65,301.6,758899.0,
2019-05-13,301.0,304.35,298.2,299.5,355513.0,
2019-05-14,300.5,300.5,294.0,296.3,509197.0,
2019-05-15,294.8,300.85,294.4,297.65,396280.0,
2019-05-16,297.1,299.15,292.05,296.15,316205.0,
2019-05-17,296.25,302.35,295.65,300.35,417736.0,
2019-05-20,302.5,314.05,302.5,313.3,487004.0,
2019-05-21,315.4,317.55,308.6,311.85,748812.0,
2019-05-22,314.8,314.8,305.55,310.5,599060.0,
2019-05-23,316.0,316.0,305.75,307.45,327611.0,
2019-05-24,312.15,313.8,307.55,310.5,1067383.0,
2019-05-27,310.0,316.0,308.0,309.6,992087.0,
2019-05-28,310.4,310.7,302.5,303.25,937887.0,
2019-05-29,303.9,304.5,296.3,301.3,1333377.0,
2019-05-30,302.95,303.3,297.25,300.55,1087556.0,
2019-05-31,302.9,335.0,302.9,330.3,7474477.0,
2019-06-03,331.15,332.6,326.35,327.55,1913601.0,
2019-06-04,327.0,332.35,322.3,323.35,1527521.0,
2019-06-06,329.0,333.85,325.1,329.7,2743074.0,
2019-06-07,328.8,331.25,323.35,326.25,1352555.0,
2019-06-10,328.85,329.65,324.55,327.9,894748.0,
2019-06-11,330.0,331.3,326.6,328.4,820720.0,
2019-06-12,328.55,336.7,327.85,330.55,1504790.0,
2019-06-13,333.5,334.95,328.5,329.7,1248595.0,
2019-06-14,330.0,331.05,326.3,327.75,384302.0,
2019-06-17,328.0,328.4,322.2,323.45,504618.0,
2019-06-18,324.05,325.05,314.4,319.7,1144047.0,
2019-06-19,319.5,320.9,313.45,316.5,646817.0,
2019-06-20,310.9,324.7,310.9,319.1,845870.0,
2019-06-21,316.7,320.05,313.15,317.7,854430.0,
2019-06-24,317.5,319.65,313.15,313.9,241692.0,
2019-06-25,314.75,318.9,312.15,317.85,316027.0,
2019-06-26,317.85,320.6,314.35,315.9,584697.0,
2019-06-27,318.0,319.35,313.7,316.3,434902.0,
2019-06-28,316.5,319.05,314.3,317.5,433859.0,
2019-07-01,316.9,322.5,316.05,319.5,747221.0,
2019-07-02,320.1,320.55,316.1,317.2,242363.0,
2019-07-03,320.3,322.4,317.45,318.65,692987.0,
2019-07-04,319.35,322.15,318.5,320.45,290451.0,
2019-07-05,321.0,322.3,309.35,313.5,848477.0,
2019-07-08,313.4,313.4,302.25,305.8,944140.0,
2019-07-09,305.0,307.9,300.1,306.75,590563.0,
2019-07-10,306.75,310.6,305.65,306.8,520778.0,
2019-07-11,305.25,307.7,303.2,304.55,352497.0,
2019-07-12,304.0,310.6,304.0,309.55,517835.0,
2019-07-15,308.25,309.85,302.15,303.5,384601.0,
2019-07-16,304.9,312.5,302.9,311.65,524336.0,
2019-07-17,312.95,318.0,312.5,316.2,628117.0,
2019-07-18,316.5,316.7,312.0,313.3,383233.0,
2019-07-19,313.3,317.5,308.5,309.15,554581.0,
2019-07-22,307.65,311.0,305.95,308.05,606070.0,
2019-07-23,309.05,316.75,306.2,314.55,696164.0,
2019-07-24,314.0,324.9,312.8,322.5,1642379.0,
2019-07-25,324.45,330.7,324.0,327.05,2237357.0,
2019-07-26,327.0,331.5,324.6,327.9,1032900.0,
2019-07-29,325.4,335.0,325.4,332.35,1764346.0,
2019-07-30,334.4,340.9,330.35,332.4,2744012.0,
2019-07-31,330.7,336.85,329.05,330.8,1217878.0,
2019-08-01,328.95,333.5,327.6,331.55,737911.0,
2019-08-02,332.65,335.6,329.8,334.4,926750.0,
2019-08-05,333.95,340.3,330.4,334.25,1814393.0,
2019-08-06,336.45,351.65,335.8,346.8,6377824.0,
2019-08-07,348.0,355.15,346.45,349.1,2432271.0,
2019-08-08,353.7,356.9,347.7,355.55,1823366.0,
2019-08-09,356.0,360.75,352.25,359.35,1820184.0,
2019-08-13,359.0,365.0,355.85,363.55,1541929.0,
2019-08-14,362.0,365.4,358.55,364.4,1226154.0,
2019-08-16,363.95,368.0,360.75,365.85,725682.0,
2019-08-19,365.1,366.8,360.65,363.15,974768.0,
2019-08-20,362.1,368.0,361.4,366.7,683948.0,
2019-08-21,366.4,367.7,364.0,365.95,489569.0,
2019-08-22,363.55,365.5,357.3,361.85,704578.0,
2019-08-23,361.85,365.5,358.6,363.6,968202.0,45.71
2019-09-30,318.0,319.35,313.7,316.3,434902.0,35.24
2019-10-01,435.6,441.0,426.9,433.45,2319020.0,49.8
2019-10-02,435.6,441.0,426.9,433.45,2319020.0,49.8
2019-10-03,432.05,432.9,423.3,428.05,1354552.0,51.63
2019-10-04,428.5,436.35,423.0,424.75,1546166.0,51.1
2019-10-07,424.0,438.25,422.15,435.35,2482283.0,36.91
2019-10-08,424.0,438.25,422.15,435.35,2482283.0,36.91
2019-10-09,436.5,451.9,432.05,449.9,3846974.0,31.77
2019-10-10,450.8,476.45,447.05,469.35,4118801.0,24.89
2019-10-11,469.85,484.8,462.55,478.0,4296186.0,25.96
2019-10-14,478.5,488.4,475.0,477.1,2375121.0,24.57
2019-10-15,480.0,484.8,475.45,478.25,1856109.0,32.21
2019-10-16,480.65,482.0,467.8,470.65,2068941.0,32.12
2019-10-17,472.0,490.95,470.5,486.5,3280804.0,33.69
2019-10-18,488.0,506.0,487.3,499.05,2623650.0,24.4
2019-10-21,488.0,506.0,487.3,499.05,2623650.0,24.4
2019-10-22,503.0,504.8,477.0,479.1,2792726.0,50.45
2019-10-23,476.6,491.9,475.0,488.35,2667106.0,37.63
2019-10-24,491.35,494.6,486.25,489.2,1851820.0,40.26
2019-10-25,489.95,501.95,486.4,492.1,2557982.0,44.23
2019-10-28,497.0,498.0,486.4,489.75,213432.0,38.93
2019-10-29,491.5,501.5,486.1,499.1,1447753.0,34.47
2019-10-30,501.0,502.9,495.55,498.0,1388372.0,38.93
2019-10-31,498.0,533.75,497.95,526.95,4322265.0,41.39
2019-11-01,518.95,527.65,502.65,508.5,3824378.0,41.05
2019-11-04,509.0,513.45,497.05,503.35,1670083.0,42.86
2019-11-05,504.0,508.65,491.05,498.3,3664134.0,30.1
2019-11-06,499.0,506.0,493.35,495.65,3155342.0,46.22
2019-11-07,495.65,509.5,495.65,506.7,3373835.0,36.22
2019-11-08,507.7,508.4,483.65,485.4,4604427.0,48.95
2019-11-11,485.4,488.35,478.85,483.65,1774394.0,52.84
2019-11-12,485.4,488.35,478.85,483.65,1774394.0,52.84
2019-11-13,489.0,495.0,478.7,479.95,2520039.0,46.62
2019-11-14,482.45,488.7,479.2,482.0,1636558.0,44.55
2019-11-15,484.25,489.6,482.55,487.3,1184307.0,56.35
2019-11-18,489.75,492.05,483.85,490.7,1263521.0,56.4
2019-11-19,490.9,493.8,483.2,485.05,1109589.0,51.94
2019-11-20,486.15,491.35,483.0,485.2,1009511.0,56.55
2019-11-21,485.5,487.45,478.05,481.55,1346672.0,57.36
2019-11-22,480.0,482.95,472.0,476.9,1547853.0,47.86
2019-11-25,476.15,492.65,470.2,489.95,2334673.0,48.24
2019-11-26,492.7,507.8,482.15,490.4,26786516.0,69.76
2019-11-27,484.0,503.35,466.8,492.5,3847427.0,20.83
2019-11-28,488.0,503.75,483.95,495.6,4008751.0,22.72
2019-11-29,493.6,499.75,486.0,496.55,1484202.0,36.84
2019-12-02,491.65,499.0,484.5,494.8,1082236.0,28.85
2019-12-03,494.05,504.5,490.65,500.45,2031599.0,43.9
2019-12-04,494.9,500.75,492.55,497.2,1341115.0,52.69
2019-12-05,493.0,502.0,488.85,493.5,1459135.0,43.11
2019-12-06,495.0,515.65,495.0,500.6,5344042.0,20.2
2019-12-09,502.0,509.0,495.55,497.45,2805576.0,31.05
2019-12-10,500.0,500.0,492.7,496.05,949977.0,31.86
2019-12-11,498.4,501.45,496.0,499.35,1000298.0,49.07
2019-12-12,500.35,502.9,495.7,498.4,921449.0,37.49
2019-12-13,500.0,502.3,496.3,500.65,828033.0,41.3
2019-12-16,502.0,502.9,490.85,493.0,1043418.0,42.24
2019-12-17,493.6,495.5,490.95,492.8,677725.0,52.97
2019-12-18,491.0,502.0,488.65,500.15,1663753.0,45.37
2019-12-19,505.0,508.8,501.25,505.65,2038136.0,26.63
2019-12-20,507.35,512.85,504.7,506.8,1641521.0,49.29
2019-12-23,507.0,521.7,505.6,520.1,2489923.0,24.37
2019-12-24,524.7,525.0,518.0,520.2,1969436.0,16.02
2019-12-25,524.7,525.0,518.0,520.2,1969436.0,16.02
2019-12-26,521.5,521.5,512.55,514.15,1157526.0,23.4
2019-12-27,515.75,517.0,509.65,514.5,653174.0,35.54
2019-12-30,514.3,520.0,513.05,515.2,478537.0,37.13
2019-12-31,516.0,516.7,510.5,515.55,568561.0,35.12
2020-01-01,515.55,521.65,515.3,517.45,606573.0,17.29
2020-01-02,517.95,518.85,509.2,511.65,687697.0,42.04
2020-01-03,509.05,513.45,505.65,509.8,888973.0,36.78
2020-01-06,503.0,504.9,487.35,490.2,1450134.0,24.64
2020-01-07,491.95,502.5,490.65,494.4,925690.0,22.95
2020-01-08,482.25,496.85,482.25,495.1,1012107.0,22.63
2020-01-09,502.5,510.0,500.05,508.5,1054278.0,27.48
2020-01-10,508.5,514.5,506.1,512.35,920431.0,28.23
2020-01-13,514.2,514.25,507.05,508.9,739156.0,39.85
2020-01-14,510.85,534.0,509.2,529.7,1965408.0,27.92
2020-01-15,530.0,545.95,530.0,543.85,2977229.0,15.77
2020-01-16,550.0,550.0,539.4,547.45,1100087.0,17.82
2020-01-17,548.0,566.0,546.05,563.25,2165041.0,19.39
2020-01-20,563.2,568.85,559.6,567.15,1345516.0,22.94
2020-01-21,564.6,565.0,547.0,549.45,2284062.0,28.83
2020-01-22,550.1,551.6,537.5,539.85,1634518.0,30.41
2020-01-23,540.55,555.5,538.5,552.55,804567.0,22.67
2020-01-24,554.3,567.5,554.3,559.75,1773214.0,11.91
2020-01-27,562.0,569.5,557.35,560.65,938184.0,16.15
2020-01-28,563.45,567.7,556.05,560.75,799574.0,20.85
2020-01-29,561.85,574.85,560.75,572.95,1127008.0,31.65
2020-01-30,576.0,579.9,563.65,569.95,1779645.0,19.18
2020-01-31,568.0,574.5,557.5,560.15,1210461.0,29.05
2020-02-03,548.5,573.5,548.5,570.3,1802771.0,27.47
2020-02-04,576.1,593.95,565.15,588.5,1965599.0,24.56
2020-02-05,592.9,597.0,582.15,588.65,2900249.0,12.34
2020-02-06,587.95,587.95,569.0,574.6,1783574.0,20.66
2020-02-07,577.0,581.85,567.15,570.85,1128275.0,20.45
2020-02-10,573.7,583.7,564.1,582.2,1093205.0,20.9
2020-02-11,586.0,590.0,580.0,582.8,1128957.0,20.46
2020-02-12,582.6,592.1,577.5,582.25,1332845.0,24.57
2020-02-13,581.8,584.5,576.0,581.7,779377.0,28.51
2020-02-14,578.0,587.75,576.65,579.6,684632.0,25.64
2020-02-17,578.5,587.65,577.0,580.15,820521.0,26.08
2020-02-18,578.55,580.45,570.2,579.5,935551.0,23.28
2020-02-19,583.8,583.9,572.0,579.15,920958.0,36.81
2020-02-20,578.4,582.3,571.1,572.6,760974.0,33.87
2020-02-21,578.4,582.3,571.1,572.6,760974.0,33.87
2020-02-24,570.0,575.6,564.55,568.3,1017719.0,33.75
2020-02-25,567.05,577.05,567.0,569.1,726123.0,31.98
2020-02-26,570.0,573.35,565.05,567.0,792167.0,36.6
2020-02-27,567.0,580.0,565.2,577.3,1361248.0,29.73
2020-02-28,569.0,587.9,550.55,566.55,2788503.0,40.82
2020-03-02,575.0,577.0,550.6,556.95,1286412.0,23.6
2020-03-03,556.9,563.0,539.15,541.65,1563205.0,27.87
2020-03-04,543.5,552.2,531.2,540.8,1980061.0,30.15
2020-03-05,547.0,550.0,537.5,539.8,1446743.0,41.95
2020-03-06,522.0,537.2,522.0,535.25,1048978.0,36.23
2020-03-09,538.0,549.6,515.4,527.15,2079655.0,25.26
2020-03-10,538.0,549.6,515.4,527.15,2079655.0,25.26
2020-03-11,527.15,529.7,498.25,502.4,2526867.0,45.2
2020-03-12,482.25,492.2,460.0,472.45,1976863.0,37.15
2020-03-13,441.0,491.65,400.0,458.2,2046875.0,32.82
2020-03-16,458.2,458.2,426.35,429.25,1405809.0,32.31
2020-03-17,428.5,465.55,422.3,448.3,2101891.0,19.52
2020-03-18,455.0,461.95,429.55,436.0,1843461.0,29.12
2020-03-19,405.0,444.0,389.35,404.05,2743380.0,23.0
2020-03-20,413.9,456.0,400.0,450.65,2224187.0,14.87
2020-03-23,406.0,450.0,406.0,413.45,1563186.0,42.29
2020-03-24,409.35,443.5,395.0,424.9,1410508.0,26.39
2020-03-25,409.65,454.95,408.25,449.8,1551328.0,26.19
2020-03-26,449.95,494.0,449.0,478.3,2133901.0,29.06
2020-03-27,495.0,499.9,465.55,485.6,1204649.0,19.64
2020-03-30,480.7,485.6,466.3,478.35,1341612.0,30.11
2020-03-31,496.0,503.0,481.15,497.95,1136346.0,26.58
2020-04-01,500.4,500.85,476.4,483.45,1001576.0,20.24
2020-04-02,500.4,500.85,476.4,483.45,1001576.0,20.24
2020-04-03,480.1,483.0,444.65,448.65,1430557.0,26.22
2020-04-06,480.1,483.0,444.65,448.65,1430557.0,26.22
2020-04-07,465.65,482.0,442.35,479.2,1567514.0,23.66
2020-04-08,479.9,487.65,460.0,463.5,1729062.0,31.26
2020-04-09,468.9,482.5,465.0,474.3,832489.0,15.67
2020-04-10,468.9,482.5,465.0,474.3,832489.0,15.67
2020-04-13,472.1,496.8,465.0,492.9,1363753.0,26.85
2020-04-15,498.0,523.95,497.7,512.65,2418076.0,23.75
2020-04-16,516.0,521.6,507.0,515.4,1476905.0,32.82
2020-04-17,521.2,531.9,508.0,515.75,948858.0,19.73
2020-04-20,520.7,524.5,507.25,514.35,778657.0,28.19
2020-04-21,513.5,527.75,505.05,525.15,1593223.0,14.57
2020-04-22,527.1,537.3,520.0,530.65,2362427.0,13.88
2020-04-23,529.7,543.0,519.05,523.15,1186582.0,20.97
2020-04-24,521.0,535.0,515.0,519.7,1502468.0,20.97
2020-04-27,522.0,534.0,518.85,531.2,855039.0,14.61
2020-04-28,539.9,546.55,523.5,529.95,1609600.0,12.54
2020-04-29,531.0,535.9,511.45,517.25,1191125.0,24.55
2020-04-30,515.0,517.25,502.55,508.4,2294731.0,27.39
2020-05-01,515.0,517.25,502.55,508.4,2294731.0,27.39
2020-05-04,500.0,502.0,478.75,481.1,1202869.0,24.31
2020-05-05,482.2,489.75,464.0,468.5,2087282.0,21.02
2020-05-06,460.2,474.55,455.05,464.5,1577336.0,9.71
2020-05-07,465.15,471.05,440.4,450.65,3182355.0,8.62
2020-05-08,457.0,465.1,448.8,455.4,2258448.0,12.51
2020-05-11,463.9,463.9,446.65,452.55,1281048.0,10.11
2020-05-12,446.0,459.0,443.2,457.3,1321365.0,25.45
2020-05-13,470.0,471.0,448.4,455.0,1539595.0,16.24
2020-05-14,450.0,459.9,444.1,454.95,1589842.0,23.02
2020-05-15,460.0,460.0,448.05,450.85,1502999.0,27.58
2020-05-18,450.0,452.95,438.35,440.45,804337.0,21.15
2020-05-19,441.5,447.15,435.0,439.3,1613504.0,19.17
2020-05-20,438.0,452.0,431.45,444.1,1737199.0,16.33
2020-05-21,443.4,472.85,438.1,465.45,1904926.0,29.39
2020-05-22,463.6,473.5,453.0,457.3,2053655.0,16.87
2020-05-25,463.6,473.5,453.0,457.3,2053655.0,16.87
2020-05-26,460.0,468.5,453.0,457.4,1389807.0,18.31
2020-05-27,457.65,458.0,440.65,455.1,1479937.0,16.1
2020-05-28,461.0,465.5,454.4,460.4,1532695.0,28.02
2020-05-29,457.0,499.0,456.65,491.75,2880648.0,34.58
2020-06-01,496.0,501.3,487.1,490.05,1467579.0,20.49
2020-06-02,491.95,507.25,488.85,502.75,1472403.0,20.82
2020-06-03,508.0,519.0,502.0,515.75,1639595.0,23.85
2020-06-04,520.0,527.45,500.0,503.7,1790911.0,19.9
2020-06-05,506.0,512.5,502.9,510.85,923409.0,17.52
2020-06-08,513.95,517.35,496.3,499.5,1624348.0,32.55
2020-06-09,501.0,508.35,487.6,490.45,2016576.0,24.23
2020-06-10,490.8,498.25,489.1,494.65,861796.0,19.35
2020-06-11,494.65,502.35,486.4,489.2,1752240.0,25.34
2020-06-12,470.0,504.55,470.0,501.65,1653683.0,18.68
2020-06-15,500.05,508.9,492.75,499.4,1382373.0,28.11
2020-06-16,509.9,509.9,495.1,505.45,1133272.0,29.22
2020-06-17,507.3,511.65,496.25,500.65,1059723.0,22.68
2020-06-18,501.2,504.6,491.75,499.35,902117.0,29.81
2020-06-19,501.9,510.75,497.0,500.5,2112948.0,43.66
2020-06-22,505.0,513.25,499.45,505.4,1272522.0,28.9
2020-06-23,506.5,519.8,506.0,515.5,1842622.0,16.76
2020-06-24,516.0,552.0,515.6,540.8,5574107.0,10.26
2020-06-25,540.0,543.9,517.35,520.2,2386728.0,27.75
2020-06-26,526.0,528.4,508.0,510.8,1380256.0,17.65
2020-06-29,512.0,518.9,500.1,502.2,1657301.0,17.15
2020-06-30,503.0,506.3,492.3,493.9,1592526.0,37.99
2020-07-01,495.0,500.0,490.8,494.3,994079.0,23.24
2020-07-02,495.9,501.7,488.05,493.4,1113530.0,31.8
2020-07-03,495.8,507.0,494.7,503.6,1662330.0,18.31
2020-07-06,509.0,515.0,504.5,506.35,1512786.0,21.93
2020-07-07,507.7,513.75,504.0,508.5,1232790.0,36.64
2020-07-08,513.0,517.4,497.0,498.65,1474490.0,23.59
2020-07-09,499.35,506.6,496.35,504.45,889825.0,23.17
2020-07-10,504.0,506.4,495.0,498.55,672737.0,17.97
2020-07-13,499.55,507.95,497.5,499.75,858326.0,19.25
2020-07-14,499.0,502.55,492.9,500.45,895741.0,34.23
2020-07-15,506.05,513.9,505.8,510.4,2225567.0,28.49
2020-07-16,515.0,515.75,496.0,507.4,1573202.0,14.58
2020-07-17,505.0,521.0,504.7,518.5,1467871.0,26.9
2020-07-20,520.0,526.0,517.0,523.7,1335303.0,33.88
2020-07-21,530.0,532.0,515.2,517.25,3215407.0,20.91
2020-07-22,519.4,521.0,509.3,519.45,1319606.0,27.8
2020-07-23,521.0,531.0,517.25,522.1,1246610.0,13.8
2020-07-24,521.0,527.5,510.85,524.1,2475325.0,16.75
2020-07-27,526.0,534.3,519.1,531.05,1659679.0,14.27
2020-07-28,533.0,537.0,520.4,522.05,2434455.0,16.72
2020-07-29,518.0,526.9,513.2,522.65,1851345.0,34.38
2020-07-30,524.0,527.8,516.45,526.4,1553724.0,39.26
2020-07-31,530.0,531.45,522.85,526.5,698172.0,27.91
2020-08-03,530.0,533.0,521.55,525.1,1133382.0,30.7
2020-08-04,529.0,529.0,518.5,525.65,1289425.0,40.31
2020-08-05,527.95,533.95,523.2,524.4,709256.0,24.08
2020-08-06,524.95,531.0,524.25,528.85,701293.0,17.14
2020-08-07,529.4,558.0,526.85,555.15,3688766.0,17.0
2020-08-10,560.0,564.75,545.0,551.45,1660393.0,17.4
2020-08-11,552.0,560.5,545.4,547.35,2063046.0,19.16
2020-08-12,547.35,552.0,536.7,550.0,1086160.0,24.69
2020-08-13,555.0,559.3,548.05,550.85,1376148.0,22.57
2020-08-14,554.9,557.65,544.7,550.35,1381952.0,25.52
2020-08-17,550.0,556.3,527.3,541.5,2625757.0,11.54
2020-08-18,541.0,568.0,541.0,562.75,4125339.0,13.73
2020-08-19,563.0,570.9,554.5,556.2,1866224.0,26.95
2020-08-20,556.2,559.4,550.5,555.3,680855.0,19.13
2020-08-21,558.0,569.85,556.35,566.8,2090202.0,12.87
2020-08-24,573.3,581.95,566.25,569.85,3606635.0,7.43
2020-08-25,569.85,576.85,560.55,567.3,1365999.0,13.19
2020-08-26,570.0,570.1,556.1,562.65,846516.0,17.17
2020-08-27,565.0,569.75,559.45,562.65,781289.0,19.04
2020-08-28,566.0,568.5,557.0,564.3,937871.0,22.0
2020-08-31,564.0,565.25,535.0,537.7,1791999.0,36.73
2020-09-01,541.0,556.5,537.85,553.3,1779511.0,15.9
2020-09-02,557.65,569.3,550.1,554.6,1946009.0,19.27
2020-09-03,560.1,566.0,554.65,556.3,1475473.0,24.91
2020-09-04,547.95,561.0,546.3,551.75,673631.0,18.37
2020-09-07,551.0,558.65,548.1,555.0,829724.0,12.04
2020-09-08,555.05,559.75,550.5,553.55,986205.0,32.66
2020-09-09,553.0,564.65,551.05,561.8,1972642.0,16.33
2020-09-10,568.95,577.0,562.2,574.55,3000992.0,18.21
2020-09-11,577.0,578.5,564.6,572.65,1496945.0,31.04
2020-09-14,577.0,583.1,566.0,577.85,1843031.0,17.5
2020-09-15,577.0,583.8,572.35,581.85,1132990.0,34.92
2020-09-16,581.45,587.95,577.0,584.55,1339111.0,28.25
2020-09-17,580.0,587.95,576.5,577.95,515252.0,15.14
2020-09-18,572.5,582.95,568.15,578.5,1792343.0,29.9
2020-09-21,580.15,583.0,565.1,569.85,1147611.0,26.41
2020-09-22,568.9,569.9,550.5,560.65,765592.0,12.54
2020-09-23,562.0,573.5,560.05,570.8,1790053.0,25.45
2020-09-24,570.8,580.0,562.05,575.05,2139585.0,28.51
2020-09-25,578.0,585.8,573.55,582.25,1829100.0,13.88
2020-09-28,585.9,596.5,581.8,587.25,1409781.0,11.35
2020-09-29,593.8,599.85,574.7,577.4,1796743.0,19.44
2020-09-30,580.0,588.0,573.0,583.7,1437644.0,40.9
2020-10-01,590.0,592.9,582.35,590.55,907870.0,34.24
2020-10-02,590.0,592.9,582.35,590.55,907870.0,34.24
2020-10-05,591.0,593.8,584.3,590.9,834278.0,30.64
2020-10-06,587.0,609.75,587.0,605.25,2823275.0,12.25
2020-10-07,607.0,611.9,601.2,607.95,1838791.0,13.24
2020-10-08,612.0,617.4,604.15,615.4,1401126.0,27.85
2020-10-09,615.0,615.5,599.55,602.6,868108.0,12.85
2020-10-12,603.1,612.0,593.55,608.7,1014098.0,20.43
2020-10-13,604.0,615.5,604.0,608.0,793218.0,11.97
2020-10-14,610.3,612.35,603.2,605.85,1005935.0,22.92
2020-10-15,605.5,618.5,593.0,597.45,1958157.0,24.1
2020-10-16,600.0,608.4,595.45,603.4,907341.0,8.69
2020-10-19,602.0,612.55,600.6,610.7,1213522.0,9.77
2020-10-20,610.9,619.0,606.95,615.2,677096.0,11.9
2020-10-21,619.05,623.0,600.4,605.9,1322983.0,19.78
2020-10-22,606.2,612.5,602.4,609.05,952199.0,18.43
2020-10-23,609.1,614.4,607.45,609.45,616968.0,22.77
2020-10-26,609.0,610.0,590.25,595.45,597109.0,18.78
2020-10-27,590.0,611.4,588.15,608.35,1015770.0,9.74
2020-10-28,613.0,625.3,603.8,606.5,1816768.0,12.51
2020-10-29,605.0,635.45,601.0,630.0,3481648.0,6.97
2020-10-30,632.85,638.0,617.25,623.05,3229874.0,7.1
2020-11-02,625.4,629.8,618.0,628.4,1111152.0,24.6
2020-11-03,628.4,636.55,624.4,632.1,968264.0,15.11
2020-11-04,631.0,639.45,628.45,637.9,1476236.0,15.7
2020-11-05,644.8,650.65,640.25,647.25,1252182.0,15.46
2020-11-06,660.0,670.0,646.5,649.6,5184585.0,6.36
2020-11-09,649.0,655.2,643.5,653.5,1089576.0,16.0
2020-11-10,653.0,653.0,638.1,641.3,942186.0,18.93
2020-11-11,644.0,651.5,638.0,649.2,1039718.0,22.29
2020-11-12,647.9,656.1,642.4,651.55,1244621.0,11.49
2020-11-13,651.5,655.6,645.6,649.0,756155.0,17.62
2020-11-16,647.95,653.2,647.95,651.9,84980.0,31.73
2020-11-17,655.0,655.0,639.55,647.1,813193.0,33.32
2020-11-18,638.55,652.9,637.6,651.85,1057065.0,25.67
2020-11-19,654.3,654.5,635.0,636.8,1140710.0,41.86
2020-11-20,640.0,647.0,639.0,643.1,931856.0,17.98
2020-11-23,646.3,648.0,633.6,644.3,921104.0,26.94
2020-11-24,644.9,649.8,639.05,642.2,977248.0,28.78
2020-11-25,642.0,642.5,631.0,636.05,1392522.0,26.45
2020-11-26,636.05,641.0,626.2,639.1,913974.0,19.17
2020-11-27,640.0,653.0,638.15,647.75,1872347.0,45.2
2020-11-30,640.0,653.0,638.15,647.75,1872347.0,45.2
2020-12-01,648.7,657.85,647.1,655.5,1111928.0,17.95
2020-12-02,658.0,668.0,657.5,665.2,1441948.0,16.56
2020-12-03,667.8,673.65,663.25,668.85,1115686.0,41.29
2020-12-04,667.0,672.7,661.5,671.2,676179.0,25.97
2020-12-07,671.0,679.8,666.35,672.2,669939.0,23.83
2020-12-08,672.2,677.75,662.55,668.15,678818.0,27.89
2020-12-09,669.5,681.0,664.0,677.95,614319.0,27.21
2020-12-10,680.1,682.5,672.8,679.55,736305.0,16.96
2020-12-11,679.5,682.35,670.75,677.3,895571.0,20.64
2020-12-14,679.0,686.7,678.0,681.15,709728.0,15.65
2020-12-15,681.0,686.6,675.0,684.25,513347.0,28.81
2020-12-16,684.75,692.1,682.25,689.75,692935.0,34.75
2020-12-17,688.5,712.0,688.5,709.65,1906903.0,16.44
2020-12-18,713.15,719.95,704.0,710.05,2292959.0,28.07
2020-12-21,710.45,713.9,681.7,695.0,982220.0,15.19
2020-12-22,698.4,717.3,682.2,712.85,1405652.0,12.39
2020-12-23,716.0,736.25,710.35,733.9,2009320.0,24.22
2020-12-24,738.45,738.45,721.65,731.05,992652.0,15.97
2020-12-25,738.45,738.45,721.65,731.05,992652.0,15.97
2020-12-28,734.7,743.0,727.35,740.9,846654.0,14.37
2020-12-29,741.0,752.3,733.35,744.05,1389159.0,11.42
2020-12-30,744.0,755.55,738.5,753.45,843800.0,16.26
2020-12-31,752.0,761.75,746.0,759.45,1108090.0,21.95
2021-01-01,759.5,769.95,755.5,767.05,591914.0,14.71
2021-01-04,766.0,779.85,765.3,778.5,725041.0,26.01
2021-01-05,776.8,798.7,771.15,791.4,865992.0,21.88
2021-01-06,791.5,794.35,775.6,783.0,1007682.0,23.45
2021-01-07,788.9,797.9,782.2,792.0,873088.0,21.41
2021-01-08,793.45,812.95,792.65,810.6,967826.0,34.87
2021-01-11,813.0,819.85,803.2,810.8,1083106.0,34.05
2021-01-12,810.9,814.65,798.6,803.15,596031.0,21.32
2021-01-13,803.2,805.9,787.7,796.6,715762.0,18.52
2021-01-14,798.9,803.0,785.1,794.1,779167.0,26.48
2021-01-15,792.0,794.4,770.0,777.5,873073.0,33.16
2021-01-18,772.4,784.05,764.15,775.8,1416611.0,23.02
2021-01-19,774.8,795.8,774.8,789.5,1248067.0,22.77
2021-01-20,795.65,805.8,788.35,794.15,868874.0,26.03
2021-01-21,795.1,822.95,792.5,805.25,3004198.0,17.27
2021-01-22,811.7,812.8,771.05,773.4,1162797.0,15.85
2021-01-25,778.0,778.9,737.1,748.45,1706682.0,13.89
2021-01-26,778.0,778.9,737.1,748.45,1706682.0,13.89
2021-01-27,748.45,755.6,729.35,732.2,1472938.0,23.94
2021-01-28,720.0,741.7,720.0,731.45,1199506.0,38.7
2021-01-29,740.0,741.65,700.0,706.85,2035019.0,52.01
2021-02-01,713.1,724.7,698.4,720.85,1117330.0,39.79
2021-02-02,731.9,746.45,720.7,724.45,1753803.0,45.53
2021-02-03,737.0,737.0,715.3,728.95,1579882.0,39.06
2021-02-04,730.7,736.0,722.0,733.8,930297.0,50.8
2021-02-05,737.4,740.6,720.0,730.15,886998.0,40.2
2021-02-08,742.7,758.0,728.2,751.95,2158216.0,17.33
2021-02-09,758.4,769.5,752.7,762.15,2718805.0,31.56
2021-02-10,780.0,792.8,746.1,762.8,8686682.0,10.95
2021-02-11,763.0,775.0,756.7,771.75,1605676.0,21.42
2021-02-12,770.3,773.0,753.7,770.35,1497926.0,19.16
2021-02-15,765.0,774.9,760.5,764.05,914748.0,31.66
2021-02-16,760.0,771.8,751.6,759.55,1188250.0,38.83
2021-02-17,759.0,761.95,746.0,752.25,1006265.0,51.19
2021-02-18,749.9,764.8,746.5,758.7,1502166.0,39.39
2021-02-19,756.0,763.4,738.3,741.25,711985.0,23.0
2021-02-22,731.0,743.95,725.8,729.85,1369925.0,8.18
2021-02-23,730.0,736.7,710.75,721.7,944425.0,15.35
2021-02-24,721.7,730.0,716.0,724.75,459880.0,20.78
2021-02-25,728.0,731.1,715.7,722.9,1219033.0,33.81
2021-02-26,717.6,719.8,675.05,679.85,2216861.0,45.07
2021-03-01,681.0,723.0,681.0,718.75,2028724.0,20.57
2021-03-02,724.8,725.0,703.3,713.3,1230175.0,30.75
2021-03-03,719.0,734.0,713.1,731.55,1122517.0,30.62
2021-03-04,729.9,739.95,720.6,730.8,1062909.0,30.87
2021-03-05,720.0,735.0,716.2,729.55,787220.0,35.77
2021-03-08,727.0,734.0,710.0,712.5,1307350.0,13.85
2021-03-09,718.35,733.6,713.0,715.0,1282525.0,39.72
2021-03-10,720.95,740.6,717.2,730.35,700830.0,31.72
2021-03-11,720.95,740.6,717.2,730.35,700830.0,31.72
2021-03-12,730.0,731.95,715.0,717.25,935368.0,47.18
2021-03-15,720.0,723.0,706.3,718.2,630176.0,37.04
2021-03-16,719.0,735.95,719.0,727.55,1144122.0,19.76
2021-03-17,725.0,730.05,712.5,714.75,833551.0,57.27
2021-03-18,722.5,728.95,698.9,704.9,608978.0,20.78
2021-03-19,701.65,734.2,687.1,725.7,1149193.0,35.44
2021-03-22,726.1,734.45,717.6,732.05,767576.0,36.12
2021-03-23,733.9,751.95,733.9,744.5,2166943.0,18.97
2021-03-24,747.3,766.6,738.0,741.05,3009508.0,14.61
2021-03-25,741.0,744.45,729.15,734.55,1033223.0,29.28
2021-03-26,740.0,763.5,738.0,759.9,1250766.0,21.87
2021-03-29,740.0,763.5,738.0,759.9,1250766.0,21.87
2021-03-30,765.0,772.0,757.0,759.8,1625617.0,29.01
2021-03-31,764.95,773.0,760.15,765.0,897399.0,32.01
2021-04-01,768.0,770.0,761.0,764.35,720353.0,36.2
2021-04-02,768.0,770.0,761.0,764.35,720353.0,36.2
2021-04-05,769.0,769.0,743.0,746.75,856266.0,38.58
2021-04-06,755.0,764.5,745.05,748.5,1173528.0,34.33
2021-04-07,750.0,763.9,747.9,752.0,801510.0,40.25
2021-04-08,752.0,765.0,750.15,762.45,653368.0,33.9
2021-04-09,768.9,769.2,750.3,752.6,683729.0,16.53
2021-04-12,746.9,746.9,713.75,728.2,659253.0,21.11
2021-04-13,724.6,738.9,721.0,725.2,555908.0,18.69
2021-04-14,724.6,738.9,721.0,725.2,555908.0,18.69
2021-04-15,724.0,731.25,711.0,727.45,681355.0,39.26
2021-04-16,732.0,749.9,731.8,735.3,1322619.0,16.84
2021-04-19,729.85,729.85,708.9,715.8,461033.0,26.33
2021-04-20,716.0,724.75,706.05,709.5,423302.0,30.21
2021-04-21,716.0,724.75,706.05,709.5,423302.0,30.21
2021-04-22,708.0,718.05,691.1,715.05,910696.0,14.7
2021-04-23,713.9,720.9,706.05,709.7,483360.0,22.18
2021-04-26,714.5,726.45,713.05,722.4,568488.0,16.45
2021-04-27,728.0,728.0,707.2,712.8,1116123.0,36.94
2021-04-28,716.3,722.4,711.25,717.8,720651.0,34.4
2021-04-29,718.9,726.9,712.3,714.7,528346.0,25.54
2021-04-30,710.0,716.8,700.45,704.0,583146.0,33.83
2021-05-03,704.0,714.05,697.1,712.3,453233.0,20.88
2021-05-04,712.0,719.55,703.85,706.3,533529.0,21.62
2021-05-05,706.0,714.9,705.0,711.45,336078.0,17.68
2021-05-06,712.0,718.0,708.35,716.85,392515.0,21.06
2021-05-07,717.9,723.6,713.75,715.45,255763.0,23.27
2021-05-10,718.7,724.2,712.6,723.15,573516.0,40.96
2021-05-11,720.0,737.75,715.3,735.95,991198.0,30.09
2021-05-12,736.0,742.3,727.0,734.15,925331.0,22.95
2021-05-13,736.0,742.3,727.0,734.15,925331.0,22.95
2021-05-14,738.15,773.0,735.0,752.75,4130485.0,12.41
2021-05-17,755.9,781.95,742.4,768.05,2188440.0,15.85
2021-05-18,772.0,784.0,765.65,781.2,994643.0,19.59
2021-05-19,785.0,798.0,782.0,790.3,1900457.0,16.56
2021-05-20,786.2,796.15,782.2,788.25,1068519.0,14.51
2021-05-21,790.0,801.0,788.25,790.8,1479506.0,14.27
2021-05-24,796.8,817.6,792.0,808.6,1680443.0,13.84
2021-05-25,816.0,826.95,810.2,820.05,2782948.0,11.22
2021-05-26,827.2,842.75,815.15,832.35,3975803.0,8.71
2021-05-27,832.35,833.0,786.15,798.3,4353902.0,26.25
2021-05-28,804.0,813.45,797.3,802.25,1480546.0,20.28
2021-05-31,802.25,813.9,799.2,805.55,960205.0,26.01
2021-06-01,806.0,807.4,796.05,798.25,652849.0,35.51
2021-06-02,796.0,804.2,786.0,793.95,1019619.0,30.65
2021-06-03,784.1,802.25,784.1,800.55,1713175.0,36.36
2021-06-04,797.55,804.5,794.35,796.35,620631.0,19.3
2021-06-07,796.35,812.9,795.0,810.65,750561.0,29.86
2021-06-08,810.65,816.0,805.0,806.95,478508.0,24.0
2021-06-09,810.0,815.5,797.65,802.5,487685.0,33.16
2021-06-10,802.5,813.0,802.25,809.1,386618.0,37.67
2021-06-11,812.4,814.7,803.0,806.1,227124.0,28.32
2021-06-14,806.1,812.0,795.3,809.65,414243.0,30.4
2021-06-15,810.9,828.45,810.5,823.75,1189974.0,28.5
2021-06-16,821.0,827.85,816.15,817.9,642275.0,37.92
2021-06-17,815.55,829.95,807.05,820.3,643624.0,20.43
2021-06-18,820.5,835.0,811.95,825.6,1281147.0,28.68
2021-06-21,823.8,833.95,818.9,827.75,607988.0,18.02
2021-06-22,835.0,835.0,807.0,808.4,977931.0,38.12
2021-06-23,814.0,817.85,803.75,806.1,484591.0,22.44
2021-06-24,807.8,814.5,802.6,813.2,290186.0,28.18
2021-06-25,813.0,816.0,804.0,806.05,303831.0,31.37
2021-06-28,808.0,816.8,803.6,804.75,381017.0,29.78
2021-06-29,806.5,814.0,803.25,804.35,404991.0,43.94
2021-06-30,805.5,813.0,803.3,805.1,735673.0,30.93
2021-07-01,810.0,810.0,800.15,809.0,469367.0,26.15
2021-07-02,809.05,812.2,803.5,806.9,307088.0,44.92
2021-07-05,807.85,825.0,807.85,816.55,908902.0,20.45
2021-07-06,809.0,822.8,809.0,814.1,538556.0,32.28
2021-07-07,814.9,850.0,814.1,846.15,2880935.0,16.62
2021-07-08,852.55,859.8,833.7,841.65,2142493.0,10.9
2021-07-09,843.0,852.55,838.0,844.1,810679.0,21.03
2021-07-12,845.0,852.4,838.0,839.65,506967.0,26.19
2021-07-13,848.0,848.0,835.4,837.65,457269.0,28.65
2021-07-14,839.95,842.25,832.3,838.7,376355.0,37.48
2021-07-15,841.0,844.0,835.0,841.15,446782.0,27.65
2021-07-16,841.0,854.0,840.0,843.85,831144.0,33.65
2021-07-19,842.0,842.0,830.0,835.3,425438.0,25.86
2021-07-20,842.0,870.0,837.9,864.95,3711479.0,9.13
2021-07-21,842.0,870.0,837.9,864.95,3711479.0,9.13
2021-07-22,872.95,872.95,851.55,855.7,1284659.0,24.49
2021-07-23,855.7,864.0,851.35,854.25,634421.0,20.07
2021-07-26,850.0,857.95,844.9,849.75,673265.0,23.75
2021-07-27,851.05,856.0,835.75,843.6,500746.0,27.7
2021-07-28,843.95,852.0,833.35,850.35,733662.0,29.16
2021-07-29,854.2,857.15,844.35,845.5,630617.0,30.69
2021-07-30,849.9,853.5,842.2,843.55,598866.0,54.36
2021-08-02,845.0,849.3,838.3,841.05,703222.0,58.73
2021-08-03,842.2,857.45,841.15,845.8,718455.0,28.22
2021-08-04,847.75,858.85,838.0,842.2,785833.0,46.11
2021-08-05,845.05,853.75,836.0,838.2,568493.0,39.09
2021-08-06,838.0,846.1,817.65,827.8,1925089.0,18.22
2021-08-09,830.0,831.9,809.25,812.85,1005287.0,35.73
2021-08-10,814.0,819.3,806.3,811.0,475966.0,27.7
2021-08-11,812.3,822.0,799.15,818.4,706729.0,23.67
2021-08-12,818.5,826.9,805.45,814.95,635482.0,53.0
2021-08-13,815.6,825.0,809.05,811.15,793273.0,47.9
2021-08-16,817.45,817.45,804.0,815.05,441618.0,27.22
2021-08-17,817.0,828.0,807.55,814.95,982251.0,42.74
2021-08-18,819.95,824.2,810.05,813.7,440159.0,46.11
2021-08-19,819.95,824.2,810.05,813.7,440159.0,46.11
2021-08-20,814.9,832.85,812.1,819.25,2847708.0,23.72
2021-08-23,826.95,826.95,785.6,795.45,1261794.0,36.46
2021-08-24,795.9,801.5,782.5,790.95,1078557.0,41.24
2021-08-25,793.45,797.95,780.55,784.5,999768.0,44.52
2021-08-26,787.5,798.0,782.85,786.55,1096367.0,32.24
2021-08-27,789.35,790.7,775.3,785.85,688160.0,42.95
2021-08-30,792.0,811.95,788.25,810.65,922573.0,42.85
2021-08-31,811.0,823.2,807.9,820.8,1219916.0,42.97
2021-09-01,820.8,835.5,820.8,828.65,1079667.0,35.02
2021-09-02,834.8,838.8,828.0,834.05,556117.0,35.76
2021-09-03,838.9,838.9,824.65,831.35,631851.0,46.45
2021-09-06,835.0,837.7,830.3,834.95,399381.0,42.49
2021-09-07,840.0,845.0,830.25,833.9,742406.0,25.54
2021-09-08,833.9,838.6,826.8,831.2,518223.0,27.0
2021-09-09,832.0,838.65,827.4,836.55,398725.0,57.0
2021-09-10,832.0,838.65,827.4,836.55,398725.0,57.0
2021-09-13,837.0,847.0,832.05,839.3,992093.0,38.33
2021-09-14,844.0,847.0,833.6,834.85,504689.0,44.75
2021-09-15,833.1,842.85,830.85,837.45,423176.0,44.8
2021-09-16,837.45,842.1,830.8,833.7,395731.0,44.67
2021-09-17,833.5,837.95,814.4,818.75,1084848.0,64.91
2021-09-20,818.3,826.15,809.75,813.55,386714.0,31.49
2021-09-21,813.55,817.8,806.4,815.3,595224.0,57.99
2021-09-22,818.0,823.95,810.1,812.0,472605.0,52.13
2021-09-23,813.9,824.85,813.0,821.1,556587.0,30.15
2021-09-24,822.1,853.0,821.05,840.1,2395947.0,18.21
2021-09-27,846.7,847.0,827.05,830.7,867014.0,40.72
2021-09-28,830.5,830.5,815.0,819.3,459595.0,40.3
2021-09-29,820.95,821.2,809.95,817.15,494533.0,43.13
2021-09-30,818.9,823.15,807.2,809.0,619854.0,52.61
2021-10-01,811.3,812.4,798.2,810.4,580195.0,44.99
2021-10-04,814.15,822.7,811.0,820.8,607044.0,46.03
2021-10-05,819.4,828.0,815.6,825.45,404939.0,33.97
2021-10-06,828.85,832.15,815.6,821.1,382313.0,43.26
2021-10-07,826.7,839.3,821.5,829.55,503440.0,28.23
2021-10-08,831.9,837.0,827.15,830.35,326697.0,39.09
2021-10-11,839.0,839.0,821.75,824.0,376566.0,40.89
2021-10-12,825.0,827.55,816.05,820.75,515405.0,51.79
2021-10-13,826.75,833.7,821.7,829.15,679367.0,44.23
2021-10-14,833.1,856.95,830.5,838.45,1426028.0,26.34
2021-10-15,833.1,856.95,830.5,838.45,1426028.0,26.34
2021-10-18,846.0,848.0,833.5,837.9,597199.0,40.94
2021-10-19,838.1,845.65,816.05,823.75,513724.0,41.49
2021-10-20,823.0,823.0,794.35,799.6,964721.0,42.61
2021-10-21,807.55,808.0,735.0,750.05,2609247.0,40.97
2021-10-22,749.95,760.0,732.0,736.45,1102036.0,40.0
2021-10-25,740.0,740.0,716.0,717.75,837368.0,41.45
2021-10-26,717.75,743.0,717.75,733.3,686132.0,47.77
2021-10-27,747.0,767.8,732.65,736.2,4125252.0,16.9
2021-10-28,740.0,747.0,722.05,737.7,941600.0,24.39
2021-10-29,741.0,748.0,730.55,741.5,657211.0,34.79
2021-11-01,746.0,756.9,743.35,753.85,651675.0,42.81
2021-11-02,757.0,759.85,745.0,755.65,1019283.0,50.04
2021-11-03,759.4,764.8,751.4,761.55,451049.0,50.56
2021-11-04,759.4,764.8,751.4,761.55,451049.0,50.56
2021-11-05,768.7,769.5,760.0,763.0,160786.0,51.86
2021-11-08,767.0,768.7,751.9,755.35,544212.0,48.67
2021-11-09,752.9,778.05,752.05,774.95,926040.0,23.97
2021-11-10,776.7,781.9,766.55,774.95,881405.0,22.73
2021-11-11,775.0,791.65,761.05,779.15,1952162.0,17.12
2021-11-12,783.3,797.9,776.75,794.5,984960.0,47.9
2021-11-15,797.0,813.2,795.05,798.8,1273868.0,45.03
2021-11-16,800.0,806.75,789.1,790.75,899369.0,48.27
2021-11-17,789.0,811.4,785.0,792.15,677516.0,16.22
2021-11-18,796.95,802.7,782.8,788.15,735953.0,54.04
2021-11-19,796.95,802.7,782.8,788.15,735953.0,54.04
2021-11-22,795.2,795.95,773.5,778.4,787735.0,38.46
2021-11-23,778.4,782.0,763.3,769.25,1573134.0,31.95
2021-11-24,777.95,777.95,760.0,764.0,1015093.0,28.34
2021-11-25,769.0,769.95,753.3,757.5,1023148.0,57.79
2021-11-26,751.0,765.85,748.3,762.1,738231.0,32.43
2021-11-29,756.0,763.15,737.15,740.25,1100970.0,54.98
2021-11-30,740.25,768.95,739.2,751.75,3106916.0,54.44
2021-12-01,757.9,757.9,738.4,740.95,642858.0,43.33
2021-12-02,748.0,752.9,733.55,743.55,1124671.0,58.57
2021-12-03,744.0,751.0,728.0,729.95,643321.0,42.97
2021-12-06,733.8,733.8,721.0,725.8,826430.0,55.53
2021-12-07,727.15,737.9,727.0,736.2,657014.0,44.68
2021-12-08,743.0,749.75,736.8,747.9,600959.0,45.87
2021-12-09,754.8,754.8,740.7,742.45,906795.0,58.85
2021-12-10,745.8,765.0,740.9,762.5,878950.0,18.37
2021-12-13,765.0,768.0,752.25,755.5,467776.0,35.08
2021-12-14,755.5,759.4,747.6,756.85,415526.0,49.43
2021-12-15,751.0,762.6,751.0,759.25,213938.0,32.9
2021-12-16,762.1,766.4,756.55,760.8,454200.0,41.14
2021-12-17,761.0,763.75,751.4,753.25,784150.0,55.03
2021-12-20,752.55,752.55,728.3,739.45,571359.0,36.33
2021-12-21,743.0,753.0,740.2,743.4,239091.0,32.24
2021-12-22,747.0,753.0,740.6,746.2,1090789.0,17.29
2021-12-23,750.0,753.45,745.0,750.55,224013.0,38.88
2021-12-24,751.55,755.65,739.0,740.9,250167.0,23.16
2021-12-27,740.9,748.05,732.25,746.25,241926.0,23.17
2021-12-28,746.9,754.95,744.45,752.6,258497.0,36.64
2021-12-29,755.8,759.85,750.0,752.2,351601.0,31.73
2021-12-30,748.0,765.65,748.0,759.55,628625.0,58.01
2021-12-31,764.85,781.0,757.2,771.75,1040093.0,31.25
2022-01-03,772.3,783.3,767.0,776.4,304157.0,29.9
2022-01-04,780.0,786.2,768.35,784.45,408559.0,33.68
2022-01-05,787.45,792.95,778.55,789.75,467130.0,41.18
2022-01-06,785.0,786.55,775.35,780.6,338280.0,45.78
2022-01-07,781.5,793.5,778.0,790.75,384382.0,39.51
2022-01-10,793.75,799.45,782.0,783.95,318891.0,41.75
2022-01-11,783.5,794.95,783.0,786.2,320811.0,57.23
2022-01-12,789.0,790.8,781.25,788.9,258400.0,49.64
2022-01-13,790.0,793.05,778.75,781.95,420171.0,44.16
2022-01-14,783.0,784.85,766.0,771.35,329564.0,42.61
2022-01-17,766.0,778.7,758.55,775.9,400387.0,35.76
2022-01-18,775.9,780.9,759.1,761.15,282888.0,50.08
2022-01-19,758.8,760.5,743.35,748.45,317763.0,38.88
2022-01-20,748.8,754.2,736.65,744.7,597148.0,37.37
2022-01-21,745.0,751.0,736.65,744.75,630202.0,33.99
2022-01-24,749.1,749.1,707.35,713.45,701088.0,45.75
2022-01-25,713.45,729.65,694.05,727.05,578649.0,42.35
2022-01-26,713.45,729.65,694.05,727.05,578649.0,42.35
2022-01-27,720.4,723.0,703.8,714.2,478070.0,52.54
2022-01-28,720.0,739.45,719.5,726.4,523132.0,34.45
2022-01-31,729.9,740.0,720.0,722.4,488148.0,44.43
2022-02-01,728.7,734.4,723.1,731.75,388474.0,32.82
2022-02-02,731.75,748.8,731.75,742.65,546080.0,31.0
2022-02-03,745.0,746.0,735.0,736.8,159164.0,36.69
2022-02-04,739.0,739.95,726.85,735.2,412049.0,17.31
2022-02-07,732.3,737.1,715.4,719.1,312119.0,34.74
2022-02-08,721.0,725.6,714.55,718.4,244699.0,27.45
2022-02-09,720.0,728.65,718.55,721.45,462519.0,53.69
2022-02-10,715.7,737.75,713.6,726.75,873044.0,19.56
2022-02-11,724.0,730.0,713.0,717.95,523896.0,44.73
2022-02-14,701.0,710.65,691.45,699.8,534446.0,40.16
2022-02-15,699.8,726.55,698.1,722.7,412727.0,25.47
2022-02-16,732.3,735.4,716.6,723.8,401551.0,36.51
2022-02-17,726.3,732.0,716.8,725.6,315183.0,35.85
2022-02-18,720.5,739.55,720.1,737.8,597930.0,19.01
2022-02-21,736.45,738.95,725.05,726.65,373937.0,22.91
2022-02-22,705.6,728.85,705.6,727.05,420291.0,32.27
2022-02-23,727.05,738.0,727.05,730.25,331804.0,25.47
2022-02-24,700.0,719.65,676.0,679.45,1098960.0,33.2
2022-02-25,685.45,695.8,679.5,685.7,1054975.0,35.62
2022-02-28,679.85,698.2,641.0,690.45,2346348.0,18.98
2022-03-01,679.85,698.2,641.0,690.45,2346348.0,18.98
2022-03-02,680.0,686.35,663.0,677.25,1151867.0,31.63
2022-03-03,685.0,686.0,658.1,663.25,918629.0,31.65
2022-03-04,651.5,666.9,640.2,653.05,934487.0,19.36
2022-03-07,634.95,641.45,623.35,628.75,1136428.0,41.3
2022-03-08,634.0,643.65,620.45,639.55,694149.0,24.79
2022-03-09,645.0,661.8,631.3,657.9,1100721.0,46.09
2022-03-10,682.55,707.0,665.0,677.15,2082024.0,32.55
2022-03-11,675.0,686.2,670.0,679.25,477733.0,29.58
2022-03-14,684.0,684.0,664.35,677.35,808565.0,49.82
2022-03-15,691.8,702.0,683.1,695.45,1904049.0,13.54
2022-03-16,702.2,706.95,696.0,705.8,678768.0,20.63
2022-03-17,711.5,723.45,708.55,717.95,1081481.0,53.18
2022-03-18,711.5,723.45,708.55,717.95,1081481.0,53.18
2022-03-21,710.0,712.9,691.65,693.55,868950.0,44.67
2022-03-22,689.65,699.95,678.05,697.65,478565.0,24.58
2022-03-23,691.0,701.55,682.0,683.0,759093.0,27.11
2022-03-24,675.85,689.9,671.0,684.05,614363.0,26.77
2022-03-25,686.0,690.5,680.15,688.6,386216.0,28.19
2022-03-28,691.0,691.9,672.5,679.95,529253.0,32.35
2022-03-29,686.7,697.0,683.75,687.35,994039.0,21.36
2022-03-30,696.0,697.65,686.05,693.55,630126.0,51.67
2022-03-31,697.65,703.0,692.0,699.7,667280.0,41.49
2022-04-01,705.2,713.0,696.05,711.6,520601.0,32.6
2022-04-04,718.0,723.9,711.9,722.35,614413.0,46.36
2022-04-05,722.65,728.65,720.25,723.95,266059.0,35.67
2022-04-06,723.95,729.0,718.25,726.85,367142.0,46.19
2022-04-07,731.2,740.0,721.55,723.85,558875.0,24.09
2022-04-08,728.0,738.0,725.3,734.6,278519.0,32.6
2022-04-11,737.0,743.0,728.8,732.1,306973.0,32.89
2022-04-12,732.1,735.7,716.35,722.3,498942.0,39.3
2022-04-13,720.7,726.95,718.55,724.15,291564.0,36.97
2022-04-14,720.7,726.95,718.55,724.15,291564.0,36.97
2022-04-15,720.7,726.95,718.55,724.15,291564.0,36.97
2022-04-18,710.0,722.15,708.7,718.95,295130.0,36.83
2022-04-19,721.0,728.6,696.25,702.7,243760.0,43.08
2022-04-20,712.0,723.0,707.35,712.85,544423.0,51.17
2022-04-21,716.0,726.0,712.05,715.05,559791.0,57.92
2022-04-22,711.0,721.0,711.0,716.65,420755.0,45.25
2022-04-25,710.0,718.25,702.45,715.75,203827.0,29.66
2022-04-26,718.1,725.0,713.1,719.7,366654.0,30.04
2022-04-27,715.9,720.75,705.55,717.85,391242.0,45.84
2022-04-28,724.9,733.0,705.0,729.55,873811.0,32.7
2022-04-29,730.0,736.85,714.25,717.95,370070.0,43.58
2022-05-02,713.5,715.65,705.55,713.35,161853.0,33.73
2022-05-03,713.5,715.65,705.55,713.35,161853.0,33.73
2022-05-04,713.9,716.85,685.55,687.15,504041.0,38.06
2022-05-05,693.0,701.0,684.5,687.15,261444.0,35.34
2022-05-06,678.7,683.95,663.45,666.7,353755.0,43.34
2022-05-09,666.7,669.45,660.0,664.3,392460.0,39.8
2022-05-10,668.3,688.3,667.8,676.6,1182755.0,13.87
2022-05-11,682.5,682.5,656.7,663.4,506670.0,28.94
2022-05-12,655.0,670.9,652.5,660.2,541747.0,21.02
2022-05-13,661.5,673.5,651.75,656.5,366915.0,44.88
2022-05-16,660.5,663.55,631.0,633.7,739581.0,34.18
2022-05-17,638.0,644.2,627.6,641.4,830858.0,40.88
2022-05-18,647.6,649.4,636.55,640.75,563987.0,48.5
2022-05-19,625.0,636.75,623.5,626.95,398969.0,42.03
2022-05-20,638.0,638.95,628.0,630.35,787158.0,65.02
2022-05-23,638.0,639.65,623.0,626.1,427554.0,37.64
2022-05-24,630.0,632.6,607.4,610.15,729092.0,30.79
2022-05-25,600.0,606.0,560.15,566.15,2400167.0,25.41
2022-05-26,572.0,575.4,543.6,568.05,1550372.0,24.87
2022-05-27,564.0,584.35,557.0,575.25,1997369.0,20.15
2022-05-30,581.0,609.65,580.85,605.2,1206724.0,37.53
2022-05-31,605.2,618.3,593.35,614.9,1815881.0,52.01
2022-06-01,615.0,616.25,592.4,601.0,963228.0,29.37
2022-06-02,595.65,631.7,595.65,622.45,1355683.0,18.44
2022-06-03,621.95,624.0,607.05,608.9,747451.0,25.76
2022-06-06,605.0,605.85,589.0,589.9,855648.0,25.5
2022-06-07,582.25,591.45,575.45,580.95,960209.0,36.47
2022-06-08,582.05,587.1,568.35,580.9,889817.0,36.65
2022-06-09,557.0,584.0,555.0,581.1,2673285.0,24.93
2022-06-10,565.1,590.0,565.1,580.75,957286.0,17.75
2022-06-13,570.05,586.8,568.0,572.1,1101198.0,18.93
2022-06-14,569.0,576.9,563.5,570.3,583440.0,23.8
2022-06-15,575.0,577.25,565.0,575.55,597389.0,30.69
2022-06-16,580.0,581.75,563.7,568.6,551771.0,30.2
2022-06-17,565.0,566.0,548.55,560.75,1442886.0,43.95
2022-06-20,568.4,582.0,563.25,578.7,1436986.0,9.18
2022-06-21,582.1,590.0,578.85,585.45,587420.0,29.7
2022-06-22,587.05,593.15,570.0,584.85,648183.0,15.07
2022-06-23,590.0,601.0,587.15,594.4,737287.0,14.61
2022-06-24,596.2,599.0,588.45,594.1,683311.0,37.76
2022-06-27,598.85,601.2,593.15,600.0,367210.0,21.31
2022-06-28,591.8,591.8,579.0,582.25,948799.0,26.55
2022-06-29,572.0,582.2,565.05,568.85,1059522.0,37.14
2022-06-30,570.0,575.3,565.0,568.3,712428.0,34.87
2022-07-01,570.45,583.95,563.75,582.25,1316578.0,33.33
2022-07-04,586.3,586.9,574.05,583.7,915883.0,49.17
2022-07-05,586.0,589.0,573.3,575.05,722928.0,33.03
2022-07-06,586.0,597.75,582.3,592.1,2567220.0,17.7
2022-07-07,604.0,605.0,591.25,593.25,1336478.0,34.04
2022-07-08,590.0,595.5,579.25,585.25,998014.0,33.35
2022-07-11,584.0,594.0,580.0,592.6,811369.0,48.62
2022-07-12,592.0,592.0,577.65,580.3,946961.0,47.45
2022-07-13,591.5,594.8,584.5,586.65,1639803.0,39.44
2022-07-14,588.5,588.5,576.3,579.95,610093.0,53.16
2022-07-15,582.0,582.35,567.2,573.65,1114465.0,56.75
2022-07-18,579.0,580.55,573.0,575.75,848089.0,60.77
2022-07-19,573.65,581.0,570.0,579.0,903459.0,58.21
2022-07-20,587.0,587.45,575.1,578.25,1063169.0,48.87
2022-07-21,581.9,595.6,578.15,594.15,1035476.0,50.29
2022-07-22,598.15,598.8,584.65,589.4,1103336.0,34.48
2022-07-25,593.0,597.0,585.0,594.55,874083.0,43.75
2022-07-26,591.0,591.0,579.05,586.05,1348933.0,36.69
2022-07-27,586.6,599.25,581.6,596.85,951192.0,40.26
2022-07-28,597.0,618.35,594.6,617.2,1917433.0,23.93
2022-07-29,625.45,627.35,616.0,624.7,1456615.0,40.2
2022-08-01,625.0,633.0,624.7,628.9,692870.0,34.15
2022-08-02,632.35,654.45,630.5,652.45,2895372.0,17.28
2022-08-03,655.0,659.75,642.05,657.35,1148599.0,24.56
2022-08-04,666.0,676.15,649.1,667.0,1759977.0,28.15
2022-08-05,685.0,685.0,662.75,673.75,3951984.0,20.83
2022-08-10,676.0,681.25,663.45,666.4,822278.0,25.39
2022-08-11,670.0,680.0,670.0,676.9,753654.0,32.66
2022-08-12,675.0,678.4,670.8,676.4,356650.0,30.43
2022-08-15,675.0,678.4,670.8,676.4,356650.0,30.43
2022-08-16,683.0,690.9,677.0,680.15,1169579.0,41.25
2022-08-17,684.0,708.95,682.25,705.0,1800385.0,25.47
2022-08-18,704.95,710.3,700.0,707.15,754334.0,33.56
2022-08-19,702.6,706.65,691.85,697.1,723524.0,32.73
2022-08-22,690.0,692.7,666.65,668.5,888730.0,28.5
2022-08-23,657.5,672.5,653.8,661.3,629818.0,26.43
2022-08-24,657.6,661.75,650.25,659.7,649044.0,29.8
2022-08-25,659.6,665.3,652.15,655.8,538470.0,39.35
2022-08-26,659.95,666.4,656.05,660.15,437896.0,39.11
2022-08-29,643.9,664.0,643.25,662.15,690965.0,35.97
2022-08-30,663.8,675.5,661.0,673.7,1228343.0,53.59
2022-08-31,663.8,675.5,661.0,673.7,1228343.0,53.59
2022-09-01,677.0,687.95,671.65,674.65,1392179.0,31.07
2022-09-02,679.0,683.75,666.1,668.15,517772.0,36.12
2022-09-05,668.5,672.05,659.3,660.5,615671.0,51.0
2022-09-06,664.0,668.7,655.4,657.85,705882.0,55.34
2022-09-07,660.2,667.55,656.8,659.7,855076.0,37.95
2022-09-08,670.0,673.55,663.6,665.2,1176067.0,38.5
2022-09-09,670.65,675.0,660.0,664.0,834877.0,44.25
2022-09-12,665.0,672.8,662.25,664.5,547598.0,49.38
2022-09-13,668.0,673.3,662.55,664.75,551893.0,38.05
2022-09-14,660.0,664.75,656.0,657.85,673351.0,53.19
2022-09-15,663.0,664.5,651.1,654.85,774714.0,42.59
2022-09-16,658.15,666.0,636.3,639.0,1395984.0,31.25
2022-09-19,642.4,644.95,622.25,631.6,719595.0,33.25
2022-09-20,637.6,640.95,630.05,633.9,904376.0,56.21
2022-09-21,640.0,642.5,621.9,623.0,831391.0,30.95
2022-09-22,622.0,637.9,620.2,635.3,1084771.0,25.14
2022-09-23,637.0,640.9,630.1,633.7,535879.0,25.43
2022-09-26,632.5,636.3,622.3,626.75,929591.0,37.82
2022-09-27,633.0,640.55,626.35,628.5,835023.0,37.77
2022-09-28,626.9,635.5,622.2,628.7,950888.0,55.48
2022-09-29,634.7,634.7,612.45,620.3,1073403.0,36.2
2022-09-30,620.0,621.9,606.35,617.0,1158573.0,47.45
2022-10-03,615.0,621.0,604.0,605.45,984379.0,57.19
2022-10-04,614.7,618.75,609.35,615.15,678639.0,55.27
2022-10-05,614.7,618.75,609.35,615.15,678639.0,55.27
2022-10-06,619.0,624.4,614.3,615.45,528536.0,41.84
2022-10-07,614.7,627.4,606.35,625.9,1344755.0,44.01
2022-10-10,621.0,624.7,614.7,622.75,586345.0,43.83
2022-10-11,627.75,635.9,615.65,617.65,1344168.0,23.65
2022-10-12,620.45,628.7,610.55,625.7,906362.0,21.15
2022-10-13,625.0,631.75,614.0,615.2,523981.0,35.43
2022-10-14,622.0,624.65,611.0,612.4,373551.0,35.26
2022-10-17,612.0,615.0,603.5,613.75,571176.0,33.26
2022-10-18,614.9,624.0,612.9,619.4,481126.0,36.44
2022-10-19,623.0,627.3,616.25,618.75,329541.0,26.76
2022-10-20,615.0,622.9,608.1,618.85,622425.0,46.11
2022-10-21,615.0,616.4,583.35,585.35,2762223.0,43.77
2022-10-24,596.95,596.95,587.55,590.0,281306.0,51.06
2022-10-25,593.0,594.9,582.0,583.35,754247.0,64.05
2022-10-26,593.0,594.9,582.0,583.35,754247.0,64.05
2022-10-27,588.95,588.95,569.8,573.95,1388263.0,63.62
2022-10-28,578.0,580.9,569.45,574.85,727498.0,42.25
2022-10-31,580.0,587.0,576.45,585.8,472921.0,46.72
2022-11-01,589.7,599.5,586.35,598.5,690092.0,43.83
2022-11-02,598.5,598.9,591.75,595.6,475378.0,47.07
2022-11-03,592.6,608.0,591.0,606.7,1108299.0,55.29
2022-11-04,609.0,610.5,599.45,604.25,508475.0,34.63
2022-11-07,607.3,616.0,603.05,614.45,892095.0,32.45
2022-11-08,607.3,616.0,603.05,614.45,892095.0,32.45
2022-11-09,615.2,617.45,578.0,588.7,2228310.0,41.36
2022-11-10,588.7,589.0,576.25,583.15,1122060.0,24.08
2022-11-11,590.0,602.35,583.25,598.1,1139923.0,41.04
2022-11-14,602.0,607.8,597.6,601.4,750772.0,48.73
2022-11-15,605.0,610.25,596.45,609.3,568357.0,38.77
2022-11-16,605.0,611.5,602.25,608.55,585044.0,42.85
2022-11-17,609.0,613.7,604.25,609.8,536093.0,34.33
2022-11-18,613.0,613.35,600.0,603.55,760035.0,49.05
2022-11-21,606.6,607.65,600.15,605.1,506871.0,43.45
2022-11-22,605.15,611.0,602.3,609.65,471072.0,37.95
2022-11-23,611.0,614.7,605.7,613.95,554841.0,53.18
2022-11-24,618.05,621.9,613.4,614.85,711079.0,27.97
2022-11-25,614.85,617.65,608.0,616.7,484792.0,41.24
2022-11-28,622.0,627.0,617.0,619.4,843757.0,25.32
2022-11-29,621.2,622.0,611.1,612.2,550358.0,44.15
2022-11-30,611.0,623.75,611.0,622.4,1182037.0,57.01
2022-12-01,623.0,624.8,618.5,620.45,510536.0,60.3
2022-12-02,620.4,620.4,614.0,616.4,550726.0,65.91
2022-12-05,617.05,628.0,613.8,622.2,852853.0,41.72
2022-12-06,622.0,623.7,615.0,618.5,356837.0,36.61
2022-12-07,622.9,627.6,617.4,621.35,699570.0,27.31
2022-12-08,623.2,630.0,616.7,619.3,631854.0,28.52
2022-12-09,625.0,626.15,609.45,615.15,436859.0,31.69
2022-12-12,615.15,623.55,602.75,622.4,1166892.0,50.78
2022-12-13,623.0,623.45,608.0,611.3,825001.0,30.22
2022-12-14,612.85,616.0,607.1,608.45,409731.0,45.4
2022-12-15,608.0,611.35,603.2,605.45,444727.0,45.01
2022-12-16,605.0,605.0,589.35,594.85,1038990.0,38.24
2022-12-19,597.85,599.45,590.0,592.1,396138.0,38.19
2022-12-20,589.95,593.0,583.7,591.85,466254.0,37.2
2022-12-21,593.0,599.0,585.6,590.35,403872.0,39.89
2022-12-22,594.5,596.4,587.25,592.25,497030.0,47.5
2022-12-23,585.0,589.0,573.0,575.55,657845.0,33.56
2022-12-26,573.0,587.4,569.1,585.4,462317.0,33.06
2022-12-27,586.8,594.7,586.05,590.95,488127.0,35.57
2022-12-28,589.95,599.9,583.6,591.05,820562.0,38.03
2022-12-29,589.25,590.4,581.5,584.15,492663.0,43.99
2022-12-30,585.95,588.0,580.05,581.35,323551.0,35.23
2023-01-02,584.4,586.0,573.05,577.3,484786.0,43.05
2023-01-03,577.3,584.15,577.3,579.05,333768.0,35.04
2023-01-04,581.65,582.7,572.05,573.65,398497.0,43.23
2023-01-05,577.05,582.55,571.55,573.0,396000.0,39.88
2023-01-06,573.0,574.45,564.5,568.4,433455.0,41.91
2023-01-09,571.35,574.95,565.2,568.65,441110.0,45.96
2023-01-10,570.5,571.95,565.3,566.85,420985.0,47.27
2023-01-11,565.5,569.55,558.05,561.3,836201.0,41.88
2023-01-12,562.55,565.9,556.15,561.95,593139.0,45.84
2023-01-13,564.75,564.75,556.5,562.15,507504.0,49.12
2023-01-16,565.65,565.65,558.05,560.0,349229.0,54.79
2023-01-17,560.95,569.85,560.0,567.7,695586.0,63.33
2023-01-18,569.7,575.65,565.5,574.8,380235.0,36.46
2023-01-19,574.9,576.1,561.45,563.65,593767.0,48.43
2023-01-20,564.25,565.5,553.25,557.15,842518.0,50.18
2023-01-23,558.95,565.0,554.05,564.65,299042.0,44.41
2023-01-24,564.7,568.7,559.85,562.0,437301.0,43.96
2023-01-25,562.0,564.0,546.5,548.75,880591.0,39.38
2023-01-26,562.0,564.0,546.5,548.75,880591.0,39.38
2023-01-27,549.9,552.15,534.05,539.5,616557.0,43.82
2023-01-30,542.2,557.65,539.2,554.1,612638.0,39.07
2023-01-31,555.75,559.95,547.3,549.15,555410.0,43.61
2023-02-01,552.75,562.85,544.0,549.75,536757.0,37.94
2023-02-02,544.2,553.25,536.55,540.6,733659.0,36.69
2023-02-03,530.0,560.85,527.15,558.3,2209596.0,10.84
2023-02-06,559.0,565.4,552.25,563.65,594738.0,24.74
2023-02-07,565.0,569.0,553.05,562.45,572284.0,33.45
2023-02-08,563.0,565.0,554.7,563.25,468699.0,41.58
2023-02-09,563.0,571.25,561.8,568.55,521088.0,23.4
2023-02-10,570.0,572.55,564.0,571.6,439177.0,39.7
2023-02-13,571.6,573.35,558.0,558.65,507300.0,51.05
2023-02-14,561.6,561.6,553.1,554.2,462132.0,57.52
2023-02-15,554.2,559.7,551.25,558.65,345677.0,47.98
2023-02-16,560.0,563.6,555.15,562.3,400849.0,49.35
2023-02-17,562.75,569.85,560.7,568.95,590723.0,34.45
2023-02-20,572.1,573.0,563.65,570.4,546220.0,38.99
2023-02-21,575.0,575.0,564.05,570.6,627140.0,49.72
2023-02-22,567.0,569.95,560.0,566.55,886640.0,57.3
2023-02-23,567.0,568.4,552.55,560.65,710381.0,34.56
2023-02-24,561.0,565.0,557.4,558.05,821838.0,59.55
2023-02-27,556.25,559.15,549.55,556.95,345098.0,29.31
2023-02-28,553.0,582.95,550.55,579.6,1174180.0,40.85
2023-03-01,583.0,585.4,576.0,580.7,1102700.0,45.26
2023-03-02,580.0,584.3,576.45,582.75,904532.0,62.26
2023-03-03,583.5,588.85,576.6,580.75,847355.0,35.13
2023-03-06,583.95,589.0,579.75,586.3,574922.0,43.06
2023-03-07,583.95,589.0,579.75,586.3,574922.0,43.06
2023-03-08,585.0,589.0,578.9,587.45,421990.0,39.15
2023-03-09,587.45,593.05,583.65,590.1,850225.0,57.66
2023-03-10,589.95,591.0,580.1,589.1,537767.0,25.47
2023-03-13,585.1,589.55,575.45,580.05,853527.0,71.73
2023-03-14,582.75,584.0,570.15,581.6,565905.0,37.4
2023-03-15,583.0,592.0,582.45,591.15,924989.0,52.14
2023-03-16,598.0,605.0,590.25,603.7,1481680.0,26.06
2023-03-17,605.7,608.9,590.85,593.45,904634.0,48.76
2023-03-20,592.5,600.0,586.85,596.3,663282.0,43.02
2023-03-21,596.9,598.7,591.0,594.7,514862.0,50.25
2023-03-22,592.9,601.75,591.05,594.25,414423.0,39.1
2023-03-23,592.9,592.9,573.85,575.95,919483.0,29.28
2023-03-24,575.1,577.85,568.1,573.7,507905.0,23.75
2023-03-27,576.4,580.55,570.3,576.8,378127.0,40.38
2023-03-28,573.5,575.75,565.2,574.0,432586.0,34.08
2023-03-29,574.0,582.0,569.65,573.25,867598.0,45.83
2023-03-30,574.0,582.0,569.65,573.25,867598.0,45.83
2023-03-31,574.0,583.35,570.8,581.7,454992.0,46.12
2023-04-03,579.0,586.0,567.85,579.6,991603.0,53.68
2023-04-04,579.0,586.0,567.85,579.6,991603.0,53.68
2023-04-05,578.85,594.45,575.55,592.0,479115.0,28.37
2023-04-06,592.0,600.6,591.0,597.2,904437.0,52.34
2023-04-07,592.0,600.6,591.0,597.2,904437.0,52.34
2023-04-10,598.0,599.0,592.55,595.25,332389.0,34.76
2023-04-11,595.0,595.0,570.15,574.0,1343213.0,32.4
2023-04-12,578.0,587.4,573.2,583.9,823531.0,27.42
2023-04-13,582.6,585.35,578.0,578.6,335351.0,32.78
2023-04-14,582.6,585.35,578.0,578.6,335351.0,32.78
2023-04-17,578.6,584.95,574.0,580.75,318728.0,31.31
2023-04-18,580.8,583.45,576.55,579.7,212091.0,34.73
2023-04-19,580.0,581.8,574.0,575.65,248417.0,25.92
2023-04-20,576.15,579.55,573.8,576.8,252730.0,47.42
2023-04-21,579.8,588.4,578.05,584.6,696120.0,28.44
2023-04-24,588.0,596.1,588.0,592.85,581719.0,28.44
2023-04-25,592.0,596.0,587.05,594.05,353219.0,23.99
2023-04-26,595.0,606.8,594.1,604.75,669046.0,33.17
2023-04-27,606.45,612.0,599.0,602.6,756165.0,27.42
2023-04-28,601.5,611.9,595.65,610.35,610558.0,43.46
2023-05-01,601.5,611.9,595.65,610.35,610558.0,43.46
2023-05-02,612.05,619.0,611.0,614.9,633368.0,38.68
2023-05-03,618.0,625.0,612.05,614.1,1011092.0,23.24
2023-05-04,615.45,625.3,613.85,620.55,595650.0,36.88
2023-05-05,620.0,625.0,615.4,617.25,253697.0,30.28
2023-05-08,615.0,621.6,607.55,619.75,595177.0,35.18
2023-05-09,620.0,632.95,617.35,626.5,1072909.0,35.51
2023-05-10,626.5,632.95,624.0,628.25,695917.0,24.47
2023-05-11,628.4,639.0,626.0,636.75,849488.0,28.3
2023-05-12,639.35,642.9,626.0,633.65,942349.0,28.15
2023-05-15,633.5,637.0,625.8,629.2,740517.0,26.98
2023-05-16,622.7,633.6,610.6,612.1,2424663.0,13.78
2023-05-17,613.0,624.5,610.5,620.1,1031762.0,20.99
2023-05-18,621.0,626.3,617.75,622.75,645528.0,39.68
2023-05-19,625.0,629.75,617.0,625.25,864620.0,39.46
2023-05-22,621.2,629.25,615.05,626.2,426200.0,26.69
2023-05-23,626.5,633.4,624.1,630.2,688934.0,27.15
2023-05-24,629.95,638.0,624.55,634.5,616312.0,41.69
2023-05-25,633.0,643.5,630.2,641.6,678334.0,52.81
2023-05-26,641.85,648.5,638.05,647.1,842708.0,42.0
2023-05-29,650.0,652.6,638.25,640.95,362750.0,40.1
2023-05-30,641.0,650.7,637.65,648.85,819842.0,49.54
2023-05-31,648.0,654.7,643.3,650.45,1397605.0,62.87
2023-06-01,652.5,659.75,649.5,650.5,632165.0,43.64
2023-06-02,655.0,656.0,646.0,652.45,410429.0,41.35
2023-06-05,652.45,656.0,646.5,650.1,509474.0,26.48
2023-06-06,651.0,654.75,647.1,652.3,790500.0,49.69
2023-06-07,655.0,659.9,650.25,652.55,425571.0,50.18
2023-06-08,655.0,657.45,647.6,650.3,290823.0,49.18
2023-06-09,654.95,666.7,646.5,647.7,1453155.0,25.81
2023-06-12,648.2,652.7,639.25,648.3,680967.0,37.59
2023-06-13,652.95,673.0,651.55,669.15,2083611.0,22.25
2023-06-14,671.0,674.5,665.55,670.3,860464.0,34.49
2023-06-15,667.5,679.8,667.5,676.75,747743.0,34.53
2023-06-16,675.15,680.0,671.4,673.55,652916.0,53.24
2023-06-19,673.55,684.3,672.05,675.6,545584.0,23.07
2023-06-20,672.5,680.5,667.0,674.8,494281.0,41.05
2023-06-21,677.95,688.5,675.0,683.5,751340.0,47.45
2023-06-22,682.1,689.0,668.5,670.05,499139.0,30.0
2023-06-23,669.95,678.75,669.05,675.65,798558.0,29.09
2023-06-26,676.95,682.45,671.3,677.0,611164.0,38.99
2023-06-27,680.0,683.75,672.65,678.55,500458.0,32.99
2023-06-28,682.0,683.0,673.5,675.15,417399.0,45.41
2023-06-29,682.0,683.0,673.5,675.15,417399.0,45.41
2023-06-30,675.15,686.1,674.1,678.1,601472.0,45.65
2023-07-03,679.9,682.45,669.0,675.0,475510.0,40.73
2023-07-04,680.0,680.0,669.05,670.45,274141.0,43.63
2023-07-05,670.45,678.0,670.0,677.0,428470.0,46.36
2023-07-06,677.0,681.95,674.8,680.6,336405.0,48.27
2023-07-07,681.0,690.0,670.7,672.85,1086403.0,22.85
2023-07-10,671.1,675.0,663.65,666.65,481444.0,30.8
2023-07-11,669.0,679.0,658.15,670.15,1071092.0,38.05
2023-07-12,670.0,671.4,660.25,669.2,811950.0,53.33
2023-07-13,675.8,677.0,660.5,661.5,396037.0,41.68
2023-07-14,671.95,671.95,654.75,668.1,559255.0,28.85
2023-07-17,669.85,683.0,668.3,673.05,607177.0,35.4
2023-07-18,673.15,683.75,670.15,679.05,594542.0,31.97
2023-07-19,681.9,685.0,674.55,683.55,548733.0,36.59
2023-07-20,683.55,687.85,678.9,684.5,397326.0,35.95
2023-07-21,681.5,695.45,677.4,691.15,683605.0,32.39
2023-07-24,692.9,694.5,683.8,685.85,644950.0,33.46
2023-07-25,680.85,692.25,666.75,675.55,615637.0,19.28
2023-07-26,675.7,678.65,671.2,673.5,306011.0,39.44
2023-07-27,672.0,679.05,669.4,674.05,331176.0,33.08
2023-07-28,671.5,681.0,668.2,679.65,339660.0,30.4
2023-07-31,680.65,684.75,676.05,682.4,420187.0,33.14
2023-08-01,682.85,704.0,677.55,702.4,1981515.0,25.67
2023-08-02,708.0,717.3,696.2,711.65,1814103.0,34.6
2023-08-03,720.0,722.5,695.6,698.5,1725499.0,28.42
2023-08-04,700.95,709.0,695.0,704.65,667507.0,30.09
2023-08-07,707.9,707.9,698.0,706.85,638498.0,47.04
2023-08-08,709.0,711.95,700.6,709.3,659126.0,36.02
2023-08-09,718.0,721.3,686.75,698.6,2662399.0,31.55
2023-08-10,704.0,704.0,681.45,693.15,3044936.0,35.6
2023-08-11,698.05,703.0,693.05,700.7,1120798.0,50.08
2023-08-14,701.0,702.25,684.95,699.35,637377.0,25.38
2023-08-15,701.0,702.25,684.95,699.35,637377.0,25.38
2023-08-16,695.15,704.0,689.65,698.15,479610.0,29.4
2023-08-17,695.1,707.0,694.1,705.05,619769.0,38.62
2023-08-18,706.0,709.8,698.1,705.25,756395.0,38.76
2023-08-21,704.45,706.95,699.0,705.8,335663.0,42.67
2023-08-22,705.85,708.05,700.65,705.65,741123.0,74.46
2023-08-23,705.85,719.9,700.2,702.8,944940.0,34.11
2023-08-24,708.0,714.95,703.6,713.35,784432.0,57.42
2023-08-25,714.95,714.95,700.0,704.35,641540.0,62.89
2023-08-28,707.7,710.75,699.5,709.0,936262.0,60.56
2023-08-29,709.0,724.9,708.0,720.45,967100.0,37.34
2023-08-30,723.95,725.9,714.1,715.65,590913.0,28.99
2023-08-31,719.0,722.0,711.45,718.6,1064672.0,68.22
2023-09-01,719.65,721.0,711.55,719.85,615340.0,56.81
2023-09-04,719.85,719.85,697.65,707.8,1819429.0,44.5
2023-09-05,708.0,713.8,702.25,709.45,657082.0,52.42
2023-09-06,707.4,717.0,700.05,715.75,838720.0,35.56
2023-09-07,710.65,717.35,708.05,711.4,992993.0,54.98
2023-09-08,714.5,719.7,708.5,716.9,481837.0,41.87
2023-09-11,718.0,725.0,715.3,721.75,519644.0,49.07
2023-09-12,721.0,728.7,706.15,719.2,647758.0,24.0
2023-09-13,716.95,725.0,710.25,724.0,611330.0,31.18
2023-09-14,725.05,742.7,720.0,729.0,1431826.0,33.56
2023-09-15,723.05,725.55,718.05,719.7,742098.0,48.11
2023-09-18,721.8,747.5,713.8,741.4,1197741.0,40.16
2023-09-19,721.8,747.5,713.8,741.4,1197741.0,40.16
2023-09-20,739.85,759.0,732.1,747.1,2041600.0,24.66
2023-09-21,748.9,756.3,743.05,753.25,960856.0,38.35
2023-09-22,626.8,679.75,624.0,669.3,7210089.0,12.34
2023-09-25,668.0,668.0,610.0,611.4,4834319.0,21.17
2023-09-26,613.5,614.9,597.0,599.5,2415991.0,24.24
2023-09-27,599.0,606.9,594.0,603.7,1355749.0,25.21
2023-09-28,600.0,603.15,566.25,569.55,3158401.0,33.76
2023-09-29,571.0,577.45,567.25,568.85,1251009.0,36.53
2023-10-02,571.0,577.45,567.25,568.85,1251009.0,36.53
2023-10-03,573.4,575.85,560.05,561.5,1758429.0,44.63
2023-10-04,561.5,564.4,555.2,560.25,871451.0,37.95
2023-10-05,567.0,568.65,561.85,563.2,754638.0,42.4
2023-10-06,566.9,568.0,561.0,565.35,439072.0,37.91
2023-10-09,555.0,565.25,553.0,562.8,798497.0,40.83
2023-10-10,567.7,567.7,559.0,561.8,493565.0,48.49
2023-10-11,566.45,567.4,559.5,560.85,558543.0,47.55
2023-10-12,561.75,568.55,561.6,565.85,582423.0,53.06
2023-10-13,564.9,572.25,561.55,568.25,902939.0,46.57
2023-10-16,564.9,571.45,560.25,569.2,928701.0,46.05
2023-10-17,572.0,575.0,567.15,573.95,758296.0,55.67
2023-10-18,575.0,578.15,570.4,572.35,869903.0,40.46
2023-10-19,571.0,577.75,566.0,576.3,715364.0,53.33
2023-10-20,572.0,585.9,571.05,584.25,909357.0,31.1
2023-10-23,585.05,585.05,569.2,570.5,788489.0,25.59
2023-10-24,585.05,585.05,569.2,570.5,788489.0,25.59
2023-10-25,572.05,578.55,560.85,563.2,1591076.0,56.56
2023-10-26,559.2,561.95,533.1,537.75,3216925.0,53.96
2023-10-27,539.95,546.9,535.95,537.55,2250687.0,62.45
2023-10-30,535.0,547.15,534.5,545.75,992646.0,53.44
2023-10-31,549.3,563.0,548.25,558.6,1354517.0,36.31
2023-11-01,558.55,559.45,548.6,550.05,369817.0,42.43
2023-11-02,552.0,555.35,545.0,548.95,1165799.0,23.6
2023-11-03,542.0,554.9,541.15,553.15,1345253.0,30.32
2023-11-06,557.05,575.55,556.7,569.15,1676482.0,26.1
2023-11-07,569.1,572.35,562.5,571.45,546598.0,48.84
2023-11-08,573.9,588.0,572.65,586.25,932012.0,36.69
2023-11-09,590.0,592.3,577.7,578.95,1048550.0,26.92
2023-11-10,578.95,579.0,568.6,578.4,513917.0,40.67
2023-11-13,574.3,577.75,572.15,575.9,309268.0,36.83
2023-11-14,574.3,577.75,572.15,575.9,309268.0,36.83
2023-11-15,578.7,578.9,569.65,575.3,863431.0,48.24
2023-11-16,574.85,579.75,572.7,578.25,359440.0,48.26
2023-11-17,581.85,592.55,580.2,587.8,1301545.0,35.53
2023-11-20,589.5,592.65,580.55,582.7,477295.0,26.72
2023-11-21,580.9,586.35,580.0,583.1,303879.0,52.47
2023-11-22,578.55,590.0,568.9,569.65,653479.0,36.55
2023-11-23,572.6,579.9,570.55,574.85,781968.0,27.46
2023-11-24,575.05,578.5,571.4,573.55,304929.0,35.95
2023-11-27,575.05,578.5,571.4,573.55,304929.0,35.95
2023-11-28,572.25,577.5,570.0,574.3,463480.0,47.33
2023-11-29,574.3,575.9,572.15,574.05,580733.0,54.19
2023-11-30,573.0,577.35,571.35,574.4,1252807.0,63.77
2023-12-01,576.0,601.9,574.0,586.15,2795922.0,40.08
2023-12-04,591.0,595.9,583.1,585.6,963472.0,40.88
2023-12-05,585.5,592.1,584.5,588.0,734825.0,48.79
2023-12-06,590.0,593.4,576.0,578.85,5402864.0,74.93
2023-12-07,584.8,596.5,583.0,588.55,1794395.0,29.88
2023-12-08,588.6,590.85,575.6,578.95,786988.0,41.65
2023-12-11,579.9,580.55,574.0,576.5,469175.0,47.71
2023-12-12,576.5,580.85,568.65,571.05,951442.0,51.59
2023-12-13,575.0,577.95,562.7,571.1,1726244.0,57.57
2023-12-14,573.4,582.1,570.25,580.05,1021280.0,55.64
2023-12-15,583.5,589.7,578.1,585.8,1602267.0,55.49
2023-12-18,585.8,595.9,581.6,593.35,1297864.0,54.47
2023-12-19,598.0,600.0,590.65,593.25,1697044.0,67.75
2023-12-20,592.1,597.95,570.3,572.55,1795780.0,51.29
2023-12-21,570.95,576.3,563.65,574.15,499468.0,43.99
2023-12-22,575.0,585.0,574.25,583.15,1069705.0,62.19
2023-12-25,575.0,585.0,574.25,583.15,1069705.0,62.19
2023-12-26,586.0,589.0,582.35,587.8,510287.0,51.45
2023-12-27,590.9,590.9,578.5,584.55,1158927.0,47.59
2023-12-28,588.8,597.55,584.3,596.1,913489.0,50.12
2023-12-29,599.8,607.0,594.05,604.65,1820196.0,32.4
2024-01-01,607.5,609.0,600.05,603.85,631961.0,47.81
2024-01-02,603.0,605.5,592.75,604.35,613442.0,39.43
2024-01-03,606.95,606.95,595.15,598.15,334537.0,39.72
2024-01-04,598.45,601.3,591.6,598.45,639813.0,45.38
2024-01-05,599.15,603.9,593.15,596.35,465157.0,36.27
2024-01-08,595.0,596.9,578.05,578.85,581798.0,47.32
2024-01-09,583.25,590.0,581.25,587.9,655120.0,54.21
2024-01-10,587.95,594.05,582.65,592.65,935943.0,55.34
2024-01-11,595.8,596.0,589.0,593.65,355149.0,54.67
2024-01-12,593.85,596.8,587.5,595.8,537422.0,56.48
2024-01-15,598.35,605.8,596.25,602.75,700739.0,40.01
2024-01-16,602.75,607.0,598.7,604.45,897327.0,66.86
2024-01-17,599.0,604.85,591.45,595.15,1134435.0,59.61
2024-01-18,592.8,594.0,567.0,576.35,1433666.0,37.5
2024-01-19,581.55,585.15,576.75,579.35,978376.0,57.95
2024-01-22,582.0,584.2,574.0,575.4,184216.0,42.26
2024-01-23,575.0,575.0,542.55,547.0,1857284.0,51.67
2024-01-24,549.9,563.9,542.85,562.55,1093896.0,52.53
2024-01-25,563.0,563.0,552.0,554.7,1099198.0,42.98
2024-01-26,563.0,563.0,552.0,554.7,1099198.0,42.98
2024-01-29,552.0,563.9,551.1,559.85,595840.0,57.92
2024-01-30,563.2,566.7,558.3,561.8,592044.0,58.74
2024-01-31,562.1,567.1,558.0,565.15,554075.0,50.51
2024-02-01,565.55,567.45,562.0,565.5,640925.0,59.58
2024-02-02,568.3,571.0,561.45,569.55,996264.0,57.4
2024-02-05,574.0,574.9,564.6,567.1,732928.0,45.45
2024-02-06,567.1,567.1,553.85,555.8,1071673.0,65.84
2024-02-07,569.0,578.25,552.0,555.8,4449337.0,37.7
2024-02-08,555.8,559.5,546.7,549.0,1033571.0,46.1
2024-02-09,551.85,556.75,543.45,554.0,1075063.0,45.6
2024-02-12,553.95,555.3,545.45,551.0,813053.0,46.94
2024-02-13,551.8,559.9,546.55,558.5,596957.0,29.63
2024-02-14,556.55,561.65,546.65,560.85,850727.0,38.51
2024-02-15,562.9,562.9,552.0,553.4,488382.0,39.04
2024-02-16,554.0,564.35,554.0,562.9,725200.0,50.83
2024-02-19,564.5,564.5,555.35,556.9,327372.0,38.17
2024-02-20,559.0,565.0,553.1,563.35,720241.0,56.42
2024-02-21,565.0,575.85,561.5,572.25,1097088.0,54.3
2024-02-22,573.0,573.5,559.05,571.65,1075229.0,37.07
2024-02-23,571.95,572.85,562.05,571.9,877319.0,58.68
2024-02-26,562.0,570.95,555.0,566.45,1111006.0,30.98
2024-02-27,563.05,568.7,556.25,562.9,1046795.0,49.2
2024-02-28,562.0,567.5,555.1,564.2,1083775.0,31.94
2024-02-29,558.05,620.6,556.0,606.7,8044840.0,33.98
2024-03-01,589.3,595.15,579.0,589.15,5148516.0,15.41
2024-03-04,594.65,594.65,574.35,578.9,1121932.0,30.58
2024-03-05,575.5,581.75,570.0,576.3,718291.0,29.78
2024-03-06,575.1,585.0,567.15,577.8,688953.0,31.88
2024-03-07,576.95,583.55,570.05,573.4,928556.0,27.31
2024-03-08,576.95,583.55,570.05,573.4,928556.0,27.31
2024-03-11,573.4,583.9,569.0,576.35,792829.0,35.74
2024-03-12,574.15,576.3,562.25,563.85,513030.0,35.13
2024-03-13,566.75,570.15,553.25,556.75,785395.0,36.79
2024-03-14,554.1,567.5,549.05,565.25,461038.0,41.77
2024-03-15,563.95,567.5,556.0,557.8,710688.0,60.33
2024-03-18,557.8,557.8,552.4,555.25,485247.0,56.84
2024-03-19,552.1,552.5,542.25,550.0,849823.0,45.82
2024-03-20,547.05,554.35,543.0,548.7,605119.0,38.52
2024-03-21,549.2,556.85,549.05,555.55,915142.0,54.65
2024-03-22,552.0,559.9,552.0,558.35,394757.0,36.21
2024-03-25,552.0,559.9,552.0,558.35,394757.0,36.21
2024-03-26,555.35,561.95,554.0,558.2,634752.0,51.12
2024-03-27,558.2,570.0,557.35,567.2,844130.0,43.62
2024-03-28,564.0,586.0,561.0,573.05,1546078.0,34.0
2024-03-29,564.0,586.0,561.0,573.05,1546078.0,34.0
2024-04-01,570.0,573.35,565.0,566.45,569340.0,32.49
2024-04-02,566.45,574.0,563.25,571.7,373873.0,35.89
2024-04-03,569.5,570.4,560.05,561.05,602966.0,46.21
2024-04-04,564.9,565.25,555.1,558.65,792921.0,47.7
2024-04-05,555.65,563.35,555.0,562.15,328980.0,34.3
2024-04-08,562.15,564.55,557.0,560.0,320033.0,40.64
2024-04-09,560.0,564.45,555.0,555.75,350549.0,36.11
2024-04-10,559.0,562.7,555.1,561.7,310094.0,47.92
2024-04-11,559.0,562.7,555.1,561.7,310094.0,47.92
2024-04-12,561.7,563.0,555.4,556.75,326402.0,48.25
2024-04-15,548.1,552.55,543.0,545.95,439357.0,34.22
2024-04-16,542.0,547.35,529.85,531.2,858385.0,45.64
2024-04-17,542.0,547.35,529.85,531.2,858385.0,45.64
2024-04-18,532.05,537.0,513.7,515.9,1385210.0,42.22
2024-04-19,515.0,515.0,500.7,504.55,1587104.0,37.66
2024-04-22,510.0,516.0,501.55,506.5,1908717.0,45.66
2024-04-23,511.5,511.5,502.0,506.35,1297766.0,50.19
2024-04-24,509.8,510.0,505.95,506.7,598336.0,44.3
2024-04-25,507.0,509.75,503.6,505.7,785265.0,36.95
2024-04-26,504.0,509.45,502.0,503.1,691473.0,44.42
2024-04-29,507.8,507.8,503.05,504.35,454281.0,60.08
2024-04-30,507.5,519.95,505.75,508.55,1744043.0,41.75
2024-05-01,507.5,519.95,505.75,508.55,1744043.0,41.75
2024-05-02,511.05,526.0,510.9,522.45,1110923.0,35.66
2024-05-03,526.9,526.9,513.5,523.25,1472843.0,45.71
2024-05-06,527.75,527.75,509.55,511.35,1047073.0,39.79
2024-05-07,515.0,519.95,511.85,512.9,635314.0,30.66
2024-05-08,512.9,514.3,500.0,501.3,1165268.0,45.18
2024-05-09,501.4,501.65,479.55,481.25,2376176.0,34.9
2024-05-10,487.0,492.4,478.0,490.25,1293255.0,28.2
2024-05-13,492.7,496.85,486.2,495.75,1144255.0,46.99
2024-05-14,499.4,499.4,490.2,494.55,955256.0,44.03
2024-05-15,494.0,494.0,480.1,485.1,3269682.0,36.95
2024-05-16,487.0,492.0,484.25,490.0,1715553.0,26.55
2024-05-17,490.0,493.7,485.55,491.85,1243561.0,41.54
2024-05-20,493.4,495.0,491.5,494.2,104513.0,56.76
2024-05-21,494.2,494.9,484.25,491.95,1880165.0,48.21
2024-05-22,493.45,494.0,486.0,488.0,1610062.0,55.88
2024-05-23,489.0,491.65,487.45,488.3,950540.0,42.62
2024-05-24,489.0,489.9,485.0,487.7,1118105.0,47.88
2024-05-27,493.9,493.9,483.1,486.35,2500799.0,59.08
2024-05-28,489.95,497.6,487.1,496.05,1874042.0,52.09
2024-05-29,493.25,501.4,489.0,492.65,1815179.0,55.39
2024-05-30,490.5,491.9,476.1,477.55,1929766.0,58.4
2024-05-31,476.05,481.45,450.8,460.0,47931536.0,78.71
2024-06-03,463.0,473.95,462.65,471.8,2352584.0,47.92
2024-06-04,471.8,471.8,439.0,455.7,4981632.0,55.61
2024-06-05,452.0,481.65,452.0,475.05,6311374.0,60.42
2024-06-06,478.0,485.05,473.0,477.15,2809556.0,56.01
2024-06-07,479.4,483.25,476.0,482.55,1761247.0,61.14
2024-06-10,485.9,493.25,481.0,491.95,2809858.0,59.17
2024-06-11,491.0,496.6,489.0,493.1,2543671.0,64.28
2024-06-12,496.95,500.9,489.9,499.0,2520688.0,61.89
2024-06-13,499.0,504.95,497.0,501.35,1971064.0,56.2
2024-06-14,502.0,504.3,500.5,502.7,851134.0,67.02
2024-06-17,502.0,504.3,500.5,502.7,851134.0,67.02
2024-06-18,505.0,508.7,502.9,504.0,1948411.0,46.59
2024-06-19,506.0,506.7,497.1,497.65,1060446.0,52.18
2024-06-20,498.0,514.9,497.5,510.15,3107570.0,50.17
2024-06-21,513.05,515.0,500.05,502.2,1474799.0,48.49
2024-06-24,503.8,504.95,496.3,502.8,982768.0,53.51
2024-06-25,501.5,504.4,499.05,500.05,911396.0,67.52
2024-06-26,500.05,502.25,494.45,495.8,857647.0,62.84
2024-06-27,495.8,504.35,494.6,501.8,1784087.0,64.48
2024-06-28,501.8,506.9,500.0,504.2,965612.0,59.43
2024-07-01,504.2,509.75,503.7,507.25,825823.0,43.41
2024-07-02,506.75,510.25,504.35,508.15,553025.0,51.77
2024-07-03,511.4,518.5,508.5,510.7,2251803.0,40.47
2024-07-04,511.0,516.95,507.6,513.0,1138953.0,62.81
2024-07-05,517.15,519.5,511.75,514.4,949375.0,41.57
2024-07-08,514.4,517.4,507.45,509.5,1057824.0,42.45
2024-07-09,510.0,515.7,508.75,513.85,2123464.0,72.95
2024-07-10,515.9,531.9,505.05,526.3,4436823.0,44.32
2024-07-11,530.0,531.9,519.5,523.4,2847976.0,42.08
2024-07-12,525.0,532.5,522.55,526.0,1118958.0,47.33
2024-07-15,528.0,536.85,518.75,520.65,2913766.0,46.3
2024-07-16,522.25,524.0,518.65,520.5,1216320.0,51.81
2024-07-17,522.25,524.0,518.65,520.5,1216320.0,51.81
2024-07-18,509.0,523.8,507.2,521.25,2144891.0,33.64
2024-07-19,521.0,528.8,520.45,523.75,2245402.0,38.59
2024-07-22,523.9,528.7,517.4,526.8,1179701.0,58.86
2024-07-23,526.8,528.05,511.05,525.65,1235313.0,52.83
2024-07-24,526.0,532.0,524.15,529.95,673964.0,48.09
2024-07-25,527.0,533.7,524.65,530.3,736843.0,41.62
2024-07-26,530.0,543.5,530.0,542.4,1460612.0,47.25
2024-07-29,545.5,546.6,537.75,538.8,881090.0,52.49
2024-07-30,540.0,555.95,539.95,550.85,1784109.0,44.22
2024-07-31,553.7,558.45,551.0,554.9,915710.0,42.53
2024-08-01,553.85,558.0,547.7,553.0,752570.0,53.74
2024-08-02,544.6,555.65,544.6,550.25,570732.0,34.15
2024-08-05,541.05,548.7,534.4,544.35,1479162.0,40.02
2024-08-06,545.1,549.65,539.3,540.7,551170.0,45.32
2024-08-07,542.7,544.2,532.0,533.75,524567.0,34.25
2024-08-08,531.0,532.8,517.0,518.15,1314999.0,57.57
2024-08-09,522.1,536.95,514.8,531.65,2216308.0,17.4
2024-08-12,532.95,546.05,521.75,526.05,2182696.0,38.3
2024-08-13,525.05,536.7,521.0,534.85,1806393.0,51.15
2024-08-14,534.85,550.85,528.8,547.2,3121337.0,48.69
2024-08-15,534.85,550.85,528.8,547.2,3121337.0,48.69
2024-08-16,550.25,551.95,537.2,549.9,1337329.0,48.51
2024-08-19,558.5,564.35,548.05,562.75,2510348.0,46.32
2024-08-20,562.75,570.55,561.0,568.0,1809059.0,51.53
2024-08-21,558.0,582.95,558.0,576.05,2734967.0,41.61
2024-08-22,579.5,597.2,578.55,582.05,3307418.0,28.83
2024-08-23,582.25,584.9,564.2,565.7,1020719.0,32.52
2024-08-26,565.7,573.2,563.05,572.35,799496.0,42.96
2024-08-27,570.0,586.0,569.5,584.15,1759210.0,48.21
2024-08-28,583.7,583.7,571.5,573.85,655824.0,41.53
2024-08-29,573.85,576.0,568.3,572.05,690713.0,34.01
2024-08-30,572.05,577.0,570.15,571.05,354394.0,37.57
2024-09-02,574.1,579.25,570.15,576.1,655142.0,30.74
2024-09-03,576.1,581.0,575.05,576.8,471349.0,42.81
2024-09-04,576.4,599.5,574.7,597.7,5339588.0,19.81
2024-09-05,599.0,604.5,593.05,595.5,2116046.0,45.84
2024-09-06,593.0,601.0,586.25,596.3,1767040.0,43.96
2024-09-09,598.0,605.0,593.65,602.35,1339041.0,32.26
2024-09-10,601.0,609.3,600.3,601.75,1156637.0,45.09
2024-09-11,608.0,622.3,604.5,618.0,5029471.0,31.72
2024-09-12,621.0,626.9,615.25,620.85,1923351.0,38.27
2024-09-13,617.0,624.45,610.75,622.65,1082762.0,37.76
2024-09-16,621.1,626.7,618.45,625.15,846694.0,39.65
2024-09-17,622.1,629.5,616.0,622.55,904631.0,53.81
2024-09-18,619.1,621.55,613.55,620.2,1302741.0,61.36
2024-09-19,619.0,626.6,616.95,620.5,691021.0,41.74
2024-09-20,622.0,625.95,615.1,622.85,932381.0,54.12
2024-09-23,623.25,624.0,611.0,614.85,1379254.0,45.17
2024-09-24,615.0,620.0,610.45,612.0,763937.0,60.39
2024-09-25,609.0,618.0,600.2,615.95,959982.0,36.53
2024-09-26,615.2,615.9,606.15,613.9,1803592.0,49.7
2024-09-27,617.0,629.15,613.8,617.55,8924066.0,71.84
2024-09-30,616.5,625.0,613.0,622.3,1430522.0,49.53
2024-10-01,621.9,624.0,607.65,619.65,1098938.0,49.33
2024-10-02,621.9,624.0,607.65,619.65,1098938.0,49.33
2024-10-03,605.0,614.1,590.2,597.05,1567171.0,38.04
2024-10-04,588.1,592.95,574.25,576.95,1777023.0,36.48
2024-10-07,576.9,581.65,561.9,567.85,1238244.0,35.91
2024-10-08,561.2,576.6,561.2,573.1,886312.0,34.81
2024-10-09,576.1,585.0,572.15,575.8,895473.0,46.36
2024-10-10,576.45,582.0,571.8,573.3,699203.0,51.24
2024-10-11,572.8,574.75,565.85,571.55,657654.0,41.88
2024-10-14,571.0,576.1,565.0,568.45,726045.0,47.09
2024-10-15,572.15,588.6,572.15,581.25,2560859.0,41.72
2024-10-16,581.55,583.7,567.5,569.7,491083.0,28.63
2024-10-17,572.0,572.7,556.55,558.15,504715.0,33.95
2024-10-18,558.15,558.35,549.05,556.35,818515.0,48.48
2024-10-21,557.2,565.45,554.35,556.65,775279.0,48.52
2024-10-22,556.5,559.6,536.05,538.45,622476.0,25.46
2024-10-23,537.05,540.55,530.4,534.6,517436.0,29.86
2024-10-24,538.45,551.5,535.65,544.0,1003315.0,23.58
2024-10-25,548.0,552.8,533.95,536.95,1092908.0,44.94
2024-10-28,541.15,548.35,534.85,539.2,427883.0,25.4
2024-10-29,543.0,548.95,531.05,545.5,585566.0,33.56
2024-10-30,542.75,550.35,539.55,546.9,976488.0,53.51
2024-10-31,546.3,547.75,528.25,536.8,1514198.0,51.31
2024-11-01,539.0,542.75,529.1,531.75,229817.0,31.22
2024-11-04,531.75,533.75,520.0,524.5,603925.0,27.57
2024-11-05,524.5,527.3,510.0,513.4,1320133.0,31.34
2024-11-06,510.5,528.5,508.0,525.15,2276886.0,41.2
2024-11-07,526.9,527.0,513.95,516.25,755213.0,27.63
2024-11-08,516.25,518.0,502.7,504.25,730157.0,35.24
2024-11-11,490.0,496.3,485.95,490.8,1574113.0,33.07
2024-11-12,494.0,498.0,490.6,496.15,746801.0,50.6
2024-11-13,493.4,495.15,485.4,489.75,1258501.0,25.6
2024-11-14,491.4,495.75,486.0,491.9,364603.0,27.82
2024-11-18,493.55,494.0,478.4,479.35,460129.0,37.85
2024-11-19,479.5,483.45,475.0,476.25,476377.0,44.23
2024-11-20,479.5,483.45,475.0,476.25,476377.0,44.23
2024-11-21,478.5,478.5,463.75,465.5,757344.0,45.23
2024-11-22,465.5,477.6,465.5,476.25,410464.0,32.21
2024-11-25,480.15,484.45,474.55,475.9,468128.0,43.68
2024-11-26,480.45,489.6,478.45,486.95,768438.0,25.4
2024-11-27,492.0,492.0,484.5,490.35,488477.0,30.24
2024-11-28,492.0,493.0,484.55,489.45,676369.0,46.08
2024-11-29,492.0,495.55,489.25,493.7,437653.0,45.47
2024-12-02,496.3,497.95,487.5,489.6,3195771.0,72.43
2024-12-03,492.15,493.75,481.4,482.15,2234434.0,75.23
2024-12-04,482.1,485.9,477.05,478.3,1625906.0,64.54
2024-12-05,480.0,484.15,476.25,482.9,1546335.0,52.05
2024-12-06,485.0,486.95,479.65,480.45,1154541.0,64.21
2024-12-09,482.0,482.9,474.3,479.1,1214274.0,36.3
2024-12-10,481.0,481.1,474.5,477.4,2045768.0,58.48
2024-12-11,478.65,480.95,474.75,476.15,1163869.0,57.82
2024-12-12,477.5,477.5,470.4,472.05,897153.0,65.93
2024-12-13,471.35,475.9,465.0,475.0,1255041.0,55.75
2024-12-16,476.0,479.4,471.85,477.5,319487.0,41.63
2024-12-17,479.9,479.9,462.2,463.05,846496.0,49.45
2024-12-18,464.3,465.7,451.55,452.85,1553122.0,54.47
2024-12-19,449.1,456.45,444.0,445.05,1734273.0,55.01
2024-12-20,448.0,448.1,441.95,444.8,2478191.0,63.58
2024-12-23,447.0,447.0,437.75,443.6,1073520.0,24.55
2024-12-24,443.6,447.95,441.85,443.85,469109.0,45.92
2024-12-25,443.6,447.95,441.85,443.85,469109.0,45.92
2024-12-26,445.5,445.9,439.45,441.0,559602.0,39.09
2024-12-27,443.8,445.0,441.0,442.3,289316.0,38.65
2024-12-30,443.15,450.55,437.75,448.25,1481944.0,55.52
2024-12-31,447.5,450.1,444.6,448.55,525227.0,43.91
2025-01-01,448.0,459.7,446.9,458.15,811891.0,26.3
2025-01-02,459.0,460.6,451.6,457.4,709043.0,37.75
2025-01-03,457.4,461.0,456.0,457.85,498090.0,46.18
2025-01-06,457.85,459.1,442.65,447.6,968101.0,51.78
2025-01-07,447.15,452.7,447.15,451.25,376952.0,28.1
2025-01-08,452.0,463.6,449.1,461.95,1411033.0,32.48
2025-01-09,462.0,472.4,461.5,468.75,1600589.0,32.05
2025-01-10,467.0,467.8,458.6,460.85,472058.0,34.01
2025-01-13,454.85,461.65,449.05,451.4,1046468.0,32.47
2025-01-14,451.5,465.0,451.5,462.45,928304.0,50.1
2025-01-15,465.85,466.55,460.95,464.4,360555.0,42.88
2025-01-16,468.15,468.2,461.0,464.8,459527.0,50.57
2025-01-17,463.0,471.1,462.45,468.8,418850.0,47.29
2025-01-20,470.0,472.3,465.15,468.5,283815.0,36.39
2025-01-21,468.5,478.9,468.2,475.2,2398969.0,54.6
2025-01-22,475.2,477.85,469.65,476.05,872456.0,50.25
2025-01-23,476.0,485.45,472.0,480.35,1399938.0,55.23
2025-01-24,480.35,485.25,478.0,480.1,540500.0,43.18
2025-01-27,477.65,485.35,475.15,480.0,1695755.0,57.71
2025-01-28,478.2,480.9,468.25,472.75,1084524.0,45.92
2025-01-29,472.75,473.65,457.65,458.8,1610261.0,50.79
2025-01-30,460.05,478.75,460.05,475.85,1080143.0,22.06
2025-01-31,475.0,477.2,469.05,472.75,514076.0,44.77
2025-02-03,493.0,497.0,481.1,485.5,1769700.0,43.56
2025-02-04,487.05,495.55,470.65,489.4,2988222.0,43.14
2025-02-05,489.4,489.4,472.4,479.05,1715973.0,43.96
2025-02-06,480.15,484.5,475.0,476.0,457035.0,23.3
2025-02-07,477.0,481.0,474.75,479.35,373233.0,39.92
2025-02-10,479.35,487.5,473.1,484.8,865594.0,27.64
2025-02-11,486.15,489.1,472.25,475.9,973237.0,20.19
2025-02-12,480.0,492.8,469.35,484.7,2862289.0,11.33
2025-02-13,484.7,491.75,479.95,485.25,561092.0,24.02
2025-02-14,485.05,486.95,474.55,478.3,454659.0,31.76
2025-02-17,473.1,484.6,473.1,483.7,395337.0,37.72
2025-02-18,484.0,493.4,478.05,491.95,784798.0,37.55
2025-02-19,492.55,493.8,485.45,489.0,436944.0,24.16
2025-02-20,484.0,492.75,484.0,492.05,306930.0,39.67
2025-02-21,491.55,492.0,483.7,491.25,602309.0,32.85
2025-02-24,484.1,505.0,484.1,502.85,1194522.0,27.37
2025-02-25,503.0,507.0,497.5,500.95,1346011.0,29.15
2025-02-27,501.7,511.75,498.0,505.25,1774264.0,40.52
2025-02-28,495.5,501.15,486.0,488.55,700093.0,26.43
2025-03-03,488.0,491.75,479.6,488.65,560937.0,33.13
2025-03-04,485.0,489.25,480.05,481.6,367199.0,19.93
2025-03-05,480.05,486.95,478.1,484.0,285928.0,29.83
2025-03-06,488.4,503.45,487.85,500.6,1566314.0,47.37
2025-03-07,501.0,512.0,498.45,509.35,720896.0,25.43
2025-03-10,509.2,514.7,500.0,504.45,835474.0,37.55
2025-03-11,500.0,503.85,493.15,498.05,588944.0,49.21
2025-03-12,498.0,501.55,480.5,482.6,380975.0,26.7
2025-03-13,482.5,490.55,473.6,488.2,637761.0,15.36
2025-03-17,484.1,504.0,484.1,502.65,464397.0,28.61
2025-03-18,505.0,508.75,496.4,505.6,540330.0,27.8
2025-03-19,506.0,508.55,500.05,501.4,784632.0,54.59
2025-03-20,502.2,510.4,498.95,507.85,473062.0,25.35
2025-03-21,507.8,509.9,497.0,500.3,943473.0,44.48
2025-03-24,501.0,514.15,501.0,511.6,672842.0,34.62
2025-03-25,514.0,514.0,499.95,501.0,893963.0,53.21
2025-03-26,502.9,509.25,499.05,501.45,494207.0,31.06
2025-03-27,501.05,505.0,497.0,501.75,566150.0,42.05
2025-03-28,501.75,511.9,499.1,500.2,587958.0,48.6
2025-04-01,500.0,505.1,489.75,493.5,814105.0,30.03
2025-04-02,494.0,508.1,486.55,505.1,520039.0,27.22
2025-04-03,500.95,513.6,497.7,511.3,339443.0,33.19
2025-04-04,515.0,521.5,506.3,512.05,1588941.0,55.57
2025-04-07,499.95,515.25,494.5,511.95,1263089.0,44.2
2025-04-08,520.0,538.0,516.85,535.55,2226260.0,44.7
2025-04-09,539.0,551.0,535.35,537.6,1450416.0,35.98
2025-04-11,541.55,542.05,525.55,530.5,658774.0,37.08
2025-04-15,533.5,534.45,520.5,526.4,851597.0,37.49
2025-04-16,528.4,546.85,526.7,542.05,1045359.0,38.44
2025-04-17,542.65,548.6,537.05,543.6,1294585.0,53.38
2025-04-21,547.0,562.0,544.0,553.35,944764.0,39.69
2025-04-22,554.9,582.85,548.9,579.2,2109067.0,27.44
2025-04-23,577.1,594.0,573.75,589.1,1134427.0,38.39
2025-04-24,589.0,595.85,580.65,584.95,959270.0,34.56
2025-04-25,579.75,579.95,550.0,552.5,721209.0,29.02
2025-04-28,547.15,555.35,544.0,553.55,414276.0,38.56
2025-04-29,555.0,559.25,542.1,545.95,424101.0,39.05
2025-04-30,545.95,552.9,539.05,544.2,526403.0,69.01
2025-05-02,542.0,555.8,539.85,543.6,904419.0,51.09
2025-05-05,549.0,559.95,548.7,554.1,524699.0,33.38
2025-05-06,554.0,556.9,539.5,543.25,414976.0,68.35
2025-05-07,534.0,551.85,532.85,541.35,506567.0,46.25
2025-05-08,541.35,549.1,534.9,538.15,323162.0,46.38
2025-05-09,526.1,539.5,525.1,536.6,629649.0,72.8
2025-05-12,545.5,550.5,538.2,540.95,221784.0,46.81
2025-05-13,545.3,547.0,538.2,542.9,377262.0,43.48
2025-05-14,543.0,565.2,536.0,552.95,1636176.0,24.79
2025-05-15,562.0,579.8,557.75,572.25,1544103.0,25.12
2025-05-16,573.95,577.0,566.0,576.1,465204.0,41.86
2025-05-19,573.1,580.0,561.0,563.35,461194.0,51.3
2025-05-20,566.9,566.9,544.6,557.1,548630.0,50.44
2025-05-21,557.0,557.6,546.0,548.6,218376.0,45.17
2025-05-22,551.25,571.0,546.7,566.4,592152.0,48.65
2025-05-23,566.5,566.55,553.7,554.9,308738.0,32.83
2025-05-26,554.9,557.2,545.5,547.9,310939.0,35.3
2025-05-27,545.1,553.4,544.4,551.35,229035.0,40.38
2025-05-28,549.7,560.9,546.0,552.85,362964.0,56.01
2025-05-29,553.25,564.0,547.0,561.2,392543.0,43.43
2025-05-30,561.2,572.0,550.5,568.3,466110.0,53.78
2025-06-02,563.1,564.15,554.0,556.9,242593.0,45.88
2025-06-03,553.0,568.85,553.0,558.0,274291.0,36.7
2025-06-04,560.4,570.0,554.0,569.25,297840.0,51.94
2025-06-05,569.35,588.5,564.0,582.0,845301.0,34.56
2025-06-06,582.45,584.0,573.2,581.5,389243.0,40.75
2025-06-09,579.75,584.0,568.05,571.5,483853.0,47.07
2025-06-10,571.5,576.1,567.0,572.9,509657.0,31.54
2025-06-11,568.5,578.1,564.95,567.2,542151.0,66.17
2025-06-12,564.3,571.6,561.05,568.55,520758.0,45.75
2025-06-13,546.5,571.9,545.05,570.15,413401.0,40.24
2025-06-16,564.9,578.0,561.0,569.6,597011.0,47.39
2025-06-17,566.0,569.9,559.8,561.25,370437.0,47.92
2025-06-18,561.2,565.8,556.1,557.65,238378.0,37.12
2025-06-19,555.95,558.7,542.0,544.5,199184.0,52.29
2025-06-20,547.0,549.1,529.15,535.75,3700914.0,71.05
2025-06-23,528.4,555.6,528.2,553.35,739782.0,42.86
2025-06-24,560.45,563.35,549.0,553.3,674231.0,64.11
2025-06-25,554.9,571.65,553.3,568.3,1158790.0,48.93
2025-06-26,568.8,574.65,565.4,570.0,828256.0,68.13
2025-06-27,574.95,588.35,568.1,583.95,2426286.0,67.62
2025-06-30,582.0,594.8,576.0,592.65,1062306.0,61.08
2025-07-01,595.25,598.0,586.85,594.05,871346.0,63.46
2025-07-02,591.0,598.15,584.3,594.85,762572.0,66.3
2025-07-03,594.8,605.0,593.1,600.15,764483.0,59.21
2025-07-04,600.0,603.5,593.7,596.0,363256.0,69.92
2025-07-07,592.1,600.0,583.7,585.9,330186.0,57.05
2025-07-08,585.9,591.8,578.85,582.55,536323.0,66.92
2025-07-09,586.0,591.75,583.0,585.0,560406.0,73.96
2025-07-10,585.0,588.35,577.05,578.2,354572.0,57.71
2025-07-11,574.2,579.55,569.25,572.55,278290.0,65.03
2025-07-14,569.75,571.15,555.2,556.85,501192.0,57.67
2025-07-15,556.85,574.95,556.75,561.2,588177.0,62.24
2025-07-16,564.95,572.5,560.65,564.9,638397.0,62.74
2025-07-17,566.55,583.0,565.3,579.25,532523.0,74.32
2025-07-18,582.9,585.25,573.3,576.8,226348.0,53.1
2025-07-21,574.0,575.0,565.3,566.65,168830.0,54.66
2025-07-22,569.35,574.45,566.65,570.5,360531.0,70.27
2025-07-23,568.65,577.3,566.9,576.2,168104.0,58.9
2025-07-24,576.2,580.15,569.05,577.05,285748.0,52.7
2025-07-25,577.05,577.05,554.8,558.0,394263.0,52.56
2025-07-28,554.8,570.0,554.8,560.1,349006.0,68.0
2025-07-29,560.1,575.0,554.9,571.5,661034.0,69.84
2025-07-30,570.0,580.0,566.3,574.95,475258.0,58.74
2025-07-31,565.0,574.3,562.0,564.9,164767.0,47.54
2025-08-01,562.0,582.0,561.5,566.9,945316.0,54.91
2025-08-04,567.95,573.8,563.8,570.0,384549.0,57.95
2025-08-05,568.35,579.35,558.2,571.7,775885.0,27.3
2025-08-06,570.0,571.5,556.6,565.3,306747.0,36.55
2025-08-07,560.0,562.25,542.45,545.95,856518.0,75.6
2025-08-08,543.0,564.4,543.0,551.05,964084.0,80.1
2025-08-11,551.05,555.5,541.0,546.1,152097.0,37.45
2025-08-12,546.15,552.15,533.15,537.4,544244.0,59.59
2025-08-13,542.0,542.0,530.65,537.4,332900.0,65.29
2025-08-14,534.2,537.7,528.2,533.45,327061.0,51.5
2025-08-18,536.95,555.95,532.45,551.35,770010.0,76.6
2025-08-19,551.35,552.95,543.1,547.1,941567.0,79.99
2025-08-20,547.1,551.45,541.0,543.5,296943.0,56.37
2025-08-21,545.0,546.2,529.0,530.3,449739.0,51.52
2025-08-22,530.5,534.9,524.2,527.0,556016.0,62.06
2025-08-25,527.0,536.5,525.8,534.55,291815.0,55.94
2025-08-26,533.0,537.6,524.4,525.1,447975.0,66.28
2025-08-28,524.0,540.8,522.3,528.5,1248800.0,61.0
2025-08-29,528.0,535.9,525.8,533.0,258794.0,48.28
2025-09-01,533.0,548.9,532.8,547.0,547662.0,53.2
2025-09-02,546.8,549.8,539.0,543.8,277227.0,52.89
2025-09-03,543.7,547.9,538.7,542.85,387113.0,65.54
2025-09-04,544.2,550.0,539.05,541.1,228411.0,45.0
2025-09-05,540.0,545.6,532.0,538.7,411344.0,50.46
2025-09-08,538.7,542.05,534.05,539.7,170819.0,57.83
2025-09-09,530.1,538.7,528.75,529.35,434686.0,69.55
2025-09-10,532.0,536.5,530.25,535.65,231765.0,56.21
2025-09-11,534.7,555.0,532.5,551.35,650342.0,61.85
2025-09-12,552.3,557.85,535.25,539.35,497684.0,55.15
2025-09-15,541.85,546.25,536.1,544.25,306309.0,51.17
2025-09-16,543.0,554.4,535.35,536.75,547566.0,58.21
2025-09-17,539.0,547.2,532.15,534.25,570517.0,64.68
2025-09-18,535.0,543.0,532.6,535.35,476811.0,60.94
2025-09-19,538.0,540.7,530.2,531.6,866877.0,69.28
2025-09-22,533.95,539.85,530.2,531.55,477076.0,53.8
2025-09-23,532.05,535.6,529.5,532.6,263078.0,58.07
2025-09-24,533.85,539.3,530.05,535.8,495382.0,60.63
2025-09-25,532.4,536.55,529.85,531.2,551990.0,78.03
2025-09-26,530.0,532.2,513.35,521.45,870566.0,65.2
2025-09-29,518.0,518.85,507.45,516.7,613272.0,57.97
2025-09-30,520.8,522.15,506.1,515.2,253123.0,51.88
2025-10-01,512.1,532.9,511.05,529.65,401978.0,59.63
2025-10-03,528.0,543.45,527.0,542.6,907288.0,69.61
2025-10-06,537.3,539.9,531.2,532.2,192604.0,48.88
2025-10-07,532.5,537.25,529.55,536.1,243254.0,51.56
2025-10-08,534.3,536.4,525.0,526.2,147038.0,54.64
2025-10-09,526.2,534.0,524.35,533.0,234444.0,61.14
2025-10-10,531.0,535.75,529.2,535.15,273685.0,69.35
2025-10-13,531.95,536.4,530.0,534.1,187697.0,53.79
2025-10-14,536.0,537.6,531.3,533.95,445492.0,50.82
2025-10-15,532.1,537.1,525.0,526.25,604745.0,57.12
2025-10-16,526.95,535.7,526.95,532.9,419357.0,56.64
2025-10-17,531.0,545.8,531.0,544.9,1225794.0,51.98
2025-10-20,548.0,553.15,537.5,539.75,476268.0,52.57
2025-10-21,539.75,544.65,537.65,541.4,55165.0,43.23
2025-10-22,539.75,544.65,537.65,541.4,55165.0,43.23
2025-10-23,541.0,544.6,536.1,542.35,466320.0,62.16
2025-10-24,545.0,548.0,537.0,545.65,329427.0,51.67
2025-10-27,544.0,545.65,538.35,541.2,409556.0,77.89
2025-10-28,540.6,545.5,538.5,544.9,202771.0,57.54
2025-10-29,543.65,546.0,540.0,545.05,135812.0,56.28
2025-10-30,545.05,546.0,539.0,544.75,192527.0,51.9
2025-10-31,543.45,545.6,539.15,542.1,188516.0,55.08
2025-11-03,541.0,542.1,533.0,539.0,206023.0,47.73
2025-11-04,539.0,543.05,536.0,537.45,332455.0,60.48
2025-11-05,539.0,543.05,536.0,537.45,332455.0,60.48
2025-11-06,530.95,554.8,530.3,544.45,1118825.0,39.65
2025-11-07,544.5,544.55,528.35,531.05,353605.0,57.93
2025-11-10,530.65,537.5,528.9,535.6,180354.0,48.22
2025-11-11,535.6,558.6,535.6,546.2,615377.0,26.15
2025-11-12,546.2,569.4,546.2,560.1,501201.0,52.33
2025-11-13,567.0,582.0,564.75,577.9,1350351.0,54.6
2025-11-14,564.5,587.95,564.5,579.55,253136.0,50.02
2025-11-17,579.55,582.8,574.3,578.1,242696.0,60.53
2025-11-18,577.3,590.25,577.25,586.6,558549.0,56.7
2025-11-19,586.1,592.0,581.3,588.95,372375.0,56.72
2025-11-20,587.05,591.2,580.1,590.1,260687.0,62.05
2025-11-21,584.5,594.55,576.0,579.55,434629.0,52.71
2025-11-24,579.6,590.45,574.15,579.3,358255.0,46.42
2025-11-25,583.0,586.0,566.0,569.15,210209.0,50.83
2025-11-26,570.0,578.0,558.85,575.65,319450.0,50.4
2025-11-27,575.0,579.35,562.35,570.85,341692.0,52.02
2025-11-28,566.25,570.5,561.25,564.6,190459.0,65.15
2025-12-01,565.0,567.4,554.0,556.1,143456.0,49.05
2025-12-02,556.2,561.95,550.1,559.05,158188.0,43.55
2025-12-03,559.05,560.05,549.5,558.3,262442.0,57.12
2025-12-04,558.3,561.5,551.0,556.15,698092.0,81.99
2025-12-05,554.1,558.15,551.3,554.5,284404.0,83.02
2025-12-08,554.4,554.5,535.55,539.1,319910.0,68.82
2025-12-09,535.1,543.85,529.05,539.95,475084.0,68.79
2025-12-10,541.0,553.6,538.4,549.1,299565.0,46.47
2025-12-11,546.2,547.85,534.0,539.5,171222.0,31.57
2025-12-12,539.5,543.6,535.5,541.25,168351.0,46.26
2025-12-15,541.0,542.55,538.0,540.1,101735.0,44.95
2025-12-16,540.0,543.5,536.4,540.05,122982.0,41.78
2025-12-17,540.05,542.5,534.2,538.9,128096.0,50.72
2025-12-18,536.2,537.9,531.1,536.35,84320.0,49.7
2025-12-19,534.6,539.55,533.0,538.0,268604.0,58.25
2025-12-22,538.0,569.15,536.0,542.15,636894.0,23.94
2025-12-23,546.0,552.2,540.5,544.05,200833.0,41.07
2025-12-24,545.0,556.7,542.1,555.15,287246.0,41.77
2025-12-25,545.0,556.7,542.1,555.15,287246.0,41.77
2025-12-26,554.0,558.55,540.0,542.05,347472.0,48.37
2025-12-29,540.05,546.85,537.85,544.6,174890.0,49.68
2025-12-30,541.0,541.8,518.1,525.55,2245520.0,71.1
2025-12-31,528.2,540.95,526.5,536.55,327259.0,54.67
2026-01-01,539.0,539.0,529.3,533.65,206112.0,53.86
2026-01-02,536.2,536.2,521.65,524.1,342256.0,58.0
2026-01-05,524.1,529.5,522.2,528.6,206055.0,45.38
2026-01-06,530.15,531.8,522.0,526.8,305401.0,46.15
2026-01-07,524.0,527.25,521.4,526.15,218527.0,55.83
2026-01-08,522.0,527.15,515.0,519.7,257475.0,52.73
2026-01-09,519.9,520.0,511.0,514.2,323785.0,49.87
2026-01-12,512.0,516.8,505.0,509.9,250010.0,46.88
2026-01-13,509.05,526.4,508.0,520.75,193275.0,45.07
2026-01-14,519.45,526.25,512.75,525.15,181978.0,46.13
2026-01-15,519.45,526.25,512.75,525.15,181978.0,46.13
2026-01-16,525.15,526.0,516.05,519.75,163802.0,49.98
2026-01-19,515.55,521.35,512.0,519.7,188628.0,42.43
2026-01-20,515.5,521.0,507.25,514.35,242849.0,46.04
2026-01-21,507.05,518.0,506.0,515.8,213770.0,43.14
2026-01-22,512.1,520.1,506.75,507.8,236034.0,44.78
2026-01-23,508.65,510.5,502.6,504.5,236401.0,51.3
2026-01-26,508.65,510.5,502.6,504.5,236401.0,51.3
2026-01-27,505.0,506.0,489.1,495.3,233354.0,43.63
2026-01-28,494.85,494.85,477.45,478.85,327060.0,50.81
2026-01-29,478.85,480.0,461.75,463.5,418757.0,52.95
2026-01-30,461.9,466.4,459.25,462.9,262316.0,54.21
2026-02-02,467.05,470.5,452.85,466.15,225137.0,46.88
2026-02-03,476.15,481.0,468.65,480.05,370709.0,48.32
2026-02-04,480.05,484.35,470.0,480.1,179793.0,50.33
2026-02-05,484.95,484.95,470.0,472.3,153304.0,39.32
2026-02-06,465.0,473.95,458.45,472.4,341137.0,32.16
2026-02-09,471.1,472.4,463.8,467.15,748864.0,80.85
2026-02-10,469.8,470.0,457.45,458.65,1970914.0,83.8
2026-02-11,459.95,461.65,448.75,458.5,2687693.0,86.91
2026-02-12,460.45,465.4,457.25,460.75,952165.0,63.54
2026-02-13,460.0,464.2,452.5,462.0,309257.0,60.5
2026-02-16,462.0,465.35,458.0,462.4,240785.0,46.58
2026-02-17,463.45,465.5,461.1,463.4,124854.0,52.7
2026-02-18,463.1,465.0,458.1,460.4,168281.0,49.9
2026-02-19,461.75,462.6,455.6,457.45,163832.0,48.9
2026-02-20,456.35,461.9,451.95,455.45,285333.0,40.0
2026-02-23,457.0,465.5,455.9,464.8,315354.0,52.01
2026-02-24,464.8,465.15,459.3,462.7,177563.0,54.58
2026-02-25,462.7,464.55,454.05,456.05,241718.0,52.24
2026-02-26,458.25,462.45,456.15,459.25,210873.0,59.21
2026-02-27,459.25,460.95,454.6,456.1,1000790.0,91.56
2026-03-02,431.15,454.9,431.15,447.4,568619.0,37.19
2026-03-03,431.15,454.9,431.15,447.4,568619.0,37.19
2026-03-04,436.55,445.6,433.55,438.75,432782.0,56.68
2026-03-05,438.0,443.95,430.55,434.8,1057480.0,80.64
2026-03-06,434.0,444.0,429.05,440.3,350669.0,38.07
2026-03-09,428.65,442.0,421.15,434.2,419421.0,40.11
2026-03-10,441.15,444.75,435.0,436.7,406925.0,50.06
2026-03-11,441.8,444.1,429.5,430.65,562973.0,75.24
2026-03-12,428.7,428.7,419.2,422.7,357534.0,45.78
2026-03-13,417.85,418.85,404.6,407.8,356646.0,45.66
2026-03-16,405.0,407.7,391.1,404.5,457812.0,41.21
2026-03-17,404.8,420.4,404.3,416.15,676135.0,31.73
2026-03-18,416.3,419.0,411.1,414.95,288293.0,52.27
2026-03-19,408.8,415.9,407.15,409.45,290614.0,38.21
2026-03-20,417.0,420.0,412.5,416.7,489338.0,58.7
2026-03-23,410.9,414.75,403.65,405.45,356953.0,48.24
2026-03-24,420.0,420.25,407.35,413.8,366598.0,41.22
2026-03-25,418.95,427.7,416.15,425.45,349329.0,44.75
2026-03-26,418.95,427.7,416.15,425.45,349329.0,44.75
2026-03-27,420.0,425.0,410.45,414.65,632063.0,49.0
2026-03-30,412.75,415.0,404.45,410.0,382857.0,52.26
2026-03-31,412.75,415.0,404.45,410.0,382857.0,52.26
2026-04-01,419.15,419.2,413.2,417.8,178475.0,43.99
2026-04-02,413.75,424.9,405.75,422.25,345762.0,35.66
2026-04-03,413.75,424.9,405.75,422.25,345762.0,35.66
2026-04-06,422.6,435.0,416.85,431.0,207641.0,39.25
2026-04-07,431.0,434.55,424.05,429.85,156151.0,52.46
2026-04-08,450.4,450.4,433.55,435.7,599265.0,51.79
2026-04-09,437.75,440.95,431.7,435.0,285421.0,58.85
2026-04-10,430.0,457.9,428.95,454.0,627408.0,42.04
2026-04-13,446.5,465.0,439.7,460.7,334843.0,36.5
2026-04-14,446.5,465.0,439.7,460.7,334843.0,36.5
2026-04-15,468.2,476.7,463.1,474.6,434348.0,49.76
2026-04-16,477.0,481.95,468.0,472.1,182272.0,47.84
2026-04-17,472.4,477.0,460.0,468.6,159612.0,46.86
2026-04-20,469.95,490.0,463.3,483.95,402025.0,45.07
2026-04-21,484.45,485.0,478.35,480.6,133179.0,40.11
2026-04-22,478.0,479.6,470.7,478.25,163070.0,36.96
2026-04-23,470.5,476.4,467.0,468.65,123440.0,42.43
2026-04-24,468.65,474.6,458.2,460.4,113166.0,34.06
2026-04-27,460.4,466.75,459.0,463.6,93182.0,37.02
2026-04-28,463.6,469.0,459.0,459.85,73492.0,52.01
2026-04-29,459.95,469.05,456.85,463.8,96718.0,44.59
2026-04-30,458.0,474.9,455.75,473.1,251398.0,33.93
2026-05-01,458.0,474.9,455.75,473.1,251398.0,33.93
2026-05-04,473.1,480.2,468.1,470.3,159600.0,35.01
2026-05-05,469.1,476.0,465.9,470.6,78970.0,39.31
2026-05-06,474.65,480.0,470.3,478.45,129294.0,39.44
2026-05-07,488.0,498.95,484.6,488.25,432652.0,35.74
2026-05-08,490.0,521.95,488.05,515.75,2002819.0,25.04
2026-05-11,511.95,511.95,491.05,493.85,259609.0,36.24
2026-05-12,490.0,498.55,479.0,488.1,273268.0,30.69
2026-05-13,505.0,533.35,500.0,507.7,9314433.0,12.28
2026-05-14,514.95,540.35,512.0,533.9,4289866.0,48.39
2026-05-15,534.0,536.2,528.1,533.45,470935.0,35.63
2026-05-18,525.5,529.0,510.6,524.6,490228.0,47.95
2026-05-19,525.0,528.1,505.0,507.7,353321.0,33.82
2026-05-20,502.0,511.9,496.65,508.45,200794.0,29.11
2026-05-21,513.95,529.0,496.25,499.35,440704.0,43.06
2026-05-22,503.0,505.95,496.35,501.15,315514.0,41.15
2026-05-25,507.0,511.75,501.8,504.85,222668.0,44.95
2026-05-26,508.4,519.0,505.0,515.55,377263.0,58.25
2026-05-27,514.4,527.9,511.05,526.95,250085.0,52.92
2026-05-28,514.4,527.9,511.05,526.95,250085.0,52.92
2026-05-29,528.0,530.0,495.0,500.6,659911.0,51.61
2026-06-01,502.0,518.85,501.95,512.9,594208.0,49.73
2026-06-02,509.85,514.75,505.0,508.25,221082.0,45.57
2026-06-03,507.0,512.85,494.0,496.05,344743.0,45.57
2026-06-04,495.0,512.45,492.3,494.25,497863.0,39.54
2026-06-05,496.7,500.65,487.15,490.25,175032.0,44.61
2026-06-08,485.0,495.05,481.05,491.9,281633.0,53.36
2026-06-09,495.8,504.7,493.0,501.9,259875.0,53.87
2026-06-10,504.15,522.9,502.0,516.7,660384.0,46.18
2026-06-11,514.95,522.2,504.5,513.95,344492.0,43.64
2026-06-12,521.0,523.35,510.0,515.15,382979.0,59.5
2026-06-15,528.7,538.15,516.15,519.4,480247.0,49.29
2026-06-16,521.0,524.95,508.0,510.5,378494.0,53.55
2026-06-17,516.0,518.9,510.05,511.7,290258.0,48.69
2026-06-18,513.6,515.1,504.1,505.05,260296.0,58.47
2026-06-19,506.0,559.7,504.8,550.7,7790257.0,18.82
2026-06-22,550.7,559.7,540.45,550.05,1112892.0,33.19
2026-06-23,550.0,555.0,542.05,546.25,515787.0,59.21
2026-06-24,540.25,546.8,525.75,530.55,518210.0,59.71
2026-06-25,534.3,551.65,533.25,538.65,604446.0,29.51
2026-06-26,534.3,551.65,533.25,538.65,604446.0,29.51
2026-06-29,536.0,539.9,513.0,518.3,1267718.0,62.2
2026-06-30,522.0,526.35,508.75,510.1,506186.0,57.06
2026-07-01,510.1,518.6,507.15,515.35,496084.0,46.57
2026-07-02,520.0,525.0,514.9,520.75,358693.0,43.85
2026-07-03,520.9,529.0,517.0,519.45,490880.0,61.56
2026-07-06,518.05,525.5,514.4,521.85,498483.0,58.74
2026-07-07,525.5,526.0,508.0,508.7,274384.0,52.4
2026-07-08,503.0,510.0,495.25,498.1,355138.0,45.82
2026-07-09,498.0,502.7,486.0,497.0,334608.0,43.59
2026-07-10,503.75,504.5,495.5,497.25,155896.0,41.17
2026-07-13,491.15,494.8,486.5,492.95,111789.0,42.32
2026-07-14,486.3,495.0,484.35,489.1,220547.0,49.96
2026-07-15,489.85,496.35,489.4,491.7,124360.0,42.13
2026-07-16,490.25,510.0,490.25,498.3,162559.0,41.79
2026-07-17,498.35,501.0,491.55,493.7,171501.0,46.51
2026-07-20,494.7,498.7,489.1,490.7,242880.0,51.14
2026-07-21,492.45,513.35,491.0,506.4,668714.0,29.8
2026-07-22,507.0,507.0,495.0,496.45,137867.0,36.61
2026-07-23,499.8,503.9,492.2,493.6,143720.0,37.01
2026-07-24,489.7,499.9,488.9,497.95,99047.0,39.1
2026-07-27,502.1,506.9,499.55,504.0,173146.0,48.23
2026-07-28,507.0,507.0,498.1,499.35,103531.0,53.93
2026-07-29,499.35,528.1,497.25,520.05,746012.0,36.43
2026-07-30,516.9,526.0,512.2,521.35,315910.0,47.23
2026-07-31,524.95,524.95,515.4,520.45,241120.0,54.35
2026-08-03,522.3,536.55,522.0,526.55,389074.0,50.98
2026-08-04,527.0,544.0,526.6,533.8,488585.0,42.24
2026-08-05,534.0,555.0,525.1,545.2,1408654.0,25.9
2026-08-06,546.0,557.3,535.6,537.6,1078895.0,37.01
2026-08-07,538.0,544.85,529.05,530.55,286606.0,61.75
2026-08-10,536.0,543.5,530.8,542.1,272470.0,50.65
2026-08-11,541.8,545.0,533.65,534.95,291938.0,70.25
2026-08-12,539.8,564.9,535.9,559.8,1847256.0,41.21
2026-08-13,564.5,565.9,542.4,546.35,513795.0,43.68
2026-08-14,547.0,561.0,543.0,545.1,891866.0,54.78
2026-08-19,538.0,544.5,531.0,535.9,344433.0,29.63
2026-08-20,536.9,539.55,525.0,528.55,291505.0,55.17
2026-08-21,530.2,530.2,522.0,524.4,157453.0,51.56
2026-08-24,524.4,525.45,514.1,515.5,159390.0,54.89
2026-08-25,515.5,517.4,508.0,509.85,210006.0,46.84
2026-08-26,511.3,514.0,501.9,503.7,636414.0,71.86
2026-08-27,507.0,511.35,499.6,501.0,275124.0,43.89
2026-08-28,501.85,501.85,493.0,494.35,149998.0,62.05
2026-08-31,493.0,505.0,486.0,497.75,261810.0,50.07
2026-09-01,500.9,501.1,490.0,490.85,134383.0,46.87
