,Open,High,Low,Close,Volume,DeliveryPct
2016-08-17,1106.05,1185.0,1106.05,1174.15,7384.0,
2016-08-18,1169.05,1225.0,1160.0,1193.8,7031.0,
2016-08-19,1193.0,1245.0,1192.95,1220.4,8331.0,
2016-08-22,1220.0,1235.0,1205.0,1221.35,8194.0,
2016-08-23,1221.05,1225.0,1205.05,1217.5,3626.0,
2016-08-24,1219.95,1257.5,1219.95,1240.65,25940.0,
2016-08-25,1247.05,1254.0,1220.1,1227.25,5679.0,
2016-08-26,1222.65,1236.0,1221.95,1229.3,5063.0,
2016-08-29,1230.05,1247.95,1201.6,1222.05,5027.0,
2016-08-30,1235.0,1235.0,1201.75,1209.75,3612.0,
2016-08-31,1221.0,1221.05,1200.0,1205.2,3741.0,
2016-09-01,1209.25,1218.0,1181.0,1188.0,8274.0,
2016-09-02,1188.0,1241.35,1180.0,1229.2,12908.0,
2016-09-06,1229.0,1339.0,1229.0,1305.5,37159.0,
2016-09-07,1318.8,1369.85,1306.2,1325.95,28782.0,
2016-09-08,1328.05,1370.0,1300.95,1321.7,14869.0,
2016-09-09,1327.7,1353.9,1300.0,1311.95,19027.0,
2016-09-12,1251.0,1335.2,1251.0,1297.4,21299.0,
2016-09-14,1298.0,1314.95,1290.0,1295.75,5824.0,
2016-09-15,1295.0,1305.0,1275.1,1295.95,5113.0,
2016-09-16,1299.9,1340.0,1299.9,1333.15,10944.0,
2016-09-19,1333.0,1365.0,1305.0,1325.55,10892.0,
2016-09-20,1340.0,1340.0,1305.0,1312.55,2915.0,
2016-09-21,1312.05,1338.85,1302.0,1309.15,5090.0,
2016-09-22,1319.95,1330.9,1310.0,1311.7,2072.0,
2016-09-23,1311.05,1355.0,1301.05,1332.7,10899.0,
2016-09-26,1334.1,1364.8,1325.0,1329.2,9530.0,
2016-09-27,1333.7,1350.0,1331.05,1338.8,2582.0,
2016-09-28,1339.95,1364.4,1339.95,1359.35,7380.0,
2016-09-29,1370.0,1390.0,1175.0,1275.8,19163.0,
2016-09-30,1299.95,1323.95,1281.35,1301.3,6142.0,
2016-10-03,1320.0,1426.2,1316.0,1401.7,26521.0,
2016-10-04,1400.0,1438.9,1350.05,1384.7,15697.0,
2016-10-05,1385.0,1414.95,1362.1,1381.0,6580.0,
2016-10-06,1408.85,1410.0,1371.0,1378.0,4480.0,
2016-10-07,1410.0,1424.5,1366.0,1388.35,9016.0,
2016-10-10,1422.0,1422.0,1390.0,1399.9,4662.0,
2016-10-13,1400.0,1414.0,1375.0,1397.6,7554.0,
2016-10-14,1408.0,1430.0,1400.0,1423.15,11053.0,
2016-10-17,1423.0,1460.0,1416.0,1443.65,18222.0,
2016-10-18,1445.0,1472.0,1442.05,1455.0,26588.0,
2016-10-19,295.0,299.5,290.9,292.9,76491.0,
2016-10-20,293.3,351.45,292.0,351.45,334651.0,
2016-10-21,376.1,414.15,373.0,399.5,1464239.0,
2016-10-24,399.5,404.0,361.5,377.4,348237.0,
2016-10-25,378.0,379.9,353.0,355.3,142770.0,
2016-10-26,346.15,389.55,341.15,362.85,427110.0,
2016-10-27,364.0,381.0,356.0,368.45,173637.0,
2016-10-28,369.0,378.8,366.55,373.95,99882.0,
2016-11-01,406.0,427.0,401.65,404.35,532589.0,
2016-11-02,396.0,407.4,391.5,395.55,155351.0,
2016-11-03,395.9,404.0,378.0,381.05,105219.0,
2016-11-04,384.7,384.7,355.05,364.35,104694.0,
2016-11-07,367.8,394.0,367.8,381.0,119360.0,
2016-11-08,385.15,386.7,361.05,365.45,90895.0,
2016-11-09,330.0,370.0,310.0,364.5,130754.0,
2016-11-10,396.0,397.55,375.35,377.8,114340.0,
2016-11-11,371.0,380.0,357.55,360.3,80095.0,
2016-11-15,362.45,362.45,340.0,345.8,81795.0,
2016-11-16,346.0,371.45,335.0,358.3,115865.0,
2016-11-17,356.9,369.0,351.1,359.15,53468.0,
2016-11-18,361.0,361.05,343.0,348.25,37975.0,
2016-11-21,348.25,354.0,330.1,332.9,44802.0,
2016-11-22,337.9,345.0,326.55,341.5,51356.0,
2016-11-23,347.4,351.0,336.05,346.6,36471.0,
2016-11-24,348.0,356.35,340.1,350.2,51203.0,
2016-11-25,351.6,364.0,347.1,360.1,57496.0,
2016-11-28,362.6,371.9,356.5,365.1,59905.0,
2016-11-29,367.0,374.3,359.0,362.3,33948.0,
2016-11-30,365.0,369.0,365.0,367.2,19803.0,
2016-12-01,369.0,378.2,363.3,366.85,37513.0,
2016-12-02,368.95,374.0,355.15,360.5,28710.0,
2016-12-05,358.95,364.05,355.0,357.7,12894.0,
2016-12-06,360.0,369.0,353.35,355.85,41520.0,
2016-12-07,358.95,362.05,350.1,352.6,24175.0,
2016-12-08,359.6,361.0,351.2,354.4,21558.0,
2016-12-09,350.1,358.55,350.1,355.05,16563.0,
2016-12-12,359.9,359.9,350.0,351.1,13617.0,
2016-12-13,351.0,354.0,346.0,350.85,17268.0,
2016-12-14,350.0,353.95,342.4,344.5,14091.0,
2016-12-15,342.0,352.75,336.0,339.5,32277.0,
2016-12-16,346.0,356.0,340.0,351.55,42331.0,
2016-12-19,353.2,353.5,343.35,345.0,16483.0,
2016-12-20,347.45,353.0,344.5,346.05,26653.0,
2016-12-21,351.0,356.5,346.15,351.15,33130.0,
2016-12-22,348.4,350.0,334.7,347.35,29227.0,
2016-12-23,350.0,357.0,338.35,341.45,62082.0,
2016-12-26,341.0,341.4,330.0,331.0,32160.0,
2016-12-27,334.95,336.5,330.95,335.5,22998.0,
2016-12-28,337.05,343.6,335.05,337.0,26620.0,
2016-12-29,336.05,349.5,334.55,344.4,47997.0,
2016-12-30,346.45,354.6,341.35,343.15,44861.0,
2017-01-02,343.2,347.0,339.0,340.05,28058.0,
2017-01-03,340.1,346.0,340.1,342.0,26136.0,
2017-01-04,343.5,348.95,340.0,341.2,18544.0,
2017-01-05,342.55,346.8,340.0,340.9,13814.0,
2017-01-06,342.9,344.05,333.1,335.6,36750.0,
2017-01-09,333.25,349.0,328.0,345.6,48013.0,
2017-01-10,348.0,393.0,343.5,386.95,283061.0,
2017-01-11,390.0,398.7,377.1,385.4,171386.0,
2017-01-12,380.8,392.8,375.0,380.25,67839.0,
2017-01-13,380.0,398.0,376.0,393.45,83228.0,
2017-01-16,393.8,414.4,389.0,411.35,183859.0,
2017-01-17,412.95,416.0,402.0,405.95,88183.0,
2017-01-18,407.95,421.5,400.1,415.45,149136.0,
2017-01-19,410.0,417.15,408.0,410.85,51043.0,
2017-01-20,409.0,416.0,400.55,403.5,41713.0,
2017-01-23,406.0,408.75,402.0,405.4,30446.0,
2017-01-24,406.85,434.8,405.0,423.4,216821.0,
2017-01-25,424.0,433.0,424.0,430.25,82137.0,
2017-01-27,425.0,432.0,418.5,422.35,75963.0,
2017-01-30,418.0,432.0,418.0,422.6,58321.0,
2017-01-31,424.95,428.0,419.8,421.35,43903.0,
2017-02-01,418.0,430.0,416.85,427.55,52171.0,
2017-02-02,425.4,443.7,422.35,431.65,84215.0,
2017-02-03,437.4,446.8,433.7,441.95,87237.0,
2017-02-06,441.0,450.0,436.0,440.35,80263.0,
2017-02-07,447.9,459.95,444.6,448.9,142317.0,
2017-02-08,449.5,449.5,435.0,437.3,53730.0,
2017-02-09,440.0,440.0,423.0,428.95,48210.0,
2017-02-10,428.9,430.0,422.0,423.45,37092.0,
2017-02-13,428.0,428.0,401.0,408.25,49762.0,
2017-02-14,411.9,411.9,395.0,396.9,35847.0,
2017-02-15,396.9,396.9,335.0,378.8,63906.0,
2017-02-16,389.0,399.0,377.0,393.5,29076.0,
2017-02-17,393.55,405.75,393.55,397.95,36587.0,
2017-02-20,400.0,410.0,399.2,406.9,41582.0,
2017-02-21,408.0,412.7,405.25,410.1,31235.0,
2017-02-22,413.8,417.85,408.35,410.8,29550.0,
2017-02-23,408.55,413.0,399.0,401.9,30281.0,
2017-02-27,406.75,406.75,395.0,396.6,23367.0,
2017-02-28,396.2,409.0,395.3,404.5,42460.0,
2017-03-01,409.9,416.7,404.0,410.05,58227.0,
2017-03-02,416.0,416.0,397.0,401.05,32815.0,
2017-03-03,402.05,402.05,393.05,395.1,26719.0,
2017-03-06,400.0,401.85,394.2,395.5,16294.0,
2017-03-07,397.0,402.95,391.0,392.25,18158.0,
2017-03-08,399.15,399.15,382.0,383.45,36998.0,
2017-03-09,387.7,390.0,380.15,384.6,33621.0,
2017-03-10,384.0,391.0,382.1,387.4,29879.0,
2017-03-14,394.0,397.0,372.0,377.2,52317.0,
2017-03-15,385.0,388.4,373.0,374.7,32737.0,
2017-03-16,378.05,381.8,372.1,377.9,24806.0,
2017-03-17,379.9,383.7,375.25,378.15,28307.0,
2017-03-20,377.0,384.95,376.05,382.7,22930.0,
2017-03-21,380.1,391.35,378.3,390.2,65719.0,
2017-03-22,393.0,394.7,383.15,388.2,53257.0,
2017-03-23,387.2,395.95,386.35,388.1,40131.0,
2017-03-24,386.05,394.95,386.05,392.5,27445.0,
2017-03-27,397.9,397.9,386.0,387.55,25361.0,
2017-03-28,385.1,393.65,382.55,383.85,14710.0,
2017-03-29,384.95,389.95,382.5,385.35,25718.0,
2017-03-30,385.35,388.7,382.05,384.9,13179.0,
2017-03-31,386.3,391.4,383.2,388.35,40964.0,
2017-04-03,388.35,414.95,386.5,403.6,62815.0,
2017-04-05,403.6,410.4,403.6,405.35,40992.0,
2017-04-06,405.0,410.0,400.05,402.4,34539.0,
2017-04-07,402.45,405.75,389.95,390.55,45347.0,
2017-04-10,390.55,396.2,387.2,390.1,26604.0,
2017-04-11,390.5,392.0,385.05,387.25,23067.0,
2017-04-12,387.25,389.85,384.05,385.4,21818.0,
2017-04-13,385.05,394.0,383.55,384.8,44580.0,
2017-04-17,385.0,394.85,381.0,390.25,41063.0,
2017-04-18,391.05,407.45,391.05,395.5,58712.0,
2017-04-19,397.45,401.95,390.9,400.0,37740.0,
2017-04-20,400.85,406.0,395.05,398.8,40940.0,
2017-04-21,400.5,407.0,395.05,402.0,36680.0,
2017-04-24,402.5,405.0,395.25,396.55,31943.0,
2017-04-25,397.0,401.95,390.5,392.1,42440.0,
2017-04-26,395.75,396.0,385.1,386.9,40788.0,
2017-04-27,387.0,392.1,386.1,390.4,16068.0,
2017-04-28,393.8,400.0,390.0,393.8,40867.0,
2017-05-02,395.95,399.0,390.0,390.9,29293.0,
2017-05-03,397.65,399.55,392.15,394.3,39597.0,
2017-05-04,396.8,397.05,386.0,389.0,46932.0,
2017-05-05,392.4,395.0,385.05,386.55,31520.0,
2017-05-08,388.0,412.65,388.0,398.8,121249.0,
2017-05-09,400.0,408.0,400.0,401.55,49741.0,
2017-05-10,405.0,409.95,403.6,405.7,57119.0,
2017-05-11,431.0,466.0,431.0,457.3,1077006.0,
2017-05-12,457.0,481.95,441.0,470.8,538424.0,
2017-05-15,472.0,497.6,461.0,486.0,294178.0,
2017-05-16,485.0,511.0,480.0,504.5,364007.0,
2017-05-17,504.5,542.0,504.5,535.8,509227.0,
2017-05-18,534.0,574.4,525.05,560.6,734886.0,
2017-05-19,561.55,599.9,561.55,593.6,463092.0,
2017-05-22,600.0,631.95,533.0,540.35,685978.0,
2017-05-23,543.0,572.0,511.2,562.9,674457.0,
2017-05-24,569.3,583.4,525.0,532.35,282961.0,
2017-05-25,534.1,557.4,530.2,547.9,199876.0,
2017-05-26,553.0,573.95,543.05,552.35,205642.0,
2017-05-29,553.05,556.85,531.55,534.05,85592.0,
2017-05-30,535.25,550.0,530.05,534.25,79435.0,
2017-05-31,535.15,540.0,530.05,531.55,40783.0,
2017-06-01,532.75,543.95,532.0,534.85,52667.0,
2017-06-02,539.25,544.0,523.2,527.85,96989.0,
2017-06-05,532.45,540.0,526.65,536.55,65638.0,
2017-06-06,532.0,540.0,530.0,530.7,26758.0,
2017-06-07,536.0,579.7,531.95,562.15,295125.0,
2017-06-08,567.4,593.05,567.4,579.5,343701.0,
2017-06-09,582.0,584.65,567.9,571.2,82431.0,
2017-06-12,571.2,584.0,564.3,568.0,77384.0,
2017-06-13,571.95,577.95,565.4,568.45,55607.0,
2017-06-14,572.25,573.0,558.05,563.4,56374.0,
2017-06-15,563.4,568.85,547.7,551.65,90524.0,
2017-06-16,551.65,559.4,540.3,543.85,54745.0,
2017-06-19,544.95,556.95,544.9,552.0,47606.0,
2017-06-20,555.0,561.95,546.0,558.6,62430.0,
2017-06-21,557.95,561.9,550.0,555.1,32459.0,
2017-06-22,557.35,583.0,556.45,577.2,172588.0,
2017-06-23,583.3,599.8,575.0,581.35,189687.0,
2017-06-27,585.0,585.0,560.05,563.35,42200.0,
2017-06-28,563.0,566.95,550.05,553.25,45394.0,
2017-06-29,556.25,567.95,542.2,554.2,48607.0,
2017-06-30,550.0,562.0,548.0,552.7,33816.0,
2017-07-03,551.1,574.4,551.1,571.45,48553.0,
2017-07-04,574.45,598.95,572.3,590.55,127256.0,
2017-07-05,592.0,682.55,592.0,652.85,414152.0,
2017-07-06,684.0,718.8,684.0,692.8,479227.0,
2017-07-07,689.95,699.0,665.05,689.05,187138.0,
2017-07-10,694.85,694.85,565.0,677.15,14152.0,
2017-07-11,683.0,698.5,675.0,680.7,84835.0,
2017-07-12,687.0,761.95,676.0,755.8,705740.0,
2017-07-13,762.65,767.25,734.0,738.65,184012.0,
2017-07-14,741.0,775.0,705.3,718.15,342449.0,
2017-07-17,724.9,737.95,705.0,708.05,123754.0,
2017-07-18,713.7,713.7,680.0,684.9,124096.0,
2017-07-19,684.0,720.5,684.0,696.4,162830.0,
2017-07-20,702.35,707.95,681.3,690.35,81355.0,
2017-07-21,695.5,718.8,684.0,711.85,162043.0,
2017-07-24,717.8,717.8,696.0,699.6,94315.0,
2017-07-25,700.05,706.0,680.0,685.5,86231.0,
2017-07-26,685.5,705.0,685.5,693.8,81224.0,
2017-07-27,698.0,703.25,673.2,680.1,128211.0,
2017-07-28,678.5,711.9,675.0,685.15,86151.0,
2017-07-31,685.0,693.5,678.65,680.9,52510.0,
2017-08-01,685.0,693.4,677.0,681.5,75672.0,
2017-08-02,682.05,731.75,682.05,726.5,332277.0,
2017-08-03,733.4,766.5,725.05,731.8,450911.0,
2017-08-04,734.8,745.05,726.05,733.25,141591.0,
2017-08-07,737.8,784.8,735.5,758.55,468384.0,
2017-08-08,767.0,777.0,721.5,727.8,180461.0,
2017-08-09,727.1,727.1,684.15,701.05,105157.0,
2017-08-10,698.3,698.3,601.3,657.85,132382.0,
2017-08-11,631.0,704.45,620.0,678.5,202979.0,
2017-08-14,689.95,715.4,683.0,688.5,110598.0,
2017-08-16,693.8,708.0,678.1,684.45,87382.0,
2017-08-17,686.0,699.8,665.95,670.45,106871.0,
2017-08-18,664.0,687.65,657.0,674.8,78814.0,
2017-08-21,670.05,687.05,655.0,659.85,72183.0,
2017-08-22,668.95,668.95,626.1,643.3,85395.0,
2017-08-23,640.0,658.85,629.0,641.25,75245.0,
2017-08-24,649.45,672.0,636.1,664.75,138147.0,
2017-08-28,666.0,678.5,655.5,668.75,98132.0,
2017-08-29,668.75,669.0,650.1,652.8,52907.0,
2017-08-30,668.95,668.95,647.8,650.3,62283.0,
2017-08-31,651.0,658.95,645.4,651.1,41317.0,
2017-09-01,650.1,666.45,649.0,651.5,55207.0,
2017-09-04,645.1,664.8,645.05,648.05,57655.0,
2017-09-05,654.9,656.0,646.0,649.5,29366.0,
2017-09-06,646.05,652.95,640.0,642.2,40228.0,
2017-09-07,647.2,664.2,643.0,646.25,77002.0,
2017-09-08,651.05,654.7,636.0,640.8,81382.0,
2017-09-11,649.95,650.0,637.0,642.2,31957.0,
2017-09-12,647.0,654.0,641.1,648.4,44175.0,
2017-09-13,648.15,703.7,646.05,685.4,334545.0,
2017-09-14,693.9,719.8,691.2,708.4,285385.0,
2017-09-15,704.0,711.0,683.0,691.05,106006.0,
2017-09-18,694.1,719.95,694.0,706.95,160707.0,
2017-09-19,709.95,745.0,705.5,727.1,295822.0,
2017-09-20,732.0,744.85,721.0,725.05,253531.0,
2017-09-21,729.9,737.9,700.0,706.65,99762.0,
2017-09-22,705.75,705.75,679.1,681.9,93101.0,
2017-09-25,678.05,681.1,643.0,651.15,113298.0,
2017-09-26,663.0,703.8,651.95,696.9,195179.0,
2017-09-27,696.9,699.8,677.2,688.5,102621.0,
2017-09-28,685.0,693.9,675.05,685.4,86738.0,
2017-09-29,692.1,696.55,682.15,690.8,59809.0,
2017-10-03,693.95,709.6,689.0,696.6,63351.0,
2017-10-04,700.0,723.75,698.0,709.35,92246.0,
2017-10-05,707.85,720.0,700.0,714.4,62619.0,
2017-10-06,718.0,727.9,707.0,710.0,47935.0,
2017-10-09,703.0,719.5,703.0,711.65,52404.0,
2017-10-10,712.0,717.0,705.15,709.6,32933.0,
2017-10-11,706.0,714.95,693.0,696.4,45920.0,
2017-10-12,700.0,716.0,698.0,710.95,60917.0,
2017-10-13,710.95,715.0,700.05,702.2,35549.0,
2017-10-16,710.0,714.0,693.05,700.3,63776.0,
2017-10-17,700.4,707.5,690.2,697.9,45738.0,
2017-10-18,696.55,706.75,692.0,694.0,23174.0,
2017-10-19,699.0,706.0,696.1,699.7,11372.0,
2017-10-23,688.0,701.8,688.0,694.35,32911.0,
2017-10-24,700.0,700.0,684.65,688.7,41466.0,
2017-10-25,690.0,703.75,689.9,699.55,34246.0,
2017-10-26,704.0,704.0,680.0,684.15,39935.0,
2017-10-27,694.0,694.0,668.3,672.6,37464.0,
2017-10-30,673.0,685.0,671.9,678.05,25283.0,
2017-10-31,680.0,686.0,669.0,671.05,24378.0,
2017-11-01,680.0,687.95,655.85,663.75,65513.0,
2017-11-02,668.7,686.7,667.7,680.3,53160.0,
2017-11-03,687.25,691.95,681.0,683.0,38126.0,
2017-11-06,689.0,689.0,672.15,682.8,24592.0,
2017-11-07,682.8,698.0,678.65,681.55,50012.0,
2017-11-08,690.0,690.0,681.0,682.8,40795.0,
2017-11-09,686.25,688.8,665.0,675.3,50542.0,
2017-11-10,694.85,718.0,672.5,676.9,128016.0,
2017-11-13,684.3,684.3,650.0,653.2,79745.0,
2017-11-14,664.95,681.95,654.95,667.2,87077.0,
2017-11-15,674.0,675.0,660.05,663.2,36089.0,
2017-11-16,666.2,669.85,661.15,667.7,27690.0,
2017-11-17,667.75,675.5,663.3,673.75,59125.0,
2017-11-20,680.7,680.7,663.05,669.25,36801.0,
2017-11-21,674.95,674.95,658.0,660.85,44649.0,
2017-11-22,665.0,666.55,651.5,654.5,27648.0,
2017-11-23,665.9,665.9,644.95,651.05,37639.0,
2017-11-24,657.7,657.7,634.1,637.8,65853.0,
2017-11-27,637.8,640.05,631.55,633.35,35850.0,
2017-11-28,633.35,637.95,624.0,630.9,49005.0,
2017-11-29,634.95,641.0,634.0,637.4,28727.0,
2017-11-30,635.0,666.0,626.45,648.85,199931.0,
2017-12-01,666.3,668.0,652.0,654.55,39971.0,
2017-12-04,663.85,663.85,640.25,655.3,25620.0,
2017-12-05,660.7,667.1,645.05,662.15,33009.0,
2017-12-06,669.75,669.75,658.0,661.5,33724.0,
2017-12-07,661.5,670.9,652.6,661.45,68680.0,
2017-12-08,665.0,665.0,650.0,656.5,26817.0,
2017-12-11,665.95,665.95,645.2,648.4,21453.0,
2017-12-12,650.0,653.85,639.4,641.8,9691.0,
2017-12-13,640.1,646.0,633.2,635.05,20728.0,
2017-12-14,649.7,649.7,632.55,638.95,19591.0,
2017-12-15,645.0,645.0,635.0,638.25,22702.0,
2017-12-18,638.0,639.95,606.95,633.0,14646.0,
2017-12-19,633.2,642.4,607.7,634.5,23617.0,
2017-12-20,640.6,645.0,631.25,637.2,16032.0,
2017-12-21,637.15,642.8,630.1,634.4,17786.0,
2017-12-22,639.6,640.0,630.0,638.25,21622.0,
2017-12-26,638.25,642.0,631.0,632.65,14370.0,
2017-12-27,639.0,643.7,632.0,634.15,57317.0,
2017-12-28,630.05,642.95,630.05,632.9,24515.0,
2017-12-29,637.9,637.9,630.2,631.45,19762.0,
2018-01-01,634.4,638.95,630.45,634.0,18586.0,
2018-01-02,638.5,638.5,621.5,631.95,20191.0,
2018-01-03,631.95,637.0,630.0,632.4,26676.0,
2018-01-04,634.9,685.0,625.85,676.95,161348.0,
2018-01-05,677.0,692.0,663.0,670.05,79401.0,
2018-01-08,674.7,680.0,665.0,670.0,41787.0,
2018-01-09,673.95,673.95,654.9,656.35,29809.0,
2018-01-10,655.25,689.9,650.0,660.6,99979.0,
2018-01-11,660.0,671.8,652.85,657.45,34806.0,
2018-01-12,661.9,672.2,655.1,662.9,33728.0,
2018-01-15,674.8,676.0,662.9,664.95,25211.0,
2018-01-16,665.0,667.0,648.0,651.75,29617.0,
2018-01-17,642.0,650.0,621.6,636.15,79855.0,
2018-01-18,649.95,649.95,625.1,627.45,55383.0,
2018-01-19,627.5,648.0,618.0,621.05,49906.0,
2018-01-22,621.0,635.0,620.05,621.75,31549.0,
2018-01-23,623.75,628.65,619.4,622.3,27890.0,
2018-01-24,623.0,623.1,610.05,613.95,23126.0,
2018-01-25,624.9,672.8,615.05,648.45,167130.0,
2018-01-29,649.0,665.85,632.0,635.95,32137.0,
2018-01-30,625.2,634.3,620.35,621.55,20306.0,
2018-01-31,624.0,629.0,584.0,589.85,78567.0,
2018-02-01,599.0,601.0,555.0,571.8,84636.0,
2018-02-02,580.0,618.0,564.0,589.2,113245.0,
2018-02-05,585.0,587.25,551.5,579.75,39415.0,
2018-02-06,563.8,572.05,521.5,558.4,38623.0,
2018-02-07,582.9,610.0,565.0,590.15,84459.0,
2018-02-08,629.7,629.7,604.55,618.9,62835.0,
2018-02-09,583.0,612.0,583.0,603.25,57667.0,
2018-02-12,624.0,624.0,610.15,615.7,39717.0,
2018-02-14,625.0,671.0,615.25,657.7,184473.0,
2018-02-15,660.4,665.0,651.0,660.95,87094.0,
2018-02-16,664.9,665.0,640.0,649.05,27536.0,
2018-02-19,651.0,651.0,618.05,624.4,24964.0,
2018-02-20,627.5,629.5,607.05,608.75,31005.0,
2018-02-21,606.05,611.0,598.3,600.35,27278.0,
2018-02-22,599.0,599.0,583.05,586.45,33322.0,
2018-02-23,598.0,622.3,585.05,612.7,35025.0,
2018-02-26,618.55,618.55,597.0,606.65,33608.0,
2018-02-27,607.0,612.0,599.0,600.85,42700.0,
2018-02-28,598.0,598.55,587.05,588.8,18812.0,
2018-03-01,585.0,595.0,578.0,585.55,18254.0,
2018-03-05,598.5,630.85,589.0,619.15,111768.0,
2018-03-06,621.5,629.0,612.2,621.25,43512.0,
2018-03-07,618.25,621.0,594.65,601.2,28812.0,
2018-03-08,595.0,608.95,594.25,599.4,20050.0,
2018-03-09,599.4,612.95,599.4,606.45,18774.0,
2018-03-12,612.0,612.05,595.05,598.25,39660.0,
2018-03-13,598.7,608.5,598.35,600.1,26432.0,
2018-03-14,600.1,608.45,597.55,600.6,12805.0,
2018-03-15,592.05,610.0,592.05,606.4,28200.0,
2018-03-16,610.0,615.95,585.55,594.65,40677.0,
2018-03-19,596.0,599.3,564.05,573.45,47713.0,
2018-03-20,579.95,589.9,567.05,571.8,46655.0,
2018-03-21,575.05,580.0,563.7,568.45,38245.0,
2018-03-22,574.95,576.55,564.05,569.3,19224.0,
2018-03-23,551.5,564.95,543.3,557.5,29096.0,
2018-03-26,556.3,556.3,534.0,539.75,41464.0,
2018-03-27,550.0,589.0,545.05,576.5,74768.0,
2018-03-28,570.0,583.0,540.0,569.55,24302.0,
2018-04-02,574.8,597.0,565.0,589.0,53320.0,
2018-04-03,591.0,597.9,580.0,590.15,14135.0,
2018-04-04,599.0,616.0,594.05,600.4,33671.0,
2018-04-05,603.2,613.0,601.0,604.9,12143.0,
2018-04-06,601.15,623.0,596.0,604.85,61237.0,
2018-04-09,591.4,609.0,591.4,605.25,12946.0,
2018-04-10,606.05,608.6,603.05,604.55,7458.0,
2018-04-11,601.25,605.0,575.0,581.85,37177.0,
2018-04-12,586.9,604.85,584.3,595.6,41938.0,
2018-04-13,604.9,604.9,591.8,597.15,27463.0,
2018-04-16,597.75,599.95,588.05,591.9,11511.0,
2018-04-17,591.0,604.85,591.0,600.05,13036.0,
2018-04-18,603.9,604.5,596.5,598.4,13349.0,
2018-04-19,602.9,603.85,590.0,593.55,19651.0,
2018-04-20,594.0,600.5,588.35,594.65,14677.0,
2018-04-23,600.05,607.0,597.05,600.05,12030.0,
2018-04-24,600.0,608.9,600.0,600.4,11374.0,
2018-04-25,597.05,619.95,589.35,597.95,65330.0,
2018-04-26,598.0,614.5,598.0,606.75,16487.0,
2018-04-27,603.4,612.7,591.0,598.65,32349.0,
2018-04-30,600.75,604.45,594.25,599.1,13512.0,
2018-05-02,619.95,619.95,598.95,602.3,25461.0,
2018-05-03,596.0,609.0,576.2,593.55,67964.0,
2018-05-04,595.0,599.9,589.0,590.8,11028.0,
2018-05-07,590.05,599.2,590.05,595.05,14233.0,
2018-05-08,598.45,598.45,578.05,581.95,50413.0,
2018-05-09,581.2,593.6,579.35,585.25,12816.0,
2018-05-10,586.7,588.7,576.0,577.75,21691.0,
2018-05-11,575.0,585.95,575.0,580.0,11371.0,
2018-05-14,580.0,587.8,580.0,582.8,11492.0,
2018-05-15,584.3,591.9,573.0,578.15,22514.0,
2018-05-16,580.25,585.4,571.3,574.6,13967.0,
2018-05-17,579.2,586.6,577.9,581.5,11468.0,
2018-05-18,584.95,588.0,575.0,580.9,15577.0,
2018-05-21,580.6,584.9,573.2,575.15,11109.0,
2018-05-22,574.05,576.55,563.65,572.15,18125.0,
2018-05-23,572.05,578.45,570.75,574.0,21885.0,
2018-05-24,573.95,579.45,567.5,569.25,18651.0,
2018-05-25,570.2,599.9,562.5,593.15,29362.0,
2018-05-28,590.35,613.0,585.25,595.25,38392.0,
2018-05-29,590.0,595.25,511.1,537.4,452596.0,
2018-05-30,526.35,530.0,494.65,503.0,228460.0,
2018-05-31,503.25,515.0,496.8,501.4,48507.0,
2018-06-01,508.0,508.0,420.55,429.5,348289.0,
2018-06-04,437.65,448.75,395.2,400.4,245206.0,
2018-06-05,395.5,399.9,360.4,360.7,245145.0,
2018-06-06,351.0,396.75,336.05,396.75,423145.0,
2018-06-07,419.0,436.4,415.0,436.4,119944.0,
2018-06-08,449.9,480.0,446.0,480.0,176788.0,
2018-06-11,510.0,523.0,461.1,484.85,317509.0,
2018-06-12,487.0,487.0,451.6,474.5,103628.0,
2018-06-13,479.5,485.0,460.0,463.95,46283.0,
2018-06-14,465.0,485.0,455.3,476.7,90618.0,
2018-06-15,477.0,485.0,464.0,468.0,34210.0,
2018-06-18,470.0,470.05,460.0,461.4,26093.0,
2018-06-19,460.0,468.75,438.35,439.15,85906.0,
2018-06-20,434.3,461.1,432.1,453.5,103353.0,
2018-06-21,452.8,452.8,433.4,437.0,35933.0,
2018-06-22,437.1,445.9,437.0,443.1,62477.0,
2018-06-25,443.1,449.4,432.0,433.5,44265.0,
2018-06-26,424.0,433.9,411.9,427.5,121206.0,
2018-06-27,423.0,434.0,410.55,420.25,181987.0,
2018-06-28,421.0,425.0,418.05,422.05,22644.0,
2018-06-29,417.1,434.75,417.1,428.1,19917.0,
2018-07-02,435.0,435.0,416.1,419.1,19339.0,
2018-07-03,427.0,427.0,408.0,409.85,23058.0,
2018-07-04,407.0,412.0,393.55,398.5,51792.0,
2018-07-05,398.0,410.0,396.0,400.15,23045.0,
2018-07-06,405.0,409.9,398.75,400.75,15577.0,
2018-07-09,400.75,420.75,400.75,414.45,87266.0,
2018-07-10,413.0,415.0,402.2,405.95,28766.0,
2018-07-11,405.95,409.45,395.1,402.1,25926.0,
2018-07-12,402.1,408.85,395.0,398.95,27609.0,
2018-07-13,398.95,406.95,391.0,399.05,23900.0,
2018-07-16,405.95,405.95,387.35,391.1,18094.0,
2018-07-17,385.1,399.1,385.1,392.4,13621.0,
2018-07-18,390.1,397.4,374.0,379.55,18176.0,
2018-07-19,383.9,389.85,367.55,386.7,26702.0,
2018-07-20,386.0,392.55,381.95,389.3,20802.0,
2018-07-23,383.25,400.95,383.25,399.15,20303.0,
2018-07-24,405.0,419.1,395.25,419.1,54367.0,
2018-07-25,426.5,440.05,426.35,440.05,48396.0,
2018-07-26,462.05,462.05,431.05,435.4,44995.0,
2018-07-27,435.4,435.45,427.0,429.4,8806.0,
2018-07-30,448.0,448.0,429.4,432.6,16848.0,
2018-07-31,434.0,454.2,432.45,454.2,32354.0,
2018-08-01,461.0,474.65,435.0,450.45,35592.0,
2018-08-02,452.0,459.8,440.0,450.55,16543.0,
2018-08-03,458.5,473.05,456.95,472.2,74270.0,
2018-08-06,483.0,495.8,448.6,453.35,298382.0,
2018-08-07,432.0,435.0,408.05,408.05,238197.0,
2018-08-08,399.0,410.0,382.1,399.35,215779.0,
2018-08-09,404.9,412.3,399.0,401.25,29885.0,
2018-08-10,401.25,410.8,390.0,398.65,165117.0,
2018-08-13,398.0,404.8,390.1,395.4,35751.0,
2018-08-14,400.0,407.4,398.0,404.25,38253.0,
2018-08-16,409.7,413.0,398.2,404.85,52531.0,
2018-08-17,409.9,409.9,396.0,399.3,32510.0,
2018-08-20,399.5,404.5,397.7,398.85,21968.0,
2018-08-21,401.35,408.7,395.1,402.0,42751.0,
2018-08-23,402.0,409.9,394.1,405.15,44545.0,
2018-08-24,402.0,408.0,402.0,405.9,17354.0,
2018-08-27,406.0,446.45,406.0,443.5,185376.0,
2018-08-28,445.7,456.4,435.65,437.15,91572.0,
2018-08-29,435.1,448.65,431.05,441.25,38078.0,
2018-08-30,435.1,447.7,435.0,438.15,18995.0,
2018-08-31,435.1,443.95,434.05,437.8,26246.0,
2018-09-03,446.9,466.7,439.0,450.6,72298.0,
2018-09-04,458.8,478.0,445.45,458.2,108829.0,
2018-09-05,456.6,504.0,454.6,497.35,282714.0,
2018-09-06,503.4,521.9,486.0,498.1,209545.0,
2018-09-07,502.0,529.8,502.0,515.85,349773.0,
2018-09-10,517.95,537.9,517.0,524.85,122459.0,
2018-09-11,527.85,535.0,520.1,525.5,59981.0,
2018-09-12,524.0,527.1,500.3,508.05,52818.0,
2018-09-14,508.05,525.0,503.8,509.2,57108.0,
2018-09-17,510.7,519.0,501.1,505.3,32960.0,
2018-09-18,507.8,509.9,493.0,494.4,24770.0,
2018-09-19,495.0,497.35,475.0,478.5,31596.0,
2018-09-21,478.5,486.0,432.0,462.35,43205.0,
2018-09-24,460.0,460.0,424.35,433.6,36151.0,
2018-09-25,438.35,446.65,420.0,427.55,30065.0,
2018-09-26,440.95,445.0,431.2,435.05,20090.0,
2018-09-27,435.0,439.0,417.65,423.0,25543.0,
2018-09-28,419.0,427.75,400.0,410.95,32331.0,
2018-10-01,412.0,431.0,412.0,427.55,47649.0,
2018-10-03,427.55,466.4,421.9,454.45,97122.0,
2018-10-04,452.95,458.6,415.25,435.55,129139.0,
2018-10-05,435.0,441.0,410.0,418.3,29857.0,
2018-10-08,428.0,428.0,402.45,409.05,31819.0,
2018-10-09,411.9,419.9,406.3,410.4,21898.0,
2018-10-10,410.4,429.0,410.4,423.05,25414.0,
2018-10-11,413.0,420.5,406.65,413.05,19724.0,
2018-10-12,414.85,428.7,414.85,426.1,20697.0,
2018-10-15,423.0,434.5,417.0,423.55,34859.0,
2018-10-16,426.1,441.4,423.0,435.5,29854.0,
2018-10-17,445.95,445.95,425.0,426.45,18317.0,
2018-10-19,422.1,427.9,402.5,408.1,32934.0,
2018-10-22,411.4,418.4,409.7,411.8,11755.0,
2018-10-23,413.45,413.45,380.75,400.85,32439.0,
2018-10-24,398.2,405.55,385.0,392.1,25601.0,
2018-10-25,386.0,403.05,386.0,398.55,20160.0,
2018-10-26,396.2,402.95,386.9,396.3,13164.0,
2018-10-29,397.9,409.0,388.0,398.95,38845.0,
2018-10-30,401.0,407.2,398.95,404.65,18847.0,
2018-10-31,404.65,423.0,402.05,418.35,24091.0,
2018-11-01,420.0,459.0,420.0,456.9,52770.0,
2018-11-02,460.0,489.75,425.0,434.4,112268.0,
2018-11-05,423.5,428.95,407.95,410.15,60199.0,
2018-11-06,413.4,419.0,410.0,413.25,18502.0,
2018-11-07,417.0,439.0,413.0,432.05,25382.0,
2018-11-09,439.0,446.4,417.25,438.65,32180.0,
2018-11-12,438.65,451.8,437.5,441.5,49354.0,
2018-11-13,434.25,440.4,433.0,436.8,11981.0,
2018-11-14,437.0,441.4,425.0,428.45,12384.0,
2018-11-15,427.0,439.0,426.7,430.4,13461.0,
2018-11-16,436.3,436.45,422.0,423.75,11751.0,
2018-11-19,424.0,428.4,420.1,424.35,16706.0,
2018-11-20,425.0,425.0,406.2,410.1,18295.0,
2018-11-21,410.1,419.0,408.0,413.5,13750.0,
2018-11-22,416.5,417.55,404.95,408.3,28633.0,
2018-11-26,414.0,414.0,399.0,400.65,33296.0,
2018-11-27,400.7,410.0,400.7,404.8,10932.0,
2018-11-28,408.0,409.0,398.85,405.4,12661.0,
2018-11-29,408.6,408.65,399.0,403.45,17441.0,
2018-11-30,403.45,407.85,399.05,400.7,10762.0,
2018-12-03,401.1,416.7,401.1,406.75,21984.0,
2018-12-04,408.9,408.9,397.0,398.9,20310.0,
2018-12-05,398.85,403.95,397.05,398.7,15208.0,
2018-12-06,398.0,399.85,393.95,396.9,14631.0,
2018-12-07,396.9,399.4,395.1,398.05,18324.0,
2018-12-10,392.0,394.75,385.0,387.9,12825.0,
2018-12-11,384.0,390.0,382.0,388.75,13999.0,
2018-12-12,395.0,406.7,393.5,398.65,31514.0,
2018-12-13,401.0,402.5,395.65,397.4,22919.0,
2018-12-14,396.5,399.45,393.0,393.5,13651.0,
2018-12-17,399.7,399.7,389.7,391.15,22777.0,
2018-12-18,393.9,393.9,385.5,387.65,22313.0,
2018-12-19,388.05,395.0,388.0,391.8,14089.0,
2018-12-20,393.85,393.95,384.05,385.1,18460.0,
2018-12-21,384.0,391.5,381.7,384.25,15019.0,
2018-12-24,385.0,389.0,381.7,382.8,13599.0,
2018-12-26,383.5,383.5,379.1,380.3,11185.0,
2018-12-27,384.0,388.9,380.0,385.25,25126.0,
2018-12-28,385.5,387.05,380.1,381.95,14152.0,
2018-12-31,380.5,385.6,380.3,382.0,11442.0,
2019-01-01,382.7,384.95,381.0,382.7,8754.0,
2019-01-02,384.95,386.85,380.35,382.75,14131.0,
2019-01-03,386.9,386.9,379.6,381.9,10808.0,
2019-01-04,378.1,382.0,378.1,380.2,8091.0,
2019-01-07,384.9,390.0,380.05,380.9,10818.0,
2019-01-08,382.0,385.8,380.0,382.95,11833.0,
2019-01-09,385.5,387.95,379.95,384.05,12712.0,
2019-01-10,384.0,384.0,379.75,380.4,12692.0,
2019-01-11,381.15,431.0,381.15,414.5,324786.0,
2019-01-14,414.0,419.9,400.45,404.5,38332.0,
2019-01-15,409.9,415.0,405.4,412.35,37177.0,
2019-01-16,417.85,426.6,408.0,422.5,55576.0,
2019-01-17,423.95,438.0,413.25,423.5,104246.0,
2019-01-18,426.9,435.0,386.6,398.95,113321.0,
2019-01-21,398.95,404.0,388.0,389.0,24014.0,
2019-01-22,394.95,394.95,384.45,387.2,19340.0,
2019-01-23,390.0,396.0,382.0,384.8,12350.0,
2019-01-24,384.85,390.0,380.1,381.2,11533.0,
2019-01-25,389.0,389.0,347.85,357.5,51602.0,
2019-01-28,351.95,369.9,343.0,346.95,49671.0,
2019-01-29,345.0,353.75,305.0,321.25,44317.0,
2019-01-30,326.9,338.8,321.3,336.3,44575.0,
2019-01-31,344.0,365.0,336.0,363.15,77132.0,
2019-02-01,369.0,373.95,340.1,345.85,26363.0,
2019-02-04,351.0,351.75,340.0,343.5,13047.0,
2019-02-05,345.0,349.0,335.0,340.1,12364.0,
2019-02-06,340.15,351.9,340.15,349.75,23262.0,
2019-02-07,354.95,366.05,352.9,362.3,24215.0,
2019-02-08,360.0,361.5,348.0,354.85,9245.0,
2019-02-11,357.0,357.75,341.0,350.7,54299.0,
2019-02-12,360.0,368.05,296.05,335.3,101302.0,
2019-02-13,334.1,339.9,334.1,335.6,13775.0,
2019-02-14,335.6,335.6,325.4,328.9,16785.0,
2019-02-15,328.0,338.7,322.0,325.25,33090.0,
2019-02-18,326.0,336.0,325.3,328.5,28332.0,
2019-02-19,328.0,333.9,321.15,324.8,11801.0,
2019-02-20,325.65,334.5,321.1,331.35,29344.0,
2019-02-21,335.0,344.5,329.35,341.05,37494.0,
2019-02-22,342.9,361.6,342.9,355.35,46979.0,
2019-02-25,358.75,409.9,356.45,388.75,329460.0,
2019-02-26,384.0,384.05,372.6,378.0,61452.0,
2019-02-27,381.9,412.0,380.5,388.95,175682.0,
2019-02-28,393.65,404.0,388.05,390.0,33532.0,
2019-03-01,394.75,397.95,385.55,390.4,25479.0,
2019-03-05,393.85,410.0,390.0,407.15,74526.0,
2019-03-06,410.0,414.0,405.0,406.0,22021.0,
2019-03-07,402.0,422.05,398.0,412.2,64806.0,
2019-03-08,415.0,418.5,405.0,406.95,31010.0,
2019-03-11,408.9,413.0,397.05,401.65,41379.0,
2019-03-12,409.75,415.45,405.0,408.0,48636.0,
2019-03-13,414.3,437.4,407.9,429.6,175424.0,
2019-03-14,434.4,448.0,421.9,424.9,44146.0,
2019-03-15,428.3,437.0,421.0,425.0,46065.0,
2019-03-18,428.9,428.9,406.5,410.55,27361.0,
2019-03-19,411.35,415.0,400.0,404.5,37140.0,
2019-03-20,413.0,413.0,400.25,402.8,18217.0,
2019-03-22,403.0,415.0,398.0,406.55,62131.0,
2019-03-25,406.7,410.0,398.0,406.1,27911.0,
2019-03-26,414.0,414.0,401.0,401.7,14660.0,
2019-03-27,405.0,408.7,398.2,404.7,32569.0,
2019-03-28,404.7,413.7,399.1,400.75,34180.0,
2019-03-29,404.85,408.95,400.0,401.7,15254.0,
2019-04-01,405.0,411.8,400.55,403.95,21770.0,
2019-04-02,407.95,407.95,400.0,400.9,24953.0,
2019-04-03,404.75,412.5,399.0,400.8,31819.0,
2019-04-04,402.95,406.0,396.0,396.55,19216.0,
2019-04-05,399.0,402.45,386.1,387.65,52232.0,
2019-04-08,392.5,400.5,385.7,386.4,52011.0,
2019-04-09,389.9,394.8,378.7,381.35,37575.0,
2019-04-10,384.6,388.7,376.65,379.7,29994.0,
2019-04-11,381.9,394.0,380.1,391.3,45517.0,
2019-04-12,391.3,397.9,391.3,394.5,22122.0,
2019-04-15,398.6,398.6,388.05,392.05,13993.0,
2019-04-16,393.35,394.0,390.0,391.0,13032.0,
2019-04-18,392.4,393.25,385.0,385.35,22697.0,
2019-04-22,386.9,392.95,381.15,383.95,16751.0,
2019-04-23,386.0,387.05,372.5,377.45,26046.0,
2019-04-24,377.6,385.0,376.85,380.55,11288.0,
2019-04-25,379.0,380.0,375.4,376.05,9947.0,
2019-04-26,376.0,376.0,368.0,371.05,14970.0,
2019-04-30,370.0,370.0,358.7,362.85,18684.0,
2019-05-02,362.85,366.95,352.0,354.3,26648.0,
2019-05-03,354.0,356.8,350.0,350.5,15979.0,
2019-05-06,347.0,350.0,342.0,344.8,12047.0,
2019-05-07,345.0,349.35,329.2,334.6,74977.0,
2019-05-08,336.0,344.8,321.95,335.35,51699.0,
2019-05-09,332.0,339.9,330.0,334.2,17657.0,
2019-05-10,331.0,341.7,331.0,335.1,21551.0,
2019-05-13,338.4,338.95,330.05,331.15,20450.0,
2019-05-14,333.0,333.0,321.0,323.95,19680.0,
2019-05-15,333.0,333.0,325.0,326.45,12097.0,
2019-05-16,330.0,343.0,325.9,334.95,17338.0,
2019-05-17,331.0,366.0,331.0,360.3,63816.0,
2019-05-20,365.0,384.65,360.3,372.9,31118.0,
2019-05-21,379.0,381.8,363.45,364.35,15605.0,
2019-05-22,367.45,419.9,358.65,397.65,404312.0,
2019-05-23,402.85,410.95,380.25,382.6,61181.0,
2019-05-24,382.0,405.0,381.25,397.7,60525.0,
2019-05-27,400.0,440.0,397.7,428.95,117763.0,
2019-05-28,430.0,440.0,418.1,419.85,43705.0,
2019-05-29,419.85,425.35,414.0,416.95,22321.0,
2019-05-30,420.0,420.0,411.9,413.4,10126.0,
2019-05-31,413.0,419.3,401.0,403.65,18683.0,
2019-06-03,409.0,439.8,404.5,430.8,161392.0,
2019-06-04,434.0,457.85,429.05,447.5,200019.0,
2019-06-06,447.5,466.9,445.05,454.6,180551.0,
2019-06-07,455.4,459.2,423.0,437.35,90174.0,
2019-06-10,440.5,440.5,425.0,430.8,25907.0,
2019-06-11,431.9,432.05,421.0,423.8,14972.0,
2019-06-12,421.0,423.4,414.1,416.35,12560.0,
2019-06-13,416.5,440.0,416.5,434.75,88529.0,
2019-06-14,437.5,445.0,421.95,424.4,35875.0,
2019-06-17,428.0,430.8,402.0,410.35,36774.0,
2019-06-18,408.0,411.35,400.0,401.65,16646.0,
2019-06-19,403.1,417.0,402.5,404.0,22150.0,
2019-06-20,406.6,411.95,399.1,405.25,20865.0,
2019-06-21,407.4,410.5,401.25,405.05,16408.0,
2019-06-24,406.0,409.7,405.0,407.15,7556.0,
2019-06-25,409.0,430.0,396.0,410.45,25634.0,
2019-06-26,416.0,436.6,414.05,430.85,29755.0,
2019-06-27,435.0,450.0,435.0,446.45,60950.0,
2019-06-28,445.0,460.0,435.0,450.9,48936.0,
2019-07-01,459.6,459.6,451.1,453.05,19005.0,
2019-07-02,453.05,456.0,440.0,443.35,13503.0,
2019-07-03,445.0,450.0,438.35,447.05,14664.0,
2019-07-04,447.0,447.05,435.05,437.95,10707.0,
2019-07-05,438.0,443.0,410.05,416.4,23931.0,
2019-07-08,413.0,429.8,407.0,423.35,20597.0,
2019-07-09,427.9,428.0,415.0,416.6,11376.0,
2019-07-10,421.85,423.3,414.0,415.05,6708.0,
2019-07-11,415.95,424.9,415.25,419.55,21779.0,
2019-07-12,417.5,417.95,410.0,412.55,12061.0,
2019-07-15,417.95,424.9,412.0,420.65,16527.0,
2019-07-16,424.0,424.9,412.85,414.15,8599.0,
2019-07-17,417.9,419.7,412.0,413.9,6462.0,
2019-07-18,417.0,430.0,411.05,420.55,73496.0,
2019-07-19,423.9,427.8,404.55,418.75,45929.0,
2019-07-22,418.7,418.7,402.0,404.15,13981.0,
2019-07-23,403.05,407.9,396.0,400.65,28604.0,
2019-07-24,399.0,400.0,384.5,385.85,26647.0,
2019-07-25,383.05,436.55,383.05,425.9,196910.0,
2019-07-26,425.8,426.1,405.05,415.65,39986.0,
2019-07-29,418.95,422.0,408.0,409.25,19856.0,
2019-07-30,413.9,416.9,401.25,402.05,13391.0,
2019-07-31,396.5,429.0,396.5,427.25,37108.0,
2019-08-01,415.1,424.5,405.0,410.5,17732.0,
2019-08-02,410.5,415.0,401.1,404.3,16681.0,
2019-08-05,403.0,418.95,392.55,413.0,28537.0,
2019-08-06,409.0,420.0,407.8,412.9,16813.0,
2019-08-07,411.0,416.95,405.45,408.2,10058.0,
2019-08-08,414.0,418.0,408.55,415.4,11584.0,
2019-08-09,414.0,420.0,412.2,417.5,14727.0,
2019-08-13,424.65,451.3,424.65,435.0,97032.0,
2019-08-14,439.0,459.5,435.0,452.45,67711.0,
2019-08-16,454.5,455.0,441.0,445.4,20206.0,
2019-08-19,445.4,445.4,426.1,430.0,23018.0,
2019-08-20,431.2,431.2,420.0,423.5,13470.0,
2019-08-21,421.05,425.45,393.0,404.75,74098.0,
2019-08-22,404.0,410.0,397.95,403.5,21330.0,
2019-08-23,401.0,408.95,393.1,403.95,31894.0,33.55
2019-09-30,435.0,450.0,435.0,446.45,60950.0,67.41
2019-10-01,429.9,430.0,416.5,418.35,20826.0,63.0
2019-10-02,429.9,430.0,416.5,418.35,20826.0,63.0
2019-10-03,420.15,422.0,410.0,413.1,20550.0,61.13
2019-10-04,418.5,418.5,408.0,409.9,23588.0,70.99
2019-10-07,408.3,414.8,390.0,392.15,36117.0,64.27
2019-10-08,408.3,414.8,390.0,392.15,36117.0,64.27
2019-10-09,396.9,400.0,390.05,397.85,12253.0,63.53
2019-10-10,397.5,408.0,392.6,404.9,18675.0,58.12
2019-10-11,403.75,418.0,398.0,399.7,19599.0,61.79
2019-10-14,400.0,405.0,396.0,402.05,10873.0,64.62
2019-10-15,402.05,403.3,395.0,398.4,13353.0,51.79
2019-10-16,398.4,412.3,398.0,403.75,12535.0,59.64
2019-10-17,403.75,403.75,393.2,394.45,18418.0,81.41
2019-10-18,394.0,402.9,394.0,396.85,15858.0,65.26
2019-10-21,394.0,402.9,394.0,396.85,15858.0,65.26
2019-10-22,399.9,399.95,386.0,387.75,27400.0,81.36
2019-10-23,387.75,392.0,381.6,382.95,17860.0,79.83
2019-10-24,386.0,386.0,375.0,376.05,27508.0,80.75
2019-10-25,376.05,381.95,370.0,375.75,22697.0,64.71
2019-10-28,376.25,383.75,371.25,378.5,7024.0,65.76
2019-10-29,378.0,397.5,373.5,387.15,64542.0,60.99
2019-10-30,393.9,409.4,388.4,396.05,241693.0,26.64
2019-10-31,400.0,432.9,400.0,429.5,183314.0,59.8
2019-11-01,432.95,439.0,415.0,416.2,65702.0,57.1
2019-11-04,420.0,422.5,405.3,407.4,36829.0,59.51
2019-11-05,414.0,414.0,385.0,386.95,70698.0,71.3
2019-11-06,386.0,397.95,386.0,392.0,38943.0,63.33
2019-11-07,392.5,398.5,390.0,392.5,35170.0,62.05
2019-11-08,392.05,394.8,368.0,375.1,169241.0,52.44
2019-11-11,376.0,390.0,375.5,383.8,53833.0,53.64
2019-11-12,376.0,390.0,375.5,383.8,53833.0,53.64
2019-11-13,385.0,390.75,375.0,377.6,65503.0,71.81
2019-11-14,380.0,383.5,371.5,379.35,57351.0,68.23
2019-11-15,380.0,382.65,368.5,370.1,55370.0,60.36
2019-11-18,371.0,373.95,340.6,354.35,124667.0,65.67
2019-11-19,355.0,363.55,343.05,346.85,81411.0,54.84
2019-11-20,353.5,353.75,340.0,343.15,67374.0,55.53
2019-11-21,340.15,349.55,295.0,306.6,535487.0,57.93
2019-11-22,312.2,335.9,312.0,323.7,367758.0,29.24
2019-11-25,326.3,331.55,320.0,326.95,65705.0,37.51
2019-11-26,331.9,332.95,325.0,331.7,68017.0,55.31
2019-11-27,332.0,334.95,314.0,318.75,122189.0,50.39
2019-11-28,319.95,323.3,315.95,317.8,41580.0,61.87
2019-11-29,319.9,326.7,309.5,314.0,106649.0,40.79
2019-12-02,315.0,323.0,312.0,316.85,42804.0,49.04
2019-12-03,316.85,321.9,307.0,310.55,170616.0,32.96
2019-12-04,311.6,318.0,310.45,316.6,57766.0,41.73
2019-12-05,319.0,324.65,308.5,310.15,125526.0,58.18
2019-12-06,311.1,314.5,308.0,310.2,83544.0,75.42
2019-12-09,313.9,317.55,308.1,309.45,77371.0,72.28
2019-12-10,311.75,311.75,296.1,299.55,67287.0,64.97
2019-12-11,300.0,304.6,285.05,288.25,82351.0,62.55
2019-12-12,290.0,299.0,280.1,296.9,98214.0,52.38
2019-12-13,300.0,308.9,300.0,306.55,91349.0,54.0
2019-12-16,309.8,316.9,305.0,314.5,83901.0,58.02
2019-12-17,316.0,316.95,305.25,308.8,33728.0,63.24
2019-12-18,304.0,313.45,304.0,308.65,31052.0,47.61
2019-12-19,305.65,318.0,305.65,309.85,30915.0,49.89
2019-12-20,309.5,316.0,307.75,313.2,35064.0,54.55
2019-12-23,315.0,316.4,308.1,310.5,31754.0,67.6
2019-12-24,312.75,312.75,298.4,302.45,67909.0,64.26
2019-12-25,312.75,312.75,298.4,302.45,67909.0,64.26
2019-12-26,304.95,310.5,300.45,302.05,50876.0,56.04
2019-12-27,302.0,307.3,301.5,303.6,27436.0,60.02
2019-12-30,304.0,306.9,302.05,304.9,26146.0,58.53
2019-12-31,304.9,304.9,299.0,300.85,43889.0,68.81
2020-01-01,304.9,305.05,294.0,294.6,65188.0,71.52
2020-01-02,299.95,299.95,294.0,295.35,53868.0,69.93
2020-01-03,299.9,299.9,294.4,296.8,68488.0,49.86
2020-01-06,297.95,297.95,290.0,290.3,50318.0,76.49
2020-01-07,291.1,299.0,290.0,290.8,51869.0,64.55
2020-01-08,288.2,294.4,286.95,291.05,32105.0,48.51
2020-01-09,297.8,297.8,288.5,289.9,68555.0,72.89
2020-01-10,290.1,296.3,290.0,290.25,70038.0,62.54
2020-01-13,292.1,296.0,289.25,292.9,52662.0,58.39
2020-01-14,293.0,299.75,290.0,293.1,75948.0,61.92
2020-01-15,296.2,296.5,290.5,292.4,44618.0,59.42
2020-01-16,295.0,315.05,294.4,304.9,218700.0,52.08
2020-01-17,309.7,309.7,301.0,302.75,77368.0,71.7
2020-01-20,305.0,307.5,294.0,295.5,71245.0,77.33
2020-01-21,298.5,298.75,291.15,294.9,36436.0,60.09
2020-01-22,296.9,299.4,294.2,295.9,33538.0,51.07
2020-01-23,297.95,297.95,292.4,293.45,34971.0,69.77
2020-01-24,293.45,295.6,290.1,291.3,58637.0,78.9
2020-01-27,290.1,292.85,285.0,286.9,68756.0,72.95
2020-01-28,290.0,294.8,286.35,289.45,114553.0,64.45
2020-01-29,291.05,293.5,286.5,287.25,61579.0,63.69
2020-01-30,290.95,290.95,281.0,282.4,71458.0,71.63
2020-01-31,284.3,294.8,283.05,287.85,113284.0,46.52
2020-02-03,281.65,281.65,264.25,265.6,117296.0,73.37
2020-02-04,267.5,276.65,235.15,270.55,291653.0,44.38
2020-02-05,274.0,324.65,261.0,324.65,1266012.0,34.26
2020-02-06,340.0,383.5,333.0,347.1,2003164.0,31.09
2020-02-07,347.0,369.9,341.25,364.1,766626.0,30.58
2020-02-10,363.0,381.0,355.0,370.05,628355.0,62.43
2020-02-11,364.0,372.9,338.95,343.2,213141.0,60.82
2020-02-12,339.0,349.5,322.2,334.7,282272.0,73.03
2020-02-13,334.7,343.9,322.2,337.35,484758.0,84.16
2020-02-14,336.0,354.4,334.0,336.6,128782.0,53.45
2020-02-17,336.0,337.3,323.0,333.4,161402.0,70.39
2020-02-18,330.0,351.0,324.0,344.55,117975.0,61.36
2020-02-19,346.55,359.75,344.3,351.9,208561.0,55.09
2020-02-20,350.0,360.0,349.8,350.4,108107.0,56.01
2020-02-21,350.0,360.0,349.8,350.4,108107.0,56.01
2020-02-24,350.0,352.6,303.65,313.2,240380.0,63.43
2020-02-25,318.0,330.0,312.0,318.2,134654.0,40.13
2020-02-26,315.2,327.9,315.2,320.1,72597.0,46.14
2020-02-27,323.1,326.0,317.5,320.75,58860.0,54.37
2020-02-28,318.25,318.25,282.3,299.1,135366.0,54.83
2020-03-02,304.0,324.0,297.05,305.15,96995.0,45.67
2020-03-03,305.15,317.0,285.0,292.2,135976.0,50.48
2020-03-04,293.0,312.0,281.0,298.05,174766.0,30.29
2020-03-05,305.0,307.0,296.45,300.55,54712.0,42.81
2020-03-06,288.0,299.35,285.0,293.95,84017.0,52.62
2020-03-09,289.9,290.0,280.1,288.25,99133.0,60.93
2020-03-10,289.9,290.0,280.1,288.25,99133.0,60.93
2020-03-11,296.0,329.6,290.1,320.5,277347.0,33.49
2020-03-12,300.55,307.8,275.65,279.9,161873.0,56.09
2020-03-13,255.55,292.15,223.95,283.8,146993.0,51.78
2020-03-16,268.8,279.95,260.8,265.3,79917.0,49.18
2020-03-17,266.0,277.85,260.0,263.15,79566.0,46.31
2020-03-18,268.0,269.0,245.0,255.1,75723.0,53.98
2020-03-19,253.6,253.6,230.0,233.9,95896.0,51.18
2020-03-20,246.0,248.6,232.6,237.95,89266.0,44.75
2020-03-23,220.0,221.0,190.4,200.4,119901.0,67.07
2020-03-24,212.0,220.15,176.2,193.05,84005.0,59.2
2020-03-25,186.5,207.6,185.25,201.1,67813.0,48.64
2020-03-26,205.0,241.3,202.1,241.3,159113.0,43.81
2020-03-27,268.0,288.85,260.0,261.7,187286.0,38.85
2020-03-30,255.0,268.0,240.0,261.8,87888.0,43.67
2020-03-31,275.0,295.0,267.35,282.4,186500.0,28.43
2020-04-01,286.0,287.0,270.0,277.8,62928.0,50.58
2020-04-02,286.0,287.0,270.0,277.8,62928.0,50.58
2020-04-03,278.0,280.05,263.0,265.4,86233.0,76.77
2020-04-06,278.0,280.05,263.0,265.4,86233.0,76.77
2020-04-07,280.0,284.1,275.0,277.3,80935.0,66.58
2020-04-08,279.0,295.0,275.1,286.6,81086.0,62.63
2020-04-09,295.0,295.0,286.1,290.35,96949.0,68.66
2020-04-10,295.0,295.0,286.1,290.35,96949.0,68.66
2020-04-13,300.0,312.0,285.0,306.15,247074.0,48.34
2020-04-15,315.0,336.75,310.0,333.55,261444.0,47.69
2020-04-16,339.0,358.45,336.05,340.75,169765.0,53.87
2020-04-17,350.0,350.0,320.1,333.6,127409.0,43.59
2020-04-20,326.1,333.0,320.45,329.65,96504.0,55.55
2020-04-21,317.0,326.85,311.5,313.9,151766.0,47.99
2020-04-22,312.25,318.05,303.0,313.65,89695.0,51.09
2020-04-23,318.9,345.0,314.0,338.15,499965.0,30.72
2020-04-24,338.0,364.65,325.25,342.85,410370.0,44.13
2020-04-27,345.0,363.0,344.0,354.55,278769.0,44.56
2020-04-28,355.0,362.0,348.85,352.45,103432.0,54.34
2020-04-29,349.0,377.0,349.0,360.4,324162.0,38.64
2020-04-30,366.05,372.0,349.65,351.45,156847.0,57.77
2020-05-01,366.05,372.0,349.65,351.45,156847.0,57.77
2020-05-04,342.0,344.0,333.2,335.15,146327.0,47.62
2020-05-05,338.1,344.85,328.4,330.55,67897.0,58.2
2020-05-06,330.05,335.0,325.0,326.85,59857.0,58.27
2020-05-07,323.45,336.55,322.2,326.55,67223.0,54.01
2020-05-08,330.4,337.8,318.0,321.4,82679.0,59.41
2020-05-11,325.0,333.05,322.45,324.75,98404.0,49.92
2020-05-12,326.0,332.35,311.2,323.7,63422.0,39.9
2020-05-13,331.15,333.65,321.75,322.7,41592.0,61.47
2020-05-14,320.0,336.7,320.0,325.65,146427.0,38.96
2020-05-15,325.65,330.45,325.0,326.1,92373.0,68.2
2020-05-18,329.7,330.0,307.0,313.9,68973.0,53.91
2020-05-19,317.8,325.0,317.8,323.35,55618.0,59.08
2020-05-20,323.1,327.5,317.0,319.85,45440.0,60.17
2020-05-21,322.5,327.0,320.2,322.25,57270.0,54.95
2020-05-22,323.9,325.85,319.65,321.5,31234.0,61.83
2020-05-25,323.9,325.85,319.65,321.5,31234.0,61.83
2020-05-26,322.5,324.5,318.0,318.6,48759.0,60.12
2020-05-27,318.65,320.75,313.0,316.6,38457.0,59.46
2020-05-28,316.6,320.35,314.0,315.1,32154.0,58.98
2020-05-29,314.0,346.6,312.1,320.2,293045.0,55.0
2020-06-01,322.3,332.25,320.0,327.05,104302.0,57.23
2020-06-02,327.05,335.0,325.0,332.25,85550.0,57.78
2020-06-03,333.7,339.9,325.05,327.0,100694.0,59.96
2020-06-04,326.9,331.95,321.1,323.1,55807.0,63.78
2020-06-05,327.0,330.2,324.15,327.7,84659.0,53.64
2020-06-08,333.0,337.6,327.0,329.9,104304.0,54.7
2020-06-09,331.55,337.5,325.0,327.2,88958.0,48.03
2020-06-10,328.85,387.0,328.85,379.5,1103929.0,24.26
2020-06-11,379.0,379.0,348.4,351.3,376785.0,44.93
2020-06-12,340.0,389.45,333.5,377.3,1293866.0,13.1
2020-06-15,383.8,421.7,381.1,402.1,1739004.0,21.03
2020-06-16,417.0,420.0,380.1,391.3,603987.0,37.14
2020-06-17,385.15,399.0,380.2,386.25,327191.0,34.75
2020-06-18,387.0,406.5,365.0,368.75,1005326.0,28.93
2020-06-19,370.0,372.9,356.25,358.75,422215.0,39.86
2020-06-22,360.55,375.9,359.25,362.4,389950.0,40.09
2020-06-23,368.8,369.0,358.0,359.1,224854.0,43.09
2020-06-24,360.9,364.7,333.1,335.65,365804.0,59.24
2020-06-25,338.0,343.65,317.4,321.95,783559.0,54.4
2020-06-26,329.75,334.2,311.9,314.2,577786.0,54.77
2020-06-29,318.4,324.95,310.05,317.1,445794.0,30.07
2020-06-30,319.0,323.85,311.1,312.4,180572.0,48.61
2020-07-01,308.1,349.75,306.9,346.5,1610632.0,24.52
2020-07-02,349.9,357.7,334.0,338.25,847056.0,21.38
2020-07-03,337.05,347.5,335.2,339.05,372011.0,20.87
2020-07-06,338.0,345.8,335.6,340.7,263090.0,28.51
2020-07-07,339.0,352.5,339.0,346.6,376556.0,31.84
2020-07-08,351.0,357.45,343.0,351.3,403703.0,37.02
2020-07-09,350.2,355.5,346.25,347.55,248739.0,18.44
2020-07-10,348.0,353.35,334.15,344.25,433744.0,19.2
2020-07-13,348.5,378.8,342.65,372.1,1969133.0,18.84
2020-07-14,373.7,390.9,305.1,381.25,1489002.0,21.66
2020-07-15,385.0,392.7,362.55,370.5,631792.0,29.34
2020-07-16,370.5,374.1,356.85,367.4,360567.0,19.69
2020-07-17,367.4,390.0,367.4,386.25,631306.0,32.26
2020-07-20,388.95,395.0,382.05,387.8,488705.0,25.52
2020-07-21,390.85,392.25,373.0,377.25,313317.0,36.61
2020-07-22,380.55,384.0,367.5,377.05,362897.0,20.55
2020-07-23,378.8,385.0,373.0,381.85,227946.0,31.44
2020-07-24,381.5,407.8,373.3,397.0,926905.0,29.77
2020-07-27,400.0,405.0,381.15,397.1,443893.0,29.5
2020-07-28,398.55,399.95,390.5,394.65,252373.0,40.0
2020-07-29,394.65,415.3,394.65,403.25,614500.0,29.55
2020-07-30,404.9,417.75,402.0,407.15,388999.0,34.34
2020-07-31,411.05,441.9,406.9,431.95,945020.0,29.21
2020-08-03,435.8,475.0,435.0,468.75,1372233.0,26.69
2020-08-04,482.9,524.0,473.15,517.95,1925800.0,17.81
2020-08-05,529.0,587.4,526.0,572.6,2774053.0,17.69
2020-08-06,590.0,629.85,590.0,629.85,3319956.0,19.07
2020-08-07,645.0,686.0,575.0,585.55,4448819.0,23.25
2020-08-10,600.0,621.55,555.0,570.9,2733602.0,28.12
2020-08-11,571.1,576.15,530.1,535.1,1175437.0,33.06
2020-08-12,536.0,536.6,508.15,510.1,833356.0,35.18
2020-08-13,510.2,561.1,510.1,556.15,1646813.0,26.4
2020-08-14,568.8,574.05,531.0,547.3,1064770.0,24.5
2020-08-17,555.0,555.0,534.0,538.7,352648.0,35.49
2020-08-18,543.75,564.0,538.25,543.35,626580.0,21.45
2020-08-19,544.2,548.45,535.0,536.7,313813.0,42.47
2020-08-20,536.0,540.5,522.8,527.9,278464.0,43.15
2020-08-21,532.7,548.4,526.0,536.1,486611.0,35.33
2020-08-24,540.8,542.05,529.65,530.45,308200.0,46.21
2020-08-25,533.0,534.0,520.55,522.55,253149.0,44.85
2020-08-26,525.0,549.85,523.75,538.85,658090.0,30.07
2020-08-27,543.0,566.9,532.25,556.65,1005487.0,34.93
2020-08-28,562.45,568.55,545.0,546.7,347350.0,46.29
2020-08-31,545.0,552.0,493.15,510.45,443307.0,46.77
2020-09-01,510.0,518.0,490.05,503.35,189007.0,39.11
2020-09-02,510.0,527.45,505.0,522.0,165016.0,34.78
2020-09-03,523.5,552.7,523.5,542.35,413609.0,41.65
2020-09-04,526.5,546.75,523.0,532.75,318150.0,31.3
2020-09-07,525.1,541.6,516.0,534.7,278934.0,33.06
2020-09-08,532.45,545.0,523.5,525.95,185486.0,32.01
2020-09-09,518.0,528.0,512.5,524.25,191772.0,33.5
2020-09-10,534.8,542.25,527.1,539.15,187779.0,42.78
2020-09-11,541.9,546.0,531.0,537.85,198342.0,35.91
2020-09-14,544.9,566.0,540.95,553.15,462597.0,46.86
2020-09-15,558.5,596.0,552.0,584.35,1854448.0,25.83
2020-09-16,595.0,595.0,577.75,581.5,405673.0,39.8
2020-09-17,579.9,579.9,563.0,571.05,345690.0,41.32
2020-09-18,572.15,604.8,572.15,593.8,936920.0,34.9
2020-09-21,602.0,615.0,546.25,566.8,629866.0,35.96
2020-09-22,570.0,573.85,525.05,548.6,472637.0,27.7
2020-09-23,564.95,571.1,537.2,554.45,258400.0,31.16
2020-09-24,540.0,552.4,532.35,538.45,212771.0,37.07
2020-09-25,546.0,558.5,540.0,552.25,154769.0,25.33
2020-09-28,560.0,581.0,555.0,575.95,285345.0,30.95
2020-09-29,579.95,579.95,553.5,558.15,211461.0,44.6
2020-09-30,560.9,570.0,550.95,553.65,128481.0,33.32
2020-10-01,555.05,563.0,549.05,556.45,126349.0,48.02
2020-10-02,555.05,563.0,549.05,556.45,126349.0,48.02
2020-10-05,560.05,567.4,551.95,560.5,113218.0,42.53
2020-10-06,563.35,567.3,552.55,555.75,79099.0,40.56
2020-10-07,552.6,565.5,552.6,556.8,121813.0,46.46
2020-10-08,559.0,587.4,555.0,576.55,465707.0,31.89
2020-10-09,580.0,586.5,565.0,568.4,207560.0,31.34
2020-10-12,569.95,573.6,554.2,558.75,104107.0,44.3
2020-10-13,560.0,566.9,552.0,558.4,91178.0,39.22
2020-10-14,558.1,562.7,541.35,548.0,97252.0,41.43
2020-10-15,549.1,552.0,530.0,531.9,101166.0,49.07
2020-10-16,532.2,544.0,509.0,539.05,164715.0,34.58
2020-10-19,545.0,548.0,533.45,538.8,105195.0,36.96
2020-10-20,537.0,537.0,525.1,529.6,117638.0,54.02
2020-10-21,530.35,534.7,520.0,522.3,128508.0,50.87
2020-10-22,522.3,529.25,520.0,526.0,113740.0,42.65
2020-10-23,525.25,534.85,525.25,531.05,102343.0,51.73
2020-10-26,530.05,536.7,521.45,524.15,93283.0,47.21
2020-10-27,526.0,530.0,516.0,517.95,78003.0,45.05
2020-10-28,514.0,524.0,512.0,514.2,61498.0,50.82
2020-10-29,507.0,514.7,500.0,508.8,88322.0,47.95
2020-10-30,512.0,514.85,488.0,497.45,154806.0,48.53
2020-11-02,502.35,505.1,481.0,484.85,108479.0,49.59
2020-11-03,487.15,498.35,486.3,487.9,89509.0,48.87
2020-11-04,494.0,501.0,487.2,491.25,87689.0,45.42
2020-11-05,495.0,508.3,490.0,497.35,322735.0,24.22
2020-11-06,495.1,499.4,484.1,485.85,146501.0,54.25
2020-11-09,488.1,493.0,470.0,472.4,219188.0,55.39
2020-11-10,471.6,475.9,440.65,448.4,268511.0,57.71
2020-11-11,448.4,461.8,437.75,454.15,300463.0,53.71
2020-11-12,456.95,486.0,455.5,481.75,304714.0,38.37
2020-11-13,483.8,489.95,481.0,485.5,137611.0,41.13
2020-11-16,488.05,490.7,482.1,485.25,47159.0,57.28
2020-11-17,488.4,489.5,468.1,471.6,137535.0,51.63
2020-11-18,475.5,475.95,464.05,468.0,111095.0,53.24
2020-11-19,471.5,482.0,469.3,474.95,116239.0,37.32
2020-11-20,479.65,484.95,469.75,473.1,87663.0,49.76
2020-11-23,476.0,504.4,475.0,498.85,498613.0,30.66
2020-11-24,507.5,507.5,488.0,489.95,231758.0,42.72
2020-11-25,493.95,499.8,482.35,484.4,115684.0,41.12
2020-11-26,487.7,491.0,481.2,488.35,54009.0,39.49
2020-11-27,493.0,497.0,488.15,489.65,104775.0,43.62
2020-11-30,493.0,497.0,488.15,489.65,104775.0,43.62
2020-12-01,493.0,494.7,483.9,484.7,106707.0,60.31
2020-12-02,488.55,491.05,476.0,481.45,143657.0,46.77
2020-12-03,481.9,490.0,479.25,482.6,108496.0,42.99
2020-12-04,485.0,496.25,481.0,492.45,174956.0,45.68
2020-12-07,496.0,525.5,492.6,513.05,591426.0,37.76
2020-12-08,519.0,528.45,502.0,507.4,224888.0,44.57
2020-12-09,511.4,531.75,510.0,518.85,352962.0,33.41
2020-12-10,521.9,521.9,501.05,506.9,173056.0,49.71
2020-12-11,506.05,513.95,496.0,500.5,131164.0,47.04
2020-12-14,502.9,507.35,496.9,503.85,121887.0,58.13
2020-12-15,503.75,510.0,502.55,505.1,105624.0,72.63
2020-12-16,515.0,520.25,510.1,514.1,233356.0,53.77
2020-12-17,516.85,522.4,505.0,507.6,159021.0,56.45
2020-12-18,510.0,515.4,499.0,503.15,168633.0,61.96
2020-12-21,504.4,515.8,476.0,485.8,236246.0,51.45
2020-12-22,485.0,494.2,450.15,477.0,218267.0,42.14
2020-12-23,482.9,504.0,477.35,495.05,223731.0,42.56
2020-12-24,508.0,515.1,504.1,506.6,235262.0,39.69
2020-12-25,508.0,515.1,504.1,506.6,235262.0,39.69
2020-12-28,509.5,514.8,505.0,506.45,119561.0,49.86
2020-12-29,508.7,512.0,504.6,505.1,100653.0,50.89
2020-12-30,505.1,507.05,497.1,503.1,110446.0,65.45
2020-12-31,506.45,513.3,503.1,506.4,186198.0,37.87
2021-01-01,505.0,509.9,502.0,505.1,111759.0,63.28
2021-01-04,506.45,515.1,506.0,507.7,121221.0,57.02
2021-01-05,506.8,509.1,501.35,504.55,84818.0,56.69
2021-01-06,506.0,510.0,499.1,503.35,123683.0,57.08
2021-01-07,507.9,507.95,494.0,499.15,125475.0,59.69
2021-01-08,500.0,509.9,497.5,499.95,123460.0,57.24
2021-01-11,500.0,504.55,491.25,491.9,145414.0,61.1
2021-01-12,490.0,492.0,484.0,485.5,206384.0,62.61
2021-01-13,487.9,488.6,480.0,481.15,100376.0,56.42
2021-01-14,480.0,497.0,475.0,491.8,249229.0,32.92
2021-01-15,494.9,496.4,485.8,487.55,109351.0,49.49
2021-01-18,487.55,504.0,480.0,482.95,287118.0,24.64
2021-01-19,484.05,507.6,483.05,493.65,331257.0,32.5
2021-01-20,496.0,504.0,492.0,494.7,155797.0,42.88
2021-01-21,496.0,498.25,485.0,486.65,95448.0,55.49
2021-01-22,487.05,490.5,477.05,479.05,218265.0,35.22
2021-01-25,483.0,486.55,466.0,473.55,109007.0,44.65
2021-01-26,483.0,486.55,466.0,473.55,109007.0,44.65
2021-01-27,472.95,472.95,463.0,465.85,107198.0,51.72
2021-01-28,465.0,467.0,458.0,462.2,131157.0,51.54
2021-01-29,472.0,472.9,458.0,459.5,90106.0,57.69
2021-02-01,461.7,463.95,452.0,458.85,92047.0,52.9
2021-02-02,462.95,472.7,460.6,467.25,111736.0,49.18
2021-02-03,471.35,491.9,468.15,485.55,250991.0,43.6
2021-02-04,488.75,494.95,474.75,481.6,442766.0,43.13
2021-02-05,480.2,484.8,464.8,466.65,252713.0,59.41
2021-02-08,469.95,470.95,460.0,461.25,158474.0,55.07
2021-02-09,465.0,466.85,460.5,462.25,87042.0,43.34
2021-02-10,464.5,464.5,456.1,457.75,101657.0,57.28
2021-02-11,457.95,466.45,457.0,465.15,110562.0,50.95
2021-02-12,465.2,472.0,465.0,468.3,88600.0,47.62
2021-02-15,473.5,481.05,473.5,475.9,168895.0,51.74
2021-02-16,477.95,480.7,470.05,471.1,84394.0,53.98
2021-02-17,469.95,469.95,462.5,466.0,101258.0,47.15
2021-02-18,465.2,481.25,465.2,474.5,106647.0,58.16
2021-02-19,479.7,501.2,467.05,486.95,509458.0,36.44
2021-02-22,489.5,498.8,471.55,475.55,186787.0,40.43
2021-02-23,477.7,478.65,460.65,469.1,191598.0,37.01
2021-02-24,469.0,474.95,461.65,466.25,61514.0,48.83
2021-02-25,468.7,473.1,463.25,465.45,103124.0,60.88
2021-02-26,463.0,470.7,461.4,464.55,98266.0,50.86
2021-03-01,468.7,470.9,465.05,466.9,93765.0,59.23
2021-03-02,470.0,471.4,457.1,464.9,93744.0,57.19
2021-03-03,466.0,471.9,459.0,461.25,153885.0,67.02
2021-03-04,461.95,468.8,458.0,460.6,104622.0,54.54
2021-03-05,460.6,464.95,458.0,459.25,97565.0,54.91
2021-03-08,465.95,465.95,460.0,460.3,60773.0,52.22
2021-03-09,463.95,463.95,454.6,456.0,86480.0,62.79
2021-03-10,458.8,463.9,455.0,461.75,66098.0,51.0
2021-03-11,458.8,463.9,455.0,461.75,66098.0,51.0
2021-03-12,464.8,467.8,457.0,458.8,92142.0,50.01
2021-03-15,459.95,461.55,450.0,451.9,86998.0,54.67
2021-03-16,452.15,458.45,450.1,452.55,97414.0,61.24
2021-03-17,452.5,455.65,438.0,439.95,120443.0,63.72
2021-03-18,440.05,445.95,429.0,432.15,232327.0,65.75
2021-03-19,427.0,438.0,412.4,430.85,133604.0,48.55
2021-03-22,426.05,437.7,426.05,428.4,76533.0,55.78
2021-03-23,429.9,434.2,427.0,428.25,76337.0,56.27
2021-03-24,428.0,435.95,426.25,427.95,105525.0,43.96
2021-03-25,427.5,431.45,411.65,413.95,134879.0,58.52
2021-03-26,416.0,421.9,413.0,415.0,84590.0,66.73
2021-03-29,416.0,421.9,413.0,415.0,84590.0,66.73
2021-03-30,416.1,421.0,410.0,411.1,120931.0,59.72
2021-03-31,412.4,413.2,401.0,403.45,149054.0,66.02
2021-04-01,407.45,464.0,407.35,452.35,1100784.0,13.0
2021-04-02,407.45,464.0,407.35,452.35,1100784.0,13.0
2021-04-05,452.7,466.6,436.65,454.95,344851.0,20.95
2021-04-06,453.05,470.9,430.4,461.6,304141.0,25.46
2021-04-07,463.0,478.9,461.0,471.35,329131.0,29.83
2021-04-08,474.3,479.4,470.1,471.15,156041.0,46.83
2021-04-09,471.0,485.0,463.25,473.5,256873.0,29.97
2021-04-12,474.05,474.05,448.0,450.55,173183.0,44.13
2021-04-13,450.75,458.95,448.6,452.95,65538.0,33.78
2021-04-14,450.75,458.95,448.6,452.95,65538.0,33.78
2021-04-15,458.0,464.9,451.9,454.4,89802.0,35.54
2021-04-16,456.0,472.0,454.05,465.55,106074.0,60.32
2021-04-19,463.9,504.9,448.35,491.75,1483755.0,16.12
2021-04-20,511.0,520.0,502.0,507.55,1068631.0,23.55
2021-04-21,511.0,520.0,502.0,507.55,1068631.0,23.55
2021-04-22,507.85,531.0,503.0,521.45,1147680.0,25.13
2021-04-23,525.0,533.0,500.75,507.05,664299.0,20.97
2021-04-26,510.0,514.0,501.0,504.35,224679.0,41.99
2021-04-27,507.9,517.4,495.05,498.9,263594.0,41.43
2021-04-28,498.2,513.0,498.2,505.15,216644.0,43.21
2021-04-29,506.2,511.55,498.0,499.75,183029.0,41.47
2021-04-30,495.0,504.0,491.1,493.1,135962.0,45.3
2021-05-03,492.0,510.0,485.25,502.85,214869.0,41.14
2021-05-04,505.85,526.75,504.15,510.9,653800.0,34.23
2021-05-05,515.9,529.9,515.0,523.7,600723.0,28.13
2021-05-06,535.0,572.0,520.45,560.3,2707513.0,22.68
2021-05-07,572.4,584.4,546.1,577.55,1436015.0,30.88
2021-05-10,580.0,599.0,580.0,581.6,580973.0,41.86
2021-05-11,573.0,587.85,572.9,577.1,390165.0,51.78
2021-05-12,578.0,587.95,559.55,565.05,335950.0,42.51
2021-05-13,578.0,587.95,559.55,565.05,335950.0,42.51
2021-05-14,562.0,597.0,562.0,590.15,953227.0,33.77
2021-05-17,599.0,647.8,596.0,629.75,1343432.0,31.86
2021-05-18,634.9,637.75,611.15,625.25,515929.0,35.18
2021-05-19,624.0,624.0,575.55,588.85,544867.0,41.81
2021-05-20,590.0,599.5,582.15,584.15,245094.0,33.88
2021-05-21,580.1,596.0,580.1,589.5,215534.0,41.45
2021-05-24,596.75,625.0,595.0,620.7,538728.0,41.64
2021-05-25,625.0,636.15,606.05,612.05,322432.0,31.61
2021-05-26,613.0,617.0,598.5,601.2,230739.0,39.81
2021-05-27,606.9,610.4,597.5,600.5,131277.0,45.59
2021-05-28,605.0,605.9,592.0,594.5,112887.0,49.28
2021-05-31,595.95,608.8,590.0,597.45,194075.0,29.91
2021-06-01,599.0,604.95,586.55,588.55,121650.0,44.14
2021-06-02,590.9,595.0,585.0,590.35,106669.0,41.21
2021-06-03,596.7,604.75,586.1,598.05,129510.0,44.83
2021-06-04,607.9,608.9,597.0,598.2,141398.0,48.17
2021-06-07,603.0,605.0,592.1,597.2,158503.0,67.29
2021-06-08,602.0,604.0,592.25,598.1,167240.0,48.52
2021-06-09,601.85,643.0,601.05,622.8,1209785.0,23.73
2021-06-10,626.7,633.75,612.05,614.85,228711.0,38.69
2021-06-11,616.8,682.0,609.2,665.55,1389390.0,23.71
2021-06-14,667.0,691.75,645.55,674.55,1407547.0,22.81
2021-06-15,685.0,694.5,675.0,678.05,632900.0,30.97
2021-06-16,681.0,684.25,666.4,674.9,254065.0,34.8
2021-06-17,673.0,685.95,665.0,668.75,236564.0,36.35
2021-06-18,673.0,674.65,621.65,653.2,295786.0,31.99
2021-06-21,645.0,680.0,636.55,674.85,292482.0,24.87
2021-06-22,678.0,679.8,660.35,663.45,151056.0,39.22
2021-06-23,667.0,674.5,656.4,667.3,178014.0,29.84
2021-06-24,670.3,674.5,656.0,660.7,104612.0,34.53
2021-06-25,660.0,687.6,653.0,662.0,422336.0,20.12
2021-06-28,655.2,674.45,655.2,662.25,126116.0,40.86
2021-06-29,665.1,667.75,655.4,658.5,76843.0,49.9
2021-06-30,658.0,674.9,655.1,667.1,128486.0,43.12
2021-07-01,670.0,674.8,661.5,670.55,119234.0,35.09
2021-07-02,672.9,706.5,665.0,680.35,898889.0,29.31
2021-07-05,694.0,722.4,681.25,686.3,1148964.0,26.49
2021-07-06,688.9,696.55,675.65,679.8,253667.0,38.73
2021-07-07,680.1,686.35,666.4,671.15,144865.0,44.02
2021-07-08,670.0,680.0,656.0,663.2,140152.0,44.2
2021-07-09,664.2,668.5,657.8,659.45,106967.0,44.56
2021-07-12,665.15,673.0,656.0,659.4,159215.0,43.65
2021-07-13,662.35,699.0,658.35,690.25,663204.0,31.55
2021-07-14,690.25,704.5,686.0,690.25,506995.0,30.01
2021-07-15,696.3,696.3,679.55,683.55,266064.0,39.3
2021-07-16,686.0,695.0,680.2,690.2,135139.0,33.12
2021-07-19,686.5,711.0,681.4,703.45,253610.0,50.18
2021-07-20,712.0,718.0,690.45,712.55,482203.0,34.86
2021-07-21,712.0,718.0,690.45,712.55,482203.0,34.86
2021-07-22,718.0,754.0,718.0,748.55,1017618.0,32.46
2021-07-23,755.0,800.0,742.7,791.95,1403740.0,24.43
2021-07-26,815.45,950.3,810.0,944.0,7539852.0,11.18
2021-07-27,962.0,1034.8,886.35,904.9,4255269.0,13.86
2021-07-28,900.05,943.0,885.0,931.4,1601805.0,11.81
2021-07-29,933.0,939.0,897.0,904.6,348407.0,24.73
2021-07-30,907.9,921.55,880.1,884.7,463983.0,22.61
2021-08-02,886.0,918.95,886.0,895.75,446412.0,21.14
2021-08-03,899.0,902.6,875.05,880.5,316472.0,32.83
2021-08-04,884.0,894.0,856.0,860.8,219097.0,32.68
2021-08-05,865.0,923.0,843.05,913.6,1214227.0,17.08
2021-08-06,913.0,918.65,888.85,893.95,313171.0,28.85
2021-08-09,899.55,934.9,892.0,914.75,679080.0,21.33
2021-08-10,912.5,912.5,852.0,859.45,361651.0,38.73
2021-08-11,865.65,872.9,808.0,839.95,408592.0,28.03
2021-08-12,837.0,870.0,837.0,851.6,267027.0,31.31
2021-08-13,853.0,866.6,845.0,850.55,192113.0,35.09
2021-08-16,847.0,850.55,817.0,820.45,199688.0,37.68
2021-08-17,820.45,838.7,801.35,806.05,374573.0,24.17
2021-08-18,808.5,816.2,792.0,797.7,157319.0,40.37
2021-08-19,808.5,816.2,792.0,797.7,157319.0,40.37
2021-08-20,784.0,795.7,765.2,773.3,194259.0,37.46
2021-08-23,729.0,751.75,679.2,703.95,1220611.0,35.69
2021-08-24,706.0,749.0,706.0,743.45,361296.0,30.72
2021-08-25,745.0,758.7,741.15,747.15,200483.0,28.15
2021-08-26,743.1,746.8,712.8,717.6,317555.0,34.73
2021-08-27,724.7,734.0,711.0,717.6,223160.0,28.84
2021-08-30,720.0,741.9,719.5,732.4,188006.0,42.21
2021-08-31,738.95,747.0,727.0,730.4,113484.0,43.14
2021-09-01,735.5,741.45,725.85,729.6,122209.0,42.45
2021-09-02,729.6,757.0,729.6,738.5,238496.0,38.66
2021-09-03,733.0,751.0,733.0,740.1,108513.0,38.47
2021-09-06,744.1,866.8,743.5,838.8,3156775.0,10.84
2021-09-07,828.8,854.7,813.0,821.1,1436808.0,13.8
2021-09-08,825.25,855.0,816.1,839.9,854068.0,14.14
2021-09-09,839.95,947.0,834.0,933.3,5292946.0,11.72
2021-09-10,839.95,947.0,834.0,933.3,5292946.0,11.72
2021-09-13,938.8,1008.4,936.0,956.0,4348566.0,8.77
2021-09-14,960.8,965.0,912.8,925.9,551938.0,31.27
2021-09-15,925.9,932.7,904.9,911.35,217562.0,43.83
2021-09-16,915.95,920.95,882.45,892.25,170767.0,38.81
2021-09-17,897.5,900.95,860.0,870.95,212750.0,50.74
2021-09-20,868.7,925.55,851.2,865.2,412723.0,28.82
2021-09-21,871.8,875.0,850.4,873.55,169201.0,38.55
2021-09-22,880.8,932.0,874.35,899.25,656913.0,24.78
2021-09-23,906.1,917.0,891.0,895.85,172445.0,38.94
2021-09-24,899.3,929.5,880.9,888.65,589109.0,21.66
2021-09-27,897.9,900.0,883.5,898.2,157917.0,32.87
2021-09-28,899.0,918.0,873.7,884.3,247727.0,29.63
2021-09-29,875.55,897.5,874.05,890.15,177233.0,28.1
2021-09-30,894.65,915.2,877.65,884.25,202096.0,31.05
2021-10-01,875.55,887.1,871.5,877.1,91644.0,29.4
2021-10-04,880.5,899.0,880.5,888.05,181211.0,27.48
2021-10-05,890.0,930.0,888.0,904.8,598979.0,24.73
2021-10-06,913.7,918.6,889.1,894.75,154472.0,32.24
2021-10-07,901.95,926.45,900.0,905.75,300330.0,18.66
2021-10-08,909.2,912.0,862.85,866.4,297962.0,50.86
2021-10-11,874.0,892.2,868.05,873.45,269705.0,37.43
2021-10-12,877.4,941.65,873.5,921.25,1032449.0,26.95
2021-10-13,930.0,949.0,903.2,928.6,637007.0,26.7
2021-10-14,933.0,937.0,903.5,907.8,285224.0,37.68
2021-10-15,933.0,937.0,903.5,907.8,285224.0,37.68
2021-10-18,914.95,934.05,902.2,913.6,240964.0,42.25
2021-10-19,920.9,930.0,880.0,886.45,258172.0,41.34
2021-10-20,885.95,890.05,855.15,864.25,170562.0,40.14
2021-10-21,868.0,877.55,855.0,867.4,119491.0,39.24
2021-10-22,872.45,884.85,855.0,860.15,111412.0,32.19
2021-10-25,861.0,899.9,796.35,850.75,326981.0,36.8
2021-10-26,855.05,887.05,855.05,865.7,118688.0,35.95
2021-10-27,867.65,876.0,850.0,854.35,99067.0,26.41
2021-10-28,856.0,856.9,822.0,828.15,108242.0,39.46
2021-10-29,828.0,837.05,807.55,821.0,124491.0,27.99
2021-11-01,820.9,849.0,817.95,832.15,162972.0,23.11
2021-11-02,837.9,852.0,822.0,829.05,401185.0,21.39
2021-11-03,829.1,849.0,829.1,836.1,230226.0,18.89
2021-11-04,829.1,849.0,829.1,836.1,230226.0,18.89
2021-11-05,842.0,844.55,837.0,842.25,26744.0,54.33
2021-11-08,848.65,859.95,840.0,849.8,187984.0,26.68
2021-11-09,855.5,862.55,852.05,856.6,136221.0,25.81
2021-11-10,856.6,876.35,850.0,861.65,182620.0,18.3
2021-11-11,860.9,868.7,844.9,852.6,62697.0,38.72
2021-11-12,854.9,864.9,854.9,862.6,70935.0,49.08
2021-11-15,869.95,889.7,851.2,860.7,167178.0,42.03
2021-11-16,859.95,875.0,853.85,865.25,87278.0,41.26
2021-11-17,863.0,871.5,856.0,860.4,72036.0,48.0
2021-11-18,860.4,869.0,833.0,842.95,89461.0,46.35
2021-11-19,860.4,869.0,833.0,842.95,89461.0,46.35
2021-11-22,843.4,843.4,814.05,826.25,127597.0,52.08
2021-11-23,824.25,824.25,774.1,784.45,249669.0,52.03
2021-11-24,793.7,806.0,779.0,786.45,142256.0,42.43
2021-11-25,787.6,799.3,752.0,766.75,256571.0,44.3
2021-11-26,775.0,798.4,760.2,769.1,352654.0,23.87
2021-11-29,765.0,769.9,726.0,733.8,145444.0,45.5
2021-11-30,736.0,783.9,722.25,748.55,470850.0,59.96
2021-12-01,739.4,780.0,728.0,765.2,248770.0,26.01
2021-12-02,771.9,818.65,765.25,802.5,554565.0,13.72
2021-12-03,808.0,819.7,801.25,809.95,146339.0,20.27
2021-12-06,810.0,813.1,773.35,777.75,109771.0,35.07
2021-12-07,786.15,796.15,776.65,782.25,60405.0,22.98
2021-12-08,781.2,802.1,781.2,797.95,68685.0,32.9
2021-12-09,799.9,801.2,788.2,790.8,39669.0,32.8
2021-12-10,792.95,804.6,790.0,793.55,57682.0,29.25
2021-12-13,801.15,809.85,791.0,796.0,51134.0,33.21
2021-12-14,797.0,813.4,770.0,802.45,81405.0,21.09
2021-12-15,803.0,803.0,758.3,771.2,79491.0,41.79
2021-12-16,775.0,782.55,769.0,775.45,48845.0,28.14
2021-12-17,781.9,781.9,745.0,748.65,115138.0,28.62
2021-12-20,730.0,746.35,713.8,734.95,145591.0,34.37
2021-12-21,736.35,751.35,730.75,738.75,190364.0,14.23
2021-12-22,742.5,766.2,740.05,759.45,168393.0,12.97
2021-12-23,763.25,805.95,762.25,796.1,366921.0,13.14
2021-12-24,796.1,838.8,795.1,807.45,736724.0,15.76
2021-12-27,809.9,818.0,790.0,813.65,137351.0,29.8
2021-12-28,810.0,837.8,810.0,831.7,151228.0,26.64
2021-12-29,833.9,879.5,833.9,868.2,585869.0,28.13
2021-12-30,870.9,875.85,859.5,861.0,107345.0,31.15
2021-12-31,862.0,869.0,848.0,858.2,106771.0,34.78
2022-01-03,860.5,884.0,858.7,872.45,108810.0,38.59
2022-01-04,876.0,879.55,853.65,864.2,85913.0,35.8
2022-01-05,863.1,871.0,855.0,864.1,60946.0,41.01
2022-01-06,859.5,888.0,840.4,852.95,220821.0,21.47
2022-01-07,850.0,860.35,844.05,855.35,85135.0,38.41
2022-01-10,861.55,861.55,831.0,839.55,86814.0,29.68
2022-01-11,839.55,847.35,831.05,835.5,85110.0,40.61
2022-01-12,836.05,841.8,830.15,835.65,53815.0,50.83
2022-01-13,835.5,846.85,830.1,841.6,89683.0,49.34
2022-01-14,841.95,869.95,837.4,853.65,117845.0,36.36
2022-01-17,859.55,860.8,830.05,836.65,62822.0,44.77
2022-01-18,842.0,842.0,817.3,825.85,81122.0,50.13
2022-01-19,818.3,827.3,802.3,807.9,79619.0,51.69
2022-01-20,808.6,833.4,805.0,810.65,78427.0,35.02
2022-01-21,809.0,811.05,780.0,788.15,69959.0,48.75
2022-01-24,789.95,809.2,764.0,789.4,132727.0,33.17
2022-01-25,789.4,824.8,782.2,822.4,111987.0,43.24
2022-01-26,789.4,824.8,782.2,822.4,111987.0,43.24
2022-01-27,821.85,833.75,807.5,812.85,78277.0,36.2
2022-01-28,819.55,828.95,800.15,803.2,40703.0,37.53
2022-01-31,803.35,813.9,789.0,795.15,57635.0,38.36
2022-02-01,792.0,806.75,792.0,798.4,41535.0,40.52
2022-02-02,799.0,830.0,799.0,825.7,55181.0,36.06
2022-02-03,833.65,846.0,811.0,829.65,275012.0,17.94
2022-02-04,826.05,831.95,800.45,805.55,63024.0,42.5
2022-02-07,810.0,817.6,787.0,801.35,70844.0,40.42
2022-02-08,802.0,808.05,787.0,790.4,55375.0,41.94
2022-02-09,796.0,801.0,775.0,782.15,53910.0,44.8
2022-02-10,782.15,805.4,779.05,799.4,68059.0,38.04
2022-02-11,795.0,805.0,775.0,782.45,61001.0,36.19
2022-02-14,770.0,778.7,751.25,767.5,72098.0,54.1
2022-02-15,770.0,784.4,736.0,779.8,108056.0,32.0
2022-02-16,790.0,792.3,775.0,781.7,52160.0,25.99
2022-02-17,785.55,790.0,775.1,785.45,32684.0,40.28
2022-02-18,780.1,788.75,765.0,768.1,29741.0,40.55
2022-02-21,770.0,770.0,745.85,749.65,66530.0,54.87
2022-02-22,737.0,752.0,724.0,733.25,101113.0,42.84
2022-02-23,740.2,746.85,719.1,724.25,47682.0,43.88
2022-02-24,706.0,710.65,650.0,660.35,155112.0,44.63
2022-02-25,676.55,685.15,670.9,680.3,110486.0,48.19
2022-02-28,680.0,684.1,652.3,667.2,118901.0,42.7
2022-03-01,680.0,684.1,652.3,667.2,118901.0,42.7
2022-03-02,660.0,703.65,660.0,695.05,172985.0,49.34
2022-03-03,695.0,730.0,695.0,724.55,137303.0,22.01
2022-03-04,720.0,720.0,701.05,704.7,50446.0,36.55
2022-03-07,690.0,718.0,688.0,704.75,106245.0,35.8
2022-03-08,712.45,721.95,689.55,717.75,71309.0,31.2
2022-03-09,722.0,725.25,705.1,721.3,101179.0,31.97
2022-03-10,728.6,749.85,728.6,733.0,73829.0,30.95
2022-03-11,733.0,743.0,725.15,736.7,56923.0,23.92
2022-03-14,740.0,742.95,719.6,729.0,53484.0,48.03
2022-03-15,732.65,740.0,725.0,728.95,42712.0,54.94
2022-03-16,729.0,736.0,726.05,729.45,32920.0,56.93
2022-03-17,735.0,754.7,734.15,738.65,184711.0,55.14
2022-03-18,735.0,754.7,734.15,738.65,184711.0,55.14
2022-03-21,741.0,744.45,730.25,734.4,102179.0,53.15
2022-03-22,730.0,733.6,700.0,706.9,267558.0,50.52
2022-03-23,714.55,739.0,707.0,727.25,119715.0,39.95
2022-03-24,725.0,729.4,716.0,717.15,43348.0,41.59
2022-03-25,717.0,721.95,701.0,703.7,85476.0,55.53
2022-03-28,704.0,709.6,680.0,681.3,141558.0,58.23
2022-03-29,685.0,700.0,679.0,688.85,294715.0,16.69
2022-03-30,693.6,703.8,681.55,689.15,125040.0,56.28
2022-03-31,694.1,697.95,675.0,678.2,52673.0,58.76
2022-04-01,683.4,715.95,677.65,711.7,96066.0,42.06
2022-04-04,722.4,791.55,720.05,776.55,350744.0,24.9
2022-04-05,784.4,803.0,765.05,771.05,215943.0,26.02
2022-04-06,770.0,788.0,755.05,782.4,100474.0,27.22
2022-04-07,786.1,788.55,761.35,765.4,73392.0,45.81
2022-04-08,766.5,773.0,756.0,761.8,78117.0,34.75
2022-04-11,766.2,785.0,764.75,776.1,63085.0,36.34
2022-04-12,776.1,787.0,758.1,769.65,67119.0,28.73
2022-04-13,776.0,783.0,766.6,769.15,40151.0,34.3
2022-04-14,776.0,783.0,766.6,769.15,40151.0,34.3
2022-04-15,776.0,783.0,766.6,769.15,40151.0,34.3
2022-04-18,769.0,830.0,750.5,784.4,321626.0,21.32
2022-04-19,789.0,795.25,765.0,773.7,50861.0,35.89
2022-04-20,777.0,794.75,773.2,788.35,68892.0,39.47
2022-04-21,793.25,820.0,790.05,803.8,154256.0,36.07
2022-04-22,806.9,811.8,785.1,790.1,41001.0,34.96
2022-04-25,789.0,789.0,769.0,772.7,86993.0,21.95
2022-04-26,777.2,779.75,742.2,751.5,64844.0,41.14
2022-04-27,751.5,753.05,718.15,721.25,131446.0,34.62
2022-04-28,729.55,732.0,708.0,711.0,86606.0,36.14
2022-04-29,711.7,716.3,701.3,704.4,71051.0,42.88
2022-05-02,703.95,706.65,686.9,695.05,57313.0,48.68
2022-05-03,703.95,706.65,686.9,695.05,57313.0,48.68
2022-05-04,699.35,730.9,695.1,701.2,145390.0,41.28
2022-05-05,709.6,734.0,700.0,703.3,50021.0,30.33
2022-05-06,704.0,719.55,673.4,692.4,74918.0,44.17
2022-05-09,692.4,695.85,676.0,682.7,53645.0,55.89
2022-05-10,683.5,686.95,670.0,673.75,57195.0,59.94
2022-05-11,677.3,677.5,626.0,667.95,108585.0,43.01
2022-05-12,660.1,680.0,651.25,663.3,333769.0,11.33
2022-05-13,669.65,716.9,669.35,707.55,253747.0,52.44
2022-05-16,707.6,725.0,701.0,713.65,74836.0,31.96
2022-05-17,718.95,726.4,714.15,719.6,35497.0,54.56
2022-05-18,723.8,749.9,722.0,742.4,85157.0,47.43
2022-05-19,727.4,814.0,723.0,800.5,848372.0,16.24
2022-05-20,787.05,800.0,771.05,776.65,248738.0,19.17
2022-05-23,780.9,786.05,742.3,745.95,76142.0,36.07
2022-05-24,745.0,753.9,730.1,733.7,54925.0,42.68
2022-05-25,726.1,760.0,716.25,721.15,110802.0,19.98
2022-05-26,727.0,758.7,707.35,739.9,72235.0,29.11
2022-05-27,746.0,752.1,731.0,732.6,31854.0,32.87
2022-05-30,737.35,767.1,735.65,756.95,89181.0,35.55
2022-05-31,763.55,763.55,735.0,742.15,60946.0,57.02
2022-06-01,741.5,753.75,735.0,740.35,33267.0,34.45
2022-06-02,744.55,760.0,736.95,755.95,39130.0,39.95
2022-06-03,761.2,778.05,744.75,759.5,103548.0,31.14
2022-06-06,750.0,771.6,750.0,765.7,58467.0,33.75
2022-06-07,769.55,789.0,765.75,783.15,102763.0,34.65
2022-06-08,783.15,787.1,760.1,761.8,42470.0,45.28
2022-06-09,762.3,777.0,757.0,770.3,46782.0,31.02
2022-06-10,770.3,771.25,758.45,762.75,22482.0,49.81
2022-06-13,758.1,760.0,711.5,714.5,81254.0,61.19
2022-06-14,712.5,721.4,705.0,715.95,42510.0,47.43
2022-06-15,715.95,719.35,703.3,706.15,32168.0,53.27
2022-06-16,710.1,712.65,680.0,685.75,79525.0,50.09
2022-06-17,685.0,688.65,658.25,663.8,38809.0,51.5
2022-06-20,665.2,669.35,631.0,633.9,41700.0,49.13
2022-06-21,652.0,683.75,640.25,676.1,43111.0,35.39
2022-06-22,674.9,697.8,662.45,686.9,50157.0,32.97
2022-06-23,690.35,694.85,680.0,682.5,19167.0,39.31
2022-06-24,686.45,695.0,684.0,693.0,19858.0,43.06
2022-06-27,698.3,716.1,697.0,711.65,53036.0,27.35
2022-06-28,711.5,716.7,703.0,714.3,15394.0,46.64
2022-06-29,714.0,726.0,706.55,710.55,36039.0,29.44
2022-06-30,714.15,717.95,705.0,710.4,24413.0,47.81
2022-07-01,704.0,714.15,704.0,708.75,26432.0,50.48
2022-07-04,710.8,738.75,706.0,734.95,80408.0,43.55
2022-07-05,742.65,742.65,712.85,726.4,46090.0,32.47
2022-07-06,730.05,744.65,720.05,740.7,48031.0,46.26
2022-07-07,744.75,745.75,730.0,733.95,20909.0,49.51
2022-07-08,737.65,738.15,729.0,730.2,16658.0,51.48
2022-07-11,729.95,739.4,729.55,731.3,20310.0,44.83
2022-07-12,727.2,742.0,725.25,736.2,24161.0,41.64
2022-07-13,736.2,742.0,730.0,731.35,16949.0,56.21
2022-07-14,734.0,739.4,728.0,732.5,19537.0,50.17
2022-07-15,736.2,736.2,714.0,723.2,31911.0,47.73
2022-07-18,728.25,728.3,722.0,727.15,17329.0,45.76
2022-07-19,729.6,747.55,728.0,738.3,36077.0,41.03
2022-07-20,742.0,776.75,740.3,772.2,211392.0,32.41
2022-07-21,780.0,811.8,770.0,789.2,213247.0,25.12
2022-07-22,791.0,822.85,780.0,801.0,336403.0,31.46
2022-07-25,801.0,824.9,790.0,805.0,236067.0,22.75
2022-07-26,809.05,810.95,772.05,777.05,66518.0,40.4
2022-07-27,783.6,783.6,754.5,758.1,43884.0,46.01
2022-07-28,764.55,777.8,756.1,760.15,40854.0,37.83
2022-07-29,762.0,787.0,762.0,778.05,59348.0,47.23
2022-08-01,784.0,846.0,784.0,834.2,564782.0,30.91
2022-08-02,837.0,856.8,820.65,842.95,285473.0,33.31
2022-08-03,842.7,842.7,810.1,815.95,86087.0,49.46
2022-08-04,823.6,831.5,789.1,815.55,87535.0,35.76
2022-08-05,823.0,842.0,805.0,820.15,212309.0,21.54
2022-08-10,818.0,819.7,806.0,810.0,47707.0,42.41
2022-08-11,816.2,819.8,800.0,803.9,57607.0,50.99
2022-08-12,808.5,808.85,789.0,793.45,55022.0,48.92
2022-08-15,808.5,808.85,789.0,793.45,55022.0,48.92
2022-08-16,798.0,839.95,793.45,813.25,54428.0,44.25
2022-08-17,817.0,819.8,800.05,803.55,36775.0,59.95
2022-08-18,807.5,807.5,793.7,796.3,48110.0,54.45
2022-08-19,798.0,802.9,767.45,779.35,76684.0,48.5
2022-08-22,779.4,779.95,760.15,763.1,70299.0,43.18
2022-08-23,759.6,770.75,755.0,767.85,53643.0,45.63
2022-08-24,771.7,779.95,769.0,775.05,31501.0,47.85
2022-08-25,779.55,790.0,765.75,767.65,55547.0,50.0
2022-08-26,772.7,775.0,756.05,763.75,33877.0,51.63
2022-08-29,736.65,761.0,736.65,757.7,40975.0,47.83
2022-08-30,760.1,787.5,760.1,778.8,116330.0,57.92
2022-08-31,760.1,787.5,760.1,778.8,116330.0,57.92
2022-09-01,775.0,788.0,774.4,782.95,37997.0,51.75
2022-09-02,786.8,789.85,770.0,772.85,49507.0,43.76
2022-09-05,780.0,780.0,762.65,775.0,65785.0,41.56
2022-09-06,775.5,785.0,771.35,774.55,36756.0,48.14
2022-09-07,774.0,779.9,771.0,777.2,26061.0,43.47
2022-09-08,781.0,797.95,781.0,786.55,87229.0,55.17
2022-09-09,791.0,791.9,762.25,765.75,88393.0,53.91
2022-09-12,769.6,775.0,764.35,769.2,156988.0,78.44
2022-09-13,773.6,777.0,764.8,767.95,33771.0,49.47
2022-09-14,757.0,767.25,756.6,763.5,37863.0,52.6
2022-09-15,767.0,771.0,753.0,754.7,48112.0,52.2
2022-09-16,757.55,758.5,736.0,739.45,53219.0,61.04
2022-09-19,738.0,738.0,719.35,721.85,53639.0,57.56
2022-09-20,721.25,735.45,709.25,716.45,100286.0,52.8
2022-09-21,715.9,734.5,714.45,719.4,51512.0,34.04
2022-09-22,723.8,735.0,715.7,730.75,46144.0,42.68
2022-09-23,734.45,742.8,714.05,717.55,40551.0,43.5
2022-09-26,710.0,717.5,697.05,702.6,48370.0,52.71
2022-09-27,707.2,743.45,702.65,731.45,96202.0,24.82
2022-09-28,724.8,737.8,720.0,723.9,22824.0,42.78
2022-09-29,727.55,746.9,725.0,728.95,25587.0,44.61
2022-09-30,728.95,749.5,689.45,744.4,246366.0,18.83
2022-10-03,735.0,752.8,735.0,746.95,45553.0,41.15
2022-10-04,749.0,759.4,736.6,746.35,36981.0,45.43
2022-10-05,749.0,759.4,736.6,746.35,36981.0,45.43
2022-10-06,746.35,755.6,738.3,740.35,39044.0,47.97
2022-10-07,740.0,744.1,730.15,734.7,39310.0,38.75
2022-10-10,731.15,736.75,725.9,729.25,21097.0,38.52
2022-10-11,727.0,733.45,715.0,720.65,27083.0,52.86
2022-10-12,720.1,723.0,704.6,712.55,19929.0,51.09
2022-10-13,715.0,719.8,700.05,710.2,29805.0,43.43
2022-10-14,714.95,720.0,705.05,709.25,21450.0,47.06
2022-10-17,712.8,715.0,700.0,708.8,18406.0,52.15
2022-10-18,712.35,735.0,708.05,718.35,65412.0,27.83
2022-10-19,721.95,735.0,717.5,730.05,35690.0,40.38
2022-10-20,725.5,742.65,725.5,737.75,36391.0,45.92
2022-10-21,739.0,745.9,732.05,740.85,28606.0,58.65
2022-10-24,745.1,746.7,735.0,739.55,7091.0,56.16
2022-10-25,741.0,748.0,736.6,744.75,34978.0,62.38
2022-10-26,741.0,748.0,736.6,744.75,34978.0,62.38
2022-10-27,746.0,754.5,740.5,746.6,43607.0,60.72
2022-10-28,746.0,749.0,731.0,734.2,22911.0,54.77
2022-10-31,738.15,742.15,716.95,724.85,21704.0,43.96
2022-11-01,724.0,744.4,722.8,733.75,31645.0,34.43
2022-11-02,733.85,741.0,729.55,739.95,24845.0,60.33
2022-11-03,739.0,740.5,734.05,738.25,20553.0,70.07
2022-11-04,740.0,742.5,735.0,738.6,33705.0,57.44
2022-11-07,740.0,758.3,731.0,737.65,83288.0,58.41
2022-11-08,740.0,758.3,731.0,737.65,83288.0,58.41
2022-11-09,737.65,747.0,733.95,738.65,39307.0,52.69
2022-11-10,738.6,749.95,726.05,732.7,37377.0,49.8
2022-11-11,735.95,740.05,726.95,731.35,48138.0,71.04
2022-11-14,735.65,780.0,735.65,775.3,297168.0,28.38
2022-11-15,785.7,785.75,755.0,762.35,98718.0,33.55
2022-11-16,762.0,771.95,750.0,751.4,36038.0,47.14
2022-11-17,752.05,756.15,715.1,729.15,67529.0,64.12
2022-11-18,722.0,735.0,718.1,726.0,66724.0,50.86
2022-11-21,726.0,739.0,720.35,735.9,50880.0,60.01
2022-11-22,739.6,739.6,730.05,732.7,25857.0,68.34
2022-11-23,733.0,736.4,731.05,734.25,14792.0,53.6
2022-11-24,734.0,743.0,733.25,738.05,23798.0,53.05
2022-11-25,741.75,741.75,732.85,735.15,19051.0,50.28
2022-11-28,737.95,765.5,735.25,758.25,82789.0,45.48
2022-11-29,762.05,763.4,750.0,754.25,23741.0,54.72
2022-11-30,756.95,759.0,747.55,755.45,24196.0,62.9
2022-12-01,759.7,761.0,746.45,755.25,60883.0,60.61
2022-12-02,759.2,766.35,749.1,761.05,27874.0,59.95
2022-12-05,765.35,777.8,759.0,765.6,121516.0,38.96
2022-12-06,765.0,769.7,755.5,761.1,27221.0,58.45
2022-12-07,761.0,761.0,730.5,739.8,61888.0,61.36
2022-12-08,745.65,750.95,740.05,746.75,27891.0,50.97
2022-12-09,750.0,750.0,731.6,737.5,37649.0,61.16
2022-12-12,730.8,739.5,721.05,723.45,54228.0,53.84
2022-12-13,723.0,723.45,708.1,713.75,105373.0,57.91
2022-12-14,717.6,740.7,706.05,738.05,70323.0,48.05
2022-12-15,741.75,745.9,735.5,739.05,26424.0,55.3
2022-12-16,736.3,742.9,723.85,726.85,26396.0,58.21
2022-12-19,730.5,737.85,720.8,727.55,26181.0,49.57
2022-12-20,727.55,740.15,724.15,736.15,35604.0,47.78
2022-12-21,740.7,743.85,720.1,726.8,32145.0,49.63
2022-12-22,726.8,730.6,700.6,708.85,53819.0,52.61
2022-12-23,705.0,725.45,700.8,706.4,78322.0,37.87
2022-12-26,709.95,715.0,696.65,705.0,33118.0,51.45
2022-12-27,705.0,720.45,701.2,713.3,26439.0,42.63
2022-12-28,713.35,719.65,706.0,711.15,14941.0,41.18
2022-12-29,710.4,714.1,706.95,710.75,12337.0,51.78
2022-12-30,710.75,714.95,710.5,713.3,16723.0,52.66
2023-01-02,717.1,727.9,712.5,723.7,32121.0,53.58
2023-01-03,725.1,727.3,722.7,724.55,10757.0,65.58
2023-01-04,728.2,755.75,724.55,745.75,152468.0,30.01
2023-01-05,749.7,749.75,732.95,737.95,22042.0,41.79
2023-01-06,733.95,742.9,721.5,726.4,24054.0,56.88
2023-01-09,730.2,732.6,722.55,728.7,23446.0,56.2
2023-01-10,732.5,732.5,722.0,729.65,17023.0,48.51
2023-01-11,733.5,733.8,726.0,727.65,15877.0,46.12
2023-01-12,731.25,731.25,715.15,719.15,24139.0,64.25
2023-01-13,718.0,720.95,710.1,712.6,23584.0,66.42
2023-01-16,716.15,719.4,711.0,712.75,11632.0,58.34
2023-01-17,716.35,716.5,707.05,709.5,17165.0,58.57
2023-01-18,713.05,713.05,703.45,704.05,25294.0,61.83
2023-01-19,706.15,715.0,701.15,705.6,29524.0,57.01
2023-01-20,706.0,715.05,691.25,696.9,39898.0,56.69
2023-01-23,699.2,703.1,682.1,685.25,46138.0,53.15
2023-01-24,684.1,695.4,684.1,693.1,12248.0,48.29
2023-01-25,688.05,695.0,684.0,687.05,28357.0,38.08
2023-01-26,688.05,695.0,684.0,687.05,28357.0,38.08
2023-01-27,685.0,696.25,671.0,685.5,37656.0,50.25
2023-01-30,689.1,690.85,679.3,682.8,18523.0,59.28
2023-01-31,686.15,698.0,682.5,692.95,32325.0,54.58
2023-02-01,696.15,711.9,690.05,693.05,23645.0,43.95
2023-02-02,694.0,709.85,693.05,699.15,22654.0,45.34
2023-02-03,693.0,701.7,684.0,693.4,26454.0,50.66
2023-02-06,692.8,716.25,692.05,695.15,31599.0,37.5
2023-02-07,695.0,707.7,692.9,705.9,33825.0,48.54
2023-02-08,706.0,707.85,699.5,705.4,24173.0,52.62
2023-02-09,707.85,707.85,700.55,703.25,9733.0,53.73
2023-02-10,700.5,717.0,700.5,712.7,27491.0,53.82
2023-02-13,723.4,726.95,687.05,704.5,74415.0,42.69
2023-02-14,708.05,709.95,690.0,696.55,86669.0,40.04
2023-02-15,686.1,699.0,680.55,683.75,198356.0,81.77
2023-02-16,687.15,698.0,685.05,692.3,40142.0,46.59
2023-02-17,691.55,692.35,685.0,686.9,17228.0,50.86
2023-02-20,686.2,689.05,680.55,681.7,24753.0,52.6
2023-02-21,681.0,682.6,672.0,673.2,43827.0,56.48
2023-02-22,674.95,688.0,669.0,670.75,61132.0,46.78
2023-02-23,670.75,674.0,665.0,666.15,34372.0,53.57
2023-02-24,668.05,674.8,665.0,668.5,50416.0,40.62
2023-02-27,663.1,679.0,657.85,663.3,71703.0,30.97
2023-02-28,657.3,664.95,650.95,653.25,64582.0,35.92
2023-03-01,656.0,663.4,654.95,659.9,27030.0,50.36
2023-03-02,660.0,664.85,655.0,655.85,32954.0,56.81
2023-03-03,658.45,674.0,656.05,663.85,73851.0,21.26
2023-03-06,667.3,678.25,660.0,666.15,67751.0,43.63
2023-03-07,667.3,678.25,660.0,666.15,67751.0,43.63
2023-03-08,664.0,680.0,657.0,659.55,69805.0,39.34
2023-03-09,660.85,670.05,660.85,663.15,54050.0,44.16
2023-03-10,663.15,663.3,656.2,659.1,30244.0,58.93
2023-03-13,660.0,662.35,645.0,651.8,36998.0,60.24
2023-03-14,655.15,657.45,635.0,637.0,42537.0,57.15
2023-03-15,640.2,644.65,621.05,629.7,62394.0,61.27
2023-03-16,625.5,632.85,610.0,613.8,86012.0,62.95
2023-03-17,616.0,631.95,605.0,610.6,82915.0,62.34
2023-03-20,639.95,662.0,611.0,631.5,1372787.0,29.05
2023-03-21,625.6,636.85,611.25,614.45,108090.0,45.6
2023-03-22,617.5,620.5,601.6,604.25,108187.0,55.64
2023-03-23,609.0,609.0,600.0,601.8,50677.0,64.56
2023-03-24,604.2,606.7,591.1,597.6,129626.0,60.42
2023-03-27,597.5,604.95,590.0,591.8,144527.0,73.47
2023-03-28,591.8,599.0,580.0,584.15,130833.0,69.17
2023-03-29,588.2,600.0,575.0,592.5,156855.0,57.52
2023-03-30,588.2,600.0,575.0,592.5,156855.0,57.52
2023-03-31,596.4,603.8,583.55,595.95,167020.0,61.44
2023-04-03,599.1,615.95,596.0,609.9,217297.0,79.63
2023-04-04,599.1,615.95,596.0,609.9,217297.0,79.63
2023-04-05,615.0,628.0,608.8,614.5,80205.0,51.58
2023-04-06,617.7,618.35,612.0,613.65,42421.0,63.79
2023-04-07,617.7,618.35,612.0,613.65,42421.0,63.79
2023-04-10,616.9,620.95,610.8,614.25,34662.0,59.1
2023-04-11,617.5,652.95,612.95,635.3,152041.0,35.98
2023-04-12,635.0,644.0,631.2,633.7,98768.0,57.57
2023-04-13,636.8,636.8,625.0,628.45,56944.0,66.3
2023-04-14,636.8,636.8,625.0,628.45,56944.0,66.3
2023-04-17,628.0,631.3,618.0,620.25,66786.0,62.67
2023-04-18,623.5,624.5,612.9,620.3,119105.0,75.07
2023-04-19,621.0,688.0,621.0,676.5,774672.0,14.14
2023-04-20,687.0,689.8,665.0,669.95,239713.0,36.03
2023-04-21,672.5,675.35,665.6,669.65,66641.0,40.81
2023-04-24,668.05,668.05,647.9,656.05,79681.0,42.24
2023-04-25,659.0,660.4,650.25,655.6,34886.0,53.61
2023-04-26,650.1,660.0,646.8,654.5,38251.0,50.65
2023-04-27,657.8,679.55,657.75,673.7,63622.0,38.85
2023-04-28,673.7,682.95,667.0,678.3,65155.0,56.47
2023-05-01,673.7,682.95,667.0,678.3,65155.0,56.47
2023-05-02,678.7,688.5,676.05,684.75,67435.0,57.93
2023-05-03,681.8,695.0,679.0,684.95,50496.0,52.01
2023-05-04,684.95,686.95,675.35,677.95,26219.0,52.47
2023-05-05,680.0,682.7,673.0,677.1,34959.0,48.36
2023-05-08,677.1,691.0,674.1,685.65,36582.0,49.33
2023-05-09,689.7,693.0,679.0,685.25,24776.0,46.39
2023-05-10,683.0,690.55,673.15,680.95,59803.0,47.57
2023-05-11,682.0,696.0,682.0,685.65,57602.0,40.75
2023-05-12,689.1,710.0,676.25,706.7,193556.0,26.53
2023-05-15,706.65,723.3,698.75,707.45,96776.0,35.79
2023-05-16,711.2,722.4,708.0,719.05,54538.0,45.59
2023-05-17,714.15,722.65,705.3,709.25,73783.0,42.44
2023-05-18,712.8,719.0,703.1,705.3,39545.0,50.84
2023-05-19,705.25,708.65,691.1,700.1,41448.0,49.65
2023-05-22,703.8,713.0,699.85,711.05,44116.0,51.57
2023-05-23,714.0,722.45,712.0,716.3,42567.0,58.47
2023-05-24,717.0,760.0,715.9,742.85,254537.0,36.96
2023-05-25,742.0,760.0,733.0,737.25,131338.0,45.97
2023-05-26,742.45,743.2,730.0,736.35,53297.0,50.1
2023-05-29,756.0,770.0,731.55,735.9,162699.0,36.09
2023-05-30,744.3,750.85,736.05,743.4,79577.0,53.45
2023-05-31,747.15,751.95,741.7,747.6,75164.0,66.22
2023-06-01,746.8,782.2,745.25,756.75,255167.0,23.61
2023-06-02,760.7,768.4,755.75,761.5,132048.0,69.72
2023-06-05,761.5,769.9,759.05,763.3,65450.0,55.03
2023-06-06,772.95,778.9,764.35,774.15,84109.0,49.93
2023-06-07,778.25,781.8,774.3,777.4,58403.0,49.75
2023-06-08,783.5,833.0,777.4,809.0,674987.0,30.96
2023-06-09,805.0,810.35,790.5,800.05,128490.0,41.56
2023-06-12,802.25,814.7,791.9,811.25,155856.0,24.63
2023-06-13,815.0,827.0,811.0,817.35,116106.0,41.49
2023-06-14,819.95,819.95,808.2,810.1,55913.0,60.17
2023-06-15,814.0,818.2,806.8,811.15,63202.0,53.08
2023-06-16,809.0,818.55,809.0,812.25,51891.0,46.83
2023-06-19,820.0,831.55,810.0,814.3,84980.0,54.33
2023-06-20,814.3,817.5,801.35,806.35,68961.0,51.4
2023-06-21,809.0,813.85,796.6,801.55,63790.0,55.0
2023-06-22,801.55,812.45,783.0,786.05,71166.0,45.92
2023-06-23,785.0,799.45,781.85,787.0,62814.0,35.48
2023-06-26,793.8,800.0,788.7,797.1,43433.0,59.63
2023-06-27,799.9,812.0,797.1,809.45,71776.0,45.05
2023-06-28,812.85,819.0,798.0,802.5,66004.0,53.56
2023-06-29,812.85,819.0,798.0,802.5,66004.0,53.56
2023-06-30,804.85,815.05,800.0,806.55,52834.0,55.34
2023-07-03,810.8,813.6,805.55,808.85,43047.0,52.18
2023-07-04,808.85,808.95,787.0,790.1,61681.0,60.69
2023-07-05,785.1,798.0,783.05,789.3,55829.0,53.62
2023-07-06,793.5,801.0,790.0,795.4,63585.0,47.42
2023-07-07,799.6,801.95,785.0,786.25,37153.0,54.29
2023-07-10,804.45,826.9,787.0,821.95,315351.0,44.65
2023-07-11,828.0,829.9,805.55,814.55,127922.0,44.37
2023-07-12,818.6,838.9,807.0,822.5,117689.0,51.81
2023-07-13,826.95,827.8,801.0,806.2,64782.0,53.19
2023-07-14,810.4,822.5,807.45,820.7,57767.0,46.59
2023-07-17,828.0,887.0,821.4,877.35,844039.0,29.76
2023-07-18,881.7,886.35,851.7,859.35,205620.0,43.26
2023-07-19,860.0,876.45,860.0,868.55,99201.0,46.91
2023-07-20,871.95,888.0,850.55,858.3,115927.0,50.75
2023-07-21,850.0,862.8,850.0,852.8,59489.0,49.29
2023-07-24,854.0,862.95,850.55,853.5,62707.0,53.51
2023-07-25,855.0,867.95,855.0,857.9,67931.0,42.11
2023-07-26,862.0,862.0,840.0,842.0,68975.0,59.97
2023-07-27,843.95,862.0,842.3,854.45,66688.0,41.01
2023-07-28,858.75,888.0,850.0,875.4,274914.0,46.63
2023-07-31,876.0,915.05,869.8,908.45,369887.0,49.62
2023-08-01,914.0,918.0,897.0,907.45,175709.0,51.56
2023-08-02,900.0,924.0,899.2,912.7,261509.0,53.62
2023-08-03,908.75,941.7,908.1,938.6,224243.0,48.55
2023-08-04,942.85,978.8,924.05,950.6,277136.0,40.83
2023-08-07,958.75,986.15,875.8,896.0,734060.0,31.48
2023-08-08,896.0,1008.65,895.0,995.6,2431270.0,11.91
2023-08-09,998.0,1020.0,980.2,1007.9,468518.0,28.63
2023-08-10,1011.0,1077.45,1010.0,1063.1,842701.0,26.93
2023-08-11,1066.0,1067.9,1020.1,1032.45,250677.0,32.24
2023-08-14,1034.7,1042.05,1001.0,1015.05,161070.0,40.07
2023-08-15,1034.7,1042.05,1001.0,1015.05,161070.0,40.07
2023-08-16,1015.6,1067.4,1011.0,1062.0,210592.0,40.42
2023-08-17,1066.3,1068.0,1037.55,1049.25,108803.0,39.97
2023-08-18,1052.9,1069.9,1030.85,1057.1,286091.0,31.16
2023-08-21,1062.0,1062.0,1026.0,1032.35,83758.0,41.03
2023-08-22,1034.2,1050.0,1025.25,1029.35,90684.0,43.17
2023-08-23,1034.75,1044.3,1025.0,1029.4,64771.0,45.27
2023-08-24,1031.05,1042.3,1019.05,1023.05,66101.0,48.86
2023-08-25,1023.05,1034.05,1007.15,1025.65,72057.0,38.17
2023-08-28,1032.05,1045.0,1012.65,1017.85,73317.0,44.11
2023-08-29,1025.3,1072.25,1023.0,1058.65,196385.0,39.29
2023-08-30,1067.95,1096.6,1052.1,1077.25,240479.0,39.43
2023-08-31,1092.0,1093.95,1046.3,1056.6,136751.0,54.02
2023-09-01,1057.0,1110.3,1052.05,1096.3,215560.0,39.77
2023-09-04,1109.3,1118.9,1062.0,1072.15,274043.0,28.05
2023-09-05,1075.0,1121.6,1075.0,1114.05,202027.0,40.12
2023-09-06,1125.0,1127.9,1087.55,1093.1,108264.0,50.05
2023-09-07,1119.0,1119.0,1064.5,1071.15,155507.0,41.5
2023-09-08,1084.0,1092.35,1055.0,1064.9,74716.0,52.88
2023-09-11,1078.0,1080.0,1030.1,1037.1,137643.0,59.07
2023-09-12,1042.25,1048.35,961.95,971.75,271291.0,53.17
2023-09-13,981.6,1010.0,960.1,1000.85,150368.0,42.41
2023-09-14,1011.9,1037.0,989.4,1032.0,158233.0,47.21
2023-09-15,1040.0,1048.8,1011.55,1044.8,130730.0,45.26
2023-09-18,1044.5,1059.0,1027.8,1043.7,89452.0,46.45
2023-09-19,1044.5,1059.0,1027.8,1043.7,89452.0,46.45
2023-09-20,1038.0,1055.7,1020.0,1024.75,85109.0,32.65
2023-09-21,1029.9,1034.05,994.6,1003.4,66589.0,49.95
2023-09-22,1010.0,1012.1,984.3,999.8,40371.0,34.69
2023-09-25,999.7,1014.7,991.0,997.85,49543.0,32.86
2023-09-26,1003.9,1019.4,988.8,1013.7,53901.0,58.36
2023-09-27,1015.0,1049.9,1015.0,1022.1,101506.0,34.76
2023-09-28,1025.0,1043.9,1017.55,1027.6,56729.0,37.64
2023-09-29,1032.7,1037.9,1018.6,1030.85,65627.0,51.66
2023-10-02,1032.7,1037.9,1018.6,1030.85,65627.0,51.66
2023-10-03,1037.9,1054.8,1030.05,1050.1,106337.0,63.06
2023-10-04,1054.85,1078.0,1027.6,1072.85,188240.0,42.14
2023-10-05,1084.0,1089.8,1060.65,1082.0,103482.0,40.86
2023-10-06,1078.35,1084.95,1065.15,1079.95,73864.0,42.05
2023-10-09,1065.0,1076.4,1044.15,1053.0,84335.0,47.9
2023-10-10,1058.3,1075.0,1047.55,1057.1,50245.0,50.98
2023-10-11,1062.7,1077.95,1045.0,1071.55,61824.0,49.53
2023-10-12,1077.2,1143.95,1063.4,1113.05,267344.0,43.06
2023-10-13,1115.0,1123.65,1105.1,1107.9,82628.0,46.55
2023-10-16,1097.85,1129.75,1073.1,1093.1,87624.0,36.67
2023-10-17,1097.0,1106.9,1065.55,1070.25,63691.0,49.23
2023-10-18,1079.85,1098.05,1060.0,1088.4,57392.0,36.02
2023-10-19,1080.0,1095.05,1068.2,1072.55,36863.0,52.52
2023-10-20,1077.95,1084.25,1060.0,1065.45,39802.0,36.85
2023-10-23,1067.95,1070.8,991.0,997.4,132784.0,51.08
2023-10-24,1067.95,1070.8,991.0,997.4,132784.0,51.08
2023-10-25,1011.35,1019.7,983.35,999.75,53839.0,43.49
2023-10-26,996.95,996.95,954.0,976.75,89532.0,51.0
2023-10-27,981.85,1021.1,981.8,1016.65,52548.0,40.36
2023-10-30,1016.65,1033.9,1001.2,1014.9,36571.0,41.11
2023-10-31,1020.2,1032.5,1010.5,1025.5,34843.0,41.68
2023-11-01,1027.0,1039.5,1007.9,1020.6,33081.0,49.18
2023-11-02,1027.6,1036.95,1001.1,1008.8,38875.0,50.22
2023-11-03,1016.0,1058.2,1013.0,1053.15,98047.0,46.53
2023-11-06,1054.0,1098.5,1050.2,1091.45,98820.0,48.0
2023-11-07,1054.0,1108.95,1054.0,1075.95,82522.0,32.34
2023-11-08,1080.0,1115.95,1079.5,1097.5,77286.0,38.05
2023-11-09,1095.25,1137.9,1082.15,1106.45,264234.0,25.44
2023-11-10,1115.0,1230.0,1111.55,1199.0,1483187.0,13.53
2023-11-13,1282.0,1292.75,1254.0,1262.05,276152.0,25.49
2023-11-14,1282.0,1292.75,1254.0,1262.05,276152.0,25.49
2023-11-15,1284.0,1337.8,1252.05,1313.15,345283.0,35.87
2023-11-16,1319.95,1323.2,1279.5,1284.5,107250.0,39.3
2023-11-17,1284.5,1309.8,1261.55,1286.3,76281.0,29.93
2023-11-20,1292.0,1298.0,1264.05,1269.6,84978.0,39.23
2023-11-21,1270.0,1315.4,1237.45,1251.15,115229.0,33.68
2023-11-22,1260.0,1276.3,1205.55,1220.45,180663.0,40.73
2023-11-23,1220.45,1249.9,1218.1,1229.0,91970.0,28.58
2023-11-24,1230.0,1245.95,1210.0,1229.45,67916.0,44.23
2023-11-27,1230.0,1245.95,1210.0,1229.45,67916.0,44.23
2023-11-28,1225.05,1272.95,1221.6,1251.7,86418.0,36.83
2023-11-29,1270.0,1270.0,1244.0,1256.5,58877.0,42.52
2023-11-30,1260.5,1266.55,1247.0,1255.0,63415.0,47.87
2023-12-01,1261.3,1310.0,1259.6,1294.45,178641.0,39.83
2023-12-04,1328.4,1328.4,1240.0,1258.05,156901.0,52.28
2023-12-05,1280.0,1280.0,1238.2,1250.0,132423.0,52.53
2023-12-06,1258.0,1259.3,1200.1,1205.5,174693.0,53.44
2023-12-07,1209.0,1240.0,1185.05,1230.95,129346.0,35.15
2023-12-08,1230.95,1236.3,1202.0,1209.9,66756.0,40.39
2023-12-11,1217.6,1220.0,1189.0,1202.9,73351.0,46.84
2023-12-12,1210.3,1212.8,1194.15,1198.0,70037.0,47.08
2023-12-13,1182.0,1224.0,1178.0,1221.3,88746.0,48.63
2023-12-14,1223.0,1255.4,1222.8,1251.55,102169.0,58.67
2023-12-15,1251.55,1278.9,1240.55,1269.7,111020.0,47.72
2023-12-18,1278.7,1301.4,1268.05,1295.4,106139.0,52.69
2023-12-19,1294.0,1311.0,1281.25,1296.9,145120.0,63.78
2023-12-20,1307.0,1309.95,1265.35,1286.8,145807.0,58.62
2023-12-21,1240.0,1306.65,1240.0,1300.9,113571.0,50.65
2023-12-22,1309.0,1421.2,1302.1,1405.8,514845.0,22.52
2023-12-25,1309.0,1421.2,1302.1,1405.8,514845.0,22.52
2023-12-26,1410.0,1429.1,1396.0,1421.1,199075.0,30.89
2023-12-27,1425.85,1428.25,1376.4,1392.05,122822.0,35.93
2023-12-28,1392.0,1395.0,1368.05,1373.55,90812.0,33.18
2023-12-29,1375.0,1396.0,1340.2,1356.15,81734.0,44.21
2024-01-01,1368.3,1425.4,1341.05,1355.95,313018.0,36.29
2024-01-02,1366.9,1398.0,1345.95,1393.95,213457.0,26.63
2024-01-03,1400.0,1420.0,1380.1,1399.7,129735.0,35.1
2024-01-04,1399.0,1419.9,1382.05,1406.85,121300.0,38.84
2024-01-05,1415.75,1424.0,1379.85,1399.75,107829.0,37.04
2024-01-08,1409.95,1423.0,1375.0,1389.6,144865.0,30.15
2024-01-09,1402.0,1470.0,1391.55,1445.15,421273.0,30.52
2024-01-10,1448.05,1482.45,1409.25,1438.1,191080.0,34.04
2024-01-11,1440.0,1441.0,1420.3,1429.8,43171.0,45.86
2024-01-12,1434.0,1450.0,1415.2,1442.15,68356.0,47.11
2024-01-15,1447.0,1461.0,1420.0,1457.5,83547.0,39.42
2024-01-16,1465.4,1479.95,1453.35,1475.35,93164.0,40.34
2024-01-17,1475.0,1493.0,1436.0,1480.0,129597.0,45.77
2024-01-18,1479.0,1508.85,1425.25,1450.6,134992.0,30.06
2024-01-19,1459.95,1498.4,1450.1,1477.2,90803.0,30.08
2024-01-22,1485.0,1485.0,1430.0,1447.65,41088.0,48.7
2024-01-23,1452.0,1519.95,1433.05,1504.1,131227.0,38.11
2024-01-24,1519.0,1550.0,1474.35,1479.8,127749.0,38.14
2024-01-25,1494.9,1494.9,1440.0,1446.5,75613.0,54.66
2024-01-26,1494.9,1494.9,1440.0,1446.5,75613.0,54.66
2024-01-29,1459.0,1467.0,1412.6,1420.35,114093.0,58.31
2024-01-30,1419.85,1461.0,1390.0,1448.45,156757.0,31.23
2024-01-31,1455.0,1456.0,1436.1,1448.35,107567.0,55.22
2024-02-01,1449.0,1452.95,1396.05,1400.35,190701.0,62.34
2024-02-02,1404.95,1441.0,1390.0,1401.05,62562.0,49.82
2024-02-05,1401.0,1420.0,1391.2,1402.5,151214.0,65.16
2024-02-06,1407.8,1463.0,1401.05,1411.45,175075.0,63.18
2024-02-07,1422.0,1425.05,1393.75,1400.1,142528.0,81.33
2024-02-08,1420.0,1448.8,1389.85,1439.9,95232.0,70.44
2024-02-09,1445.0,1473.05,1396.25,1428.8,206153.0,31.39
2024-02-12,1429.0,1547.8,1411.15,1481.35,354956.0,32.75
2024-02-13,1480.0,1531.0,1440.9,1527.15,169995.0,38.54
2024-02-14,1524.8,1538.35,1485.15,1517.7,133568.0,38.41
2024-02-15,1529.45,1557.95,1514.7,1543.55,120983.0,51.04
2024-02-16,1543.0,1588.8,1535.0,1572.35,86407.0,47.06
2024-02-19,1584.45,1619.05,1547.05,1597.7,122943.0,40.85
2024-02-20,1599.6,1603.95,1555.65,1562.0,44484.0,45.28
2024-02-21,1572.5,1572.5,1527.0,1545.45,102635.0,41.57
2024-02-22,1555.0,1555.0,1515.0,1521.5,54531.0,45.98
2024-02-23,1529.15,1530.0,1490.0,1499.25,93032.0,44.39
2024-02-26,1499.25,1501.9,1454.2,1473.25,79895.0,41.84
2024-02-27,1473.6,1483.35,1427.0,1433.5,106884.0,47.18
2024-02-28,1446.1,1494.9,1433.5,1452.2,95325.0,28.07
2024-02-29,1455.0,1496.7,1418.65,1483.0,112553.0,39.74
2024-03-01,1500.2,1533.6,1497.85,1527.05,67274.0,51.76
2024-03-04,1540.0,1540.0,1485.0,1491.7,44596.0,48.61
2024-03-05,1499.2,1499.2,1425.0,1430.1,99546.0,59.23
2024-03-06,1435.0,1441.9,1351.0,1372.9,194348.0,55.26
2024-03-07,1372.9,1412.0,1352.0,1369.25,114486.0,50.94
2024-03-08,1372.9,1412.0,1352.0,1369.25,114486.0,50.94
2024-03-11,1360.0,1409.7,1335.55,1343.05,238455.0,41.14
2024-03-12,1343.05,1366.75,1295.05,1312.25,228011.0,57.85
2024-03-13,1300.05,1303.95,1250.05,1271.7,291726.0,45.0
2024-03-14,1267.0,1300.0,1243.25,1280.05,98025.0,39.31
2024-03-15,1280.0,1305.0,1270.0,1284.6,51017.0,34.72
2024-03-18,1275.0,1298.6,1272.0,1284.45,56523.0,33.69
2024-03-19,1284.45,1297.7,1266.3,1276.05,40100.0,45.01
2024-03-20,1282.45,1296.95,1251.5,1264.65,69921.0,58.58
2024-03-21,1285.0,1285.0,1259.25,1267.0,66563.0,56.48
2024-03-22,1270.0,1289.9,1263.0,1268.7,125971.0,62.25
2024-03-25,1270.0,1289.9,1263.0,1268.7,125971.0,62.25
2024-03-26,1284.25,1294.0,1249.0,1256.15,87883.0,51.34
2024-03-27,1255.0,1289.35,1240.0,1263.1,227619.0,61.64
2024-03-28,1274.0,1329.95,1257.15,1315.35,276479.0,46.89
2024-03-29,1274.0,1329.95,1257.15,1315.35,276479.0,46.89
2024-04-01,1349.8,1409.9,1341.7,1371.75,262186.0,39.38
2024-04-02,1375.0,1375.0,1301.3,1312.95,379987.0,47.19
2024-04-03,1305.0,1321.25,1302.5,1315.4,134018.0,55.51
2024-04-04,1322.35,1342.0,1300.0,1304.2,112418.0,56.2
2024-04-05,1307.6,1314.2,1270.15,1280.9,204451.0,59.21
2024-04-08,1289.65,1309.45,1284.55,1297.15,92386.0,68.06
2024-04-09,1303.6,1315.0,1288.75,1291.5,41251.0,46.99
2024-04-10,1294.9,1317.8,1279.6,1312.55,82452.0,53.67
2024-04-11,1294.9,1317.8,1279.6,1312.55,82452.0,53.67
2024-04-12,1314.0,1325.0,1290.0,1293.2,70151.0,55.14
2024-04-15,1267.45,1315.25,1253.25,1300.6,78919.0,51.64
2024-04-16,1300.0,1329.0,1286.0,1316.2,128852.0,38.3
2024-04-17,1300.0,1329.0,1286.0,1316.2,128852.0,38.3
2024-04-18,1320.0,1345.4,1307.65,1316.5,102719.0,37.29
2024-04-19,1318.0,1318.0,1290.0,1311.7,72593.0,49.92
2024-04-22,1334.3,1344.95,1315.0,1337.9,74419.0,54.77
2024-04-23,1337.9,1354.95,1329.05,1334.7,64347.0,53.87
2024-04-24,1342.0,1354.35,1325.0,1336.0,50158.0,56.36
2024-04-25,1339.0,1372.7,1325.0,1357.15,91456.0,48.66
2024-04-26,1361.0,1367.25,1337.0,1355.5,72784.0,50.93
2024-04-29,1355.5,1367.5,1342.3,1345.5,40318.0,54.67
2024-04-30,1347.0,1363.45,1345.4,1356.45,37391.0,51.88
2024-05-01,1347.0,1363.45,1345.4,1356.45,37391.0,51.88
2024-05-02,1360.45,1363.85,1330.0,1332.4,38493.0,53.89
2024-05-03,1332.4,1339.4,1292.95,1298.75,91978.0,61.44
2024-05-06,1300.0,1327.45,1275.0,1309.15,160269.0,33.18
2024-05-07,1306.8,1324.4,1270.5,1292.85,112253.0,45.27
2024-05-08,1291.0,1305.0,1270.05,1298.8,30475.0,47.69
2024-05-09,1301.65,1311.55,1265.0,1272.4,46328.0,50.95
2024-05-10,1268.95,1287.0,1255.7,1281.4,34324.0,48.92
2024-05-13,1281.4,1316.5,1267.7,1305.75,54752.0,46.96
2024-05-14,1301.2,1334.65,1301.2,1329.4,39092.0,48.71
2024-05-15,1335.0,1354.5,1323.4,1349.35,58307.0,43.87
2024-05-16,1354.0,1390.0,1342.0,1363.8,194634.0,25.36
2024-05-17,1390.0,1390.0,1330.15,1341.3,135116.0,48.13
2024-05-20,1340.05,1341.0,1297.65,1314.95,25278.0,66.52
2024-05-21,1312.0,1314.95,1281.6,1290.65,110742.0,65.61
2024-05-22,1298.1,1300.6,1275.0,1293.2,60864.0,55.02
2024-05-23,1299.7,1325.0,1294.15,1309.15,66575.0,50.7
2024-05-24,1314.95,1339.0,1299.05,1303.35,80792.0,30.88
2024-05-27,1306.4,1328.25,1291.05,1294.1,93856.0,34.72
2024-05-28,1299.0,1302.05,1286.1,1290.05,37507.0,65.17
2024-05-29,1290.05,1320.7,1280.0,1306.8,80869.0,65.13
2024-05-30,1309.6,1309.6,1290.0,1291.45,30037.0,57.41
2024-05-31,1302.15,1304.3,1287.9,1290.3,60469.0,59.62
2024-06-03,1325.0,1325.0,1281.7,1285.55,69461.0,55.03
2024-06-04,1280.05,1295.45,1225.0,1240.4,110213.0,53.36
2024-06-05,1240.05,1310.0,1233.7,1288.05,84820.0,53.14
2024-06-06,1320.3,1320.3,1298.0,1303.55,55602.0,61.57
2024-06-07,1304.4,1375.0,1295.2,1365.55,147023.0,54.52
2024-06-10,1375.0,1543.1,1370.0,1475.9,947654.0,27.88
2024-06-11,1475.0,1482.0,1440.0,1458.75,106410.0,43.51
2024-06-12,1459.4,1477.9,1440.6,1461.85,69335.0,40.99
2024-06-13,1465.5,1471.85,1390.45,1398.1,374765.0,51.04
2024-06-14,1405.1,1406.0,1377.7,1381.9,91250.0,58.49
2024-06-17,1405.1,1406.0,1377.7,1381.9,91250.0,58.49
2024-06-18,1384.85,1407.05,1370.0,1399.4,114835.0,43.63
2024-06-19,1405.0,1406.9,1379.15,1401.8,63956.0,57.87
2024-06-20,1406.0,1423.6,1395.8,1420.65,76628.0,58.81
2024-06-21,1434.0,1434.0,1410.0,1423.65,85378.0,39.76
2024-06-24,1423.65,1439.55,1397.5,1420.85,68792.0,44.86
2024-06-25,1424.35,1436.0,1399.0,1402.55,53936.0,52.29
2024-06-26,1402.55,1407.55,1365.0,1380.35,62732.0,58.0
2024-06-27,1380.0,1485.0,1378.45,1478.2,581647.0,28.29
2024-06-28,1495.0,1515.4,1451.85,1472.6,250941.0,34.78
2024-07-01,1472.25,1506.0,1440.55,1452.35,315263.0,55.81
2024-07-02,1461.95,1478.95,1447.0,1450.0,125382.0,58.59
2024-07-03,1451.05,1458.0,1423.7,1429.5,139105.0,59.09
2024-07-04,1449.0,1449.0,1421.6,1431.15,118767.0,74.9
2024-07-05,1430.0,1465.95,1422.1,1456.2,127153.0,48.03
2024-07-08,1463.0,1463.0,1409.9,1421.3,118649.0,51.22
2024-07-09,1427.0,1537.95,1408.0,1509.35,713068.0,32.77
2024-07-10,1513.95,1560.0,1482.85,1535.25,485012.0,36.73
2024-07-11,1540.0,1551.6,1508.1,1517.1,144076.0,49.65
2024-07-12,1517.0,1537.55,1505.0,1519.2,88827.0,47.16
2024-07-15,1520.05,1534.0,1496.15,1519.35,122520.0,46.84
2024-07-16,1522.0,1594.0,1510.4,1533.9,410908.0,28.23
2024-07-17,1522.0,1594.0,1510.4,1533.9,410908.0,28.23
2024-07-18,1527.0,1550.0,1503.6,1528.25,101742.0,47.34
2024-07-19,1523.0,1523.0,1461.1,1497.65,224986.0,33.89
2024-07-22,1497.65,1509.45,1465.0,1477.4,52403.0,49.07
2024-07-23,1480.0,1492.1,1422.15,1480.1,77727.0,38.3
2024-07-24,1475.0,1525.0,1471.4,1520.75,72407.0,59.5
2024-07-25,1519.85,1520.0,1500.0,1505.5,58637.0,43.85
2024-07-26,1506.95,1558.1,1505.5,1527.4,57517.0,46.02
2024-07-29,1542.0,1564.0,1528.05,1558.0,83472.0,51.26
2024-07-30,1560.05,1592.0,1535.2,1554.35,174625.0,44.25
2024-07-31,1557.45,1600.95,1550.1,1574.05,101926.0,40.92
2024-08-01,1582.35,1610.0,1565.0,1583.85,96973.0,42.94
2024-08-02,1580.0,1655.0,1543.85,1639.35,330143.0,32.41
2024-08-05,1639.3,1639.3,1531.55,1545.65,216246.0,44.45
2024-08-06,1553.4,1590.0,1525.75,1541.65,92911.0,41.63
2024-08-07,1545.0,1638.0,1510.0,1580.8,453801.0,21.44
2024-08-08,1591.65,1613.65,1468.0,1481.7,312147.0,46.35
2024-08-09,1482.0,1509.0,1452.0,1500.6,221469.0,46.1
2024-08-12,1520.05,1570.0,1514.3,1556.95,162990.0,36.78
2024-08-13,1569.35,1594.0,1542.2,1572.15,118567.0,48.26
2024-08-14,1595.0,1595.0,1535.0,1559.5,65689.0,45.22
2024-08-15,1595.0,1595.0,1535.0,1559.5,65689.0,45.22
2024-08-16,1572.8,1598.0,1563.05,1585.5,70156.0,50.22
2024-08-19,1605.5,1900.0,1605.0,1845.95,5685435.0,6.67
2024-08-20,1815.55,1815.55,1752.8,1778.0,757169.0,15.7
2024-08-21,1770.15,1809.65,1736.0,1761.75,469509.0,21.9
2024-08-22,1763.1,1790.6,1755.0,1774.3,167013.0,27.79
2024-08-23,1778.0,1778.0,1742.0,1748.75,84646.0,43.53
2024-08-26,1773.9,1960.0,1767.55,1841.8,3380750.0,7.89
2024-08-27,1823.3,1984.9,1823.3,1957.2,613443.0,24.17
2024-08-28,1952.0,1957.2,1831.2,1847.8,313661.0,27.85
2024-08-29,1839.95,1863.0,1782.55,1794.45,237846.0,36.48
2024-08-30,1811.5,1919.6,1810.3,1905.0,489755.0,17.36
2024-09-02,1924.7,1936.55,1870.0,1884.9,203797.0,27.99
2024-09-03,1890.7,1950.0,1874.15,1933.6,279064.0,27.19
2024-09-04,1910.0,1996.0,1891.45,1968.85,381304.0,28.39
2024-09-05,1972.0,2158.8,1972.0,2119.6,3934615.0,5.78
2024-09-06,2085.0,2144.0,1987.15,2004.15,667963.0,21.27
2024-09-09,2019.8,2038.05,1954.85,2010.15,358441.0,16.28
2024-09-10,2010.15,2050.0,1997.45,2014.35,176209.0,24.62
2024-09-11,2020.0,2027.35,1957.15,1965.0,147535.0,38.95
2024-09-12,1975.0,2020.0,1955.05,1965.85,171784.0,23.51
2024-09-13,1975.0,1975.05,1924.0,1929.45,124894.0,40.92
2024-09-16,1929.45,1969.45,1905.0,1958.8,124957.0,25.64
2024-09-17,1970.45,2025.0,1925.55,2007.85,151555.0,49.6
2024-09-18,2024.35,2024.35,1952.0,1965.5,117080.0,35.5
2024-09-19,1980.8,1981.0,1905.6,1918.35,83491.0,33.75
2024-09-20,1930.0,1957.95,1925.85,1939.6,115011.0,24.73
2024-09-23,1939.0,1949.95,1888.0,1903.75,124834.0,58.56
2024-09-24,1915.0,1948.0,1890.0,1935.55,148105.0,36.12
2024-09-25,1928.0,1978.4,1908.05,1956.25,139797.0,27.4
2024-09-26,1956.25,1960.95,1909.95,1918.25,72758.0,56.8
2024-09-27,1903.05,1926.0,1903.05,1912.4,53396.0,49.71
2024-09-30,1912.4,1938.35,1875.0,1897.95,104694.0,45.19
2024-10-01,1900.0,2109.95,1899.6,2078.2,2084096.0,9.5
2024-10-02,1900.0,2109.95,1899.6,2078.2,2084096.0,9.5
2024-10-03,2019.0,2049.9,1990.0,2001.45,187530.0,27.38
2024-10-04,2005.0,2019.95,1930.0,1969.25,129658.0,22.48
2024-10-07,1979.1,1987.75,1905.0,1927.1,169453.0,35.97
2024-10-08,1898.2,1938.85,1826.3,1925.1,582892.0,34.5
2024-10-09,1960.0,1975.4,1895.0,1903.8,150793.0,37.56
2024-10-10,1923.0,1923.0,1881.0,1887.85,72003.0,36.32
2024-10-11,1887.85,1912.45,1880.0,1906.45,80915.0,36.01
2024-10-14,1906.45,1945.0,1900.0,1906.1,68893.0,41.17
2024-10-15,1916.2,1931.55,1897.65,1922.85,60202.0,39.71
2024-10-16,1933.05,1934.25,1894.0,1909.7,56403.0,39.62
2024-10-17,1918.3,1948.4,1857.85,1873.15,51893.0,47.27
2024-10-18,1888.0,1934.0,1833.2,1926.9,275868.0,31.24
2024-10-21,1938.0,1944.75,1858.2,1897.9,137594.0,33.86
2024-10-22,1885.1,1938.0,1860.35,1873.1,186360.0,47.26
2024-10-23,1860.0,1883.7,1821.05,1829.2,88276.0,40.23
2024-10-24,1835.65,1871.0,1825.0,1864.45,51516.0,34.72
2024-10-25,1864.45,1864.45,1780.05,1790.7,88353.0,36.62
2024-10-28,1794.2,1841.55,1784.2,1804.95,66754.0,36.04
2024-10-29,1804.95,1880.0,1790.0,1869.0,112589.0,36.76
2024-10-30,1865.7,1998.85,1860.0,1979.5,268354.0,28.83
2024-10-31,1975.05,2047.3,1960.0,2035.4,182651.0,32.84
2024-11-01,2044.95,2058.95,2005.5,2024.75,23597.0,51.2
2024-11-04,2005.65,2010.85,1953.4,1969.8,61053.0,34.93
2024-11-05,1969.45,2038.05,1951.05,2021.7,78444.0,34.85
2024-11-06,2020.8,2124.0,1993.0,2095.4,129730.0,45.53
2024-11-07,2085.1,2176.75,2043.2,2121.7,348917.0,19.78
2024-11-08,2118.05,2118.05,2000.0,2011.8,127535.0,34.12
2024-11-11,2000.0,2070.95,1990.0,2012.2,102328.0,26.31
2024-11-12,2007.7,2061.0,2002.3,2010.9,67150.0,38.75
2024-11-13,2001.4,2009.5,1951.0,1954.0,79100.0,41.85
2024-11-14,1953.7,2009.0,1914.55,1951.5,116252.0,33.68
2024-11-18,1958.5,2014.0,1958.5,1988.75,75496.0,33.68
2024-11-19,1990.0,2001.05,1942.8,1952.15,55774.0,44.9
2024-11-20,1990.0,2001.05,1942.8,1952.15,55774.0,44.9
2024-11-21,1950.0,1973.75,1923.05,1942.8,64660.0,42.11
2024-11-22,1945.85,1982.0,1935.0,1963.75,60778.0,42.28
2024-11-25,1981.0,2012.0,1945.0,1976.55,65855.0,29.13
2024-11-26,1982.3,2139.0,1977.55,2113.95,458043.0,16.52
2024-11-27,2134.95,2134.95,2072.2,2082.6,82180.0,33.5
2024-11-28,2091.15,2195.0,2076.05,2107.35,257648.0,22.07
2024-11-29,2100.0,2200.0,2099.9,2196.35,261254.0,31.52
2024-12-02,2216.0,2303.0,2205.0,2236.05,575540.0,20.77
2024-12-03,2239.0,2353.85,2215.4,2312.4,462926.0,49.01
2024-12-04,2312.4,2398.0,2308.05,2362.5,379294.0,31.12
2024-12-05,2364.15,2490.0,2300.4,2380.5,548056.0,19.16
2024-12-06,2376.85,2429.55,2345.05,2354.65,201865.0,33.39
2024-12-09,2363.2,2418.0,2340.0,2385.9,139725.0,32.71
2024-12-10,2388.95,2409.1,2342.0,2384.35,76389.0,37.76
2024-12-11,2398.8,2484.65,2380.2,2469.65,259089.0,28.15
2024-12-12,2468.0,2469.8,2428.0,2438.45,68326.0,36.41
2024-12-13,2438.9,2458.45,2363.9,2446.55,98942.0,41.73
2024-12-16,2446.6,2461.95,2403.1,2421.25,111349.0,20.81
2024-12-17,2434.45,2539.85,2418.0,2436.25,417831.0,15.39
2024-12-18,2443.95,2447.6,2376.1,2396.45,73000.0,40.98
2024-12-19,2370.05,2415.0,2311.55,2393.6,95543.0,45.37
2024-12-20,2393.0,2408.0,2292.5,2311.45,69711.0,42.81
2024-12-23,2355.0,2438.0,2324.4,2417.65,310863.0,29.23
2024-12-24,2439.0,2439.25,2375.45,2397.15,110794.0,43.12
2024-12-25,2439.0,2439.25,2375.45,2397.15,110794.0,43.12
2024-12-26,2410.0,2412.95,2373.05,2399.1,71633.0,50.95
2024-12-27,2400.0,2641.0,2381.15,2600.15,840106.0,16.41
2024-12-30,2600.15,2608.95,2452.0,2538.1,484329.0,22.08
2024-12-31,2533.0,2533.0,2464.0,2500.65,108505.0,31.07
2025-01-01,2515.0,2528.0,2466.0,2512.3,157454.0,19.22
2025-01-02,2524.95,2625.95,2492.35,2559.7,305917.0,24.96
2025-01-03,2550.0,2607.05,2521.0,2537.55,182816.0,39.36
2025-01-06,2579.65,2579.95,2486.6,2508.25,149710.0,36.14
2025-01-07,2594.95,2594.95,2515.0,2550.8,243741.0,39.1
2025-01-08,2550.75,2601.0,2472.25,2583.25,193723.0,44.99
2025-01-09,2602.0,2602.0,2468.0,2477.5,160902.0,31.04
2025-01-10,2454.0,2463.65,2350.0,2373.05,161508.0,33.43
2025-01-13,2335.5,2404.95,2239.05,2258.9,153178.0,40.18
2025-01-14,2245.0,2357.45,2232.0,2333.5,160961.0,29.81
2025-01-15,2342.35,2348.65,2215.05,2232.8,120317.0,39.75
2025-01-16,2284.95,2297.95,2207.0,2243.95,104812.0,36.01
2025-01-17,2243.95,2246.0,2182.7,2206.25,107646.0,31.44
2025-01-20,2210.0,2227.8,2166.0,2209.75,108370.0,51.82
2025-01-21,2223.3,2239.85,2183.95,2195.25,78548.0,44.05
2025-01-22,2185.0,2200.0,2116.85,2177.35,91673.0,43.98
2025-01-23,2155.0,2247.95,2155.0,2215.1,125515.0,34.01
2025-01-24,2225.05,2231.75,2133.55,2145.95,140951.0,35.62
2025-01-27,2085.0,2085.05,1844.1,1899.2,482636.0,39.22
2025-01-28,1899.2,1915.4,1785.05,1898.95,300170.0,33.02
2025-01-29,1876.85,2020.0,1876.85,2001.75,171109.0,36.14
2025-01-30,2010.75,2049.9,1995.05,2030.95,112335.0,24.72
2025-01-31,2042.5,2089.85,2024.0,2074.35,136728.0,24.45
2025-02-03,2010.0,2055.9,1953.0,2031.8,183471.0,26.91
2025-02-04,2089.95,2173.6,2045.65,2106.9,316729.0,16.4
2025-02-05,2127.75,2227.8,2112.0,2198.95,156568.0,30.39
2025-02-06,2225.0,2246.1,2155.1,2177.05,87931.0,45.95
2025-02-07,2182.15,2249.85,2146.0,2217.25,143161.0,31.74
2025-02-10,2225.0,2236.85,2065.75,2120.05,189147.0,32.0
2025-02-11,2120.95,2132.1,2023.25,2036.45,97212.0,39.29
2025-02-12,2045.0,2097.6,2022.05,2062.5,212339.0,32.97
2025-02-13,2078.45,2078.85,2003.0,2017.15,86699.0,32.81
2025-02-14,2034.0,2034.0,1891.0,1915.95,106042.0,39.63
2025-02-17,1895.0,2019.0,1895.0,1987.1,229102.0,22.89
2025-02-18,1987.1,1994.1,1914.05,1932.55,94560.0,34.9
2025-02-19,1917.05,2037.25,1913.5,2024.3,213193.0,30.38
2025-02-20,2027.95,2066.0,2007.05,2049.65,63836.0,36.37
2025-02-21,2049.65,2099.7,2023.05,2029.85,90880.0,43.46
2025-02-24,2029.8,2035.0,1963.0,1974.9,77830.0,42.32
2025-02-25,1974.9,1999.8,1955.0,1967.35,69140.0,38.05
2025-02-27,1982.25,2023.35,1908.0,1922.2,100620.0,40.2
2025-02-28,1915.1,1915.1,1806.05,1822.5,121213.0,50.29
2025-03-03,1822.5,1834.85,1681.0,1723.0,273639.0,48.21
2025-03-04,1606.0,1825.0,1606.0,1809.95,462595.0,26.15
2025-03-05,1800.0,1867.0,1789.35,1845.65,101765.0,43.13
2025-03-06,1860.0,1959.0,1860.0,1933.65,201782.0,33.31
2025-03-07,1949.2,1968.8,1913.1,1942.75,98236.0,38.75
2025-03-10,1923.3,1963.45,1889.0,1907.65,81325.0,42.23
2025-03-11,1889.5,1923.95,1855.75,1911.2,77312.0,39.33
2025-03-12,1901.05,1925.45,1845.05,1855.15,58985.0,49.61
2025-03-13,1864.3,1894.0,1828.5,1841.95,67810.0,42.38
2025-03-17,1841.95,1896.7,1831.05,1849.3,86503.0,46.98
2025-03-18,1860.75,1938.2,1848.0,1915.2,136235.0,41.42
2025-03-19,1915.2,1937.85,1902.5,1932.2,93802.0,44.77
2025-03-20,1948.95,1989.0,1931.55,1958.35,103916.0,50.02
2025-03-21,1961.5,2050.85,1886.85,1998.25,1080180.0,63.45
2025-03-24,2034.0,2085.0,2008.2,2051.35,133083.0,36.25
2025-03-25,2060.0,2081.75,2028.1,2056.3,107331.0,44.99
2025-03-26,2065.0,2065.0,1985.0,1990.65,57863.0,39.16
2025-03-27,1980.25,2027.95,1922.0,2010.1,63631.0,32.1
2025-03-28,2039.0,2040.05,1984.65,1999.8,65258.0,32.97
2025-04-01,1994.25,2002.9,1962.5,1977.7,41608.0,39.92
2025-04-02,1977.7,1985.0,1938.0,1977.45,31445.0,42.1
2025-04-03,2028.0,2111.2,2005.1,2055.6,185017.0,21.87
2025-04-04,2059.95,2069.75,1917.0,1937.05,110853.0,38.18
2025-04-07,1599.0,1885.9,1599.0,1844.6,131362.0,34.83
2025-04-08,1898.65,1918.8,1852.5,1863.25,67941.0,41.95
2025-04-09,1856.85,1856.85,1701.55,1713.8,299971.0,32.31
2025-04-11,1820.0,1879.6,1752.8,1869.4,412770.0,16.97
2025-04-15,1913.0,1936.3,1841.1,1925.6,212119.0,50.26
2025-04-16,1925.6,1984.0,1909.5,1971.8,101442.0,36.85
2025-04-17,1970.0,1976.5,1909.1,1967.1,127499.0,38.02
2025-04-21,1950.0,1959.5,1892.3,1906.7,147127.0,52.09
2025-04-22,1912.0,1918.4,1882.6,1888.9,81806.0,46.07
2025-04-23,1900.0,1913.1,1876.0,1888.0,108309.0,39.89
2025-04-24,1895.0,1934.0,1877.2,1884.4,153945.0,50.24
2025-04-25,1886.0,1900.0,1799.0,1806.7,113217.0,43.46
2025-04-28,1809.9,1921.0,1789.2,1907.6,257962.0,22.45
2025-04-29,1912.0,1924.7,1865.0,1869.0,72850.0,43.6
2025-04-30,1869.3,1926.0,1846.1,1878.9,124384.0,37.16
2025-05-02,1878.9,1895.0,1822.8,1885.4,85278.0,38.98
2025-05-05,1885.5,1910.4,1864.1,1906.4,68602.0,43.89
2025-05-06,1899.5,1902.4,1830.1,1852.7,90326.0,49.24
2025-05-07,1810.0,1877.2,1810.0,1862.5,75646.0,39.65
2025-05-08,1870.0,1923.0,1870.0,1901.8,81238.0,47.83
2025-05-09,1851.0,1880.0,1836.7,1860.9,62212.0,44.33
2025-05-12,1870.0,1950.0,1870.0,1944.4,86236.0,47.13
2025-05-13,1905.0,2033.5,1905.0,2003.5,186283.0,19.92
2025-05-14,2003.5,2037.3,2002.0,2015.4,80385.0,36.47
2025-05-15,2026.5,2044.3,1958.7,2000.6,203731.0,30.28
2025-05-16,2012.2,2035.9,1973.5,2010.0,80138.0,35.98
2025-05-19,2024.0,2188.0,2008.6,2161.1,587808.0,20.06
2025-05-20,2161.1,2195.4,2120.0,2127.0,121113.0,38.05
2025-05-21,2125.0,2288.0,2119.9,2252.4,601595.0,17.24
2025-05-22,2249.8,2296.9,2235.0,2288.5,180318.0,45.29
2025-05-23,2282.6,2287.4,2183.0,2192.8,105695.0,45.62
2025-05-26,2191.0,2212.4,2163.3,2180.8,60455.0,41.97
2025-05-27,2181.0,2192.0,2166.5,2171.8,36309.0,46.15
2025-05-28,2181.5,2183.2,2137.4,2146.0,42441.0,54.12
2025-05-29,2157.3,2190.4,2145.1,2162.6,66930.0,48.4
2025-05-30,2174.5,2181.8,2146.5,2152.6,49326.0,53.54
2025-06-02,2143.0,2168.0,2102.0,2159.8,75117.0,49.4
2025-06-03,2160.0,2190.0,2142.1,2169.0,75754.0,50.41
2025-06-04,2179.0,2179.9,2147.3,2158.7,56351.0,49.05
2025-06-05,2150.0,2160.8,2110.7,2122.8,103325.0,54.78
2025-06-06,2125.0,2127.0,2086.0,2093.3,64316.0,50.07
2025-06-09,2082.3,2119.0,2046.6,2051.1,114435.0,56.74
2025-06-10,2064.0,2065.4,2015.0,2031.3,109514.0,57.41
2025-06-11,2037.0,2127.8,2026.1,2116.2,212022.0,32.04
2025-06-12,2121.6,2182.0,2099.0,2113.4,250292.0,38.17
2025-06-13,2080.0,2149.0,2056.0,2140.3,113463.0,41.56
2025-06-16,2130.0,2140.0,2081.6,2095.7,74122.0,42.28
2025-06-17,2105.0,2137.9,2075.0,2079.8,99457.0,40.77
2025-06-18,2081.0,2108.9,2045.0,2088.8,94236.0,37.29
2025-06-19,2099.0,2099.0,2039.2,2050.0,121162.0,68.3
2025-06-20,2054.0,2061.7,2004.0,2045.6,85307.0,51.46
2025-06-23,2039.9,2052.6,2010.6,2022.5,55230.0,50.95
2025-06-24,2035.0,2092.9,2029.3,2056.4,74214.0,34.43
2025-06-25,2069.0,2121.0,2068.0,2107.9,63819.0,44.87
2025-06-26,2129.3,2135.0,2075.0,2080.2,49085.0,46.04
2025-06-27,2088.0,2156.8,2075.0,2084.0,179412.0,42.64
2025-06-30,2100.0,2171.0,2100.0,2117.6,209314.0,33.42
2025-07-01,2115.8,2118.1,1987.0,1998.2,282140.0,60.77
2025-07-02,1995.0,1997.0,1954.9,1982.3,173778.0,51.91
2025-07-03,1993.0,2013.9,1990.0,2002.4,67104.0,51.3
2025-07-04,2010.9,2020.2,1998.9,2017.8,53263.0,49.05
2025-07-07,2017.8,2065.0,2000.2,2054.6,106610.0,46.89
2025-07-08,2050.0,2059.4,2004.6,2020.5,76556.0,47.91
2025-07-09,2020.0,2038.0,2011.1,2031.4,52583.0,43.86
2025-07-10,2036.5,2050.0,2021.7,2042.5,31062.0,50.69
2025-07-11,2032.2,2054.0,2015.0,2023.3,35939.0,42.24
2025-07-14,2011.0,2050.0,2001.0,2033.1,52421.0,52.98
2025-07-15,2042.5,2094.9,2034.1,2072.9,85595.0,49.76
2025-07-16,2075.0,2103.3,2064.0,2079.3,57190.0,37.59
2025-07-17,2075.5,2125.0,2071.0,2109.5,68036.0,46.25
2025-07-18,2120.0,2122.0,2083.0,2103.3,49757.0,55.3
2025-07-21,2103.0,2116.4,2083.0,2100.0,32404.0,64.12
2025-07-22,2100.0,2111.5,2075.0,2079.2,28505.0,56.11
2025-07-23,2080.0,2123.0,2074.3,2109.1,63219.0,44.83
2025-07-24,2118.5,2150.3,2065.0,2098.0,65563.0,35.06
2025-07-25,2099.0,2101.0,2030.0,2036.9,31672.0,52.32
2025-07-28,2040.0,2085.6,2036.5,2051.3,51325.0,40.28
2025-07-29,2042.0,2095.9,2038.1,2085.7,39924.0,48.8
2025-07-30,2085.7,2162.4,2079.2,2145.8,121697.0,49.18
2025-07-31,2097.0,2125.0,2055.6,2066.4,60765.0,50.51
2025-08-01,2066.3,2091.0,1977.0,1988.1,83588.0,45.37
2025-08-04,1988.0,2014.0,1979.9,2008.6,35376.0,45.58
2025-08-05,2008.6,2024.4,1952.1,1957.0,65542.0,57.79
2025-08-06,1957.0,1971.0,1899.3,1929.6,118325.0,53.87
2025-08-07,1900.0,2086.0,1886.0,2058.3,1027048.0,7.4
2025-08-08,2043.1,2160.0,2008.1,2111.0,459509.0,19.43
2025-08-11,2099.1,2129.0,2067.9,2107.7,76043.0,29.98
2025-08-12,2100.0,2142.7,2088.0,2096.4,71021.0,39.13
2025-08-13,2090.5,2189.0,2084.0,2156.9,164257.0,35.32
2025-08-14,2160.0,2185.7,2125.0,2135.2,57779.0,41.97
2025-08-18,2150.9,2157.3,2110.7,2151.7,71747.0,45.81
2025-08-19,2152.0,2176.4,2121.5,2136.3,54368.0,49.36
2025-08-20,2151.2,2155.0,2112.8,2120.9,42299.0,50.84
2025-08-21,2120.9,2222.0,2099.0,2211.1,236393.0,42.11
2025-08-22,2219.0,2235.0,2154.1,2168.1,172520.0,41.89
2025-08-25,2195.0,2220.0,2151.5,2162.2,102677.0,42.18
2025-08-26,2162.0,2168.8,2070.0,2084.5,98702.0,45.83
2025-08-28,2084.0,2169.0,2071.4,2156.2,158529.0,39.94
2025-08-29,2147.2,2151.4,2085.0,2098.6,50682.0,38.96
2025-09-01,2098.6,2139.9,2080.0,2109.7,39386.0,39.77
2025-09-02,2123.5,2149.9,2086.1,2127.4,33286.0,47.49
2025-09-03,2127.4,2187.0,2115.3,2161.0,94914.0,37.44
2025-09-04,2180.0,2180.0,2105.0,2117.0,38656.0,52.46
2025-09-05,2117.0,2185.0,2111.1,2138.4,48681.0,31.36
2025-09-08,2116.0,2206.0,2116.0,2176.2,86955.0,46.23
2025-09-09,2175.1,2213.5,2175.0,2203.9,64216.0,53.09
2025-09-10,2203.9,2233.0,2193.8,2219.7,77351.0,47.24
2025-09-11,2219.7,2271.5,2208.6,2237.6,90699.0,49.6
2025-09-12,2234.1,2269.9,2220.0,2245.6,78503.0,49.55
2025-09-15,2262.9,2292.0,2250.0,2273.3,120347.0,63.32
2025-09-16,2281.9,2287.0,2229.6,2247.4,68976.0,57.67
2025-09-17,2247.4,2395.0,2233.5,2330.1,497745.0,25.34
2025-09-18,2341.8,2362.4,2286.6,2321.5,79639.0,48.14
2025-09-19,2323.9,2356.8,2290.0,2343.0,84437.0,51.2
2025-09-22,2343.0,2369.0,2307.1,2320.0,68517.0,46.38
2025-09-23,2313.8,2318.6,2242.0,2253.6,64060.0,44.16
2025-09-24,2259.0,2279.8,2235.6,2261.1,41458.0,41.54
2025-09-25,2259.9,2259.9,2165.0,2183.6,54307.0,46.85
2025-09-26,2149.9,2149.9,2005.1,2036.9,285785.0,40.21
2025-09-29,2068.5,2070.0,2000.0,2010.2,99908.0,41.35
2025-09-30,2030.1,2050.0,1949.5,1966.1,98326.0,47.25
2025-10-01,1973.8,2068.4,1960.1,2058.5,85457.0,32.65
2025-10-03,2060.0,2067.0,1995.1,2019.9,70816.0,42.42
2025-10-06,2033.7,2053.6,2010.0,2021.4,42984.0,37.72
2025-10-07,2030.1,2030.5,1990.0,1997.0,56366.0,48.06
2025-10-08,2005.9,2028.6,1993.7,2005.4,40353.0,50.49
2025-10-09,2020.0,2046.3,2000.0,2026.1,57625.0,39.78
2025-10-10,2026.8,2086.9,2012.0,2056.8,76725.0,40.04
2025-10-13,2056.8,2060.1,2001.4,2007.9,47516.0,50.08
2025-10-14,2012.9,2026.8,1961.9,1969.5,60826.0,49.95
2025-10-15,1970.2,2026.1,1969.0,2019.4,51147.0,40.87
2025-10-16,2025.0,2030.8,1996.0,2015.3,49816.0,50.79
2025-10-17,2008.0,2030.0,1976.6,1987.6,33974.0,38.83
2025-10-20,1991.1,2030.0,1972.0,2010.6,62318.0,37.43
2025-10-21,2010.0,2037.0,2004.0,2029.9,16784.0,48.09
2025-10-22,2010.0,2037.0,2004.0,2029.9,16784.0,48.09
2025-10-23,2037.9,2059.0,2015.1,2023.0,52185.0,30.71
2025-10-24,2034.0,2036.7,1971.5,1993.1,39858.0,34.8
2025-10-27,2008.0,2027.1,1986.6,2016.1,34353.0,39.58
2025-10-28,2023.7,2029.4,1992.2,2012.0,30388.0,43.19
2025-10-29,2021.4,2027.8,2009.1,2021.0,19380.0,44.33
2025-10-30,2019.0,2036.0,2012.1,2030.5,27977.0,46.78
2025-10-31,2036.0,2049.0,2010.1,2032.8,43860.0,36.45
2025-11-03,2032.8,2053.9,1996.7,2006.2,51352.0,61.05
2025-11-04,2019.0,2019.0,1975.1,1995.2,53166.0,56.26
2025-11-05,2019.0,2019.0,1975.1,1995.2,53166.0,56.26
2025-11-06,2050.0,2074.0,1996.1,2004.4,155904.0,19.51
2025-11-07,2003.0,2004.0,1896.0,1932.5,156822.0,42.07
2025-11-10,1956.4,1956.4,1908.0,1943.2,69503.0,48.38
2025-11-11,1950.0,1959.7,1918.8,1947.9,47804.0,47.77
2025-11-12,1958.5,1958.5,1932.1,1946.1,69728.0,62.95
2025-11-13,1947.5,1977.7,1930.1,1936.4,82736.0,58.35
2025-11-14,1932.4,1949.8,1915.0,1925.5,60899.0,59.73
2025-11-17,1947.9,1950.0,1922.3,1943.2,46042.0,52.79
2025-11-18,1950.0,1950.0,1905.9,1914.9,36910.0,52.42
2025-11-19,1900.0,1935.9,1900.0,1931.3,40145.0,32.16
2025-11-20,1942.0,1942.0,1915.4,1920.5,23799.0,52.6
2025-11-21,1915.0,1934.7,1905.0,1918.8,59702.0,51.98
2025-11-24,1907.5,1939.8,1879.2,1919.2,79387.0,57.7
2025-11-25,1910.0,1919.8,1903.0,1905.0,23787.0,56.21
2025-11-26,1903.9,1922.1,1886.0,1918.5,52179.0,57.56
2025-11-27,1918.5,1926.2,1899.9,1908.7,29167.0,56.71
2025-11-28,1914.0,1926.1,1900.1,1910.8,25901.0,37.58
2025-12-01,1911.0,1929.5,1905.0,1909.1,22042.0,48.52
2025-12-02,1881.0,1925.8,1880.5,1919.4,38531.0,50.55
2025-12-03,1905.0,1923.5,1871.5,1888.2,48119.0,58.46
2025-12-04,1874.9,1985.0,1872.4,1976.1,122324.0,39.74
2025-12-05,1976.1,1980.0,1923.6,1963.4,58334.0,38.11
2025-12-08,1961.9,1974.5,1897.4,1927.6,37701.0,49.81
2025-12-09,1945.0,1956.8,1869.0,1904.8,116362.0,33.21
2025-12-10,1914.6,1970.0,1901.3,1928.2,61388.0,31.57
2025-12-11,1935.0,1955.0,1915.8,1952.0,21558.0,44.67
2025-12-12,1952.0,1975.9,1940.0,1963.9,37297.0,56.38
2025-12-15,1965.0,1969.5,1944.0,1955.6,20126.0,39.18
2025-12-16,1940.0,1958.0,1931.6,1945.6,26232.0,37.89
2025-12-17,1945.6,1950.8,1886.5,1897.8,44182.0,52.83
2025-12-18,1897.8,1920.0,1888.2,1907.6,24425.0,59.09
2025-12-19,1908.0,1934.0,1908.0,1926.9,23454.0,49.71
2025-12-22,1926.9,1963.9,1924.3,1953.8,36419.0,51.11
2025-12-23,1956.8,1989.0,1937.0,1981.0,42769.0,54.46
2025-12-24,1978.1,1979.9,1963.9,1970.1,16243.0,59.34
2025-12-25,1978.1,1979.9,1963.9,1970.1,16243.0,59.34
2025-12-26,1970.1,1992.1,1901.0,1915.8,124906.0,56.73
2025-12-29,1910.0,1929.2,1878.0,1893.6,41821.0,60.04
2025-12-30,1882.0,1885.7,1747.0,1790.7,597782.0,41.82
2025-12-31,1785.8,1849.7,1783.0,1838.1,90935.0,41.96
2026-01-01,1840.1,1871.0,1788.0,1798.9,130326.0,33.65
2026-01-02,1811.0,1866.0,1802.4,1848.8,96233.0,35.45
2026-01-05,1837.0,1870.0,1830.0,1845.3,55824.0,48.88
2026-01-06,1839.0,1852.7,1827.0,1838.3,46553.0,46.1
2026-01-07,1831.2,1865.9,1827.1,1856.6,54316.0,55.08
2026-01-08,1856.6,1860.1,1810.0,1818.9,31893.0,50.26
2026-01-09,1804.0,1831.6,1792.1,1813.5,71702.0,45.85
2026-01-12,1810.5,1813.5,1764.2,1803.4,56831.0,51.83
2026-01-13,1812.4,1836.9,1805.0,1812.1,47882.0,43.21
2026-01-14,1810.0,1861.5,1803.4,1854.6,43178.0,58.85
2026-01-15,1810.0,1861.5,1803.4,1854.6,43178.0,58.85
2026-01-16,1833.0,1863.5,1820.0,1826.2,39987.0,50.12
2026-01-19,1820.2,1829.0,1804.1,1812.2,30086.0,49.39
2026-01-20,1800.1,1820.8,1765.0,1782.6,46545.0,45.9
2026-01-21,1766.0,1787.4,1705.0,1739.2,115934.0,50.52
2026-01-22,1731.0,1766.9,1722.0,1736.0,31621.0,45.89
2026-01-23,1730.0,1748.6,1709.6,1723.0,65712.0,65.41
2026-01-26,1730.0,1748.6,1709.6,1723.0,65712.0,65.41
2026-01-27,1710.0,1740.3,1672.0,1730.6,108496.0,37.08
2026-01-28,1750.0,1800.0,1732.8,1760.4,48261.0,39.51
2026-01-29,1744.1,1770.0,1710.0,1726.8,52279.0,42.13
2026-01-30,1710.0,1789.9,1702.0,1773.9,52163.0,45.39
2026-02-02,1790.1,1807.9,1744.0,1799.8,33192.0,39.77
2026-02-03,1900.0,1918.4,1814.4,1867.5,69836.0,50.06
2026-02-04,1891.3,1920.0,1852.5,1909.5,68006.0,56.33
2026-02-05,1917.0,1939.0,1853.2,1903.9,123694.0,25.8
2026-02-06,1939.0,1939.0,1805.3,1825.7,137298.0,43.31
2026-02-09,1825.7,1825.8,1747.6,1758.4,195605.0,48.75
2026-02-10,1770.0,1770.0,1704.4,1731.7,194129.0,41.04
2026-02-11,1732.9,1756.3,1718.1,1746.7,54196.0,43.34
2026-02-12,1750.9,1755.4,1726.0,1736.8,42026.0,39.61
2026-02-13,1729.8,1737.7,1708.2,1731.2,38711.0,40.77
2026-02-16,1730.1,1741.9,1710.8,1716.3,32083.0,42.32
2026-02-17,1716.3,1738.7,1710.3,1722.3,33823.0,53.31
2026-02-18,1730.0,1735.8,1681.3,1711.5,114518.0,50.86
2026-02-19,1711.5,1717.9,1696.0,1704.2,27814.0,57.0
2026-02-20,1700.2,1705.9,1681.1,1692.1,43265.0,46.91
2026-02-23,1700.0,1740.0,1685.7,1729.5,46179.0,52.75
2026-02-24,1729.0,1729.5,1695.0,1712.6,59587.0,40.74
2026-02-25,1730.0,1734.0,1717.6,1727.0,21410.0,53.72
2026-02-26,1727.0,1743.1,1715.2,1728.6,24774.0,49.16
2026-02-27,1728.6,1728.6,1687.6,1700.1,27815.0,54.67
2026-03-02,1680.0,1685.0,1638.3,1672.9,90268.0,61.8
2026-03-03,1680.0,1685.0,1638.3,1672.9,90268.0,61.8
2026-03-04,1665.4,1665.9,1646.0,1650.6,56840.0,59.55
2026-03-05,1650.6,1669.4,1617.4,1653.3,111197.0,51.16
2026-03-06,1657.1,1682.2,1635.4,1664.8,83972.0,54.74
2026-03-09,1654.0,1679.7,1618.9,1670.6,86795.0,57.27
2026-03-10,1689.9,1690.0,1665.6,1684.1,43345.0,61.14
2026-03-11,1689.0,1710.0,1683.0,1690.1,54031.0,61.19
2026-03-12,1686.5,1697.5,1660.0,1687.6,50022.0,58.18
2026-03-13,1690.0,1690.0,1656.0,1662.2,64757.0,52.52
2026-03-16,1650.0,1662.0,1624.5,1636.0,81182.0,53.67
2026-03-17,1649.9,1650.0,1624.9,1635.1,51002.0,57.3
2026-03-18,1635.0,1679.0,1635.0,1648.2,83039.0,69.53
2026-03-19,1634.2,1639.0,1614.2,1621.8,50642.0,57.71
2026-03-20,1631.0,1648.0,1600.0,1604.1,65307.0,62.51
2026-03-23,1600.0,1604.1,1555.2,1560.3,101864.0,61.56
2026-03-24,1604.0,1604.0,1558.6,1586.3,71266.0,53.19
2026-03-25,1591.8,1630.0,1582.2,1595.6,107146.0,63.57
2026-03-26,1591.8,1630.0,1582.2,1595.6,107146.0,63.57
2026-03-27,1595.6,1605.2,1549.0,1558.4,100167.0,65.89
2026-03-30,1548.0,1561.8,1500.3,1504.8,148965.0,57.84
2026-03-31,1548.0,1561.8,1500.3,1504.8,148965.0,57.84
2026-04-01,1565.0,1593.1,1544.1,1570.1,72897.0,46.79
2026-04-02,1570.1,1572.0,1508.0,1565.8,65274.0,61.67
2026-04-03,1570.1,1572.0,1508.0,1565.8,65274.0,61.67
2026-04-06,1582.5,1589.9,1545.6,1569.1,62429.0,53.64
2026-04-07,1571.0,1627.0,1545.5,1610.5,132044.0,55.38
2026-04-08,1674.8,1674.8,1623.5,1660.3,170696.0,63.38
2026-04-09,1662.0,1689.9,1644.5,1662.0,68094.0,54.5
2026-04-10,1662.0,1710.0,1650.3,1708.4,95593.0,58.09
2026-04-13,1700.0,1710.9,1649.0,1687.1,75016.0,54.83
2026-04-14,1700.0,1710.9,1649.0,1687.1,75016.0,54.83
2026-04-15,1698.5,1753.0,1688.9,1735.6,233605.0,57.51
2026-04-16,1749.0,1770.0,1736.1,1764.9,107612.0,55.46
2026-04-17,1764.9,1799.8,1755.0,1770.9,148567.0,57.16
2026-04-20,1771.0,1775.0,1740.0,1754.2,55397.0,58.86
2026-04-21,1759.9,1768.0,1740.0,1748.8,49325.0,46.14
2026-04-22,1748.8,1760.5,1735.0,1752.5,44700.0,62.81
2026-04-23,1752.5,1785.0,1747.9,1768.0,64210.0,60.86
2026-04-24,1777.5,1783.0,1715.0,1719.5,71492.0,55.11
2026-04-27,1719.5,1764.9,1706.6,1761.1,84268.0,55.0
2026-04-28,1761.1,1761.1,1727.0,1732.2,72161.0,58.56
2026-04-29,1732.2,1741.2,1713.5,1727.6,48595.0,56.53
2026-04-30,1720.1,1725.0,1678.4,1709.0,56199.0,56.22
2026-05-01,1720.1,1725.0,1678.4,1709.0,56199.0,56.22
2026-05-04,1710.5,1765.3,1710.5,1736.3,76083.0,49.43
2026-05-05,1733.0,1775.0,1728.0,1741.5,124308.0,40.52
2026-05-06,1753.0,1849.9,1753.0,1841.3,253677.0,43.66
2026-05-07,1845.0,1885.0,1840.1,1866.6,124846.0,45.98
2026-05-08,1870.0,1870.6,1845.5,1856.3,54449.0,45.22
2026-05-11,1850.0,1876.7,1820.6,1853.3,53644.0,52.27
2026-05-12,1835.0,1854.8,1801.6,1815.0,69891.0,59.61
2026-05-13,1840.0,1867.0,1815.2,1841.8,65257.0,45.54
2026-05-14,1849.0,2060.0,1803.0,2023.8,2271123.0,11.87
2026-05-15,2024.0,2057.0,1950.6,1998.8,405860.0,25.91
2026-05-18,1990.0,2046.6,1948.6,1986.1,186105.0,37.38
2026-05-19,1987.3,2060.0,1987.3,2038.2,200976.0,42.99
2026-05-20,2038.3,2068.1,2009.8,2016.6,178178.0,42.59
2026-05-21,2016.6,2050.0,1998.0,2025.9,97506.0,45.19
2026-05-22,2025.9,2058.9,2013.0,2028.0,89926.0,44.66
2026-05-25,2059.4,2092.5,2033.4,2077.9,160356.0,51.42
2026-05-26,2099.0,2099.0,2030.0,2035.8,109242.0,44.91
2026-05-27,2042.3,2063.7,2014.6,2023.3,72577.0,46.38
2026-05-28,2042.3,2063.7,2014.6,2023.3,72577.0,46.38
2026-05-29,2023.0,2086.5,2012.0,2024.5,97307.0,48.43
2026-06-01,2024.5,2072.9,1990.0,1998.9,176474.0,57.24
2026-06-02,2000.0,2007.8,1962.7,1988.1,75756.0,52.74
2026-06-03,1988.1,1993.9,1952.4,1972.9,45721.0,48.57
2026-06-04,1950.0,2040.0,1950.0,2019.7,97390.0,53.86
2026-06-05,2025.0,2048.7,2015.2,2033.1,84426.0,47.57
2026-06-08,2011.6,2148.0,2001.5,2111.0,628306.0,22.71
2026-06-09,2122.3,2286.0,2121.3,2255.2,614724.0,24.17
2026-06-10,2260.8,2409.0,2240.4,2309.4,861544.0,19.59
2026-06-11,2309.4,2375.0,2291.1,2331.0,286180.0,24.44
2026-06-12,2350.0,2425.0,2344.0,2407.8,226664.0,34.75
2026-06-15,2435.0,2447.3,2349.6,2364.6,146915.0,34.8
2026-06-16,2375.0,2417.9,2341.0,2377.8,101405.0,35.69
2026-06-17,2389.9,2409.4,2325.4,2334.9,66318.0,42.63
2026-06-18,2345.8,2382.2,2338.8,2359.4,56125.0,41.27
2026-06-19,2346.0,2560.0,2342.1,2503.5,402481.0,36.15
2026-06-22,2520.0,2550.7,2487.2,2537.4,157503.0,40.47
2026-06-23,2545.6,2546.0,2457.3,2490.9,127384.0,43.23
2026-06-24,2470.2,2590.0,2470.2,2519.0,218550.0,23.77
2026-06-25,2525.1,2547.6,2475.0,2506.4,78499.0,44.18
2026-06-26,2525.1,2547.6,2475.0,2506.4,78499.0,44.18
2026-06-29,2506.4,2589.0,2485.2,2557.9,213699.0,43.28
2026-06-30,2578.7,2675.0,2567.2,2626.0,390700.0,27.09
2026-07-01,2652.0,2659.7,2550.9,2564.0,92137.0,45.62
2026-07-02,2575.0,2584.0,2509.5,2538.2,74476.0,43.24
2026-07-03,2550.0,2629.9,2505.0,2538.1,123712.0,32.62
2026-07-06,2555.0,2645.5,2551.2,2624.2,187621.0,45.34
2026-07-07,2629.0,2650.0,2552.0,2566.8,100780.0,46.69
2026-07-08,2563.0,2623.0,2501.6,2528.4,111612.0,44.6
2026-07-09,2553.6,2638.0,2550.0,2621.4,119270.0,46.34
2026-07-10,2639.0,2689.0,2566.1,2583.6,132345.0,36.3
2026-07-13,2583.6,2637.5,2566.5,2616.1,72386.0,42.2
2026-07-14,2629.0,2680.0,2597.0,2658.4,132461.0,39.22
2026-07-15,2668.1,2699.0,2626.0,2648.1,93049.0,37.62
2026-07-16,2647.5,2684.5,2595.7,2671.5,136463.0,45.64
2026-07-17,2671.9,2671.9,2576.9,2614.2,71088.0,54.25
2026-07-20,2614.0,2684.2,2601.1,2649.2,68227.0,45.92
2026-07-21,2661.8,2661.8,2606.0,2608.0,53134.0,56.83
2026-07-22,2600.0,2608.0,2460.0,2480.6,193914.0,49.54
2026-07-23,2465.1,2545.3,2435.4,2486.6,70624.0,34.63
2026-07-24,2470.3,2515.1,2451.4,2467.1,70836.0,47.4
2026-07-27,2470.0,2652.0,2470.0,2621.4,354020.0,30.75
2026-07-28,2639.4,2675.0,2575.0,2588.3,106528.0,38.61
2026-07-29,2590.9,2642.4,2588.1,2613.2,86491.0,55.35
2026-07-30,2613.2,2638.4,2517.4,2536.3,82641.0,51.13
2026-07-31,2536.3,2538.0,2495.8,2516.8,52768.0,47.15
2026-08-03,2516.8,2586.5,2496.2,2566.1,55647.0,46.66
2026-08-04,2571.0,2614.6,2550.4,2571.9,57214.0,55.52
2026-08-05,2570.0,2579.0,2532.1,2541.8,43064.0,55.58
2026-08-06,2542.0,2599.9,2542.0,2585.8,48098.0,52.5
2026-08-07,2580.0,2597.6,2556.7,2574.1,44432.0,50.85
2026-08-10,2575.0,2664.0,2555.0,2623.8,128452.0,53.17
2026-08-11,2629.7,2659.9,2604.6,2629.6,93909.0,56.24
2026-08-12,2629.6,2672.1,2452.0,2472.4,427821.0,25.93
2026-08-13,2472.0,2521.1,2382.5,2499.7,127525.0,33.92
2026-08-14,2502.8,2519.7,2460.6,2480.5,56745.0,48.59
