,Open,High,Low,Close,Volume,DeliveryPct
2016-08-17,654.65,656.7,645.2,652.0,240968.0,
2016-08-18,653.5,658.3,649.0,655.5,132667.0,
2016-08-19,655.5,663.9,652.5,660.05,126343.0,
2016-08-22,660.0,660.0,646.05,654.3,158967.0,
2016-08-23,654.3,658.9,648.0,651.4,190923.0,
2016-08-24,653.0,654.15,646.75,650.5,136209.0,
2016-08-25,651.3,660.0,648.5,658.2,291969.0,
2016-08-26,662.1,664.95,648.85,652.3,153907.0,
2016-08-29,653.4,655.0,646.0,651.9,80458.0,
2016-08-30,653.0,659.5,651.0,655.1,158582.0,
2016-08-31,655.1,669.95,654.05,666.6,401238.0,
2016-09-01,670.0,683.0,658.0,661.05,687971.0,
2016-09-02,664.9,676.9,663.5,674.45,447097.0,
2016-09-06,674.45,678.95,667.4,671.5,257976.0,
2016-09-07,672.3,681.5,670.1,672.8,301368.0,
2016-09-08,670.0,672.75,663.5,670.4,182463.0,
2016-09-09,671.2,681.4,633.65,642.35,513939.0,
2016-09-12,631.0,648.0,624.35,637.35,374859.0,
2016-09-14,638.0,658.0,636.6,653.55,831282.0,
2016-09-15,658.0,673.55,645.0,648.3,647827.0,
2016-09-16,657.0,663.8,649.3,653.2,281961.0,
2016-09-19,654.7,660.4,646.35,648.8,148588.0,
2016-09-20,644.05,650.75,639.0,641.75,146682.0,
2016-09-21,638.1,651.0,636.7,643.35,280625.0,
2016-09-22,654.0,654.0,639.7,644.0,184731.0,
2016-09-23,641.35,651.6,641.35,645.5,214367.0,
2016-09-26,650.0,650.0,639.55,641.05,169749.0,
2016-09-27,645.0,648.9,614.0,617.15,437587.0,
2016-09-28,618.7,626.85,607.0,622.0,771243.0,
2016-09-29,624.7,631.95,604.2,609.5,545582.0,
2016-09-30,601.05,614.6,600.0,610.75,254608.0,
2016-10-03,611.0,630.2,611.0,624.6,370573.0,
2016-10-04,627.0,638.0,625.0,632.4,384443.0,
2016-10-05,633.0,635.45,609.4,614.0,542225.0,
2016-10-06,614.0,628.8,609.05,623.65,465957.0,
2016-10-07,623.65,634.5,619.85,629.35,259474.0,
2016-10-10,629.35,641.75,623.8,626.2,306007.0,
2016-10-13,624.1,624.95,596.0,600.75,573809.0,
2016-10-14,599.5,606.75,590.3,602.65,679986.0,
2016-10-17,602.7,604.5,591.25,594.8,430630.0,
2016-10-18,598.0,606.25,596.5,604.15,269722.0,
2016-10-19,604.5,616.9,603.15,613.2,233942.0,
2016-10-20,618.0,622.0,608.0,613.2,299151.0,
2016-10-21,614.0,618.9,607.75,616.3,150064.0,
2016-10-24,619.9,620.4,610.25,615.2,154097.0,
2016-10-25,618.0,621.55,609.05,617.3,110859.0,
2016-10-26,617.55,617.95,597.4,602.2,235743.0,
2016-10-27,599.0,618.0,592.0,614.05,497287.0,
2016-10-28,612.0,631.4,610.0,628.45,368217.0,
2016-11-01,634.0,634.3,625.05,628.6,323026.0,
2016-11-02,628.0,632.35,615.15,626.05,278274.0,
2016-11-03,625.0,628.3,570.2,593.6,3150717.0,
2016-11-04,585.0,596.05,578.4,586.2,507220.0,
2016-11-07,590.5,599.9,587.05,596.35,333669.0,
2016-11-08,595.0,601.0,581.55,591.95,500235.0,
2016-11-09,536.0,592.0,533.0,584.3,415589.0,
2016-11-10,591.1,598.55,581.4,594.65,263982.0,
2016-11-11,608.4,621.7,588.0,593.45,1133019.0,
2016-11-15,594.15,596.1,567.0,580.4,332810.0,
2016-11-16,584.5,595.95,578.2,588.35,435585.0,
2016-11-17,582.25,598.2,579.0,593.5,253598.0,
2016-11-18,598.0,604.9,590.05,595.0,327296.0,
2016-11-21,595.0,603.7,573.65,578.3,698649.0,
2016-11-22,578.55,586.85,564.1,574.9,374142.0,
2016-11-23,579.0,582.0,565.4,568.75,408222.0,
2016-11-24,569.0,582.0,555.25,568.4,832764.0,
2016-11-25,573.9,578.9,568.0,574.6,144636.0,
2016-11-28,581.0,589.0,572.3,584.6,238722.0,
2016-11-29,583.55,592.85,581.05,584.4,213666.0,
2016-11-30,586.0,590.9,583.1,586.3,150402.0,
2016-12-01,586.35,603.9,585.2,595.05,671535.0,
2016-12-02,590.0,596.4,574.75,578.0,382516.0,
2016-12-05,578.0,585.0,569.1,581.3,137306.0,
2016-12-06,587.0,596.4,582.65,589.4,182066.0,
2016-12-07,595.85,595.85,581.55,587.8,138832.0,
2016-12-08,589.0,597.2,589.0,594.25,196427.0,
2016-12-09,599.8,629.8,595.0,625.35,651899.0,
2016-12-12,617.1,634.9,609.1,622.5,984322.0,
2016-12-13,627.95,638.0,621.8,626.45,680385.0,
2016-12-14,629.0,630.8,612.1,614.8,395622.0,
2016-12-15,610.0,630.0,608.75,627.4,507928.0,
2016-12-16,628.0,630.0,619.55,626.05,209678.0,
2016-12-19,626.8,634.9,620.2,628.05,402137.0,
2016-12-20,628.8,636.5,617.7,620.75,388113.0,
2016-12-21,625.4,628.4,621.0,622.65,149615.0,
2016-12-22,616.1,622.75,608.35,614.35,154031.0,
2016-12-23,615.0,626.9,608.65,620.55,371783.0,
2016-12-26,621.6,624.75,601.2,609.5,498502.0,
2016-12-27,607.0,630.4,604.3,627.95,391620.0,
2016-12-28,630.4,642.95,627.0,632.35,696745.0,
2016-12-29,639.7,640.65,629.3,637.6,530209.0,
2016-12-30,641.0,646.45,634.0,638.5,334936.0,
2017-01-02,638.5,650.55,638.5,645.05,321655.0,
2017-01-03,649.8,649.8,636.3,643.95,246382.0,
2017-01-04,640.8,654.75,640.8,646.35,341132.0,
2017-01-05,646.9,654.6,645.0,647.2,233453.0,
2017-01-06,648.95,651.6,638.0,640.2,206439.0,
2017-01-09,640.2,649.75,638.2,647.75,239556.0,
2017-01-10,649.8,660.6,644.0,655.85,531588.0,
2017-01-11,656.15,669.8,655.55,667.55,488076.0,
2017-01-12,668.95,673.25,660.8,664.55,401825.0,
2017-01-13,666.0,679.65,662.5,674.4,505202.0,
2017-01-16,675.0,692.6,670.65,689.15,456392.0,
2017-01-17,690.0,692.0,677.55,679.9,461531.0,
2017-01-18,683.5,700.7,677.0,687.8,802279.0,
2017-01-19,688.95,691.0,680.1,685.4,280669.0,
2017-01-20,688.75,704.0,681.15,687.4,987888.0,
2017-01-23,687.1,702.5,684.0,697.25,450544.0,
2017-01-24,698.55,743.7,692.55,736.25,1665060.0,
2017-01-25,736.15,742.0,724.2,736.75,827436.0,
2017-01-27,737.5,750.8,732.25,735.5,614902.0,
2017-01-30,733.0,745.0,722.5,740.15,320035.0,
2017-01-31,746.0,747.0,728.0,738.15,598319.0,
2017-02-01,732.0,767.2,728.7,762.85,488479.0,
2017-02-02,760.0,766.2,752.85,760.4,267529.0,
2017-02-03,755.2,777.55,749.0,772.15,527818.0,
2017-02-06,777.4,782.2,764.8,772.45,506885.0,
2017-02-07,780.0,813.7,771.65,804.85,788051.0,
2017-02-08,809.95,820.0,790.95,806.1,932030.0,
2017-02-09,810.0,831.0,804.1,827.65,1410505.0,
2017-02-10,829.0,848.75,810.0,841.55,1975106.0,
2017-02-13,842.0,868.5,841.0,866.15,1632743.0,
2017-02-14,870.95,871.0,850.0,856.95,837774.0,
2017-02-15,853.7,860.25,838.35,847.3,798942.0,
2017-02-16,843.0,858.5,842.0,853.6,415285.0,
2017-02-17,859.0,874.4,855.45,859.75,691392.0,
2017-02-20,862.7,871.0,852.35,866.65,424538.0,
2017-02-21,870.0,879.0,862.6,875.05,410415.0,
2017-02-22,874.35,886.0,869.65,872.75,518999.0,
2017-02-23,862.9,865.0,850.55,856.1,644568.0,
2017-02-27,846.5,859.0,836.5,842.25,377455.0,
2017-02-28,840.8,848.4,832.05,840.4,507213.0,
2017-03-01,847.0,847.65,819.3,827.6,477771.0,
2017-03-02,836.5,839.7,805.9,810.6,413419.0,
2017-03-03,810.0,831.0,801.75,821.85,546874.0,
2017-03-06,820.5,830.3,812.3,826.95,566249.0,
2017-03-07,834.5,834.5,814.0,818.0,549345.0,
2017-03-08,820.95,822.6,803.85,810.65,261091.0,
2017-03-09,815.0,817.95,805.2,812.2,205155.0,
2017-03-10,819.5,819.75,790.75,795.65,314556.0,
2017-03-14,811.15,827.4,799.5,821.2,741669.0,
2017-03-15,824.65,829.8,816.65,818.8,449461.0,
2017-03-16,820.0,846.65,819.4,838.85,736536.0,
2017-03-17,844.0,846.0,825.1,830.75,425694.0,
2017-03-20,834.8,835.95,820.0,831.2,356301.0,
2017-03-21,834.0,856.8,832.9,838.5,801556.0,
2017-03-22,836.4,849.65,828.0,831.65,733580.0,
2017-03-23,834.5,839.0,829.4,833.45,388045.0,
2017-03-24,837.55,837.8,825.45,828.35,366837.0,
2017-03-27,831.95,831.95,818.1,821.9,516950.0,
2017-03-28,825.0,834.45,822.5,829.95,625850.0,
2017-03-29,830.0,835.45,823.9,831.35,507723.0,
2017-03-30,835.8,854.0,827.4,843.7,814408.0,
2017-03-31,853.8,863.6,838.1,841.2,769946.0,
2017-04-03,842.0,860.95,834.95,857.8,757260.0,
2017-04-05,863.5,863.5,846.2,848.5,594332.0,
2017-04-06,848.5,848.7,829.4,837.5,685273.0,
2017-04-07,837.8,854.4,832.4,842.45,497632.0,
2017-04-10,852.0,856.0,839.9,841.55,789615.0,
2017-04-11,845.8,849.8,838.0,840.8,400046.0,
2017-04-12,843.9,845.75,829.5,835.3,343922.0,
2017-04-13,833.0,841.0,827.65,829.4,397340.0,
2017-04-17,830.0,843.75,830.0,841.0,184510.0,
2017-04-18,847.0,879.0,843.2,859.8,1088221.0,
2017-04-19,864.0,915.8,863.0,892.1,4428399.0,
2017-04-20,899.1,914.65,894.0,899.0,1282958.0,
2017-04-21,904.9,924.0,899.15,912.15,1282077.0,
2017-04-24,920.0,924.05,909.0,913.35,643707.0,
2017-04-25,921.0,940.55,914.45,928.65,1353686.0,
2017-04-26,929.5,939.45,913.55,924.25,506640.0,
2017-04-27,924.15,932.5,916.65,929.45,523530.0,
2017-04-28,924.35,948.6,921.35,944.6,401508.0,
2017-05-02,945.35,962.6,940.2,957.05,844255.0,
2017-05-03,959.0,968.0,948.3,950.85,513775.0,
2017-05-04,947.85,956.7,946.1,951.05,364233.0,
2017-05-05,950.9,955.25,931.35,942.35,429013.0,
2017-05-08,944.5,986.3,934.9,979.45,1290219.0,
2017-05-09,986.75,986.75,963.15,972.05,582872.0,
2017-05-10,975.5,993.35,975.1,987.65,963350.0,
2017-05-11,989.1,991.0,978.05,982.5,696601.0,
2017-05-12,973.0,990.25,963.05,977.15,501348.0,
2017-05-15,984.0,997.9,978.05,985.45,1191783.0,
2017-05-16,989.0,1001.4,975.0,982.9,1987938.0,
2017-05-17,980.0,985.4,970.1,975.9,389529.0,
2017-05-18,979.0,989.75,807.05,830.3,8126251.0,
2017-05-19,853.0,889.7,841.7,877.55,7506749.0,
2017-05-22,878.0,887.0,865.45,883.9,1618317.0,
2017-05-23,884.0,903.9,835.8,850.5,2171157.0,
2017-05-24,860.0,880.0,843.5,874.6,1093157.0,
2017-05-25,882.0,892.0,873.0,888.0,1213016.0,
2017-05-26,891.0,906.0,886.6,897.9,581437.0,
2017-05-29,900.0,904.3,882.0,889.55,447724.0,
2017-05-30,887.05,898.5,879.1,893.55,338441.0,
2017-05-31,896.1,921.85,894.05,917.75,830674.0,
2017-06-01,919.5,920.95,903.2,908.9,271138.0,
2017-06-02,909.95,918.8,900.05,917.0,308551.0,
2017-06-05,921.0,923.95,907.0,909.9,290168.0,
2017-06-06,906.4,917.0,890.0,892.85,453606.0,
2017-06-07,899.0,911.95,892.5,909.85,185412.0,
2017-06-08,914.8,914.8,900.95,906.9,171441.0,
2017-06-09,910.0,910.0,895.0,899.1,196373.0,
2017-06-12,901.0,907.3,892.75,895.6,250926.0,
2017-06-13,897.9,905.0,891.35,893.45,486311.0,
2017-06-14,899.8,902.4,891.5,896.7,522299.0,
2017-06-15,898.0,900.0,889.0,892.6,280582.0,
2017-06-16,890.9,897.0,878.6,881.0,270835.0,
2017-06-19,884.1,901.5,884.1,899.9,273975.0,
2017-06-20,899.9,902.2,884.2,886.75,189111.0,
2017-06-21,886.0,900.0,878.7,898.15,241910.0,
2017-06-22,899.5,903.75,875.6,881.3,307763.0,
2017-06-23,885.7,887.7,853.2,868.9,480850.0,
2017-06-27,878.0,878.0,856.0,864.7,244817.0,
2017-06-28,855.0,881.0,847.5,880.0,400190.0,
2017-06-29,880.0,888.5,861.85,867.3,635914.0,
2017-06-30,864.95,872.0,855.4,868.55,247336.0,
2017-07-03,874.4,880.0,863.9,876.2,249134.0,
2017-07-04,878.0,886.05,870.0,872.35,334805.0,
2017-07-05,878.0,878.0,870.1,875.4,249100.0,
2017-07-06,875.45,877.7,865.15,868.4,305030.0,
2017-07-07,873.0,881.9,862.65,871.85,268788.0,
2017-07-10,850.5,878.15,850.5,874.35,40569.0,
2017-07-11,875.0,878.0,861.0,862.2,187983.0,
2017-07-12,862.0,876.0,860.0,873.05,222352.0,
2017-07-13,879.8,879.8,865.7,868.35,275628.0,
2017-07-14,870.0,909.9,862.55,904.7,1008991.0,
2017-07-17,912.0,918.95,897.55,901.3,637457.0,
2017-07-18,899.3,910.7,880.5,885.9,394583.0,
2017-07-19,883.5,906.5,883.5,903.6,286194.0,
2017-07-20,905.55,908.4,893.45,899.85,480674.0,
2017-07-21,895.95,906.75,892.0,899.75,357324.0,
2017-07-24,901.95,907.75,894.8,898.35,412817.0,
2017-07-25,899.7,905.6,894.05,897.35,298931.0,
2017-07-26,899.0,904.6,893.8,898.5,294555.0,
2017-07-27,902.4,914.35,892.25,897.8,872161.0,
2017-07-28,897.8,935.9,893.85,930.7,1754781.0,
2017-07-31,934.9,948.0,933.1,942.75,802360.0,
2017-08-01,945.0,953.25,935.0,946.05,653585.0,
2017-08-02,949.4,958.2,941.35,950.65,750454.0,
2017-08-03,948.1,969.25,946.0,962.2,853776.0,
2017-08-04,962.2,970.0,952.4,967.55,738054.0,
2017-08-07,971.0,984.75,966.7,977.8,576425.0,
2017-08-08,980.0,981.5,948.1,957.0,586081.0,
2017-08-09,957.15,968.7,949.05,959.5,422812.0,
2017-08-10,953.1,956.45,899.0,909.95,655138.0,
2017-08-11,917.45,932.95,893.55,918.15,579438.0,
2017-08-14,920.0,944.8,920.0,941.25,476618.0,
2017-08-16,946.45,946.45,931.05,940.85,455554.0,
2017-08-17,937.9,964.9,937.8,954.0,758644.0,
2017-08-18,949.0,950.25,930.0,940.9,376211.0,
2017-08-21,943.4,950.35,935.0,941.1,537397.0,
2017-08-22,944.8,946.4,924.1,933.9,458045.0,
2017-08-23,939.65,944.65,927.0,939.95,287435.0,
2017-08-24,944.4,964.6,933.4,956.35,1430254.0,
2017-08-28,965.0,1026.65,960.0,1019.6,3054507.0,
2017-08-29,1034.2,1034.2,992.55,999.2,1805249.0,
2017-08-30,1009.7,1037.4,1007.0,1021.05,1836407.0,
2017-08-31,1029.9,1029.9,1008.05,1015.7,1188540.0,
2017-09-01,1020.5,1048.9,1017.6,1039.8,1047374.0,
2017-09-04,1042.0,1056.5,1023.65,1035.55,1518573.0,
2017-09-05,1045.0,1061.1,1040.3,1053.15,902670.0,
2017-09-06,1049.5,1054.95,1037.3,1045.55,493942.0,
2017-09-07,1064.4,1064.4,1045.55,1048.25,501035.0,
2017-09-08,1050.0,1052.85,1032.1,1037.85,452872.0,
2017-09-11,1046.8,1057.45,1039.0,1047.65,654571.0,
2017-09-12,1050.0,1054.8,1045.0,1048.4,287203.0,
2017-09-13,1050.9,1063.7,1043.0,1048.9,555350.0,
2017-09-14,1049.85,1069.7,1047.9,1058.9,687331.0,
2017-09-15,1062.95,1067.5,1043.2,1049.2,535900.0,
2017-09-18,1055.0,1067.0,1052.0,1055.5,379676.0,
2017-09-19,1058.7,1076.0,1054.0,1072.55,738312.0,
2017-09-20,1080.0,1080.0,1060.5,1063.55,559707.0,
2017-09-21,1062.8,1067.75,1047.85,1052.75,371801.0,
2017-09-22,1050.0,1055.2,1010.0,1013.1,675541.0,
2017-09-25,1019.0,1019.0,972.95,988.45,769132.0,
2017-09-26,994.4,1020.8,988.45,1010.0,584781.0,
2017-09-27,1018.0,1018.0,978.8,986.85,380992.0,
2017-09-28,994.9,1003.35,976.65,981.75,586256.0,
2017-09-29,985.0,1005.95,981.2,986.8,729636.0,
2017-10-03,991.0,1003.3,991.0,996.6,280353.0,
2017-10-04,999.9,1010.9,992.05,997.1,397067.0,
2017-10-05,999.85,1007.45,991.55,1003.55,299010.0,
2017-10-06,1003.0,1045.0,1003.0,1042.5,1399375.0,
2017-10-09,1045.6,1056.2,1037.1,1052.55,567057.0,
2017-10-10,1052.0,1061.6,1043.1,1056.7,465048.0,
2017-10-11,1056.0,1064.65,1013.6,1032.05,445694.0,
2017-10-12,1035.0,1049.7,1033.35,1044.8,220834.0,
2017-10-13,1050.0,1055.0,1037.2,1044.15,265162.0,
2017-10-16,1050.0,1051.0,1022.3,1031.5,364772.0,
2017-10-17,1032.4,1043.6,1026.35,1038.65,298219.0,
2017-10-18,1039.7,1040.2,1023.0,1033.7,226019.0,
2017-10-19,1033.95,1041.25,1020.9,1029.3,119597.0,
2017-10-23,1027.0,1034.95,1023.1,1026.6,461220.0,
2017-10-24,1027.6,1040.0,1023.25,1030.45,222921.0,
2017-10-25,1035.0,1035.2,1018.95,1027.15,218312.0,
2017-10-26,1030.9,1044.7,1015.0,1030.25,383850.0,
2017-10-27,1030.05,1033.85,995.0,1003.55,647449.0,
2017-10-30,1010.95,1017.55,997.7,1001.85,291849.0,
2017-10-31,1011.8,1034.35,1000.65,1018.7,550042.0,
2017-11-01,1021.0,1025.0,1014.0,1018.35,120366.0,
2017-11-02,1017.8,1027.1,1005.4,1016.8,240087.0,
2017-11-03,1021.5,1024.5,991.0,1001.05,359922.0,
2017-11-06,996.0,1008.7,992.0,995.0,253151.0,
2017-11-07,998.95,1000.55,973.2,984.75,400330.0,
2017-11-08,983.75,1003.3,975.25,991.3,669214.0,
2017-11-09,996.0,1015.0,981.5,1012.1,443041.0,
2017-11-10,1010.75,1019.4,1003.3,1012.5,333410.0,
2017-11-13,1018.0,1043.2,1009.35,1018.25,796052.0,
2017-11-14,1021.5,1047.45,1018.6,1024.8,669330.0,
2017-11-15,1025.5,1037.15,1001.9,1015.95,620276.0,
2017-11-16,1012.0,1019.9,982.0,1002.55,694063.0,
2017-11-17,1010.0,1017.0,994.85,1004.65,214431.0,
2017-11-20,1006.5,1010.0,995.1,1006.8,286624.0,
2017-11-21,1006.5,1019.0,1003.25,1015.5,366866.0,
2017-11-22,1026.0,1053.9,1025.0,1033.45,1315992.0,
2017-11-23,1040.0,1042.0,1012.7,1018.25,488705.0,
2017-11-24,1018.25,1023.35,1007.0,1009.15,327952.0,
2017-11-27,1008.0,1024.05,1005.0,1020.95,406196.0,
2017-11-28,1022.9,1029.9,1013.2,1015.0,257742.0,
2017-11-29,1015.0,1028.6,1011.85,1024.15,209518.0,
2017-11-30,1012.15,1029.0,1005.05,1013.15,582616.0,
2017-12-01,1015.0,1021.45,992.75,996.1,323758.0,
2017-12-04,995.1,997.95,975.0,981.75,345365.0,
2017-12-05,983.9,994.2,977.6,989.75,324843.0,
2017-12-06,999.0,999.0,972.0,977.45,465683.0,
2017-12-07,977.0,994.7,975.0,992.7,164896.0,
2017-12-08,986.1,1019.95,986.1,1008.45,395002.0,
2017-12-11,1018.75,1021.95,1005.8,1010.2,321902.0,
2017-12-12,1011.0,1015.7,1003.85,1006.9,255544.0,
2017-12-13,1005.0,1020.95,995.25,1013.65,380180.0,
2017-12-14,1020.0,1024.15,990.0,1001.8,400930.0,
2017-12-15,1005.0,1027.65,1005.0,1014.85,421509.0,
2017-12-18,1012.0,1020.95,980.25,1008.05,303869.0,
2017-12-19,1008.4,1018.8,1006.05,1007.8,276803.0,
2017-12-20,1008.0,1015.3,1006.05,1007.75,204473.0,
2017-12-21,1013.0,1059.9,1008.3,1052.25,1042350.0,
2017-12-22,1063.95,1067.0,1040.7,1049.15,646792.0,
2017-12-26,1053.45,1061.0,1045.0,1054.3,185283.0,
2017-12-27,1058.6,1069.8,1045.8,1052.7,498948.0,
2017-12-28,1054.0,1067.4,1040.05,1044.05,713003.0,
2017-12-29,1045.0,1054.35,1040.1,1048.0,226798.0,
2018-01-01,1054.85,1080.0,1051.1,1064.0,534835.0,
2018-01-02,1066.0,1071.15,1045.25,1052.05,383528.0,
2018-01-03,1055.0,1073.0,1049.0,1058.0,462724.0,
2018-01-04,1067.0,1094.6,1060.1,1090.05,1018265.0,
2018-01-05,1098.0,1103.9,1077.75,1087.25,585509.0,
2018-01-08,1100.0,1135.1,1080.0,1130.25,753478.0,
2018-01-09,1130.25,1138.0,1111.55,1122.65,561480.0,
2018-01-10,1130.1,1155.0,1130.05,1136.8,742774.0,
2018-01-11,1136.0,1190.0,1131.75,1177.2,1459445.0,
2018-01-12,1185.95,1185.95,1152.0,1158.75,632360.0,
2018-01-15,1160.65,1176.35,1153.65,1162.0,377047.0,
2018-01-16,1162.0,1162.0,1116.8,1137.45,528153.0,
2018-01-17,1135.0,1156.6,1113.0,1137.0,736224.0,
2018-01-18,1138.95,1143.45,1098.05,1106.05,371383.0,
2018-01-19,1105.0,1130.0,1092.0,1109.05,610442.0,
2018-01-22,1108.0,1116.6,1091.1,1111.25,323549.0,
2018-01-23,1112.1,1117.2,1098.5,1100.6,616073.0,
2018-01-24,1100.6,1108.1,1082.3,1088.05,398546.0,
2018-01-25,1075.05,1102.5,1064.0,1069.5,660138.0,
2018-01-29,1070.35,1087.1,1047.85,1053.5,333502.0,
2018-01-30,1053.5,1080.0,1047.05,1067.25,274125.0,
2018-01-31,1066.0,1074.35,1050.0,1054.75,260836.0,
2018-02-01,1060.0,1067.75,1019.2,1045.35,532387.0,
2018-02-02,1040.1,1040.1,969.95,1000.2,876894.0,
2018-02-05,985.5,1007.95,975.55,1000.4,603521.0,
2018-02-06,950.0,1002.25,938.0,989.5,677609.0,
2018-02-07,1020.0,1021.3,969.3,977.9,533401.0,
2018-02-08,977.95,1007.95,974.3,992.3,801200.0,
2018-02-09,983.9,1016.85,968.0,1007.6,610960.0,
2018-02-12,1009.95,1043.5,1005.1,1035.75,365985.0,
2018-02-14,1040.05,1045.8,1020.0,1026.15,230362.0,
2018-02-15,1027.0,1034.0,992.25,1007.05,415471.0,
2018-02-16,1008.0,1016.0,989.0,1001.7,396693.0,
2018-02-19,1004.0,1004.25,974.5,989.0,472845.0,
2018-02-20,989.0,993.0,975.05,980.45,452552.0,
2018-02-21,985.0,993.75,979.2,985.4,444659.0,
2018-02-22,984.0,986.0,970.4,977.05,1428436.0,
2018-02-23,979.9,1008.0,979.9,1001.7,421372.0,
2018-02-26,1006.1,1029.95,1002.0,1017.55,465062.0,
2018-02-27,1022.0,1025.2,1002.0,1009.55,333663.0,
2018-02-28,1004.1,1030.0,995.1,1023.45,522358.0,
2018-03-01,1023.8,1026.15,1002.1,1004.75,184118.0,
2018-03-05,1004.8,1004.8,982.2,995.2,296533.0,
2018-03-06,996.1,1007.85,975.1,979.55,511661.0,
2018-03-07,978.5,985.0,963.0,969.2,309096.0,
2018-03-08,960.0,987.9,941.35,984.25,724103.0,
2018-03-09,990.0,991.0,973.45,981.8,320007.0,
2018-03-12,980.0,987.5,952.6,968.75,486243.0,
2018-03-13,966.0,988.5,960.0,982.6,422082.0,
2018-03-14,980.45,984.4,962.5,968.75,472223.0,
2018-03-15,966.0,975.6,962.0,970.65,855029.0,
2018-03-16,969.35,970.9,950.95,956.05,470491.0,
2018-03-19,945.55,956.9,912.75,919.75,658816.0,
2018-03-20,905.75,925.35,891.0,900.65,701679.0,
2018-03-21,899.95,915.0,877.25,880.2,712044.0,
2018-03-22,883.0,889.9,861.35,883.65,825739.0,
2018-03-23,869.6,885.0,863.0,881.5,536293.0,
2018-03-26,881.5,963.35,870.0,954.45,1266720.0,
2018-03-27,955.0,983.5,937.5,973.25,1070924.0,
2018-03-28,971.0,999.9,957.05,966.2,1702137.0,
2018-04-02,973.45,996.5,958.5,987.45,716251.0,
2018-04-03,984.5,1013.0,976.6,1004.8,430918.0,
2018-04-04,1009.0,1019.0,968.55,976.95,480800.0,
2018-04-05,993.7,1007.6,986.75,999.2,282998.0,
2018-04-06,997.7,1005.6,988.15,1001.15,323145.0,
2018-04-09,1000.05,1023.75,979.55,1018.0,556855.0,
2018-04-10,1026.0,1026.5,1000.2,1008.75,530185.0,
2018-04-11,1009.9,1024.2,1001.3,1015.6,390359.0,
2018-04-12,1013.3,1027.35,1005.6,1015.3,358426.0,
2018-04-13,1016.1,1034.0,1015.55,1030.6,449496.0,
2018-04-16,1025.5,1042.0,1022.55,1039.1,293521.0,
2018-04-17,1037.0,1047.9,1035.0,1038.3,255346.0,
2018-04-18,1037.0,1061.8,1034.0,1038.55,482756.0,
2018-04-19,1038.0,1052.0,1034.05,1049.2,210665.0,
2018-04-20,1038.5,1045.75,1023.3,1027.85,219319.0,
2018-04-23,1029.2,1047.4,1021.0,1034.65,388626.0,
2018-04-24,1033.9,1060.9,1031.0,1051.3,521970.0,
2018-04-25,1054.95,1078.0,1038.1,1065.2,746068.0,
2018-04-26,1074.25,1074.3,1047.8,1064.9,449683.0,
2018-04-27,1069.95,1079.9,1058.8,1061.1,369968.0,
2018-04-30,1069.0,1070.9,1050.65,1060.25,293627.0,
2018-05-02,1063.25,1070.8,1031.65,1042.4,321326.0,
2018-05-03,1042.0,1047.45,1022.5,1030.0,434936.0,
2018-05-04,1048.0,1048.0,1019.2,1034.9,436916.0,
2018-05-07,1042.0,1067.0,1032.55,1063.5,466056.0,
2018-05-08,1065.5,1071.9,1050.6,1063.05,334987.0,
2018-05-09,1065.5,1076.45,1059.25,1067.8,273379.0,
2018-05-10,1068.2,1091.7,1054.35,1059.5,627555.0,
2018-05-11,1062.0,1066.45,1052.5,1059.0,198636.0,
2018-05-14,1065.0,1071.65,1043.4,1049.5,304425.0,
2018-05-15,1050.7,1069.0,1035.85,1048.7,381977.0,
2018-05-16,1046.95,1049.0,1027.85,1038.2,291221.0,
2018-05-17,1044.4,1050.0,1013.35,1020.35,559381.0,
2018-05-18,1021.5,1029.8,1007.55,1019.5,441688.0,
2018-05-21,1020.0,1028.85,993.85,1008.8,307076.0,
2018-05-22,1006.1,1021.45,996.25,1017.6,263535.0,
2018-05-23,1019.45,1043.4,996.4,1009.65,1242277.0,
2018-05-24,1019.0,1027.95,997.05,1020.55,397263.0,
2018-05-25,1023.8,1049.55,1023.8,1040.95,400843.0,
2018-05-28,1045.85,1058.4,1032.0,1047.05,331152.0,
2018-05-29,1049.0,1052.0,1010.3,1028.1,346939.0,
2018-05-30,1026.0,1045.8,1016.35,1035.2,262932.0,
2018-05-31,1038.1,1044.9,1012.2,1019.3,271423.0,
2018-06-01,1024.0,1049.0,1015.75,1030.85,494025.0,
2018-06-04,1034.0,1043.0,1002.05,1005.55,302655.0,
2018-06-05,1004.0,1006.7,975.0,984.3,371518.0,
2018-06-06,984.3,1017.0,981.5,1007.9,329787.0,
2018-06-07,1018.0,1021.6,1004.9,1010.2,211662.0,
2018-06-08,1001.0,1014.0,996.0,1000.9,283954.0,
2018-06-11,1003.0,1016.35,997.6,1004.6,347633.0,
2018-06-12,1005.95,1008.7,998.65,1001.25,170787.0,
2018-06-13,1002.9,1011.9,999.6,1004.05,306199.0,
2018-06-14,1002.95,1006.45,990.3,1002.95,309272.0,
2018-06-15,1001.95,1009.9,988.65,993.45,455439.0,
2018-06-18,991.0,993.0,975.1,978.4,176716.0,
2018-06-19,967.05,973.05,936.0,940.1,796557.0,
2018-06-20,940.0,952.9,934.85,944.5,722657.0,
2018-06-21,949.9,964.2,949.15,954.85,266670.0,
2018-06-22,956.0,972.7,947.5,966.65,164806.0,
2018-06-25,965.75,973.75,952.5,954.6,131612.0,
2018-06-26,948.0,966.45,943.5,958.7,147754.0,
2018-06-27,958.95,958.95,920.05,929.35,393775.0,
2018-06-28,923.5,930.0,878.1,882.85,674176.0,
2018-06-29,887.05,918.0,887.0,912.05,380295.0,
2018-07-02,916.9,921.0,885.1,894.6,310887.0,
2018-07-03,894.6,899.15,880.05,890.5,204013.0,
2018-07-04,895.45,898.95,874.0,878.95,302455.0,
2018-07-05,885.5,920.85,884.75,910.4,856459.0,
2018-07-06,914.0,919.45,902.0,912.35,366623.0,
2018-07-09,914.95,936.85,914.95,928.6,386240.0,
2018-07-10,933.0,936.3,921.35,926.65,176395.0,
2018-07-11,926.0,930.9,904.6,911.45,186416.0,
2018-07-12,919.2,931.0,891.2,898.4,285300.0,
2018-07-13,900.0,912.95,885.5,905.75,262053.0,
2018-07-16,906.0,917.85,882.0,886.0,355353.0,
2018-07-17,881.7,902.0,870.0,897.35,617087.0,
2018-07-18,900.0,907.0,877.45,884.25,262132.0,
2018-07-19,884.5,897.85,880.5,885.15,277229.0,
2018-07-20,885.0,892.0,872.7,886.2,245082.0,
2018-07-23,886.2,891.9,871.5,884.0,311204.0,
2018-07-24,887.5,926.0,881.0,922.4,871377.0,
2018-07-25,927.9,928.0,910.5,914.75,194003.0,
2018-07-26,914.35,926.4,891.2,909.3,1541269.0,
2018-07-27,914.0,957.5,911.0,951.7,796518.0,
2018-07-30,956.0,959.45,937.5,947.3,333185.0,
2018-07-31,946.45,950.0,928.0,944.55,167099.0,
2018-08-01,945.0,955.0,932.6,936.3,305179.0,
2018-08-02,938.0,942.4,923.1,925.95,209226.0,
2018-08-03,927.1,944.6,927.1,933.9,192167.0,
2018-08-06,938.0,949.5,932.0,937.35,214652.0,
2018-08-07,940.0,946.7,933.05,938.25,340927.0,
2018-08-08,941.0,946.0,926.5,931.35,294343.0,
2018-08-09,930.0,931.3,911.75,915.9,298825.0,
2018-08-10,914.0,923.35,905.0,914.15,280131.0,
2018-08-13,910.0,924.95,900.05,916.6,477727.0,
2018-08-14,916.7,919.65,905.15,909.4,152550.0,
2018-08-16,904.0,926.4,902.35,912.85,518264.0,
2018-08-17,921.7,936.0,911.0,930.75,401963.0,
2018-08-20,930.0,945.35,927.85,941.3,272691.0,
2018-08-21,941.5,1028.85,941.0,1007.25,3440206.0,
2018-08-23,996.0,1012.0,981.2,1005.4,1145558.0,
2018-08-24,1005.0,1011.0,983.0,989.15,689998.0,
2018-08-27,994.95,1011.0,991.35,1002.05,553574.0,
2018-08-28,1010.0,1010.0,985.25,988.6,395778.0,
2018-08-29,995.0,1006.95,986.35,988.8,485413.0,
2018-08-30,1011.9,1029.75,999.85,1004.05,1581842.0,
2018-08-31,1010.05,1014.7,986.0,995.9,573041.0,
2018-09-03,999.0,1037.2,985.1,1018.2,1167598.0,
2018-09-04,1018.2,1038.85,983.7,991.15,1172403.0,
2018-09-05,995.0,1004.4,964.05,990.65,698687.0,
2018-09-06,990.0,1028.35,985.1,1017.1,1120457.0,
2018-09-07,1025.0,1025.4,1002.75,1012.15,512582.0,
2018-09-10,1013.45,1018.0,990.0,996.35,397345.0,
2018-09-11,1002.4,1007.0,973.05,981.9,373615.0,
2018-09-12,981.7,988.6,962.1,973.4,615112.0,
2018-09-14,980.6,993.95,976.2,988.2,483626.0,
2018-09-17,985.1,1011.35,975.0,1000.85,553602.0,
2018-09-18,1004.75,1010.6,980.0,981.0,350537.0,
2018-09-19,987.0,991.95,971.4,976.1,515277.0,
2018-09-21,992.0,992.0,829.7,944.7,1092393.0,
2018-09-24,948.0,951.15,884.0,896.2,554781.0,
2018-09-25,890.2,902.45,869.8,891.55,488007.0,
2018-09-26,901.5,915.75,887.2,905.8,349280.0,
2018-09-27,904.9,910.7,864.05,872.4,1097122.0,
2018-09-28,874.0,883.0,803.25,820.85,1143093.0,
2018-10-01,812.0,870.5,800.55,866.6,781639.0,
2018-10-03,860.0,888.95,849.55,861.55,551730.0,
2018-10-04,851.9,856.45,823.0,841.3,661918.0,
2018-10-05,841.0,852.6,818.65,825.65,452016.0,
2018-10-08,827.0,836.25,802.0,827.05,901355.0,
2018-10-09,829.1,847.8,813.65,836.0,433418.0,
2018-10-10,836.0,893.45,835.95,886.1,616545.0,
2018-10-11,855.0,871.2,831.3,847.65,426131.0,
2018-10-12,856.9,920.8,856.9,900.95,873946.0,
2018-10-15,946.0,948.35,891.3,904.55,2451591.0,
2018-10-16,905.0,935.0,902.0,930.8,1045952.0,
2018-10-17,933.0,941.55,884.35,894.5,1156487.0,
2018-10-19,894.95,914.6,889.0,907.65,653905.0,
2018-10-22,909.0,914.65,883.0,887.65,383698.0,
2018-10-23,879.0,897.6,847.35,867.8,587303.0,
2018-10-24,882.0,888.65,860.5,870.4,737967.0,
2018-10-25,860.05,876.5,825.35,834.3,2649100.0,
2018-10-26,841.3,874.0,831.4,848.15,939904.0,
2018-10-29,853.45,894.9,831.1,864.0,4430554.0,
2018-10-30,673.0,718.5,642.0,713.65,3662675.0,
2018-10-31,717.0,740.0,687.3,694.95,1460373.0,
2018-11-01,692.5,705.9,686.05,689.65,877880.0,
2018-11-02,693.95,697.95,681.5,690.15,1737209.0,
2018-11-05,691.65,695.0,668.5,678.85,448615.0,
2018-11-06,684.9,702.05,679.25,681.95,494930.0,
2018-11-07,684.9,693.0,680.1,684.45,110940.0,
2018-11-09,684.0,696.0,681.4,686.4,316468.0,
2018-11-12,689.95,694.0,680.1,684.8,355120.0,
2018-11-13,688.0,701.45,682.1,698.3,425926.0,
2018-11-14,703.9,704.8,671.25,681.9,1010843.0,
2018-11-15,687.0,692.3,679.25,683.5,336096.0,
2018-11-16,683.9,689.5,680.2,687.05,684190.0,
2018-11-19,687.95,691.75,680.35,686.2,292607.0,
2018-11-20,684.0,693.0,680.25,682.65,261928.0,
2018-11-21,684.0,696.0,679.5,690.25,446951.0,
2018-11-22,692.85,696.8,684.1,687.45,234667.0,
2018-11-26,691.5,694.0,670.7,675.3,596424.0,
2018-11-27,672.0,693.5,672.0,690.3,520639.0,
2018-11-28,690.3,700.9,689.5,695.5,541261.0,
2018-11-29,698.2,702.0,682.8,693.9,534049.0,
2018-11-30,694.0,702.0,682.1,699.5,596273.0,
2018-12-03,699.9,718.95,692.1,698.05,1057635.0,
2018-12-04,698.0,713.0,698.0,710.5,471426.0,
2018-12-05,709.0,715.95,694.85,704.2,619527.0,
2018-12-06,697.85,705.95,681.65,697.85,456398.0,
2018-12-07,698.7,705.8,686.0,697.4,298546.0,
2018-12-10,688.25,693.9,682.7,686.25,185722.0,
2018-12-11,680.0,694.0,677.25,683.2,400948.0,
2018-12-12,688.0,698.2,687.0,690.15,195073.0,
2018-12-13,692.7,711.35,692.65,701.3,296494.0,
2018-12-14,701.3,711.0,693.0,698.85,430772.0,
2018-12-17,698.0,707.15,693.15,697.2,406375.0,
2018-12-18,695.0,703.5,684.2,687.6,425607.0,
2018-12-19,690.1,702.7,688.9,697.95,564118.0,
2018-12-20,696.9,726.0,695.0,717.2,973262.0,
2018-12-21,724.0,732.8,681.3,689.35,1441943.0,
2018-12-24,693.5,693.5,665.5,670.5,642468.0,
2018-12-26,670.5,673.0,651.1,667.15,651682.0,
2018-12-27,673.0,676.5,665.2,671.45,516840.0,
2018-12-28,672.5,686.25,672.25,674.75,489314.0,
2018-12-31,678.5,680.95,666.25,668.35,540330.0,
2019-01-01,668.45,677.75,666.0,671.3,263788.0,
2019-01-02,670.85,674.15,663.5,666.85,401406.0,
2019-01-03,668.0,670.5,651.0,653.7,294764.0,
2019-01-04,655.85,662.0,647.05,656.45,426772.0,
2019-01-07,661.05,665.95,651.35,653.7,340481.0,
2019-01-08,653.1,659.3,650.6,654.25,217280.0,
2019-01-09,656.05,666.0,650.45,653.95,512771.0,
2019-01-10,656.0,660.75,652.15,658.4,306740.0,
2019-01-11,660.0,685.0,658.55,682.05,1138245.0,
2019-01-14,682.55,693.0,676.4,683.25,1254254.0,
2019-01-15,681.5,691.9,673.3,688.75,438309.0,
2019-01-16,688.0,706.9,688.0,703.95,809976.0,
2019-01-17,704.75,706.4,679.85,686.15,710514.0,
2019-01-18,686.15,694.75,682.1,689.0,375606.0,
2019-01-21,689.0,691.95,681.65,683.1,136167.0,
2019-01-22,683.4,685.8,666.0,682.2,254723.0,
2019-01-23,680.05,691.0,677.55,679.1,242466.0,
2019-01-24,682.0,688.45,675.2,685.45,465373.0,
2019-01-25,685.0,693.75,681.4,688.3,736784.0,
2019-01-28,685.0,685.0,658.15,677.2,357765.0,
2019-01-29,674.9,689.95,671.0,679.5,345796.0,
2019-01-30,682.5,692.0,677.8,689.0,169132.0,
2019-01-31,691.65,698.8,685.15,693.9,437065.0,
2019-02-01,696.05,701.0,684.05,694.9,203538.0,
2019-02-04,694.5,694.8,675.15,681.7,187889.0,
2019-02-05,682.0,701.0,669.7,692.25,1852533.0,
2019-02-06,690.0,733.05,685.85,729.2,1007682.0,
2019-02-07,731.0,734.9,714.35,722.0,725265.0,
2019-02-08,718.0,731.0,691.0,695.95,582609.0,
2019-02-11,690.0,695.0,672.2,676.0,322622.0,
2019-02-12,676.1,691.0,674.9,686.75,333342.0,
2019-02-13,687.0,696.4,677.7,692.6,321008.0,
2019-02-14,678.0,682.35,672.5,679.7,411350.0,
2019-02-15,679.6,682.05,662.25,678.65,618387.0,
2019-02-18,678.4,682.2,660.0,662.05,159891.0,
2019-02-19,662.2,669.3,655.35,657.85,203877.0,
2019-02-20,658.95,676.8,658.95,672.8,182213.0,
2019-02-21,673.1,686.0,664.95,667.35,380336.0,
2019-02-22,669.85,675.0,666.05,673.6,180793.0,
2019-02-25,677.9,678.3,666.65,675.45,234902.0,
2019-02-26,670.0,673.7,660.0,668.5,156972.0,
2019-02-27,672.0,685.0,661.0,668.35,334952.0,
2019-02-28,672.0,675.0,662.9,672.95,230688.0,
2019-03-01,673.2,691.6,673.2,685.6,316593.0,
2019-03-05,686.0,713.55,686.0,704.95,426187.0,
2019-03-06,704.7,719.8,703.5,711.55,256114.0,
2019-03-07,712.1,717.1,693.9,696.0,412253.0,
2019-03-08,695.0,704.7,682.3,688.25,435450.0,
2019-03-11,688.0,724.1,688.0,721.4,443564.0,
2019-03-12,724.95,743.4,724.95,729.7,670743.0,
2019-03-13,730.0,735.7,726.05,731.0,215399.0,
2019-03-14,735.3,741.0,719.15,726.7,289899.0,
2019-03-15,727.8,738.0,719.0,722.25,271205.0,
2019-03-18,723.2,739.0,723.2,733.7,188567.0,
2019-03-19,734.6,750.1,732.2,738.4,518865.0,
2019-03-20,739.8,744.0,720.1,722.55,200500.0,
2019-03-22,723.0,723.5,706.4,710.4,241423.0,
2019-03-25,710.4,711.8,693.4,699.7,294247.0,
2019-03-26,702.9,711.0,701.6,707.85,215639.0,
2019-03-27,707.85,724.85,702.5,715.55,302330.0,
2019-03-28,716.9,724.95,714.35,719.7,264265.0,
2019-03-29,724.0,741.6,708.0,730.65,485112.0,
2019-04-01,731.6,740.0,722.95,725.1,199426.0,
2019-04-02,725.0,732.6,723.0,726.5,199914.0,
2019-04-03,727.0,733.55,704.0,706.75,162284.0,
2019-04-04,702.6,729.9,700.4,726.95,564223.0,
2019-04-05,731.45,741.3,725.0,732.0,551122.0,
2019-04-08,732.7,740.5,730.55,733.0,198882.0,
2019-04-09,732.9,743.05,725.3,729.35,428387.0,
2019-04-10,729.9,735.1,715.0,724.2,470215.0,
2019-04-11,721.0,727.05,711.0,715.65,345976.0,
2019-04-12,715.65,729.05,715.0,726.55,98918.0,
2019-04-15,732.75,749.9,724.55,746.65,346628.0,
2019-04-16,752.0,755.0,740.45,744.15,385896.0,
2019-04-18,743.1,744.95,725.75,730.4,245183.0,
2019-04-22,727.5,728.95,695.1,698.05,298543.0,
2019-04-23,703.4,705.9,686.55,689.2,373662.0,
2019-04-24,689.2,702.0,668.35,687.85,892738.0,
2019-04-25,690.0,705.25,685.1,688.6,448447.0,
2019-04-26,682.0,700.8,682.0,691.9,293326.0,
2019-04-30,695.0,701.9,691.45,701.25,474490.0,
2019-05-02,701.0,706.6,690.25,693.25,365616.0,
2019-05-03,693.25,700.4,684.55,694.95,153909.0,
2019-05-06,691.5,697.6,680.1,695.6,202132.0,
2019-05-07,695.0,700.9,682.2,683.55,151254.0,
2019-05-08,686.9,686.9,669.0,670.2,254357.0,
2019-05-09,670.2,672.2,661.1,667.85,203595.0,
2019-05-10,667.8,678.9,667.8,674.8,152857.0,
2019-05-13,672.0,677.45,651.25,654.35,247142.0,
2019-05-14,649.1,665.85,642.6,661.9,260575.0,
2019-05-15,664.9,669.9,650.0,651.8,161338.0,
2019-05-16,653.0,678.1,643.85,674.9,395951.0,
2019-05-17,675.4,679.65,647.2,663.05,819891.0,
2019-05-20,682.0,731.0,676.0,726.45,745565.0,
2019-05-21,726.45,730.35,714.25,717.2,271451.0,
2019-05-22,718.0,725.85,711.05,720.25,181732.0,
2019-05-23,733.7,741.45,697.0,726.55,321531.0,
2019-05-24,724.35,745.0,724.35,743.25,610202.0,
2019-05-27,736.0,757.9,736.0,748.15,382391.0,
2019-05-28,748.35,752.85,722.0,726.35,418167.0,
2019-05-29,730.4,734.4,723.0,728.15,180371.0,
2019-05-30,729.25,750.0,723.1,744.95,335059.0,
2019-05-31,748.0,755.8,739.0,744.85,373393.0,
2019-06-03,747.0,777.8,739.25,769.4,1257026.0,
2019-06-04,771.0,786.5,771.0,777.95,906040.0,
2019-06-06,780.0,784.65,750.7,761.75,540864.0,
2019-06-07,768.2,779.0,758.7,769.5,596374.0,
2019-06-10,774.25,779.0,761.1,765.5,298744.0,
2019-06-11,769.95,774.7,759.9,772.85,105920.0,
2019-06-12,768.2,771.6,755.7,759.45,143595.0,
2019-06-13,757.05,763.75,751.8,758.45,167877.0,
2019-06-14,758.5,771.9,753.9,762.05,339790.0,
2019-06-17,762.05,765.0,751.8,761.05,153530.0,
2019-06-18,759.5,768.7,751.95,757.25,206358.0,
2019-06-19,757.25,775.0,751.55,755.15,921794.0,
2019-06-20,757.0,770.1,755.05,761.85,547899.0,
2019-06-21,756.05,769.3,756.05,761.45,498756.0,
2019-06-24,759.9,760.95,754.6,758.05,184730.0,
2019-06-25,753.0,790.6,753.0,787.9,934058.0,
2019-06-26,792.4,797.25,778.45,784.35,1153751.0,
2019-06-27,785.45,786.6,776.8,782.35,546074.0,
2019-06-28,782.35,790.95,781.3,784.3,268332.0,
2019-07-01,790.0,798.35,779.0,784.85,350441.0,
2019-07-02,792.0,812.6,780.65,788.3,1158575.0,
2019-07-03,790.0,793.45,783.5,791.35,272845.0,
2019-07-04,793.0,794.4,778.35,780.3,164936.0,
2019-07-05,784.35,785.0,764.1,768.0,270817.0,
2019-07-08,767.4,775.3,760.1,768.55,291484.0,
2019-07-09,768.55,788.95,765.75,785.4,593525.0,
2019-07-10,789.85,794.0,770.0,774.5,673637.0,
2019-07-11,775.0,788.45,775.0,785.7,391157.0,
2019-07-12,785.3,794.4,777.45,780.5,510564.0,
2019-07-15,784.4,786.0,770.85,784.55,173499.0,
2019-07-16,785.5,785.95,769.5,771.55,237820.0,
2019-07-17,775.0,788.8,773.3,783.7,221401.0,
2019-07-18,780.3,786.2,775.4,777.3,176240.0,
2019-07-19,782.0,783.9,752.55,762.35,183491.0,
2019-07-22,754.75,768.4,742.25,756.8,179133.0,
2019-07-23,757.0,757.85,737.6,749.4,281840.0,
2019-07-24,750.0,763.9,746.95,752.7,313596.0,
2019-07-25,757.4,763.5,753.05,760.25,161568.0,
2019-07-26,761.0,767.05,746.2,752.7,198039.0,
2019-07-29,750.2,754.95,731.35,734.8,149293.0,
2019-07-30,734.6,744.8,719.6,723.3,216648.0,
2019-07-31,718.5,747.05,714.7,744.1,225624.0,
2019-08-01,743.0,751.7,729.0,748.85,273811.0,
2019-08-02,743.15,756.2,724.2,750.85,192355.0,
2019-08-05,745.6,753.4,720.25,742.45,389427.0,
2019-08-06,738.2,761.0,738.2,753.0,205580.0,
2019-08-07,756.5,763.2,742.15,743.85,179724.0,
2019-08-08,746.0,758.9,742.75,753.95,345993.0,
2019-08-09,758.1,776.95,753.2,754.65,270587.0,
2019-08-13,755.0,770.65,737.05,740.6,221579.0,
2019-08-14,740.0,772.0,740.0,763.85,498841.0,
2019-08-16,758.3,811.95,755.9,788.95,1277371.0,
2019-08-19,793.85,817.15,791.05,798.2,1135957.0,
2019-08-20,800.0,801.95,764.45,778.25,598240.0,
2019-08-21,770.6,784.8,768.3,772.95,370022.0,
2019-08-22,766.0,778.0,750.3,755.6,398894.0,
2019-08-23,752.1,763.15,750.2,756.65,319398.0,24.1
2019-09-30,785.45,786.6,776.8,782.35,546074.0,33.07
2019-10-01,746.1,754.8,725.85,733.75,403484.0,35.06
2019-10-02,746.1,754.8,725.85,733.75,403484.0,35.06
2019-10-03,725.0,752.85,724.6,749.0,328408.0,56.12
2019-10-04,755.0,760.6,729.0,731.65,456441.0,23.72
2019-10-07,732.25,742.0,724.9,731.0,230056.0,34.53
2019-10-08,732.25,742.0,724.9,731.0,230056.0,34.53
2019-10-09,734.65,762.15,729.0,757.25,465310.0,32.55
2019-10-10,757.0,761.85,744.2,756.1,442587.0,24.62
2019-10-11,757.9,774.4,747.1,756.55,835889.0,28.79
2019-10-14,757.45,778.5,757.15,769.5,365653.0,36.21
2019-10-15,770.0,784.9,769.0,782.45,548331.0,37.76
2019-10-16,783.0,788.95,775.1,782.3,303690.0,40.66
2019-10-17,782.6,792.1,776.55,790.25,278873.0,30.47
2019-10-18,789.95,816.0,788.0,812.65,662249.0,47.96
2019-10-21,789.95,816.0,788.0,812.65,662249.0,47.96
2019-10-22,813.95,820.0,798.7,804.6,540980.0,60.48
2019-10-23,803.0,808.4,793.75,797.55,141367.0,24.99
2019-10-24,801.8,811.0,790.1,805.9,235642.0,48.51
2019-10-25,809.0,815.0,795.0,796.55,275544.0,25.1
2019-10-28,796.6,804.4,791.15,795.5,34362.0,18.62
2019-10-29,797.0,821.0,792.0,810.75,239006.0,27.12
2019-10-30,819.75,819.75,805.5,809.8,171937.0,41.75
2019-10-31,811.0,815.65,796.0,798.3,290060.0,48.01
2019-11-01,801.95,811.35,798.0,800.25,179150.0,38.93
2019-11-04,802.95,834.65,800.45,825.7,718321.0,30.31
2019-11-05,832.0,846.0,798.0,803.3,1357799.0,13.93
2019-11-06,806.0,806.95,773.55,779.8,450993.0,33.12
2019-11-07,779.4,786.85,770.4,776.65,231951.0,15.93
2019-11-08,779.0,779.5,764.1,766.7,224536.0,17.58
2019-11-11,766.0,771.6,758.8,768.35,150596.0,14.8
2019-11-12,766.0,771.6,758.8,768.35,150596.0,14.8
2019-11-13,766.95,776.65,750.0,752.4,313503.0,47.37
2019-11-14,752.5,768.8,744.85,759.15,442896.0,28.51
2019-11-15,759.0,769.9,748.0,755.75,345704.0,30.24
2019-11-18,758.0,766.5,747.95,761.55,269793.0,25.56
2019-11-19,763.05,772.8,742.0,753.4,512061.0,25.39
2019-11-20,753.0,763.0,747.7,749.7,272348.0,29.54
2019-11-21,753.4,753.4,737.0,739.25,231683.0,33.17
2019-11-22,739.0,747.6,730.35,745.85,319349.0,30.44
2019-11-25,749.6,755.0,740.55,747.95,340008.0,24.34
2019-11-26,749.5,754.7,729.55,731.8,296310.0,43.29
2019-11-27,734.2,747.95,734.2,746.95,238266.0,37.04
2019-11-28,747.8,755.0,736.6,749.4,292257.0,39.14
2019-11-29,749.95,763.6,747.5,751.1,401188.0,19.81
2019-12-02,755.75,769.7,741.0,745.55,511022.0,19.61
2019-12-03,745.2,749.55,731.0,732.95,218827.0,38.06
2019-12-04,734.0,741.0,726.5,738.35,403934.0,33.19
2019-12-05,741.0,743.95,732.6,739.4,236181.0,35.59
2019-12-06,739.85,739.9,720.0,725.0,224394.0,26.72
2019-12-09,725.0,736.6,710.0,730.75,621862.0,17.98
2019-12-10,733.0,734.3,716.85,718.75,133116.0,38.06
2019-12-11,719.85,724.9,714.1,721.85,186316.0,35.3
2019-12-12,722.0,730.35,721.0,726.6,167933.0,35.02
2019-12-13,726.0,738.8,726.0,734.0,151157.0,17.53
2019-12-16,737.4,738.75,725.1,729.4,202000.0,34.7
2019-12-17,729.1,746.2,727.1,743.3,217396.0,19.15
2019-12-18,743.7,748.0,733.35,737.05,194321.0,19.31
2019-12-19,737.05,742.3,730.6,738.15,121272.0,13.95
2019-12-20,738.0,746.5,735.1,741.9,161949.0,39.13
2019-12-23,748.0,748.0,738.0,740.3,171499.0,19.12
2019-12-24,742.3,745.0,737.8,742.25,141861.0,36.29
2019-12-25,742.3,745.0,737.8,742.25,141861.0,36.29
2019-12-26,741.6,747.25,728.05,731.15,214217.0,15.82
2019-12-27,732.85,749.65,732.85,747.95,245707.0,22.16
2019-12-30,750.0,755.7,742.0,747.4,189499.0,20.45
2019-12-31,745.0,748.05,735.05,736.8,259700.0,41.48
2020-01-01,741.1,749.45,738.1,746.8,240137.0,35.93
2020-01-02,750.0,760.3,746.4,754.95,755454.0,14.13
2020-01-03,753.0,755.25,738.85,742.15,201435.0,13.34
2020-01-06,740.0,740.85,721.5,728.35,245158.0,20.88
2020-01-07,734.95,739.45,722.1,726.5,298520.0,9.42
2020-01-08,711.95,730.15,709.95,720.85,195412.0,16.88
2020-01-09,724.8,746.8,724.8,738.2,323206.0,32.76
2020-01-10,738.0,750.0,735.0,738.15,223909.0,29.03
2020-01-13,742.75,746.5,731.85,739.1,340689.0,12.91
2020-01-14,739.1,742.8,731.4,736.55,367558.0,24.02
2020-01-15,734.6,751.8,731.6,750.25,305643.0,29.9
2020-01-16,754.0,754.85,740.55,746.35,146039.0,27.83
2020-01-17,747.0,780.0,746.55,770.5,708821.0,22.77
2020-01-20,775.25,783.55,756.9,759.75,543433.0,11.24
2020-01-21,757.0,766.5,743.15,747.05,455047.0,12.68
2020-01-22,749.0,751.5,741.1,748.35,194067.0,30.27
2020-01-23,750.9,758.8,737.45,739.55,411175.0,46.77
2020-01-24,739.0,758.0,738.35,753.25,253582.0,31.7
2020-01-27,749.0,766.7,744.0,746.6,308032.0,31.36
2020-01-28,748.2,750.3,730.3,733.35,315167.0,25.56
2020-01-29,737.0,746.4,734.8,740.2,206846.0,34.96
2020-01-30,742.0,743.7,717.55,719.15,283423.0,34.35
2020-01-31,719.0,723.75,706.35,710.25,339974.0,20.14
2020-02-03,692.1,704.0,681.85,695.75,225738.0,24.91
2020-02-04,697.5,715.8,696.0,712.85,257882.0,34.16
2020-02-05,716.4,728.15,712.8,723.65,232435.0,32.01
2020-02-06,723.95,730.0,718.45,721.8,114664.0,27.62
2020-02-07,721.8,733.2,721.8,730.9,183755.0,32.71
2020-02-10,725.0,729.85,716.4,720.75,134411.0,17.37
2020-02-11,722.0,735.3,721.5,728.05,237947.0,19.91
2020-02-12,731.0,746.0,707.15,718.1,813169.0,12.23
2020-02-13,718.1,747.9,718.1,726.85,820562.0,30.35
2020-02-14,726.0,732.7,710.05,713.35,232145.0,22.53
2020-02-17,717.75,717.75,698.5,701.75,249386.0,33.61
2020-02-18,682.9,691.5,673.1,685.55,362902.0,14.1
2020-02-19,688.75,695.45,678.1,689.9,204291.0,29.45
2020-02-20,689.9,699.8,681.55,697.8,223880.0,27.28
2020-02-21,689.9,699.8,681.55,697.8,223880.0,27.28
2020-02-24,692.0,694.0,676.35,678.6,262936.0,26.72
2020-02-25,681.9,687.1,673.1,684.05,279661.0,44.36
2020-02-26,678.1,685.35,666.6,669.1,130020.0,17.89
2020-02-27,669.0,669.0,642.1,664.15,460889.0,32.54
2020-02-28,644.55,658.0,631.55,646.95,559323.0,40.48
2020-03-02,650.0,658.35,632.85,641.55,527911.0,39.15
2020-03-03,644.7,651.05,625.35,631.4,689555.0,39.82
2020-03-04,632.0,633.35,607.3,610.3,642730.0,44.64
2020-03-05,617.0,629.95,608.0,619.25,432626.0,23.56
2020-03-06,605.95,609.9,587.65,592.65,761408.0,44.63
2020-03-09,578.4,609.0,578.35,594.0,1005144.0,27.08
2020-03-10,578.4,609.0,578.35,594.0,1005144.0,27.08
2020-03-11,590.0,596.0,563.0,566.15,748995.0,29.31
2020-03-12,550.0,550.0,504.25,506.85,407852.0,22.39
2020-03-13,457.0,529.95,432.0,525.1,637364.0,27.04
2020-03-16,498.8,513.1,474.75,482.85,450156.0,30.03
2020-03-17,499.0,507.15,470.15,481.6,453071.0,19.15
2020-03-18,515.0,515.0,476.15,487.3,536259.0,30.23
2020-03-19,470.6,483.5,447.6,465.4,343663.0,22.3
2020-03-20,465.4,484.6,455.5,472.2,269734.0,18.29
2020-03-23,432.0,453.25,377.8,414.8,233382.0,40.0
2020-03-24,419.9,436.9,401.25,404.2,370558.0,41.29
2020-03-25,400.0,406.2,374.2,378.15,581251.0,39.54
2020-03-26,380.0,399.0,371.0,393.4,512436.0,30.19
2020-03-27,396.0,418.3,383.0,389.4,389664.0,27.8
2020-03-30,380.0,387.95,365.25,380.15,466451.0,42.6
2020-03-31,390.0,414.65,381.15,408.55,452748.0,35.16
2020-04-01,412.55,415.0,386.9,393.15,365626.0,23.75
2020-04-02,412.55,415.0,386.9,393.15,365626.0,23.75
2020-04-03,393.0,429.8,386.25,425.55,929535.0,38.85
2020-04-06,393.0,429.8,386.25,425.55,929535.0,38.85
2020-04-07,434.95,483.4,432.5,448.9,889061.0,34.86
2020-04-08,445.0,475.0,440.0,451.4,406921.0,31.11
2020-04-09,459.9,473.5,453.0,468.35,279793.0,28.49
2020-04-10,459.9,473.5,453.0,468.35,279793.0,28.49
2020-04-13,469.8,508.6,461.05,502.7,1480403.0,22.32
2020-04-15,507.0,528.8,499.7,503.95,976738.0,21.74
2020-04-16,503.95,524.5,503.0,521.4,568136.0,17.14
2020-04-17,527.2,597.95,527.2,588.65,1933236.0,8.4
2020-04-20,598.0,610.8,570.1,597.85,2361623.0,6.83
2020-04-21,591.5,612.0,573.65,607.45,1933614.0,12.23
2020-04-22,610.0,613.95,585.25,605.0,930487.0,14.75
2020-04-23,608.05,616.7,591.85,611.75,1026003.0,13.32
2020-04-24,603.0,609.5,590.95,596.75,515325.0,13.72
2020-04-27,597.1,603.75,579.0,585.0,799914.0,8.78
2020-04-28,590.0,612.0,576.05,606.9,830243.0,18.32
2020-04-29,612.0,630.0,610.0,622.45,2279622.0,42.1
2020-04-30,640.0,668.3,625.15,656.0,1303694.0,27.49
2020-05-01,640.0,668.3,625.15,656.0,1303694.0,27.49
2020-05-04,620.0,644.95,592.45,629.8,1300860.0,8.23
2020-05-05,631.3,659.65,631.0,654.1,686236.0,14.57
2020-05-06,658.0,664.0,635.05,648.45,1084658.0,14.39
2020-05-07,641.05,664.5,629.05,635.85,838682.0,19.06
2020-05-08,646.1,651.5,614.85,618.9,781659.0,14.55
2020-05-11,622.1,635.0,604.05,606.8,544058.0,24.11
2020-05-12,601.0,603.95,584.55,598.65,932557.0,25.86
2020-05-13,624.9,624.9,591.0,594.4,483641.0,21.76
2020-05-14,594.7,616.15,588.2,591.8,700826.0,9.46
2020-05-15,598.9,598.9,570.5,580.1,1315789.0,6.18
2020-05-18,581.0,581.0,559.15,567.05,853306.0,5.32
2020-05-19,574.9,588.35,568.4,581.35,709559.0,24.18
2020-05-20,581.1,590.0,573.65,577.85,351266.0,9.99
2020-05-21,575.0,585.05,565.75,568.1,380012.0,11.94
2020-05-22,569.5,576.7,547.0,550.0,745432.0,18.13
2020-05-25,569.5,576.7,547.0,550.0,745432.0,18.13
2020-05-26,553.95,557.0,533.6,552.2,948228.0,17.19
2020-05-27,560.0,571.7,557.0,561.6,1008835.0,9.64
2020-05-28,564.0,577.0,556.35,573.15,755103.0,36.91
2020-05-29,572.5,581.3,542.45,552.35,582729.0,35.16
2020-06-01,564.45,634.2,560.55,612.6,1058181.0,20.46
2020-06-02,606.0,624.35,600.65,615.2,453831.0,23.92
2020-06-03,620.0,628.8,603.6,615.45,311736.0,31.06
2020-06-04,612.0,624.55,601.0,608.4,175532.0,16.41
2020-06-05,614.4,620.9,603.0,618.55,270930.0,46.33
2020-06-08,624.9,652.0,617.45,649.2,739988.0,18.57
2020-06-09,657.0,668.0,616.0,623.65,792048.0,16.53
2020-06-10,626.0,640.0,621.1,626.7,305487.0,23.72
2020-06-11,626.7,632.2,616.0,618.75,114131.0,25.81
2020-06-12,605.0,642.0,591.1,637.25,392379.0,23.9
2020-06-15,633.2,633.2,610.0,614.9,205003.0,15.38
2020-06-16,628.0,629.85,602.0,607.05,312733.0,26.37
2020-06-17,608.0,614.9,600.1,603.55,155406.0,37.13
2020-06-18,603.0,614.0,601.45,603.5,140666.0,43.09
2020-06-19,607.0,610.05,594.1,600.95,502990.0,36.4
2020-06-22,605.0,605.0,593.0,597.65,330519.0,16.25
2020-06-23,598.0,614.7,596.35,609.55,334324.0,32.15
2020-06-24,612.9,629.0,602.7,606.55,516728.0,20.74
2020-06-25,602.0,618.0,601.55,613.2,254585.0,17.66
2020-06-26,614.0,622.0,605.15,607.1,117861.0,25.16
2020-06-29,613.0,626.9,598.6,611.55,761126.0,8.79
2020-06-30,619.5,628.0,613.65,622.0,487576.0,29.42
2020-07-01,622.05,645.0,620.5,641.65,584410.0,25.8
2020-07-02,640.5,650.95,631.0,636.1,324859.0,10.01
2020-07-03,636.1,640.85,625.3,629.2,126529.0,20.53
2020-07-06,630.0,639.0,625.1,633.2,139466.0,14.53
2020-07-07,630.35,638.95,621.5,636.3,185752.0,34.07
2020-07-08,636.0,675.75,628.0,668.05,1102344.0,20.86
2020-07-09,670.75,679.0,642.5,653.1,860014.0,11.29
2020-07-10,654.4,655.5,623.5,633.8,267352.0,20.76
2020-07-13,635.0,662.0,628.15,655.15,396070.0,20.27
2020-07-14,652.0,654.5,627.0,631.05,263714.0,44.43
2020-07-15,637.0,646.0,623.0,625.75,243636.0,29.71
2020-07-16,627.75,634.75,606.0,610.0,226767.0,36.68
2020-07-17,618.0,619.25,608.05,610.3,185669.0,37.55
2020-07-20,614.5,617.0,601.5,602.75,211691.0,43.73
2020-07-21,607.0,609.6,585.9,590.05,413276.0,45.81
2020-07-22,588.1,593.9,571.85,573.95,539675.0,44.43
2020-07-23,576.9,588.8,573.3,583.6,448230.0,40.86
2020-07-24,583.6,587.5,570.05,576.2,334229.0,33.46
2020-07-27,578.0,584.0,561.2,565.0,120831.0,41.24
2020-07-28,568.9,585.9,557.6,576.65,310260.0,22.05
2020-07-29,579.9,579.9,560.0,563.25,350886.0,47.32
2020-07-30,566.25,571.0,555.0,557.15,307199.0,41.4
2020-07-31,560.0,561.9,547.35,549.55,321154.0,58.8
2020-08-03,553.05,553.05,538.65,549.25,388796.0,51.77
2020-08-04,550.0,560.65,546.85,556.45,279658.0,34.83
2020-08-05,556.5,573.85,556.5,568.5,508666.0,35.79
2020-08-06,571.9,580.25,563.3,569.45,386915.0,27.71
2020-08-07,570.7,584.0,567.05,580.85,275837.0,29.8
2020-08-10,581.5,585.1,567.0,569.25,268240.0,64.97
2020-08-11,572.45,583.0,560.5,576.65,378914.0,19.51
2020-08-12,575.0,582.7,565.0,578.55,333565.0,41.88
2020-08-13,582.0,605.0,576.0,596.85,564301.0,29.34
2020-08-14,602.2,602.2,581.2,595.35,293593.0,25.35
2020-08-17,602.35,602.35,587.95,595.35,118651.0,29.96
2020-08-18,595.15,595.15,585.0,588.7,120633.0,25.18
2020-08-19,588.7,610.0,588.05,605.95,382400.0,38.31
2020-08-20,606.5,641.1,606.0,633.75,1742526.0,18.41
2020-08-21,638.0,649.0,633.0,636.55,640566.0,23.01
2020-08-24,639.35,639.5,620.0,621.55,248317.0,30.9
2020-08-25,630.8,656.0,622.05,648.95,787969.0,21.17
2020-08-26,648.95,663.9,633.3,639.7,428822.0,17.02
2020-08-27,642.7,643.9,631.35,636.15,155367.0,23.35
2020-08-28,638.55,653.85,621.55,626.05,358227.0,24.31
2020-08-31,630.95,635.75,592.0,600.45,299739.0,35.93
2020-09-01,600.45,620.0,596.25,613.55,191658.0,20.9
2020-09-02,609.0,618.75,600.0,615.75,148441.0,28.05
2020-09-03,610.8,626.5,607.0,610.35,125507.0,16.85
2020-09-04,599.9,616.4,598.95,609.1,114853.0,15.26
2020-09-07,609.1,610.95,600.95,608.35,59316.0,23.8
2020-09-08,609.75,625.0,605.4,615.85,474951.0,15.49
2020-09-09,615.7,625.0,605.2,613.4,315698.0,22.81
2020-09-10,619.5,635.0,619.5,630.0,419062.0,12.14
2020-09-11,630.0,644.35,613.35,626.45,394843.0,15.28
2020-09-14,630.8,656.0,630.5,652.7,500400.0,35.82
2020-09-15,658.9,686.9,653.3,668.75,914788.0,17.51
2020-09-16,683.5,688.0,669.05,673.95,513478.0,18.21
2020-09-17,671.0,676.75,648.25,656.1,246440.0,31.94
2020-09-18,659.45,683.95,655.0,675.65,381721.0,31.99
2020-09-21,680.1,700.0,620.0,647.3,1076172.0,14.26
2020-09-22,652.15,658.0,610.6,645.9,585558.0,19.69
2020-09-23,650.0,657.9,626.85,645.85,237849.0,19.28
2020-09-24,644.65,669.0,616.1,630.3,251753.0,23.81
2020-09-25,642.4,654.85,625.0,633.0,185587.0,19.27
2020-09-28,636.1,639.75,621.7,624.25,284361.0,35.18
2020-09-29,625.25,629.0,611.0,617.75,361776.0,11.54
2020-09-30,612.45,621.5,611.0,614.0,138949.0,14.64
2020-10-01,623.95,624.0,610.0,619.15,118185.0,19.54
2020-10-02,623.95,624.0,610.0,619.15,118185.0,19.54
2020-10-05,622.15,627.0,615.0,621.45,108303.0,25.92
2020-10-06,623.15,627.0,617.0,620.25,88545.0,23.67
2020-10-07,620.0,622.0,605.0,609.1,98332.0,35.91
2020-10-08,612.7,613.4,596.0,600.35,175302.0,38.77
2020-10-09,602.0,614.85,600.8,610.2,103533.0,17.17
2020-10-12,607.0,610.0,590.0,593.4,104619.0,44.4
2020-10-13,598.0,598.0,585.0,588.4,174162.0,31.14
2020-10-14,585.0,588.4,580.25,582.6,124765.0,28.11
2020-10-15,582.8,592.0,572.0,573.4,103900.0,36.87
2020-10-16,572.25,582.0,569.0,577.25,74222.0,32.39
2020-10-19,582.0,594.0,562.0,568.85,220742.0,28.27
2020-10-20,568.9,578.0,568.4,575.15,79452.0,23.81
2020-10-21,577.95,587.25,567.0,570.6,218561.0,23.3
2020-10-22,571.0,585.0,570.0,578.25,233634.0,47.67
2020-10-23,580.0,592.45,579.9,589.35,248884.0,43.72
2020-10-26,591.0,605.0,574.05,576.3,139634.0,29.09
2020-10-27,571.6,586.35,565.55,582.35,213618.0,24.31
2020-10-28,582.35,585.0,566.1,569.3,99458.0,40.97
2020-10-29,571.0,576.3,565.0,569.4,86842.0,18.57
2020-10-30,571.2,586.0,560.1,563.0,171275.0,36.95
2020-11-02,563.1,577.05,555.1,572.25,216919.0,33.27
2020-11-03,574.2,578.85,566.0,568.25,117054.0,22.95
2020-11-04,570.0,577.75,565.15,574.1,100961.0,25.47
2020-11-05,576.55,581.65,572.5,576.0,127530.0,33.42
2020-11-06,577.65,609.8,577.65,602.05,640788.0,32.7
2020-11-09,605.0,606.05,588.3,596.05,235824.0,30.08
2020-11-10,599.0,599.0,581.5,584.45,145019.0,40.94
2020-11-11,587.0,593.0,579.05,584.15,138985.0,29.75
2020-11-12,589.15,592.25,576.2,577.7,206644.0,33.06
2020-11-13,577.7,585.3,572.9,581.35,95678.0,34.61
2020-11-16,581.5,587.95,581.5,586.3,20024.0,49.64
2020-11-17,588.0,588.0,579.15,582.5,153874.0,40.11
2020-11-18,584.0,586.95,580.0,582.05,717707.0,91.64
2020-11-19,581.1,588.65,578.55,580.8,152241.0,45.37
2020-11-20,580.0,583.7,568.25,571.7,222789.0,57.95
2020-11-23,574.8,577.25,571.1,574.4,125145.0,38.6
2020-11-24,574.95,594.0,574.95,591.55,262235.0,44.17
2020-11-25,595.5,600.3,580.1,584.3,349281.0,24.87
2020-11-26,585.9,605.5,576.45,596.9,491230.0,27.73
2020-11-27,592.0,601.85,577.7,581.4,323415.0,47.65
2020-11-30,592.0,601.85,577.7,581.4,323415.0,47.65
2020-12-01,586.5,594.4,578.1,592.1,457758.0,61.87
2020-12-02,595.0,606.0,590.0,603.15,1103797.0,59.7
2020-12-03,620.0,634.6,610.0,628.75,1164747.0,38.73
2020-12-04,633.9,640.0,623.15,629.15,545143.0,37.55
2020-12-07,629.9,632.75,623.0,628.05,454238.0,64.1
2020-12-08,630.0,632.25,615.5,621.2,209919.0,36.84
2020-12-09,622.0,639.95,620.0,630.45,514532.0,44.77
2020-12-10,633.8,633.8,618.2,619.6,189397.0,41.34
2020-12-11,624.4,629.0,620.3,622.7,168640.0,25.99
2020-12-14,624.25,629.9,619.2,627.5,140687.0,36.31
2020-12-15,628.25,629.0,610.0,612.35,278249.0,53.63
2020-12-16,615.5,619.5,613.0,615.2,163140.0,45.47
2020-12-17,617.2,619.5,613.6,615.0,307161.0,75.51
2020-12-18,616.85,617.6,603.0,607.95,120936.0,49.47
2020-12-21,607.0,617.0,570.0,580.5,240283.0,40.46
2020-12-22,583.35,589.0,561.1,575.55,221013.0,48.94
2020-12-23,581.05,598.0,577.05,594.6,219472.0,27.21
2020-12-24,596.7,613.5,596.15,605.4,271506.0,33.32
2020-12-25,596.7,613.5,596.15,605.4,271506.0,33.32
2020-12-28,615.0,624.75,601.15,604.45,714677.0,56.42
2020-12-29,611.65,620.0,603.0,605.2,960688.0,65.84
2020-12-30,610.15,613.15,605.2,609.5,277179.0,41.39
2020-12-31,610.0,616.75,606.0,614.3,231895.0,38.8
2021-01-01,617.0,623.95,615.25,620.65,398747.0,34.67
2021-01-04,624.0,627.6,619.3,625.1,381672.0,58.53
2021-01-05,620.0,632.4,617.8,630.0,416667.0,66.83
2021-01-06,632.0,639.0,620.0,622.55,627152.0,61.56
2021-01-07,627.35,636.0,620.55,622.5,205050.0,68.04
2021-01-08,625.0,628.95,621.0,623.15,309766.0,72.71
2021-01-11,628.95,630.0,622.05,624.7,1180092.0,68.37
2021-01-12,628.4,669.0,628.4,661.7,3397216.0,32.53
2021-01-13,669.9,694.7,651.35,683.9,5371766.0,28.99
2021-01-14,699.8,710.0,688.0,695.3,2226060.0,34.48
2021-01-15,700.05,709.85,686.7,691.75,1363181.0,43.02
2021-01-18,699.0,702.7,670.1,687.45,1037532.0,45.01
2021-01-19,694.0,704.5,689.75,701.45,636594.0,43.18
2021-01-20,709.0,724.5,702.5,720.25,1649604.0,36.55
2021-01-21,725.0,731.0,704.0,708.7,1009370.0,44.14
2021-01-22,664.8,679.8,660.0,662.3,701305.0,34.02
2021-01-25,666.85,673.9,625.1,627.75,526865.0,29.47
2021-01-26,666.85,673.9,625.1,627.75,526865.0,29.47
2021-01-27,633.0,640.6,612.6,615.65,450265.0,22.72
2021-01-28,609.0,631.45,602.45,624.75,291771.0,36.84
2021-01-29,631.0,640.0,609.0,610.5,382655.0,30.63
2021-02-01,615.1,627.0,604.0,623.5,263318.0,31.08
2021-02-02,627.5,635.15,621.25,629.9,237988.0,41.89
2021-02-03,629.9,638.0,624.15,634.75,248724.0,36.86
2021-02-04,636.95,637.0,614.0,615.95,495194.0,47.2
2021-02-05,619.0,623.5,608.0,609.0,324732.0,48.17
2021-02-08,612.0,617.4,604.25,605.75,367938.0,60.17
2021-02-09,608.8,620.65,598.55,607.65,1079026.0,44.0
2021-02-10,603.5,618.8,602.25,617.6,396783.0,31.88
2021-02-11,617.6,633.0,617.6,622.55,1215065.0,14.43
2021-02-12,626.65,626.65,618.0,621.25,192020.0,29.52
2021-02-15,624.75,627.7,619.0,625.05,186881.0,49.74
2021-02-16,627.0,628.2,617.0,618.1,184800.0,52.33
2021-02-17,617.95,622.85,604.0,606.85,619430.0,61.36
2021-02-18,610.0,623.8,608.0,621.3,491209.0,59.03
2021-02-19,621.0,627.45,608.15,611.4,418023.0,56.76
2021-02-22,614.45,614.45,604.0,605.5,193440.0,58.09
2021-02-23,607.85,616.8,590.0,603.45,561163.0,24.85
2021-02-24,606.4,610.45,595.0,599.75,146497.0,46.47
2021-02-25,603.95,617.95,601.45,613.4,380590.0,39.59
2021-02-26,603.0,612.95,602.55,605.7,335169.0,65.84
2021-03-01,606.0,620.3,600.0,616.95,323991.0,42.82
2021-03-02,630.0,630.0,618.7,619.9,1006019.0,63.36
2021-03-03,621.5,632.4,621.35,624.5,910235.0,45.6
2021-03-04,624.0,640.0,620.05,635.7,850428.0,43.15
2021-03-05,640.0,646.0,626.0,631.1,737036.0,35.69
2021-03-08,635.0,641.85,620.3,629.9,233940.0,44.11
2021-03-09,635.0,636.0,627.45,630.5,159844.0,46.84
2021-03-10,633.8,635.5,625.0,628.95,214961.0,46.53
2021-03-11,633.8,635.5,625.0,628.95,214961.0,46.53
2021-03-12,629.05,634.9,622.95,625.9,338296.0,53.21
2021-03-15,628.35,631.95,615.1,620.6,281987.0,52.3
2021-03-16,621.1,623.3,616.05,617.9,163796.0,57.34
2021-03-17,618.0,626.0,610.1,612.15,207306.0,34.64
2021-03-18,615.55,618.7,597.15,602.7,211730.0,42.41
2021-03-19,599.95,612.05,580.1,608.2,219164.0,49.25
2021-03-22,612.2,612.2,595.7,597.75,383117.0,63.92
2021-03-23,598.0,608.75,598.0,605.2,174922.0,46.66
2021-03-24,605.2,611.3,599.9,603.75,149664.0,46.87
2021-03-25,604.9,605.0,590.9,596.35,215610.0,51.12
2021-03-26,601.5,613.7,598.5,604.0,283067.0,31.96
2021-03-29,601.5,613.7,598.5,604.0,283067.0,31.96
2021-03-30,607.0,612.95,591.1,595.8,299563.0,65.56
2021-03-31,595.8,601.6,590.0,593.55,181992.0,54.05
2021-04-01,599.9,610.0,595.0,605.55,149710.0,36.53
2021-04-02,599.9,610.0,595.0,605.55,149710.0,36.53
2021-04-05,603.1,610.0,595.25,600.25,157143.0,51.14
2021-04-06,605.0,605.0,597.0,599.65,119544.0,56.83
2021-04-07,599.65,625.0,598.0,623.65,571715.0,36.82
2021-04-08,625.0,631.65,624.05,628.85,299028.0,50.7
2021-04-09,628.8,628.85,612.0,614.3,215324.0,55.17
2021-04-12,604.0,608.95,588.1,590.15,670794.0,74.39
2021-04-13,595.0,603.5,589.1,590.8,211815.0,49.23
2021-04-14,595.0,603.5,589.1,590.8,211815.0,49.23
2021-04-15,597.0,619.55,588.7,616.85,380051.0,36.05
2021-04-16,616.0,616.0,605.0,610.15,208359.0,39.21
2021-04-19,604.0,604.8,588.0,589.65,206410.0,53.06
2021-04-20,595.0,603.0,581.2,583.45,501571.0,39.58
2021-04-21,595.0,603.0,581.2,583.45,501571.0,39.58
2021-04-22,584.85,589.45,577.15,580.8,211133.0,48.22
2021-04-23,583.5,603.35,583.3,596.95,609856.0,41.42
2021-04-26,602.5,620.0,594.15,616.6,498673.0,37.36
2021-04-27,611.0,632.0,609.0,612.9,722896.0,41.83
2021-04-28,617.8,620.9,608.75,611.25,252363.0,69.28
2021-04-29,625.0,631.2,617.4,623.15,536560.0,40.25
2021-04-30,615.0,622.3,604.15,607.95,346497.0,52.04
2021-05-03,612.0,636.0,612.0,631.45,999335.0,33.8
2021-05-04,636.0,646.9,620.4,623.5,1025464.0,56.93
2021-05-05,627.3,635.7,621.15,633.1,182254.0,46.75
2021-05-06,633.1,635.5,618.05,623.95,399256.0,48.91
2021-05-07,624.95,658.95,619.25,654.5,1147911.0,47.5
2021-05-10,658.0,668.8,641.05,646.15,875718.0,40.32
2021-05-11,646.2,655.45,639.0,650.75,368418.0,32.53
2021-05-12,650.0,682.65,646.0,670.05,1153729.0,33.77
2021-05-13,650.0,682.65,646.0,670.05,1153729.0,33.77
2021-05-14,673.0,679.5,656.65,674.35,554922.0,48.31
2021-05-17,675.8,698.8,675.8,686.1,814841.0,48.24
2021-05-18,689.0,703.0,685.25,690.15,755613.0,34.31
2021-05-19,691.0,705.0,682.05,695.7,557443.0,48.86
2021-05-20,697.0,698.7,679.85,683.6,417592.0,61.54
2021-05-21,684.2,701.95,680.2,689.35,644658.0,37.54
2021-05-24,694.0,708.8,679.0,684.85,1031728.0,39.71
2021-05-25,686.1,690.4,680.15,682.15,400382.0,60.46
2021-05-26,684.4,687.35,675.0,676.65,184990.0,48.58
2021-05-27,678.6,682.3,660.2,670.0,425459.0,59.48
2021-05-28,671.15,680.9,665.05,667.0,230172.0,48.87
2021-05-31,683.3,693.45,677.0,684.7,459993.0,47.91
2021-06-01,689.9,691.15,676.9,680.2,165994.0,43.72
2021-06-02,684.4,691.45,680.6,687.65,294393.0,60.77
2021-06-03,690.9,704.65,684.55,691.3,466683.0,46.12
2021-06-04,695.0,708.75,693.2,699.1,480139.0,38.11
2021-06-07,705.8,759.4,701.5,742.65,2452269.0,29.97
2021-06-08,750.0,783.35,736.6,758.2,2369043.0,30.75
2021-06-09,765.0,800.0,756.6,763.0,2181356.0,32.72
2021-06-10,773.05,786.0,770.0,775.15,772561.0,43.23
2021-06-11,776.0,778.45,763.05,766.5,440867.0,41.06
2021-06-14,769.9,774.6,728.55,767.15,650944.0,38.54
2021-06-15,774.0,789.95,772.0,782.7,1079159.0,46.87
2021-06-16,801.0,801.0,765.0,771.45,1968145.0,45.88
2021-06-17,796.95,820.0,773.8,780.4,4755377.0,27.99
2021-06-18,785.0,789.9,756.1,764.5,1225659.0,46.19
2021-06-21,760.0,773.5,746.4,765.7,645663.0,42.49
2021-06-22,773.2,785.0,771.0,775.8,500296.0,39.58
2021-06-23,778.0,780.95,764.0,765.0,347993.0,51.81
2021-06-24,771.0,773.7,761.7,767.45,239391.0,43.24
2021-06-25,770.0,776.1,763.5,772.95,218006.0,44.06
2021-06-28,772.95,779.45,766.9,770.65,191103.0,44.97
2021-06-29,771.05,786.0,767.75,777.35,489151.0,38.0
2021-06-30,779.35,781.9,766.0,769.9,515802.0,55.3
2021-07-01,770.0,774.3,766.0,770.45,192813.0,47.02
2021-07-02,770.5,771.55,760.1,761.45,297962.0,61.93
2021-07-05,767.9,767.9,750.0,750.75,469461.0,64.52
2021-07-06,752.0,761.0,751.7,757.45,253522.0,47.16
2021-07-07,757.9,759.65,751.0,753.0,174024.0,38.62
2021-07-08,753.9,770.0,753.4,765.0,894031.0,78.28
2021-07-09,765.0,797.0,765.0,794.15,1518106.0,33.15
2021-07-12,800.0,824.6,799.0,808.0,1442330.0,33.69
2021-07-13,813.95,863.0,810.1,850.25,3251992.0,27.07
2021-07-14,855.0,870.9,843.0,853.0,1222254.0,36.7
2021-07-15,858.8,858.85,828.0,830.25,886195.0,63.2
2021-07-16,834.0,846.5,831.0,838.1,346210.0,40.05
2021-07-19,829.25,847.8,826.0,841.55,421774.0,45.27
2021-07-20,840.0,844.9,804.85,817.7,686359.0,61.61
2021-07-21,840.0,844.9,804.85,817.7,686359.0,61.61
2021-07-22,828.0,837.0,817.1,824.75,325433.0,46.12
2021-07-23,825.9,833.6,814.0,818.35,162299.0,47.06
2021-07-26,815.0,847.8,814.05,837.75,379013.0,47.4
2021-07-27,843.0,850.35,825.0,833.2,354658.0,47.45
2021-07-28,835.0,843.8,816.9,827.75,345878.0,40.83
2021-07-29,829.85,849.0,829.05,838.0,939154.0,69.7
2021-07-30,844.6,847.85,834.5,838.8,264644.0,36.87
2021-08-02,840.0,853.0,821.0,823.05,569292.0,48.02
2021-08-03,826.9,831.7,798.05,800.35,476355.0,67.47
2021-08-04,802.0,816.0,786.0,788.35,469231.0,57.36
2021-08-05,795.0,812.0,761.4,770.65,955226.0,56.31
2021-08-06,772.9,787.75,768.2,770.55,697019.0,58.98
2021-08-09,775.0,784.95,760.0,768.55,664757.0,51.41
2021-08-10,770.0,776.2,732.15,739.5,483256.0,56.18
2021-08-11,744.85,761.05,725.1,755.9,845243.0,44.32
2021-08-12,762.3,775.0,748.1,756.35,800748.0,46.42
2021-08-13,760.0,789.0,756.05,781.35,664739.0,49.6
2021-08-16,787.5,787.5,762.4,764.6,272275.0,42.21
2021-08-17,762.0,774.0,754.0,764.8,327436.0,51.61
2021-08-18,771.05,784.0,766.1,782.05,396664.0,45.13
2021-08-19,771.05,784.0,766.1,782.05,396664.0,45.13
2021-08-20,770.0,770.0,741.2,747.8,410182.0,52.08
2021-08-23,750.05,759.95,723.0,731.75,374850.0,50.64
2021-08-24,731.8,771.8,730.05,768.9,395743.0,39.97
2021-08-25,775.85,776.95,757.25,759.6,211180.0,39.42
2021-08-26,760.0,760.6,750.5,757.3,137605.0,45.32
2021-08-27,758.0,764.7,755.55,758.55,160544.0,37.44
2021-08-30,762.0,793.0,762.0,790.15,660932.0,50.82
2021-08-31,797.0,812.75,785.1,803.85,1007718.0,37.16
2021-09-01,807.0,819.0,806.55,812.6,471429.0,55.56
2021-09-02,813.5,824.9,812.85,820.7,382610.0,57.22
2021-09-03,823.0,836.0,817.1,829.4,514908.0,55.21
2021-09-06,834.65,849.9,830.6,837.65,410018.0,39.85
2021-09-07,839.85,847.4,824.15,833.85,476080.0,45.3
2021-09-08,837.9,840.05,827.5,829.95,196379.0,42.12
2021-09-09,829.9,835.65,823.0,828.75,213665.0,46.59
2021-09-10,829.9,835.65,823.0,828.75,213665.0,46.59
2021-09-13,834.0,843.55,830.45,838.25,361052.0,46.7
2021-09-14,840.0,894.0,839.0,880.85,1542468.0,34.05
2021-09-15,886.4,900.0,871.0,880.35,1338271.0,39.57
2021-09-16,887.85,890.75,872.65,882.05,911923.0,60.59
2021-09-17,89.4,96.9,88.2,92.2,16859161.0,35.89
2021-09-20,92.7,94.55,91.95,92.95,6080755.0,38.87
2021-09-21,92.5,92.85,87.6,88.85,5191014.0,44.91
2021-09-22,90.0,90.0,85.75,85.95,5932959.0,52.83
2021-09-23,86.6,87.9,85.8,86.15,4806374.0,49.27
2021-09-24,86.6,87.0,83.45,84.1,4508144.0,49.66
2021-09-27,84.85,86.35,81.6,82.45,5020631.0,40.03
2021-09-28,82.85,84.1,81.55,82.3,4564412.0,37.2
2021-09-29,81.9,88.2,81.5,86.65,19006357.0,34.09
2021-09-30,86.9,92.0,86.9,91.55,15009512.0,36.84
2021-10-01,91.5,92.4,88.5,91.4,19023158.0,31.14
2021-10-04,92.25,94.35,91.6,92.15,12656400.0,40.97
2021-10-05,92.6,94.2,92.3,93.0,8007115.0,45.23
2021-10-06,93.5,94.45,91.05,91.4,6606431.0,47.73
2021-10-07,92.35,93.1,88.7,89.25,5944727.0,51.82
2021-10-08,90.2,90.4,88.5,88.7,3471596.0,55.4
2021-10-11,88.8,92.1,88.75,90.05,4398920.0,44.5
2021-10-12,90.0,91.7,89.4,90.25,5083616.0,48.22
2021-10-13,90.9,92.15,90.6,91.4,4614308.0,59.52
2021-10-14,91.85,96.4,91.1,93.75,10368276.0,44.21
2021-10-15,91.85,96.4,91.1,93.75,10368276.0,44.21
2021-10-18,94.6,99.7,93.1,98.35,17555109.0,35.07
2021-10-19,98.9,102.45,93.85,96.05,22100504.0,34.83
2021-10-20,96.05,98.0,93.0,93.35,6530686.0,44.34
2021-10-21,94.0,95.9,92.0,94.6,7565972.0,62.8
2021-10-22,95.0,95.7,92.4,93.0,3856056.0,51.75
2021-10-25,93.3,93.7,89.35,90.9,3290242.0,46.86
2021-10-26,91.25,93.4,91.0,91.95,2883395.0,49.34
2021-10-27,92.4,93.25,89.9,90.15,3011494.0,61.3
2021-10-28,90.0,90.55,89.0,89.25,3335094.0,64.18
2021-10-29,88.9,89.1,86.45,87.2,3764862.0,59.01
2021-11-01,87.65,89.75,86.75,88.2,2750210.0,58.88
2021-11-02,88.5,89.75,88.4,89.15,2339962.0,57.77
2021-11-03,89.4,89.8,88.15,88.7,1840208.0,54.04
2021-11-04,89.4,89.8,88.15,88.7,1840208.0,54.04
2021-11-05,89.1,92.25,89.0,91.6,2552909.0,48.3
2021-11-08,92.15,92.6,90.7,91.9,4146275.0,59.31
2021-11-09,91.9,92.65,91.15,91.3,2439640.0,65.11
2021-11-10,90.5,92.25,90.5,91.35,1399957.0,56.0
2021-11-11,91.35,93.25,90.5,91.45,4660682.0,34.73
2021-11-12,91.7,92.05,90.0,90.6,2498012.0,53.47
2021-11-15,91.0,91.35,90.1,90.6,1822752.0,61.11
2021-11-16,90.6,91.9,89.55,89.95,2093306.0,55.27
2021-11-17,89.9,91.0,88.75,89.1,1816151.0,54.44
2021-11-18,89.3,89.9,87.8,88.05,1863799.0,59.05
2021-11-19,89.3,89.9,87.8,88.05,1863799.0,59.05
2021-11-22,88.4,88.8,81.1,83.5,3276075.0,51.02
2021-11-23,83.35,91.75,83.0,90.05,5497159.0,50.14
2021-11-24,90.9,93.3,90.25,91.1,5086365.0,48.53
2021-11-25,91.65,92.5,90.0,91.35,3402631.0,59.52
2021-11-26,90.0,91.45,88.0,88.7,4034477.0,58.11
2021-11-29,87.55,87.85,83.4,86.0,2880507.0,46.68
2021-11-30,86.1,89.8,86.1,87.5,3107249.0,48.48
2021-12-01,88.5,89.1,86.5,86.85,2015176.0,58.07
2021-12-02,87.0,88.75,86.9,88.1,1383012.0,58.8
2021-12-03,88.35,89.8,88.0,89.15,1411839.0,53.3
2021-12-06,89.45,90.95,88.15,89.0,2129764.0,45.64
2021-12-07,89.4,90.95,86.7,87.0,2782663.0,59.61
2021-12-08,87.5,89.3,87.5,88.0,2541417.0,55.06
2021-12-09,88.25,88.9,87.65,88.5,1789155.0,58.56
2021-12-10,88.5,90.45,87.25,87.75,3177934.0,60.47
2021-12-13,88.65,90.15,88.2,88.8,2698750.0,55.89
2021-12-14,88.4,90.8,88.15,90.45,2015867.0,53.37
2021-12-15,90.5,90.7,88.6,88.8,1970695.0,42.38
2021-12-16,89.4,90.25,87.5,88.8,2174764.0,40.19
2021-12-17,88.9,89.15,84.1,84.45,3809274.0,57.61
2021-12-20,83.15,83.5,80.55,81.2,3456152.0,49.42
2021-12-21,82.35,85.1,82.15,84.5,1735912.0,38.48
2021-12-22,84.8,85.85,83.8,85.4,1991329.0,49.67
2021-12-23,85.75,87.15,85.45,86.85,1291424.0,50.38
2021-12-24,87.0,87.15,85.1,85.25,1683165.0,49.74
2021-12-27,85.3,86.45,84.05,85.95,782184.0,45.44
2021-12-28,86.6,87.45,86.5,87.1,1385004.0,50.69
2021-12-29,86.9,88.5,86.55,87.85,1397947.0,41.54
2021-12-30,87.9,89.3,85.6,86.05,1955882.0,50.8
2021-12-31,86.3,87.8,86.2,87.5,1057032.0,45.2
2022-01-03,87.9,88.9,86.8,88.4,1263991.0,54.35
2022-01-04,88.8,90.2,87.55,89.5,2737744.0,57.28
2022-01-05,89.45,90.4,88.8,89.6,2143349.0,64.5
2022-01-06,89.5,94.45,89.5,90.6,13142481.0,33.92
2022-01-07,91.2,91.65,89.7,90.55,3967668.0,54.48
2022-01-10,90.9,91.8,89.8,89.95,4306798.0,73.02
2022-01-11,90.1,92.5,90.1,91.85,4113093.0,59.8
2022-01-12,92.5,93.35,92.2,92.95,2869421.0,58.57
2022-01-13,93.0,93.55,91.05,92.25,5494584.0,44.85
2022-01-14,92.0,93.9,91.8,92.55,4105754.0,54.36
2022-01-17,94.0,94.5,92.95,93.15,5914691.0,57.79
2022-01-18,94.0,94.0,91.3,91.5,4402218.0,61.8
2022-01-19,91.6,92.3,91.1,91.65,3700541.0,57.86
2022-01-20,91.95,92.5,90.7,90.95,3181871.0,55.41
2022-01-21,90.85,91.3,90.5,90.85,2745309.0,55.59
2022-01-24,87.95,87.95,84.5,85.0,3526915.0,49.78
2022-01-25,84.45,88.0,82.7,87.85,2373751.0,55.01
2022-01-26,84.45,88.0,82.7,87.85,2373751.0,55.01
2022-01-27,87.6,87.6,83.2,83.95,4927740.0,59.04
2022-01-28,84.9,85.6,84.3,84.6,1614463.0,52.18
2022-01-31,85.2,85.8,84.05,84.7,1246520.0,46.57
2022-02-01,85.25,85.55,83.7,84.35,1456345.0,52.81
2022-02-02,84.75,86.05,84.6,85.1,1152578.0,50.43
2022-02-03,85.35,85.5,84.1,84.4,909433.0,64.5
2022-02-04,84.65,85.0,82.8,83.0,1910006.0,67.06
2022-02-07,83.0,84.75,82.8,83.15,2190788.0,62.39
2022-02-08,83.8,84.25,82.6,83.25,4396198.0,29.46
2022-02-09,83.25,84.5,83.2,84.25,1272811.0,59.27
2022-02-10,84.6,85.1,83.5,83.7,1487730.0,53.92
2022-02-11,83.5,84.8,82.95,83.65,1544790.0,52.35
2022-02-14,82.05,82.2,80.6,80.95,1808965.0,58.72
2022-02-15,81.1,81.5,79.65,81.1,2269006.0,58.71
2022-02-16,81.5,81.9,79.9,80.25,2731222.0,63.18
2022-02-17,80.5,80.8,78.6,79.1,1898388.0,55.15
2022-02-18,79.1,80.4,78.55,79.85,1200258.0,52.45
2022-02-21,79.0,80.0,77.55,78.4,1632152.0,52.85
2022-02-22,76.4,76.95,74.7,75.95,1803925.0,50.58
2022-02-23,76.5,79.15,76.0,76.15,2730419.0,54.37
2022-02-24,74.0,76.0,72.2,74.9,3288252.0,56.51
2022-02-25,76.0,78.5,75.4,78.15,1927520.0,52.25
2022-02-28,77.0,78.6,75.7,78.3,1448140.0,48.77
2022-03-01,77.0,78.6,75.7,78.3,1448140.0,48.77
2022-03-02,78.0,79.1,76.85,78.0,2411708.0,66.53
2022-03-03,78.0,79.75,78.0,79.4,2228089.0,60.92
2022-03-04,78.8,79.5,77.55,78.25,1878595.0,58.53
2022-03-07,77.15,79.0,76.0,78.2,1584099.0,57.51
2022-03-08,78.0,79.6,76.3,77.6,2082416.0,54.16
2022-03-09,78.45,79.0,78.1,78.75,1583006.0,68.51
2022-03-10,80.0,80.35,78.65,79.2,2565075.0,60.32
2022-03-11,78.9,79.25,76.85,77.5,2256628.0,65.82
2022-03-14,77.4,77.95,75.75,75.9,3142899.0,63.47
2022-03-15,76.4,76.95,75.55,75.85,1964458.0,59.28
2022-03-16,76.45,76.9,74.3,74.5,3142303.0,65.37
2022-03-17,75.25,75.4,73.3,73.6,4841152.0,71.44
2022-03-18,75.25,75.4,73.3,73.6,4841152.0,71.44
2022-03-21,73.8,75.0,73.05,74.6,3147062.0,63.41
2022-03-22,74.25,75.9,73.75,75.3,2948605.0,61.52
2022-03-23,76.0,76.45,74.5,75.2,3077140.0,57.76
2022-03-24,75.3,76.0,74.95,75.65,1841196.0,58.5
2022-03-25,75.9,78.5,75.7,77.45,4174153.0,43.0
2022-03-28,78.0,78.3,76.5,77.75,2206163.0,45.51
2022-03-29,78.25,78.25,76.5,77.0,1556971.0,56.35
2022-03-30,77.5,78.2,76.9,77.5,1751705.0,54.36
2022-03-31,77.35,78.0,75.0,75.85,1786518.0,58.63
2022-04-01,75.75,79.4,75.4,78.75,1961586.0,48.97
2022-04-04,78.95,79.4,78.5,78.9,2068775.0,57.08
2022-04-05,79.45,82.8,78.95,82.15,5453816.0,43.7
2022-04-06,82.0,88.0,81.35,84.35,12612793.0,32.5
2022-04-07,85.0,87.65,85.0,86.0,5927091.0,39.36
2022-04-08,86.25,86.7,84.6,85.9,2133100.0,36.49
2022-04-11,86.0,86.25,83.8,84.3,2322193.0,66.61
2022-04-12,83.05,83.95,82.5,83.25,1836991.0,56.46
2022-04-13,83.7,85.5,83.7,84.2,2089332.0,36.78
2022-04-14,83.7,85.5,83.7,84.2,2089332.0,36.78
2022-04-15,83.7,85.5,83.7,84.2,2089332.0,36.78
2022-04-18,84.25,87.85,82.9,86.05,4693494.0,34.49
2022-04-19,87.0,88.0,83.3,84.65,5377343.0,60.61
2022-04-20,84.75,86.4,84.1,84.35,1805954.0,42.67
2022-04-21,84.9,85.35,83.7,84.15,1416355.0,53.87
2022-04-22,83.9,85.45,83.7,84.2,1645444.0,44.08
2022-04-25,84.2,84.3,82.2,83.95,2450489.0,59.83
2022-04-26,84.45,84.9,82.6,83.85,2424865.0,63.07
2022-04-27,83.0,84.85,82.85,84.05,2067556.0,50.79
2022-04-28,84.45,86.3,84.3,85.8,2870411.0,56.95
2022-04-29,86.4,86.5,85.1,85.65,1641671.0,56.02
2022-05-02,84.95,85.4,83.65,84.3,1379011.0,52.65
2022-05-03,84.95,85.4,83.65,84.3,1379011.0,52.65
2022-05-04,84.5,86.45,83.2,83.7,1973100.0,49.56
2022-05-05,84.45,84.6,82.95,84.2,1556785.0,53.26
2022-05-06,83.0,84.9,81.1,83.5,1837352.0,52.21
2022-05-09,83.35,83.35,81.15,82.4,1488257.0,54.74
2022-05-10,82.3,83.9,81.6,82.35,1614720.0,55.62
2022-05-11,82.7,82.7,77.15,78.05,2489227.0,49.5
2022-05-12,77.85,80.0,77.0,79.8,2049731.0,50.39
2022-05-13,80.95,81.45,78.2,78.55,1198600.0,49.87
2022-05-16,79.2,80.25,77.15,78.55,1859722.0,42.48
2022-05-17,78.7,80.65,78.1,80.2,1245616.0,48.47
2022-05-18,80.7,81.6,79.1,79.65,1062148.0,46.89
2022-05-19,78.3,80.0,78.2,79.75,958365.0,46.21
2022-05-20,80.45,80.75,78.8,79.05,1661576.0,61.34
2022-05-23,79.6,80.3,77.65,78.25,2446108.0,73.09
2022-05-24,78.25,79.2,77.7,78.7,1031388.0,57.37
2022-05-25,79.0,79.45,77.0,77.55,1309815.0,39.36
2022-05-26,77.6,78.55,75.4,77.75,1450768.0,49.97
2022-05-27,78.2,79.3,77.6,78.9,733232.0,42.38
2022-05-30,79.4,79.65,77.55,77.7,1500053.0,62.02
2022-05-31,78.0,78.5,77.25,78.0,2291741.0,62.36
2022-06-01,78.0,79.35,77.8,78.2,1178821.0,48.63
2022-06-02,78.3,79.85,77.7,79.45,817718.0,52.78
2022-06-03,80.0,80.25,78.75,79.25,967277.0,44.22
2022-06-06,79.2,79.3,77.4,78.15,3185760.0,84.5
2022-06-07,77.5,78.45,77.45,78.2,1705270.0,77.59
2022-06-08,78.2,78.5,77.85,78.1,641134.0,50.56
2022-06-09,77.9,78.45,77.65,77.85,449177.0,59.41
2022-06-10,77.1,78.95,77.1,78.05,561376.0,27.09
2022-06-13,77.5,77.5,75.5,75.75,707591.0,54.8
2022-06-14,75.4,76.0,74.7,74.85,727398.0,55.1
2022-06-15,75.0,77.5,74.8,76.7,979045.0,61.68
2022-06-16,77.1,77.2,73.0,74.3,1327703.0,50.25
2022-06-17,74.0,74.2,70.6,71.3,3466883.0,81.25
2022-06-20,71.2,71.85,68.0,68.4,1331266.0,56.36
2022-06-21,69.3,71.3,68.05,70.8,1045078.0,44.73
2022-06-22,70.3,70.75,68.6,69.0,1208841.0,48.7
2022-06-23,69.0,70.05,68.7,68.9,871420.0,53.83
2022-06-24,69.45,70.65,69.25,70.3,913886.0,48.51
2022-06-27,71.2,72.0,70.45,70.85,758804.0,51.48
2022-06-28,71.5,73.8,70.55,72.95,1948097.0,47.95
2022-06-29,72.6,72.6,70.7,70.9,1009624.0,56.29
2022-06-30,71.1,71.75,70.85,71.2,531579.0,51.02
2022-07-01,70.95,71.9,70.5,71.0,565200.0,62.71
2022-07-04,71.0,72.25,70.8,72.15,533304.0,58.75
2022-07-05,72.9,73.8,71.0,71.65,2319722.0,78.22
2022-07-06,71.65,72.5,70.7,72.15,760970.0,54.41
2022-07-07,72.5,73.0,71.75,72.6,648417.0,52.27
2022-07-08,73.0,73.15,72.0,72.7,669074.0,51.94
2022-07-11,72.5,73.35,72.25,72.9,568018.0,49.18
2022-07-12,73.0,74.0,72.5,72.7,763660.0,49.59
2022-07-13,73.0,73.7,72.8,73.05,594357.0,54.31
2022-07-14,73.1,75.0,72.65,74.7,1459639.0,58.84
2022-07-15,75.15,75.65,73.5,74.15,2034377.0,74.43
2022-07-18,74.65,75.2,74.0,74.45,774686.0,58.4
2022-07-19,74.0,75.6,74.0,75.0,3406347.0,87.63
2022-07-20,75.7,75.95,74.7,74.85,803486.0,53.23
2022-07-21,75.05,75.55,74.05,75.0,3457239.0,84.26
2022-07-22,75.3,75.6,74.4,75.05,933066.0,60.17
2022-07-25,74.9,75.5,74.6,74.75,563615.0,65.14
2022-07-26,74.6,75.5,74.4,74.9,721136.0,64.05
2022-07-27,74.9,75.5,74.7,75.3,544689.0,56.93
2022-07-28,75.5,75.5,74.75,75.45,510603.0,55.29
2022-07-29,75.8,78.0,75.5,76.65,4400947.0,80.1
2022-08-01,77.1,80.5,77.1,78.55,2436878.0,58.46
2022-08-02,78.6,79.45,77.9,78.2,1294443.0,57.77
2022-08-03,78.35,81.3,77.8,80.7,3144753.0,62.33
2022-08-04,81.9,81.95,78.7,79.9,1272463.0,46.17
2022-08-05,79.9,80.3,79.15,79.65,596380.0,47.01
2022-08-10,80.4,81.0,79.5,80.05,890544.0,60.69
2022-08-11,80.65,80.65,78.5,79.3,1152515.0,51.31
2022-08-12,79.3,80.2,79.25,79.45,1179733.0,58.84
2022-08-15,79.3,80.2,79.25,79.45,1179733.0,58.84
2022-08-16,79.95,80.0,78.55,79.05,1159135.0,58.08
2022-08-17,78.0,83.45,77.75,80.6,7600898.0,50.96
2022-08-18,80.75,81.85,79.4,80.1,1772962.0,53.72
2022-08-19,80.6,80.65,79.15,79.4,1279933.0,52.43
2022-08-22,79.3,80.35,78.75,79.1,6520748.0,88.37
2022-08-23,78.6,79.55,77.8,78.0,6100764.0,85.78
2022-08-24,78.45,79.3,77.85,78.3,7348948.0,88.11
2022-08-25,78.75,79.6,78.6,79.2,1463488.0,56.56
2022-08-26,79.8,80.8,79.6,79.95,1787551.0,58.54
2022-08-29,78.95,79.4,77.6,77.9,2152306.0,74.7
2022-08-30,78.4,83.0,78.25,81.45,8284752.0,48.37
2022-08-31,78.4,83.0,78.25,81.45,8284752.0,48.37
2022-09-01,80.8,81.8,79.6,80.4,2124004.0,55.13
2022-09-02,80.95,81.8,79.75,80.0,2034022.0,51.58
2022-09-05,80.25,82.6,79.95,81.25,2427966.0,46.78
2022-09-06,81.25,82.0,79.5,80.7,2267354.0,49.45
2022-09-07,80.5,84.7,80.3,84.2,7705238.0,51.29
2022-09-08,84.5,85.0,81.8,82.9,2584014.0,56.99
2022-09-09,83.2,84.1,82.55,83.25,2084297.0,53.32
2022-09-12,83.9,86.65,83.2,85.45,5181737.0,51.26
2022-09-13,86.0,86.45,84.0,84.35,1929942.0,58.33
2022-09-14,83.2,85.45,82.6,83.8,2511305.0,46.99
2022-09-15,84.2,84.8,82.3,83.3,2177416.0,56.89
2022-09-16,82.2,86.4,79.4,80.25,4941777.0,47.31
2022-09-19,80.4,82.35,79.65,81.55,2499858.0,49.99
2022-09-20,82.0,82.0,79.9,81.55,2464409.0,50.7
2022-09-21,81.3,81.45,79.0,79.9,4653124.0,49.32
2022-09-22,79.5,80.9,79.4,80.1,1612436.0,53.78
2022-09-23,80.0,80.35,79.2,79.3,1867511.0,61.52
2022-09-26,78.05,78.85,77.7,78.2,1908953.0,64.93
2022-09-27,78.7,79.0,76.55,76.9,2150226.0,61.8
2022-09-28,76.7,77.5,76.3,77.05,2089496.0,71.97
2022-09-29,77.75,78.6,77.3,78.05,1786709.0,73.9
2022-09-30,78.2,78.5,77.1,77.3,1662723.0,66.95
2022-10-03,77.45,79.5,76.5,78.0,1944783.0,52.97
2022-10-04,79.0,79.9,78.15,78.9,1160025.0,57.27
2022-10-05,79.0,79.9,78.15,78.9,1160025.0,57.27
2022-10-06,79.3,80.65,79.05,80.25,1384111.0,58.88
2022-10-07,80.1,80.65,78.65,79.55,1071900.0,59.4
2022-10-10,79.2,79.5,78.2,78.35,769359.0,60.24
2022-10-11,78.7,79.0,77.0,77.1,1172350.0,54.89
2022-10-12,77.25,78.75,77.25,78.5,594404.0,45.34
2022-10-13,78.6,78.8,77.55,77.95,673389.0,55.19
2022-10-14,79.0,80.45,78.0,78.45,1525138.0,40.08
2022-10-17,78.4,78.75,77.5,77.65,604856.0,46.05
2022-10-18,78.1,79.8,77.75,78.65,1072957.0,58.41
2022-10-19,79.5,80.45,78.55,78.75,1530756.0,48.76
2022-10-20,78.7,79.8,77.0,77.9,2975531.0,65.79
2022-10-21,78.05,78.9,77.3,77.9,794827.0,57.65
2022-10-24,78.4,79.85,78.1,78.7,203946.0,69.34
2022-10-25,78.75,78.95,77.5,77.9,1012620.0,56.48
2022-10-26,78.75,78.95,77.5,77.9,1012620.0,56.48
2022-10-27,78.3,78.9,77.2,77.95,1466606.0,61.15
2022-10-28,78.35,78.75,76.8,77.15,1168445.0,57.76
2022-10-31,77.55,77.8,76.65,76.75,920546.0,63.44
2022-11-01,77.0,77.95,75.8,76.2,1534400.0,58.67
2022-11-02,76.2,77.25,76.05,76.8,2134816.0,59.42
2022-11-03,76.5,76.5,74.9,76.0,3137378.0,43.59
2022-11-04,76.3,76.7,75.7,75.9,1365894.0,61.69
2022-11-07,76.25,76.75,75.35,75.75,1670558.0,59.64
2022-11-08,76.25,76.75,75.35,75.75,1670558.0,59.64
2022-11-09,76.0,76.35,74.85,75.05,1733222.0,70.91
2022-11-10,75.05,75.5,74.9,75.25,1355228.0,69.44
2022-11-11,75.65,76.05,75.1,75.35,868912.0,58.67
2022-11-14,75.6,76.5,75.4,76.15,804767.0,55.9
2022-11-15,76.1,76.35,74.3,74.5,1972249.0,66.05
2022-11-16,74.5,75.6,74.4,74.65,1461572.0,57.62
2022-11-17,74.6,74.9,73.55,73.65,1178175.0,66.61
2022-11-18,73.9,73.9,71.85,72.25,2082100.0,70.93
2022-11-21,72.25,72.45,71.9,72.4,899520.0,67.88
2022-11-22,72.4,72.75,71.55,72.45,860991.0,63.94
2022-11-23,72.6,76.55,72.0,76.3,4896090.0,44.5
2022-11-24,76.4,76.95,74.45,74.85,2323737.0,48.68
2022-11-25,75.2,76.3,73.75,74.45,2522426.0,46.97
2022-11-28,74.45,75.75,74.45,74.9,2277615.0,58.17
2022-11-29,75.0,75.35,74.7,74.9,924135.0,58.13
2022-11-30,75.0,75.25,74.25,74.4,1690773.0,67.49
2022-12-01,74.8,75.3,74.45,74.9,1190866.0,54.99
2022-12-02,74.95,75.75,74.55,75.55,1494551.0,59.66
2022-12-05,75.6,76.2,75.6,75.9,1601091.0,43.1
2022-12-06,75.9,76.3,75.4,75.45,1251012.0,60.8
2022-12-07,75.8,77.7,75.2,76.05,3477692.0,44.61
2022-12-08,76.0,76.75,76.0,76.45,1001579.0,62.36
2022-12-09,76.85,76.9,76.0,76.35,1332035.0,63.77
2022-12-12,76.25,77.3,75.85,76.65,1185628.0,56.69
2022-12-13,76.9,79.65,76.7,78.85,5692186.0,51.3
2022-12-14,79.7,81.55,78.45,80.3,5420175.0,44.01
2022-12-15,81.0,83.3,80.6,81.2,4576352.0,45.17
2022-12-16,81.75,83.2,79.8,80.25,5564057.0,40.48
2022-12-19,80.5,80.85,78.55,78.95,2444450.0,53.52
2022-12-20,78.75,79.65,77.7,78.95,2141568.0,48.02
2022-12-21,79.4,81.3,77.9,78.95,4463549.0,47.72
2022-12-22,79.05,79.55,73.55,76.4,2084548.0,45.87
2022-12-23,75.7,76.2,74.8,75.2,1890056.0,61.87
2022-12-26,75.2,77.8,74.15,76.9,1493429.0,50.21
2022-12-27,77.6,77.9,76.4,77.05,884232.0,42.24
2022-12-28,76.8,77.8,76.7,77.1,923942.0,46.22
2022-12-29,77.1,77.3,76.45,76.95,469475.0,55.58
2022-12-30,77.35,78.15,76.05,76.4,1726537.0,54.47
2023-01-02,76.8,77.8,76.35,77.65,760594.0,53.47
2023-01-03,77.6,78.2,77.0,77.35,1280295.0,59.93
2023-01-04,77.35,77.65,76.55,77.0,1202467.0,58.29
2023-01-05,77.2,77.35,76.7,76.95,1020475.0,69.1
2023-01-06,77.2,77.65,75.6,75.85,1896076.0,62.48
2023-01-09,76.45,76.5,74.8,75.4,2292517.0,58.13
2023-01-10,75.4,76.2,74.4,74.8,3189967.0,64.96
2023-01-11,75.0,75.3,74.55,75.05,1971319.0,60.72
2023-01-12,75.3,75.45,74.9,75.1,891571.0,58.44
2023-01-13,75.2,75.4,73.6,73.95,3831653.0,71.52
2023-01-16,74.2,74.5,73.4,73.9,2445773.0,69.38
2023-01-17,73.95,74.1,72.9,73.2,1896460.0,60.29
2023-01-18,73.4,75.1,73.05,74.7,2048842.0,52.0
2023-01-19,74.5,75.25,74.3,74.8,915273.0,52.99
2023-01-20,74.55,75.15,73.25,73.8,1590255.0,60.98
2023-01-23,74.3,74.5,73.8,74.2,809022.0,47.92
2023-01-24,74.2,74.55,73.7,73.95,692271.0,46.09
2023-01-25,73.95,74.1,73.45,73.8,560441.0,51.34
2023-01-26,73.95,74.1,73.45,73.8,560441.0,51.34
2023-01-27,73.95,74.1,72.05,72.5,1222389.0,61.03
2023-01-30,72.6,73.6,72.05,72.35,909275.0,52.58
2023-01-31,72.55,73.2,71.75,72.45,1893274.0,52.75
2023-02-01,72.7,73.7,71.75,72.05,1654642.0,48.62
2023-02-02,72.0,72.35,71.35,71.8,1274655.0,50.85
2023-02-03,71.95,73.25,71.4,72.65,1468822.0,54.9
2023-02-06,73.0,73.3,72.25,72.55,777769.0,54.65
2023-02-07,72.55,73.25,72.25,73.1,1211990.0,60.35
2023-02-08,73.15,74.3,72.6,73.1,2190252.0,47.58
2023-02-09,73.5,73.7,72.5,72.8,1145665.0,60.07
2023-02-10,72.7,73.65,72.6,73.45,690658.0,63.7
2023-02-13,73.5,74.6,73.5,74.3,1523514.0,53.11
2023-02-14,74.45,75.8,74.05,75.0,1926558.0,59.97
2023-02-15,76.4,77.9,75.3,77.4,3630258.0,50.96
2023-02-16,77.8,78.6,77.05,77.45,2464152.0,55.76
2023-02-17,77.45,77.9,76.15,76.95,2602962.0,61.74
2023-02-20,77.35,78.05,77.2,77.45,2018272.0,65.62
2023-02-21,77.9,78.15,77.05,77.45,2237081.0,66.97
2023-02-22,77.5,77.5,76.95,77.2,2388587.0,72.89
2023-02-23,77.25,77.65,76.8,77.5,3793608.0,71.56
2023-02-24,73.0,73.1,72.0,72.2,3064190.0,51.88
2023-02-27,72.05,72.1,69.05,69.75,7682886.0,75.02
2023-02-28,69.95,70.1,69.1,69.35,2555771.0,70.89
2023-03-01,69.35,70.0,69.35,69.55,1664363.0,58.34
2023-03-02,69.6,70.0,69.4,69.9,1271802.0,55.99
2023-03-03,69.95,70.25,69.8,70.0,1689721.0,61.91
2023-03-06,70.4,70.7,69.75,69.85,4634203.0,69.1
2023-03-07,70.4,70.7,69.75,69.85,4634203.0,69.1
2023-03-08,69.95,70.25,69.7,69.95,1673601.0,70.48
2023-03-09,70.2,71.9,69.95,71.3,9993881.0,74.53
2023-03-10,71.25,71.45,70.75,70.9,1493886.0,52.0
2023-03-13,71.3,71.4,69.6,69.95,1329606.0,59.08
2023-03-14,70.0,70.6,69.5,70.0,3012147.0,82.68
2023-03-15,70.4,71.2,69.6,69.8,801149.0,50.07
2023-03-16,69.65,69.85,68.65,68.9,1235189.0,57.17
2023-03-17,69.0,69.8,68.55,68.8,1467552.0,59.8
2023-03-20,68.8,69.95,68.05,68.25,4274832.0,83.04
2023-03-21,68.6,68.8,68.0,68.4,1063616.0,53.57
2023-03-22,68.5,68.8,68.5,68.6,576693.0,55.77
2023-03-23,68.65,68.85,67.85,67.95,1068173.0,64.41
2023-03-24,68.0,68.25,66.7,66.8,1227745.0,67.4
2023-03-27,67.05,67.25,62.1,64.65,2321974.0,63.21
2023-03-28,64.9,65.15,62.55,63.2,3037547.0,63.64
2023-03-29,63.45,67.2,62.8,65.8,2832316.0,56.41
2023-03-30,63.45,67.2,62.8,65.8,2832316.0,56.41
2023-03-31,66.4,67.4,65.9,66.65,1721421.0,62.51
2023-04-03,67.25,68.2,66.9,68.05,873539.0,55.13
2023-04-04,67.25,68.2,66.9,68.05,873539.0,55.13
2023-04-05,68.15,69.7,68.0,69.2,1109019.0,56.27
2023-04-06,68.95,69.55,68.7,69.2,595494.0,47.8
2023-04-07,68.95,69.55,68.7,69.2,595494.0,47.8
2023-04-10,70.0,70.4,69.25,69.45,507550.0,57.14
2023-04-11,69.8,70.0,68.8,69.85,721950.0,61.97
2023-04-12,69.85,70.0,67.95,68.2,1832603.0,58.68
2023-04-13,68.35,68.8,68.0,68.25,682713.0,56.16
2023-04-14,68.35,68.8,68.0,68.25,682713.0,56.16
2023-04-17,68.4,68.8,67.6,68.0,1115135.0,55.54
2023-04-18,68.25,68.55,67.7,67.95,1077783.0,58.85
2023-04-19,67.95,69.15,67.85,68.5,1028915.0,47.6
2023-04-20,68.6,68.9,67.9,68.2,745436.0,55.18
2023-04-21,68.25,68.35,67.4,67.85,805336.0,59.51
2023-04-24,68.0,68.3,67.5,67.85,969661.0,51.45
2023-04-25,67.85,69.2,67.8,68.7,855906.0,54.55
2023-04-26,68.7,70.3,68.6,69.9,1508440.0,53.83
2023-04-27,70.0,71.2,69.85,70.55,1341780.0,48.63
2023-04-28,70.9,70.9,68.25,68.5,7795448.0,69.46
2023-05-01,70.9,70.9,68.25,68.5,7795448.0,69.46
2023-05-02,69.3,70.5,68.35,68.5,4944231.0,65.43
2023-05-03,69.0,69.0,67.35,67.5,4357272.0,76.36
2023-05-04,67.85,69.5,67.55,69.15,4147295.0,54.1
2023-05-05,68.65,69.5,68.5,68.65,1458549.0,60.55
2023-05-08,69.0,69.35,68.3,68.7,1503989.0,62.29
2023-05-09,68.7,70.2,68.7,68.95,2118863.0,59.25
2023-05-10,69.0,69.3,68.6,69.15,819859.0,63.96
2023-05-11,69.35,70.5,69.2,69.75,3464613.0,57.96
2023-05-12,69.9,70.85,69.8,70.25,2691404.0,55.18
2023-05-15,70.65,71.05,70.2,70.6,2538660.0,59.78
2023-05-16,70.9,71.2,69.75,70.15,2657571.0,54.65
2023-05-17,70.4,72.0,69.4,69.6,4415313.0,51.35
2023-05-18,69.8,73.65,69.8,71.85,11303088.0,40.38
2023-05-19,72.2,72.75,71.25,71.7,2990379.0,52.25
2023-05-22,71.95,73.35,69.9,70.25,6799199.0,48.48
2023-05-23,70.2,71.75,69.4,69.8,3261326.0,50.75
2023-05-24,70.1,70.7,69.6,69.8,1423406.0,50.47
2023-05-25,69.6,70.3,69.5,69.8,1412963.0,55.96
2023-05-26,69.9,70.2,69.45,69.6,1931527.0,43.15
2023-05-29,70.3,70.8,69.5,69.9,2015573.0,55.24
2023-05-30,69.85,69.9,69.2,69.3,1367745.0,66.61
2023-05-31,69.2,69.7,68.7,69.25,1866329.0,50.61
2023-06-01,69.3,69.5,69.0,69.15,1261569.0,59.71
2023-06-02,69.2,69.8,69.0,69.55,1354935.0,59.77
2023-06-05,70.1,71.25,70.1,70.75,2765689.0,60.34
2023-06-06,70.95,71.85,70.75,71.25,2211079.0,50.46
2023-06-07,71.55,71.95,71.3,71.5,1995944.0,60.12
2023-06-08,71.7,72.5,71.45,71.55,2576121.0,51.86
2023-06-09,71.6,72.0,71.0,71.3,1434324.0,50.2
2023-06-12,71.65,71.65,70.6,71.25,1599033.0,52.39
2023-06-13,71.5,72.25,71.2,72.05,2616437.0,63.35
2023-06-14,72.25,72.75,71.45,71.7,2205349.0,57.85
2023-06-15,71.7,72.25,71.3,71.65,1911276.0,51.86
2023-06-16,71.85,72.3,71.5,72.0,2128429.0,61.95
2023-06-19,72.0,73.0,71.7,72.0,4905140.0,62.2
2023-06-20,71.95,73.55,71.9,73.1,2808524.0,58.49
2023-06-21,73.25,73.65,72.75,73.05,1820296.0,58.46
2023-06-22,73.15,73.5,72.6,72.9,1575613.0,51.09
2023-06-23,73.05,73.05,71.6,71.9,1596962.0,61.1
2023-06-26,71.2,72.4,71.2,72.1,1212043.0,63.99
2023-06-27,72.3,73.1,71.8,72.05,1279215.0,53.08
2023-06-28,72.25,73.3,70.8,71.1,2614564.0,54.11
2023-06-29,72.25,73.3,70.8,71.1,2614564.0,54.11
2023-06-30,71.25,72.05,71.1,71.95,1863893.0,62.67
2023-07-03,72.15,72.9,72.0,72.5,1414213.0,50.5
2023-07-04,72.75,73.5,72.5,72.95,1846174.0,50.63
2023-07-05,73.3,73.35,72.7,73.15,1016470.0,50.04
2023-07-06,73.15,76.65,72.8,75.8,10411646.0,52.41
2023-07-07,75.8,76.7,74.75,75.05,3481264.0,46.26
2023-07-10,75.1,75.8,74.7,75.15,1746004.0,44.61
2023-07-11,75.25,75.75,74.5,74.8,1338951.0,53.77
2023-07-12,75.1,75.1,74.3,74.5,2306224.0,64.11
2023-07-13,74.65,75.8,74.5,75.05,2515477.0,53.85
2023-07-14,75.25,76.1,75.25,75.45,1735190.0,50.35
2023-07-17,75.95,76.35,74.9,75.9,3510575.0,48.11
2023-07-18,76.15,76.25,74.8,74.95,1327631.0,53.98
2023-07-19,75.1,76.5,74.8,75.0,3733307.0,49.82
2023-07-20,75.2,75.6,74.9,75.0,1015175.0,54.65
2023-07-21,74.95,75.4,74.7,74.95,1261228.0,53.42
2023-07-24,74.95,75.95,74.7,74.8,2232670.0,55.65
2023-07-25,75.1,76.05,74.85,74.95,2554135.0,50.51
2023-07-26,75.25,78.35,75.05,76.4,12195129.0,43.92
2023-07-27,76.8,77.5,76.05,76.35,5881954.0,74.21
2023-07-28,76.35,77.3,75.1,75.4,4834280.0,55.35
2023-07-31,75.9,78.8,75.5,78.3,8296581.0,57.33
2023-08-01,78.3,78.8,77.05,77.3,3879240.0,53.24
2023-08-02,77.4,78.25,76.3,76.8,4407783.0,44.52
2023-08-03,77.0,80.4,76.8,78.2,11377797.0,43.41
2023-08-04,78.6,80.35,77.35,78.8,8062523.0,41.21
2023-08-07,78.8,79.8,77.7,78.3,4774984.0,54.79
2023-08-08,78.4,78.6,77.3,78.1,2494035.0,59.86
2023-08-09,78.4,78.85,76.85,77.15,2931745.0,63.63
2023-08-10,77.45,78.7,77.05,77.2,3281764.0,55.96
2023-08-11,77.5,79.95,77.3,78.3,6951577.0,47.68
2023-08-14,78.25,79.1,76.7,78.35,2723810.0,44.62
2023-08-15,78.25,79.1,76.7,78.35,2723810.0,44.62
2023-08-16,77.95,79.0,77.5,78.15,1971944.0,47.4
2023-08-17,78.15,78.95,77.35,77.55,2239800.0,56.56
2023-08-18,77.6,78.2,76.85,77.25,1654869.0,51.48
2023-08-21,77.5,78.0,77.1,77.65,1505186.0,52.94
2023-08-22,77.95,79.7,77.75,78.5,3251045.0,49.8
2023-08-23,78.85,84.55,78.7,83.85,29646442.0,34.58
2023-08-24,84.6,85.15,81.65,82.1,8360443.0,48.24
2023-08-25,82.0,83.1,80.55,81.2,3976865.0,42.59
2023-08-28,81.65,83.1,80.7,81.85,6713131.0,52.38
2023-08-29,82.0,83.45,81.9,83.1,4490372.0,58.97
2023-08-30,83.3,84.9,83.25,84.05,5649661.0,46.67
2023-08-31,84.3,85.2,82.15,83.2,4933110.0,35.01
2023-09-01,83.5,87.7,83.5,86.45,12520419.0,51.27
2023-09-04,88.1,91.9,87.1,91.15,22876663.0,43.08
2023-09-05,91.1,91.55,87.3,89.15,10299410.0,41.53
2023-09-06,89.5,92.65,87.3,92.1,12276772.0,37.1
2023-09-07,92.25,93.25,90.5,90.9,11793981.0,43.61
2023-09-08,91.5,94.4,90.5,92.9,13748940.0,43.08
2023-09-11,93.65,93.9,91.6,91.95,6674626.0,62.23
2023-09-12,92.45,92.75,85.55,85.9,10678704.0,47.79
2023-09-13,86.0,88.95,83.7,88.55,7176170.0,40.03
2023-09-14,89.0,90.25,88.55,89.4,3471069.0,45.71
2023-09-15,90.0,91.0,89.05,90.1,4595131.0,44.12
2023-09-18,90.4,92.4,89.05,90.65,6857617.0,42.84
2023-09-19,90.4,92.4,89.05,90.65,6857617.0,42.84
2023-09-20,90.0,91.65,89.0,90.35,3719329.0,48.97
2023-09-21,89.55,91.35,89.1,90.25,4844385.0,53.94
2023-09-22,90.25,91.45,89.2,90.8,4106864.0,50.66
2023-09-25,91.05,92.7,90.45,91.0,5877377.0,38.52
2023-09-26,90.8,92.1,90.25,91.35,2762674.0,49.51
2023-09-27,91.1,91.4,89.75,89.95,1846304.0,47.88
2023-09-28,90.2,91.3,88.05,90.0,5082490.0,40.5
2023-09-29,90.3,90.95,89.8,89.95,1883625.0,46.26
2023-10-02,90.3,90.95,89.8,89.95,1883625.0,46.26
2023-10-03,90.0,91.7,89.3,91.0,5609968.0,50.9
2023-10-04,90.95,91.5,86.5,88.4,4549771.0,46.32
2023-10-05,88.6,89.65,87.9,88.55,1726384.0,46.39
2023-10-06,88.6,89.25,87.65,87.85,1743664.0,53.64
2023-10-09,86.95,87.15,85.5,86.1,2178748.0,51.3
2023-10-10,86.5,89.0,86.5,88.1,1713486.0,56.42
2023-10-11,89.0,90.25,88.25,88.5,2854179.0,33.66
2023-10-12,88.95,89.15,88.2,88.35,1452134.0,44.48
2023-10-13,87.85,88.65,87.6,87.9,1434357.0,53.66
2023-10-16,88.0,90.4,87.95,88.85,4324029.0,41.67
2023-10-17,89.05,92.9,89.05,92.55,12379160.0,38.41
2023-10-18,93.0,93.65,90.0,90.5,13383377.0,42.76
2023-10-19,89.7,91.65,89.45,90.15,3335213.0,36.44
2023-10-20,89.85,90.75,88.25,89.0,2794063.0,47.57
2023-10-23,89.0,89.2,84.85,85.15,5169243.0,59.26
2023-10-24,89.0,89.2,84.85,85.15,5169243.0,59.26
2023-10-25,85.6,87.3,84.0,85.4,3443911.0,47.13
2023-10-26,84.95,85.3,82.3,83.5,3074312.0,46.14
2023-10-27,83.9,85.7,83.9,84.9,1657738.0,48.27
2023-10-30,84.8,85.8,84.0,84.65,1629158.0,46.0
2023-10-31,85.0,85.75,84.1,84.75,1304819.0,50.7
2023-11-01,84.9,85.4,83.6,84.1,1483218.0,43.77
2023-11-02,84.5,87.25,84.5,86.7,2049909.0,51.25
2023-11-03,87.05,87.9,86.05,86.55,1216376.0,50.91
2023-11-06,87.1,87.85,86.6,86.75,946856.0,52.79
2023-11-07,86.85,87.55,86.55,86.95,1087238.0,46.85
2023-11-08,87.25,91.8,87.2,90.5,7876238.0,33.57
2023-11-09,90.7,91.6,89.15,89.4,3081372.0,42.54
2023-11-10,89.3,90.15,88.8,89.05,1703459.0,46.85
2023-11-13,89.4,91.2,89.05,90.15,2184699.0,40.38
2023-11-14,89.4,91.2,89.05,90.15,2184699.0,40.38
2023-11-15,90.9,92.8,89.8,91.3,5891782.0,40.92
2023-11-16,91.35,98.45,91.0,96.05,38662449.0,44.25
2023-11-17,96.85,99.45,95.45,97.2,21742324.0,32.75
2023-11-20,98.0,101.0,97.1,97.5,16342709.0,37.53
2023-11-21,98.4,101.25,96.8,99.15,14300507.0,36.35
2023-11-22,99.8,102.95,98.75,99.85,24076088.0,25.31
2023-11-23,100.25,100.8,98.5,99.05,7734572.0,33.49
2023-11-24,99.15,99.65,97.7,98.0,4618347.0,39.46
2023-11-27,99.15,99.65,97.7,98.0,4618347.0,39.46
2023-11-28,98.15,98.6,96.5,96.75,4227106.0,54.36
2023-11-29,97.35,100.15,97.35,99.0,9978782.0,46.4
2023-11-30,99.4,99.4,96.9,97.2,4839272.0,49.16
2023-12-01,97.95,101.4,97.5,100.5,20065803.0,59.63
2023-12-04,102.0,109.95,101.5,108.9,38383051.0,39.31
2023-12-05,109.8,118.9,108.4,117.3,52108850.0,30.38
2023-12-06,119.4,121.9,116.4,119.0,29622448.0,32.17
2023-12-07,118.95,123.35,116.8,122.1,18107690.0,33.89
2023-12-08,122.55,123.0,118.25,120.0,13907405.0,40.85
2023-12-11,120.6,121.6,117.5,118.0,7545120.0,48.53
2023-12-12,118.6,122.9,117.6,118.75,24247853.0,43.12
2023-12-13,119.5,125.75,118.3,125.1,29650250.0,36.62
2023-12-14,126.8,128.25,121.0,121.5,18631189.0,50.85
2023-12-15,122.5,125.4,119.75,122.65,12217017.0,37.8
2023-12-18,122.25,126.0,120.7,124.5,14325730.0,35.63
2023-12-19,124.55,124.65,120.9,121.5,8727086.0,47.44
2023-12-20,122.4,123.5,110.0,115.45,12623504.0,43.37
2023-12-21,113.05,119.25,111.65,118.4,9102000.0,30.49
2023-12-22,119.3,120.45,116.8,119.15,4556680.0,35.63
2023-12-25,119.3,120.45,116.8,119.15,4556680.0,35.63
2023-12-26,119.85,124.6,119.05,123.4,11536604.0,36.74
2023-12-27,124.4,127.5,122.45,126.05,14904805.0,37.39
2023-12-28,129.1,132.8,128.7,129.6,30855199.0,28.47
2023-12-29,130.25,133.5,129.5,132.5,14878887.0,36.61
2024-01-01,133.0,138.4,132.5,136.85,16092130.0,34.52
2024-01-02,137.05,137.55,131.4,134.6,8945971.0,39.31
2024-01-03,134.6,137.45,132.1,134.7,8806136.0,29.17
2024-01-04,134.85,136.25,134.1,134.85,5754194.0,47.15
2024-01-05,135.0,139.9,134.85,138.6,20626872.0,39.37
2024-01-08,138.6,139.15,134.95,135.7,5710766.0,42.83
2024-01-09,139.0,142.0,135.35,139.1,15819262.0,36.61
2024-01-10,139.9,142.15,136.5,136.95,10293609.0,40.9
2024-01-11,139.0,140.6,138.05,138.8,6123579.0,38.93
2024-01-12,138.9,141.65,137.55,140.7,7620307.0,46.1
2024-01-15,141.8,141.8,139.0,140.25,4785040.0,43.71
2024-01-16,140.4,143.5,137.5,138.85,9217735.0,33.48
2024-01-17,137.95,141.4,136.15,138.35,7388183.0,37.31
2024-01-18,137.1,142.5,132.0,141.4,11276056.0,40.06
2024-01-19,142.85,145.6,141.05,143.65,12392887.0,36.75
2024-01-22,138.0,141.0,135.5,138.0,11025156.0,42.7
2024-01-23,141.0,141.3,129.0,130.6,10496555.0,49.5
2024-01-24,132.5,135.8,130.0,131.4,9592330.0,46.23
2024-01-25,132.7,134.25,131.85,133.3,4206714.0,43.59
2024-01-26,132.7,134.25,131.85,133.3,4206714.0,43.59
2024-01-29,134.75,140.65,134.5,139.1,14397836.0,59.42
2024-01-30,141.7,149.9,141.0,143.15,27034297.0,35.26
2024-01-31,144.6,145.5,141.8,143.1,8359254.0,57.3
2024-02-01,141.4,142.85,139.0,140.1,6343323.0,38.75
2024-02-02,140.4,141.7,136.7,137.7,6498178.0,41.88
2024-02-05,138.4,144.0,136.1,142.45,12812541.0,46.38
2024-02-06,143.55,144.0,139.0,139.8,6082798.0,44.85
2024-02-07,140.45,142.25,137.7,138.65,6165170.0,52.25
2024-02-08,142.5,143.3,138.15,138.75,7023285.0,42.99
2024-02-09,138.95,138.95,133.25,134.55,6146630.0,50.56
2024-02-12,134.65,135.2,116.4,122.25,9033792.0,40.42
2024-02-13,120.0,124.8,118.35,123.7,7826770.0,32.25
2024-02-14,122.45,128.95,121.4,128.2,4153611.0,27.96
2024-02-15,129.25,134.5,129.2,133.6,5277064.0,34.49
2024-02-16,134.7,134.8,130.95,132.15,3385817.0,41.34
2024-02-19,132.15,133.25,129.6,130.0,4692223.0,46.12
2024-02-20,130.0,132.0,129.2,130.5,2172350.0,41.43
2024-02-21,131.15,132.15,128.0,128.35,3402895.0,48.01
2024-02-22,129.0,131.9,126.2,130.15,10848629.0,71.54
2024-02-23,130.65,130.95,129.0,129.35,2044573.0,58.61
2024-02-26,129.25,130.25,126.8,129.15,3365663.0,39.34
2024-02-27,129.15,131.7,128.2,130.5,2976160.0,50.2
2024-02-28,131.0,132.1,124.05,129.2,4626074.0,35.34
2024-02-29,129.0,129.45,124.85,126.85,5122564.0,43.09
2024-03-01,126.85,129.3,125.85,126.7,4674159.0,37.27
2024-03-04,128.1,133.6,128.1,129.75,7530065.0,39.19
2024-03-05,130.0,130.4,127.0,128.3,3411156.0,34.15
2024-03-06,128.3,130.7,124.7,126.2,4803709.0,35.68
2024-03-07,126.2,128.55,124.8,125.35,3100807.0,37.55
2024-03-08,126.2,128.55,124.8,125.35,3100807.0,37.55
2024-03-11,125.85,125.9,120.8,121.4,3766428.0,40.46
2024-03-12,121.4,121.4,116.3,119.95,5507624.0,41.5
2024-03-13,120.2,120.55,111.4,112.45,7472871.0,43.96
2024-03-14,110.2,117.5,109.75,116.95,4369059.0,42.3
2024-03-15,118.0,118.75,112.4,117.45,4531805.0,44.2
2024-03-18,117.6,119.0,114.5,115.1,3278597.0,41.38
2024-03-19,114.85,118.05,113.9,114.25,2737601.0,34.27
2024-03-20,114.9,116.85,112.8,113.55,4228808.0,54.82
2024-03-21,113.7,121.5,113.7,120.55,6524040.0,40.68
2024-03-22,120.0,122.9,118.3,119.7,4636040.0,41.05
2024-03-25,120.0,122.9,118.3,119.7,4636040.0,41.05
2024-03-26,119.7,120.45,118.05,118.7,4001553.0,47.51
2024-03-27,119.65,124.4,118.95,122.1,7780336.0,36.6
2024-03-28,132.0,132.0,118.3,121.65,10305499.0,36.66
2024-03-29,132.0,132.0,118.3,121.65,10305499.0,36.66
2024-04-01,123.4,126.4,122.55,125.5,5201212.0,61.44
2024-04-02,125.95,127.85,125.05,127.5,3272008.0,46.17
2024-04-03,127.35,130.05,126.7,129.05,4700410.0,37.44
2024-04-04,130.2,138.2,130.0,137.65,16832363.0,34.14
2024-04-05,136.7,137.85,134.4,135.5,9695795.0,58.18
2024-04-08,136.15,142.5,134.65,140.85,14282732.0,54.2
2024-04-09,141.9,145.2,140.9,142.75,10605486.0,38.62
2024-04-10,143.65,145.0,141.15,142.35,5285898.0,44.95
2024-04-11,143.65,145.0,141.15,142.35,5285898.0,44.95
2024-04-12,142.0,144.2,140.0,141.1,5769001.0,39.25
2024-04-15,136.0,143.95,133.5,140.15,7582456.0,37.61
2024-04-16,138.85,143.65,138.3,141.1,4302456.0,40.89
2024-04-17,138.85,143.65,138.3,141.1,4302456.0,40.89
2024-04-18,141.35,145.8,140.35,142.35,8318186.0,39.84
2024-04-19,139.5,143.0,137.85,140.95,3598242.0,37.6
2024-04-22,142.0,145.3,141.5,143.55,6155080.0,44.75
2024-04-23,145.0,146.8,141.0,142.3,5626193.0,40.76
2024-04-24,143.3,143.95,140.55,141.15,3210706.0,46.24
2024-04-25,141.15,142.45,140.7,141.45,1825283.0,41.93
2024-04-26,142.1,145.0,141.05,143.5,4857225.0,41.43
2024-04-29,144.5,150.3,144.05,147.4,17629442.0,37.95
2024-04-30,148.7,150.6,146.8,147.35,7667056.0,42.58
2024-05-01,148.7,150.6,146.8,147.35,7667056.0,42.58
2024-05-02,147.65,155.5,146.95,152.7,20238147.0,30.62
2024-05-03,154.2,157.65,151.65,152.85,11205177.0,40.41
2024-05-06,153.95,154.1,146.05,149.0,11287598.0,26.77
2024-05-07,149.35,150.15,140.3,142.35,7212459.0,34.72
2024-05-08,140.0,145.65,140.0,143.5,2846993.0,31.04
2024-05-09,144.0,144.25,137.85,140.05,6191220.0,47.02
2024-05-10,140.9,142.85,139.45,141.7,7725284.0,56.46
2024-05-13,142.0,142.3,135.5,140.1,5038201.0,47.52
2024-05-14,140.55,143.2,139.2,142.6,4039429.0,46.26
2024-05-15,143.5,144.6,140.0,140.55,2750023.0,39.64
2024-05-16,141.5,143.45,139.55,141.15,2427759.0,34.67
2024-05-17,142.0,148.25,140.4,147.15,7437015.0,40.64
2024-05-20,148.35,149.35,147.0,147.3,564576.0,61.51
2024-05-21,146.4,149.05,143.6,147.15,4255374.0,43.41
2024-05-22,148.0,149.45,144.55,148.4,5444422.0,32.55
2024-05-23,149.25,151.25,145.0,146.6,3732251.0,48.14
2024-05-24,143.0,148.9,141.0,145.0,9724463.0,43.56
2024-05-27,145.4,146.9,142.85,146.0,3540412.0,39.22
2024-05-28,146.65,147.5,141.05,141.8,2168130.0,50.86
2024-05-29,141.3,146.0,140.0,145.4,3420372.0,52.12
2024-05-30,146.0,146.0,141.6,142.85,4026617.0,56.7
2024-05-31,142.05,149.2,142.05,147.05,13595163.0,35.58
2024-06-03,153.6,155.7,149.0,152.2,8353049.0,47.53
2024-06-04,152.0,152.0,121.8,131.35,11628696.0,38.74
2024-06-05,132.5,137.9,129.05,136.05,7889462.0,43.62
2024-06-06,138.0,143.5,137.0,142.35,5948404.0,50.42
2024-06-07,143.0,148.0,141.15,147.0,3092904.0,47.7
2024-06-10,147.8,148.69,146.1,146.73,3438212.0,54.07
2024-06-11,148.0,148.45,145.6,147.77,4086646.0,65.3
2024-06-12,147.8,150.0,146.53,148.88,3105917.0,49.74
2024-06-13,150.25,150.75,147.7,150.12,3889263.0,45.24
2024-06-14,150.12,150.51,148.11,149.75,3785962.0,64.02
2024-06-17,150.12,150.51,148.11,149.75,3785962.0,64.02
2024-06-18,151.3,155.2,150.0,151.24,4558146.0,47.83
2024-06-19,152.1,152.75,146.44,149.45,3725588.0,44.37
2024-06-20,149.7,151.3,147.9,150.08,2716556.0,64.14
2024-06-21,150.21,153.25,150.05,150.78,2975386.0,52.42
2024-06-24,150.17,155.0,149.65,152.07,5502704.0,51.73
2024-06-25,152.8,153.7,150.8,151.46,2786627.0,64.21
2024-06-26,151.9,170.0,151.46,167.98,63690072.0,16.15
2024-06-27,169.4,171.2,164.0,165.26,15995220.0,16.4
2024-06-28,165.0,167.4,161.55,162.6,5023035.0,32.09
2024-07-01,161.56,163.9,159.51,161.44,4875762.0,39.69
2024-07-02,162.0,163.6,157.51,158.57,3119639.0,36.94
2024-07-03,160.0,162.99,157.2,159.07,8915769.0,32.03
2024-07-04,160.01,160.66,156.87,159.04,3345297.0,46.52
2024-07-05,159.15,169.9,157.15,168.02,11901412.0,31.92
2024-07-08,169.6,178.8,169.0,172.07,14288074.0,30.77
2024-07-09,174.0,189.04,174.0,181.94,40013333.0,25.05
2024-07-10,183.4,188.5,179.05,186.06,18221608.0,33.7
2024-07-11,187.5,192.6,181.41,191.9,14706939.0,25.22
2024-07-12,192.7,192.7,186.0,186.92,9334536.0,31.45
2024-07-15,186.94,190.4,182.51,183.49,6448190.0,30.9
2024-07-16,184.99,185.55,178.15,180.0,5213740.0,41.96
2024-07-17,184.99,185.55,178.15,180.0,5213740.0,41.96
2024-07-18,180.0,181.7,174.23,175.63,6755556.0,18.5
2024-07-19,175.6,176.45,166.67,167.41,6774987.0,51.51
2024-07-22,165.4,173.66,164.05,167.48,7330565.0,47.38
2024-07-23,168.82,170.48,153.62,165.06,4894382.0,32.74
2024-07-24,165.15,174.25,163.85,168.64,9115225.0,33.04
2024-07-25,168.25,172.7,166.6,167.68,4421855.0,38.76
2024-07-26,168.68,169.93,166.25,166.88,4230772.0,46.6
2024-07-29,167.99,170.64,166.33,166.95,3940441.0,55.03
2024-07-30,169.98,177.6,168.95,172.78,18871311.0,28.52
2024-07-31,174.35,176.7,172.0,172.52,7331826.0,27.51
2024-08-01,173.39,183.0,172.64,181.84,27161163.0,25.19
2024-08-02,180.0,181.64,176.06,179.57,10289950.0,28.31
2024-08-05,175.0,175.44,166.75,170.53,8846839.0,37.33
2024-08-06,173.0,177.38,170.3,174.01,7581263.0,32.7
2024-08-07,176.6,178.8,174.0,174.5,4915324.0,42.83
2024-08-08,174.0,175.5,171.0,174.72,5889711.0,47.38
2024-08-09,175.75,178.48,175.0,175.75,4061370.0,30.6
2024-08-12,173.0,179.5,171.11,178.46,6713490.0,34.35
2024-08-13,179.7,180.8,173.3,175.77,3623633.0,41.13
2024-08-14,175.77,175.77,169.59,171.86,4515262.0,53.42
2024-08-15,175.77,175.77,169.59,171.86,4515262.0,53.42
2024-08-16,174.0,174.2,168.01,168.87,2672227.0,41.39
2024-08-19,170.39,176.87,169.25,173.79,8356720.0,30.35
2024-08-20,176.0,180.35,174.24,176.89,8341090.0,36.13
2024-08-21,178.3,193.5,177.11,187.75,40850013.0,38.79
2024-08-22,188.6,195.2,185.69,191.99,25791945.0,35.53
2024-08-23,192.75,194.78,187.7,190.2,8467311.0,36.8
2024-08-26,191.55,193.78,188.0,188.72,7907309.0,42.16
2024-08-27,188.36,210.0,187.71,208.41,70281201.0,16.93
2024-08-28,208.9,209.3,202.62,204.11,12674762.0,21.16
2024-08-29,204.5,205.3,197.0,198.3,7459586.0,36.13
2024-08-30,199.2,202.57,193.0,194.04,11703680.0,45.95
2024-09-02,195.55,200.5,193.72,195.79,5730756.0,27.27
2024-09-03,196.0,199.33,194.7,197.77,5326356.0,34.2
2024-09-04,195.1,202.5,191.58,193.94,10255373.0,34.76
2024-09-05,194.7,198.37,193.25,193.71,5565788.0,33.9
2024-09-06,194.02,197.7,187.01,187.93,5107131.0,35.63
2024-09-09,187.66,192.0,182.1,189.99,8132817.0,30.22
2024-09-10,190.75,199.5,189.88,198.85,11938715.0,26.6
2024-09-11,200.0,201.45,193.6,194.44,6414243.0,28.29
2024-09-12,195.45,197.7,190.65,195.0,5846636.0,30.93
2024-09-13,196.0,202.4,195.65,197.53,9482841.0,20.76
2024-09-16,198.5,198.69,194.4,195.55,2375704.0,34.45
2024-09-17,196.0,196.84,191.59,192.43,2571775.0,34.85
2024-09-18,190.83,193.05,188.82,192.32,2573125.0,31.23
2024-09-19,192.45,193.48,183.5,189.21,4720715.0,33.5
2024-09-20,190.2,191.1,185.6,186.36,3914349.0,42.14
2024-09-23,187.0,196.7,186.37,195.6,8306145.0,24.9
2024-09-24,196.35,203.5,195.35,200.83,11714046.0,29.83
2024-09-25,200.8,207.2,200.0,206.01,13667372.0,29.27
2024-09-26,206.85,212.49,201.2,204.08,10328933.0,26.47
2024-09-27,204.0,205.66,199.05,199.9,4168819.0,38.7
2024-09-30,199.99,206.69,196.2,201.42,8668324.0,26.22
2024-10-01,201.5,204.12,200.15,200.97,2540572.0,27.7
2024-10-02,201.5,204.12,200.15,200.97,2540572.0,27.7
2024-10-03,196.0,198.59,191.7,193.46,4451061.0,42.18
2024-10-04,195.0,196.98,187.68,194.3,4495929.0,27.89
2024-10-07,194.3,194.7,179.23,183.44,7646091.0,39.85
2024-10-08,183.42,190.94,179.11,190.14,4449013.0,24.42
2024-10-09,191.1,191.97,187.01,187.65,2652063.0,35.59
2024-10-10,188.75,190.25,184.49,185.67,2212216.0,39.44
2024-10-11,186.0,187.89,184.3,185.5,1922281.0,25.3
2024-10-14,185.6,189.58,183.37,187.48,3135912.0,32.91
2024-10-15,188.7,196.18,187.94,194.2,4724952.0,39.33
2024-10-16,194.9,197.39,192.12,193.32,5857119.0,28.65
2024-10-17,193.0,193.78,190.21,192.97,2502943.0,37.82
2024-10-18,192.0,200.4,187.35,197.03,7819844.0,24.91
2024-10-21,198.5,199.54,190.0,192.63,3629663.0,28.97
2024-10-22,192.6,193.7,185.65,186.58,2797445.0,39.25
2024-10-23,185.5,191.34,183.76,188.06,2864630.0,24.72
2024-10-24,188.4,190.84,187.0,187.72,1801202.0,31.99
2024-10-25,186.99,189.0,179.54,182.6,3056417.0,33.92
2024-10-28,182.93,183.9,175.95,176.94,4221615.0,49.7
2024-10-29,176.94,183.4,175.14,182.33,2408173.0,26.22
2024-10-30,182.33,184.84,181.17,183.19,1516877.0,34.31
2024-10-31,182.82,191.6,182.29,189.19,5739875.0,29.39
2024-11-01,189.19,192.56,189.19,190.69,505681.0,50.22
2024-11-04,191.4,191.4,180.2,180.84,4061721.0,52.09
2024-11-05,180.84,184.65,179.2,182.23,2798226.0,36.11
2024-11-06,184.0,188.99,183.2,186.65,4563269.0,41.15
2024-11-07,187.19,189.2,185.16,185.91,1918822.0,32.68
2024-11-08,185.0,186.48,181.99,182.75,1425068.0,27.7
2024-11-11,181.99,185.7,179.65,184.02,2416660.0,35.4
2024-11-12,184.34,188.62,182.7,183.92,4262381.0,28.23
2024-11-13,183.3,183.4,174.03,174.98,3898790.0,53.38
2024-11-14,174.98,178.79,174.3,174.96,2990972.0,43.18
2024-11-18,175.9,177.18,170.21,171.09,2211164.0,37.64
2024-11-19,171.45,174.45,169.0,169.98,2450601.0,42.91
2024-11-20,171.45,174.45,169.0,169.98,2450601.0,42.91
2024-11-21,169.53,173.38,169.2,170.98,3435430.0,57.52
2024-11-22,172.4,173.4,170.51,172.98,1351299.0,47.31
2024-11-25,178.0,181.99,174.01,174.53,4243657.0,38.78
2024-11-26,173.05,176.19,171.0,172.0,3777719.0,37.88
2024-11-27,173.4,174.5,171.41,173.69,2243457.0,45.78
2024-11-28,174.59,176.52,172.2,174.36,3996044.0,41.82
2024-11-29,174.96,176.0,172.44,173.98,3691449.0,41.35
2024-12-02,173.85,178.0,173.0,177.46,4570893.0,47.63
2024-12-03,178.15,188.85,178.0,184.28,14178508.0,29.44
2024-12-04,185.0,188.7,184.07,186.61,7962516.0,47.18
2024-12-05,185.51,193.8,185.15,191.57,12312895.0,37.62
2024-12-06,192.45,203.8,191.41,197.88,21098223.0,26.8
2024-12-09,197.88,202.5,197.51,199.66,5322121.0,27.08
2024-12-10,199.8,199.93,192.34,194.36,4290299.0,36.73
2024-12-11,195.3,195.78,192.84,193.22,2228429.0,41.74
2024-12-12,192.99,194.85,187.59,190.75,3248506.0,28.0
2024-12-13,190.6,191.7,185.1,187.5,3651174.0,36.2
2024-12-16,187.45,190.23,186.6,188.73,3115095.0,23.01
2024-12-17,188.7,191.48,185.53,187.46,4294839.0,33.87
2024-12-18,187.45,188.98,183.6,184.79,3900341.0,42.91
2024-12-19,181.95,188.3,181.51,186.97,4474807.0,25.47
2024-12-20,186.97,188.36,182.0,182.74,4861983.0,42.22
2024-12-23,184.68,185.13,180.24,184.75,3990598.0,51.34
2024-12-24,185.35,186.41,182.5,183.44,6412060.0,40.89
2024-12-25,185.35,186.41,182.5,183.44,6412060.0,40.89
2024-12-26,184.0,186.8,182.9,184.82,4411186.0,36.04
2024-12-27,186.49,187.31,183.66,184.59,2229890.0,46.67
2024-12-30,185.0,186.9,183.26,185.31,3356676.0,30.47
2024-12-31,186.9,188.4,183.12,185.93,6616815.0,36.58
2025-01-01,185.93,186.95,184.5,186.12,2358037.0,38.51
2025-01-02,186.5,190.49,185.65,189.32,5437601.0,45.74
2025-01-03,190.5,192.27,185.2,185.9,4632855.0,42.03
2025-01-06,186.6,186.72,175.26,176.08,4835749.0,44.68
2025-01-07,177.98,181.53,175.65,179.23,3797828.0,47.02
2025-01-08,178.49,178.8,171.11,174.42,5181686.0,25.17
2025-01-09,174.0,174.4,169.3,169.89,5606219.0,43.84
2025-01-10,171.0,171.39,161.5,162.42,10421244.0,26.99
2025-01-13,161.0,161.6,150.55,152.02,17221343.0,41.71
2025-01-14,153.26,156.9,151.16,153.69,6388587.0,45.33
2025-01-15,156.16,156.8,152.3,154.09,10402105.0,49.97
2025-01-16,152.09,153.7,148.61,150.78,11232829.0,44.55
2025-01-17,150.79,153.4,149.1,152.65,7692289.0,47.55
2025-01-20,152.88,153.96,150.31,153.46,5268649.0,47.43
2025-01-21,154.88,154.89,147.0,147.47,5653435.0,40.92
2025-01-22,146.91,147.59,140.75,142.47,6696262.0,50.79
2025-01-23,142.47,146.0,141.03,145.12,4554286.0,47.69
2025-01-24,144.51,145.28,138.2,139.0,7941642.0,53.32
2025-01-27,137.02,137.75,133.05,136.21,8760125.0,49.97
2025-01-28,138.45,138.45,129.8,132.4,7443490.0,45.1
2025-01-29,132.94,139.16,132.57,138.65,3742569.0,39.53
2025-01-30,138.65,142.59,138.0,141.54,4888531.0,34.31
2025-01-31,142.0,143.71,140.71,142.98,3522031.0,47.11
2025-02-03,137.01,137.24,132.58,135.15,5326976.0,42.16
2025-02-04,135.95,138.61,134.51,137.56,7485825.0,66.77
2025-02-05,138.15,141.6,137.6,139.47,4239626.0,39.38
2025-02-06,140.8,140.8,136.9,138.15,3058830.0,44.71
2025-02-07,138.15,138.77,134.22,135.2,4211982.0,44.87
2025-02-10,135.0,135.88,132.11,133.48,4965720.0,42.23
2025-02-11,133.99,134.21,128.5,129.01,4331799.0,51.92
2025-02-12,128.83,129.36,124.1,127.93,8097476.0,42.23
2025-02-13,128.5,132.0,125.72,125.92,5280907.0,44.51
2025-02-14,127.3,127.39,120.57,122.18,8386902.0,48.97
2025-02-17,121.99,126.74,119.0,125.92,7730920.0,43.15
2025-02-18,126.4,128.4,123.25,127.9,4278931.0,39.18
2025-02-19,126.91,134.13,126.12,131.54,6647511.0,30.61
2025-02-20,131.54,138.43,131.0,137.85,6908552.0,28.86
2025-02-21,137.05,139.5,133.88,136.56,5095169.0,25.03
2025-02-24,134.11,137.18,134.0,136.95,2744331.0,31.63
2025-02-25,137.01,138.0,131.35,133.25,5296481.0,26.69
2025-02-27,133.5,135.55,130.02,134.25,6022533.0,39.53
2025-02-28,132.99,133.89,129.25,130.79,4520186.0,33.42
2025-03-03,130.3,135.0,126.78,132.54,5410872.0,40.27
2025-03-04,130.89,138.5,129.05,136.99,4357853.0,31.0
2025-03-05,138.01,142.18,137.56,141.32,6746428.0,38.6
2025-03-06,143.0,143.93,139.26,139.86,4463376.0,31.49
2025-03-07,139.59,141.55,138.63,140.94,3407588.0,45.44
2025-03-10,140.93,142.54,137.71,139.41,3538726.0,39.15
2025-03-11,137.89,140.15,136.0,139.13,2402250.0,33.43
2025-03-12,140.01,141.27,136.89,139.58,2413313.0,31.66
2025-03-13,140.01,140.65,138.1,138.67,2278724.0,38.98
2025-03-17,139.0,140.48,138.7,139.98,2258403.0,51.56
2025-03-18,140.51,142.34,139.5,141.96,3164535.0,44.16
2025-03-19,142.0,149.7,141.55,147.62,6939863.0,31.22
2025-03-20,149.99,150.46,144.05,146.82,4899220.0,31.31
2025-03-21,147.05,151.8,146.62,150.82,5498233.0,38.74
2025-03-24,152.5,155.0,151.89,153.86,4110955.0,34.46
2025-03-25,154.5,154.5,150.0,150.99,3060064.0,32.99
2025-03-26,150.9,153.1,149.56,150.39,3196022.0,41.09
2025-03-27,149.0,153.99,147.8,152.88,3317344.0,43.49
2025-03-28,153.7,156.97,152.85,153.86,5447572.0,27.13
2025-04-01,153.48,155.3,150.98,152.98,3018543.0,38.53
2025-04-02,153.0,154.67,151.25,153.91,1926545.0,28.82
2025-04-03,151.69,158.5,151.0,157.43,2690992.0,38.36
2025-04-04,157.43,158.28,150.1,151.83,3608025.0,36.85
2025-04-07,140.0,151.01,140.0,149.46,4921816.0,34.79
2025-04-08,153.69,153.69,149.82,150.41,2196079.0,23.43
2025-04-09,150.0,151.44,147.75,150.05,1702655.0,37.34
2025-04-11,152.8,154.26,150.92,153.7,2493589.0,48.55
2025-04-15,155.5,158.0,155.5,156.98,2127592.0,32.34
2025-04-16,157.5,158.29,155.59,157.68,2304235.0,24.95
2025-04-17,157.68,161.64,156.56,158.16,4269973.0,35.29
2025-04-21,159.8,162.5,157.9,161.98,3579838.0,25.64
2025-04-22,163.0,163.5,158.91,159.35,2886921.0,44.63
2025-04-23,160.7,161.29,158.45,160.3,2656673.0,39.3
2025-04-24,159.99,160.65,157.0,158.6,2692936.0,35.39
2025-04-25,159.1,159.8,151.6,153.96,3894582.0,18.86
2025-04-28,152.7,160.36,152.7,159.34,5125494.0,17.4
2025-04-29,159.99,161.68,156.71,157.17,2389284.0,30.1
2025-04-30,157.47,161.88,157.36,159.01,5781451.0,25.89
2025-05-02,158.41,161.52,157.81,158.93,2304127.0,30.03
2025-05-05,159.09,165.43,159.09,164.97,7550075.0,37.8
2025-05-06,165.5,165.66,160.5,162.77,6658803.0,44.12
2025-05-07,159.5,165.0,159.5,164.62,4058165.0,42.46
2025-05-08,165.2,166.3,158.56,160.78,5486517.0,50.57
2025-05-09,158.0,159.4,156.49,157.71,2315869.0,37.35
2025-05-12,160.25,167.95,160.25,166.76,4238840.0,37.35
2025-05-13,166.76,167.9,163.51,164.04,2267532.0,45.23
2025-05-14,164.89,169.0,161.5,167.81,10733398.0,29.57
2025-05-15,168.35,168.7,161.54,163.08,14591914.0,23.82
2025-05-16,163.5,167.7,161.78,165.19,5180790.0,26.34
2025-05-19,166.8,173.36,166.1,172.69,15384934.0,47.54
2025-05-20,174.0,175.23,172.25,174.16,11554632.0,56.61
2025-05-21,175.3,177.01,170.56,171.92,7007689.0,50.25
2025-05-22,172.4,174.49,167.07,168.21,3031262.0,33.51
2025-05-23,168.4,173.0,167.71,170.3,3253014.0,36.36
2025-05-26,170.99,171.5,167.41,169.26,3099273.0,45.89
2025-05-27,169.26,170.59,167.07,167.47,2430425.0,45.98
2025-05-28,167.99,170.8,166.6,167.03,2488068.0,25.48
2025-05-29,168.0,169.2,166.55,168.05,3005664.0,44.58
2025-05-30,168.3,168.65,162.02,162.4,4607097.0,48.4
2025-06-02,163.2,164.8,162.16,164.5,2373259.0,47.74
2025-06-03,164.9,165.0,160.83,161.46,2841040.0,41.42
2025-06-04,162.2,169.12,161.8,168.87,5251533.0,38.61
2025-06-05,170.0,171.0,165.1,166.54,3717388.0,38.73
2025-06-06,167.04,168.69,164.63,168.08,3646018.0,44.05
2025-06-09,168.95,171.1,168.21,170.15,3509232.0,53.46
2025-06-10,171.25,173.0,170.0,171.3,3784987.0,52.66
2025-06-11,172.4,173.0,170.72,171.71,2387598.0,48.69
2025-06-12,171.71,171.98,165.15,165.88,2114699.0,49.26
2025-06-13,162.0,166.2,161.93,164.48,2032163.0,34.13
2025-06-16,165.0,168.5,162.56,167.85,3804905.0,21.61
2025-06-17,167.85,167.85,161.65,163.0,1536064.0,34.28
2025-06-18,163.4,165.35,162.15,163.72,1500770.0,21.93
2025-06-19,163.7,164.95,160.85,161.45,2541728.0,21.33
2025-06-20,161.15,164.2,160.58,163.39,1118818.0,24.98
2025-06-23,161.1,164.99,161.1,163.45,2395431.0,22.74
2025-06-24,165.0,167.35,163.19,166.56,2987787.0,32.41
2025-06-25,167.43,172.99,166.74,172.4,6210635.0,39.8
2025-06-26,173.2,174.6,171.04,173.19,5204325.0,27.69
2025-06-27,173.5,173.5,171.5,172.3,3201810.0,47.11
2025-06-30,173.0,173.15,170.82,171.75,1732058.0,42.23
2025-07-01,172.0,177.0,172.0,176.45,8696693.0,34.12
2025-07-02,178.16,178.78,173.81,177.09,7254641.0,38.75
2025-07-03,177.5,179.45,175.41,178.08,4025291.0,40.38
2025-07-04,178.08,179.88,177.28,178.6,2946549.0,40.1
2025-07-07,178.45,181.89,177.26,180.53,4109906.0,40.75
2025-07-08,181.5,182.75,179.5,180.39,5171858.0,51.01
2025-07-09,180.59,181.83,178.61,180.76,3619410.0,68.23
2025-07-10,181.3,182.0,177.71,178.44,2751879.0,45.13
2025-07-11,177.85,179.56,173.93,174.81,2393526.0,49.71
2025-07-14,174.81,181.2,174.22,180.07,4330662.0,42.81
2025-07-15,181.0,183.0,180.01,181.85,3950851.0,43.25
2025-07-16,180.99,181.79,179.9,181.3,2752130.0,43.84
2025-07-17,181.3,182.29,180.0,180.7,1621237.0,53.31
2025-07-18,180.3,181.35,178.47,178.74,1941089.0,55.66
2025-07-21,178.65,179.84,177.0,178.82,2359409.0,60.45
2025-07-22,179.5,179.7,177.51,177.93,1600438.0,62.89
2025-07-23,178.7,179.15,177.58,178.14,1797046.0,47.45
2025-07-24,178.35,179.61,175.0,175.14,2493889.0,53.09
2025-07-25,175.0,177.8,172.81,173.11,1864488.0,39.11
2025-07-28,172.8,175.54,172.16,173.99,1322070.0,52.16
2025-07-29,173.1,178.15,172.58,177.03,2293605.0,26.52
2025-07-30,175.5,181.25,175.5,176.61,5504223.0,32.41
2025-07-31,173.5,177.99,167.46,169.51,6059279.0,42.92
2025-08-01,169.0,169.51,164.69,165.53,4702449.0,43.18
2025-08-04,166.13,166.86,162.51,163.8,2479637.0,38.2
2025-08-05,164.2,167.07,162.5,164.27,2211894.0,30.55
2025-08-06,164.27,165.44,161.23,161.52,2795400.0,54.22
2025-08-07,161.4,170.27,160.5,165.84,18187448.0,18.63
2025-08-08,166.15,166.24,162.01,163.19,2642597.0,51.6
2025-08-11,163.19,163.69,160.22,161.99,1749800.0,36.71
2025-08-12,162.0,166.34,162.0,164.81,2047337.0,43.41
2025-08-13,165.31,166.29,163.5,164.32,1445649.0,46.65
2025-08-14,164.32,164.87,162.6,162.92,796444.0,37.06
2025-08-18,164.8,165.14,163.41,164.45,1220860.0,51.26
2025-08-19,164.39,165.79,163.83,164.63,1866207.0,60.78
2025-08-20,164.63,164.95,163.15,163.43,1194347.0,49.34
2025-08-21,163.99,165.2,163.6,164.72,1426608.0,58.28
2025-08-22,164.72,167.36,163.43,166.81,3529704.0,42.96
2025-08-25,167.6,168.35,163.9,164.24,1746429.0,39.52
2025-08-26,163.5,171.07,160.42,161.64,13455154.0,19.09
2025-08-28,161.7,162.1,153.1,154.17,7649335.0,59.48
2025-08-29,154.2,155.49,152.01,152.19,2912337.0,44.67
2025-09-01,152.69,157.19,152.33,156.04,1569328.0,47.3
2025-09-02,156.88,158.43,155.0,156.81,1112810.0,44.71
2025-09-03,157.0,157.61,154.58,155.16,1223141.0,56.21
2025-09-04,156.4,156.93,153.21,153.76,1055500.0,53.93
2025-09-05,153.95,154.89,152.41,153.49,1023994.0,38.39
2025-09-08,154.1,156.56,154.06,155.02,903758.0,47.81
2025-09-09,155.66,158.49,154.13,158.06,2819410.0,52.84
2025-09-10,158.9,162.85,158.11,161.11,2244307.0,49.59
2025-09-11,161.6,162.54,159.39,161.1,1114537.0,45.97
2025-09-12,161.7,162.32,159.31,160.06,1038139.0,55.34
2025-09-15,161.3,168.4,161.0,166.39,4708681.0,38.38
2025-09-16,166.98,169.07,165.4,168.11,1809431.0,44.64
2025-09-17,168.29,169.0,166.06,166.92,1135764.0,50.84
2025-09-18,167.4,167.67,164.59,165.0,1193889.0,47.85
2025-09-19,165.39,171.45,164.67,169.46,3342265.0,45.08
2025-09-22,171.6,172.75,167.5,168.19,2287730.0,41.2
2025-09-23,168.19,171.36,166.46,166.84,4052011.0,48.87
2025-09-24,170.0,172.5,166.36,167.19,4636419.0,25.74
2025-09-25,167.19,168.04,165.8,167.24,1705116.0,54.4
2025-09-26,166.1,166.95,162.02,163.55,1291309.0,39.82
2025-09-29,163.59,164.5,160.45,161.69,1080878.0,49.05
2025-09-30,162.1,167.3,160.3,161.95,3928063.0,40.37
2025-10-01,162.45,163.87,160.29,162.37,2121943.0,54.93
2025-10-03,163.2,166.67,163.18,166.33,2015134.0,55.8
2025-10-06,166.35,167.69,164.1,166.42,1668364.0,61.41
2025-10-07,166.65,166.65,162.5,162.69,2014748.0,65.12
2025-10-08,164.1,168.85,163.05,166.19,3413079.0,32.67
2025-10-09,167.0,171.45,165.25,170.25,3912156.0,38.88
2025-10-10,170.88,173.3,169.21,171.16,3620480.0,48.22
2025-10-13,170.9,171.34,168.72,170.76,1299769.0,41.3
2025-10-14,170.8,171.68,166.91,167.43,1849983.0,61.23
2025-10-15,168.72,176.8,168.71,176.2,9766959.0,50.46
2025-10-16,177.0,177.65,173.5,174.96,3775700.0,37.79
2025-10-17,174.76,174.76,170.0,170.41,1819909.0,51.97
2025-10-20,175.0,180.0,170.41,179.13,9215860.0,38.73
2025-10-21,180.54,182.0,179.1,180.52,1464007.0,56.75
2025-10-22,180.54,182.0,179.1,180.52,1464007.0,56.75
2025-10-23,181.43,182.81,178.2,181.17,4027150.0,50.04
2025-10-24,182.0,185.2,181.18,184.65,7588070.0,59.67
2025-10-27,180.2,183.15,177.26,180.12,5178564.0,45.03
2025-10-28,180.0,181.69,177.91,178.74,2741538.0,57.3
2025-10-29,179.6,185.26,179.5,181.61,5027130.0,44.32
2025-10-30,182.0,182.1,178.5,180.04,1461550.0,50.19
2025-10-31,179.5,181.39,178.5,179.96,1367003.0,54.95
2025-11-03,180.36,182.37,179.01,179.88,1762258.0,44.92
2025-11-04,179.88,182.8,179.51,182.05,3259381.0,71.82
2025-11-05,179.88,182.8,179.51,182.05,3259381.0,71.82
2025-11-06,181.0,181.8,175.0,175.6,1794516.0,56.66
2025-11-07,175.0,175.99,174.05,174.75,1440027.0,54.53
2025-11-10,175.42,175.95,172.0,172.54,930454.0,48.6
2025-11-11,172.54,173.88,169.54,171.1,1693066.0,42.8
2025-11-12,171.69,172.89,170.15,171.84,1235191.0,56.75
2025-11-13,172.4,173.7,171.56,172.22,959237.0,44.0
2025-11-14,172.7,174.75,171.01,174.41,1093571.0,39.86
2025-11-17,175.08,178.1,172.81,175.7,2442534.0,45.31
2025-11-18,175.61,176.0,172.82,174.89,983855.0,50.47
2025-11-19,174.0,174.51,170.91,171.38,1281846.0,54.3
2025-11-20,172.48,174.78,168.83,169.83,1361502.0,51.51
2025-11-21,169.83,172.95,169.75,172.01,1131158.0,37.23
2025-11-24,171.0,171.69,166.2,167.4,2200891.0,57.72
2025-11-25,167.4,168.19,166.01,167.13,797494.0,51.85
2025-11-26,167.39,173.99,167.39,173.44,1567833.0,38.15
2025-11-27,174.18,174.4,169.96,170.84,853009.0,41.06
2025-11-28,171.01,171.55,169.03,170.48,649488.0,51.49
2025-12-01,171.4,173.15,170.3,172.38,769548.0,43.53
2025-12-02,172.4,173.99,171.39,172.98,1619874.0,52.79
2025-12-03,172.44,178.42,172.05,175.35,3119571.0,28.03
2025-12-04,174.46,176.4,173.34,175.87,1160361.0,47.3
2025-12-05,176.0,176.65,173.33,174.0,768522.0,51.1
2025-12-08,174.0,174.27,167.0,168.42,778260.0,48.69
2025-12-09,168.3,168.48,165.2,165.98,1087403.0,46.03
2025-12-10,166.47,168.84,166.46,167.77,1224284.0,66.29
2025-12-11,167.28,170.04,167.07,169.27,877120.0,56.85
2025-12-12,169.5,170.48,168.96,170.07,428230.0,50.64
2025-12-15,169.0,171.5,168.64,170.95,604975.0,45.95
2025-12-16,170.0,171.8,168.2,169.82,2032888.0,76.42
2025-12-17,170.51,170.78,164.9,165.82,1282162.0,57.84
2025-12-18,165.91,168.92,163.2,165.77,1814115.0,50.34
2025-12-19,165.89,169.9,165.86,169.04,963684.0,45.43
2025-12-22,169.69,169.83,167.7,168.09,1002303.0,55.48
2025-12-23,168.09,168.9,167.53,168.34,622271.0,51.81
2025-12-24,168.99,169.25,167.8,168.33,718004.0,40.77
2025-12-25,168.99,169.25,167.8,168.33,718004.0,40.77
2025-12-26,168.33,168.61,166.25,166.59,785502.0,47.59
2025-12-29,166.59,166.88,164.3,164.67,547017.0,49.36
2025-12-30,165.0,166.43,163.99,165.18,554723.0,47.48
2025-12-31,166.0,168.0,165.52,167.56,538817.0,45.88
2026-01-01,168.75,168.75,166.32,167.1,544829.0,46.76
2026-01-02,167.49,176.4,167.01,175.37,4485832.0,41.41
2026-01-05,176.0,177.71,172.67,173.46,969271.0,48.32
2026-01-06,173.26,174.5,170.0,170.77,748701.0,52.12
2026-01-07,170.31,172.25,169.57,171.18,575870.0,53.09
2026-01-08,170.87,171.8,166.11,167.1,1354074.0,59.79
2026-01-09,167.19,167.86,164.95,165.47,903893.0,52.57
2026-01-12,165.47,165.62,160.25,163.26,1594946.0,45.81
2026-01-13,164.07,164.42,159.0,160.1,1655858.0,45.06
2026-01-14,160.0,160.0,155.7,157.07,3707907.0,55.8
2026-01-15,160.0,160.0,155.7,157.07,3707907.0,55.8
2026-01-16,157.16,158.14,155.0,155.73,2089545.0,61.48
2026-01-19,155.71,155.71,151.3,152.21,1762675.0,52.02
2026-01-20,152.21,152.21,146.37,147.2,1529246.0,44.75
2026-01-21,146.8,146.8,141.6,145.12,3932132.0,53.76
2026-01-22,148.0,148.12,142.5,143.45,4947791.0,56.02
2026-01-23,143.7,145.15,139.9,140.43,1619223.0,46.82
2026-01-26,143.7,145.15,139.9,140.43,1619223.0,46.82
2026-01-27,140.43,142.98,138.12,140.44,2713982.0,45.51
2026-01-28,141.33,144.6,141.02,142.95,3177795.0,59.67
2026-01-29,143.59,147.39,143.18,145.83,2539098.0,43.56
2026-01-30,145.44,150.79,143.6,150.16,2133312.0,60.58
2026-02-02,144.6,146.94,142.51,143.16,2759062.0,62.83
2026-02-03,148.99,149.65,143.45,147.44,2175612.0,40.76
2026-02-04,147.5,153.7,146.96,152.83,2697551.0,51.81
2026-02-05,152.71,155.07,151.03,154.38,1575369.0,50.72
2026-02-06,153.85,155.83,150.78,153.91,2710135.0,20.89
2026-02-09,155.0,156.78,150.52,154.58,2066345.0,28.59
2026-02-10,154.55,155.55,154.33,154.65,615233.0,43.21
2026-02-11,155.0,157.0,152.74,155.94,1422956.0,45.22
2026-02-12,155.07,155.7,152.65,154.06,927947.0,42.91
2026-02-13,152.8,154.06,149.52,150.33,1903977.0,49.05
2026-02-16,150.33,155.0,150.33,154.47,1268149.0,37.29
2026-02-17,154.47,156.0,153.5,155.65,595578.0,46.76
2026-02-18,155.2,155.59,153.61,154.07,501247.0,46.49
2026-02-19,154.7,155.01,150.6,151.67,536326.0,58.65
2026-02-20,150.95,157.29,150.82,155.43,3189211.0,41.26
2026-02-23,156.55,157.0,153.79,155.72,1133526.0,46.96
2026-02-24,154.7,156.74,154.3,155.72,918727.0,53.4
2026-02-25,155.66,161.0,155.66,160.06,2329548.0,38.04
2026-02-26,160.85,161.97,158.0,159.78,1988222.0,49.9
2026-02-27,159.19,160.15,156.8,158.15,1409632.0,57.2
2026-03-02,146.92,156.44,146.84,153.49,2033533.0,46.77
2026-03-03,146.92,156.44,146.84,153.49,2033533.0,46.77
2026-03-04,151.0,154.29,150.5,152.33,1556391.0,58.07
2026-03-05,152.61,159.5,152.61,155.54,3001084.0,37.08
2026-03-06,155.95,158.39,152.72,153.57,1730942.0,44.28
2026-03-09,151.0,152.08,148.05,150.21,1411423.0,48.22
2026-03-10,153.0,155.24,151.19,154.52,1783817.0,45.06
2026-03-11,154.0,158.56,153.1,154.29,1635997.0,44.94
2026-03-12,153.4,164.9,152.98,159.42,16610060.0,12.7
2026-03-13,160.12,165.6,158.74,159.73,7292740.0,36.14
2026-03-16,160.04,161.48,152.6,156.55,2560226.0,32.76
2026-03-17,156.55,158.25,155.25,155.93,1205564.0,37.51
2026-03-18,157.0,158.6,155.6,156.35,1732665.0,34.85
2026-03-19,154.7,158.25,153.35,154.02,1309602.0,32.71
2026-03-20,154.95,158.9,152.05,152.74,1713204.0,47.69
2026-03-23,151.8,152.44,147.11,148.7,1512973.0,41.43
2026-03-24,151.9,151.9,149.0,150.29,864234.0,44.05
2026-03-25,152.0,155.21,150.8,152.26,1589848.0,41.75
2026-03-26,152.0,155.21,150.8,152.26,1589848.0,41.75
2026-03-27,152.26,154.17,150.0,151.19,1273784.0,43.32
2026-03-30,150.0,151.86,148.65,150.17,1452067.0,50.04
2026-03-31,150.0,151.86,148.65,150.17,1452067.0,50.04
2026-04-01,153.49,154.9,150.92,153.12,2218241.0,44.18
2026-04-02,152.19,153.95,147.65,153.25,1648243.0,38.22
2026-04-03,152.19,153.95,147.65,153.25,1648243.0,38.22
2026-04-06,152.2,154.68,151.83,154.01,1258314.0,38.98
2026-04-07,153.24,155.27,152.4,153.33,1091900.0,47.32
2026-04-08,158.7,158.7,154.6,156.02,2246550.0,52.52
2026-04-09,156.5,158.5,155.61,156.61,1248909.0,40.58
2026-04-10,156.99,158.91,156.34,157.52,1130764.0,33.56
2026-04-13,155.0,164.65,155.0,160.83,3485814.0,35.23
2026-04-14,155.0,164.65,155.0,160.83,3485814.0,35.23
2026-04-15,163.1,164.85,162.22,163.35,2144601.0,39.12
2026-04-16,164.5,171.23,161.5,170.48,5919386.0,42.07
2026-04-17,173.04,175.5,170.53,171.49,4018215.0,38.78
2026-04-20,170.8,181.5,170.3,179.42,8545395.0,35.27
2026-04-21,180.1,182.97,177.12,178.86,2939883.0,39.91
2026-04-22,177.0,181.9,177.0,180.27,1867851.0,51.89
2026-04-23,178.9,182.04,178.89,180.18,2486787.0,61.31
2026-04-24,180.5,181.74,178.41,180.58,2076878.0,56.67
2026-04-27,181.3,193.3,181.2,188.01,10065502.0,36.25
2026-04-28,188.75,192.0,186.27,191.27,3887767.0,41.75
2026-04-29,192.39,195.0,183.1,186.78,2980036.0,48.99
2026-04-30,183.87,188.5,182.55,187.53,2371203.0,37.79
2026-05-01,183.87,188.5,182.55,187.53,2371203.0,37.79
2026-05-04,192.49,204.5,189.15,198.72,30240309.0,21.2
2026-05-05,199.0,199.89,186.5,186.88,9067001.0,39.82
2026-05-06,188.65,189.1,182.0,185.01,5199531.0,35.55
2026-05-07,184.0,190.2,184.0,186.61,4218285.0,39.54
2026-05-08,186.46,187.45,183.92,184.41,2029703.0,50.64
2026-05-11,184.4,186.59,181.5,182.01,2785275.0,44.14
2026-05-12,181.0,183.99,180.01,180.5,2813100.0,51.04
2026-05-13,180.3,182.91,178.8,179.7,2241623.0,46.57
2026-05-14,179.7,186.37,179.7,184.46,3902215.0,51.15
2026-05-15,185.5,185.74,179.83,180.09,1285444.0,47.35
2026-05-18,179.5,181.25,175.29,176.4,3507494.0,55.41
2026-05-19,177.8,181.95,177.28,181.06,1885950.0,60.85
2026-05-20,180.0,182.9,179.01,180.65,1561563.0,60.95
2026-05-21,181.2,182.48,179.16,179.84,1821751.0,57.85
2026-05-22,179.95,180.0,175.01,177.22,5770683.0,68.53
2026-05-25,180.0,186.49,180.0,185.59,8424081.0,37.76
2026-05-26,185.99,187.37,182.07,182.84,2475543.0,48.61
2026-05-27,183.49,188.7,183.06,185.87,4700932.0,44.64
2026-05-28,183.49,188.7,183.06,185.87,4700932.0,44.64
2026-05-29,187.0,188.32,180.12,182.09,3121806.0,53.06
2026-06-01,182.6,183.3,177.52,178.34,1041275.0,50.16
2026-06-02,176.98,179.7,172.8,178.9,2180420.0,47.59
2026-06-03,177.06,180.91,176.53,180.36,1267784.0,44.74
2026-06-04,178.75,180.42,177.1,177.8,853186.0,52.93
2026-06-05,178.79,182.0,177.63,178.61,1926604.0,68.8
2026-06-08,177.0,180.4,173.11,174.49,1558628.0,61.8
2026-06-09,175.5,175.97,171.1,171.68,1150340.0,56.24
2026-06-10,172.0,172.52,167.0,168.2,1011220.0,56.45
2026-06-11,167.31,168.5,165.2,167.99,1675003.0,68.06
2026-06-12,169.0,169.99,167.75,168.15,1031409.0,52.39
2026-06-15,170.74,172.41,168.35,169.01,1530084.0,51.62
2026-06-16,169.0,173.98,168.95,172.26,1382437.0,53.51
2026-06-17,172.26,172.36,169.5,169.91,1239824.0,53.42
2026-06-18,170.0,171.8,168.3,170.69,1180738.0,44.98
2026-06-19,169.8,171.49,168.45,168.9,979601.0,54.7
2026-06-22,170.4,177.25,169.9,174.22,3275947.0,30.8
2026-06-23,174.22,175.08,171.0,171.13,904003.0,56.37
2026-06-24,171.25,172.47,167.86,169.4,1277250.0,43.95
2026-06-25,170.9,171.68,167.77,168.03,1060021.0,55.01
2026-06-26,170.9,171.68,167.77,168.03,1060021.0,55.01
2026-06-29,168.01,168.77,162.8,164.48,3124658.0,65.97
2026-06-30,164.79,169.91,164.79,168.81,1816596.0,33.23
2026-07-01,168.25,170.79,168.0,169.73,1157797.0,50.61
2026-07-02,169.62,171.2,169.02,170.2,888684.0,49.71
2026-07-03,171.39,171.55,169.3,169.7,690446.0,56.57
2026-07-06,169.85,170.99,168.4,169.22,990939.0,61.66
2026-07-07,169.22,170.47,166.5,166.7,1089689.0,56.78
2026-07-08,165.0,166.51,163.25,163.78,956463.0,51.05
2026-07-09,164.09,164.29,161.95,162.88,1065513.0,56.76
2026-07-10,163.67,166.79,163.67,163.93,1448845.0,63.91
2026-07-13,163.0,164.75,161.14,161.92,2049903.0,64.31
2026-07-14,161.9,162.8,159.03,159.16,1588907.0,57.21
2026-07-15,159.16,164.0,158.93,163.54,1886510.0,48.2
2026-07-16,163.54,166.38,163.0,166.01,1597702.0,57.71
2026-07-17,166.5,166.99,163.47,165.1,783490.0,55.69
2026-07-20,165.0,167.09,164.29,165.61,960309.0,55.12
2026-07-21,165.3,167.45,163.61,165.06,1394628.0,69.1
2026-07-22,164.95,166.76,164.0,164.44,446044.0,58.29
2026-07-23,164.3,164.99,162.0,162.68,564273.0,53.78
2026-07-24,161.88,163.69,161.52,163.18,551918.0,41.85
2026-07-27,163.51,165.32,161.65,162.32,766356.0,50.35
2026-07-28,162.2,165.2,161.84,163.88,1247871.0,61.93
2026-07-29,163.71,164.95,162.5,164.12,549777.0,55.84
2026-07-30,164.0,165.54,161.98,164.93,1322931.0,47.87
2026-07-31,165.46,165.95,163.62,165.57,694292.0,51.4
2026-08-03,166.0,169.1,164.58,165.98,901195.0,39.38
2026-08-04,166.07,167.49,164.1,164.76,560175.0,51.55
2026-08-05,165.5,166.45,163.05,163.52,622390.0,59.45
2026-08-06,163.7,163.83,162.11,162.48,569474.0,57.51
2026-08-07,162.77,165.38,162.29,163.94,1298919.0,52.37
2026-08-10,164.34,165.84,163.5,164.58,1090413.0,54.64
2026-08-11,166.31,166.31,160.4,161.01,1652565.0,56.8
2026-08-12,160.96,162.84,160.4,162.43,720532.0,53.9
2026-08-13,162.21,165.5,160.0,164.83,3269113.0,22.11
2026-08-14,166.74,172.0,165.6,167.83,5557236.0,31.91
2026-08-19,162.0,162.26,158.5,159.66,2882634.0,43.41
2026-08-20,159.21,160.2,155.9,156.61,1965934.0,44.13
2026-08-21,156.49,156.61,154.7,155.09,1607664.0,50.38
2026-08-24,156.0,157.79,155.05,155.27,858640.0,51.04
2026-08-25,155.5,155.5,152.86,154.0,1286177.0,52.95
2026-08-26,154.0,156.15,152.95,153.33,1596604.0,52.83
2026-08-27,153.35,154.17,151.5,152.13,884391.0,52.77
2026-08-28,152.2,152.29,147.83,148.11,1728235.0,66.32
2026-08-31,148.1,148.63,145.42,146.16,1882069.0,60.85
2026-09-01,146.16,146.5,144.01,145.15,1361771.0,58.25
2026-09-02,144.52,147.94,143.55,146.44,1227110.0,43.3
2026-09-03,147.5,151.11,147.0,147.96,1323923.0,50.97
2026-09-04,148.29,149.14,145.91,146.5,1448303.0,74.37
