,Open,High,Low,Close,Volume,DeliveryPct
2016-08-17,271.9,279.3,270.9,276.3,1098165.0,
2016-08-18,277.0,281.6,274.05,278.05,847420.0,
2016-08-19,278.6,279.1,268.5,270.4,706975.0,
2016-08-22,271.3,275.9,265.0,269.05,874018.0,
2016-08-23,271.0,273.5,261.55,264.55,841488.0,
2016-08-24,264.7,284.0,262.7,281.95,2420749.0,
2016-08-25,283.0,286.85,273.35,275.8,1334172.0,
2016-08-26,277.0,283.8,273.15,281.1,1136845.0,
2016-08-29,281.95,301.0,278.2,283.3,4119394.0,
2016-08-30,282.5,290.6,281.5,289.05,1421742.0,
2016-08-31,289.0,296.3,288.05,294.5,1382885.0,
2016-09-01,296.5,303.0,292.0,295.75,1605609.0,
2016-09-02,297.5,304.0,295.0,300.5,1402686.0,
2016-09-06,302.0,309.5,301.5,305.35,1202629.0,
2016-09-07,307.0,312.4,295.1,298.2,2253589.0,
2016-09-08,294.0,297.7,287.25,289.0,1021237.0,
2016-09-09,285.25,291.0,282.3,285.25,1014212.0,
2016-09-12,276.0,290.4,276.0,283.1,914110.0,
2016-09-14,284.0,293.8,284.0,291.8,819809.0,
2016-09-15,292.95,294.0,286.35,287.95,330753.0,
2016-09-16,290.55,307.0,285.3,301.7,1562556.0,
2016-09-19,304.5,306.5,297.0,300.05,651310.0,
2016-09-20,300.0,309.9,298.3,303.25,1114988.0,
2016-09-21,304.9,307.2,300.1,301.9,389701.0,
2016-09-22,304.0,307.0,302.5,303.75,407525.0,
2016-09-23,303.6,305.7,300.7,302.9,371267.0,
2016-09-26,303.0,309.0,301.05,302.75,641975.0,
2016-09-27,305.0,307.5,299.65,304.0,475402.0,
2016-09-28,305.8,305.8,296.3,299.2,344106.0,
2016-09-29,302.7,303.5,274.15,280.0,662478.0,
2016-09-30,280.1,292.0,279.55,287.25,450740.0,
2016-10-03,290.0,301.8,289.55,297.3,509196.0,
2016-10-04,299.0,300.65,289.7,291.4,574441.0,
2016-10-05,292.5,294.95,287.55,289.5,637982.0,
2016-10-06,290.6,303.25,288.2,293.95,1650027.0,
2016-10-07,297.0,304.0,294.75,297.75,1251297.0,
2016-10-10,299.9,299.9,291.8,292.9,390130.0,
2016-10-13,293.0,296.8,287.2,289.9,606535.0,
2016-10-14,291.35,294.0,286.5,287.65,461954.0,
2016-10-17,291.0,294.65,285.35,286.85,541628.0,
2016-10-18,288.8,292.45,286.1,290.25,279703.0,
2016-10-19,291.6,295.0,288.5,292.95,374571.0,
2016-10-20,293.5,293.9,289.1,289.8,335831.0,
2016-10-21,290.4,291.4,286.0,287.6,344059.0,
2016-10-24,288.0,293.55,286.8,291.45,316626.0,
2016-10-25,293.0,293.0,286.5,287.2,184262.0,
2016-10-26,286.1,289.7,285.2,286.4,198168.0,
2016-10-27,285.1,286.9,281.1,281.95,194045.0,
2016-10-28,282.15,286.7,279.0,281.15,237520.0,
2016-11-01,284.0,290.8,284.0,285.65,359063.0,
2016-11-02,282.25,284.8,273.3,274.85,294842.0,
2016-11-03,276.0,276.95,257.5,259.2,530933.0,
2016-11-04,261.05,262.5,251.0,253.0,402781.0,
2016-11-07,256.0,272.4,255.5,268.0,657914.0,
2016-11-08,272.1,272.85,267.95,270.8,219435.0,
2016-11-09,226.65,273.25,226.65,270.05,676958.0,
2016-11-10,275.0,280.65,273.2,274.35,270135.0,
2016-11-11,271.6,271.8,260.0,261.45,293854.0,
2016-11-15,262.0,264.0,230.05,233.85,579667.0,
2016-11-16,240.0,248.35,236.2,245.4,386512.0,
2016-11-17,245.4,266.0,244.0,263.4,676027.0,
2016-11-18,263.0,272.45,260.3,268.2,705393.0,
2016-11-21,269.8,269.8,252.8,253.8,193917.0,
2016-11-22,257.4,264.3,250.1,254.5,392279.0,
2016-11-23,257.1,258.0,250.2,254.9,156600.0,
2016-11-24,255.0,258.0,251.1,254.3,130571.0,
2016-11-25,256.0,261.3,255.2,258.55,180479.0,
2016-11-28,258.0,277.95,257.25,272.0,738785.0,
2016-11-29,273.5,276.8,266.75,268.0,415813.0,
2016-11-30,270.4,280.8,270.0,278.85,844958.0,
2016-12-01,281.85,286.25,269.25,271.1,587855.0,
2016-12-02,270.4,277.2,265.0,269.85,470611.0,
2016-12-05,268.0,273.95,265.6,267.45,294488.0,
2016-12-06,268.4,271.25,263.55,265.2,271510.0,
2016-12-07,266.6,271.95,261.6,263.1,327855.0,
2016-12-08,265.7,272.0,265.7,271.1,226039.0,
2016-12-09,272.0,278.25,269.05,275.6,342663.0,
2016-12-12,280.5,283.9,278.75,280.75,609078.0,
2016-12-13,280.75,281.8,275.0,276.75,320511.0,
2016-12-14,278.75,284.35,276.55,278.05,489867.0,
2016-12-15,275.0,279.7,272.0,274.55,213286.0,
2016-12-16,276.8,276.9,272.4,275.0,249464.0,
2016-12-19,276.9,278.0,267.0,269.85,153171.0,
2016-12-20,270.75,274.95,268.3,271.35,210384.0,
2016-12-21,271.35,273.5,266.2,269.45,178644.0,
2016-12-22,269.45,271.4,264.0,264.85,149585.0,
2016-12-23,264.4,267.7,261.25,262.7,126536.0,
2016-12-26,258.7,262.6,252.05,256.5,163088.0,
2016-12-27,256.5,259.25,251.55,256.05,140234.0,
2016-12-28,259.0,265.6,257.0,259.35,296537.0,
2016-12-29,259.35,275.75,259.2,274.6,664600.0,
2016-12-30,274.0,277.95,271.5,273.9,276819.0,
2017-01-02,271.0,286.4,271.0,282.85,432811.0,
2017-01-03,281.7,307.35,280.0,303.85,1933127.0,
2017-01-04,307.6,331.0,303.95,316.9,4253751.0,
2017-01-05,319.9,326.6,315.3,318.85,1412455.0,
2017-01-06,320.0,325.55,318.85,321.6,1014241.0,
2017-01-09,322.5,329.0,322.0,327.6,1028498.0,
2017-01-10,333.65,340.95,331.55,335.05,1609513.0,
2017-01-11,337.0,340.0,326.45,328.65,768551.0,
2017-01-12,329.9,334.0,325.9,329.8,655523.0,
2017-01-13,331.0,331.45,325.0,325.95,391050.0,
2017-01-16,329.05,332.0,327.2,328.5,360353.0,
2017-01-17,330.0,334.3,324.5,332.8,742235.0,
2017-01-18,334.4,334.5,326.3,328.7,385556.0,
2017-01-19,329.4,339.9,328.05,334.35,940499.0,
2017-01-20,331.5,333.7,324.0,327.8,605192.0,
2017-01-23,328.0,335.3,327.8,331.45,492465.0,
2017-01-24,353.5,360.95,338.0,339.85,2982251.0,
2017-01-25,341.55,343.9,336.7,340.35,970681.0,
2017-01-27,342.1,345.7,335.5,337.4,593660.0,
2017-01-30,337.6,340.7,332.0,334.75,442287.0,
2017-01-31,334.9,335.85,329.0,329.8,312898.0,
2017-02-01,330.5,343.0,326.2,332.25,1258819.0,
2017-02-02,335.9,342.9,335.35,337.9,1018321.0,
2017-02-03,338.8,344.4,335.0,339.6,532401.0,
2017-02-06,341.0,350.9,340.2,346.25,894531.0,
2017-02-07,346.4,354.35,345.1,351.2,899374.0,
2017-02-08,352.8,368.4,352.0,365.25,1303931.0,
2017-02-09,367.0,368.25,358.0,361.25,500732.0,
2017-02-10,372.15,386.9,369.1,379.9,2728426.0,
2017-02-13,381.65,381.8,365.5,369.6,535297.0,
2017-02-14,370.5,370.95,355.0,361.9,476809.0,
2017-02-15,360.0,367.0,352.0,359.45,556324.0,
2017-02-16,359.3,362.8,355.0,360.3,437194.0,
2017-02-17,361.0,397.4,361.0,390.2,1634884.0,
2017-02-20,389.4,396.4,385.55,390.2,900034.0,
2017-02-21,391.0,404.7,389.2,393.45,1408403.0,
2017-02-22,394.0,395.0,379.1,381.75,642640.0,
2017-02-23,381.6,382.0,366.2,368.65,507825.0,
2017-02-27,368.0,374.0,365.25,370.1,432036.0,
2017-02-28,370.95,385.25,366.75,379.85,831408.0,
2017-03-01,381.05,384.4,377.5,380.45,495351.0,
2017-03-02,384.0,387.35,376.0,378.35,366400.0,
2017-03-03,378.35,382.4,374.25,377.7,238272.0,
2017-03-06,377.8,380.8,372.55,373.8,203920.0,
2017-03-07,374.75,376.45,369.4,371.85,172865.0,
2017-03-08,373.6,377.8,367.5,368.8,242466.0,
2017-03-09,368.6,379.0,365.0,369.6,589333.0,
2017-03-10,371.85,376.0,366.1,368.5,268294.0,
2017-03-14,375.0,377.55,366.5,368.85,282552.0,
2017-03-15,371.45,374.0,368.05,369.05,167681.0,
2017-03-16,372.7,380.6,369.1,375.35,447941.0,
2017-03-17,374.0,376.9,370.0,370.65,265792.0,
2017-03-20,371.0,374.3,369.5,371.2,191002.0,
2017-03-21,372.25,372.75,363.5,364.55,210487.0,
2017-03-22,362.0,372.0,360.0,365.35,292298.0,
2017-03-23,367.8,377.8,367.05,374.3,564921.0,
2017-03-24,376.0,376.0,371.6,373.5,281811.0,
2017-03-27,371.0,373.55,365.5,366.2,186300.0,
2017-03-28,368.0,369.0,362.95,364.1,143194.0,
2017-03-29,366.0,367.8,360.25,361.35,174755.0,
2017-03-30,362.0,365.45,360.0,360.6,181387.0,
2017-03-31,361.0,369.4,355.45,363.05,732364.0,
2017-04-03,367.5,376.4,365.2,375.0,498659.0,
2017-04-05,375.0,377.75,370.6,373.2,328719.0,
2017-04-06,371.8,373.9,367.05,368.8,276184.0,
2017-04-07,365.05,379.5,365.05,374.2,497163.0,
2017-04-10,376.0,380.4,371.55,373.2,260416.0,
2017-04-11,373.4,379.8,372.45,376.3,350113.0,
2017-04-12,376.95,385.0,375.6,379.7,642582.0,
2017-04-13,379.7,392.0,377.9,384.95,1061243.0,
2017-04-17,386.35,394.35,386.0,387.7,396383.0,
2017-04-18,388.95,392.6,373.15,377.5,271606.0,
2017-04-19,377.55,379.0,368.1,371.8,356107.0,
2017-04-20,373.0,375.65,362.0,363.3,446639.0,
2017-04-21,365.95,370.0,362.75,365.95,449814.0,
2017-04-24,367.0,373.4,364.3,368.65,437460.0,
2017-04-25,379.9,389.0,378.0,380.9,597578.0,
2017-04-26,381.25,382.0,372.65,375.0,437390.0,
2017-04-27,376.0,382.4,372.6,379.35,239281.0,
2017-04-28,376.7,384.4,375.8,380.95,242655.0,
2017-05-02,381.0,387.85,377.55,378.9,460946.0,
2017-05-03,379.1,384.0,375.15,378.85,535019.0,
2017-05-04,379.0,380.8,375.4,376.45,191608.0,
2017-05-05,374.35,385.4,373.0,374.4,470308.0,
2017-05-08,376.25,382.0,376.25,380.0,240476.0,
2017-05-09,382.3,402.4,377.5,397.1,1943322.0,
2017-05-10,400.45,424.9,400.35,422.7,2420944.0,
2017-05-11,420.0,421.0,402.55,405.0,902522.0,
2017-05-12,405.8,412.65,401.4,405.75,658044.0,
2017-05-15,409.35,419.5,406.4,416.6,945803.0,
2017-05-16,405.55,406.4,392.6,394.7,1265137.0,
2017-05-17,394.7,402.0,393.0,394.45,479804.0,
2017-05-18,392.0,394.4,383.5,387.1,557769.0,
2017-05-19,388.0,391.55,380.1,382.8,287680.0,
2017-05-22,385.25,385.7,375.7,381.85,307156.0,
2017-05-23,382.2,382.2,359.15,363.25,564343.0,
2017-05-24,363.45,379.0,361.35,365.95,472786.0,
2017-05-25,367.9,374.0,365.0,372.55,301901.0,
2017-05-26,373.9,390.0,370.1,388.15,466733.0,
2017-05-29,389.8,389.8,369.3,371.85,320637.0,
2017-05-30,372.2,379.0,366.1,377.25,232061.0,
2017-05-31,379.0,382.3,373.15,381.0,207725.0,
2017-06-01,380.0,389.5,378.6,381.8,362269.0,
2017-06-02,385.25,388.85,381.0,386.0,487265.0,
2017-06-05,387.4,390.8,382.7,386.2,237991.0,
2017-06-06,388.1,395.9,384.15,391.65,408399.0,
2017-06-07,391.7,396.8,389.1,392.15,268223.0,
2017-06-08,393.0,394.2,383.3,387.6,248795.0,
2017-06-09,387.6,387.9,380.2,383.05,248766.0,
2017-06-12,383.9,383.9,375.2,381.3,411567.0,
2017-06-13,383.0,383.0,377.95,380.6,286473.0,
2017-06-14,381.0,385.0,376.8,383.25,262948.0,
2017-06-15,380.4,384.7,380.4,382.0,227597.0,
2017-06-16,382.9,386.0,378.9,384.35,162254.0,
2017-06-19,385.9,386.0,381.1,384.5,177601.0,
2017-06-20,388.0,388.0,370.5,373.55,228803.0,
2017-06-21,373.9,375.9,359.05,363.7,432802.0,
2017-06-22,365.9,367.5,354.5,356.6,296837.0,
2017-06-23,354.8,356.65,339.95,341.25,287626.0,
2017-06-27,349.3,352.0,343.3,350.8,370231.0,
2017-06-28,353.7,353.7,346.55,348.2,186745.0,
2017-06-29,350.1,366.35,348.15,363.4,471900.0,
2017-06-30,359.0,361.75,350.15,353.95,647490.0,
2017-07-03,352.55,358.4,350.0,353.55,425842.0,
2017-07-04,354.0,358.8,352.25,353.65,193090.0,
2017-07-05,352.75,362.15,352.75,358.25,424954.0,
2017-07-06,358.25,365.65,358.2,361.85,828786.0,
2017-07-07,361.45,365.0,357.8,361.6,227074.0,
2017-07-10,365.0,375.95,358.5,364.35,54749.0,
2017-07-11,363.7,367.4,358.5,359.45,300988.0,
2017-07-12,359.55,412.0,359.55,393.2,2629987.0,
2017-07-13,393.2,400.7,382.35,392.55,1148328.0,
2017-07-14,393.95,410.55,389.25,400.1,1886715.0,
2017-07-17,402.95,402.95,392.0,394.95,597050.0,
2017-07-18,395.0,395.0,379.1,383.1,676076.0,
2017-07-19,388.0,392.0,382.55,385.5,697641.0,
2017-07-20,388.7,389.0,380.45,382.7,556653.0,
2017-07-21,385.0,391.8,383.2,388.15,477518.0,
2017-07-24,389.8,390.0,382.8,384.4,321228.0,
2017-07-25,387.4,400.45,380.8,397.75,1076149.0,
2017-07-26,399.7,400.45,388.0,389.3,646129.0,
2017-07-27,390.5,394.65,385.05,387.35,872955.0,
2017-07-28,386.0,395.8,381.05,383.4,396643.0,
2017-07-31,384.4,391.9,384.35,387.0,297788.0,
2017-08-01,388.4,419.5,387.15,414.3,4317748.0,
2017-08-02,411.0,414.0,402.55,406.8,1225046.0,
2017-08-03,405.0,418.4,404.7,410.2,1577486.0,
2017-08-04,409.3,410.95,393.4,403.4,1533228.0,
2017-08-07,395.0,422.35,382.55,417.85,2886864.0,
2017-08-08,419.1,424.15,409.0,412.05,1166755.0,
2017-08-09,408.0,409.2,383.75,398.25,3080683.0,
2017-08-10,393.0,397.0,371.8,381.7,1986523.0,
2017-08-11,381.0,395.5,370.3,386.7,1505571.0,
2017-08-14,369.05,379.1,363.75,378.05,1324677.0,
2017-08-16,378.0,394.8,377.35,390.75,1218652.0,
2017-08-17,391.7,398.0,388.6,392.6,614785.0,
2017-08-18,390.0,406.5,385.55,398.75,2080069.0,
2017-08-21,399.0,420.2,394.2,402.0,3153018.0,
2017-08-22,407.85,413.3,400.0,403.25,1317979.0,
2017-08-23,405.55,408.4,402.4,405.5,464561.0,
2017-08-24,404.1,428.9,402.95,416.3,3139383.0,
2017-08-28,418.0,421.8,411.9,417.05,804851.0,
2017-08-29,417.0,433.95,412.4,424.05,3091984.0,
2017-08-30,426.0,437.85,426.0,431.65,1634794.0,
2017-08-31,431.0,449.95,431.0,448.35,2612439.0,
2017-09-01,450.0,462.8,448.25,460.8,1944678.0,
2017-09-04,456.25,467.0,441.4,451.05,1059250.0,
2017-09-05,451.0,458.85,441.9,453.7,870147.0,
2017-09-06,450.0,452.7,444.7,446.7,633365.0,
2017-09-07,450.0,456.1,443.75,446.75,527944.0,
2017-09-08,450.75,451.6,440.15,443.2,471500.0,
2017-09-11,445.15,462.55,445.05,455.7,1942285.0,
2017-09-12,459.0,465.6,454.1,458.35,860645.0,
2017-09-13,458.5,462.35,433.0,439.4,704197.0,
2017-09-14,449.0,454.6,436.15,440.05,729307.0,
2017-09-15,439.6,443.8,433.7,437.65,445468.0,
2017-09-18,437.65,444.35,433.05,435.3,393294.0,
2017-09-19,436.0,454.0,436.0,451.1,1205484.0,
2017-09-20,454.7,455.65,440.0,441.05,602714.0,
2017-09-21,441.1,444.5,431.9,438.65,424146.0,
2017-09-22,437.7,437.7,412.95,415.4,706808.0,
2017-09-25,414.9,419.55,386.3,409.55,1502562.0,
2017-09-26,416.0,419.0,397.55,399.9,903829.0,
2017-09-27,406.5,411.9,390.3,392.65,742433.0,
2017-09-28,392.0,397.2,380.9,391.1,1017625.0,
2017-09-29,394.0,406.95,393.05,402.95,822648.0,
2017-10-03,410.0,414.95,402.85,405.7,625203.0,
2017-10-04,407.8,412.4,403.0,403.95,455472.0,
2017-10-05,406.3,407.75,400.0,403.1,313801.0,
2017-10-06,406.0,415.0,403.1,413.8,766137.0,
2017-10-09,418.0,429.7,414.4,427.55,889863.0,
2017-10-10,429.9,431.95,419.75,424.25,404075.0,
2017-10-11,425.0,440.95,415.3,426.1,1372621.0,
2017-10-12,428.0,434.5,407.0,429.5,2301284.0,
2017-10-13,429.0,437.8,427.8,432.35,735092.0,
2017-10-16,433.15,440.9,433.0,438.95,602934.0,
2017-10-17,440.5,448.8,435.65,445.55,630214.0,
2017-10-18,441.4,450.45,439.65,448.0,443210.0,
2017-10-19,447.0,447.8,437.25,440.8,57150.0,
2017-10-23,444.35,448.4,437.35,443.85,360634.0,
2017-10-24,440.0,456.0,440.0,452.3,501546.0,
2017-10-25,455.0,456.85,435.3,439.4,441554.0,
2017-10-26,439.0,449.8,436.4,442.0,492624.0,
2017-10-27,445.4,480.5,433.0,446.85,1482802.0,
2017-10-30,451.5,467.6,450.0,462.2,1105119.0,
2017-10-31,461.0,478.0,457.35,468.8,1360983.0,
2017-11-01,472.0,475.6,462.05,464.55,506189.0,
2017-11-02,464.5,469.8,460.9,462.75,276404.0,
2017-11-03,462.0,474.25,462.0,470.65,520550.0,
2017-11-06,470.3,477.3,466.0,467.15,518527.0,
2017-11-07,467.0,472.0,442.0,453.65,665842.0,
2017-11-08,457.0,469.9,438.4,459.15,1935327.0,
2017-11-09,468.0,469.45,440.7,444.4,1195161.0,
2017-11-10,440.65,442.0,425.25,427.45,687044.0,
2017-11-13,425.9,433.0,413.1,426.05,950087.0,
2017-11-14,428.0,429.7,416.75,418.85,346528.0,
2017-11-15,420.1,434.6,418.6,422.55,720944.0,
2017-11-16,425.5,431.3,421.0,424.6,367566.0,
2017-11-17,427.55,432.0,421.55,423.55,359476.0,
2017-11-20,425.6,425.65,414.55,416.1,633166.0,
2017-11-21,416.3,424.6,415.25,416.85,572919.0,
2017-11-22,420.0,420.2,410.25,415.3,528230.0,
2017-11-23,422.0,432.9,417.0,429.3,1300570.0,
2017-11-24,430.0,436.35,426.65,429.4,496978.0,
2017-11-27,429.35,432.75,426.5,429.2,310496.0,
2017-11-28,432.0,432.0,419.3,420.9,593556.0,
2017-11-29,422.0,429.0,417.75,425.5,624165.0,
2017-11-30,426.9,429.0,418.0,425.0,456011.0,
2017-12-01,422.0,428.45,411.2,413.4,456419.0,
2017-12-04,416.65,417.05,404.55,411.3,518630.0,
2017-12-05,407.4,417.0,405.45,412.85,333706.0,
2017-12-06,410.05,413.5,403.1,404.3,431069.0,
2017-12-07,406.0,409.6,404.25,406.7,471947.0,
2017-12-08,406.7,413.8,404.1,410.0,942671.0,
2017-12-11,413.05,421.9,412.3,419.25,638945.0,
2017-12-12,420.1,424.7,414.35,417.55,526431.0,
2017-12-13,417.9,427.4,415.45,418.15,660422.0,
2017-12-14,420.45,423.8,415.95,420.35,382875.0,
2017-12-15,420.15,428.5,420.15,422.75,287517.0,
2017-12-18,423.0,424.0,405.3,417.4,419507.0,
2017-12-19,421.3,427.8,418.65,420.25,406019.0,
2017-12-20,422.0,432.0,420.0,429.0,775017.0,
2017-12-21,429.5,436.15,426.25,428.8,491409.0,
2017-12-22,430.0,440.0,428.75,437.1,801690.0,
2017-12-26,441.0,441.0,428.65,432.95,231024.0,
2017-12-27,434.0,436.8,430.85,432.65,299359.0,
2017-12-28,431.0,437.5,424.5,427.7,195920.0,
2017-12-29,427.4,432.1,425.65,428.6,323403.0,
2018-01-01,428.7,435.75,426.0,431.9,192488.0,
2018-01-02,435.7,435.7,423.5,430.05,366350.0,
2018-01-03,430.95,434.5,424.0,426.15,335065.0,
2018-01-04,426.05,428.3,422.0,423.3,409693.0,
2018-01-05,425.0,427.05,421.2,422.85,513644.0,
2018-01-08,424.75,431.5,423.6,425.85,318959.0,
2018-01-09,426.1,444.2,425.0,442.5,1092299.0,
2018-01-10,445.5,447.65,436.4,438.3,889179.0,
2018-01-11,439.0,446.0,435.1,440.0,637452.0,
2018-01-12,442.5,451.9,438.2,445.95,997055.0,
2018-01-15,450.0,464.4,450.0,460.8,1135880.0,
2018-01-16,461.0,462.95,447.0,453.1,393294.0,
2018-01-17,452.0,453.1,436.35,446.65,704018.0,
2018-01-18,446.5,460.0,434.2,437.4,356401.0,
2018-01-19,437.4,453.0,436.25,446.5,454052.0,
2018-01-22,460.0,460.0,426.7,427.7,1472935.0,
2018-01-23,435.0,435.95,427.0,430.7,725025.0,
2018-01-24,430.7,433.95,424.0,428.75,296076.0,
2018-01-25,430.7,432.85,416.65,419.65,524619.0,
2018-01-29,422.9,422.9,411.5,412.8,331845.0,
2018-01-30,414.7,422.3,410.35,417.2,391790.0,
2018-01-31,419.0,423.35,411.35,413.7,310170.0,
2018-02-01,414.0,417.45,404.4,406.75,304561.0,
2018-02-02,402.5,403.0,375.3,382.9,1019670.0,
2018-02-05,380.0,390.45,369.1,377.3,414702.0,
2018-02-06,362.0,369.3,356.3,362.65,557952.0,
2018-02-07,366.9,375.95,362.8,369.15,515401.0,
2018-02-08,374.0,382.0,370.25,372.9,1000077.0,
2018-02-09,369.0,378.7,359.4,376.4,1245868.0,
2018-02-12,382.0,383.65,376.0,378.85,553226.0,
2018-02-14,381.65,385.95,379.1,381.0,442604.0,
2018-02-15,385.9,387.85,376.0,378.15,354233.0,
2018-02-16,379.2,380.0,366.95,368.3,401716.0,
2018-02-19,368.5,368.65,354.6,360.3,783964.0,
2018-02-20,361.9,366.7,355.05,364.5,977653.0,
2018-02-21,365.1,367.0,356.0,358.15,295979.0,
2018-02-22,356.0,356.0,349.05,351.05,408682.0,
2018-02-23,351.2,359.9,351.1,355.35,789900.0,
2018-02-26,357.9,378.0,356.75,373.9,680858.0,
2018-02-27,382.6,382.6,367.65,369.5,980499.0,
2018-02-28,367.85,367.85,355.1,364.7,462309.0,
2018-03-01,365.2,366.95,358.0,360.05,280517.0,
2018-03-05,360.95,360.95,351.95,356.1,342395.0,
2018-03-06,357.15,364.8,351.2,353.9,569688.0,
2018-03-07,353.8,356.5,340.55,343.2,491155.0,
2018-03-08,344.0,349.9,335.95,344.35,426041.0,
2018-03-09,349.0,349.0,340.0,341.85,277350.0,
2018-03-12,346.0,349.0,338.8,347.05,247590.0,
2018-03-13,348.9,371.4,345.6,367.75,1074778.0,
2018-03-14,367.95,367.95,357.0,361.75,402014.0,
2018-03-15,362.5,362.5,355.65,356.65,261202.0,
2018-03-16,356.0,356.35,344.0,346.3,448912.0,
2018-03-19,346.8,347.6,337.0,338.6,266286.0,
2018-03-20,337.0,343.8,332.8,340.5,325072.0,
2018-03-21,341.9,350.4,337.4,341.0,366348.0,
2018-03-22,338.75,340.8,333.05,338.35,447524.0,
2018-03-23,332.0,333.0,320.0,322.0,458749.0,
2018-03-26,322.0,322.05,310.5,317.25,610550.0,
2018-03-27,318.9,330.0,318.9,327.55,549685.0,
2018-03-28,326.7,333.5,322.0,327.35,638468.0,
2018-04-02,328.9,332.5,327.1,329.95,158563.0,
2018-04-03,330.1,344.8,330.1,340.85,647374.0,
2018-04-04,343.2,345.5,331.2,332.7,396866.0,
2018-04-05,334.7,342.45,334.55,339.8,219479.0,
2018-04-06,339.85,351.5,339.5,343.55,705438.0,
2018-04-09,347.65,359.0,344.5,355.9,757696.0,
2018-04-10,357.9,359.4,346.4,350.65,602662.0,
2018-04-11,349.0,349.65,329.25,335.05,1118035.0,
2018-04-12,335.1,341.5,323.0,338.5,934655.0,
2018-04-13,338.9,343.0,334.3,336.3,408288.0,
2018-04-16,332.3,341.8,329.1,338.8,784729.0,
2018-04-17,338.9,342.5,335.6,337.5,261370.0,
2018-04-18,336.8,337.55,330.2,331.55,286309.0,
2018-04-19,326.05,329.6,321.25,328.15,668586.0,
2018-04-20,326.55,332.65,323.3,327.05,298160.0,
2018-04-23,327.9,333.0,325.8,330.75,387143.0,
2018-04-24,330.7,336.5,329.05,329.95,343615.0,
2018-04-25,330.0,332.0,321.7,322.75,288968.0,
2018-04-26,321.7,321.9,315.2,319.6,435102.0,
2018-04-27,320.8,328.6,317.9,319.35,441984.0,
2018-04-30,321.4,324.9,319.75,321.05,185812.0,
2018-05-02,321.85,323.7,309.55,311.35,408332.0,
2018-05-03,309.4,309.6,298.2,299.8,461067.0,
2018-05-04,300.0,304.3,292.05,297.65,630311.0,
2018-05-07,297.9,305.95,285.55,303.75,898030.0,
2018-05-08,303.45,309.5,297.65,304.05,719466.0,
2018-05-09,296.1,303.0,284.4,300.6,1615476.0,
2018-05-10,299.05,312.2,297.0,302.05,2297979.0,
2018-05-11,302.9,307.95,291.5,294.6,1665596.0,
2018-05-14,294.0,300.4,290.15,292.5,528833.0,
2018-05-15,291.9,302.75,291.25,297.5,809377.0,
2018-05-16,292.0,300.85,291.5,299.3,536229.0,
2018-05-17,299.0,303.5,295.2,298.55,450096.0,
2018-05-18,297.9,302.4,288.55,290.05,544904.0,
2018-05-21,290.0,290.75,278.85,281.9,443620.0,
2018-05-22,281.6,282.5,273.05,279.15,483657.0,
2018-05-23,279.2,283.9,268.1,269.35,621052.0,
2018-05-24,269.4,272.55,262.45,267.5,489708.0,
2018-05-25,269.45,283.55,266.9,281.45,851574.0,
2018-05-28,290.1,299.9,282.25,283.9,971457.0,
2018-05-29,282.25,285.6,278.05,282.25,652565.0,
2018-05-30,280.0,283.9,278.65,283.0,446882.0,
2018-05-31,281.0,286.6,279.6,283.4,840782.0,
2018-06-01,284.05,287.5,280.85,285.4,432858.0,
2018-06-04,288.0,290.5,282.95,288.05,513683.0,
2018-06-05,288.0,290.35,281.35,287.25,446359.0,
2018-06-06,286.35,297.0,282.9,294.65,562575.0,
2018-06-07,296.95,297.75,292.05,294.2,320406.0,
2018-06-08,290.0,306.9,290.0,302.7,499770.0,
2018-06-11,304.9,315.9,302.1,314.9,1296738.0,
2018-06-12,316.0,318.8,309.2,310.8,744265.0,
2018-06-13,311.5,314.1,302.85,305.7,361803.0,
2018-06-14,306.95,306.95,300.5,302.7,298515.0,
2018-06-15,300.15,302.95,296.25,299.85,463543.0,
2018-06-18,304.1,310.5,301.4,303.9,656205.0,
2018-06-19,306.9,308.7,295.0,298.8,1267452.0,
2018-06-20,298.05,304.55,295.2,300.3,390292.0,
2018-06-21,300.15,308.0,297.2,305.5,528087.0,
2018-06-22,304.35,308.5,300.45,307.1,654140.0,
2018-06-25,305.5,305.5,298.8,302.0,416930.0,
2018-06-26,302.95,311.3,294.0,307.55,772232.0,
2018-06-27,304.1,304.1,296.0,298.7,1024370.0,
2018-06-28,295.3,300.4,288.0,294.15,1480680.0,
2018-06-29,293.9,308.0,290.45,304.05,477502.0,
2018-07-02,304.0,304.0,293.05,296.95,473002.0,
2018-07-03,295.75,298.95,293.25,295.05,464447.0,
2018-07-04,296.0,302.0,294.7,299.35,339182.0,
2018-07-05,299.8,305.95,297.3,299.5,672588.0,
2018-07-06,295.5,301.5,290.2,291.1,518549.0,
2018-07-09,293.25,293.25,287.0,291.45,664879.0,
2018-07-10,294.0,294.0,287.25,288.05,314099.0,
2018-07-11,287.0,291.0,285.0,287.75,280032.0,
2018-07-12,296.5,298.8,287.35,288.85,555604.0,
2018-07-13,291.0,291.0,285.25,288.2,213493.0,
2018-07-16,288.2,288.2,266.55,270.8,513270.0,
2018-07-17,275.95,280.3,268.45,277.8,1027070.0,
2018-07-18,279.0,281.7,267.0,271.45,776490.0,
2018-07-19,271.45,276.85,267.85,272.95,351038.0,
2018-07-20,273.0,278.0,269.5,276.25,259311.0,
2018-07-23,278.5,284.0,275.2,280.2,399073.0,
2018-07-24,282.8,286.95,279.2,284.15,411279.0,
2018-07-25,284.2,293.95,284.15,291.25,557671.0,
2018-07-26,291.25,299.9,289.95,297.25,605080.0,
2018-07-27,299.0,303.55,296.85,299.1,444330.0,
2018-07-30,300.0,323.5,300.0,316.6,2509071.0,
2018-07-31,316.5,320.9,297.0,315.05,5704725.0,
2018-08-01,314.5,332.8,310.65,323.75,2995524.0,
2018-08-02,324.2,328.5,321.4,326.95,1310588.0,
2018-08-03,327.05,327.05,311.5,313.2,2008267.0,
2018-08-06,315.15,323.7,313.8,321.55,961511.0,
2018-08-07,319.2,331.9,319.2,330.4,1546391.0,
2018-08-08,329.5,334.35,324.2,332.15,965425.0,
2018-08-09,332.1,336.0,330.7,334.85,751571.0,
2018-08-10,335.05,343.55,334.0,341.25,1095898.0,
2018-08-13,341.0,344.95,336.9,341.8,932960.0,
2018-08-14,319.35,321.85,308.1,309.5,2014786.0,
2018-08-16,308.0,308.75,301.0,302.2,1029715.0,
2018-08-17,301.65,306.95,300.35,304.3,643324.0,
2018-08-20,306.5,311.15,303.05,304.15,556452.0,
2018-08-21,304.9,307.9,301.65,305.55,348143.0,
2018-08-23,304.2,307.0,300.2,305.0,311522.0,
2018-08-24,306.4,313.2,304.65,305.5,480442.0,
2018-08-27,306.8,311.8,305.6,309.6,458542.0,
2018-08-28,309.6,309.6,302.5,304.75,249106.0,
2018-08-29,304.75,316.2,303.5,310.25,775340.0,
2018-08-30,311.3,313.8,306.4,311.6,344140.0,
2018-08-31,311.0,318.0,309.0,314.65,548077.0,
2018-09-03,315.9,316.4,306.1,308.65,162293.0,
2018-09-04,307.05,308.4,290.05,292.35,402367.0,
2018-09-05,290.0,295.5,285.2,294.35,427736.0,
2018-09-06,294.45,299.7,292.6,297.35,218006.0,
2018-09-07,299.4,299.4,291.55,295.25,220497.0,
2018-09-10,293.0,294.5,288.75,289.5,254632.0,
2018-09-11,287.05,293.7,278.7,280.35,745390.0,
2018-09-12,278.0,285.2,270.9,283.9,665188.0,
2018-09-14,287.9,297.55,285.0,289.95,667322.0,
2018-09-17,291.55,307.6,286.55,303.15,881338.0,
2018-09-18,306.0,306.2,286.05,287.95,749773.0,
2018-09-19,289.0,295.0,286.1,290.4,326708.0,
2018-09-21,291.1,293.9,272.15,286.3,546695.0,
2018-09-24,287.4,287.4,271.0,271.95,461793.0,
2018-09-25,271.0,280.9,256.35,279.8,757329.0,
2018-09-26,281.45,285.0,268.45,271.6,379983.0,
2018-09-27,272.45,284.95,263.75,283.0,1128883.0,
2018-09-28,283.75,285.75,267.45,278.4,807214.0,
2018-10-01,279.0,283.0,270.3,281.65,294777.0,
2018-10-03,279.0,301.0,274.0,290.2,678181.0,
2018-10-04,286.0,288.0,272.0,278.8,722435.0,
2018-10-05,266.8,270.95,253.8,256.2,726076.0,
2018-10-08,255.2,257.95,222.2,232.2,1666839.0,
2018-10-09,223.0,233.8,220.65,225.95,866556.0,
2018-10-10,227.0,244.4,225.65,238.2,578717.0,
2018-10-11,228.0,255.0,225.0,246.95,1077741.0,
2018-10-12,252.2,262.55,250.5,258.35,1428988.0,
2018-10-15,264.0,264.0,246.7,256.9,788476.0,
2018-10-16,259.0,268.1,255.2,266.0,373270.0,
2018-10-17,265.55,271.15,253.5,256.1,526518.0,
2018-10-19,247.0,268.0,246.3,265.25,706133.0,
2018-10-22,264.0,269.4,256.1,257.6,242729.0,
2018-10-23,257.0,269.0,246.3,264.95,541378.0,
2018-10-24,272.7,274.9,258.1,265.5,692507.0,
2018-10-25,263.7,265.65,256.0,258.0,295366.0,
2018-10-26,259.9,262.0,251.1,257.2,297983.0,
2018-10-29,257.5,267.3,255.35,262.9,506420.0,
2018-10-30,253.0,261.9,245.15,252.1,1522036.0,
2018-10-31,252.1,259.4,248.5,256.1,542878.0,
2018-11-01,256.6,264.65,256.0,259.65,421820.0,
2018-11-02,270.0,279.85,266.35,274.0,991303.0,
2018-11-05,274.0,276.95,266.95,269.45,271827.0,
2018-11-06,270.0,275.3,266.75,269.15,383580.0,
2018-11-07,272.5,272.5,268.05,270.8,37545.0,
2018-11-09,270.9,277.75,268.45,270.0,613297.0,
2018-11-12,272.0,274.4,265.65,268.25,275702.0,
2018-11-13,266.05,276.0,266.05,272.15,353661.0,
2018-11-14,276.8,285.65,270.05,272.1,1340849.0,
2018-11-15,273.75,275.4,268.4,272.9,288679.0,
2018-11-16,270.05,272.3,263.25,266.9,307640.0,
2018-11-19,269.0,269.85,263.25,264.6,327950.0,
2018-11-20,265.05,267.8,260.0,262.1,548572.0,
2018-11-21,269.1,271.5,259.5,261.15,687339.0,
2018-11-22,260.7,261.2,254.25,256.95,462879.0,
2018-11-26,260.8,266.6,259.65,264.8,493814.0,
2018-11-27,264.9,270.4,261.2,268.4,358523.0,
2018-11-28,272.0,272.1,264.0,268.7,403364.0,
2018-11-29,268.9,280.0,267.4,277.95,438651.0,
2018-11-30,278.0,281.6,271.5,274.3,348485.0,
2018-12-03,274.0,277.4,268.15,275.55,285517.0,
2018-12-04,278.2,279.7,271.15,274.5,294228.0,
2018-12-05,274.7,278.9,270.0,271.6,353162.0,
2018-12-06,272.9,277.9,268.6,274.65,410178.0,
2018-12-07,274.1,277.7,268.6,271.95,219585.0,
2018-12-10,270.45,270.45,260.2,262.35,391627.0,
2018-12-11,252.25,265.4,252.25,262.05,446173.0,
2018-12-12,261.75,268.9,260.1,265.95,230275.0,
2018-12-13,268.7,276.9,266.25,274.45,298881.0,
2018-12-14,271.55,281.5,270.2,278.2,467353.0,
2018-12-17,279.85,280.6,274.5,275.45,138577.0,
2018-12-18,276.5,291.4,275.15,288.75,981878.0,
2018-12-19,291.6,293.8,280.55,282.1,1592210.0,
2018-12-20,281.0,289.85,276.1,287.95,804253.0,
2018-12-21,290.0,291.35,278.95,279.95,682134.0,
2018-12-24,281.9,285.0,277.95,279.5,576445.0,
2018-12-26,281.1,288.35,275.55,280.7,1456982.0,
2018-12-27,281.0,290.95,277.75,287.6,929165.0,
2018-12-28,291.0,293.7,288.3,289.75,715931.0,
2018-12-31,293.0,298.65,290.05,296.5,1106434.0,
2019-01-01,298.95,299.4,289.25,290.55,486310.0,
2019-01-02,288.0,292.65,281.3,285.0,654505.0,
2019-01-03,284.75,286.25,279.05,281.35,241119.0,
2019-01-04,280.2,291.0,278.95,288.3,449693.0,
2019-01-07,290.0,290.1,282.5,284.0,228690.0,
2019-01-08,285.0,285.05,280.15,280.95,243905.0,
2019-01-09,281.5,282.8,266.1,269.9,851526.0,
2019-01-10,267.95,269.1,264.75,267.55,439041.0,
2019-01-11,267.55,268.45,260.05,261.2,459501.0,
2019-01-14,263.0,263.5,258.0,261.45,294470.0,
2019-01-15,263.3,266.1,262.0,264.5,213354.0,
2019-01-16,264.5,266.95,262.5,263.25,243405.0,
2019-01-17,264.25,268.5,262.3,266.2,340110.0,
2019-01-18,267.6,267.6,261.0,263.1,259019.0,
2019-01-21,263.1,265.1,259.5,263.9,193607.0,
2019-01-22,264.4,265.65,260.1,261.7,193211.0,
2019-01-23,260.55,262.85,257.5,260.15,228317.0,
2019-01-24,261.05,265.4,257.25,262.9,327647.0,
2019-01-25,265.0,266.85,255.0,256.75,442051.0,
2019-01-28,256.55,257.0,237.0,243.1,683314.0,
2019-01-29,233.0,249.45,229.6,243.2,2109016.0,
2019-01-30,240.05,244.0,237.3,242.5,431826.0,
2019-01-31,242.0,247.7,236.65,242.15,706361.0,
2019-02-01,243.0,245.0,236.25,238.0,252838.0,
2019-02-04,239.0,239.0,225.35,230.1,454342.0,
2019-02-05,231.0,233.25,225.5,230.85,530238.0,
2019-02-06,232.0,232.7,226.0,229.55,385187.0,
2019-02-07,230.7,238.7,225.3,232.4,989723.0,
2019-02-08,232.0,232.4,219.0,222.35,885542.0,
2019-02-11,221.1,221.9,213.1,217.15,504283.0,
2019-02-12,216.25,219.4,214.05,216.65,293198.0,
2019-02-13,217.95,218.65,211.65,212.85,339733.0,
2019-02-14,211.15,214.95,207.5,212.15,731580.0,
2019-02-15,210.0,217.95,202.25,204.65,1185717.0,
2019-02-18,202.3,207.65,196.8,204.7,1033867.0,
2019-02-19,204.0,209.25,200.95,202.45,623789.0,
2019-02-20,204.5,209.55,204.0,206.6,697140.0,
2019-02-21,207.7,218.5,205.85,217.15,1375793.0,
2019-02-22,217.9,219.95,212.25,214.4,870690.0,
2019-02-25,214.0,221.85,214.0,219.75,777574.0,
2019-02-26,218.0,228.5,212.5,227.05,849949.0,
2019-02-27,227.0,229.0,221.0,222.7,833931.0,
2019-02-28,223.95,229.5,222.0,228.25,587592.0,
2019-03-01,232.0,242.4,230.1,240.85,1106743.0,
2019-03-05,240.0,258.0,238.2,256.1,1170228.0,
2019-03-06,257.7,262.6,253.7,256.0,522205.0,
2019-03-07,256.95,261.2,255.1,257.25,387999.0,
2019-03-08,258.5,258.7,251.95,254.7,304481.0,
2019-03-11,255.9,265.8,255.0,262.05,488878.0,
2019-03-12,262.0,268.75,260.7,263.0,484066.0,
2019-03-13,263.0,267.75,257.9,265.5,509781.0,
2019-03-14,265.0,266.8,260.8,263.95,339454.0,
2019-03-15,265.0,270.25,261.55,263.55,598433.0,
2019-03-18,265.6,269.9,264.15,268.1,386412.0,
2019-03-19,268.5,273.9,257.15,269.5,412853.0,
2019-03-20,270.0,271.6,264.5,266.1,308756.0,
2019-03-22,269.6,269.6,258.5,260.2,276761.0,
2019-03-25,260.0,260.0,252.55,255.25,297175.0,
2019-03-26,255.0,266.2,255.0,263.65,622226.0,
2019-03-27,265.25,266.55,258.15,260.0,374216.0,
2019-03-28,257.5,268.0,257.5,264.75,245723.0,
2019-03-29,269.2,275.45,267.5,273.3,661770.0,
2019-04-01,274.8,278.3,272.55,275.3,443733.0,
2019-04-02,274.9,274.9,267.65,269.45,352742.0,
2019-04-03,269.45,273.0,260.2,261.7,329319.0,
2019-04-04,261.85,265.0,258.0,263.75,320590.0,
2019-04-05,263.75,266.8,262.05,263.15,237302.0,
2019-04-08,261.0,263.7,251.5,252.45,392397.0,
2019-04-09,249.0,257.0,246.25,254.1,1116471.0,
2019-04-10,253.45,258.0,252.0,254.75,204109.0,
2019-04-11,253.0,257.75,252.15,256.25,159423.0,
2019-04-12,257.0,261.0,256.05,260.05,248504.0,
2019-04-15,262.6,264.05,259.75,262.3,168910.0,
2019-04-16,263.6,269.5,260.15,264.5,549487.0,
2019-04-18,266.0,268.25,261.05,262.45,316820.0,
2019-04-22,256.55,262.0,255.4,258.65,331865.0,
2019-04-23,255.25,256.95,250.1,251.85,360627.0,
2019-04-24,255.4,261.0,250.8,258.6,332003.0,
2019-04-25,256.1,264.0,254.7,257.55,336628.0,
2019-04-26,258.5,260.9,255.0,256.3,202350.0,
2019-04-30,259.45,259.65,247.4,253.55,326786.0,
2019-05-02,253.0,257.55,249.35,254.8,252344.0,
2019-05-03,258.0,259.2,249.8,252.6,337858.0,
2019-05-06,250.0,256.4,248.25,253.5,233728.0,
2019-05-07,251.6,256.0,240.2,246.85,1154565.0,
2019-05-08,245.0,254.05,241.0,242.6,1286577.0,
2019-05-09,241.0,243.5,230.6,235.2,946343.0,
2019-05-10,236.0,237.9,229.1,230.7,435186.0,
2019-05-13,229.55,231.9,219.0,220.9,462763.0,
2019-05-14,220.6,220.6,212.3,217.7,548698.0,
2019-05-15,218.8,221.6,208.2,209.2,550960.0,
2019-05-16,210.25,212.85,204.65,210.3,607174.0,
2019-05-17,211.0,214.75,205.8,213.45,842233.0,
2019-05-20,217.5,219.75,210.5,213.35,1472322.0,
2019-05-21,214.4,216.15,206.05,207.0,363779.0,
2019-05-22,206.5,212.75,206.5,210.15,365263.0,
2019-05-23,211.25,216.0,208.05,208.95,396284.0,
2019-05-24,213.3,219.0,208.35,217.95,795429.0,
2019-05-27,218.5,225.0,217.0,223.4,586912.0,
2019-05-28,225.55,234.75,224.4,231.2,717172.0,
2019-05-29,230.9,230.9,224.7,225.6,207073.0,
2019-05-30,226.75,226.75,216.6,220.3,648439.0,
2019-05-31,222.45,227.8,217.7,220.85,445137.0,
2019-06-03,224.4,227.5,220.0,223.25,544718.0,
2019-06-04,224.2,227.4,218.05,219.05,344210.0,
2019-06-06,220.0,221.4,214.05,215.45,226781.0,
2019-06-07,213.0,221.0,210.15,217.05,415977.0,
2019-06-10,215.6,217.45,212.2,214.25,328168.0,
2019-06-11,214.0,215.85,205.0,211.45,1223222.0,
2019-06-12,212.5,217.65,210.3,216.7,401138.0,
2019-06-13,217.9,219.45,212.5,214.6,453457.0,
2019-06-14,213.7,214.25,208.55,210.05,325294.0,
2019-06-17,210.0,210.0,206.85,208.15,279533.0,
2019-06-18,208.0,213.2,207.55,208.2,290722.0,
2019-06-19,209.05,210.95,207.2,208.0,230240.0,
2019-06-20,208.1,213.0,206.75,211.25,215140.0,
2019-06-21,207.45,216.9,207.45,214.45,491792.0,
2019-06-24,212.5,213.95,206.1,206.9,346323.0,
2019-06-25,206.8,211.7,205.05,208.55,296556.0,
2019-06-26,208.1,212.0,206.1,210.7,208389.0,
2019-06-27,211.6,213.4,207.4,208.0,495803.0,
2019-06-28,208.2,210.5,207.6,208.1,125510.0,
2019-07-01,209.5,209.8,206.0,206.9,103729.0,
2019-07-02,207.1,209.3,203.1,206.8,360222.0,
2019-07-03,208.25,209.5,205.0,206.2,153700.0,
2019-07-04,206.0,208.0,206.0,206.9,103412.0,
2019-07-05,207.95,207.95,203.35,205.2,298948.0,
2019-07-08,202.1,203.95,192.0,193.1,405850.0,
2019-07-09,192.0,193.25,186.75,189.0,262941.0,
2019-07-10,189.8,189.8,180.1,182.2,331438.0,
2019-07-11,181.85,182.5,176.0,179.65,372066.0,
2019-07-12,180.55,189.25,178.45,187.15,594583.0,
2019-07-15,188.1,190.75,184.9,189.9,210540.0,
2019-07-16,190.0,196.9,187.0,194.35,255224.0,
2019-07-17,197.1,198.75,194.6,196.95,257207.0,
2019-07-18,195.95,197.3,191.7,194.55,245702.0,
2019-07-19,195.0,195.4,192.15,194.15,102890.0,
2019-07-22,195.4,196.85,186.85,194.5,100793.0,
2019-07-23,193.75,195.95,191.85,194.6,50598.0,
2019-07-24,194.1,196.95,192.35,195.0,159340.0,
2019-07-25,195.5,195.9,193.55,194.7,71608.0,
2019-07-26,193.75,196.3,189.95,194.05,102546.0,
2019-07-29,193.25,208.8,189.1,204.7,1676365.0,
2019-07-30,200.0,201.5,194.6,196.05,385826.0,
2019-07-31,195.0,198.2,190.2,197.4,142153.0,
2019-08-01,195.7,196.95,190.0,190.65,191350.0,
2019-08-02,187.8,194.8,187.8,192.15,116241.0,
2019-08-05,190.5,193.7,190.0,192.05,72640.0,
2019-08-06,190.1,194.0,190.1,193.0,75754.0,
2019-08-07,191.05,198.75,190.4,194.9,202301.0,
2019-08-08,196.0,198.15,192.55,194.7,219149.0,
2019-08-09,194.0,199.3,192.95,194.3,156726.0,
2019-08-13,192.05,197.75,192.05,195.0,62735.0,
2019-08-14,193.25,195.9,193.15,193.8,106584.0,
2019-08-16,195.0,197.85,192.8,194.2,118363.0,
2019-08-19,194.1,196.5,191.0,195.75,52223.0,
2019-08-20,192.0,197.3,191.6,196.15,121251.0,
2019-08-21,193.1,196.7,191.85,194.05,57906.0,
2019-08-22,192.35,194.45,183.0,190.75,309361.0,
2019-08-23,189.7,204.3,186.05,187.95,150528.0,47.55
2019-09-30,211.6,213.4,207.4,208.0,495803.0,44.47
2019-10-01,176.25,185.9,167.45,169.45,634937.0,16.94
2019-10-02,176.25,185.9,167.45,169.45,634937.0,16.94
2019-10-03,166.55,177.0,166.55,175.8,690294.0,30.94
2019-10-04,179.0,179.0,167.8,168.75,651483.0,33.27
2019-10-07,168.75,169.7,163.5,165.1,193823.0,54.34
2019-10-08,168.75,169.7,163.5,165.1,193823.0,54.34
2019-10-09,165.15,167.6,164.1,165.05,235150.0,53.33
2019-10-10,165.05,165.75,160.15,161.65,248421.0,61.44
2019-10-11,163.7,163.7,157.05,158.7,182407.0,55.43
2019-10-14,161.9,161.9,153.5,154.95,179242.0,43.64
2019-10-15,154.95,157.65,154.0,155.3,125914.0,41.78
2019-10-16,155.6,161.5,155.6,160.15,282317.0,40.7
2019-10-17,161.15,164.9,158.65,161.95,540909.0,19.23
2019-10-18,161.0,161.75,153.85,160.0,336062.0,45.62
2019-10-21,161.0,161.75,153.85,160.0,336062.0,45.62
2019-10-22,170.0,172.2,163.75,165.2,298477.0,28.51
2019-10-23,164.05,165.75,156.75,157.9,240751.0,67.03
2019-10-24,159.8,160.3,156.2,156.9,127157.0,55.19
2019-10-25,156.9,156.9,153.65,154.3,85036.0,43.38
2019-10-28,155.0,157.0,153.6,155.65,17547.0,57.22
2019-10-29,156.8,156.8,151.0,155.2,176504.0,44.88
2019-10-30,156.0,156.8,155.05,155.7,218298.0,64.71
2019-10-31,157.0,159.9,156.0,158.2,195238.0,38.31
2019-11-01,158.8,158.8,155.55,156.45,100894.0,33.93
2019-11-04,156.45,161.5,155.6,160.6,232600.0,46.53
2019-11-05,160.0,160.0,155.1,156.35,99328.0,57.06
2019-11-06,157.7,157.7,155.0,155.5,60529.0,32.92
2019-11-07,156.5,156.75,153.5,154.65,58628.0,35.89
2019-11-08,156.0,157.0,151.1,152.35,115277.0,36.12
2019-11-11,152.5,152.95,150.5,151.3,61987.0,37.67
2019-11-12,152.5,152.95,150.5,151.3,61987.0,37.67
2019-11-13,151.0,151.85,146.0,146.55,125182.0,58.35
2019-11-14,146.55,147.7,140.0,141.1,184847.0,46.54
2019-11-15,140.5,143.35,139.15,140.4,205104.0,73.09
2019-11-18,140.4,141.35,139.0,139.6,120704.0,61.69
2019-11-19,139.7,140.3,137.1,137.85,134444.0,63.28
2019-11-20,138.6,139.2,134.65,136.35,138225.0,51.46
2019-11-21,136.6,137.3,133.75,136.9,119659.0,48.21
2019-11-22,136.95,139.6,134.2,134.75,132494.0,43.88
2019-11-25,135.0,139.0,134.0,136.15,134644.0,32.38
2019-11-26,137.95,137.95,126.5,128.35,334024.0,67.97
2019-11-27,128.5,129.25,126.2,128.25,223670.0,41.6
2019-11-28,128.75,129.0,126.0,126.55,159129.0,43.11
2019-11-29,125.8,128.35,125.0,125.7,158857.0,45.75
2019-12-02,125.85,126.85,120.3,122.35,219161.0,51.71
2019-12-03,122.1,123.0,120.05,121.55,227759.0,60.92
2019-12-04,120.0,120.95,117.8,118.35,613653.0,79.75
2019-12-05,118.4,119.35,114.7,115.65,208263.0,50.39
2019-12-06,116.0,117.75,114.7,115.35,200283.0,34.32
2019-12-09,113.6,115.8,113.0,115.05,189484.0,52.51
2019-12-10,115.4,116.05,110.05,111.0,152427.0,43.84
2019-12-11,110.0,112.45,107.6,109.45,191243.0,62.64
2019-12-12,111.8,116.9,111.05,114.45,421016.0,21.55
2019-12-13,115.1,117.55,114.55,115.85,128594.0,38.41
2019-12-16,116.1,119.4,116.1,117.95,214525.0,35.8
2019-12-17,118.9,119.7,114.0,115.75,147637.0,54.04
2019-12-18,116.15,116.65,114.5,114.95,58466.0,40.57
2019-12-19,113.05,116.0,113.05,114.05,108273.0,25.31
2019-12-20,113.4,114.95,113.15,113.9,79783.0,41.04
2019-12-23,112.0,114.45,112.0,113.0,57359.0,42.27
2019-12-24,113.0,113.45,111.1,111.9,65569.0,50.02
2019-12-25,113.0,113.45,111.1,111.9,65569.0,50.02
2019-12-26,111.9,112.4,110.35,110.85,56752.0,57.0
2019-12-27,111.3,117.0,110.2,114.9,243469.0,43.66
2019-12-30,115.9,118.4,113.4,117.5,295492.0,63.08
2019-12-31,118.1,125.9,117.1,123.55,656419.0,35.47
2020-01-01,123.4,125.8,121.1,122.85,187099.0,39.06
2020-01-02,122.85,127.9,122.85,125.65,199384.0,36.71
2020-01-03,125.0,126.2,122.0,122.65,124091.0,52.54
2020-01-06,122.0,122.55,115.05,115.45,171980.0,44.17
2020-01-07,117.0,118.5,113.2,114.0,119854.0,54.32
2020-01-08,110.1,112.3,109.65,111.05,137566.0,52.25
2020-01-09,114.45,115.0,112.2,113.65,129381.0,38.11
2020-01-10,114.9,136.35,113.8,135.85,4043969.0,17.69
2020-01-13,141.0,149.8,137.35,146.2,6145604.0,12.43
2020-01-14,145.45,147.8,140.0,146.5,1572773.0,19.29
2020-01-15,144.75,152.8,144.75,150.6,1281236.0,18.96
2020-01-16,151.2,154.8,148.5,150.15,658834.0,25.31
2020-01-17,150.9,151.0,144.3,145.7,364891.0,35.9
2020-01-20,160.0,164.0,151.35,152.45,2273836.0,18.45
2020-01-21,152.0,152.25,147.2,148.1,420255.0,34.16
2020-01-22,149.5,150.5,142.15,143.55,290511.0,35.59
2020-01-23,145.0,145.15,140.45,141.45,259107.0,39.78
2020-01-24,144.0,147.0,143.15,145.05,532134.0,23.49
2020-01-27,144.95,145.9,141.45,142.0,148760.0,33.18
2020-01-28,142.3,143.0,136.2,137.3,183871.0,45.03
2020-01-29,137.55,138.6,132.6,133.6,193736.0,43.96
2020-01-30,133.8,133.8,127.05,129.2,263293.0,53.93
2020-01-31,130.9,131.8,123.2,124.7,138609.0,49.26
2020-02-03,123.0,128.0,117.95,118.65,199000.0,44.35
2020-02-04,119.9,121.6,118.2,119.3,238203.0,43.17
2020-02-05,119.9,120.4,117.6,118.65,215522.0,45.11
2020-02-06,119.1,127.2,118.3,122.15,944528.0,32.0
2020-02-07,122.45,125.95,121.3,123.65,311702.0,35.74
2020-02-10,123.9,124.5,120.2,120.95,157959.0,40.97
2020-02-11,120.95,121.8,119.0,120.25,209134.0,54.33
2020-02-12,121.1,121.1,116.65,117.15,162838.0,44.17
2020-02-13,117.5,117.75,114.4,114.85,127452.0,62.11
2020-02-14,115.1,124.05,115.1,118.3,838745.0,21.72
2020-02-17,119.25,119.25,116.7,117.45,128664.0,53.66
2020-02-18,117.45,117.9,112.0,114.85,188119.0,54.47
2020-02-19,114.8,117.8,113.7,114.6,178837.0,51.8
2020-02-20,114.55,116.0,113.0,113.25,134225.0,65.52
2020-02-21,114.55,116.0,113.0,113.25,134225.0,65.52
2020-02-24,112.95,115.5,110.15,111.45,168032.0,43.03
2020-02-25,112.2,112.7,109.5,111.0,162783.0,68.9
2020-02-26,111.8,112.5,109.25,109.7,106638.0,48.46
2020-02-27,109.5,109.8,102.7,105.45,209839.0,48.52
2020-02-28,96.95,102.9,96.95,101.2,269420.0,59.25
2020-03-02,103.0,106.85,100.2,103.0,366446.0,47.55
2020-03-03,106.5,107.55,101.0,102.25,166581.0,46.67
2020-03-04,101.6,102.45,96.0,97.9,265060.0,55.9
2020-03-05,98.55,101.25,98.5,99.5,317142.0,72.86
2020-03-06,98.2,117.4,90.0,93.1,243986.0,47.32
2020-03-09,93.0,96.1,90.1,94.3,555931.0,50.4
2020-03-10,93.0,96.1,90.1,94.3,555931.0,50.4
2020-03-11,94.3,95.55,88.5,89.0,179220.0,63.77
2020-03-12,85.0,85.0,76.3,78.0,386599.0,69.62
2020-03-13,74.0,74.6,63.0,72.1,414373.0,46.7
2020-03-16,71.7,71.7,66.15,69.55,193502.0,53.45
2020-03-17,69.0,71.5,67.6,68.25,112142.0,50.86
2020-03-18,69.05,71.0,65.0,65.6,138708.0,55.75
2020-03-19,65.0,65.0,62.25,63.45,140522.0,55.17
2020-03-20,68.45,69.3,64.2,66.35,203337.0,37.21
2020-03-23,54.0,61.95,54.0,55.65,174233.0,57.35
2020-03-24,56.2,58.45,53.1,56.75,137356.0,49.28
2020-03-25,56.5,56.5,53.5,55.75,116287.0,65.09
2020-03-26,56.85,57.9,54.6,57.05,134034.0,63.41
2020-03-27,57.55,62.75,56.3,56.85,225760.0,53.09
2020-03-30,57.0,60.1,54.75,56.75,175775.0,57.89
2020-03-31,58.6,62.4,56.8,60.55,424207.0,42.76
2020-04-01,60.8,64.15,59.1,59.6,237131.0,55.21
2020-04-02,60.8,64.15,59.1,59.6,237131.0,55.21
2020-04-03,61.5,61.5,58.5,59.5,190068.0,56.54
2020-04-06,61.5,61.5,58.5,59.5,190068.0,56.54
2020-04-07,60.8,62.75,60.1,60.55,491705.0,56.8
2020-04-08,60.95,62.25,60.0,60.25,325754.0,64.01
2020-04-09,61.9,63.3,60.35,62.05,552059.0,62.22
2020-04-10,61.9,63.3,60.35,62.05,552059.0,62.22
2020-04-13,62.45,63.25,61.0,62.55,308654.0,65.06
2020-04-15,64.5,65.0,62.25,63.05,431504.0,57.63
2020-04-16,63.05,68.4,61.9,65.55,626657.0,59.5
2020-04-17,68.25,71.75,65.4,69.65,1501318.0,44.11
2020-04-20,70.95,74.0,68.25,71.45,1213485.0,44.85
2020-04-21,69.0,69.0,64.35,65.25,758810.0,62.22
2020-04-22,65.5,65.6,61.7,63.85,401736.0,48.85
2020-04-23,65.7,68.9,64.2,64.8,1067146.0,34.43
2020-04-24,64.1,65.0,62.5,62.7,319472.0,61.59
2020-04-27,63.8,64.2,62.2,62.35,297390.0,62.35
2020-04-28,62.65,63.65,61.6,62.5,304348.0,56.28
2020-04-29,63.5,64.1,61.65,61.75,571682.0,67.89
2020-04-30,63.05,63.5,61.6,62.45,926553.0,60.08
2020-05-01,63.05,63.5,61.6,62.45,926553.0,60.08
2020-05-04,61.3,61.4,59.6,60.4,370055.0,56.27
2020-05-05,61.5,62.7,60.25,60.5,463149.0,47.67
2020-05-06,60.7,60.95,57.7,58.45,367540.0,53.23
2020-05-07,59.0,59.7,58.2,58.4,235202.0,60.59
2020-05-08,59.6,59.6,57.15,57.7,175582.0,60.24
2020-05-11,58.7,58.8,57.05,57.25,209302.0,63.78
2020-05-12,57.4,57.9,56.25,56.7,359803.0,67.22
2020-05-13,58.0,58.55,57.0,57.2,478084.0,69.1
2020-05-14,57.3,58.45,56.85,57.25,463248.0,59.8
2020-05-15,57.95,57.95,54.75,55.3,816862.0,65.32
2020-05-18,56.0,56.0,53.0,53.95,381790.0,53.0
2020-05-19,54.15,56.45,53.8,54.3,534310.0,44.23
2020-05-20,55.0,55.15,53.55,53.85,370801.0,59.93
2020-05-21,51.0,52.95,50.1,51.2,1461130.0,39.21
2020-05-22,51.05,51.6,49.2,49.6,638848.0,58.15
2020-05-25,51.05,51.6,49.2,49.6,638848.0,58.15
2020-05-26,50.0,50.15,48.55,49.15,343582.0,66.06
2020-05-27,49.3,49.45,47.6,47.95,743726.0,60.55
2020-05-28,48.15,52.7,47.7,51.05,2350073.0,32.23
2020-05-29,51.7,56.15,51.05,54.75,3555569.0,54.77
2020-06-01,56.75,58.0,55.5,57.1,1414359.0,42.15
2020-06-02,57.1,58.25,56.0,56.45,657728.0,58.71
2020-06-03,57.2,57.6,56.0,56.45,670336.0,61.09
2020-06-04,57.0,59.6,56.4,57.95,1216786.0,50.25
2020-06-05,58.9,64.3,58.7,63.05,3035577.0,31.59
2020-06-08,64.9,73.0,64.35,69.0,3669124.0,38.71
2020-06-09,71.4,73.75,69.0,70.65,2068772.0,42.24
2020-06-10,73.5,74.8,69.0,73.7,2731619.0,41.35
2020-06-11,74.1,77.15,71.1,72.3,1701284.0,39.28
2020-06-12,66.1,71.4,65.25,70.25,1461487.0,38.17
2020-06-15,70.8,72.0,69.0,70.2,885501.0,57.36
2020-06-16,72.0,72.0,66.4,68.8,1288365.0,54.6
2020-06-17,68.0,69.9,66.65,67.35,752592.0,52.79
2020-06-18,67.0,69.25,67.0,68.2,550100.0,40.59
2020-06-19,69.3,70.0,68.25,68.95,764733.0,68.19
2020-06-22,70.35,75.9,69.6,72.55,2829957.0,36.33
2020-06-23,73.45,87.05,72.1,87.05,8863848.0,20.97
2020-06-24,92.7,95.8,82.4,84.15,9604038.0,32.66
2020-06-25,84.1,86.4,82.05,83.1,1996181.0,28.5
2020-06-26,84.0,86.0,83.3,83.7,1069832.0,36.81
2020-06-29,83.0,83.75,79.0,79.35,1031585.0,42.69
2020-06-30,80.7,82.0,77.2,77.6,781104.0,35.78
2020-07-01,77.8,78.25,75.0,76.6,960068.0,35.51
2020-07-02,77.75,82.5,77.55,80.35,1794538.0,32.87
2020-07-03,81.15,82.25,79.7,80.15,983401.0,42.42
2020-07-06,81.0,82.85,80.0,81.0,1118027.0,45.29
2020-07-07,81.5,81.6,80.0,80.2,752073.0,51.61
2020-07-08,80.9,84.8,80.75,82.15,1999232.0,39.07
2020-07-09,82.35,83.6,80.15,81.75,768315.0,35.53
2020-07-10,81.75,82.3,80.2,81.05,851294.0,68.01
2020-07-13,81.65,82.2,80.0,80.15,444451.0,44.35
2020-07-14,79.9,79.9,78.0,78.4,514799.0,51.41
2020-07-15,78.95,80.8,77.4,77.9,503981.0,52.03
2020-07-16,77.6,78.3,75.3,76.85,513250.0,48.55
2020-07-17,77.4,84.65,76.25,82.75,3665727.0,23.16
2020-07-20,83.3,83.9,82.05,82.35,884874.0,44.99
2020-07-21,82.95,91.8,82.1,88.85,8101842.0,27.83
2020-07-22,90.5,90.9,85.5,87.1,4242628.0,36.06
2020-07-23,87.0,90.45,86.65,88.5,1747769.0,27.17
2020-07-24,87.8,89.9,85.35,87.65,1787256.0,37.26
2020-07-27,93.4,93.4,87.05,87.65,5267234.0,26.97
2020-07-28,87.5,87.9,85.65,86.1,1097076.0,33.33
2020-07-29,86.1,86.6,84.05,84.3,992041.0,35.89
2020-07-30,84.5,84.6,80.95,81.25,859737.0,38.85
2020-07-31,81.4,81.55,79.5,79.7,644289.0,47.66
2020-08-03,79.35,81.2,78.35,79.1,496853.0,41.58
2020-08-04,80.0,81.4,79.3,80.2,555100.0,36.12
2020-08-05,80.45,82.45,80.05,80.25,603261.0,35.21
2020-08-06,80.75,85.9,80.25,83.85,2272100.0,22.19
2020-08-07,83.85,84.8,83.3,83.75,464003.0,41.34
2020-08-10,83.7,84.95,82.0,82.35,539635.0,50.77
2020-08-11,83.0,83.95,82.5,82.7,395707.0,42.33
2020-08-12,82.1,83.4,80.9,81.25,490745.0,60.73
2020-08-13,81.8,82.5,79.9,80.0,869597.0,65.14
2020-08-14,80.75,82.35,79.1,79.45,1131339.0,39.4
2020-08-17,80.2,80.6,79.3,79.8,423497.0,49.9
2020-08-18,78.7,81.9,78.35,78.9,1274428.0,45.41
2020-08-19,79.5,83.75,79.1,82.7,2363224.0,39.31
2020-08-20,81.85,84.8,81.45,81.95,2396999.0,45.77
2020-08-21,82.65,83.8,82.0,82.3,832239.0,48.03
2020-08-24,83.0,83.5,81.7,82.5,836264.0,57.2
2020-08-25,82.95,84.45,81.45,83.5,1242326.0,38.77
2020-08-26,84.2,85.25,83.0,83.65,1371777.0,39.08
2020-08-27,84.0,84.3,82.5,82.65,501528.0,55.21
2020-08-28,83.0,83.85,81.1,81.65,623881.0,60.81
2020-08-31,89.95,89.95,79.8,80.35,1887087.0,38.66
2020-09-01,78.8,81.95,78.8,79.9,448768.0,41.82
2020-09-02,80.05,81.0,79.55,79.85,340845.0,50.1
2020-09-03,79.95,81.4,79.9,80.15,355011.0,29.49
2020-09-04,79.7,79.95,77.85,78.75,347031.0,37.56
2020-09-07,79.3,79.8,77.1,77.35,248350.0,63.5
2020-09-08,77.45,80.1,76.5,77.1,627580.0,24.82
2020-09-09,77.1,78.8,74.7,75.7,561635.0,33.07
2020-09-10,76.95,77.5,76.15,76.95,418323.0,40.08
2020-09-11,77.25,77.65,76.5,76.6,239680.0,42.02
2020-09-14,78.5,80.3,77.6,79.05,738947.0,35.02
2020-09-15,79.4,80.35,77.0,77.65,306663.0,42.69
2020-09-16,78.0,79.9,77.7,79.05,409999.0,36.91
2020-09-17,78.1,79.4,77.35,77.5,283861.0,45.87
2020-09-18,78.95,79.7,75.35,76.25,798532.0,38.4
2020-09-21,75.15,76.25,71.3,72.45,428626.0,57.43
2020-09-22,72.45,72.95,67.6,70.6,434568.0,38.08
2020-09-23,70.6,72.0,68.35,69.55,278853.0,38.48
2020-09-24,67.95,68.9,66.55,67.05,300967.0,51.75
2020-09-25,67.15,69.05,65.75,66.65,958239.0,41.14
2020-09-28,68.0,70.65,67.4,70.1,562775.0,35.68
2020-09-29,70.95,72.4,70.15,71.25,565942.0,30.42
2020-09-30,71.0,71.5,68.4,68.95,293964.0,44.24
2020-10-01,69.6,70.1,69.0,69.75,232927.0,38.06
2020-10-02,69.6,70.1,69.0,69.75,232927.0,38.06
2020-10-05,69.75,70.75,69.1,69.3,216252.0,39.24
2020-10-06,69.65,70.8,68.1,68.9,317901.0,41.13
2020-10-07,68.55,70.6,68.1,68.35,320370.0,39.69
2020-10-08,68.8,69.35,66.9,67.3,295696.0,49.73
2020-10-09,67.3,68.7,66.55,67.65,416242.0,29.73
2020-10-12,67.85,68.5,67.45,68.0,221772.0,41.96
2020-10-13,68.0,68.0,66.2,66.95,131979.0,57.46
2020-10-14,66.6,66.7,64.75,65.15,328056.0,58.86
2020-10-15,65.8,67.0,64.65,64.85,246242.0,47.69
2020-10-16,64.85,65.45,63.8,63.95,332112.0,57.72
2020-10-19,64.25,66.45,63.8,64.55,580751.0,48.62
2020-10-20,64.6,65.9,64.3,64.55,296583.0,54.44
2020-10-21,65.0,70.2,65.0,67.75,1728143.0,34.32
2020-10-22,71.55,81.3,71.25,81.3,15497025.0,17.52
2020-10-23,83.0,84.35,76.25,76.9,7163919.0,24.72
2020-10-26,76.6,81.25,75.4,79.0,4462651.0,14.88
2020-10-27,79.35,79.35,76.55,77.0,985756.0,31.43
2020-10-28,76.2,77.3,74.55,74.8,605588.0,37.59
2020-10-29,73.8,74.2,72.65,73.75,483099.0,33.76
2020-10-30,76.35,79.8,75.5,77.0,4063821.0,10.2
2020-11-02,77.0,77.65,75.1,75.5,476038.0,36.57
2020-11-03,74.75,76.6,73.6,74.1,453227.0,37.39
2020-11-04,74.05,74.9,73.05,73.45,364101.0,32.41
2020-11-05,74.05,76.25,73.7,75.8,651202.0,37.48
2020-11-06,75.9,77.5,74.0,75.15,614134.0,32.04
2020-11-09,75.8,76.35,75.0,75.65,361440.0,38.4
2020-11-10,75.95,78.35,75.5,77.7,878271.0,50.23
2020-11-11,78.0,78.45,76.25,76.95,407294.0,36.3
2020-11-12,76.85,80.5,76.45,79.3,1133044.0,35.44
2020-11-13,79.0,79.6,78.5,78.95,436927.0,36.28
2020-11-16,79.4,80.2,79.05,79.85,219093.0,64.55
2020-11-17,80.75,82.0,79.1,79.8,1005317.0,45.27
2020-11-18,79.8,82.0,78.4,81.05,808861.0,44.7
2020-11-19,80.8,83.85,80.05,83.05,1774748.0,41.95
2020-11-20,83.0,83.8,80.4,82.2,827309.0,33.93
2020-11-23,82.15,85.45,81.5,84.3,1060612.0,38.17
2020-11-24,84.85,88.8,83.45,87.8,2374522.0,45.64
2020-11-25,89.0,90.8,83.2,84.75,2501975.0,31.17
2020-11-26,85.1,87.7,83.65,86.2,970486.0,31.63
2020-11-27,86.35,87.2,85.1,85.5,559741.0,47.89
2020-11-30,86.35,87.2,85.1,85.5,559741.0,47.89
2020-12-01,86.05,88.5,85.0,87.75,1014921.0,40.88
2020-12-02,87.85,92.35,87.65,89.55,2547342.0,32.3
2020-12-03,90.0,93.6,89.95,91.8,1425862.0,37.79
2020-12-04,92.3,92.8,89.75,90.6,915461.0,45.0
2020-12-07,91.2,93.4,91.0,92.2,937989.0,41.04
2020-12-08,92.95,99.5,91.65,98.55,5792997.0,24.1
2020-12-09,100.55,104.9,99.25,102.8,3886763.0,24.77
2020-12-10,103.35,103.35,97.25,101.95,1907775.0,25.23
2020-12-11,102.8,107.2,102.15,104.45,2492955.0,25.4
2020-12-14,105.85,111.8,104.5,110.9,3369285.0,25.91
2020-12-15,110.9,110.9,107.2,108.9,1660401.0,30.16
2020-12-16,109.85,112.25,108.6,110.75,1556439.0,29.82
2020-12-17,113.9,115.5,111.8,113.0,1781407.0,34.16
2020-12-18,113.35,113.6,106.6,109.05,1332682.0,39.84
2020-12-21,108.0,108.2,91.1,93.7,2424339.0,40.75
2020-12-22,93.8,99.65,88.3,98.6,2333796.0,25.72
2020-12-23,100.0,101.8,96.65,97.95,2191775.0,52.44
2020-12-24,99.2,106.8,99.0,104.4,2619907.0,25.94
2020-12-25,99.2,106.8,99.0,104.4,2619907.0,25.94
2020-12-28,105.25,108.8,103.9,107.45,1101847.0,31.58
2020-12-29,107.45,108.6,103.5,105.65,861813.0,37.55
2020-12-30,105.65,107.9,103.5,106.0,928200.0,27.98
2020-12-31,104.8,107.7,104.8,106.65,479446.0,34.82
2021-01-01,106.05,108.85,105.6,107.15,492992.0,37.25
2021-01-04,108.0,109.7,107.0,108.3,777542.0,44.96
2021-01-05,107.1,111.6,106.85,110.2,1572387.0,30.24
2021-01-06,110.9,113.3,107.45,108.95,1393422.0,31.85
2021-01-07,109.7,111.55,108.7,109.85,657033.0,36.16
2021-01-08,110.3,112.45,110.3,110.85,745292.0,45.88
2021-01-11,111.7,119.0,110.55,117.0,3774131.0,28.22
2021-01-12,117.1,127.85,116.6,126.7,3627514.0,31.36
2021-01-13,126.95,132.65,125.0,129.35,2381955.0,29.42
2021-01-14,129.15,130.0,125.75,127.5,792695.0,40.47
2021-01-15,126.9,128.3,121.85,124.0,892781.0,47.88
2021-01-18,124.0,124.4,116.0,120.9,1154297.0,32.06
2021-01-19,121.7,128.75,121.7,126.75,1135381.0,26.26
2021-01-20,126.75,129.3,124.5,125.65,924472.0,39.28
2021-01-21,126.05,127.6,122.85,123.95,688360.0,40.62
2021-01-22,124.35,126.0,120.1,121.05,757896.0,43.18
2021-01-25,121.7,122.75,112.7,119.6,933282.0,35.21
2021-01-26,121.7,122.75,112.7,119.6,933282.0,35.21
2021-01-27,103.2,103.2,95.7,95.8,7161828.0,37.35
2021-01-28,93.5,95.3,89.55,91.3,3102296.0,40.91
2021-01-29,92.55,93.7,89.75,90.75,1813932.0,43.05
2021-02-01,92.9,93.75,90.0,92.8,1108316.0,35.6
2021-02-02,93.5,94.5,91.8,92.1,1261744.0,48.0
2021-02-03,92.65,94.75,91.65,94.3,1504183.0,49.43
2021-02-04,93.4,97.0,93.25,95.75,1677014.0,46.99
2021-02-05,96.35,96.7,92.35,93.1,1085315.0,57.29
2021-02-08,93.1,95.15,91.3,91.55,884227.0,55.48
2021-02-09,91.6,93.5,91.4,91.75,586697.0,48.19
2021-02-10,91.8,95.45,91.3,94.65,1367919.0,28.45
2021-02-11,93.5,98.0,93.2,96.5,1318242.0,34.58
2021-02-12,96.6,97.25,95.0,95.2,491767.0,43.49
2021-02-15,95.6,96.0,94.2,95.25,323499.0,46.14
2021-02-16,95.25,96.55,94.05,94.4,414471.0,41.59
2021-02-17,94.45,98.5,94.2,97.3,1241181.0,34.11
2021-02-18,98.0,102.6,96.55,99.8,2145383.0,35.36
2021-02-19,99.7,100.7,95.65,96.65,1006246.0,41.61
2021-02-22,96.45,96.75,94.0,94.8,619087.0,33.37
2021-02-23,95.65,98.8,95.3,96.3,796702.0,25.33
2021-02-24,96.0,98.0,92.25,96.95,382113.0,35.67
2021-02-25,97.45,102.9,97.25,99.65,2179806.0,35.04
2021-02-26,98.8,103.8,97.5,100.05,1945203.0,27.19
2021-03-01,100.85,108.15,99.45,105.4,2717970.0,31.86
2021-03-02,107.0,114.35,106.7,109.95,3063492.0,34.3
2021-03-03,111.0,114.4,109.35,112.85,1649304.0,38.29
2021-03-04,111.0,112.7,109.2,110.2,760333.0,46.91
2021-03-05,111.1,113.3,106.1,107.9,911835.0,32.29
2021-03-08,108.85,122.6,108.8,120.4,6526606.0,24.05
2021-03-09,122.5,123.2,112.95,116.55,1858429.0,31.61
2021-03-10,115.3,117.45,113.4,114.3,808550.0,40.58
2021-03-11,115.3,117.45,113.4,114.3,808550.0,40.58
2021-03-12,115.0,115.75,111.0,111.8,783492.0,41.01
2021-03-15,112.8,112.8,106.65,107.35,770614.0,41.93
2021-03-16,107.9,110.9,107.05,109.9,663874.0,24.67
2021-03-17,110.6,114.4,108.4,111.7,1806405.0,37.39
2021-03-18,112.1,112.45,102.45,105.25,1009487.0,39.97
2021-03-19,102.1,106.8,98.6,105.3,1225558.0,24.58
2021-03-22,105.5,106.5,103.45,104.15,506764.0,41.88
2021-03-23,104.85,105.8,103.1,104.35,350112.0,39.61
2021-03-24,104.35,105.0,98.8,99.45,484905.0,57.02
2021-03-25,101.0,101.35,94.6,95.85,665575.0,42.44
2021-03-26,96.5,98.95,94.65,95.45,582136.0,48.91
2021-03-29,96.5,98.95,94.65,95.45,582136.0,48.91
2021-03-30,96.9,98.6,96.0,96.45,408005.0,53.99
2021-03-31,96.6,103.0,95.7,100.15,886277.0,38.94
2021-04-01,100.9,103.5,99.4,103.05,445355.0,39.03
2021-04-02,100.9,103.5,99.4,103.05,445355.0,39.03
2021-04-05,102.8,102.8,97.55,98.55,451679.0,42.68
2021-04-06,98.95,100.0,97.6,98.2,454041.0,44.5
2021-04-07,98.5,102.5,97.9,100.2,514353.0,44.94
2021-04-08,100.55,103.95,100.2,102.8,633357.0,40.96
2021-04-09,102.8,102.8,101.1,101.3,225645.0,38.95
2021-04-12,100.0,100.05,93.05,93.55,663838.0,48.0
2021-04-13,93.0,96.75,93.0,95.75,320763.0,28.77
2021-04-14,93.0,96.75,93.0,95.75,320763.0,28.77
2021-04-15,95.7,98.9,95.7,96.65,281235.0,30.44
2021-04-16,98.0,99.0,96.9,98.0,333053.0,43.3
2021-04-19,96.5,96.5,93.15,94.6,307371.0,54.07
2021-04-20,95.05,97.0,95.05,96.0,445803.0,55.94
2021-04-21,95.05,97.0,95.05,96.0,445803.0,55.94
2021-04-22,97.0,100.6,95.6,98.4,730249.0,37.49
2021-04-23,99.0,106.45,98.05,102.7,2120627.0,20.9
2021-04-26,103.65,106.9,103.35,103.85,1080743.0,30.45
2021-04-27,105.7,109.9,105.2,108.25,2058670.0,30.51
2021-04-28,109.45,111.25,108.15,109.2,1061130.0,48.48
2021-04-29,117.0,121.85,111.5,112.9,5602814.0,24.91
2021-04-30,112.45,114.45,109.7,110.55,1542163.0,28.61
2021-05-03,107.1,109.9,107.0,108.15,799746.0,39.12
2021-05-04,108.95,114.5,108.9,109.65,1393477.0,27.45
2021-05-05,110.65,114.5,110.05,111.6,1388695.0,21.69
2021-05-06,112.2,112.5,107.0,108.75,640094.0,46.07
2021-05-07,107.5,115.5,107.5,114.2,2205729.0,36.34
2021-05-10,115.0,115.3,112.25,112.9,1011617.0,40.56
2021-05-11,111.8,124.8,111.0,118.45,4891159.0,27.56
2021-05-12,119.35,122.0,115.5,117.25,2183095.0,28.54
2021-05-13,119.35,122.0,115.5,117.25,2183095.0,28.54
2021-05-14,117.95,118.85,113.35,115.65,669668.0,36.92
2021-05-17,116.55,117.45,114.75,115.95,537826.0,37.22
2021-05-18,119.0,120.8,117.35,117.75,1043226.0,41.24
2021-05-19,117.0,124.7,117.0,122.9,3261938.0,34.29
2021-05-20,123.85,124.6,120.35,121.05,1389554.0,42.36
2021-05-21,122.0,131.2,121.8,129.1,7708310.0,27.67
2021-05-24,130.1,135.5,128.6,133.95,3662662.0,33.3
2021-05-25,134.7,135.7,130.0,130.4,1514876.0,40.62
2021-05-26,130.9,135.75,129.2,131.7,2136665.0,29.87
2021-05-27,134.4,134.95,131.8,134.4,1488027.0,41.0
2021-05-28,135.0,138.8,132.5,133.4,1549491.0,37.49
2021-05-31,134.3,134.35,130.6,131.05,598125.0,38.59
2021-06-01,131.05,133.5,127.4,128.95,876517.0,37.51
2021-06-02,128.5,135.45,128.5,134.4,1804289.0,36.46
2021-06-03,135.5,136.75,132.55,133.7,1040890.0,39.51
2021-06-04,133.0,138.5,132.8,136.15,1971306.0,31.49
2021-06-07,136.45,137.55,135.1,135.9,668462.0,43.77
2021-06-08,135.9,136.5,133.55,135.55,695566.0,42.13
2021-06-09,136.95,138.8,131.05,131.85,1249735.0,32.92
2021-06-10,132.4,135.15,132.4,134.25,421349.0,35.76
2021-06-11,134.25,136.8,133.45,134.2,447405.0,41.34
2021-06-14,134.2,134.45,127.1,130.95,758488.0,44.85
2021-06-15,131.9,139.25,131.9,135.2,1793841.0,22.84
2021-06-16,135.9,137.05,133.5,133.85,649356.0,32.39
2021-06-17,131.2,135.7,130.55,131.5,646547.0,25.11
2021-06-18,132.0,132.55,124.3,130.05,828821.0,32.89
2021-06-21,127.0,136.75,126.65,135.4,917751.0,41.36
2021-06-22,135.4,144.7,134.4,141.4,3096338.0,34.03
2021-06-23,142.5,149.0,141.1,147.0,2506093.0,32.66
2021-06-24,147.9,149.45,143.5,144.2,1157295.0,31.95
2021-06-25,145.15,145.15,141.0,141.4,586698.0,42.16
2021-06-28,142.5,147.3,140.5,145.9,922292.0,37.35
2021-06-29,146.3,147.7,139.45,144.35,837927.0,30.71
2021-06-30,145.0,151.8,143.4,145.8,1458081.0,30.39
2021-07-01,146.05,146.55,142.2,143.4,390120.0,33.78
2021-07-02,144.0,145.0,141.5,142.65,459672.0,23.17
2021-07-05,143.8,144.45,141.5,142.2,464582.0,32.26
2021-07-06,142.85,144.6,141.15,142.3,366667.0,38.11
2021-07-07,141.95,144.3,140.35,142.75,444806.0,40.82
2021-07-08,142.0,143.9,134.85,135.9,682862.0,56.38
2021-07-09,135.0,137.6,135.0,136.65,369591.0,35.51
2021-07-12,137.2,139.6,135.1,136.85,374444.0,34.31
2021-07-13,137.0,137.75,134.7,135.4,261204.0,53.69
2021-07-14,136.4,136.75,134.2,134.55,342611.0,48.17
2021-07-15,132.9,135.45,132.2,133.4,498436.0,31.68
2021-07-16,135.0,138.2,134.0,134.95,584784.0,35.84
2021-07-19,135.25,137.4,132.75,135.9,390042.0,30.69
2021-07-20,137.45,137.7,130.4,131.4,395662.0,45.1
2021-07-21,137.45,137.7,130.4,131.4,395662.0,45.1
2021-07-22,132.4,134.4,130.85,133.15,290874.0,49.9
2021-07-23,127.8,129.1,122.5,123.5,1564289.0,49.27
2021-07-26,123.0,125.05,121.35,122.05,434522.0,45.29
2021-07-27,122.5,124.3,118.1,119.35,405883.0,44.56
2021-07-28,119.95,120.55,115.2,116.2,455546.0,47.36
2021-07-29,117.8,120.8,114.3,115.0,843792.0,50.06
2021-07-30,116.0,117.45,114.0,114.2,723633.0,53.08
2021-08-02,114.95,115.55,114.0,114.45,603141.0,52.39
2021-08-03,114.8,115.5,113.5,114.0,468542.0,48.89
2021-08-04,114.75,118.0,114.05,114.55,956130.0,42.44
2021-08-05,115.45,115.45,111.0,112.6,455610.0,41.93
2021-08-06,112.55,114.85,111.5,112.1,395431.0,47.82
2021-08-09,112.85,114.0,109.5,110.2,372012.0,46.28
2021-08-10,111.0,113.5,106.8,107.7,542619.0,40.01
2021-08-11,108.6,109.45,104.4,108.7,461617.0,38.6
2021-08-12,109.3,114.4,109.1,112.6,556993.0,40.63
2021-08-13,113.4,113.8,110.55,111.15,256324.0,51.1
2021-08-16,112.0,112.3,108.1,109.2,205187.0,38.72
2021-08-17,109.6,110.45,106.0,106.7,306001.0,43.44
2021-08-18,107.05,108.35,104.1,104.95,404144.0,33.51
2021-08-19,107.05,108.35,104.1,104.95,404144.0,33.51
2021-08-20,104.0,104.75,100.3,101.35,452696.0,47.73
2021-08-23,102.4,103.45,97.3,97.75,389552.0,48.4
2021-08-24,98.45,101.0,98.15,99.9,402073.0,46.8
2021-08-25,102.8,104.9,102.45,103.65,809539.0,37.06
2021-08-26,104.0,105.05,102.2,102.95,199480.0,40.28
2021-08-27,102.75,103.9,101.4,102.6,226065.0,50.94
2021-08-30,103.5,107.1,103.4,106.45,407791.0,49.4
2021-08-31,106.45,109.2,104.75,107.35,325473.0,42.59
2021-09-01,107.2,108.4,104.4,105.7,299986.0,41.26
2021-09-02,106.9,107.5,105.7,106.15,188118.0,53.9
2021-09-03,107.0,113.5,106.5,111.15,1697054.0,30.36
2021-09-06,112.65,115.15,112.15,112.75,758189.0,49.87
2021-09-07,112.2,113.6,110.25,110.5,227378.0,44.18
2021-09-08,110.75,113.4,109.6,111.45,280433.0,36.15
2021-09-09,112.05,114.15,110.45,110.7,588800.0,55.36
2021-09-10,112.05,114.15,110.45,110.7,588800.0,55.36
2021-09-13,112.15,112.15,110.2,110.8,277089.0,57.98
2021-09-14,111.1,112.9,110.5,111.05,311417.0,54.43
2021-09-15,112.0,115.0,111.3,114.35,865471.0,44.1
2021-09-16,114.7,116.95,114.0,115.85,879585.0,45.21
2021-09-17,116.7,119.55,113.5,118.25,1114699.0,53.26
2021-09-20,117.75,117.75,112.35,113.2,508102.0,43.17
2021-09-21,113.6,113.85,109.45,111.85,441965.0,39.61
2021-09-22,112.25,114.85,111.65,114.3,217064.0,39.42
2021-09-23,115.3,120.35,115.0,118.75,814905.0,57.1
2021-09-24,119.7,119.7,116.15,118.3,640523.0,52.58
2021-09-27,119.7,124.0,117.15,121.95,859793.0,60.27
2021-09-28,123.0,123.75,119.8,120.9,823734.0,38.34
2021-09-29,119.85,127.4,117.9,124.0,1194328.0,42.57
2021-09-30,124.9,125.5,121.1,122.15,430840.0,43.69
2021-10-01,126.2,129.0,123.0,123.7,1578557.0,34.05
2021-10-04,123.7,125.6,123.5,123.95,341733.0,56.1
2021-10-05,123.95,127.8,123.7,125.75,895379.0,36.86
2021-10-06,126.25,129.9,126.1,127.35,1366754.0,40.99
2021-10-07,128.55,139.15,128.55,134.6,3179091.0,49.78
2021-10-08,135.4,138.0,133.95,134.6,1041385.0,50.17
2021-10-11,135.6,138.0,134.85,135.45,722303.0,61.11
2021-10-12,135.2,138.35,135.2,136.9,523368.0,52.19
2021-10-13,136.0,139.4,135.8,136.5,993119.0,58.35
2021-10-14,136.95,138.5,133.05,134.0,724707.0,54.55
2021-10-15,136.95,138.5,133.05,134.0,724707.0,54.55
2021-10-18,135.0,140.95,134.0,138.15,1154425.0,58.57
2021-10-19,139.6,144.8,136.05,138.35,1866927.0,42.34
2021-10-20,138.35,138.35,132.0,134.15,689444.0,52.57
2021-10-21,134.35,138.3,132.25,133.75,628969.0,30.94
2021-10-22,134.0,137.15,126.8,130.15,521254.0,44.52
2021-10-25,126.0,134.45,121.15,131.95,1987583.0,23.24
2021-10-26,130.5,134.5,128.6,133.95,719186.0,44.09
2021-10-27,135.0,135.05,130.65,132.15,638828.0,49.6
2021-10-28,130.0,131.5,125.0,126.05,284738.0,57.59
2021-10-29,125.25,126.0,122.05,122.65,345638.0,38.54
2021-11-01,126.0,126.5,122.05,124.2,258243.0,41.11
2021-11-02,125.55,125.55,120.5,121.1,311059.0,48.8
2021-11-03,121.15,124.1,120.0,120.6,315792.0,42.51
2021-11-04,121.15,124.1,120.0,120.6,315792.0,42.51
2021-11-05,121.6,123.7,120.7,122.05,75038.0,64.08
2021-11-08,122.9,123.95,121.15,121.65,473535.0,44.49
2021-11-09,121.7,123.7,121.5,121.75,267820.0,60.67
2021-11-10,121.95,123.9,119.1,119.5,648081.0,54.43
2021-11-11,119.85,120.0,115.75,116.2,451225.0,65.22
2021-11-12,114.7,119.95,114.7,119.55,337756.0,37.23
2021-11-15,120.45,120.8,115.0,115.3,345141.0,51.32
2021-11-16,115.75,117.05,113.9,114.3,250898.0,47.36
2021-11-17,114.5,114.7,113.0,113.3,225784.0,57.34
2021-11-18,114.1,114.4,112.3,113.05,198706.0,39.0
2021-11-19,114.1,114.4,112.3,113.05,198706.0,39.0
2021-11-22,113.0,113.0,108.0,108.95,281310.0,49.61
2021-11-23,108.0,111.75,107.0,110.5,320050.0,29.46
2021-11-24,111.35,114.9,110.85,113.95,312591.0,38.33
2021-11-25,114.8,114.85,112.5,114.0,149221.0,33.68
2021-11-26,113.0,113.55,109.1,109.7,210263.0,51.02
2021-11-29,110.0,111.4,105.55,106.1,204588.0,50.4
2021-11-30,107.0,108.6,104.0,104.55,274744.0,53.3
2021-12-01,106.0,106.3,101.2,104.1,201452.0,49.22
2021-12-02,104.0,107.3,103.85,107.0,173853.0,38.78
2021-12-03,107.8,109.45,107.5,107.75,279627.0,43.9
2021-12-06,107.8,108.25,103.75,104.15,303794.0,55.51
2021-12-07,105.5,106.45,100.85,101.6,1208264.0,68.29
2021-12-08,106.2,107.8,103.95,105.35,649289.0,37.03
2021-12-09,105.95,106.3,104.45,104.85,459787.0,60.43
2021-12-10,104.9,106.95,104.35,105.4,473381.0,46.83
2021-12-13,106.2,108.0,106.15,106.9,384403.0,45.95
2021-12-14,106.3,107.25,105.4,106.1,223603.0,49.93
2021-12-15,106.6,107.25,104.5,104.85,229920.0,54.05
2021-12-16,105.8,106.35,103.2,104.35,208996.0,48.63
2021-12-17,104.75,104.75,101.2,102.1,243824.0,49.64
2021-12-20,100.0,100.8,95.6,97.45,366796.0,59.69
2021-12-21,98.25,100.9,98.25,99.85,199749.0,43.01
2021-12-22,100.6,101.8,100.05,101.25,128773.0,45.39
2021-12-23,102.4,102.8,100.65,101.0,209252.0,52.05
2021-12-24,101.85,102.25,99.6,100.35,167891.0,51.22
2021-12-27,100.0,101.9,98.55,100.4,189263.0,45.11
2021-12-28,101.35,102.75,101.2,102.4,226015.0,51.0
2021-12-29,102.8,103.75,101.55,101.85,158594.0,54.59
2021-12-30,101.8,102.8,101.45,101.85,116509.0,40.64
2021-12-31,102.0,104.0,101.75,102.65,356716.0,46.51
2022-01-03,103.6,104.4,102.7,103.3,327075.0,54.2
2022-01-04,103.95,105.75,103.3,104.85,250525.0,47.69
2022-01-05,104.0,106.9,103.55,105.7,567649.0,47.38
2022-01-06,104.25,108.7,103.8,107.5,563292.0,44.97
2022-01-07,108.4,109.35,106.1,106.85,430086.0,37.88
2022-01-10,106.85,108.05,105.9,106.0,411597.0,61.93
2022-01-11,106.65,106.9,100.0,104.6,383645.0,42.25
2022-01-12,105.95,112.9,105.45,111.45,1037105.0,41.14
2022-01-13,111.9,114.25,110.1,112.45,941689.0,40.65
2022-01-14,111.8,115.8,111.1,112.9,681565.0,36.95
2022-01-17,113.3,116.85,112.8,114.6,643431.0,42.94
2022-01-18,115.15,117.0,112.0,112.6,698972.0,37.45
2022-01-19,113.0,115.4,111.1,113.35,1390609.0,61.09
2022-01-20,113.95,115.25,112.05,112.9,620679.0,60.71
2022-01-21,112.15,112.6,107.05,108.6,376896.0,55.23
2022-01-24,108.6,110.15,102.45,103.95,452603.0,57.93
2022-01-25,108.9,113.0,105.0,105.7,2574489.0,34.33
2022-01-26,108.9,113.0,105.0,105.7,2574489.0,34.33
2022-01-27,104.05,110.9,104.05,107.6,1276763.0,46.25
2022-01-28,108.8,113.6,107.6,108.4,976504.0,38.59
2022-01-31,109.95,113.75,109.15,110.55,736911.0,36.66
2022-02-01,110.8,112.0,109.4,110.3,453356.0,53.94
2022-02-02,110.95,113.75,110.45,113.2,562447.0,49.4
2022-02-03,113.35,115.25,112.9,113.4,690046.0,44.81
2022-02-04,114.0,116.5,112.6,113.4,616656.0,37.35
2022-02-07,113.9,115.0,111.35,112.4,416114.0,40.25
2022-02-08,112.95,113.55,110.5,111.95,405796.0,45.9
2022-02-09,112.65,113.8,110.5,111.1,292786.0,49.26
2022-02-10,110.5,114.9,109.5,111.85,359600.0,44.74
2022-02-11,110.8,112.8,109.15,109.65,345162.0,53.21
2022-02-14,108.0,108.0,100.5,101.85,559882.0,52.83
2022-02-15,102.65,107.0,102.5,106.15,364243.0,45.42
2022-02-16,106.55,108.8,106.5,107.3,296759.0,37.58
2022-02-17,107.85,109.0,106.5,106.75,203986.0,35.95
2022-02-18,106.75,106.85,105.0,105.3,141253.0,42.03
2022-02-21,105.25,106.35,102.5,103.2,317326.0,41.32
2022-02-22,100.0,101.9,99.0,100.75,423559.0,46.11
2022-02-23,101.1,103.3,101.1,102.55,159398.0,45.1
2022-02-24,99.85,100.15,94.45,95.2,545373.0,49.19
2022-02-25,97.05,102.0,97.0,100.3,477757.0,42.1
2022-02-28,99.8,101.0,98.1,100.35,225817.0,36.46
2022-03-01,99.8,101.0,98.1,100.35,225817.0,36.46
2022-03-02,99.95,107.8,99.55,105.9,1075514.0,40.77
2022-03-03,109.0,111.5,108.75,110.4,873939.0,43.32
2022-03-04,109.0,110.0,106.7,108.05,405194.0,51.18
2022-03-07,106.3,110.8,103.1,109.65,669576.0,32.88
2022-03-08,109.75,119.0,109.65,113.55,2484761.0,33.84
2022-03-09,114.6,128.65,114.55,127.25,3316120.0,40.07
2022-03-10,128.7,129.2,122.2,123.8,2104551.0,34.38
2022-03-11,123.5,125.8,121.0,124.15,902251.0,32.11
2022-03-14,123.3,127.75,121.25,125.4,1075957.0,34.24
2022-03-15,125.5,126.3,122.15,122.95,636353.0,56.62
2022-03-16,124.2,129.85,123.4,125.75,2272921.0,23.57
2022-03-17,126.75,129.0,124.95,125.15,1056361.0,25.31
2022-03-18,126.75,129.0,124.95,125.15,1056361.0,25.31
2022-03-21,126.1,128.75,125.2,126.85,486985.0,38.18
2022-03-22,127.5,138.4,127.3,131.1,5102390.0,25.78
2022-03-23,129.4,132.65,128.0,128.85,1068148.0,35.77
2022-03-24,128.5,133.0,128.5,130.55,1079811.0,27.19
2022-03-25,130.6,134.6,127.8,133.85,1554731.0,35.4
2022-03-28,134.7,138.0,132.0,133.85,787594.0,34.26
2022-03-29,135.65,138.0,133.25,135.05,938998.0,39.3
2022-03-30,135.9,136.5,127.65,130.75,938725.0,44.05
2022-03-31,130.95,131.4,127.0,127.65,504614.0,40.29
2022-04-01,127.1,131.9,127.1,130.1,449140.0,34.19
2022-04-04,131.1,134.9,131.1,133.55,545391.0,43.99
2022-04-05,134.7,155.95,134.05,153.65,7169125.0,25.81
2022-04-06,153.0,165.5,150.8,164.0,5819893.0,23.75
2022-04-07,164.3,167.5,159.4,164.3,2840922.0,35.18
2022-04-08,165.6,166.65,160.2,162.55,1245130.0,35.14
2022-04-11,163.3,183.4,163.3,177.8,6685255.0,19.34
2022-04-12,177.8,185.35,175.45,180.05,3131058.0,24.43
2022-04-13,181.05,181.75,173.7,174.9,1343842.0,37.81
2022-04-14,181.05,181.75,173.7,174.9,1343842.0,37.81
2022-04-15,181.05,181.75,173.7,174.9,1343842.0,37.81
2022-04-18,174.0,184.2,171.5,181.5,1933884.0,31.27
2022-04-19,184.0,214.6,183.5,196.7,12136458.0,14.98
2022-04-20,198.4,236.0,197.0,229.3,17250692.0,14.25
2022-04-21,238.0,239.8,219.6,228.85,6775770.0,25.01
2022-04-22,224.7,244.7,224.2,238.4,6237159.0,20.78
2022-04-25,239.5,243.0,225.4,232.45,3210018.0,30.94
2022-04-26,234.0,240.7,228.0,230.25,2932147.0,28.74
2022-04-27,232.0,242.3,218.0,239.25,4671622.0,29.08
2022-04-28,263.15,263.15,251.6,254.15,7020491.0,39.11
2022-04-29,264.0,279.55,260.1,279.25,7661909.0,30.21
2022-05-02,290.0,307.15,280.55,307.15,7192300.0,23.91
2022-05-03,290.0,307.15,280.55,307.15,7192300.0,23.91
2022-05-04,316.4,321.0,291.8,296.35,6949104.0,28.38
2022-05-05,301.0,311.15,290.0,292.55,4252622.0,27.37
2022-05-06,283.5,297.95,281.25,282.6,2720568.0,35.05
2022-05-09,282.0,293.0,270.6,284.15,2333733.0,31.31
2022-05-10,284.15,297.9,281.6,286.8,2743647.0,42.34
2022-05-11,287.0,289.85,272.5,272.65,2424747.0,49.52
2022-05-12,270.0,276.95,259.05,259.05,1601004.0,38.39
2022-05-13,261.2,272.0,261.2,271.15,1570105.0,37.25
2022-05-16,275.0,284.7,266.35,284.7,1767916.0,42.31
2022-05-17,298.9,298.9,292.05,298.9,1073653.0,52.7
2022-05-18,308.8,313.8,305.05,313.8,4000150.0,44.34
2022-05-19,305.0,329.45,302.65,327.25,4224663.0,29.53
2022-05-20,337.4,343.6,333.8,342.9,3888735.0,33.55
2022-05-23,345.0,345.0,325.8,325.8,583197.0,65.03
2022-05-24,309.55,309.55,309.55,309.55,69872.0,100.0
2022-05-25,294.1,294.1,294.1,294.1,144602.0,99.96
2022-05-26,287.3,302.4,279.4,294.95,6635358.0,24.72
2022-05-27,295.8,297.8,280.25,280.25,1308711.0,42.44
2022-05-30,269.8,281.0,266.25,267.9,2855622.0,33.59
2022-05-31,268.45,281.25,268.45,281.25,872892.0,42.33
2022-06-01,288.8,295.3,286.5,294.9,2421474.0,39.76
2022-06-02,297.9,303.7,285.0,291.3,2557320.0,45.57
2022-06-03,295.0,305.85,295.0,305.85,1770334.0,41.6
2022-06-06,312.85,321.1,309.6,321.1,1000117.0,46.91
2022-06-07,340.0,385.3,338.05,369.45,18387025.0,16.42
2022-06-08,368.95,417.85,357.55,374.5,22689929.0,11.26
2022-06-09,374.0,391.0,370.0,379.8,6611311.0,12.64
2022-06-10,375.0,378.7,360.0,362.25,4376054.0,25.11
2022-06-13,349.8,367.0,321.1,349.35,4173417.0,22.5
2022-06-14,346.0,359.75,304.0,319.85,5046840.0,18.1
2022-06-15,329.75,348.85,318.05,343.9,6892292.0,14.97
2022-06-16,355.0,357.9,312.7,319.85,4260984.0,19.76
2022-06-17,315.5,332.0,310.15,325.0,3302670.0,14.75
2022-06-20,315.4,322.0,261.15,274.55,5885814.0,21.12
2022-06-21,281.15,324.0,281.15,316.8,10502213.0,16.97
2022-06-22,309.0,328.0,303.5,312.0,8434548.0,14.75
2022-06-23,312.0,318.05,291.5,305.95,4605281.0,15.52
2022-06-24,308.5,315.9,296.9,302.5,2783035.0,23.57
2022-06-27,307.9,310.0,297.0,298.95,2417696.0,19.29
2022-06-28,300.95,331.7,300.5,325.75,10510042.0,16.51
2022-06-29,324.9,344.45,323.2,326.6,8206588.0,18.06
2022-06-30,324.85,324.85,310.1,313.6,2906761.0,17.88
2022-07-01,305.25,313.0,272.55,297.35,11057510.0,9.71
2022-07-04,298.9,311.65,287.45,299.55,5005063.0,15.92
2022-07-05,307.0,309.5,290.15,293.85,2471634.0,23.21
2022-07-06,270.0,282.45,262.5,269.85,6500198.0,21.37
2022-07-07,269.85,276.35,262.2,265.55,4219783.0,21.04
2022-07-08,273.0,275.85,262.7,265.9,2642627.0,18.2
2022-07-11,267.5,271.95,262.3,265.0,1986373.0,21.9
2022-07-12,266.85,273.85,265.0,270.05,2630713.0,19.6
2022-07-13,262.6,268.6,259.25,262.9,1885607.0,23.98
2022-07-14,262.3,273.7,260.75,268.5,2671832.0,19.42
2022-07-15,269.8,271.85,260.85,263.5,1132582.0,27.37
2022-07-18,265.0,266.7,260.6,262.05,1095337.0,32.96
2022-07-19,265.1,272.9,265.0,266.05,2285081.0,17.3
2022-07-20,286.6,296.65,282.8,286.55,5852759.0,24.85
2022-07-21,287.5,287.5,273.4,275.85,2548767.0,27.41
2022-07-22,276.95,280.0,268.0,278.15,2219513.0,22.81
2022-07-25,278.1,285.85,266.8,280.05,2894701.0,27.23
2022-07-26,292.0,303.2,284.55,288.25,7709104.0,22.81
2022-07-27,292.0,293.7,282.0,283.0,1532750.0,34.41
2022-07-28,287.4,287.4,279.0,281.65,1213082.0,27.04
2022-07-29,283.0,283.0,275.05,276.0,1150572.0,40.98
2022-08-01,276.0,284.8,272.2,281.25,1675368.0,30.49
2022-08-02,278.0,281.95,273.1,276.95,952761.0,35.25
2022-08-03,277.0,277.5,269.5,270.7,976227.0,44.27
2022-08-04,269.0,273.8,265.15,266.65,1174177.0,38.12
2022-08-05,266.8,272.0,266.5,269.35,751407.0,30.77
2022-08-10,261.1,261.9,248.95,249.95,1562049.0,44.94
2022-08-11,250.25,254.2,247.1,249.7,836397.0,34.0
2022-08-12,250.5,277.65,250.45,266.4,5224550.0,15.85
2022-08-15,250.5,277.65,250.45,266.4,5224550.0,15.85
2022-08-16,265.6,268.2,261.55,264.7,962409.0,28.08
2022-08-17,264.4,281.5,264.1,277.5,3258734.0,32.27
2022-08-18,279.45,289.8,278.25,283.95,3001891.0,33.63
2022-08-19,284.85,299.8,278.15,283.45,5181404.0,26.64
2022-08-22,284.0,291.8,281.6,282.8,1419038.0,27.76
2022-08-23,283.0,311.5,282.6,305.65,7548722.0,26.91
2022-08-24,319.45,327.5,312.0,314.5,8468643.0,22.3
2022-08-25,317.65,318.8,307.6,310.05,2388894.0,30.26
2022-08-26,312.4,316.5,304.0,306.25,1599743.0,36.64
2022-08-29,299.5,304.75,292.7,293.7,1847472.0,36.04
2022-08-30,298.05,302.0,288.25,291.95,1485834.0,39.67
2022-08-31,298.05,302.0,288.25,291.95,1485834.0,39.67
2022-09-01,287.65,287.95,277.35,280.25,2196360.0,43.13
2022-09-02,281.0,289.8,281.0,286.85,1630665.0,30.66
2022-09-05,286.85,288.25,279.1,280.4,860016.0,44.81
2022-09-06,285.0,287.0,277.85,280.4,1180746.0,32.46
2022-09-07,280.0,300.0,277.6,290.15,4508753.0,26.39
2022-09-08,293.0,298.5,289.0,293.45,1916840.0,35.15
2022-09-09,294.0,294.8,286.5,288.35,1189712.0,44.26
2022-09-12,289.8,294.8,287.2,292.3,1215659.0,45.52
2022-09-13,293.7,294.9,287.5,289.1,840075.0,46.03
2022-09-14,285.4,289.75,283.1,286.9,969548.0,40.37
2022-09-15,289.75,289.75,278.8,280.7,638115.0,52.9
2022-09-16,280.7,282.2,269.5,274.7,950690.0,48.1
2022-09-19,277.45,284.45,276.05,277.0,785801.0,25.24
2022-09-20,278.9,280.55,272.05,272.5,767328.0,53.44
2022-09-21,276.45,276.45,266.0,266.75,568915.0,42.48
2022-09-22,266.7,267.35,254.2,257.6,1121481.0,47.34
2022-09-23,259.55,263.0,244.35,247.25,1011633.0,47.04
2022-09-26,245.65,245.65,227.5,228.9,1275071.0,43.99
2022-09-27,231.9,242.0,231.85,234.05,1496102.0,28.17
2022-09-28,231.2,235.0,225.8,229.2,1105620.0,41.88
2022-09-29,233.6,237.8,227.15,230.85,655616.0,25.49
2022-09-30,232.0,238.9,227.25,234.9,787639.0,30.39
2022-10-03,237.0,245.4,235.0,236.4,1376931.0,26.39
2022-10-04,243.0,243.0,236.0,238.65,514390.0,29.78
2022-10-05,243.0,243.0,236.0,238.65,514390.0,29.78
2022-10-06,241.9,247.05,241.25,243.2,577415.0,32.69
2022-10-07,242.0,249.0,238.8,247.4,685028.0,39.1
2022-10-10,247.4,250.9,241.85,242.9,928143.0,36.96
2022-10-11,244.0,247.85,232.0,234.4,839559.0,39.41
2022-10-12,233.6,234.9,228.15,231.35,475088.0,35.12
2022-10-13,231.6,236.5,228.0,228.6,446337.0,38.59
2022-10-14,234.15,234.15,225.55,227.35,382908.0,43.6
2022-10-17,225.0,225.8,220.05,221.95,578456.0,36.06
2022-10-18,224.0,235.35,223.05,227.45,946626.0,31.82
2022-10-19,229.7,230.3,222.2,223.5,370022.0,43.48
2022-10-20,223.7,229.7,220.55,227.95,791471.0,22.12
2022-10-21,228.0,229.5,222.0,222.7,360624.0,44.56
2022-10-24,225.45,228.7,225.4,227.65,157020.0,53.82
2022-10-25,231.4,239.55,226.2,234.3,1224835.0,26.03
2022-10-26,231.4,239.55,226.2,234.3,1224835.0,26.03
2022-10-27,200.0,210.5,198.2,206.1,5351706.0,22.11
2022-10-28,207.0,224.9,207.0,216.25,4907574.0,19.6
2022-10-31,216.25,218.85,207.3,208.7,1378769.0,34.37
2022-11-01,210.0,212.0,206.4,208.75,1005863.0,34.39
2022-11-02,210.3,212.0,206.5,207.35,564554.0,39.7
2022-11-03,207.0,208.95,205.0,205.5,454258.0,46.31
2022-11-04,206.0,209.5,205.55,209.0,539606.0,42.93
2022-11-07,210.65,211.8,208.1,209.05,441997.0,49.9
2022-11-08,210.65,211.8,208.1,209.05,441997.0,49.9
2022-11-09,209.0,209.65,205.2,205.85,627353.0,48.34
2022-11-10,205.2,205.65,200.3,200.75,495489.0,52.76
2022-11-11,202.95,204.6,201.55,203.8,397768.0,44.64
2022-11-14,204.4,205.0,201.35,203.55,379495.0,42.58
2022-11-15,203.95,208.5,201.1,207.45,508959.0,39.93
2022-11-16,207.8,213.9,207.4,209.8,654598.0,36.68
2022-11-17,209.6,209.6,203.8,204.1,290461.0,50.84
2022-11-18,204.1,205.05,199.7,200.6,442678.0,50.83
2022-11-21,200.35,200.5,192.0,193.9,552409.0,44.79
2022-11-22,194.5,196.7,193.95,194.5,335106.0,39.43
2022-11-23,195.45,196.35,190.5,191.5,408156.0,54.93
2022-11-24,193.5,205.9,193.5,199.5,1703019.0,24.89
2022-11-25,201.45,204.0,200.3,201.4,454668.0,36.14
2022-11-28,202.0,214.0,202.0,211.4,1853504.0,38.52
2022-11-29,212.5,214.0,207.1,209.65,763856.0,35.19
2022-11-30,210.0,218.4,207.55,215.8,1186824.0,33.29
2022-12-01,216.0,217.0,212.0,212.7,476244.0,49.16
2022-12-02,220.0,222.65,214.6,216.5,1108058.0,31.11
2022-12-05,217.35,220.85,215.0,218.2,619932.0,38.1
2022-12-06,217.3,217.75,212.6,213.15,354176.0,54.66
2022-12-07,214.15,223.0,211.75,219.75,1163454.0,33.91
2022-12-08,220.7,222.3,216.5,217.8,744599.0,39.78
2022-12-09,218.35,219.95,214.6,215.6,416006.0,39.34
2022-12-12,215.0,222.0,213.0,220.75,672339.0,41.63
2022-12-13,221.9,222.45,216.65,217.5,537150.0,44.46
2022-12-14,218.8,228.3,216.1,224.85,2439095.0,27.95
2022-12-15,225.3,231.55,221.15,222.9,1580616.0,35.0
2022-12-16,226.55,229.6,219.85,221.3,1316343.0,27.82
2022-12-19,222.45,225.25,218.6,223.55,554829.0,28.63
2022-12-20,220.35,223.55,217.7,220.2,352400.0,37.77
2022-12-21,221.35,222.5,210.0,211.7,536959.0,41.51
2022-12-22,212.8,214.25,201.5,202.35,572991.0,40.64
2022-12-23,200.95,200.95,188.0,189.1,823216.0,41.73
2022-12-26,190.05,199.0,186.6,197.9,645781.0,31.02
2022-12-27,198.9,204.9,198.85,202.95,420978.0,35.36
2022-12-28,203.0,208.7,201.8,204.6,367581.0,30.04
2022-12-29,205.2,206.25,201.75,204.35,330416.0,28.22
2022-12-30,205.25,211.0,204.7,206.8,404090.0,23.12
2023-01-02,207.85,213.15,206.85,211.75,762304.0,35.74
2023-01-03,209.0,212.0,207.75,208.25,640846.0,49.54
2023-01-04,209.0,209.9,206.0,208.95,386607.0,30.29
2023-01-05,210.2,211.7,207.2,208.95,425049.0,30.2
2023-01-06,209.9,210.1,206.05,206.85,283705.0,35.36
2023-01-09,208.0,211.5,208.0,209.55,251741.0,37.99
2023-01-10,210.0,220.7,207.8,219.6,1707199.0,38.16
2023-01-11,219.6,237.0,218.5,227.95,4934838.0,21.01
2023-01-12,229.0,233.65,223.85,226.9,1226695.0,21.71
2023-01-13,226.8,229.9,222.8,228.5,775364.0,20.36
2023-01-16,229.0,232.95,224.6,225.75,588772.0,29.89
2023-01-17,227.2,235.9,227.2,229.85,1965763.0,35.52
2023-01-18,230.4,234.25,230.0,231.15,662245.0,34.2
2023-01-19,229.85,231.4,227.5,229.95,279547.0,39.96
2023-01-20,230.25,231.95,226.3,227.35,275394.0,35.04
2023-01-23,228.4,237.75,226.95,236.15,1099331.0,48.13
2023-01-24,238.0,239.4,230.35,234.25,1042700.0,32.79
2023-01-25,234.9,235.7,227.0,229.5,452963.0,40.19
2023-01-26,234.9,235.7,227.0,229.5,452963.0,40.19
2023-01-27,234.0,243.85,231.65,241.95,4263100.0,30.3
2023-01-30,243.0,250.5,237.0,246.1,2018197.0,33.05
2023-01-31,243.25,249.5,243.25,248.3,756478.0,39.32
2023-02-01,249.0,249.0,230.0,235.1,938747.0,36.85
2023-02-02,233.2,242.65,224.9,237.25,1146498.0,35.59
2023-02-03,237.5,239.0,228.85,236.3,556367.0,34.5
2023-02-06,234.8,241.0,227.1,238.15,852013.0,44.92
2023-02-07,238.1,248.4,237.35,245.3,932879.0,38.81
2023-02-08,246.5,248.45,240.5,242.05,493233.0,40.46
2023-02-09,241.0,245.95,238.15,240.8,553906.0,38.35
2023-02-10,238.4,244.9,238.4,240.75,314579.0,34.24
2023-02-13,241.35,244.05,235.35,239.7,628293.0,28.8
2023-02-14,240.65,242.8,237.15,239.25,417417.0,51.42
2023-02-15,238.0,248.85,238.0,246.95,1120718.0,33.58
2023-02-16,250.0,258.0,249.0,251.0,1128445.0,26.05
2023-02-17,254.0,254.15,245.6,246.85,475103.0,32.14
2023-02-20,245.45,247.45,240.05,243.25,533558.0,32.74
2023-02-21,243.2,244.05,238.0,239.0,297113.0,43.76
2023-02-22,238.65,238.65,232.2,233.45,394284.0,39.24
2023-02-23,233.3,238.9,231.9,234.9,368763.0,31.93
2023-02-24,236.0,240.4,228.3,230.8,618580.0,40.17
2023-02-27,230.5,230.7,223.0,226.05,302531.0,38.43
2023-02-28,226.6,228.6,222.65,224.6,224287.0,32.74
2023-03-01,225.0,238.8,224.75,236.75,488404.0,36.61
2023-03-02,236.75,239.65,233.4,235.15,360624.0,25.65
2023-03-03,236.0,241.9,235.2,237.95,553090.0,33.81
2023-03-06,240.0,246.8,237.5,238.4,809164.0,37.14
2023-03-07,240.0,246.8,237.5,238.4,809164.0,37.14
2023-03-08,239.45,247.0,238.05,240.5,837766.0,44.08
2023-03-09,241.7,255.65,239.9,245.55,1845428.0,39.51
2023-03-10,244.0,255.65,242.75,245.25,2477828.0,35.91
2023-03-13,246.5,251.9,240.5,241.9,1125537.0,55.27
2023-03-14,241.7,254.4,238.2,252.35,1551983.0,32.01
2023-03-15,252.35,271.0,252.35,269.0,5097081.0,23.62
2023-03-16,270.0,271.9,250.9,253.55,2179686.0,30.82
2023-03-17,254.8,258.8,250.1,255.85,1066737.0,26.35
2023-03-20,255.7,261.0,241.8,243.7,1962898.0,46.53
2023-03-21,247.0,249.2,238.35,244.3,1103569.0,33.09
2023-03-22,243.25,245.1,238.55,240.0,832089.0,34.99
2023-03-23,239.7,246.55,238.8,243.65,863439.0,27.45
2023-03-24,243.7,247.65,241.2,242.9,876750.0,24.28
2023-03-27,243.1,243.85,228.0,230.5,642767.0,41.01
2023-03-28,231.0,239.75,228.05,237.1,759029.0,33.04
2023-03-29,237.1,239.0,230.65,237.15,780501.0,41.11
2023-03-30,237.1,239.0,230.65,237.15,780501.0,41.11
2023-03-31,238.35,241.8,236.0,237.5,719322.0,44.06
2023-04-03,240.7,250.7,240.0,247.4,901647.0,41.61
2023-04-04,240.7,250.7,240.0,247.4,901647.0,41.61
2023-04-05,257.0,258.35,248.3,249.6,893631.0,38.15
2023-04-06,249.0,253.35,245.8,247.55,515415.0,37.55
2023-04-07,249.0,253.35,245.8,247.55,515415.0,37.55
2023-04-10,248.05,252.45,245.4,251.05,440060.0,35.05
2023-04-11,251.8,256.5,251.1,253.8,617417.0,45.62
2023-04-12,253.4,256.4,251.3,253.2,521869.0,45.24
2023-04-13,254.0,260.5,248.1,255.3,1154555.0,39.2
2023-04-14,254.0,260.5,248.1,255.3,1154555.0,39.2
2023-04-17,257.0,262.0,254.3,259.8,550245.0,48.7
2023-04-18,261.5,264.95,257.0,258.35,580677.0,46.79
2023-04-19,260.45,267.4,256.5,262.45,1715950.0,37.18
2023-04-20,263.5,277.5,261.75,275.45,2979249.0,37.99
2023-04-21,278.25,279.4,261.55,263.3,1584253.0,38.76
2023-04-24,263.3,268.0,259.8,264.6,746978.0,28.41
2023-04-25,265.4,266.4,256.25,259.25,640356.0,49.05
2023-04-26,259.55,274.15,259.55,272.1,1580528.0,36.52
2023-04-27,272.4,318.0,270.8,309.25,22850271.0,18.23
2023-04-28,306.55,309.8,297.2,303.75,7862223.0,24.69
2023-05-01,306.55,309.8,297.2,303.75,7862223.0,24.69
2023-05-02,305.0,305.1,291.1,294.15,3753781.0,46.41
2023-05-03,294.0,300.5,293.7,296.85,2648291.0,38.18
2023-05-04,299.95,306.4,299.4,303.7,2640056.0,38.65
2023-05-05,304.2,309.9,304.2,306.0,2029821.0,36.69
2023-05-08,308.9,308.9,302.75,304.7,1074494.0,44.21
2023-05-09,305.05,314.3,304.05,308.55,2375930.0,33.45
2023-05-10,308.6,310.65,302.0,306.0,1068804.0,42.19
2023-05-11,306.8,310.65,305.95,307.15,873829.0,39.87
2023-05-12,308.6,312.5,306.1,308.15,953468.0,37.72
2023-05-15,309.0,313.7,308.95,309.5,1057582.0,51.35
2023-05-16,312.5,321.0,311.55,313.75,2380821.0,35.1
2023-05-17,316.5,337.5,315.1,331.7,5715710.0,27.97
2023-05-18,334.4,355.45,333.4,350.55,5578306.0,22.45
2023-05-19,353.1,364.9,345.5,350.65,3595973.0,25.12
2023-05-22,352.85,353.0,338.4,347.15,1445582.0,32.08
2023-05-23,349.0,363.4,347.8,357.65,1755469.0,27.54
2023-05-24,359.0,391.9,358.0,388.4,4721573.0,21.38
2023-05-25,388.0,399.6,375.2,396.15,4724690.0,14.03
2023-05-26,396.35,403.0,390.6,393.8,2132399.0,23.85
2023-05-29,398.0,399.6,378.0,381.6,1878879.0,32.28
2023-05-30,380.3,388.2,378.2,383.6,1287979.0,23.5
2023-05-31,383.55,384.45,371.55,375.6,1240362.0,39.82
2023-06-01,377.5,385.0,376.95,383.6,1102853.0,28.16
2023-06-02,384.8,386.4,377.65,379.9,691526.0,35.88
2023-06-05,381.3,383.5,375.0,376.2,811913.0,31.99
2023-06-06,376.2,376.2,364.2,368.4,1055505.0,38.66
2023-06-07,366.0,367.25,358.3,361.4,1160572.0,38.58
2023-06-08,363.1,371.75,361.0,362.0,1085675.0,31.41
2023-06-09,363.6,365.6,358.3,361.05,419132.0,40.85
2023-06-12,361.05,376.9,356.25,370.8,1460052.0,31.88
2023-06-13,372.2,377.0,368.4,372.0,748742.0,39.67
2023-06-14,374.0,380.8,369.2,378.5,1413715.0,28.75
2023-06-15,380.4,384.45,374.0,375.75,801926.0,37.78
2023-06-16,377.55,395.7,376.0,385.25,2455034.0,26.77
2023-06-19,387.3,398.9,384.2,392.35,2531144.0,23.44
2023-06-20,393.85,394.0,385.1,388.4,761022.0,38.71
2023-06-21,388.4,404.4,387.0,389.55,1876567.0,28.98
2023-06-22,390.4,392.4,383.1,384.45,755148.0,34.84
2023-06-23,384.95,385.9,376.5,377.6,509961.0,39.37
2023-06-26,377.95,382.7,372.05,381.25,535979.0,33.58
2023-06-27,382.45,391.05,381.35,389.25,797482.0,34.58
2023-06-28,390.8,394.8,383.3,385.6,607522.0,38.33
2023-06-29,390.8,394.8,383.3,385.6,607522.0,38.33
2023-06-30,387.0,397.65,386.5,387.75,866109.0,37.46
2023-07-03,389.9,410.7,389.3,401.4,2937170.0,32.46
2023-07-04,403.45,407.45,395.05,400.4,1006991.0,35.61
2023-07-05,401.45,443.5,400.5,427.2,9341531.0,16.79
2023-07-06,429.05,444.9,428.0,441.95,3177588.0,25.64
2023-07-07,442.05,458.5,438.4,441.55,2822543.0,27.13
2023-07-10,441.75,445.7,429.2,431.05,1073734.0,35.48
2023-07-11,430.85,448.15,427.05,443.35,1520410.0,29.85
2023-07-12,443.9,449.45,440.1,442.9,972301.0,30.86
2023-07-13,444.8,454.45,431.3,435.85,1199496.0,28.89
2023-07-14,439.0,447.0,438.05,442.4,969680.0,33.84
2023-07-17,438.0,438.0,421.9,424.65,1695670.0,44.74
2023-07-18,426.0,442.5,423.1,434.8,1943310.0,21.99
2023-07-19,437.0,443.5,432.35,442.2,1213764.0,32.54
2023-07-20,444.25,450.95,437.4,440.5,1408620.0,47.63
2023-07-21,441.45,445.55,437.7,442.9,1120660.0,46.13
2023-07-24,445.55,452.7,435.75,442.9,1420706.0,42.04
2023-07-25,400.0,413.15,397.75,400.5,4213083.0,42.03
2023-07-26,398.55,409.5,395.05,405.8,1564318.0,40.37
2023-07-27,400.3,406.0,399.0,400.4,1084216.0,48.89
2023-07-28,400.0,404.8,396.05,397.5,1246165.0,49.07
2023-07-31,398.9,405.95,398.4,403.4,1041602.0,52.94
2023-08-01,405.45,413.3,403.05,412.45,1353318.0,46.37
2023-08-02,415.95,418.5,408.55,415.1,1285373.0,47.83
2023-08-03,415.1,419.7,412.05,413.45,1145130.0,61.9
2023-08-04,391.0,392.95,384.0,385.05,1256552.0,46.11
2023-08-07,385.05,385.05,364.0,370.65,1627162.0,39.19
2023-08-08,370.65,379.75,370.65,374.5,647035.0,35.03
2023-08-09,376.1,376.6,371.6,373.3,369389.0,43.04
2023-08-10,374.0,378.45,371.65,374.65,458889.0,46.18
2023-08-11,375.5,379.5,374.75,376.5,439232.0,40.21
2023-08-14,376.8,376.8,365.55,367.4,516059.0,50.1
2023-08-15,376.8,376.8,365.55,367.4,516059.0,50.1
2023-08-16,364.0,364.0,348.3,350.3,1467341.0,55.94
2023-08-17,350.8,365.6,350.8,360.55,976233.0,44.36
2023-08-18,360.55,360.55,353.05,354.6,513461.0,52.83
2023-08-21,353.95,373.7,347.9,369.25,1862310.0,38.27
2023-08-22,372.95,382.0,372.85,375.95,1586536.0,41.67
2023-08-23,375.0,375.25,366.8,368.6,812508.0,49.34
2023-08-24,368.6,380.2,368.6,374.6,1072993.0,46.19
2023-08-25,376.5,388.5,375.0,383.6,1869479.0,41.58
2023-08-28,385.55,391.75,383.6,386.2,982055.0,46.73
2023-08-29,387.0,424.0,387.0,422.2,5795658.0,37.72
2023-08-30,422.1,425.2,407.65,409.5,2091309.0,45.81
2023-08-31,414.0,423.0,412.5,419.65,2211974.0,50.73
2023-09-01,418.8,418.8,406.0,412.55,1279760.0,35.36
2023-09-04,416.05,429.15,414.05,425.2,2767663.0,42.65
2023-09-05,425.3,441.25,425.3,434.1,2299687.0,44.91
2023-09-06,437.0,438.0,427.1,434.1,893387.0,34.46
2023-09-07,434.1,443.7,433.75,439.75,1125523.0,47.79
2023-09-08,438.0,492.0,433.8,478.55,7821348.0,25.0
2023-09-11,486.0,515.5,485.2,510.35,6106376.0,26.62
2023-09-12,513.0,535.7,492.75,510.1,6022494.0,23.09
2023-09-13,506.45,516.95,491.2,508.45,2540519.0,27.31
2023-09-14,512.0,540.0,512.0,523.9,3180892.0,27.88
2023-09-15,526.55,544.4,509.8,518.95,3565662.0,40.38
2023-09-18,512.1,519.55,503.1,509.0,1703932.0,30.73
2023-09-19,512.1,519.55,503.1,509.0,1703932.0,30.73
2023-09-20,504.0,549.4,503.95,536.85,5179887.0,20.75
2023-09-21,535.0,535.0,504.0,509.45,1508172.0,36.64
2023-09-22,517.0,522.0,507.3,518.3,1403632.0,25.21
2023-09-25,517.1,520.6,508.75,510.45,668029.0,35.32
2023-09-26,513.0,531.4,511.6,520.9,1414540.0,28.68
2023-09-27,521.45,527.85,514.7,516.7,728109.0,36.07
2023-09-28,518.1,528.0,510.1,512.85,891764.0,27.88
2023-09-29,515.95,517.2,508.0,510.2,524809.0,38.26
2023-10-02,515.95,517.2,508.0,510.2,524809.0,38.26
2023-10-03,511.0,515.05,498.1,502.55,760002.0,39.45
2023-10-04,501.8,514.05,492.4,502.3,1732601.0,26.6
2023-10-05,503.8,509.35,497.0,498.95,569863.0,32.74
2023-10-06,500.0,502.0,475.2,482.9,1614868.0,39.98
2023-10-09,483.0,494.75,477.05,485.65,978099.0,25.75
2023-10-10,487.3,503.95,487.3,502.7,947703.0,45.34
2023-10-11,504.0,517.65,503.8,509.4,919009.0,35.13
2023-10-12,511.45,529.9,510.45,527.55,1714886.0,36.69
2023-10-13,526.0,541.5,521.2,523.8,2030733.0,29.63
2023-10-16,530.0,537.8,523.5,528.8,1134954.0,34.74
2023-10-17,530.5,612.0,530.5,585.35,14845542.0,11.93
2023-10-18,592.0,612.8,580.55,589.7,4727995.0,28.04
2023-10-19,583.55,608.85,583.55,597.9,3651044.0,21.73
2023-10-20,597.5,604.0,532.65,544.1,4079432.0,30.29
2023-10-23,548.3,548.3,512.5,520.4,2237312.0,22.52
2023-10-24,548.3,548.3,512.5,520.4,2237312.0,22.52
2023-10-25,540.0,540.7,508.05,534.45,1656669.0,31.01
2023-10-26,530.0,543.8,518.0,521.8,3900049.0,29.28
2023-10-27,536.0,556.65,524.0,534.95,3049522.0,27.84
2023-10-30,538.5,594.5,537.0,582.75,8280185.0,15.89
2023-10-31,583.95,592.6,573.0,575.2,2139085.0,22.19
2023-11-01,577.05,608.85,576.5,582.75,2842134.0,18.8
2023-11-02,587.0,603.9,580.45,584.7,1792559.0,19.02
2023-11-03,589.0,616.5,588.3,592.5,3735066.0,15.61
2023-11-06,599.6,608.9,575.75,579.6,1665165.0,34.33
2023-11-07,582.9,585.0,570.4,579.9,1357913.0,26.06
2023-11-08,579.9,588.75,574.1,576.65,1027701.0,28.94
2023-11-09,579.6,582.1,570.6,572.55,677398.0,30.96
2023-11-10,572.5,587.2,569.1,585.4,1265944.0,37.93
2023-11-13,587.0,602.0,582.65,586.15,1122692.0,30.9
2023-11-14,587.0,602.0,582.65,586.15,1122692.0,30.9
2023-11-15,592.05,645.0,590.3,638.95,5896752.0,31.09
2023-11-16,642.0,659.5,621.1,650.05,4446257.0,20.39
2023-11-17,649.45,649.45,622.65,627.2,1999010.0,30.36
2023-11-20,629.7,630.3,608.45,613.4,1338019.0,39.75
2023-11-21,616.9,629.7,607.05,610.95,1322033.0,41.58
2023-11-22,613.9,614.15,590.05,594.55,1421211.0,40.82
2023-11-23,598.55,612.45,593.65,600.8,1195140.0,21.61
2023-11-24,600.8,614.8,594.0,599.85,1217696.0,22.69
2023-11-27,600.8,614.8,594.0,599.85,1217696.0,22.69
2023-11-28,599.05,640.0,599.05,638.1,2849344.0,33.79
2023-11-29,639.0,650.0,627.5,632.9,1520446.0,27.33
2023-11-30,630.0,674.0,630.0,665.45,3635940.0,30.95
2023-12-01,668.8,694.9,662.85,670.5,2233431.0,26.15
2023-12-04,676.0,697.5,668.05,669.9,1591443.0,23.06
2023-12-05,672.5,687.8,671.1,675.9,958667.0,33.37
2023-12-06,680.0,692.0,666.2,670.6,965197.0,30.39
2023-12-07,675.0,697.85,670.4,682.2,1873751.0,24.15
2023-12-08,686.9,704.0,671.65,681.05,1490918.0,24.3
2023-12-11,684.9,695.0,663.1,670.8,1077787.0,33.43
2023-12-12,672.0,685.0,670.35,681.75,985771.0,30.98
2023-12-13,671.0,687.9,671.0,679.25,761154.0,29.69
2023-12-14,684.0,694.8,679.55,684.7,864242.0,29.48
2023-12-15,688.15,699.0,684.2,692.25,1109604.0,39.44
2023-12-18,692.5,700.0,685.05,692.1,715880.0,36.17
2023-12-19,696.0,725.6,696.0,708.25,2654392.0,22.26
2023-12-20,714.0,741.1,665.0,677.75,2584060.0,25.03
2023-12-21,675.0,689.0,653.45,684.9,1363873.0,21.65
2023-12-22,688.35,702.45,678.05,690.15,983953.0,22.48
2023-12-25,688.35,702.45,678.05,690.15,983953.0,22.48
2023-12-26,693.0,695.95,676.25,681.85,603783.0,29.5
2023-12-27,681.0,690.5,674.1,682.55,547472.0,27.26
2023-12-28,686.0,714.4,681.1,711.35,1669429.0,26.57
2023-12-29,695.0,713.8,692.3,696.0,886503.0,31.64
2024-01-01,705.0,709.0,695.05,704.25,634118.0,34.85
2024-01-02,704.25,711.0,693.05,708.2,972406.0,23.63
2024-01-03,713.2,732.65,711.65,723.8,1186962.0,29.69
2024-01-04,724.0,727.25,710.05,713.5,692125.0,42.32
2024-01-05,717.8,736.0,712.65,720.8,965900.0,30.98
2024-01-08,724.0,730.9,713.6,715.6,556821.0,26.84
2024-01-09,723.0,730.9,715.0,717.8,479768.0,39.7
2024-01-10,723.95,745.0,720.0,738.6,1061735.0,47.81
2024-01-11,745.95,868.7,743.45,858.05,10303429.0,10.85
2024-01-12,847.9,849.0,823.55,833.65,2098692.0,16.11
2024-01-15,836.0,908.0,833.65,837.3,3315134.0,21.89
2024-01-16,842.65,859.05,822.2,840.85,1512950.0,18.97
2024-01-17,839.1,873.0,831.9,855.7,1933073.0,23.41
2024-01-18,858.0,878.0,834.45,872.75,1397344.0,22.15
2024-01-19,873.0,896.25,870.05,891.1,1149925.0,34.21
2024-01-22,886.0,891.0,832.55,848.7,630881.0,43.52
2024-01-23,820.0,820.0,761.0,767.9,2889060.0,30.09
2024-01-24,763.05,772.9,741.0,755.1,1023760.0,24.15
2024-01-25,762.0,805.5,761.95,799.95,1384509.0,20.93
2024-01-26,762.0,805.5,761.95,799.95,1384509.0,20.93
2024-01-29,805.0,833.3,803.2,823.85,989577.0,29.29
2024-01-30,829.4,843.8,822.0,837.65,813577.0,25.92
2024-01-31,838.0,857.4,825.0,854.0,644354.0,35.51
2024-02-01,856.0,898.0,856.0,885.65,1224193.0,28.34
2024-02-02,889.0,912.7,874.15,892.85,1322752.0,18.58
2024-02-05,893.0,969.9,892.85,932.35,2074480.0,23.06
2024-02-06,938.0,938.95,891.6,916.65,902995.0,22.6
2024-02-07,925.0,964.95,924.95,943.75,949223.0,31.71
2024-02-08,948.4,979.9,940.05,946.4,950658.0,22.77
2024-02-09,949.0,949.0,875.25,893.15,891230.0,28.74
2024-02-12,890.0,898.65,816.2,824.4,1224878.0,25.19
2024-02-13,824.0,846.0,810.0,840.95,824638.0,22.69
2024-02-14,830.0,907.9,814.6,901.0,1636526.0,22.65
2024-02-15,907.3,999.9,895.85,976.45,5365046.0,11.46
2024-02-16,960.0,981.0,945.0,950.5,1607691.0,17.93
2024-02-19,955.6,1036.3,952.3,990.05,4296301.0,11.73
2024-02-20,990.5,995.35,964.1,969.2,996554.0,25.19
2024-02-21,973.0,986.0,928.05,935.95,897789.0,28.48
2024-02-22,940.95,949.4,915.0,920.7,1040570.0,26.61
2024-02-23,923.55,953.75,923.55,949.1,1053107.0,38.94
2024-02-26,945.1,957.8,937.0,942.5,739619.0,35.93
2024-02-27,944.0,946.9,902.1,914.65,738712.0,39.86
2024-02-28,916.0,966.65,908.2,915.05,1672210.0,26.42
2024-02-29,919.0,922.9,871.4,884.05,1391705.0,37.24
2024-03-01,895.0,923.4,891.3,894.7,668337.0,25.68
2024-03-04,910.0,913.9,890.65,893.9,468089.0,41.12
2024-03-05,893.5,932.95,879.55,921.85,1804827.0,23.84
2024-03-06,922.0,944.0,893.3,901.5,1051710.0,19.94
2024-03-07,905.0,922.0,892.6,903.95,763297.0,30.89
2024-03-08,905.0,922.0,892.6,903.95,763297.0,30.89
2024-03-11,896.0,905.5,882.9,887.9,524847.0,31.75
2024-03-12,887.45,891.45,853.2,860.7,835943.0,29.79
2024-03-13,860.0,860.0,743.05,777.35,1164141.0,30.36
2024-03-14,780.95,857.9,768.05,851.05,1007230.0,20.84
2024-03-15,840.0,885.9,812.85,877.3,1508523.0,16.25
2024-03-18,882.5,885.0,827.55,846.5,653632.0,27.64
2024-03-19,850.0,888.8,825.5,868.2,1697067.0,10.01
2024-03-20,868.2,871.15,842.0,847.7,669188.0,17.68
2024-03-21,857.7,884.7,857.7,865.4,697457.0,12.05
2024-03-22,856.5,889.45,856.5,877.7,756727.0,15.89
2024-03-25,856.5,889.45,856.5,877.7,756727.0,15.89
2024-03-26,877.7,894.8,860.0,878.1,880850.0,25.73
2024-03-27,885.0,929.7,884.5,913.8,1843186.0,27.67
2024-03-28,924.0,926.85,900.0,906.8,647649.0,32.82
2024-03-29,924.0,926.85,900.0,906.8,647649.0,32.82
2024-04-01,910.0,948.6,908.25,944.3,741482.0,36.4
2024-04-02,946.95,967.65,926.65,934.1,961384.0,35.92
2024-04-03,938.8,964.95,934.1,951.85,1349597.0,28.32
2024-04-04,956.65,959.2,933.6,940.1,635777.0,38.57
2024-04-05,946.25,955.75,921.3,941.4,722155.0,19.06
2024-04-08,942.1,953.6,923.0,925.85,487882.0,28.54
2024-04-09,929.8,933.85,900.0,903.15,532475.0,33.76
2024-04-10,903.2,920.8,900.55,905.05,382881.0,28.71
2024-04-11,903.2,920.8,900.55,905.05,382881.0,28.71
2024-04-12,905.1,929.3,885.3,895.8,997388.0,25.28
2024-04-15,899.0,941.0,862.2,926.35,1754812.0,18.55
2024-04-16,917.0,937.1,906.0,911.55,1109425.0,20.18
2024-04-17,917.0,937.1,906.0,911.55,1109425.0,20.18
2024-04-18,922.0,965.0,920.0,930.55,1695301.0,32.14
2024-04-19,920.0,961.95,900.2,942.35,1347513.0,21.24
2024-04-22,950.85,964.85,936.1,941.25,649866.0,28.73
2024-04-23,946.8,950.7,925.0,928.2,524662.0,37.45
2024-04-24,931.1,1098.65,915.1,1075.0,16264605.0,9.23
2024-04-25,1080.0,1097.9,1056.0,1076.2,4112611.0,18.25
2024-04-26,1080.0,1122.5,1047.0,1051.65,4104745.0,18.74
2024-04-29,1065.85,1066.9,1032.05,1040.6,1117785.0,27.46
2024-04-30,1047.0,1055.75,1015.05,1022.85,935481.0,29.76
2024-05-01,1047.0,1055.75,1015.05,1022.85,935481.0,29.76
2024-05-02,1028.2,1035.7,1006.05,1014.5,1000790.0,25.78
2024-05-03,1020.05,1033.0,1012.5,1017.0,703294.0,29.11
2024-05-06,1025.0,1026.0,968.0,971.75,1118682.0,29.67
2024-05-07,980.0,989.0,905.9,913.15,1371550.0,41.49
2024-05-08,914.0,934.6,864.0,894.2,3996373.0,29.98
2024-05-09,895.8,904.5,840.1,848.95,1124133.0,33.23
2024-05-10,860.0,885.9,832.5,856.25,1933367.0,13.69
2024-05-13,856.3,875.0,828.5,866.45,1109398.0,16.36
2024-05-14,870.0,914.8,870.0,907.6,1447692.0,24.38
2024-05-15,912.4,919.7,903.05,905.8,532073.0,29.15
2024-05-16,914.0,924.4,888.6,897.75,909771.0,30.03
2024-05-17,899.9,905.85,875.0,876.35,947484.0,47.01
2024-05-20,884.0,900.0,879.65,897.95,134888.0,51.32
2024-05-21,895.0,908.75,879.5,890.55,670407.0,34.4
2024-05-22,896.35,903.0,882.2,892.45,562493.0,32.75
2024-05-23,898.0,945.5,898.0,939.15,1747906.0,36.46
2024-05-24,941.75,998.0,932.0,974.2,2580965.0,24.9
2024-05-27,979.0,984.0,953.0,972.45,939542.0,23.39
2024-05-28,972.45,976.0,954.05,959.65,560188.0,35.05
2024-05-29,960.0,968.0,945.25,949.1,623389.0,29.16
2024-05-30,949.0,952.0,910.05,918.95,674005.0,33.65
2024-05-31,924.0,926.2,902.0,917.65,744342.0,42.1
2024-06-03,948.0,979.95,932.5,973.25,1156332.0,35.38
2024-06-04,970.0,970.0,794.3,872.3,1563522.0,28.6
2024-06-05,880.0,904.8,858.0,891.9,717652.0,27.86
2024-06-06,903.0,951.75,900.25,939.3,680471.0,30.07
2024-06-07,940.0,957.8,933.5,953.7,436147.0,40.77
2024-06-10,958.5,980.0,952.0,955.4,375594.0,35.43
2024-06-11,960.0,990.95,948.65,969.05,864171.0,24.77
2024-06-12,970.2,998.0,968.6,978.2,633685.0,31.2
2024-06-13,984.15,994.9,975.0,979.85,604920.0,34.53
2024-06-14,985.0,1009.0,981.35,986.95,1186448.0,28.73
2024-06-17,985.0,1009.0,981.35,986.95,1186448.0,28.73
2024-06-18,996.1,1015.0,987.0,989.85,514736.0,37.54
2024-06-19,999.0,999.45,958.55,974.1,527075.0,29.72
2024-06-20,970.5,978.95,966.55,969.7,300222.0,42.79
2024-06-21,969.7,986.4,965.1,968.85,288272.0,34.69
2024-06-24,972.0,1008.9,950.5,968.15,1242304.0,21.6
2024-06-25,975.0,978.0,955.8,958.95,403933.0,52.69
2024-06-26,954.05,961.2,945.05,948.8,372673.0,40.57
2024-06-27,951.95,966.4,945.0,956.05,295502.0,40.48
2024-06-28,960.85,993.6,960.0,982.1,1173122.0,25.69
2024-07-01,985.0,996.0,977.0,981.7,410774.0,33.29
2024-07-02,979.95,1003.0,979.5,986.6,409601.0,36.68
2024-07-03,995.0,995.0,968.3,973.5,485146.0,40.18
2024-07-04,982.2,982.2,960.45,964.95,357037.0,50.61
2024-07-05,970.5,970.5,945.65,947.75,696848.0,44.95
2024-07-08,962.0,1006.0,958.05,970.0,2089596.0,37.77
2024-07-09,985.0,1063.7,980.95,1022.15,6465779.0,19.52
2024-07-10,1028.0,1034.0,986.3,1007.3,1357515.0,33.15
2024-07-11,1018.0,1068.0,1013.0,1050.75,2949985.0,24.26
2024-07-12,1059.0,1063.95,1038.0,1046.85,820332.0,37.9
2024-07-15,1055.0,1102.05,1050.0,1084.7,2568329.0,30.13
2024-07-16,1100.0,1275.0,1097.3,1212.1,20604241.0,8.62
2024-07-17,1100.0,1275.0,1097.3,1212.1,20604241.0,8.62
2024-07-18,1215.0,1244.85,1190.0,1220.0,5291350.0,18.9
2024-07-19,1177.05,1177.75,1025.0,1035.75,5834969.0,23.08
2024-07-22,1034.95,1046.8,1000.0,1029.7,1949844.0,18.33
2024-07-23,1031.95,1035.0,950.3,988.2,1554265.0,25.78
2024-07-24,995.0,1025.0,991.05,1015.5,1385818.0,22.9
2024-07-25,1004.0,1058.7,994.4,1016.05,1835046.0,21.92
2024-07-26,1004.95,1012.5,988.85,999.1,819925.0,32.79
2024-07-29,1020.0,1031.95,1006.1,1014.95,585437.0,31.78
2024-07-30,1017.8,1041.8,1006.4,1023.3,659536.0,27.4
2024-07-31,1038.5,1038.5,990.2,996.95,627036.0,51.68
2024-08-01,1016.9,1034.0,996.6,1028.8,1186587.0,34.27
2024-08-02,1018.0,1019.0,1000.0,1002.65,456511.0,39.02
2024-08-05,960.05,983.85,930.0,935.65,966337.0,38.49
2024-08-06,950.7,975.8,902.55,906.2,927765.0,36.63
2024-08-07,937.0,944.0,915.4,934.85,507488.0,29.1
2024-08-08,943.7,946.8,917.8,921.6,421105.0,34.88
2024-08-09,935.85,941.95,910.0,912.1,508712.0,36.3
2024-08-12,910.0,937.35,886.65,924.1,783600.0,25.39
2024-08-13,922.0,924.8,891.0,895.1,787946.0,44.12
2024-08-14,903.0,984.3,899.05,965.7,5028015.0,13.32
2024-08-15,903.0,984.3,899.05,965.7,5028015.0,13.32
2024-08-16,974.0,1002.5,970.6,981.6,1397969.0,23.8
2024-08-19,987.0,1006.35,984.1,986.95,751461.0,29.91
2024-08-20,994.7,999.0,975.0,977.6,759010.0,39.78
2024-08-21,984.7,997.0,981.95,991.0,423223.0,40.49
2024-08-22,998.45,1015.0,991.0,993.8,538950.0,35.17
2024-08-23,996.4,1039.0,991.1,1016.75,1288902.0,28.05
2024-08-26,1025.0,1027.0,997.3,1001.9,403343.0,48.11
2024-08-27,1011.0,1011.0,981.75,985.0,446607.0,50.41
2024-08-28,989.95,993.7,968.1,970.1,410111.0,52.87
2024-08-29,974.0,985.7,960.0,965.4,393697.0,39.83
2024-08-30,972.5,984.3,968.0,975.4,434746.0,48.11
2024-09-02,985.0,993.75,973.05,981.6,405961.0,28.53
2024-09-03,985.7,987.4,978.45,983.45,233510.0,43.41
2024-09-04,983.25,989.65,970.05,972.95,408521.0,43.14
2024-09-05,970.05,983.7,964.0,974.25,609470.0,43.24
2024-09-06,974.1,974.25,916.0,919.95,1149359.0,51.76
2024-09-09,924.95,931.95,892.55,897.1,781445.0,45.93
2024-09-10,908.5,914.8,895.1,898.45,729036.0,51.94
2024-09-11,909.0,909.0,868.0,878.2,527797.0,54.16
2024-09-12,880.0,887.0,870.0,881.2,593584.0,50.01
2024-09-13,886.0,891.95,872.25,881.35,498604.0,42.22
2024-09-16,892.0,892.0,872.15,876.1,365352.0,48.71
2024-09-17,881.8,888.7,872.45,877.35,587492.0,63.09
2024-09-18,885.5,891.9,873.0,877.25,673123.0,43.85
2024-09-19,879.75,887.0,864.3,880.0,516747.0,57.25
2024-09-20,885.9,914.0,853.35,889.65,1962381.0,60.34
2024-09-23,913.0,927.85,903.2,915.5,845300.0,30.3
2024-09-24,922.0,927.65,917.55,921.45,312745.0,45.63
2024-09-25,925.0,932.0,912.65,927.55,352075.0,50.01
2024-09-26,928.3,930.0,914.6,919.75,222741.0,47.11
2024-09-27,919.95,933.85,913.15,920.65,513964.0,36.98
2024-09-30,943.9,943.9,923.05,934.45,421215.0,30.15
2024-10-01,936.9,944.0,932.2,935.75,337014.0,45.71
2024-10-02,936.9,944.0,932.2,935.75,337014.0,45.71
2024-10-03,928.0,931.95,912.55,918.5,348475.0,42.6
2024-10-04,916.0,964.5,916.0,943.2,2311368.0,18.85
2024-10-07,950.0,951.3,903.1,910.45,573885.0,35.34
2024-10-08,910.0,934.0,882.7,923.35,676511.0,27.44
2024-10-09,929.0,941.7,918.0,920.55,267720.0,41.89
2024-10-10,922.7,927.65,901.05,904.9,290371.0,52.55
2024-10-11,906.95,913.4,893.7,909.0,364110.0,39.9
2024-10-14,913.0,913.1,898.0,906.55,195557.0,41.36
2024-10-15,908.0,908.9,890.1,892.55,273192.0,45.92
2024-10-16,889.95,937.85,884.0,928.95,611583.0,46.04
2024-10-17,930.0,999.0,920.0,943.4,5661062.0,10.58
2024-10-18,941.0,941.0,911.35,929.95,581318.0,29.65
2024-10-21,925.0,925.0,895.05,904.2,640481.0,36.38
2024-10-22,906.55,906.55,863.85,879.5,736527.0,34.83
2024-10-23,796.0,815.6,752.1,786.05,4411466.0,12.84
2024-10-24,791.4,792.5,755.1,758.5,998873.0,30.86
2024-10-25,763.0,766.3,696.8,707.7,2299227.0,21.57
2024-10-28,709.5,720.0,685.9,692.25,1476734.0,30.81
2024-10-29,693.8,717.8,673.65,681.05,1210985.0,30.35
2024-10-30,683.0,683.05,641.7,646.35,2439687.0,36.08
2024-10-31,643.0,655.0,633.05,639.7,1357828.0,37.09
2024-11-01,647.05,657.0,647.05,655.65,210231.0,48.04
2024-11-04,656.05,658.4,612.05,614.7,2142289.0,35.33
2024-11-05,610.2,645.2,610.0,632.4,5866529.0,17.46
2024-11-06,639.1,676.9,635.35,665.7,4372775.0,12.96
2024-11-07,671.5,672.0,647.65,655.6,1781578.0,22.85
2024-11-08,656.75,656.75,619.0,624.75,1808208.0,38.17
2024-11-11,620.35,637.05,606.4,631.15,1610753.0,26.17
2024-11-12,632.0,632.1,599.5,602.2,1141701.0,43.11
2024-11-13,595.0,603.9,578.05,597.2,1721109.0,31.77
2024-11-14,596.0,597.15,569.0,578.3,2242366.0,31.55
2024-11-18,579.0,596.25,566.0,569.15,1683496.0,25.89
2024-11-19,592.0,607.7,575.0,578.9,4011835.0,15.06
2024-11-20,592.0,607.7,575.0,578.9,4011835.0,15.06
2024-11-21,574.95,576.3,565.2,569.2,1001178.0,32.23
2024-11-22,570.0,592.3,570.0,583.25,1791144.0,18.17
2024-11-25,599.0,606.8,589.6,591.3,1165200.0,30.12
2024-11-26,591.3,617.5,588.75,609.45,1730044.0,22.68
2024-11-27,610.0,624.0,601.15,621.6,1263219.0,29.56
2024-11-28,622.25,633.8,621.05,628.05,917403.0,35.4
2024-11-29,621.25,631.75,621.25,626.75,563439.0,20.29
2024-12-02,625.0,642.5,617.1,629.4,1507207.0,22.06
2024-12-03,635.0,655.7,630.85,649.85,1745362.0,24.86
2024-12-04,649.85,657.8,640.0,646.35,974610.0,42.13
2024-12-05,649.95,650.15,628.0,630.15,1345575.0,43.65
2024-12-06,631.0,634.0,616.1,619.1,1046422.0,46.56
2024-12-09,619.65,620.8,597.75,600.2,1269413.0,54.46
2024-12-10,602.3,610.4,592.5,605.4,908416.0,42.16
2024-12-11,609.55,612.4,600.0,601.75,619838.0,44.0
2024-12-12,604.0,605.05,596.0,598.35,633961.0,42.78
2024-12-13,595.0,601.15,591.0,592.4,923434.0,41.52
2024-12-16,598.1,599.0,590.05,594.05,713073.0,43.69
2024-12-17,592.0,595.65,585.0,585.7,544538.0,51.85
2024-12-18,585.2,587.0,572.0,574.55,674688.0,44.37
2024-12-19,568.2,611.95,562.55,606.2,5885038.0,9.75
2024-12-20,606.0,617.8,590.25,594.3,1742333.0,19.21
2024-12-23,594.5,606.35,584.65,601.4,843201.0,18.31
2024-12-24,598.4,602.55,591.1,594.95,554402.0,30.2
2024-12-25,598.4,602.55,591.1,594.95,554402.0,30.2
2024-12-26,594.9,612.0,593.2,607.65,950876.0,30.06
2024-12-27,613.15,614.85,603.1,606.15,448165.0,31.93
2024-12-30,604.0,604.45,588.1,592.1,407764.0,41.5
2024-12-31,590.0,651.0,586.25,625.8,13267354.0,7.02
2025-01-01,625.8,639.6,624.0,631.95,1455082.0,15.79
2025-01-02,628.8,638.45,625.95,634.3,942489.0,29.4
2025-01-03,635.0,647.35,631.0,633.45,1142814.0,32.5
2025-01-06,633.45,636.35,595.0,597.6,922773.0,39.48
2025-01-07,597.6,615.6,597.55,604.45,720041.0,32.72
2025-01-08,606.0,636.35,604.9,615.4,3150423.0,15.99
2025-01-09,615.0,621.3,607.5,612.15,644293.0,24.78
2025-01-10,608.0,611.9,594.0,601.6,632783.0,28.17
2025-01-13,599.85,621.0,572.45,574.75,1449090.0,23.61
2025-01-14,574.0,582.45,563.5,575.1,910652.0,28.01
2025-01-15,577.9,591.85,571.0,574.5,703555.0,32.5
2025-01-16,574.95,584.9,574.95,578.4,457987.0,36.56
2025-01-17,579.0,596.35,573.35,590.95,927885.0,36.13
2025-01-20,590.95,608.95,577.25,597.85,1491143.0,21.04
2025-01-21,598.0,603.4,580.55,584.8,574683.0,33.09
2025-01-22,586.95,588.5,567.0,581.95,486263.0,27.27
2025-01-23,580.0,580.7,571.8,576.15,361006.0,32.39
2025-01-24,581.05,586.95,552.0,556.9,896077.0,39.03
2025-01-27,551.15,552.4,527.0,529.9,642438.0,39.31
2025-01-28,530.05,535.2,508.4,523.65,742403.0,25.0
2025-01-29,522.05,533.0,522.05,525.65,453000.0,37.34
2025-01-30,525.95,538.4,523.0,524.5,423003.0,28.68
2025-01-31,521.6,543.0,520.05,541.45,631350.0,36.32
2025-02-03,535.0,535.0,514.3,515.9,440056.0,43.94
2025-02-04,517.0,532.0,517.0,527.35,470010.0,26.21
2025-02-05,527.35,542.0,527.35,532.65,501569.0,35.2
2025-02-06,532.65,538.95,525.15,526.75,332297.0,39.21
2025-02-07,523.3,529.0,518.95,522.85,251815.0,34.89
2025-02-10,520.0,523.6,513.05,517.05,292928.0,38.93
2025-02-11,513.45,515.45,498.0,501.7,428777.0,41.63
2025-02-12,497.0,505.4,478.25,501.25,667130.0,33.67
2025-02-13,496.6,512.15,496.6,501.75,275319.0,35.15
2025-02-14,500.0,503.95,476.5,479.35,431826.0,42.65
2025-02-17,479.3,485.65,467.85,484.05,572939.0,26.68
2025-02-18,480.0,485.85,470.2,478.6,425626.0,34.23
2025-02-19,475.0,499.9,470.25,496.25,441451.0,35.28
2025-02-20,493.8,503.65,487.8,499.85,373375.0,31.58
2025-02-21,498.45,516.2,492.85,505.1,532028.0,31.81
2025-02-24,498.55,509.85,492.3,508.4,318623.0,33.53
2025-02-25,504.05,511.3,490.05,491.75,359306.0,40.43
2025-02-27,488.6,492.4,465.95,469.8,535140.0,48.33
2025-02-28,468.5,468.85,450.0,451.6,620150.0,43.01
2025-03-03,450.15,461.05,433.1,452.05,704479.0,34.46
2025-03-04,445.5,467.6,439.45,462.65,658152.0,36.43
2025-03-05,462.95,477.9,461.0,471.3,1011812.0,24.7
2025-03-06,480.3,532.8,480.0,527.05,18041525.0,4.08
2025-03-07,528.0,535.9,521.05,529.2,3098187.0,12.33
2025-03-10,527.0,531.25,509.0,513.05,1341935.0,20.15
2025-03-11,503.5,564.0,500.05,551.5,22934476.0,3.42
2025-03-12,552.3,559.7,544.0,552.8,3648330.0,9.36
2025-03-13,553.9,577.5,543.05,570.15,5423249.0,10.53
2025-03-17,570.15,574.15,555.45,561.85,1407460.0,22.86
2025-03-18,560.0,566.5,555.9,559.9,1171136.0,25.09
2025-03-19,561.95,583.0,561.95,573.35,1854614.0,21.37
2025-03-20,578.35,585.9,567.5,575.5,944583.0,25.61
2025-03-21,575.45,643.7,570.45,632.95,11178322.0,16.53
2025-03-24,640.0,657.15,633.15,637.55,4058569.0,15.6
2025-03-25,641.5,643.85,608.45,614.25,1746398.0,27.35
2025-03-26,614.25,664.5,613.0,630.55,13441161.0,6.85
2025-03-27,630.2,634.0,614.25,626.15,1967438.0,14.27
2025-03-28,625.5,642.95,610.15,615.1,1239909.0,25.11
2025-04-01,615.0,615.0,595.6,599.95,1032041.0,32.14
2025-04-02,602.6,614.25,586.6,608.45,1217503.0,16.19
2025-04-03,600.0,619.15,596.0,610.25,849276.0,18.63
2025-04-04,611.95,625.4,593.55,608.8,3197609.0,10.32
2025-04-07,527.0,625.65,527.0,594.5,3157214.0,11.08
2025-04-08,606.0,616.6,594.15,610.0,1398964.0,15.88
2025-04-09,616.0,622.3,598.15,606.8,2348460.0,16.52
2025-04-11,612.35,628.4,605.8,616.2,1462299.0,19.07
2025-04-15,620.9,627.1,618.05,619.45,906858.0,29.05
2025-04-16,620.0,647.4,614.1,631.0,2519984.0,18.06
2025-04-17,630.0,634.0,620.0,621.75,960866.0,26.78
2025-04-21,627.45,642.3,624.75,635.35,1197378.0,32.33
2025-04-22,638.0,642.4,630.4,633.8,807401.0,31.67
2025-04-23,640.0,643.35,620.85,628.4,915573.0,27.03
2025-04-24,629.3,634.9,625.0,627.15,528196.0,30.79
2025-04-25,628.95,664.1,611.8,631.0,5248704.0,16.73
2025-04-28,629.85,631.0,614.0,620.95,1228339.0,24.84
2025-04-29,624.0,630.0,617.45,619.55,685598.0,28.63
2025-04-30,620.0,624.9,603.0,612.3,885486.0,29.57
2025-05-02,608.5,621.8,604.4,617.7,750106.0,31.81
2025-05-05,625.0,636.95,622.25,625.55,1001075.0,30.57
2025-05-06,625.0,627.5,605.95,607.95,676710.0,36.96
2025-05-07,602.45,618.8,599.4,615.15,582735.0,27.05
2025-05-08,617.0,630.6,600.0,605.35,612889.0,35.56
2025-05-09,590.0,600.0,587.1,591.9,584788.0,24.55
2025-05-12,610.0,621.8,610.0,618.75,646592.0,33.25
2025-05-13,618.75,625.0,611.4,621.15,427562.0,38.65
2025-05-14,622.6,629.7,621.0,626.85,468317.0,43.4
2025-05-15,626.85,658.85,626.05,640.3,2369839.0,31.14
2025-05-16,643.85,657.0,637.0,646.75,930613.0,35.23
2025-05-19,646.8,672.9,640.5,652.45,1650962.0,36.63
2025-05-20,661.0,703.75,644.8,675.0,6190397.0,22.21
2025-05-21,680.9,696.75,669.9,691.45,2623949.0,21.46
2025-05-22,691.0,698.5,676.3,684.2,1232290.0,28.19
2025-05-23,686.0,690.0,677.7,680.6,791596.0,25.52
2025-05-26,683.75,692.0,676.1,686.85,684401.0,34.79
2025-05-27,687.2,689.9,674.0,684.05,901385.0,27.67
2025-05-28,686.0,727.9,681.0,719.05,5013294.0,23.67
2025-05-29,724.0,737.3,719.05,721.65,1813374.0,33.67
2025-05-30,723.1,723.65,663.25,676.2,3340317.0,55.88
2025-06-02,670.0,674.0,664.15,666.8,830817.0,43.78
2025-06-03,667.5,674.5,647.2,651.15,1142703.0,41.75
2025-06-04,653.65,663.45,647.55,658.5,1062705.0,28.2
2025-06-05,663.7,664.9,651.0,652.95,626105.0,45.99
2025-06-06,653.5,656.5,646.6,648.35,507170.0,45.3
2025-06-09,651.5,660.7,649.15,655.9,763709.0,52.49
2025-06-10,656.0,672.0,655.55,668.85,1591971.0,35.85
2025-06-11,674.0,701.0,669.4,683.65,4145860.0,25.32
2025-06-12,684.0,686.45,661.2,664.4,1158500.0,43.91
2025-06-13,650.0,654.15,638.0,641.95,1137805.0,46.41
2025-06-16,642.0,647.1,621.15,627.05,1095816.0,38.17
2025-06-17,629.0,647.7,628.0,637.2,1132151.0,29.99
2025-06-18,635.9,643.0,624.8,629.05,559262.0,35.78
2025-06-19,629.05,637.0,603.1,608.25,1008770.0,43.59
2025-06-20,610.0,634.9,608.4,632.95,1517144.0,41.46
2025-06-23,630.0,708.0,627.3,702.35,17618625.0,14.48
2025-06-24,697.0,697.95,677.3,685.8,2633278.0,24.63
2025-06-25,685.8,695.95,664.0,667.9,1696711.0,39.88
2025-06-26,667.9,687.0,664.15,671.55,2432976.0,38.47
2025-06-27,673.15,688.4,669.2,683.1,1449772.0,42.36
2025-06-30,683.1,694.9,678.0,679.4,855768.0,45.86
2025-07-01,684.05,699.5,677.05,681.75,1923757.0,35.81
2025-07-02,682.4,718.4,682.4,700.7,6390231.0,20.58
2025-07-03,703.0,734.0,701.75,712.4,6059769.0,18.65
2025-07-04,715.95,781.0,713.8,771.15,19813576.0,15.62
2025-07-07,767.0,782.0,736.55,738.2,3796230.0,32.72
2025-07-08,739.7,750.0,730.1,734.05,1764133.0,32.06
2025-07-09,735.0,755.8,727.0,738.6,3005001.0,26.24
2025-07-10,743.0,746.6,725.5,733.8,1111563.0,37.06
2025-07-11,733.0,735.5,715.05,719.3,1021715.0,38.86
2025-07-14,713.0,725.75,711.6,721.9,926261.0,28.22
2025-07-15,721.1,749.35,719.55,743.7,2193640.0,32.16
2025-07-16,746.95,757.05,744.45,749.15,1461061.0,36.47
2025-07-17,750.0,759.0,745.0,747.25,1099534.0,33.44
2025-07-18,748.0,788.0,743.7,779.4,6388175.0,27.71
2025-07-21,750.0,785.55,738.2,779.7,3478189.0,25.93
2025-07-22,779.7,799.7,760.55,787.15,3068158.0,24.17
2025-07-23,789.0,789.1,769.0,777.75,1829896.0,28.63
2025-07-24,781.0,781.0,756.15,761.6,1454687.0,40.13
2025-07-25,761.6,761.65,675.0,687.6,5841759.0,32.42
2025-07-28,685.05,729.5,681.0,720.9,6306195.0,18.65
2025-07-29,718.95,719.7,699.0,705.3,1121573.0,34.3
2025-07-30,706.0,716.85,689.05,699.4,1589957.0,25.14
2025-07-31,691.3,695.7,678.25,682.65,1130795.0,41.78
2025-08-01,680.7,682.0,652.8,656.5,843509.0,34.56
2025-08-04,656.0,656.4,641.85,649.1,719493.0,39.84
2025-08-05,650.0,654.9,632.6,638.95,909409.0,38.65
2025-08-06,640.0,646.9,629.25,634.65,661065.0,35.04
2025-08-07,631.35,643.35,626.4,641.15,577969.0,33.77
2025-08-08,640.0,662.3,633.3,643.5,973662.0,28.27
2025-08-11,644.2,662.85,638.7,659.1,781740.0,35.69
2025-08-12,659.1,668.0,653.9,660.8,611792.0,38.09
2025-08-13,663.75,664.7,649.6,651.25,318791.0,34.82
2025-08-14,651.25,655.75,631.65,633.35,558525.0,45.4
2025-08-18,644.0,644.1,620.85,627.05,857598.0,44.46
2025-08-19,628.9,658.6,628.9,656.15,1241797.0,33.62
2025-08-20,660.0,676.4,655.0,659.45,1191337.0,36.31
2025-08-21,660.5,678.0,657.1,663.6,1112115.0,35.21
2025-08-22,664.9,664.9,656.0,659.2,372153.0,39.02
2025-08-25,660.0,666.3,655.0,660.9,324311.0,41.0
2025-08-26,660.0,662.6,645.5,649.9,396161.0,50.36
2025-08-28,649.9,652.95,639.8,645.25,396531.0,39.22
2025-08-29,640.25,650.65,640.25,645.4,332477.0,44.07
2025-09-01,642.0,692.0,642.0,687.05,2582471.0,23.74
2025-09-02,692.0,709.95,684.3,699.6,1251729.0,31.33
2025-09-03,697.3,710.0,692.4,699.05,627664.0,37.08
2025-09-04,708.0,708.0,689.1,692.85,442202.0,39.49
2025-09-05,694.0,703.3,685.1,702.4,469467.0,33.38
2025-09-08,702.0,714.0,698.05,702.4,440078.0,40.2
2025-09-09,702.9,729.0,702.9,723.2,1581139.0,30.76
2025-09-10,723.5,744.0,720.0,725.35,1048698.0,42.69
2025-09-11,727.95,764.9,723.8,742.65,3148914.0,21.36
2025-09-12,744.0,749.65,730.25,734.85,635520.0,39.53
2025-09-15,733.0,754.8,733.0,751.9,618745.0,37.69
2025-09-16,750.0,760.0,747.55,751.9,475960.0,42.6
2025-09-17,751.7,761.0,738.15,739.8,562309.0,46.81
2025-09-18,740.2,757.45,740.2,744.85,513478.0,31.47
2025-09-19,746.75,751.8,740.0,742.4,294276.0,38.88
2025-09-22,743.5,773.3,740.0,756.0,1638455.0,29.08
2025-09-23,755.2,758.45,745.5,751.7,459098.0,38.69
2025-09-24,751.7,761.85,750.0,753.3,430843.0,35.0
2025-09-25,750.5,772.75,750.0,754.5,803506.0,32.57
2025-09-26,754.5,782.0,740.0,760.5,1956246.0,29.26
2025-09-29,764.9,789.1,760.5,763.35,1745616.0,30.35
2025-09-30,765.05,771.5,751.65,757.8,627234.0,36.46
2025-10-01,765.0,768.8,747.15,757.1,550783.0,41.75
2025-10-03,759.45,786.4,759.0,780.4,1356770.0,37.34
2025-10-06,784.3,811.8,780.3,807.7,2085443.0,35.67
2025-10-07,812.0,858.85,795.1,805.3,6273201.0,19.24
2025-10-08,805.3,814.0,798.3,803.55,767458.0,28.09
2025-10-09,805.0,811.7,794.15,798.9,650196.0,31.83
2025-10-10,798.9,811.2,794.1,802.25,687146.0,35.71
2025-10-13,800.0,800.0,782.1,787.25,559253.0,34.59
2025-10-14,785.0,790.7,758.0,768.45,903308.0,43.8
2025-10-15,770.7,777.75,753.7,758.2,971310.0,51.68
2025-10-16,794.0,798.6,733.8,735.55,2891862.0,33.74
2025-10-17,733.35,738.0,718.5,723.6,886600.0,45.3
2025-10-20,722.0,780.0,716.8,775.85,6013555.0,18.12
2025-10-21,779.0,783.95,776.65,779.3,258136.0,40.87
2025-10-22,779.0,783.95,776.65,779.3,258136.0,40.87
2025-10-23,779.3,782.5,738.5,746.8,1305269.0,41.08
2025-10-24,746.8,779.5,746.8,772.35,2390680.0,25.95
2025-10-27,785.8,830.0,746.0,769.85,16053682.0,10.93
2025-10-28,780.0,854.85,765.5,843.2,17299295.0,15.48
2025-10-29,831.0,847.35,804.0,809.7,5313838.0,24.09
2025-10-30,810.0,892.0,806.5,885.0,17043830.0,15.09
2025-10-31,878.75,998.0,877.0,979.35,34684037.0,8.81
2025-11-03,971.5,977.4,932.85,953.0,9499711.0,10.52
2025-11-04,950.0,997.0,944.75,982.85,11188960.0,12.65
2025-11-05,950.0,997.0,944.75,982.85,11188960.0,12.65
2025-11-06,976.0,1018.95,967.0,975.85,7982767.0,12.9
2025-11-07,975.85,1020.9,970.2,1016.3,5759530.0,20.2
2025-11-10,1022.0,1048.0,991.0,1000.25,4184600.0,23.85
2025-11-11,1009.0,1036.45,998.35,1032.55,4442519.0,23.86
2025-11-12,1042.9,1044.0,1024.0,1034.15,1976643.0,28.49
2025-11-13,1029.0,1051.75,1026.9,1035.0,1736000.0,28.76
2025-11-14,1035.0,1044.0,1022.0,1029.0,1306944.0,37.73
2025-11-17,1039.0,1082.7,1030.5,1075.8,3534988.0,28.04
2025-11-18,1079.0,1099.7,1067.85,1096.55,3362408.0,21.38
2025-11-19,1090.0,1090.0,1054.0,1060.4,1289853.0,36.74
2025-11-20,1062.05,1103.0,1057.5,1076.35,3122088.0,28.1
2025-11-21,1065.6,1086.9,1016.8,1025.2,1821995.0,30.99
2025-11-24,1024.5,1030.0,948.25,989.2,3088191.0,33.77
2025-11-25,996.2,1023.0,977.2,1018.8,2162794.0,25.2
2025-11-26,1018.2,1018.45,890.0,896.6,7809945.0,24.78
2025-11-27,907.65,944.9,898.0,917.15,6173884.0,18.17
2025-11-28,924.65,934.9,906.95,916.15,1947861.0,20.53
2025-12-01,919.0,934.4,906.65,911.55,1307271.0,23.86
2025-12-02,915.0,944.95,914.25,932.75,2446034.0,22.47
2025-12-03,930.25,945.35,911.3,941.6,1940074.0,25.76
2025-12-04,936.95,952.35,924.45,930.35,1420313.0,32.73
2025-12-05,930.35,945.0,923.4,928.15,787808.0,30.65
2025-12-08,932.5,956.0,923.3,929.45,1345821.0,24.24
2025-12-09,930.05,930.85,878.45,919.1,1778001.0,26.87
2025-12-10,920.0,950.0,918.0,945.8,1607826.0,26.31
2025-12-11,940.8,940.95,912.3,922.15,842301.0,31.86
2025-12-12,926.0,933.95,916.45,927.4,744282.0,26.66
2025-12-15,925.0,938.65,920.7,924.1,559041.0,34.28
2025-12-16,928.0,934.8,912.2,915.75,668153.0,30.2
2025-12-17,920.0,923.0,904.2,913.95,649750.0,37.34
2025-12-18,911.0,917.4,887.0,891.05,603639.0,40.87
2025-12-19,899.05,914.6,883.2,887.9,817240.0,29.3
2025-12-22,887.9,896.95,879.6,893.3,722063.0,32.58
2025-12-23,897.8,909.0,860.0,861.8,1055782.0,38.84
2025-12-24,864.0,872.7,842.0,848.25,606616.0,29.28
2025-12-25,864.0,872.7,842.0,848.25,606616.0,29.28
2025-12-26,850.0,851.2,825.0,828.35,826159.0,32.42
2025-12-29,830.15,833.0,804.0,812.0,943636.0,47.87
2025-12-30,812.0,819.55,792.25,798.05,679725.0,40.48
2025-12-31,798.05,861.3,798.05,836.2,3339768.0,17.14
2026-01-01,836.2,855.8,831.6,846.55,982826.0,25.41
2026-01-02,845.0,849.0,825.1,827.2,677229.0,38.23
2026-01-05,827.2,848.0,811.0,813.6,815091.0,36.3
2026-01-06,813.6,826.95,801.9,806.95,669628.0,37.21
2026-01-07,806.95,821.4,798.05,816.8,669949.0,38.18
2026-01-08,819.0,820.0,785.0,790.7,528419.0,43.21
2026-01-09,794.5,801.4,775.15,782.7,688667.0,32.08
2026-01-12,782.2,816.5,765.5,808.55,1075301.0,31.71
2026-01-13,810.0,824.5,800.2,821.95,880170.0,34.72
2026-01-14,822.5,885.0,820.5,875.3,2969166.0,27.63
2026-01-15,822.5,885.0,820.5,875.3,2969166.0,27.63
2026-01-16,883.95,893.25,848.6,859.95,1685997.0,32.63
2026-01-19,857.95,866.4,841.9,847.7,598872.0,28.56
2026-01-20,843.05,854.45,795.25,803.75,1029442.0,30.76
2026-01-21,802.0,853.75,800.3,828.55,2057684.0,17.01
2026-01-22,842.0,861.85,820.0,827.45,1105140.0,27.01
2026-01-23,828.1,848.95,824.6,842.2,828608.0,35.3
2026-01-26,828.1,848.95,824.6,842.2,828608.0,35.3
2026-01-27,855.0,884.95,827.1,839.15,3335410.0,28.71
2026-01-28,846.0,868.9,836.05,849.85,2081537.0,29.59
2026-01-29,858.4,893.0,842.5,874.85,3257419.0,26.1
2026-01-30,870.0,888.0,860.5,866.05,1007032.0,36.63
2026-02-02,835.0,870.0,828.1,864.45,1095105.0,33.73
2026-02-03,892.0,894.4,831.9,840.9,1369571.0,34.63
2026-02-04,840.0,889.0,836.2,880.9,1838483.0,34.4
2026-02-05,888.0,918.0,882.0,894.4,1348063.0,29.42
2026-02-06,891.05,907.9,887.6,905.6,899116.0,28.4
2026-02-09,913.4,930.0,905.0,921.6,974589.0,41.21
2026-02-10,926.1,928.9,909.35,918.8,416630.0,43.53
2026-02-11,917.8,938.0,915.4,926.4,1102624.0,23.46
2026-02-12,926.0,927.0,891.0,897.6,777610.0,35.05
2026-02-13,896.9,897.0,864.75,879.0,717225.0,37.88
2026-02-16,877.0,891.9,869.0,888.95,286261.0,35.2
2026-02-17,890.0,892.2,870.0,886.1,436883.0,21.49
2026-02-18,892.0,919.8,892.0,908.85,1046646.0,30.41
2026-02-19,911.95,924.5,886.2,896.45,592451.0,29.86
2026-02-20,892.0,906.0,881.15,883.65,451483.0,38.29
2026-02-23,886.0,902.05,877.75,884.15,496296.0,25.78
2026-02-24,882.0,920.0,881.6,916.6,1892411.0,22.16
2026-02-25,921.15,933.9,914.1,916.85,1002921.0,35.25
2026-02-26,918.0,924.5,904.05,916.45,491709.0,31.35
2026-02-27,911.05,973.0,911.05,961.95,4267261.0,19.17
2026-03-02,930.0,956.75,918.1,937.7,1516891.0,27.47
2026-03-03,930.0,956.75,918.1,937.7,1516891.0,27.47
2026-03-04,905.6,1012.0,905.6,999.9,7897769.0,13.48
2026-03-05,1019.0,1053.5,973.1,991.5,6152813.0,14.15
2026-03-06,1015.0,1043.0,983.45,1007.5,3586973.0,18.61
2026-03-09,1020.0,1020.0,926.0,936.95,2785543.0,24.1
2026-03-10,953.3,970.8,917.0,929.65,1724477.0,18.89
2026-03-11,933.25,945.8,900.0,906.7,858125.0,31.76
2026-03-12,902.0,960.0,869.35,943.8,3630058.0,14.52
2026-03-13,943.8,949.6,908.0,918.2,1157826.0,24.58
2026-03-16,899.0,1004.7,870.8,988.55,6230167.0,10.55
2026-03-17,981.0,1077.7,968.0,1065.05,9950138.0,12.53
2026-03-18,1050.0,1057.9,1003.0,1015.15,3099477.0,15.79
2026-03-19,1008.0,1056.55,995.95,1020.3,4069697.0,10.24
2026-03-20,1017.2,1091.0,1008.95,1064.75,4575897.0,12.34
2026-03-23,1064.0,1094.4,998.0,1004.55,2612734.0,16.17
2026-03-24,1032.0,1035.0,943.9,997.95,3639806.0,13.07
2026-03-25,1005.0,1034.4,993.0,1003.35,2073963.0,22.33
2026-03-26,1005.0,1034.4,993.0,1003.35,2073963.0,22.33
2026-03-27,990.0,1029.2,938.2,959.75,3402906.0,21.48
2026-03-30,950.0,1018.5,942.05,967.35,3916367.0,10.61
2026-03-31,950.0,1018.5,942.05,967.35,3916367.0,10.61
2026-04-01,995.0,1026.85,975.6,1017.85,2877753.0,22.75
2026-04-02,1002.1,1036.0,981.0,1032.25,2645535.0,20.62
2026-04-03,1002.1,1036.0,981.0,1032.25,2645535.0,20.62
2026-04-06,989.0,1018.0,973.8,980.85,3043704.0,23.82
2026-04-07,980.85,995.0,964.0,968.15,1589118.0,20.08
2026-04-08,996.1,1012.4,975.05,989.85,2608735.0,29.38
2026-04-09,990.0,1006.85,980.0,983.35,1372859.0,22.78
2026-04-10,969.65,993.0,960.0,973.85,1796610.0,29.96
2026-04-13,964.95,969.8,941.0,945.05,1468850.0,35.68
2026-04-14,964.95,969.8,941.0,945.05,1468850.0,35.68
2026-04-15,955.0,986.25,947.1,971.1,1786789.0,25.35
2026-04-16,975.25,1004.65,967.65,980.8,1498096.0,21.98
2026-04-17,988.0,1050.0,984.05,1041.85,3702206.0,33.98
2026-04-20,1044.0,1044.0,1004.0,1007.55,1661521.0,39.39
2026-04-21,1020.0,1039.1,1012.05,1022.35,1311570.0,30.52
2026-04-22,1022.35,1083.95,1019.95,1071.4,3470481.0,29.08
2026-04-23,1075.0,1103.0,1057.25,1069.3,3471855.0,22.66
2026-04-24,1074.0,1098.3,995.0,1035.0,7969792.0,18.1
2026-04-27,1049.25,1061.0,988.0,997.45,3174933.0,33.69
2026-04-28,1002.4,1078.5,998.35,1072.3,6451437.0,25.09
2026-04-29,1080.0,1150.0,1048.5,1139.5,7683061.0,27.09
2026-04-30,1135.0,1159.7,1106.5,1128.35,4237666.0,27.21
2026-05-01,1135.0,1159.7,1106.5,1128.35,4237666.0,27.21
2026-05-04,1131.0,1139.0,1100.8,1111.0,1943603.0,29.42
2026-05-05,1118.8,1124.8,1080.0,1082.6,1249183.0,30.87
2026-05-06,1090.0,1097.7,1058.1,1072.5,1468420.0,35.99
2026-05-07,1072.5,1094.9,1064.2,1076.2,906051.0,28.87
2026-05-08,1081.6,1110.9,1074.0,1076.9,1439352.0,24.0
2026-05-11,1077.0,1087.3,1043.7,1051.4,895592.0,26.61
2026-05-12,1055.9,1057.8,1003.4,1009.7,840114.0,31.56
2026-05-13,1015.1,1062.0,1015.1,1027.4,1482112.0,22.86
2026-05-14,1039.5,1043.2,1017.5,1029.5,563713.0,26.6
2026-05-15,1030.0,1034.3,1004.0,1009.0,529004.0,31.24
2026-05-18,995.0,998.3,973.1,987.9,644558.0,29.36
2026-05-19,992.0,1006.9,980.0,982.4,560187.0,32.08
2026-05-20,982.4,1016.9,976.1,1012.2,718410.0,25.75
2026-05-21,1012.3,1032.5,1008.1,1011.5,619098.0,25.07
2026-05-22,1012.9,1024.8,1011.9,1016.6,344964.0,27.97
2026-05-25,1023.9,1043.4,1021.6,1030.6,523407.0,33.38
2026-05-26,1032.0,1042.4,1018.0,1019.8,345764.0,29.99
2026-05-27,1025.0,1064.8,1014.0,1053.1,1253123.0,35.81
2026-05-28,1025.0,1064.8,1014.0,1053.1,1253123.0,35.81
2026-05-29,1065.0,1070.0,1045.0,1058.2,689112.0,45.45
2026-06-01,1065.2,1114.2,1060.2,1096.9,2103128.0,39.03
2026-06-02,1094.0,1145.0,1074.0,1141.6,1839119.0,42.15
2026-06-03,1150.0,1225.0,1142.2,1189.8,3461172.0,24.5
2026-06-04,1184.0,1211.9,1176.7,1190.6,1024632.0,34.61
2026-06-05,1192.0,1203.2,1131.6,1181.4,1196141.0,36.28
2026-06-08,1169.3,1224.9,1161.3,1191.3,1528719.0,26.7
2026-06-09,1191.0,1238.0,1185.1,1226.4,1050287.0,35.95
2026-06-10,1231.2,1249.0,1175.7,1184.3,1398690.0,31.29
2026-06-11,1184.0,1193.8,1136.0,1140.1,835535.0,36.82
2026-06-12,1141.6,1158.8,1115.2,1137.7,990933.0,27.22
2026-06-15,1158.0,1225.8,1155.0,1210.6,2196721.0,27.37
2026-06-16,1210.7,1215.6,1180.6,1183.4,634808.0,32.58
2026-06-17,1193.9,1206.5,1160.0,1165.1,598555.0,36.17
2026-06-18,1155.0,1164.2,1115.5,1119.4,1242779.0,39.65
2026-06-19,1120.1,1142.0,1092.1,1097.8,817851.0,34.95
2026-06-22,1101.0,1128.6,1101.0,1116.5,669608.0,24.75
2026-06-23,1116.5,1146.2,1108.0,1114.2,889624.0,28.51
2026-06-24,1119.7,1138.6,1115.0,1128.0,405870.0,26.0
2026-06-25,1128.0,1139.5,1101.0,1102.2,415279.0,43.14
2026-06-26,1128.0,1139.5,1101.0,1102.2,415279.0,43.14
2026-06-29,1105.0,1161.0,1101.9,1153.8,1834187.0,31.06
2026-06-30,1159.0,1172.0,1141.0,1156.3,704680.0,40.93
2026-07-01,1162.0,1172.9,1131.0,1134.0,494004.0,40.71
2026-07-02,1132.5,1155.7,1130.0,1134.1,373448.0,28.81
2026-07-03,1135.0,1140.0,1116.8,1125.8,324849.0,29.14
2026-07-06,1123.5,1139.9,1118.1,1120.4,324065.0,31.98
2026-07-07,1126.0,1133.5,1080.0,1086.1,550781.0,50.87
2026-07-08,1086.1,1136.4,1086.1,1109.9,1244168.0,22.48
2026-07-09,1124.0,1138.8,1108.2,1121.7,733602.0,21.15
2026-07-10,1130.7,1186.9,1130.6,1180.7,2010584.0,30.07
2026-07-13,1182.0,1233.4,1125.0,1157.9,2053306.0,28.91
2026-07-14,1164.7,1164.7,1103.2,1110.9,1122447.0,43.64
2026-07-15,1116.0,1177.8,1099.0,1157.2,1526284.0,27.51
2026-07-16,1170.0,1279.7,1168.1,1240.8,7400490.0,18.37
2026-07-17,1251.0,1256.9,1190.1,1200.6,1630780.0,30.29
2026-07-20,1209.6,1226.0,1195.0,1214.0,1133032.0,23.46
2026-07-21,1219.0,1270.0,1218.1,1258.1,1790473.0,38.77
2026-07-22,1269.9,1315.0,1269.0,1307.8,2966118.0,21.98
2026-07-23,1311.5,1354.0,1180.0,1269.6,7077551.0,17.2
2026-07-24,1265.0,1281.9,1209.0,1214.8,1544056.0,32.3
2026-07-27,1230.0,1232.0,1162.8,1168.8,1629065.0,42.06
2026-07-28,1168.9,1205.5,1150.0,1180.5,1214575.0,29.87
2026-07-29,1200.0,1219.9,1176.1,1212.3,908359.0,31.54
2026-07-30,1215.1,1288.7,1212.9,1238.2,2988121.0,20.44
2026-07-31,1248.0,1274.0,1222.3,1260.6,1502352.0,29.88
2026-08-03,1266.7,1343.0,1266.0,1325.5,3024039.0,31.83
2026-08-04,1342.0,1351.0,1301.3,1325.7,1993696.0,33.26
2026-08-05,1346.8,1351.0,1295.0,1303.9,1819630.0,46.31
2026-08-06,1318.0,1318.0,1278.0,1292.3,1365189.0,46.28
2026-08-07,1235.9,1285.8,1220.3,1275.4,1468654.0,35.1
2026-08-10,1270.0,1270.0,1235.0,1240.1,782776.0,38.93
2026-08-11,1249.0,1449.0,1237.0,1426.1,17236108.0,16.06
2026-08-12,1418.0,1444.0,1370.1,1379.5,2824270.0,19.54
2026-08-13,1377.1,1378.9,1308.0,1341.8,1846258.0,22.63
2026-08-14,1341.8,1368.8,1311.0,1321.9,755166.0,32.71
2026-08-19,1429.0,1489.7,1421.2,1440.3,5720727.0,10.65
2026-08-20,1457.0,1466.0,1379.6,1390.5,2227820.0,25.65
2026-08-21,1394.1,1408.0,1380.0,1393.5,882859.0,24.61
2026-08-24,1405.0,1452.0,1388.1,1412.1,1580232.0,21.68
2026-08-25,1420.0,1420.0,1389.6,1401.2,581107.0,31.78
2026-08-26,1402.1,1423.2,1367.0,1375.0,747711.0,37.99
