,Open,High,Low,Close,Volume,DeliveryPct
2016-08-18,897.9,902.95,892.55,895.85,137675.0,
2016-08-19,895.0,901.0,892.0,895.1,114081.0,
2016-08-22,897.0,898.55,875.1,878.35,88255.0,
2016-08-23,876.0,892.1,873.6,885.5,95382.0,
2016-08-24,890.0,917.3,883.95,902.15,272503.0,
2016-08-25,912.5,915.0,893.4,897.55,278738.0,
2016-08-26,905.0,905.0,886.45,894.75,178094.0,
2016-08-29,895.0,904.95,887.4,900.5,85320.0,
2016-08-30,903.0,931.95,902.85,917.2,468928.0,
2016-08-31,923.0,933.75,913.0,920.4,177971.0,
2016-09-01,926.9,927.35,918.0,922.1,123984.0,
2016-09-02,922.1,938.5,918.4,924.0,327330.0,
2016-09-06,933.0,933.0,907.05,922.1,229006.0,
2016-09-07,925.05,932.0,916.6,926.45,172946.0,
2016-09-08,927.0,944.7,918.0,935.6,429986.0,
2016-09-09,935.65,947.0,927.85,933.95,178990.0,
2016-09-12,927.0,933.45,911.25,928.6,414521.0,
2016-09-14,933.0,937.5,907.75,913.8,450302.0,
2016-09-15,913.85,918.0,897.15,906.05,297083.0,
2016-09-16,909.7,927.4,909.7,921.4,198978.0,
2016-09-19,923.0,929.85,917.95,922.15,205562.0,
2016-09-20,925.0,927.35,910.6,916.5,90304.0,
2016-09-21,916.0,916.9,897.0,900.3,326222.0,
2016-09-22,905.1,914.4,897.2,906.75,78866.0,
2016-09-23,910.05,911.0,891.6,896.45,256870.0,
2016-09-26,900.0,906.3,891.2,893.15,229079.0,
2016-09-27,894.05,909.0,892.35,903.3,292422.0,
2016-09-28,903.3,910.25,895.3,902.75,142091.0,
2016-09-29,902.8,909.0,875.1,887.85,581583.0,
2016-09-30,886.0,915.95,886.0,905.5,176975.0,
2016-10-03,901.0,931.7,900.6,928.65,263434.0,
2016-10-04,928.7,935.4,917.6,929.3,162118.0,
2016-10-05,929.0,940.0,922.9,934.65,117217.0,
2016-10-06,934.65,934.65,913.05,916.65,121947.0,
2016-10-07,916.65,919.3,908.35,910.45,42450.0,
2016-10-10,910.5,916.9,895.0,900.8,263969.0,
2016-10-13,903.9,903.9,873.7,875.4,121427.0,
2016-10-14,879.8,881.75,866.1,869.7,108579.0,
2016-10-17,869.9,882.8,845.6,852.2,465207.0,
2016-10-18,854.55,875.45,848.6,860.1,361227.0,
2016-10-19,864.4,868.35,837.45,844.7,288771.0,
2016-10-20,849.7,863.8,841.6,859.8,190652.0,
2016-10-21,861.25,866.3,843.3,851.75,181786.0,
2016-10-24,862.0,862.0,849.6,851.2,199944.0,
2016-10-25,854.0,874.7,849.75,867.2,184526.0,
2016-10-26,867.35,901.05,865.2,877.05,358703.0,
2016-10-27,895.0,895.0,836.55,850.0,974685.0,
2016-10-28,855.25,861.85,846.45,849.05,199613.0,
2016-11-01,865.0,865.0,848.0,852.75,354242.0,
2016-11-02,852.75,857.85,832.05,841.25,253660.0,
2016-11-03,838.55,848.45,837.3,839.55,336047.0,
2016-11-04,841.0,847.25,825.0,828.4,161863.0,
2016-11-07,833.9,842.95,828.1,838.7,178815.0,
2016-11-08,842.5,848.7,837.5,841.25,116605.0,
2016-11-09,819.0,832.0,757.2,821.65,225505.0,
2016-11-10,820.2,843.0,820.2,825.05,249040.0,
2016-11-11,822.85,825.05,800.1,805.05,221195.0,
2016-11-15,807.0,807.4,765.0,786.4,418789.0,
2016-11-16,809.0,809.0,779.0,800.35,134408.0,
2016-11-17,793.0,806.8,765.0,778.9,184529.0,
2016-11-18,782.25,803.0,775.0,790.5,144029.0,
2016-11-21,790.0,790.0,760.0,762.5,201101.0,
2016-11-22,768.0,778.0,756.95,772.2,247576.0,
2016-11-23,772.25,781.75,747.55,762.95,240788.0,
2016-11-24,750.0,789.8,750.0,776.1,208762.0,
2016-11-25,776.0,782.25,766.05,776.7,111091.0,
2016-11-28,776.75,779.8,760.65,764.85,211016.0,
2016-11-29,764.9,783.95,759.0,776.0,99989.0,
2016-11-30,776.05,792.0,775.5,788.85,121245.0,
2016-12-01,788.0,798.65,771.1,772.85,178335.0,
2016-12-02,772.0,775.05,751.5,756.15,190942.0,
2016-12-05,755.0,776.0,751.0,774.0,80875.0,
2016-12-06,772.0,782.7,760.0,777.8,333327.0,
2016-12-07,783.9,783.9,764.9,769.0,114539.0,
2016-12-08,771.6,798.5,765.3,794.5,100734.0,
2016-12-09,792.65,808.05,785.0,794.3,110949.0,
2016-12-12,804.0,804.0,771.45,774.9,141842.0,
2016-12-13,773.15,788.4,768.15,779.45,158115.0,
2016-12-14,783.95,788.05,774.45,784.75,51953.0,
2016-12-15,783.75,807.8,777.0,802.8,155521.0,
2016-12-16,802.8,831.0,802.8,817.95,490662.0,
2016-12-19,808.15,817.0,800.35,806.05,103826.0,
2016-12-20,807.2,814.5,799.2,804.4,66951.0,
2016-12-21,805.0,810.45,800.25,806.95,71928.0,
2016-12-22,806.95,809.2,795.0,801.45,238711.0,
2016-12-23,809.0,809.0,782.85,797.75,185782.0,
2016-12-26,797.0,803.4,783.0,792.35,72435.0,
2016-12-27,793.0,804.0,780.0,798.25,64331.0,
2016-12-28,800.0,814.5,797.0,812.05,141147.0,
2016-12-29,812.4,819.0,805.05,808.75,110494.0,
2016-12-30,806.25,823.0,805.7,818.75,107935.0,
2017-01-02,826.75,828.7,815.55,826.15,74747.0,
2017-01-03,825.15,857.95,825.15,842.9,196233.0,
2017-01-04,845.05,853.95,803.45,808.35,287533.0,
2017-01-05,813.9,819.25,807.1,814.85,101255.0,
2017-01-06,816.75,821.5,806.1,808.5,105312.0,
2017-01-09,809.0,813.3,794.1,805.25,162980.0,
2017-01-10,806.2,832.0,803.9,828.15,210771.0,
2017-01-11,820.55,845.0,816.45,840.6,228896.0,
2017-01-12,840.0,849.0,832.7,847.1,122813.0,
2017-01-13,849.1,854.95,832.5,852.5,149688.0,
2017-01-16,852.5,858.75,841.55,847.8,105770.0,
2017-01-17,848.75,850.45,836.0,840.0,129281.0,
2017-01-18,840.0,845.0,830.0,833.2,135626.0,
2017-01-19,832.0,838.0,826.2,832.1,101029.0,
2017-01-20,833.1,833.1,823.0,826.5,163017.0,
2017-01-23,818.3,839.9,818.3,837.8,111833.0,
2017-01-24,832.1,846.05,832.1,839.65,95255.0,
2017-01-25,843.15,851.0,832.1,838.0,242656.0,
2017-01-27,838.0,852.0,832.2,847.15,134261.0,
2017-01-30,847.15,860.0,839.7,850.25,355004.0,
2017-01-31,850.25,850.65,836.4,838.95,103015.0,
2017-02-01,840.0,853.0,825.5,850.2,149450.0,
2017-02-02,882.0,918.8,882.0,902.8,1914420.0,
2017-02-03,901.0,906.65,885.0,891.7,436550.0,
2017-02-06,894.0,921.0,893.95,913.95,620076.0,
2017-02-07,915.0,916.25,900.0,904.05,256559.0,
2017-02-08,904.0,912.8,900.0,906.15,187188.0,
2017-02-09,906.15,912.45,897.0,906.0,167909.0,
2017-02-10,915.0,915.0,885.0,892.3,133478.0,
2017-02-13,901.4,901.4,872.0,873.85,147869.0,
2017-02-14,871.05,894.0,863.15,885.55,243134.0,
2017-02-15,886.0,892.0,876.25,884.05,147040.0,
2017-02-16,882.9,894.0,880.3,891.2,97673.0,
2017-02-17,885.25,897.2,882.15,888.75,94770.0,
2017-02-20,888.05,894.3,882.6,888.35,208119.0,
2017-02-21,894.2,917.3,876.05,904.6,307061.0,
2017-02-22,904.0,904.0,886.5,891.2,163524.0,
2017-02-23,890.0,894.95,878.0,882.25,283518.0,
2017-02-27,890.9,895.8,884.1,892.05,174154.0,
2017-02-28,892.05,899.9,881.1,887.9,284304.0,
2017-03-01,891.35,892.85,878.35,881.4,179214.0,
2017-03-02,885.0,888.85,867.0,875.75,135119.0,
2017-03-03,872.25,883.0,872.25,878.5,84067.0,
2017-03-06,878.5,882.9,870.1,871.75,113307.0,
2017-03-07,872.75,877.4,861.6,864.0,114916.0,
2017-03-08,868.0,872.7,859.55,862.35,288776.0,
2017-03-09,862.2,865.35,855.0,859.45,161056.0,
2017-03-10,855.0,860.05,851.5,855.5,239359.0,
2017-03-14,861.0,867.95,840.0,847.1,400592.0,
2017-03-15,847.1,874.1,847.1,872.15,886486.0,
2017-03-16,874.9,889.85,873.9,886.95,636602.0,
2017-03-17,878.55,901.0,878.55,894.1,610130.0,
2017-03-20,894.1,915.05,894.1,906.85,427180.0,
2017-03-21,909.45,913.95,892.0,899.75,276821.0,
2017-03-22,895.0,908.0,882.6,902.65,155870.0,
2017-03-23,904.0,913.45,902.1,908.25,170139.0,
2017-03-24,910.0,929.9,910.0,924.25,455463.0,
2017-03-27,939.0,942.65,921.0,927.2,316175.0,
2017-03-28,928.9,944.05,923.45,937.15,362155.0,
2017-03-29,938.15,950.9,928.25,932.95,188606.0,
2017-03-30,934.25,944.6,934.2,940.4,146053.0,
2017-03-31,941.9,959.7,940.6,949.45,295036.0,
2017-04-03,950.35,964.35,940.2,961.55,142331.0,
2017-04-05,964.0,972.95,952.6,968.75,198261.0,
2017-04-06,965.0,973.05,955.0,959.2,105340.0,
2017-04-07,961.0,978.8,956.8,966.85,377306.0,
2017-04-10,961.5,987.8,960.25,979.25,343193.0,
2017-04-11,985.0,985.0,974.0,980.95,215701.0,
2017-04-12,976.0,991.2,963.6,986.25,285283.0,
2017-04-13,981.05,1003.0,965.0,978.35,342989.0,
2017-04-17,976.0,976.0,957.0,959.2,91015.0,
2017-04-18,960.2,972.0,933.95,938.35,179798.0,
2017-04-19,939.4,956.95,937.7,948.95,131152.0,
2017-04-20,947.0,952.95,940.1,944.15,121393.0,
2017-04-21,945.7,979.8,945.55,969.15,234185.0,
2017-04-24,976.5,984.5,965.1,971.15,199887.0,
2017-04-25,979.45,984.5,955.3,968.75,243152.0,
2017-04-26,969.0,1028.95,969.0,1011.65,523542.0,
2017-04-27,1014.0,1031.0,995.1,1017.0,239112.0,
2017-04-28,1016.9,1016.9,987.1,997.0,225698.0,
2017-05-02,1011.0,1015.8,992.0,1001.35,178802.0,
2017-05-03,1045.0,1096.8,1030.0,1054.6,1816244.0,
2017-05-04,1054.25,1081.8,1054.25,1060.65,299253.0,
2017-05-05,1057.0,1057.95,1008.0,1031.0,211006.0,
2017-05-08,1051.6,1064.75,1035.25,1050.0,188182.0,
2017-05-09,1055.0,1082.85,1053.65,1065.85,355984.0,
2017-05-10,1076.0,1076.0,1058.0,1063.0,121605.0,
2017-05-11,1065.1,1069.7,1045.0,1048.4,99137.0,
2017-05-12,1052.65,1078.0,1037.95,1052.25,240925.0,
2017-05-15,1068.0,1070.9,1046.75,1066.05,145671.0,
2017-05-16,1066.2,1068.95,1042.0,1047.75,176596.0,
2017-05-17,1047.75,1052.95,1010.15,1016.45,261366.0,
2017-05-18,1010.0,1070.0,982.05,1054.45,984418.0,
2017-05-19,1015.0,1015.0,932.55,972.95,2807183.0,
2017-05-22,980.0,980.0,907.8,930.8,1380001.0,
2017-05-23,921.0,939.7,884.55,926.2,783589.0,
2017-05-24,930.0,934.95,908.0,914.8,323044.0,
2017-05-25,927.5,928.85,898.25,925.05,574618.0,
2017-05-26,940.0,956.35,923.15,949.95,314033.0,
2017-05-29,949.0,956.75,931.55,936.0,204901.0,
2017-05-30,930.0,950.0,918.0,931.45,266113.0,
2017-05-31,945.0,954.4,931.5,941.4,216181.0,
2017-06-01,944.95,945.0,915.0,925.1,183427.0,
2017-06-02,928.0,959.0,924.25,943.2,329563.0,
2017-06-05,944.9,946.9,928.2,932.7,149617.0,
2017-06-06,935.0,935.4,911.75,914.65,148737.0,
2017-06-07,911.0,918.85,907.3,912.25,465138.0,
2017-06-08,907.3,925.3,906.95,919.9,191004.0,
2017-06-09,925.9,927.0,911.05,917.3,130979.0,
2017-06-12,919.25,919.25,888.0,898.2,281253.0,
2017-06-13,899.0,922.4,898.0,913.05,162355.0,
2017-06-14,920.0,926.0,896.0,919.75,1347853.0,
2017-06-15,919.1,928.6,905.5,914.2,195197.0,
2017-06-16,921.4,923.2,911.0,920.2,385648.0,
2017-06-19,924.0,942.55,922.0,932.2,263812.0,
2017-06-20,938.0,938.0,920.0,922.95,73319.0,
2017-06-21,921.95,932.4,908.55,912.9,110436.0,
2017-06-22,908.05,922.0,899.0,903.0,110871.0,
2017-06-23,901.2,912.9,901.2,907.9,112408.0,
2017-06-27,919.0,919.0,898.1,910.1,279070.0,
2017-06-28,901.2,916.0,901.2,912.65,177886.0,
2017-06-29,912.65,930.9,902.3,907.6,224971.0,
2017-06-30,906.5,944.0,893.05,919.75,309608.0,
2017-07-03,915.0,919.7,901.1,912.0,332443.0,
2017-07-04,907.1,922.3,907.1,913.45,141367.0,
2017-07-05,913.5,922.0,908.15,913.7,122148.0,
2017-07-06,919.95,923.5,905.0,914.05,338874.0,
2017-07-07,910.0,920.0,906.3,909.35,417745.0,
2017-07-10,875.0,918.0,875.0,912.55,44508.0,
2017-07-11,911.0,919.0,904.0,908.05,696292.0,
2017-07-12,907.0,914.35,904.25,911.0,208668.0,
2017-07-13,911.0,933.9,911.0,931.0,162652.0,
2017-07-14,938.0,945.55,927.05,935.05,238257.0,
2017-07-17,927.35,940.15,925.1,936.4,69524.0,
2017-07-18,935.0,941.0,930.0,935.4,100557.0,
2017-07-19,935.15,968.95,933.1,966.4,339957.0,
2017-07-20,970.0,977.0,962.15,974.45,525558.0,
2017-07-21,974.0,1010.0,968.5,1004.65,531469.0,
2017-07-24,1005.0,1039.95,995.55,1028.0,506088.0,
2017-07-25,1023.8,1044.1,1001.1,1005.4,474959.0,
2017-07-26,1005.0,1010.0,993.45,999.85,390956.0,
2017-07-27,991.0,997.05,952.7,959.6,384355.0,
2017-07-28,961.0,995.8,957.45,989.9,359350.0,
2017-07-31,995.8,1003.2,982.15,987.75,189836.0,
2017-08-01,984.0,993.6,961.85,970.6,242615.0,
2017-08-02,970.0,1011.65,969.05,992.75,876782.0,
2017-08-03,998.65,1000.0,935.5,949.3,1144787.0,
2017-08-04,943.8,943.8,911.0,936.6,466862.0,
2017-08-07,936.6,952.95,932.1,946.15,210437.0,
2017-08-08,948.0,954.05,925.6,936.3,400944.0,
2017-08-09,933.0,936.0,896.55,904.35,297528.0,
2017-08-10,904.0,914.4,883.0,893.0,399739.0,
2017-08-11,889.0,910.9,871.05,892.0,345553.0,
2017-08-14,910.0,910.0,874.5,886.8,417667.0,
2017-08-16,898.65,926.95,886.8,921.0,259570.0,
2017-08-17,921.0,925.0,899.15,901.5,198242.0,
2017-08-18,899.0,915.85,891.25,899.0,138896.0,
2017-08-21,899.0,909.95,877.0,881.5,137990.0,
2017-08-22,881.0,907.45,880.95,898.55,204015.0,
2017-08-23,900.0,900.15,877.5,880.75,242557.0,
2017-08-24,882.0,895.95,878.55,891.85,224506.0,
2017-08-28,890.9,902.0,887.0,895.25,141986.0,
2017-08-29,892.0,912.0,891.0,902.25,238267.0,
2017-08-30,912.2,936.0,902.6,932.8,325916.0,
2017-08-31,936.0,938.2,903.65,912.6,581772.0,
2017-09-01,911.0,927.6,906.0,909.75,272657.0,
2017-09-04,909.95,921.8,895.9,907.9,241598.0,
2017-09-05,906.0,916.75,895.0,898.7,181040.0,
2017-09-06,897.0,910.0,895.2,900.35,151318.0,
2017-09-07,904.95,918.7,898.35,916.25,328759.0,
2017-09-08,920.0,924.9,909.1,915.05,334706.0,
2017-09-11,918.0,920.65,909.6,912.15,303597.0,
2017-09-12,917.65,927.0,913.05,924.8,275414.0,
2017-09-13,929.0,944.8,925.0,930.85,392440.0,
2017-09-14,930.9,950.05,930.9,945.6,389845.0,
2017-09-15,946.0,950.0,932.2,938.55,244407.0,
2017-09-18,944.0,952.7,941.05,943.7,138080.0,
2017-09-19,944.0,949.0,931.1,933.4,194696.0,
2017-09-20,933.4,940.15,922.0,926.95,152886.0,
2017-09-21,923.1,931.3,913.25,917.75,128084.0,
2017-09-22,914.0,923.4,889.75,894.45,228607.0,
2017-09-25,894.45,906.35,875.1,895.9,451353.0,
2017-09-26,895.0,927.5,894.8,915.8,351068.0,
2017-09-27,919.0,933.6,904.0,907.5,239242.0,
2017-09-28,909.0,912.3,885.1,894.2,144142.0,
2017-09-29,897.0,931.0,897.0,924.35,270483.0,
2017-10-03,933.0,946.4,918.95,929.55,447689.0,
2017-10-04,929.0,930.8,920.0,924.6,166010.0,
2017-10-05,931.0,931.9,916.0,919.85,108980.0,
2017-10-06,928.55,928.55,908.05,910.65,146702.0,
2017-10-09,915.0,923.65,906.0,908.55,170481.0,
2017-10-10,905.0,915.0,902.0,906.85,358594.0,
2017-10-11,908.8,912.65,886.2,890.55,162726.0,
2017-10-12,888.55,902.0,880.0,898.2,378787.0,
2017-10-13,910.0,923.9,901.0,906.7,379474.0,
2017-10-16,904.2,913.5,895.0,898.55,170662.0,
2017-10-17,900.0,901.8,889.9,893.2,175763.0,
2017-10-18,889.0,895.5,885.05,889.05,178478.0,
2017-10-19,895.0,898.0,885.0,891.6,26358.0,
2017-10-23,891.6,901.9,887.45,898.2,265688.0,
2017-10-24,905.0,908.8,892.75,895.3,183690.0,
2017-10-25,900.0,925.0,892.15,918.85,313454.0,
2017-10-26,921.45,927.9,902.85,907.7,331589.0,
2017-10-27,893.0,933.15,871.35,912.0,1200329.0,
2017-10-30,907.1,923.65,907.1,911.8,264074.0,
2017-10-31,912.0,915.0,900.05,905.15,435092.0,
2017-11-01,905.0,909.0,891.75,895.0,191956.0,
2017-11-02,903.0,908.8,892.35,897.05,411773.0,
2017-11-03,899.0,907.9,897.0,904.5,317017.0,
2017-11-06,901.0,907.0,897.55,902.6,321624.0,
2017-11-07,908.0,912.0,885.0,887.35,299440.0,
2017-11-08,886.0,893.55,876.5,879.9,217832.0,
2017-11-09,883.0,883.5,862.0,874.85,464858.0,
2017-11-10,874.95,878.85,869.55,872.5,637026.0,
2017-11-13,874.9,877.95,857.1,859.7,279911.0,
2017-11-14,855.4,859.5,843.15,846.65,312248.0,
2017-11-15,841.0,864.0,841.0,852.25,339063.0,
2017-11-16,848.5,860.0,847.05,850.45,655309.0,
2017-11-17,856.5,860.0,850.55,856.1,532990.0,
2017-11-20,860.0,862.05,854.25,855.7,224948.0,
2017-11-21,857.0,860.0,847.6,850.05,260946.0,
2017-11-22,854.9,870.0,848.65,867.6,339137.0,
2017-11-23,864.0,868.0,855.0,857.2,183911.0,
2017-11-24,860.9,867.9,857.0,862.0,178370.0,
2017-11-27,853.05,867.0,853.05,860.5,110343.0,
2017-11-28,860.5,867.9,856.45,864.05,115615.0,
2017-11-29,864.4,872.65,864.0,866.15,278068.0,
2017-11-30,864.4,871.95,857.4,867.65,140342.0,
2017-12-01,866.95,878.9,839.05,843.55,341889.0,
2017-12-04,845.0,862.4,841.2,858.95,163785.0,
2017-12-05,858.7,874.45,851.05,869.85,368478.0,
2017-12-06,864.75,876.0,852.35,859.4,296453.0,
2017-12-07,860.15,872.0,860.15,867.05,44801.0,
2017-12-08,873.9,873.9,855.8,858.05,191947.0,
2017-12-11,859.25,864.9,852.2,857.55,71775.0,
2017-12-12,854.05,860.0,848.9,850.25,32325.0,
2017-12-13,851.9,851.9,836.0,846.3,133542.0,
2017-12-14,846.3,851.0,839.1,844.25,214424.0,
2017-12-15,845.0,855.55,841.25,842.9,151812.0,
2017-12-18,842.9,854.0,826.0,850.8,221049.0,
2017-12-19,854.7,858.95,852.15,855.85,129964.0,
2017-12-20,869.5,877.5,861.75,871.5,214120.0,
2017-12-21,874.0,901.0,870.0,881.3,491170.0,
2017-12-22,877.6,893.7,873.0,877.15,132377.0,
2017-12-26,879.95,954.0,879.95,925.65,2272503.0,
2017-12-27,921.0,936.5,910.3,919.55,398475.0,
2017-12-28,924.4,929.4,902.85,913.05,533797.0,
2017-12-29,920.6,924.7,899.0,901.9,340311.0,
2018-01-01,905.9,927.55,905.9,913.05,339746.0,
2018-01-02,913.6,926.0,907.2,922.3,338319.0,
2018-01-03,926.0,938.85,925.95,931.35,414585.0,
2018-01-04,939.4,984.0,931.0,972.95,1030993.0,
2018-01-05,979.0,979.0,950.5,957.2,275586.0,
2018-01-08,958.5,963.45,952.85,957.55,270149.0,
2018-01-09,956.0,959.9,931.8,934.3,269509.0,
2018-01-10,934.0,939.45,915.0,925.4,363308.0,
2018-01-11,925.05,941.0,920.25,936.7,342355.0,
2018-01-12,943.0,946.8,935.3,941.9,419434.0,
2018-01-15,941.9,945.0,930.5,935.95,347522.0,
2018-01-16,936.05,945.35,925.15,935.9,226349.0,
2018-01-17,934.0,940.05,910.25,932.65,198038.0,
2018-01-18,934.0,939.5,900.05,906.2,692992.0,
2018-01-19,909.0,911.1,893.0,903.3,200329.0,
2018-01-22,903.3,919.95,903.0,913.7,364007.0,
2018-01-23,919.0,923.4,905.4,910.2,308058.0,
2018-01-24,908.0,920.9,905.05,911.35,282385.0,
2018-01-25,906.5,925.0,906.5,911.1,486695.0,
2018-01-29,911.1,920.95,893.0,897.2,122578.0,
2018-01-30,900.3,918.5,894.55,909.2,301583.0,
2018-01-31,910.0,924.4,900.05,903.9,212326.0,
2018-02-01,902.45,908.9,886.2,903.05,411736.0,
2018-02-02,889.15,889.15,799.1,829.2,1849800.0,
2018-02-05,812.0,823.7,787.45,807.0,821469.0,
2018-02-06,780.0,816.6,761.0,809.8,252213.0,
2018-02-07,819.0,825.35,813.05,818.45,124798.0,
2018-02-08,820.0,842.0,815.0,839.6,156840.0,
2018-02-09,825.0,836.35,815.0,824.45,150859.0,
2018-02-12,828.0,849.7,828.0,845.0,117316.0,
2018-02-14,845.7,851.0,839.0,840.45,135968.0,
2018-02-15,839.5,854.85,835.05,842.1,310692.0,
2018-02-16,842.1,857.45,835.55,849.9,137030.0,
2018-02-19,852.0,853.6,835.05,844.2,58054.0,
2018-02-20,843.6,862.45,837.7,850.0,185077.0,
2018-02-21,856.0,856.0,838.0,842.85,67869.0,
2018-02-22,838.05,839.1,812.25,816.95,262378.0,
2018-02-23,817.0,831.95,814.4,820.3,190266.0,
2018-02-26,816.55,834.2,816.55,820.8,93228.0,
2018-02-27,821.5,829.95,802.1,808.45,194326.0,
2018-02-28,810.35,810.35,792.45,795.95,538592.0,
2018-03-01,797.25,811.2,794.15,804.1,444246.0,
2018-03-05,803.0,807.9,793.3,797.4,208916.0,
2018-03-06,799.95,804.65,783.0,786.8,134102.0,
2018-03-07,791.8,793.85,767.8,778.6,123864.0,
2018-03-08,777.5,789.8,774.5,783.4,557151.0,
2018-03-09,788.0,788.0,774.0,776.75,85237.0,
2018-03-12,781.0,783.4,771.15,776.2,107217.0,
2018-03-13,775.9,785.0,768.25,773.75,257696.0,
2018-03-14,769.8,785.0,755.7,777.15,458963.0,
2018-03-15,785.0,790.0,773.55,783.0,189472.0,
2018-03-16,786.9,788.5,763.2,765.65,263162.0,
2018-03-19,768.05,771.1,747.05,755.15,231290.0,
2018-03-20,750.0,760.55,738.45,744.7,376615.0,
2018-03-21,745.0,754.45,737.85,742.8,205736.0,
2018-03-22,747.4,747.4,727.55,732.95,497158.0,
2018-03-23,725.0,737.0,714.55,733.7,323008.0,
2018-03-26,736.0,739.2,728.6,736.65,103186.0,
2018-03-27,740.0,750.25,705.5,711.8,1216365.0,
2018-03-28,710.0,724.35,680.65,700.25,1554797.0,
2018-04-02,705.5,719.3,701.05,715.95,247079.0,
2018-04-03,714.0,745.4,711.5,740.2,361916.0,
2018-04-04,744.0,754.4,731.95,735.35,428216.0,
2018-04-05,736.85,749.7,730.0,744.05,372017.0,
2018-04-06,745.5,771.0,739.2,768.65,682950.0,
2018-04-09,762.0,774.7,746.4,750.35,271035.0,
2018-04-10,758.0,763.0,751.65,756.0,145219.0,
2018-04-11,758.9,766.1,751.0,761.45,198592.0,
2018-04-12,762.0,765.5,744.0,746.85,146912.0,
2018-04-13,750.0,750.9,728.0,731.35,382922.0,
2018-04-16,731.0,731.05,719.0,725.05,500405.0,
2018-04-17,727.0,729.5,713.6,724.75,435048.0,
2018-04-18,724.0,738.1,723.0,730.4,446868.0,
2018-04-19,730.4,738.65,720.45,736.7,588096.0,
2018-04-20,741.9,758.7,731.2,752.5,620878.0,
2018-04-23,753.0,753.0,732.0,735.55,796666.0,
2018-04-24,737.0,754.7,735.55,741.35,393580.0,
2018-04-25,738.0,758.0,736.85,744.65,516313.0,
2018-04-26,747.9,753.2,738.05,745.9,1533356.0,
2018-04-27,754.9,767.0,750.2,760.25,424688.0,
2018-04-30,764.45,773.05,754.8,769.5,221904.0,
2018-05-02,770.7,777.75,735.0,744.25,314523.0,
2018-05-03,744.0,762.45,728.1,751.7,332491.0,
2018-05-04,745.6,765.45,745.6,752.35,175642.0,
2018-05-07,760.9,763.95,746.9,761.4,306413.0,
2018-05-08,762.1,791.3,756.1,760.3,685328.0,
2018-05-09,761.0,778.7,755.55,775.25,273652.0,
2018-05-10,772.9,786.5,757.15,778.15,402267.0,
2018-05-11,778.95,781.65,765.15,775.05,349147.0,
2018-05-14,776.0,780.0,758.55,765.7,141296.0,
2018-05-15,758.0,769.8,722.1,739.3,425589.0,
2018-05-16,739.3,741.6,726.1,734.2,269443.0,
2018-05-17,733.95,746.85,733.95,744.8,167410.0,
2018-05-18,742.1,747.0,732.2,733.35,211793.0,
2018-05-21,734.0,745.7,723.65,739.65,334718.0,
2018-05-22,738.85,747.9,731.0,741.1,581414.0,
2018-05-23,741.15,747.0,735.5,737.55,169537.0,
2018-05-24,737.0,746.85,710.0,719.85,578180.0,
2018-05-25,709.8,720.15,696.25,701.8,1564665.0,
2018-05-28,704.5,719.25,704.5,709.95,795063.0,
2018-05-29,708.0,727.0,702.2,710.35,551135.0,
2018-05-30,710.0,715.0,705.0,708.05,218778.0,
2018-05-31,714.85,718.25,699.05,701.35,616972.0,
2018-06-01,700.1,710.65,682.0,684.15,420439.0,
2018-06-04,680.0,688.4,663.0,682.25,784074.0,
2018-06-05,680.3,695.1,674.4,676.15,294399.0,
2018-06-06,679.0,685.0,673.8,679.55,163672.0,
2018-06-07,680.8,686.7,676.0,679.25,173445.0,
2018-06-08,679.2,697.1,676.0,690.9,154321.0,
2018-06-11,697.25,697.25,679.0,680.95,151465.0,
2018-06-12,684.0,690.75,678.6,683.7,404093.0,
2018-06-13,688.8,695.65,682.05,684.25,166683.0,
2018-06-14,688.0,691.0,680.25,688.9,122285.0,
2018-06-15,694.8,698.35,681.75,687.3,288011.0,
2018-06-18,687.3,690.95,669.9,671.15,199885.0,
2018-06-19,666.1,683.0,663.65,678.1,260164.0,
2018-06-20,680.1,680.45,665.0,668.4,168237.0,
2018-06-21,676.45,685.45,674.0,679.15,338538.0,
2018-06-22,682.0,685.0,667.1,669.05,229251.0,
2018-06-25,666.7,672.45,658.0,670.2,244811.0,
2018-06-26,666.7,675.0,661.0,666.75,205654.0,
2018-06-27,663.05,668.85,655.0,659.5,283320.0,
2018-06-28,655.0,660.9,632.95,647.45,525574.0,
2018-06-29,652.0,657.5,636.1,647.65,366363.0,
2018-07-02,647.65,663.3,640.0,659.4,148821.0,
2018-07-03,657.9,668.4,648.05,654.6,181542.0,
2018-07-04,658.0,659.5,648.65,650.65,53316.0,
2018-07-05,649.0,662.0,644.2,656.1,75106.0,
2018-07-06,660.0,667.9,656.2,660.3,94657.0,
2018-07-09,667.85,669.95,653.0,655.05,78552.0,
2018-07-10,659.9,674.6,658.0,671.25,132505.0,
2018-07-11,671.0,685.55,663.15,666.5,359407.0,
2018-07-12,666.5,671.2,653.85,656.05,106181.0,
2018-07-13,660.95,660.95,645.0,647.45,63267.0,
2018-07-16,647.05,647.4,621.5,624.4,321830.0,
2018-07-17,621.0,631.0,613.2,628.8,395721.0,
2018-07-18,634.4,645.0,627.3,637.95,184198.0,
2018-07-19,635.05,644.8,635.05,637.8,80697.0,
2018-07-20,640.0,646.3,628.25,632.3,205754.0,
2018-07-23,630.3,644.45,630.0,636.05,143448.0,
2018-07-24,639.9,675.0,637.55,670.15,241361.0,
2018-07-25,671.05,678.0,661.1,669.95,239761.0,
2018-07-26,676.95,688.5,655.0,675.75,397236.0,
2018-07-27,675.0,695.35,670.05,679.6,195111.0,
2018-07-30,682.0,685.7,672.8,679.65,95640.0,
2018-07-31,682.0,687.85,664.3,673.5,151007.0,
2018-08-01,680.0,681.0,666.0,668.2,597273.0,
2018-08-02,662.0,672.95,655.5,661.25,428915.0,
2018-08-03,662.1,708.0,662.1,703.3,990578.0,
2018-08-06,710.0,716.9,692.25,696.2,453712.0,
2018-08-07,696.2,703.0,680.25,682.7,271824.0,
2018-08-08,686.4,690.0,675.3,679.95,134777.0,
2018-08-09,675.2,709.0,645.05,653.0,2092865.0,
2018-08-10,653.0,669.4,646.45,653.35,709110.0,
2018-08-13,653.35,675.5,646.0,671.0,503524.0,
2018-08-14,675.0,684.9,666.0,672.5,542516.0,
2018-08-16,672.5,674.85,666.0,669.15,216801.0,
2018-08-17,675.1,682.0,669.15,677.7,293323.0,
2018-08-20,681.8,714.5,679.85,708.6,781297.0,
2018-08-21,714.0,759.9,713.75,752.15,2905458.0,
2018-08-23,755.1,784.9,746.15,770.1,1264605.0,
2018-08-24,766.95,777.6,756.0,762.2,582573.0,
2018-08-27,763.0,782.25,762.25,772.5,540967.0,
2018-08-28,776.4,790.0,762.0,779.95,864266.0,
2018-08-29,779.8,785.2,768.1,776.8,552195.0,
2018-08-30,779.4,781.3,770.2,777.85,390889.0,
2018-08-31,777.0,786.5,765.0,768.15,457419.0,
2018-09-03,773.9,773.9,754.55,760.6,422511.0,
2018-09-04,761.6,763.55,734.05,740.55,380526.0,
2018-09-05,738.4,749.75,728.45,744.55,392795.0,
2018-09-06,747.0,800.85,743.0,773.5,1187778.0,
2018-09-07,773.0,773.0,752.0,763.4,364089.0,
2018-09-10,759.0,766.35,740.0,744.05,283912.0,
2018-09-11,755.0,764.8,745.6,753.75,611337.0,
2018-09-12,752.0,781.5,746.0,776.9,538265.0,
2018-09-14,787.95,787.95,751.5,754.75,837543.0,
2018-09-17,754.75,755.0,735.0,737.7,335920.0,
2018-09-18,737.0,737.8,712.5,720.55,383427.0,
2018-09-19,723.0,730.15,719.1,723.15,317854.0,
2018-09-21,724.0,730.95,673.65,684.65,656107.0,
2018-09-24,690.0,699.0,683.55,691.8,376041.0,
2018-09-25,698.0,698.0,685.0,692.6,468144.0,
2018-09-26,695.0,701.0,689.6,692.45,387335.0,
2018-09-27,687.0,692.95,667.95,674.65,882368.0,
2018-09-28,669.0,691.6,655.5,673.1,413927.0,
2018-10-01,678.1,683.7,660.1,669.05,226979.0,
2018-10-03,666.0,677.7,664.75,669.8,568871.0,
2018-10-04,665.5,680.0,651.7,675.55,528924.0,
2018-10-05,674.1,677.7,655.0,658.25,108912.0,
2018-10-08,648.0,665.95,642.5,654.55,246953.0,
2018-10-09,656.5,677.2,645.25,665.85,328557.0,
2018-10-10,665.05,694.5,664.2,687.9,316351.0,
2018-10-11,675.0,682.0,661.95,669.35,304690.0,
2018-10-12,672.5,689.0,672.5,680.25,81501.0,
2018-10-15,683.0,717.05,673.0,709.2,561781.0,
2018-10-16,711.95,714.15,691.05,702.5,291713.0,
2018-10-17,710.0,710.95,678.8,684.4,153319.0,
2018-10-19,679.0,702.0,674.0,697.85,242522.0,
2018-10-22,704.0,707.4,677.2,690.25,185237.0,
2018-10-23,690.0,690.0,643.3,655.5,488907.0,
2018-10-24,654.5,680.45,654.05,675.3,248786.0,
2018-10-25,670.0,684.0,664.8,674.6,833126.0,
2018-10-26,673.7,688.3,657.05,671.8,356344.0,
2018-10-29,671.8,682.75,670.65,676.4,274385.0,
2018-10-30,678.0,685.7,663.45,673.3,455587.0,
2018-10-31,730.0,769.4,730.0,746.85,3050809.0,
2018-11-01,750.9,762.8,738.1,746.95,881064.0,
2018-11-02,753.4,783.6,748.05,768.3,971369.0,
2018-11-05,763.1,773.0,757.75,764.1,431945.0,
2018-11-06,757.05,788.75,757.05,776.65,700286.0,
2018-11-07,778.85,784.65,776.75,778.65,43526.0,
2018-11-09,770.9,793.4,770.65,779.35,383468.0,
2018-11-12,781.0,807.0,773.0,797.0,1515942.0,
2018-11-13,798.95,804.5,777.05,783.95,401867.0,
2018-11-14,789.4,812.0,780.1,789.9,642322.0,
2018-11-15,781.2,825.1,781.2,817.05,810534.0,
2018-11-16,820.0,822.95,788.5,795.95,689783.0,
2018-11-19,797.5,805.95,779.0,785.05,385859.0,
2018-11-20,784.05,804.8,775.5,785.25,1158802.0,
2018-11-21,790.0,793.4,778.6,786.25,797442.0,
2018-11-22,790.0,796.1,766.05,768.5,279107.0,
2018-11-26,771.85,793.3,760.35,787.75,1064494.0,
2018-11-27,790.0,813.95,781.9,804.05,853948.0,
2018-11-28,801.0,806.35,789.0,791.2,314579.0,
2018-11-29,795.0,808.0,788.3,801.0,410984.0,
2018-11-30,802.0,818.95,802.0,807.0,505611.0,
2018-12-03,808.65,812.9,791.3,808.85,220150.0,
2018-12-04,814.9,814.9,794.15,811.15,406595.0,
2018-12-05,805.3,805.3,776.8,782.1,334690.0,
2018-12-06,780.0,793.0,772.2,781.7,308472.0,
2018-12-07,781.75,790.0,775.1,781.4,229626.0,
2018-12-10,777.0,780.4,769.95,772.7,1019406.0,
2018-12-11,761.1,790.0,761.1,779.3,307511.0,
2018-12-12,784.0,810.75,782.0,805.8,330993.0,
2018-12-13,809.0,817.85,807.15,812.85,712254.0,
2018-12-14,808.5,816.55,802.8,808.4,555718.0,
2018-12-17,818.9,842.0,808.0,831.75,1405947.0,
2018-12-18,831.0,839.35,813.7,818.75,1134739.0,
2018-12-19,824.45,836.95,814.55,816.35,979302.0,
2018-12-20,816.0,831.5,813.05,829.85,465312.0,
2018-12-21,837.0,837.0,786.05,790.95,479435.0,
2018-12-24,790.95,804.1,777.5,790.15,271942.0,
2018-12-26,790.0,809.8,772.3,802.7,594851.0,
2018-12-27,803.2,848.0,803.2,833.35,1033735.0,
2018-12-28,836.0,862.0,831.5,859.65,2020580.0,
2018-12-31,864.0,866.9,845.0,849.7,744466.0,
2019-01-01,847.0,852.75,842.8,848.45,244269.0,
2019-01-02,848.0,858.7,838.0,845.9,387427.0,
2019-01-03,845.5,857.35,832.0,834.75,280927.0,
2019-01-04,834.1,842.0,825.95,831.9,235286.0,
2019-01-07,832.5,849.0,830.4,842.15,376036.0,
2019-01-08,842.1,852.0,838.55,846.85,725421.0,
2019-01-09,848.9,865.75,847.9,860.5,637886.0,
2019-01-10,861.55,862.75,851.8,854.75,431175.0,
2019-01-11,850.05,860.7,840.15,843.4,300970.0,
2019-01-14,840.9,862.0,834.8,854.7,697753.0,
2019-01-15,855.0,881.0,851.05,877.7,1144967.0,
2019-01-16,880.0,884.2,839.4,841.7,858199.0,
2019-01-17,842.0,855.8,832.55,841.75,758174.0,
2019-01-18,845.0,849.7,837.3,844.35,350513.0,
2019-01-21,845.0,852.5,832.45,838.8,275328.0,
2019-01-22,836.15,836.5,824.75,829.1,175143.0,
2019-01-23,827.0,836.2,819.0,821.65,181791.0,
2019-01-24,823.75,832.65,815.0,824.7,290818.0,
2019-01-25,824.7,845.95,813.0,830.6,845339.0,
2019-01-28,829.9,830.95,804.0,809.05,404369.0,
2019-01-29,812.0,816.05,780.5,784.95,709050.0,
2019-01-30,787.0,801.2,780.25,799.35,383639.0,
2019-01-31,803.0,808.0,784.5,788.2,532524.0,
2019-02-01,790.2,804.3,790.0,795.9,478554.0,
2019-02-04,797.0,802.9,783.0,794.35,767868.0,
2019-02-05,795.0,811.95,792.0,799.55,521959.0,
2019-02-06,798.75,807.25,771.75,801.1,723459.0,
2019-02-07,797.0,811.9,762.35,769.7,1239848.0,
2019-02-08,767.9,767.9,732.1,751.3,1813824.0,
2019-02-11,743.1,747.0,717.55,726.25,1941588.0,
2019-02-12,725.0,726.0,706.0,711.65,579112.0,
2019-02-13,710.05,736.55,708.05,720.55,620015.0,
2019-02-14,716.2,718.6,697.0,701.5,554954.0,
2019-02-15,699.8,699.8,678.05,684.1,624833.0,
2019-02-18,685.0,686.4,661.0,663.35,616184.0,
2019-02-19,660.05,677.3,660.05,665.1,455725.0,
2019-02-20,666.0,692.0,666.0,676.45,963583.0,
2019-02-21,680.0,702.7,674.15,694.0,1037856.0,
2019-02-22,697.0,703.95,682.1,694.35,820219.0,
2019-02-25,698.0,709.0,690.0,701.15,452682.0,
2019-02-26,701.15,730.0,681.85,724.9,1349917.0,
2019-02-27,729.0,729.4,708.65,722.35,933296.0,
2019-02-28,722.9,722.9,697.05,699.8,960158.0,
2019-03-01,699.9,712.0,699.9,704.75,435318.0,
2019-03-05,703.0,722.5,699.45,719.7,662634.0,
2019-03-06,728.9,748.15,723.0,731.8,649839.0,
2019-03-07,736.0,744.95,724.8,742.15,487109.0,
2019-03-08,743.0,744.7,728.1,730.4,201353.0,
2019-03-11,732.15,752.0,723.75,748.8,658351.0,
2019-03-12,753.0,766.4,737.5,743.05,737273.0,
2019-03-13,742.5,746.65,730.0,735.15,293253.0,
2019-03-14,735.0,749.95,733.55,741.25,346570.0,
2019-03-15,741.1,753.55,738.0,740.95,315823.0,
2019-03-18,748.7,750.45,741.05,747.2,172063.0,
2019-03-19,749.0,756.8,742.0,751.35,334038.0,
2019-03-20,751.0,757.3,742.5,745.7,341162.0,
2019-03-22,746.0,758.9,740.5,753.2,337835.0,
2019-03-25,747.0,747.0,715.0,719.4,334159.0,
2019-03-26,719.0,730.5,716.2,727.75,523654.0,
2019-03-27,730.5,745.95,730.0,741.4,506819.0,
2019-03-28,744.9,749.95,736.1,740.3,585224.0,
2019-03-29,743.0,757.95,741.1,746.0,575637.0,
2019-04-01,752.0,759.4,746.7,749.0,368891.0,
2019-04-02,748.15,758.85,743.2,745.35,466069.0,
2019-04-03,746.45,754.0,725.5,728.25,380637.0,
2019-04-04,733.5,744.25,714.8,715.85,566742.0,
2019-04-05,719.9,726.75,707.6,714.8,584714.0,
2019-04-08,717.9,731.95,706.65,709.45,458895.0,
2019-04-09,713.85,745.2,708.0,740.5,702939.0,
2019-04-10,738.6,750.9,727.25,747.65,402937.0,
2019-04-11,748.05,749.9,735.2,743.3,322924.0,
2019-04-12,743.0,751.55,740.8,749.9,339295.0,
2019-04-15,748.0,755.9,745.0,750.95,147965.0,
2019-04-16,756.95,757.0,731.55,734.1,418706.0,
2019-04-18,732.5,749.5,724.05,739.75,267126.0,
2019-04-22,742.0,742.0,717.0,721.2,140938.0,
2019-04-23,723.9,748.0,713.1,741.6,541271.0,
2019-04-24,741.6,749.8,718.75,739.0,598989.0,
2019-04-25,735.0,740.9,730.2,733.7,187105.0,
2019-04-26,737.9,749.0,728.3,746.95,230789.0,
2019-04-30,750.0,750.0,723.3,726.65,204392.0,
2019-05-02,725.0,725.0,696.25,704.75,536875.0,
2019-05-03,706.0,723.0,704.8,715.1,260527.0,
2019-05-06,710.0,718.0,705.95,710.85,153585.0,
2019-05-07,714.15,715.3,699.05,703.15,254972.0,
2019-05-08,703.95,706.95,695.75,700.1,264029.0,
2019-05-09,698.1,706.3,696.7,700.75,148422.0,
2019-05-10,702.5,707.95,698.0,699.85,100645.0,
2019-05-13,703.9,703.95,685.75,691.15,367480.0,
2019-05-14,688.25,706.0,682.35,697.75,193371.0,
2019-05-15,700.0,710.0,697.5,701.05,123829.0,
2019-05-16,700.0,707.75,692.65,696.85,140474.0,
2019-05-17,697.0,713.8,696.55,709.85,176988.0,
2019-05-20,720.0,771.0,716.55,766.05,958987.0,
2019-05-21,760.1,762.0,741.6,745.4,260421.0,
2019-05-22,745.95,745.95,723.6,729.15,290108.0,
2019-05-23,730.0,746.0,715.65,720.95,815182.0,
2019-05-24,724.6,761.45,723.05,757.85,1023069.0,
2019-05-27,750.0,791.0,747.05,788.45,1025360.0,
2019-05-28,791.1,799.8,777.0,796.0,652924.0,
2019-05-29,794.0,794.0,761.55,766.1,227871.0,
2019-05-30,760.0,772.0,751.1,763.15,442380.0,
2019-05-31,767.0,801.05,760.65,790.05,1052607.0,
2019-06-03,785.1,794.7,767.3,772.4,305759.0,
2019-06-04,766.2,784.3,766.2,778.1,331838.0,
2019-06-06,777.0,788.5,768.4,771.2,498732.0,
2019-06-07,774.0,776.0,757.15,763.9,275004.0,
2019-06-10,765.2,783.35,765.2,773.7,214328.0,
2019-06-11,774.3,775.0,762.0,764.15,135792.0,
2019-06-12,760.0,761.9,746.25,752.15,396240.0,
2019-06-13,748.1,753.95,742.5,745.85,381810.0,
2019-06-14,745.0,767.0,744.0,763.8,354599.0,
2019-06-17,763.0,763.0,740.9,747.85,334824.0,
2019-06-18,747.0,753.1,729.75,735.95,311818.0,
2019-06-19,736.0,742.6,730.0,737.2,423021.0,
2019-06-20,737.2,748.6,733.55,746.55,417376.0,
2019-06-21,748.95,751.05,736.35,740.9,225874.0,
2019-06-24,744.0,759.95,738.0,754.95,265761.0,
2019-06-25,756.0,772.0,751.85,757.45,544083.0,
2019-06-26,757.45,777.0,757.0,770.55,366850.0,
2019-06-27,774.4,788.0,764.75,775.6,562369.0,
2019-06-28,779.0,785.75,760.0,764.05,216647.0,
2019-07-01,767.85,781.0,765.3,773.05,297182.0,
2019-07-02,773.35,782.9,767.45,778.9,205384.0,
2019-07-03,778.9,782.0,763.35,768.9,312629.0,
2019-07-04,757.9,766.0,747.5,760.3,504244.0,
2019-07-05,757.0,766.4,731.0,736.65,375590.0,
2019-07-08,731.4,764.0,720.0,750.2,741644.0,
2019-07-09,748.3,752.95,734.3,747.05,298463.0,
2019-07-10,745.1,750.9,740.2,741.9,235558.0,
2019-07-11,746.0,759.15,741.45,756.85,211383.0,
2019-07-12,757.7,766.8,751.0,755.6,203110.0,
2019-07-15,759.0,759.0,742.9,752.45,108856.0,
2019-07-16,740.4,752.0,710.95,745.1,1114126.0,
2019-07-17,741.1,757.0,731.3,752.4,468551.0,
2019-07-18,755.9,755.9,736.55,739.5,114109.0,
2019-07-19,741.0,751.45,725.75,728.5,335455.0,
2019-07-22,734.4,734.4,720.2,726.15,176754.0,
2019-07-23,730.5,733.4,721.55,725.75,81297.0,
2019-07-24,729.7,737.65,717.2,731.9,213315.0,
2019-07-25,731.0,765.0,731.0,750.7,812365.0,
2019-07-26,741.1,748.85,732.4,739.15,280334.0,
2019-07-29,736.0,748.9,720.0,723.85,172792.0,
2019-07-30,727.9,728.2,699.95,702.05,269161.0,
2019-07-31,697.0,712.5,684.45,709.0,144624.0,
2019-08-01,705.6,712.95,688.1,693.4,191024.0,
2019-08-02,688.5,691.1,662.2,669.35,564001.0,
2019-08-05,665.0,675.15,655.5,669.15,376349.0,
2019-08-06,669.15,686.7,662.65,672.85,240062.0,
2019-08-07,674.1,676.95,645.4,652.5,1556926.0,
2019-08-08,652.0,661.15,587.25,603.15,2876701.0,
2019-08-09,605.0,616.3,595.35,599.8,849885.0,
2019-08-13,604.0,604.65,589.1,591.3,560460.0,
2019-08-14,587.0,599.6,583.0,588.1,658260.0,
2019-08-16,585.0,597.0,582.25,594.7,522937.0,
2019-08-19,598.0,599.55,585.0,587.45,189335.0,
2019-08-20,582.2,590.35,574.7,579.9,363981.0,
2019-08-21,575.0,579.6,565.9,570.0,381769.0,
2019-08-22,565.0,574.8,555.25,568.75,363030.0,
2019-08-23,568.15,585.5,559.0,576.05,200232.0,23.9
2019-09-30,774.4,788.0,764.75,775.6,562369.0,30.49
2019-10-01,574.0,579.7,560.25,563.25,248081.0,30.1
2019-10-02,574.0,579.7,560.25,563.25,248081.0,30.1
2019-10-03,564.0,574.0,556.25,559.5,466250.0,56.85
2019-10-04,559.55,571.45,538.3,550.8,1023935.0,28.38
2019-10-07,550.8,572.8,544.25,561.45,1014021.0,66.1
2019-10-08,550.8,572.8,544.25,561.45,1014021.0,66.1
2019-10-09,563.5,578.25,561.5,568.4,987965.0,50.97
2019-10-10,568.4,574.0,562.0,564.75,332475.0,53.22
2019-10-11,564.65,570.5,559.45,565.3,317011.0,55.12
2019-10-14,565.3,576.95,564.95,572.8,199099.0,35.05
2019-10-15,574.9,574.9,563.55,569.3,140162.0,45.03
2019-10-16,569.9,582.0,567.6,575.5,652912.0,40.82
2019-10-17,576.9,581.0,560.0,569.95,699406.0,45.34
2019-10-18,570.9,594.9,570.0,583.3,789534.0,24.98
2019-10-21,570.9,594.9,570.0,583.3,789534.0,24.98
2019-10-22,586.0,590.0,575.0,578.7,459932.0,24.78
2019-10-23,581.5,588.0,574.2,578.9,288724.0,42.29
2019-10-24,577.0,591.0,538.3,546.95,2801951.0,20.86
2019-10-25,545.0,553.75,532.2,541.15,1969631.0,47.1
2019-10-28,541.15,548.0,541.15,545.8,34622.0,49.64
2019-10-29,546.1,546.95,536.45,540.8,489114.0,56.95
2019-10-30,544.0,557.75,541.35,554.15,944203.0,64.37
2019-10-31,557.0,557.5,539.5,543.95,1302173.0,65.32
2019-11-01,545.0,558.75,541.7,550.05,1055623.0,51.57
2019-11-04,552.4,558.8,543.05,546.6,460153.0,37.47
2019-11-05,550.0,550.0,541.3,546.5,574136.0,48.1
2019-11-06,549.0,554.0,542.2,551.3,562286.0,59.85
2019-11-07,553.85,553.85,545.25,552.2,681069.0,74.07
2019-11-08,550.7,562.75,548.0,556.9,507267.0,27.33
2019-11-11,555.3,564.5,552.85,559.7,555723.0,64.96
2019-11-12,555.3,564.5,552.85,559.7,555723.0,64.96
2019-11-13,561.0,576.9,561.0,565.7,1018794.0,26.88
2019-11-14,569.1,569.2,552.7,560.4,256669.0,25.3
2019-11-15,560.4,568.2,556.55,563.6,224680.0,25.19
2019-11-18,565.95,567.7,554.25,557.2,189922.0,42.21
2019-11-19,557.2,567.0,556.7,562.4,179194.0,34.56
2019-11-20,564.9,571.0,562.25,569.55,418796.0,30.75
2019-11-21,569.0,574.75,557.6,562.9,509317.0,33.83
2019-11-22,563.0,569.45,559.75,566.85,440576.0,48.3
2019-11-25,572.0,577.35,561.3,568.8,413320.0,20.67
2019-11-26,567.0,572.5,563.6,566.2,559467.0,64.01
2019-11-27,564.35,568.4,560.6,562.7,190085.0,28.23
2019-11-28,560.6,564.75,544.65,547.3,1473537.0,70.23
2019-11-29,548.0,552.0,538.0,542.25,826998.0,34.94
2019-12-02,543.25,544.95,535.35,539.7,259454.0,19.93
2019-12-03,540.0,541.75,527.45,532.75,281310.0,26.47
2019-12-04,534.0,539.1,527.5,537.65,219540.0,23.83
2019-12-05,539.9,546.05,537.0,539.35,332307.0,22.02
2019-12-06,540.9,542.4,519.4,520.7,841065.0,53.27
2019-12-09,520.0,532.3,515.3,527.15,342495.0,13.7
2019-12-10,528.0,535.5,526.2,527.5,543958.0,31.74
2019-12-11,527.5,527.8,504.0,522.3,1262201.0,24.15
2019-12-12,524.7,540.0,523.75,538.85,355078.0,19.35
2019-12-13,538.8,550.0,530.0,548.55,531553.0,30.46
2019-12-16,550.5,554.5,542.05,545.95,380512.0,20.23
2019-12-17,545.95,565.0,541.25,562.05,928497.0,51.77
2019-12-18,562.4,564.95,556.5,561.3,414344.0,17.12
2019-12-19,557.2,563.65,557.2,560.95,210520.0,26.48
2019-12-20,560.7,566.0,551.45,556.15,339617.0,22.48
2019-12-23,557.0,561.75,548.65,551.5,214842.0,23.48
2019-12-24,551.05,557.9,550.5,555.95,273424.0,15.42
2019-12-25,551.05,557.9,550.5,555.95,273424.0,15.42
2019-12-26,555.95,559.4,552.5,555.4,395366.0,36.72
2019-12-27,555.1,563.55,553.9,559.95,222476.0,27.54
2019-12-30,559.0,568.55,548.0,549.95,651196.0,52.42
2019-12-31,553.0,555.95,548.75,550.85,226406.0,21.72
2020-01-01,550.85,553.95,548.4,552.15,148568.0,23.31
2020-01-02,550.1,571.0,550.1,569.05,702328.0,58.7
2020-01-03,572.5,589.65,565.0,573.0,1823916.0,37.09
2020-01-06,570.3,581.7,562.4,570.7,880116.0,26.03
2020-01-07,576.0,582.85,570.5,573.55,620142.0,51.4
2020-01-08,567.85,582.7,564.25,578.4,574685.0,38.74
2020-01-09,579.1,596.7,579.1,592.25,788564.0,27.02
2020-01-10,593.3,600.9,584.15,588.1,603502.0,32.21
2020-01-13,591.9,592.4,586.0,590.4,242018.0,37.14
2020-01-14,591.85,598.8,589.45,593.45,298076.0,27.39
2020-01-15,593.8,595.0,577.05,580.35,541744.0,23.35
2020-01-16,582.0,597.25,582.0,591.8,749424.0,35.26
2020-01-17,595.45,597.1,577.45,578.9,470283.0,24.67
2020-01-20,581.7,588.9,573.0,584.15,425150.0,25.46
2020-01-21,580.0,592.0,578.7,580.4,361234.0,27.32
2020-01-22,579.9,587.65,579.9,584.15,215727.0,45.85
2020-01-23,587.0,587.0,568.0,569.35,608267.0,43.04
2020-01-24,570.9,606.0,570.35,595.15,1515868.0,29.54
2020-01-27,594.0,608.95,590.15,605.25,1922343.0,39.44
2020-01-28,608.4,614.4,583.6,588.35,1051918.0,23.06
2020-01-29,624.0,652.8,594.0,601.2,18713513.0,14.25
2020-01-30,597.9,600.95,580.1,584.6,1929888.0,19.61
2020-01-31,585.0,595.45,572.2,574.55,991940.0,25.72
2020-02-03,562.0,569.85,555.0,560.95,559415.0,24.16
2020-02-04,561.0,572.2,561.0,564.75,279291.0,28.49
2020-02-05,566.9,580.5,566.05,570.4,489017.0,31.22
2020-02-06,573.2,577.0,564.0,567.7,360422.0,30.17
2020-02-07,560.95,563.9,552.15,558.05,598230.0,33.63
2020-02-10,560.8,561.5,541.15,546.7,748649.0,23.36
2020-02-11,548.1,556.95,544.0,545.85,322707.0,26.34
2020-02-12,545.8,556.35,543.0,551.1,455991.0,18.18
2020-02-13,550.0,554.8,546.15,549.05,314176.0,19.85
2020-02-14,547.0,552.2,535.45,536.95,332513.0,37.33
2020-02-17,534.0,539.45,528.65,536.75,391945.0,49.79
2020-02-18,536.35,536.5,523.55,530.4,464714.0,46.71
2020-02-19,531.15,544.45,531.15,539.8,292470.0,36.55
2020-02-20,539.85,556.5,539.85,554.75,493528.0,53.37
2020-02-21,539.85,556.5,539.85,554.75,493528.0,53.37
2020-02-24,555.0,559.4,542.1,545.0,501427.0,38.88
2020-02-25,544.0,547.55,531.4,535.65,304682.0,17.34
2020-02-26,535.0,543.5,527.0,533.35,415081.0,26.15
2020-02-27,535.0,535.35,511.2,518.1,903380.0,34.62
2020-02-28,509.45,515.0,496.6,510.95,583329.0,34.63
2020-03-02,513.0,521.55,497.0,500.4,432302.0,37.9
2020-03-03,502.8,550.4,500.1,506.25,579484.0,46.01
2020-03-04,506.0,511.65,492.0,497.7,670122.0,45.54
2020-03-05,499.7,508.9,494.5,502.55,375385.0,34.01
2020-03-06,492.0,509.0,483.6,503.6,336317.0,33.37
2020-03-09,499.05,499.05,477.5,482.45,644253.0,52.74
2020-03-10,499.05,499.05,477.5,482.45,644253.0,52.74
2020-03-11,485.0,489.5,471.45,477.8,480834.0,46.46
2020-03-12,465.0,465.0,418.5,448.3,1268931.0,50.73
2020-03-13,410.0,453.9,404.0,447.8,463441.0,34.65
2020-03-16,437.0,443.35,415.8,437.65,787495.0,43.34
2020-03-17,430.0,460.0,417.3,446.55,898666.0,55.79
2020-03-18,449.05,451.2,431.55,441.7,461346.0,45.73
2020-03-19,430.0,442.0,414.0,420.1,2095708.0,74.15
2020-03-20,421.5,436.4,414.9,422.15,1706018.0,80.65
2020-03-23,408.2,414.75,388.0,395.9,1744984.0,86.06
2020-03-24,400.0,414.0,385.0,395.35,738512.0,48.19
2020-03-25,390.0,392.9,365.8,369.75,1460575.0,44.09
2020-03-26,372.0,389.7,365.2,379.3,793362.0,54.73
2020-03-27,390.0,395.0,348.2,357.6,668074.0,35.53
2020-03-30,351.0,357.0,326.7,331.6,1364098.0,61.87
2020-03-31,340.0,347.95,322.75,326.7,1344531.0,40.03
2020-04-01,328.65,330.9,304.45,308.5,1195274.0,49.68
2020-04-02,328.65,330.9,304.45,308.5,1195274.0,49.68
2020-04-03,311.0,314.95,296.45,298.65,1396809.0,40.16
2020-04-06,311.0,314.95,296.45,298.65,1396809.0,40.16
2020-04-07,315.8,315.8,283.0,287.15,3777546.0,47.15
2020-04-08,286.0,338.05,280.0,330.05,5604056.0,21.26
2020-04-09,340.0,358.95,334.2,353.4,2857017.0,18.65
2020-04-10,340.0,358.95,334.2,353.4,2857017.0,18.65
2020-04-13,359.0,371.95,341.0,362.0,1997978.0,16.36
2020-04-15,360.15,388.0,360.15,375.4,2314627.0,27.33
2020-04-16,370.0,396.0,362.5,389.8,2037046.0,12.95
2020-04-17,400.0,406.0,392.05,403.9,1229378.0,18.68
2020-04-20,407.95,411.05,396.6,400.4,1361181.0,14.26
2020-04-21,400.25,406.75,382.4,401.25,1674880.0,22.32
2020-04-22,404.25,414.0,399.0,411.55,783606.0,18.26
2020-04-23,414.5,424.2,405.0,419.15,1487449.0,13.98
2020-04-24,420.95,426.55,377.25,384.95,1276331.0,29.67
2020-04-27,382.0,382.0,358.5,369.65,2774768.0,22.16
2020-04-28,371.05,388.45,363.65,386.25,2175035.0,39.65
2020-04-29,394.55,395.85,375.0,378.95,1629667.0,33.4
2020-04-30,379.0,382.0,371.0,377.5,1797179.0,26.18
2020-05-01,379.0,382.0,371.0,377.5,1797179.0,26.18
2020-05-04,358.0,382.0,354.0,373.0,2134801.0,25.77
2020-05-05,367.35,374.3,365.15,366.75,1427683.0,34.5
2020-05-06,370.0,379.25,358.4,369.85,2912933.0,55.55
2020-05-07,372.2,374.85,355.0,358.25,1013292.0,20.86
2020-05-08,361.1,367.0,352.15,358.1,960318.0,13.83
2020-05-11,358.85,375.7,358.55,368.95,1902973.0,27.66
2020-05-12,364.15,367.5,347.05,354.35,2190667.0,23.58
2020-05-13,366.0,374.65,361.15,362.65,2026539.0,21.36
2020-05-14,359.65,368.6,344.5,347.25,7244155.0,39.42
2020-05-15,351.95,353.0,335.0,338.35,5797111.0,32.73
2020-05-18,338.3,338.35,311.2,317.5,2742340.0,17.77
2020-05-19,322.0,332.0,315.95,326.95,2120543.0,8.97
2020-05-20,325.55,334.85,324.0,333.3,910470.0,11.68
2020-05-21,333.0,343.65,328.05,337.5,721427.0,19.19
2020-05-22,335.3,339.1,326.55,329.7,933192.0,18.71
2020-05-25,335.3,339.1,326.55,329.7,933192.0,18.71
2020-05-26,334.0,342.5,330.0,340.75,807861.0,20.82
2020-05-27,343.5,347.0,338.45,345.05,891151.0,12.08
2020-05-28,348.5,361.4,342.75,359.7,948477.0,27.03
2020-05-29,355.0,382.15,351.0,376.35,2468840.0,51.19
2020-06-01,379.95,392.45,372.35,374.75,2198709.0,18.1
2020-06-02,377.8,384.5,373.0,378.95,1365129.0,8.33
2020-06-03,383.95,387.55,377.25,380.0,683131.0,20.46
2020-06-04,379.0,385.85,374.6,378.55,636163.0,14.36
2020-06-05,379.0,395.6,376.0,384.35,2629754.0,18.62
2020-06-08,394.0,403.7,386.85,399.2,2236707.0,25.67
2020-06-09,401.0,407.0,387.05,390.4,1226112.0,18.36
2020-06-10,393.0,393.35,384.25,390.9,607746.0,14.58
2020-06-11,390.2,401.4,388.05,396.1,2027282.0,26.26
2020-06-12,380.05,394.0,380.05,391.85,808426.0,17.65
2020-06-15,388.0,401.1,386.05,393.5,1007594.0,31.61
2020-06-16,401.0,401.1,380.2,383.25,1204359.0,12.91
2020-06-17,383.25,389.75,380.7,385.9,648350.0,25.9
2020-06-18,383.0,383.0,368.35,369.65,2461538.0,25.2
2020-06-19,372.0,379.0,370.6,376.25,1894591.0,38.91
2020-06-22,380.0,400.5,377.3,396.65,1613249.0,22.28
2020-06-23,398.0,408.4,395.0,399.65,1215367.0,21.24
2020-06-24,403.0,416.6,399.05,401.1,1933479.0,20.26
2020-06-25,398.9,408.85,395.1,403.7,1189573.0,25.79
2020-06-26,410.9,417.4,405.5,410.6,1574985.0,17.2
2020-06-29,410.2,414.65,396.0,397.6,1149871.0,19.47
2020-06-30,402.0,404.05,391.05,392.35,630969.0,19.39
2020-07-01,392.35,399.75,388.65,397.2,889353.0,14.13
2020-07-02,401.65,405.0,394.05,397.8,446745.0,21.82
2020-07-03,399.0,412.5,397.8,410.75,979346.0,23.62
2020-07-06,415.5,433.9,411.0,431.15,4654555.0,15.51
2020-07-07,435.6,439.45,421.25,429.65,2965461.0,26.37
2020-07-08,427.8,428.7,408.55,411.05,2837698.0,23.54
2020-07-09,411.2,415.7,399.3,400.4,1607996.0,31.53
2020-07-10,399.0,400.75,391.2,393.1,1456659.0,26.17
2020-07-13,397.0,399.85,387.0,388.4,1522264.0,25.43
2020-07-14,387.0,390.45,377.5,386.65,1150765.0,23.22
2020-07-15,387.25,393.75,378.0,380.25,1135158.0,22.59
2020-07-16,382.0,385.7,373.25,382.85,960025.0,20.84
2020-07-17,384.45,388.7,381.2,384.75,992062.0,33.74
2020-07-20,384.75,396.0,384.5,393.05,1077251.0,21.23
2020-07-21,397.0,399.25,386.5,388.3,1488683.0,22.25
2020-07-22,390.0,395.0,385.0,393.3,999602.0,30.44
2020-07-23,394.0,399.0,390.1,393.3,921532.0,34.4
2020-07-24,392.0,398.55,388.25,395.2,1213583.0,24.12
2020-07-27,395.05,396.75,389.0,394.1,473469.0,27.25
2020-07-28,396.7,404.85,390.6,401.25,1840356.0,13.86
2020-07-29,397.0,404.8,395.55,400.65,1152042.0,36.36
2020-07-30,403.5,403.65,396.6,397.85,815165.0,39.92
2020-07-31,400.0,404.5,391.0,401.65,1151392.0,19.91
2020-08-03,400.0,409.7,395.0,404.0,1248084.0,22.76
2020-08-04,406.6,406.6,398.8,401.85,538800.0,21.53
2020-08-05,403.0,411.5,401.4,410.55,990565.0,21.63
2020-08-06,413.0,418.0,408.45,414.0,1212857.0,15.97
2020-08-07,413.0,422.0,411.15,419.1,1003976.0,30.3
2020-08-10,422.95,427.65,420.25,422.45,633908.0,31.28
2020-08-11,425.4,428.1,421.0,422.15,372685.0,29.52
2020-08-12,412.2,426.3,412.2,423.05,905469.0,29.31
2020-08-13,422.0,448.7,413.6,436.75,3089891.0,18.55
2020-08-14,439.1,459.45,428.0,448.8,4371653.0,11.28
2020-08-17,448.0,458.25,436.0,456.35,2599932.0,12.1
2020-08-18,454.0,464.4,447.8,449.7,1435833.0,15.86
2020-08-19,450.6,466.35,448.05,461.7,1968406.0,14.18
2020-08-20,460.0,467.8,452.25,457.35,955432.0,18.32
2020-08-21,463.0,468.8,457.95,465.4,988098.0,24.33
2020-08-24,469.7,476.55,466.0,467.25,2710630.0,49.93
2020-08-25,470.0,474.9,463.65,473.55,1549218.0,48.88
2020-08-26,477.65,482.9,470.0,475.2,966688.0,16.11
2020-08-27,475.4,477.6,468.0,470.45,608824.0,15.33
2020-08-28,470.0,475.0,465.0,471.75,976134.0,9.71
2020-08-31,472.95,474.55,455.5,462.25,2286614.0,43.02
2020-09-01,462.25,468.85,453.55,462.1,793352.0,10.58
2020-09-02,457.55,472.25,456.55,471.6,697806.0,14.27
2020-09-03,475.0,478.25,467.55,469.9,709569.0,18.77
2020-09-04,462.5,473.05,461.35,466.0,568738.0,19.44
2020-09-07,468.15,472.55,454.1,455.7,1265851.0,39.22
2020-09-08,458.65,463.2,448.1,458.85,1041920.0,34.01
2020-09-09,457.0,462.5,451.35,460.35,585533.0,17.34
2020-09-10,464.7,472.4,458.5,470.45,893431.0,20.02
2020-09-11,465.0,469.0,452.5,456.4,2486466.0,12.97
2020-09-14,456.85,487.75,456.1,471.55,3258132.0,27.6
2020-09-15,474.1,494.0,468.0,484.05,3509731.0,18.27
2020-09-16,493.95,494.0,475.2,484.0,2140088.0,17.34
2020-09-17,479.9,491.3,474.15,487.8,1740279.0,23.52
2020-09-18,485.0,492.55,477.05,481.5,1352075.0,34.97
2020-09-21,482.0,483.4,461.5,467.65,1500947.0,36.0
2020-09-22,471.15,471.55,445.2,455.55,926175.0,36.45
2020-09-23,456.0,461.3,450.0,453.8,940500.0,54.29
2020-09-24,450.0,455.0,437.3,441.55,2377316.0,57.85
2020-09-25,441.55,447.45,437.75,446.75,1877821.0,76.67
2020-09-28,453.7,454.55,443.5,446.35,1274121.0,41.27
2020-09-29,447.0,452.5,442.0,445.2,1112228.0,31.51
2020-09-30,445.05,449.5,440.2,445.2,639550.0,33.02
2020-10-01,446.65,458.3,446.6,447.9,1204806.0,16.14
2020-10-02,446.65,458.3,446.6,447.9,1204806.0,16.14
2020-10-05,449.95,460.5,444.05,458.85,1030886.0,29.29
2020-10-06,462.85,464.8,448.55,451.6,706847.0,16.71
2020-10-07,450.05,455.6,440.55,442.8,357445.0,21.93
2020-10-08,441.1,452.8,437.65,446.95,1357549.0,24.52
2020-10-09,447.0,452.8,430.15,432.1,1732230.0,35.58
2020-10-12,434.85,437.0,430.0,431.8,642919.0,8.84
2020-10-13,428.3,446.05,425.0,444.05,1857014.0,11.15
2020-10-14,445.7,445.7,436.0,437.8,1036021.0,20.62
2020-10-15,439.6,455.3,437.35,442.95,1150730.0,14.15
2020-10-16,446.85,463.65,443.55,462.0,1101187.0,18.53
2020-10-19,463.05,472.75,456.35,470.85,1021080.0,14.26
2020-10-20,467.0,472.3,460.65,464.2,623327.0,16.11
2020-10-21,465.1,476.0,462.35,464.4,944574.0,22.65
2020-10-22,460.0,465.55,457.35,461.6,1274145.0,50.15
2020-10-23,462.25,467.7,457.2,460.1,567079.0,17.98
2020-10-26,461.5,463.3,447.7,451.25,447095.0,20.3
2020-10-27,448.15,459.55,446.0,457.6,545017.0,18.96
2020-10-28,457.0,462.8,440.1,443.25,554967.0,24.87
2020-10-29,441.0,451.0,433.55,441.65,1320652.0,22.0
2020-10-30,443.8,447.9,431.0,434.1,851825.0,31.45
2020-11-02,434.6,438.4,428.9,436.9,937677.0,20.13
2020-11-03,440.0,451.55,437.5,447.0,1230148.0,37.83
2020-11-04,449.65,449.65,438.0,440.15,511546.0,27.65
2020-11-05,443.2,455.25,442.85,454.35,450418.0,29.38
2020-11-06,456.6,461.8,449.0,456.05,1039186.0,35.76
2020-11-09,456.95,461.1,449.3,457.35,1216682.0,46.14
2020-11-10,455.9,465.5,452.4,454.55,706979.0,28.17
2020-11-11,456.8,462.0,452.55,456.55,506890.0,23.41
2020-11-12,457.95,482.35,456.1,478.55,3582901.0,11.48
2020-11-13,479.0,482.0,470.65,478.35,1179898.0,20.1
2020-11-16,478.95,482.9,476.15,478.65,99483.0,32.84
2020-11-17,481.05,497.9,479.5,493.0,2651920.0,10.5
2020-11-18,494.85,501.0,485.25,497.15,1035778.0,25.63
2020-11-19,499.05,513.8,496.0,511.3,2069434.0,23.19
2020-11-20,514.0,519.05,505.05,510.4,1000669.0,24.1
2020-11-23,507.0,521.6,507.0,512.4,962368.0,17.07
2020-11-24,515.0,533.0,514.0,527.85,1020271.0,33.93
2020-11-25,531.0,531.95,522.05,526.85,676412.0,26.31
2020-11-26,525.0,536.65,517.05,533.65,1550087.0,18.05
2020-11-27,533.0,597.5,530.0,586.0,6312831.0,27.25
2020-11-30,533.0,597.5,530.0,586.0,6312831.0,27.25
2020-12-01,585.95,586.05,569.0,578.45,1003872.0,12.34
2020-12-02,577.65,579.95,565.25,575.8,785663.0,15.65
2020-12-03,576.95,585.55,568.65,572.45,815720.0,30.06
2020-12-04,575.0,582.25,563.55,567.4,786542.0,20.61
2020-12-07,570.4,579.3,564.3,567.95,822982.0,33.79
2020-12-08,569.9,576.0,552.6,559.95,881862.0,16.22
2020-12-09,559.5,596.0,555.45,590.75,3543808.0,19.57
2020-12-10,600.0,610.0,571.25,582.5,5622070.0,17.18
2020-12-11,583.0,593.3,578.2,582.65,1564801.0,19.35
2020-12-14,585.55,609.5,584.0,607.65,2356361.0,21.13
2020-12-15,611.65,613.3,594.25,600.1,1577660.0,23.84
2020-12-16,603.1,605.6,592.0,595.1,1530565.0,49.45
2020-12-17,596.05,607.0,585.0,589.25,1064637.0,22.03
2020-12-18,588.95,616.0,584.85,612.05,3043164.0,33.51
2020-12-21,611.0,616.05,565.15,576.1,2236130.0,26.4
2020-12-22,576.1,586.0,556.25,576.65,1787973.0,20.08
2020-12-23,579.0,590.5,577.0,584.3,1185209.0,32.9
2020-12-24,588.0,593.55,571.3,574.55,1179334.0,25.92
2020-12-25,588.0,593.55,571.3,574.55,1179334.0,25.92
2020-12-28,578.3,584.4,564.45,569.0,1644095.0,37.18
2020-12-29,574.0,577.1,565.15,569.0,1115831.0,24.86
2020-12-30,571.8,586.0,567.15,571.65,2212476.0,16.48
2020-12-31,573.0,578.45,569.5,574.55,937682.0,15.33
2021-01-01,575.5,584.5,572.0,581.35,897472.0,19.52
2021-01-04,585.0,613.6,584.5,609.25,2593184.0,26.06
2021-01-05,609.1,624.45,603.3,616.0,2563883.0,22.41
2021-01-06,616.0,623.7,602.15,610.35,1426472.0,23.29
2021-01-07,615.0,646.3,612.0,643.3,2347094.0,25.36
2021-01-08,647.8,648.0,626.0,635.0,1843346.0,24.35
2021-01-11,637.0,638.85,620.75,624.05,1291025.0,47.35
2021-01-12,622.0,632.25,619.45,623.2,1598149.0,40.28
2021-01-13,629.1,629.1,605.0,611.05,1519267.0,36.14
2021-01-14,615.0,619.5,608.0,616.9,909426.0,45.01
2021-01-15,618.0,621.95,597.55,601.65,1241426.0,26.69
2021-01-18,601.7,604.6,583.35,594.15,1020263.0,27.24
2021-01-19,595.0,619.95,595.0,617.35,1364200.0,25.65
2021-01-20,621.0,622.9,612.05,618.35,1053480.0,14.54
2021-01-21,622.0,627.6,593.25,601.2,1389016.0,31.53
2021-01-22,604.2,620.9,598.2,615.85,1436902.0,11.37
2021-01-25,617.0,622.85,601.45,610.5,950878.0,15.6
2021-01-26,617.0,622.85,601.45,610.5,950878.0,15.6
2021-01-27,613.95,628.55,607.75,624.45,2875863.0,32.01
2021-01-28,620.0,640.0,614.55,637.1,2668310.0,21.77
2021-01-29,645.0,689.5,637.0,666.35,7382301.0,18.1
2021-02-01,664.9,737.0,654.25,730.0,4025736.0,13.45
2021-02-02,730.0,799.8,730.0,759.75,7499430.0,24.0
2021-02-03,762.0,780.0,748.05,763.7,1420512.0,13.47
2021-02-04,760.0,789.25,757.05,784.5,1372037.0,16.4
2021-02-05,780.0,794.8,777.85,787.0,1027482.0,19.35
2021-02-08,786.65,799.0,776.9,792.25,961871.0,14.66
2021-02-09,790.0,791.8,769.05,774.1,515443.0,14.32
2021-02-10,774.0,798.8,769.7,795.2,1191178.0,8.84
2021-02-11,799.3,807.9,772.1,773.75,1412790.0,14.03
2021-02-12,777.0,778.15,750.3,753.75,1112501.0,31.82
2021-02-15,759.7,764.9,746.65,761.35,716808.0,33.42
2021-02-16,768.5,776.3,761.55,766.35,1293232.0,14.54
2021-02-17,769.75,794.05,762.35,791.05,1332822.0,17.82
2021-02-18,798.0,805.0,765.95,774.3,2615406.0,9.92
2021-02-19,774.3,785.0,753.3,769.7,833264.0,26.66
2021-02-22,769.7,776.95,760.3,766.35,580147.0,16.97
2021-02-23,768.2,808.75,765.0,801.5,2416382.0,20.87
2021-02-24,814.4,819.7,780.05,792.8,2177256.0,21.28
2021-02-25,793.0,822.0,792.0,805.1,2507715.0,27.47
2021-02-26,794.0,801.85,777.0,787.75,1047053.0,29.65
2021-03-01,782.2,802.0,782.2,800.65,820946.0,27.48
2021-03-02,803.6,826.85,803.6,818.45,1561606.0,33.75
2021-03-03,822.5,882.95,822.5,864.45,5093443.0,25.28
2021-03-04,859.0,898.9,855.05,893.95,2291998.0,16.66
2021-03-05,889.9,893.85,844.5,853.7,1720949.0,31.44
2021-03-08,853.65,893.75,844.0,881.05,2415261.0,10.97
2021-03-09,881.5,888.45,852.65,857.5,1032759.0,29.89
2021-03-10,865.0,882.4,860.45,879.35,1138075.0,24.01
2021-03-11,865.0,882.4,860.45,879.35,1138075.0,24.01
2021-03-12,885.0,922.75,880.05,883.9,4138878.0,8.74
2021-03-15,885.6,889.35,856.25,862.85,1224666.0,24.26
2021-03-16,868.8,875.7,852.05,859.35,1122074.0,16.26
2021-03-17,857.0,865.65,835.45,839.05,1118124.0,37.02
2021-03-18,850.2,872.0,848.05,858.3,1822115.0,27.67
2021-03-19,841.85,906.9,841.85,896.45,2575250.0,38.18
2021-03-22,900.0,910.0,888.0,894.35,868118.0,14.04
2021-03-23,889.9,898.8,873.05,892.5,1072058.0,37.8
2021-03-24,889.0,889.0,862.35,865.5,867026.0,21.49
2021-03-25,868.5,872.0,829.0,855.55,1484307.0,37.09
2021-03-26,865.0,876.6,823.5,869.4,845909.0,23.93
2021-03-29,865.0,876.6,823.5,869.4,845909.0,23.93
2021-03-30,874.0,907.9,867.75,897.9,1413577.0,41.0
2021-03-31,897.9,925.0,886.8,919.65,1419494.0,30.05
2021-04-01,929.5,934.25,888.2,895.35,1546599.0,15.78
2021-04-02,929.5,934.25,888.2,895.35,1546599.0,15.78
2021-04-05,889.0,904.0,868.8,882.05,858911.0,20.83
2021-04-06,883.15,895.0,873.6,879.1,591892.0,37.22
2021-04-07,883.0,902.0,880.65,888.55,1058739.0,43.42
2021-04-08,889.9,901.75,881.45,885.85,600468.0,29.59
2021-04-09,885.85,891.95,864.6,870.95,739583.0,33.83
2021-04-12,868.25,868.9,814.0,818.45,592537.0,21.82
2021-04-13,810.1,843.6,804.0,839.65,816561.0,12.83
2021-04-14,810.1,843.6,804.0,839.65,816561.0,12.83
2021-04-15,839.65,857.8,830.5,848.55,520399.0,35.48
2021-04-16,852.5,865.05,840.0,849.1,410768.0,26.86
2021-04-19,825.0,870.1,817.6,840.0,773487.0,20.83
2021-04-20,842.0,855.0,824.25,833.4,407772.0,26.98
2021-04-21,842.0,855.0,824.25,833.4,407772.0,26.98
2021-04-22,833.4,859.0,825.0,856.55,415850.0,26.49
2021-04-23,858.0,868.9,844.3,850.5,955435.0,9.56
2021-04-26,850.65,882.0,850.5,876.75,1150871.0,22.39
2021-04-27,884.4,899.15,868.65,895.15,1520592.0,14.85
2021-04-28,896.0,907.6,879.15,882.5,881427.0,23.21
2021-04-29,887.0,892.55,855.0,858.0,1075088.0,31.36
2021-04-30,861.1,861.35,833.45,837.6,637991.0,30.93
2021-05-03,832.0,841.6,821.6,837.5,737792.0,45.27
2021-05-04,845.0,853.0,835.1,845.3,754444.0,32.16
2021-05-05,840.55,858.0,833.8,852.25,869383.0,18.32
2021-05-06,853.25,859.85,837.05,839.85,543158.0,38.22
2021-05-07,843.0,845.45,836.1,838.15,307073.0,33.98
2021-05-10,837.0,845.0,827.35,829.7,1104127.0,47.68
2021-05-11,825.1,846.8,806.0,829.55,1071007.0,47.37
2021-05-12,830.8,869.0,828.65,832.95,2579689.0,45.21
2021-05-13,830.8,869.0,828.65,832.95,2579689.0,45.21
2021-05-14,839.95,843.15,811.0,816.45,562288.0,23.95
2021-05-17,817.95,820.4,796.1,806.0,930488.0,32.89
2021-05-18,810.2,852.4,810.2,836.4,1897253.0,26.73
2021-05-19,841.9,858.0,833.9,836.2,1047739.0,23.87
2021-05-20,836.0,866.55,830.05,848.5,1804044.0,23.16
2021-05-21,852.0,859.2,830.0,833.5,1404966.0,32.54
2021-05-24,835.35,851.0,831.1,839.85,849667.0,31.23
2021-05-25,844.0,854.0,805.0,808.55,2094171.0,47.05
2021-05-26,814.7,831.95,796.8,802.65,1800521.0,27.82
2021-05-27,783.0,803.25,747.0,771.75,8431138.0,23.77
2021-05-28,781.6,805.0,776.1,791.05,3272553.0,15.4
2021-05-31,789.5,794.8,777.5,786.9,1417432.0,31.67
2021-06-01,791.1,794.15,771.75,779.85,829538.0,23.54
2021-06-02,779.9,797.25,778.1,794.35,688179.0,25.28
2021-06-03,795.0,814.8,792.15,809.05,1802557.0,43.3
2021-06-04,812.5,820.9,804.5,810.7,1613019.0,57.97
2021-06-07,811.0,824.0,811.0,812.95,892435.0,47.98
2021-06-08,817.2,824.5,808.5,816.4,756283.0,31.52
2021-06-09,820.0,844.0,813.1,825.55,2275027.0,26.68
2021-06-10,826.65,844.8,826.6,839.6,1807203.0,42.54
2021-06-11,843.9,843.9,830.2,833.1,1129896.0,34.78
2021-06-14,835.5,835.5,811.1,829.9,672798.0,29.85
2021-06-15,834.0,850.0,826.45,846.55,1581089.0,43.29
2021-06-16,845.95,855.4,833.6,848.9,2097530.0,37.27
2021-06-17,848.9,848.9,831.5,839.4,1099474.0,40.87
2021-06-18,845.0,845.0,818.0,833.05,1079697.0,50.95
2021-06-21,825.0,832.65,819.5,824.9,583316.0,44.73
2021-06-22,829.2,844.05,827.55,833.35,736130.0,31.0
2021-06-23,845.0,845.5,823.65,825.55,558645.0,30.06
2021-06-24,827.0,839.0,825.55,831.85,793824.0,39.15
2021-06-25,832.0,865.9,832.0,857.95,2302682.0,44.53
2021-06-28,868.0,876.0,857.1,871.9,1916265.0,26.14
2021-06-29,871.8,879.25,841.55,850.95,950940.0,22.97
2021-06-30,865.0,904.85,863.0,899.5,6332967.0,11.38
2021-07-01,904.95,910.0,886.1,889.6,2181638.0,14.31
2021-07-02,896.0,896.15,875.4,881.35,679515.0,27.66
2021-07-05,881.35,895.5,875.7,880.6,732396.0,44.08
2021-07-06,880.9,888.0,867.5,869.35,673591.0,33.22
2021-07-07,869.9,885.8,860.75,866.95,1087702.0,34.73
2021-07-08,868.5,887.0,861.5,867.45,728453.0,19.43
2021-07-09,870.95,872.05,856.2,862.0,660070.0,43.85
2021-07-12,862.25,869.7,850.1,856.75,805912.0,53.64
2021-07-13,864.5,867.95,854.65,862.05,324728.0,33.58
2021-07-14,862.0,873.75,858.0,859.9,757649.0,37.15
2021-07-15,863.0,885.2,862.0,874.15,1446545.0,27.07
2021-07-16,877.95,877.95,854.7,857.5,481154.0,30.28
2021-07-19,857.0,866.85,846.2,861.6,753116.0,43.43
2021-07-20,861.6,866.9,841.6,853.85,535458.0,52.45
2021-07-21,861.6,866.9,841.6,853.85,535458.0,52.45
2021-07-22,865.0,872.9,860.0,864.95,583591.0,48.94
2021-07-23,871.0,871.0,853.55,858.3,398781.0,43.2
2021-07-26,858.0,864.85,850.0,851.9,321947.0,35.39
2021-07-27,852.0,863.5,843.8,845.65,423068.0,42.02
2021-07-28,848.0,848.8,821.6,836.6,755307.0,40.0
2021-07-29,836.6,845.45,831.0,842.05,557740.0,49.88
2021-07-30,842.1,858.2,841.45,852.4,443239.0,48.78
2021-08-02,852.95,871.25,852.95,860.45,482392.0,23.24
2021-08-03,866.0,914.0,864.95,909.7,2275514.0,22.94
2021-08-04,911.45,925.0,891.5,894.65,2333513.0,22.15
2021-08-05,899.95,921.35,882.85,905.35,1405685.0,23.55
2021-08-06,905.4,917.6,896.35,900.9,646165.0,36.21
2021-08-09,909.05,943.5,903.0,908.9,3950297.0,14.59
2021-08-10,913.0,951.0,905.1,945.05,3247779.0,23.47
2021-08-11,949.0,954.0,911.0,944.75,2618584.0,15.37
2021-08-12,924.0,972.0,918.2,948.9,3816364.0,12.06
2021-08-13,948.95,989.45,947.7,975.55,4501067.0,24.14
2021-08-16,983.0,994.9,976.0,984.0,1977288.0,31.11
2021-08-17,984.0,1026.85,975.5,1019.7,3360843.0,18.66
2021-08-18,1021.0,1034.75,1013.25,1030.0,1643945.0,20.5
2021-08-19,1021.0,1034.75,1013.25,1030.0,1643945.0,20.5
2021-08-20,1017.0,1025.8,986.3,992.05,934309.0,27.94
2021-08-23,1000.0,1022.4,973.05,975.5,1165189.0,29.99
2021-08-24,983.4,1004.0,980.0,996.25,852140.0,28.5
2021-08-25,1004.9,1009.2,987.45,989.7,528146.0,30.37
2021-08-26,996.0,997.55,979.0,981.1,997156.0,41.28
2021-08-27,982.1,986.0,971.75,980.0,656459.0,50.2
2021-08-30,980.0,1002.95,980.0,999.4,749688.0,42.33
2021-08-31,1001.2,1008.5,994.5,999.15,413161.0,35.94
2021-09-01,1000.0,1015.95,996.05,1005.95,653535.0,36.61
2021-09-02,1010.0,1043.8,1007.35,1040.3,1457864.0,24.89
2021-09-03,1045.75,1049.4,1017.65,1025.95,923886.0,46.88
2021-09-06,1025.0,1049.9,1021.0,1047.3,579889.0,25.57
2021-09-07,1054.0,1064.45,1034.0,1039.45,1233627.0,23.94
2021-09-08,1039.95,1057.45,1033.0,1041.55,643045.0,30.31
2021-09-09,1033.1,1064.25,1033.1,1044.0,1222854.0,53.31
2021-09-10,1033.1,1064.25,1033.1,1044.0,1222854.0,53.31
2021-09-13,1050.0,1055.0,1035.0,1044.15,448594.0,34.45
2021-09-14,1045.0,1049.3,1026.75,1038.65,481487.0,44.83
2021-09-15,1041.9,1050.65,1037.7,1041.3,393516.0,46.08
2021-09-16,1040.15,1048.95,1025.05,1032.05,455660.0,51.48
2021-09-17,1039.0,1041.15,996.75,1007.7,904354.0,52.18
2021-09-20,1007.7,1022.5,976.05,984.2,668143.0,40.56
2021-09-21,992.5,1007.1,968.65,990.65,600629.0,28.4
2021-09-22,993.1,1026.35,987.55,1022.2,710873.0,31.96
2021-09-23,1030.7,1039.3,1015.0,1027.8,454649.0,19.16
2021-09-24,1030.0,1041.25,990.6,994.8,533414.0,38.41
2021-09-27,1004.05,1004.9,983.15,998.4,335525.0,26.07
2021-09-28,997.05,1023.0,995.0,1001.5,438399.0,27.98
2021-09-29,1003.75,1011.95,993.0,996.95,270602.0,28.63
2021-09-30,932.0,1000.0,932.0,991.95,744956.0,32.21
2021-10-01,987.8,987.8,878.15,918.1,9096073.0,40.16
2021-10-04,918.2,932.2,888.45,893.3,5686783.0,46.26
2021-10-05,890.0,903.55,885.4,899.85,1292721.0,45.48
2021-10-06,901.0,915.0,876.65,882.6,1533500.0,42.77
2021-10-07,886.6,902.7,885.6,896.9,978399.0,48.26
2021-10-08,905.0,907.9,875.1,883.6,1057034.0,50.43
2021-10-11,889.0,912.0,883.6,909.4,1083385.0,47.75
2021-10-12,915.0,918.0,894.25,899.4,594370.0,31.49
2021-10-13,907.0,911.05,895.65,898.05,456620.0,49.75
2021-10-14,902.7,915.0,894.75,903.15,890689.0,63.27
2021-10-15,902.7,915.0,894.75,903.15,890689.0,63.27
2021-10-18,915.0,929.95,903.15,910.2,1187657.0,43.29
2021-10-19,914.95,952.0,904.0,908.3,1935874.0,28.01
2021-10-20,914.9,921.35,871.05,883.15,1384833.0,39.66
2021-10-21,886.0,897.35,871.0,881.1,1543769.0,53.59
2021-10-22,891.0,910.0,881.55,885.25,956330.0,32.06
2021-10-25,887.0,893.5,849.5,868.55,1048967.0,34.67
2021-10-26,868.55,887.0,865.35,875.35,654920.0,43.35
2021-10-27,875.0,904.75,875.0,894.6,1374702.0,44.75
2021-10-28,927.8,950.0,884.0,894.9,4091480.0,32.96
2021-10-29,890.0,912.3,868.1,895.7,1394234.0,51.41
2021-11-01,896.0,923.65,896.0,912.75,1211268.0,39.02
2021-11-02,912.4,923.0,899.4,911.95,624307.0,40.27
2021-11-03,911.95,914.2,888.0,895.55,933131.0,53.4
2021-11-04,911.95,914.2,888.0,895.55,933131.0,53.4
2021-11-05,906.5,906.5,891.0,899.55,34666.0,42.17
2021-11-08,901.7,922.0,900.05,911.85,734400.0,54.51
2021-11-09,916.4,924.95,910.0,921.95,1040287.0,41.87
2021-11-10,923.0,939.0,916.45,924.55,1736346.0,39.23
2021-11-11,924.0,928.75,911.25,917.2,527215.0,57.58
2021-11-12,924.95,936.2,919.75,922.85,398802.0,42.76
2021-11-15,927.9,935.5,918.85,925.35,876359.0,72.18
2021-11-16,925.0,937.45,921.0,926.65,579065.0,43.6
2021-11-17,923.0,929.9,918.35,924.4,322082.0,51.92
2021-11-18,921.0,929.75,903.05,915.35,618377.0,55.61
2021-11-19,921.0,929.75,903.05,915.35,618377.0,55.61
2021-11-22,913.7,924.7,868.35,879.45,699130.0,44.14
2021-11-23,877.8,900.5,867.4,895.8,352603.0,30.36
2021-11-24,897.0,901.9,892.2,897.25,532358.0,66.96
2021-11-25,896.55,905.0,879.5,895.25,582157.0,34.98
2021-11-26,891.0,894.7,864.2,875.25,508067.0,55.63
2021-11-29,874.0,879.95,842.0,874.05,461771.0,35.46
2021-11-30,874.05,898.75,873.0,878.5,407386.0,34.67
2021-12-01,880.0,917.9,880.0,915.25,1143468.0,25.38
2021-12-02,913.0,922.75,908.0,919.55,530045.0,29.26
2021-12-03,919.0,941.15,917.1,921.5,682024.0,20.11
2021-12-06,924.5,939.0,915.0,924.4,543727.0,19.3
2021-12-07,928.0,952.3,923.0,943.75,958045.0,34.35
2021-12-08,952.25,956.45,940.0,945.2,693560.0,48.85
2021-12-09,947.3,951.15,940.35,945.15,506043.0,53.57
2021-12-10,950.05,995.0,946.0,973.1,1868676.0,21.6
2021-12-13,987.95,1000.95,977.25,993.9,1182294.0,42.37
2021-12-14,983.0,988.75,959.2,963.8,652333.0,52.5
2021-12-15,968.9,972.85,935.0,937.5,360472.0,33.01
2021-12-16,947.0,954.35,933.5,938.75,420664.0,34.67
2021-12-17,938.75,941.5,914.0,915.7,589258.0,64.05
2021-12-20,912.0,912.35,878.45,894.35,443183.0,44.66
2021-12-21,891.05,912.95,891.05,901.9,331318.0,24.86
2021-12-22,902.0,929.2,900.6,925.8,599748.0,40.27
2021-12-23,934.0,939.25,921.0,934.75,365411.0,30.4
2021-12-24,934.75,935.05,915.1,918.4,220755.0,18.14
2021-12-27,915.0,928.95,910.6,919.55,227959.0,20.25
2021-12-28,927.4,942.35,925.15,939.4,327873.0,30.76
2021-12-29,939.05,947.45,935.25,938.95,251667.0,26.78
2021-12-30,930.4,945.0,925.95,932.4,352159.0,39.76
2021-12-31,932.4,944.4,931.0,941.8,144411.0,40.76
2022-01-03,942.35,954.7,938.9,942.25,151922.0,30.95
2022-01-04,947.15,958.2,935.15,949.45,236996.0,25.06
2022-01-05,948.0,948.0,927.25,929.3,471227.0,74.71
2022-01-06,906.0,944.9,906.0,941.65,714262.0,51.03
2022-01-07,945.0,946.1,935.35,943.55,217166.0,50.93
2022-01-10,940.0,956.0,934.95,952.15,453512.0,33.46
2022-01-11,954.0,985.0,948.3,974.8,640620.0,27.57
2022-01-12,983.6,983.6,963.0,974.2,201156.0,29.37
2022-01-13,974.2,980.25,964.0,975.45,302741.0,53.46
2022-01-14,977.0,1018.0,968.0,986.85,1457453.0,16.69
2022-01-17,998.0,1009.2,986.0,1001.75,479224.0,25.33
2022-01-18,1007.0,1025.85,981.0,987.85,870391.0,22.78
2022-01-19,988.0,991.9,950.8,964.55,1298605.0,33.25
2022-01-20,964.0,964.0,940.55,948.05,1794379.0,37.94
2022-01-21,948.0,948.0,910.0,921.3,527085.0,50.43
2022-01-24,920.0,927.75,888.9,896.1,899243.0,54.01
2022-01-25,888.2,933.7,877.2,929.4,736229.0,50.19
2022-01-26,888.2,933.7,877.2,929.4,736229.0,50.19
2022-01-27,928.45,928.45,899.85,906.55,435590.0,53.73
2022-01-28,915.0,944.8,915.0,933.7,357392.0,33.04
2022-01-31,945.9,947.3,933.7,942.0,234218.0,47.06
2022-02-01,949.8,960.0,937.1,952.15,232623.0,33.56
2022-02-02,967.95,994.85,943.85,947.85,1896737.0,36.77
2022-02-03,950.0,952.6,922.2,926.6,359291.0,35.19
2022-02-04,930.0,932.15,915.05,922.5,337862.0,43.19
2022-02-07,915.4,925.9,905.0,910.0,191141.0,37.72
2022-02-08,914.55,918.15,898.75,907.85,252050.0,51.26
2022-02-09,904.05,935.0,904.05,932.2,248726.0,38.7
2022-02-10,932.3,942.25,919.45,930.2,710697.0,63.34
2022-02-11,920.5,955.0,920.5,938.85,1073008.0,22.52
2022-02-14,921.55,966.25,919.0,953.65,2047449.0,50.26
2022-02-15,966.0,966.0,939.1,951.3,832141.0,31.95
2022-02-16,960.9,960.9,942.3,957.55,1192259.0,75.85
2022-02-17,965.0,992.0,956.55,985.2,1504969.0,37.61
2022-02-18,983.0,1003.0,971.2,974.8,1473610.0,28.6
2022-02-21,966.5,979.45,955.25,970.65,330919.0,19.6
2022-02-22,931.3,961.45,931.3,950.25,583726.0,36.41
2022-02-23,963.0,974.95,952.55,965.5,323259.0,41.16
2022-02-24,937.0,957.75,919.25,927.7,425308.0,38.43
2022-02-25,950.0,963.9,934.0,959.6,491736.0,50.09
2022-02-28,953.0,959.55,936.2,957.25,199733.0,39.64
2022-03-01,953.0,959.55,936.2,957.25,199733.0,39.64
2022-03-02,950.95,969.9,945.15,963.25,389889.0,42.68
2022-03-03,985.0,985.0,948.45,951.0,270549.0,50.82
2022-03-04,942.0,967.0,938.05,949.7,667925.0,56.07
2022-03-07,942.25,964.8,909.15,942.55,405357.0,50.61
2022-03-08,947.0,952.45,925.1,945.45,325198.0,45.26
2022-03-09,947.9,1002.2,945.0,1000.35,1044481.0,58.09
2022-03-10,1010.35,1028.0,982.25,994.65,893014.0,33.43
2022-03-11,987.0,1008.0,981.3,995.65,424501.0,35.22
2022-03-14,996.0,1047.2,996.0,1031.35,1164727.0,20.81
2022-03-15,1038.25,1050.95,1021.95,1030.95,1164730.0,36.83
2022-03-16,1039.45,1047.1,1014.75,1026.5,526200.0,45.76
2022-03-17,1031.0,1042.2,1012.15,1023.3,769485.0,57.59
2022-03-18,1031.0,1042.2,1012.15,1023.3,769485.0,57.59
2022-03-21,1033.15,1076.85,1020.8,1054.0,1739686.0,23.21
2022-03-22,1059.3,1059.3,1031.15,1051.85,661241.0,40.37
2022-03-23,1064.4,1097.0,1050.0,1087.05,1118357.0,42.49
2022-03-24,1087.0,1111.75,1063.0,1094.0,2168244.0,34.56
2022-03-25,1099.8,1113.8,1080.05,1086.35,1117373.0,40.19
2022-03-28,1094.0,1119.0,1078.4,1109.4,1597873.0,39.76
2022-03-29,1114.95,1129.65,1096.85,1122.65,1020641.0,46.89
2022-03-30,1128.45,1132.55,1100.15,1107.8,1031415.0,58.67
2022-03-31,1107.5,1133.9,1084.0,1121.3,1307804.0,47.14
2022-04-01,1124.0,1143.0,1109.0,1136.7,572374.0,34.7
2022-04-04,1140.0,1149.85,1119.0,1128.25,713929.0,54.3
2022-04-05,1122.1,1143.75,1122.1,1126.85,674194.0,53.11
2022-04-06,1125.5,1132.6,1114.55,1119.25,528618.0,57.57
2022-04-07,1119.0,1126.4,1096.3,1112.9,740284.0,55.22
2022-04-08,1118.5,1134.85,1108.3,1130.9,487992.0,34.97
2022-04-11,1132.9,1162.0,1116.05,1121.85,1122004.0,26.72
2022-04-12,1120.0,1128.25,1085.05,1095.25,554348.0,50.66
2022-04-13,1099.9,1109.2,1083.2,1084.95,446415.0,62.02
2022-04-14,1099.9,1109.2,1083.2,1084.95,446415.0,62.02
2022-04-15,1099.9,1109.2,1083.2,1084.95,446415.0,62.02
2022-04-18,1071.0,1086.45,1060.65,1080.8,415943.0,46.14
2022-04-19,1091.7,1100.1,1061.0,1067.7,518913.0,63.42
2022-04-20,1070.0,1117.6,1053.35,1102.25,742189.0,34.57
2022-04-21,1109.95,1113.3,1078.65,1090.75,619016.0,52.94
2022-04-22,1086.0,1086.0,1054.8,1060.7,615091.0,68.37
2022-04-25,1025.0,1030.0,992.2,998.95,1328456.0,55.15
2022-04-26,1003.5,1025.6,999.05,1023.4,688687.0,54.21
2022-04-27,1018.0,1035.4,1008.15,1028.6,365432.0,47.82
2022-04-28,1030.0,1041.7,1025.9,1032.3,538063.0,54.32
2022-04-29,1041.6,1045.7,1025.0,1030.45,310154.0,53.5
2022-05-02,1011.0,1037.6,1011.0,1031.0,380054.0,57.0
2022-05-03,1011.0,1037.6,1011.0,1031.0,380054.0,57.0
2022-05-04,1031.0,1041.0,1010.4,1013.75,282149.0,45.04
2022-05-05,1015.0,1034.3,1013.75,1017.35,219580.0,29.34
2022-05-06,1005.0,1017.35,1000.0,1008.6,315938.0,48.06
2022-05-09,1008.6,1011.85,979.3,988.75,362497.0,59.36
2022-05-10,994.8,1000.35,978.6,981.25,212762.0,45.04
2022-05-11,981.45,1000.0,974.15,978.75,414179.0,35.2
2022-05-12,970.0,975.6,947.1,957.8,265926.0,34.26
2022-05-13,979.0,1008.95,965.7,1000.3,540269.0,54.49
2022-05-16,985.0,1011.5,970.7,992.5,437523.0,33.23
2022-05-17,996.05,1017.0,992.0,1008.1,421716.0,47.7
2022-05-18,1013.35,1028.0,994.95,1001.35,420323.0,38.02
2022-05-19,988.0,1023.5,982.2,991.45,549408.0,28.13
2022-05-20,1015.0,1020.0,992.9,1008.7,698976.0,62.19
2022-05-23,1009.0,1033.0,1008.95,1014.7,763680.0,43.86
2022-05-24,1012.0,1023.3,1000.7,1015.85,169418.0,19.44
2022-05-25,1025.0,1026.0,1001.85,1011.6,333619.0,41.53
2022-05-26,1002.0,1032.0,991.25,1028.25,318489.0,26.04
2022-05-27,1004.95,1026.05,967.05,1015.25,1459108.0,28.41
2022-05-30,1028.05,1051.95,1016.15,1030.4,776721.0,32.92
2022-05-31,1028.0,1037.7,1015.2,1025.95,381120.0,50.84
2022-06-01,1026.0,1033.9,1006.0,1026.25,372917.0,44.79
2022-06-02,1026.6,1032.0,1017.3,1025.55,291248.0,56.74
2022-06-03,1030.0,1038.75,1005.6,1009.7,378985.0,40.79
2022-06-06,1014.15,1016.0,990.85,1011.45,235955.0,21.74
2022-06-07,1013.2,1014.5,999.8,1010.2,154031.0,26.39
2022-06-08,1014.6,1019.25,1002.0,1010.95,122402.0,30.89
2022-06-09,1009.9,1025.0,1004.0,1020.15,172460.0,40.88
2022-06-10,1003.0,1014.45,996.45,1008.45,169367.0,27.42
2022-06-13,1005.0,1013.55,992.2,1003.3,335373.0,34.74
2022-06-14,998.0,1022.65,995.2,1008.85,276057.0,46.35
2022-06-15,1011.9,1016.0,991.2,999.2,480528.0,62.2
2022-06-16,1003.5,1005.95,966.8,975.5,465459.0,47.15
2022-06-17,972.3,984.2,963.15,974.75,310344.0,56.75
2022-06-20,970.1,977.0,950.85,961.0,323357.0,36.89
2022-06-21,967.0,975.5,957.65,964.2,301832.0,50.5
2022-06-22,964.2,979.6,958.4,963.8,412002.0,31.58
2022-06-23,965.0,991.0,954.35,985.55,301240.0,38.46
2022-06-24,986.05,1004.9,986.05,996.55,173243.0,36.27
2022-06-27,1001.5,1029.0,1000.9,1007.35,292975.0,30.86
2022-06-28,1001.65,1006.05,993.0,1001.15,320171.0,55.07
2022-06-29,996.0,1028.0,989.0,1022.1,775732.0,57.92
2022-06-30,1025.95,1036.3,1014.15,1024.2,395286.0,20.98
2022-07-01,1016.0,1030.2,1014.0,1026.1,149758.0,24.38
2022-07-04,1028.0,1058.85,1027.1,1052.15,454505.0,39.65
2022-07-05,1054.8,1081.7,1048.0,1070.1,512099.0,45.07
2022-07-06,1069.95,1116.85,1064.25,1103.85,1140872.0,46.4
2022-07-07,1103.85,1136.0,1102.3,1130.25,785823.0,51.53
2022-07-08,1133.0,1148.7,1108.05,1118.3,576555.0,24.71
2022-07-11,1121.9,1133.0,1103.0,1111.25,421468.0,39.53
2022-07-12,1100.05,1116.65,1085.75,1093.2,208348.0,19.78
2022-07-13,1093.0,1102.55,1084.6,1087.15,97071.0,25.78
2022-07-14,1087.15,1101.25,1084.45,1089.85,142589.0,30.44
2022-07-15,1092.75,1129.75,1085.25,1127.95,535193.0,34.47
2022-07-18,1141.05,1181.95,1132.1,1153.6,1187316.0,30.23
2022-07-19,1157.0,1168.0,1138.35,1150.25,597846.0,42.72
2022-07-20,1165.25,1184.65,1154.15,1159.1,840829.0,34.05
2022-07-21,1155.3,1225.0,1154.05,1220.9,1189647.0,28.83
2022-07-22,1225.0,1225.9,1190.05,1199.7,794692.0,52.48
2022-07-25,1203.75,1217.85,1183.0,1186.85,806178.0,53.33
2022-07-26,1192.8,1203.95,1171.8,1181.45,665554.0,50.74
2022-07-27,1186.55,1204.4,1177.9,1185.5,788032.0,49.48
2022-07-28,1190.1,1212.55,1182.65,1208.65,879886.0,55.69
2022-07-29,1225.9,1244.2,1216.45,1226.85,978782.0,50.81
2022-08-01,1233.0,1256.3,1220.0,1222.85,623028.0,62.34
2022-08-02,1221.8,1223.6,1191.15,1198.3,418124.0,42.76
2022-08-03,1200.0,1213.2,1173.0,1181.05,1421116.0,62.02
2022-08-04,1185.0,1192.4,1156.05,1178.15,418185.0,38.55
2022-08-05,1176.0,1193.5,1168.05,1172.4,308759.0,34.31
2022-08-10,1196.3,1226.95,1103.8,1167.25,2244675.0,28.28
2022-08-11,1175.0,1248.6,1160.0,1237.6,1889729.0,30.39
2022-08-12,1240.35,1289.4,1238.75,1249.75,1482543.0,31.69
2022-08-15,1240.35,1289.4,1238.75,1249.75,1482543.0,31.69
2022-08-16,1250.0,1271.65,1249.75,1261.85,363270.0,39.78
2022-08-17,1268.2,1272.65,1242.25,1246.75,557068.0,51.04
2022-08-18,1245.0,1268.7,1224.15,1247.05,550201.0,51.93
2022-08-19,1242.0,1260.25,1206.0,1224.4,453180.0,28.86
2022-08-22,1224.5,1227.95,1195.75,1201.75,679686.0,53.01
2022-08-23,1194.0,1224.95,1186.05,1199.85,1023358.0,62.84
2022-08-24,1202.0,1214.7,1158.4,1199.25,684900.0,55.01
2022-08-25,1213.15,1226.45,1191.35,1198.45,858503.0,46.33
2022-08-26,1204.75,1222.0,1200.0,1206.5,322555.0,41.9
2022-08-29,1170.0,1206.0,1169.95,1183.6,655197.0,68.12
2022-08-30,1190.0,1200.25,1186.1,1192.6,1089848.0,73.11
2022-08-31,1190.0,1200.25,1186.1,1192.6,1089848.0,73.11
2022-09-01,1196.2,1236.7,1190.0,1222.5,825029.0,40.41
2022-09-02,1231.7,1236.0,1197.8,1201.6,395426.0,48.78
2022-09-05,1201.6,1218.0,1190.15,1211.45,332428.0,47.19
2022-09-06,1217.55,1226.0,1212.05,1222.15,429296.0,58.16
2022-09-07,1222.15,1250.0,1220.05,1226.3,1371395.0,41.3
2022-09-08,1233.65,1255.6,1222.7,1233.35,767969.0,46.8
2022-09-09,1240.0,1247.45,1209.6,1219.9,376617.0,41.05
2022-09-12,1215.0,1233.15,1214.0,1220.95,258428.0,45.95
2022-09-13,1223.35,1248.05,1223.2,1237.45,674888.0,54.49
2022-09-14,1220.1,1242.95,1215.45,1230.9,353324.0,38.16
2022-09-15,1232.05,1253.0,1217.55,1248.3,432408.0,44.47
2022-09-16,1248.3,1259.9,1182.85,1191.4,1452065.0,55.48
2022-09-19,1191.4,1213.1,1175.45,1202.05,452318.0,41.08
2022-09-20,1208.8,1253.8,1202.1,1233.55,903140.0,48.94
2022-09-21,1235.85,1283.45,1232.0,1253.5,1689177.0,36.06
2022-09-22,1248.5,1267.95,1224.6,1254.4,759472.0,27.47
2022-09-23,1257.5,1260.0,1215.0,1219.0,596214.0,42.77
2022-09-26,1198.0,1205.2,1162.5,1191.8,590593.0,41.83
2022-09-27,1189.0,1203.85,1171.85,1189.45,424561.0,37.88
2022-09-28,1179.45,1190.0,1175.0,1177.4,344391.0,52.11
2022-09-29,1183.3,1203.55,1159.0,1181.25,484280.0,46.85
2022-09-30,1170.0,1199.95,1150.0,1195.85,456403.0,33.83
2022-10-03,1190.0,1199.95,1170.0,1183.15,461834.0,52.74
2022-10-04,1206.0,1233.95,1200.1,1215.9,586517.0,51.86
2022-10-05,1206.0,1233.95,1200.1,1215.9,586517.0,51.86
2022-10-06,1216.8,1240.5,1216.8,1229.1,444453.0,57.45
2022-10-07,1229.1,1241.3,1205.45,1238.75,711813.0,68.21
2022-10-10,1214.0,1249.4,1186.0,1224.7,724263.0,47.37
2022-10-11,1230.0,1234.75,1190.9,1200.3,245949.0,41.87
2022-10-12,1206.35,1217.45,1196.8,1207.9,500287.0,60.88
2022-10-13,1208.1,1219.4,1182.05,1189.2,195280.0,36.15
2022-10-14,1200.0,1229.0,1178.65,1185.65,185612.0,37.42
2022-10-17,1177.8,1202.35,1177.8,1185.9,206062.0,42.73
2022-10-18,1189.0,1222.25,1189.0,1210.4,296193.0,40.92
2022-10-19,1213.6,1225.0,1211.15,1216.95,363280.0,69.61
2022-10-20,1213.0,1220.0,1182.05,1210.75,143761.0,40.52
2022-10-21,1211.0,1231.15,1198.2,1209.7,256017.0,26.79
2022-10-24,1212.55,1219.95,1187.75,1203.75,44334.0,17.67
2022-10-25,1196.15,1230.95,1185.1,1224.7,292659.0,36.56
2022-10-26,1196.15,1230.95,1185.1,1224.7,292659.0,36.56
2022-10-27,1226.2,1267.0,1225.0,1249.9,1169791.0,63.42
2022-10-28,1256.25,1297.4,1253.2,1292.7,1089188.0,22.12
2022-10-31,1300.7,1351.95,1300.0,1347.9,1622116.0,31.47
2022-11-01,1348.0,1372.8,1334.0,1348.2,926233.0,37.93
2022-11-02,1350.0,1365.45,1328.65,1336.05,627644.0,54.55
2022-11-03,1329.0,1335.65,1316.5,1330.9,408654.0,37.4
2022-11-04,1336.25,1349.9,1321.6,1331.9,485053.0,49.34
2022-11-07,1350.0,1380.0,1306.15,1335.15,754875.0,26.17
2022-11-08,1350.0,1380.0,1306.15,1335.15,754875.0,26.17
2022-11-09,1330.0,1369.0,1330.0,1350.8,1189937.0,45.6
2022-11-10,1355.15,1368.65,1329.6,1340.8,816087.0,55.41
2022-11-11,1351.0,1358.8,1318.0,1347.85,763460.0,59.97
2022-11-14,1354.6,1364.0,1331.55,1347.2,648024.0,53.02
2022-11-15,1353.95,1374.95,1333.05,1372.75,1085541.0,36.54
2022-11-16,1378.5,1391.8,1360.0,1366.7,1447516.0,50.75
2022-11-17,1361.0,1391.75,1353.15,1380.75,956978.0,49.39
2022-11-18,1374.1,1392.9,1345.7,1349.85,881986.0,55.93
2022-11-21,1355.0,1356.5,1318.0,1322.1,603719.0,66.84
2022-11-22,1328.75,1346.2,1322.3,1330.05,683891.0,60.24
2022-11-23,1334.15,1359.0,1334.15,1353.5,868985.0,64.54
2022-11-24,1359.1,1380.35,1351.7,1377.55,588224.0,50.22
2022-11-25,1380.25,1391.35,1373.0,1379.25,550007.0,61.98
2022-11-28,1375.0,1409.25,1366.8,1390.4,588237.0,43.19
2022-11-29,1392.3,1395.0,1367.95,1371.6,410380.0,63.15
2022-11-30,1376.2,1420.0,1376.2,1413.5,835344.0,60.38
2022-12-01,1422.75,1439.8,1405.35,1437.85,1054284.0,56.54
2022-12-02,1426.7,1444.5,1426.7,1442.1,418013.0,47.13
2022-12-05,1445.0,1455.0,1428.3,1445.0,474730.0,46.65
2022-12-06,1446.4,1455.55,1440.3,1449.05,523685.0,61.51
2022-12-07,1449.15,1467.0,1439.4,1460.75,550453.0,62.2
2022-12-08,1466.0,1475.0,1444.7,1469.0,480794.0,58.36
2022-12-09,1483.0,1552.0,1473.2,1523.0,3239055.0,38.13
2022-12-12,1517.95,1518.05,1466.05,1482.0,619176.0,32.01
2022-12-13,1488.0,1503.95,1480.0,1493.55,656285.0,55.59
2022-12-14,1501.05,1501.05,1471.1,1494.65,453988.0,43.41
2022-12-15,1490.0,1493.75,1443.55,1447.35,537409.0,47.67
2022-12-16,1441.1,1453.65,1419.05,1424.8,570002.0,60.91
2022-12-19,1434.95,1469.0,1411.4,1463.5,400752.0,36.52
2022-12-20,1450.25,1492.95,1450.25,1489.8,583277.0,39.38
2022-12-21,1493.95,1501.5,1446.65,1455.0,421917.0,40.61
2022-12-22,1467.25,1475.05,1427.05,1450.15,599231.0,42.31
2022-12-23,1438.5,1453.45,1376.1,1388.05,627352.0,41.46
2022-12-26,1365.0,1406.65,1362.55,1380.95,393400.0,42.35
2022-12-27,1392.5,1398.35,1363.4,1373.05,408515.0,51.83
2022-12-28,1379.1,1393.55,1350.05,1388.1,519130.0,54.35
2022-12-29,1389.95,1423.05,1373.4,1397.35,536715.0,53.51
2022-12-30,1395.0,1407.95,1370.0,1380.4,280357.0,42.32
2023-01-02,1380.35,1394.65,1360.0,1385.65,458030.0,45.73
2023-01-03,1392.6,1406.05,1385.65,1395.85,362952.0,38.69
2023-01-04,1400.5,1423.95,1379.0,1392.85,620292.0,48.99
2023-01-05,1393.05,1425.0,1393.05,1413.6,472768.0,49.14
2023-01-06,1417.95,1434.4,1411.85,1431.35,392767.0,43.0
2023-01-09,1443.25,1459.9,1438.05,1453.5,284204.0,40.26
2023-01-10,1457.0,1464.25,1440.15,1448.75,303676.0,56.44
2023-01-11,1450.0,1461.0,1441.55,1449.15,283386.0,56.63
2023-01-12,1455.95,1491.7,1455.0,1480.8,670911.0,31.73
2023-01-13,1488.25,1492.35,1456.65,1462.75,331675.0,37.02
2023-01-16,1467.0,1470.8,1448.0,1453.65,142151.0,32.53
2023-01-17,1453.0,1495.0,1448.05,1483.2,467862.0,45.56
2023-01-18,1495.0,1518.0,1482.1,1487.95,866712.0,33.83
2023-01-19,1488.0,1488.0,1450.0,1459.15,616100.0,66.02
2023-01-20,1457.0,1465.85,1440.1,1447.25,514524.0,72.42
2023-01-23,1447.55,1456.9,1422.1,1427.05,462438.0,62.09
2023-01-24,1430.5,1441.85,1404.75,1409.1,447318.0,61.59
2023-01-25,1404.0,1414.6,1377.25,1384.0,302117.0,45.09
2023-01-26,1404.0,1414.6,1377.25,1384.0,302117.0,45.09
2023-01-27,1388.45,1392.05,1358.4,1382.15,344156.0,45.42
2023-01-30,1384.0,1408.0,1373.4,1390.2,617437.0,47.54
2023-01-31,1392.65,1442.3,1392.65,1435.8,770920.0,60.02
2023-02-01,1453.0,1467.9,1405.2,1426.5,508254.0,47.33
2023-02-02,1425.0,1466.0,1418.45,1449.65,502153.0,53.86
2023-02-03,1454.0,1459.6,1417.85,1445.5,293421.0,42.81
2023-02-06,1442.0,1462.3,1425.0,1446.4,284958.0,42.62
2023-02-07,1451.5,1461.5,1432.9,1446.65,332075.0,43.29
2023-02-08,1454.0,1480.0,1444.6,1474.3,547138.0,37.07
2023-02-09,1540.0,1618.0,1539.95,1578.35,4534071.0,25.47
2023-02-10,1579.5,1610.0,1571.05,1600.8,1124334.0,23.15
2023-02-13,1608.85,1614.3,1582.0,1595.25,519389.0,24.21
2023-02-14,1595.15,1618.55,1585.0,1599.75,742894.0,44.37
2023-02-15,1596.95,1633.0,1592.05,1628.8,610762.0,44.86
2023-02-16,1639.9,1666.45,1625.0,1644.3,1233069.0,54.62
2023-02-17,1638.0,1646.85,1615.25,1618.7,717223.0,65.86
2023-02-20,1626.8,1626.8,1609.75,1614.0,365315.0,61.29
2023-02-21,1600.0,1609.0,1575.15,1578.35,765337.0,54.04
2023-02-22,1576.9,1588.95,1565.3,1579.35,778980.0,56.16
2023-02-23,1579.35,1602.55,1573.2,1596.65,761827.0,61.47
2023-02-24,1604.65,1615.65,1560.2,1571.2,688041.0,54.2
2023-02-27,1570.0,1585.0,1550.0,1568.35,446642.0,47.96
2023-02-28,1569.55,1589.25,1556.8,1570.1,640541.0,56.17
2023-03-01,1571.0,1610.95,1564.0,1602.5,651248.0,53.22
2023-03-02,1610.4,1610.4,1588.0,1595.95,466385.0,44.67
2023-03-03,1600.0,1607.45,1581.05,1599.75,431101.0,50.42
2023-03-06,1607.45,1642.0,1602.0,1629.35,737814.0,52.02
2023-03-07,1607.45,1642.0,1602.0,1629.35,737814.0,52.02
2023-03-08,1629.35,1677.95,1626.05,1669.0,1339514.0,41.8
2023-03-09,1675.05,1694.0,1662.5,1685.1,799916.0,45.7
2023-03-10,1673.95,1687.9,1643.95,1680.95,681029.0,52.73
2023-03-13,1685.0,1696.95,1650.0,1668.1,639231.0,44.72
2023-03-14,1676.95,1695.0,1657.05,1682.85,895074.0,50.77
2023-03-15,1706.95,1706.95,1680.45,1697.6,1146198.0,52.95
2023-03-16,1697.95,1699.9,1634.5,1657.7,655835.0,29.76
2023-03-17,1665.9,1696.45,1662.15,1679.15,756814.0,44.16
2023-03-20,1650.0,1671.9,1624.05,1652.8,488496.0,34.1
2023-03-21,1654.2,1662.15,1613.6,1635.25,688444.0,48.51
2023-03-22,1638.5,1645.15,1608.0,1612.6,368954.0,42.55
2023-03-23,1610.0,1654.0,1608.0,1630.5,713358.0,46.39
2023-03-24,1638.65,1640.95,1614.7,1622.15,371397.0,54.07
2023-03-27,1619.0,1625.0,1580.95,1585.55,560710.0,51.88
2023-03-28,1592.55,1615.75,1580.25,1612.25,300231.0,42.32
2023-03-29,1612.25,1647.0,1609.55,1639.85,493564.0,54.25
2023-03-30,1612.25,1647.0,1609.55,1639.85,493564.0,54.25
2023-03-31,1645.0,1657.8,1626.25,1629.6,559036.0,59.37
2023-04-03,1635.05,1640.45,1594.55,1605.25,444453.0,41.6
2023-04-04,1635.05,1640.45,1594.55,1605.25,444453.0,41.6
2023-04-05,1602.0,1605.2,1560.0,1568.55,824057.0,59.72
2023-04-06,1576.55,1585.15,1552.55,1578.05,746042.0,51.91
2023-04-07,1576.55,1585.15,1552.55,1578.05,746042.0,51.91
2023-04-10,1593.1,1595.9,1567.8,1579.2,578155.0,54.9
2023-04-11,1589.2,1593.6,1555.85,1577.4,831554.0,54.84
2023-04-12,1580.0,1603.2,1556.55,1559.5,941159.0,62.97
2023-04-13,1559.0,1569.8,1532.55,1548.7,647095.0,48.16
2023-04-14,1559.0,1569.8,1532.55,1548.7,647095.0,48.16
2023-04-17,1522.0,1540.0,1493.0,1498.65,1045243.0,66.12
2023-04-18,1501.0,1506.45,1481.0,1490.0,1235433.0,74.5
2023-04-19,1490.0,1509.95,1487.65,1501.05,510197.0,45.93
2023-04-20,1504.0,1564.0,1504.0,1559.9,1233088.0,26.47
2023-04-21,1560.0,1565.5,1539.5,1544.5,355147.0,42.79
2023-04-24,1544.5,1557.65,1536.8,1554.4,282687.0,38.48
2023-04-25,1554.4,1569.5,1545.0,1553.85,453954.0,51.32
2023-04-26,1553.85,1567.1,1546.0,1565.5,256650.0,51.0
2023-04-27,1570.0,1590.0,1563.9,1566.4,701384.0,39.07
2023-04-28,1579.0,1584.85,1562.65,1575.65,420097.0,59.87
2023-05-01,1579.0,1584.85,1562.65,1575.65,420097.0,59.87
2023-05-02,1576.1,1605.5,1569.15,1600.2,367587.0,44.44
2023-05-03,1612.95,1619.9,1580.0,1582.9,1042002.0,59.54
2023-05-04,1589.0,1612.95,1580.3,1607.0,747747.0,67.83
2023-05-05,1606.8,1614.15,1588.05,1595.9,434617.0,64.47
2023-05-08,1600.0,1628.5,1597.25,1618.0,769059.0,38.79
2023-05-09,1629.05,1634.0,1608.1,1622.15,519553.0,63.85
2023-05-10,1625.0,1655.55,1620.0,1640.35,670896.0,30.37
2023-05-11,1640.9,1649.3,1618.25,1627.8,394578.0,47.69
2023-05-12,1628.0,1644.0,1620.9,1638.05,326962.0,53.08
2023-05-15,1643.75,1656.0,1626.6,1649.05,273516.0,47.43
2023-05-16,1658.0,1666.0,1633.55,1649.2,483520.0,51.52
2023-05-17,1654.9,1657.85,1629.95,1647.45,406198.0,37.4
2023-05-18,1654.95,1680.0,1640.0,1644.05,594239.0,43.41
2023-05-19,1645.05,1646.25,1613.05,1639.7,348650.0,54.09
2023-05-22,1643.8,1670.95,1623.0,1666.55,370747.0,43.82
2023-05-23,1669.5,1705.0,1669.45,1684.7,643307.0,53.68
2023-05-24,1684.7,1714.9,1556.0,1595.3,2437287.0,35.62
2023-05-25,1575.0,1662.35,1565.0,1650.15,2501705.0,26.77
2023-05-26,1650.0,1740.0,1648.95,1735.05,2506445.0,26.93
2023-05-29,1755.8,1755.8,1730.0,1744.05,582128.0,36.13
2023-05-30,1740.0,1774.0,1733.0,1755.35,559849.0,38.09
2023-05-31,1755.0,1768.0,1735.7,1759.9,660502.0,50.61
2023-06-01,1760.0,1771.8,1745.0,1750.7,330554.0,45.39
2023-06-02,1751.1,1762.95,1738.5,1753.25,566594.0,68.67
2023-06-05,1755.0,1788.25,1754.95,1773.8,754132.0,52.87
2023-06-06,1776.3,1814.4,1770.8,1807.25,906087.0,72.42
2023-06-07,1811.05,1814.0,1790.15,1799.5,373808.0,53.01
2023-06-08,1794.5,1797.95,1758.0,1766.75,570269.0,51.11
2023-06-09,1778.2,1787.9,1766.55,1782.8,460201.0,54.2
2023-06-12,1785.0,1796.0,1771.2,1789.7,436279.0,54.86
2023-06-13,1795.9,1848.0,1786.0,1843.2,1192944.0,56.89
2023-06-14,1860.0,1867.0,1839.55,1855.35,690383.0,37.88
2023-06-15,1855.0,1855.0,1827.5,1830.25,581128.0,59.59
2023-06-16,1839.85,1863.25,1828.0,1843.3,589884.0,58.73
2023-06-19,1847.65,1892.75,1846.0,1876.15,720228.0,48.36
2023-06-20,1885.1,1904.0,1876.85,1899.5,643545.0,59.52
2023-06-21,1907.0,1908.0,1851.2,1857.8,605777.0,49.25
2023-06-22,1855.1,1862.0,1824.1,1844.4,283690.0,42.34
2023-06-23,1853.65,1855.5,1807.1,1846.7,648800.0,63.13
2023-06-26,1858.75,1877.9,1840.0,1870.85,392942.0,61.19
2023-06-27,1856.35,1890.0,1856.35,1882.8,470780.0,51.79
2023-06-28,1881.0,1929.0,1872.65,1911.0,608998.0,57.58
2023-06-29,1881.0,1929.0,1872.65,1911.0,608998.0,57.58
2023-06-30,1911.0,1952.0,1903.0,1943.1,1395387.0,64.09
2023-07-03,1947.0,1953.5,1885.1,1889.95,573480.0,51.55
2023-07-04,1894.5,1930.0,1851.75,1856.65,721898.0,44.25
2023-07-05,1865.0,1884.9,1852.7,1874.65,839386.0,57.71
2023-07-06,1887.6,1920.0,1869.0,1916.0,823919.0,49.2
2023-07-07,1915.95,1922.8,1893.0,1902.35,407591.0,54.79
2023-07-10,1904.0,1910.0,1886.6,1893.3,403084.0,66.33
2023-07-11,1895.95,1927.9,1879.15,1890.65,334485.0,37.32
2023-07-12,1900.0,1939.95,1894.8,1901.4,604091.0,26.01
2023-07-13,1904.3,1921.95,1880.0,1892.35,353278.0,53.25
2023-07-14,1901.0,1923.0,1892.65,1918.4,324663.0,37.98
2023-07-17,1922.0,1933.75,1896.55,1899.4,381853.0,58.6
2023-07-18,1904.15,1929.9,1896.9,1913.3,594389.0,59.24
2023-07-19,1928.25,1946.0,1908.05,1941.0,562127.0,43.27
2023-07-20,1945.9,1949.85,1896.35,1916.8,454525.0,40.19
2023-07-21,1916.8,1920.0,1863.05,1883.65,693371.0,52.76
2023-07-24,1885.9,1915.0,1883.0,1902.1,464889.0,53.22
2023-07-25,1922.0,1928.5,1903.35,1922.85,313510.0,53.13
2023-07-26,1914.0,1934.65,1902.05,1916.65,388480.0,50.02
2023-07-27,1917.0,1936.0,1912.3,1922.8,444377.0,52.02
2023-07-28,1922.8,1961.45,1909.05,1955.05,1210189.0,55.23
2023-07-31,1963.0,1974.0,1948.1,1968.15,526098.0,47.73
2023-08-01,1974.8,1980.15,1923.25,1927.25,789751.0,56.4
2023-08-02,1926.9,1926.9,1871.5,1899.8,868807.0,28.83
2023-08-03,1899.75,1915.65,1875.0,1881.05,763718.0,72.21
2023-08-04,1850.0,1903.85,1745.05,1796.1,3490486.0,43.87
2023-08-07,1781.0,1791.9,1742.0,1751.75,1287836.0,59.75
2023-08-08,1760.0,1764.0,1721.0,1733.6,1370375.0,68.29
2023-08-09,1735.0,1754.95,1725.0,1748.6,645904.0,40.55
2023-08-10,1748.0,1781.7,1735.25,1764.65,1420634.0,67.27
2023-08-11,1795.0,1804.4,1731.55,1738.6,2169143.0,61.88
2023-08-14,1733.6,1746.95,1701.0,1741.9,734195.0,54.84
2023-08-15,1733.6,1746.95,1701.0,1741.9,734195.0,54.84
2023-08-16,1739.7,1754.9,1715.0,1729.85,968798.0,45.07
2023-08-17,1737.0,1764.0,1731.6,1743.8,1013325.0,58.92
2023-08-18,1743.2,1749.05,1722.3,1731.0,642655.0,65.81
2023-08-21,1744.95,1758.5,1736.05,1752.1,589097.0,48.81
2023-08-22,1755.0,1760.0,1741.6,1753.2,479017.0,54.39
2023-08-23,1756.8,1760.75,1733.95,1737.7,1003686.0,73.55
2023-08-24,1755.95,1755.95,1713.0,1720.25,895467.0,61.6
2023-08-25,1718.05,1745.0,1707.0,1714.75,1216603.0,62.66
2023-08-28,1714.95,1741.95,1710.0,1717.9,1199396.0,38.33
2023-08-29,1725.05,1738.0,1715.2,1730.05,1144087.0,55.11
2023-08-30,1739.0,1747.0,1720.0,1731.35,1060606.0,67.8
2023-08-31,1734.7,1749.35,1690.0,1707.75,19211098.0,56.69
2023-09-01,1696.1,1711.0,1671.9,1706.0,881138.0,51.89
2023-09-04,1710.0,1746.75,1701.55,1725.95,772655.0,41.36
2023-09-05,1730.0,1742.4,1715.7,1720.15,555245.0,58.7
2023-09-06,1724.95,1750.5,1722.1,1746.3,653379.0,68.87
2023-09-07,1760.0,1765.0,1736.4,1739.65,611119.0,65.62
2023-09-08,1750.5,1762.8,1737.4,1755.35,1105103.0,67.86
2023-09-11,1770.0,1786.5,1761.8,1767.6,920278.0,54.51
2023-09-12,1771.0,1776.25,1708.0,1711.65,843063.0,63.64
2023-09-13,1711.1,1722.0,1689.1,1715.7,669374.0,63.99
2023-09-14,1738.5,1738.5,1710.3,1725.75,463243.0,58.94
2023-09-15,1734.65,1750.0,1720.25,1747.35,653183.0,58.53
2023-09-18,1753.0,1754.0,1715.7,1726.55,615598.0,60.42
2023-09-19,1753.0,1754.0,1715.7,1726.55,615598.0,60.42
2023-09-20,1712.3,1758.95,1707.9,1728.35,626655.0,51.36
2023-09-21,1720.0,1749.5,1719.2,1744.65,574260.0,65.62
2023-09-22,1756.85,1756.85,1717.6,1725.35,418784.0,63.65
2023-09-25,1729.9,1740.4,1677.0,1736.25,1275373.0,44.76
2023-09-26,1736.0,1744.05,1722.35,1729.15,540158.0,60.88
2023-09-27,1729.15,1734.2,1716.05,1731.6,341810.0,49.9
2023-09-28,1716.15,1730.0,1656.3,1668.55,981227.0,53.21
2023-09-29,1668.55,1709.5,1653.3,1696.3,831116.0,48.52
2023-10-02,1668.55,1709.5,1653.3,1696.3,831116.0,48.52
2023-10-03,1696.3,1704.85,1669.1,1678.65,544659.0,63.2
2023-10-04,1680.0,1709.8,1672.55,1695.45,659803.0,48.72
2023-10-05,1695.45,1703.8,1675.7,1690.9,357966.0,55.57
2023-10-06,1698.0,1710.0,1688.85,1704.45,347194.0,68.75
2023-10-09,1704.0,1706.0,1682.8,1699.25,279463.0,28.56
2023-10-10,1697.55,1713.0,1692.5,1707.1,415182.0,63.47
2023-10-11,1716.0,1757.8,1713.5,1751.6,711325.0,47.37
2023-10-12,1755.05,1758.9,1720.0,1730.0,357591.0,58.95
2023-10-13,1726.4,1727.9,1703.55,1715.15,554753.0,72.02
2023-10-16,1724.9,1732.9,1708.75,1717.15,550814.0,55.17
2023-10-17,1730.0,1730.0,1703.65,1713.1,387186.0,59.98
2023-10-18,1717.95,1728.8,1702.8,1721.7,406163.0,61.24
2023-10-19,1717.0,1717.0,1695.45,1706.55,287138.0,63.36
2023-10-20,1706.0,1706.0,1682.5,1692.6,332649.0,64.85
2023-10-23,1686.35,1711.2,1672.3,1698.95,723756.0,37.13
2023-10-24,1686.35,1711.2,1672.3,1698.95,723756.0,37.13
2023-10-25,1705.0,1722.25,1683.5,1700.15,364056.0,43.33
2023-10-26,1685.0,1692.75,1664.05,1680.3,694676.0,64.33
2023-10-27,1680.0,1711.6,1677.8,1689.1,360754.0,60.66
2023-10-30,1693.95,1697.8,1672.05,1676.45,579771.0,47.34
2023-10-31,1684.9,1689.0,1665.6,1676.55,459147.0,75.88
2023-11-01,1676.05,1681.3,1659.05,1674.3,250623.0,59.08
2023-11-02,1681.0,1710.0,1672.8,1705.2,255983.0,47.0
2023-11-03,1714.2,1720.0,1696.0,1712.05,283500.0,55.93
2023-11-06,1714.95,1739.0,1701.0,1724.75,551177.0,34.64
2023-11-07,1720.0,1729.95,1693.05,1699.1,475127.0,54.38
2023-11-08,1712.0,1798.9,1692.0,1767.2,2322242.0,54.27
2023-11-09,1773.0,1784.25,1744.0,1750.5,468929.0,52.54
2023-11-10,1750.5,1773.0,1731.45,1768.45,189259.0,35.4
2023-11-13,1775.0,1782.0,1748.5,1778.45,488247.0,44.11
2023-11-14,1775.0,1782.0,1748.5,1778.45,488247.0,44.11
2023-11-15,1785.0,1830.1,1780.0,1826.75,672912.0,49.16
2023-11-16,1824.95,1853.95,1822.35,1841.95,707768.0,62.98
2023-11-17,1842.2,1861.3,1826.45,1829.65,307038.0,57.83
2023-11-20,1829.65,1859.3,1816.85,1853.75,386973.0,40.87
2023-11-21,1863.0,1891.25,1860.3,1871.3,717092.0,58.64
2023-11-22,1862.0,1868.7,1834.25,1844.95,292692.0,55.0
2023-11-23,1858.0,1877.4,1847.4,1874.25,179167.0,46.7
2023-11-24,1875.0,1878.55,1850.8,1871.75,167850.0,28.04
2023-11-27,1875.0,1878.55,1850.8,1871.75,167850.0,28.04
2023-11-28,1878.0,1881.75,1852.85,1875.35,257084.0,57.74
2023-11-29,1881.0,1900.0,1863.0,1873.65,527029.0,61.22
2023-11-30,1873.65,1920.0,1865.1,1909.1,1324591.0,78.4
2023-12-01,1911.15,1929.0,1898.0,1920.2,326619.0,75.6
2023-12-04,1934.95,1959.9,1921.5,1953.9,668617.0,51.84
2023-12-05,1965.0,1987.75,1933.2,1960.15,356762.0,45.99
2023-12-06,1953.0,1978.75,1948.8,1955.8,263761.0,52.66
2023-12-07,1955.8,1960.0,1922.8,1956.9,321470.0,55.77
2023-12-08,1960.0,1967.2,1927.05,1949.35,253118.0,61.83
2023-12-11,1952.0,2010.0,1934.45,2001.2,562772.0,36.28
2023-12-12,2013.95,2019.4,1835.55,1928.7,1063056.0,38.22
2023-12-13,1940.0,1972.95,1910.7,1964.35,440298.0,40.18
2023-12-14,1971.0,1979.5,1935.0,1947.15,738402.0,70.75
2023-12-15,1950.9,1978.95,1919.0,1926.5,740405.0,67.25
2023-12-18,1944.7,1969.5,1930.0,1960.9,348422.0,45.86
2023-12-19,1980.0,1982.7,1954.05,1976.65,506932.0,69.94
2023-12-20,1980.0,2024.75,1892.6,1908.65,821439.0,42.79
2023-12-21,1900.25,1949.0,1888.3,1941.35,321468.0,41.57
2023-12-22,1947.55,2025.0,1927.5,2013.15,1057329.0,46.23
2023-12-25,1947.55,2025.0,1927.5,2013.15,1057329.0,46.23
2023-12-26,2013.15,2044.9,2004.15,2027.15,550809.0,37.67
2023-12-27,2024.95,2035.75,1974.35,1983.6,410225.0,55.99
2023-12-28,1990.0,2007.6,1933.5,1940.75,1136906.0,76.93
2023-12-29,1939.15,1978.0,1937.0,1963.95,373649.0,52.9
2024-01-01,1965.0,1974.4,1945.55,1957.95,231172.0,46.42
2024-01-02,1955.0,1965.55,1927.0,1960.85,383818.0,54.72
2024-01-03,1960.0,1977.25,1946.0,1971.95,170039.0,55.0
2024-01-04,1977.1,2007.1,1977.1,1992.7,232609.0,53.26
2024-01-05,2000.0,2018.0,1986.75,1998.4,240305.0,46.34
2024-01-08,2002.75,2011.95,1969.35,2004.3,443494.0,56.18
2024-01-09,2010.0,2066.85,2008.0,2025.9,684150.0,44.23
2024-01-10,2025.9,2054.75,2000.0,2046.15,464463.0,43.64
2024-01-11,2042.0,2066.45,2023.3,2035.7,459742.0,57.82
2024-01-12,2045.0,2054.8,2015.0,2047.45,488499.0,63.74
2024-01-15,2054.65,2099.0,2040.0,2045.75,1030582.0,44.53
2024-01-16,2049.9,2054.7,2004.1,2019.8,191012.0,44.16
2024-01-17,2000.0,2024.0,1978.2,2009.9,242049.0,55.64
2024-01-18,2002.0,2038.75,1948.0,2030.8,345585.0,38.86
2024-01-19,2032.0,2118.9,2031.3,2112.45,700438.0,59.73
2024-01-22,2114.0,2126.45,2073.8,2083.25,102973.0,24.35
2024-01-23,2089.8,2114.0,2085.1,2097.75,482656.0,55.98
2024-01-24,2085.0,2177.0,2042.05,2170.8,1066789.0,58.21
2024-01-25,2160.0,2191.0,2147.1,2161.9,434655.0,48.78
2024-01-26,2160.0,2191.0,2147.1,2161.9,434655.0,48.78
2024-01-29,2168.0,2290.75,2164.05,2255.15,1135151.0,46.23
2024-01-30,2268.95,2269.75,2208.25,2235.6,326292.0,45.56
2024-01-31,2231.1,2306.75,2190.05,2293.85,962485.0,59.64
2024-02-01,2300.0,2304.9,2220.25,2262.9,328995.0,44.92
2024-02-02,2255.0,2324.35,2236.55,2309.7,663252.0,48.92
2024-02-05,2311.0,2373.9,2291.05,2350.2,1055164.0,46.09
2024-02-06,2358.0,2414.95,2329.55,2401.85,646602.0,49.5
2024-02-07,2401.0,2421.85,2372.0,2400.2,572250.0,53.99
2024-02-08,2639.5,2648.8,2425.5,2585.25,4892636.0,23.86
2024-02-09,2599.85,2638.55,2546.65,2602.95,1543145.0,59.07
2024-02-12,2623.0,2623.0,2551.55,2567.55,1134382.0,38.25
2024-02-13,2567.95,2571.45,2506.15,2543.1,437422.0,53.73
2024-02-14,2522.0,2582.15,2520.05,2563.1,501042.0,60.8
2024-02-15,2589.8,2646.75,2569.35,2633.35,402747.0,48.5
2024-02-16,2640.0,2646.35,2592.7,2618.2,351624.0,55.71
2024-02-19,2630.0,2671.55,2601.7,2658.75,508687.0,32.54
2024-02-20,2671.0,2679.5,2622.05,2629.3,264511.0,47.57
2024-02-21,2617.95,2643.25,2591.2,2607.9,285288.0,59.65
2024-02-22,2604.65,2789.75,2595.0,2760.85,1179771.0,38.63
2024-02-23,2765.0,2828.0,2752.1,2810.95,951153.0,44.73
2024-02-26,2790.05,2828.0,2650.1,2733.55,1848049.0,18.51
2024-02-27,2717.0,2797.9,2716.2,2754.1,439505.0,35.77
2024-02-28,2760.0,2775.45,2700.0,2714.6,409541.0,48.06
2024-02-29,2710.0,2761.4,2659.6,2738.65,1010604.0,58.99
2024-03-01,2749.0,2763.35,2717.8,2726.15,431838.0,74.77
2024-03-04,2736.65,2809.0,2703.0,2782.9,932506.0,47.2
2024-03-05,2782.75,2798.95,2765.0,2774.75,278427.0,64.71
2024-03-06,2784.0,2796.5,2709.05,2784.3,292058.0,51.28
2024-03-07,2800.0,2827.0,2775.15,2787.0,479478.0,53.9
2024-03-08,2800.0,2827.0,2775.15,2787.0,479478.0,53.9
2024-03-11,2823.85,2891.95,2783.75,2795.85,1183246.0,35.09
2024-03-12,2795.85,2806.2,2746.9,2759.7,287216.0,47.4
2024-03-13,2760.0,2797.7,2652.0,2675.95,612537.0,54.65
2024-03-14,2663.4,2751.95,2657.75,2724.05,762079.0,61.71
2024-03-15,2723.95,2737.1,2678.5,2707.65,472475.0,64.19
2024-03-18,2705.8,2768.65,2664.75,2712.7,754044.0,31.68
2024-03-19,2713.0,2733.2,2668.1,2715.75,431587.0,61.3
2024-03-20,2715.0,2802.65,2710.7,2793.8,886440.0,48.59
2024-03-21,2835.0,2908.45,2817.1,2898.25,857294.0,45.21
2024-03-22,2907.0,2948.0,2872.55,2930.8,568710.0,30.91
2024-03-25,2907.0,2948.0,2872.55,2930.8,568710.0,30.91
2024-03-26,2938.95,2985.0,2918.25,2969.1,513559.0,49.0
2024-03-27,2988.0,3012.0,2947.2,2968.35,384326.0,45.66
2024-03-28,2986.45,3025.0,2939.15,3006.25,827120.0,60.95
2024-03-29,2986.45,3025.0,2939.15,3006.25,827120.0,60.95
2024-04-01,3025.0,3039.0,2980.1,3003.4,510013.0,37.48
2024-04-02,3028.0,3054.15,2987.75,3038.6,345280.0,49.99
2024-04-03,3017.95,3062.75,2971.85,3049.2,739575.0,61.98
2024-04-04,3050.0,3053.0,2995.15,3029.75,452822.0,56.65
2024-04-05,3011.0,3039.55,3003.05,3032.0,310015.0,61.12
2024-04-08,3044.85,3044.85,2922.55,2988.2,1111709.0,44.84
2024-04-09,2987.95,2994.35,2929.6,2938.35,285172.0,55.92
2024-04-10,2939.1,3007.7,2939.1,3000.95,547302.0,58.61
2024-04-11,2939.1,3007.7,2939.1,3000.95,547302.0,58.61
2024-04-12,3031.0,3099.0,3016.3,3060.2,751185.0,37.42
2024-04-15,3040.0,3078.3,3022.3,3042.6,433380.0,42.47
2024-04-16,3020.0,3133.2,3013.5,3120.65,562240.0,43.6
2024-04-17,3020.0,3133.2,3013.5,3120.65,562240.0,43.6
2024-04-18,3120.0,3161.15,3090.8,3124.05,654035.0,54.01
2024-04-19,3125.0,3125.0,3025.8,3038.25,402676.0,47.84
2024-04-22,3040.3,3145.0,3039.0,3128.1,365623.0,26.89
2024-04-23,3150.0,3188.0,3118.0,3159.15,316601.0,39.09
2024-04-24,3193.0,3262.8,3181.55,3244.3,663114.0,44.26
2024-04-25,3244.3,3270.0,3223.65,3233.4,339113.0,47.75
2024-04-26,3260.0,3267.0,3205.0,3240.85,238555.0,55.28
2024-04-29,3251.1,3336.25,3247.05,3305.75,527287.0,39.32
2024-04-30,3318.95,3326.45,3265.0,3275.45,526043.0,56.93
2024-05-01,3318.95,3326.45,3265.0,3275.45,526043.0,56.93
2024-05-02,3274.0,3332.5,3245.8,3304.2,361820.0,42.73
2024-05-03,3310.0,3478.4,3211.1,3406.85,1585260.0,17.99
2024-05-06,3432.15,3432.15,3361.75,3409.8,511877.0,46.74
2024-05-07,3402.0,3455.9,3322.5,3372.3,341624.0,35.73
2024-05-08,3376.1,3466.0,3350.0,3444.55,353585.0,40.87
2024-05-09,3446.1,3451.65,3384.4,3398.1,257217.0,47.75
2024-05-10,3397.85,3431.8,3385.05,3411.8,320278.0,41.95
2024-05-13,3432.0,3527.9,3403.65,3512.35,1427509.0,46.42
2024-05-14,3521.95,3579.5,3455.0,3571.7,415369.0,45.22
2024-05-15,3580.0,3704.0,3564.15,3683.2,1317014.0,57.07
2024-05-16,3691.5,3789.0,3652.45,3728.5,927635.0,47.43
2024-05-17,3762.0,3832.9,3724.35,3790.85,700512.0,44.95
2024-05-20,3816.0,3895.0,3800.05,3872.85,54773.0,31.22
2024-05-21,3877.0,3889.0,3735.4,3749.1,663444.0,50.07
2024-05-22,3787.95,3787.95,3682.5,3734.3,479447.0,50.68
2024-05-23,3764.8,3780.0,3714.35,3759.0,266131.0,52.96
2024-05-24,3768.0,3770.95,3704.0,3713.85,308558.0,57.29
2024-05-27,3732.5,3878.7,3704.7,3805.25,2514197.0,58.05
2024-05-28,3805.35,3849.0,3736.5,3832.3,527402.0,41.16
2024-05-29,3845.5,3859.9,3760.0,3834.65,1036254.0,52.19
2024-05-30,3885.05,3900.0,3587.4,3596.8,3481626.0,24.18
2024-05-31,3592.75,3595.0,3460.25,3551.3,2778125.0,52.01
2024-06-03,3650.0,3724.95,3615.95,3712.25,1219845.0,46.53
2024-06-04,3712.25,3720.0,3102.15,3245.9,1891496.0,48.04
2024-06-05,3259.0,3432.0,3160.0,3404.1,1250711.0,47.83
2024-06-06,3454.55,3569.0,3412.2,3505.3,1005234.0,54.86
2024-06-07,3480.2,3619.0,3480.2,3606.55,549839.0,41.71
2024-06-10,3624.7,3640.0,3503.5,3544.05,1386803.0,37.45
2024-06-11,3544.3,3616.95,3544.3,3565.6,397111.0,57.02
2024-06-12,3570.65,3719.8,3567.0,3674.85,941192.0,47.32
2024-06-13,3734.55,3752.35,3683.65,3712.5,978790.0,65.6
2024-06-14,3727.8,3871.8,3717.0,3825.6,1397955.0,53.3
2024-06-17,3727.8,3871.8,3717.0,3825.6,1397955.0,53.3
2024-06-18,3849.95,3849.95,3735.0,3825.85,548966.0,50.32
2024-06-19,3860.0,3969.8,3760.0,3791.5,1769573.0,46.71
2024-06-20,3790.0,3874.9,3768.75,3857.0,610293.0,59.39
2024-06-21,3885.95,3938.95,3850.0,3899.95,908528.0,44.01
2024-06-24,3858.05,4100.0,3815.3,4042.5,2042932.0,32.06
2024-06-25,4089.95,4171.9,3965.7,4006.8,1214055.0,40.59
2024-06-26,4029.0,4041.7,3979.4,3999.3,520613.0,56.0
2024-06-27,3977.4,4154.35,3945.35,4104.15,2074872.0,68.91
2024-06-28,4103.6,4103.6,3954.3,3966.85,651880.0,51.6
2024-07-01,3960.05,4005.0,3912.65,3985.8,471217.0,52.89
2024-07-02,4003.0,4048.05,3885.25,3936.05,650017.0,55.3
2024-07-03,3950.0,3978.0,3910.0,3957.95,401559.0,52.86
2024-07-04,3973.95,4114.95,3951.35,4064.3,1127996.0,40.87
2024-07-05,4094.0,4149.9,4045.35,4134.0,574786.0,49.53
2024-07-08,4144.0,4154.0,3960.8,4000.85,937986.0,38.85
2024-07-09,3983.2,4050.0,3968.35,3985.8,432053.0,60.56
2024-07-10,3999.0,4040.0,3925.8,4032.75,333049.0,43.12
2024-07-11,4032.75,4056.8,3975.05,3996.3,278392.0,52.26
2024-07-12,3990.0,3998.0,3942.2,3954.05,669534.0,76.89
2024-07-15,3970.0,3985.0,3865.35,3890.8,898925.0,61.54
2024-07-16,3949.0,3949.0,3858.0,3869.1,377594.0,66.53
2024-07-17,3949.0,3949.0,3858.0,3869.1,377594.0,66.53
2024-07-18,3854.0,3860.0,3760.0,3796.85,826073.0,70.33
2024-07-19,3796.85,3833.95,3549.6,3559.45,1375041.0,54.18
2024-07-22,3545.0,3668.75,3501.4,3611.7,1311522.0,54.07
2024-07-23,3650.0,3690.9,3407.05,3576.85,894196.0,47.36
2024-07-24,3576.85,3658.95,3500.0,3541.35,833741.0,66.06
2024-07-25,3478.25,3649.0,3452.05,3610.7,1111742.0,51.05
2024-07-26,3629.0,3744.9,3624.05,3718.15,550113.0,44.71
2024-07-29,3730.0,3807.25,3696.0,3777.0,667727.0,46.86
2024-07-30,3780.0,3832.05,3757.95,3807.45,322462.0,44.32
2024-07-31,3817.75,3867.95,3802.25,3852.35,386818.0,56.17
2024-08-01,3850.0,3864.95,3790.15,3815.0,337985.0,55.0
2024-08-02,3699.7,3702.4,3471.6,3510.85,4800901.0,51.62
2024-08-05,3431.6,3525.0,3359.05,3497.9,1442742.0,44.28
2024-08-06,3510.7,3596.55,3501.0,3522.1,1367913.0,39.96
2024-08-07,3564.0,3815.8,3452.0,3748.55,3498089.0,32.11
2024-08-08,3700.0,3767.5,3663.0,3728.5,993412.0,47.75
2024-08-09,3759.55,3824.0,3701.15,3715.1,644934.0,39.48
2024-08-12,3685.0,3776.55,3650.05,3753.6,716376.0,45.83
2024-08-13,3735.15,3754.55,3660.35,3705.2,417701.0,46.41
2024-08-14,3725.0,3736.8,3662.6,3724.45,432049.0,51.83
2024-08-15,3725.0,3736.8,3662.6,3724.45,432049.0,51.83
2024-08-16,3730.0,3770.3,3683.55,3761.4,419710.0,52.44
2024-08-19,3781.0,3804.5,3720.0,3754.85,562243.0,29.47
2024-08-20,3780.0,3844.0,3724.7,3829.55,545141.0,58.61
2024-08-21,3844.95,3860.95,3800.4,3833.35,522503.0,50.98
2024-08-22,3839.0,3843.2,3802.2,3815.7,181744.0,51.78
2024-08-23,3815.0,3852.7,3780.0,3821.95,355889.0,53.96
2024-08-26,3850.0,3929.0,3821.25,3860.45,812751.0,41.86
2024-08-27,3854.95,3858.0,3752.8,3768.6,704348.0,63.8
2024-08-28,3780.0,3785.0,3723.2,3737.05,669653.0,64.66
2024-08-29,3737.0,3749.95,3691.05,3734.85,338528.0,46.98
2024-08-30,3735.0,3771.5,3721.15,3744.7,632373.0,70.49
2024-09-02,3769.9,3815.0,3744.7,3804.4,465810.0,49.39
2024-09-03,3838.9,3842.85,3814.5,3831.25,468471.0,69.94
2024-09-04,3800.0,3882.5,3796.2,3870.05,374494.0,59.78
2024-09-05,3872.0,3895.75,3810.65,3841.35,746864.0,32.15
2024-09-06,3840.0,3860.0,3752.1,3765.65,440240.0,62.64
2024-09-09,3765.0,3765.0,3661.25,3671.45,496595.0,48.36
2024-09-10,3716.6,3765.0,3677.7,3744.25,385377.0,59.7
2024-09-11,3746.0,3862.9,3746.0,3797.4,393675.0,43.58
2024-09-12,3825.0,3832.15,3750.0,3822.85,676639.0,66.23
2024-09-13,3848.0,3848.0,3768.85,3784.6,523385.0,61.05
2024-09-16,3810.0,3832.3,3775.2,3817.7,383239.0,46.38
2024-09-17,3780.05,3851.15,3780.05,3845.95,190892.0,46.5
2024-09-18,3849.0,3866.05,3742.8,3764.0,208050.0,33.05
2024-09-19,3800.0,3827.15,3610.6,3727.8,513980.0,51.07
2024-09-20,3738.95,3832.05,3677.8,3814.05,686932.0,54.53
2024-09-23,3824.95,3883.0,3797.9,3865.8,512848.0,41.51
2024-09-24,3863.65,3891.7,3838.15,3852.9,403762.0,60.16
2024-09-25,3862.0,3927.0,3743.55,3763.7,698850.0,31.83
2024-09-26,3764.0,3805.0,3730.0,3794.2,283237.0,39.43
2024-09-27,3794.25,3878.0,3780.25,3864.8,361709.0,50.58
2024-09-30,3864.15,3875.9,3761.0,3806.05,429408.0,55.41
2024-10-01,3820.0,3891.7,3794.05,3875.85,301686.0,45.64
2024-10-02,3820.0,3891.7,3794.05,3875.85,301686.0,45.64
2024-10-03,3869.95,3870.0,3662.8,3682.65,560379.0,52.24
2024-10-04,3683.8,3707.0,3607.9,3623.5,486955.0,43.51
2024-10-07,3580.35,3656.0,3526.0,3591.0,514843.0,33.49
2024-10-08,3600.0,3725.0,3591.2,3708.3,265947.0,42.49
2024-10-09,3724.35,3825.0,3705.6,3761.8,322648.0,44.87
2024-10-10,3765.0,3811.0,3747.05,3782.65,186298.0,44.56
2024-10-11,3700.0,3737.0,3565.0,3614.15,1851770.0,39.5
2024-10-14,3614.15,3686.0,3589.5,3667.8,613526.0,39.72
2024-10-15,3680.0,3709.0,3648.6,3669.05,272730.0,53.43
2024-10-16,3671.9,3846.1,3671.9,3798.4,1063163.0,35.51
2024-10-17,3835.0,3835.0,3682.1,3692.0,306393.0,42.34
2024-10-18,3687.05,3715.5,3640.0,3710.1,200159.0,43.46
2024-10-21,3711.75,3738.35,3568.85,3579.3,470459.0,26.7
2024-10-22,3579.3,3627.7,3528.0,3541.4,312283.0,42.06
2024-10-23,3541.4,3560.85,3393.1,3419.9,507633.0,48.57
2024-10-24,3440.0,3459.85,3355.55,3397.1,273625.0,38.51
2024-10-25,3397.1,3429.0,3311.2,3370.15,267615.0,40.19
2024-10-28,3370.15,3441.85,3328.1,3419.1,576259.0,50.31
2024-10-29,3424.9,3486.95,3384.0,3474.25,445323.0,47.96
2024-10-30,3471.0,3542.85,3448.05,3511.5,439545.0,52.63
2024-10-31,3542.65,3595.0,3461.55,3500.6,695092.0,56.84
2024-11-01,3530.0,3530.0,3486.95,3499.75,42900.0,37.8
2024-11-04,3514.95,3514.95,3443.95,3475.75,599036.0,50.17
2024-11-05,3489.85,3505.95,3405.05,3484.45,491406.0,50.87
2024-11-06,3401.0,3632.95,3401.0,3611.65,884916.0,42.58
2024-11-07,3639.5,3657.0,3536.3,3554.55,402270.0,36.27
2024-11-08,3600.95,3691.95,3478.5,3655.35,2259037.0,28.71
2024-11-11,3645.0,3645.0,3501.45,3601.95,837743.0,31.08
2024-11-12,3601.95,3643.5,3457.0,3480.35,743826.0,51.85
2024-11-13,3480.35,3495.9,3313.35,3326.05,789671.0,50.41
2024-11-14,3336.05,3379.0,3273.05,3329.8,709817.0,47.12
2024-11-18,3300.0,3368.0,3270.2,3352.55,897540.0,64.14
2024-11-19,3377.0,3406.25,3290.55,3301.25,427254.0,50.1
2024-11-20,3377.0,3406.25,3290.55,3301.25,427254.0,50.1
2024-11-21,3292.05,3310.0,3244.25,3282.25,509750.0,51.7
2024-11-22,3284.95,3339.0,3263.05,3319.4,847791.0,66.99
2024-11-25,3400.0,3549.0,3361.6,3535.85,977534.0,47.5
2024-11-26,3540.0,3556.4,3452.3,3463.2,337367.0,52.06
2024-11-27,3520.0,3520.0,3425.3,3500.7,367758.0,45.18
2024-11-28,3503.0,3513.7,3439.05,3481.25,343777.0,51.74
2024-11-29,3488.0,3514.0,3460.0,3483.7,431448.0,58.22
2024-12-02,3500.0,3500.0,3415.2,3430.0,559721.0,66.46
2024-12-03,3436.8,3547.95,3435.05,3512.3,685485.0,59.54
2024-12-04,3535.0,3578.85,3517.5,3545.3,484852.0,52.9
2024-12-05,3584.0,3584.0,3435.05,3456.7,554598.0,47.89
2024-12-06,3474.0,3497.85,3455.55,3465.0,250689.0,38.69
2024-12-09,3469.95,3518.0,3460.0,3509.15,185203.0,57.15
2024-12-10,3511.05,3547.6,3502.55,3526.2,241848.0,54.17
2024-12-11,3527.9,3647.8,3517.05,3604.5,554451.0,47.98
2024-12-12,3604.5,3644.2,3588.1,3611.6,342086.0,40.97
2024-12-13,3610.0,3629.95,3528.75,3599.9,280895.0,40.66
2024-12-16,3619.9,3682.0,3597.75,3671.4,385473.0,38.39
2024-12-17,3684.0,3691.0,3518.0,3543.95,456521.0,55.63
2024-12-18,3540.05,3551.45,3500.05,3526.3,324397.0,52.94
2024-12-19,3456.3,3480.0,3341.0,3357.65,863891.0,59.99
2024-12-20,3357.65,3407.25,3304.05,3312.9,639822.0,58.63
2024-12-23,3343.0,3398.95,3301.1,3360.3,273118.0,45.82
2024-12-24,3360.0,3396.9,3330.65,3377.2,309606.0,53.6
2024-12-25,3360.0,3396.9,3330.65,3377.2,309606.0,53.6
2024-12-26,3395.0,3400.0,3178.1,3364.25,2207146.0,50.12
2024-12-27,3347.45,3398.05,3289.0,3297.65,342055.0,48.59
2024-12-30,3274.7,3303.3,3201.0,3220.95,2494608.0,72.56
2024-12-31,3220.95,3308.0,3220.95,3274.0,540344.0,53.88
2025-01-01,3274.0,3274.0,3222.0,3230.5,254916.0,59.18
2025-01-02,3230.5,3274.0,3192.75,3257.45,924230.0,67.38
2025-01-03,3275.0,3299.0,3200.0,3216.9,720321.0,67.22
2025-01-06,3237.95,3239.95,3151.8,3176.2,956388.0,62.55
2025-01-07,3176.2,3227.95,3152.05,3164.5,554853.0,66.86
2025-01-08,3215.0,3215.0,3121.85,3163.9,448082.0,58.53
2025-01-09,3164.1,3172.7,3088.4,3108.5,762592.0,69.83
2025-01-10,3105.0,3113.45,2988.9,2999.45,632659.0,60.26
2025-01-13,2952.6,2988.6,2853.65,2873.35,597634.0,56.25
2025-01-14,2873.35,2950.0,2873.35,2940.95,331376.0,60.07
2025-01-15,2962.0,2964.95,2840.1,2888.3,677709.0,59.9
2025-01-16,2890.0,2939.2,2886.5,2924.95,585735.0,66.11
2025-01-17,2924.95,2959.95,2908.0,2935.25,226368.0,51.98
2025-01-20,2959.0,2959.0,2906.85,2943.3,227986.0,52.49
2025-01-21,2945.0,2973.0,2900.0,2903.8,403269.0,55.25
2025-01-22,2925.0,2925.0,2822.7,2883.75,619181.0,56.25
2025-01-23,2883.75,2937.0,2853.0,2889.05,256027.0,55.62
2025-01-24,2891.0,2904.7,2799.95,2804.05,269838.0,56.64
2025-01-27,2814.95,2819.8,2700.0,2775.2,454728.0,50.75
2025-01-28,2786.3,2812.65,2705.2,2739.6,622614.0,55.65
2025-01-29,2749.9,2866.2,2741.1,2848.9,537445.0,58.39
2025-01-30,2850.4,2875.45,2820.0,2852.95,428601.0,30.67
2025-01-31,2852.95,2943.0,2837.8,2914.05,415544.0,57.28
2025-02-03,2790.0,2793.5,2660.6,2700.7,1133967.0,57.12
2025-02-04,2710.5,2863.95,2705.15,2853.5,1731462.0,51.93
2025-02-05,2860.0,2973.0,2856.95,2921.15,1117642.0,49.7
2025-02-06,3067.0,3090.0,2924.15,2965.1,2266222.0,37.6
2025-02-07,2989.7,2989.7,2826.15,2871.9,1103565.0,37.38
2025-02-10,2876.4,2976.0,2870.0,2890.4,1127133.0,23.57
2025-02-11,2880.0,2884.0,2792.0,2836.3,813128.0,46.43
2025-02-12,2825.0,2830.25,2729.05,2810.9,460427.0,39.44
2025-02-13,2820.0,2870.8,2783.85,2801.3,398078.0,42.07
2025-02-14,2800.0,2804.9,2696.2,2734.8,420649.0,49.05
2025-02-17,2700.0,2733.2,2636.75,2721.45,507208.0,58.87
2025-02-18,2720.0,2724.75,2674.1,2717.0,661971.0,60.45
2025-02-19,2700.0,2730.6,2667.3,2690.3,908689.0,63.14
2025-02-20,2697.0,2824.45,2675.65,2818.6,438545.0,46.26
2025-02-21,2800.0,2860.3,2797.0,2836.15,627587.0,55.86
2025-02-24,2800.0,2840.0,2768.05,2832.7,305219.0,53.73
2025-02-25,2832.7,2846.05,2770.0,2788.15,379168.0,58.69
2025-02-27,2766.35,2820.9,2766.35,2811.15,496668.0,59.44
2025-02-28,2800.0,2805.0,2701.45,2717.95,826862.0,65.57
2025-03-03,2724.95,2836.6,2693.05,2824.8,697974.0,52.83
2025-03-04,2782.0,2876.15,2758.15,2861.1,614448.0,61.89
2025-03-05,2861.1,2910.0,2822.85,2903.95,541007.0,52.11
2025-03-06,2922.0,3050.0,2912.65,2973.1,1201264.0,54.42
2025-03-07,2983.7,2990.3,2891.6,2899.05,280406.0,49.64
2025-03-10,2893.0,2934.95,2842.55,2864.45,434718.0,61.75
2025-03-11,2842.0,2890.0,2808.95,2875.25,344048.0,57.42
2025-03-12,2875.25,2892.15,2781.0,2818.75,301503.0,45.2
2025-03-13,2819.75,2890.5,2808.95,2835.25,382212.0,53.93
2025-03-17,2831.0,2872.45,2817.1,2862.1,205971.0,48.77
2025-03-18,2884.0,2939.0,2870.0,2929.65,247269.0,46.86
2025-03-19,2939.05,3014.1,2930.3,3002.2,256853.0,47.9
2025-03-20,3025.2,3028.95,2948.0,2990.6,249139.0,49.98
2025-03-21,2990.0,3029.9,2924.0,2937.75,764045.0,66.12
2025-03-24,2945.0,3078.95,2945.0,3056.25,630555.0,39.95
2025-03-25,3080.0,3085.0,2946.55,2962.5,349961.0,52.46
2025-03-26,2974.0,3070.0,2950.55,3004.95,620642.0,45.92
2025-03-27,3004.95,3056.0,2976.8,3004.35,731950.0,51.48
2025-03-28,3019.0,3079.0,3001.15,3051.85,444898.0,43.71
2025-04-01,3052.6,3078.0,2993.5,3010.1,209326.0,36.01
2025-04-02,3011.7,3059.35,2966.0,3051.55,393120.0,52.13
2025-04-03,3006.25,3037.0,2965.25,3032.75,221736.0,37.83
2025-04-04,3020.0,3029.95,2832.0,2844.95,541390.0,52.6
2025-04-07,2580.0,2739.55,2580.0,2711.25,670595.0,59.54
2025-04-08,2833.2,2833.2,2738.05,2746.0,668259.0,60.64
2025-04-09,2738.0,2789.65,2690.0,2781.45,320068.0,54.36
2025-04-11,2800.0,2852.0,2752.1,2814.95,678895.0,53.61
2025-04-15,2900.0,2939.4,2851.0,2920.7,508807.0,66.1
2025-04-16,2935.0,2948.0,2887.0,2895.5,184784.0,38.78
2025-04-17,2890.0,2919.0,2831.6,2891.2,468043.0,50.08
2025-04-21,2891.2,2946.0,2891.2,2914.6,322569.0,54.58
2025-04-22,2915.0,2938.0,2871.5,2896.5,229160.0,45.06
2025-04-23,2900.0,2972.6,2860.0,2965.9,379894.0,44.39
2025-04-24,2965.9,2965.9,2891.5,2935.9,557806.0,46.07
2025-04-25,2938.0,2955.0,2798.1,2861.1,524622.0,49.28
2025-04-28,2850.0,2938.1,2850.0,2920.6,267267.0,56.58
2025-04-29,2901.2,2957.9,2885.0,2899.9,314864.0,52.57
2025-04-30,2899.9,2928.8,2870.9,2895.4,306927.0,65.84
2025-05-02,2899.0,2961.7,2880.0,2888.7,281167.0,41.43
2025-05-05,2899.9,2963.8,2890.1,2940.2,443632.0,56.24
2025-05-06,2820.0,2820.0,2711.0,2790.3,2160557.0,36.99
2025-05-07,2760.0,2862.5,2759.8,2843.5,681942.0,54.71
2025-05-08,2850.1,2850.1,2752.8,2770.7,581634.0,58.67
2025-05-09,2712.0,2765.0,2706.0,2736.3,630999.0,54.26
2025-05-12,2778.5,2884.0,2778.5,2862.9,583411.0,65.04
2025-05-13,2862.9,2909.4,2850.0,2879.4,356527.0,53.86
2025-05-14,2880.5,2920.0,2856.5,2872.0,362951.0,59.93
2025-05-15,2895.0,2954.4,2876.1,2949.2,669873.0,61.31
2025-05-16,2951.8,3043.0,2937.7,3035.6,514592.0,50.75
2025-05-19,3030.0,3063.6,2981.3,2994.1,758624.0,69.92
2025-05-20,3015.0,3024.3,2937.1,2949.7,794742.0,62.07
2025-05-21,2975.0,3008.0,2946.6,2980.9,622452.0,64.32
2025-05-22,2984.0,3018.9,2956.0,2977.5,562965.0,61.97
2025-05-23,2990.0,3009.2,2926.2,2940.4,504260.0,48.04
2025-05-26,2961.0,2973.2,2915.6,2944.6,338056.0,47.56
2025-05-27,2961.5,2985.6,2921.1,2973.9,500719.0,56.27
2025-05-28,2989.0,3023.4,2959.3,2976.1,691220.0,47.35
2025-05-29,3000.1,3207.7,3000.1,3169.4,4080348.0,32.23
2025-05-30,3189.0,3289.1,3185.2,3268.1,2900183.0,59.88
2025-06-02,3267.0,3325.0,3222.6,3319.3,1201170.0,63.88
2025-06-03,3324.0,3359.4,3297.2,3318.6,824615.0,66.04
2025-06-04,3321.0,3377.0,3319.0,3346.9,1022651.0,64.25
2025-06-05,3355.0,3380.0,3325.0,3349.2,483101.0,65.59
2025-06-06,3370.0,3408.3,3349.5,3384.1,563840.0,58.73
2025-06-09,3400.0,3419.5,3385.0,3411.8,165645.0,51.01
2025-06-10,3419.0,3419.0,3377.7,3388.7,258372.0,57.36
2025-06-11,3390.0,3403.3,3361.0,3373.3,297427.0,68.51
2025-06-12,3386.0,3390.0,3312.0,3322.5,385374.0,66.42
2025-06-13,3255.0,3323.0,3248.1,3310.0,359883.0,63.16
2025-06-16,3314.9,3347.9,3275.0,3307.6,433939.0,70.92
2025-06-17,3320.0,3339.4,3293.5,3316.5,667500.0,70.66
2025-06-18,3294.5,3312.3,3258.8,3277.8,402785.0,68.56
2025-06-19,3273.8,3312.0,3224.4,3237.3,409828.0,68.12
2025-06-20,3237.3,3306.9,3212.2,3271.5,619032.0,59.51
2025-06-23,3235.4,3272.9,3218.6,3260.9,220281.0,42.83
2025-06-24,3290.0,3339.0,3280.3,3311.8,391095.0,53.2
2025-06-25,3335.0,3338.0,3278.5,3318.9,265673.0,55.17
2025-06-26,3319.9,3393.0,3315.2,3364.6,835384.0,60.98
2025-06-27,3380.0,3430.0,3325.5,3337.2,1274146.0,75.43
2025-06-30,3377.4,3419.8,3360.2,3399.4,421940.0,52.93
2025-07-01,3428.0,3450.8,3338.8,3348.3,429888.0,47.63
2025-07-02,3358.0,3367.8,3312.4,3338.0,211985.0,60.1
2025-07-03,3343.0,3383.0,3318.3,3332.9,287404.0,50.51
2025-07-04,3332.9,3368.8,3317.6,3342.0,230777.0,54.8
2025-07-07,3350.4,3442.5,3330.3,3436.1,626858.0,60.55
2025-07-08,3455.0,3483.0,3414.0,3478.0,690654.0,57.51
2025-07-09,3495.0,3555.0,3478.9,3523.9,948964.0,65.14
2025-07-10,3545.0,3545.0,3503.2,3518.9,364230.0,65.48
2025-07-11,3519.0,3569.0,3496.0,3546.4,791838.0,74.2
2025-07-14,3567.0,3567.0,3465.0,3523.8,405403.0,54.9
2025-07-15,3532.0,3584.0,3501.0,3576.5,860744.0,81.02
2025-07-16,3590.0,3599.0,3552.2,3567.6,389532.0,68.41
2025-07-17,3579.9,3605.0,3547.6,3584.8,494777.0,62.87
2025-07-18,3559.0,3569.2,3511.0,3536.0,391491.0,65.1
2025-07-21,3536.1,3632.0,3515.0,3617.9,426607.0,56.67
2025-07-22,3628.0,3628.0,3555.6,3587.4,352113.0,61.06
2025-07-23,3588.4,3625.1,3548.1,3616.4,630663.0,71.01
2025-07-24,3616.4,3633.0,3555.0,3563.7,433746.0,67.33
2025-07-25,3563.1,3579.1,3520.0,3535.1,395036.0,69.96
2025-07-28,3535.9,3574.0,3481.5,3529.4,370703.0,60.58
2025-07-29,3514.7,3568.7,3514.7,3535.2,561592.0,70.99
2025-07-30,3539.0,3590.0,3488.3,3581.9,479098.0,65.48
2025-07-31,3525.0,3596.9,3502.0,3555.5,610344.0,43.17
2025-08-01,3559.9,3617.2,3539.5,3568.7,459708.0,55.08
2025-08-04,3568.7,3580.0,3510.1,3566.8,507506.0,62.34
2025-08-05,3566.0,3604.2,3494.2,3591.5,634486.0,52.48
2025-08-06,3638.0,3672.6,3599.8,3635.7,899245.0,56.68
2025-08-07,3634.2,3715.0,3572.9,3674.0,545750.0,54.19
2025-08-08,3780.0,3900.1,3658.0,3806.9,3620871.0,35.73
2025-08-11,3806.9,3822.4,3760.0,3792.3,658493.0,61.9
2025-08-12,3794.5,3808.5,3750.3,3759.9,566377.0,63.92
2025-08-13,3765.9,3824.0,3761.0,3792.1,557455.0,57.27
2025-08-14,3807.7,3823.0,3771.0,3784.5,373609.0,74.3
2025-08-18,3818.3,3850.7,3777.8,3783.4,442925.0,64.22
2025-08-19,3797.0,3797.0,3733.5,3752.0,433016.0,68.3
2025-08-20,3756.5,3836.0,3729.5,3818.4,559993.0,68.8
2025-08-21,3838.4,3900.0,3814.0,3886.3,702208.0,52.17
2025-08-22,3904.0,3932.0,3875.0,3916.0,558580.0,55.93
2025-08-25,3930.8,3930.8,3870.2,3880.5,307872.0,65.01
2025-08-26,3880.0,3881.1,3815.0,3836.5,464841.0,61.95
2025-08-28,3836.6,3857.0,3777.3,3835.2,678197.0,67.16
2025-08-29,3855.0,3903.9,3819.8,3826.2,430848.0,52.45
2025-09-01,3826.0,3907.1,3814.6,3880.1,322056.0,59.98
2025-09-02,3900.0,3911.9,3820.8,3826.4,426290.0,65.9
2025-09-03,3877.0,3899.0,3792.0,3885.2,495601.0,60.2
2025-09-04,3908.9,3959.5,3871.6,3935.6,554427.0,59.21
2025-09-05,3949.0,3974.4,3902.1,3936.8,273518.0,55.36
2025-09-08,3957.5,3993.5,3928.4,3966.6,353699.0,59.26
2025-09-09,3970.0,4028.8,3952.2,4012.0,680881.0,64.23
2025-09-10,4064.0,4095.0,4012.0,4021.3,600890.0,55.02
2025-09-11,4016.0,4058.9,3997.0,4039.7,438738.0,66.76
2025-09-12,4046.0,4057.3,4017.3,4030.4,362283.0,76.83
2025-09-15,4059.9,4079.0,4040.0,4050.8,339900.0,58.35
2025-09-16,4060.0,4118.7,4035.3,4111.0,485082.0,70.29
2025-09-17,4115.0,4140.0,4075.0,4125.4,362468.0,57.95
2025-09-18,4137.0,4168.7,4092.6,4101.0,258901.0,52.11
2025-09-19,4105.0,4122.0,4065.4,4080.4,421987.0,63.33
2025-09-22,4092.0,4114.5,3982.5,3990.1,274057.0,53.46
2025-09-23,3990.0,4027.7,3981.4,4005.2,203423.0,51.23
2025-09-24,4005.2,4027.5,3980.1,3988.9,160301.0,58.19
2025-09-25,3990.1,4044.9,3967.8,3976.9,209955.0,50.56
2025-09-26,3981.0,4006.0,3926.7,3947.6,245108.0,60.86
2025-09-29,3947.6,4010.3,3930.0,3994.2,355702.0,55.65
2025-09-30,4000.7,4000.7,3874.8,3926.5,669486.0,49.37
2025-10-01,3926.0,3936.0,3845.0,3849.0,331424.0,66.07
2025-10-03,3849.4,3950.7,3833.0,3932.7,432544.0,59.71
2025-10-06,3934.0,3967.2,3921.1,3943.0,289896.0,62.86
2025-10-07,3944.0,3980.0,3902.8,3967.4,186948.0,55.2
2025-10-08,3956.5,3964.6,3882.5,3912.5,255169.0,59.32
2025-10-09,3910.2,3979.0,3903.2,3957.2,189514.0,50.31
2025-10-10,3961.8,4030.0,3900.1,3966.0,532967.0,58.97
2025-10-13,3948.0,3970.0,3917.0,3957.0,217474.0,46.22
2025-10-14,3957.0,3974.2,3927.7,3945.2,132397.0,57.84
2025-10-15,3945.2,3992.0,3940.2,3957.4,136188.0,53.83
2025-10-16,3960.0,4007.5,3932.1,3940.6,299762.0,56.73
2025-10-17,3952.5,4019.0,3947.7,3974.9,249277.0,53.01
2025-10-20,3994.9,4033.6,3975.3,4006.4,447858.0,66.74
2025-10-21,4030.0,4030.0,3975.0,4000.9,19931.0,51.76
2025-10-22,4030.0,4030.0,3975.0,4000.9,19931.0,51.76
2025-10-23,4020.0,4100.0,4001.0,4073.9,656348.0,59.51
2025-10-24,4079.9,4205.6,4055.3,4183.2,953394.0,55.93
2025-10-27,4220.0,4324.0,4195.5,4311.5,784380.0,48.79
2025-10-28,4309.4,4328.7,4269.4,4285.6,579342.0,60.78
2025-10-29,4293.0,4366.2,4271.1,4357.9,410367.0,59.55
2025-10-30,4357.9,4398.4,4310.0,4384.2,444822.0,69.26
2025-10-31,4392.0,4399.7,4333.0,4344.1,677463.0,68.82
2025-11-03,4346.0,4402.9,4344.4,4379.7,599569.0,74.2
2025-11-04,4360.3,4362.4,4290.7,4316.8,379236.0,59.73
2025-11-05,4360.3,4362.4,4290.7,4316.8,379236.0,59.73
2025-11-06,4309.1,4364.8,4244.2,4316.1,693125.0,53.86
2025-11-07,4399.9,4495.0,4251.0,4291.8,1894670.0,31.13
2025-11-10,4300.1,4375.0,4256.7,4349.2,754664.0,61.07
2025-11-11,4349.1,4420.0,4290.9,4414.2,395014.0,50.05
2025-11-12,4420.0,4423.9,4370.0,4395.4,617858.0,70.3
2025-11-13,4367.5,4450.0,4350.0,4366.2,405072.0,55.08
2025-11-14,4363.3,4363.3,4263.0,4283.2,484468.0,67.06
2025-11-17,4289.9,4389.8,4287.9,4381.2,525370.0,60.72
2025-11-18,4381.7,4386.0,4245.0,4252.4,463826.0,65.91
2025-11-19,4260.0,4266.7,4183.3,4261.3,445363.0,42.98
2025-11-20,4290.0,4394.7,4278.0,4375.7,941176.0,51.01
2025-11-21,4375.7,4384.9,4315.6,4333.8,408438.0,68.97
2025-11-24,4349.8,4389.9,4278.9,4299.0,1095485.0,74.53
2025-11-25,4300.0,4336.5,4286.8,4311.3,311670.0,58.67
2025-11-26,4325.5,4420.0,4311.5,4408.2,393579.0,61.23
2025-11-27,4418.0,4463.8,4358.0,4449.4,797775.0,61.06
2025-11-28,4450.0,4518.6,4401.1,4479.3,764869.0,61.18
2025-12-01,4490.0,4553.2,4480.1,4544.2,421940.0,58.95
2025-12-02,4544.2,4574.0,4500.0,4514.5,448981.0,63.82
2025-12-03,4515.0,4527.0,4450.3,4514.1,410207.0,63.9
2025-12-04,4525.0,4552.5,4430.0,4459.3,339985.0,61.55
2025-12-05,4459.3,4491.3,4437.7,4468.9,560759.0,73.14
2025-12-08,4471.0,4535.0,4439.3,4467.0,451510.0,61.07
2025-12-09,4460.1,4496.0,4412.1,4479.1,405777.0,60.61
2025-12-10,4490.0,4568.9,4477.0,4535.7,520273.0,60.79
2025-12-11,4535.7,4588.3,4511.0,4531.9,485927.0,56.25
2025-12-12,4549.0,4615.0,4530.0,4600.2,465150.0,63.6
2025-12-15,4545.0,4598.5,4512.3,4539.9,326631.0,59.52
2025-12-16,4550.0,4551.5,4470.3,4494.3,286429.0,64.36
2025-12-17,4498.0,4532.9,4480.7,4512.7,259526.0,68.85
2025-12-18,4515.0,4515.0,4353.0,4385.4,518494.0,52.6
2025-12-19,4380.0,4426.6,4338.6,4410.4,507355.0,67.13
2025-12-22,4425.7,4532.9,4405.1,4519.9,306066.0,57.38
2025-12-23,4539.9,4541.4,4484.1,4503.2,282637.0,63.16
2025-12-24,4480.0,4537.2,4391.1,4417.4,259926.0,58.47
2025-12-25,4480.0,4537.2,4391.1,4417.4,259926.0,58.47
2025-12-26,4400.6,4433.6,4339.1,4346.4,388141.0,66.6
2025-12-29,4340.0,4453.3,4316.0,4402.2,477997.0,53.06
2025-12-30,4402.0,4471.3,4360.0,4389.9,2372971.0,72.86
2025-12-31,4365.0,4459.9,4365.0,4434.4,288657.0,60.31
2026-01-01,4439.0,4504.9,4420.3,4470.6,289174.0,57.39
2026-01-02,4484.0,4493.4,4441.1,4482.1,269527.0,65.47
2026-01-05,4488.0,4515.8,4286.2,4309.8,492433.0,49.91
2026-01-06,4309.8,4326.2,4117.0,4130.3,1031214.0,66.04
2026-01-07,4130.3,4173.0,4120.4,4147.9,778593.0,68.83
2026-01-08,4148.0,4235.0,4096.0,4118.0,1117650.0,63.46
2026-01-09,4120.1,4193.5,4100.4,4116.7,929594.0,69.69
2026-01-12,4032.3,4091.3,3893.0,3974.7,1559613.0,54.46
2026-01-13,3970.0,4008.5,3929.1,3977.8,693509.0,57.71
2026-01-14,3970.0,4038.4,3946.0,4029.2,853871.0,68.84
2026-01-15,3970.0,4038.4,3946.0,4029.2,853871.0,68.84
2026-01-16,3975.0,4076.4,3970.1,4062.0,404603.0,60.64
2026-01-19,4061.9,4061.9,4001.0,4031.3,341836.0,59.48
2026-01-20,4034.0,4062.0,4000.0,4020.9,440629.0,58.59
2026-01-21,4020.9,4034.2,3931.9,4000.7,385165.0,51.07
2026-01-22,4015.0,4079.8,3997.5,4067.8,454883.0,67.34
2026-01-23,4108.0,4108.0,3917.8,3930.4,441947.0,48.2
2026-01-26,4108.0,4108.0,3917.8,3930.4,441947.0,48.2
2026-01-27,3933.2,3974.9,3883.1,3928.3,473955.0,50.86
2026-01-28,3929.0,4037.3,3929.0,4024.0,494698.0,59.15
2026-01-29,4038.9,4069.9,3982.2,4045.8,680888.0,58.27
2026-01-30,4040.1,4125.0,4020.3,4112.5,718670.0,68.15
2026-02-02,4020.0,4102.1,3975.2,4092.3,498551.0,55.02
2026-02-03,4185.0,4368.0,4146.8,4165.8,689244.0,58.69
2026-02-04,4170.0,4231.0,4041.4,4202.3,415811.0,38.4
2026-02-05,4088.0,4418.0,4032.0,4391.4,1692136.0,27.43
2026-02-06,4319.1,4384.4,4231.7,4368.4,575249.0,42.23
2026-02-09,4371.8,4439.5,4368.4,4427.5,531637.0,59.26
2026-02-10,4416.1,4427.7,4328.4,4418.3,660042.0,58.73
2026-02-11,4418.0,4469.9,4349.6,4363.2,291346.0,42.88
2026-02-12,4384.0,4441.7,4342.6,4429.3,360796.0,50.61
2026-02-13,4425.0,4491.9,4395.2,4412.4,512643.0,45.65
2026-02-16,4412.4,4540.0,4378.2,4524.8,346855.0,42.59
2026-02-17,4548.1,4610.3,4495.7,4597.8,482521.0,57.4
2026-02-18,4610.0,4786.4,4604.1,4725.8,1146625.0,49.17
2026-02-19,4702.4,4765.0,4628.0,4646.0,455504.0,55.21
2026-02-20,4640.0,4774.8,4619.5,4733.9,779559.0,57.87
2026-02-23,4797.9,4900.0,4769.9,4884.3,1570603.0,53.28
2026-02-24,4860.0,4941.9,4830.2,4910.4,672139.0,57.67
2026-02-25,4930.0,4957.0,4872.7,4918.5,708623.0,64.68
2026-02-26,4944.0,4975.0,4916.3,4962.8,346327.0,56.92
2026-02-27,4982.0,4987.0,4869.0,4898.3,944558.0,71.73
2026-03-02,4753.0,4895.0,4753.0,4816.8,499980.0,57.49
2026-03-03,4753.0,4895.0,4753.0,4816.8,499980.0,57.49
2026-03-04,4661.1,4757.7,4563.5,4584.8,899617.0,60.35
2026-03-05,4629.0,4806.9,4620.0,4791.4,957444.0,64.4
2026-03-06,4791.4,4924.4,4755.6,4800.7,892005.0,60.51
2026-03-09,4740.0,4750.0,4621.8,4691.3,360922.0,52.45
2026-03-10,4780.0,4909.5,4655.2,4718.0,557032.0,62.75
2026-03-11,4718.0,4818.7,4613.6,4630.7,457625.0,51.78
2026-03-12,4626.0,4781.3,4518.0,4753.6,962205.0,53.56
2026-03-13,4710.0,4732.8,4621.5,4649.7,1324555.0,63.89
2026-03-16,4631.0,4691.5,4478.1,4589.7,1003879.0,53.39
2026-03-17,4633.0,4656.0,4565.0,4596.4,610452.0,55.78
2026-03-18,4599.9,4764.0,4597.1,4717.6,796065.0,59.59
2026-03-19,4660.0,4669.9,4486.7,4505.7,580101.0,53.51
2026-03-20,4526.0,4654.9,4525.0,4615.3,878443.0,64.09
2026-03-23,4581.0,4583.9,4394.0,4518.0,972428.0,54.68
2026-03-24,4525.0,4670.8,4525.0,4619.6,911230.0,57.54
2026-03-25,4635.0,4775.0,4635.0,4738.6,664695.0,52.31
2026-03-26,4635.0,4775.0,4635.0,4738.6,664695.0,52.31
2026-03-27,4730.6,4734.0,4570.0,4631.5,4040019.0,78.66
2026-03-30,4551.0,4649.7,4455.9,4500.1,1251680.0,55.68
2026-03-31,4551.0,4649.7,4455.9,4500.1,1251680.0,55.68
2026-04-01,4640.0,4670.2,4544.2,4609.1,598276.0,51.42
2026-04-02,4593.0,4670.0,4470.0,4646.5,674542.0,52.3
2026-04-03,4593.0,4670.0,4470.0,4646.5,674542.0,52.3
2026-04-06,4680.2,4746.3,4620.0,4698.3,655461.0,49.99
2026-04-07,4692.0,4700.0,4562.3,4638.9,526009.0,54.52
2026-04-08,4790.0,4824.0,4710.4,4796.3,1102496.0,64.89
2026-04-09,4814.9,4915.9,4765.0,4907.4,1021588.0,61.31
2026-04-10,4961.0,5154.9,4908.6,5138.7,1308552.0,50.49
2026-04-13,5030.0,5116.8,4982.0,4991.4,869786.0,56.17
2026-04-14,5030.0,5116.8,4982.0,4991.4,869786.0,56.17
2026-04-15,5090.0,5120.0,4986.6,5003.4,806914.0,62.18
2026-04-16,5024.0,5055.0,4951.0,5038.2,666008.0,55.94
2026-04-17,5043.0,5179.9,5011.2,5140.9,529710.0,41.58
2026-04-20,5174.0,5216.9,5067.6,5200.3,616937.0,53.32
2026-04-21,5215.0,5272.7,5090.4,5116.4,717933.0,46.27
2026-04-22,5100.0,5235.0,5079.4,5211.8,503337.0,51.66
2026-04-23,5200.0,5269.0,5155.7,5176.9,500090.0,56.14
2026-04-24,5179.0,5250.0,5102.1,5232.0,495775.0,51.78
2026-04-27,5264.5,5308.7,5200.0,5233.2,601902.0,57.95
2026-04-28,5260.0,5286.8,5195.1,5258.0,341686.0,55.19
2026-04-29,5288.0,5324.8,5251.3,5288.0,328892.0,57.6
2026-04-30,5279.7,5308.8,5120.0,5266.4,448330.0,57.85
2026-05-01,5279.7,5308.8,5120.0,5266.4,448330.0,57.85
2026-05-04,5300.0,5349.0,5238.5,5289.0,386727.0,58.29
2026-05-05,5295.0,5295.0,5227.5,5260.0,304874.0,60.4
2026-05-06,5331.5,5355.5,5230.5,5324.5,343679.0,50.43
2026-05-07,5352.5,5424.0,5317.5,5403.0,496602.0,61.72
2026-05-08,5415.0,5470.5,5381.0,5401.0,528649.0,55.47
2026-05-11,5350.0,5350.0,5191.0,5238.5,477092.0,54.9
2026-05-12,5265.0,5265.0,5147.5,5160.0,403954.0,59.87
2026-05-13,5170.0,5270.0,5147.5,5212.0,590903.0,55.26
2026-05-14,5257.0,5383.0,5229.0,5367.0,324086.0,45.71
2026-05-15,5386.5,5430.0,5322.0,5392.0,436432.0,55.0
2026-05-18,5360.0,5360.0,5228.5,5298.5,275007.0,52.78
2026-05-19,5285.0,5361.0,5238.0,5254.0,322706.0,60.17
2026-05-20,5214.0,5419.0,5183.0,5399.5,444634.0,45.52
2026-05-21,5427.0,5454.0,5361.0,5390.0,338858.0,50.24
2026-05-22,5375.0,5419.0,5335.5,5353.0,230767.0,57.22
2026-05-25,5419.0,5419.5,5337.5,5382.0,284889.0,56.8
2026-05-26,5360.0,5442.0,5359.0,5418.5,304814.0,46.33
2026-05-27,5414.0,6099.0,5402.5,6027.5,1722262.0,19.62
2026-05-28,5414.0,6099.0,5402.5,6027.5,1722262.0,19.62
2026-05-29,6100.0,6100.0,5855.5,5881.0,2020815.0,53.5
2026-06-01,5979.5,5979.5,5662.5,5680.5,597518.0,53.28
2026-06-02,5665.0,5764.5,5607.0,5708.0,702121.0,56.13
2026-06-03,5741.0,5749.0,5657.0,5692.5,384967.0,54.01
2026-06-04,5700.0,5867.5,5662.5,5787.5,502845.0,44.9
2026-06-05,5845.0,5869.0,5750.0,5784.0,381090.0,55.67
2026-06-08,5650.0,5740.5,5556.5,5610.5,483842.0,54.31
2026-06-09,5635.0,5691.0,5561.0,5625.5,485174.0,57.25
2026-06-10,5626.0,5699.0,5560.0,5609.5,276872.0,43.71
2026-06-11,5590.5,5709.5,5541.0,5557.0,249688.0,42.63
2026-06-12,5650.0,5663.5,5570.0,5621.5,249004.0,48.25
2026-06-15,5700.0,5787.5,5630.0,5754.0,409781.0,41.45
2026-06-16,5798.0,5813.5,5700.5,5723.5,257257.0,55.14
2026-06-17,5758.0,5850.0,5725.0,5833.0,338488.0,59.27
2026-06-18,5855.0,5887.0,5816.0,5858.0,311191.0,55.36
2026-06-19,5875.0,5908.0,5805.0,5865.0,323514.0,53.15
2026-06-22,5795.5,5795.5,5637.0,5764.0,591113.0,52.12
2026-06-23,5802.5,5838.0,5725.5,5735.5,440329.0,51.03
2026-06-24,5752.5,5775.5,5535.5,5555.5,425435.0,60.23
2026-06-25,5555.5,5698.5,5550.5,5642.0,479618.0,60.3
2026-06-26,5555.5,5698.5,5550.5,5642.0,479618.0,60.3
2026-06-29,5699.0,5706.5,5505.5,5541.5,1820384.0,70.25
2026-06-30,5582.5,5699.0,5547.0,5659.5,646570.0,62.55
2026-07-01,5695.0,5740.0,5614.5,5663.0,227454.0,50.01
2026-07-02,5680.5,5690.0,5555.0,5578.5,325685.0,51.19
2026-07-03,5690.0,5690.0,5454.5,5478.0,787931.0,56.73
2026-07-06,5479.0,5594.0,5476.0,5578.5,429461.0,52.49
2026-07-07,5569.0,5578.5,5424.0,5471.5,592191.0,60.42
2026-07-08,5425.0,5561.0,5381.0,5498.5,392522.0,52.44
2026-07-09,5506.0,5566.5,5492.0,5542.5,295533.0,53.59
2026-07-10,5567.0,5714.0,5567.0,5621.5,463881.0,50.81
2026-07-13,5600.0,5601.5,5529.0,5555.0,323370.0,62.15
2026-07-14,5537.5,5555.0,5480.0,5493.5,356814.0,61.65
2026-07-15,5515.0,5601.5,5512.0,5549.5,522110.0,59.39
2026-07-16,5557.0,5674.5,5473.5,5592.0,686668.0,54.76
2026-07-17,5582.0,5582.0,5390.0,5448.0,666621.0,60.88
2026-07-20,5438.0,5531.5,5397.0,5506.0,312030.0,62.09
2026-07-21,5535.5,5587.0,5505.5,5583.0,189190.0,45.12
2026-07-22,5617.5,5637.0,5563.5,5586.0,322364.0,56.82
2026-07-23,5565.0,5658.0,5543.0,5599.0,254401.0,64.66
2026-07-24,5571.0,5652.5,5533.0,5600.5,290705.0,55.14
2026-07-27,5643.5,5649.5,5589.5,5629.5,343112.0,71.25
2026-07-28,5605.0,5620.0,5408.0,5455.5,573652.0,58.22
2026-07-29,5452.5,5477.5,5371.5,5383.0,453704.0,55.12
2026-07-30,5397.0,5426.0,5315.0,5396.0,297096.0,51.6
2026-07-31,5463.0,5567.0,5461.5,5519.0,357879.0,57.42
2026-08-03,5526.0,5550.0,5486.0,5550.0,146209.0,51.7
2026-08-04,5536.5,5595.0,5439.0,5550.0,324047.0,46.19
2026-08-05,5568.5,5593.5,5345.0,5440.0,594556.0,41.49
2026-08-06,5175.0,5455.0,5175.0,5402.0,2063594.0,45.56
2026-08-07,5405.0,5474.5,5348.5,5426.0,262771.0,42.55
2026-08-10,5480.0,5486.0,5393.5,5448.0,225721.0,54.7
2026-08-11,5418.0,5447.0,5356.0,5378.5,370560.0,70.05
2026-08-12,5366.5,5406.5,5330.0,5365.0,554039.0,68.41
2026-08-13,5350.5,5384.5,5315.0,5315.0,357217.0,77.01
2026-08-14,5348.0,5426.0,5339.5,5400.0,415052.0,48.2
