,Open,High,Low,Close,Volume,DeliveryPct
2016-08-22,307.1,323.65,303.25,316.0,4251875.0,
2016-08-23,316.4,333.4,312.1,326.85,4964057.0,
2016-08-24,328.0,328.0,313.4,317.65,2520706.0,
2016-08-25,319.0,332.9,317.1,329.45,4395322.0,
2016-08-26,329.0,330.55,321.1,322.7,1431589.0,
2016-08-29,323.2,326.25,316.7,321.15,1275052.0,
2016-08-30,322.4,329.0,320.0,326.2,1602734.0,
2016-08-31,328.5,334.9,323.5,325.45,2194443.0,
2016-09-01,326.4,334.4,325.05,330.4,2629514.0,
2016-09-02,332.4,337.2,330.6,332.5,1495485.0,
2016-09-06,333.8,336.8,331.25,333.8,1061981.0,
2016-09-07,335.25,343.9,335.25,337.5,1919666.0,
2016-09-08,338.7,344.9,337.0,342.2,1188552.0,
2016-09-09,342.95,374.7,338.2,366.7,7203999.0,
2016-09-12,354.1,365.7,347.15,351.65,3125540.0,
2016-09-14,350.6,358.85,348.1,352.7,1483791.0,
2016-09-15,354.85,358.0,344.0,345.65,1245246.0,
2016-09-16,347.85,357.0,337.55,345.05,1440088.0,
2016-09-19,348.0,353.5,345.2,348.75,1061089.0,
2016-09-20,351.0,373.8,350.1,366.85,5495696.0,
2016-09-21,366.9,377.9,363.1,369.4,2788170.0,
2016-09-22,373.4,385.9,371.8,382.7,3423748.0,
2016-09-23,383.75,384.3,377.15,380.7,1228047.0,
2016-09-26,378.0,380.9,370.5,375.1,1138704.0,
2016-09-27,375.45,392.7,375.45,383.3,3672759.0,
2016-09-28,384.0,392.4,384.0,386.75,1460179.0,
2016-09-29,388.0,391.2,331.0,365.65,3626931.0,
2016-09-30,365.0,378.45,362.3,375.6,1655898.0,
2016-10-03,383.4,410.0,380.0,406.9,5599743.0,
2016-10-04,408.0,414.4,400.8,408.7,2460624.0,
2016-10-05,410.8,412.15,400.7,402.35,1211874.0,
2016-10-06,404.75,407.2,387.0,389.8,1279047.0,
2016-10-07,392.5,403.0,382.6,399.3,1609544.0,
2016-10-10,403.0,406.8,396.05,397.95,1139672.0,
2016-10-13,393.0,396.0,375.5,384.95,1210028.0,
2016-10-14,388.4,391.4,381.25,386.05,671739.0,
2016-10-17,386.0,395.7,384.05,392.05,985147.0,
2016-10-18,394.0,394.75,386.5,389.6,638916.0,
2016-10-19,391.05,394.0,384.3,386.5,619564.0,
2016-10-20,388.0,394.5,385.1,387.25,817805.0,
2016-10-21,388.5,400.8,387.1,397.25,1956844.0,
2016-10-24,397.9,403.4,391.4,397.95,1428623.0,
2016-10-25,397.5,399.0,393.0,395.35,502899.0,
2016-10-26,394.6,410.5,392.25,401.4,2141745.0,
2016-10-27,403.0,413.9,371.6,379.05,5522916.0,
2016-10-28,382.0,386.35,368.05,375.25,1227979.0,
2016-11-01,378.0,386.9,377.2,379.45,1217783.0,
2016-11-02,373.4,390.8,370.05,372.15,3177947.0,
2016-11-03,374.0,386.4,368.55,371.6,1826502.0,
2016-11-04,374.0,374.7,350.0,352.0,1361991.0,
2016-11-07,360.05,365.0,355.5,357.55,693282.0,
2016-11-08,360.8,362.0,346.0,346.85,657710.0,
2016-11-09,299.0,336.9,290.25,332.7,1717022.0,
2016-11-10,342.0,358.6,340.25,353.8,1227643.0,
2016-11-11,350.0,351.35,332.1,334.7,816555.0,
2016-11-15,335.0,335.0,295.3,299.1,1093624.0,
2016-11-16,307.0,314.0,299.05,301.05,987574.0,
2016-11-17,303.0,307.95,295.0,299.1,504749.0,
2016-11-18,303.9,308.5,294.05,301.4,936451.0,
2016-11-21,303.65,303.65,280.0,283.35,833018.0,
2016-11-22,285.15,300.0,270.0,291.95,1556945.0,
2016-11-23,298.7,308.95,292.2,301.45,1508773.0,
2016-11-24,300.0,304.3,295.2,297.55,712733.0,
2016-11-25,300.0,312.4,296.7,309.25,1267568.0,
2016-11-28,308.2,321.5,305.15,318.9,1674151.0,
2016-11-29,320.0,327.95,318.0,320.3,1093476.0,
2016-11-30,323.0,328.5,318.15,322.7,1041917.0,
2016-12-01,324.9,326.5,315.95,318.95,757011.0,
2016-12-02,316.0,320.3,311.1,313.55,489771.0,
2016-12-05,314.55,322.75,312.1,320.95,726691.0,
2016-12-06,322.9,325.9,318.1,319.7,437501.0,
2016-12-07,321.65,326.35,315.9,319.45,585863.0,
2016-12-08,324.9,329.6,322.0,325.6,768001.0,
2016-12-09,326.5,331.0,325.15,326.25,590532.0,
2016-12-12,326.05,328.0,316.6,319.75,459527.0,
2016-12-13,320.0,325.5,317.0,319.3,1984127.0,
2016-12-14,320.4,323.15,312.75,314.65,368067.0,
2016-12-15,309.0,321.9,308.25,319.1,669926.0,
2016-12-16,319.9,319.9,312.25,313.4,521532.0,
2016-12-19,313.8,313.85,303.0,305.9,399145.0,
2016-12-20,304.1,308.45,297.1,298.1,476623.0,
2016-12-21,299.85,300.7,285.0,286.3,1157966.0,
2016-12-22,282.0,294.6,282.0,287.25,953137.0,
2016-12-23,286.1,295.25,284.45,290.2,1033836.0,
2016-12-26,288.0,289.0,277.05,279.45,518588.0,
2016-12-27,281.0,291.5,279.35,288.95,662807.0,
2016-12-28,290.2,297.25,288.1,289.9,529442.0,
2016-12-29,292.0,294.3,289.1,292.65,587860.0,
2016-12-30,294.75,301.3,292.8,296.7,740082.0,
2017-01-02,298.95,324.0,293.5,320.75,2996742.0,
2017-01-03,321.5,329.25,318.75,326.65,1859220.0,
2017-01-04,326.7,329.6,320.05,321.3,696439.0,
2017-01-05,322.7,333.0,322.7,329.55,1123767.0,
2017-01-06,331.15,335.0,320.0,328.25,862494.0,
2017-01-09,329.0,329.9,322.25,324.0,441094.0,
2017-01-10,325.7,339.1,323.1,337.1,1560848.0,
2017-01-11,341.1,367.5,340.8,359.8,3587195.0,
2017-01-12,360.8,362.6,350.6,356.65,951588.0,
2017-01-13,357.25,366.3,352.0,358.8,1037527.0,
2017-01-16,356.3,365.0,354.25,360.7,722460.0,
2017-01-17,364.0,371.8,361.55,366.85,1314218.0,
2017-01-18,368.0,373.65,363.25,367.4,1092129.0,
2017-01-19,367.0,367.0,360.1,361.55,440153.0,
2017-01-20,360.7,360.7,345.0,346.65,589563.0,
2017-01-23,348.65,365.95,343.3,359.0,946360.0,
2017-01-24,363.15,367.9,360.1,363.85,1242443.0,
2017-01-25,366.25,368.45,362.45,364.15,640139.0,
2017-01-27,365.1,374.7,362.0,371.3,1318307.0,
2017-01-30,372.2,375.9,367.0,369.35,674434.0,
2017-01-31,371.0,372.0,362.55,363.6,446267.0,
2017-02-01,365.0,383.3,361.2,379.8,1970564.0,
2017-02-02,379.7,379.9,371.6,375.05,592607.0,
2017-02-03,372.55,386.0,372.55,380.25,1321966.0,
2017-02-06,384.6,388.0,380.85,383.15,780934.0,
2017-02-07,383.4,397.25,381.0,394.3,1822249.0,
2017-02-08,395.8,396.95,385.6,389.75,792070.0,
2017-02-09,392.8,404.25,385.1,393.15,3988702.0,
2017-02-10,394.8,397.0,387.45,390.3,852371.0,
2017-02-13,392.0,392.0,375.05,381.75,631353.0,
2017-02-14,384.15,388.9,382.1,384.6,578831.0,
2017-02-15,384.75,415.4,380.1,407.6,5729740.0,
2017-02-16,403.85,411.7,402.4,409.85,2401487.0,
2017-02-17,411.8,417.9,405.65,408.85,1650962.0,
2017-02-20,407.0,415.4,405.65,411.4,785166.0,
2017-02-21,411.95,422.4,409.0,419.7,1825599.0,
2017-02-22,420.0,427.4,415.65,425.15,1517007.0,
2017-02-23,423.95,427.0,418.6,420.6,801021.0,
2017-02-27,422.3,458.7,421.0,453.85,3623164.0,
2017-02-28,456.0,463.45,445.0,449.05,1516538.0,
2017-03-01,450.9,467.8,445.55,461.7,1981645.0,
2017-03-02,461.0,466.4,452.8,459.2,1756805.0,
2017-03-03,459.05,492.7,456.95,489.2,5608979.0,
2017-03-06,491.65,493.9,480.55,485.75,1779592.0,
2017-03-07,487.1,504.45,487.1,494.55,3506975.0,
2017-03-08,493.0,502.0,490.0,493.95,2043508.0,
2017-03-09,493.1,500.0,492.1,496.15,816073.0,
2017-03-10,500.9,517.7,500.0,509.65,3109513.0,
2017-03-14,524.9,528.3,515.35,519.45,1221469.0,
2017-03-15,519.0,526.0,516.0,520.2,844678.0,
2017-03-16,523.6,524.95,517.5,518.85,614651.0,
2017-03-17,519.95,521.9,510.0,514.35,668846.0,
2017-03-20,516.95,527.5,515.0,520.85,1303530.0,
2017-03-21,521.45,531.4,521.45,527.05,1103503.0,
2017-03-22,524.4,527.0,517.65,521.75,615400.0,
2017-03-23,527.0,535.9,525.4,531.25,1196281.0,
2017-03-24,531.25,532.85,525.55,527.9,529161.0,
2017-03-27,526.1,527.9,514.5,522.7,444563.0,
2017-03-28,521.6,529.0,519.0,523.55,439214.0,
2017-03-29,524.0,534.0,523.5,529.9,739699.0,
2017-03-30,530.55,543.95,530.55,535.15,1186843.0,
2017-03-31,539.5,549.0,533.55,538.75,1392705.0,
2017-04-03,545.1,548.45,536.25,537.5,971485.0,
2017-04-05,538.95,544.75,535.8,538.0,720207.0,
2017-04-06,535.0,537.8,528.0,529.95,507869.0,
2017-04-07,527.0,533.25,520.2,522.2,735016.0,
2017-04-10,523.45,546.95,521.0,545.3,1777593.0,
2017-04-11,548.0,559.4,548.0,550.65,1855162.0,
2017-04-12,551.9,552.6,535.9,546.2,745924.0,
2017-04-13,544.0,556.8,538.25,545.85,966585.0,
2017-04-17,545.0,561.9,542.45,551.0,940808.0,
2017-04-18,555.0,559.4,535.1,541.55,816109.0,
2017-04-19,544.0,555.0,541.1,546.0,664523.0,
2017-04-20,548.5,553.0,544.05,548.05,449421.0,
2017-04-21,548.05,563.5,546.25,556.4,1364102.0,
2017-04-24,556.4,558.7,548.35,550.65,469874.0,
2017-04-25,552.25,559.25,549.15,551.75,625515.0,
2017-04-26,555.25,561.0,542.6,549.55,1037251.0,
2017-04-27,548.9,551.75,543.1,546.3,428819.0,
2017-04-28,548.95,554.7,545.3,547.5,506236.0,
2017-05-02,555.0,570.0,553.25,564.65,1944733.0,
2017-05-03,568.0,577.0,566.05,568.65,1136352.0,
2017-05-04,568.0,574.5,564.1,568.7,629251.0,
2017-05-05,569.9,595.6,565.65,592.6,2122966.0,
2017-05-08,595.0,612.75,593.1,602.6,2522025.0,
2017-05-09,605.0,607.0,593.4,600.7,787285.0,
2017-05-10,604.7,649.4,602.05,634.15,6644012.0,
2017-05-11,634.75,654.0,628.2,646.9,3743045.0,
2017-05-12,645.0,654.3,640.2,646.8,1222897.0,
2017-05-15,651.0,661.3,642.3,648.8,1087779.0,
2017-05-16,651.0,659.6,651.0,655.9,758003.0,
2017-05-17,653.25,658.0,648.0,653.85,557095.0,
2017-05-18,649.0,652.05,632.8,635.6,571770.0,
2017-05-19,640.0,650.8,633.25,640.1,676817.0,
2017-05-22,645.0,647.9,615.8,617.2,741234.0,
2017-05-23,621.5,623.25,589.45,595.65,1185709.0,
2017-05-24,588.6,620.0,583.1,601.25,1543605.0,
2017-05-25,608.7,634.7,608.1,630.2,957634.0,
2017-05-26,635.05,651.75,634.0,642.7,1279579.0,
2017-05-29,644.0,684.7,643.0,671.25,5471956.0,
2017-05-30,674.0,684.0,663.0,668.95,2103429.0,
2017-05-31,670.95,696.75,663.6,692.95,2439108.0,
2017-06-01,697.0,706.6,688.85,692.7,2101901.0,
2017-06-02,695.0,718.75,695.0,716.35,2350526.0,
2017-06-05,720.0,749.9,713.7,745.25,2988123.0,
2017-06-06,750.0,767.55,741.5,751.5,3572366.0,
2017-06-07,757.55,763.6,744.35,752.4,1997953.0,
2017-06-08,756.0,756.3,745.2,749.3,868066.0,
2017-06-09,749.7,757.05,742.25,748.7,1369519.0,
2017-06-12,754.45,761.0,737.2,741.15,1927109.0,
2017-06-13,747.0,751.0,739.6,741.3,700510.0,
2017-06-14,744.9,745.95,712.0,717.0,2420797.0,
2017-06-15,719.0,727.65,704.75,709.1,1915090.0,
2017-06-16,714.0,722.0,706.65,709.6,2150450.0,
2017-06-19,711.1,715.8,698.0,707.85,1903137.0,
2017-06-20,712.9,728.5,710.2,724.65,2153796.0,
2017-06-21,726.0,731.8,714.6,718.6,1391854.0,
2017-06-22,719.45,723.9,706.6,709.15,813848.0,
2017-06-23,709.9,709.9,676.15,678.05,1719292.0,
2017-06-27,678.1,680.6,642.3,650.7,1729471.0,
2017-06-28,644.9,658.8,635.0,654.55,1791112.0,
2017-06-29,660.2,675.6,655.35,663.4,1767053.0,
2017-06-30,660.0,660.9,635.3,645.15,1455009.0,
2017-07-03,639.0,680.9,638.5,675.9,3009695.0,
2017-07-04,681.0,683.65,658.9,662.5,1690941.0,
2017-07-05,666.0,675.4,660.15,668.1,1328384.0,
2017-07-06,669.0,681.7,664.55,671.3,1576264.0,
2017-07-07,671.0,678.9,665.6,672.55,815924.0,
2017-07-10,672.0,679.45,671.1,673.95,166058.0,
2017-07-11,674.1,695.95,673.5,679.5,1793400.0,
2017-07-12,682.0,686.7,673.7,680.75,788091.0,
2017-07-13,684.2,691.9,662.7,672.25,1567392.0,
2017-07-14,676.0,679.75,663.45,675.95,969607.0,
2017-07-17,677.0,678.9,666.4,669.5,445405.0,
2017-07-18,669.4,674.5,653.7,656.8,912930.0,
2017-07-19,656.0,660.85,648.4,653.3,911160.0,
2017-07-20,655.7,667.85,652.8,660.25,1076389.0,
2017-07-21,662.7,663.9,647.35,654.35,950531.0,
2017-07-24,655.5,661.5,651.3,653.8,595750.0,
2017-07-25,657.0,657.0,642.15,646.05,803772.0,
2017-07-26,648.95,657.7,645.5,650.85,606158.0,
2017-07-27,654.6,658.0,638.0,641.45,845089.0,
2017-07-28,638.0,679.9,634.55,669.1,4054433.0,
2017-07-31,672.45,678.65,662.7,669.35,1081740.0,
2017-08-01,672.0,704.0,664.5,701.05,4670857.0,
2017-08-02,707.0,709.0,690.1,694.75,2028839.0,
2017-08-03,697.9,697.9,674.0,677.4,961756.0,
2017-08-04,678.6,678.6,659.45,671.1,1002305.0,
2017-08-07,674.95,683.05,669.55,672.7,1162293.0,
2017-08-08,674.0,674.0,649.0,651.25,943547.0,
2017-08-09,647.8,657.0,628.6,636.15,1526529.0,
2017-08-10,629.0,630.8,575.0,588.1,1993930.0,
2017-08-11,569.0,607.2,544.0,592.4,4423523.0,
2017-08-14,604.0,617.45,595.05,611.55,1071440.0,
2017-08-16,614.0,643.45,605.0,639.2,2358212.0,
2017-08-17,645.95,650.9,624.15,629.35,1318278.0,
2017-08-18,626.7,632.0,616.0,626.8,1046962.0,
2017-08-21,630.0,632.0,598.7,601.15,1046873.0,
2017-08-22,603.5,608.95,591.05,600.25,1281052.0,
2017-08-23,603.3,615.0,600.2,613.15,878847.0,
2017-08-24,613.0,625.5,608.1,613.9,870489.0,
2017-08-28,616.85,626.2,616.0,619.5,607889.0,
2017-08-29,617.4,618.45,601.0,603.95,693578.0,
2017-08-30,608.85,624.95,608.0,621.1,857368.0,
2017-08-31,623.4,649.35,617.15,647.3,1867699.0,
2017-09-01,649.95,669.6,643.8,650.2,3004492.0,
2017-09-04,647.95,657.0,631.1,645.75,1312869.0,
2017-09-05,645.8,659.0,645.8,650.3,910687.0,
2017-09-06,646.85,657.15,638.05,651.25,1113667.0,
2017-09-07,655.55,665.7,655.05,657.75,984817.0,
2017-09-08,660.8,666.7,646.85,652.95,993321.0,
2017-09-11,658.7,668.75,656.4,658.5,852497.0,
2017-09-12,661.7,680.7,661.0,677.25,1625254.0,
2017-09-13,680.0,687.15,663.4,667.05,1002400.0,
2017-09-14,669.7,677.0,660.0,670.8,652097.0,
2017-09-15,666.0,678.05,664.5,668.55,1934057.0,
2017-09-18,675.0,682.0,664.5,667.0,862112.0,
2017-09-19,668.75,684.0,666.55,677.45,1225492.0,
2017-09-20,682.0,682.8,670.15,672.1,554039.0,
2017-09-21,673.85,677.7,662.0,668.25,493372.0,
2017-09-22,664.0,664.05,633.0,636.2,985501.0,
2017-09-25,628.6,634.0,605.4,620.65,1093123.0,
2017-09-26,618.0,647.35,618.0,644.45,1121409.0,
2017-09-27,649.0,651.7,632.85,637.0,918575.0,
2017-09-28,635.0,650.95,628.25,635.9,965045.0,
2017-09-29,642.6,664.0,639.1,659.65,1250783.0,
2017-10-03,665.95,673.0,652.1,658.75,1635344.0,
2017-10-04,661.0,664.2,652.05,656.75,559693.0,
2017-10-05,659.0,670.0,657.05,665.65,728828.0,
2017-10-06,666.6,699.8,666.05,697.2,3070339.0,
2017-10-09,701.0,706.0,690.45,694.55,929766.0,
2017-10-10,698.8,712.4,694.7,698.1,1262407.0,
2017-10-11,701.6,707.8,678.8,691.2,1027430.0,
2017-10-12,696.75,703.25,690.05,700.5,627456.0,
2017-10-13,702.9,722.0,693.85,710.35,2163150.0,
2017-10-16,712.4,725.85,712.4,722.15,1438699.0,
2017-10-17,722.0,732.3,718.7,727.4,1063802.0,
2017-10-18,726.8,736.0,718.05,733.25,810707.0,
2017-10-19,733.0,733.0,712.55,719.75,157938.0,
2017-10-23,719.75,730.0,717.0,724.65,562876.0,
2017-10-24,729.0,741.0,726.6,734.1,753924.0,
2017-10-25,740.0,741.75,723.75,731.95,678237.0,
2017-10-26,727.65,731.05,717.35,722.0,456061.0,
2017-10-27,728.95,747.0,727.3,738.4,1229097.0,
2017-10-30,742.0,778.4,742.0,772.5,1399110.0,
2017-10-31,781.5,787.75,750.55,760.15,3481849.0,
2017-11-01,766.0,780.9,738.15,740.95,2284341.0,
2017-11-02,742.0,751.0,726.3,729.95,1131030.0,
2017-11-03,733.6,738.0,721.0,724.5,826974.0,
2017-11-06,724.35,731.3,712.3,714.85,758745.0,
2017-11-07,715.0,733.85,702.25,705.4,1218520.0,
2017-11-08,706.0,710.35,692.65,700.1,1133336.0,
2017-11-09,705.0,719.8,700.55,712.7,1401584.0,
2017-11-10,714.65,714.65,693.35,698.4,901846.0,
2017-11-13,702.0,702.55,681.1,685.35,780944.0,
2017-11-14,682.0,709.75,679.2,707.1,1296961.0,
2017-11-15,707.1,708.0,686.1,689.55,845515.0,
2017-11-16,695.8,699.55,687.7,693.8,654289.0,
2017-11-17,700.0,710.05,691.1,693.8,608440.0,
2017-11-20,698.4,701.0,690.0,692.35,486007.0,
2017-11-21,698.0,706.75,692.0,695.65,991278.0,
2017-11-22,697.0,703.35,687.6,693.7,964345.0,
2017-11-23,697.2,697.2,679.6,687.85,788153.0,
2017-11-24,690.0,693.45,682.0,683.95,504541.0,
2017-11-27,681.65,695.0,679.5,692.35,487011.0,
2017-11-28,692.35,694.8,683.15,688.4,423886.0,
2017-11-29,688.8,709.0,681.3,703.5,870549.0,
2017-11-30,707.0,723.0,702.0,718.25,2155546.0,
2017-12-01,730.0,738.4,687.1,690.2,5151443.0,
2017-12-04,692.0,694.0,656.15,660.25,2188086.0,
2017-12-05,659.0,667.75,646.0,662.35,1459902.0,
2017-12-06,660.0,670.8,645.85,648.1,1170625.0,
2017-12-07,648.5,668.1,648.5,664.5,947464.0,
2017-12-08,676.0,688.35,673.0,679.55,1662662.0,
2017-12-11,680.0,685.4,670.35,677.9,943652.0,
2017-12-12,676.9,686.7,672.0,676.1,828658.0,
2017-12-13,675.95,682.5,663.25,669.3,581315.0,
2017-12-14,674.5,674.5,655.1,662.45,663957.0,
2017-12-15,667.0,698.0,667.0,695.7,1920282.0,
2017-12-18,686.0,712.0,665.0,703.05,1571129.0,
2017-12-19,709.7,729.0,707.65,726.4,1236560.0,
2017-12-20,728.5,744.0,724.5,736.6,1426227.0,
2017-12-21,737.5,741.7,728.5,735.8,545337.0,
2017-12-22,738.7,749.0,730.5,745.05,876252.0,
2017-12-26,745.15,757.3,741.5,755.2,668742.0,
2017-12-27,755.2,755.2,741.3,746.6,457729.0,
2017-12-28,746.6,774.9,745.7,772.15,1749430.0,
2017-12-29,774.0,796.6,766.2,787.45,2365718.0,
2018-01-01,787.85,797.35,770.5,774.35,1246643.0,
2018-01-02,780.15,786.45,762.6,772.75,1223201.0,
2018-01-03,777.1,782.5,769.85,772.95,991960.0,
2018-01-04,776.4,797.0,770.6,788.55,1428979.0,
2018-01-05,790.0,805.0,790.0,795.1,1289966.0,
2018-01-08,791.0,798.95,775.5,778.75,1484623.0,
2018-01-09,784.05,803.0,776.85,794.3,1528277.0,
2018-01-10,798.5,799.7,783.25,785.15,472943.0,
2018-01-11,786.5,816.55,780.05,813.15,2240152.0,
2018-01-12,820.5,823.0,800.1,812.9,1811869.0,
2018-01-15,815.0,815.75,802.6,804.15,594616.0,
2018-01-16,804.0,814.6,784.0,793.1,926614.0,
2018-01-17,786.25,799.9,766.8,795.7,690471.0,
2018-01-18,800.0,802.9,740.0,757.05,953636.0,
2018-01-19,760.0,777.9,758.0,772.45,780987.0,
2018-01-22,776.0,790.0,765.45,786.5,604931.0,
2018-01-23,787.1,814.8,786.0,810.6,1807433.0,
2018-01-24,809.0,831.6,805.05,822.75,2571332.0,
2018-01-25,823.9,848.5,822.75,836.9,2591533.0,
2018-01-29,841.0,849.5,831.0,833.75,1052134.0,
2018-01-30,836.95,852.65,830.2,832.9,1087943.0,
2018-01-31,831.0,842.0,797.0,811.75,2953781.0,
2018-02-01,814.95,882.5,814.05,872.95,7862360.0,
2018-02-02,869.0,890.0,838.0,860.65,3880187.0,
2018-02-05,840.0,898.7,834.6,878.95,1535096.0,
2018-02-06,850.0,901.95,836.05,891.65,2966125.0,
2018-02-07,914.0,922.95,902.0,912.0,3078865.0,
2018-02-08,912.0,913.65,894.1,906.8,1312194.0,
2018-02-09,875.0,915.9,875.0,910.7,1581578.0,
2018-02-12,912.0,918.0,896.7,901.5,1093389.0,
2018-02-14,907.0,907.8,884.15,887.7,1003321.0,
2018-02-15,893.0,901.0,865.0,873.6,1447481.0,
2018-02-16,877.0,887.0,865.0,877.65,926593.0,
2018-02-19,880.0,898.5,846.85,858.05,3267442.0,
2018-02-20,860.5,864.0,840.55,852.55,1131137.0,
2018-02-21,861.2,866.1,851.2,858.25,1101407.0,
2018-02-22,859.7,876.35,855.05,871.4,1464051.0,
2018-02-23,879.0,887.0,872.9,878.6,1131810.0,
2018-02-26,886.6,894.5,878.4,886.85,984143.0,
2018-02-27,890.0,894.7,864.7,870.7,926636.0,
2018-02-28,868.5,896.75,864.0,892.85,1385116.0,
2018-03-01,904.3,906.9,882.0,885.05,1725774.0,
2018-03-05,882.0,885.0,867.6,872.7,592793.0,
2018-03-06,879.0,888.7,856.3,861.5,1025518.0,
2018-03-07,856.3,866.5,832.0,837.85,997183.0,
2018-03-08,845.0,858.25,833.0,855.35,1013611.0,
2018-03-09,862.7,862.7,848.35,851.45,501428.0,
2018-03-12,858.0,861.6,842.0,857.55,647041.0,
2018-03-13,857.0,864.7,849.65,854.4,626822.0,
2018-03-14,845.35,850.0,834.0,844.15,784293.0,
2018-03-15,844.5,857.9,838.7,847.3,1158506.0,
2018-03-16,845.0,847.6,822.0,830.45,1447711.0,
2018-03-19,834.0,838.65,814.05,827.65,764926.0,
2018-03-20,821.0,833.5,820.45,826.6,545053.0,
2018-03-21,828.0,840.8,822.55,826.2,954676.0,
2018-03-22,828.0,828.0,807.55,809.45,545598.0,
2018-03-23,794.15,800.5,788.15,795.85,608761.0,
2018-03-26,798.9,810.0,795.1,806.3,726742.0,
2018-03-27,815.9,829.0,809.4,824.9,1012400.0,
2018-03-28,823.0,823.4,814.95,818.1,634190.0,
2018-04-02,828.7,886.15,826.1,882.5,2993082.0,
2018-04-03,879.4,893.6,873.0,885.35,1560555.0,
2018-04-04,891.3,904.2,870.0,872.6,1535824.0,
2018-04-05,890.0,897.3,883.45,891.95,807856.0,
2018-04-06,892.0,912.2,880.0,908.15,1167829.0,
2018-04-09,912.45,922.5,901.75,904.85,1272935.0,
2018-04-10,909.6,911.0,883.25,886.6,753807.0,
2018-04-11,888.0,908.45,887.05,906.6,1090038.0,
2018-04-12,903.95,911.85,900.3,905.65,740361.0,
2018-04-13,913.0,948.9,912.15,946.2,3873168.0,
2018-04-16,935.9,975.85,935.8,973.2,2749426.0,
2018-04-17,978.0,994.5,970.1,976.3,2683626.0,
2018-04-18,979.8,980.85,962.25,964.35,963565.0,
2018-04-19,965.55,977.2,959.5,966.85,948964.0,
2018-04-20,962.0,968.3,949.1,962.0,694171.0,
2018-04-23,965.0,972.5,953.6,957.7,802061.0,
2018-04-24,960.0,963.85,937.05,939.8,1041263.0,
2018-04-25,940.0,956.75,930.3,943.35,1569407.0,
2018-04-26,943.35,968.0,936.75,960.4,1050803.0,
2018-04-27,970.95,994.4,963.5,974.85,2073396.0,
2018-04-30,980.0,1006.8,973.9,1004.3,1417783.0,
2018-05-02,1010.0,1017.7,980.0,987.7,1295460.0,
2018-05-03,980.2,986.75,963.3,970.25,521298.0,
2018-05-04,966.5,990.0,965.2,971.95,775228.0,
2018-05-07,973.55,993.45,966.3,989.5,651452.0,
2018-05-08,989.5,990.95,971.2,977.25,548846.0,
2018-05-09,980.0,980.0,963.85,966.1,717939.0,
2018-05-10,969.9,970.0,945.2,948.5,860840.0,
2018-05-11,950.1,955.9,936.8,947.3,508454.0,
2018-05-14,952.0,969.9,937.8,939.55,1769596.0,
2018-05-15,939.5,957.15,933.05,941.35,818575.0,
2018-05-16,937.9,960.0,930.3,956.75,1543516.0,
2018-05-17,964.9,969.5,947.55,951.6,3580538.0,
2018-05-18,955.9,957.5,841.25,876.4,3518818.0,
2018-05-21,869.0,908.85,869.0,881.95,2413284.0,
2018-05-22,884.0,899.9,882.3,891.1,938115.0,
2018-05-23,894.45,904.0,870.0,874.75,1054391.0,
2018-05-24,882.8,894.9,876.0,890.3,855810.0,
2018-05-25,889.5,919.9,886.0,916.35,1434058.0,
2018-05-28,925.4,934.7,917.0,924.4,1056721.0,
2018-05-29,924.9,944.8,918.05,931.15,1596733.0,
2018-05-30,925.0,943.8,922.5,934.3,1060505.0,
2018-05-31,941.5,943.85,912.3,932.45,1398441.0,
2018-06-01,940.7,958.85,930.0,934.65,1830211.0,
2018-06-04,937.4,939.95,888.45,893.75,1090743.0,
2018-06-05,886.0,907.9,876.8,891.05,1643004.0,
2018-06-06,891.5,905.0,884.2,898.65,1118827.0,
2018-06-07,904.0,920.45,901.0,915.15,845925.0,
2018-06-08,912.8,922.0,905.25,919.9,707240.0,
2018-06-11,922.0,929.8,914.1,918.15,496222.0,
2018-06-12,921.7,927.4,915.5,923.0,432436.0,
2018-06-13,926.9,932.0,913.1,915.45,556126.0,
2018-06-14,915.0,932.0,910.2,928.1,622568.0,
2018-06-15,928.95,928.95,910.05,916.2,669906.0,
2018-06-18,913.0,924.75,905.3,912.55,562221.0,
2018-06-19,906.85,909.9,892.0,895.75,639701.0,
2018-06-20,895.75,909.0,895.1,905.9,658301.0,
2018-06-21,899.0,904.9,884.55,889.1,788499.0,
2018-06-22,887.0,898.0,872.4,896.0,942267.0,
2018-06-25,893.0,893.0,871.3,876.3,596358.0,
2018-06-26,873.0,885.0,873.0,881.55,588138.0,
2018-06-27,882.05,883.85,850.0,856.35,625948.0,
2018-06-28,850.0,859.0,821.35,826.0,982486.0,
2018-06-29,839.85,874.0,835.1,871.65,1249909.0,
2018-07-02,872.0,883.6,856.0,873.05,1360950.0,
2018-07-03,869.9,877.95,848.55,866.75,1094017.0,
2018-07-04,866.0,883.9,855.1,879.95,688067.0,
2018-07-05,879.95,883.7,860.6,865.15,611752.0,
2018-07-06,864.7,892.3,861.0,879.65,1107136.0,
2018-07-09,886.55,899.9,883.0,892.5,1155383.0,
2018-07-10,897.6,898.6,885.0,890.7,498084.0,
2018-07-11,890.8,895.85,872.15,877.9,546032.0,
2018-07-12,885.8,907.0,880.55,895.85,1466554.0,
2018-07-13,899.0,915.0,885.2,908.7,1491404.0,
2018-07-16,907.95,919.0,858.7,875.4,1367756.0,
2018-07-17,869.9,895.8,864.6,893.4,861152.0,
2018-07-18,893.5,898.45,851.1,861.4,784017.0,
2018-07-19,861.4,862.25,834.0,841.85,1159601.0,
2018-07-20,838.4,859.6,827.25,848.15,1040743.0,
2018-07-23,848.2,862.0,836.45,856.6,790358.0,
2018-07-24,856.6,880.0,852.0,870.9,751986.0,
2018-07-25,875.7,902.15,867.35,886.3,1679599.0,
2018-07-26,887.0,894.9,874.2,889.1,1025795.0,
2018-07-27,890.7,924.4,888.35,921.5,1951632.0,
2018-07-30,928.0,932.0,891.8,907.9,3459016.0,
2018-07-31,911.0,943.55,910.9,928.05,3342488.0,
2018-08-01,929.1,929.15,895.55,906.05,1865603.0,
2018-08-02,901.8,915.5,897.1,904.25,881414.0,
2018-08-03,906.0,911.85,893.95,899.25,820739.0,
2018-08-06,905.0,908.45,877.0,880.05,874521.0,
2018-08-07,882.1,896.0,867.25,873.7,1086640.0,
2018-08-08,874.9,886.9,868.2,876.5,1040259.0,
2018-08-09,876.5,883.25,870.0,878.75,765431.0,
2018-08-10,880.0,884.0,861.2,865.25,559991.0,
2018-08-13,860.0,867.0,852.25,856.3,668530.0,
2018-08-14,860.0,878.4,856.0,875.8,998987.0,
2018-08-16,875.95,882.7,864.0,869.5,824478.0,
2018-08-17,870.0,881.8,862.6,869.3,688681.0,
2018-08-20,874.0,896.45,869.0,891.2,1623821.0,
2018-08-21,897.7,909.8,895.15,899.55,1407121.0,
2018-08-23,900.8,902.25,879.4,886.55,758831.0,
2018-08-24,884.9,898.8,883.0,891.65,720857.0,
2018-08-27,893.0,897.75,885.0,888.6,621620.0,
2018-08-28,892.8,907.1,880.85,895.35,1660001.0,
2018-08-29,896.0,902.35,888.0,894.8,844911.0,
2018-08-30,894.8,898.7,876.05,879.15,1292330.0,
2018-08-31,882.25,886.0,864.5,869.75,847932.0,
2018-09-03,868.0,876.0,828.1,831.95,1945000.0,
2018-09-04,828.05,830.7,800.6,805.15,1611881.0,
2018-09-05,798.0,809.95,771.0,792.75,2076624.0,
2018-09-06,799.0,804.65,783.05,788.5,1414443.0,
2018-09-07,793.95,806.9,787.25,797.3,1325479.0,
2018-09-10,794.0,798.0,765.4,773.0,781468.0,
2018-09-11,768.95,790.0,765.25,768.25,1009547.0,
2018-09-12,768.95,776.8,757.2,771.7,852492.0,
2018-09-14,776.05,787.5,773.0,780.55,966980.0,
2018-09-17,777.7,784.9,765.6,776.35,723355.0,
2018-09-18,779.0,787.0,758.45,760.7,736331.0,
2018-09-19,760.2,763.3,720.7,725.45,1293307.0,
2018-09-21,727.0,735.1,618.0,685.6,2686793.0,
2018-09-24,686.8,704.9,648.0,653.75,1560015.0,
2018-09-25,653.7,665.3,633.4,661.45,1833291.0,
2018-09-26,666.25,675.0,658.0,662.55,1226966.0,
2018-09-27,666.0,679.0,642.25,645.7,1905685.0,
2018-09-28,650.5,658.8,601.35,611.8,1729030.0,
2018-10-01,607.8,624.9,581.4,622.3,1761726.0,
2018-10-03,618.0,643.7,609.2,621.0,1407086.0,
2018-10-04,611.1,628.5,601.5,617.9,1321842.0,
2018-10-05,614.7,618.05,576.75,584.55,1408254.0,
2018-10-08,585.9,596.0,541.0,556.3,2238861.0,
2018-10-09,557.0,577.7,548.45,567.8,1813366.0,
2018-10-10,564.0,602.8,564.0,589.15,2180938.0,
2018-10-11,570.4,591.6,555.2,566.5,1482613.0,
2018-10-12,572.5,611.75,572.5,601.3,1827076.0,
2018-10-15,604.0,606.75,588.4,598.3,848889.0,
2018-10-16,606.0,642.0,602.05,638.9,3826573.0,
2018-10-17,645.0,649.6,615.25,617.95,2445573.0,
2018-10-19,611.1,616.0,583.5,604.35,1719936.0,
2018-10-22,607.0,613.8,570.45,573.35,1593082.0,
2018-10-23,565.0,586.0,562.45,572.8,1801752.0,
2018-10-24,578.0,597.0,571.6,594.2,1542764.0,
2018-10-25,581.1,585.8,563.95,569.95,1309931.0,
2018-10-26,566.0,581.0,552.0,569.7,1538776.0,
2018-10-29,572.0,594.3,568.6,591.45,1204420.0,
2018-10-30,595.05,608.8,588.6,603.95,1540361.0,
2018-10-31,607.0,629.35,595.4,627.0,3661287.0,
2018-11-01,645.0,689.7,636.1,674.45,5333152.0,
2018-11-02,679.0,695.5,668.0,676.0,2390937.0,
2018-11-05,674.1,688.2,664.15,677.5,1189112.0,
2018-11-06,678.0,694.7,668.85,673.4,1803631.0,
2018-11-07,679.9,681.45,673.4,678.25,182018.0,
2018-11-09,678.0,679.95,656.05,664.6,1345072.0,
2018-11-12,668.9,671.25,648.2,653.55,1663676.0,
2018-11-13,651.0,666.0,636.0,660.6,1708423.0,
2018-11-14,662.5,669.0,648.2,656.25,1113685.0,
2018-11-15,658.5,674.0,641.2,664.9,1630689.0,
2018-11-16,669.0,677.9,656.15,662.9,1398739.0,
2018-11-19,666.8,686.0,663.2,672.45,1944087.0,
2018-11-20,672.9,678.95,657.0,659.65,1211705.0,
2018-11-21,663.0,666.9,652.25,661.6,1112032.0,
2018-11-22,662.0,676.85,655.0,661.7,2054841.0,
2018-11-26,665.05,673.7,655.25,671.7,1629233.0,
2018-11-27,670.0,693.0,664.0,689.35,2340093.0,
2018-11-28,694.0,698.45,674.1,682.0,2893269.0,
2018-11-29,688.0,698.0,677.0,694.55,1884539.0,
2018-11-30,700.0,709.8,696.1,704.7,2465495.0,
2018-12-03,719.8,719.8,702.85,707.15,3026259.0,
2018-12-04,707.0,707.0,693.2,696.45,1180424.0,
2018-12-05,691.5,695.8,652.5,659.25,2049023.0,
2018-12-06,658.0,658.0,626.0,630.5,2220626.0,
2018-12-07,634.8,639.55,617.0,626.65,2111303.0,
2018-12-10,601.0,614.4,601.0,603.95,1467963.0,
2018-12-11,586.1,628.7,585.05,624.25,2087428.0,
2018-12-12,630.2,659.8,628.0,656.7,1814464.0,
2018-12-13,660.8,667.0,651.5,659.25,1691637.0,
2018-12-14,656.0,674.5,650.0,664.8,2133580.0,
2018-12-17,665.05,679.0,664.0,671.2,1552970.0,
2018-12-18,670.0,677.6,666.05,673.0,1039492.0,
2018-12-19,674.8,685.0,670.1,674.35,1270324.0,
2018-12-20,671.45,696.95,669.5,693.3,2358261.0,
2018-12-21,697.6,702.4,676.6,684.25,2069870.0,
2018-12-24,684.25,690.0,669.05,672.8,960411.0,
2018-12-26,669.9,684.95,659.65,681.8,1569431.0,
2018-12-27,695.0,702.0,684.25,687.3,2878699.0,
2018-12-28,692.0,707.35,691.4,701.85,2138713.0,
2018-12-31,707.95,711.0,702.05,706.1,1189097.0,
2019-01-01,708.5,722.0,696.1,719.8,3301665.0,
2019-01-02,721.5,729.5,702.0,707.1,4236232.0,
2019-01-03,708.25,728.0,708.05,722.2,3077959.0,
2019-01-04,726.7,729.8,715.25,723.85,1987302.0,
2019-01-07,729.8,737.95,726.05,729.25,1287541.0,
2019-01-08,731.4,736.2,724.9,731.15,977880.0,
2019-01-09,734.7,742.9,731.25,739.6,1498650.0,
2019-01-10,739.95,747.9,736.6,744.65,1296883.0,
2019-01-11,749.0,754.85,741.8,753.55,1539622.0,
2019-01-14,752.5,755.9,746.7,753.05,1207539.0,
2019-01-15,753.9,764.8,753.05,756.1,1231150.0,
2019-01-16,758.4,758.4,735.65,737.7,1254789.0,
2019-01-17,737.0,741.95,722.95,733.8,1195025.0,
2019-01-18,734.8,741.0,726.0,728.95,838252.0,
2019-01-21,726.1,745.8,725.0,733.25,1206601.0,
2019-01-22,730.2,732.45,714.2,720.8,1103745.0,
2019-01-23,719.4,736.25,717.9,730.4,1219553.0,
2019-01-24,729.0,729.95,713.65,715.55,1410155.0,
2019-01-25,718.3,724.5,694.9,703.05,1767197.0,
2019-01-28,704.95,709.0,665.1,675.05,5177658.0,
2019-01-29,664.0,664.0,630.25,644.15,4948611.0,
2019-01-30,647.0,662.5,642.0,657.65,2198248.0,
2019-01-31,658.0,664.25,649.0,659.6,1204112.0,
2019-02-01,673.85,684.0,656.0,677.95,5112096.0,
2019-02-04,677.0,681.0,665.7,678.55,1186691.0,
2019-02-05,677.25,693.7,676.55,684.4,2182433.0,
2019-02-06,688.0,690.0,671.0,683.9,1525781.0,
2019-02-07,683.0,686.55,677.0,682.85,1048778.0,
2019-02-08,681.0,681.8,654.1,659.9,1149514.0,
2019-02-11,653.0,653.0,627.1,636.5,1620409.0,
2019-02-12,640.0,647.45,608.5,610.75,2587080.0,
2019-02-13,611.05,624.85,601.0,619.05,3161324.0,
2019-02-14,620.8,646.8,616.1,643.95,2134636.0,
2019-02-15,643.8,643.8,625.9,638.3,1338102.0,
2019-02-18,639.0,641.8,626.6,628.25,941687.0,
2019-02-19,627.95,651.0,627.0,637.15,1348696.0,
2019-02-20,641.0,662.0,640.15,658.95,2172700.0,
2019-02-21,657.0,664.75,652.6,655.25,1840968.0,
2019-02-22,653.95,661.5,648.6,655.6,1323912.0,
2019-02-25,655.6,661.8,645.5,654.45,964200.0,
2019-02-26,649.2,668.0,633.5,660.9,1754000.0,
2019-02-27,668.0,678.25,657.2,663.35,1788950.0,
2019-02-28,665.0,669.75,655.75,657.6,984388.0,
2019-03-01,672.6,676.2,663.4,674.05,1699144.0,
2019-03-05,674.0,715.55,670.35,712.85,2573313.0,
2019-03-06,717.3,746.65,714.1,737.8,2617615.0,
2019-03-07,739.0,745.0,726.35,735.3,1738751.0,
2019-03-08,731.0,735.0,723.5,729.85,885003.0,
2019-03-11,732.7,747.0,730.05,740.6,1421911.0,
2019-03-12,748.5,806.7,745.0,798.1,5722488.0,
2019-03-13,800.0,801.2,782.5,788.0,2604077.0,
2019-03-14,788.0,810.75,785.2,799.75,4097283.0,
2019-03-15,805.55,808.7,788.1,800.55,1976593.0,
2019-03-18,804.0,808.0,776.4,786.1,1818234.0,
2019-03-19,789.9,816.0,785.3,811.2,3143560.0,
2019-03-20,814.4,825.0,811.1,821.55,3530000.0,
2019-03-22,823.55,833.9,801.1,804.45,3215852.0,
2019-03-25,800.8,800.8,782.0,788.7,1218851.0,
2019-03-26,790.0,809.95,780.7,804.55,1949727.0,
2019-03-27,812.8,825.95,801.0,819.05,2703553.0,
2019-03-28,815.0,819.8,790.0,792.45,2510900.0,
2019-03-29,799.65,807.0,788.3,796.05,2340489.0,
2019-04-01,803.0,804.7,769.05,774.7,2365917.0,
2019-04-02,770.0,776.0,760.0,772.35,2528629.0,
2019-04-03,774.1,788.95,765.0,767.7,1651147.0,
2019-04-04,772.0,774.25,762.15,771.05,1059948.0,
2019-04-05,773.85,780.05,766.15,768.9,965651.0,
2019-04-08,769.0,774.0,752.2,760.65,1270995.0,
2019-04-09,758.55,778.0,752.05,774.8,1342599.0,
2019-04-10,775.0,784.85,769.35,776.45,1485707.0,
2019-04-11,779.0,783.9,762.05,769.7,1298312.0,
2019-04-12,770.05,789.0,766.35,787.4,1413819.0,
2019-04-15,793.25,794.8,782.6,786.3,1006147.0,
2019-04-16,791.95,801.4,787.15,789.45,1419978.0,
2019-04-18,791.5,791.5,768.4,770.5,828737.0,
2019-04-22,766.9,776.85,753.75,756.25,846198.0,
2019-04-23,757.9,761.85,742.5,745.15,963287.0,
2019-04-24,743.6,756.75,737.85,754.6,1194454.0,
2019-04-25,752.9,758.7,745.1,749.15,890524.0,
2019-04-26,750.15,754.5,731.55,734.1,1033676.0,
2019-04-30,734.0,744.0,720.0,738.9,1150991.0,
2019-05-02,713.5,714.0,676.55,680.85,3306630.0,
2019-05-03,676.0,686.0,663.0,665.25,1942083.0,
2019-05-06,656.95,671.95,653.1,664.45,1192463.0,
2019-05-07,666.2,668.6,642.0,648.75,2782681.0,
2019-05-08,643.6,647.85,625.0,627.75,2824401.0,
2019-05-09,624.0,626.05,607.55,609.85,2209472.0,
2019-05-10,610.0,615.0,592.6,598.0,1659226.0,
2019-05-13,591.0,598.9,568.7,572.7,1915224.0,
2019-05-14,572.0,582.7,564.9,572.35,2649863.0,
2019-05-15,576.9,579.45,545.0,549.95,2186826.0,
2019-05-16,545.0,565.0,542.0,561.55,3082335.0,
2019-05-17,563.0,568.55,549.05,560.05,2590970.0,
2019-05-20,577.0,594.5,570.0,588.65,2190498.0,
2019-05-21,596.0,613.55,585.15,595.75,3109337.0,
2019-05-22,599.75,602.55,587.1,594.35,1364058.0,
2019-05-23,610.0,621.25,598.15,602.95,3018241.0,
2019-05-24,609.0,639.5,605.0,634.9,3417071.0,
2019-05-27,637.75,649.5,635.5,638.1,1664553.0,
2019-05-28,640.5,641.75,627.6,630.4,1299143.0,
2019-05-29,630.4,630.4,615.1,618.4,1973161.0,
2019-05-30,617.05,620.0,606.3,616.3,1901625.0,
2019-05-31,619.4,620.95,590.6,597.95,2251781.0,
2019-06-03,595.0,610.0,583.2,605.75,2888871.0,
2019-06-04,601.05,612.2,597.0,603.0,1739309.0,
2019-06-06,605.7,607.95,575.45,577.95,1903377.0,
2019-06-07,575.0,589.5,568.5,586.35,1707953.0,
2019-06-10,590.9,596.6,578.0,581.35,1438346.0,
2019-06-11,585.95,594.8,578.5,589.8,1197677.0,
2019-06-12,586.0,594.2,571.6,575.3,1191214.0,
2019-06-13,575.3,582.0,566.55,580.45,1241907.0,
2019-06-14,582.0,582.85,556.0,559.4,2352726.0,
2019-06-17,558.05,558.05,543.35,545.65,1948100.0,
2019-06-18,546.0,551.7,534.5,536.2,2566933.0,
2019-06-19,540.0,546.65,519.3,523.7,2138960.0,
2019-06-20,522.0,554.45,519.5,551.35,2137391.0,
2019-06-21,550.0,560.95,542.05,550.7,2130875.0,
2019-06-24,550.25,565.25,548.1,551.65,2076143.0,
2019-06-25,548.9,551.85,524.2,544.4,2330881.0,
2019-06-26,545.0,558.9,540.25,553.4,1929412.0,
2019-06-27,555.1,563.55,542.8,548.15,2263982.0,
2019-06-28,547.25,550.85,534.1,536.45,1594061.0,
2019-07-01,538.1,573.5,535.6,570.25,5295540.0,
2019-07-02,571.8,576.7,560.15,563.95,3496672.0,
2019-07-03,567.5,578.0,565.1,571.8,2486710.0,
2019-07-04,573.4,581.95,567.0,570.9,2375051.0,
2019-07-05,574.3,575.95,538.0,541.2,2454490.0,
2019-07-08,526.0,531.8,514.4,519.4,2560611.0,
2019-07-09,517.0,540.85,513.5,535.55,2750805.0,
2019-07-10,537.9,544.9,531.5,537.65,1904896.0,
2019-07-11,536.5,548.0,531.6,544.65,1717974.0,
2019-07-12,543.0,552.0,538.0,541.8,2263227.0,
2019-07-15,542.5,547.25,523.3,529.15,1490673.0,
2019-07-16,526.9,549.7,523.0,545.5,2140493.0,
2019-07-17,543.0,554.5,536.45,539.1,2171401.0,
2019-07-18,539.7,543.75,527.0,529.15,1544366.0,
2019-07-19,531.25,534.9,505.4,508.85,2162068.0,
2019-07-22,506.9,506.9,486.6,493.45,3118889.0,
2019-07-23,493.45,505.55,490.95,502.1,2494939.0,
2019-07-24,502.0,507.7,480.5,482.65,2290395.0,
2019-07-25,483.0,489.85,468.05,470.2,2347765.0,
2019-07-26,470.0,487.8,465.9,473.45,2578951.0,
2019-07-29,463.0,479.95,459.2,471.05,4342971.0,
2019-07-30,471.0,479.8,457.0,459.9,2700935.0,
2019-07-31,459.9,472.1,453.1,469.95,2499892.0,
2019-08-01,463.0,467.85,451.1,459.6,2496272.0,
2019-08-02,458.0,472.0,451.35,461.7,2590839.0,
2019-08-05,452.7,462.5,442.25,458.8,2138479.0,
2019-08-06,455.85,477.6,453.85,475.55,2149273.0,
2019-08-07,476.95,482.95,455.9,459.4,2644793.0,
2019-08-08,463.0,486.5,461.2,482.1,2283514.0,
2019-08-09,484.9,495.8,479.65,487.9,3212827.0,
2019-08-13,488.4,488.4,460.0,461.65,1770023.0,
2019-08-14,466.0,473.7,454.3,465.2,1965457.0,
2019-08-16,464.9,473.3,455.7,467.8,2129835.0,
2019-08-19,470.0,478.15,463.0,464.45,2003121.0,
2019-08-20,466.4,468.5,454.35,459.35,1970622.0,
2019-08-21,459.9,467.4,445.75,449.4,2568065.0,
2019-08-22,447.0,449.6,429.5,432.65,2082491.0,
2019-08-23,431.0,458.0,423.55,453.65,3276773.0,10.23
2019-09-30,555.1,563.55,542.8,548.15,2263982.0,23.49
2019-10-01,584.95,612.0,567.0,609.5,7420538.0,11.67
2019-10-02,584.95,612.0,567.0,609.5,7420538.0,11.67
2019-10-03,603.0,624.0,588.85,619.25,5748420.0,11.2
2019-10-04,623.9,626.0,593.3,598.3,4072996.0,11.93
2019-10-07,600.0,607.25,587.8,600.7,3015084.0,11.19
2019-10-08,600.0,607.25,587.8,600.7,3015084.0,11.19
2019-10-09,597.1,612.65,581.5,608.0,4126707.0,15.91
2019-10-10,604.9,615.7,597.15,603.65,2962369.0,5.2
2019-10-11,607.0,610.8,588.9,598.0,2296747.0,4.26
2019-10-14,600.0,619.0,596.65,612.65,2808981.0,6.66
2019-10-15,610.5,634.85,609.1,630.15,4512846.0,9.77
2019-10-16,635.0,639.75,622.1,629.6,4057543.0,10.03
2019-10-17,627.1,648.85,625.0,646.55,3154940.0,9.38
2019-10-18,648.0,655.6,643.7,650.6,2609263.0,12.71
2019-10-21,648.0,655.6,643.7,650.6,2609263.0,12.71
2019-10-22,645.15,660.4,643.05,645.15,1874086.0,9.53
2019-10-23,645.15,659.65,636.0,655.5,2103879.0,6.15
2019-10-24,655.1,667.3,642.55,649.1,2388592.0,7.18
2019-10-25,645.0,651.0,631.2,640.0,1995407.0,6.06
2019-10-28,640.5,647.7,640.05,641.35,204562.0,19.23
2019-10-29,644.0,674.6,640.6,667.7,2765790.0,16.41
2019-10-30,670.0,672.65,657.3,666.05,2001190.0,21.63
2019-10-31,666.9,668.95,650.0,659.35,1989503.0,26.44
2019-11-01,660.0,678.5,655.0,657.55,3266867.0,16.16
2019-11-04,650.0,657.75,638.75,648.6,2481003.0,9.36
2019-11-05,651.75,665.8,646.5,652.55,2796804.0,14.31
2019-11-06,657.8,662.45,651.0,655.45,1215811.0,9.82
2019-11-07,657.0,659.25,643.4,647.9,1223367.0,8.7
2019-11-08,646.0,665.95,642.05,653.75,2272682.0,9.96
2019-11-11,653.0,673.8,646.7,671.55,2150609.0,11.44
2019-11-12,653.0,673.8,646.7,671.55,2150609.0,11.44
2019-11-13,672.0,673.95,649.5,651.8,1566431.0,12.72
2019-11-14,656.0,656.95,643.1,651.9,1579736.0,7.81
2019-11-15,657.0,668.75,653.4,658.3,1540010.0,9.29
2019-11-18,651.0,665.5,651.0,659.65,1061773.0,7.27
2019-11-19,659.65,669.9,655.0,662.45,1478836.0,10.93
2019-11-20,663.5,687.8,660.0,670.6,3712448.0,9.05
2019-11-21,672.0,676.3,650.1,652.25,1334686.0,12.87
2019-11-22,651.8,652.0,639.2,648.0,1585264.0,9.2
2019-11-25,648.0,662.35,648.0,658.9,1280262.0,11.27
2019-11-26,662.0,671.0,648.0,649.75,1745011.0,18.53
2019-11-27,650.6,660.9,643.75,647.9,1528229.0,12.91
2019-11-28,646.05,648.75,636.75,644.45,1428911.0,12.33
2019-11-29,644.5,652.6,631.0,637.2,1577102.0,14.47
2019-12-02,641.35,666.4,639.0,662.5,3671314.0,11.83
2019-12-03,658.25,662.9,618.7,623.0,3666915.0,22.91
2019-12-04,623.95,630.65,608.0,611.25,4544684.0,32.85
2019-12-05,614.3,626.0,613.1,618.7,2470825.0,10.58
2019-12-06,621.8,623.25,600.45,603.3,1691015.0,13.67
2019-12-09,605.0,612.4,596.1,597.6,1842220.0,6.78
2019-12-10,601.0,603.55,587.65,591.45,1453472.0,8.2
2019-12-11,592.0,598.0,585.5,595.85,1491009.0,9.06
2019-12-12,601.0,603.0,592.05,598.3,1485371.0,7.28
2019-12-13,600.0,619.2,600.0,617.05,2856071.0,18.51
2019-12-16,617.05,622.0,610.15,612.9,1410143.0,9.15
2019-12-17,616.0,624.4,613.55,615.75,1601456.0,12.24
2019-12-18,616.9,617.95,607.2,611.4,1257704.0,20.74
2019-12-19,610.0,625.95,601.65,622.65,3705578.0,20.91
2019-12-20,625.5,633.85,622.35,625.7,2922818.0,10.4
2019-12-23,623.75,631.6,622.05,624.9,1042745.0,8.38
2019-12-24,626.9,627.95,618.2,620.3,1048855.0,8.85
2019-12-25,626.9,627.95,618.2,620.3,1048855.0,8.85
2019-12-26,618.7,624.75,614.4,617.05,1107648.0,9.06
2019-12-27,619.2,629.4,616.05,623.45,1303887.0,10.35
2019-12-30,622.05,636.3,622.05,631.3,2113071.0,8.94
2019-12-31,633.0,636.0,628.4,629.6,1073628.0,11.88
2020-01-01,630.0,634.4,603.05,606.2,4151641.0,12.03
2020-01-02,606.2,620.7,604.55,618.9,2294478.0,20.92
2020-01-03,618.0,625.0,612.25,620.85,1663980.0,17.08
2020-01-06,618.0,618.0,602.0,607.3,1480159.0,16.84
2020-01-07,612.3,622.7,610.15,612.1,1477019.0,9.92
2020-01-08,607.75,615.0,601.3,613.2,1410819.0,6.54
2020-01-09,618.0,645.4,617.3,643.05,3176353.0,16.56
2020-01-10,645.8,652.75,639.15,646.85,2338949.0,15.59
2020-01-13,648.9,660.0,646.5,652.85,1654638.0,12.45
2020-01-14,653.0,675.5,650.0,673.0,2444903.0,21.91
2020-01-15,672.95,679.45,665.4,678.05,2003755.0,10.61
2020-01-16,678.05,698.5,675.35,693.85,2903400.0,12.13
2020-01-17,693.8,708.0,690.0,705.8,2465250.0,14.04
2020-01-20,707.0,716.9,697.2,713.1,2185442.0,7.63
2020-01-21,710.0,712.5,701.3,704.0,1297448.0,7.8
2020-01-22,707.05,714.15,700.65,704.1,1511919.0,7.5
2020-01-23,704.0,716.9,700.15,712.7,1429046.0,12.3
2020-01-24,715.85,728.8,710.25,723.6,3229205.0,40.11
2020-01-27,718.0,741.6,715.0,734.25,1985363.0,13.5
2020-01-28,732.8,744.85,720.1,727.7,1866552.0,11.64
2020-01-29,731.0,755.0,724.2,748.0,5632563.0,13.61
2020-01-30,760.0,835.5,758.1,818.35,17118805.0,10.16
2020-01-31,801.0,817.95,794.45,803.65,7011082.0,12.8
2020-02-03,775.2,852.8,764.75,847.15,9868159.0,6.09
2020-02-04,846.15,860.0,830.7,846.7,5474373.0,8.65
2020-02-05,843.0,865.8,838.55,855.3,3123728.0,7.15
2020-02-06,857.0,865.0,846.2,856.35,2324767.0,8.69
2020-02-07,855.0,874.25,843.1,867.9,3226182.0,16.72
2020-02-10,866.0,878.5,861.55,870.5,2523978.0,7.93
2020-02-11,875.1,882.5,862.8,865.8,2061948.0,7.69
2020-02-12,867.5,880.9,862.35,878.8,1866659.0,8.44
2020-02-13,887.55,894.5,873.55,888.55,3892194.0,11.69
2020-02-14,887.2,892.0,879.6,883.05,1701432.0,11.27
2020-02-17,884.0,889.5,871.35,885.65,1663801.0,12.31
2020-02-18,884.1,896.2,872.6,888.65,1671898.0,11.2
2020-02-19,897.0,914.7,889.05,909.85,2945081.0,6.4
2020-02-20,907.95,907.95,838.35,878.3,9012079.0,12.33
2020-02-21,907.95,907.95,838.35,878.3,9012079.0,12.33
2020-02-24,869.0,871.75,832.85,836.85,3789594.0,21.55
2020-02-25,845.0,849.4,825.6,830.25,2673083.0,14.67
2020-02-26,827.3,839.45,818.55,827.85,2403134.0,12.16
2020-02-27,825.0,827.3,808.7,817.65,2111101.0,20.5
2020-02-28,800.0,801.95,766.75,780.1,3514546.0,28.44
2020-03-02,820.0,871.95,811.0,844.3,8751507.0,6.55
2020-03-03,853.0,875.0,834.0,853.0,4629904.0,4.37
2020-03-04,852.0,856.2,806.2,830.95,2487490.0,6.22
2020-03-05,832.05,845.35,822.1,832.25,1905379.0,3.92
2020-03-06,808.7,828.4,798.7,813.1,1674717.0,7.12
2020-03-09,804.0,807.8,760.4,775.1,2425107.0,14.91
2020-03-10,804.0,807.8,760.4,775.1,2425107.0,14.91
2020-03-11,774.0,790.8,745.1,748.3,2744883.0,14.33
2020-03-12,690.25,709.75,663.05,680.85,2768858.0,10.08
2020-03-13,616.0,740.0,590.05,700.45,2911895.0,16.87
2020-03-16,652.0,669.6,620.15,633.7,2010918.0,13.97
2020-03-17,641.3,686.6,628.85,648.9,3343272.0,17.81
2020-03-18,659.7,665.25,559.0,576.45,3487996.0,18.99
2020-03-19,539.9,602.85,526.05,573.6,3261146.0,16.46
2020-03-20,584.7,711.0,562.0,675.15,5000516.0,9.2
2020-03-23,607.65,646.7,542.65,550.75,2535401.0,38.33
2020-03-24,594.1,652.2,546.1,633.75,3546324.0,9.92
2020-03-25,577.0,660.0,577.0,646.9,2882806.0,11.27
2020-03-26,647.0,684.7,633.15,663.2,2590067.0,12.95
2020-03-27,670.0,729.5,643.75,654.8,3385412.0,13.07
2020-03-30,624.0,652.85,598.0,601.6,2084187.0,10.98
2020-03-31,615.0,677.9,601.0,662.6,3965382.0,8.46
2020-04-01,637.0,651.3,576.2,598.8,4836326.0,8.24
2020-04-02,637.0,651.3,576.2,598.8,4836326.0,8.24
2020-04-03,594.0,604.4,558.85,592.4,3825228.0,6.67
2020-04-06,594.0,604.4,558.85,592.4,3825228.0,6.67
2020-04-07,623.0,668.25,600.2,663.75,4083879.0,14.05
2020-04-08,653.7,702.2,636.35,642.35,4355051.0,7.55
2020-04-09,661.0,696.6,653.55,684.3,3501449.0,6.56
2020-04-10,661.0,696.6,653.55,684.3,3501449.0,6.56
2020-04-13,684.3,698.9,660.05,689.8,2844324.0,8.97
2020-04-15,706.25,792.65,698.05,714.7,6783089.0,9.68
2020-04-16,710.0,728.6,696.1,714.3,3882012.0,9.8
2020-04-17,744.0,767.3,707.0,746.2,5154023.0,13.51
2020-04-20,749.45,760.65,725.55,746.1,2819316.0,7.86
2020-04-21,725.05,738.0,712.4,725.1,2270798.0,4.25
2020-04-22,722.0,754.75,715.3,749.75,2982166.0,7.43
2020-04-23,751.9,778.35,745.35,752.2,3161713.0,11.04
2020-04-24,744.0,758.7,712.2,717.0,2146278.0,10.7
2020-04-27,731.0,737.95,702.8,709.1,3188799.0,13.87
2020-04-28,713.8,718.0,677.5,709.15,5157760.0,5.43
2020-04-29,715.0,725.5,703.85,715.0,2961678.0,19.33
2020-04-30,728.8,738.75,708.5,713.35,3220473.0,18.76
2020-05-01,728.8,738.75,708.5,713.35,3220473.0,18.76
2020-05-04,690.0,694.4,667.3,682.85,1879995.0,11.82
2020-05-05,701.9,713.4,680.4,692.35,2849922.0,12.11
2020-05-06,697.9,720.0,684.55,715.6,2879800.0,13.58
2020-05-07,720.0,753.7,715.6,750.15,5031786.0,14.18
2020-05-08,757.5,769.1,734.0,740.35,2489824.0,8.93
2020-05-11,747.35,776.8,742.15,755.15,3585712.0,8.6
2020-05-12,751.8,769.45,736.4,765.15,2596808.0,8.8
2020-05-13,785.0,823.35,762.1,812.25,6816347.0,12.36
2020-05-14,795.9,807.7,778.2,794.3,5873699.0,8.34
2020-05-15,810.0,835.65,798.5,823.55,7676115.0,6.31
2020-05-18,824.95,833.45,803.0,810.5,4822543.0,7.41
2020-05-19,820.7,841.55,817.35,835.6,4134658.0,10.82
2020-05-20,835.55,880.0,829.0,867.35,3882308.0,14.55
2020-05-21,870.0,885.65,862.75,881.25,2559584.0,14.0
2020-05-22,875.0,918.95,865.0,909.65,4150075.0,11.76
2020-05-25,875.0,918.95,865.0,909.65,4150075.0,11.76
2020-05-26,909.65,909.65,863.3,869.1,2557007.0,10.75
2020-05-27,871.9,879.7,851.55,873.5,2214746.0,7.84
2020-05-28,877.0,907.0,867.6,890.65,3427173.0,7.41
2020-05-29,880.0,907.5,873.6,903.25,2674266.0,14.25
2020-06-01,912.0,987.0,911.5,972.4,5356502.0,13.31
2020-06-02,972.4,977.85,950.2,959.65,2897718.0,10.6
2020-06-03,960.0,1003.65,960.0,972.45,3647570.0,13.34
2020-06-04,976.0,988.8,962.0,976.55,2490404.0,18.34
2020-06-05,983.0,988.9,962.1,965.75,2269700.0,27.42
2020-06-08,974.0,979.9,953.5,960.95,1698855.0,12.19
2020-06-09,961.5,984.7,938.65,944.45,2201948.0,7.31
2020-06-10,944.0,952.8,933.0,941.8,2094163.0,6.49
2020-06-11,942.0,957.65,915.0,918.35,2262760.0,13.38
2020-06-12,897.0,986.4,895.15,977.6,3325502.0,12.73
2020-06-15,975.95,983.9,935.05,940.85,2758671.0,12.47
2020-06-16,962.0,969.95,941.0,958.3,2264062.0,8.38
2020-06-17,950.0,1009.25,947.1,999.85,5717145.0,7.97
2020-06-18,995.0,1014.9,978.0,981.5,2663456.0,13.1
2020-06-19,990.0,994.55,968.15,984.4,1458038.0,20.33
2020-06-22,990.0,991.85,970.05,974.25,885423.0,16.92
2020-06-23,985.0,985.0,962.6,970.65,1357570.0,21.36
2020-06-24,984.9,1048.0,980.0,987.75,6080166.0,16.21
2020-06-25,988.0,1036.65,978.8,1030.95,3886139.0,11.23
2020-06-26,1033.0,1045.1,1005.4,1017.35,2140776.0,17.27
2020-06-29,1014.5,1043.65,1002.2,1033.45,2181625.0,7.3
2020-06-30,1041.6,1061.7,1032.15,1040.0,3617260.0,9.39
2020-07-01,1053.0,1069.0,1018.1,1033.85,3430142.0,11.39
2020-07-02,1038.8,1051.15,1021.05,1040.75,2094600.0,12.22
2020-07-03,1041.75,1064.5,1039.15,1059.9,1549109.0,15.38
2020-07-06,1066.0,1080.0,1052.25,1072.7,2466328.0,11.91
2020-07-07,1071.05,1117.0,1065.15,1110.55,2848922.0,18.06
2020-07-08,1106.0,1118.7,1081.1,1088.1,1735342.0,18.56
2020-07-09,1088.1,1134.65,1088.1,1129.5,3614508.0,11.42
2020-07-10,1115.0,1140.85,1113.45,1136.6,2509187.0,12.28
2020-07-13,1142.0,1154.8,1124.3,1129.15,1942503.0,17.77
2020-07-14,1124.8,1125.0,1074.0,1080.05,1453376.0,31.49
2020-07-15,1091.2,1129.85,1076.0,1107.2,1581308.0,23.36
2020-07-16,1107.0,1107.0,1075.45,1095.3,947504.0,17.07
2020-07-17,1113.9,1136.95,1098.6,1104.6,2068168.0,15.22
2020-07-20,1105.35,1126.0,1103.75,1119.6,1087701.0,22.22
2020-07-21,1127.0,1178.95,1126.05,1171.75,3757828.0,25.63
2020-07-22,1165.0,1210.0,1163.0,1203.7,3475170.0,23.46
2020-07-23,1210.0,1210.0,1160.3,1167.25,1591575.0,28.55
2020-07-24,1163.95,1176.7,1122.4,1128.25,2050908.0,26.63
2020-07-27,1128.25,1151.9,1092.3,1105.95,4110902.0,10.33
2020-07-28,1110.1,1169.0,1102.55,1158.05,4065437.0,19.82
2020-07-29,1156.95,1184.0,1131.8,1140.8,2305015.0,17.0
2020-07-30,1147.0,1150.5,1114.9,1130.05,1581565.0,21.11
2020-07-31,1135.35,1161.75,1126.15,1134.0,1832375.0,22.92
2020-08-03,1122.0,1139.85,1084.0,1102.1,2224926.0,15.58
2020-08-04,1106.0,1129.8,1101.15,1120.3,1303391.0,13.35
2020-08-05,1125.3,1174.95,1124.0,1146.55,2651357.0,18.02
2020-08-06,1150.0,1160.6,1114.0,1120.55,1354492.0,14.96
2020-08-07,1124.0,1148.0,1120.0,1123.65,1753969.0,21.31
2020-08-10,1132.65,1138.0,1099.3,1114.05,1618856.0,16.95
2020-08-11,1121.2,1142.65,1112.25,1118.8,1068180.0,11.91
2020-08-12,1118.95,1135.85,1108.0,1117.8,1403073.0,14.02
2020-08-13,1120.9,1143.0,1116.0,1120.85,1412424.0,17.15
2020-08-14,1130.0,1172.25,1077.4,1100.65,3609618.0,18.79
2020-08-17,1118.0,1159.55,1103.0,1152.65,3412551.0,13.45
2020-08-18,1161.0,1172.0,1146.05,1156.05,1918184.0,8.3
2020-08-19,1169.4,1198.0,1153.7,1160.1,3963863.0,12.49
2020-08-20,1154.9,1172.0,1131.25,1140.0,1923674.0,9.94
2020-08-21,1154.8,1157.9,1122.5,1127.8,1471728.0,13.37
2020-08-24,1134.8,1144.7,1117.1,1129.1,1359702.0,11.6
2020-08-25,1136.0,1152.0,1111.0,1118.1,1518827.0,16.15
2020-08-26,1128.4,1135.9,1108.8,1125.8,1548786.0,17.26
2020-08-27,1133.9,1164.0,1122.15,1156.15,2332574.0,19.52
2020-08-28,1164.95,1172.05,1132.0,1141.1,1569698.0,22.8
2020-08-31,1152.9,1152.9,1080.05,1087.6,2003458.0,22.0
2020-09-01,1120.05,1153.75,1078.05,1111.75,4953620.0,8.2
2020-09-02,1117.8,1234.7,1110.55,1223.6,6663720.0,14.2
2020-09-03,1218.0,1235.85,1192.35,1224.55,3024262.0,16.06
2020-09-04,1190.0,1214.9,1177.75,1182.4,1781800.0,26.04
2020-09-07,1193.9,1213.9,1135.05,1145.95,3198227.0,13.94
2020-09-08,1149.95,1164.8,1116.0,1121.1,2515410.0,12.55
2020-09-09,1116.0,1216.5,1111.25,1205.8,8979667.0,13.75
2020-09-10,1208.9,1230.0,1161.0,1193.45,5403523.0,7.22
2020-09-11,1192.8,1214.25,1182.0,1198.6,2739844.0,13.41
2020-09-14,1207.0,1276.0,1197.5,1246.5,5297033.0,7.92
2020-09-15,1242.5,1256.85,1214.0,1229.8,1650009.0,17.16
2020-09-16,1231.0,1272.0,1231.0,1254.95,2210082.0,11.7
2020-09-17,1235.0,1259.0,1235.0,1243.85,1038243.0,16.28
2020-09-18,1248.8,1280.7,1225.85,1238.6,2225289.0,27.98
2020-09-21,1248.0,1259.0,1199.05,1213.35,1940457.0,20.61
2020-09-22,1215.0,1227.25,1170.0,1198.8,2106701.0,15.06
2020-09-23,1213.0,1245.0,1190.55,1213.75,2319475.0,6.74
2020-09-24,1197.0,1205.6,1151.5,1157.9,1886860.0,13.95
2020-09-25,1168.6,1208.0,1162.25,1203.4,1759568.0,11.32
2020-09-28,1215.8,1305.0,1212.35,1295.6,4865306.0,8.76
2020-09-29,1304.0,1323.0,1282.85,1313.65,3815051.0,15.33
2020-09-30,1320.0,1342.75,1306.85,1318.45,2476004.0,11.48
2020-10-01,1310.0,1310.0,1262.3,1283.5,2603135.0,9.54
2020-10-02,1310.0,1310.0,1262.3,1283.5,2603135.0,9.54
2020-10-05,1290.0,1296.35,1225.0,1235.55,2267887.0,25.21
2020-10-06,1249.3,1265.7,1230.55,1250.85,2187345.0,8.61
2020-10-07,1251.0,1264.4,1233.0,1245.85,1652249.0,12.11
2020-10-08,1252.95,1265.0,1227.25,1243.15,1371813.0,10.51
2020-10-09,1246.95,1258.7,1217.5,1221.65,1486409.0,16.62
2020-10-12,1224.9,1259.0,1213.25,1254.2,2100408.0,15.87
2020-10-13,1254.35,1276.95,1235.0,1241.25,2842613.0,8.59
2020-10-14,1238.7,1254.2,1222.25,1232.35,858244.0,16.1
2020-10-15,1230.25,1250.0,1165.6,1196.2,1342645.0,14.88
2020-10-16,1207.0,1227.55,1156.2,1167.6,1390920.0,17.0
2020-10-19,1178.75,1193.0,1157.1,1183.05,993582.0,23.0
2020-10-20,1186.75,1204.4,1172.8,1196.45,1320709.0,17.73
2020-10-21,1207.5,1247.5,1170.0,1199.9,3051906.0,9.78
2020-10-22,1202.6,1213.9,1178.6,1188.35,1045132.0,12.86
2020-10-23,1190.0,1222.5,1182.4,1188.3,1893946.0,9.78
2020-10-26,1197.0,1199.25,1145.95,1191.7,1292640.0,22.29
2020-10-27,1191.7,1223.75,1180.6,1220.25,1463593.0,16.67
2020-10-28,1226.8,1262.0,1188.0,1205.5,3373888.0,14.82
2020-10-29,1200.0,1216.25,1178.5,1187.6,1410107.0,23.81
2020-10-30,1198.0,1211.95,1171.8,1200.95,1332500.0,10.41
2020-11-02,1207.0,1239.5,1185.05,1228.2,3692700.0,14.66
2020-11-03,1244.9,1257.75,1207.0,1234.6,3245073.0,27.48
2020-11-04,1240.0,1243.9,1218.4,1232.35,1285385.0,14.83
2020-11-05,1242.2,1274.9,1233.25,1254.2,1947383.0,19.47
2020-11-06,1261.0,1291.0,1255.75,1285.45,2012044.0,20.91
2020-11-09,1296.2,1364.7,1286.75,1355.85,2959408.0,18.81
2020-11-10,1365.0,1367.0,1324.15,1335.55,1701431.0,27.56
2020-11-11,1348.9,1373.35,1331.0,1366.85,1579653.0,19.96
2020-11-12,1372.95,1422.3,1368.25,1401.85,3087921.0,19.11
2020-11-13,1402.95,1417.85,1382.8,1395.95,1461489.0,16.01
2020-11-16,1403.0,1406.0,1391.25,1396.35,110856.0,27.85
2020-11-17,1401.0,1433.8,1401.0,1422.3,1695746.0,16.24
2020-11-18,1419.1,1438.95,1407.0,1424.75,1184148.0,25.94
2020-11-19,1418.0,1446.8,1385.3,1406.3,1813610.0,21.58
2020-11-20,1410.0,1422.0,1375.0,1414.65,1071447.0,17.88
2020-11-23,1425.0,1430.0,1389.0,1402.55,940363.0,16.25
2020-11-24,1413.25,1427.8,1400.4,1410.65,1076870.0,16.11
2020-11-25,1416.0,1420.0,1382.5,1394.2,850333.0,21.27
2020-11-26,1390.0,1401.95,1353.0,1387.45,1250627.0,22.96
2020-11-27,1388.0,1422.0,1382.0,1403.85,1833823.0,26.58
2020-11-30,1388.0,1422.0,1382.0,1403.85,1833823.0,26.58
2020-12-01,1412.0,1412.0,1363.1,1373.7,1961246.0,32.55
2020-12-02,1379.9,1422.0,1376.0,1417.9,2446125.0,23.36
2020-12-03,1424.7,1434.9,1397.45,1406.7,2030412.0,29.15
2020-12-04,1417.9,1452.65,1410.0,1432.4,2305368.0,21.6
2020-12-07,1425.0,1425.0,1378.0,1397.9,1919745.0,24.54
2020-12-08,1408.4,1412.95,1381.1,1396.05,1063290.0,17.44
2020-12-09,1398.6,1403.0,1383.0,1389.25,1046697.0,25.71
2020-12-10,1391.7,1394.6,1364.0,1371.85,1267284.0,30.16
2020-12-11,1370.9,1384.15,1350.0,1361.05,1180252.0,17.14
2020-12-14,1372.0,1372.0,1328.5,1332.8,1537324.0,36.76
2020-12-15,1331.0,1355.0,1294.45,1335.15,2462426.0,25.03
2020-12-16,1350.0,1363.95,1333.15,1340.25,2268659.0,35.63
2020-12-17,1341.0,1355.85,1323.05,1330.05,1483211.0,49.73
2020-12-18,1330.05,1343.4,1317.0,1336.75,1224257.0,22.87
2020-12-21,1333.9,1336.0,1213.25,1247.35,1764980.0,21.12
2020-12-22,1261.0,1274.55,1181.6,1228.65,2446030.0,28.02
2020-12-23,1240.4,1288.0,1235.25,1266.6,2513410.0,20.84
2020-12-24,1267.0,1281.35,1240.55,1259.75,1372662.0,29.9
2020-12-25,1267.0,1281.35,1240.55,1259.75,1372662.0,29.9
2020-12-28,1269.8,1279.85,1238.05,1242.6,1540189.0,31.67
2020-12-29,1250.0,1277.0,1229.15,1268.9,2433842.0,18.92
2020-12-30,1277.0,1283.65,1254.6,1265.15,1853063.0,19.34
2020-12-31,1265.15,1274.8,1245.25,1260.4,1401417.0,20.03
2021-01-01,1289.6,1309.85,1281.0,1287.8,4914281.0,12.86
2021-01-04,1304.85,1317.0,1283.55,1312.25,1879986.0,20.63
2021-01-05,1301.05,1320.0,1295.6,1313.2,1833381.0,24.02
2021-01-06,1311.85,1325.1,1277.5,1294.4,2806134.0,16.91
2021-01-07,1310.0,1329.7,1303.55,1317.1,2230665.0,26.39
2021-01-08,1328.0,1355.0,1320.0,1349.0,2413770.0,28.82
2021-01-11,1352.0,1368.0,1334.0,1354.95,1482086.0,24.16
2021-01-12,1340.0,1385.0,1340.0,1377.45,1757289.0,23.87
2021-01-13,1386.8,1389.7,1351.0,1364.4,1404013.0,22.75
2021-01-14,1350.0,1367.4,1341.05,1347.2,903834.0,23.36
2021-01-15,1345.0,1357.9,1307.0,1321.9,1266051.0,23.2
2021-01-18,1327.85,1328.4,1265.0,1271.8,1089920.0,21.12
2021-01-19,1294.0,1297.95,1266.8,1274.6,1369538.0,21.12
2021-01-20,1278.45,1312.8,1276.35,1305.75,1649554.0,14.94
2021-01-21,1312.2,1324.0,1275.6,1285.65,1264624.0,14.82
2021-01-22,1288.95,1316.85,1284.95,1293.7,1394519.0,18.83
2021-01-25,1300.0,1304.95,1218.1,1225.9,1643931.0,24.57
2021-01-26,1300.0,1304.95,1218.1,1225.9,1643931.0,24.57
2021-01-27,1220.0,1272.0,1202.0,1247.1,2822897.0,15.01
2021-01-28,1226.0,1250.0,1201.1,1224.2,1367820.0,19.54
2021-01-29,1239.8,1242.95,1201.25,1205.7,1173050.0,19.73
2021-02-01,1240.0,1273.8,1185.0,1265.4,2416468.0,21.21
2021-02-02,1279.45,1355.0,1278.9,1334.15,4685702.0,13.79
2021-02-03,1335.0,1423.65,1306.4,1384.15,4606890.0,21.68
2021-02-04,1384.0,1440.0,1376.0,1401.75,3214687.0,13.6
2021-02-05,1415.65,1444.9,1391.0,1400.25,1644014.0,15.92
2021-02-08,1414.65,1453.95,1404.05,1432.8,1681481.0,19.47
2021-02-09,1441.0,1468.45,1420.1,1427.35,2179561.0,14.6
2021-02-10,1429.0,1453.95,1408.0,1442.4,1968341.0,15.55
2021-02-11,1431.4,1442.0,1421.0,1424.85,711530.0,12.51
2021-02-12,1432.15,1436.0,1409.0,1423.9,643467.0,10.32
2021-02-15,1427.0,1433.0,1391.55,1397.2,773448.0,19.64
2021-02-16,1402.0,1405.0,1380.1,1391.05,936005.0,7.94
2021-02-17,1391.05,1393.5,1364.2,1378.2,667806.0,16.86
2021-02-18,1378.2,1404.5,1362.0,1378.95,1156906.0,14.09
2021-02-19,1369.0,1369.0,1326.7,1335.95,889225.0,20.36
2021-02-22,1335.95,1339.95,1276.5,1282.8,863883.0,17.7
2021-02-23,1292.8,1306.0,1247.65,1296.85,1682554.0,27.15
2021-02-24,1309.0,1315.55,1275.0,1311.6,752013.0,31.75
2021-02-25,1320.0,1340.0,1300.25,1309.05,877139.0,18.13
2021-02-26,1291.0,1336.8,1281.7,1310.9,1316088.0,13.56
2021-03-01,1342.0,1342.0,1278.0,1288.7,1623331.0,22.28
2021-03-02,1300.0,1315.0,1283.2,1311.45,1063304.0,21.03
2021-03-03,1322.8,1363.0,1316.15,1341.45,1602126.0,25.86
2021-03-04,1334.0,1358.0,1324.0,1343.7,869460.0,21.19
2021-03-05,1333.7,1359.45,1305.4,1318.8,962001.0,38.33
2021-03-08,1325.1,1352.25,1323.0,1336.55,648315.0,26.38
2021-03-09,1345.0,1369.0,1340.5,1362.6,1321433.0,33.27
2021-03-10,1374.7,1378.0,1351.05,1365.0,825036.0,23.52
2021-03-11,1374.7,1378.0,1351.05,1365.0,825036.0,23.52
2021-03-12,1371.0,1389.4,1358.3,1380.65,864530.0,30.03
2021-03-15,1385.0,1385.0,1331.0,1363.25,764666.0,17.18
2021-03-16,1358.3,1371.3,1336.8,1350.95,505511.0,15.13
2021-03-17,1354.95,1363.65,1325.15,1330.15,641588.0,22.43
2021-03-18,1339.0,1348.4,1302.0,1319.45,1120507.0,15.75
2021-03-19,1310.0,1349.5,1298.75,1343.15,962739.0,37.6
2021-03-22,1343.15,1375.0,1340.4,1362.3,790865.0,20.75
2021-03-23,1369.1,1381.05,1353.2,1365.45,574469.0,12.39
2021-03-24,1361.1,1374.95,1316.25,1321.05,760354.0,27.32
2021-03-25,1320.0,1327.65,1260.8,1266.25,1120803.0,18.13
2021-03-26,1275.0,1288.95,1260.5,1270.15,667881.0,10.09
2021-03-29,1275.0,1288.95,1260.5,1270.15,667881.0,10.09
2021-03-30,1280.0,1291.95,1262.45,1274.35,553080.0,21.87
2021-03-31,1273.4,1295.35,1266.75,1287.8,678770.0,27.92
2021-04-01,1310.0,1316.9,1263.3,1274.05,1597734.0,18.92
2021-04-02,1310.0,1316.9,1263.3,1274.05,1597734.0,18.92
2021-04-05,1272.0,1275.95,1229.0,1235.35,887686.0,23.44
2021-04-06,1240.0,1248.75,1218.6,1222.05,1208009.0,28.71
2021-04-07,1223.0,1250.95,1220.0,1239.9,1011855.0,32.84
2021-04-08,1245.0,1285.9,1243.6,1270.75,1285015.0,35.64
2021-04-09,1276.9,1289.0,1263.95,1267.8,866207.0,29.34
2021-04-12,1249.0,1254.45,1193.0,1216.0,1068953.0,31.56
2021-04-13,1216.55,1242.75,1196.75,1234.1,1082272.0,21.93
2021-04-14,1216.55,1242.75,1196.75,1234.1,1082272.0,21.93
2021-04-15,1230.0,1230.0,1177.25,1217.9,1212087.0,24.74
2021-04-16,1215.0,1256.9,1202.05,1246.9,1081614.0,13.68
2021-04-19,1225.0,1227.4,1190.0,1220.45,796272.0,18.25
2021-04-20,1222.0,1239.35,1193.85,1210.6,745098.0,28.73
2021-04-21,1222.0,1239.35,1193.85,1210.6,745098.0,28.73
2021-04-22,1192.0,1199.95,1156.3,1172.9,1733814.0,22.67
2021-04-23,1173.45,1179.9,1131.0,1138.4,1424940.0,30.14
2021-04-26,1141.7,1149.5,1124.5,1128.95,1862525.0,24.22
2021-04-27,1128.0,1147.9,1118.05,1134.0,1839460.0,34.7
2021-04-28,1145.1,1172.0,1133.05,1146.6,1805844.0,23.02
2021-04-29,1157.0,1162.0,1127.0,1130.4,1469059.0,25.83
2021-04-30,1120.7,1157.0,1111.0,1118.6,2646200.0,31.63
2021-05-03,1106.5,1132.1,1100.0,1127.6,1510211.0,27.19
2021-05-04,1140.0,1151.6,1115.15,1123.8,1467293.0,30.5
2021-05-05,1133.0,1134.45,1111.6,1123.0,819639.0,24.67
2021-05-06,1129.85,1142.0,1115.05,1131.8,1245287.0,37.84
2021-05-07,1138.0,1172.0,1137.5,1162.6,2527838.0,27.93
2021-05-10,1170.0,1187.5,1166.0,1182.15,1666268.0,36.21
2021-05-11,1177.0,1181.0,1162.0,1175.95,712524.0,27.62
2021-05-12,1174.0,1192.8,1161.45,1169.6,1226875.0,25.45
2021-05-13,1174.0,1192.8,1161.45,1169.6,1226875.0,25.45
2021-05-14,1177.0,1184.0,1137.7,1163.55,2102690.0,19.54
2021-05-17,1171.5,1171.5,1113.05,1142.05,2767058.0,22.07
2021-05-18,1155.0,1182.0,1132.55,1176.8,2720251.0,29.03
2021-05-19,1180.0,1189.0,1168.2,1176.2,1511759.0,24.23
2021-05-20,1179.9,1179.9,1146.25,1161.4,1313068.0,37.4
2021-05-21,1175.0,1175.0,1156.2,1158.65,1270521.0,47.47
2021-05-24,1165.0,1192.0,1149.0,1169.2,2422497.0,34.56
2021-05-25,1176.0,1179.9,1149.4,1150.8,1327524.0,47.91
2021-05-26,1153.0,1154.4,1135.0,1137.9,1681362.0,43.01
2021-05-27,1141.0,1147.0,1125.0,1143.3,1994081.0,46.91
2021-05-28,1151.0,1170.85,1137.25,1162.35,1686225.0,34.43
2021-05-31,1162.0,1174.0,1155.5,1171.8,1185585.0,31.39
2021-06-01,1189.0,1190.0,1152.45,1162.8,1835877.0,21.49
2021-06-02,1160.0,1166.05,1150.0,1161.45,1976024.0,49.91
2021-06-03,1167.7,1220.0,1162.75,1216.05,4952087.0,31.11
2021-06-04,1228.95,1234.25,1207.7,1218.95,2445770.0,27.88
2021-06-07,1230.0,1230.0,1209.2,1212.4,1751701.0,49.43
2021-06-08,1213.75,1218.5,1197.5,1204.95,1339391.0,35.6
2021-06-09,1212.95,1225.9,1186.0,1198.15,1612676.0,32.12
2021-06-10,1202.0,1211.0,1191.0,1199.0,1264792.0,47.38
2021-06-11,1207.7,1233.5,1202.0,1218.9,2410638.0,26.12
2021-06-14,1227.95,1227.95,1192.6,1216.4,1333252.0,23.54
2021-06-15,1222.0,1226.0,1208.2,1209.95,1056888.0,42.22
2021-06-16,1210.0,1213.0,1187.0,1191.15,1260745.0,46.65
2021-06-17,1186.0,1186.0,1160.0,1165.45,1366129.0,44.78
2021-06-18,1175.1,1176.65,1131.1,1169.95,1344781.0,33.16
2021-06-21,1155.1,1178.95,1151.25,1167.9,713049.0,22.44
2021-06-22,1175.0,1188.9,1167.35,1169.8,1018246.0,27.44
2021-06-23,1175.0,1185.05,1163.6,1167.3,732658.0,36.13
2021-06-24,1168.0,1175.85,1152.55,1155.55,498705.0,32.29
2021-06-25,1156.5,1184.9,1156.5,1182.45,752309.0,27.66
2021-06-28,1187.0,1210.0,1177.8,1202.75,1431038.0,27.26
2021-06-29,1206.5,1214.95,1189.4,1195.35,950899.0,31.7
2021-06-30,1199.0,1225.0,1199.0,1220.1,1811484.0,42.97
2021-07-01,1235.85,1241.85,1197.55,1200.85,2930696.0,24.78
2021-07-02,1207.0,1218.0,1199.0,1202.95,865305.0,26.0
2021-07-05,1210.0,1214.35,1198.1,1202.05,445326.0,27.27
2021-07-06,1202.0,1214.55,1188.0,1200.6,966790.0,43.62
2021-07-07,1196.3,1207.0,1190.45,1203.95,547220.0,32.77
2021-07-08,1204.0,1218.25,1196.25,1202.05,743767.0,37.04
2021-07-09,1199.0,1209.8,1191.05,1200.2,537159.0,33.82
2021-07-12,1210.0,1211.1,1193.5,1200.75,558276.0,43.43
2021-07-13,1208.95,1208.95,1195.0,1199.9,387934.0,42.14
2021-07-14,1200.1,1204.0,1189.05,1193.8,834590.0,62.22
2021-07-15,1189.7,1206.0,1189.25,1200.35,467065.0,31.69
2021-07-16,1205.0,1212.6,1190.0,1193.7,475394.0,29.69
2021-07-19,1189.0,1203.7,1184.4,1192.7,698945.0,42.95
2021-07-20,1192.0,1194.8,1160.0,1169.85,966169.0,42.7
2021-07-21,1192.0,1194.8,1160.0,1169.85,966169.0,42.7
2021-07-22,1174.5,1181.2,1164.4,1166.95,524663.0,57.44
2021-07-23,1166.95,1169.0,1155.0,1160.65,450466.0,29.75
2021-07-26,1166.8,1166.8,1151.2,1154.3,400400.0,30.57
2021-07-27,1159.85,1160.55,1135.1,1142.75,594744.0,44.05
2021-07-28,1143.5,1148.75,1128.0,1137.45,574539.0,40.61
2021-07-29,1137.45,1152.7,1135.0,1137.15,604866.0,30.75
2021-07-30,1143.7,1188.0,1137.15,1184.35,1377376.0,25.8
2021-08-02,1184.0,1204.8,1157.7,1200.25,2207108.0,33.84
2021-08-03,1200.25,1224.75,1197.0,1213.5,1945315.0,45.82
2021-08-04,1217.9,1239.9,1211.1,1234.15,1957294.0,37.82
2021-08-05,1236.8,1255.0,1213.35,1224.55,3584311.0,12.59
2021-08-06,1224.55,1229.5,1188.0,1199.9,2075353.0,31.06
2021-08-09,1199.9,1211.9,1187.75,1194.3,1004794.0,51.34
2021-08-10,1198.7,1277.0,1196.6,1270.0,7304602.0,26.79
2021-08-11,1270.0,1278.9,1231.25,1261.9,1941460.0,18.89
2021-08-12,1261.9,1274.2,1251.9,1265.15,1085972.0,36.97
2021-08-13,1268.0,1288.0,1258.75,1272.4,1413324.0,30.45
2021-08-16,1278.5,1282.95,1260.0,1263.75,630041.0,26.16
2021-08-17,1263.7,1272.0,1235.3,1249.1,525414.0,23.03
2021-08-18,1253.1,1260.0,1223.7,1229.9,575036.0,19.97
2021-08-19,1253.1,1260.0,1223.7,1229.9,575036.0,19.97
2021-08-20,1219.0,1224.0,1186.0,1194.1,1021721.0,38.04
2021-08-23,1208.0,1303.4,1183.2,1257.4,5407854.0,13.88
2021-08-24,1252.5,1323.0,1247.6,1296.3,5184021.0,14.57
2021-08-25,1300.0,1350.05,1290.25,1341.5,2762786.0,21.89
2021-08-26,1341.5,1352.1,1328.5,1343.15,1837948.0,26.68
2021-08-27,1342.0,1379.2,1336.1,1347.5,2437177.0,14.73
2021-08-30,1355.7,1378.65,1350.0,1366.4,950486.0,27.27
2021-08-31,1371.0,1376.45,1341.0,1346.35,827925.0,26.62
2021-09-01,1347.0,1375.0,1311.1,1347.8,1297957.0,22.64
2021-09-02,1345.35,1354.0,1288.0,1311.35,1599168.0,22.71
2021-09-03,1315.0,1331.0,1294.9,1321.7,1155242.0,27.73
2021-09-06,1330.0,1390.9,1319.75,1386.9,2151756.0,26.72
2021-09-07,1392.7,1413.95,1351.85,1397.4,2027043.0,21.89
2021-09-08,1404.6,1408.0,1373.55,1383.25,1060529.0,19.11
2021-09-09,1361.35,1391.75,1352.0,1375.95,1057441.0,15.46
2021-09-10,1361.35,1391.75,1352.0,1375.95,1057441.0,15.46
2021-09-13,1379.7,1391.95,1365.0,1378.85,770813.0,33.2
2021-09-14,1382.0,1478.0,1377.55,1466.0,4243237.0,22.94
2021-09-15,1462.0,1472.8,1444.0,1465.8,1016806.0,32.54
2021-09-16,1466.2,1475.75,1441.5,1447.85,857620.0,48.67
2021-09-17,1451.75,1465.0,1415.25,1452.55,917819.0,34.48
2021-09-20,1438.0,1501.5,1430.0,1439.45,2042054.0,25.87
2021-09-21,1457.5,1492.0,1434.05,1474.85,3448518.0,28.25
2021-09-22,1475.05,1542.0,1455.0,1520.15,2890213.0,21.34
2021-09-23,1565.1,1571.9,1487.3,1508.4,2597565.0,28.04
2021-09-24,1514.8,1514.9,1451.0,1465.45,1032392.0,35.62
2021-09-27,1475.0,1488.95,1445.6,1459.15,1209718.0,32.25
2021-09-28,1469.8,1505.0,1455.55,1489.9,1568084.0,21.56
2021-09-29,1479.1,1505.15,1470.2,1488.6,1232093.0,25.31
2021-09-30,1477.15,1519.7,1475.65,1480.1,1426550.0,22.63
2021-10-01,1463.0,1478.45,1427.0,1471.95,933091.0,17.77
2021-10-04,1478.0,1504.0,1462.0,1496.4,765785.0,25.56
2021-10-05,1485.0,1515.8,1480.0,1488.8,671752.0,30.18
2021-10-06,1486.5,1507.2,1445.0,1455.55,557028.0,23.83
2021-10-07,1465.9,1520.0,1459.45,1514.65,1079940.0,31.82
2021-10-08,1524.5,1534.0,1494.25,1500.5,1075371.0,30.36
2021-10-11,1505.0,1529.9,1486.6,1491.75,907444.0,45.96
2021-10-12,1491.4,1538.9,1489.95,1516.65,1197881.0,31.6
2021-10-13,1522.0,1558.0,1512.2,1520.2,1231332.0,22.64
2021-10-14,1524.0,1546.0,1508.25,1520.95,677408.0,19.45
2021-10-15,1524.0,1546.0,1508.25,1520.95,677408.0,19.45
2021-10-18,1530.0,1566.3,1520.95,1551.25,1394214.0,19.64
2021-10-19,1551.95,1555.0,1467.6,1486.4,1231042.0,36.03
2021-10-20,1491.0,1505.0,1422.0,1438.35,1645913.0,38.53
2021-10-21,1445.0,1485.0,1425.15,1476.8,944311.0,28.39
2021-10-22,1475.0,1510.35,1452.5,1463.3,1242631.0,28.94
2021-10-25,1475.0,1508.0,1434.0,1495.1,900150.0,29.85
2021-10-26,1495.0,1549.65,1486.25,1544.45,1364333.0,34.86
2021-10-27,1545.0,1579.95,1533.8,1543.3,2521284.0,26.29
2021-10-28,1550.0,1563.75,1510.0,1532.35,994523.0,29.69
2021-10-29,1530.0,1588.0,1480.0,1569.4,2651006.0,22.03
2021-11-01,1566.1,1666.35,1491.85,1545.6,3394040.0,15.5
2021-11-02,1553.0,1593.5,1532.5,1557.2,1589334.0,34.51
2021-11-03,1565.0,1565.0,1476.15,1496.9,1961985.0,43.32
2021-11-04,1565.0,1565.0,1476.15,1496.9,1961985.0,43.32
2021-11-05,1524.5,1534.9,1510.5,1528.1,220754.0,52.61
2021-11-08,1540.8,1545.75,1441.1,1505.95,1304830.0,34.5
2021-11-09,1515.0,1579.85,1515.0,1570.75,1753403.0,39.16
2021-11-10,1560.0,1596.0,1520.75,1543.1,1568558.0,37.37
2021-11-11,1545.0,1547.0,1456.0,1521.3,3281771.0,33.69
2021-11-12,1535.0,1594.0,1530.0,1580.75,2365813.0,41.37
2021-11-15,1589.0,1649.9,1572.3,1640.5,3033537.0,33.93
2021-11-16,1650.0,1659.0,1601.0,1629.3,2879547.0,33.12
2021-11-17,1633.0,1665.0,1588.8,1630.95,3997327.0,23.85
2021-11-18,1640.0,1824.95,1612.5,1802.85,19036475.0,16.35
2021-11-19,1640.0,1824.95,1612.5,1802.85,19036475.0,16.35
2021-11-22,1811.0,1831.3,1755.15,1802.75,4234114.0,33.9
2021-11-23,1790.1,1826.6,1785.05,1802.55,2018204.0,31.38
2021-11-24,1814.9,1831.0,1796.25,1802.0,1744444.0,40.31
2021-11-25,1810.0,1834.65,1802.0,1813.85,3117728.0,51.69
2021-11-26,1804.1,1889.75,1803.0,1869.4,4903273.0,26.17
2021-11-29,1875.0,1879.85,1847.7,1858.85,1310185.0,30.34
2021-11-30,1856.0,1880.0,1836.85,1846.3,1280247.0,35.55
2021-12-01,1853.0,1864.4,1831.3,1848.4,1092248.0,33.22
2021-12-02,1848.0,1862.05,1836.1,1848.95,772046.0,39.25
2021-12-03,1855.9,1872.0,1849.25,1866.1,1196217.0,36.57
2021-12-06,1860.0,1865.0,1843.5,1846.15,674398.0,41.83
2021-12-07,1852.0,1863.65,1840.9,1851.6,684639.0,45.1
2021-12-08,1853.0,1885.85,1853.0,1867.75,909742.0,32.1
2021-12-09,1875.0,1897.95,1865.55,1878.6,1499650.0,19.0
2021-12-10,1879.95,1879.95,1855.2,1868.0,757187.0,45.36
2021-12-13,1869.0,1873.45,1852.0,1857.5,515245.0,57.27
2021-12-14,1854.8,1863.95,1845.0,1851.35,416745.0,42.15
2021-12-15,1853.0,1858.9,1841.0,1844.5,405461.0,54.65
2021-12-16,1851.9,1854.2,1826.1,1830.65,491217.0,58.35
2021-12-17,1832.0,1844.45,1805.5,1815.1,1378417.0,60.43
2021-12-20,1805.0,1827.4,1791.1,1813.6,1090372.0,43.67
2021-12-21,1822.65,1844.0,1815.15,1827.1,870102.0,60.86
2021-12-22,1836.9,1844.0,1829.0,1839.05,292901.0,51.38
2021-12-23,1848.0,1862.0,1842.15,1855.9,420242.0,60.99
2021-12-24,1860.05,1864.65,1850.1,1859.8,389031.0,58.4
2021-12-27,1857.9,1872.3,1850.25,1866.4,491207.0,51.05
2021-12-28,1870.05,1883.95,1865.0,1879.5,581504.0,57.61
2021-12-29,1880.0,1910.0,1874.0,1896.5,1599852.0,29.14
2021-12-30,1901.0,1917.75,1895.2,1908.85,1461662.0,41.13
2021-12-31,1912.0,1918.9,1897.0,1908.7,595528.0,44.62
2022-01-03,1899.1,1914.85,1895.0,1901.9,729761.0,41.57
2022-01-04,1904.1,1907.9,1884.4,1893.35,751200.0,52.8
2022-01-05,1894.0,1896.45,1880.0,1882.1,561073.0,54.06
2022-01-06,1885.0,1891.05,1872.2,1883.3,645807.0,46.57
2022-01-07,1897.0,1897.0,1870.35,1877.8,580896.0,45.25
2022-01-10,1877.0,1878.0,1859.1,1865.8,568492.0,58.79
2022-01-11,1865.0,1871.65,1848.85,1854.9,920042.0,64.5
2022-01-12,1858.0,1868.8,1847.0,1864.95,783151.0,59.49
2022-01-13,1870.0,1872.0,1850.15,1858.5,902887.0,65.87
2022-01-14,1857.0,1873.85,1851.0,1869.3,719659.0,52.76
2022-01-17,1869.3,1878.15,1856.5,1865.45,356648.0,56.47
2022-01-18,1865.8,1882.55,1856.15,1860.05,437497.0,40.08
2022-01-19,1860.0,1869.85,1855.5,1866.5,311540.0,54.9
2022-01-20,1865.0,1868.0,1854.0,1859.75,339444.0,70.35
2022-01-21,1859.5,1873.3,1852.0,1868.6,549680.0,62.2
2022-01-24,1869.7,1873.0,1836.5,1855.6,776468.0,55.54
2022-01-25,1850.0,1862.0,1840.5,1854.45,354933.0,46.26
2022-01-26,1850.0,1862.0,1840.5,1854.45,354933.0,46.26
2022-01-27,1849.0,1860.0,1842.05,1851.15,601035.0,49.06
2022-01-28,1859.0,1859.0,1829.35,1833.75,796934.0,54.95
2022-01-31,1840.5,1856.6,1836.5,1850.35,350403.0,59.14
2022-02-01,1844.0,1858.85,1837.6,1847.85,445237.0,45.24
2022-02-02,1846.5,1857.85,1835.1,1844.65,543674.0,59.11
2022-02-03,1865.05,1882.1,1852.45,1858.95,918951.0,29.42
2022-02-04,1862.0,1862.0,1828.1,1835.5,716017.0,62.07
2022-02-07,1840.0,1844.65,1810.1,1823.85,712900.0,55.97
2022-02-08,1825.85,1849.85,1820.0,1841.05,1213130.0,45.34
2022-02-09,1833.5,1859.0,1825.55,1855.95,615172.0,45.97
2022-02-10,1855.0,1864.7,1844.55,1846.8,411418.0,57.02
2022-02-11,1845.0,1862.0,1841.0,1854.45,368706.0,55.38
2022-02-14,1845.0,1857.0,1835.35,1839.35,815737.0,70.39
2022-02-15,1841.0,1850.35,1833.0,1840.7,655811.0,65.13
2022-02-16,1850.0,1859.9,1843.1,1855.3,486222.0,65.97
2022-02-17,1858.0,1865.0,1850.25,1856.7,510769.0,69.43
2022-02-18,1855.2,1862.0,1852.1,1860.25,366701.0,76.97
2022-02-21,1864.95,1871.9,1851.4,1861.05,452371.0,51.05
2022-02-22,1852.0,1863.95,1850.5,1860.05,306649.0,44.85
2022-02-23,1861.95,1865.75,1855.05,1858.2,865902.0,85.2
2022-02-24,1847.0,1852.4,1781.1,1795.2,2213011.0,62.2
2022-02-25,1811.0,1844.9,1749.6,1835.1,1900491.0,54.28
2022-02-28,1831.0,1856.9,1825.1,1850.95,1192549.0,68.56
2022-03-01,1831.0,1856.9,1825.1,1850.95,1192549.0,68.56
2022-03-02,1872.05,1882.0,1852.2,1868.55,2077119.0,63.08
2022-03-03,1871.9,1875.0,1809.25,1827.15,2604026.0,50.75
2022-03-04,1815.0,1833.0,1800.2,1828.65,1511571.0,52.11
2022-03-07,1815.0,1818.85,1778.0,1797.15,1370571.0,55.79
2022-03-08,1792.05,1802.85,1741.1,1771.75,1569716.0,59.92
2022-03-09,1763.0,1780.9,1752.3,1774.85,993783.0,54.79
2022-03-10,1781.1,1821.85,1776.0,1816.3,1038233.0,46.49
2022-03-11,1815.0,1820.0,1802.1,1818.2,553138.0,59.38
2022-03-14,1821.85,1831.5,1805.05,1808.35,719866.0,57.89
2022-03-15,1805.1,1814.8,1795.05,1809.8,1584013.0,69.88
2022-03-16,1816.9,1834.8,1806.1,1827.35,1457895.0,69.92
2022-03-17,1833.0,1844.0,1829.65,1837.5,674657.0,66.04
2022-03-18,1833.0,1844.0,1829.65,1837.5,674657.0,66.04
2022-03-21,1840.0,1849.25,1825.5,1847.15,630054.0,72.26
2022-03-22,1849.9,1849.9,1833.1,1840.65,887701.0,67.73
2022-03-23,1840.1,1858.85,1836.5,1856.4,722768.0,64.84
2022-03-24,1852.0,1869.0,1842.0,1858.1,493126.0,48.65
2022-03-25,1829.85,1845.85,1740.05,1798.7,612415.0,12.75
2022-03-28,1760.0,1770.0,1685.0,1698.75,825891.0,15.87
2022-03-29,1670.0,1690.0,1628.5,1638.35,592331.0,19.32
2022-03-30,1602.0,1677.0,1601.15,1651.95,482702.0,16.21
2022-03-31,1643.0,1750.6,1640.0,1690.85,989258.0,8.59
2022-04-01,1670.0,1707.45,1648.05,1697.95,393195.0,11.68
2022-04-04,1699.9,1775.0,1691.0,1765.05,397463.0,27.91
2022-04-05,1762.45,1934.0,1741.55,1864.3,527972.0,25.95
2022-04-06,1850.0,1900.0,1811.6,1889.4,529990.0,15.87
2022-04-07,1805.0,1805.0,1701.0,1715.25,1978263.0,24.85
2022-04-08,1609.0,1640.0,1597.8,1610.2,2455279.0,35.2
2022-04-11,1600.0,1624.0,1575.0,1603.85,2460898.0,33.14
2022-04-12,1595.0,1607.9,1531.1,1539.65,2000674.0,43.9
2022-04-13,1549.0,1557.95,1532.35,1542.8,649760.0,41.5
2022-04-14,1549.0,1557.95,1532.35,1542.8,649760.0,41.5
2022-04-15,1549.0,1557.95,1532.35,1542.8,649760.0,41.5
2022-04-18,1533.0,1555.95,1510.15,1547.0,719024.0,49.71
2022-04-19,1564.45,1564.45,1526.0,1544.8,577218.0,54.48
2022-04-20,1551.8,1551.8,1515.1,1524.8,588291.0,41.08
2022-04-21,1529.0,1590.0,1529.0,1587.05,878422.0,45.84
2022-04-22,1576.0,1596.45,1571.8,1586.95,564103.0,33.78
2022-04-25,1560.0,1606.1,1530.0,1601.35,1375759.0,54.2
2022-04-26,1620.0,1620.0,1586.05,1609.45,1259918.0,53.58
2022-04-27,1594.95,1610.0,1575.0,1606.75,628435.0,45.6
2022-04-28,1613.9,1628.75,1599.0,1619.05,712480.0,50.05
2022-04-29,1619.0,1654.0,1613.05,1634.85,854655.0,42.09
2022-05-02,1631.25,1631.25,1565.5,1577.0,2586739.0,72.94
2022-05-03,1631.25,1631.25,1565.5,1577.0,2586739.0,72.94
2022-05-04,1580.0,1595.45,1555.0,1563.85,368659.0,43.41
2022-05-05,1575.0,1581.7,1553.65,1563.3,302809.0,37.22
2022-05-06,1550.1,1585.65,1531.7,1568.1,309235.0,40.67
2022-05-09,1555.0,1575.9,1534.1,1557.6,263127.0,39.38
2022-05-10,1552.0,1609.8,1552.0,1578.25,470516.0,33.59
2022-05-11,1588.0,1598.8,1562.75,1586.35,483439.0,37.96
2022-05-12,1578.0,1590.0,1538.1,1554.4,544245.0,51.51
2022-05-13,1545.0,1607.4,1537.45,1550.0,1163134.0,27.27
2022-05-16,1550.0,1650.0,1550.0,1645.3,1019153.0,22.76
2022-05-17,1641.0,1656.8,1605.5,1618.85,499034.0,35.04
2022-05-18,1617.0,1648.0,1615.0,1622.35,334915.0,40.92
2022-05-19,1597.0,1606.5,1580.6,1598.35,261033.0,41.67
2022-05-20,1610.0,1641.5,1610.0,1637.4,187401.0,37.72
2022-05-23,1645.55,1683.65,1626.4,1635.15,397346.0,31.72
2022-05-24,1639.0,1664.4,1588.5,1598.85,226443.0,26.42
2022-05-25,1600.0,1613.45,1566.95,1573.55,322197.0,37.32
2022-05-26,1572.2,1614.0,1564.0,1609.4,276244.0,30.08
2022-05-27,1626.7,1637.7,1612.5,1626.3,182455.0,30.79
2022-05-30,1634.4,1651.15,1620.8,1637.95,210535.0,36.19
2022-05-31,1632.0,1645.35,1575.2,1629.95,609008.0,46.78
2022-06-01,1646.25,1646.25,1590.0,1595.0,401840.0,33.89
2022-06-02,1585.0,1619.45,1583.25,1616.35,144473.0,18.05
2022-06-03,1620.1,1627.95,1592.2,1602.95,227322.0,45.15
2022-06-06,1602.95,1605.25,1577.05,1595.25,181133.0,43.66
2022-06-07,1585.0,1609.8,1577.8,1601.45,230493.0,53.77
2022-06-08,1609.8,1633.3,1577.55,1598.85,286958.0,34.67
2022-06-09,1590.0,1596.65,1565.0,1577.2,186804.0,27.91
2022-06-10,1560.0,1585.95,1551.2,1576.6,351725.0,55.48
2022-06-13,1564.0,1564.6,1534.6,1546.55,182111.0,41.22
2022-06-14,1535.25,1567.0,1535.25,1545.4,122655.0,35.15
2022-06-15,1562.0,1578.15,1538.05,1568.55,143930.0,16.9
2022-06-16,1584.0,1604.7,1548.1,1559.75,281916.0,28.71
2022-06-17,1546.0,1550.0,1491.45,1500.9,547680.0,37.69
2022-06-20,1490.05,1507.0,1468.0,1484.7,373852.0,27.93
2022-06-21,1485.0,1518.0,1476.0,1511.85,187461.0,18.24
2022-06-22,1508.4,1513.15,1468.9,1479.55,190118.0,28.87
2022-06-23,1479.0,1518.9,1470.1,1509.4,237066.0,19.91
2022-06-24,1519.6,1536.6,1506.65,1520.05,514950.0,28.14
2022-06-27,1532.0,1548.7,1522.2,1544.9,296882.0,44.97
2022-06-28,1548.0,1551.95,1530.0,1533.15,298015.0,45.26
2022-06-29,1530.1,1530.1,1449.0,1458.85,559078.0,51.16
2022-06-30,1439.9,1454.0,1306.7,1444.8,917580.0,29.56
2022-07-01,1449.95,1471.7,1424.55,1466.5,489734.0,30.63
2022-07-04,1476.7,1531.15,1467.2,1527.45,1100689.0,27.53
2022-07-05,1530.05,1538.75,1495.55,1501.3,360118.0,29.83
2022-07-06,1502.5,1566.75,1502.5,1562.2,423085.0,35.16
2022-07-07,1567.2,1597.0,1563.95,1579.6,346457.0,34.39
2022-07-08,1592.6,1596.45,1556.6,1561.75,180839.0,33.74
2022-07-11,1551.55,1602.0,1549.95,1581.2,460382.0,14.79
2022-07-12,1574.95,1595.2,1567.05,1580.45,263198.0,35.29
2022-07-13,1590.0,1620.0,1578.6,1605.3,509257.0,27.77
2022-07-14,1607.0,1627.5,1600.5,1617.85,365597.0,44.9
2022-07-15,1626.95,1663.9,1621.55,1659.0,453075.0,44.05
2022-07-18,1660.0,1671.45,1651.7,1667.55,337088.0,43.75
2022-07-19,1646.55,1793.95,1646.55,1755.35,2714596.0,30.61
2022-07-20,1772.05,1773.0,1722.0,1733.2,559463.0,33.07
2022-07-21,1733.8,1742.0,1715.4,1737.3,415802.0,40.1
2022-07-22,1738.0,1738.0,1704.0,1710.75,350902.0,39.26
2022-07-25,1704.0,1712.85,1651.5,1692.4,376172.0,27.93
2022-07-26,1694.8,1724.1,1682.85,1694.45,472665.0,29.4
2022-07-27,1694.45,1709.9,1670.0,1699.3,285203.0,39.76
2022-07-28,1707.2,1732.0,1692.05,1722.2,322648.0,37.98
2022-07-29,1729.9,1741.8,1712.55,1733.0,387443.0,25.7
2022-08-01,1710.2,1737.8,1694.1,1723.05,630081.0,41.79
2022-08-02,1642.4,1664.0,1604.65,1633.45,2747401.0,38.55
2022-08-03,1638.0,1646.15,1620.0,1637.15,464541.0,49.14
2022-08-04,1636.1,1649.9,1630.9,1635.6,253453.0,38.16
2022-08-05,1636.0,1652.8,1632.1,1642.6,172093.0,32.53
2022-08-10,1649.5,1715.45,1645.0,1689.95,634597.0,28.5
2022-08-11,1689.5,1698.4,1657.05,1664.35,409059.0,37.27
2022-08-12,1674.55,1694.95,1652.95,1681.4,417500.0,36.69
2022-08-15,1674.55,1694.95,1652.95,1681.4,417500.0,36.69
2022-08-16,1700.0,1849.0,1681.2,1842.55,2285882.0,18.25
2022-08-17,1842.55,1859.4,1811.0,1819.1,601825.0,28.32
2022-08-18,1807.0,1830.55,1790.65,1803.7,238025.0,24.82
2022-08-19,1804.0,1808.75,1764.45,1774.65,241093.0,30.16
2022-08-22,1773.0,1773.0,1722.6,1725.8,238681.0,32.66
2022-08-23,1716.0,1772.65,1707.55,1756.45,292501.0,22.98
2022-08-24,1755.0,1769.15,1735.85,1764.7,181789.0,24.57
2022-08-25,1778.6,1799.0,1736.25,1755.15,408054.0,24.78
2022-08-26,1770.0,1852.5,1764.35,1837.4,1044126.0,17.07
2022-08-29,1770.0,1988.9,1770.0,1943.35,2769405.0,13.98
2022-08-30,1943.0,2033.85,1937.55,1994.75,1736276.0,13.5
2022-08-31,1943.0,2033.85,1937.55,1994.75,1736276.0,13.5
2022-09-01,1975.0,2043.5,1970.1,2020.75,795822.0,20.83
2022-09-02,2024.9,2089.35,2015.0,2075.1,1053907.0,17.88
2022-09-05,2070.0,2070.0,2007.1,2019.6,749379.0,27.16
2022-09-06,2030.5,2057.2,2017.1,2026.4,452342.0,25.37
2022-09-07,2019.0,2024.05,1986.15,1992.25,347947.0,32.73
2022-09-08,2003.9,2011.2,1975.6,1994.55,275544.0,23.26
2022-09-09,2004.55,2016.9,1978.45,1983.8,243246.0,26.82
2022-09-12,1993.75,2029.9,1983.4,1988.95,329913.0,28.94
2022-09-13,1998.0,2014.5,1980.2,1988.0,293330.0,40.9
2022-09-14,1965.0,2021.0,1955.1,2002.3,369549.0,36.15
2022-09-15,2010.0,2027.7,1991.15,2000.6,256227.0,31.51
2022-09-16,1990.0,2029.9,1904.05,1929.9,727830.0,36.25
2022-09-19,1939.5,2122.85,1930.0,2085.7,3807647.0,9.37
2022-09-20,2105.1,2144.0,2040.0,2095.25,1633728.0,13.03
2022-09-21,2090.0,2121.0,2070.55,2083.75,511170.0,14.55
2022-09-22,2070.25,2141.15,2070.25,2126.95,512618.0,23.21
2022-09-23,2135.0,2190.0,2065.0,2076.65,1378417.0,11.26
2022-09-26,2074.0,2074.0,1976.95,2000.1,594458.0,21.01
2022-09-27,2014.0,2046.5,1954.85,2026.9,478682.0,15.01
2022-09-28,2009.0,2080.0,1991.45,2031.4,798870.0,12.75
2022-09-29,2043.5,2134.0,2043.5,2092.9,1289351.0,23.41
2022-09-30,2100.0,2145.0,2051.0,2127.8,552747.0,25.45
2022-10-03,2133.0,2156.25,2050.5,2059.2,657636.0,37.88
2022-10-04,2094.8,2132.2,2092.75,2127.3,326926.0,28.05
2022-10-05,2094.8,2132.2,2092.75,2127.3,326926.0,28.05
2022-10-06,2137.95,2151.0,2124.65,2132.15,265122.0,22.82
2022-10-07,2134.0,2161.45,2103.15,2134.3,337165.0,26.26
2022-10-10,2110.0,2127.6,2080.8,2098.7,178202.0,27.49
2022-10-11,2105.0,2107.9,2034.55,2041.25,220563.0,27.62
2022-10-12,2050.0,2098.0,2044.25,2083.6,397117.0,23.76
2022-10-13,2080.0,2097.5,1966.7,1999.75,575930.0,9.84
2022-10-14,2039.0,2039.65,1954.2,1965.05,568130.0,17.31
2022-10-17,1960.05,1979.9,1945.75,1968.6,255346.0,22.25
2022-10-18,1978.45,1993.0,1954.6,1976.85,339808.0,38.34
2022-10-19,1980.0,2019.85,1978.15,1991.6,360870.0,19.26
2022-10-20,1986.0,2007.45,1976.75,1990.15,136328.0,21.17
2022-10-21,1994.5,2015.0,1970.0,1988.35,134030.0,21.99
2022-10-24,2015.0,2015.0,1972.85,1983.65,46829.0,23.05
2022-10-25,1990.0,2011.25,1975.2,2000.85,182177.0,28.35
2022-10-26,1990.0,2011.25,1975.2,2000.85,182177.0,28.35
2022-10-27,2007.0,2028.0,1979.0,2019.2,213128.0,36.92
2022-10-28,2025.0,2035.0,1988.25,1996.2,148600.0,31.33
2022-10-31,2006.2,2047.0,2001.0,2038.35,324319.0,29.64
2022-11-01,2048.0,2056.8,1975.25,2008.5,673628.0,25.83
2022-11-02,2008.0,2023.65,1993.9,2006.9,195221.0,24.03
2022-11-03,1991.0,2032.85,1991.0,2013.1,218981.0,28.78
2022-11-04,2020.0,2021.95,1976.25,1990.5,559258.0,17.62
2022-11-07,1960.0,1980.25,1926.0,1957.55,684515.0,24.46
2022-11-08,1960.0,1980.25,1926.0,1957.55,684515.0,24.46
2022-11-09,1975.0,1995.0,1952.75,1987.5,638324.0,37.21
2022-11-10,1989.0,2062.85,1988.0,2020.45,896932.0,32.54
2022-11-11,2035.0,2044.6,1972.3,1984.3,539869.0,44.3
2022-11-14,1984.3,2005.0,1952.75,1990.2,257247.0,19.6
2022-11-15,1991.0,2030.0,1976.85,2012.85,399947.0,28.2
2022-11-16,2022.0,2030.15,2001.9,2016.5,203976.0,25.1
2022-11-17,2010.0,2034.9,1998.25,2015.4,169505.0,18.51
2022-11-18,2010.0,2040.0,1966.5,2030.85,835240.0,28.59
2022-11-21,2023.0,2207.0,2011.25,2196.05,3604331.0,10.18
2022-11-22,2190.0,2236.0,2141.25,2212.3,1490549.0,15.23
2022-11-23,2210.25,2222.0,2176.0,2213.6,755982.0,18.82
2022-11-24,2198.0,2208.85,2158.0,2185.4,515752.0,13.23
2022-11-25,2190.0,2300.0,2186.0,2288.35,1674760.0,10.0
2022-11-28,2284.55,2303.9,2260.3,2268.75,311974.0,19.89
2022-11-29,2270.0,2284.0,2244.1,2262.25,252243.0,14.73
2022-11-30,2265.0,2290.0,2253.2,2286.5,222954.0,22.33
2022-12-01,2290.0,2358.35,2273.0,2346.6,883716.0,17.81
2022-12-02,2345.0,2345.0,2299.0,2323.8,231325.0,22.77
2022-12-05,2343.2,2347.0,2308.0,2322.5,337111.0,48.18
2022-12-06,2315.0,2337.1,2291.15,2298.0,284439.0,31.92
2022-12-07,2295.0,2303.75,2273.05,2287.2,192933.0,34.48
2022-12-08,2290.0,2316.95,2275.2,2289.45,179328.0,43.21
2022-12-09,2301.5,2344.9,2265.2,2286.15,420708.0,19.69
2022-12-12,2290.0,2295.6,2266.25,2274.45,166791.0,36.23
2022-12-13,2286.4,2287.95,2211.0,2216.9,424727.0,34.67
2022-12-14,2230.0,2230.0,2183.6,2194.85,417086.0,47.51
2022-12-15,2205.0,2245.5,2195.05,2207.85,345794.0,24.52
2022-12-16,2207.0,2213.0,2170.0,2176.75,290438.0,22.01
2022-12-19,2190.0,2233.45,2163.05,2202.8,380544.0,37.63
2022-12-20,2190.1,2220.25,2174.4,2189.05,189729.0,27.41
2022-12-21,2208.7,2208.7,2136.05,2149.9,215511.0,20.77
2022-12-22,2180.0,2180.0,2070.0,2085.95,369082.0,26.21
2022-12-23,2069.0,2099.0,2003.15,2012.0,317315.0,37.02
2022-12-26,2011.95,2120.0,1990.6,2102.2,333203.0,26.7
2022-12-27,2129.0,2133.45,2074.25,2086.8,187644.0,19.76
2022-12-28,2074.0,2159.0,2074.0,2112.2,871682.0,18.23
2022-12-29,2110.05,2155.0,2083.2,2140.95,452300.0,27.75
2022-12-30,2150.15,2175.0,2129.0,2140.15,293296.0,34.31
2023-01-02,2161.95,2196.0,2127.15,2140.6,370413.0,9.03
2023-01-03,2151.0,2194.0,2142.85,2166.8,305514.0,16.96
2023-01-04,2165.0,2178.85,2138.4,2145.3,117916.0,19.93
2023-01-05,2142.0,2175.0,2115.2,2168.45,178211.0,14.87
2023-01-06,2151.1,2175.95,2135.0,2164.9,134130.0,16.6
2023-01-09,2170.0,2212.6,2170.0,2209.35,204731.0,29.34
2023-01-10,2212.0,2223.0,2171.05,2177.25,144965.0,31.65
2023-01-11,2185.0,2185.95,2114.0,2131.85,236313.0,19.53
2023-01-12,2131.0,2143.55,2080.5,2109.55,213180.0,21.61
2023-01-13,2118.0,2131.0,2095.0,2117.95,101721.0,16.2
2023-01-16,2113.0,2123.4,2076.0,2095.75,114922.0,21.95
2023-01-17,2086.1,2122.1,2078.0,2104.85,110192.0,23.92
2023-01-18,2099.4,2122.0,2081.25,2091.1,366143.0,46.55
2023-01-19,2082.5,2105.0,2074.0,2101.6,91892.0,27.49
2023-01-20,2104.7,2109.0,2075.95,2094.9,117077.0,40.38
2023-01-23,2102.0,2118.2,2083.3,2101.65,98376.0,24.12
2023-01-24,2101.65,2120.9,2081.45,2098.85,126284.0,22.74
2023-01-25,2098.85,2098.85,2060.0,2088.8,94406.0,14.9
2023-01-26,2098.85,2098.85,2060.0,2088.8,94406.0,14.9
2023-01-27,2070.05,2099.0,1997.0,2010.2,189712.0,30.03
2023-01-30,1995.0,2046.55,1990.05,2026.4,191955.0,27.19
2023-01-31,2021.0,2094.7,2021.0,2088.4,177939.0,16.51
2023-02-01,2109.3,2121.5,1968.85,2016.25,292470.0,26.16
2023-02-02,2016.0,2061.0,1982.3,2051.15,194135.0,18.13
2023-02-03,2051.0,2087.55,2040.25,2077.15,144497.0,23.28
2023-02-06,2082.1,2086.0,2050.05,2061.9,120736.0,26.16
2023-02-07,2061.9,2066.55,2002.0,2005.3,216942.0,23.94
2023-02-08,2020.55,2024.9,1962.0,1982.5,446733.0,18.62
2023-02-09,1939.05,1996.0,1915.05,1970.2,419554.0,9.23
2023-02-10,1974.9,2110.0,1965.5,2057.8,1314242.0,11.03
2023-02-13,2064.0,2105.95,2051.05,2079.6,547046.0,17.62
2023-02-14,2089.9,2100.3,2033.2,2052.3,280615.0,14.44
2023-02-15,2040.0,2074.8,1991.15,2043.65,446114.0,8.67
2023-02-16,2053.9,2107.15,2045.0,2088.95,396533.0,11.36
2023-02-17,2088.0,2139.0,2075.0,2090.2,608561.0,12.61
2023-02-20,2096.95,2133.9,2085.55,2094.85,350962.0,18.35
2023-02-21,2105.9,2124.35,2084.25,2107.05,184020.0,16.29
2023-02-22,2100.0,2120.0,2079.0,2087.9,228163.0,15.54
2023-02-23,2098.9,2098.9,2031.0,2041.6,264800.0,21.11
2023-02-24,2037.4,2047.5,1996.25,2016.0,236572.0,19.63
2023-02-27,2016.6,2019.8,1956.55,1981.75,286611.0,32.35
2023-02-28,1981.75,2128.0,1978.0,2075.35,1370275.0,58.81
2023-03-01,2080.05,2093.8,2050.0,2086.3,319649.0,15.28
2023-03-02,2086.0,2088.9,2001.0,2013.25,294669.0,19.64
2023-03-03,2030.0,2043.75,2000.0,2005.65,262339.0,19.92
2023-03-06,2014.75,2027.0,1995.5,2014.05,169920.0,15.65
2023-03-07,2014.75,2027.0,1995.5,2014.05,169920.0,15.65
2023-03-08,2010.0,2023.0,1998.0,2009.25,183532.0,17.53
2023-03-09,2014.0,2019.9,1960.0,1965.6,288093.0,22.95
2023-03-10,1956.0,1974.9,1935.0,1963.3,160443.0,16.01
2023-03-13,1963.0,1973.15,1908.35,1926.05,144269.0,27.39
2023-03-14,1929.5,1943.85,1891.05,1917.05,192160.0,12.87
2023-03-15,1927.1,1939.0,1875.6,1889.55,228749.0,21.2
2023-03-16,1885.05,1928.55,1864.0,1896.05,232456.0,25.0
2023-03-17,1910.0,1928.25,1894.6,1910.6,161570.0,41.25
2023-03-20,1848.0,1937.8,1822.1,1909.2,171767.0,19.17
2023-03-21,1907.0,1925.0,1894.4,1898.45,181997.0,28.4
2023-03-22,1900.0,1913.35,1880.1,1887.8,136816.0,27.39
2023-03-23,1889.9,1899.85,1850.0,1856.65,165935.0,25.87
2023-03-24,1854.0,1867.1,1820.1,1831.85,212849.0,20.53
2023-03-27,1834.7,1849.0,1807.7,1842.2,181823.0,29.81
2023-03-28,1840.0,1892.2,1826.75,1886.25,188771.0,24.1
2023-03-29,1885.1,1904.65,1866.0,1874.9,236093.0,29.11
2023-03-30,1885.1,1904.65,1866.0,1874.9,236093.0,29.11
2023-03-31,1884.3,1914.9,1881.0,1891.05,159736.0,18.11
2023-04-03,1895.35,1929.85,1853.5,1872.35,324087.0,21.86
2023-04-04,1895.35,1929.85,1853.5,1872.35,324087.0,21.86
2023-04-05,1872.0,1884.4,1840.0,1842.9,229952.0,29.03
2023-04-06,1844.2,1876.95,1831.5,1871.45,298414.0,34.88
2023-04-07,1844.2,1876.95,1831.5,1871.45,298414.0,34.88
2023-04-10,1880.0,1901.25,1855.1,1876.65,343020.0,44.7
2023-04-11,1889.15,1907.8,1872.3,1895.05,427389.0,28.7
2023-04-12,1904.95,1935.0,1900.0,1921.15,397760.0,41.23
2023-04-13,1924.15,1989.4,1924.15,1961.95,738700.0,12.22
2023-04-14,1924.15,1989.4,1924.15,1961.95,738700.0,12.22
2023-04-17,1942.0,1999.0,1942.0,1983.55,258153.0,29.83
2023-04-18,1990.0,2009.0,1967.65,1979.3,458905.0,36.8
2023-04-19,1983.0,2001.25,1960.0,1990.3,326510.0,31.11
2023-04-20,2010.0,2010.0,1975.0,1982.45,255153.0,21.7
2023-04-21,1976.5,1984.8,1942.45,1947.65,286214.0,26.56
2023-04-24,1945.05,1973.8,1942.75,1956.35,275103.0,14.94
2023-04-25,1957.0,1990.8,1951.95,1965.65,262355.0,14.22
2023-04-26,1975.55,1983.8,1945.55,1968.45,386583.0,25.97
2023-04-27,1969.95,1977.95,1932.05,1939.4,268438.0,38.21
2023-04-28,1955.0,1990.0,1932.9,1981.15,388354.0,39.62
2023-05-01,1955.0,1990.0,1932.9,1981.15,388354.0,39.62
2023-05-02,1970.0,2003.05,1964.15,1985.95,266621.0,15.87
2023-05-03,1989.0,1995.55,1971.25,1984.4,200003.0,50.25
2023-05-04,1984.4,2058.0,1981.05,2050.35,730568.0,21.22
2023-05-05,2058.95,2083.0,2035.0,2067.4,392429.0,25.69
2023-05-08,2074.0,2100.95,2052.0,2090.9,228065.0,29.85
2023-05-09,2096.95,2104.95,2072.15,2079.65,161246.0,29.21
2023-05-10,2082.6,2094.7,2034.0,2047.55,411661.0,21.2
2023-05-11,2050.85,2074.0,2027.05,2069.7,468823.0,44.34
2023-05-12,2065.0,2084.4,2055.65,2062.6,125151.0,45.33
2023-05-15,2055.0,2088.8,2038.6,2080.4,134768.0,27.34
2023-05-16,2086.05,2097.95,2062.15,2068.4,110084.0,20.08
2023-05-17,2062.7,2136.0,2062.0,2116.3,758471.0,24.62
2023-05-18,2125.0,2136.3,2075.05,2084.05,189723.0,18.9
2023-05-19,2094.0,2094.35,2037.55,2058.15,115496.0,17.39
2023-05-22,2060.0,2076.1,2032.1,2070.25,117570.0,29.44
2023-05-23,2076.0,2097.8,2055.7,2060.75,116692.0,16.88
2023-05-24,2055.25,2062.95,2040.35,2050.65,123714.0,44.22
2023-05-25,2050.0,2064.7,2033.05,2047.6,187248.0,30.74
2023-05-26,2054.55,2078.8,2040.0,2074.7,143984.0,25.79
2023-05-29,2098.95,2100.0,2076.8,2091.85,125883.0,27.04
2023-05-30,2099.9,2116.45,2080.05,2104.8,145898.0,20.42
2023-05-31,2115.95,2191.0,2098.0,2176.3,535402.0,35.78
2023-06-01,2200.05,2228.0,2175.5,2196.55,328990.0,20.0
2023-06-02,2196.0,2214.0,2174.15,2183.4,206876.0,34.11
2023-06-05,2184.95,2215.0,2177.0,2195.65,128269.0,35.3
2023-06-06,2197.0,2210.0,2164.0,2197.3,108091.0,31.17
2023-06-07,2202.95,2239.0,2195.75,2229.85,331983.0,19.41
2023-06-08,2229.95,2232.0,2155.55,2169.7,243210.0,27.0
2023-06-09,2179.9,2183.95,2130.3,2135.7,150576.0,27.17
2023-06-12,2136.1,2162.45,2111.85,2158.35,131605.0,35.76
2023-06-13,2170.05,2191.2,2157.0,2186.85,190904.0,42.23
2023-06-14,2187.95,2196.0,2166.0,2184.8,170641.0,51.27
2023-06-15,2195.0,2195.0,2146.15,2152.3,97859.0,31.12
2023-06-16,2154.0,2190.0,2135.0,2179.4,187048.0,51.51
2023-06-19,2184.8,2212.45,2180.05,2192.9,327806.0,44.23
2023-06-20,2192.9,2193.35,2136.3,2162.8,431215.0,48.5
2023-06-21,2169.0,2214.6,2161.25,2176.1,446684.0,51.34
2023-06-22,2183.0,2188.6,2140.0,2162.05,276907.0,55.93
2023-06-23,2152.5,2160.05,2117.2,2155.9,188859.0,30.27
2023-06-26,2167.2,2211.95,2151.0,2200.55,381288.0,45.41
2023-06-27,2223.0,2239.75,2195.0,2200.35,394445.0,22.14
2023-06-28,2203.15,2214.95,2185.5,2195.25,231883.0,44.95
2023-06-29,2203.15,2214.95,2185.5,2195.25,231883.0,44.95
2023-06-30,2195.0,2259.9,2185.0,2248.4,657339.0,42.29
2023-07-03,2249.0,2279.0,2236.65,2241.7,425892.0,32.32
2023-07-04,2248.85,2249.0,2193.85,2211.45,247478.0,27.03
2023-07-05,2210.0,2268.85,2202.1,2261.95,318159.0,38.86
2023-07-06,2260.0,2265.05,2223.3,2243.05,205775.0,32.16
2023-07-07,2243.0,2260.0,2192.0,2212.9,249718.0,23.6
2023-07-10,2215.75,2294.9,2192.0,2285.85,473516.0,27.71
2023-07-11,2300.0,2331.6,2290.0,2294.9,450290.0,20.81
2023-07-12,2299.75,2337.15,2296.25,2317.65,296119.0,24.99
2023-07-13,2334.5,2334.5,2289.85,2317.15,212304.0,25.13
2023-07-14,2320.9,2392.0,2317.0,2376.75,381901.0,27.26
2023-07-17,2395.0,2395.0,2350.0,2364.5,146906.0,27.09
2023-07-18,2364.95,2381.8,2334.3,2345.5,139358.0,28.6
2023-07-19,2349.0,2354.8,2312.5,2329.9,137019.0,12.75
2023-07-20,2339.0,2353.0,2310.3,2344.7,139806.0,18.26
2023-07-21,2343.45,2375.55,2329.0,2343.7,148005.0,13.98
2023-07-24,2343.7,2366.0,2332.3,2358.75,208361.0,19.22
2023-07-25,2371.2,2392.0,2357.25,2366.0,164424.0,19.75
2023-07-26,2378.0,2444.25,2352.05,2430.35,372332.0,27.64
2023-07-27,2444.0,2475.9,2421.35,2449.35,314980.0,25.72
2023-07-28,2449.35,2542.55,2449.35,2536.85,673575.0,35.8
2023-07-31,2540.0,2581.0,2515.0,2539.45,404454.0,48.51
2023-08-01,2559.0,2609.95,2470.25,2563.55,1229156.0,15.11
2023-08-02,2564.0,2676.8,2530.95,2598.35,2093743.0,18.45
2023-08-03,2597.95,2598.0,2530.0,2549.5,241811.0,21.95
2023-08-04,2569.0,2597.95,2551.05,2575.55,185456.0,31.79
2023-08-07,2588.85,2590.0,2530.0,2549.7,194959.0,52.32
2023-08-08,2550.0,2599.0,2535.75,2592.45,178262.0,33.47
2023-08-09,2606.95,2611.0,2560.5,2588.55,95864.0,29.76
2023-08-10,2590.0,2626.0,2571.45,2583.8,321025.0,34.15
2023-08-11,2589.4,2609.95,2571.6,2578.25,103398.0,13.37
2023-08-14,2579.95,2598.05,2556.65,2590.95,89423.0,31.29
2023-08-15,2579.95,2598.05,2556.65,2590.95,89423.0,31.29
2023-08-16,2600.0,2713.95,2546.6,2702.9,593191.0,22.65
2023-08-17,2711.85,2806.85,2692.3,2790.4,835127.0,26.22
2023-08-18,2795.0,2874.35,2781.65,2851.1,1207053.0,19.42
2023-08-21,2854.0,2854.9,2811.2,2848.0,191868.0,22.18
2023-08-22,2849.95,2957.15,2849.95,2934.05,1059830.0,25.49
2023-08-23,2939.9,2949.0,2883.55,2900.55,273965.0,15.57
2023-08-24,2902.3,3004.2,2901.05,2988.2,879420.0,31.65
2023-08-25,2979.95,3125.0,2965.05,3051.5,1821728.0,14.03
2023-08-28,3069.95,3069.95,2996.7,3032.3,346966.0,14.94
2023-08-29,3032.05,3056.0,3007.5,3045.4,248348.0,21.63
2023-08-30,3046.0,3343.85,3025.1,3252.75,1477232.0,11.98
2023-08-31,3252.0,3267.65,3122.95,3159.25,998914.0,29.54
2023-09-01,3110.0,3195.0,3072.9,3133.9,627016.0,25.64
2023-09-04,3160.0,3160.0,3026.0,3036.65,576132.0,37.72
2023-09-05,3079.8,3116.25,3026.0,3062.2,825542.0,26.18
2023-09-06,3073.0,3156.5,3056.75,3152.3,545207.0,25.01
2023-09-07,3152.9,3189.0,3121.55,3144.15,418208.0,33.29
2023-09-08,3146.7,3198.9,3140.0,3185.4,313212.0,34.47
2023-09-11,3198.0,3213.95,3170.0,3192.7,162412.0,29.21
2023-09-12,3200.0,3204.95,3082.25,3098.1,298814.0,31.66
2023-09-13,3105.0,3133.15,3058.9,3119.5,192290.0,24.03
2023-09-14,3135.9,3154.2,3090.0,3119.35,151937.0,32.6
2023-09-15,3135.0,3187.0,3123.6,3151.95,279649.0,37.36
2023-09-18,3178.9,3230.0,3142.55,3170.15,709504.0,60.3
2023-09-19,3178.9,3230.0,3142.55,3170.15,709504.0,60.3
2023-09-20,3159.9,3178.65,3115.8,3136.7,131316.0,19.47
2023-09-21,3133.7,3157.85,3095.2,3107.55,88579.0,23.86
2023-09-22,3120.0,3153.7,3068.1,3126.55,150478.0,22.42
2023-09-25,3148.0,3256.95,3105.35,3235.05,605035.0,42.68
2023-09-26,3256.0,3270.0,3202.0,3212.3,276468.0,24.9
2023-09-27,3224.0,3343.0,3205.2,3320.05,889025.0,22.42
2023-09-28,3317.8,3318.0,3196.4,3206.3,358047.0,39.08
2023-09-29,3229.9,3234.95,3179.05,3185.1,248319.0,30.65
2023-10-02,3229.9,3234.95,3179.05,3185.1,248319.0,30.65
2023-10-03,3181.0,3185.1,3063.05,3124.65,612436.0,37.18
2023-10-04,3124.7,3232.6,3084.5,3195.5,988274.0,31.17
2023-10-05,3195.5,3289.0,3171.3,3242.95,560109.0,20.35
2023-10-06,3260.0,3273.85,3184.1,3194.2,470533.0,39.81
2023-10-09,3148.0,3223.0,3145.0,3201.05,163067.0,17.77
2023-10-10,3245.95,3414.9,3232.25,3393.45,1746758.0,18.58
2023-10-11,3430.0,3440.15,3375.6,3399.95,555614.0,24.35
2023-10-12,3402.0,3431.6,3371.65,3413.75,236561.0,26.51
2023-10-13,3394.35,3423.95,3366.05,3378.8,295441.0,33.43
2023-10-16,3378.8,3399.65,3331.1,3365.65,241783.0,24.49
2023-10-17,3373.0,3380.4,3302.2,3340.0,272559.0,24.85
2023-10-18,3343.0,3403.2,3285.25,3297.75,323309.0,18.23
2023-10-19,3299.95,3333.0,3252.45,3315.6,216107.0,31.35
2023-10-20,3310.0,3312.6,3227.55,3236.8,180282.0,30.57
2023-10-23,3236.75,3240.0,3118.7,3134.2,288297.0,34.57
2023-10-24,3236.75,3240.0,3118.7,3134.2,288297.0,34.57
2023-10-25,3139.95,3190.0,3084.05,3106.95,190950.0,31.74
2023-10-26,3090.0,3143.05,3031.1,3133.55,364803.0,39.56
2023-10-27,3135.0,3183.0,3135.0,3146.3,197206.0,30.18
2023-10-30,3155.0,3184.1,3106.45,3164.25,215723.0,11.93
2023-10-31,3180.0,3195.15,3126.0,3132.5,135729.0,25.85
2023-11-01,3149.0,3149.0,3036.6,3058.3,294066.0,18.31
2023-11-02,3078.9,3095.0,3036.0,3054.8,201674.0,40.14
2023-11-03,3065.0,3098.1,3015.25,3076.45,447459.0,22.01
2023-11-06,3098.0,3114.95,3011.55,3079.8,409967.0,29.19
2023-11-07,3080.0,3174.8,3066.55,3125.4,630807.0,25.22
2023-11-08,3128.0,3169.6,3112.85,3146.3,231435.0,26.85
2023-11-09,3145.0,3159.2,3083.0,3093.05,132756.0,22.2
2023-11-10,3083.8,3174.35,3062.5,3166.9,535506.0,60.03
2023-11-13,3177.1,3205.6,3132.25,3137.65,220281.0,17.94
2023-11-14,3177.1,3205.6,3132.25,3137.65,220281.0,17.94
2023-11-15,3169.9,3175.0,3120.2,3138.85,138825.0,37.69
2023-11-16,3138.9,3204.9,3138.9,3186.75,231098.0,45.95
2023-11-17,3205.0,3273.4,3180.7,3239.25,300059.0,22.5
2023-11-20,3250.0,3253.9,3204.05,3220.2,144168.0,31.53
2023-11-21,3235.0,3293.15,3190.0,3261.6,406113.0,45.02
2023-11-22,3250.0,3255.0,3196.0,3206.8,146531.0,23.22
2023-11-23,3215.0,3262.0,3203.25,3222.35,183054.0,19.74
2023-11-24,3222.35,3252.4,3211.05,3229.45,177694.0,37.17
2023-11-27,3222.35,3252.4,3211.05,3229.45,177694.0,37.17
2023-11-28,3239.0,3249.0,3189.45,3196.2,163391.0,43.47
2023-11-29,3220.0,3224.95,3164.9,3173.3,183481.0,46.73
2023-11-30,3164.0,3206.85,3137.9,3150.3,1562279.0,77.7
2023-12-01,3179.95,3253.4,3145.1,3205.2,478524.0,35.99
2023-12-04,3250.0,3250.0,3174.2,3213.5,370026.0,50.84
2023-12-05,3220.1,3229.7,3161.15,3202.55,357718.0,55.3
2023-12-06,3220.0,3284.6,3200.0,3225.0,406476.0,31.32
2023-12-07,3234.0,3264.0,3206.6,3254.65,209690.0,39.97
2023-12-08,3255.0,3263.9,3110.65,3145.3,413007.0,34.43
2023-12-11,3164.0,3206.65,3140.15,3170.6,394308.0,51.87
2023-12-12,3180.0,3200.0,3106.1,3122.95,188620.0,36.13
2023-12-13,3130.0,3147.25,3088.3,3126.2,244497.0,38.04
2023-12-14,3132.2,3159.1,3125.25,3145.1,116647.0,34.12
2023-12-15,3145.0,3170.35,3111.25,3130.2,289700.0,44.83
2023-12-18,3130.2,3184.0,3113.05,3134.6,239831.0,41.75
2023-12-19,3140.0,3165.95,3095.0,3098.95,196649.0,32.34
2023-12-20,3104.75,3153.55,2960.0,2980.9,445775.0,36.25
2023-12-21,2957.05,3001.4,2924.5,2984.85,516226.0,50.67
2023-12-22,2985.0,3025.0,2960.35,2966.9,270911.0,44.06
2023-12-25,2985.0,3025.0,2960.35,2966.9,270911.0,44.06
2023-12-26,2988.0,2989.25,2951.3,2976.7,341072.0,54.96
2023-12-27,2980.45,3007.75,2943.1,2956.7,223734.0,44.68
2023-12-28,2969.5,2981.4,2940.0,2959.3,415223.0,54.57
2023-12-29,2970.0,3027.25,2931.0,2983.1,276647.0,30.06
2024-01-01,2996.0,3019.0,2956.0,2966.35,318161.0,35.99
2024-01-02,2968.0,2977.0,2875.0,2887.65,378020.0,41.42
2024-01-03,2871.0,2913.1,2860.0,2869.85,338355.0,37.92
2024-01-04,2875.0,2884.95,2794.95,2858.45,932890.0,56.95
2024-01-05,2858.45,2881.85,2800.0,2804.85,433569.0,57.72
2024-01-08,2805.0,2867.8,2804.85,2854.15,338266.0,50.97
2024-01-09,2874.0,2879.0,2790.0,2823.4,346390.0,38.3
2024-01-10,2824.9,2861.45,2815.0,2835.0,276966.0,35.95
2024-01-11,2840.0,2878.2,2836.0,2862.85,293794.0,48.7
2024-01-12,2865.0,2890.0,2843.95,2876.35,259618.0,42.93
2024-01-15,2891.0,2905.05,2876.05,2901.45,267855.0,63.49
2024-01-16,2909.0,2964.9,2901.15,2957.85,537904.0,45.47
2024-01-17,2915.0,2969.4,2890.0,2900.6,225541.0,33.38
2024-01-18,2894.9,2926.0,2820.0,2907.8,260512.0,30.59
2024-01-19,2920.0,2990.0,2915.5,2979.9,236803.0,45.57
2024-01-22,3000.0,3007.15,2922.95,2936.8,98482.0,32.84
2024-01-23,2939.95,2959.0,2823.3,2836.8,369423.0,57.2
2024-01-24,2828.0,2915.0,2820.0,2906.35,372671.0,58.96
2024-01-25,2914.95,2957.0,2911.65,2945.3,206334.0,36.57
2024-01-26,2914.95,2957.0,2911.65,2945.3,206334.0,36.57
2024-01-29,2950.0,3040.45,2948.2,3023.2,299823.0,43.53
2024-01-30,3040.0,3058.8,3001.65,3018.25,272247.0,54.47
2024-01-31,3030.0,3043.1,2976.35,2983.25,204360.0,56.08
2024-02-01,3023.95,3045.0,2875.0,2881.95,506690.0,40.73
2024-02-02,2875.0,2979.9,2875.0,2944.55,230152.0,37.09
2024-02-05,2964.4,2995.0,2929.0,2967.85,124224.0,33.86
2024-02-06,2975.0,2985.0,2931.1,2948.35,114429.0,43.58
2024-02-07,2956.0,2970.8,2908.5,2930.4,92051.0,30.19
2024-02-08,2964.0,2978.0,2860.05,2932.7,457664.0,20.75
2024-02-09,2905.0,2905.0,2648.4,2807.25,2056922.0,32.32
2024-02-12,2807.2,2874.95,2783.3,2815.9,395080.0,46.13
2024-02-13,2830.0,2830.0,2747.0,2786.5,837938.0,70.3
2024-02-14,2750.0,2820.0,2747.05,2809.75,141089.0,38.85
2024-02-15,2820.0,2929.5,2818.0,2904.6,481769.0,44.22
2024-02-16,2933.6,2987.95,2908.6,2927.0,332193.0,31.96
2024-02-19,2953.95,2977.7,2909.05,2960.85,173904.0,43.37
2024-02-20,2951.05,2973.5,2903.55,2927.85,158657.0,38.59
2024-02-21,2944.0,2949.0,2897.0,2914.15,102824.0,41.54
2024-02-22,2938.95,2938.95,2887.0,2925.4,91902.0,30.92
2024-02-23,2927.5,2962.35,2900.0,2911.0,148019.0,40.69
2024-02-26,2916.45,2924.65,2851.35,2890.85,152335.0,30.73
2024-02-27,2890.85,2925.0,2846.25,2855.55,88135.0,33.04
2024-02-28,2856.05,2878.95,2802.6,2825.2,261600.0,51.55
2024-02-29,2826.7,2869.45,2803.3,2856.45,159625.0,40.34
2024-03-01,2845.05,2927.0,2825.2,2898.55,370420.0,45.14
2024-03-04,2895.0,2936.95,2871.05,2918.85,167158.0,50.49
2024-03-05,2930.0,2966.35,2859.05,2865.75,223995.0,33.36
2024-03-06,2865.75,2865.75,2802.2,2842.1,141990.0,47.34
2024-03-07,2840.6,2887.15,2813.0,2849.9,340248.0,60.03
2024-03-08,2840.6,2887.15,2813.0,2849.9,340248.0,60.03
2024-03-11,2868.0,2873.55,2831.15,2838.1,142570.0,42.04
2024-03-12,2843.0,2847.95,2800.05,2816.35,124111.0,39.72
2024-03-13,2805.1,2830.75,2700.55,2712.9,186399.0,31.82
2024-03-14,2705.3,2755.75,2700.0,2746.2,156419.0,44.37
2024-03-15,2755.3,2773.95,2682.5,2702.55,204337.0,53.17
2024-03-18,2722.95,2722.95,2670.55,2701.4,123514.0,36.83
2024-03-19,2692.2,2753.05,2680.05,2713.55,212248.0,40.55
2024-03-20,2739.0,2774.1,2699.05,2740.1,188614.0,28.23
2024-03-21,2750.0,2774.8,2730.35,2763.15,117971.0,35.61
2024-03-22,2760.0,2776.5,2741.55,2750.65,116383.0,38.13
2024-03-25,2760.0,2776.5,2741.55,2750.65,116383.0,38.13
2024-03-26,2750.0,2775.0,2743.3,2751.25,100227.0,42.4
2024-03-27,2751.25,2829.55,2749.15,2798.7,249879.0,43.18
2024-03-28,2799.95,2812.35,2754.55,2777.3,227259.0,40.73
2024-03-29,2799.95,2812.35,2754.55,2777.3,227259.0,40.73
2024-04-01,2779.0,2869.4,2768.3,2858.5,284176.0,29.31
2024-04-02,2870.0,2883.0,2834.0,2874.65,99272.0,22.83
2024-04-03,2875.5,3017.45,2852.0,3006.3,743351.0,18.97
2024-04-04,3015.15,3039.55,2992.0,3020.25,282496.0,33.08
2024-04-05,3020.0,3020.0,2992.95,2998.35,120186.0,47.96
2024-04-08,3000.6,3086.4,2950.05,3072.25,404732.0,23.83
2024-04-09,3099.0,3099.0,3001.0,3022.1,223935.0,30.48
2024-04-10,3039.0,3065.1,3009.0,3031.0,122771.0,23.77
2024-04-11,3039.0,3065.1,3009.0,3031.0,122771.0,23.77
2024-04-12,3024.75,3076.0,3015.65,3023.95,218307.0,35.85
2024-04-15,3000.0,3019.9,2922.45,2999.25,278258.0,40.44
2024-04-16,2980.0,3079.9,2962.5,3063.15,383358.0,23.34
2024-04-17,2980.0,3079.9,2962.5,3063.15,383358.0,23.34
2024-04-18,3075.0,3142.9,2988.15,3018.25,611352.0,34.65
2024-04-19,2972.0,3139.95,2961.2,3106.7,962091.0,15.8
2024-04-22,3115.05,3195.0,3115.05,3175.4,469842.0,24.99
2024-04-23,3185.05,3225.0,3144.0,3212.55,315757.0,35.3
2024-04-24,3216.0,3256.0,3196.0,3250.65,271132.0,45.72
2024-04-25,3275.0,3275.0,3223.8,3250.65,161514.0,38.75
2024-04-26,3250.7,3307.3,3200.05,3291.7,228661.0,33.57
2024-04-29,3317.8,3317.8,3271.0,3287.35,117008.0,43.39
2024-04-30,3294.45,3410.0,3291.1,3358.55,588700.0,52.91
2024-05-01,3294.45,3410.0,3291.1,3358.55,588700.0,52.91
2024-05-02,3365.0,3491.85,3331.1,3479.8,430222.0,32.34
2024-05-03,3481.0,3503.35,3397.35,3484.55,548565.0,46.79
2024-05-06,3491.0,3519.85,3441.0,3474.1,199230.0,36.76
2024-05-07,3468.7,3486.95,3413.6,3440.7,242500.0,48.49
2024-05-08,3415.0,3570.0,3407.55,3538.4,411500.0,27.51
2024-05-09,3540.0,3542.0,3410.35,3445.35,426484.0,27.4
2024-05-10,3465.0,3582.0,3443.2,3553.3,949760.0,13.93
2024-05-13,3541.0,3619.0,3510.0,3599.75,346779.0,24.82
2024-05-14,3609.0,3665.0,3530.7,3654.05,287889.0,30.69
2024-05-15,3641.0,3664.95,3594.05,3649.7,258170.0,42.07
2024-05-16,3651.95,3754.4,3640.45,3748.55,303351.0,28.54
2024-05-17,3763.95,3811.7,3725.0,3800.55,214969.0,32.57
2024-05-20,3791.1,3960.0,3776.15,3923.3,75121.0,21.08
2024-05-21,3909.7,3942.25,3838.05,3887.4,339711.0,25.83
2024-05-22,3895.75,3921.6,3823.2,3834.65,223453.0,46.73
2024-05-23,3847.95,3847.95,3774.85,3811.05,165580.0,30.06
2024-05-24,3800.0,3838.0,3768.05,3813.15,227635.0,49.78
2024-05-27,3813.15,3884.6,3805.15,3855.0,211336.0,36.71
2024-05-28,3855.0,3928.9,3810.1,3846.7,350701.0,18.52
2024-05-29,3602.0,3888.0,3602.0,3853.4,331082.0,26.69
2024-05-30,3844.0,3869.8,3793.65,3848.2,139121.0,32.13
2024-05-31,3848.2,3894.0,3792.1,3818.3,155772.0,27.71
2024-06-03,3845.0,3929.2,3818.0,3890.35,196258.0,32.89
2024-06-04,3860.0,3929.25,3556.45,3802.5,339748.0,33.82
2024-06-05,3802.5,4019.9,3753.1,3908.95,483715.0,35.21
2024-06-06,3919.0,4038.85,3910.05,4011.0,407715.0,27.49
2024-06-07,4020.0,4050.0,3974.95,3988.15,224597.0,37.69
2024-06-10,3999.9,4104.0,3966.0,4051.9,269834.0,30.65
2024-06-11,4072.2,4169.6,4055.95,4126.35,372033.0,28.01
2024-06-12,4130.0,4147.05,4062.0,4122.6,180890.0,20.2
2024-06-13,4123.55,4260.45,4123.55,4247.65,368758.0,26.0
2024-06-14,4230.1,4309.95,4140.0,4292.1,288391.0,36.83
2024-06-17,4230.1,4309.95,4140.0,4292.1,288391.0,36.83
2024-06-18,4292.1,4353.2,4272.0,4302.1,255721.0,34.59
2024-06-19,4300.0,4302.0,4204.25,4216.05,98830.0,26.3
2024-06-20,4239.8,4257.5,4180.0,4188.65,130232.0,43.54
2024-06-21,4180.0,4409.55,4180.0,4334.5,668815.0,25.7
2024-06-24,4332.5,4356.5,4243.05,4249.65,215127.0,36.04
2024-06-25,4267.6,4290.25,4165.75,4198.7,191797.0,36.78
2024-06-26,4206.6,4264.8,4156.05,4250.95,167078.0,30.78
2024-06-27,4260.0,4288.95,4129.75,4146.0,442128.0,60.51
2024-06-28,4146.0,4239.9,4132.0,4146.5,193623.0,36.38
2024-07-01,4131.0,4204.2,4110.0,4141.75,229563.0,40.93
2024-07-02,4141.7,4160.6,4087.6,4125.95,218477.0,51.33
2024-07-03,4130.05,4167.9,4096.3,4117.35,170812.0,47.79
2024-07-04,4110.05,4149.75,4095.2,4105.8,98914.0,47.95
2024-07-05,4104.9,4223.0,4090.05,4130.75,193469.0,35.03
2024-07-08,4141.4,4171.2,4024.0,4105.05,202631.0,36.07
2024-07-09,4121.7,4176.9,4080.4,4162.25,88511.0,26.65
2024-07-10,4171.0,4191.75,4025.0,4051.2,155749.0,33.18
2024-07-11,4075.0,4093.55,3972.95,3988.35,201746.0,39.83
2024-07-12,3988.35,4006.15,3902.7,3915.6,160794.0,48.51
2024-07-15,3915.0,3995.0,3880.0,3978.05,645076.0,74.88
2024-07-16,3990.6,4081.9,3953.65,4025.6,1049253.0,52.76
2024-07-17,3990.6,4081.9,3953.65,4025.6,1049253.0,52.76
2024-07-18,4040.0,4050.95,3885.3,3993.05,453179.0,46.13
2024-07-19,3993.05,4017.4,3911.0,3922.3,163988.0,28.96
2024-07-22,3921.95,4021.0,3845.3,4014.95,173786.0,19.25
2024-07-23,4014.0,4128.95,3920.05,4120.85,282505.0,28.3
2024-07-24,4134.0,4161.2,4067.85,4145.8,201254.0,20.98
2024-07-25,4100.0,4140.75,4041.0,4056.85,231030.0,49.26
2024-07-26,4053.0,4154.05,4050.95,4145.55,282855.0,50.43
2024-07-29,4185.95,4185.95,4135.05,4145.6,335633.0,52.89
2024-07-30,4158.0,4200.8,4147.35,4156.9,291358.0,44.72
2024-07-31,4145.0,4190.1,4117.55,4173.4,302143.0,51.99
2024-08-01,4200.0,4234.45,4090.5,4150.0,359664.0,19.75
2024-08-02,4108.0,4126.9,3890.0,3905.2,606891.0,28.18
2024-08-05,3820.05,3849.9,3698.05,3763.55,577844.0,51.67
2024-08-06,3771.9,3907.45,3684.05,3698.25,414341.0,50.36
2024-08-07,3724.95,3780.0,3710.05,3735.9,240669.0,55.04
2024-08-08,3720.0,3732.75,3670.0,3689.5,241999.0,44.74
2024-08-09,3705.45,3734.95,3671.05,3687.8,239948.0,50.96
2024-08-12,3685.0,3732.65,3655.0,3714.35,168767.0,41.93
2024-08-13,3720.25,3768.5,3693.65,3704.1,179475.0,43.55
2024-08-14,3710.3,3718.35,3637.0,3659.5,124221.0,31.51
2024-08-15,3710.3,3718.35,3637.0,3659.5,124221.0,31.51
2024-08-16,3674.95,3742.0,3674.95,3732.0,178664.0,48.51
2024-08-19,3780.0,3784.95,3719.75,3728.8,111006.0,28.85
2024-08-20,3728.8,3755.5,3708.05,3749.1,88809.0,37.02
2024-08-21,3750.0,3808.5,3710.0,3787.5,248111.0,36.37
2024-08-22,3814.0,3821.25,3787.9,3810.05,135221.0,48.17
2024-08-23,3825.0,3903.0,3772.55,3875.95,329691.0,35.44
2024-08-26,3900.2,3917.5,3866.5,3878.9,118350.0,40.34
2024-08-27,3879.0,3914.2,3848.05,3865.9,195737.0,35.96
2024-08-28,3880.0,3908.95,3830.85,3854.75,85910.0,34.2
2024-08-29,3854.75,3872.0,3775.0,3816.5,131040.0,27.97
2024-08-30,3835.0,3874.8,3830.6,3853.9,66919.0,36.27
2024-09-02,3860.0,3860.0,3768.85,3784.05,108037.0,30.88
2024-09-03,3790.1,3826.85,3768.8,3793.85,92739.0,27.23
2024-09-04,3748.0,3812.9,3738.1,3778.0,67811.0,20.45
2024-09-05,3780.0,3810.8,3731.65,3744.1,74937.0,30.72
2024-09-06,3726.0,3755.5,3675.0,3687.0,72008.0,33.43
2024-09-09,3684.0,3693.0,3621.0,3684.4,97457.0,22.37
2024-09-10,3700.0,3754.45,3690.05,3742.45,147781.0,51.31
2024-09-11,3764.0,3797.55,3735.15,3761.55,210800.0,50.03
2024-09-12,3779.95,3801.6,3748.5,3791.25,82205.0,38.84
2024-09-13,3800.0,3836.65,3787.3,3812.55,261875.0,16.81
2024-09-16,3815.6,3869.5,3806.0,3848.1,138899.0,46.63
2024-09-17,3880.0,3929.3,3830.0,3886.75,311425.0,39.85
2024-09-18,3899.8,3910.0,3783.15,3798.25,129279.0,38.65
2024-09-19,3830.0,3917.0,3760.0,3816.75,514007.0,35.97
2024-09-20,3835.95,4097.4,3820.9,4079.25,1701708.0,26.46
2024-09-23,4105.95,4252.7,4079.25,4233.9,543508.0,30.01
2024-09-24,4270.0,4372.15,4270.0,4349.3,930475.0,27.95
2024-09-25,4325.1,4384.0,4297.55,4374.7,282970.0,27.54
2024-09-26,4370.05,4391.65,4145.0,4351.35,227760.0,26.83
2024-09-27,4351.35,4420.0,4292.0,4328.0,356453.0,37.6
2024-09-30,4328.0,4348.9,4230.0,4268.8,208230.0,38.22
2024-10-01,4268.8,4340.95,4156.1,4209.2,262102.0,41.3
2024-10-02,4268.8,4340.95,4156.1,4209.2,262102.0,41.3
2024-10-03,4185.0,4224.8,4115.05,4152.05,182135.0,37.84
2024-10-04,4127.4,4158.7,4001.25,4015.65,162454.0,33.32
2024-10-07,4024.9,4032.6,3822.9,3849.35,213505.0,36.83
2024-10-08,3860.0,3912.9,3797.05,3855.4,317796.0,48.08
2024-10-09,3915.0,4075.8,3905.6,4045.1,470400.0,26.36
2024-10-10,4068.0,4084.15,3964.05,3973.8,180370.0,36.0
2024-10-11,3973.8,3980.5,3899.7,3937.95,210348.0,48.63
2024-10-14,3954.55,4000.0,3894.35,3965.7,190540.0,38.7
2024-10-15,3990.2,4014.85,3881.6,3932.0,151439.0,43.84
2024-10-16,3925.4,3956.25,3860.05,3878.65,97347.0,26.51
2024-10-17,3878.65,3878.65,3762.05,3789.0,164414.0,33.93
2024-10-18,3767.0,3835.25,3701.0,3815.4,194550.0,26.15
2024-10-21,3815.4,3825.85,3733.95,3743.4,104074.0,32.18
2024-10-22,3741.0,3774.85,3660.0,3671.7,215907.0,46.69
2024-10-23,3660.05,3741.95,3645.55,3701.2,202600.0,58.56
2024-10-24,3595.0,3595.0,3346.0,3494.55,1595629.0,23.19
2024-10-25,3489.0,3554.0,3466.05,3500.4,381990.0,34.4
2024-10-28,3500.0,3539.45,3454.5,3506.15,192702.0,34.16
2024-10-29,3520.0,3679.5,3506.15,3541.5,600974.0,26.05
2024-10-30,3547.0,3700.0,3528.3,3633.75,421680.0,29.71
2024-10-31,3629.95,3777.0,3610.2,3745.1,350879.0,20.98
2024-11-01,3800.0,3825.0,3656.65,3796.1,75148.0,14.23
2024-11-04,3796.0,3796.0,3674.55,3739.1,208225.0,37.49
2024-11-05,3750.55,3771.9,3653.1,3706.05,162180.0,27.72
2024-11-06,3715.95,3774.2,3686.2,3751.4,118432.0,34.16
2024-11-07,3751.4,3762.95,3600.0,3643.65,612930.0,20.33
2024-11-08,3680.0,3689.8,3561.0,3635.5,233793.0,11.54
2024-11-11,3613.6,3667.8,3596.1,3620.9,117048.0,36.71
2024-11-12,3635.0,3703.95,3535.0,3559.45,158647.0,30.83
2024-11-13,3564.0,3571.9,3480.0,3495.25,111810.0,28.93
2024-11-14,3490.15,3570.0,3474.65,3503.25,86134.0,24.4
2024-11-18,3509.95,3537.9,3435.0,3441.35,65265.0,26.95
2024-11-19,3440.0,3533.45,3440.0,3494.15,99096.0,32.89
2024-11-20,3440.0,3533.45,3440.0,3494.15,99096.0,32.89
2024-11-21,3485.0,3489.75,3404.5,3454.4,121919.0,38.23
2024-11-22,3459.0,3527.3,3448.9,3510.4,153988.0,50.71
2024-11-25,3561.0,3663.15,3560.0,3615.5,155411.0,24.7
2024-11-26,3615.5,3634.0,3592.05,3618.65,176185.0,44.68
2024-11-27,3605.0,3634.45,3582.3,3600.65,126271.0,40.54
2024-11-28,3603.05,3615.1,3492.4,3513.35,154716.0,37.62
2024-11-29,3517.1,3568.55,3515.0,3553.9,59622.0,31.14
2024-12-02,3534.05,3560.0,3430.6,3527.85,158680.0,33.17
2024-12-03,3539.95,3561.35,3506.05,3517.05,156421.0,50.62
2024-12-04,3520.0,3539.95,3436.65,3451.25,176179.0,34.2
2024-12-05,3456.0,3484.75,3380.35,3438.0,209537.0,37.13
2024-12-06,3440.0,3534.9,3440.0,3524.8,264216.0,23.78
2024-12-09,3531.0,3580.0,3521.55,3546.4,133373.0,34.53
2024-12-10,3531.0,3564.15,3501.2,3512.1,97820.0,39.3
2024-12-11,3505.0,3546.7,3485.5,3494.4,108820.0,47.79
2024-12-12,3494.4,3508.0,3433.35,3438.45,87396.0,45.4
2024-12-13,3425.0,3451.85,3382.0,3440.05,137213.0,43.2
2024-12-16,3457.9,3459.65,3400.0,3432.4,155304.0,53.84
2024-12-17,3429.55,3470.0,3322.0,3344.25,345254.0,52.73
2024-12-18,3332.0,3375.1,3297.25,3360.85,131235.0,30.41
2024-12-19,3350.0,3350.0,3276.4,3283.9,138774.0,34.62
2024-12-20,3279.9,3302.8,3149.95,3162.05,261515.0,45.45
2024-12-23,3180.75,3224.65,3133.0,3143.6,188314.0,27.19
2024-12-24,3147.2,3185.45,3102.0,3156.15,138673.0,28.12
2024-12-25,3147.2,3185.45,3102.0,3156.15,138673.0,28.12
2024-12-26,3156.15,3177.25,3112.0,3151.1,128388.0,39.58
2024-12-27,3161.55,3336.8,3161.55,3258.4,1362013.0,17.72
2024-12-30,3259.1,3325.0,3246.1,3266.15,267368.0,40.44
2024-12-31,3260.0,3348.75,3250.0,3332.55,195012.0,40.37
2025-01-01,3329.05,3329.05,3222.6,3299.45,374951.0,20.95
2025-01-02,3324.0,3366.0,3296.0,3352.05,260903.0,48.12
2025-01-03,3350.0,3409.0,3339.0,3371.9,429505.0,47.91
2025-01-06,3381.15,3381.15,3310.0,3335.9,141279.0,44.72
2025-01-07,3330.0,3368.95,3321.25,3337.95,73195.0,20.62
2025-01-08,3335.0,3363.0,3263.15,3340.55,109521.0,35.17
2025-01-09,3364.0,3422.0,3316.7,3389.6,241518.0,33.26
2025-01-10,3396.0,3431.85,3327.7,3405.9,243845.0,47.59
2025-01-13,3384.5,3397.9,3272.35,3298.1,163058.0,38.62
2025-01-14,3302.2,3459.45,3295.75,3439.0,261047.0,50.45
2025-01-15,3465.0,3500.0,3436.1,3478.75,274614.0,42.66
2025-01-16,3500.0,3591.8,3471.6,3554.25,259736.0,39.3
2025-01-17,3554.25,3617.4,3536.0,3600.7,178487.0,38.52
2025-01-20,3615.75,3624.95,3541.55,3575.4,105561.0,27.75
2025-01-21,3579.25,3611.5,3531.95,3573.65,221433.0,38.2
2025-01-22,3585.25,3613.4,3549.4,3570.75,142630.0,52.67
2025-01-23,3549.7,3628.95,3525.55,3588.4,184128.0,34.6
2025-01-24,3581.2,3610.6,3460.0,3466.3,71203.0,19.78
2025-01-27,3435.0,3443.95,3338.15,3367.2,89489.0,31.39
2025-01-28,3370.0,3515.0,3361.5,3483.6,155973.0,22.33
2025-01-29,3485.0,3541.95,3474.9,3533.95,70231.0,19.92
2025-01-30,3545.0,3603.85,3506.75,3590.95,137480.0,31.43
2025-01-31,3600.0,3656.0,3566.05,3623.45,165511.0,45.13
2025-02-03,3432.95,3437.1,3305.0,3328.65,269358.0,46.71
2025-02-04,3344.0,3380.75,3286.2,3300.85,167952.0,44.76
2025-02-05,3310.0,3385.0,3310.0,3326.05,147784.0,46.1
2025-02-06,3332.9,3354.6,3250.0,3275.4,73180.0,36.85
2025-02-07,3283.0,3324.3,3239.0,3269.7,150501.0,29.21
2025-02-10,3303.0,3349.0,3270.0,3303.1,291371.0,17.24
2025-02-11,3200.0,3244.0,3098.55,3129.7,826805.0,32.45
2025-02-12,3145.1,3161.0,3007.55,3023.0,469457.0,49.02
2025-02-13,3027.9,3054.9,2965.0,3022.35,245178.0,41.46
2025-02-14,3027.0,3064.45,2914.0,2948.65,76926.0,17.3
2025-02-17,2948.0,3005.0,2891.5,2972.15,98538.0,25.3
2025-02-18,2951.0,3001.85,2942.05,2995.75,203820.0,49.6
2025-02-19,2985.3,3045.05,2964.1,3020.1,58641.0,19.62
2025-02-20,3020.0,3123.95,2999.4,3110.7,101632.0,19.11
2025-02-21,3124.0,3131.4,3055.0,3066.6,90230.0,40.12
2025-02-24,3050.0,3068.85,2942.0,2945.95,253894.0,63.99
2025-02-25,2950.3,2990.5,2932.65,2941.85,176061.0,45.64
2025-02-27,2923.35,2950.9,2901.0,2924.4,163947.0,43.55
2025-02-28,2900.0,2999.9,2825.2,2868.95,136763.0,36.44
2025-03-03,2909.95,2957.95,2865.15,2947.4,121804.0,14.89
2025-03-04,2940.0,2964.8,2881.25,2959.4,54994.0,18.38
2025-03-05,2979.9,3038.7,2959.4,3033.05,75557.0,30.61
2025-03-06,3040.0,3090.0,3000.0,3082.05,176488.0,39.54
2025-03-07,3082.05,3099.0,3002.2,3011.1,107291.0,40.28
2025-03-10,3010.15,3031.0,2922.3,2931.75,231262.0,47.32
2025-03-11,2921.0,2931.75,2851.0,2890.2,391673.0,62.33
2025-03-12,2901.0,2991.55,2890.2,2923.25,186542.0,35.64
2025-03-13,2947.0,2964.6,2898.3,2908.5,81455.0,40.63
2025-03-17,2908.55,2978.4,2900.05,2961.75,60944.0,32.39
2025-03-18,2971.0,3027.0,2968.5,3018.5,95444.0,54.53
2025-03-19,3037.5,3235.0,3029.95,3188.85,390845.0,20.64
2025-03-20,3205.0,3211.4,3142.1,3201.1,109492.0,24.47
2025-03-21,3198.05,3238.05,3166.0,3228.3,169291.0,39.68
2025-03-24,3235.2,3298.0,3209.05,3272.15,96130.0,23.92
2025-03-25,3280.0,3292.0,3204.0,3212.45,97369.0,19.78
2025-03-26,3223.8,3301.95,3186.35,3234.95,275521.0,31.22
2025-03-27,3226.0,3283.95,3200.0,3254.2,87107.0,38.64
2025-03-28,3250.0,3301.9,3234.0,3250.05,91712.0,35.52
2025-04-01,3250.05,3280.0,3154.5,3218.8,132567.0,30.97
2025-04-02,3232.0,3255.2,3190.55,3228.4,150509.0,46.22
2025-04-03,3185.0,3285.8,3185.0,3276.0,62003.0,29.71
2025-04-04,3270.0,3289.6,3132.0,3161.15,71262.0,27.57
2025-04-07,3000.0,3058.85,2959.0,3050.75,77663.0,25.71
2025-04-08,3069.95,3110.0,3030.4,3075.35,69287.0,31.02
2025-04-09,3095.3,3170.0,3070.85,3128.75,137050.0,25.84
2025-04-11,3183.55,3219.9,3145.0,3178.2,55811.0,24.27
2025-04-15,3239.0,3295.0,3204.2,3274.0,77875.0,45.94
2025-04-16,3297.0,3320.7,3212.3,3231.9,85442.0,25.91
2025-04-17,3240.0,3279.9,3210.0,3265.2,67535.0,26.81
2025-04-21,3287.8,3383.8,3250.0,3369.2,116353.0,35.78
2025-04-22,3386.0,3424.9,3331.2,3357.7,183000.0,45.71
2025-04-23,3373.5,3463.2,3373.5,3446.4,205209.0,34.69
2025-04-24,3460.0,3467.3,3365.0,3388.3,117639.0,37.79
2025-04-25,3420.0,3420.0,3302.1,3333.7,241549.0,44.9
2025-04-28,3322.2,3383.9,3315.2,3359.4,60069.0,29.49
2025-04-29,3368.0,3415.0,3318.1,3343.5,55534.0,31.86
2025-04-30,3340.0,3352.0,3232.0,3259.0,97053.0,38.59
2025-05-02,3230.0,3325.0,3204.9,3216.1,107644.0,37.13
2025-05-05,3218.0,3250.0,3214.4,3247.3,61765.0,37.69
2025-05-06,3256.5,3279.4,3180.0,3197.9,116218.0,35.78
2025-05-07,3197.9,3223.5,3156.5,3204.0,82880.0,19.33
2025-05-08,3218.0,3229.5,3102.0,3195.2,353903.0,14.35
2025-05-09,3136.0,3219.5,3107.0,3130.4,207794.0,36.12
2025-05-12,3215.0,3440.0,3196.0,3413.1,496741.0,18.69
2025-05-13,3396.0,3542.3,3390.0,3501.6,447112.0,25.2
2025-05-14,3519.0,3569.0,3480.7,3525.3,183591.0,27.64
2025-05-15,3535.0,3558.3,3499.9,3543.4,273437.0,70.18
2025-05-16,3543.5,3616.6,3530.5,3551.5,285982.0,54.77
2025-05-19,3551.5,3578.0,3508.1,3532.8,63477.0,24.3
2025-05-20,3552.0,3576.6,3492.0,3509.6,180195.0,53.02
2025-05-21,3515.0,3575.0,3500.0,3514.4,93912.0,25.74
2025-05-22,3515.0,3528.4,3435.4,3504.7,71626.0,19.67
2025-05-23,3510.0,3593.6,3496.8,3510.6,134274.0,40.05
2025-05-26,3520.0,3535.0,3454.6,3503.3,387934.0,58.95
2025-05-27,3509.8,3548.4,3462.1,3532.2,430965.0,62.09
2025-05-28,3549.7,3549.9,3360.0,3373.0,596236.0,47.96
2025-05-29,3378.0,3403.0,3296.0,3302.2,337749.0,43.2
2025-05-30,3320.0,3354.6,3270.0,3321.7,152515.0,44.41
2025-06-02,3321.7,3422.4,3305.0,3383.6,230208.0,52.12
2025-06-03,3385.0,3403.8,3275.0,3282.7,133163.0,49.0
2025-06-04,3282.7,3309.0,3239.6,3249.2,125988.0,41.93
2025-06-05,3265.0,3333.6,3260.0,3313.4,178239.0,43.3
2025-06-06,3320.0,3325.7,3277.9,3293.2,70907.0,38.2
2025-06-09,3297.0,3315.0,3275.0,3288.2,55284.0,43.6
2025-06-10,3300.0,3311.9,3251.8,3258.1,116495.0,42.4
2025-06-11,3266.0,3280.1,3207.0,3212.7,109693.0,55.31
2025-06-12,3224.5,3265.6,3153.0,3167.0,113034.0,51.94
2025-06-13,2776.4,3177.7,2776.4,3130.2,301757.0,26.92
2025-06-16,3144.0,3226.8,3092.0,3149.6,301716.0,36.85
2025-06-17,3152.7,3184.7,3126.8,3153.8,95657.0,40.73
2025-06-18,3153.8,3282.0,3132.1,3270.2,552226.0,19.29
2025-06-19,3270.2,3285.0,3225.8,3252.2,215781.0,40.55
2025-06-20,3252.0,3284.0,3210.1,3228.4,403621.0,54.39
2025-06-23,3221.2,3333.0,3218.1,3323.3,227042.0,35.27
2025-06-24,3343.0,3358.9,3288.2,3299.6,127588.0,45.82
2025-06-25,3305.0,3371.6,3295.0,3304.6,119866.0,38.88
2025-06-26,3310.0,3378.1,3310.0,3358.0,198965.0,44.88
2025-06-27,3375.0,3409.9,3333.0,3341.6,115749.0,40.08
2025-06-30,3350.0,3369.0,3318.3,3334.6,50473.0,41.93
2025-07-01,3345.0,3396.0,3310.2,3319.6,98544.0,32.2
2025-07-02,3340.0,3426.1,3326.1,3352.4,164305.0,28.74
2025-07-03,3346.2,3400.0,3346.2,3366.1,88441.0,39.63
2025-07-04,3365.0,3373.9,3319.9,3327.6,32907.0,41.01
2025-07-07,3327.0,3355.2,3278.1,3341.8,131864.0,49.41
2025-07-08,3342.0,3398.5,3321.2,3387.9,99780.0,40.85
2025-07-09,3387.9,3397.9,3367.6,3378.4,43203.0,44.63
2025-07-10,3388.0,3394.9,3305.0,3324.3,61350.0,36.37
2025-07-11,3325.8,3358.8,3286.0,3300.3,36782.0,44.99
2025-07-14,3309.1,3321.2,3254.8,3264.4,73316.0,49.35
2025-07-15,3275.1,3366.4,3275.1,3357.4,77763.0,25.28
2025-07-16,3357.4,3400.0,3323.6,3357.0,188419.0,36.31
2025-07-17,3384.0,3422.4,3355.9,3410.9,103496.0,44.67
2025-07-18,3424.0,3460.0,3401.0,3415.2,123319.0,40.74
2025-07-21,3415.2,3440.0,3370.4,3427.0,46370.0,55.47
2025-07-22,3427.0,3457.0,3405.2,3443.6,81574.0,62.38
2025-07-23,3445.0,3482.0,3422.4,3478.8,91732.0,53.79
2025-07-24,3492.0,3493.5,3407.3,3445.3,50509.0,50.49
2025-07-25,3434.0,3445.2,3405.5,3411.7,36854.0,63.12
2025-07-28,3410.1,3451.0,3370.5,3409.4,61013.0,59.64
2025-07-29,3410.9,3499.7,3410.9,3489.8,194700.0,66.77
2025-07-30,3499.9,3509.0,3420.2,3429.6,44402.0,47.1
2025-07-31,3388.0,3427.7,3344.1,3359.2,41565.0,46.68
2025-08-01,3380.0,3423.8,3251.9,3289.5,49562.0,30.11
2025-08-04,3300.0,3500.0,3250.7,3394.1,565435.0,11.91
2025-08-05,3418.7,3445.5,3371.5,3412.7,173349.0,29.69
2025-08-06,3412.7,3478.0,3365.0,3385.8,78016.0,24.62
2025-08-07,3365.0,3368.6,3302.0,3353.0,43166.0,32.28
2025-08-08,3359.9,3387.6,3323.0,3351.7,29292.0,33.36
2025-08-11,3354.9,3379.2,3309.2,3367.5,41181.0,48.58
2025-08-12,3366.1,3390.2,3355.0,3379.6,22397.0,45.11
2025-08-13,3388.5,3394.5,3360.9,3374.5,18823.0,47.59
2025-08-14,3363.2,3420.2,3363.2,3400.5,72422.0,68.35
2025-08-18,3490.0,3720.0,3459.9,3623.8,785829.0,38.75
2025-08-19,3623.8,3639.1,3575.1,3599.8,101033.0,43.74
2025-08-20,3590.0,3660.0,3578.0,3624.5,105282.0,54.32
2025-08-21,3638.0,3641.8,3551.0,3575.8,70904.0,51.53
2025-08-22,3599.0,3599.0,3535.6,3569.6,30566.0,33.19
2025-08-25,3590.6,3631.0,3550.0,3568.8,67344.0,23.6
2025-08-26,3552.0,3570.0,3505.0,3551.2,48862.0,38.89
2025-08-28,3551.1,3554.2,3460.4,3475.2,32660.0,49.34
2025-08-29,3476.5,3618.0,3436.9,3567.8,153281.0,23.13
2025-09-01,3567.8,3724.0,3567.7,3644.0,213839.0,21.0
2025-09-02,3655.0,3699.0,3631.0,3650.4,104113.0,40.06
2025-09-03,3679.7,3695.0,3655.0,3677.5,108272.0,68.01
2025-09-04,3888.0,4180.0,3605.0,3633.3,2660975.0,28.1
2025-09-05,3660.0,3720.3,3621.1,3690.5,243292.0,29.21
2025-09-08,3699.8,3821.3,3650.0,3772.3,228278.0,18.95
2025-09-09,3794.9,3798.0,3720.0,3767.2,121758.0,34.09
2025-09-10,3785.8,3786.2,3640.0,3677.7,279433.0,40.74
2025-09-11,3680.0,3721.0,3664.9,3698.2,90769.0,41.02
2025-09-12,3698.1,3732.0,3661.9,3689.1,77044.0,40.71
2025-09-15,3700.0,3715.0,3633.0,3643.0,63010.0,46.16
2025-09-16,3665.6,3698.0,3622.3,3671.1,85451.0,47.66
2025-09-17,3671.9,3694.0,3648.6,3661.6,111252.0,64.05
2025-09-18,3694.0,3814.9,3692.2,3794.7,630474.0,23.36
2025-09-19,3794.4,3794.5,3670.0,3688.1,147028.0,54.98
2025-09-22,3703.0,3717.5,3641.0,3656.8,80820.0,42.89
2025-09-23,3672.0,3764.9,3585.0,3739.1,199806.0,46.13
2025-09-24,3745.0,3748.0,3652.1,3698.9,131400.0,43.97
2025-09-25,3714.9,3714.9,3585.9,3602.8,232023.0,69.58
2025-09-26,3612.8,3637.0,3525.5,3543.7,67428.0,34.5
2025-09-29,3550.9,3570.0,3445.2,3464.0,243089.0,64.06
2025-09-30,3464.5,3470.0,3404.0,3446.6,142442.0,65.55
2025-10-01,3446.6,3699.9,3446.6,3637.7,602797.0,31.39
2025-10-03,3670.0,3671.9,3557.4,3569.5,132338.0,39.58
2025-10-06,3580.0,3594.2,3530.0,3537.2,74160.0,44.8
2025-10-07,3537.0,3569.4,3488.2,3525.2,380085.0,74.06
2025-10-08,3525.2,3742.8,3525.2,3627.2,522471.0,26.52
2025-10-09,3654.2,3657.1,3610.1,3628.2,100404.0,46.15
2025-10-10,3630.0,3693.9,3610.6,3638.1,108503.0,40.03
2025-10-13,3611.2,3616.9,3570.0,3577.5,51523.0,40.71
2025-10-14,3580.0,3645.0,3576.0,3613.8,121826.0,65.73
2025-10-15,3624.0,3690.0,3601.9,3682.6,157429.0,48.26
2025-10-16,3695.0,3793.9,3688.2,3782.4,200464.0,50.41
2025-10-17,3766.0,3779.0,3685.7,3697.4,68379.0,50.27
2025-10-20,3710.1,3726.4,3685.0,3694.5,31411.0,43.36
2025-10-21,3696.0,3724.4,3690.0,3703.7,8678.0,43.23
2025-10-22,3696.0,3724.4,3690.0,3703.7,8678.0,43.23
2025-10-23,3706.0,3722.2,3661.0,3676.7,40621.0,42.33
2025-10-24,3676.7,3694.9,3608.1,3665.4,63093.0,54.74
2025-10-27,3670.0,3692.0,3640.7,3659.8,25252.0,46.15
2025-10-28,3651.0,3736.0,3651.0,3724.2,93389.0,52.06
2025-10-29,3722.0,3763.8,3698.2,3721.5,63030.0,48.44
2025-10-30,3725.5,3732.9,3685.0,3713.9,26546.0,32.81
2025-10-31,3712.0,3824.0,3697.3,3786.5,152533.0,40.24
2025-11-03,3796.4,3880.0,3786.0,3846.5,151639.0,35.6
2025-11-04,3862.0,3862.2,3750.0,3822.3,287958.0,16.29
2025-11-05,3862.0,3862.2,3750.0,3822.3,287958.0,16.29
2025-11-06,3809.1,3810.0,3665.0,3689.7,120685.0,49.42
2025-11-07,3689.7,3698.8,3575.1,3629.2,134466.0,49.85
2025-11-10,3629.2,3638.6,3541.0,3548.6,75700.0,54.0
2025-11-11,3578.0,3648.0,3545.0,3614.0,92305.0,48.0
2025-11-12,3619.0,3630.0,3560.0,3570.4,54478.0,54.2
2025-11-13,3588.5,3644.6,3584.1,3608.0,63024.0,42.85
2025-11-14,3608.0,3608.0,3532.8,3551.1,53212.0,43.75
2025-11-17,3552.0,3636.0,3552.0,3623.4,67893.0,38.58
2025-11-18,3600.0,3633.9,3560.1,3618.8,49362.0,45.0
2025-11-19,3671.1,3679.9,3570.0,3584.4,105373.0,40.5
2025-11-20,3599.9,3615.4,3552.0,3557.8,49521.0,62.62
2025-11-21,3557.0,3642.0,3540.0,3617.5,146801.0,48.68
2025-11-24,3617.5,3686.0,3596.4,3670.2,135421.0,45.7
2025-11-25,3685.9,3690.0,3604.4,3637.6,62308.0,39.62
2025-11-26,3648.5,3719.6,3620.1,3686.6,91653.0,43.97
2025-11-27,3686.5,3860.0,3670.0,3847.8,298548.0,34.3
2025-11-28,3849.9,3896.9,3788.6,3817.4,161825.0,22.97
2025-12-01,3840.0,3907.1,3830.4,3844.2,138120.0,29.42
2025-12-02,3815.4,3830.0,3741.6,3757.2,70041.0,46.45
2025-12-03,3761.0,3811.0,3725.0,3800.0,70993.0,49.28
2025-12-04,3771.0,3792.6,3714.1,3733.8,52201.0,40.81
2025-12-05,3733.8,3783.4,3693.6,3710.9,40125.0,30.49
2025-12-08,3710.9,3740.0,3650.0,3676.2,54172.0,48.94
2025-12-09,3670.0,3694.3,3584.2,3674.8,66430.0,48.91
2025-12-10,3700.9,3708.0,3631.2,3647.3,27337.0,46.72
2025-12-11,3665.0,3689.0,3624.0,3675.3,29721.0,41.13
2025-12-12,3703.0,3728.5,3650.0,3659.7,38676.0,40.8
2025-12-15,3655.0,3726.0,3645.0,3719.1,35605.0,40.26
2025-12-16,3701.0,3718.5,3665.0,3678.2,38860.0,56.29
2025-12-17,3678.2,3750.0,3625.1,3642.9,40589.0,35.57
2025-12-18,3648.9,3666.9,3581.1,3638.4,75699.0,55.68
2025-12-19,3667.9,3685.4,3590.1,3615.8,125821.0,65.49
2025-12-22,3630.0,3653.9,3542.1,3625.5,184323.0,54.2
2025-12-23,3639.0,3779.0,3637.0,3747.0,185367.0,26.61
2025-12-24,3740.2,3764.0,3713.5,3728.5,66449.0,44.16
2025-12-25,3740.2,3764.0,3713.5,3728.5,66449.0,44.16
2025-12-26,3728.4,3750.0,3686.6,3698.1,26015.0,44.99
2025-12-29,3690.0,3735.0,3660.0,3722.0,52898.0,39.39
2025-12-30,3723.0,3744.4,3685.0,3710.4,31293.0,47.37
2025-12-31,3735.0,3749.0,3696.4,3719.8,51975.0,46.64
2026-01-01,3721.0,3850.0,3721.0,3820.6,231329.0,20.18
2026-01-02,3830.0,3882.9,3816.9,3847.1,120934.0,43.94
2026-01-05,3877.0,3975.5,3847.0,3962.1,160073.0,41.14
2026-01-06,3987.8,3987.8,3924.2,3948.6,63715.0,41.49
2026-01-07,3935.0,3939.5,3828.1,3890.1,68517.0,50.19
2026-01-08,3890.0,3954.0,3857.1,3882.1,70631.0,43.24
2026-01-09,3870.0,3880.4,3801.0,3818.4,33444.0,46.9
2026-01-12,3818.4,3818.4,3711.0,3751.4,57030.0,35.58
2026-01-13,3783.0,3783.0,3700.0,3722.6,51332.0,53.55
2026-01-14,3713.0,3720.1,3655.0,3690.0,64350.0,54.53
2026-01-15,3713.0,3720.1,3655.0,3690.0,64350.0,54.53
2026-01-16,3714.9,3744.5,3658.0,3678.4,105729.0,67.27
2026-01-19,3669.9,3670.0,3562.0,3573.0,81020.0,56.74
2026-01-20,3573.0,3574.3,3467.7,3506.2,178166.0,61.82
2026-01-21,3470.0,3590.0,3467.0,3575.4,120561.0,59.66
2026-01-22,3645.0,3645.0,3540.0,3553.3,61901.0,50.36
2026-01-23,3553.3,3699.0,3471.5,3500.4,111960.0,60.55
2026-01-26,3553.3,3699.0,3471.5,3500.4,111960.0,60.55
2026-01-27,3500.4,3576.0,3404.2,3468.8,63207.0,44.12
2026-01-28,3547.4,3547.4,3398.4,3482.6,68672.0,40.41
2026-01-29,3490.0,3498.0,3280.1,3292.3,162257.0,62.23
2026-01-30,3284.1,3386.9,3270.1,3380.8,142539.0,56.38
2026-02-02,3497.8,3511.0,3393.1,3501.3,88940.0,44.14
2026-02-03,3610.0,3639.0,3535.0,3600.8,421228.0,78.12
2026-02-04,3585.0,3640.5,3563.5,3599.8,306622.0,80.07
2026-02-05,3599.8,3725.0,3571.8,3714.1,168164.0,40.12
2026-02-06,3702.5,3778.0,3680.0,3763.7,91708.0,37.22
2026-02-09,3794.0,3857.0,3745.4,3777.6,95553.0,44.36
2026-02-10,3797.0,3872.3,3753.1,3823.6,337295.0,35.15
2026-02-11,3809.0,3809.0,3675.0,3695.0,229437.0,46.7
2026-02-12,3695.3,3697.0,3590.0,3635.8,158033.0,56.77
2026-02-13,3630.0,3692.6,3577.9,3586.6,173264.0,52.6
2026-02-16,3586.6,3605.0,3505.8,3521.0,85081.0,63.12
2026-02-17,3521.0,3533.0,3411.0,3505.2,168495.0,42.97
2026-02-18,3533.0,3559.5,3506.0,3547.2,99711.0,53.14
2026-02-19,3555.0,3568.0,3450.2,3460.5,81475.0,50.13
2026-02-20,3470.0,3487.9,3400.0,3417.8,72696.0,60.46
2026-02-23,3445.0,3559.0,3440.1,3483.9,152786.0,34.84
2026-02-24,3483.9,3590.3,3476.1,3565.4,135907.0,43.39
2026-02-25,3590.0,3650.0,3544.7,3602.8,84096.0,49.58
2026-02-26,3600.1,3646.7,3564.5,3599.5,69575.0,41.62
2026-02-27,3590.0,3596.9,3505.1,3518.6,54853.0,51.65
2026-03-02,3410.1,3500.0,3370.9,3397.4,69860.0,47.83
2026-03-03,3410.1,3500.0,3370.9,3397.4,69860.0,47.83
2026-03-04,3362.2,3362.2,3231.1,3266.4,59492.0,43.44
2026-03-05,3268.9,3350.9,3243.0,3333.3,69014.0,36.78
2026-03-06,3330.3,3373.0,3271.0,3291.6,37125.0,44.58
2026-03-09,3249.9,3249.9,3160.0,3203.4,37999.0,42.89
2026-03-10,3300.0,3370.0,3276.7,3328.8,155573.0,21.07
2026-03-11,3370.0,3414.0,3335.1,3396.6,87330.0,46.16
2026-03-12,3400.0,3400.0,3220.5,3229.8,154477.0,39.57
2026-03-13,3215.0,3229.8,3081.7,3120.6,149932.0,49.01
2026-03-16,3120.6,3138.0,3040.0,3060.0,71246.0,41.17
2026-03-17,3082.1,3092.0,3030.2,3052.8,75990.0,38.61
2026-03-18,3054.9,3111.0,3048.0,3090.8,78481.0,57.15
2026-03-19,3060.0,3060.0,2868.0,2887.2,225930.0,52.32
2026-03-20,2930.5,3115.0,2930.5,3059.4,830222.0,46.1
2026-03-23,3023.0,3032.2,2835.0,2871.6,172724.0,47.91
2026-03-24,2949.0,2960.0,2871.8,2899.8,207114.0,52.15
2026-03-25,2939.9,2983.0,2920.4,2967.4,226246.0,61.83
2026-03-26,2939.9,2983.0,2920.4,2967.4,226246.0,61.83
2026-03-27,2947.0,2947.0,2835.0,2842.4,159705.0,60.74
2026-03-30,2820.0,2839.8,2730.0,2740.3,173127.0,55.23
2026-03-31,2820.0,2839.8,2730.0,2740.3,173127.0,55.23
2026-04-01,2800.0,2851.5,2800.0,2827.2,98176.0,49.8
2026-04-02,2810.0,2852.0,2710.1,2843.9,160894.0,56.5
2026-04-03,2810.0,2852.0,2710.1,2843.9,160894.0,56.5
2026-04-06,2842.1,2912.4,2781.4,2893.3,152950.0,55.48
2026-04-07,2885.0,2922.0,2853.8,2909.8,82119.0,47.63
2026-04-08,3040.0,3074.0,2977.5,3059.5,170276.0,46.15
2026-04-09,3074.0,3167.0,3069.0,3127.2,180708.0,52.72
2026-04-10,3165.0,3218.7,3150.0,3195.0,109121.0,51.89
2026-04-13,3140.0,3172.4,3085.9,3134.4,50767.0,41.46
2026-04-14,3140.0,3172.4,3085.9,3134.4,50767.0,41.46
2026-04-15,3239.0,3240.0,3177.0,3230.8,82520.0,51.72
2026-04-16,3268.0,3306.2,3242.1,3282.2,111082.0,50.23
2026-04-17,3282.2,3310.8,3262.1,3295.0,84860.0,60.48
2026-04-20,3296.0,3329.0,3237.8,3316.0,89478.0,50.96
2026-04-21,3315.0,3369.7,3292.2,3359.9,107390.0,45.01
2026-04-22,3360.0,3377.9,3315.4,3338.6,71741.0,56.93
2026-04-23,3320.0,3373.8,3275.1,3309.0,77491.0,56.37
2026-04-24,3309.0,3349.0,3214.0,3231.3,100805.0,55.98
2026-04-27,3250.0,3302.7,3240.1,3262.5,57089.0,57.77
2026-04-28,3260.1,3314.9,3256.2,3308.6,130887.0,64.71
2026-04-29,3333.0,3382.0,3259.0,3302.1,80686.0,46.85
2026-04-30,3290.0,3314.4,3215.2,3241.6,82689.0,54.77
2026-05-01,3290.0,3314.4,3215.2,3241.6,82689.0,54.77
2026-05-04,3305.0,3325.6,3176.5,3205.1,90883.0,46.76
2026-05-05,3215.0,3249.9,3196.2,3207.5,51939.0,41.0
2026-05-06,3233.0,3342.0,3220.3,3317.1,118378.0,46.68
2026-05-07,3335.0,3408.0,3300.0,3345.9,507852.0,19.82
2026-05-08,3345.9,3345.9,3137.5,3146.6,379151.0,51.6
2026-05-11,3138.4,3140.0,2948.6,2966.7,328852.0,51.75
2026-05-12,2974.0,2981.2,2922.0,2960.7,153219.0,49.82
2026-05-13,2977.9,3005.0,2944.0,2982.7,127451.0,49.43
2026-05-14,2985.4,3010.0,2979.3,2999.2,128474.0,54.53
2026-05-15,2999.2,3030.0,2981.0,3000.2,169148.0,63.86
2026-05-18,2962.0,2985.0,2898.2,2971.0,122148.0,53.62
2026-05-19,2957.5,3009.9,2869.0,2890.8,207847.0,47.22
2026-05-20,2890.0,2914.0,2864.0,2895.6,96381.0,54.97
2026-05-21,2930.0,2938.6,2879.8,2904.1,194552.0,70.12
2026-05-22,2920.0,2946.8,2893.2,2931.4,94066.0,57.03
2026-05-25,2941.9,2985.0,2940.5,2976.5,67529.0,58.74
2026-05-26,2984.0,3042.7,2931.0,2939.6,138775.0,46.91
2026-05-27,2940.0,2964.6,2875.1,2880.4,130340.0,51.04
2026-05-28,2940.0,2964.6,2875.1,2880.4,130340.0,51.04
2026-05-29,2896.0,2921.8,2750.0,2859.8,805789.0,85.74
2026-06-01,2871.0,2899.0,2755.0,2762.8,184197.0,50.07
2026-06-02,2769.0,2769.0,2700.0,2750.3,265863.0,56.79
2026-06-03,2754.0,2790.3,2736.6,2765.0,97842.0,34.41
2026-06-04,2765.0,2787.9,2746.0,2751.1,78819.0,39.14
2026-06-05,2765.0,2799.0,2751.6,2781.5,112142.0,49.35
2026-06-08,2765.3,2819.0,2742.2,2798.7,116022.0,54.27
2026-06-09,2803.0,2832.4,2761.0,2789.9,97353.0,50.1
2026-06-10,2800.0,2825.5,2730.5,2740.6,116616.0,55.13
2026-06-11,2740.6,2769.3,2707.8,2724.7,180017.0,69.48
2026-06-12,2779.8,2779.8,2729.0,2761.4,56786.0,44.8
2026-06-15,2800.0,2834.0,2784.0,2801.1,211779.0,73.45
2026-06-16,2827.0,2903.7,2805.2,2830.0,159264.0,36.83
2026-06-17,2838.6,2875.1,2822.2,2831.0,59696.0,43.43
2026-06-18,2835.0,2852.2,2802.3,2809.7,103377.0,49.31
2026-06-19,2809.7,2837.8,2787.6,2821.2,175073.0,44.43
2026-06-22,2825.3,2964.2,2825.3,2950.4,303035.0,45.73
2026-06-23,2965.0,2983.4,2927.4,2951.8,218938.0,59.84
2026-06-24,2935.5,2937.1,2892.8,2930.6,74541.0,48.65
2026-06-25,2955.8,3022.0,2940.8,2949.7,155406.0,51.76
2026-06-26,2955.8,3022.0,2940.8,2949.7,155406.0,51.76
2026-06-29,2949.7,2989.4,2880.0,2897.2,150949.0,43.51
2026-06-30,2928.4,2970.0,2918.5,2935.9,80017.0,58.15
2026-07-01,2960.0,3022.0,2927.0,2945.3,204795.0,43.75
2026-07-02,2945.8,2977.0,2930.0,2949.4,101356.0,57.6
2026-07-03,2950.0,2985.0,2924.0,2964.9,82653.0,49.19
2026-07-06,2973.9,3014.0,2934.1,2982.6,186083.0,41.88
2026-07-07,3009.5,3014.7,2955.0,2978.9,75853.0,50.58
2026-07-08,2960.0,2988.9,2892.6,2919.8,86079.0,50.81
2026-07-09,2933.0,2942.1,2900.3,2908.6,60567.0,52.82
2026-07-10,2911.0,2969.0,2911.0,2941.8,104378.0,64.36
2026-07-13,2940.0,2997.8,2921.5,2969.7,96473.0,52.83
2026-07-14,2958.0,2968.0,2919.7,2928.4,45372.0,61.67
2026-07-15,2928.9,2958.0,2910.0,2918.9,67720.0,57.83
2026-07-16,2945.0,2959.0,2928.1,2944.8,47233.0,60.65
2026-07-17,2940.0,2947.3,2910.0,2937.0,51586.0,50.65
2026-07-20,2916.0,3037.0,2916.0,2981.4,352348.0,54.72
2026-07-21,2981.0,3007.0,2925.0,2956.2,84022.0,56.29
2026-07-22,2940.0,2979.9,2935.1,2948.4,50786.0,53.5
2026-07-23,2936.9,2953.7,2901.6,2907.1,48229.0,54.11
2026-07-24,2900.0,2923.7,2880.0,2905.1,100725.0,63.82
2026-07-27,2936.9,2960.0,2915.4,2954.1,53545.0,53.24
2026-07-28,2969.0,3020.0,2954.1,3009.9,219717.0,75.73
2026-07-29,3031.0,3039.9,2986.1,3016.8,131827.0,67.95
2026-07-30,3016.8,3032.9,2986.0,3013.6,40080.0,56.97
2026-07-31,3013.6,3099.0,3010.2,3086.0,336370.0,42.71
2026-08-03,3110.0,3150.0,3043.4,3135.5,678771.0,20.65
2026-08-04,3149.4,3173.1,3078.5,3101.2,127346.0,42.8
2026-08-05,3115.0,3127.8,3085.0,3089.2,129193.0,48.78
2026-08-06,3099.9,3099.9,3065.0,3081.0,61901.0,53.66
2026-08-07,3081.0,3087.9,3042.6,3080.0,65250.0,55.62
2026-08-10,3080.0,3131.0,3059.0,3082.1,87772.0,53.16
2026-08-11,3082.1,3138.0,3071.4,3107.0,131606.0,38.0
2026-08-12,3128.9,3131.0,3097.5,3126.0,92021.0,60.28
2026-08-13,3110.2,3126.0,3088.0,3093.4,23261.0,56.41
2026-08-14,3080.0,3119.0,3080.0,3113.7,33698.0,48.38
2026-08-19,3062.1,3081.0,3042.2,3054.9,52749.0,55.34
2026-08-20,3059.6,3110.0,3059.0,3092.1,76434.0,51.99
2026-08-21,3108.0,3112.9,3052.0,3086.6,47487.0,52.15
2026-08-24,3075.0,3108.4,3075.0,3097.3,30269.0,53.48
2026-08-25,3097.3,3103.9,3050.0,3064.8,31808.0,41.26
2026-08-26,3070.0,3094.4,3056.0,3067.0,21797.0,44.52
2026-08-27,3070.0,3096.9,2967.7,2974.1,134744.0,57.17
