,Open,High,Low,Close,Volume,DeliveryPct
2016-08-22,43.0,44.0,41.75,43.6,26731.0,
2016-08-23,42.95,43.9,42.5,42.9,23797.0,
2016-08-24,42.5,43.5,41.2,41.45,17366.0,
2016-08-25,41.85,44.4,41.55,42.7,49122.0,
2016-08-26,43.0,43.1,41.6,42.7,13598.0,
2016-08-29,42.0,43.8,41.25,42.75,19382.0,
2016-08-30,43.75,43.95,43.0,43.6,28207.0,
2016-08-31,44.9,45.0,43.0,43.5,49687.0,
2016-09-01,43.05,44.35,42.1,42.35,7526.0,
2016-09-02,42.0,43.75,41.3,42.05,14707.0,
2016-09-06,43.85,43.85,41.6,41.8,15319.0,
2016-09-07,41.9,50.15,41.35,48.1,426445.0,
2016-09-08,48.7,50.5,48.1,49.45,274077.0,
2016-09-09,49.75,51.4,49.0,49.3,99070.0,
2016-09-12,49.0,49.8,47.6,48.3,59515.0,
2016-09-14,49.45,49.45,48.05,48.95,39143.0,
2016-09-15,48.0,51.3,47.75,49.3,66451.0,
2016-09-16,49.0,50.65,48.0,48.55,45984.0,
2016-09-19,48.95,49.25,47.8,48.2,32196.0,
2016-09-20,49.3,49.3,47.0,47.2,30437.0,
2016-09-21,47.0,48.0,45.0,45.15,50767.0,
2016-09-22,45.15,47.4,45.15,46.6,39151.0,
2016-09-23,45.6,47.65,45.6,46.1,12232.0,
2016-09-26,46.1,49.0,45.5,46.8,21844.0,
2016-09-27,46.6,46.7,44.1,44.25,61885.0,
2016-09-28,44.25,45.45,44.1,44.75,28547.0,
2016-09-29,45.0,45.55,40.1,40.8,71726.0,
2016-09-30,43.95,43.95,41.9,43.15,24692.0,
2016-10-03,47.8,47.8,43.0,46.55,49880.0,
2016-10-04,46.0,47.5,45.2,46.45,19782.0,
2016-10-05,46.45,47.0,45.4,46.45,24454.0,
2016-10-06,46.0,46.9,45.15,45.55,27687.0,
2016-10-07,45.15,49.7,42.1,48.05,72273.0,
2016-10-10,49.85,49.85,47.7,47.9,27154.0,
2016-10-13,48.0,49.0,46.2,47.7,32729.0,
2016-10-14,47.75,49.0,46.3,48.6,41255.0,
2016-10-17,49.0,49.2,47.15,47.85,18354.0,
2016-10-18,47.25,48.9,47.25,48.0,39591.0,
2016-10-19,48.0,49.3,47.2,49.0,170990.0,
2016-10-20,49.8,53.4,49.0,52.0,255177.0,
2016-10-21,52.35,52.7,50.55,51.3,104946.0,
2016-10-24,53.3,54.0,48.55,51.85,91175.0,
2016-10-25,51.45,52.5,49.1,51.5,38944.0,
2016-10-26,51.0,52.5,50.15,51.5,38950.0,
2016-10-27,52.2,52.2,49.15,49.7,32739.0,
2016-10-28,47.0,49.0,46.25,47.35,85685.0,
2016-11-01,48.4,48.5,47.15,47.75,29798.0,
2016-11-02,47.75,47.75,45.85,46.4,50645.0,
2016-11-03,48.05,50.65,46.0,46.35,248346.0,
2016-11-04,46.1,47.0,43.2,44.7,73767.0,
2016-11-07,44.7,47.0,44.7,45.75,17460.0,
2016-11-08,45.6,46.5,43.1,45.05,16111.0,
2016-11-09,41.7,44.45,36.4,43.45,42788.0,
2016-11-10,44.8,46.25,43.45,44.4,35454.0,
2016-11-11,44.0,44.0,41.6,42.65,20631.0,
2016-11-15,43.0,43.0,34.5,36.0,123478.0,
2016-11-16,36.0,38.0,34.15,36.25,38310.0,
2016-11-17,36.0,36.0,32.25,33.45,61871.0,
2016-11-18,34.0,35.9,32.65,35.3,12292.0,
2016-11-21,36.85,36.85,32.5,34.55,18511.0,
2016-11-22,34.75,36.95,32.8,35.65,23258.0,
2016-11-23,35.0,35.85,34.0,35.15,18556.0,
2016-11-24,36.0,36.0,33.75,34.9,20953.0,
2016-11-25,34.35,38.5,33.05,37.2,34914.0,
2016-11-28,39.9,39.9,37.75,38.95,17262.0,
2016-11-29,39.95,40.75,39.05,39.5,13046.0,
2016-11-30,39.5,41.0,38.4,40.25,11528.0,
2016-12-01,40.5,41.0,39.05,39.4,7495.0,
2016-12-02,40.7,40.7,38.5,39.05,6646.0,
2016-12-05,40.95,40.95,38.0,39.1,10979.0,
2016-12-06,38.5,40.5,38.3,38.75,8622.0,
2016-12-07,38.3,39.75,38.05,38.5,7069.0,
2016-12-08,40.0,41.5,39.05,40.65,8735.0,
2016-12-09,40.65,40.9,39.1,40.05,7472.0,
2016-12-12,39.5,40.9,38.3,40.25,2993.0,
2016-12-13,40.0,40.0,38.5,39.1,4743.0,
2016-12-14,38.25,39.95,38.25,39.0,2316.0,
2016-12-15,38.3,39.8,37.3,39.3,964.0,
2016-12-16,39.15,40.0,37.6,38.1,10514.0,
2016-12-19,39.95,39.95,37.9,38.0,4034.0,
2016-12-20,38.0,38.5,37.55,37.8,3397.0,
2016-12-21,36.8,38.5,36.8,37.25,5161.0,
2016-12-22,37.25,41.8,36.4,39.1,107677.0,
2016-12-23,38.3,41.0,37.2,39.85,23261.0,
2016-12-26,39.65,41.6,37.05,38.15,20006.0,
2016-12-27,39.9,39.9,37.7,38.4,5913.0,
2016-12-28,38.5,39.7,38.4,38.75,7778.0,
2016-12-29,39.0,40.0,38.5,39.1,3469.0,
2016-12-30,41.75,41.75,38.7,39.4,6710.0,
2017-01-02,39.5,41.4,39.2,41.25,27404.0,
2017-01-03,40.5,40.95,40.1,40.7,6471.0,
2017-01-04,40.3,41.5,39.9,40.9,14664.0,
2017-01-05,41.0,42.7,41.0,42.2,22859.0,
2017-01-06,41.1,43.8,41.0,41.3,14939.0,
2017-01-09,42.95,42.95,39.7,40.15,30098.0,
2017-01-10,41.0,41.6,40.0,41.2,39860.0,
2017-01-11,42.4,42.4,40.8,41.05,113882.0,
2017-01-12,41.85,43.5,41.4,41.7,22346.0,
2017-01-13,42.75,42.9,40.7,42.15,25456.0,
2017-01-16,41.85,42.95,41.3,42.45,19738.0,
2017-01-17,42.7,42.8,41.15,41.4,11685.0,
2017-01-18,43.3,43.3,40.75,41.75,33678.0,
2017-01-19,41.7,42.15,40.75,41.75,22618.0,
2017-01-20,42.0,43.0,40.5,40.8,20219.0,
2017-01-23,41.05,42.85,40.8,42.5,30489.0,
2017-01-24,42.05,44.8,41.45,43.3,58832.0,
2017-01-25,42.8,50.25,42.3,48.3,154823.0,
2017-01-27,50.0,51.4,46.6,46.95,94067.0,
2017-01-30,47.0,48.7,45.0,45.4,35421.0,
2017-01-31,45.05,45.7,44.15,44.2,36242.0,
2017-02-01,44.9,45.8,43.15,45.1,14723.0,
2017-02-02,45.1,46.65,44.3,44.6,18735.0,
2017-02-03,45.0,47.75,43.5,44.4,32007.0,
2017-02-06,45.5,46.35,44.85,45.25,8381.0,
2017-02-07,45.1,46.35,44.2,44.2,13201.0,
2017-02-08,44.2,45.3,44.1,45.15,9264.0,
2017-02-09,45.0,45.6,43.95,44.25,16089.0,
2017-02-10,45.0,45.8,44.6,45.4,17074.0,
2017-02-13,45.0,45.25,42.1,43.05,41827.0,
2017-02-14,42.25,43.4,42.1,42.4,11116.0,
2017-02-15,43.2,43.3,41.25,41.45,24586.0,
2017-02-16,41.9,43.45,41.3,42.9,8087.0,
2017-02-17,42.5,43.75,41.5,42.0,13163.0,
2017-02-20,42.0,43.5,41.3,42.35,26876.0,
2017-02-21,42.05,45.65,42.05,43.95,44260.0,
2017-02-22,44.0,45.95,43.8,44.2,16687.0,
2017-02-23,44.15,44.65,42.3,42.6,11020.0,
2017-02-27,43.5,44.8,42.8,43.3,7942.0,
2017-02-28,42.7,43.8,42.1,42.95,12065.0,
2017-03-01,43.25,44.7,43.25,44.25,29060.0,
2017-03-02,44.0,44.7,43.0,43.1,14819.0,
2017-03-03,43.0,43.4,42.0,43.05,6131.0,
2017-03-06,43.7,43.7,41.5,42.2,32983.0,
2017-03-07,42.5,42.5,41.7,41.95,12335.0,
2017-03-08,42.0,42.3,41.4,41.6,8639.0,
2017-03-09,41.2,42.0,40.8,41.2,33211.0,
2017-03-10,41.45,41.55,40.3,40.65,46036.0,
2017-03-14,41.5,41.95,40.65,41.45,16688.0,
2017-03-15,41.05,41.7,40.6,41.2,9690.0,
2017-03-16,41.2,42.65,41.1,41.35,32923.0,
2017-03-17,41.9,42.3,41.25,41.4,10720.0,
2017-03-20,41.4,42.85,41.1,41.45,13285.0,
2017-03-21,41.55,42.0,41.0,41.1,9121.0,
2017-03-22,42.1,42.1,39.1,39.85,31304.0,
2017-03-23,39.85,40.9,39.7,40.5,11831.0,
2017-03-24,40.75,40.85,40.1,40.2,14324.0,
2017-03-27,40.0,40.35,38.1,39.2,37260.0,
2017-03-28,38.9,40.4,38.9,39.25,21329.0,
2017-03-29,41.0,41.0,39.1,39.45,15828.0,
2017-03-30,39.5,39.7,39.1,39.15,8966.0,
2017-03-31,39.15,43.1,39.1,42.1,735112.0,
2017-04-03,43.4,48.4,42.4,46.25,205810.0,
2017-04-05,47.0,47.8,43.75,46.5,106492.0,
2017-04-06,47.7,47.7,43.5,45.2,95523.0,
2017-04-07,44.2,46.0,43.4,43.55,66132.0,
2017-04-10,43.55,47.0,43.55,45.75,65318.0,
2017-04-11,46.15,47.25,46.15,46.4,52255.0,
2017-04-12,47.2,47.2,43.55,45.25,50910.0,
2017-04-13,45.5,46.7,45.35,45.5,24984.0,
2017-04-17,46.0,46.0,44.3,44.55,36582.0,
2017-04-18,45.95,45.95,44.3,44.4,32676.0,
2017-04-19,44.9,45.7,43.75,44.55,27388.0,
2017-04-20,46.45,46.45,43.1,43.75,13798.0,
2017-04-21,43.95,44.8,43.5,43.8,24679.0,
2017-04-24,44.5,44.95,43.75,44.1,17631.0,
2017-04-25,44.35,44.95,43.6,44.1,191924.0,
2017-04-26,44.5,47.8,44.5,46.6,227521.0,
2017-04-27,47.3,49.0,45.5,46.6,398665.0,
2017-04-28,46.85,47.45,44.5,45.1,44336.0,
2017-05-02,45.15,45.95,44.25,44.6,28681.0,
2017-05-03,44.15,44.7,42.55,43.6,42249.0,
2017-05-04,44.0,45.2,42.55,43.45,24397.0,
2017-05-05,42.15,43.4,41.1,41.8,72726.0,
2017-05-08,41.55,42.05,41.0,41.9,24153.0,
2017-05-09,42.85,42.85,41.7,42.0,8095.0,
2017-05-10,42.45,42.8,41.6,42.05,17591.0,
2017-05-11,42.75,42.75,41.2,41.35,31466.0,
2017-05-12,41.35,41.95,41.15,41.35,16631.0,
2017-05-15,41.95,43.9,41.25,43.15,33628.0,
2017-05-16,44.0,44.95,42.15,43.75,50458.0,
2017-05-17,43.55,44.4,41.55,42.2,110652.0,
2017-05-18,42.1,43.0,41.1,41.4,31030.0,
2017-05-19,41.2,42.8,40.55,40.7,37604.0,
2017-05-22,42.45,42.45,39.5,40.35,28615.0,
2017-05-23,41.65,41.65,37.65,38.3,80942.0,
2017-05-24,39.75,40.9,35.55,39.15,24964.0,
2017-05-25,39.7,40.75,38.2,39.7,20066.0,
2017-05-26,39.1,40.5,39.1,40.0,20647.0,
2017-05-29,40.0,40.7,40.0,40.5,21600.0,
2017-05-30,40.0,42.8,39.35,40.45,32106.0,
2017-05-31,40.1,41.45,40.0,40.0,13325.0,
2017-06-01,41.65,41.65,40.1,40.1,4049.0,
2017-06-02,40.05,40.85,40.0,40.05,6173.0,
2017-06-05,40.2,41.4,40.0,40.05,16786.0,
2017-06-06,40.15,40.4,40.0,40.0,33617.0,
2017-06-07,40.15,40.65,40.0,40.0,10171.0,
2017-06-08,40.0,40.95,39.2,40.6,10208.0,
2017-06-09,40.25,40.45,40.0,40.05,6841.0,
2017-06-12,39.9,40.8,39.7,40.35,11333.0,
2017-06-13,40.1,40.8,40.0,40.05,6726.0,
2017-06-14,40.1,40.45,40.0,40.3,11442.0,
2017-06-15,40.05,40.55,40.0,40.0,7706.0,
2017-06-16,40.5,40.9,40.0,40.15,18388.0,
2017-06-19,40.3,40.95,40.1,40.4,8844.0,
2017-06-20,41.0,41.0,40.2,40.5,2105.0,
2017-06-21,40.85,40.85,40.0,40.0,4607.0,
2017-06-22,40.0,40.95,39.8,40.0,9115.0,
2017-06-23,40.0,40.9,39.0,40.1,20481.0,
2017-06-27,39.05,40.5,39.05,40.35,15150.0,
2017-06-28,40.0,40.75,39.4,40.35,63358.0,
2017-06-29,40.0,40.85,39.1,40.0,103462.0,
2017-06-30,40.0,40.85,40.0,40.5,206029.0,
2017-07-03,41.4,41.8,40.5,41.3,211480.0,
2017-07-04,42.3,43.95,42.05,42.45,139718.0,
2017-07-05,43.95,44.6,42.5,42.8,24906.0,
2017-07-06,42.65,43.2,42.5,42.6,7443.0,
2017-07-07,43.2,43.2,34.4,41.45,33496.0,
2017-07-10,41.0,43.8,40.05,41.7,626.0,
2017-07-11,42.45,42.9,41.0,41.05,13796.0,
2017-07-12,40.9,42.3,40.35,41.35,12924.0,
2017-07-13,41.4,42.6,40.1,40.65,11967.0,
2017-07-14,40.2,41.2,40.2,40.75,3678.0,
2017-07-17,41.8,41.8,39.75,40.15,27889.0,
2017-07-18,40.8,40.85,40.0,40.0,26406.0,
2017-07-19,40.25,41.2,40.25,41.1,7258.0,
2017-07-20,41.0,41.5,40.6,41.05,13351.0,
2017-07-21,41.0,41.8,40.75,40.8,10847.0,
2017-07-24,40.5,43.45,40.5,41.7,30496.0,
2017-07-25,41.25,43.2,40.2,40.9,31617.0,
2017-07-26,40.65,41.45,40.3,40.4,10046.0,
2017-07-27,40.45,41.0,38.35,38.65,56911.0,
2017-07-28,38.65,39.95,38.65,39.7,38968.0,
2017-07-31,39.5,39.9,38.45,39.2,16085.0,
2017-08-01,38.9,39.95,38.35,39.45,7178.0,
2017-08-02,38.9,40.9,38.55,40.15,24119.0,
2017-08-03,40.0,40.45,39.75,39.75,10064.0,
2017-08-04,40.5,40.5,38.6,38.95,14114.0,
2017-08-07,38.9,39.6,38.3,39.0,11904.0,
2018-01-01,40.1,40.1,38.1,40.1,127372.0,
2018-01-02,45.8,48.1,42.35,48.1,442522.0,
2018-01-03,52.9,52.9,48.0,52.9,304666.0,
2018-01-04,57.4,58.15,54.1,58.15,196162.0,
2018-01-05,61.0,62.7,52.35,52.35,678606.0,
2018-01-08,48.55,52.35,47.75,48.15,341107.0,
2018-01-09,48.0,52.95,48.0,52.85,410490.0,
2018-01-10,52.4,52.4,50.0,50.35,169742.0,
2018-01-11,50.8,53.5,50.25,51.25,132257.0,
2018-01-12,50.65,52.0,48.7,50.55,137928.0,
2018-01-15,51.35,53.0,51.2,52.15,155772.0,
2018-01-16,52.5,57.0,52.0,53.7,602265.0,
2018-01-17,55.0,55.7,50.0,52.3,213196.0,
2018-01-18,53.1,54.65,49.55,50.15,120642.0,
2018-01-19,50.9,51.3,47.3,48.05,82033.0,
2018-01-22,49.0,49.0,45.45,47.05,36710.0,
2018-01-23,47.1,50.8,46.05,47.8,121304.0,
2018-01-24,48.3,48.4,45.65,46.5,83706.0,
2018-01-25,47.0,48.5,46.0,47.3,34861.0,
2018-01-29,47.0,47.0,43.5,44.05,69177.0,
2018-01-30,44.0,44.0,42.1,42.9,30978.0,
2018-01-31,41.4,43.75,41.2,42.9,30476.0,
2018-02-01,42.65,44.25,41.55,41.8,60167.0,
2018-02-02,41.05,41.55,38.6,39.65,43737.0,
2018-02-05,38.0,39.9,37.15,39.6,25023.0,
2018-02-06,37.0,38.6,36.25,36.95,47750.0,
2018-05-02,40.15,41.3,39.5,40.95,12235.0,
2018-05-03,40.5,40.5,39.5,39.9,17456.0,
2018-05-04,40.0,41.5,39.0,40.75,8361.0,
2018-05-07,41.5,42.75,41.5,42.75,20149.0,
2018-05-08,44.85,44.85,42.1,44.3,32622.0,
2018-05-09,43.0,43.7,42.55,43.5,3885.0,
2018-05-10,43.0,44.6,41.5,41.8,5655.0,
2018-05-11,41.5,42.75,40.6,42.4,8952.0,
2018-05-14,43.5,44.5,41.05,41.9,17491.0,
2018-05-15,40.9,41.6,40.4,40.55,2741.0,
2018-05-16,42.5,42.5,39.5,39.65,10765.0,
2018-05-17,40.95,40.95,39.75,39.8,4050.0,
2018-05-18,40.8,40.8,39.15,39.5,8296.0,
2018-05-21,39.5,41.45,38.0,40.2,46647.0,
2018-05-22,42.2,42.2,42.2,42.2,3929.0,
2018-05-23,44.3,44.3,44.3,44.3,4639.0,
2018-05-24,46.5,46.5,46.5,46.5,7117.0,
2018-05-25,48.8,48.8,48.8,48.8,8179.0,
2018-05-28,51.2,51.2,51.2,51.2,4928.0,
2018-05-29,53.75,53.75,49.5,51.35,430449.0,
2018-05-30,53.0,53.0,48.8,49.15,87765.0,
2018-05-31,49.1,50.5,47.5,50.05,29076.0,
2018-06-01,48.45,50.5,47.55,47.6,41126.0,
2018-06-04,48.15,49.95,45.3,47.45,54927.0,
2018-06-05,48.65,48.65,45.1,45.15,27671.0,
2018-06-06,44.0,46.8,44.0,45.35,19519.0,
2018-06-07,46.95,49.85,45.95,48.1,34263.0,
2018-06-08,45.1,48.95,45.1,48.0,17758.0,
2018-06-11,48.0,50.0,46.5,49.15,26692.0,
2018-06-12,46.7,50.95,46.6,48.35,9888.0,
2018-06-13,47.4,49.5,47.4,48.35,22259.0,
2018-06-14,48.7,48.7,46.5,48.0,10307.0,
2018-06-15,46.6,48.4,46.6,47.25,10399.0,
2018-06-18,47.0,49.0,47.0,47.25,1859.0,
2018-06-19,47.0,48.15,46.4,46.5,15875.0,
2018-06-20,46.5,47.7,46.0,47.25,3208.0,
2018-06-21,46.85,47.45,46.65,46.9,3812.0,
2018-06-22,45.8,46.9,45.8,46.25,3577.0,
2018-06-25,50.0,50.0,45.15,47.2,10908.0,
2018-06-26,47.95,47.95,46.15,46.3,7435.0,
2018-06-27,48.5,48.5,45.0,45.05,11265.0,
2018-06-28,45.4,45.6,42.35,43.45,19429.0,
2018-06-29,45.0,45.95,44.05,44.5,6753.0,
2018-07-02,45.5,47.8,45.0,45.55,15575.0,
2018-07-03,45.3,46.3,45.15,46.15,3439.0,
2018-07-04,45.7,48.4,44.7,47.6,17862.0,
2018-07-05,46.15,47.5,46.1,47.0,26048.0,
2018-07-06,45.1,46.9,45.1,45.75,5498.0,
2018-07-09,46.45,48.05,45.15,47.75,12300.0,
2018-07-10,48.05,48.5,48.0,48.25,12546.0,
2018-07-11,48.25,48.25,46.5,47.7,6601.0,
2018-07-12,47.25,47.25,45.25,45.6,27706.0,
2018-07-13,45.0,47.0,42.55,45.7,9476.0,
2018-07-16,44.95,45.0,42.95,43.95,22177.0,
2018-07-17,43.1,44.5,42.55,42.95,8796.0,
2018-07-18,42.4,43.0,40.6,42.3,19072.0,
2018-07-19,42.3,42.3,40.4,40.9,10252.0,
2018-07-20,40.15,41.45,40.15,40.8,9936.0,
2018-07-23,40.8,42.0,40.0,41.6,17191.0,
2018-07-24,40.0,42.95,40.0,42.15,6201.0,
2018-07-25,42.15,43.35,42.15,42.9,6541.0,
2018-07-26,45.9,45.9,42.3,42.65,6356.0,
2018-07-27,43.5,43.95,42.3,43.15,2610.0,
2018-07-30,43.15,44.5,42.25,42.85,13929.0,
2018-07-31,44.5,44.5,42.3,43.45,9424.0,
2018-08-01,43.2,44.45,41.75,43.7,8011.0,
2018-08-02,42.0,45.4,42.0,44.55,20402.0,
2018-08-03,44.15,46.4,44.15,45.65,9958.0,
2018-08-06,44.0,46.9,43.4,46.35,8799.0,
2018-08-07,45.35,48.0,45.35,47.2,11773.0,
2018-08-08,48.0,49.9,47.6,48.65,17906.0,
2018-08-09,50.0,50.9,47.4,49.9,34033.0,
2018-08-10,49.0,50.5,47.25,47.85,45366.0,
2018-08-13,50.0,56.5,50.0,52.9,259030.0,
2018-08-14,54.0,54.75,51.65,52.05,44827.0,
2018-08-16,54.6,54.9,52.0,53.45,67290.0,
2018-08-17,55.0,57.8,53.2,55.55,128918.0,
2018-08-20,58.1,58.1,53.7,55.25,29853.0,
2018-08-21,55.0,55.35,53.5,54.2,60124.0,
2018-08-23,53.4,54.7,52.6,53.1,22160.0,
2018-08-24,52.4,54.25,51.1,52.75,46449.0,
2018-08-27,54.4,55.75,53.0,55.25,55165.0,
2018-08-28,56.5,56.5,53.5,54.2,36295.0,
2018-08-29,54.0,55.4,53.1,53.7,19289.0,
2018-08-30,51.5,57.8,51.5,56.5,53017.0,
2018-08-31,57.95,57.95,54.5,55.4,70198.0,
2018-09-03,57.5,57.5,53.7,54.05,33140.0,
2018-09-04,54.0,54.6,52.0,52.4,30788.0,
2018-09-05,52.95,52.95,50.55,51.9,11919.0,
2018-09-06,52.0,53.0,51.0,52.15,16178.0,
2018-09-07,52.1,52.8,51.6,52.65,6281.0,
2018-09-10,53.2,54.9,52.25,52.55,24675.0,
2018-09-11,52.3,54.0,50.2,50.65,25509.0,
2018-09-12,50.05,52.95,49.7,51.0,30439.0,
2018-09-14,52.95,56.5,51.1,54.3,68911.0,
2018-09-17,56.5,56.5,51.5,56.2,65860.0,
2018-09-18,56.05,65.6,56.0,61.15,575925.0,
2018-09-19,62.0,65.5,59.15,60.5,260819.0,
2018-09-21,60.95,62.8,50.2,57.8,148078.0,
2018-09-24,56.5,57.0,50.3,53.05,73713.0,
2018-09-25,52.15,53.8,51.5,52.45,62694.0,
2018-09-26,53.05,53.5,51.0,52.7,27765.0,
2018-09-27,53.5,54.3,50.0,51.2,38384.0,
2018-09-28,53.0,53.5,45.0,45.8,53855.0,
2018-10-01,46.05,49.9,43.65,47.4,42077.0,
2018-10-03,49.0,49.6,47.0,47.9,17589.0,
2018-10-04,49.0,49.0,47.0,47.6,20111.0,
2018-10-05,47.0,48.5,44.0,46.35,44411.0,
2018-10-08,46.35,49.25,44.65,45.9,23870.0,
2018-10-09,45.55,47.5,45.55,46.95,16160.0,
2018-10-10,46.5,52.9,45.3,50.15,44541.0,
2018-10-11,48.85,50.9,46.0,48.45,35856.0,
2018-10-12,49.25,53.25,47.55,52.6,49040.0,
2018-10-15,50.0,53.25,49.65,50.55,24270.0,
2018-10-16,52.9,52.9,48.6,50.55,25392.0,
2018-10-17,51.5,52.7,48.7,49.3,20591.0,
2018-10-19,52.2,52.2,48.5,49.6,19969.0,
2018-10-22,52.4,52.4,49.15,51.05,34409.0,
2018-10-23,50.05,51.5,47.6,48.6,59544.0,
2018-10-24,49.85,52.8,49.5,49.9,28902.0,
2018-10-25,49.3,55.0,49.25,49.95,114531.0,
2018-10-26,51.9,51.9,49.5,50.1,33217.0,
2018-10-29,51.45,52.0,49.05,51.55,25052.0,
2018-10-30,52.55,52.55,50.3,50.85,30212.0,
2018-10-31,50.9,52.0,49.6,51.3,27420.0,
2018-11-01,51.9,52.45,50.65,51.1,16048.0,
2018-11-02,50.65,52.05,50.65,51.55,34848.0,
2018-11-05,52.8,52.95,51.0,51.65,30195.0,
2018-11-06,51.6,52.1,50.8,51.2,9971.0,
2018-11-07,52.25,53.95,51.9,53.15,20446.0,
2018-11-09,53.15,59.0,53.15,57.65,85386.0,
2018-11-12,60.5,65.0,59.55,61.15,266981.0,
2018-11-13,61.65,66.0,60.9,62.1,77017.0,
2018-11-14,62.05,62.8,56.1,59.9,45545.0,
2018-11-15,59.0,61.5,58.05,60.0,34474.0,
2018-11-16,58.3,63.2,58.3,59.15,43338.0,
2018-11-19,58.6,62.05,58.6,60.85,41788.0,
2018-11-20,60.35,61.6,58.2,59.4,56157.0,
2018-11-21,59.05,61.5,58.55,61.1,48366.0,
2018-11-22,61.5,62.85,60.55,61.05,45109.0,
2018-11-26,62.45,62.45,59.1,59.5,30862.0,
2018-11-27,60.35,60.4,55.95,57.35,63945.0,
2018-11-28,56.2,57.15,54.25,55.85,71245.0,
2018-11-29,55.75,57.4,54.55,55.45,32898.0,
2018-11-30,56.55,56.55,55.15,55.7,19526.0,
2018-12-03,55.5,56.55,55.1,55.6,29659.0,
2018-12-04,55.7,57.0,54.7,55.75,28711.0,
2018-12-05,56.25,56.45,53.8,54.7,26438.0,
2018-12-06,55.8,55.8,52.8,53.25,19668.0,
2018-12-07,53.25,55.8,53.25,55.2,21969.0,
2018-12-10,54.2,54.45,53.2,53.9,16508.0,
2018-12-11,52.1,56.9,52.1,56.05,14115.0,
2018-12-12,57.65,57.8,54.6,55.1,23785.0,
2018-12-13,56.65,56.75,54.35,55.9,30302.0,
2018-12-14,57.0,57.0,54.65,55.5,20933.0,
2018-12-17,55.75,57.9,55.5,56.4,17551.0,
2018-12-18,56.15,57.5,56.1,57.1,8153.0,
2018-12-19,57.45,57.95,56.65,56.8,17038.0,
2018-12-20,56.85,60.0,56.25,59.15,23574.0,
2018-12-21,60.65,60.65,57.5,57.8,39247.0,
2018-12-24,59.95,59.95,53.55,54.8,45915.0,
2018-12-26,55.05,56.0,53.15,55.55,19948.0,
2018-12-27,55.75,57.0,55.5,56.2,9810.0,
2018-12-28,55.65,56.75,55.65,55.9,7812.0,
2018-12-31,56.0,57.75,55.9,56.2,6874.0,
2019-01-01,57.7,58.0,55.7,57.8,8419.0,
2019-01-02,57.6,58.0,56.5,56.95,5315.0,
2019-01-03,57.5,57.55,54.7,55.1,51359.0,
2019-01-04,55.15,56.55,54.05,54.7,15776.0,
2019-01-07,57.8,57.8,55.2,55.3,4889.0,
2019-01-08,54.55,56.9,54.55,55.65,6267.0,
2019-01-09,56.0,56.0,54.9,55.35,4978.0,
2019-01-10,55.25,56.2,54.8,55.4,13775.0,
2019-01-11,55.5,55.95,54.3,54.65,14077.0,
2019-01-14,54.05,54.7,53.15,54.6,6876.0,
2019-01-15,54.25,55.5,54.2,55.15,10954.0,
2019-01-16,54.95,57.45,54.95,56.45,12890.0,
2019-01-17,55.25,56.25,55.0,55.4,7968.0,
2019-01-18,55.6,55.6,54.6,54.7,2636.0,
2019-01-21,55.7,56.9,54.5,54.65,12375.0,
2019-01-22,54.05,54.9,53.35,54.05,19401.0,
2019-01-23,55.85,55.85,53.5,53.65,3837.0,
2019-01-24,53.0,54.9,52.4,52.8,5403.0,
2019-01-25,52.95,53.0,50.05,50.7,28499.0,
2019-01-28,50.05,50.7,46.8,47.65,32624.0,
2019-01-29,48.95,49.55,47.25,47.65,12428.0,
2019-01-30,47.95,50.45,47.3,49.55,14292.0,
2019-01-31,50.1,50.95,48.3,49.65,3921.0,
2019-02-01,50.8,50.9,47.7,48.35,15316.0,
2019-02-04,49.8,49.9,47.65,48.05,9405.0,
2019-02-05,47.55,48.95,47.55,48.1,6312.0,
2019-02-06,48.0,48.5,46.35,47.45,6969.0,
2019-02-07,48.15,48.75,47.1,47.3,3839.0,
2019-02-08,47.5,52.0,47.5,48.7,66626.0,
2019-02-11,48.7,48.75,46.1,48.4,13868.0,
2019-02-12,47.55,50.5,45.35,46.95,14574.0,
2019-02-13,45.65,48.85,45.65,46.05,9827.0,
2019-02-14,46.05,46.05,44.65,45.1,16144.0,
2019-02-15,46.8,46.85,43.95,44.15,14735.0,
2019-02-18,45.95,46.25,42.6,43.5,10165.0,
2019-02-19,43.55,44.65,43.15,43.3,4457.0,
2019-02-20,43.5,44.0,42.65,43.4,5172.0,
2019-02-21,43.45,45.95,43.05,44.5,8688.0,
2019-02-22,44.25,45.95,44.15,44.7,6880.0,
2019-02-25,44.95,45.85,43.5,43.8,6109.0,
2019-02-26,44.05,44.45,42.15,43.1,11091.0,
2019-02-27,44.5,45.35,43.4,43.8,3798.0,
2019-02-28,43.55,45.9,42.0,42.55,17306.0,
2019-03-01,42.55,44.3,41.95,43.4,12111.0,
2019-03-05,43.7,46.35,43.65,45.4,14326.0,
2019-03-06,46.3,48.2,46.2,47.95,18705.0,
2019-03-07,48.35,49.45,48.3,48.95,19828.0,
2019-03-08,50.0,50.0,48.4,49.0,10214.0,
2019-03-11,49.5,52.0,48.95,50.95,17650.0,
2019-03-12,51.95,54.9,50.5,50.75,9086.0,
2019-03-13,52.9,54.0,49.15,49.75,7636.0,
2019-03-14,50.95,50.95,48.65,49.15,7484.0,
2019-03-15,49.15,50.8,49.0,49.1,7914.0,
2019-03-18,52.45,52.45,48.7,49.5,12524.0,
2019-03-19,51.6,51.6,48.1,50.25,6440.0,
2019-03-20,49.1,50.4,49.0,49.3,3509.0,
2019-03-22,50.35,50.35,48.0,49.1,6554.0,
2019-03-25,49.9,49.9,47.0,48.0,14156.0,
2019-03-26,47.55,49.7,47.35,49.0,6047.0,
2019-03-27,48.05,49.75,47.7,48.6,10278.0,
2019-03-28,48.05,49.9,48.05,48.85,3246.0,
2019-03-29,49.9,50.0,48.85,48.95,10084.0,
2019-04-01,48.55,50.0,48.5,49.2,22319.0,
2019-04-02,49.0,49.95,49.0,49.15,4836.0,
2019-04-03,49.45,51.0,49.0,49.1,12321.0,
2019-04-04,50.55,50.6,45.25,47.5,21311.0,
2019-04-05,49.4,49.4,46.75,48.7,10775.0,
2019-04-08,50.5,53.0,48.25,50.4,20408.0,
2019-04-09,51.2,51.45,48.8,49.8,4567.0,
2019-04-10,49.05,50.1,48.1,48.95,7653.0,
2019-04-11,48.55,49.95,46.4,49.0,5947.0,
2019-04-12,49.55,49.85,48.8,49.85,2976.0,
2019-04-15,50.0,50.0,47.45,48.45,8671.0,
2019-04-16,49.4,49.45,48.1,48.35,5315.0,
2019-04-18,48.45,48.9,48.1,48.2,5975.0,
2019-04-22,48.2,50.0,47.6,48.1,3542.0,
2019-04-23,48.3,48.8,47.1,47.85,1735.0,
2019-04-24,47.9,48.5,47.85,48.0,2008.0,
2019-04-25,49.55,49.6,46.65,47.1,4614.0,
2019-04-26,46.2,51.0,46.15,48.9,11293.0,
2019-04-30,48.9,49.0,45.2,45.95,26605.0,
2019-05-02,45.1,47.05,45.1,45.35,8145.0,
2019-05-03,44.3,46.35,44.0,44.35,10986.0,
2019-05-06,46.0,46.0,43.25,44.6,11264.0,
2019-05-07,44.95,45.65,43.6,44.05,5506.0,
2019-05-08,43.1,44.35,43.0,43.1,5276.0,
2019-05-09,43.2,44.3,43.1,43.2,2327.0,
2019-05-10,45.9,50.95,43.15,44.2,24325.0,
2019-05-13,44.05,44.95,42.4,42.95,10169.0,
2019-05-14,42.1,44.95,41.05,41.45,50460.0,
2019-05-15,43.35,43.4,39.1,40.75,21474.0,
2019-05-16,40.0,41.25,39.5,40.45,18994.0,
2019-05-17,41.0,42.0,38.4,40.85,30570.0,
2019-05-20,41.6,42.5,40.95,41.9,16966.0,
2019-05-21,42.25,43.05,40.8,41.45,8366.0,
2019-05-22,42.05,42.45,41.2,41.8,4137.0,
2019-05-23,42.05,43.5,39.8,40.2,13502.0,
2019-05-24,40.65,41.9,39.5,40.45,19640.0,
2019-05-27,40.75,45.3,40.7,44.0,22088.0,
2019-05-28,43.9,44.95,42.75,43.75,9664.0,
2019-05-29,43.5,44.95,42.5,43.6,14841.0,
2019-05-30,43.55,44.5,42.3,42.55,5484.0,
2019-05-31,43.95,44.0,41.1,41.95,7353.0,
2019-06-03,44.25,44.3,41.0,41.9,8476.0,
2019-06-04,41.95,42.95,40.65,41.55,8944.0,
2019-06-06,42.0,43.0,40.5,41.05,8795.0,
2019-06-07,42.8,43.0,40.05,42.35,15899.0,
2019-06-10,41.05,42.25,40.6,41.0,2118.0,
2019-06-11,41.0,41.6,40.95,41.0,3221.0,
2019-06-12,41.0,42.3,40.2,41.3,7500.0,
2019-06-13,41.9,42.5,41.0,41.35,6919.0,
2019-06-14,41.4,42.45,40.95,41.2,4856.0,
2019-06-17,41.4,41.95,41.0,41.2,4787.0,
2019-06-18,40.05,41.85,39.0,39.6,27610.0,
2019-06-19,39.65,40.95,38.2,39.9,20674.0,
2019-06-20,39.95,40.4,38.4,39.0,13525.0,
2019-06-21,39.05,42.0,37.65,39.6,16860.0,
2019-06-24,39.05,40.0,38.4,38.85,6005.0,
2019-06-25,41.45,41.45,37.3,37.6,35883.0,
2019-06-26,38.1,38.35,36.6,37.95,6783.0,
2019-06-27,37.9,39.8,37.2,38.1,8583.0,
2019-06-28,38.25,39.8,35.45,38.5,18912.0,
2019-07-01,38.15,40.45,37.4,37.9,10884.0,
2019-07-02,37.65,38.4,36.2,37.0,13326.0,
2019-07-03,37.45,39.0,37.45,38.3,12726.0,
2019-07-04,38.3,40.25,38.1,39.55,5834.0,
2019-07-05,41.25,41.5,38.25,39.5,6368.0,
2019-07-08,40.9,40.9,37.2,38.75,5773.0,
2019-07-09,38.05,39.55,37.0,39.0,1226.0,
2019-07-10,38.05,39.25,36.4,37.2,12093.0,
2019-07-11,39.2,39.25,36.65,37.25,2984.0,
2019-07-12,38.45,38.6,37.0,37.4,1781.0,
2019-07-15,37.4,37.85,35.65,36.45,11889.0,
2019-07-16,36.75,36.8,36.0,36.4,4563.0,
2019-07-17,36.55,38.05,34.25,36.3,7601.0,
2019-07-18,37.35,38.0,35.3,35.65,5107.0,
2019-07-19,35.7,37.0,34.0,35.45,6843.0,
2019-07-22,34.65,37.5,33.3,33.45,23076.0,
2019-07-23,35.45,35.45,33.05,33.5,7564.0,
2019-07-24,33.5,33.9,32.25,33.4,8073.0,
2019-07-25,33.0,34.7,32.95,33.85,4237.0,
2019-07-26,33.4,33.9,33.0,33.15,2098.0,
2019-07-29,32.55,33.5,32.0,32.95,3296.0,
2019-07-30,33.0,33.0,30.4,31.35,14072.0,
2019-07-31,31.05,31.7,28.45,30.25,37192.0,
2019-08-01,29.95,33.0,29.05,30.0,11297.0,
2019-08-02,29.6,30.95,29.55,29.65,7266.0,
2019-08-05,29.65,29.7,28.1,28.5,7018.0,
2019-08-06,31.55,32.45,27.95,29.05,7705.0,
2019-08-07,29.05,29.95,27.5,28.35,6752.0,
2019-08-08,28.2,29.5,26.65,28.0,31601.0,
2019-08-09,28.0,29.95,27.55,27.95,17372.0,
2019-08-13,27.95,29.85,26.1,27.05,16859.0,
2019-08-14,26.95,27.85,26.7,27.0,24873.0,
2019-08-16,25.65,29.75,25.65,26.45,13497.0,
2019-08-19,26.0,27.35,25.35,25.6,18532.0,
2019-08-20,26.05,26.05,25.05,25.4,6637.0,
2019-08-21,25.25,26.4,24.05,25.15,7495.0,
2019-08-22,24.95,25.0,24.0,24.45,9498.0,
2019-08-23,24.75,24.95,24.0,24.8,5770.0,97.02
2019-09-30,37.9,39.8,37.2,38.1,8583.0,70.06
2019-10-01,28.35,28.35,27.5,28.25,9864.0,77.51
2019-10-02,28.35,28.35,27.5,28.25,9864.0,77.51
2019-10-03,28.3,28.3,26.8,28.0,305.0,91.48
2019-10-04,27.75,28.45,27.1,27.95,3126.0,92.67
2019-10-07,27.35,28.75,27.0,27.25,3597.0,80.37
2019-10-08,27.35,28.75,27.0,27.25,3597.0,80.37
2019-10-09,27.05,28.0,26.65,27.5,5653.0,88.01
2019-10-10,28.9,28.9,26.9,27.0,3577.0,97.37
2019-10-11,28.4,28.45,25.05,26.9,5062.0,86.82
2019-10-14,26.95,27.5,25.75,27.0,2149.0,94.14
2019-10-15,27.15,27.15,26.15,27.1,2308.0,99.78
2019-10-16,26.8,27.35,26.25,26.3,2766.0,97.61
2019-10-17,26.0,27.45,26.0,27.0,3371.0,86.15
2019-10-18,26.25,27.95,26.25,26.85,5573.0,78.59
2019-10-21,26.25,27.95,26.25,26.85,5573.0,78.59
2019-10-22,26.6,26.95,25.75,26.2,15526.0,75.46
2019-10-23,25.9,26.8,25.0,26.45,5998.0,77.91
2019-10-24,26.25,27.2,25.6,25.75,3623.0,82.56
2019-10-25,26.55,27.35,25.1,25.7,3643.0,53.75
2019-10-28,25.65,26.9,25.35,26.1,2229.0,64.92
2019-10-29,25.7,26.9,25.65,26.0,4728.0,99.73
2019-10-30,26.0,26.5,25.5,26.45,5453.0,84.71
2019-10-31,27.7,27.7,25.3,25.6,9461.0,87.09
2019-11-01,25.6,26.5,25.6,25.9,3451.0,93.97
2019-11-04,26.9,27.45,25.95,26.9,14492.0,63.98
2019-11-05,27.45,27.45,26.2,26.4,3662.0,97.08
2019-11-06,26.0,27.3,25.3,26.05,11783.0,77.71
2019-11-07,26.75,26.85,25.8,26.4,13058.0,67.62
2019-11-08,27.2,27.25,25.8,26.1,4819.0,67.21
2019-11-11,25.6,27.5,25.6,27.0,6433.0,82.71
2019-11-12,25.6,27.5,25.6,27.0,6433.0,82.71
2019-11-13,27.45,27.5,26.1,26.15,6480.0,86.6
2019-11-14,27.15,27.15,25.65,25.75,1391.0,61.04
2019-11-15,26.9,26.9,25.5,25.8,5820.0,66.17
2019-11-18,26.05,26.45,25.6,25.8,4447.0,88.78
2019-11-19,26.0,27.4,25.5,26.55,8566.0,73.69
2019-11-20,26.0,28.0,26.0,27.55,13391.0,77.67
2019-11-21,27.45,27.45,26.2,27.1,3204.0,70.16
2019-11-22,28.0,28.0,26.5,26.7,660.0,84.55
2019-11-25,28.0,28.0,26.0,26.6,3562.0,67.41
2019-11-26,27.9,27.9,26.0,27.4,18796.0,62.02
2019-11-27,27.5,27.65,26.75,27.35,2949.0,63.31
2019-11-28,27.35,28.4,26.75,27.5,29832.0,88.58
2019-11-29,27.5,28.8,27.5,28.65,15741.0,70.62
2019-12-02,28.0,28.9,27.6,28.05,1960.0,92.24
2019-12-03,28.95,29.0,27.5,28.0,2599.0,86.42
2019-12-04,27.5,27.75,27.2,27.5,939.0,89.78
2019-12-05,27.55,27.55,27.0,27.35,3730.0,89.01
2019-12-06,27.1,28.0,26.8,27.5,12243.0,62.9
2019-12-09,27.3,28.45,27.1,27.65,9271.0,94.94
2019-12-10,27.15,28.45,27.05,27.5,5241.0,90.61
2019-12-11,28.55,28.55,27.5,28.05,7922.0,60.73
2019-12-12,27.55,28.15,27.5,27.5,1198.0,65.19
2019-12-13,28.85,28.85,26.3,27.7,8798.0,90.18
2019-12-16,27.7,32.7,27.65,29.25,14279.0,57.49
2019-12-17,29.0,29.75,28.2,28.75,1838.0,72.36
2019-12-18,29.4,29.85,28.5,29.5,2633.0,49.03
2019-12-19,28.45,28.7,27.75,28.05,11546.0,52.81
2019-12-20,29.55,29.55,28.0,28.0,18681.0,70.81
2019-12-23,28.15,29.0,27.95,28.0,17097.0,99.96
2019-12-24,28.2,28.5,28.0,28.5,1300.0,92.15
2019-12-25,28.2,28.5,28.0,28.5,1300.0,92.15
2019-12-26,28.05,29.35,28.0,28.95,10097.0,71.62
2019-12-27,28.65,29.9,28.15,28.65,3052.0,63.43
2019-12-30,29.8,29.8,28.5,28.7,9201.0,59.79
2019-12-31,28.95,29.6,28.95,29.1,6764.0,63.41
2020-01-01,28.4,32.6,28.35,30.05,17832.0,60.78
2020-01-02,30.25,36.05,30.1,36.05,67023.0,57.98
2020-01-03,38.0,40.0,36.3,36.85,102224.0,52.78
2020-01-06,36.85,36.85,31.25,32.25,24886.0,55.42
2020-01-07,33.9,35.45,32.8,33.9,26599.0,45.91
2020-01-08,33.0,36.5,31.3,34.4,25144.0,47.75
2020-01-09,34.4,36.5,34.25,35.75,7121.0,60.64
2020-01-10,35.75,36.0,34.25,34.5,8896.0,73.25
2020-01-13,35.0,35.95,34.1,35.0,8660.0,94.01
2020-01-14,36.0,36.9,34.7,34.85,28425.0,60.44
2020-01-15,35.05,35.45,33.65,34.15,5229.0,88.2
2020-01-16,35.0,35.0,32.5,33.2,29754.0,90.11
2020-01-17,33.5,36.0,33.25,35.65,54537.0,44.79
2020-01-20,35.5,36.8,31.75,33.1,71509.0,62.43
2020-01-21,33.5,34.0,32.35,33.4,19076.0,70.37
2020-01-22,33.4,33.4,32.05,32.7,7224.0,85.29
2020-01-23,32.7,33.8,32.0,32.15,8311.0,72.11
2020-01-24,33.4,33.4,31.9,32.35,5744.0,81.58
2020-01-27,32.05,32.9,30.5,31.1,18487.0,88.79
2020-01-28,31.1,31.1,29.85,29.95,8542.0,99.77
2020-01-29,31.5,31.5,28.25,30.1,16290.0,75.03
2020-01-30,29.95,30.5,28.6,29.0,4109.0,65.64
2020-01-31,29.2,30.3,28.5,28.75,3732.0,65.03
2020-02-03,28.1,30.0,27.0,27.5,8114.0,70.95
2020-02-04,29.4,29.75,27.9,28.15,3959.0,72.77
2020-02-05,28.05,28.7,27.5,28.1,6088.0,74.67
2020-02-06,27.95,29.0,27.55,27.75,4915.0,53.12
2020-02-07,28.45,28.5,27.55,28.1,6674.0,87.11
2020-02-10,29.0,29.0,28.0,28.05,4918.0,99.84
2020-02-11,27.55,28.6,27.5,27.6,4344.0,81.17
2020-02-12,27.55,28.5,27.3,27.35,2307.0,85.57
2020-02-13,27.6,27.6,26.6,27.4,6611.0,78.94
2020-02-14,28.25,28.3,27.65,27.85,2115.0,84.96
2020-02-17,28.8,28.85,27.1,27.95,2851.0,77.55
2020-02-18,27.05,28.9,26.6,27.6,4571.0,93.61
2020-02-19,27.3,28.0,27.25,27.25,4287.0,76.58
2020-02-20,26.5,27.25,26.2,26.55,18492.0,85.38
2020-02-21,26.5,27.25,26.2,26.55,18492.0,85.38
2020-02-24,26.5,27.45,26.0,26.0,1876.0,95.84
2020-02-25,26.85,27.0,25.35,26.0,2957.0,91.44
2020-02-26,26.0,26.0,23.1,23.65,18033.0,60.74
2020-02-27,24.65,25.7,23.65,25.4,12058.0,70.45
2020-02-28,24.95,24.95,23.05,24.0,22586.0,96.22
2020-03-02,24.0,24.5,22.3,22.85,25883.0,85.31
2020-03-03,22.6,25.0,22.4,24.25,2895.0,97.93
2020-03-04,24.1,24.2,22.5,22.5,3077.0,96.98
2020-03-05,22.35,24.95,22.3,23.2,4271.0,71.58
2020-03-06,22.0,24.55,20.25,23.1,7125.0,63.34
2020-03-09,23.3,23.7,21.1,22.2,6499.0,62.46
2020-03-10,23.3,23.7,21.1,22.2,6499.0,62.46
2020-03-11,23.2,23.9,22.0,22.0,8833.0,84.81
2020-03-12,22.0,23.4,19.45,22.2,22014.0,87.33
2020-03-13,19.35,26.0,19.35,20.85,11965.0,71.6
2020-03-16,24.0,24.0,21.0,21.3,9215.0,64.79
2020-03-17,21.3,22.85,21.25,21.5,4928.0,92.78
2020-03-18,21.35,22.5,21.35,21.8,5381.0,91.95
2020-03-19,20.0,22.5,20.0,20.5,9239.0,63.5
2020-03-20,20.55,22.2,20.5,21.15,14154.0,67.52
2020-03-23,21.1,25.2,17.2,19.8,25507.0,79.06
2020-03-24,20.05,20.5,17.3,19.55,13820.0,87.63
2020-03-25,20.45,20.5,17.6,19.4,4201.0,68.91
2020-03-26,19.05,21.25,19.0,19.75,3867.0,76.21
2020-03-27,20.0,21.5,19.55,20.45,5769.0,92.51
2020-03-30,21.9,21.9,19.0,19.6,7624.0,92.68
2020-03-31,20.85,21.0,19.4,19.5,57201.0,93.56
2020-04-01,18.7,20.9,18.65,19.5,10963.0,91.12
2020-04-02,18.7,20.9,18.65,19.5,10963.0,91.12
2020-04-03,20.7,21.5,19.5,20.7,9011.0,59.21
2020-04-06,20.7,21.5,19.5,20.7,9011.0,59.21
2020-04-07,20.0,23.75,19.5,21.15,25190.0,41.91
2020-04-08,21.15,23.45,21.15,22.05,17625.0,71.26
2020-04-09,24.4,25.25,22.65,24.65,19289.0,66.3
2020-04-10,24.4,25.25,22.65,24.65,19289.0,66.3
2020-04-13,25.0,25.0,21.95,23.0,19903.0,64.89
2020-04-15,23.8,24.85,22.5,22.9,13228.0,74.8
2020-04-16,23.4,23.9,22.0,23.05,8866.0,48.41
2020-04-17,24.85,24.9,20.3,23.2,19196.0,47.03
2020-04-20,23.2,24.0,20.5,23.2,11559.0,51.12
2020-04-21,22.5,23.8,22.1,23.4,3663.0,56.65
2020-04-22,22.65,23.0,22.2,22.65,2952.0,91.53
2020-04-23,22.3,24.4,22.0,22.9,3964.0,78.71
2020-04-24,22.1,22.95,22.1,22.4,925.0,78.05
2020-04-27,23.35,23.35,21.95,22.45,3375.0,75.11
2020-04-28,22.55,23.5,22.55,22.7,3389.0,77.34
2020-04-29,23.4,24.6,22.55,22.95,5129.0,89.32
2020-04-30,23.25,23.9,22.1,23.35,3949.0,79.99
2020-05-01,23.25,23.9,22.1,23.35,3949.0,79.99
2020-05-04,22.65,23.5,22.15,22.25,5301.0,93.04
2020-05-05,23.95,23.95,22.25,22.35,4122.0,66.08
2020-05-06,22.4,23.45,22.4,23.15,2814.0,61.9
2020-05-07,23.0,24.35,22.4,23.55,4844.0,69.78
2020-05-08,23.6,25.9,22.2,22.9,15489.0,27.91
2020-05-11,22.5,23.5,22.5,23.0,6447.0,58.03
2020-05-12,22.85,23.5,22.6,23.45,2222.0,57.97
2020-05-13,24.65,24.65,23.45,23.8,2556.0,51.68
2020-05-14,23.1,24.05,22.9,23.9,3004.0,83.26
2020-05-15,24.95,24.95,23.8,24.5,4512.0,89.18
2020-05-18,23.5,24.45,23.5,23.95,2341.0,76.04
2020-05-19,23.95,24.0,23.2,23.6,8346.0,96.51
2020-05-20,23.95,24.5,23.55,24.2,2145.0,98.6
2020-05-21,24.0,24.5,23.65,23.9,2883.0,61.36
2020-05-22,24.45,24.8,23.6,24.25,17327.0,82.5
2020-05-25,24.45,24.8,23.6,24.25,17327.0,82.5
2020-05-26,23.55,24.5,23.15,24.1,13293.0,82.95
2020-05-27,23.35,25.9,23.1,25.3,6422.0,73.9
2020-05-28,25.45,26.85,25.0,25.7,8360.0,80.57
2020-05-29,26.15,27.5,25.65,26.6,10489.0,81.86
2020-06-01,29.4,29.4,26.05,27.45,3688.0,51.46
2020-06-02,26.35,28.0,26.3,27.0,6212.0,48.89
2020-06-03,27.05,28.4,26.0,27.05,14006.0,88.16
2020-06-04,26.05,28.4,25.65,27.35,8118.0,36.68
2020-06-05,26.7,28.25,26.6,28.0,9667.0,71.74
2020-06-08,29.3,29.5,27.8,28.25,14432.0,78.34
2020-06-09,27.55,29.35,27.5,28.45,12408.0,53.7
2020-06-10,28.2,30.9,27.25,30.15,63905.0,37.28
2020-06-11,30.15,32.15,28.9,28.9,10899.0,71.63
2020-06-12,28.05,29.9,26.15,29.4,10125.0,54.19
2020-06-15,29.6,29.65,28.5,28.75,4854.0,76.97
2020-06-16,29.05,30.0,29.0,29.05,8382.0,88.39
2020-06-17,28.05,29.5,27.25,29.15,4685.0,74.81
2020-06-18,29.7,30.85,28.3,30.15,61744.0,43.95
2020-06-19,30.15,31.5,29.15,29.6,24228.0,71.28
2020-06-22,30.0,30.45,29.25,29.6,6724.0,79.27
2020-06-23,29.3,34.45,29.1,34.0,121663.0,57.41
2020-06-24,35.9,40.8,35.55,40.4,636557.0,32.78
2020-06-25,40.0,40.0,36.0,36.55,164833.0,50.99
2020-06-26,37.9,40.0,34.5,34.9,60620.0,61.14
2020-06-29,35.3,37.0,31.8,33.0,40593.0,55.86
2020-06-30,34.5,35.2,30.8,33.65,48699.0,56.28
2020-07-01,34.5,34.5,30.55,31.4,58376.0,57.05
2020-07-02,32.75,32.75,31.1,31.8,14015.0,61.77
2020-07-03,32.5,32.55,30.6,31.1,13102.0,80.34
2020-07-06,31.75,31.75,30.1,30.65,15028.0,60.15
2020-07-07,30.25,31.0,30.05,30.5,17135.0,68.53
2020-07-08,30.65,33.5,30.25,31.4,28396.0,45.36
2020-07-09,30.5,34.0,30.5,32.3,28629.0,46.6
2020-07-10,32.0,33.3,30.6,31.65,18764.0,57.29
2020-07-13,33.95,35.4,33.35,34.2,161026.0,37.1
2020-07-14,34.2,34.2,30.7,32.2,42828.0,36.47
2020-07-15,32.95,34.0,31.4,31.95,12430.0,51.83
2020-07-16,31.95,32.9,30.0,30.95,38077.0,60.43
2020-07-17,30.95,32.5,30.85,31.65,20425.0,34.83
2020-07-20,32.2,32.4,29.7,31.55,22947.0,55.98
2020-07-21,32.1,32.3,31.05,31.25,14214.0,55.45
2020-07-22,30.9,32.9,30.9,31.3,12696.0,51.84
2020-07-23,31.3,31.9,31.0,31.4,10288.0,71.82
2020-07-24,31.45,31.85,30.5,30.95,7732.0,57.93
2020-07-27,30.65,30.95,29.9,30.05,12156.0,75.07
2020-07-28,30.05,30.45,29.0,29.95,16876.0,56.85
2020-07-29,30.95,32.0,30.0,30.75,23979.0,36.08
2020-07-30,31.05,31.45,29.5,29.8,9327.0,71.12
2020-07-31,30.85,30.85,29.5,29.95,15775.0,52.36
2020-08-03,29.95,30.8,29.6,30.0,5580.0,51.09
2020-08-04,30.9,30.9,29.55,29.6,5993.0,73.75
2020-08-05,30.0,30.45,28.35,29.7,57698.0,60.36
2020-08-06,29.9,31.5,29.85,31.1,24142.0,61.62
2020-08-07,31.9,31.9,30.15,30.8,11919.0,67.3
2020-08-10,30.45,32.35,30.3,32.0,18125.0,65.63
2020-08-11,32.15,32.15,31.05,31.65,4918.0,65.23
2020-08-12,30.9,32.7,30.6,32.0,20948.0,39.33
2020-08-13,33.2,33.2,30.75,31.55,11123.0,68.15
2020-08-14,31.6,32.45,30.75,31.35,4508.0,78.08
2020-08-17,31.3,33.5,30.6,33.2,40374.0,78.6
2020-08-18,35.0,35.0,32.05,33.1,35549.0,65.23
2020-08-19,34.05,34.05,31.1,31.9,19217.0,51.48
2020-08-20,32.05,32.85,31.15,31.55,11989.0,64.33
2020-08-21,31.65,37.4,31.25,34.35,182108.0,39.61
2020-08-24,34.25,35.0,32.75,34.0,35118.0,67.08
2020-08-25,33.55,34.5,32.75,33.25,7155.0,64.15
2020-08-26,32.75,33.95,32.6,33.2,11053.0,76.41
2020-08-27,33.3,34.4,33.3,33.4,6665.0,80.54
2020-08-28,33.05,33.9,32.3,32.95,5034.0,70.48
2020-08-31,32.3,33.9,31.1,31.9,10562.0,77.87
2020-09-01,31.65,31.9,31.15,31.5,4162.0,69.73
2020-09-02,33.15,33.2,31.2,31.85,5071.0,69.18
2020-09-03,31.9,33.1,31.15,32.5,3404.0,80.14
2020-09-04,32.5,32.9,31.35,31.75,5955.0,56.32
2020-09-07,31.65,31.65,30.15,30.95,12864.0,69.21
2020-09-08,30.75,30.8,30.15,30.6,6889.0,80.32
2020-09-09,30.05,36.6,29.55,34.1,128718.0,35.03
2020-09-10,34.3,37.9,32.55,33.85,91926.0,41.39
2020-09-11,34.2,34.2,32.05,32.75,8559.0,55.32
2020-09-14,33.1,34.1,31.8,33.0,26504.0,36.31
2020-09-15,32.95,33.95,30.75,32.9,28932.0,60.58
2020-09-16,33.9,33.9,31.5,32.9,26885.0,46.62
2020-09-17,32.2,32.6,31.7,32.0,6928.0,63.76
2020-09-18,32.25,32.25,31.6,31.95,13551.0,69.99
2020-09-21,31.7,31.7,30.75,31.0,9643.0,64.82
2020-09-22,30.25,33.0,29.55,32.2,8016.0,51.0
2020-09-23,32.05,32.85,31.05,32.1,3499.0,63.19
2020-09-24,31.55,32.25,29.45,30.9,9998.0,67.26
2020-09-25,30.55,33.25,30.55,32.5,12706.0,62.58
2020-09-28,32.25,33.0,31.75,32.35,10079.0,69.83
2020-09-29,32.25,32.45,31.75,31.8,3150.0,88.54
2020-09-30,32.95,32.95,30.7,31.2,3794.0,62.65
2020-10-01,31.2,32.25,30.35,31.15,4100.0,74.85
2020-10-02,31.2,32.25,30.35,31.15,4100.0,74.85
2020-10-05,31.05,31.85,30.65,31.4,5813.0,82.81
2020-10-06,31.7,31.8,31.0,31.15,3050.0,81.38
2020-10-07,31.55,31.75,30.4,30.9,18326.0,70.43
2020-10-08,32.45,33.0,30.35,31.7,12405.0,42.97
2020-10-09,31.8,33.5,31.1,32.65,18602.0,62.77
2020-10-12,33.0,33.3,31.1,31.95,12397.0,46.12
2020-10-13,31.6,32.0,30.75,31.65,13278.0,51.9
2020-10-14,31.5,31.95,31.05,31.65,3859.0,68.49
2020-10-15,31.7,32.85,31.0,32.25,2991.0,87.06
2020-10-16,32.25,32.55,31.0,31.95,15103.0,56.73
2020-10-19,31.95,35.4,31.3,34.0,105575.0,49.1
2020-10-20,34.05,35.5,32.7,33.75,32374.0,64.92
2020-10-21,33.7,34.05,32.6,33.4,12063.0,69.52
2020-10-22,33.85,33.9,32.5,33.25,4467.0,67.16
2020-10-23,33.0,34.8,32.25,33.25,16881.0,46.27
2020-10-26,34.45,34.45,32.5,32.75,4926.0,88.49
2020-10-27,33.45,33.45,32.2,32.4,1374.0,74.02
2020-10-28,33.4,33.4,31.85,32.75,4118.0,76.59
2020-10-29,33.0,33.7,31.3,32.55,5975.0,85.96
2020-10-30,33.95,33.95,31.2,32.45,9691.0,50.49
2020-11-02,34.25,34.25,31.55,33.1,6681.0,69.38
2020-11-03,32.9,34.2,31.95,32.3,4034.0,78.04
2020-11-04,33.85,35.8,31.15,33.3,86039.0,41.43
2020-11-05,33.95,33.95,32.5,32.75,17294.0,77.4
2020-11-06,34.0,34.0,32.2,32.5,11916.0,70.74
2020-11-09,32.7,33.4,32.1,32.9,6633.0,64.16
2020-11-10,32.9,32.9,32.0,32.15,8893.0,61.67
2020-11-11,32.65,33.4,31.7,32.45,19016.0,71.05
2020-11-12,32.7,32.75,31.15,31.7,14298.0,66.07
2020-11-13,32.15,32.2,31.5,31.65,4557.0,89.99
2020-11-16,32.2,32.4,31.65,32.25,2428.0,92.59
2020-11-17,31.75,34.7,31.75,34.45,120227.0,40.7
2020-11-18,35.05,35.85,32.8,33.4,104927.0,68.65
2020-11-19,33.4,34.3,32.2,33.05,29625.0,62.51
2020-11-20,33.4,34.45,32.35,33.45,15695.0,65.63
2020-11-23,33.8,34.0,32.7,33.35,16209.0,64.18
2020-11-24,33.85,34.3,33.0,33.45,15391.0,77.75
2020-11-25,33.3,35.85,33.3,34.4,90919.0,51.93
2020-11-26,34.9,36.0,33.7,35.05,37758.0,49.92
2020-11-27,35.7,36.25,34.1,34.65,35251.0,56.65
2020-11-30,35.7,36.25,34.1,34.65,35251.0,56.65
2020-12-01,34.65,37.5,34.15,36.95,118486.0,65.74
2020-12-02,37.7,39.5,35.45,37.9,75768.0,62.86
2020-12-03,38.6,38.95,37.0,38.15,61182.0,74.07
2020-12-04,38.05,38.85,36.15,37.15,33920.0,68.86
2020-12-07,37.15,37.15,34.6,36.25,82719.0,59.21
2020-12-08,36.85,36.9,35.5,36.3,17748.0,75.76
2020-12-09,36.35,36.35,35.35,35.5,18090.0,67.77
2020-12-10,36.6,36.6,35.05,35.4,4238.0,78.74
2020-12-11,35.2,37.0,35.0,35.65,11315.0,79.95
2020-12-14,35.45,36.35,34.9,35.35,10199.0,83.53
2020-12-15,36.0,36.0,34.0,34.15,14265.0,84.21
2020-12-16,35.35,38.15,34.35,37.0,160230.0,43.14
2020-12-17,37.5,37.7,35.65,36.05,16079.0,62.72
2020-12-18,36.15,36.45,35.1,36.3,7428.0,68.85
2020-12-21,37.0,38.0,35.1,35.4,38097.0,72.97
2020-12-22,35.5,35.8,32.65,35.75,23318.0,78.05
2020-12-23,36.25,39.5,34.9,37.45,100053.0,47.02
2020-12-24,37.45,38.9,36.5,36.75,23619.0,56.05
2020-12-25,37.45,38.9,36.5,36.75,23619.0,56.05
2020-12-28,37.2,39.2,37.2,38.85,60223.0,47.71
2020-12-29,39.05,39.85,37.25,39.4,96743.0,53.71
2020-12-30,38.5,39.9,38.2,39.05,19701.0,67.25
2020-12-31,38.75,39.85,38.05,38.8,21402.0,77.86
2021-01-01,39.9,39.9,37.9,38.75,18487.0,70.53
2021-01-04,40.4,40.4,38.35,39.35,40746.0,70.03
2021-01-05,39.35,41.85,38.45,41.0,82031.0,63.42
2021-01-06,41.8,41.8,39.55,40.35,34717.0,70.95
2021-01-07,41.0,41.85,39.55,40.5,59659.0,59.39
2021-01-08,40.6,48.6,39.7,48.6,800559.0,36.42
2021-01-11,50.8,50.8,43.5,44.7,511410.0,49.21
2021-01-12,44.9,46.3,43.05,45.0,110071.0,45.42
2021-01-13,46.4,46.4,43.45,44.3,87446.0,65.01
2021-01-14,44.35,44.7,42.15,42.65,46732.0,62.71
2021-01-15,42.85,44.0,41.9,42.65,51666.0,65.22
2021-01-18,41.65,43.35,40.05,40.3,48475.0,58.57
2021-01-19,40.7,47.9,40.1,44.7,328628.0,29.85
2021-01-20,46.0,46.5,43.05,44.4,87164.0,30.15
2021-01-21,45.75,45.75,42.55,42.95,40165.0,59.83
2021-01-22,42.15,43.95,42.0,42.05,36788.0,36.02
2021-01-25,42.05,43.45,41.0,41.45,28104.0,42.41
2021-01-26,42.05,43.45,41.0,41.45,28104.0,42.41
2021-01-27,40.5,42.0,40.5,41.6,22490.0,32.21
2021-01-28,40.8,42.8,39.8,41.2,12014.0,39.29
2021-01-29,40.75,44.95,40.2,41.7,113497.0,16.77
2021-02-01,41.7,43.7,40.6,41.25,77212.0,39.14
2021-02-02,40.9,43.5,40.9,41.75,13127.0,52.17
2021-02-03,43.1,43.1,41.25,41.9,35641.0,51.44
2021-02-04,41.25,43.4,41.25,42.75,18014.0,70.84
2021-02-05,41.3,43.1,41.2,41.5,11669.0,74.46
2021-02-08,41.85,42.9,41.85,42.1,18402.0,64.17
2021-02-09,42.8,42.8,41.5,41.85,13438.0,60.41
2021-02-10,41.85,42.8,41.5,41.6,11727.0,80.92
2021-02-11,42.2,46.0,41.5,44.4,264455.0,38.81
2021-02-12,44.8,48.3,41.8,47.05,244280.0,40.95
2021-02-15,46.75,47.7,44.1,45.7,67474.0,65.92
2021-02-16,45.05,45.95,45.05,45.65,31201.0,61.8
2021-02-17,45.65,47.3,44.8,45.9,97301.0,38.73
2021-02-18,45.9,47.0,45.0,45.2,33949.0,36.24
2021-02-19,46.0,48.65,45.15,46.9,134793.0,54.3
2021-02-22,48.6,49.5,46.7,48.5,207101.0,57.36
2021-02-23,49.0,50.5,47.05,48.25,119339.0,29.41
2021-02-24,49.8,50.9,47.05,47.8,44896.0,32.86
2021-02-25,48.85,49.75,47.4,48.15,85060.0,33.56
2021-02-26,50.35,50.35,47.9,48.8,97394.0,34.34
2021-03-01,49.65,52.9,48.95,50.3,122799.0,47.66
2021-03-02,51.5,51.5,49.2,49.4,58455.0,60.1
2021-03-03,49.45,50.0,48.25,48.6,60974.0,66.22
2021-03-04,48.0,49.9,47.5,49.0,65555.0,29.29
2021-03-05,48.65,50.5,47.25,47.9,77673.0,38.96
2021-03-08,49.75,49.75,47.25,48.05,35326.0,39.12
2021-03-09,49.45,49.45,47.5,47.95,31896.0,55.51
2021-03-10,48.45,48.5,47.1,48.0,12684.0,43.48
2021-03-11,48.45,48.5,47.1,48.0,12684.0,43.48
2021-03-12,47.3,48.55,46.65,46.95,20283.0,61.75
2021-03-15,46.7,47.5,45.05,45.55,29298.0,77.94
2021-03-16,46.15,49.0,45.4,47.25,33892.0,55.29
2021-03-17,48.4,49.95,46.25,48.4,232727.0,50.35
2021-03-18,50.0,51.75,45.0,46.1,197345.0,46.69
2021-03-19,45.9,46.5,42.9,45.15,56577.0,51.61
2021-03-22,45.0,45.95,44.3,44.6,25228.0,74.06
2021-03-23,45.5,46.45,44.6,45.15,26022.0,64.08
2021-03-24,45.15,46.25,44.1,44.5,19621.0,43.04
2021-03-25,44.3,45.0,43.15,44.1,33781.0,50.74
2021-03-26,45.8,45.8,43.7,44.1,20280.0,52.32
2021-03-29,45.8,45.8,43.7,44.1,20280.0,52.32
2021-03-30,45.8,45.8,43.5,43.75,32482.0,54.13
2021-03-31,43.65,44.8,43.2,43.6,14855.0,71.87
2021-04-01,43.05,47.0,42.8,46.55,37983.0,56.76
2021-04-02,43.05,47.0,42.8,46.55,37983.0,56.76
2021-04-05,46.7,52.95,46.7,52.0,556287.0,29.88
2021-04-06,53.2,55.85,50.45,51.05,322336.0,43.28
2021-04-07,51.05,54.45,49.5,52.9,141447.0,51.75
2021-04-08,53.0,56.65,52.5,54.0,210356.0,55.05
2021-04-09,54.8,54.85,52.55,52.9,35272.0,73.59
2021-04-12,50.5,51.8,46.45,47.9,51417.0,60.35
2021-04-13,47.2,49.5,47.2,48.2,26872.0,63.79
2021-04-14,47.2,49.5,47.2,48.2,26872.0,63.79
2021-04-15,47.35,48.85,46.25,46.5,35394.0,69.16
2021-04-16,47.6,51.8,46.55,50.05,195643.0,41.34
2021-04-19,49.5,50.3,47.35,48.3,42065.0,60.68
2021-04-20,48.95,50.45,47.65,48.3,28341.0,56.76
2021-04-21,48.95,50.45,47.65,48.3,28341.0,56.76
2021-04-22,49.0,51.3,46.85,49.6,51066.0,46.01
2021-04-23,49.0,50.7,48.5,49.8,84219.0,53.95
2021-04-26,51.4,58.7,51.35,54.45,317663.0,44.4
2021-04-27,55.9,57.8,54.25,54.85,332673.0,48.5
2021-04-28,55.6,56.0,53.1,54.15,74133.0,54.12
2021-04-29,55.2,55.9,53.1,53.95,75754.0,46.8
2021-04-30,54.05,56.7,53.1,53.7,149172.0,41.79
2021-05-03,53.95,63.95,51.65,58.45,744102.0,42.06
2021-05-04,59.0,60.4,55.1,55.65,217310.0,56.22
2021-05-05,56.75,59.5,56.1,57.65,108496.0,51.34
2021-05-06,56.55,59.0,56.25,56.9,65868.0,53.67
2021-05-07,57.15,61.0,57.05,59.4,273729.0,42.29
2021-05-10,60.15,71.25,60.0,70.1,1187480.0,36.11
2021-05-11,68.0,69.55,64.4,66.55,510350.0,34.93
2021-05-12,67.2,68.9,64.6,65.7,181231.0,34.86
2021-05-13,67.2,68.9,64.6,65.7,181231.0,34.86
2021-05-14,66.0,68.55,60.55,63.55,320585.0,39.47
2021-05-17,64.4,67.0,62.0,64.7,165812.0,47.71
2021-05-18,65.75,65.75,61.9,62.9,74173.0,63.07
2021-05-19,62.9,64.8,61.8,62.5,61167.0,54.95
2021-05-20,62.55,64.0,61.75,62.8,69760.0,64.27
2021-05-21,63.7,63.7,61.5,61.8,52225.0,61.08
2021-05-24,61.8,62.35,60.1,61.35,50157.0,46.51
2021-05-25,62.05,66.3,61.0,62.0,207903.0,47.8
2021-05-26,62.0,63.7,62.0,62.75,49652.0,49.94
2021-05-27,63.75,63.75,61.0,61.35,50851.0,57.42
2021-05-28,62.85,63.15,60.65,60.95,56081.0,48.53
2021-05-31,61.65,61.8,59.15,60.15,59315.0,48.75
2021-06-01,60.8,61.35,57.0,57.45,98878.0,72.45
2021-06-02,57.45,61.0,57.45,59.1,73270.0,41.4
2021-06-03,59.9,60.95,58.5,58.65,84852.0,55.55
2021-06-04,59.7,60.2,58.5,59.35,31082.0,50.23
2021-06-07,60.3,61.35,59.05,59.85,48176.0,45.07
2021-06-08,60.35,61.2,58.9,60.4,54331.0,54.99
2021-06-09,60.55,63.3,59.5,60.3,124752.0,37.81
2021-06-10,60.65,64.7,60.1,63.3,211644.0,41.97
2021-06-11,64.55,67.0,61.7,66.45,247293.0,45.96
2021-06-14,67.4,70.85,63.8,68.35,393523.0,45.67
2021-06-15,69.35,72.95,67.1,68.6,232059.0,46.75
2021-06-16,68.35,69.65,66.15,66.45,67854.0,61.97
2021-06-17,65.8,69.1,64.05,65.75,101180.0,50.61
2021-06-18,67.35,67.45,62.0,62.5,107088.0,53.63
2021-06-21,61.8,66.95,59.8,65.7,124719.0,48.81
2021-06-22,66.6,67.6,64.9,65.65,51656.0,52.93
2021-06-23,65.85,66.9,64.25,65.3,40889.0,58.56
2021-06-24,63.5,66.0,63.0,64.45,114766.0,66.01
2021-06-25,66.0,70.75,66.0,68.8,527121.0,32.47
2021-06-28,69.5,80.35,68.2,76.4,1740727.0,23.62
2021-06-29,76.15,78.95,72.25,77.7,968874.0,31.29
2021-06-30,79.1,83.8,77.75,78.65,1290032.0,37.31
2021-07-01,79.05,79.15,76.0,76.65,180458.0,52.22
2021-07-02,77.5,80.4,75.05,79.5,282907.0,58.77
2021-07-05,85.55,88.0,79.0,79.95,976689.0,39.58
2021-07-06,80.55,81.15,75.6,76.85,194308.0,53.61
2021-07-07,77.0,82.0,76.45,80.5,270818.0,39.7
2021-07-08,80.5,81.2,77.55,78.35,100652.0,51.51
2021-07-09,78.85,79.65,76.65,78.65,94149.0,37.88
2021-07-12,79.55,81.5,78.5,81.0,243210.0,48.05
2021-07-13,82.05,83.9,79.35,80.0,107094.0,53.86
2021-07-14,80.45,81.7,79.1,79.5,100832.0,42.45
2021-07-15,79.7,81.15,79.2,79.6,96123.0,43.05
2021-07-16,80.65,81.2,79.5,79.95,56812.0,62.36
2021-07-19,78.15,80.65,77.5,78.0,91660.0,65.59
2021-07-20,80.5,80.5,76.0,76.5,64691.0,52.53
2021-07-21,80.5,80.5,76.0,76.5,64691.0,52.53
2021-07-22,75.5,84.6,75.5,83.7,860750.0,34.01
2021-07-23,84.25,84.95,80.1,81.25,165734.0,57.38
2021-07-26,82.0,83.75,80.55,82.05,78846.0,53.04
2021-07-27,83.0,83.85,80.55,81.3,126533.0,57.31
2021-07-28,81.3,81.8,78.1,80.6,79422.0,43.68
2021-07-29,81.7,88.0,80.2,84.8,1221085.0,27.66
2021-07-30,84.9,86.8,82.8,83.15,216860.0,49.13
2021-08-02,84.0,86.0,83.5,84.05,129741.0,46.44
2021-08-03,83.1,85.0,81.85,84.45,176804.0,63.94
2021-08-04,86.45,87.3,81.25,82.3,289943.0,50.85
2021-08-05,82.25,82.8,79.0,80.95,112668.0,49.91
2021-08-06,80.5,86.4,80.1,84.9,284683.0,30.4
2021-08-09,80.95,80.95,76.0,76.5,385105.0,44.36
2021-08-10,77.3,77.3,70.25,71.55,142908.0,59.57
2021-08-11,71.25,73.0,65.95,70.05,169789.0,42.67
2021-08-12,70.7,75.4,70.6,73.0,117130.0,50.5
2021-08-13,73.55,75.0,71.5,72.3,56951.0,49.54
2021-08-16,71.2,71.7,70.15,70.65,59404.0,57.4
2021-08-17,71.15,72.4,69.9,70.65,38452.0,48.41
2021-08-18,71.1,71.5,68.5,68.7,47724.0,54.54
2021-08-19,71.1,71.5,68.5,68.7,47724.0,54.54
2021-08-20,68.0,68.45,64.6,65.8,48749.0,59.77
2021-08-23,67.7,67.7,61.0,61.55,78548.0,54.39
2021-08-24,61.0,70.9,61.0,67.8,96097.0,39.86
2021-08-25,66.05,71.1,66.0,68.4,68262.0,36.69
2021-08-26,68.1,69.9,63.5,65.9,44357.0,48.68
2021-08-27,66.6,67.9,65.7,67.5,34780.0,52.83
2021-08-30,67.9,69.9,67.9,68.65,40173.0,54.45
2021-08-31,69.5,69.5,67.0,67.45,24930.0,56.6
2021-09-01,68.65,68.65,66.0,67.5,24875.0,60.46
2021-09-02,67.1,69.3,67.05,68.95,35966.0,69.33
2021-09-03,68.5,69.55,67.7,68.45,38280.0,64.94
2021-09-06,68.45,68.95,67.15,67.7,17000.0,66.38
2021-09-07,68.4,72.0,66.7,70.3,63087.0,46.74
2021-09-08,69.35,71.4,69.05,69.2,42314.0,50.87
2021-09-09,69.5,73.7,68.8,71.05,130972.0,42.54
2021-09-10,69.5,73.7,68.8,71.05,130972.0,42.54
2021-09-13,71.9,75.95,71.6,74.5,106237.0,58.21
2021-09-14,75.95,76.0,72.4,72.65,45848.0,56.43
2021-09-15,73.0,78.1,70.9,72.65,56980.0,60.94
2021-09-16,73.85,74.7,70.25,73.15,43414.0,50.74
2021-09-17,74.4,74.4,69.4,71.05,52357.0,56.82
2021-09-20,70.8,70.8,57.6,67.4,81597.0,55.97
2021-09-21,69.65,76.2,66.4,72.85,141064.0,40.76
2021-09-22,75.8,77.0,71.75,74.1,99052.0,50.92
2021-09-23,74.1,75.05,72.0,72.35,34395.0,60.53
2021-09-24,73.8,73.8,69.85,70.35,39304.0,59.16
2021-09-27,70.3,71.15,69.0,69.65,21190.0,75.94
2021-09-28,71.3,74.9,70.15,73.9,100037.0,48.38
2021-09-29,77.0,81.5,74.1,77.4,1072822.0,28.74
2021-09-30,77.0,78.85,74.45,75.2,110632.0,57.53
2021-10-01,74.9,78.85,74.15,76.0,116826.0,48.21
2021-10-04,77.2,78.0,75.6,76.95,52315.0,49.8
2021-10-05,77.0,77.15,75.2,76.25,38274.0,53.14
2021-10-06,77.7,77.7,75.2,76.45,64728.0,63.49
2021-10-07,77.9,77.9,75.0,75.35,44412.0,61.58
2021-10-08,76.65,76.65,74.0,74.2,42709.0,60.49
2021-10-11,75.25,75.25,73.05,73.6,54624.0,48.75
2021-10-12,74.9,87.85,72.05,84.45,742757.0,52.6
2021-10-13,84.9,85.7,80.3,81.15,355925.0,53.2
2021-10-14,83.7,83.7,80.1,80.45,71613.0,52.02
2021-10-15,83.7,83.7,80.1,80.45,71613.0,52.02
2021-10-18,81.2,82.9,77.5,81.0,200463.0,36.16
2021-10-19,80.2,82.0,77.0,77.45,86316.0,56.35
2021-10-20,77.6,79.0,74.85,75.8,64714.0,60.65
2021-10-21,77.5,77.5,73.3,74.1,46671.0,57.07
2021-10-22,76.4,76.4,73.4,73.9,38850.0,42.33
2021-10-25,74.8,75.7,71.25,72.3,27533.0,61.99
2021-10-26,74.0,75.4,71.65,73.85,58773.0,46.06
2021-10-27,75.8,75.8,72.15,72.9,19401.0,47.18
2021-10-28,73.6,73.6,71.4,71.75,16441.0,52.64
2021-10-29,71.5,78.3,70.55,73.1,192534.0,23.64
2021-11-01,74.6,75.2,73.1,73.4,30533.0,52.08
2021-11-02,73.9,74.25,73.0,73.2,16516.0,65.94
2021-11-03,74.0,75.5,71.95,72.6,32091.0,62.66
2021-11-04,74.0,75.5,71.95,72.6,32091.0,62.66
2021-11-05,72.8,75.05,72.8,74.65,10408.0,69.91
2021-11-08,75.35,76.05,73.6,74.8,33254.0,54.52
2021-11-09,74.8,76.0,73.55,74.6,22531.0,60.66
2021-11-10,74.65,76.7,73.85,74.25,24262.0,56.12
2021-11-11,75.3,76.95,74.25,74.65,54746.0,51.1
2021-11-12,75.95,79.0,74.65,76.05,53903.0,64.91
2021-11-15,74.0,74.0,69.2,70.75,131360.0,61.54
2021-11-16,71.95,72.3,70.0,70.55,72447.0,49.99
2021-11-17,70.6,70.95,69.55,70.2,27777.0,61.9
2021-11-18,70.55,71.1,68.35,68.5,42832.0,69.96
2021-11-19,70.55,71.1,68.35,68.5,42832.0,69.96
2021-11-22,68.5,68.6,66.0,67.35,42862.0,65.06
2021-11-23,68.9,68.9,65.3,67.8,44685.0,42.02
2021-11-24,68.35,70.35,66.85,68.75,39763.0,44.31
2021-11-25,68.95,69.75,67.55,68.6,27729.0,43.21
2021-11-26,69.5,69.5,66.4,66.75,35667.0,43.35
2021-11-29,65.5,68.6,64.5,66.65,29428.0,59.11
2021-11-30,66.6,69.45,66.4,66.95,27954.0,48.12
2021-12-01,67.05,68.3,66.6,66.9,25452.0,57.39
2021-12-02,68.0,75.8,66.65,70.6,149952.0,29.44
2021-12-03,70.0,70.3,68.7,69.2,30276.0,51.56
2021-12-06,69.0,69.9,67.7,67.85,40874.0,47.34
2021-12-07,68.8,72.0,68.0,69.35,94114.0,34.64
2021-12-08,70.25,70.55,69.25,69.6,34603.0,54.05
2021-12-09,68.6,72.0,68.6,70.25,35457.0,44.11
2021-12-10,71.2,74.45,70.15,72.45,141774.0,38.0
2021-12-13,73.5,74.4,71.7,72.95,56847.0,58.4
2021-12-14,72.5,73.0,71.5,71.5,21411.0,54.19
2021-12-15,70.95,73.45,70.95,72.7,56804.0,51.73
2021-12-16,73.4,73.4,71.0,71.5,24716.0,44.89
2021-12-17,71.1,72.95,69.5,70.3,29595.0,58.17
2021-12-20,68.6,70.0,66.6,66.75,43473.0,65.38
2021-12-21,67.75,69.5,66.6,67.15,29395.0,46.62
2021-12-22,66.7,70.2,66.7,69.4,43522.0,46.78
2021-12-23,70.5,71.3,69.15,70.0,22491.0,49.25
2021-12-24,71.45,72.0,68.65,70.75,30127.0,63.64
2021-12-27,70.0,70.65,68.2,69.5,22061.0,66.89
2021-12-28,70.2,78.0,69.8,76.65,433971.0,38.28
2021-12-29,76.65,78.0,74.1,75.0,97421.0,62.72
2021-12-30,75.3,75.8,72.1,72.6,53103.0,62.45
2021-12-31,73.3,76.9,72.45,72.8,56231.0,50.77
2022-01-03,73.3,75.5,72.3,73.45,40815.0,62.17
2022-01-04,74.2,75.0,72.95,73.7,85884.0,69.03
2022-01-05,73.8,74.85,73.0,73.45,49238.0,55.62
2022-01-06,72.1,74.15,72.1,72.6,29565.0,74.4
2022-01-07,74.0,75.3,72.5,72.75,44676.0,48.76
2022-01-10,73.9,74.15,72.5,73.05,22813.0,69.14
2022-01-11,73.95,73.95,66.15,70.85,93299.0,44.37
2022-01-12,70.85,72.95,66.8,67.8,104914.0,72.0
2022-01-13,68.7,73.0,68.7,70.25,182919.0,46.59
2022-01-14,71.45,72.3,69.95,71.45,69133.0,70.25
2022-01-17,71.95,76.0,70.9,73.95,217355.0,45.7
2022-01-18,74.6,74.9,70.7,71.25,74347.0,68.38
2022-01-19,72.8,72.8,70.0,71.3,43929.0,58.05
2022-01-20,72.5,72.9,71.05,71.3,38436.0,62.51
2022-01-21,71.1,71.8,70.4,70.55,22215.0,57.29
2022-01-24,70.55,71.25,67.05,67.6,57459.0,53.25
2022-01-25,68.0,69.7,65.05,68.6,38160.0,49.87
2022-01-26,68.0,69.7,65.05,68.6,38160.0,49.87
2022-01-27,68.4,68.55,66.2,67.3,31806.0,53.91
2022-01-28,70.4,70.4,67.85,68.5,36096.0,60.42
2022-01-31,69.8,70.85,69.3,70.15,34915.0,67.72
2022-02-01,69.5,73.45,68.1,70.5,92150.0,39.14
2022-02-02,70.5,71.5,70.2,70.4,17463.0,65.97
2022-02-03,71.3,71.9,69.0,69.95,36478.0,57.93
2022-02-04,70.0,71.3,68.6,69.7,74484.0,46.34
2022-02-07,69.7,70.45,68.7,69.1,19378.0,66.11
2022-02-08,69.2,71.0,68.0,69.55,22488.0,56.86
2022-02-09,70.8,70.8,68.0,68.45,54001.0,59.6
2022-02-10,68.45,70.3,68.45,69.55,59241.0,53.46
2022-02-11,69.55,70.45,68.5,69.75,33778.0,62.31
2022-02-14,69.7,69.7,65.65,66.55,45758.0,57.37
2022-02-15,67.9,67.9,65.05,65.4,37592.0,62.83
2022-02-16,66.25,67.5,65.95,66.45,29081.0,51.29
2022-02-17,67.2,68.15,65.1,65.45,12505.0,61.12
2022-02-18,65.0,66.35,63.2,63.9,25794.0,58.13
2022-02-21,64.5,64.5,61.45,62.25,30676.0,43.49
2022-02-22,58.7,63.6,58.0,60.45,64839.0,46.78
2022-02-23,61.3,63.9,60.3,61.05,74837.0,31.19
2022-02-24,59.9,59.9,54.5,56.55,66691.0,53.93
2022-02-25,59.0,60.5,57.05,60.15,42872.0,61.21
2022-02-28,61.9,62.95,58.35,62.4,35195.0,55.77
2022-03-01,61.9,62.95,58.35,62.4,35195.0,55.77
2022-03-02,62.0,65.0,62.0,63.55,36664.0,59.43
2022-03-03,64.8,66.55,63.55,63.8,29129.0,53.02
2022-03-04,64.6,64.75,60.55,62.6,26968.0,56.12
2022-03-07,63.9,64.35,60.95,61.55,34996.0,46.29
2022-03-08,62.8,63.7,60.8,62.1,10148.0,52.05
2022-03-09,61.6,65.25,61.6,64.65,21860.0,67.91
2022-03-10,65.95,66.85,60.35,63.05,36838.0,52.35
2022-03-11,63.05,65.7,63.05,65.0,22846.0,60.31
2022-03-14,65.0,69.35,65.0,67.75,48924.0,61.1
2022-03-15,68.85,68.85,63.05,64.25,36296.0,56.71
2022-03-16,65.95,65.95,63.3,64.75,9653.0,64.26
2022-03-17,66.0,69.95,64.5,65.05,76063.0,26.49
2022-03-18,66.0,69.95,64.5,65.05,76063.0,26.49
2022-03-21,66.0,66.0,63.5,64.15,18604.0,39.04
2022-03-22,65.85,65.85,61.9,62.65,60460.0,67.24
2022-03-23,62.2,65.35,62.2,64.25,77697.0,57.57
2022-03-24,64.0,66.0,62.95,63.35,99602.0,40.62
2022-03-25,63.6,64.0,61.7,61.85,29926.0,68.51
2022-03-28,61.0,61.8,59.55,59.9,69709.0,68.55
2022-03-29,60.9,60.9,59.6,60.25,86423.0,81.0
2022-03-30,60.45,61.95,59.5,59.9,50331.0,68.41
2022-03-31,60.6,61.85,59.5,60.25,49035.0,61.88
2022-04-01,60.3,62.7,60.3,61.9,46457.0,62.45
2022-04-04,62.25,65.55,62.2,64.4,75891.0,62.33
2022-04-05,65.0,69.9,64.6,68.75,192182.0,47.63
2022-04-06,69.35,70.9,68.65,69.3,110238.0,42.36
2022-04-07,69.3,70.0,66.45,67.4,47617.0,51.93
2022-04-08,68.25,72.1,68.15,70.6,143656.0,56.61
2022-04-11,71.5,72.9,70.55,71.85,62982.0,67.72
2022-04-12,72.8,72.8,67.1,68.5,48813.0,62.31
2022-04-13,67.25,71.4,67.25,69.35,40396.0,53.34
2022-04-14,67.25,71.4,67.25,69.35,40396.0,53.34
2022-04-15,67.25,71.4,67.25,69.35,40396.0,53.34
2022-04-18,71.5,72.15,67.7,71.45,99267.0,61.82
2022-04-19,72.2,74.35,68.5,71.7,145774.0,48.04
2022-04-20,72.0,73.0,69.55,70.9,80613.0,32.65
2022-04-21,71.65,71.75,68.55,69.05,43737.0,64.93
2022-04-22,69.1,71.4,69.1,70.25,60686.0,59.07
2022-04-25,70.0,70.45,67.2,68.1,66841.0,54.73
2022-04-26,69.5,81.5,69.0,80.05,1017610.0,36.93
2022-04-27,78.0,79.0,74.55,76.3,396291.0,36.15
2022-04-28,76.85,78.8,74.45,75.35,130566.0,43.56
2022-04-29,76.0,77.45,71.8,72.6,115070.0,38.92
2022-05-02,74.0,75.95,69.6,73.75,97111.0,36.85
2022-05-03,74.0,75.95,69.6,73.75,97111.0,36.85
2022-05-04,73.75,80.5,73.15,76.2,431940.0,36.61
2022-05-05,77.6,80.1,76.05,76.95,190315.0,48.2
2022-05-06,76.0,79.5,73.55,78.6,148366.0,57.76
2022-05-09,78.4,81.9,75.75,77.9,277265.0,42.39
2022-05-10,76.45,80.0,72.7,74.0,139294.0,52.5
2022-05-11,73.05,74.8,65.45,66.65,149912.0,38.76
2022-05-12,66.65,67.2,61.0,61.7,100052.0,50.27
2022-05-13,63.75,67.75,63.45,65.9,108687.0,46.04
2022-05-16,66.0,69.25,65.9,67.95,57236.0,56.41
2022-05-17,67.0,71.7,67.0,70.65,41549.0,47.59
2022-05-18,71.0,72.4,70.05,70.8,41655.0,57.93
2022-05-19,68.5,70.0,67.4,68.9,32193.0,71.17
2022-05-20,69.7,71.9,69.7,71.35,24583.0,59.59
2022-05-23,71.35,71.85,69.0,69.8,55510.0,64.54
2022-05-24,69.6,69.6,67.5,67.95,36768.0,64.23
2022-05-25,68.25,68.75,65.45,66.85,24160.0,57.69
2022-05-26,65.7,68.95,64.05,66.75,27444.0,45.44
2022-05-27,68.2,76.0,68.2,70.7,261879.0,22.54
2022-05-30,71.5,73.55,70.25,70.75,46978.0,51.41
2022-05-31,71.0,72.05,70.05,71.35,39763.0,58.59
2022-06-01,71.35,73.0,70.95,72.0,34371.0,55.02
2022-06-02,71.05,72.8,71.05,71.4,15634.0,61.3
2022-06-03,72.0,72.9,70.55,71.55,18097.0,59.22
2022-06-06,71.85,83.4,71.05,82.5,808765.0,32.44
2022-06-07,80.9,82.0,74.5,75.4,233834.0,45.73
2022-06-08,76.0,77.0,73.2,75.35,88905.0,47.99
2022-06-09,75.8,84.5,74.75,81.4,593844.0,33.92
2022-06-10,80.0,85.7,79.4,82.75,374837.0,37.52
2022-06-13,82.75,82.75,75.0,75.5,209314.0,55.89
2022-06-14,76.55,78.3,74.5,75.1,112287.0,45.15
2022-06-15,75.6,79.3,75.6,76.75,84044.0,39.48
2022-06-16,78.05,78.95,73.1,73.65,80517.0,55.59
2022-06-17,74.5,75.3,70.0,70.2,120462.0,47.61
2022-06-20,71.0,71.95,65.05,66.85,122974.0,50.79
2022-06-21,68.25,71.0,63.35,68.75,81267.0,43.12
2022-06-22,69.85,69.85,67.05,67.8,30482.0,50.77
2022-06-23,68.85,69.5,66.6,67.45,35511.0,46.96
2022-06-24,67.4,69.35,66.0,67.1,35846.0,53.03
2022-06-27,68.4,70.0,68.05,68.6,22919.0,51.58
2022-06-28,69.55,76.1,68.55,74.4,73109.0,38.99
2022-06-29,72.7,74.5,70.2,71.1,58870.0,60.45
2022-06-30,71.75,76.0,70.25,73.9,116130.0,44.81
2022-07-01,74.3,74.45,71.3,72.5,38360.0,54.87
2022-07-04,73.4,73.4,69.35,69.75,51985.0,71.52
2022-07-05,70.0,71.85,68.5,68.9,61652.0,46.15
2022-07-06,69.75,69.95,68.55,69.5,18565.0,65.77
2022-07-07,68.2,73.4,68.2,71.85,114969.0,50.37
2022-07-08,73.4,73.4,70.5,71.05,48602.0,55.07
2022-07-11,69.75,72.3,69.75,70.5,48448.0,53.74
2022-07-12,70.0,71.7,68.0,68.9,56505.0,60.92
2022-07-13,69.05,70.9,68.0,68.4,43810.0,53.06
2022-07-14,68.55,69.7,67.8,68.35,36617.0,65.98
2022-07-15,69.0,69.25,66.0,67.0,42064.0,61.3
2022-07-18,67.95,68.9,67.05,67.9,37259.0,60.15
2022-07-19,68.25,69.9,67.55,68.15,30447.0,48.74
2022-07-20,69.15,70.9,68.0,68.9,33570.0,48.3
2022-07-21,69.25,70.15,68.85,69.05,17387.0,55.04
2022-07-22,69.8,72.35,68.7,69.85,74368.0,45.5
2022-07-25,69.9,72.75,69.9,71.85,90478.0,59.65
2022-07-26,72.8,72.8,70.25,71.5,15993.0,56.87
2022-07-27,71.5,72.85,71.15,72.35,30653.0,66.24
2022-07-28,72.25,72.8,71.35,72.05,15418.0,84.07
2022-07-29,73.0,75.9,72.85,73.8,108097.0,58.57
2022-08-01,74.8,75.5,73.65,73.95,44475.0,58.74
2022-08-02,73.95,74.2,72.0,72.35,25550.0,59.61
2022-08-03,72.7,73.3,70.55,71.6,48967.0,60.12
2022-08-04,72.65,72.65,70.6,71.75,26177.0,55.48
2022-08-05,71.75,74.8,71.6,72.95,65826.0,45.0
2022-08-10,70.65,72.9,68.2,70.9,66539.0,56.18
2022-08-11,68.25,70.9,68.25,69.7,39187.0,65.81
2022-08-12,70.45,70.45,68.6,68.8,83069.0,66.71
2022-08-15,70.45,70.45,68.6,68.8,83069.0,66.71
2022-08-16,69.5,69.9,67.4,67.9,86433.0,75.92
2022-08-17,68.9,68.9,68.0,68.65,35657.0,76.69
2022-08-18,69.35,69.35,67.5,67.95,84252.0,60.8
2022-08-19,68.0,68.9,66.85,67.3,65840.0,63.38
2022-08-22,67.3,67.9,65.0,65.35,52208.0,69.35
2022-09-05,65.9,67.5,63.2,65.0,43278.0,64.96
2022-09-06,65.0,66.5,64.5,64.85,22468.0,78.98
2022-09-07,65.45,65.7,63.9,64.5,25463.0,68.35
2022-09-08,63.65,66.5,63.65,64.45,51050.0,62.41
2022-09-09,63.4,65.35,63.4,64.15,25196.0,81.28
2022-09-12,63.5,65.1,63.25,63.7,40201.0,66.72
2022-09-13,63.5,64.5,62.65,62.95,40816.0,79.49
2022-09-14,62.0,64.3,61.35,63.65,29842.0,52.7
2022-09-15,63.65,64.9,61.25,62.55,95155.0,51.81
2022-09-16,62.5,63.35,61.5,61.9,35597.0,62.83
2022-09-19,62.3,64.95,61.5,63.35,109937.0,40.26
2022-09-20,65.8,65.8,63.0,63.4,31869.0,64.5
2022-09-21,63.05,64.9,62.4,63.95,41477.0,55.15
2022-09-22,64.0,64.0,62.0,62.45,29214.0,55.76
2022-09-23,62.55,63.5,61.1,62.0,29684.0,79.54
2022-09-26,62.6,62.6,58.9,59.0,48774.0,71.95
2022-09-27,58.65,60.65,57.0,59.05,45707.0,58.78
2022-09-28,58.6,59.7,58.05,58.65,12064.0,68.42
2022-09-29,59.0,59.8,57.15,57.9,22594.0,77.66
2022-09-30,58.0,59.4,57.75,58.05,28640.0,63.07
2022-10-03,58.8,60.2,58.25,58.7,27543.0,51.15
2022-10-04,59.15,60.75,59.1,59.9,19462.0,63.98
2022-10-05,59.15,60.75,59.1,59.9,19462.0,63.98
2022-10-06,60.5,62.0,59.3,60.35,53758.0,48.59
2022-10-07,60.35,61.0,59.0,59.6,24340.0,56.65
2022-10-10,60.7,60.7,58.6,58.85,38055.0,56.7
2022-10-11,60.0,60.0,56.15,56.9,75512.0,75.53
2022-10-12,58.25,58.35,53.35,55.5,73537.0,64.05
2022-10-13,56.75,56.75,54.4,55.2,21584.0,53.73
2022-10-14,56.6,63.35,55.0,59.65,284504.0,34.01
2022-10-17,59.0,60.9,58.15,59.35,42621.0,46.82
2022-10-18,59.6,60.9,59.0,59.55,28189.0,74.47
2022-10-19,60.3,60.75,58.9,59.0,25237.0,58.63
2022-10-20,58.2,59.4,58.0,58.25,20461.0,63.62
2022-10-21,58.25,59.7,56.4,57.35,32491.0,53.96
2022-10-24,57.4,60.0,57.4,58.9,4662.0,64.2
2022-10-25,58.0,59.4,57.5,57.65,16595.0,68.73
2022-10-26,58.0,59.4,57.5,57.65,16595.0,68.73
2022-10-27,59.0,59.7,57.5,57.85,28291.0,56.8
2022-10-28,57.8,59.0,57.75,58.6,22044.0,70.06
2022-10-31,58.65,65.75,58.65,62.25,516035.0,31.35
2022-11-01,62.9,64.0,60.6,61.7,95368.0,31.72
2022-11-02,61.95,63.45,60.7,61.25,51708.0,50.62
2022-11-03,61.15,62.15,60.1,60.6,18682.0,51.54
2022-11-04,61.95,65.0,61.0,63.75,55725.0,77.42
2022-11-07,64.3,65.5,63.0,63.4,67941.0,60.94
2022-11-08,64.3,65.5,63.0,63.4,67941.0,60.94
2022-11-09,63.85,65.0,63.0,64.25,47004.0,53.39
2022-11-10,65.0,65.0,63.05,63.3,39263.0,69.98
2022-11-11,64.8,65.9,63.45,64.35,31105.0,63.39
2022-11-14,65.0,65.5,63.45,64.0,53318.0,62.54
2022-11-15,64.65,64.65,62.75,63.4,23877.0,59.71
2022-11-16,64.3,68.8,63.05,64.8,211393.0,49.4
2022-11-17,66.75,67.8,65.8,66.7,187674.0,54.48
2022-11-18,67.9,67.9,64.6,65.3,69601.0,52.08
2022-11-21,66.5,67.6,62.25,63.75,55994.0,50.18
2022-11-22,63.65,64.0,62.65,62.85,20972.0,75.51
2022-11-23,64.9,64.9,63.1,63.5,20611.0,58.01
2022-11-24,64.7,64.7,62.85,63.1,22236.0,58.83
2022-11-25,63.55,65.0,63.05,64.2,35071.0,64.28
2022-11-28,63.3,64.45,63.3,64.05,37475.0,84.26
2022-11-29,64.05,64.45,63.1,63.4,24337.0,68.66
2022-11-30,64.35,64.35,63.1,63.4,27213.0,69.38
2022-12-01,64.95,65.45,63.2,63.5,70744.0,59.99
2022-12-02,63.55,65.9,63.55,65.0,92480.0,47.7
2022-12-05,66.45,66.45,64.1,64.95,44488.0,65.18
2022-12-06,65.8,65.8,63.5,63.95,22228.0,70.16
2022-12-07,65.25,65.25,63.55,63.9,25510.0,72.78
2022-12-08,64.4,64.8,63.55,63.85,26049.0,69.29
2022-12-09,63.6,64.6,63.2,63.4,22592.0,65.08
2022-12-12,63.0,64.15,62.05,63.25,30236.0,41.28
2022-12-13,62.6,63.45,62.25,62.65,17348.0,59.72
2022-12-14,62.5,63.65,62.4,63.1,28058.0,64.91
2022-12-15,63.45,64.35,61.0,61.9,84962.0,35.34
2022-12-16,62.45,62.9,58.0,61.1,53947.0,49.71
2022-12-19,61.1,62.6,60.35,61.45,34699.0,50.69
2022-12-20,61.2,65.9,61.2,63.4,74881.0,45.19
2022-12-21,63.6,64.35,60.8,61.2,76376.0,45.4
2022-12-22,61.35,61.5,58.0,58.65,59824.0,65.57
2022-12-23,59.95,59.95,55.0,56.2,43178.0,62.18
2022-12-26,56.95,59.95,54.6,59.55,21504.0,56.84
2022-12-27,59.95,64.6,59.8,63.0,83547.0,35.73
2022-12-28,63.35,63.35,61.7,62.1,21229.0,62.91
2022-12-29,61.75,62.5,60.95,61.25,19652.0,55.84
2022-12-30,62.8,64.0,61.05,62.0,55184.0,51.85
2023-01-02,61.2,65.05,61.2,64.7,120417.0,43.35
2023-01-03,64.65,65.95,63.5,63.8,72569.0,35.9
2023-01-04,64.95,64.95,61.6,62.55,46228.0,49.39
2023-01-05,63.4,64.2,62.6,62.85,16135.0,51.84
2023-01-06,62.1,63.45,62.1,63.1,14030.0,60.68
2023-01-09,63.45,64.25,62.55,63.15,17557.0,47.02
2023-01-10,64.0,64.0,62.65,62.8,11235.0,55.98
2023-01-11,62.9,63.6,62.2,62.8,10756.0,54.2
2023-01-12,63.5,63.5,62.6,62.85,10979.0,52.94
2023-01-13,63.0,64.5,63.0,64.3,35875.0,61.61
2023-01-16,62.6,64.25,62.5,63.05,36646.0,46.73
2023-01-17,63.8,63.8,62.0,62.3,25066.0,64.16
2023-01-18,63.3,63.45,62.0,62.45,20282.0,65.98
2023-01-19,63.0,63.7,62.3,62.75,24497.0,50.68
2023-01-20,63.1,71.0,62.75,68.85,897662.0,42.66
2023-01-23,70.5,74.9,69.0,71.0,911870.0,41.66
2023-01-24,71.0,71.55,68.9,70.35,151687.0,50.2
2023-01-25,69.05,73.75,69.05,71.1,193122.0,42.67
2023-01-26,69.05,73.75,69.05,71.1,193122.0,42.67
2023-01-27,70.8,72.6,66.15,68.0,146802.0,52.62
2023-01-30,68.0,69.7,64.65,65.1,89003.0,52.05
2023-01-31,65.1,69.05,65.1,67.75,73479.0,37.48
2023-02-01,67.75,70.85,64.95,65.55,116777.0,44.17
2023-02-02,65.55,67.85,65.05,65.55,95750.0,43.16
2023-02-03,65.5,67.5,62.0,63.6,110210.0,47.98
2023-02-06,64.55,64.55,62.95,63.35,31774.0,58.25
2023-02-07,64.0,64.05,62.0,62.1,28800.0,71.79
2023-02-08,61.75,63.6,58.0,59.3,194417.0,54.33
2023-02-09,59.5,62.3,59.5,61.65,46080.0,56.63
2023-02-10,61.65,64.75,61.05,63.75,65800.0,59.93
2023-02-13,64.5,66.7,62.75,64.8,54856.0,69.88
2023-02-14,64.7,64.7,60.75,62.15,97433.0,50.06
2023-02-15,62.4,62.85,61.0,61.2,65464.0,70.86
2023-02-16,61.85,62.0,60.5,60.85,34807.0,61.79
2023-02-17,60.85,61.6,60.0,60.3,32691.0,72.4
2023-02-20,61.7,61.7,59.55,59.6,40947.0,81.54
2023-02-21,61.5,61.5,59.0,59.45,40377.0,80.12
2023-02-22,60.0,60.0,58.5,58.8,34221.0,78.51
2023-02-23,58.8,60.9,58.5,59.65,55728.0,68.43
2023-02-24,60.05,60.3,58.85,59.1,67309.0,66.83
2023-02-27,60.4,60.4,57.5,57.95,35639.0,65.8
2023-02-28,58.45,58.45,57.7,58.05,8322.0,70.0
2023-03-01,58.2,60.85,58.15,58.95,59322.0,38.81
2023-03-02,59.0,59.8,58.35,58.8,28514.0,64.67
2023-03-03,59.0,59.85,58.6,59.0,27403.0,76.89
2023-03-06,59.3,60.5,58.85,59.25,35104.0,64.41
2023-03-07,59.3,60.5,58.85,59.25,35104.0,64.41
2023-03-08,59.25,59.7,59.0,59.4,41464.0,90.8
2023-03-09,60.0,61.7,59.1,59.35,67813.0,57.06
2023-03-10,59.0,59.5,58.05,58.6,15316.0,56.68
2023-03-13,58.85,59.1,57.6,58.05,35551.0,81.06
2023-03-14,58.6,58.75,57.55,58.2,29917.0,63.79
2023-03-15,59.05,59.05,57.5,57.65,19108.0,77.8
2023-03-16,57.5,57.65,56.45,56.95,22525.0,57.11
2023-03-17,58.5,58.5,56.5,56.95,24734.0,82.68
2023-03-20,57.0,60.15,56.2,57.0,44267.0,65.61
2023-03-21,57.8,58.0,56.55,57.05,9507.0,71.04
2023-03-22,57.25,58.55,57.0,57.15,23789.0,67.59
2023-03-23,57.75,57.75,56.6,57.1,7914.0,63.84
2023-03-24,57.1,57.95,56.7,57.05,14918.0,70.18
2023-03-27,57.45,57.5,54.2,56.05,34284.0,79.43
2023-03-28,55.8,56.4,53.0,54.5,64230.0,82.44
2023-03-29,54.0,55.15,54.0,54.95,19073.0,63.15
2023-03-30,54.0,55.15,54.0,54.95,19073.0,63.15
2023-03-31,55.9,56.3,54.75,55.65,41827.0,58.2
2023-04-03,55.65,56.9,55.6,56.5,17649.0,71.22
2023-04-04,55.65,56.9,55.6,56.5,17649.0,71.22
2023-04-05,56.0,57.85,56.0,57.4,38867.0,77.96
2023-04-06,58.0,58.85,57.7,58.25,26810.0,71.27
2023-04-07,58.0,58.85,57.7,58.25,26810.0,71.27
2023-04-10,58.2,59.0,58.0,58.5,12757.0,64.88
2023-04-11,58.75,61.0,58.6,60.1,41613.0,67.12
2023-04-12,61.3,61.3,60.0,60.3,25378.0,59.78
2023-04-13,60.3,66.25,60.05,64.8,156353.0,54.8
2023-04-14,60.3,66.25,60.05,64.8,156353.0,54.8
2023-04-17,64.8,64.8,62.3,63.05,52588.0,61.95
2023-04-18,63.8,64.25,62.2,63.15,32047.0,65.7
2023-04-19,63.0,63.9,62.0,62.25,37292.0,70.13
2023-04-20,62.6,63.15,62.35,62.55,15412.0,75.7
2023-04-21,63.1,63.2,60.65,61.8,27377.0,68.14
2023-04-24,62.4,62.4,60.65,61.5,15574.0,80.73
2023-04-25,62.0,62.35,61.85,62.0,16003.0,87.86
2023-04-26,62.0,62.7,60.45,61.7,64945.0,75.94
2023-04-27,61.25,61.25,59.15,61.0,56273.0,83.37
2023-04-28,59.7,63.5,59.7,61.65,122585.0,60.2
2023-05-01,59.7,63.5,59.7,61.65,122585.0,60.2
2023-05-02,61.6,61.6,49.55,52.35,1854502.0,51.92
2023-05-03,52.4,54.1,51.4,53.6,346720.0,60.89
2023-05-04,53.9,54.25,52.5,52.95,136769.0,57.9
2023-05-05,52.95,53.55,52.6,52.9,75783.0,73.15
2023-05-08,52.9,52.9,51.0,52.25,75681.0,64.9
2023-05-09,52.8,53.0,52.4,52.65,38573.0,77.41
2023-05-10,52.95,53.65,52.7,53.2,68135.0,69.02
2023-05-11,53.95,54.4,53.3,53.85,71268.0,69.01
2023-05-12,54.0,54.3,52.5,53.1,52582.0,66.09
2023-05-15,53.2,53.5,52.5,52.75,39023.0,68.83
2023-05-16,53.0,54.5,52.7,53.1,74915.0,55.48
2023-05-17,53.1,53.7,52.8,53.2,24992.0,74.03
2023-05-18,53.45,53.6,52.5,52.55,61523.0,74.5
2023-05-19,52.95,52.95,52.5,52.55,19402.0,73.1
2023-05-22,52.4,53.1,52.0,52.7,51371.0,61.54
2023-05-23,52.55,53.1,51.95,52.65,29692.0,73.94
2023-05-24,52.75,53.65,52.5,53.0,31775.0,73.14
2023-05-25,53.4,54.7,52.4,53.3,42383.0,61.56
2023-05-26,53.4,54.0,52.3,53.15,57923.0,68.37
2023-05-29,53.95,54.3,52.65,53.4,26419.0,66.8
2023-05-30,54.95,54.95,52.6,53.0,79844.0,54.33
2023-05-31,53.0,54.4,52.8,53.75,50523.0,64.61
2023-06-01,53.95,53.95,53.1,53.45,27273.0,70.79
2023-06-02,53.15,54.4,53.1,54.2,69966.0,76.13
2023-06-05,55.0,59.0,54.8,57.55,367649.0,54.18
2023-06-06,58.1,58.55,56.8,58.15,98256.0,63.19
2023-06-07,58.05,59.0,57.55,58.35,96698.0,65.89
2023-06-08,59.0,59.0,57.0,57.1,52769.0,75.81
2023-06-09,57.95,58.0,56.95,57.3,38823.0,68.03
2023-06-12,57.3,58.0,56.15,56.75,36266.0,70.13
2023-06-13,56.75,57.95,56.75,57.05,33770.0,74.08
2023-06-14,57.5,59.0,57.1,58.65,95889.0,71.54
2023-06-15,59.0,59.5,58.5,58.75,90055.0,66.51
2023-06-16,59.3,59.75,58.4,58.65,28983.0,62.41
2023-06-19,58.65,59.0,58.0,58.25,46461.0,70.81
2023-06-20,58.25,58.8,58.15,58.55,15641.0,56.09
2023-06-21,58.55,59.9,58.4,59.15,79515.0,61.83
2023-06-22,59.8,59.85,58.05,58.55,29737.0,71.05
2023-06-23,59.1,59.1,56.3,57.2,38854.0,67.39
2023-06-26,56.65,57.7,56.65,57.2,19503.0,81.94
2023-06-27,57.9,59.05,57.2,57.6,53647.0,50.28
2023-06-28,57.5,58.6,57.2,57.6,102939.0,79.85
2023-06-29,57.5,58.6,57.2,57.6,102939.0,79.85
2023-06-30,58.25,59.7,57.7,58.85,441400.0,87.47
2023-07-03,59.8,62.9,59.3,61.45,482388.0,42.24
2023-07-04,62.45,63.6,61.15,61.5,191945.0,66.15
2023-07-05,61.5,63.15,60.8,62.75,145672.0,63.19
2023-07-06,63.8,68.5,63.1,67.6,664053.0,49.89
2023-07-07,67.6,72.0,67.4,68.9,560995.0,50.98
2023-07-10,69.65,75.9,68.5,73.2,1092680.0,32.23
2023-07-11,73.85,75.0,70.4,71.4,338954.0,53.74
2023-07-12,71.95,74.6,70.05,72.0,299866.0,41.41
2023-07-13,72.45,74.3,68.6,69.55,243049.0,41.27
2023-07-14,70.45,73.6,70.45,73.2,272819.0,43.51
2023-07-17,74.2,74.65,72.1,72.4,150620.0,58.05
2023-07-18,73.25,73.35,69.5,69.7,189204.0,60.15
2023-07-19,70.25,71.25,68.75,69.7,199601.0,74.92
2023-07-20,69.25,71.65,68.05,70.15,269656.0,56.35
2023-07-21,70.85,73.65,70.1,72.4,346761.0,52.99
2023-07-24,73.1,73.75,69.75,72.25,224454.0,57.88
2023-07-25,73.0,75.2,72.3,73.65,300346.0,43.51
2023-07-26,74.4,84.7,73.5,82.3,3213031.0,27.28
2023-07-27,83.5,88.45,81.5,85.75,2344747.0,31.49
2023-07-28,86.5,91.0,86.05,88.15,1233429.0,34.87
2023-07-31,88.7,92.2,88.15,91.8,755473.0,48.59
2023-08-01,92.55,93.7,88.5,91.35,506217.0,43.08
2023-08-02,91.2,91.2,85.0,86.3,478527.0,55.08
2023-08-03,87.95,89.35,85.25,87.85,153222.0,41.96
2023-08-04,88.15,88.65,86.0,87.2,153495.0,55.8
2023-08-07,87.75,88.0,81.8,82.95,161787.0,72.14
2023-08-08,82.05,85.5,82.0,84.75,147371.0,63.04
2023-08-09,85.2,87.4,84.6,85.5,123011.0,57.31
2023-08-10,85.9,86.4,82.4,83.15,143752.0,55.79
2023-08-11,83.15,90.9,83.15,89.45,505134.0,54.04
2023-08-14,87.5,88.65,84.5,84.55,348047.0,65.92
2023-08-15,87.5,88.65,84.5,84.55,348047.0,65.92
2023-08-16,84.7,90.25,84.25,88.05,230491.0,47.21
2023-08-17,87.9,89.9,86.25,87.4,150506.0,47.89
2023-08-18,86.5,89.8,86.05,88.1,205819.0,48.1
2023-08-21,88.95,93.25,88.55,91.55,484256.0,47.51
2023-08-22,93.85,94.9,88.15,89.7,483412.0,44.05
2023-08-23,90.2,91.0,88.6,89.7,136901.0,44.73
2023-08-24,89.7,92.15,89.7,90.55,215327.0,49.24
2023-08-25,90.55,91.45,87.15,88.1,201742.0,51.27
2023-08-28,88.2,89.45,86.35,86.95,108373.0,61.38
2023-08-29,87.7,88.0,85.6,86.85,168317.0,32.85
2023-08-30,86.85,88.8,86.1,86.9,149320.0,49.23
2023-08-31,88.25,94.5,87.4,93.55,1007553.0,40.9
2023-09-01,94.5,97.35,92.0,92.8,925016.0,39.57
2023-09-04,93.25,98.8,92.25,97.65,818334.0,45.45
2023-09-05,98.4,99.9,95.7,97.4,673950.0,46.12
2023-09-06,97.4,98.4,95.1,95.75,237910.0,43.83
2023-09-07,96.4,97.3,94.5,95.35,219018.0,46.75
2023-09-08,95.4,98.4,94.75,96.25,303613.0,35.8
2023-09-11,97.1,102.65,94.6,100.8,912000.0,32.99
2023-09-12,103.0,105.0,83.75,96.1,1614775.0,22.03
2023-09-13,95.85,98.85,92.0,94.15,337075.0,28.29
2023-09-14,94.2,97.4,94.2,95.15,175228.0,42.9
2023-09-15,95.3,98.0,94.5,96.6,160381.0,40.49
2023-09-18,97.65,97.65,93.8,94.3,98980.0,56.8
2023-09-19,97.65,97.65,93.8,94.3,98980.0,56.8
2023-09-20,92.0,95.9,92.0,95.25,162041.0,31.48
2023-09-21,96.3,96.3,93.2,94.0,85368.0,51.2
2023-09-22,94.95,96.75,92.5,93.3,77874.0,52.82
2023-09-25,93.0,93.45,90.95,91.6,90466.0,58.8
2023-09-26,91.75,93.6,91.6,92.85,71834.0,49.95
2023-09-27,93.0,93.55,91.5,91.7,51923.0,53.05
2023-09-28,92.45,92.5,89.7,90.0,101735.0,57.68
2023-09-29,90.3,91.25,88.5,89.3,107263.0,53.4
2023-10-02,90.3,91.25,88.5,89.3,107263.0,53.4
2023-10-03,89.3,90.4,87.6,88.6,66298.0,52.97
2023-10-04,88.5,89.55,87.1,88.25,136472.0,54.52
2023-10-05,89.0,90.85,86.95,88.55,115497.0,48.73
2023-10-06,89.8,89.8,88.55,88.8,75964.0,63.3
2023-10-09,88.0,88.6,84.85,86.1,90029.0,45.08
2023-10-10,86.2,89.0,86.2,88.65,101428.0,39.16
2023-10-11,88.9,90.65,88.2,88.7,110931.0,66.85
2023-10-12,89.05,90.45,88.6,88.95,65790.0,44.21
2023-10-13,88.5,89.6,87.1,87.65,58805.0,49.31
2023-10-16,87.7,95.0,87.5,91.7,315352.0,39.42
2023-10-17,93.7,95.3,91.7,93.5,139720.0,52.22
2023-10-18,95.0,95.0,90.05,90.65,150685.0,52.52
2023-10-19,91.0,92.8,89.05,90.35,71546.0,52.21
2023-10-20,90.35,91.25,87.8,88.95,93468.0,55.96
2023-10-23,89.35,91.4,85.5,86.05,92198.0,49.43
2023-10-24,89.35,91.4,85.5,86.05,92198.0,49.43
2023-10-25,87.8,87.8,82.55,83.8,93967.0,57.26
2023-10-26,83.6,84.5,78.75,83.15,186690.0,44.53
2023-10-27,83.05,86.35,83.05,85.05,80991.0,32.81
2023-10-30,85.0,85.4,82.65,84.35,48346.0,37.5
2023-10-31,85.0,85.75,84.05,84.6,32108.0,38.87
2023-11-01,84.0,85.25,83.5,84.5,27079.0,60.33
2023-11-02,85.6,88.0,84.55,85.35,48931.0,68.78
2023-11-03,88.0,98.9,86.45,93.7,1968693.0,16.29
2023-11-06,93.65,94.0,92.0,92.8,154965.0,43.46
2023-11-07,92.95,93.45,91.0,91.65,117610.0,46.14
2023-11-08,91.9,99.0,90.4,97.55,657295.0,45.97
2023-11-09,98.0,98.5,94.75,95.25,223726.0,51.51
2023-11-10,95.25,96.8,93.7,95.1,171556.0,51.25
2023-11-13,98.4,98.45,94.75,97.25,220859.0,47.22
2023-11-14,98.4,98.45,94.75,97.25,220859.0,47.22
2023-11-15,98.5,99.7,96.45,98.05,378098.0,44.72
2023-11-16,98.0,98.4,97.05,97.75,131893.0,52.29
2023-11-17,97.95,104.9,97.2,99.75,955669.0,34.11
2023-11-20,100.5,100.55,96.6,97.65,243861.0,49.11
2023-11-21,98.55,99.75,97.1,98.45,122506.0,46.65
2023-11-22,99.15,99.2,97.0,97.15,78159.0,64.0
2023-11-23,97.15,101.0,97.0,97.65,157980.0,38.87
2023-11-24,97.2,99.5,96.0,96.95,210080.0,47.19
2023-11-27,97.2,99.5,96.0,96.95,210080.0,47.19
2023-11-28,97.5,98.3,96.0,96.7,136729.0,54.17
2023-11-29,96.95,98.1,95.2,95.6,102198.0,49.23
2023-11-30,96.05,98.9,95.55,96.35,75250.0,60.47
2023-12-01,97.0,98.1,96.55,97.35,140055.0,64.32
2023-12-04,98.35,99.9,96.1,96.75,177596.0,64.0
2023-12-05,96.85,98.7,95.4,97.3,179775.0,58.06
2023-12-06,98.2,98.2,96.0,96.4,85679.0,76.22
2023-12-07,96.15,97.9,96.1,96.8,144099.0,62.01
2023-12-08,97.6,98.25,95.25,96.05,175945.0,44.59
2023-12-11,96.75,97.25,95.55,96.7,49575.0,57.85
2023-12-12,97.0,97.8,95.7,97.2,129737.0,52.13
2023-12-13,98.75,112.5,98.05,110.75,4024473.0,23.45
2023-12-14,113.5,119.6,110.0,114.75,1821161.0,34.35
2023-12-15,115.8,116.35,109.1,110.3,451906.0,37.28
2023-12-18,111.0,114.6,108.2,113.15,397544.0,41.4
2023-12-19,113.45,116.7,112.95,115.15,214647.0,56.23
2023-12-20,115.9,128.45,115.15,123.8,3329575.0,28.9
2023-12-21,123.5,133.0,117.4,131.6,2356801.0,29.05
2023-12-22,132.1,144.0,130.75,141.45,2915519.0,58.51
2023-12-25,132.1,144.0,130.75,141.45,2915519.0,58.51
2023-12-26,144.6,169.7,142.5,169.7,2572425.0,49.39
2023-12-27,174.4,186.65,170.55,186.65,1369248.0,40.08
2023-12-28,194.0,200.0,171.05,182.45,3411169.0,34.55
2023-12-29,183.0,187.8,178.0,179.8,556651.0,41.91
2024-01-01,181.0,186.9,178.0,178.75,428884.0,46.92
2024-01-02,178.0,182.5,168.1,180.0,510210.0,49.01
2024-01-03,182.85,184.75,175.0,179.25,375651.0,55.33
2024-01-04,180.0,197.15,177.4,192.75,2386890.0,34.02
2024-01-05,194.7,201.55,182.0,184.9,975119.0,37.67
2024-01-08,188.3,195.0,188.0,193.3,736482.0,59.91
2024-01-09,194.0,203.0,192.3,193.65,435007.0,48.88
2024-01-10,195.0,198.4,185.75,190.8,476061.0,45.66
2024-01-11,197.0,197.0,187.25,189.0,373852.0,52.55
2024-01-12,190.4,191.6,184.0,184.75,315735.0,53.94
2024-01-15,184.5,184.7,175.35,177.7,485257.0,61.23
2024-01-16,178.75,183.9,175.0,180.05,361173.0,52.27
2024-01-17,183.05,185.7,174.75,175.9,431052.0,50.76
2024-01-18,176.25,178.3,170.0,175.45,187495.0,48.44
2024-01-19,180.0,182.5,177.2,179.4,210572.0,63.49
2024-01-22,180.0,190.5,178.75,186.55,435635.0,55.29
2024-01-23,187.1,190.0,175.0,176.55,337819.0,62.61
2024-01-24,178.4,186.45,174.1,183.6,333753.0,56.29
2024-01-25,184.5,187.8,179.25,180.4,220266.0,51.17
2024-01-26,184.5,187.8,179.25,180.4,220266.0,51.17
2024-01-29,186.95,197.0,185.1,194.5,832105.0,59.56
2024-01-30,196.35,199.95,187.9,194.4,500368.0,47.32
2024-01-31,194.5,194.7,188.0,191.8,243939.0,61.82
2024-02-01,193.5,210.95,193.5,210.95,1020246.0,58.61
2024-02-02,218.0,232.0,217.3,226.8,1150061.0,42.51
2024-02-05,232.1,236.4,215.5,215.5,635043.0,59.56
2024-02-06,215.5,219.0,204.75,216.85,508550.0,43.82
2024-11-18,298.05,313.5,296.05,307.35,19689.0,80.47
2024-11-19,312.9,322.7,306.05,316.75,67504.0,71.07
2024-11-20,312.9,322.7,306.05,316.75,67504.0,71.07
2024-11-21,318.0,326.05,301.0,305.7,42381.0,77.67
2024-11-22,313.35,320.95,305.0,320.95,24121.0,70.81
2024-11-25,321.0,328.55,313.0,320.2,23429.0,72.89
2024-11-26,326.6,326.6,314.3,318.85,3326.0,50.75
2024-11-27,315.25,328.0,315.25,322.95,10323.0,79.8
2024-11-28,329.5,336.0,324.85,330.6,19898.0,83.04
2024-11-29,331.3,347.1,325.35,346.85,58298.0,52.97
2024-12-02,350.05,364.15,350.05,364.15,58433.0,75.76
2024-12-03,364.15,382.35,364.15,382.35,53185.0,80.99
2024-12-04,396.4,401.45,380.0,385.6,91598.0,64.35
2024-12-05,382.0,392.95,366.5,382.5,33058.0,70.24
2024-12-06,385.0,385.0,375.95,377.6,8573.0,69.33
2024-12-09,389.9,389.9,374.0,376.4,12469.0,86.12
2024-12-16,357.6,357.6,335.7,347.1,32285.0,79.53
2024-12-17,353.85,359.85,338.2,351.8,22040.0,55.51
2024-12-18,360.2,360.2,348.0,353.3,10598.0,64.23
2024-12-19,338.15,350.45,338.15,348.85,15727.0,74.99
2024-12-20,356.8,356.8,336.9,338.75,17942.0,80.73
2024-12-23,338.75,355.65,333.55,352.55,32270.0,75.69
2024-12-24,354.9,354.9,338.0,342.7,12532.0,81.34
2024-12-25,354.9,354.9,338.0,342.7,12532.0,81.34
2024-12-26,351.8,352.0,338.1,350.6,26233.0,85.16
2024-12-27,354.25,357.0,341.8,350.35,22815.0,80.89
2024-12-30,350.35,353.0,341.0,343.15,17563.0,61.45
2024-12-31,339.7,350.4,339.7,345.35,5949.0,63.44
2025-01-01,340.0,362.6,339.15,357.0,36396.0,56.41
2025-01-02,372.9,372.9,355.05,360.25,12772.0,74.71
2025-01-03,364.7,366.05,349.95,360.1,28531.0,81.05
2025-01-06,370.35,370.35,342.1,342.65,20641.0,73.11
2025-01-07,346.95,349.45,330.05,339.55,40420.0,83.21
2025-01-08,347.0,347.0,333.0,338.35,56777.0,66.26
2025-01-09,338.7,346.15,328.55,340.65,29329.0,77.71
2025-01-10,345.85,345.85,323.65,332.05,14606.0,60.1
2025-01-13,315.45,331.45,315.45,315.5,26936.0,64.49
2025-01-14,305.0,323.6,305.0,322.65,15611.0,64.93
2025-01-15,326.1,332.45,310.0,317.5,27242.0,58.2
2025-01-16,321.1,328.9,317.05,321.95,21951.0,86.86
2025-01-17,327.8,327.8,312.1,319.85,19233.0,71.65
2025-01-20,319.95,335.8,317.0,330.7,25523.0,72.69
2025-01-21,340.0,340.0,315.0,316.95,22113.0,82.19
2025-01-22,326.0,326.0,303.55,313.35,21448.0,53.45
2025-01-23,324.4,324.45,310.0,313.65,15068.0,75.9
2025-01-24,314.95,316.45,310.0,315.05,10892.0,72.46
2025-01-27,315.0,315.0,303.1,305.4,39233.0,83.06
2025-01-28,305.55,311.4,295.1,301.1,21276.0,84.09
2025-01-29,301.1,309.05,292.05,301.25,39591.0,67.36
2025-01-30,301.0,316.3,301.0,310.95,18463.0,72.27
2025-01-31,322.0,322.0,310.95,319.15,19517.0,58.29
2025-02-03,330.0,330.0,310.85,310.85,11061.0,64.0
2025-02-04,317.45,319.95,305.55,316.65,13105.0,52.77
2025-02-05,321.0,332.45,310.05,332.45,33666.0,75.46
2025-02-06,365.0,369.0,342.0,349.2,252958.0,33.69
2025-02-07,349.45,365.0,343.0,347.55,75712.0,35.32
2025-02-10,347.55,352.0,329.5,331.75,48694.0,47.63
2025-02-11,326.75,333.95,310.0,316.95,50666.0,62.21
2025-02-12,316.95,324.95,301.0,318.85,40431.0,52.57
2025-02-13,320.45,329.1,310.1,315.0,26388.0,55.89
2025-02-14,315.0,320.15,304.1,310.4,56969.0,66.06
2025-02-17,303.0,320.0,302.2,315.15,33904.0,61.21
2025-02-18,316.75,316.75,304.95,307.6,30286.0,71.66
2025-02-19,310.15,323.0,295.7,321.75,26922.0,52.07
2025-02-20,319.45,331.7,315.35,325.75,12802.0,64.83
2025-02-21,327.95,348.65,315.5,334.75,69284.0,44.72
2025-02-24,336.4,336.4,322.2,324.05,23234.0,57.05
2025-02-25,325.7,330.95,315.8,321.75,22599.0,51.47
2025-02-27,330.6,330.6,314.4,319.55,31798.0,63.54
2025-02-28,310.0,317.65,304.2,306.6,18556.0,54.95
2025-03-03,306.65,313.95,295.0,306.55,43755.0,63.98
2025-03-04,300.1,320.0,295.65,316.05,24131.0,39.92
2025-03-05,319.7,339.1,316.35,333.55,32530.0,33.9
2025-03-06,339.9,348.35,337.45,343.6,45466.0,62.55
2025-03-07,338.85,343.55,333.95,336.05,51128.0,52.68
2025-03-10,339.9,339.9,322.65,324.4,11041.0,69.99
2025-03-11,305.9,329.0,305.9,319.85,11515.0,50.07
2025-03-12,315.8,319.0,309.0,313.1,19178.0,45.56
2025-03-13,315.45,317.0,307.55,312.6,8421.0,57.72
2025-03-17,324.05,324.05,307.05,310.75,17404.0,62.47
2025-03-18,322.0,322.0,308.2,313.3,10220.0,36.0
2025-03-19,325.0,327.3,316.95,322.1,15194.0,49.33
2025-03-20,330.0,355.0,323.55,346.75,168698.0,67.35
2025-03-21,345.0,349.9,339.55,346.55,23517.0,48.31
2025-03-24,359.95,365.0,342.1,356.1,317348.0,90.42
2025-03-25,367.0,375.0,357.8,365.05,191880.0,41.95
2025-03-26,365.05,388.0,365.05,371.6,146066.0,44.98
2025-03-27,371.6,383.6,342.55,353.25,219006.0,53.61
2025-03-28,358.9,401.0,356.15,381.3,340884.0,29.3
2025-04-01,387.5,413.9,383.75,408.0,511142.0,33.63
2025-04-02,414.1,431.95,409.45,427.35,501832.0,27.66
2025-04-03,420.0,438.8,418.4,429.35,275277.0,37.11
2025-04-04,431.9,446.05,419.0,429.15,322633.0,26.27
2025-04-07,356.0,409.0,356.0,395.45,273431.0,38.4
2025-04-08,410.0,414.4,397.6,399.55,116582.0,35.24
2025-04-09,405.0,405.5,391.95,398.1,52969.0,48.54
2025-04-11,408.0,432.2,402.65,425.0,237259.0,29.21
2025-04-15,451.0,463.05,435.05,449.65,353750.0,29.83
2025-04-16,458.0,486.0,451.05,472.85,417444.0,22.28
2025-04-17,467.0,478.95,461.1,467.75,173433.0,41.7
2025-04-21,474.75,494.4,460.25,472.8,178288.0,35.6
2025-04-22,470.0,483.05,468.5,470.7,78503.0,36.48
2025-04-23,474.45,477.95,453.05,465.25,78340.0,37.99
2025-04-24,461.0,470.15,457.3,460.0,51013.0,51.83
2025-04-25,460.0,474.55,441.0,447.5,125749.0,35.45
2025-04-28,447.1,465.15,441.15,454.8,105241.0,30.32
2025-04-29,455.7,458.4,440.05,443.2,148142.0,49.13
2025-04-30,440.0,444.6,432.6,436.65,86125.0,43.67
2025-05-02,435.0,444.4,431.0,437.55,56653.0,52.15
2025-05-05,434.0,470.0,431.15,465.4,183260.0,24.1
2025-05-06,472.4,475.0,431.0,434.35,112991.0,37.51
2025-05-07,418.45,444.95,415.55,442.1,69593.0,37.3
2025-05-08,435.45,447.45,423.45,426.85,58013.0,40.91
2025-05-09,400.0,423.45,400.0,415.65,112208.0,48.38
2025-05-12,424.0,469.0,424.0,463.25,198236.0,29.81
2025-05-13,466.0,478.7,460.5,466.1,159357.0,48.53
2025-05-14,465.0,478.9,465.0,471.3,157996.0,46.71
2025-05-15,471.3,489.0,461.85,466.4,206794.0,26.72
2025-05-16,465.55,473.5,464.05,469.85,75617.0,37.02
2025-05-19,477.0,483.0,461.1,474.65,98104.0,38.39
2025-05-20,481.5,508.8,470.0,471.55,376327.0,28.05
2025-05-21,473.05,483.7,462.05,476.2,104310.0,49.07
2025-05-22,480.0,485.0,470.1,474.2,81989.0,47.45
2025-05-23,480.0,483.0,466.75,476.3,60695.0,40.5
2025-05-26,476.4,490.3,465.1,468.25,94760.0,33.52
2025-05-27,465.1,471.2,451.6,454.5,138230.0,61.5
2025-05-28,454.4,464.8,449.05,460.4,64367.0,43.05
2025-05-29,463.8,465.4,452.85,462.55,58626.0,42.41
2025-05-30,466.4,470.0,458.6,466.15,42583.0,56.24
2025-06-02,469.0,474.4,455.5,460.55,169193.0,44.1
2025-06-03,464.15,465.1,445.2,449.0,96186.0,56.97
2025-06-04,450.8,450.8,439.65,446.95,51727.0,59.31
2025-06-05,451.4,451.4,435.55,441.25,70917.0,57.97
2025-06-06,440.0,446.2,431.95,434.55,53359.0,52.99
2025-06-09,435.0,447.3,423.0,444.3,131644.0,46.73
2025-06-10,442.0,470.0,440.25,463.65,124679.0,54.98
2025-06-11,465.95,484.45,462.95,466.25,112327.0,34.08
2025-06-12,466.95,474.4,460.0,465.8,84372.0,41.07
2025-06-13,464.0,464.0,441.8,450.1,45510.0,53.7
2025-06-16,453.65,456.0,447.3,453.7,45931.0,65.38
2025-06-17,453.0,460.95,444.65,445.5,18389.0,51.72
2025-06-18,445.0,459.4,438.35,451.15,55777.0,54.58
2025-06-19,445.55,485.0,445.55,470.6,435302.0,32.97
2025-06-20,478.0,509.95,472.5,506.4,1655510.0,24.52
2025-06-23,508.95,535.0,494.9,525.8,1309307.0,19.85
2025-06-24,526.0,544.8,521.7,530.65,731375.0,22.34
2025-06-25,530.65,568.65,528.5,546.2,1121301.0,21.7
2025-06-26,544.05,552.95,535.0,536.8,367780.0,20.19
2025-06-27,537.95,543.7,522.45,526.0,149297.0,29.43
2025-06-30,529.0,538.9,524.1,532.05,124245.0,41.43
2025-07-01,531.1,535.3,520.35,528.0,99925.0,45.31
2025-07-02,532.9,535.5,521.4,523.95,61642.0,39.64
2025-07-03,524.0,563.95,524.0,554.7,1083880.0,24.08
2025-07-04,558.8,577.7,539.55,547.65,483376.0,19.3
2025-07-07,552.0,562.0,537.0,543.55,241517.0,49.01
2025-07-08,543.55,550.85,533.0,548.95,154031.0,42.59
2025-07-09,550.05,562.8,544.55,555.25,168751.0,31.63
2025-07-10,560.8,610.0,558.0,589.25,1614911.0,15.81
2025-07-11,591.0,601.7,578.9,582.95,206962.0,30.23
2025-07-14,585.9,594.05,573.0,575.25,181382.0,41.17
2025-07-15,579.9,586.15,573.7,583.75,73323.0,31.95
2025-07-16,586.5,593.0,575.65,587.4,85492.0,28.7
2025-07-17,591.5,605.0,583.1,591.2,234201.0,30.07
2025-07-18,594.0,598.0,581.05,585.45,99064.0,33.4
2025-07-21,587.05,653.0,587.05,632.9,1751095.0,14.87
2025-07-22,634.0,640.55,617.05,619.95,257900.0,30.61
2025-07-23,621.6,637.3,618.1,630.35,145240.0,31.81
2025-07-24,635.9,655.0,628.1,644.7,300585.0,26.99
2025-07-25,642.0,646.45,630.55,635.05,139234.0,41.45
2025-07-28,646.0,684.5,642.3,669.5,624611.0,19.95
2025-07-29,669.5,686.0,651.3,681.0,292178.0,29.42
2025-07-30,700.0,779.8,690.0,766.2,3543578.0,15.27
2025-07-31,758.05,782.9,743.8,766.2,727658.0,18.03
2025-08-01,760.0,787.9,750.0,756.9,429263.0,22.34
2025-08-04,754.85,786.0,751.2,784.85,443742.0,28.83
2025-08-05,788.75,802.25,756.9,780.9,349258.0,25.93
2025-08-06,781.75,795.0,760.0,784.1,411762.0,35.89
2025-08-07,780.0,793.2,764.1,772.15,291024.0,20.97
2025-08-08,772.15,772.15,750.2,757.65,221165.0,34.58
2025-08-11,752.35,777.9,748.85,775.1,188202.0,33.28
2025-08-12,777.05,782.45,705.2,710.0,359807.0,42.54
2025-08-13,714.4,726.2,699.2,709.65,237706.0,37.78
2025-08-14,714.75,714.75,650.05,654.8,347801.0,49.12
2025-08-18,655.05,666.0,613.85,641.8,473762.0,30.21
2025-08-19,641.8,642.6,617.25,620.6,279160.0,27.41
2025-08-20,617.0,643.45,616.95,635.5,334333.0,22.14
2025-08-21,635.9,642.0,625.0,628.05,149842.0,34.25
2025-08-22,628.8,633.1,609.9,615.35,117342.0,44.29
2025-08-25,614.0,642.95,614.0,618.5,278048.0,33.01
2025-08-26,619.8,627.05,600.2,602.0,129968.0,40.13
2025-08-28,602.0,604.0,576.2,581.45,187196.0,49.68
2025-08-29,577.05,591.9,572.25,574.95,137483.0,44.51
2025-09-01,574.95,596.1,574.95,589.1,123708.0,41.34
2025-09-02,594.9,635.85,588.15,607.9,461068.0,33.23
2025-09-03,607.9,627.9,604.3,618.45,146929.0,53.4
2025-09-04,627.0,634.9,610.0,612.55,118786.0,50.94
2025-09-05,613.0,655.9,613.0,640.1,332047.0,30.02
2025-09-08,646.7,741.0,638.55,701.2,2486707.0,14.28
2025-09-09,703.95,729.45,702.0,713.7,515047.0,30.1
2025-09-10,718.7,754.05,715.0,729.8,539987.0,30.98
2025-09-11,729.45,729.45,706.7,710.65,197132.0,42.74
2025-09-12,710.0,725.65,676.45,687.7,427922.0,32.08
2025-09-15,689.9,691.3,669.0,678.6,270388.0,28.82
2025-09-16,680.9,684.8,661.3,666.85,325848.0,29.55
2025-09-17,665.9,674.55,657.35,669.55,289538.0,27.12
2025-09-18,670.0,685.05,661.1,671.1,295802.0,29.64
2025-09-19,662.0,669.25,659.4,661.5,95839.0,35.12
2025-09-22,661.5,699.0,648.85,671.2,421676.0,27.69
2025-09-23,671.0,673.85,658.2,664.3,134206.0,26.38
2025-09-24,664.0,688.45,661.05,663.7,259738.0,19.9
2025-09-25,663.7,677.0,651.0,662.75,196439.0,20.54
2025-09-26,662.75,667.8,652.6,656.1,225103.0,27.03
2025-09-29,654.0,683.0,650.15,666.5,548953.0,33.33
2025-09-30,666.0,668.2,642.05,655.35,280305.0,37.94
2025-10-01,651.35,677.6,645.4,666.7,248276.0,13.25
2025-10-03,664.5,673.9,660.5,670.1,133329.0,42.0
2025-10-06,673.7,703.35,660.8,665.7,643766.0,15.68
2025-10-07,665.7,669.15,651.0,653.8,234101.0,33.68
2025-10-08,651.5,659.0,643.0,654.2,121878.0,30.84
2025-10-09,658.8,679.0,649.0,662.8,366622.0,15.88
2025-10-10,667.85,675.2,655.0,657.35,132429.0,39.16
2025-10-13,648.0,659.4,645.05,654.8,99999.0,39.55
2025-10-14,651.55,672.6,640.95,646.7,177943.0,46.36
2025-10-15,648.0,665.45,646.75,658.9,195982.0,29.17
2025-10-16,656.05,674.75,656.0,658.4,120501.0,32.74
2025-10-17,651.45,660.9,629.15,633.75,163645.0,46.18
2025-10-20,633.75,635.55,599.2,602.2,618541.0,37.91
2025-10-21,609.7,610.2,593.85,595.6,99425.0,65.74
2025-10-22,609.7,610.2,593.85,595.6,99425.0,65.74
2025-10-23,605.6,605.6,524.05,537.75,1595494.0,24.47
2025-10-24,541.35,551.05,520.1,527.45,513561.0,32.28
2025-10-27,527.45,535.0,515.1,516.6,215328.0,34.89
2025-10-28,523.0,542.95,519.6,534.9,444317.0,25.05
2025-10-29,534.8,544.75,529.15,536.35,204981.0,31.16
2025-10-30,535.7,540.0,519.65,522.7,249606.0,31.72
2025-10-31,526.35,533.75,514.0,524.0,211880.0,31.76
2025-11-03,525.05,566.0,525.0,558.0,478336.0,28.35
2025-11-04,565.0,580.35,544.45,559.3,724114.0,18.71
2025-11-05,565.0,580.35,544.45,559.3,724114.0,18.71
2025-11-06,557.5,558.0,520.1,522.9,336233.0,36.14
2025-11-07,517.1,560.0,513.9,552.85,439001.0,22.89
2025-11-10,549.8,663.4,549.75,656.3,6320316.0,9.6
2025-11-11,650.0,678.0,641.35,670.4,2065281.0,14.36
2025-11-12,665.1,670.15,611.0,615.1,619092.0,20.54
2025-11-13,611.0,614.0,585.1,592.75,293519.0,27.31
2025-11-14,591.0,616.6,585.35,596.85,132278.0,24.33
2025-11-17,602.8,609.0,588.05,605.9,187546.0,21.88
2025-11-18,610.3,680.8,577.0,607.75,2823507.0,9.32
2025-11-19,599.9,635.0,598.1,631.2,547005.0,21.0
2025-11-20,627.0,631.8,605.0,613.2,179271.0,33.04
2025-11-21,604.6,609.1,589.0,594.05,162070.0,35.38
2025-11-24,594.65,599.9,583.6,592.6,204347.0,26.83
2025-11-25,589.05,605.0,585.7,588.5,133860.0,22.95
2025-11-26,593.9,615.05,585.0,591.85,250329.0,22.01
2025-11-27,595.0,608.45,588.2,595.0,160845.0,16.48
2025-11-28,595.0,600.0,589.0,590.05,65487.0,32.7
2025-12-01,592.35,595.0,588.0,590.1,737074.0,84.42
2025-12-02,591.9,607.7,587.75,590.85,1079195.0,83.25
2025-12-03,590.0,597.3,588.0,591.1,65612.0,26.75
2025-12-04,589.7,597.2,586.6,590.65,49048.0,54.6
2025-12-05,588.0,593.4,585.0,590.5,88747.0,53.49
2025-12-08,590.0,605.0,590.0,596.25,333838.0,62.59
2025-12-09,595.95,604.0,590.0,599.15,88727.0,43.48
2025-12-10,600.0,610.05,594.0,597.6,232903.0,50.55
2025-12-11,596.2,607.9,590.0,593.95,1612290.0,62.96
2025-12-12,593.0,600.0,590.15,592.15,96664.0,52.85
2025-12-15,591.95,594.85,582.0,589.7,69961.0,50.06
2025-12-16,587.0,601.15,584.0,594.85,391606.0,76.81
2025-12-17,590.05,596.55,512.0,516.9,1358033.0,27.79
2025-12-18,522.95,530.7,496.25,517.35,605694.0,25.02
2025-12-19,522.75,528.95,509.0,520.95,197427.0,27.36
2025-12-22,523.6,533.1,515.0,518.55,134108.0,38.3
2025-12-23,516.85,520.0,509.0,517.65,119227.0,38.62
2025-12-24,520.0,533.95,517.5,524.1,133945.0,34.77
2025-12-25,520.0,533.95,517.5,524.1,133945.0,34.77
2025-12-26,525.0,526.85,515.8,517.95,88794.0,42.48
2025-12-29,519.95,542.9,518.3,529.2,364657.0,20.41
2025-12-30,523.9,532.25,521.1,527.5,77602.0,38.86
2025-12-31,527.5,542.0,527.5,538.05,79114.0,47.45
2026-01-01,535.0,542.7,532.15,538.8,66108.0,54.52
2026-01-02,539.0,555.55,537.15,552.5,82863.0,55.16
2026-01-05,552.5,565.5,549.1,560.3,93130.0,39.41
2026-01-06,561.95,573.45,556.7,567.5,82927.0,51.44
2026-01-07,560.5,573.0,560.45,567.55,62080.0,47.61
2026-01-08,565.0,571.4,552.0,569.65,107808.0,38.7
2026-01-09,568.15,582.2,567.85,578.0,163269.0,35.71
2026-01-12,575.0,578.0,555.45,561.55,77109.0,30.62
2026-01-13,562.0,569.25,551.1,557.95,38546.0,37.57
2026-01-14,550.25,567.0,545.3,557.0,57959.0,34.51
2026-01-15,550.25,567.0,545.3,557.0,57959.0,34.51
2026-01-16,554.2,566.0,550.2,554.7,22102.0,37.57
2026-01-19,552.8,576.0,540.0,571.65,138296.0,33.52
2026-01-20,571.65,575.25,549.5,551.1,39949.0,33.75
2026-01-21,546.05,554.0,541.1,543.85,52457.0,41.66
2026-01-22,548.0,554.75,535.05,543.35,65263.0,38.48
2026-01-23,543.35,549.0,530.05,535.7,47132.0,45.11
2026-01-26,543.35,549.0,530.05,535.7,47132.0,45.11
2026-01-27,532.0,534.85,520.05,524.15,33959.0,48.66
2026-01-28,523.0,530.65,514.5,524.5,30091.0,42.86
2026-01-29,521.0,526.5,517.0,518.75,24825.0,46.53
2026-01-30,513.1,526.0,509.25,520.15,54863.0,35.85
2026-02-02,513.05,536.1,501.0,521.8,49290.0,47.5
2026-02-03,534.0,565.0,520.0,557.75,155938.0,34.68
2026-02-04,557.75,588.95,550.4,585.85,144810.0,53.11
2026-02-05,555.0,610.0,554.4,597.25,469081.0,29.39
2026-02-06,596.8,599.25,585.1,588.95,113675.0,43.0
2026-02-09,575.0,586.5,553.8,579.5,297202.0,35.94
2026-02-10,585.0,586.2,570.1,574.35,144431.0,59.01
2026-02-11,574.35,593.9,570.8,580.3,170956.0,53.71
2026-02-12,583.25,586.15,573.0,576.85,55293.0,54.1
2026-02-13,570.0,575.6,550.25,555.35,151111.0,60.18
2026-02-16,552.7,554.05,537.8,547.45,90785.0,51.77
2026-02-17,545.0,555.45,545.0,549.95,62678.0,63.06
2026-02-18,553.8,581.9,553.3,578.4,229874.0,37.57
2026-02-19,584.9,584.9,563.5,574.0,92548.0,44.93
2026-02-20,570.1,575.0,562.5,569.15,50926.0,42.74
2026-02-23,569.15,589.0,551.5,558.85,70008.0,42.18
2026-02-24,552.9,560.5,542.3,553.85,56976.0,46.26
2026-02-25,556.0,563.85,550.0,558.7,43808.0,37.73
2026-02-26,562.6,585.3,560.1,583.9,135851.0,37.83
2026-02-27,589.8,589.8,572.6,576.4,51662.0,43.47
2026-03-02,564.85,589.0,552.0,568.25,92525.0,46.47
2026-03-03,564.85,589.0,552.0,568.25,92525.0,46.47
2026-03-04,555.0,561.1,535.15,539.85,78532.0,51.43
2026-03-05,544.9,549.95,536.0,546.7,74004.0,40.52
2026-03-06,545.05,552.65,530.05,535.4,107120.0,41.78
2026-03-09,534.1,534.1,509.8,529.05,104532.0,44.94
2026-03-10,535.0,538.0,526.65,535.55,41903.0,41.46
2026-03-11,538.0,545.3,518.05,522.85,52686.0,39.97
2026-03-12,520.5,584.0,513.0,551.65,614916.0,9.4
2026-03-13,552.0,561.0,533.2,541.05,110390.0,38.45
2026-03-16,541.05,548.05,532.05,537.4,35439.0,35.7
2026-03-17,541.45,554.65,535.4,548.6,34871.0,38.79
2026-03-18,554.1,560.0,542.7,555.85,166116.0,58.77
2026-03-19,550.0,552.65,541.6,548.15,61069.0,49.44
2026-03-20,550.5,563.05,544.85,555.95,90472.0,56.23
2026-03-23,553.0,553.2,530.05,532.2,113379.0,51.75
2026-03-24,551.0,552.5,532.05,536.25,75522.0,56.2
2026-03-25,538.9,553.15,538.0,539.75,46345.0,49.7
2026-03-26,538.9,553.15,538.0,539.75,46345.0,49.7
2026-03-27,535.1,560.4,519.8,542.7,425516.0,57.97
2026-03-30,531.5,570.0,521.0,548.6,286774.0,44.67
2026-03-31,531.5,570.0,521.0,548.6,286774.0,44.67
2026-04-01,569.0,569.1,555.15,562.85,65825.0,27.85
2026-04-02,561.0,561.0,546.05,555.9,36136.0,40.8
2026-04-03,561.0,561.0,546.05,555.9,36136.0,40.8
2026-04-06,558.0,574.95,550.0,564.6,76182.0,40.08
2026-04-07,575.0,659.95,572.05,642.15,28672963.0,3.64
2026-04-08,643.85,712.0,636.6,671.05,30168654.0,5.81
2026-04-09,672.45,694.0,652.75,665.5,7246379.0,5.97
2026-04-10,683.45,683.8,648.9,658.5,1964999.0,9.91
2026-04-13,651.95,692.0,645.0,678.85,2222376.0,10.97
2026-04-14,651.95,692.0,645.0,678.85,2222376.0,10.97
2026-04-15,689.5,814.6,670.5,790.15,21184298.0,5.78
2026-04-16,811.05,948.0,811.05,927.1,51729440.0,4.54
2026-04-17,890.0,925.0,834.4,853.45,17739266.0,6.99
2026-04-20,862.1,900.0,847.15,869.05,7011883.0,8.53
2026-04-21,857.45,879.0,850.0,862.45,1641890.0,11.86
2026-04-22,867.8,899.85,853.9,870.55,1835172.0,9.64
2026-04-23,875.0,885.45,832.75,842.5,747183.0,19.74
2026-04-24,850.0,851.55,817.95,828.7,578590.0,16.33
2026-04-27,835.0,881.5,829.0,872.55,1146279.0,18.78
2026-04-28,876.0,904.25,844.05,852.7,1293190.0,25.92
2026-04-29,860.0,872.0,850.45,866.65,398556.0,23.2
2026-04-30,875.1,885.6,825.0,861.85,809035.0,15.36
2026-05-01,875.1,885.6,825.0,861.85,809035.0,15.36
2026-05-04,869.0,884.65,843.65,872.5,648982.0,20.2
2026-05-05,866.45,895.55,866.45,877.15,557438.0,28.77
2026-05-06,855.0,862.0,831.05,843.5,614928.0,25.9
2026-05-07,849.95,881.95,847.7,866.5,913533.0,17.8
2026-05-08,870.7,889.2,850.65,869.25,539972.0,23.03
2026-05-11,870.0,938.0,856.05,889.25,3027343.0,17.09
2026-05-12,910.0,910.0,803.35,817.1,971772.0,30.31
2026-05-13,817.1,827.0,790.0,797.6,478961.0,26.51
2026-05-14,814.95,816.7,748.25,768.55,599985.0,23.36
2026-05-15,768.55,778.1,740.0,744.9,353939.0,25.2
2026-05-18,722.3,739.25,675.8,689.4,736584.0,30.45
2026-05-19,692.7,696.3,672.2,674.85,201557.0,33.23
2026-05-20,673.9,686.95,650.55,669.85,219343.0,28.7
2026-05-21,678.0,680.2,660.55,666.25,136676.0,42.38
2026-05-22,660.0,699.55,652.05,690.0,584344.0,30.14
2026-05-25,701.0,714.9,696.05,699.5,188033.0,37.52
2026-05-26,715.0,715.0,685.5,689.75,117687.0,45.53
2026-05-27,692.0,700.45,686.5,689.4,82678.0,42.43
2026-05-28,692.0,700.45,686.5,689.4,82678.0,42.43
2026-05-29,696.9,698.95,665.0,669.45,129328.0,54.54
2026-06-01,655.05,668.85,653.0,653.85,93938.0,49.29
2026-06-02,653.85,686.5,638.25,666.5,258158.0,42.48
2026-06-03,670.0,675.0,635.85,642.15,144015.0,48.76
2026-06-04,645.35,665.0,636.25,648.05,144636.0,28.88
2026-06-05,657.95,658.0,642.35,648.9,44452.0,44.87
2026-06-08,643.95,643.95,618.5,621.05,114719.0,56.03
2026-06-09,621.1,638.9,621.1,628.45,110660.0,49.43
2026-06-10,628.5,645.0,627.05,640.8,133944.0,48.02
2026-06-11,644.0,669.6,630.25,652.65,205499.0,34.7
2026-06-12,653.45,671.9,649.35,654.35,128676.0,49.63
2026-06-15,660.0,681.95,658.4,675.05,178022.0,53.39
2026-06-16,677.0,682.0,667.0,679.25,95459.0,55.03
2026-06-17,685.0,713.2,679.8,713.2,294379.0,51.1
2026-06-18,716.75,745.0,709.05,738.8,300058.0,33.16
2026-06-19,742.5,745.95,707.0,713.35,148145.0,52.97
2026-06-22,727.45,749.0,710.0,741.8,260537.0,33.13
2026-06-23,741.8,748.8,726.0,737.6,122300.0,40.35
2026-06-24,732.2,737.9,712.0,714.75,63093.0,56.04
2026-06-25,728.0,735.0,710.0,711.15,37532.0,47.92
2026-06-26,728.0,735.0,710.0,711.15,37532.0,47.92
2026-06-29,700.0,703.95,676.05,685.6,78925.0,50.01
2026-06-30,692.9,698.8,689.1,692.05,38190.0,50.78
2026-07-01,690.0,690.0,677.05,679.75,41130.0,51.69
2026-07-02,676.6,686.0,676.6,679.9,32129.0,59.95
2026-07-03,680.0,709.8,680.0,688.75,86976.0,30.56
2026-07-06,688.5,688.5,661.0,668.55,57841.0,43.68
2026-07-07,674.0,674.0,660.0,663.95,35673.0,62.73
2026-07-08,648.6,662.75,648.6,651.55,23323.0,55.33
2026-07-09,661.5,670.1,652.8,662.8,23804.0,44.91
2026-07-10,669.0,679.0,663.0,667.6,57002.0,46.38
2026-07-13,679.95,700.95,661.0,700.95,160052.0,42.6
2026-07-14,714.0,727.0,675.0,686.05,188662.0,35.37
2026-07-15,693.45,700.45,683.55,688.95,43483.0,41.39
2026-07-16,690.0,695.45,675.2,685.95,28461.0,51.13
2026-07-17,680.0,686.9,651.7,651.7,87901.0,78.66
2026-07-20,635.0,642.5,619.15,620.15,345145.0,54.62
2026-07-21,611.1,620.0,589.15,591.0,376338.0,52.53
2026-07-22,581.0,585.1,561.45,562.3,349002.0,50.02
2026-07-23,550.15,579.9,535.0,537.75,435496.0,41.9
2026-07-24,537.0,549.9,513.1,521.2,652399.0,41.0
2026-07-27,522.1,547.25,522.0,547.25,176732.0,46.16
2026-07-28,555.0,574.6,555.0,574.6,148161.0,44.88
2026-07-29,593.0,603.3,592.85,603.3,49030.0,77.77
2026-07-30,633.45,633.45,582.1,585.35,565227.0,48.03
2026-07-31,587.7,614.6,572.25,614.6,124690.0,59.64
2026-08-03,644.0,644.0,614.0,627.6,358473.0,32.17
2026-08-04,630.0,641.8,617.5,629.2,171014.0,39.96
2026-08-05,628.7,641.65,617.1,624.05,68044.0,47.88
2026-08-06,630.0,632.0,609.55,615.35,73173.0,42.41
2026-08-07,620.0,620.05,603.15,605.5,47899.0,44.12
2026-08-10,592.0,621.0,585.0,591.2,133768.0,42.77
2026-08-11,605.5,607.5,586.05,593.5,85957.0,43.65
2026-08-12,601.9,601.9,588.3,590.7,36891.0,51.59
2026-08-13,598.0,598.0,562.5,573.45,89441.0,73.41
2026-08-14,581.25,590.0,574.05,582.05,80082.0,47.16
2026-08-19,582.0,582.35,571.95,575.7,27956.0,51.72
2026-08-20,585.0,595.0,577.55,582.4,50154.0,42.74
2026-08-21,584.2,599.0,582.0,584.4,58650.0,36.92
2026-08-24,589.6,597.65,576.3,580.25,36877.0,48.57
2026-08-25,579.65,590.0,576.1,581.5,34223.0,45.76
2026-08-26,585.05,588.25,577.55,583.5,29997.0,51.5
2026-08-27,581.0,589.0,573.25,576.85,37534.0,42.36
2026-08-28,579.45,585.85,574.75,577.85,17144.0,55.72
2026-08-31,577.85,578.45,562.5,567.25,49530.0,52.13
2026-09-01,563.0,574.65,547.2,552.8,78899.0,60.13
2026-09-02,552.8,562.0,543.15,555.4,49632.0,45.83
2026-09-03,558.0,576.0,557.95,572.65,58030.0,46.53
