,Open,High,Low,Close,Volume,DeliveryPct
2016-08-22,345.3,350.05,344.65,348.4,68668.0,
2016-08-23,352.65,352.65,340.0,341.5,25375.0,
2016-08-24,342.0,347.4,340.2,341.75,23960.0,
2016-08-25,341.55,344.7,340.2,343.9,18320.0,
2016-08-26,346.45,346.45,340.0,341.25,26406.0,
2016-08-29,344.3,344.3,340.0,341.65,17464.0,
2016-08-30,341.55,363.75,341.55,360.85,208255.0,
2016-08-31,360.85,373.3,360.85,368.85,127152.0,
2016-09-01,368.85,369.8,356.6,359.25,50270.0,
2016-09-02,359.25,371.0,355.5,369.9,59725.0,
2016-09-06,375.0,375.0,361.05,363.6,53119.0,
2016-09-07,363.6,369.8,358.0,359.05,25873.0,
2016-09-08,358.0,374.0,357.95,365.95,350583.0,
2016-09-09,362.0,368.0,357.5,361.7,40000.0,
2016-09-12,358.1,364.8,355.05,356.95,34320.0,
2016-09-14,352.0,363.6,352.0,361.2,29619.0,
2016-09-15,356.05,368.0,356.05,366.85,33353.0,
2016-09-16,369.0,374.2,360.15,364.75,580942.0,
2016-09-19,363.0,367.9,358.8,365.0,27728.0,
2016-09-20,366.8,379.0,366.8,372.35,253694.0,
2016-09-21,370.6,374.8,367.75,371.45,46705.0,
2016-09-22,371.05,387.0,371.05,374.65,219853.0,
2016-09-23,375.0,379.95,367.5,371.75,240660.0,
2016-09-26,370.0,375.0,369.0,370.25,36749.0,
2016-09-27,370.0,374.0,367.25,369.95,209524.0,
2016-09-28,368.1,373.5,368.1,370.2,26544.0,
2016-09-29,370.2,373.5,341.55,350.5,90067.0,
2016-09-30,350.0,359.8,349.95,352.15,44030.0,
2016-10-03,352.95,369.8,352.95,367.1,60100.0,
2016-10-04,372.0,372.0,361.0,367.2,21605.0,
2016-10-05,358.0,374.5,358.0,370.65,37979.0,
2016-10-06,369.05,375.0,368.75,373.2,29412.0,
2016-10-07,375.0,377.6,371.0,376.1,27043.0,
2016-10-10,373.2,385.0,373.2,383.45,59457.0,
2016-10-13,387.85,391.8,372.15,373.95,105782.0,
2016-10-14,371.1,380.0,366.6,370.8,173009.0,
2016-10-17,374.9,379.45,367.5,368.25,43575.0,
2016-10-18,368.25,378.8,368.25,376.45,51514.0,
2016-10-19,377.0,381.0,370.1,373.3,59417.0,
2016-10-20,375.4,387.0,372.0,385.2,91178.0,
2016-10-21,386.5,387.1,378.15,383.3,23572.0,
2016-10-24,383.6,389.0,371.0,373.55,62160.0,
2016-10-25,373.95,375.25,366.0,367.75,26093.0,
2016-10-26,366.2,369.15,359.0,362.15,53702.0,
2016-10-27,363.0,368.45,361.9,365.15,27865.0,
2016-10-28,365.0,374.95,364.7,373.1,28833.0,
2016-11-01,379.0,398.9,372.35,386.7,212685.0,
2016-11-02,388.0,388.0,369.5,370.4,38484.0,
2016-11-03,372.9,373.6,364.0,365.15,25389.0,
2016-11-04,365.0,370.45,348.05,356.85,40119.0,
2016-11-07,364.9,364.95,352.0,355.65,17095.0,
2016-11-08,357.9,364.5,353.0,361.95,18414.0,
2016-11-09,345.0,361.5,336.45,359.45,34698.0,
2016-11-10,360.0,369.35,358.0,362.1,48836.0,
2016-11-11,365.5,365.5,357.85,361.85,51601.0,
2016-11-15,353.25,361.2,350.0,359.5,230435.0,
2016-11-16,361.0,361.0,348.0,351.05,170098.0,
2016-11-17,351.0,362.5,349.9,358.95,33708.0,
2016-11-18,359.85,360.5,345.0,349.9,39366.0,
2016-11-21,361.0,363.9,350.0,355.5,74433.0,
2016-11-22,355.5,363.0,349.75,360.25,76553.0,
2016-11-23,361.0,361.1,354.0,355.05,38922.0,
2016-11-24,354.0,355.05,346.5,347.7,19558.0,
2016-11-25,354.0,362.95,348.15,361.75,220478.0,
2016-11-28,363.75,369.6,353.05,358.2,43804.0,
2016-11-29,358.9,359.85,352.65,354.6,30810.0,
2016-11-30,359.0,368.9,354.4,363.15,64509.0,
2016-12-01,368.85,368.85,350.1,352.55,104398.0,
2016-12-02,351.8,358.4,351.0,356.45,16759.0,
2016-12-05,359.9,366.75,356.5,363.0,56145.0,
2016-12-06,369.85,374.0,363.95,371.9,70976.0,
2016-12-07,377.95,377.95,362.1,364.4,43900.0,
2016-12-08,368.0,379.0,365.0,376.35,58740.0,
2016-12-09,372.1,380.0,366.45,373.75,41614.0,
2016-12-12,369.2,384.0,369.2,374.95,55336.0,
2016-12-13,382.7,382.7,368.0,368.6,24879.0,
2016-12-14,373.9,375.0,368.5,369.65,44064.0,
2016-12-15,371.8,379.9,366.0,367.0,106139.0,
2016-12-16,372.0,374.8,361.45,365.35,60670.0,
2016-12-19,365.0,368.0,362.65,364.9,11897.0,
2016-12-20,368.85,370.5,361.5,363.6,28349.0,
2016-12-21,365.95,370.0,360.0,361.0,54466.0,
2016-12-22,363.0,365.4,359.9,363.65,34559.0,
2016-12-23,362.5,362.7,357.55,358.4,30311.0,
2016-12-26,369.0,369.0,352.0,352.2,24977.0,
2016-12-27,351.75,354.45,347.75,349.95,38508.0,
2016-12-28,351.65,354.8,350.4,353.25,20367.0,
2016-12-29,353.2,365.0,353.2,360.3,28615.0,
2016-12-30,364.2,367.45,361.5,362.95,21710.0,
2017-01-02,366.5,367.4,362.5,366.4,9133.0,
2017-01-03,374.0,374.0,368.05,371.5,42617.0,
2017-01-04,371.5,377.0,362.0,375.35,86202.0,
2017-01-05,376.0,382.7,375.05,381.7,66251.0,
2017-01-06,382.0,386.0,382.0,384.8,62673.0,
2017-01-09,387.95,389.0,383.25,385.25,21486.0,
2017-01-10,385.25,388.35,380.0,385.1,166516.0,
2017-01-11,385.45,387.9,382.15,383.8,46363.0,
2017-01-12,385.0,389.9,384.45,386.65,101896.0,
2017-01-13,388.4,389.5,379.3,382.15,30550.0,
2017-01-16,384.0,388.0,383.0,385.8,27998.0,
2017-01-17,385.0,388.85,381.0,385.05,21161.0,
2017-01-18,386.7,387.85,383.2,386.3,14791.0,
2017-01-19,387.8,404.75,385.9,402.15,572117.0,
2017-01-20,406.2,410.85,385.0,390.05,213744.0,
2017-01-23,385.1,394.5,384.2,386.95,49723.0,
2017-01-24,389.0,401.0,387.6,391.85,49549.0,
2017-01-25,395.0,396.9,390.1,392.05,48367.0,
2017-01-27,392.0,403.0,390.0,399.75,82154.0,
2017-01-30,399.75,404.9,395.25,397.85,39550.0,
2017-01-31,400.0,400.0,385.0,388.65,34487.0,
2017-02-01,394.5,396.8,388.05,395.8,48109.0,
2017-02-02,395.8,400.4,385.1,386.2,55570.0,
2017-02-03,386.2,395.5,380.0,390.35,163134.0,
2017-02-06,384.5,389.95,380.0,387.9,79050.0,
2017-02-07,389.75,389.75,381.1,382.75,55292.0,
2017-02-08,385.45,385.45,373.0,375.85,61408.0,
2017-02-09,372.6,377.75,367.75,368.6,53855.0,
2017-02-10,370.0,374.8,361.5,362.75,68096.0,
2017-02-13,362.75,368.9,355.25,357.55,50768.0,
2017-02-14,356.2,356.2,350.0,353.15,133800.0,
2017-02-15,354.0,359.5,350.05,358.55,33386.0,
2017-02-16,359.7,361.8,352.05,353.75,69239.0,
2017-02-17,359.8,361.0,354.1,359.2,62709.0,
2017-02-20,363.95,370.5,360.95,368.35,79707.0,
2017-02-21,367.7,373.25,367.55,372.4,33278.0,
2017-02-22,375.0,375.85,368.35,371.3,56692.0,
2017-02-23,371.4,372.25,368.25,369.65,40158.0,
2017-02-27,371.25,372.65,365.1,369.8,35128.0,
2017-02-28,372.0,372.0,363.3,370.05,123844.0,
2017-03-01,371.35,375.5,369.9,373.9,61473.0,
2017-03-02,374.2,374.95,371.0,372.45,65209.0,
2017-03-03,370.15,377.0,370.0,374.3,22453.0,
2017-03-06,373.1,374.45,369.0,371.3,41514.0,
2017-03-07,375.0,376.9,369.9,374.85,41797.0,
2017-03-08,378.5,378.5,371.0,374.7,21662.0,
2017-03-09,375.75,375.75,370.0,370.1,41408.0,
2017-03-10,365.15,374.5,365.15,371.35,30951.0,
2017-03-14,374.95,378.95,371.3,374.35,44936.0,
2017-03-15,375.45,378.25,370.15,376.05,29843.0,
2017-03-16,376.05,395.6,376.05,393.45,285692.0,
2017-03-17,393.0,393.0,383.8,388.3,136473.0,
2017-03-20,389.85,412.65,389.0,399.9,426455.0,
2017-03-21,401.0,403.45,396.0,398.05,102253.0,
2017-03-22,394.0,399.4,379.9,380.8,575341.0,
2017-03-23,383.8,394.8,380.8,382.15,190855.0,
2017-03-24,383.95,390.45,382.6,388.85,57442.0,
2017-03-27,386.0,394.65,386.0,391.95,54970.0,
2017-03-28,393.95,409.95,390.35,400.0,402927.0,
2017-03-29,404.65,408.1,398.1,402.3,138738.0,
2017-03-30,404.5,406.35,400.55,404.35,56546.0,
2017-03-31,409.0,436.55,409.0,417.0,688910.0,
2017-04-03,417.0,432.0,416.5,430.05,643455.0,
2017-04-05,430.0,436.4,425.05,426.95,205904.0,
2017-04-06,425.9,428.0,414.1,420.1,157318.0,
2017-04-07,418.5,438.5,418.5,421.65,461220.0,
2017-04-10,426.4,446.9,422.0,438.1,673352.0,
2017-04-11,440.0,442.9,429.0,433.8,195148.0,
2017-04-12,428.05,435.25,418.0,424.3,245360.0,
2017-04-13,424.9,434.9,420.15,422.65,123332.0,
2017-04-17,422.9,434.75,420.5,431.75,101533.0,
2017-04-18,432.25,442.15,421.5,424.2,200105.0,
2017-04-19,429.9,471.7,427.4,452.8,1230966.0,
2017-04-20,457.4,464.0,450.0,457.4,482848.0,
2017-04-21,461.65,477.5,454.0,468.2,552567.0,
2017-04-24,470.1,474.95,451.2,454.2,281161.0,
2017-04-25,452.5,457.9,446.2,447.65,173977.0,
2017-04-26,444.1,454.35,438.15,440.8,256068.0,
2017-04-27,441.25,447.65,437.15,439.8,82632.0,
2017-04-28,443.7,446.8,437.55,439.9,202560.0,
2017-05-02,440.5,443.5,436.45,441.35,108233.0,
2017-05-03,442.0,442.05,434.55,436.5,76285.0,
2017-05-04,438.8,444.95,437.35,441.45,134368.0,
2017-05-05,444.7,444.7,426.0,427.3,139954.0,
2017-05-08,419.0,420.95,401.5,414.9,286839.0,
2017-05-09,408.15,418.5,408.15,412.5,110395.0,
2017-05-10,412.0,430.0,410.45,422.6,235205.0,
2017-05-11,421.95,422.55,413.1,417.3,74378.0,
2017-05-12,414.05,431.0,408.05,426.7,203903.0,
2017-05-15,428.95,432.7,424.05,426.85,146438.0,
2017-05-16,430.5,430.5,422.5,424.15,48808.0,
2017-05-17,418.1,423.45,418.1,420.0,65807.0,
2017-05-18,415.0,420.25,410.0,412.0,105030.0,
2017-05-19,413.0,418.75,409.05,411.0,101076.0,
2017-05-22,410.0,412.5,402.2,410.25,71118.0,
2017-05-23,406.15,407.85,399.25,401.95,81465.0,
2017-05-24,405.95,405.95,381.0,383.05,146646.0,
2017-05-25,384.85,403.65,383.0,401.0,79733.0,
2017-05-26,407.7,407.7,392.0,395.0,76832.0,
2017-05-29,398.9,400.45,389.95,393.7,44573.0,
2017-05-30,393.5,394.95,389.95,391.7,47524.0,
2017-05-31,390.0,402.0,390.0,392.9,107477.0,
2017-06-01,389.0,397.0,389.0,393.4,61068.0,
2017-06-02,396.95,419.8,391.25,416.85,189349.0,
2017-06-05,416.9,425.25,399.65,404.85,97318.0,
2017-06-06,403.4,403.9,395.0,397.2,41817.0,
2017-06-07,396.5,396.85,390.0,390.75,64122.0,
2017-06-08,392.0,392.75,383.0,385.1,176211.0,
2017-06-09,382.0,388.5,374.15,386.4,167277.0,
2017-06-12,386.0,392.5,380.5,386.7,77032.0,
2017-06-13,387.0,396.8,387.0,394.3,74416.0,
2017-06-14,394.3,402.5,394.3,400.3,79824.0,
2017-06-15,415.0,418.0,401.0,405.35,238229.0,
2017-06-16,405.2,408.75,399.75,404.8,98499.0,
2017-06-19,416.2,416.2,400.0,401.05,123956.0,
2017-06-20,404.8,404.8,399.75,400.3,76066.0,
2017-06-21,401.8,406.0,396.0,403.45,79534.0,
2017-06-22,400.3,404.25,393.95,396.7,69515.0,
2017-06-23,396.35,400.7,392.6,396.65,95593.0,
2017-06-27,398.0,401.6,391.65,397.75,90131.0,
2017-06-28,398.9,398.9,394.55,396.15,56301.0,
2017-06-29,399.0,402.15,396.25,399.05,108926.0,
2017-06-30,391.0,409.0,391.0,406.3,52012.0,
2017-07-03,405.0,419.5,405.0,415.55,103610.0,
2017-07-04,413.8,415.05,404.0,412.0,162912.0,
2017-07-05,412.0,418.0,409.25,411.25,239375.0,
2017-07-06,414.8,414.8,408.55,412.35,160673.0,
2017-07-07,406.5,415.0,406.5,413.15,24395.0,
2017-07-10,414.0,420.5,400.05,419.15,19827.0,
2017-07-11,416.0,425.0,409.25,412.35,110626.0,
2017-07-12,412.35,416.7,410.75,413.2,31790.0,
2017-07-13,408.0,422.75,408.0,413.65,138746.0,
2017-07-14,410.0,419.5,407.5,409.25,91901.0,
2017-07-17,410.9,412.0,402.55,408.0,42281.0,
2017-07-18,407.75,410.5,401.0,407.3,132381.0,
2017-07-19,410.0,414.5,406.0,408.3,69041.0,
2017-07-20,407.0,409.5,405.5,407.35,28812.0,
2017-07-21,403.1,410.0,403.0,404.15,55600.0,
2017-07-24,404.85,410.9,403.5,405.7,29730.0,
2017-07-25,406.0,406.0,401.6,403.1,53849.0,
2017-07-26,403.05,403.5,395.25,399.15,53215.0,
2017-07-27,399.05,399.05,393.2,395.75,89264.0,
2017-07-28,396.0,397.0,392.5,393.05,29402.0,
2017-07-31,393.3,399.0,392.0,397.6,47231.0,
2017-08-01,398.25,399.9,392.3,394.85,32407.0,
2017-08-02,388.75,395.5,386.3,388.95,665550.0,
2017-08-03,389.9,390.25,383.1,387.95,49102.0,
2017-08-04,388.85,397.35,384.95,386.4,23434.0,
2017-08-07,385.5,391.0,383.1,385.2,34805.0,
2017-08-08,385.0,396.55,385.0,387.7,66549.0,
2017-08-09,386.2,391.0,385.25,388.0,76494.0,
2017-08-10,381.05,390.4,363.1,375.3,457358.0,
2017-08-11,370.0,372.0,361.1,368.25,57205.0,
2017-08-14,363.05,385.0,363.05,382.0,143259.0,
2017-08-16,381.0,383.85,374.15,377.0,41371.0,
2017-08-17,378.9,393.95,378.9,389.85,425500.0,
2017-08-18,388.0,388.0,377.65,385.85,44263.0,
2017-08-21,395.0,395.0,386.0,390.55,44246.0,
2017-08-22,390.55,391.9,384.0,389.9,44926.0,
2017-08-23,390.0,392.05,387.55,388.9,36748.0,
2017-08-24,390.0,390.0,385.6,389.5,21241.0,
2017-08-28,385.5,391.8,385.5,390.65,55655.0,
2017-08-29,395.0,396.95,382.0,387.1,41014.0,
2017-08-30,389.0,394.4,385.0,388.75,59828.0,
2017-08-31,392.45,401.85,387.5,398.75,81139.0,
2017-09-01,398.0,402.0,393.55,397.3,40799.0,
2017-09-04,403.0,405.75,396.5,401.05,47913.0,
2017-09-05,400.0,401.9,390.4,392.1,22165.0,
2017-09-06,392.1,395.5,388.5,394.15,25972.0,
2017-09-07,391.8,394.95,388.0,389.0,18756.0,
2017-09-08,388.0,423.8,386.15,420.8,444097.0,
2017-09-11,425.0,425.85,407.5,410.9,195844.0,
2017-09-12,413.45,423.5,413.4,420.5,200968.0,
2017-09-13,426.0,427.0,412.45,414.2,112664.0,
2017-09-14,416.3,419.0,411.6,413.45,65590.0,
2017-09-15,414.45,429.5,398.8,416.2,438466.0,
2017-09-18,408.6,417.25,396.0,398.45,207476.0,
2017-09-19,399.95,406.35,391.8,393.6,104095.0,
2017-09-20,394.95,399.45,394.0,396.55,43037.0,
2017-09-21,397.5,397.5,387.45,392.8,50381.0,
2017-09-22,391.05,394.5,382.0,382.7,43688.0,
2017-09-25,385.0,386.0,375.0,380.85,52998.0,
2017-09-26,384.7,389.4,380.85,385.15,84039.0,
2017-09-27,390.0,390.1,371.0,373.8,39810.0,
2017-09-28,373.8,379.0,370.5,375.45,29118.0,
2017-09-29,375.45,389.55,375.45,385.9,41535.0,
2017-10-03,386.05,394.8,385.9,387.4,59564.0,
2017-10-04,387.4,391.9,382.5,383.75,24157.0,
2017-10-05,380.3,385.8,380.3,383.3,32389.0,
2017-10-06,385.9,388.95,379.25,382.2,23105.0,
2017-10-09,382.0,387.5,378.5,385.95,22830.0,
2017-10-10,387.0,389.8,385.0,388.05,39704.0,
2017-10-11,388.0,390.0,384.0,385.15,49618.0,
2017-10-12,381.15,388.05,381.15,386.2,31945.0,
2017-10-13,385.5,395.0,385.2,392.65,70128.0,
2017-10-16,395.95,395.95,390.5,392.1,28373.0,
2017-10-17,388.8,412.0,388.0,400.25,228961.0,
2017-10-18,400.5,412.0,392.5,395.65,121355.0,
2017-10-19,396.05,404.35,395.0,401.75,34003.0,
2017-10-23,402.75,405.0,390.6,392.7,48103.0,
2017-10-24,394.0,396.9,388.25,392.15,50526.0,
2017-10-25,395.0,395.5,388.0,392.0,399363.0,
2017-10-26,393.0,393.0,386.1,387.5,81836.0,
2017-10-27,390.0,396.7,379.3,380.1,105424.0,
2017-10-30,382.0,390.0,382.0,387.35,272874.0,
2017-10-31,387.0,394.35,382.5,390.6,52137.0,
2017-11-01,390.05,397.5,385.5,387.25,49847.0,
2017-11-02,389.9,395.0,383.0,386.6,38618.0,
2017-11-03,387.7,408.9,387.7,401.9,338639.0,
2017-11-06,403.8,413.0,401.1,404.7,147961.0,
2017-11-07,406.0,408.0,392.0,393.65,47575.0,
2017-11-08,395.0,399.0,385.0,387.7,39245.0,
2017-11-09,388.0,391.5,387.0,389.05,26827.0,
2017-11-10,388.55,393.5,376.6,387.3,153974.0,
2017-11-13,380.0,380.05,368.0,372.6,85741.0,
2017-11-14,373.8,375.5,365.6,367.75,103684.0,
2017-11-15,367.75,371.0,363.5,367.95,83411.0,
2017-11-16,367.95,374.1,367.2,372.85,128023.0,
2017-11-17,374.0,382.0,369.6,370.85,42071.0,
2017-11-20,374.0,376.5,368.0,375.3,87903.0,
2017-11-21,375.0,385.0,374.1,384.35,142331.0,
2017-11-22,386.0,389.15,377.15,382.5,23109.0,
2017-11-23,386.4,390.5,383.0,384.1,59593.0,
2017-11-24,387.9,392.6,383.0,387.75,58625.0,
2017-11-27,389.0,389.9,383.55,388.85,25573.0,
2017-11-28,388.9,394.0,385.0,391.95,113672.0,
2017-11-29,390.05,391.95,389.95,390.35,29294.0,
2017-11-30,384.0,403.0,384.0,399.05,80667.0,
2017-12-01,400.0,403.0,394.5,396.35,54168.0,
2017-12-04,394.8,403.0,390.0,397.5,161519.0,
2017-12-05,392.25,402.5,391.25,397.85,162594.0,
2017-12-06,395.0,399.5,390.05,391.85,209525.0,
2017-12-07,390.0,395.0,389.5,392.15,77614.0,
2017-12-08,394.65,395.0,390.6,394.7,86797.0,
2017-12-11,396.0,397.0,386.0,387.85,23230.0,
2017-12-12,387.1,391.25,385.0,389.0,80587.0,
2017-12-13,390.0,392.85,388.05,389.2,44372.0,
2017-12-14,390.0,390.0,385.25,386.45,47218.0,
2017-12-15,387.0,402.0,387.0,399.25,323977.0,
2017-12-18,393.0,397.95,386.0,391.1,29809.0,
2017-12-19,388.5,400.0,388.5,396.0,45540.0,
2017-12-20,393.0,398.05,388.6,389.45,44071.0,
2017-12-21,390.8,393.25,387.0,388.8,63346.0,
2017-12-22,392.0,395.0,388.8,391.5,50303.0,
2017-12-26,394.0,404.0,391.1,402.55,61673.0,
2017-12-27,402.7,413.0,399.5,403.25,161429.0,
2017-12-28,405.05,408.95,401.5,404.2,39394.0,
2017-12-29,402.7,406.5,398.65,399.35,74227.0,
2018-01-01,399.0,405.9,398.0,403.65,113210.0,
2018-01-02,407.65,407.65,398.05,401.05,32076.0,
2018-01-03,402.0,406.0,399.55,404.9,94826.0,
2018-01-04,407.0,414.3,404.1,407.5,92719.0,
2018-01-05,406.0,413.5,406.0,411.65,75103.0,
2018-01-08,412.0,414.0,407.0,410.15,36370.0,
2018-01-09,412.0,428.0,408.0,425.05,226328.0,
2018-01-10,428.0,470.0,421.0,465.85,1093324.0,
2018-01-11,467.15,474.4,451.2,454.75,489896.0,
2018-01-12,457.5,468.0,446.95,456.25,299610.0,
2018-01-15,454.95,457.4,439.0,444.0,114767.0,
2018-01-16,449.9,454.5,435.5,438.15,94214.0,
2018-01-17,435.0,439.95,428.0,438.55,76137.0,
2018-01-18,437.85,485.0,435.25,446.65,757724.0,
2018-01-19,450.75,460.0,440.8,450.95,118309.0,
2018-01-22,458.8,463.0,451.4,457.35,83683.0,
2018-01-23,457.35,458.55,433.5,436.35,81741.0,
2018-01-24,437.0,441.95,428.25,429.75,65107.0,
2018-01-25,437.9,437.9,413.1,414.9,99649.0,
2018-01-29,427.0,427.0,403.1,406.55,56559.0,
2018-01-30,406.0,406.55,400.1,403.8,116142.0,
2018-01-31,401.0,408.7,399.6,401.25,35892.0,
2018-02-01,402.4,403.0,394.0,396.95,41019.0,
2018-02-02,394.2,394.2,379.0,380.25,84483.0,
2018-02-05,379.0,389.65,371.7,386.95,45294.0,
2018-02-06,377.0,385.5,370.0,383.6,30208.0,
2018-02-07,386.0,398.25,383.0,387.25,56398.0,
2018-02-08,390.0,393.0,387.4,389.25,21507.0,
2018-02-09,387.0,398.0,382.6,395.15,32054.0,
2018-02-12,390.6,406.0,380.0,389.1,165088.0,
2018-02-14,395.0,402.8,389.25,398.15,375932.0,
2018-02-15,398.15,403.0,395.0,397.25,479482.0,
2018-02-16,400.0,400.2,387.5,390.1,55233.0,
2018-02-19,392.45,398.0,381.3,383.35,48030.0,
2018-02-20,382.2,395.8,381.55,384.85,98335.0,
2018-02-21,388.65,391.95,383.8,390.45,541511.0,
2018-02-22,390.45,390.45,383.0,383.75,16192.0,
2018-02-23,387.0,387.0,378.5,379.35,34772.0,
2018-02-26,378.5,379.65,370.4,371.55,99443.0,
2018-02-27,372.0,374.45,368.0,371.3,43344.0,
2018-02-28,370.0,370.95,363.2,365.6,311726.0,
2018-03-01,365.6,368.5,365.0,365.15,254701.0,
2018-03-05,366.9,366.9,357.0,360.5,263293.0,
2018-03-06,362.3,363.85,355.0,355.9,25374.0,
2018-03-07,356.0,359.5,350.4,355.3,28154.0,
2018-03-08,355.3,359.85,352.0,356.45,25982.0,
2018-03-09,357.05,358.8,350.0,351.9,25870.0,
2018-03-12,352.05,357.1,350.5,355.05,30112.0,
2018-03-13,356.0,361.75,352.5,359.05,32677.0,
2018-03-14,359.05,366.6,354.95,359.75,59395.0,
2018-03-15,363.25,363.25,356.25,357.4,484752.0,
2018-03-16,355.25,355.45,346.0,350.05,200009.0,
2018-03-19,354.0,354.0,344.1,347.7,198194.0,
2018-03-20,348.95,350.65,344.5,347.85,531487.0,
2018-03-21,347.85,349.9,344.05,345.05,105385.0,
2018-03-22,348.45,348.45,339.95,341.0,147082.0,
2018-03-23,340.95,340.95,330.3,332.1,41135.0,
2018-03-26,335.0,335.0,327.05,330.1,54619.0,
2018-03-27,335.0,338.0,330.0,331.8,36975.0,
2018-03-28,332.2,336.8,330.0,330.2,44379.0,
2018-04-02,332.0,332.0,327.5,328.7,28343.0,
2018-04-03,331.3,331.3,326.0,328.7,110989.0,
2018-04-04,328.5,333.7,326.15,327.35,59903.0,
2018-04-05,330.0,335.0,330.0,333.55,30193.0,
2018-04-06,334.0,343.1,334.0,340.3,45634.0,
2018-04-09,345.0,345.0,336.3,340.75,56948.0,
2018-04-10,340.8,345.0,337.3,339.1,41589.0,
2018-04-11,343.0,343.0,338.0,341.55,33489.0,
2018-04-12,341.3,350.9,340.1,348.95,89616.0,
2018-04-13,349.9,354.4,341.0,341.45,51782.0,
2018-04-16,340.0,348.0,340.0,343.6,40062.0,
2018-04-17,345.0,345.1,341.0,341.55,9010.0,
2018-04-18,343.1,344.3,331.2,332.65,78651.0,
2018-04-19,333.1,349.9,333.1,347.8,60857.0,
2018-04-20,342.1,355.5,340.6,353.95,100168.0,
2018-04-23,351.0,391.25,350.2,377.55,249257.0,
2018-04-24,379.7,383.5,370.55,379.7,90328.0,
2018-04-25,375.0,382.0,370.0,372.6,54782.0,
2018-04-26,371.65,379.45,366.05,372.1,53513.0,
2018-04-27,371.1,374.35,355.0,363.15,82727.0,
2018-04-30,362.9,373.9,362.9,367.25,36728.0,
2018-05-02,361.5,367.6,356.1,359.05,37252.0,
2018-05-03,360.0,360.75,354.0,356.2,27611.0,
2018-05-04,355.15,358.2,345.25,346.85,115845.0,
2018-05-07,339.0,353.75,331.25,348.55,178245.0,
2018-05-08,345.1,347.4,340.5,345.85,31784.0,
2018-05-09,344.55,351.0,341.6,348.4,51705.0,
2018-05-10,349.0,354.9,346.15,351.15,20683.0,
2018-05-11,352.8,366.9,351.2,360.8,94367.0,
2018-05-14,350.25,364.9,350.25,362.9,40701.0,
2018-05-15,362.5,362.5,350.0,350.3,18711.0,
2018-05-16,350.75,353.4,346.25,349.35,24219.0,
2018-05-17,342.2,351.0,342.2,343.6,20089.0,
2018-05-18,343.25,349.4,339.05,344.4,38541.0,
2018-05-21,341.85,347.7,330.0,330.45,21855.0,
2018-05-22,330.05,339.5,325.5,335.6,16829.0,
2018-05-23,339.5,339.5,332.1,333.7,22729.0,
2018-05-24,334.1,336.0,329.0,329.75,12880.0,
2018-05-25,329.85,332.75,326.05,329.1,19875.0,
2018-05-28,337.9,342.7,329.0,335.8,17286.0,
2018-05-29,332.0,341.55,332.0,336.9,16937.0,
2018-05-30,338.95,338.95,330.8,331.55,11058.0,
2018-05-31,334.25,336.0,326.3,328.8,24675.0,
2018-06-01,328.35,335.5,327.0,328.35,7388.0,
2018-06-04,331.35,331.35,327.5,328.75,5202.0,
2018-06-05,331.8,334.0,314.4,316.05,41032.0,
2018-06-06,316.0,316.25,306.1,308.1,32636.0,
2018-06-07,308.0,322.0,308.0,318.2,19857.0,
2018-06-08,320.0,324.85,316.1,321.25,33699.0,
2018-06-11,326.9,326.9,318.05,320.55,16254.0,
2018-06-12,320.55,322.0,318.15,320.45,10933.0,
2018-06-13,319.95,321.5,318.05,319.1,9871.0,
2018-06-14,317.0,318.75,313.25,316.6,15196.0,
2018-06-15,319.5,321.5,316.5,319.05,23473.0,
2018-06-18,321.95,326.4,313.15,324.75,19168.0,
2018-06-19,325.5,325.55,315.2,317.55,13281.0,
2018-06-20,317.0,321.35,314.5,315.3,10873.0,
2018-06-21,319.85,319.85,309.6,310.85,44502.0,
2018-06-22,311.6,318.5,306.0,306.8,26177.0,
2018-06-25,308.7,309.85,301.7,303.95,22479.0,
2018-06-26,305.0,305.0,300.1,300.95,9588.0,
2018-06-27,300.0,301.6,290.1,292.25,17051.0,
2018-06-28,290.0,290.0,278.5,280.05,37888.0,
2018-06-29,280.5,283.0,277.95,281.9,36869.0,
2018-07-02,288.0,288.7,272.5,275.2,24731.0,
2018-07-03,277.95,277.95,270.0,271.55,50066.0,
2018-07-04,271.95,272.6,267.0,267.8,23251.0,
2018-07-05,270.0,278.95,268.15,269.95,42717.0,
2018-07-06,272.8,276.5,270.6,273.7,27805.0,
2018-07-09,274.85,274.85,270.05,270.55,29035.0,
2018-07-10,270.0,274.7,270.0,271.0,38320.0,
2018-07-11,271.5,273.7,270.0,270.65,25465.0,
2018-07-12,271.0,280.0,271.0,275.9,29056.0,
2018-07-13,276.0,279.6,270.15,271.15,12729.0,
2018-07-16,281.0,281.0,267.0,269.2,49848.0,
2018-07-17,269.2,274.0,269.2,272.3,19429.0,
2018-07-18,274.0,274.95,269.95,270.3,15038.0,
2018-07-19,270.3,273.4,269.9,270.35,17979.0,
2018-07-20,270.05,273.0,270.05,271.5,30684.0,
2018-07-23,271.5,281.0,271.2,278.0,20810.0,
2018-07-24,285.7,294.0,276.9,289.5,68940.0,
2018-07-25,289.5,294.0,289.5,292.25,13089.0,
2018-07-26,292.0,296.4,289.0,294.1,19602.0,
2018-07-27,298.4,303.4,289.55,298.4,44229.0,
2018-07-30,302.95,304.0,299.45,301.4,53818.0,
2018-07-31,301.4,303.75,298.7,301.95,17779.0,
2018-08-01,301.0,308.75,301.0,306.15,26146.0,
2018-08-02,298.0,303.5,296.4,301.85,24322.0,
2018-08-03,301.35,329.4,300.7,323.2,195537.0,
2018-08-06,327.8,327.8,305.25,307.4,65522.0,
2018-08-07,306.5,309.9,302.8,306.65,14610.0,
2018-08-08,305.0,322.5,305.0,320.4,45893.0,
2018-08-09,322.4,325.0,319.1,321.5,16131.0,
2018-08-10,323.0,333.0,308.1,327.35,240156.0,
2018-08-13,322.0,324.65,308.05,313.35,37809.0,
2018-08-14,308.1,315.0,308.0,312.0,141148.0,
2018-08-16,311.0,312.7,292.05,299.1,41397.0,
2018-08-17,300.9,307.9,300.9,303.1,28540.0,
2018-08-20,305.0,305.0,280.35,284.55,80672.0,
2018-08-21,286.0,298.0,280.0,293.5,90812.0,
2018-08-23,293.5,298.2,293.35,297.0,24450.0,
2018-08-24,297.0,297.0,287.5,288.0,61780.0,
2018-08-27,290.35,297.55,290.0,296.5,31224.0,
2018-08-28,298.3,300.0,296.5,297.8,120381.0,
2018-08-29,300.0,300.0,292.4,294.95,20444.0,
2018-08-30,293.0,303.0,293.0,301.9,18266.0,
2018-08-31,303.0,306.0,300.5,304.8,78179.0,
2018-09-03,309.0,309.0,303.8,304.65,39190.0,
2018-09-04,307.5,307.5,298.0,301.0,34331.0,
2018-09-05,300.0,302.4,297.5,299.2,21626.0,
2018-09-06,299.2,309.25,298.6,308.35,43278.0,
2018-09-07,308.0,308.25,301.75,303.65,38100.0,
2018-09-10,305.5,305.5,295.0,296.2,64026.0,
2018-09-11,298.6,298.6,291.55,295.9,58162.0,
2018-09-12,294.1,298.85,291.5,295.9,62471.0,
2018-09-14,297.0,298.85,292.3,294.45,14812.0,
2018-09-17,292.6,298.5,292.6,297.8,23767.0,
2018-09-18,292.05,300.0,292.05,295.45,39261.0,
2018-09-19,295.0,309.0,295.0,307.05,61912.0,
2018-09-21,305.9,312.0,294.4,301.25,831565.0,
2018-09-24,302.0,302.0,286.05,287.1,39002.0,
2018-09-25,289.4,293.0,286.95,289.1,25413.0,
2018-09-26,286.0,289.7,278.0,279.4,25074.0,
2018-09-27,284.2,289.0,281.1,284.5,34654.0,
2018-09-28,281.05,296.8,276.35,287.7,63554.0,
2018-10-01,287.7,287.7,276.15,280.15,26191.0,
2018-10-03,276.25,285.5,276.25,280.1,22063.0,
2018-10-04,280.0,285.1,277.95,282.15,79654.0,
2018-10-05,283.8,287.5,280.65,284.45,44445.0,
2018-10-08,282.0,287.2,271.5,283.35,67323.0,
2018-10-09,282.65,301.0,280.75,298.55,53394.0,
2018-10-10,297.0,344.7,297.0,324.0,261958.0,
2018-10-11,295.0,321.95,295.0,314.8,101762.0,
2018-10-12,320.0,320.0,295.85,297.15,128080.0,
2018-10-15,299.4,300.4,288.4,291.05,42987.0,
2018-10-16,292.8,293.5,283.5,285.75,48315.0,
2018-10-17,285.7,288.45,282.5,283.05,12285.0,
2018-10-19,286.45,291.3,277.5,279.45,160270.0,
2018-10-22,280.3,284.85,274.85,275.0,23524.0,
2018-10-23,276.0,279.95,272.7,278.0,35846.0,
2018-10-24,283.0,298.0,279.2,294.15,310081.0,
2018-10-25,292.75,301.5,285.1,287.5,39094.0,
2018-10-26,287.5,300.5,284.45,297.0,749828.0,
2018-10-29,299.0,304.5,295.3,301.75,522542.0,
2018-10-30,304.75,317.4,299.75,307.6,384341.0,
2018-10-31,310.1,321.0,300.55,313.25,89764.0,
2018-11-01,311.7,313.0,305.05,308.6,27702.0,
2018-11-02,310.85,322.45,305.0,310.8,131396.0,
2018-11-05,315.95,315.95,304.05,307.75,351402.0,
2018-11-06,307.75,308.25,294.05,299.25,23365.0,
2018-11-07,302.45,308.8,299.95,306.3,6089.0,
2018-11-09,307.0,307.1,295.55,296.25,26286.0,
2018-11-12,300.0,300.0,286.5,292.8,217455.0,
2018-11-13,291.6,294.85,288.8,290.8,48419.0,
2018-11-14,293.65,293.65,282.4,283.75,62029.0,
2018-11-15,284.0,285.0,278.45,283.1,109143.0,
2018-11-16,280.25,284.5,276.0,280.4,89479.0,
2018-11-19,280.4,282.05,278.0,281.45,17123.0,
2018-11-20,293.0,293.0,282.05,286.45,18860.0,
2018-11-21,285.0,285.95,282.0,283.45,38367.0,
2018-11-22,286.25,286.25,282.25,285.1,19966.0,
2018-11-26,285.4,286.8,276.2,278.9,41080.0,
2018-11-27,281.65,296.7,281.65,287.4,145862.0,
2018-11-28,286.75,289.7,281.75,284.95,358106.0,
2018-11-29,284.05,286.75,284.0,284.45,120973.0,
2018-11-30,284.5,289.95,282.05,284.15,82699.0,
2018-12-03,285.0,287.9,283.0,286.3,124919.0,
2018-12-04,287.3,296.0,286.85,292.75,40260.0,
2018-12-05,288.0,298.85,288.0,291.65,126443.0,
2018-12-06,291.65,305.0,290.1,301.75,89976.0,
2018-12-07,301.45,306.7,297.6,305.05,59738.0,
2018-12-10,297.55,307.05,297.55,305.5,88022.0,
2018-12-11,303.6,313.5,301.7,311.9,37141.0,
2018-12-12,314.95,329.9,310.9,328.55,120184.0,
2018-12-13,328.55,346.25,325.0,340.95,362892.0,
2018-12-14,340.0,353.25,336.4,348.75,355674.0,
2018-12-17,344.75,350.0,331.0,343.4,94271.0,
2018-12-18,344.2,349.85,340.6,343.8,36316.0,
2018-12-19,350.0,354.0,346.0,348.6,631232.0,
2018-12-20,350.45,350.5,338.0,339.45,49347.0,
2018-12-21,340.8,340.8,325.5,329.75,96939.0,
2018-12-24,332.9,332.9,315.7,317.25,133541.0,
2018-12-26,315.3,322.0,308.0,319.15,54854.0,
2018-12-27,318.0,321.85,311.0,312.15,24676.0,
2018-12-28,312.0,314.5,308.9,309.85,15072.0,
2018-12-31,311.8,318.5,310.7,315.75,26523.0,
2019-01-01,315.8,318.45,313.5,314.35,5539.0,
2019-01-02,314.95,333.0,311.1,319.95,100094.0,
2019-01-03,318.0,319.75,315.95,317.75,24060.0,
2019-01-04,319.45,322.5,310.1,319.45,29284.0,
2019-01-07,319.5,319.5,308.35,309.3,42004.0,
2019-01-08,310.5,321.95,305.1,315.25,52671.0,
2019-01-09,317.2,319.9,313.3,317.45,19698.0,
2019-01-10,318.0,329.9,315.5,324.95,333913.0,
2019-01-11,324.95,329.25,320.0,320.95,46930.0,
2019-01-14,316.45,324.5,315.0,315.45,39633.0,
2019-01-15,316.3,321.9,314.65,315.95,33257.0,
2019-01-16,317.9,317.9,303.0,305.05,59288.0,
2019-01-17,306.9,314.9,306.0,308.55,86392.0,
2019-01-18,308.7,309.55,301.0,306.0,16776.0,
2019-01-21,307.9,315.5,306.05,310.5,35748.0,
2019-01-22,310.55,310.55,295.5,297.9,82717.0,
2019-01-23,299.7,301.65,289.7,290.7,49117.0,
2019-01-24,295.45,295.45,284.25,291.05,51863.0,
2019-01-25,292.5,299.0,288.1,289.9,23991.0,
2019-01-28,292.45,292.5,282.5,283.65,23007.0,
2019-01-29,285.25,285.35,280.5,280.85,13837.0,
2019-01-30,280.5,306.25,280.5,302.25,52434.0,
2019-01-31,295.55,306.9,290.1,302.75,48777.0,
2019-02-01,299.3,302.0,299.3,300.45,58638.0,
2019-02-04,300.0,305.5,290.2,300.1,56684.0,
2019-02-05,298.2,302.35,291.1,292.65,19766.0,
2019-02-06,298.2,303.6,290.05,299.7,72767.0,
2019-02-07,297.9,312.0,295.0,303.2,36392.0,
2019-02-08,305.4,306.1,295.5,296.6,77139.0,
2019-02-11,301.0,301.0,280.1,283.95,80123.0,
2019-02-12,289.85,295.9,275.1,281.0,94784.0,
2019-02-13,282.7,283.25,278.95,279.6,11201.0,
2019-02-14,278.9,279.95,271.3,273.3,32915.0,
2019-02-15,273.0,274.3,256.15,261.4,65868.0,
2019-02-18,268.0,273.95,255.1,259.7,34163.0,
2019-02-19,258.2,270.0,257.55,269.0,50704.0,
2019-02-20,271.95,276.9,263.1,273.9,474160.0,
2019-02-21,275.0,285.5,275.0,281.55,99927.0,
2019-02-22,284.4,284.5,280.0,280.8,28718.0,
2019-02-25,279.4,282.5,273.0,279.55,27948.0,
2019-02-26,278.0,278.6,271.0,274.6,53408.0,
2019-02-27,275.5,280.0,267.8,272.05,40625.0,
2019-02-28,272.9,273.7,267.5,268.85,14291.0,
2019-03-01,270.0,280.5,270.0,278.3,26944.0,
2019-03-05,275.2,285.0,275.2,283.05,41336.0,
2019-03-06,282.0,294.8,282.0,286.35,61107.0,
2019-03-07,287.05,291.0,285.0,286.0,29399.0,
2019-03-08,286.7,291.0,285.1,288.1,45894.0,
2019-03-11,290.5,295.5,288.05,294.05,22781.0,
2019-03-12,295.45,304.95,292.65,302.3,237745.0,
2019-03-13,305.0,305.0,293.1,294.55,27494.0,
2019-03-14,291.3,293.4,285.75,288.85,45568.0,
2019-03-15,288.05,294.1,283.05,284.6,49618.0,
2019-03-18,286.4,295.0,284.15,293.05,39307.0,
2019-03-19,295.4,295.4,287.0,290.0,46052.0,
2019-03-20,291.45,291.45,285.5,286.4,220783.0,
2019-03-22,288.2,288.5,285.5,287.3,60700.0,
2019-03-25,285.5,290.0,281.4,284.5,178049.0,
2019-03-26,284.95,284.95,278.65,280.05,132107.0,
2019-03-27,280.1,283.45,280.1,281.15,14839.0,
2019-03-28,280.2,285.6,280.2,284.35,24949.0,
2019-03-29,284.0,286.3,284.0,284.9,21920.0,
2019-04-01,285.0,285.9,279.0,285.0,144718.0,
2019-04-02,283.2,294.55,283.2,291.15,58582.0,
2019-04-03,292.5,295.5,285.0,285.8,28010.0,
2019-04-04,289.95,289.95,284.9,286.35,19440.0,
2019-04-05,286.35,292.35,285.6,290.8,26862.0,
2019-04-08,290.8,293.15,286.0,287.55,16007.0,
2019-04-09,286.0,302.0,285.8,300.4,454039.0,
2019-04-10,301.0,306.8,299.2,302.8,109459.0,
2019-04-11,304.6,304.6,296.5,300.55,24942.0,
2019-04-12,300.1,302.35,295.1,297.75,6786.0,
2019-04-15,298.15,302.0,294.5,296.25,34648.0,
2019-04-16,297.35,301.95,297.0,301.15,22220.0,
2019-04-18,300.35,304.0,288.8,291.35,60445.0,
2019-04-22,295.25,295.25,287.2,288.45,10870.0,
2019-04-23,288.35,294.9,280.8,289.9,161261.0,
2019-04-24,290.0,290.0,285.45,286.4,118925.0,
2019-04-25,287.0,288.55,284.0,285.6,116774.0,
2019-04-26,287.9,287.9,281.9,283.15,332804.0,
2019-04-30,285.5,290.5,283.0,288.8,31380.0,
2019-05-02,286.55,296.45,286.55,290.8,353140.0,
2019-05-03,293.0,293.0,279.3,281.15,36231.0,
2019-05-06,280.0,283.15,278.0,278.8,14263.0,
2019-05-07,283.9,286.85,275.05,277.15,899323.0,
2019-05-08,279.2,279.2,264.7,268.35,60880.0,
2019-05-09,266.3,272.5,266.0,270.2,29924.0,
2019-05-10,272.4,272.4,263.65,265.25,19391.0,
2019-05-13,264.0,265.0,255.0,256.2,30063.0,
2019-05-14,256.2,260.25,242.0,244.15,69782.0,
2019-05-15,242.45,249.9,241.0,244.05,68141.0,
2019-05-16,243.0,248.95,241.0,244.35,31996.0,
2019-05-17,242.0,244.5,240.75,241.35,17725.0,
2019-05-20,253.95,253.95,245.85,248.55,29876.0,
2019-05-21,250.0,250.5,247.7,249.25,22658.0,
2019-05-22,249.75,255.15,248.0,251.05,104573.0,
2019-05-23,251.0,255.5,246.55,254.0,134570.0,
2019-05-24,254.65,261.0,253.55,259.05,41219.0,
2019-05-27,261.2,280.45,261.05,273.1,122920.0,
2019-05-28,271.4,280.15,266.65,277.55,63818.0,
2019-05-29,284.6,289.75,281.0,282.95,95280.0,
2019-05-30,282.0,284.5,277.0,279.65,25053.0,
2019-05-31,279.65,282.35,279.0,280.3,16715.0,
2019-06-03,280.9,290.8,278.0,280.9,75257.0,
2019-06-04,281.0,281.55,277.5,278.25,194688.0,
2019-06-06,280.8,280.8,271.4,273.3,21629.0,
2019-06-07,272.0,273.85,268.4,269.95,16281.0,
2019-06-10,269.0,274.5,269.0,270.65,15629.0,
2019-06-11,272.2,276.5,269.3,270.85,32191.0,
2019-06-12,270.0,273.1,268.0,268.55,13596.0,
2019-06-13,270.0,270.05,263.25,264.35,20368.0,
2019-06-14,266.5,274.3,264.2,273.35,213842.0,
2019-06-17,275.0,275.5,266.05,269.25,36952.0,
2019-06-18,271.0,271.4,267.3,268.0,19275.0,
2019-06-19,270.0,270.0,266.0,266.1,47725.0,
2019-06-20,266.2,269.5,264.95,266.65,64868.0,
2019-06-21,268.75,268.75,264.0,266.45,123683.0,
2019-06-24,266.45,270.0,263.0,266.05,38091.0,
2019-06-25,265.0,267.8,258.05,264.95,76231.0,
2019-06-26,263.0,267.45,262.65,264.9,88908.0,
2019-06-27,263.0,266.0,263.0,264.6,22998.0,
2019-06-28,264.4,266.1,262.8,264.3,65235.0,
2019-07-01,265.1,270.2,263.9,266.4,61739.0,
2019-07-02,265.1,272.0,265.1,271.0,93841.0,
2019-07-03,270.05,277.5,269.0,269.2,89208.0,
2019-07-04,268.9,275.9,268.9,274.6,33048.0,
2019-07-05,273.0,277.6,265.0,266.65,19782.0,
2019-07-08,264.7,267.9,252.0,252.7,28650.0,
2019-07-09,252.7,255.0,247.1,248.45,35032.0,
2019-07-10,248.45,249.9,238.9,241.15,21567.0,
2019-07-11,243.1,248.95,241.25,245.45,14280.0,
2019-07-12,248.95,256.4,248.95,255.15,28647.0,
2019-07-15,256.7,257.5,249.85,251.35,18344.0,
2019-07-16,253.4,257.0,248.0,249.55,15232.0,
2019-07-17,251.6,265.0,248.95,260.8,108031.0,
2019-07-18,259.0,262.8,255.5,258.3,56386.0,
2019-07-19,258.3,276.0,254.6,259.55,56677.0,
2019-07-22,260.0,261.45,249.1,250.15,29915.0,
2019-07-23,251.85,252.5,245.15,247.5,14149.0,
2019-07-24,247.95,250.95,235.95,238.7,25083.0,
2019-07-25,240.5,242.0,237.85,239.5,22464.0,
2019-07-26,240.0,242.5,238.0,242.1,18680.0,
2019-07-29,243.05,244.5,239.0,239.75,19637.0,
2019-07-30,240.0,242.5,238.85,239.45,19372.0,
2019-07-31,235.5,236.0,230.45,235.25,49993.0,
2019-08-01,233.6,238.8,233.6,236.2,22419.0,
2019-08-02,237.0,237.0,227.05,228.0,18763.0,
2019-08-05,229.9,229.9,214.3,217.05,78811.0,
2019-08-06,212.7,231.55,211.65,227.75,58014.0,
2019-08-07,223.2,239.5,223.2,237.3,153082.0,
2019-08-08,237.0,237.05,225.45,230.45,28945.0,
2019-08-09,226.4,229.5,218.25,226.85,80098.0,
2019-08-13,221.8,232.5,220.35,230.65,55997.0,
2019-08-14,230.65,237.1,228.0,234.45,51996.0,
2019-08-16,235.85,237.0,231.25,236.2,65164.0,
2019-08-19,236.0,240.35,233.6,238.6,62364.0,
2019-08-20,234.5,243.0,234.5,241.85,42384.0,
2019-08-21,241.0,246.0,238.5,243.85,88883.0,
2019-08-22,248.7,248.7,235.0,237.5,43819.0,
2019-08-23,238.7,239.8,227.05,238.05,26136.0,65.48
2019-09-30,263.0,266.0,263.0,264.6,22998.0,78.82
2019-10-01,280.0,284.6,278.25,281.05,35587.0,82.64
2019-10-02,280.0,284.6,278.25,281.05,35587.0,82.64
2019-10-03,279.0,284.6,273.15,280.0,18253.0,77.35
2019-10-04,280.35,283.4,274.25,276.15,161774.0,95.23
2019-10-07,274.05,295.0,273.0,290.8,96759.0,59.81
2019-10-08,274.05,295.0,273.0,290.8,96759.0,59.81
2019-10-09,290.8,294.95,279.0,292.85,42367.0,67.11
2019-10-10,290.05,298.0,283.05,293.95,45766.0,57.93
2019-10-11,293.5,295.0,284.55,292.15,92273.0,85.13
2019-10-14,292.5,297.5,289.5,291.1,60905.0,79.18
2019-10-15,289.35,294.45,287.5,289.7,198042.0,91.34
2019-10-16,292.0,295.5,285.25,289.85,55770.0,72.93
2019-10-17,289.0,289.1,275.5,279.15,71009.0,76.76
2019-10-18,279.0,299.0,279.0,289.95,1386966.0,95.92
2019-10-21,279.0,299.0,279.0,289.95,1386966.0,95.92
2019-10-22,291.0,304.95,287.55,304.25,508371.0,92.55
2019-10-23,307.7,315.0,304.95,311.0,205541.0,63.59
2019-10-24,310.0,317.0,304.0,316.05,83548.0,68.59
2019-10-25,315.1,315.1,295.0,299.5,259054.0,82.46
2019-10-28,298.0,308.85,296.9,305.3,8626.0,72.24
2019-10-29,305.0,305.0,295.0,297.05,43603.0,85.96
2019-10-30,297.95,301.55,292.75,293.95,45161.0,75.03
2019-10-31,297.95,301.4,291.65,299.9,99768.0,86.26
2019-11-01,300.35,307.0,293.8,294.7,68944.0,66.25
2019-11-04,295.0,298.0,290.25,292.4,163324.0,94.89
2019-11-05,293.4,298.5,291.55,292.85,54712.0,67.73
2019-11-06,290.4,294.0,290.4,292.2,85284.0,89.9
2019-11-07,292.05,299.0,286.4,292.45,187110.0,86.6
2019-11-08,293.6,307.7,291.9,299.25,200308.0,17.65
2019-11-11,299.9,305.85,296.0,302.15,106910.0,80.42
2019-11-12,299.9,305.85,296.0,302.15,106910.0,80.42
2019-11-13,298.0,306.2,298.0,303.0,107086.0,84.77
2019-11-14,300.55,302.95,300.55,301.9,48632.0,89.14
2019-11-15,302.7,303.85,299.25,301.75,126748.0,93.29
2019-11-18,300.25,302.5,297.0,299.9,320503.0,96.33
2019-11-19,299.85,299.9,293.2,296.15,48608.0,86.68
2019-11-20,295.6,301.5,294.65,299.6,554801.0,94.55
2019-11-21,301.2,310.0,297.0,297.85,107191.0,72.6
2019-11-22,297.05,300.0,293.5,298.7,109721.0,73.76
2019-11-25,298.75,311.0,298.45,307.05,298093.0,95.43
2019-11-26,308.5,315.0,303.1,312.6,200344.0,66.68
2019-11-27,310.15,322.5,308.85,318.25,82470.0,55.32
2019-11-28,318.25,322.4,314.4,317.15,328189.0,80.63
2019-11-29,320.0,325.0,317.85,321.55,93509.0,69.03
2019-12-02,320.5,320.5,298.45,304.0,44757.0,54.37
2019-12-03,304.0,319.9,304.0,312.75,78242.0,35.58
2019-12-04,316.45,316.45,305.5,310.25,34957.0,58.82
2019-12-05,312.25,316.8,303.5,306.9,408241.0,95.48
2019-12-06,306.9,308.5,295.5,296.95,45369.0,66.84
2019-12-09,293.1,303.45,293.1,298.75,38688.0,60.18
2019-12-10,298.8,302.5,294.35,300.15,24369.0,66.08
2019-12-11,298.95,300.05,293.5,295.6,22337.0,53.9
2019-12-12,293.0,299.45,290.55,297.65,20249.0,57.46
2019-12-13,297.45,302.0,296.15,300.05,64486.0,71.28
2019-12-16,300.05,301.95,291.75,294.4,29154.0,60.2
2019-12-17,295.0,301.9,295.0,299.5,64395.0,69.69
2019-12-18,300.05,302.5,296.0,300.35,91041.0,84.26
2019-12-19,298.25,300.3,292.15,294.65,35934.0,59.92
2019-12-20,294.5,302.8,294.1,296.3,82940.0,54.13
2019-12-23,292.5,299.85,291.55,295.95,36121.0,46.58
2019-12-24,292.1,302.0,291.65,300.3,45978.0,60.14
2019-12-25,292.1,302.0,291.65,300.3,45978.0,60.14
2019-12-26,297.65,302.75,293.4,299.7,44877.0,55.23
2019-12-27,299.0,300.1,296.0,297.75,15430.0,76.53
2019-12-30,297.85,306.85,297.85,305.35,44278.0,59.0
2019-12-31,305.4,307.5,297.0,298.95,28091.0,72.83
2020-01-01,298.9,304.05,297.2,301.5,12240.0,60.26
2020-01-02,301.1,304.75,300.0,300.95,31294.0,69.48
2020-01-03,300.75,309.9,297.5,301.75,68315.0,71.88
2020-01-06,300.0,308.0,296.0,297.95,47813.0,60.03
2020-01-07,297.15,304.5,297.15,300.6,23818.0,74.12
2020-01-08,302.75,305.5,297.25,303.55,49222.0,58.52
2020-01-09,306.0,309.0,301.65,304.0,32990.0,67.07
2020-01-10,305.9,325.0,305.05,315.55,203948.0,49.2
2020-01-13,314.55,322.7,313.5,318.9,45791.0,75.76
2020-01-14,320.0,334.0,319.15,321.45,129404.0,79.32
2020-01-15,320.05,339.0,316.6,333.2,225833.0,68.32
2020-01-16,337.0,350.1,335.1,341.7,203028.0,69.42
2020-01-17,344.0,369.4,335.95,347.8,851097.0,36.48
2020-01-20,348.5,352.9,341.5,345.5,226154.0,86.4
2020-01-21,345.9,348.35,340.65,344.35,287369.0,91.77
2020-01-22,346.9,349.0,337.7,341.85,87152.0,67.18
2020-01-23,340.0,349.0,336.4,340.55,68760.0,61.4
2020-01-24,340.55,348.5,340.1,343.05,72688.0,76.19
2020-01-27,340.25,343.0,325.4,329.05,131462.0,67.17
2020-01-28,328.9,329.0,319.05,320.75,87930.0,60.47
2020-01-29,325.0,327.0,313.8,315.05,110341.0,77.3
2020-01-30,312.0,322.2,311.55,316.45,57477.0,61.62
2020-01-31,318.45,318.5,299.8,304.3,287192.0,47.04
2020-02-03,292.0,303.0,292.0,300.85,125717.0,63.46
2020-02-04,298.0,308.5,296.5,301.75,37633.0,53.87
2020-02-05,304.95,310.5,301.4,307.7,45758.0,65.61
2020-02-06,308.0,324.0,307.15,320.35,90037.0,64.07
2020-02-07,319.2,327.4,317.55,320.3,124897.0,78.88
2020-02-10,320.3,323.6,311.0,315.05,41959.0,59.06
2020-02-11,311.95,323.5,311.95,322.65,53780.0,65.53
2020-02-12,320.05,336.9,308.25,327.7,753336.0,29.8
2020-02-13,312.05,312.05,278.95,285.0,709482.0,45.37
2020-02-14,286.0,293.0,281.0,284.95,156037.0,37.06
2020-02-17,287.8,287.8,272.0,277.9,136402.0,50.56
2020-02-18,275.0,276.35,268.7,274.0,67745.0,51.55
2020-02-19,275.7,284.0,274.0,277.0,62729.0,56.93
2020-02-20,275.0,281.0,268.0,272.9,156344.0,59.86
2020-02-21,275.0,281.0,268.0,272.9,156344.0,59.86
2020-02-24,270.0,270.9,260.05,261.55,86040.0,54.54
2020-02-25,263.2,263.2,255.0,256.9,129386.0,73.5
2020-02-26,257.75,267.0,251.05,258.55,324259.0,88.32
2020-02-27,262.05,262.05,252.0,255.45,47800.0,63.82
2020-02-28,249.5,249.5,236.7,241.75,105755.0,62.65
2020-03-02,243.3,255.55,240.0,244.55,46941.0,56.03
2020-03-03,247.0,250.3,240.3,248.95,50258.0,68.06
2020-03-04,248.0,251.6,240.05,241.2,36072.0,61.64
2020-03-05,242.0,243.55,232.5,236.1,388466.0,94.13
2020-03-06,232.0,232.0,218.4,224.35,157676.0,61.94
2020-03-09,221.0,221.95,214.1,214.55,50740.0,71.67
2020-03-10,221.0,221.95,214.1,214.55,50740.0,71.67
2020-03-11,215.05,243.85,212.6,224.65,185862.0,42.3
2020-03-12,220.0,220.0,200.0,202.3,252139.0,84.53
2020-03-13,172.0,242.4,162.0,235.8,265451.0,53.79
2020-03-16,220.0,220.0,210.1,216.05,95165.0,63.53
2020-03-17,213.0,222.8,209.15,215.3,100271.0,72.34
2020-03-18,218.9,218.9,189.0,197.45,181564.0,83.64
2020-03-19,195.05,203.2,181.8,197.35,132085.0,64.04
2020-03-20,194.0,202.95,186.45,195.85,275856.0,72.18
2020-03-23,176.0,190.1,171.55,175.95,155337.0,82.68
2020-03-24,179.0,188.0,172.0,184.4,66924.0,75.14
2020-03-25,185.0,204.2,175.5,197.35,42169.0,52.15
2020-03-26,199.9,203.95,191.0,198.75,31553.0,68.19
2020-03-27,208.7,210.9,192.35,199.4,30882.0,59.8
2020-03-30,204.2,204.2,190.0,190.85,18808.0,68.46
2020-03-31,194.0,208.85,191.55,205.8,60247.0,69.09
2020-04-01,205.8,208.85,198.15,202.85,15907.0,60.72
2020-04-02,205.8,208.85,198.15,202.85,15907.0,60.72
2020-04-03,202.85,210.0,197.0,201.45,24103.0,58.81
2020-04-06,202.85,210.0,197.0,201.45,24103.0,58.81
2020-04-07,205.0,206.85,198.3,199.95,71300.0,79.64
2020-04-08,204.0,204.0,195.4,199.0,127099.0,90.86
2020-04-09,204.45,205.85,192.0,197.9,31365.0,49.68
2020-04-10,204.45,205.85,192.0,197.9,31365.0,49.68
2020-04-13,201.0,201.0,185.0,187.2,64340.0,75.05
2020-04-15,191.3,204.0,188.15,192.4,96168.0,61.88
2020-04-16,196.9,199.35,192.05,195.8,60957.0,67.09
2020-04-17,200.0,205.0,196.7,199.55,80375.0,70.74
2020-04-20,201.0,216.0,199.8,202.2,163889.0,54.78
2020-04-21,201.0,212.95,201.0,205.95,134404.0,78.82
2020-04-22,210.55,231.7,207.15,220.7,555315.0,48.78
2020-04-23,229.8,229.8,222.5,224.45,170801.0,75.85
2020-04-24,220.0,226.25,207.0,216.75,125871.0,61.82
2020-04-27,217.55,247.45,217.55,229.7,299112.0,51.09
2020-04-28,237.95,243.6,222.0,224.65,166634.0,59.71
2020-04-29,229.0,237.55,220.0,228.65,219759.0,70.7
2020-04-30,229.0,244.5,225.7,234.85,201926.0,66.12
2020-05-01,229.0,244.5,225.7,234.85,201926.0,66.12
2020-05-04,239.9,241.0,226.2,228.2,87147.0,74.23
2020-05-05,225.25,231.6,225.25,226.5,38961.0,54.7
2020-05-06,228.95,230.5,222.0,225.5,110335.0,50.07
2020-05-07,227.0,228.0,215.15,224.6,36819.0,55.33
2020-05-08,225.0,229.45,222.8,223.95,47694.0,75.89
2020-05-11,223.95,226.9,212.5,214.4,74487.0,56.84
2020-05-12,213.2,218.0,200.0,206.4,166786.0,60.71
2020-05-13,215.0,215.0,205.0,212.1,88977.0,62.42
2020-05-14,207.0,214.15,200.7,205.0,266773.0,78.7
2020-05-15,205.05,216.85,202.25,204.6,427336.0,82.62
2020-05-18,205.5,208.5,199.2,206.2,121250.0,70.0
2020-05-19,208.3,208.8,197.65,199.9,81247.0,62.62
2020-05-20,203.0,203.0,198.9,199.85,79177.0,79.96
2020-05-21,198.25,203.45,196.25,199.25,34378.0,78.09
2020-05-22,196.25,202.65,196.25,201.05,48979.0,78.29
2020-05-25,196.25,202.65,196.25,201.05,48979.0,78.29
2020-05-26,203.5,203.9,195.0,195.4,24907.0,60.6
2020-05-27,195.1,206.85,195.0,200.7,48549.0,57.71
2020-05-28,200.7,213.9,200.15,210.1,345023.0,81.41
2020-05-29,211.0,212.35,192.3,196.55,181392.0,60.21
2020-06-01,195.0,203.55,188.95,199.05,254066.0,64.65
2020-06-02,199.4,207.0,197.45,205.75,142305.0,57.29
2020-06-03,209.0,220.5,204.6,214.5,648923.0,86.09
2020-06-04,215.8,220.0,210.5,215.75,156439.0,70.94
2020-06-05,218.35,233.0,212.75,228.65,185209.0,69.86
2020-06-08,230.55,248.0,230.55,234.45,234351.0,54.26
2020-06-09,233.0,234.5,220.15,223.35,385945.0,85.11
2020-06-10,226.0,241.0,224.75,234.95,868602.0,42.89
2020-06-11,230.5,231.05,215.35,220.45,380636.0,52.7
2020-06-12,207.2,225.8,205.7,221.9,195887.0,61.51
2020-06-15,221.0,221.2,210.0,211.9,194901.0,72.9
2020-06-16,216.0,216.65,210.0,213.05,138095.0,58.85
2020-06-17,211.0,228.2,210.5,213.1,5687553.0,1.48
2020-06-18,223.0,223.0,217.65,218.8,102967.0,47.2
2020-06-19,220.0,221.2,212.1,213.9,175068.0,71.88
2020-06-22,214.95,223.6,214.95,220.0,222186.0,69.21
2020-06-23,221.95,222.0,217.0,219.65,141700.0,68.03
2020-06-24,222.75,228.5,213.55,215.8,365714.0,45.09
2020-06-25,217.5,219.9,212.85,214.85,66053.0,39.12
2020-06-26,215.5,222.85,215.5,219.2,754551.0,91.0
2020-06-29,218.5,218.9,212.05,213.0,128600.0,74.55
2020-06-30,215.45,215.75,210.6,212.25,143007.0,74.9
2020-07-01,213.95,213.95,207.0,209.8,360426.0,66.09
2020-07-02,210.0,213.0,207.5,212.15,347336.0,71.73
2020-07-03,215.25,215.25,209.5,212.8,250038.0,70.17
2020-07-06,215.0,219.0,211.8,217.5,182892.0,50.76
2020-07-07,217.0,217.45,212.0,213.9,308854.0,81.02
2020-07-08,214.0,215.95,210.15,211.3,60661.0,57.02
2020-07-09,214.7,214.7,208.65,211.05,150984.0,70.22
2020-07-10,210.0,213.95,207.7,209.2,53461.0,47.35
2020-07-13,212.0,216.95,208.7,214.5,114096.0,43.71
2020-07-14,215.0,221.9,213.15,218.0,245508.0,65.3
2020-07-15,218.0,222.0,212.05,213.7,436174.0,49.26
2020-07-16,220.1,221.85,212.55,216.7,999313.0,75.83
2020-07-17,218.0,220.2,214.15,215.65,425538.0,41.97
2020-07-20,216.1,226.0,211.8,224.1,608293.0,29.95
2020-07-21,227.0,228.7,220.2,224.8,658766.0,27.08
2020-07-22,226.95,226.95,218.0,220.45,70533.0,43.1
2020-07-23,219.1,221.95,211.2,212.45,476551.0,39.61
2020-07-24,211.35,217.85,211.35,215.1,259842.0,40.14
2020-07-27,216.0,217.5,211.6,215.55,319358.0,67.75
2020-07-28,215.55,216.95,212.25,214.85,76614.0,57.2
2020-07-29,213.5,216.3,212.35,212.6,58534.0,59.32
2020-07-30,213.35,229.0,209.0,222.8,1524640.0,51.75
2020-07-31,235.0,238.8,223.0,226.35,1090417.0,46.92
2020-08-03,228.4,253.6,228.4,250.7,1318000.0,60.08
2020-08-04,253.0,283.95,252.25,277.6,2244020.0,51.46
2020-08-05,278.5,278.5,268.0,269.5,349932.0,46.87
2020-08-06,270.85,282.6,265.0,276.2,782727.0,85.7
2020-08-07,278.5,278.5,270.35,272.85,89271.0,76.22
2020-08-10,282.7,282.7,267.0,268.3,134728.0,75.09
2020-08-11,269.4,269.95,261.25,263.05,227205.0,89.43
2020-08-12,263.05,275.0,262.25,264.05,104029.0,62.92
2020-08-13,265.1,271.0,260.1,264.1,135216.0,73.13
2020-08-14,266.7,266.7,257.5,259.4,66516.0,72.68
2020-08-17,261.0,265.2,260.75,263.05,75985.0,51.68
2020-08-18,265.9,267.9,258.6,262.25,386882.0,72.3
2020-08-19,262.25,271.2,261.15,264.65,406420.0,54.47
2020-08-20,264.65,269.8,260.3,262.15,251278.0,64.51
2020-08-21,264.05,293.95,264.05,279.0,693465.0,41.96
2020-08-24,281.45,281.65,273.8,277.05,176026.0,48.28
2020-08-25,277.65,277.75,270.0,272.8,116240.0,56.64
2020-08-26,275.9,278.5,272.5,273.0,95829.0,45.11
2020-08-27,275.0,283.0,273.15,277.35,185610.0,39.89
2020-08-28,280.5,283.0,271.5,271.8,127001.0,65.08
2020-08-31,275.35,276.15,252.0,254.35,166062.0,73.36
2020-09-01,256.9,264.25,251.6,258.75,184507.0,55.31
2020-09-02,260.0,260.2,256.0,258.6,35016.0,67.13
2020-09-03,260.85,263.15,235.0,238.15,1015691.0,75.01
2020-09-04,237.8,251.8,236.8,246.9,358829.0,56.92
2020-09-07,248.0,259.9,240.55,257.4,396701.0,51.22
2020-09-08,255.9,264.0,251.1,259.9,334116.0,55.86
2020-09-09,258.0,264.75,243.5,259.0,417471.0,52.55
2020-09-10,261.0,261.0,255.0,258.9,157711.0,63.5
2020-09-11,256.7,263.4,251.6,260.0,113889.0,57.14
2020-09-14,264.4,269.1,259.05,263.5,364046.0,63.57
2020-09-15,268.0,268.4,261.1,263.95,73873.0,57.07
2020-09-16,265.0,265.0,258.0,259.25,35244.0,67.31
2020-09-17,259.8,264.0,256.6,256.8,56723.0,61.2
2020-09-18,257.0,265.05,245.0,251.95,356166.0,75.7
2020-09-21,250.0,258.45,244.0,244.65,123146.0,59.26
2020-09-22,245.0,255.8,236.25,248.95,138237.0,52.42
2020-09-23,251.95,252.75,242.0,248.9,80141.0,51.24
2020-09-24,248.0,248.0,238.35,239.45,79787.0,55.11
2020-09-25,242.55,245.7,238.0,242.45,60080.0,50.08
2020-09-28,245.0,246.4,241.7,242.7,65477.0,58.47
2020-09-29,246.7,246.7,238.15,239.65,119218.0,75.34
2020-09-30,241.9,241.9,234.0,234.9,71957.0,66.89
2020-10-01,239.6,242.65,231.65,236.45,59518.0,57.88
2020-10-02,239.6,242.65,231.65,236.45,59518.0,57.88
2020-10-05,239.9,244.7,235.0,236.15,126377.0,49.02
2020-10-06,238.75,241.6,235.55,237.5,76687.0,54.41
2020-10-07,239.0,239.3,233.75,234.65,45729.0,55.16
2020-10-08,237.7,238.55,230.05,232.1,54795.0,62.23
2020-10-09,234.0,234.4,226.6,227.75,63095.0,67.04
2020-10-12,230.6,232.0,216.1,217.4,159980.0,65.07
2020-10-13,217.4,228.4,210.75,216.1,402346.0,51.6
2020-10-14,216.0,225.0,213.2,222.55,197302.0,32.54
2020-10-15,225.0,229.05,220.75,224.25,66712.0,52.13
2020-10-16,227.5,236.0,224.65,235.05,167661.0,67.61
2020-10-19,238.0,240.45,231.5,233.9,159878.0,65.28
2020-10-20,234.75,235.45,222.5,223.65,104180.0,60.11
2020-10-21,224.1,224.85,216.1,219.1,173242.0,66.87
2020-10-22,220.9,231.05,219.0,229.55,518616.0,76.51
2020-10-23,230.0,234.35,223.15,224.85,159006.0,71.65
2020-10-26,226.65,230.7,222.0,227.5,99736.0,63.34
2020-10-27,228.85,232.6,227.0,231.8,203917.0,78.0
2020-10-28,233.0,235.5,226.35,227.9,105773.0,72.01
2020-10-29,228.0,236.7,225.1,226.4,516367.0,29.23
2020-10-30,228.25,229.9,221.5,224.7,152202.0,60.84
2020-11-02,228.9,228.9,217.1,220.1,207477.0,74.02
2020-11-03,220.5,221.9,215.2,218.0,181721.0,69.52
2020-11-04,218.95,222.0,215.6,220.1,105969.0,64.96
2020-11-05,223.95,230.35,221.15,227.25,204574.0,60.39
2020-11-06,229.95,229.95,222.15,223.6,146705.0,79.34
2020-11-09,227.95,228.0,220.7,223.1,123790.0,64.04
2020-11-10,227.85,230.9,225.0,227.05,316643.0,69.73
2020-11-11,228.0,233.0,223.0,228.65,287173.0,50.47
2020-11-12,228.8,239.9,228.0,235.3,262490.0,43.9
2020-11-13,236.0,242.95,235.0,240.8,197632.0,51.88
2020-11-16,242.0,242.75,238.6,239.85,53239.0,83.48
2020-11-17,239.85,250.0,239.75,248.5,338234.0,70.45
2020-11-18,247.85,252.0,239.15,249.75,308952.0,66.75
2020-11-19,244.0,252.4,244.0,247.7,121017.0,57.39
2020-11-20,247.95,258.8,245.45,247.2,115497.0,59.65
2020-11-23,250.45,255.0,248.55,252.1,165173.0,69.9
2020-11-24,252.0,256.75,252.0,253.2,173198.0,80.76
2020-11-25,254.95,255.95,246.45,248.75,80893.0,62.92
2020-11-26,249.95,250.15,246.75,247.7,79642.0,64.5
2020-11-27,248.95,261.0,245.5,252.5,932397.0,90.16
2020-11-30,248.95,261.0,245.5,252.5,932397.0,90.16
2020-12-01,263.9,266.0,256.65,261.4,468917.0,43.72
2020-12-02,261.0,265.5,256.85,262.9,663038.0,65.58
2020-12-03,264.0,265.9,261.8,263.55,179334.0,65.36
2020-12-04,264.95,290.0,264.65,283.65,1024959.0,35.51
2020-12-07,290.0,292.5,280.5,283.55,592317.0,57.39
2020-12-08,285.9,287.7,274.05,276.55,1372444.0,89.31
2020-12-09,279.0,298.0,278.25,283.65,1171333.0,49.2
2020-12-10,286.0,298.3,278.0,293.8,1644051.0,28.8
2020-12-11,294.0,295.75,282.6,284.65,480398.0,50.86
2020-12-14,285.7,290.0,282.75,285.6,417885.0,45.96
2020-12-15,284.9,292.0,281.2,286.1,496573.0,50.2
2020-12-16,287.4,294.0,283.5,286.65,596752.0,37.59
2020-12-17,286.7,287.9,280.9,281.65,180950.0,59.17
2020-12-18,282.5,282.9,265.1,268.55,670658.0,63.65
2020-12-21,268.0,269.65,248.0,251.05,275040.0,62.91
2020-12-22,252.35,255.8,237.95,251.5,176361.0,50.1
2020-12-23,251.95,258.8,251.95,257.65,253886.0,45.47
2020-12-24,260.0,262.45,254.55,257.25,130905.0,47.27
2020-12-25,260.0,262.45,254.55,257.25,130905.0,47.27
2020-12-28,258.0,265.2,257.25,262.4,128563.0,50.81
2020-12-29,270.0,278.0,258.05,262.45,321944.0,33.83
2020-12-30,263.0,266.0,258.55,264.15,209809.0,51.68
2020-12-31,265.0,266.0,261.5,263.2,107905.0,44.52
2021-01-01,266.0,273.5,260.1,270.65,186979.0,54.13
2021-01-04,274.0,281.0,271.6,279.2,393293.0,50.95
2021-01-05,275.0,283.6,271.4,282.0,284564.0,52.33
2021-01-06,280.6,283.0,275.05,279.0,289814.0,66.47
2021-01-07,280.4,281.75,276.7,278.1,137645.0,67.46
2021-01-08,279.95,283.5,276.4,278.05,187014.0,74.74
2021-01-11,282.0,285.0,276.5,280.9,253791.0,62.68
2021-01-12,281.0,284.65,280.1,281.35,141467.0,55.28
2021-01-13,282.7,289.6,278.0,279.65,457996.0,49.75
2021-01-14,283.0,285.55,278.95,279.65,303568.0,64.94
2021-01-15,279.0,281.1,273.45,276.3,110661.0,55.84
2021-01-18,275.95,276.3,265.1,268.85,90252.0,57.37
2021-01-19,270.05,275.4,269.5,270.2,45756.0,50.02
2021-01-20,272.0,273.0,270.05,270.85,69353.0,63.52
2021-01-21,271.4,273.5,265.05,266.0,78263.0,57.9
2021-01-22,267.2,272.35,254.85,258.05,207730.0,63.85
2021-01-25,260.3,263.95,256.25,257.9,85395.0,62.96
2021-01-26,260.3,263.95,256.25,257.9,85395.0,62.96
2021-01-27,260.0,260.0,252.0,254.1,405720.0,74.79
2021-01-28,254.9,254.9,249.35,251.65,336419.0,82.83
2021-01-29,254.0,270.0,254.0,260.65,616250.0,54.68
2021-02-01,265.0,268.5,255.0,267.05,350618.0,48.81
2021-02-02,269.9,270.8,261.75,262.9,112893.0,67.04
2021-02-03,265.0,265.0,257.1,258.6,177958.0,39.35
2021-02-04,259.8,265.5,257.4,261.55,119681.0,56.42
2021-02-05,262.8,266.35,259.7,261.85,130991.0,59.86
2021-02-08,262.0,266.0,255.25,255.95,847465.0,90.08
2021-02-09,257.2,261.95,255.75,257.1,787725.0,93.12
2021-02-10,258.9,263.5,255.5,257.4,155006.0,67.78
2021-02-11,257.9,260.0,249.6,255.1,109156.0,53.82
2021-02-12,255.9,262.35,255.55,256.5,307979.0,63.95
2021-02-15,261.65,261.65,256.65,257.4,85840.0,47.2
2021-02-16,258.7,258.7,255.95,258.05,150570.0,64.36
2021-02-17,259.95,268.9,256.0,266.6,613529.0,45.78
2021-02-18,270.0,278.9,269.2,274.3,720799.0,45.17
2021-02-19,274.0,275.4,264.0,266.55,216443.0,58.13
2021-02-22,267.85,273.0,261.0,269.9,256754.0,66.96
2021-02-23,274.75,288.5,270.55,281.25,861416.0,37.17
2021-02-24,282.0,289.5,275.65,283.45,174883.0,56.05
2021-02-25,287.0,320.0,286.7,307.15,2096852.0,40.25
2021-02-26,303.8,335.0,299.0,314.15,1774732.0,43.21
2021-03-01,315.9,325.7,304.75,308.05,597967.0,31.59
2021-03-02,309.5,339.5,308.35,334.25,1446107.0,28.36
2021-03-03,334.6,339.95,325.0,327.65,628601.0,35.64
2021-03-04,322.45,332.85,319.3,322.35,261609.0,44.88
2021-03-05,321.4,323.45,306.0,307.55,178409.0,55.97
2021-03-08,309.55,324.0,309.55,311.2,246037.0,48.24
2021-03-09,314.0,314.65,309.5,311.75,190794.0,64.59
2021-03-10,312.5,325.0,310.7,315.9,243534.0,55.18
2021-03-11,312.5,325.0,310.7,315.9,243534.0,55.18
2021-03-12,318.8,332.6,315.55,319.2,608766.0,64.7
2021-03-15,322.45,326.35,311.5,324.3,256960.0,55.72
2021-03-16,324.9,339.9,324.9,333.9,506087.0,51.73
2021-03-17,336.9,336.9,316.8,318.5,172902.0,48.85
2021-03-18,320.1,326.8,310.0,314.85,181713.0,56.08
2021-03-19,311.2,313.7,300.0,301.25,299004.0,61.07
2021-03-22,304.0,308.85,301.4,305.6,166957.0,57.87
2021-03-23,302.2,324.8,302.2,319.55,312788.0,52.5
2021-03-24,316.6,319.5,306.9,310.2,101831.0,56.34
2021-03-25,311.8,321.0,303.05,316.0,190076.0,57.58
2021-03-26,319.0,319.9,305.45,307.1,130337.0,62.01
2021-03-29,319.0,319.9,305.45,307.1,130337.0,62.01
2021-03-30,309.0,319.5,309.0,316.7,182923.0,70.51
2021-03-31,315.0,318.6,301.25,312.7,213273.0,60.38
2021-04-01,314.0,326.75,310.05,315.1,265822.0,51.47
2021-04-02,314.0,326.75,310.05,315.1,265822.0,51.47
2021-04-05,312.55,316.0,296.15,302.05,113000.0,62.43
2021-04-06,302.05,305.2,298.3,300.0,151560.0,64.71
2021-04-07,301.0,308.3,300.1,300.9,127715.0,61.03
2021-04-08,301.55,311.45,298.0,308.85,249702.0,64.51
2021-04-09,312.0,312.95,304.1,306.6,151368.0,63.3
2021-04-12,300.5,303.05,262.8,281.2,203422.0,55.47
2021-04-13,282.4,293.7,281.7,287.8,190055.0,50.74
2021-04-14,282.4,293.7,281.7,287.8,190055.0,50.74
2021-04-15,287.85,298.6,281.7,293.9,167835.0,39.22
2021-04-16,293.9,301.2,292.0,299.0,126031.0,60.76
2021-04-19,290.05,297.9,288.9,293.15,69551.0,60.85
2021-04-20,292.0,296.75,286.3,288.1,84271.0,58.6
2021-04-21,292.0,296.75,286.3,288.1,84271.0,58.6
2021-04-22,288.5,306.7,284.05,289.1,771643.0,73.52
2021-04-23,294.5,306.0,288.0,294.2,346221.0,48.69
2021-04-26,299.0,310.95,282.4,307.55,418472.0,50.45
2021-04-27,317.0,321.9,308.0,310.45,874862.0,45.9
2021-04-28,314.0,315.5,302.5,304.65,258663.0,56.3
2021-04-29,305.9,308.0,302.0,305.05,860671.0,88.88
2021-04-30,303.0,324.0,302.9,314.9,1771902.0,66.24
2021-05-03,314.7,333.0,311.05,326.7,1401091.0,58.89
2021-05-04,334.0,350.0,329.25,346.55,1149587.0,44.08
2021-05-05,352.0,411.65,351.0,401.0,6590651.0,18.48
2021-05-06,406.0,418.8,382.1,388.55,3123164.0,24.07
2021-05-07,390.7,395.5,376.2,384.55,849094.0,61.29
2021-05-10,388.2,404.8,386.05,393.4,955283.0,73.96
2021-05-11,386.0,399.0,381.1,391.45,724074.0,67.33
2021-05-12,389.25,394.0,376.0,378.1,399035.0,77.24
2021-05-13,389.25,394.0,376.0,378.1,399035.0,77.24
2021-05-14,378.15,404.55,366.75,397.85,563096.0,55.93
2021-05-17,414.0,429.65,401.0,407.05,1364984.0,51.44
2021-05-18,400.0,411.9,397.5,399.9,371977.0,52.4
2021-05-19,395.0,408.4,395.0,402.45,338104.0,59.6
2021-05-20,402.0,406.05,397.15,399.75,315680.0,62.59
2021-05-21,402.0,411.75,401.55,403.9,305474.0,62.93
2021-05-24,409.25,418.4,399.95,409.65,458193.0,49.68
2021-05-25,414.9,419.7,403.4,405.95,399573.0,59.68
2021-05-26,408.9,414.0,404.5,411.5,221261.0,50.56
2021-05-27,409.0,427.8,407.75,411.15,790476.0,51.88
2021-05-28,421.0,423.75,412.0,414.45,475416.0,56.36
2021-05-31,416.5,416.5,408.0,411.05,393590.0,83.94
2021-06-01,413.45,441.8,409.2,424.7,1397007.0,29.82
2021-06-02,424.9,439.9,420.4,429.4,579242.0,46.49
2021-06-03,430.0,445.0,416.0,431.05,602304.0,36.1
2021-06-04,430.0,435.5,422.5,423.95,341979.0,50.56
2021-06-07,427.95,427.95,415.25,417.55,452655.0,62.07
2021-06-08,419.5,423.0,408.65,414.8,256192.0,44.08
2021-06-09,418.9,420.95,405.2,413.8,298283.0,42.18
2021-06-10,412.0,414.45,408.4,410.4,317310.0,75.1
2021-06-11,416.0,417.25,395.0,400.05,668835.0,62.15
2021-06-14,397.7,410.0,392.3,401.75,747970.0,59.05
2021-06-15,402.0,408.8,401.8,403.95,680457.0,78.44
2021-06-16,419.95,424.0,407.6,410.4,1209893.0,38.4
2021-06-17,410.0,416.2,401.05,404.6,426598.0,57.46
2021-06-18,406.6,410.85,402.0,403.8,928432.0,70.5
2021-06-21,399.0,407.0,392.1,401.9,381160.0,59.35
2021-06-22,401.1,413.5,396.1,400.6,500075.0,44.72
2021-06-23,401.55,406.4,395.85,401.55,287802.0,48.04
2021-06-24,403.0,403.0,392.0,393.8,238534.0,71.19
2021-06-25,397.45,397.45,381.0,382.4,388499.0,71.53
2021-06-28,384.0,386.65,381.05,384.95,192381.0,63.95
2021-06-29,392.9,396.0,383.6,385.8,329033.0,34.57
2021-06-30,391.9,394.1,385.8,388.85,285545.0,49.23
2021-07-01,389.0,392.5,386.25,388.25,155010.0,54.02
2021-07-02,391.8,391.8,382.5,383.9,147084.0,51.61
2021-07-05,386.9,388.9,373.6,377.5,312542.0,50.55
2021-07-06,378.0,384.0,376.6,379.3,299924.0,60.37
2021-07-07,381.85,382.35,377.0,377.75,90544.0,56.44
2021-07-08,379.95,381.4,369.2,371.6,220935.0,59.91
2021-07-09,374.5,374.5,368.55,369.45,181416.0,58.42
2021-07-12,374.4,378.0,370.5,371.7,206738.0,50.57
2021-07-13,376.9,376.9,368.6,369.3,225255.0,62.44
2021-07-14,369.3,387.9,368.8,379.1,1041393.0,36.36
2021-07-15,391.0,391.0,383.0,384.85,1296219.0,44.83
2021-07-16,388.0,388.25,379.05,380.4,276825.0,59.66
2021-07-19,381.0,385.0,378.05,382.2,331681.0,56.99
2021-07-20,376.05,387.5,359.75,364.2,607048.0,54.55
2021-07-21,376.05,387.5,359.75,364.2,607048.0,54.55
2021-07-22,367.0,370.55,362.6,363.65,188313.0,43.87
2021-07-23,364.9,365.95,361.0,362.0,212049.0,66.45
2021-07-26,353.2,371.05,353.2,370.15,461695.0,54.57
2021-07-27,372.45,379.75,367.7,369.25,249704.0,52.53
2021-07-28,369.5,370.4,358.3,359.65,194030.0,56.95
2021-07-29,360.25,375.7,335.05,342.95,1713351.0,33.1
2021-07-30,340.0,343.0,334.3,340.0,778099.0,56.03
2021-08-02,340.1,348.0,340.1,344.45,196724.0,53.99
2021-08-03,347.4,347.4,340.0,340.6,157042.0,50.93
2021-08-04,343.8,343.8,326.0,329.8,378382.0,51.92
2021-08-05,331.85,333.2,322.65,325.25,273480.0,59.22
2021-08-06,328.7,330.0,312.2,317.8,1428461.0,80.12
2021-08-09,318.95,320.95,314.25,318.75,233591.0,51.73
2021-08-10,317.0,319.95,304.95,309.85,317208.0,57.57
2021-08-11,310.1,322.15,300.0,304.3,2184958.0,70.13
2021-08-12,307.9,314.3,307.1,313.05,418713.0,56.54
2021-08-13,310.05,314.65,308.55,311.5,815904.0,86.84
2021-08-16,313.8,317.55,308.5,309.75,170928.0,49.52
2021-08-17,308.6,314.3,299.65,308.45,475131.0,61.57
2021-08-18,310.05,310.05,299.9,302.4,342132.0,67.45
2021-08-19,310.05,310.05,299.9,302.4,342132.0,67.45
2021-08-20,300.6,300.6,293.7,297.25,212668.0,51.05
2021-08-23,300.9,304.0,287.1,293.95,1012320.0,84.95
2021-08-24,298.0,305.0,294.85,302.45,376427.0,56.82
2021-08-25,311.0,349.0,305.0,338.4,2423553.0,23.63
2021-08-26,342.7,352.0,334.8,346.95,1709010.0,27.5
2021-08-27,345.0,346.0,331.85,334.6,428445.0,29.95
2021-08-30,336.9,367.0,328.7,356.05,1634150.0,24.3
2021-08-31,357.8,370.0,351.45,359.85,1147395.0,30.29
2021-09-01,359.75,367.95,353.2,355.95,477255.0,36.87
2021-09-02,358.8,363.75,355.5,357.4,444428.0,39.44
2021-09-03,359.6,363.3,355.0,359.7,388112.0,60.37
2021-09-06,364.9,367.9,355.75,357.1,405592.0,43.36
2021-09-07,360.8,364.9,356.0,358.5,410573.0,30.87
2021-09-08,358.05,363.9,355.5,359.9,231025.0,31.62
2021-09-09,359.0,364.95,351.4,353.85,214282.0,45.07
2021-09-10,359.0,364.95,351.4,353.85,214282.0,45.07
2021-09-13,356.1,367.8,352.95,363.1,749365.0,51.18
2021-09-14,368.8,375.5,364.75,367.75,980860.0,43.54
2021-09-15,373.0,374.9,366.0,368.35,385741.0,36.69
2021-09-16,366.0,372.45,360.1,369.2,429670.0,48.14
2021-09-17,369.6,379.2,357.85,376.2,1229953.0,54.5
2021-09-20,370.0,373.7,360.35,362.1,278375.0,38.03
2021-09-21,363.95,367.9,351.2,365.9,326387.0,40.46
2021-09-22,374.0,374.0,365.25,367.95,336733.0,66.17
2021-09-23,372.0,373.3,363.5,364.35,169112.0,50.25
2021-09-24,367.05,371.0,359.1,363.15,364578.0,22.95
2021-09-27,365.5,367.1,352.0,354.05,232245.0,59.66
2021-09-28,358.0,362.7,351.1,353.6,178987.0,45.61
2021-09-29,356.0,372.0,353.4,364.9,361229.0,38.14
2021-09-30,370.0,375.7,365.1,368.7,355505.0,35.21
2021-10-01,365.3,374.8,365.1,367.25,168697.0,29.05
2021-10-04,370.0,382.0,368.55,370.0,646901.0,46.66
2021-10-05,371.8,375.7,369.1,372.3,366905.0,64.2
2021-10-06,374.0,382.25,366.0,366.9,763685.0,72.12
2021-10-07,371.0,378.75,367.1,369.15,505279.0,68.44
2021-10-08,371.0,377.0,368.0,369.3,1152857.0,81.89
2021-10-11,371.7,375.5,368.35,373.45,412047.0,60.76
2021-10-12,374.0,376.9,368.6,370.85,360172.0,59.38
2021-10-13,372.5,373.15,360.55,362.45,441185.0,60.07
2021-10-14,364.1,365.5,356.35,358.45,185543.0,53.07
2021-10-15,364.1,365.5,356.35,358.45,185543.0,53.07
2021-10-18,360.0,361.7,343.65,345.1,403265.0,63.3
2021-10-19,347.8,352.0,335.0,336.05,330215.0,66.33
2021-10-20,335.2,340.5,329.2,333.1,186681.0,41.23
2021-10-21,336.4,336.4,319.9,321.8,420243.0,68.24
2021-10-22,323.65,329.35,314.3,317.4,265238.0,54.11
2021-10-25,319.5,321.75,312.4,314.6,190647.0,52.87
2021-10-26,314.0,318.9,310.8,314.65,228197.0,50.96
2021-10-27,315.0,334.35,314.35,327.55,434914.0,34.74
2021-10-28,327.55,327.6,315.0,316.65,132831.0,43.94
2021-10-29,318.0,325.0,313.85,321.95,117921.0,47.5
2021-11-01,326.8,332.0,326.1,330.25,214185.0,42.92
2021-11-02,333.8,349.8,330.4,342.15,819977.0,21.31
2021-11-03,343.6,346.0,337.0,343.25,229983.0,43.95
2021-11-04,343.6,346.0,337.0,343.25,229983.0,43.95
2021-11-05,344.25,346.5,342.0,342.8,33293.0,54.88
2021-11-08,347.0,349.8,343.15,347.6,210227.0,51.2
2021-11-09,349.0,352.1,345.8,346.5,114817.0,49.77
2021-11-10,345.4,347.1,337.8,341.95,226517.0,77.5
2021-11-11,339.85,340.25,335.9,337.3,66106.0,45.39
2021-11-12,339.7,339.9,329.25,333.65,142737.0,52.88
2021-11-15,335.5,335.5,320.05,321.85,127364.0,59.85
2021-11-16,323.8,326.0,318.65,320.7,126617.0,44.1
2021-11-17,322.35,327.0,322.0,324.6,110597.0,50.99
2021-11-18,324.6,326.2,316.9,319.2,101176.0,45.45
2021-11-19,324.6,326.2,316.9,319.2,101176.0,45.45
2021-11-22,324.4,324.4,311.6,313.05,84097.0,49.98
2021-11-23,310.0,319.85,309.6,313.85,111273.0,43.05
2021-11-24,315.45,322.0,311.95,314.6,89467.0,45.37
2021-11-25,315.9,319.4,309.6,316.6,88901.0,49.36
2021-11-26,313.9,323.85,307.5,309.15,107167.0,45.69
2021-11-29,307.0,309.55,296.05,301.35,145910.0,48.19
2021-11-30,302.9,312.4,291.3,293.65,209673.0,51.02
2021-12-01,297.3,300.45,293.4,299.2,118941.0,38.81
2021-12-02,299.2,305.0,298.5,300.6,153375.0,56.41
2021-12-03,301.7,304.0,294.1,296.7,170639.0,60.0
2021-12-06,298.3,305.45,292.9,294.75,276829.0,71.4
2021-12-07,295.0,305.0,295.0,300.25,121199.0,46.67
2021-12-08,301.8,305.0,299.45,300.55,85292.0,55.47
2021-12-09,300.9,304.0,298.05,299.75,310987.0,84.57
2021-12-10,300.0,309.7,299.95,304.35,322216.0,56.4
2021-12-13,305.65,309.15,299.2,299.85,168009.0,54.99
2021-12-14,298.85,301.05,297.0,300.4,116606.0,64.87
2021-12-15,301.7,302.1,293.0,294.0,154861.0,56.25
2021-12-16,295.5,296.0,285.85,287.85,158670.0,59.92
2021-12-17,288.6,288.6,275.05,277.35,194963.0,59.55
2021-12-20,276.0,276.7,265.0,268.55,179888.0,55.79
2021-12-21,269.4,278.5,266.6,271.65,184564.0,46.05
2021-12-22,271.9,277.0,270.0,274.3,186106.0,65.12
2021-12-23,295.2,299.95,287.05,294.9,4037608.0,17.34
2021-12-24,297.0,298.65,288.0,295.15,707100.0,30.39
2021-12-27,295.15,300.5,291.1,293.2,538026.0,41.89
2021-12-28,290.0,298.35,285.5,295.05,1128948.0,40.61
2021-12-29,294.9,298.85,292.05,297.0,689512.0,48.31
2021-12-30,297.0,301.3,291.3,299.65,671559.0,50.62
2021-12-31,299.5,300.9,295.85,298.2,421375.0,58.9
2022-01-03,298.9,302.9,297.1,302.1,395148.0,58.0
2022-01-04,304.65,304.65,296.0,300.0,734554.0,48.32
2022-01-05,300.9,304.0,294.85,296.05,254867.0,49.24
2022-01-06,295.45,303.7,294.6,300.7,197006.0,59.54
2022-01-07,302.1,308.95,302.1,305.75,410207.0,53.62
2022-01-10,307.9,313.95,305.2,309.85,254388.0,46.84
2022-01-11,310.1,313.75,307.15,310.9,321251.0,45.92
2022-01-12,313.7,315.75,311.0,313.85,410683.0,61.5
2022-01-13,315.6,316.4,311.0,313.55,147937.0,53.56
2022-01-14,314.7,316.5,310.5,313.95,192510.0,53.36
2022-01-17,314.9,314.9,311.1,312.5,154661.0,48.67
2022-01-18,312.0,319.9,311.2,315.0,398505.0,53.13
2022-01-19,314.0,324.75,312.4,320.4,337957.0,44.19
2022-01-20,323.75,325.6,320.1,321.05,167572.0,47.58
2022-01-21,318.7,323.1,313.3,314.95,99161.0,51.18
2022-01-24,320.0,321.0,303.95,306.15,187417.0,54.82
2022-01-25,306.0,314.4,301.0,308.95,143150.0,47.76
2022-01-26,306.0,314.4,301.0,308.95,143150.0,47.76
2022-01-27,306.9,322.9,305.45,319.75,233565.0,55.55
2022-01-28,323.0,325.0,310.0,311.75,452265.0,36.98
2022-01-31,314.0,315.9,308.85,314.05,161748.0,55.26
2022-02-01,316.05,317.25,312.3,313.5,93717.0,38.4
2022-02-02,315.9,318.95,312.1,318.05,123924.0,56.07
2022-02-03,318.5,319.8,314.85,318.95,134833.0,66.81
2022-02-04,320.5,320.5,316.3,318.1,76516.0,60.24
2022-02-07,319.8,321.9,317.05,319.65,100807.0,58.13
2022-02-08,321.3,321.5,315.6,320.1,158009.0,63.74
2022-02-09,320.95,323.35,317.25,320.95,112497.0,69.15
2022-02-10,321.05,322.45,315.0,321.55,97526.0,60.25
2022-02-11,321.9,323.0,317.05,321.6,769109.0,88.5
2022-02-14,319.5,325.65,305.25,311.0,1007402.0,83.06
2022-02-15,312.6,314.7,304.5,307.35,109196.0,50.41
2022-02-16,308.25,313.95,307.25,312.7,116248.0,58.31
2022-02-17,313.95,316.0,311.0,315.0,170237.0,61.87
2022-02-18,312.0,318.25,311.95,317.0,80392.0,54.16
2022-02-21,314.1,316.8,309.15,316.0,245908.0,74.37
2022-02-22,313.1,316.0,307.6,315.0,253877.0,76.3
2022-02-23,317.0,317.7,314.05,314.95,365754.0,87.66
2022-02-24,308.2,312.75,305.95,308.9,564137.0,71.68
2022-02-25,309.0,322.0,308.55,320.15,367014.0,81.98
2022-02-28,319.0,329.2,315.0,325.4,297645.0,54.66
2022-03-01,319.0,329.2,315.0,325.4,297645.0,54.66
2022-03-02,328.2,332.0,309.1,314.75,337195.0,66.78
2022-03-03,316.2,320.75,310.15,314.95,273451.0,67.05
2022-03-04,314.0,315.5,304.15,312.95,275885.0,67.84
2022-03-07,310.35,322.0,304.0,317.65,464349.0,66.66
2022-03-08,323.9,326.85,320.0,324.5,234854.0,45.73
2022-03-09,326.15,343.3,317.5,339.75,508106.0,38.38
2022-03-10,346.5,351.0,335.75,338.2,500507.0,60.51
2022-03-11,335.0,344.45,335.0,343.0,157940.0,39.55
2022-03-14,343.8,353.95,342.5,351.2,235098.0,56.45
2022-03-15,353.0,359.5,345.3,347.75,269143.0,47.94
2022-03-16,349.0,366.0,349.0,361.2,421901.0,49.44
2022-03-17,367.0,367.2,340.5,345.4,455907.0,53.38
2022-03-18,367.0,367.2,340.5,345.4,455907.0,53.38
2022-03-21,347.2,350.35,338.15,340.4,234531.0,57.49
2022-03-22,340.0,345.5,330.4,336.2,296184.0,54.96
2022-03-23,338.4,340.9,331.6,334.6,264888.0,64.19
2022-03-24,336.4,346.45,330.0,341.65,291150.0,56.78
2022-03-25,341.5,348.1,338.75,346.25,109653.0,51.18
2022-03-28,348.0,351.9,340.0,343.3,169510.0,50.68
2022-03-29,343.3,352.0,340.0,347.75,182038.0,56.51
2022-03-30,350.5,353.0,345.1,349.1,103428.0,57.8
2022-03-31,349.1,350.85,344.1,345.35,57694.0,65.63
2022-04-01,347.0,351.85,345.3,349.35,65672.0,48.63
2022-04-04,350.55,356.7,344.3,351.7,194724.0,63.16
2022-04-05,351.7,357.0,348.65,355.45,101137.0,53.1
2022-04-06,355.9,363.5,354.0,358.7,170880.0,63.0
2022-04-07,364.0,366.0,358.65,360.95,130540.0,48.19
2022-04-08,360.0,366.2,359.0,365.05,160872.0,58.09
2022-04-11,366.0,375.65,365.3,371.0,292978.0,54.68
2022-04-12,371.4,374.0,361.25,365.75,221267.0,50.71
2022-04-13,367.1,368.15,361.1,361.6,268357.0,81.1
2022-04-14,367.1,368.15,361.1,361.6,268357.0,81.1
2022-04-15,367.1,368.15,361.1,361.6,268357.0,81.1
2022-04-18,361.6,375.9,358.0,371.0,307527.0,65.14
2022-04-19,373.0,386.0,371.55,373.55,430166.0,44.24
2022-04-20,375.5,379.0,370.55,373.35,151590.0,57.48
2022-04-21,373.0,401.0,372.8,395.3,1086861.0,35.1
2022-04-22,391.7,424.35,388.9,412.7,2119141.0,22.44
2022-04-25,405.1,437.95,402.05,416.1,1369486.0,17.55
2022-04-26,418.2,419.95,389.3,392.75,633681.0,34.83
2022-04-27,394.0,394.7,375.6,387.8,402152.0,36.2
2022-04-28,386.0,399.9,383.6,389.35,187625.0,39.41
2022-04-29,391.4,393.0,379.05,387.5,443557.0,57.93
2022-05-02,384.0,387.9,378.05,382.05,79351.0,47.94
2022-05-03,384.0,387.9,378.05,382.05,79351.0,47.94
2022-05-04,384.4,388.0,369.4,373.9,150109.0,40.12
2022-05-05,376.05,378.95,370.5,373.1,161828.0,49.78
2022-05-06,370.0,386.05,364.55,379.7,293339.0,43.0
2022-05-09,373.9,376.05,361.2,372.55,408943.0,42.57
2022-05-10,369.2,378.1,365.5,368.6,403774.0,68.15
2022-05-11,362.7,372.1,361.0,365.9,233687.0,50.81
2022-05-12,364.25,368.95,356.4,366.2,167874.0,55.83
2022-05-13,368.1,389.35,366.2,378.55,388739.0,59.96
2022-05-16,381.9,398.0,381.9,393.65,290673.0,36.27
2022-05-17,393.65,403.45,386.4,397.75,198404.0,40.47
2022-05-18,395.0,445.0,395.0,440.9,1226999.0,33.32
2022-05-19,434.0,437.0,413.2,418.25,878949.0,30.89
2022-05-20,425.0,436.0,420.2,424.9,553313.0,56.87
2022-05-23,425.9,434.75,415.75,417.4,235982.0,45.8
2022-05-24,419.8,437.8,414.1,427.3,498866.0,24.98
2022-05-25,431.0,433.45,405.0,409.25,290383.0,37.89
2022-05-26,411.0,411.4,391.0,405.85,240640.0,40.87
2022-05-27,412.0,423.0,403.65,406.5,344127.0,35.16
2022-05-30,408.0,409.1,397.2,402.5,294337.0,64.38
2022-05-31,403.1,407.5,393.5,397.15,163626.0,49.03
2022-06-01,398.2,403.3,387.2,390.5,136366.0,38.27
2022-06-02,390.5,408.15,386.45,405.75,357561.0,53.36
2022-06-03,407.9,416.45,404.15,408.7,585971.0,61.94
2022-06-06,408.5,410.9,397.65,405.6,160496.0,56.97
2022-06-07,404.7,413.0,395.25,398.0,138562.0,48.13
2022-06-08,397.0,414.9,391.85,411.05,273258.0,48.97
2022-06-09,408.85,427.0,400.0,405.9,488671.0,30.92
2022-06-10,400.0,403.75,391.0,395.0,230892.0,49.73
2022-06-13,388.5,388.5,375.3,379.45,192011.0,48.76
2022-06-14,371.1,385.4,371.1,380.0,139389.0,41.75
2022-06-15,378.2,402.0,377.15,395.35,362293.0,32.05
2022-06-16,397.5,401.25,375.0,382.5,179560.0,37.45
2022-06-17,379.0,399.4,376.55,396.0,317072.0,43.08
2022-06-20,396.0,398.85,362.25,370.0,199433.0,52.55
2022-06-21,371.9,379.4,367.95,374.3,83492.0,39.35
2022-06-22,374.9,379.65,365.2,367.3,76577.0,46.32
2022-06-23,365.0,377.0,364.35,375.25,109530.0,45.05
2022-06-24,376.0,380.5,369.0,370.3,630046.0,90.92
2022-06-27,375.5,377.0,360.05,365.15,561397.0,80.19
2022-06-28,369.95,397.9,366.65,392.35,843513.0,23.77
2022-06-29,386.0,403.5,385.3,394.75,475020.0,26.87
2022-06-30,391.0,396.75,388.55,395.6,195668.0,54.65
2022-07-01,395.75,398.9,385.0,391.0,120133.0,48.88
2022-07-04,388.1,399.0,387.15,396.9,104199.0,57.52
2022-07-05,398.9,417.1,394.0,403.1,499830.0,53.42
2022-07-06,405.1,413.0,397.0,406.8,231660.0,42.86
2022-07-07,408.3,409.85,394.8,399.3,189102.0,49.1
2022-07-08,401.4,408.5,395.05,405.95,219505.0,46.68
2022-07-11,405.95,420.0,404.95,409.25,338363.0,40.83
2022-07-12,409.0,413.0,402.0,404.85,143483.0,59.76
2022-07-13,407.0,413.0,391.15,395.4,179987.0,54.62
2022-07-14,395.25,401.85,383.25,389.95,205944.0,53.26
2022-07-15,392.0,400.95,389.05,392.8,202327.0,59.24
2022-07-18,394.9,416.0,393.85,412.75,301461.0,50.63
2022-07-19,412.95,459.5,412.1,441.0,3704017.0,20.61
2022-07-20,443.0,459.4,436.05,451.25,880536.0,24.89
2022-07-21,453.5,461.0,445.25,455.4,613096.0,32.71
2022-07-22,458.0,466.95,447.5,458.95,780303.0,36.6
2022-07-25,460.1,479.5,454.3,464.3,1188169.0,33.9
2022-07-26,465.0,474.3,449.1,452.85,418422.0,39.08
2022-07-27,451.8,459.0,450.05,452.6,257760.0,46.98
2022-07-28,455.8,468.0,448.4,452.5,281793.0,36.09
2022-07-29,455.9,487.0,453.5,474.2,1541874.0,31.18
2022-08-01,478.0,507.4,472.55,504.0,1725279.0,34.64
2022-08-02,504.0,519.75,500.0,515.8,1290890.0,42.81
2022-08-03,517.4,524.95,502.95,514.8,997577.0,60.38
2022-08-04,518.0,526.95,503.9,513.8,591366.0,39.95
2022-08-05,514.5,517.55,503.35,507.15,265385.0,44.24
2022-08-10,518.7,532.3,511.1,522.6,389790.0,40.43
2022-08-11,522.0,525.35,507.6,520.25,343002.0,45.59
2022-08-12,516.0,530.0,516.0,523.95,460138.0,58.96
2022-08-15,516.0,530.0,516.0,523.95,460138.0,58.96
2022-08-16,525.0,527.0,508.0,511.75,482543.0,59.3
2022-08-17,511.75,520.0,508.25,514.25,224935.0,49.53
2022-08-18,512.1,523.0,510.65,517.6,429315.0,54.09
2022-08-19,519.7,527.0,516.1,517.5,402305.0,51.83
2022-08-22,518.0,525.0,514.65,520.2,486284.0,61.59
2022-08-23,521.4,555.0,520.0,549.65,1267307.0,35.63
2022-08-24,554.0,571.0,538.0,546.6,1110320.0,30.08
2022-08-25,547.4,559.6,536.55,540.8,372419.0,31.64
2022-08-26,545.1,558.9,545.1,550.9,386437.0,33.57
2022-08-29,525.55,559.95,525.55,556.0,446872.0,41.77
2022-08-30,560.0,583.95,560.0,569.65,590237.0,46.17
2022-08-31,560.0,583.95,560.0,569.65,590237.0,46.17
2022-09-01,571.5,580.0,567.65,572.3,367516.0,47.26
2022-09-02,576.9,580.0,561.0,566.8,524171.0,63.75
2022-09-05,566.0,566.8,533.6,536.7,635255.0,42.49
2022-09-06,539.9,543.5,518.15,537.5,544258.0,34.22
2022-09-07,538.05,565.0,534.05,557.95,672854.0,38.65
2022-09-08,560.1,570.0,530.35,536.9,609616.0,47.0
2022-09-09,540.9,542.65,520.9,528.75,302986.0,46.75
2022-09-12,528.75,532.75,510.3,513.8,431414.0,49.9
2022-09-13,518.9,531.8,517.25,529.95,459535.0,56.27
2022-09-14,528.0,542.0,526.45,539.6,442429.0,49.16
2022-09-15,545.1,552.0,540.8,548.65,387504.0,55.49
2022-09-16,551.4,551.5,535.2,543.4,652909.0,70.59
2022-09-19,538.5,542.8,525.1,530.25,238875.0,52.2
2022-09-20,539.0,550.15,535.1,539.55,221548.0,56.29
2022-09-21,543.05,549.45,529.6,534.35,155011.0,43.71
2022-09-22,534.35,544.45,533.0,539.65,124624.0,51.86
2022-09-23,535.0,541.15,513.05,523.8,145399.0,43.44
2022-09-26,516.0,517.0,478.65,490.45,537926.0,52.65
2022-09-27,487.55,528.0,487.55,524.35,1374814.0,20.82
2022-09-28,527.1,538.9,512.55,517.8,614814.0,30.93
2022-09-29,522.95,527.15,518.05,524.75,170863.0,40.49
2022-09-30,520.0,547.9,518.0,540.45,501438.0,55.73
2022-10-03,539.65,539.65,528.05,534.5,153517.0,42.62
2022-10-04,537.3,554.45,535.85,539.65,200710.0,40.25
2022-10-05,537.3,554.45,535.85,539.65,200710.0,40.25
2022-10-06,542.4,542.45,529.3,536.45,219462.0,51.27
2022-10-07,540.0,562.0,540.0,555.75,911566.0,38.66
2022-10-10,552.0,552.0,526.2,531.4,237938.0,44.08
2022-10-11,531.0,534.9,517.7,529.55,319114.0,43.26
2022-10-12,531.95,531.95,499.6,509.25,350899.0,46.81
2022-10-13,511.8,513.25,506.0,510.35,148941.0,46.13
2022-10-14,516.0,520.5,511.35,514.0,202855.0,50.64
2022-10-17,511.0,526.0,506.1,521.3,151280.0,60.04
2022-10-18,524.0,525.0,516.15,519.85,327381.0,69.41
2022-10-19,522.45,538.95,509.15,513.5,474861.0,39.74
2022-10-20,516.05,527.9,499.85,505.9,609725.0,55.02
2022-10-21,508.45,520.5,507.0,517.7,160488.0,49.51
2022-10-24,516.5,525.0,508.55,510.3,39546.0,58.14
2022-10-25,509.6,532.2,505.55,524.85,355978.0,58.81
2022-10-26,509.6,532.2,505.55,524.85,355978.0,58.81
2022-10-27,526.4,536.55,524.65,531.1,230216.0,51.52
2022-10-28,533.65,557.9,531.6,548.95,633018.0,45.75
2022-10-31,554.0,564.4,550.75,557.15,533432.0,50.08
2022-11-01,557.3,562.05,545.35,553.95,214642.0,38.09
2022-11-02,556.2,567.25,550.0,562.15,405457.0,46.25
2022-11-03,561.5,570.0,551.05,554.9,302582.0,34.44
2022-11-04,553.7,559.55,551.0,554.55,64175.0,48.74
2022-11-07,557.35,611.0,555.0,602.8,2017296.0,22.11
2022-11-08,557.35,611.0,555.0,602.8,2017296.0,22.11
2022-11-09,602.0,602.0,580.0,582.95,482685.0,39.29
2022-11-10,580.0,597.65,556.05,569.2,570237.0,35.2
2022-11-11,585.0,588.2,557.5,580.3,346858.0,32.88
2022-11-14,607.0,624.5,591.15,608.35,1501488.0,25.99
2022-11-15,615.0,624.35,602.5,614.65,546829.0,36.2
2022-11-16,615.1,615.1,595.0,603.0,245327.0,37.54
2022-11-17,603.0,621.35,601.85,613.9,317367.0,36.47
2022-11-18,617.4,639.5,611.25,623.65,938648.0,26.77
2022-11-21,625.0,643.7,624.75,630.75,602401.0,34.81
2022-11-22,627.8,635.45,625.35,631.45,351405.0,44.88
2022-11-23,636.0,647.9,635.5,639.45,400747.0,45.02
2022-11-24,642.65,644.9,630.1,641.05,251496.0,52.89
2022-11-25,641.1,672.0,639.1,666.45,455241.0,38.42
2022-11-28,675.4,709.9,675.4,692.85,1413338.0,31.54
2022-11-29,700.0,700.7,675.0,686.65,360941.0,35.54
2022-11-30,691.1,695.0,652.5,663.65,442975.0,46.69
2022-12-01,668.95,692.5,664.5,679.1,437465.0,32.6
2022-12-02,679.1,697.0,671.25,693.95,260429.0,40.0
2022-12-05,697.05,702.9,684.05,691.05,276996.0,41.34
2022-12-06,684.15,690.6,680.0,682.05,139509.0,51.99
2022-12-07,683.0,686.95,671.45,684.4,161816.0,31.43
2022-12-08,684.4,699.35,676.1,691.0,256370.0,47.06
2022-12-09,694.8,708.85,671.7,679.6,333342.0,42.34
2022-12-12,679.6,705.75,677.05,687.65,345012.0,40.34
2022-12-13,689.5,727.9,689.5,714.4,874898.0,41.37
2022-12-14,720.0,734.0,706.5,717.9,526028.0,29.82
2022-12-15,719.85,726.9,678.95,685.5,257965.0,44.33
2022-12-16,683.65,702.0,680.05,699.85,344650.0,43.39
2022-12-19,699.55,713.85,689.1,708.8,212487.0,40.7
2022-12-20,705.05,730.0,705.05,725.75,568252.0,48.12
2022-12-21,729.0,748.9,691.55,717.8,795663.0,28.42
2022-12-22,712.0,725.0,690.05,717.65,330215.0,35.66
2022-12-23,705.0,707.85,637.65,650.55,908088.0,28.27
2022-12-26,641.55,671.95,633.0,665.0,272925.0,25.8
2022-12-27,680.0,693.2,665.2,680.4,174755.0,28.6
2022-12-28,680.15,684.7,653.0,659.45,243152.0,35.4
2022-12-29,660.0,673.95,650.65,665.05,139310.0,43.61
2022-12-30,668.4,679.05,666.65,670.9,85332.0,43.28
2023-01-02,670.9,684.85,669.4,676.35,126813.0,47.95
2023-01-03,679.0,683.4,660.0,661.9,182373.0,56.91
2023-01-04,662.0,677.4,661.9,664.45,274619.0,47.17
2023-01-05,667.75,667.75,643.5,649.55,234770.0,66.2
2023-01-06,650.0,655.45,640.5,647.9,145356.0,52.6
2023-01-09,651.15,656.4,642.5,646.6,238949.0,59.23
2023-01-10,647.9,667.85,635.55,659.65,307857.0,41.44
2023-01-11,662.0,665.55,639.35,647.65,150704.0,38.76
2023-01-12,649.9,650.2,633.6,642.5,141115.0,46.91
2023-01-13,641.0,645.75,616.0,622.25,245257.0,41.58
2023-01-16,617.5,638.5,617.5,625.7,173689.0,26.98
2023-01-17,628.65,637.6,618.0,635.05,187769.0,44.47
2023-01-18,630.1,654.0,630.1,649.45,443429.0,66.21
2023-01-19,650.0,656.95,642.5,651.05,168706.0,27.69
2023-01-20,654.35,654.55,629.0,633.1,181776.0,28.46
2023-01-23,633.45,640.5,621.95,635.4,137360.0,36.87
2023-01-24,635.4,641.5,623.0,635.0,136035.0,22.23
2023-01-25,630.5,643.0,627.5,632.6,163673.0,58.74
2023-01-26,630.5,643.0,627.5,632.6,163673.0,58.74
2023-01-27,634.6,649.5,620.3,626.95,120384.0,53.96
2023-01-30,623.85,629.95,611.0,624.75,109270.0,51.73
2023-01-31,625.75,647.5,625.0,641.55,126528.0,57.12
2023-02-01,660.0,673.0,616.0,629.7,876560.0,35.84
2023-02-02,632.8,650.0,625.05,638.9,192738.0,40.43
2023-02-03,641.25,650.35,631.65,643.6,115430.0,44.8
2023-02-06,644.95,648.5,604.7,609.95,258606.0,46.47
2023-02-07,609.95,628.6,609.95,621.85,184649.0,47.17
2023-02-08,622.4,643.8,609.1,627.95,301409.0,38.93
2023-02-09,625.0,638.25,614.0,616.5,139909.0,44.46
2023-02-10,611.2,626.85,610.9,619.6,114383.0,54.08
2023-02-13,604.4,613.55,560.2,569.15,774943.0,44.59
2023-02-14,569.15,580.4,548.7,568.0,423397.0,53.81
2023-02-15,571.0,576.85,557.75,568.45,304445.0,29.08
2023-02-16,565.85,578.0,559.25,574.6,220675.0,32.45
2023-02-17,570.15,591.0,569.55,589.5,254341.0,28.05
2023-02-20,589.0,602.0,577.5,599.5,270963.0,34.18
2023-02-21,602.5,602.7,582.1,591.85,122902.0,35.54
2023-02-22,586.5,588.45,565.0,569.55,255253.0,31.46
2023-02-23,572.4,577.55,562.0,568.5,104903.0,43.65
2023-02-24,567.0,579.5,563.7,573.8,107425.0,50.64
2023-02-27,573.5,578.35,550.0,555.85,223187.0,43.44
2023-02-28,550.8,568.9,541.6,551.2,224207.0,54.25
2023-03-01,545.3,577.0,532.25,567.3,552621.0,43.35
2023-03-02,565.0,612.0,559.85,593.1,1247577.0,19.94
2023-03-03,590.1,592.75,578.05,579.8,399546.0,42.54
2023-03-06,588.0,588.0,577.5,582.45,148273.0,39.2
2023-03-07,588.0,588.0,577.5,582.45,148273.0,39.2
2023-03-08,577.2,610.0,575.15,606.95,473219.0,33.43
2023-03-09,610.0,626.75,605.3,619.25,334785.0,35.59
2023-03-10,613.05,615.0,595.1,606.4,375548.0,37.88
2023-03-13,599.1,599.1,575.3,579.95,272669.0,54.64
2023-03-14,571.05,593.0,566.0,584.55,301228.0,43.4
2023-03-15,587.5,597.0,583.7,589.65,136966.0,53.89
2023-03-16,589.9,602.8,569.15,591.15,504483.0,63.51
2023-03-17,591.15,601.95,588.6,594.9,220902.0,74.23
2023-03-20,590.0,602.5,579.15,589.1,434239.0,69.75
2023-03-21,591.65,609.6,590.0,604.7,275816.0,42.95
2023-03-22,609.5,617.05,603.2,606.9,201644.0,60.69
2023-03-23,601.55,609.55,599.15,601.2,166808.0,54.13
2023-03-24,604.2,631.0,601.25,624.45,851282.0,25.74
2023-03-27,624.45,640.15,624.45,634.2,411563.0,41.87
2023-03-28,635.0,644.0,610.45,635.75,338129.0,46.91
2023-03-29,630.0,655.0,628.75,650.25,323475.0,52.52
2023-03-30,630.0,655.0,628.75,650.25,323475.0,52.52
2023-03-31,650.6,659.9,635.9,644.55,375898.0,74.78
2023-04-03,651.9,654.9,644.3,645.8,105700.0,46.96
2023-04-04,651.9,654.9,644.3,645.8,105700.0,46.96
2023-04-05,637.0,648.25,623.65,638.2,298276.0,49.06
2023-04-06,639.8,652.5,638.0,646.55,366429.0,76.53
2023-04-07,639.8,652.5,638.0,646.55,366429.0,76.53
2023-04-10,652.0,652.9,640.2,644.7,133538.0,66.23
2023-04-11,647.85,666.0,640.15,649.4,673142.0,74.9
2023-04-12,652.0,658.05,643.0,647.1,564239.0,77.54
2023-04-13,645.05,655.9,642.5,647.95,251924.0,70.18
2023-04-14,645.05,655.9,642.5,647.95,251924.0,70.18
2023-04-17,646.75,659.9,642.35,645.65,171688.0,52.67
2023-04-18,649.85,661.0,625.55,657.1,305086.0,49.06
2023-04-19,657.45,668.0,640.0,641.3,247711.0,47.91
2023-04-20,645.0,653.15,643.05,647.7,147401.0,58.36
2023-04-21,649.85,649.85,632.65,639.45,77413.0,47.37
2023-04-24,640.0,648.8,635.1,645.6,90148.0,46.51
2023-04-25,649.0,650.5,630.0,636.5,111536.0,41.48
2023-04-26,639.9,652.0,633.75,649.1,142335.0,48.7
2023-04-27,649.1,679.3,647.6,664.75,453390.0,40.25
2023-04-28,664.0,679.5,660.3,677.6,205998.0,40.41
2023-05-01,664.0,679.5,660.3,677.6,205998.0,40.41
2023-05-02,690.0,690.05,665.55,668.4,182371.0,51.04
2023-05-03,670.95,677.65,665.55,669.25,143031.0,46.36
2023-05-04,670.0,677.95,660.95,672.65,133485.0,42.0
2023-05-05,666.5,668.45,645.55,655.6,249092.0,44.06
2023-05-08,658.9,671.95,655.25,667.7,135890.0,44.61
2023-05-09,669.4,672.8,650.0,651.95,99257.0,57.46
2023-05-10,656.0,684.0,655.0,680.45,305186.0,44.82
2023-05-11,680.45,687.0,672.85,680.3,139285.0,39.26
2023-05-12,681.8,682.0,665.55,676.75,151328.0,54.6
2023-05-15,703.2,732.8,690.0,721.5,2407869.0,22.51
2023-05-16,725.0,741.35,705.0,708.35,463140.0,35.71
2023-05-17,708.0,711.2,702.5,705.25,155607.0,51.6
2023-05-18,709.0,714.0,681.55,682.9,256131.0,51.55
2023-05-19,684.95,692.0,676.1,681.0,128239.0,40.2
2023-05-22,682.0,684.25,661.55,669.7,206235.0,57.82
2023-05-23,675.55,681.75,662.0,678.65,273174.0,44.87
2023-05-24,678.65,686.6,665.5,670.75,267383.0,62.97
2023-05-25,673.0,683.0,660.0,676.5,206983.0,50.72
2023-05-26,676.5,679.6,665.0,673.1,218986.0,44.4
2023-05-29,676.45,686.8,666.95,685.0,189993.0,50.95
2023-05-30,688.0,693.0,678.9,687.05,183276.0,50.68
2023-05-31,685.95,695.2,676.0,687.15,255466.0,61.07
2023-06-01,690.0,694.5,677.3,683.5,101470.0,49.97
2023-06-02,690.45,695.8,682.85,686.8,68229.0,51.44
2023-06-05,690.0,719.9,677.5,708.0,792767.0,33.78
2023-06-06,711.0,724.05,702.5,710.95,521891.0,43.56
2023-06-07,711.45,719.0,704.75,713.5,214650.0,55.2
2023-06-08,716.95,724.5,705.6,715.7,231617.0,49.44
2023-06-09,717.0,733.0,710.5,721.15,291060.0,45.1
2023-06-12,732.0,734.7,716.5,724.55,297444.0,37.02
2023-06-13,724.55,732.85,718.05,722.45,351555.0,61.39
2023-06-14,722.45,724.5,711.0,721.65,109402.0,46.61
2023-06-15,724.0,769.0,720.6,753.75,1956188.0,27.69
2023-06-16,762.0,791.15,751.5,754.95,1149305.0,42.07
2023-06-19,759.5,765.0,740.35,748.5,252667.0,34.88
2023-06-20,751.95,757.8,721.55,724.2,349891.0,50.86
2023-06-21,725.2,743.8,725.2,728.65,269916.0,45.1
2023-06-22,732.0,739.9,711.55,715.6,206956.0,46.51
2023-06-23,713.6,719.2,692.2,702.05,327593.0,39.3
2023-06-26,706.0,739.3,705.6,727.1,312976.0,48.57
2023-06-27,731.0,752.0,727.1,749.3,357095.0,46.34
2023-06-28,751.0,755.0,737.5,751.35,235243.0,53.85
2023-06-29,751.0,755.0,737.5,751.35,235243.0,53.85
2023-06-30,746.25,755.1,734.05,742.5,133825.0,62.36
2023-07-03,740.05,746.1,728.05,732.4,173822.0,48.97
2023-07-04,735.45,736.3,718.05,725.75,166529.0,47.35
2023-07-05,728.8,736.0,721.05,729.75,140912.0,54.86
2023-07-06,729.75,742.0,722.5,739.15,232835.0,56.56
2023-07-07,741.4,746.1,728.5,741.5,148843.0,52.08
2023-07-10,745.8,764.0,728.1,758.6,450989.0,42.0
2023-07-11,764.4,784.7,763.6,769.6,491904.0,49.53
2023-07-12,775.8,775.8,751.05,753.95,151676.0,49.57
2023-07-13,760.0,774.0,754.0,763.15,170410.0,36.52
2023-07-14,773.15,820.0,767.05,788.75,1599006.0,25.53
2023-07-17,796.5,805.4,784.1,799.15,262676.0,38.15
2023-07-18,803.15,814.55,779.5,783.5,230863.0,46.42
2023-07-19,785.0,814.9,770.45,781.35,257009.0,31.72
2023-07-20,781.35,788.45,768.15,771.85,183374.0,51.07
2023-07-21,765.0,776.8,761.4,764.45,124835.0,44.38
2023-07-24,766.0,794.95,766.0,777.6,253670.0,37.34
2023-07-25,781.0,788.0,772.5,777.25,114443.0,40.67
2023-07-26,781.0,797.0,766.05,768.5,198207.0,40.94
2023-07-27,775.9,794.95,754.95,762.2,200855.0,40.37
2023-07-28,766.0,788.8,758.25,768.05,119276.0,44.8
2023-07-31,771.0,791.9,765.1,789.9,277541.0,42.54
2023-08-01,793.85,798.0,783.7,790.75,140934.0,40.29
2023-08-02,786.0,803.4,777.35,789.65,282751.0,49.81
2023-08-03,790.0,808.95,786.95,803.3,565691.0,42.86
2023-08-04,803.0,834.3,791.85,800.5,781697.0,51.21
2023-08-07,804.95,825.9,769.0,773.2,381106.0,51.9
2023-08-08,777.8,779.05,740.0,753.5,384827.0,46.71
2023-08-09,755.0,759.95,750.15,757.0,104361.0,52.12
2023-08-10,757.0,766.05,750.5,759.75,119133.0,54.31
2023-08-11,761.0,769.5,759.8,763.45,123318.0,49.17
2023-08-14,755.15,755.15,725.0,732.95,302916.0,47.48
2023-08-15,755.15,755.15,725.0,732.95,302916.0,47.48
2023-08-16,730.0,766.95,725.15,752.1,538922.0,47.96
2023-08-17,754.0,792.8,753.05,771.15,861646.0,49.24
2023-08-18,774.55,804.5,774.55,779.45,476644.0,26.9
2023-08-21,784.0,791.0,772.0,775.05,217439.0,47.48
2023-08-22,780.0,780.0,764.15,767.05,101156.0,42.12
2023-08-23,769.8,786.0,766.95,780.35,524612.0,28.13
2023-08-24,787.0,790.95,764.0,766.9,150908.0,46.94
2023-08-25,769.0,782.0,754.0,761.15,183647.0,51.61
2023-08-28,763.0,771.5,759.2,761.8,123429.0,56.94
2023-08-29,765.0,766.9,748.0,752.15,269370.0,64.33
2023-08-30,753.0,762.0,750.05,758.9,117432.0,45.47
2023-08-31,761.0,767.8,752.05,764.5,130332.0,55.33
2023-09-01,765.05,781.1,764.0,768.2,198380.0,48.08
2023-09-04,769.95,777.65,765.0,767.1,129203.0,49.59
2023-09-05,766.55,775.05,766.05,769.55,126631.0,42.01
2023-09-06,770.0,774.85,763.55,771.55,309959.0,75.2
2023-09-07,773.0,850.9,772.95,815.5,4559859.0,16.94
2023-09-08,831.0,847.8,820.0,824.9,1576742.0,37.62
2023-09-11,833.0,837.3,823.1,829.15,405944.0,46.97
2023-09-12,832.0,864.8,781.05,802.1,822196.0,30.85
2023-09-13,799.0,825.9,798.85,818.85,413352.0,33.28
2023-09-14,822.85,827.85,803.5,812.2,330362.0,43.31
2023-09-15,815.0,842.35,811.1,836.25,673451.0,55.09
2023-09-18,845.0,850.5,822.0,829.2,345642.0,41.82
2023-09-19,845.0,850.5,822.0,829.2,345642.0,41.82
2023-09-20,824.85,829.0,810.35,817.05,209417.0,37.55
2023-09-21,816.05,817.05,786.0,789.55,296821.0,55.36
2023-09-22,789.7,816.5,789.7,811.15,245831.0,26.62
2023-09-25,816.7,832.5,813.2,822.8,186385.0,40.22
2023-09-26,824.8,872.35,817.35,851.1,1479973.0,29.1
2023-09-27,857.6,908.0,844.8,856.2,2426071.0,23.77
2023-09-28,854.9,858.7,837.0,842.7,297090.0,39.41
2023-09-29,848.8,862.0,835.05,847.2,355604.0,27.87
2023-10-02,848.8,862.0,835.05,847.2,355604.0,27.87
2023-10-03,847.2,857.8,840.5,854.55,198237.0,39.56
2023-10-04,855.5,855.5,834.4,840.5,172082.0,34.92
2023-10-05,845.0,864.8,822.75,826.6,381393.0,34.67
2023-10-06,830.05,842.9,827.0,836.6,174892.0,38.63
2023-10-09,830.7,856.25,816.1,847.85,365528.0,37.36
2023-10-10,852.05,867.0,843.05,850.75,281105.0,42.99
2023-10-11,855.0,866.5,848.15,856.5,207902.0,48.16
2023-10-12,862.85,876.45,860.0,865.0,349404.0,40.71
2023-10-13,860.0,873.4,860.0,864.15,246957.0,56.23
2023-10-16,868.9,919.95,866.75,879.55,1625937.0,25.62
2023-10-17,892.75,893.0,869.0,872.65,304325.0,46.33
2023-10-18,875.0,884.9,852.6,867.55,669244.0,71.29
2023-10-19,860.0,883.7,858.0,880.0,356735.0,49.73
2023-10-20,880.0,887.2,856.0,859.25,163569.0,46.92
2023-10-23,859.95,862.65,821.15,828.6,273432.0,49.41
2023-10-24,859.95,862.65,821.15,828.6,273432.0,49.41
2023-10-25,835.8,842.8,805.2,819.6,221621.0,39.31
2023-10-26,814.95,818.45,786.0,798.75,282196.0,35.74
2023-10-27,800.05,836.5,800.05,827.75,157186.0,34.57
2023-10-30,801.0,813.8,790.0,797.8,463489.0,32.75
2023-10-31,786.0,801.6,782.0,794.25,257275.0,39.47
2023-11-01,799.0,806.15,795.2,798.6,120413.0,57.65
2023-11-02,806.0,809.0,788.0,789.45,191757.0,64.55
2023-11-03,793.05,795.95,787.0,788.7,193892.0,65.23
2023-11-06,793.05,794.0,773.05,778.65,214502.0,54.71
2023-11-07,782.5,782.5,765.8,771.2,224296.0,53.36
2023-11-08,769.75,769.75,762.0,764.55,191199.0,61.95
2023-11-09,767.4,767.4,727.5,733.3,856761.0,61.09
2023-11-10,737.05,762.3,731.0,757.65,538888.0,37.13
2023-11-13,780.0,781.8,771.2,773.6,145161.0,38.01
2023-11-14,780.0,781.8,771.2,773.6,145161.0,38.01
2023-11-15,774.0,794.65,774.0,791.85,325686.0,60.53
2023-11-16,791.85,794.0,777.55,783.5,144939.0,59.22
2023-11-17,783.5,787.4,777.5,780.7,88614.0,56.47
2023-11-20,785.0,791.95,772.0,779.85,218401.0,59.92
2023-11-21,770.0,803.0,770.0,796.15,736171.0,63.95
2023-11-22,801.45,805.15,789.15,799.05,430397.0,66.35
2023-11-23,805.0,838.0,802.0,819.0,1166989.0,49.53
2023-11-24,823.0,836.6,815.7,827.0,350724.0,46.19
2023-11-27,823.0,836.6,815.7,827.0,350724.0,46.19
2023-11-28,827.0,835.7,812.0,816.0,210575.0,48.89
2023-11-29,820.0,820.95,803.0,812.5,247979.0,52.98
2023-11-30,816.55,882.0,815.0,875.55,2066347.0,32.99
2023-12-01,877.5,904.0,863.3,869.35,937312.0,29.5
2023-12-04,885.0,896.5,860.5,891.55,502743.0,45.42
2023-12-05,897.0,902.6,881.15,900.45,379055.0,46.17
2023-12-06,905.0,909.0,883.0,887.9,326497.0,48.36
2023-12-07,888.0,901.95,882.05,891.4,241072.0,40.56
2023-12-08,892.85,901.8,877.9,892.85,184262.0,42.66
2023-12-11,896.0,897.35,876.15,878.9,178554.0,53.64
2023-12-12,879.0,884.95,866.25,878.6,210588.0,57.53
2023-12-13,873.35,877.45,853.6,857.3,287441.0,57.87
2023-12-14,864.0,872.0,852.8,857.75,186316.0,58.63
2023-12-15,861.0,911.0,857.75,899.2,1264611.0,30.35
2023-12-18,914.8,936.4,890.05,923.0,1772371.0,42.22
2023-12-19,935.4,994.7,931.0,982.2,2683544.0,27.68
2023-12-20,988.0,1007.0,949.65,965.6,1269130.0,35.0
2023-12-21,960.0,1024.45,943.15,997.75,1059034.0,26.5
2023-12-22,997.75,1042.3,992.8,1016.15,967974.0,35.46
2023-12-25,997.75,1042.3,992.8,1016.15,967974.0,35.46
2023-12-26,1021.0,1039.0,992.6,996.6,649265.0,52.14
2023-12-27,1003.6,1009.75,975.1,982.1,451217.0,45.62
2023-12-28,984.0,991.95,971.0,974.55,363921.0,60.58
2023-12-29,970.0,995.0,958.25,976.8,515223.0,41.05
2024-01-01,983.5,990.05,969.05,972.65,194886.0,44.3
2024-01-02,970.0,992.8,961.85,978.35,406642.0,37.04
2024-01-03,980.65,1015.0,980.65,995.45,500820.0,33.87
2024-01-04,998.95,1006.9,972.7,974.9,554969.0,64.23
2024-01-05,979.5,992.0,967.15,975.0,496554.0,67.57
2024-01-08,979.0,980.95,962.55,969.8,219608.0,44.35
2024-01-09,971.0,982.2,963.15,965.1,226148.0,47.05
2024-01-10,963.9,976.0,946.0,969.8,434253.0,53.42
2024-01-11,974.9,989.4,963.0,974.0,198132.0,42.73
2024-01-12,979.1,981.85,957.5,960.6,226845.0,58.34
2024-01-15,964.0,971.0,949.1,953.55,194945.0,46.51
2024-01-16,956.0,980.0,955.95,976.25,334653.0,42.0
2024-01-17,968.85,986.0,943.6,951.45,612333.0,45.56
2024-01-18,951.0,970.2,935.05,959.3,302558.0,41.39
2024-01-19,970.25,971.95,953.25,966.7,211926.0,49.92
2024-01-22,966.7,988.0,965.25,968.95,282923.0,33.9
2024-01-23,970.0,989.7,951.0,958.25,410384.0,39.04
2024-01-24,957.0,979.0,953.1,973.3,297282.0,41.36
2024-01-25,980.0,1014.0,980.0,1007.7,1047781.0,41.88
2024-01-26,980.0,1014.0,980.0,1007.7,1047781.0,41.88
2024-01-29,1020.0,1043.9,1009.85,1031.35,832127.0,46.1
2024-01-30,1032.0,1034.95,986.4,990.8,416101.0,49.49
2024-01-31,995.0,1014.3,976.8,990.55,634218.0,54.19
2024-02-01,979.95,1002.0,961.0,987.7,528418.0,31.36
2024-02-02,990.65,1004.0,963.15,964.75,558281.0,49.15
2024-02-05,970.8,990.0,966.05,969.85,437694.0,46.46
2024-02-06,998.55,1029.0,961.35,1014.65,1153493.0,37.93
2024-02-07,1014.65,1023.45,995.55,998.9,235247.0,52.93
2024-02-08,1014.1,1014.1,991.1,994.25,255100.0,67.76
2024-02-09,998.0,999.0,937.05,960.35,378539.0,52.81
2024-02-12,955.0,968.1,914.15,928.95,359771.0,38.2
2024-02-13,928.95,955.0,920.0,937.15,342488.0,49.66
2024-02-14,934.15,954.8,925.3,938.15,251466.0,46.96
2024-02-15,943.1,968.1,941.5,953.45,189384.0,29.51
2024-02-16,956.95,984.6,942.65,947.4,294408.0,44.34
2024-02-19,960.1,964.05,921.0,925.1,349876.0,55.98
2024-02-20,925.1,944.0,925.0,932.1,219374.0,43.94
2024-02-21,935.0,943.1,917.0,920.1,166736.0,51.25
2024-02-22,924.9,942.0,915.0,923.05,340524.0,56.77
2024-02-23,923.7,962.5,923.7,956.5,593881.0,67.11
2024-02-26,959.35,971.05,954.05,959.2,216833.0,53.87
2024-02-27,961.95,967.7,945.0,951.35,176944.0,58.42
2024-02-28,953.0,983.3,950.0,953.7,380695.0,36.08
2024-02-29,953.7,1013.45,953.7,1005.9,1656773.0,36.86
2024-03-01,1006.9,1022.2,990.5,998.8,334322.0,32.68
2024-03-04,1005.7,1009.0,985.5,996.4,186237.0,46.08
2024-03-05,1001.1,1052.0,997.0,1021.0,915491.0,34.39
2024-03-06,1024.25,1030.0,981.7,995.3,298542.0,35.16
2024-03-07,1002.95,1018.0,985.85,1007.85,188091.0,37.95
2024-03-08,1002.95,1018.0,985.85,1007.85,188091.0,37.95
2024-03-11,1002.05,1009.9,964.8,969.15,203683.0,56.31
2024-03-12,970.4,977.4,936.0,939.85,345661.0,61.72
2024-03-13,942.45,969.15,890.0,909.7,330876.0,49.51
2024-03-14,909.0,975.0,905.0,969.45,323283.0,49.1
2024-03-15,971.95,1000.0,953.0,996.85,389973.0,50.93
2024-03-18,997.95,1018.0,979.15,1014.45,242304.0,53.65
2024-03-19,1014.0,1027.0,996.85,999.3,202008.0,55.75
2024-03-20,999.7,1000.6,972.2,978.1,127125.0,48.0
2024-03-21,983.0,997.5,977.1,983.6,197662.0,62.8
2024-03-22,979.9,1008.8,977.0,994.95,150848.0,42.54
2024-03-25,979.9,1008.8,977.0,994.95,150848.0,42.54
2024-03-26,994.7,994.7,965.9,970.1,147756.0,60.4
2024-03-27,970.0,1015.0,970.0,996.95,231080.0,66.91
2024-03-28,1013.9,1016.5,987.0,1001.25,205189.0,51.26
2024-03-29,1013.9,1016.5,987.0,1001.25,205189.0,51.26
2024-04-01,1020.0,1025.95,993.2,997.35,161607.0,53.23
2024-04-02,999.85,1034.0,980.65,995.15,581883.0,50.71
2024-04-03,989.7,1032.5,984.25,1022.05,1096021.0,56.57
2024-04-04,1031.05,1071.95,1013.1,1024.55,1091160.0,34.73
2024-04-05,1023.0,1051.0,1016.45,1041.05,386376.0,42.96
2024-04-08,1054.0,1055.3,981.0,986.65,793473.0,54.25
2024-04-09,991.1,997.85,983.0,988.35,241960.0,46.19
2024-04-10,990.0,994.7,976.55,983.65,306669.0,62.71
2024-04-11,990.0,994.7,976.55,983.65,306669.0,62.71
2024-04-12,981.0,992.05,952.1,957.15,422878.0,60.81
2024-04-15,941.1,961.4,921.05,957.1,323909.0,43.0
2024-04-16,954.0,999.9,946.25,997.1,430203.0,43.28
2024-04-17,954.0,999.9,946.25,997.1,430203.0,43.28
2024-04-18,1001.0,1026.5,983.45,1022.5,740227.0,52.07
2024-04-19,1000.0,1034.45,993.0,1008.9,415609.0,50.05
2024-04-22,1013.2,1043.6,1013.2,1031.05,552135.0,48.82
2024-04-23,1027.0,1035.8,1013.5,1020.05,269848.0,68.02
2024-04-24,1028.0,1097.0,1026.65,1068.0,1933719.0,28.6
2024-04-25,1072.0,1118.95,1070.0,1086.25,1235599.0,31.88
2024-04-26,1096.25,1114.0,1080.95,1090.2,544784.0,33.59
2024-04-29,1094.5,1102.65,1069.9,1084.05,302367.0,42.87
2024-04-30,1085.0,1115.0,1082.0,1090.05,423598.0,35.74
2024-05-01,1085.0,1115.0,1082.0,1090.05,423598.0,35.74
2024-05-02,1102.2,1129.0,1055.35,1064.7,692517.0,36.92
2024-05-03,1076.85,1081.1,1025.45,1040.75,327333.0,42.55
2024-05-06,1047.0,1059.85,997.0,1004.9,419198.0,48.54
2024-05-07,1009.95,1012.8,969.0,983.65,324486.0,56.38
2024-05-08,970.05,1004.3,970.05,993.8,234404.0,56.58
2024-05-09,993.8,999.5,951.0,969.1,343798.0,53.66
2024-05-10,975.0,1017.0,975.0,992.0,1527894.0,30.35
2024-05-13,1015.0,1028.8,962.0,1001.8,2179556.0,35.12
2024-05-14,1019.9,1123.95,1018.05,1048.95,6309842.0,17.55
2024-05-15,1057.85,1061.9,1034.0,1039.15,1135365.0,39.49
2024-05-16,1045.7,1105.5,1045.4,1059.75,2422671.0,45.84
2024-05-17,1063.0,1063.0,1020.0,1023.6,1768303.0,52.11
2024-05-20,1025.0,1073.75,1025.0,1069.2,278631.0,56.5
2024-05-21,1085.0,1085.0,1032.0,1047.7,2013646.0,58.8
2024-05-22,1046.0,1049.8,1024.6,1025.0,1085534.0,65.03
2024-05-23,1035.95,1045.8,1017.95,1024.35,1624332.0,61.24
2024-05-24,1025.2,1033.5,1007.6,1012.7,850318.0,64.0
2024-05-27,1026.3,1031.5,999.0,1002.85,621052.0,64.99
2024-05-28,1008.9,1018.85,992.5,1010.3,1288594.0,65.5
2024-05-29,1010.2,1075.0,1001.95,1056.1,3322697.0,27.14
2024-05-30,1055.9,1074.0,1025.95,1029.95,742999.0,52.94
2024-05-31,1036.0,1093.8,1018.1,1077.3,1900000.0,58.57
2024-06-03,1120.0,1120.0,1045.8,1065.05,1320329.0,46.14
2024-06-04,1068.0,1068.0,929.95,986.95,1589154.0,34.59
2024-06-05,988.0,1058.95,970.8,1052.65,917879.0,45.45
2024-06-06,1060.0,1083.6,1048.45,1069.85,1031839.0,57.9
2024-06-07,1076.0,1197.6,1072.9,1157.8,5365786.0,35.34
2024-06-10,1170.0,1209.8,1156.0,1187.85,2199178.0,41.47
2024-06-11,1190.0,1197.25,1161.2,1173.6,877183.0,37.05
2024-06-12,1174.0,1188.0,1156.9,1159.4,550029.0,41.25
2024-06-13,1160.1,1198.0,1158.0,1188.35,604696.0,44.19
2024-06-14,1198.0,1241.0,1175.05,1215.8,1727425.0,34.47
2024-06-17,1198.0,1241.0,1175.05,1215.8,1727425.0,34.47
2024-06-18,1227.95,1253.3,1215.9,1227.15,1214053.0,34.48
2024-06-19,1230.3,1234.55,1180.0,1191.85,704430.0,43.02
2024-06-20,1192.0,1206.35,1175.0,1179.2,603345.0,34.79
2024-06-21,1181.0,1202.5,1157.55,1167.6,599839.0,41.13
2024-06-24,1167.6,1238.85,1165.95,1198.55,1347008.0,23.99
2024-06-25,1205.0,1218.0,1184.0,1189.7,705741.0,40.13
2024-06-26,1198.6,1213.0,1188.35,1192.35,623116.0,52.31
2024-06-27,1199.0,1202.0,1180.2,1190.95,606814.0,57.57
2024-06-28,1197.0,1255.0,1195.0,1225.0,1518337.0,31.09
2024-07-01,1230.0,1232.95,1209.05,1218.6,433801.0,48.73
2024-07-02,1229.7,1250.0,1206.05,1214.8,540044.0,39.65
2024-07-03,1230.0,1248.95,1209.25,1237.85,528118.0,42.47
2024-07-04,1249.85,1274.75,1230.1,1239.35,1053547.0,29.14
2024-07-05,1249.0,1294.0,1240.25,1267.8,1297823.0,32.87
2024-07-08,1303.35,1449.95,1303.35,1343.2,6976979.0,27.77
2024-07-09,1400.0,1428.4,1371.0,1389.05,3287430.0,33.87
2024-07-10,1400.9,1400.9,1317.55,1362.55,1595374.0,36.83
2024-07-11,1375.0,1543.7,1373.45,1454.05,18069056.0,16.41
2024-07-12,1475.0,1525.0,1425.0,1440.2,4643021.0,23.38
2024-07-15,1440.2,1454.6,1382.9,1396.25,1653115.0,34.56
2024-07-16,1399.35,1412.5,1351.0,1361.4,1451815.0,38.28
2024-07-17,1399.35,1412.5,1351.0,1361.4,1451815.0,38.28
2024-07-18,1367.7,1379.0,1317.2,1337.95,1663998.0,35.52
2024-07-19,1336.5,1348.15,1289.75,1294.7,1443428.0,41.94
2024-07-22,1282.0,1418.75,1262.15,1366.5,4064571.0,15.3
2024-07-23,1383.0,1390.0,1260.6,1322.85,2553149.0,24.94
2024-07-24,1322.85,1354.95,1310.75,1329.2,625916.0,30.07
2024-07-25,1315.0,1352.75,1302.25,1343.15,1099979.0,31.91
2024-07-26,1340.0,1359.8,1328.25,1345.1,807777.0,42.2
2024-07-29,1352.0,1405.0,1352.0,1372.75,1269693.0,39.86
2024-07-30,1375.0,1389.25,1362.0,1377.05,688940.0,43.37
2024-07-31,1383.75,1411.0,1363.1,1387.65,1111154.0,32.99
2024-08-01,1395.0,1419.05,1351.2,1362.55,2378377.0,31.64
2024-08-02,1347.1,1359.0,1321.05,1333.35,843618.0,43.11
2024-08-05,1267.05,1311.95,1252.15,1260.6,1247187.0,36.52
2024-08-06,1279.0,1340.0,1270.0,1292.45,1871723.0,33.96
2024-08-07,1318.3,1374.0,1295.0,1340.4,1641403.0,41.8
2024-08-08,1332.0,1365.0,1325.0,1358.55,757146.0,40.15
2024-08-09,1372.4,1377.0,1325.7,1332.8,637918.0,35.1
2024-08-12,1325.0,1367.15,1321.0,1346.1,629530.0,38.16
2024-08-13,1339.05,1402.0,1331.0,1369.6,1419271.0,38.53
2024-08-14,1375.0,1392.6,1352.9,1368.65,626309.0,29.67
2024-08-15,1375.0,1392.6,1352.9,1368.65,626309.0,29.67
2024-08-16,1380.0,1389.0,1351.1,1380.0,641052.0,37.1
2024-08-19,1392.45,1420.0,1385.0,1388.0,846946.0,37.11
2024-08-20,1395.0,1395.0,1351.2,1357.15,714413.0,51.07
2024-08-21,1354.1,1397.85,1351.2,1379.5,755298.0,39.0
2024-08-22,1387.0,1390.0,1362.5,1374.4,527389.0,57.86
2024-08-23,1378.0,1378.0,1312.05,1317.45,945269.0,55.6
2024-08-26,1325.05,1331.45,1272.0,1275.95,855366.0,51.77
2024-08-27,1282.1,1324.0,1282.0,1309.1,910128.0,40.15
2024-08-28,1310.5,1317.5,1296.85,1308.9,425315.0,45.62
2024-08-29,1308.55,1312.9,1292.0,1301.5,263646.0,46.22
2024-08-30,1305.7,1345.0,1293.1,1331.95,665315.0,49.23
2024-09-02,1339.85,1341.05,1306.0,1317.75,345229.0,45.68
2024-09-03,1321.8,1330.1,1306.8,1316.35,387557.0,49.42
2024-09-04,1308.1,1341.0,1287.25,1331.4,539389.0,54.37
2024-09-05,1337.7,1349.4,1324.4,1332.05,530780.0,62.8
2024-09-06,1332.0,1332.0,1286.0,1294.75,380959.0,60.08
2024-09-09,1286.1,1293.05,1246.0,1273.7,506745.0,53.3
2024-09-10,1275.25,1299.0,1261.0,1291.75,480811.0,47.05
2024-09-11,1293.0,1333.95,1274.4,1278.6,614559.0,39.52
2024-09-12,1286.45,1288.7,1263.55,1279.2,357753.0,59.22
2024-09-13,1279.2,1279.2,1256.15,1259.8,530647.0,55.12
2024-09-16,1277.25,1277.25,1251.1,1260.55,338375.0,44.06
2024-09-17,1262.05,1279.0,1244.0,1255.05,416327.0,52.74
2024-09-18,1257.95,1259.9,1229.0,1235.25,304849.0,55.25
2024-09-19,1243.0,1253.95,1183.05,1206.85,548691.0,50.9
2024-09-20,1213.6,1246.9,1208.5,1223.7,789725.0,47.62
2024-09-23,1229.0,1244.3,1222.9,1239.15,347271.0,60.03
2024-09-24,1239.15,1245.7,1215.6,1221.9,354710.0,64.01
2024-09-25,1227.5,1232.7,1202.35,1207.3,346665.0,69.69
2024-09-26,1217.75,1219.0,1200.0,1206.1,274925.0,57.8
2024-09-27,1211.5,1228.7,1202.4,1209.7,398587.0,59.41
2024-09-30,1218.0,1218.0,1181.25,1200.5,574157.0,54.08
2024-10-01,1202.0,1210.5,1196.25,1201.15,166546.0,47.46
2024-10-02,1202.0,1210.5,1196.25,1201.15,166546.0,47.46
2024-10-03,1175.8,1238.0,1175.4,1233.0,767956.0,41.81
2024-10-04,1235.0,1254.5,1220.0,1233.45,894861.0,51.41
2024-10-07,1235.95,1244.4,1178.1,1202.65,426923.0,52.15
2024-10-08,1211.55,1282.0,1191.7,1272.75,623387.0,47.42
2024-10-09,1283.45,1302.0,1274.3,1294.2,506284.0,52.46
2024-10-10,1306.0,1306.0,1267.0,1272.55,323321.0,47.85
2024-10-11,1264.4,1276.25,1259.25,1271.8,134173.0,42.81
2024-10-14,1278.2,1289.35,1262.35,1277.65,298833.0,53.97
2024-10-15,1277.5,1296.4,1265.05,1280.05,550001.0,73.39
2024-10-16,1286.95,1354.35,1275.05,1340.7,1104659.0,41.69
2024-10-17,1356.0,1365.0,1310.0,1317.0,381190.0,45.64
2024-10-18,1315.0,1315.0,1263.6,1268.05,442406.0,56.06
2024-10-21,1270.0,1281.6,1242.75,1251.9,262354.0,50.01
2024-10-22,1245.05,1249.0,1215.5,1230.75,258401.0,48.53
2024-10-23,1212.3,1235.0,1163.55,1214.5,501359.0,34.41
2024-10-24,1214.0,1258.5,1194.1,1252.7,340624.0,35.41
2024-10-25,1244.0,1259.25,1190.0,1246.9,494684.0,42.37
2024-10-28,1240.0,1255.0,1205.55,1245.75,397622.0,54.15
2024-10-29,1248.8,1252.9,1224.0,1239.65,258485.0,46.72
2024-10-30,1239.65,1294.95,1230.0,1287.95,302008.0,42.67
2024-10-31,1290.95,1294.95,1274.05,1289.4,392643.0,59.81
2024-11-01,1296.0,1300.85,1271.2,1284.15,40454.0,60.79
2024-11-04,1284.9,1307.2,1259.65,1293.45,306863.0,45.34
2024-11-05,1286.5,1305.45,1279.0,1293.7,359165.0,59.48
2024-11-06,1292.95,1292.95,1255.25,1257.95,784028.0,63.76
2024-11-07,1258.6,1334.6,1258.6,1291.6,1479765.0,34.89
2024-11-08,1210.0,1236.0,1188.05,1203.8,1386860.0,30.18
2024-11-11,1210.8,1222.55,1177.05,1180.75,498104.0,46.29
2024-11-12,1194.05,1201.75,1115.0,1124.9,722760.0,42.95
2024-11-13,1125.0,1137.1,1082.0,1085.45,471377.0,45.09
2024-11-14,1085.6,1114.95,1082.6,1112.1,454501.0,44.22
2024-11-18,1108.0,1119.9,1065.0,1067.95,335512.0,42.79
2024-11-19,1071.25,1085.95,1057.15,1062.6,359004.0,53.69
2024-11-20,1071.25,1085.95,1057.15,1062.6,359004.0,53.69
2024-11-21,1062.2,1080.0,1040.1,1074.8,314130.0,44.8
2024-11-22,1075.35,1094.95,1053.0,1088.55,301711.0,36.24
2024-11-25,1098.35,1121.9,1090.7,1097.65,304556.0,49.4
2024-11-26,1101.2,1119.4,1100.0,1111.6,238199.0,51.65
2024-11-27,1118.0,1118.0,1090.5,1107.05,214513.0,56.25
2024-11-28,1101.9,1133.55,1099.0,1103.1,338980.0,35.04
2024-11-29,1109.9,1114.0,1091.0,1100.85,194667.0,43.7
2024-12-02,1096.15,1100.7,1068.0,1076.65,673213.0,44.85
2024-12-03,1080.0,1124.4,1078.7,1109.85,660773.0,42.28
2024-12-04,1119.0,1119.7,1081.3,1084.85,624721.0,50.83
2024-12-05,1094.9,1096.0,1072.55,1076.8,343292.0,49.65
2024-12-06,1085.85,1112.55,1081.6,1101.05,620563.0,43.44
2024-12-09,1102.05,1124.8,1094.6,1107.55,483522.0,43.75
2024-12-10,1108.65,1113.85,1075.75,1079.0,694200.0,56.69
2024-12-11,1085.95,1093.0,1081.05,1083.8,313092.0,50.33
2024-12-12,1083.8,1087.5,1068.0,1084.35,389355.0,51.37
2024-12-13,1083.0,1085.9,1068.1,1072.85,274738.0,46.48
2024-12-16,1072.9,1079.2,1061.75,1070.3,367601.0,55.6
2024-12-17,1068.0,1072.7,1048.55,1050.3,388793.0,58.73
2024-12-18,1055.0,1058.4,1016.0,1029.6,535394.0,50.84
2024-12-19,1011.0,1027.5,1007.8,1024.65,240688.0,57.58
2024-12-20,1030.0,1030.0,972.0,993.3,336438.0,58.82
2024-12-23,994.05,996.3,945.4,950.7,783997.0,49.31
2024-12-24,955.05,1014.45,955.05,969.55,2298696.0,8.83
2024-12-25,955.05,1014.45,955.05,969.55,2298696.0,8.83
2024-12-26,974.65,978.95,958.5,964.55,297451.0,41.2
2024-12-27,966.4,988.0,959.3,983.05,345329.0,31.94
2024-12-30,985.3,985.45,941.0,946.65,464400.0,52.39
2024-12-31,946.65,967.4,943.1,962.0,433442.0,53.51
2025-01-01,963.0,973.65,961.65,969.95,119604.0,42.21
2025-01-02,975.05,992.7,966.9,978.45,272210.0,45.63
2025-01-03,981.0,992.2,978.45,984.7,271963.0,48.65
2025-01-06,987.0,987.0,942.05,945.3,324423.0,59.1
2025-01-07,949.9,982.5,949.9,980.75,446255.0,47.51
2025-01-08,985.0,985.0,957.0,964.2,458546.0,58.27
2025-01-09,955.45,972.0,950.0,952.3,258418.0,57.75
2025-01-10,948.0,959.1,931.3,937.85,317549.0,48.68
2025-01-13,937.85,937.85,892.0,896.7,481155.0,51.93
2025-01-14,900.0,937.5,900.0,932.95,317006.0,49.32
2025-01-15,932.95,939.0,910.5,913.45,376968.0,56.84
2025-01-16,930.15,1005.0,930.0,988.3,1632251.0,17.08
2025-01-17,978.95,978.95,948.0,952.15,582939.0,36.12
2025-01-20,961.15,966.45,949.95,959.35,196622.0,39.13
2025-01-21,968.2,968.2,928.3,948.7,520019.0,44.38
2025-01-22,951.55,951.55,925.9,947.45,453256.0,55.93
2025-01-23,947.05,969.0,935.65,965.3,261328.0,53.68
2025-01-24,965.0,968.6,935.1,938.15,235455.0,53.88
2025-01-27,938.15,938.15,900.95,912.05,201968.0,46.6
2025-01-28,908.5,927.45,880.1,908.9,703302.0,24.09
2025-01-29,919.0,938.1,903.05,931.25,286108.0,43.07
2025-01-30,937.7,956.05,928.4,948.15,244615.0,42.18
2025-01-31,955.0,990.0,946.05,984.0,443630.0,38.16
2025-02-03,987.85,987.85,938.0,954.85,556864.0,51.54
2025-02-04,956.0,970.0,930.5,938.4,393866.0,50.27
2025-02-05,941.05,946.25,923.4,924.45,635829.0,56.65
2025-02-06,932.0,932.0,895.0,898.5,950815.0,53.96
2025-02-07,902.0,929.0,902.0,913.15,752632.0,36.58
2025-02-10,914.05,917.0,899.0,912.9,433184.0,54.34
2025-02-11,905.1,912.0,878.25,884.5,479692.0,53.88
2025-02-12,882.5,895.5,852.9,893.0,568347.0,36.66
2025-02-13,899.0,916.0,898.0,911.95,426907.0,55.37
2025-02-14,911.95,919.0,882.5,902.5,729480.0,60.42
2025-02-17,884.05,907.0,880.8,902.65,269475.0,42.65
2025-02-18,909.45,909.85,888.8,894.55,289411.0,45.29
2025-02-19,885.95,908.6,881.45,902.55,192742.0,38.53
2025-02-20,901.0,922.95,890.9,911.65,253634.0,38.83
2025-02-21,914.95,923.55,900.25,905.05,515188.0,45.4
2025-02-24,890.05,894.75,882.15,891.7,308873.0,49.52
2025-02-25,892.7,897.6,880.5,883.05,209243.0,52.54
2025-02-27,882.1,883.35,832.0,837.95,541818.0,49.14
2025-02-28,835.9,835.9,805.0,810.7,442983.0,47.18
2025-03-03,814.0,826.0,800.3,821.9,358780.0,40.41
2025-03-04,821.9,828.0,797.5,821.65,653156.0,39.03
2025-03-05,812.05,849.0,810.6,847.3,311893.0,48.98
2025-03-06,850.1,875.0,850.1,872.55,294216.0,46.82
2025-03-07,877.45,910.0,874.0,906.5,404534.0,44.12
2025-03-10,909.75,909.75,883.1,892.95,529189.0,59.85
2025-03-11,880.0,907.0,874.0,905.15,392890.0,42.88
2025-03-12,904.5,908.4,891.05,895.9,379818.0,63.1
2025-03-13,892.0,902.5,889.2,897.1,216894.0,59.26
2025-03-17,897.1,902.3,889.0,892.7,227336.0,61.31
2025-03-18,895.0,901.55,892.0,898.2,231228.0,57.32
2025-03-19,901.55,936.9,894.0,930.2,852151.0,32.52
2025-03-20,938.9,955.0,933.75,952.95,628499.0,38.61
2025-03-21,952.95,955.0,930.75,942.25,386895.0,56.56
2025-03-24,949.9,963.0,942.55,945.4,276972.0,39.64
2025-03-25,959.0,960.3,920.6,924.85,374587.0,46.51
2025-03-26,929.9,935.85,910.0,915.6,258692.0,47.75
2025-03-27,923.0,928.9,913.8,920.05,365824.0,54.01
2025-03-28,920.15,953.0,920.15,931.65,652583.0,44.48
2025-04-01,926.0,940.6,920.0,923.25,235887.0,49.34
2025-04-02,916.05,933.45,916.05,928.35,114895.0,48.73
2025-04-03,930.0,939.0,919.9,936.1,220545.0,47.74
2025-04-04,933.5,939.1,905.0,906.6,315834.0,64.16
2025-04-07,802.3,877.5,802.25,872.9,315363.0,46.4
2025-04-08,885.95,894.2,861.0,864.6,288716.0,54.88
2025-04-09,864.0,873.0,850.5,860.4,325111.0,57.08
2025-04-11,888.4,889.0,860.45,862.95,392630.0,62.42
2025-04-15,870.0,885.0,861.3,880.1,560430.0,56.12
2025-04-16,881.9,905.0,877.05,889.45,372778.0,46.44
2025-04-17,890.0,890.0,864.0,878.2,430331.0,48.64
2025-04-21,883.95,911.8,878.15,906.85,340834.0,41.86
2025-04-22,910.6,934.2,907.45,911.75,401432.0,45.7
2025-04-23,919.9,933.0,910.3,924.25,377355.0,46.15
2025-04-24,920.25,940.0,914.0,917.1,338959.0,41.4
2025-04-25,921.3,922.05,873.25,886.7,377392.0,45.28
2025-04-28,876.0,909.9,875.0,908.2,260515.0,35.22
2025-04-29,915.9,916.85,895.0,900.7,288215.0,40.56
2025-04-30,897.0,903.0,865.0,870.05,259261.0,57.35
2025-05-02,878.0,883.0,865.6,877.6,170464.0,46.49
2025-05-05,884.0,935.0,878.15,930.8,1072831.0,27.57
2025-05-06,927.0,927.0,884.2,887.6,464916.0,44.52
2025-05-07,868.2,885.85,866.95,872.55,337423.0,39.48
2025-05-08,883.4,887.25,860.0,863.85,183097.0,46.73
2025-05-09,846.6,880.0,845.0,875.55,322198.0,44.39
2025-05-12,863.05,918.0,863.05,912.8,1382304.0,31.87
2025-05-13,910.0,919.55,892.1,895.45,464822.0,52.03
2025-05-14,902.6,932.9,895.5,921.5,858838.0,45.76
2025-05-15,918.0,923.7,903.6,909.4,487835.0,56.54
2025-05-16,913.0,984.0,905.5,972.75,2716597.0,29.39
2025-05-19,985.0,992.15,959.5,962.45,1079700.0,57.73
2025-05-20,965.0,969.45,915.15,917.55,651874.0,61.16
2025-05-21,921.0,928.85,908.0,910.5,499766.0,54.97
2025-05-22,911.7,922.0,904.65,911.8,750972.0,43.19
2025-05-23,915.65,935.5,908.05,923.3,359618.0,37.52
2025-05-26,927.85,942.9,924.2,931.8,343073.0,35.98
2025-05-27,932.0,935.5,922.5,934.3,393783.0,48.94
2025-05-28,937.45,947.0,930.5,941.35,375015.0,44.12
2025-05-29,942.25,957.0,933.3,936.9,357471.0,54.75
2025-05-30,939.4,943.0,924.65,930.8,621893.0,64.13
2025-06-02,927.95,980.0,926.6,971.85,1694698.0,29.62
2025-06-03,971.9,984.0,963.05,976.6,569620.0,44.91
2025-06-04,980.0,1007.65,966.6,990.5,1408163.0,37.11
2025-06-05,995.0,1009.0,986.0,1000.0,1549857.0,74.88
2025-06-06,1004.9,1022.65,983.15,985.2,834835.0,56.63
2025-06-09,1001.9,1002.65,984.1,987.35,263250.0,48.2
2025-06-10,992.15,993.7,975.0,981.65,393358.0,42.41
2025-06-11,989.0,990.0,962.2,966.7,386141.0,57.38
2025-06-12,966.7,980.5,961.3,975.0,625573.0,57.65
2025-06-13,956.0,1049.0,941.4,989.45,8071077.0,18.91
2025-06-16,1001.25,1025.0,991.25,1005.15,1809934.0,20.97
2025-06-17,1005.05,1006.15,968.85,978.35,922554.0,38.04
2025-06-18,978.0,991.8,956.6,962.6,1134110.0,55.17
2025-06-19,961.0,969.0,944.1,956.2,836521.0,34.72
2025-06-20,956.2,973.0,935.7,962.85,687262.0,31.16
2025-06-23,970.0,997.5,963.05,994.55,1179307.0,36.92
2025-06-24,983.0,986.8,965.0,972.7,720133.0,45.86
2025-06-25,981.9,1004.9,976.05,986.0,646794.0,42.36
2025-06-26,985.95,993.4,973.05,987.95,459717.0,46.86
2025-06-27,984.0,991.95,972.05,973.8,643043.0,66.25
2025-06-30,975.8,997.7,975.6,978.85,339031.0,36.44
2025-07-01,984.95,991.0,975.5,979.8,514425.0,44.03
2025-07-02,981.35,1003.5,972.5,1000.0,579955.0,54.2
2025-07-03,1005.0,1030.9,996.85,999.95,1095996.0,36.24
2025-07-04,1007.1,1039.95,1005.2,1033.0,1270480.0,38.02
2025-07-07,1039.0,1044.6,1020.0,1023.5,739643.0,48.33
2025-07-08,1023.55,1037.4,1010.5,1015.4,643815.0,48.43
2025-07-09,1012.0,1034.0,1005.0,1028.5,431169.0,51.34
2025-07-10,1027.85,1027.85,1002.0,1006.25,434972.0,48.84
2025-07-11,1004.8,1021.9,990.3,992.0,280759.0,40.14
2025-07-14,992.0,1002.0,982.6,994.8,200343.0,40.28
2025-07-15,994.95,1008.65,986.2,988.2,341729.0,54.73
2025-07-16,986.05,995.75,982.15,990.4,220737.0,61.26
2025-07-17,993.9,998.7,985.6,995.15,278937.0,59.34
2025-07-18,995.0,998.0,983.0,991.6,224342.0,57.47
2025-07-21,995.0,995.0,981.1,990.4,172998.0,53.83
2025-07-22,994.0,1002.45,988.1,990.15,168656.0,56.15
2025-07-23,991.15,995.0,984.25,989.65,166189.0,48.39
2025-07-24,991.6,994.9,971.5,976.05,286450.0,61.67
2025-07-25,976.0,976.25,947.65,961.85,351498.0,53.3
2025-07-28,957.05,966.3,930.4,933.8,189017.0,51.01
2025-07-29,934.05,960.9,918.0,958.15,331991.0,47.46
2025-07-30,957.95,960.4,943.0,947.0,145547.0,51.93
2025-07-31,939.0,948.0,924.75,939.9,123090.0,43.0
2025-08-01,928.0,944.85,913.1,929.25,293566.0,44.62
2025-08-04,937.05,937.1,921.75,930.5,166932.0,55.19
2025-08-05,930.05,936.7,921.35,924.5,135062.0,57.9
2025-08-06,922.0,934.0,914.7,932.05,227414.0,47.44
2025-08-07,921.0,944.35,921.0,939.95,155562.0,47.72
2025-08-08,943.9,943.9,925.0,930.85,91961.0,57.13
2025-08-11,929.2,950.5,925.3,946.85,188667.0,53.92
2025-08-12,949.95,977.5,946.85,973.95,280009.0,43.1
2025-08-13,972.0,973.9,952.2,958.85,145796.0,49.02
2025-08-14,953.8,975.0,944.85,970.8,166971.0,45.57
2025-08-18,977.3,982.05,959.05,974.05,206604.0,32.95
2025-08-19,974.95,985.0,968.1,982.5,129066.0,54.56
2025-08-20,987.25,988.0,977.5,982.3,110471.0,47.06
2025-08-21,982.9,989.0,974.4,980.15,136212.0,53.35
2025-08-22,984.9,984.9,964.5,967.85,80671.0,58.17
2025-08-25,967.85,969.3,950.0,954.5,64003.0,54.85
2025-08-26,955.95,957.0,939.0,947.4,140890.0,54.48
2025-08-28,940.05,944.0,925.3,934.7,170223.0,59.92
2025-08-29,934.9,944.05,925.0,927.35,88298.0,47.02
2025-09-01,924.9,961.35,922.5,956.4,130864.0,64.27
2025-09-02,960.5,974.2,948.65,960.6,100178.0,51.53
2025-09-03,955.0,971.0,953.0,958.8,106256.0,40.05
2025-09-04,965.0,975.0,956.8,971.0,192956.0,48.87
2025-09-05,973.0,974.0,961.5,971.15,102043.0,45.47
2025-09-08,971.5,973.6,948.4,951.9,144478.0,62.8
2025-09-09,955.0,996.0,952.0,975.15,629071.0,38.53
2025-09-10,984.9,994.0,977.05,987.75,122247.0,49.12
2025-09-11,989.3,998.4,985.55,986.55,185012.0,50.34
2025-09-12,988.1,996.0,983.5,992.0,144971.0,45.14
2025-09-15,995.7,1008.0,992.0,995.7,212141.0,43.02
2025-09-16,996.0,1068.5,996.0,1058.15,2375008.0,28.09
2025-09-17,1052.6,1063.0,1038.85,1047.7,720705.0,42.55
2025-09-18,1050.0,1074.0,1034.75,1059.65,758379.0,47.26
2025-09-19,1058.0,1064.8,1047.55,1054.4,676543.0,73.37
2025-09-22,1062.9,1087.5,1041.75,1047.85,828207.0,40.28
2025-09-23,1052.0,1060.0,1035.0,1042.0,452648.0,48.63
2025-09-24,1048.55,1055.5,1016.05,1028.95,461231.0,52.16
2025-09-25,1030.05,1038.4,1013.25,1018.0,272074.0,57.68
2025-09-26,1010.1,1016.15,984.95,995.1,328216.0,51.26
2025-09-29,995.0,1009.0,971.1,976.0,461912.0,64.91
2025-09-30,979.7,1019.0,979.7,993.75,743700.0,32.7
2025-10-01,993.95,1006.7,981.5,994.6,993626.0,82.74
2025-10-03,1003.4,1069.95,1000.3,1054.15,2454771.0,20.95
2025-10-06,1050.1,1063.85,1040.55,1061.55,421176.0,54.85
2025-10-07,1060.0,1063.1,1042.2,1048.25,321422.0,54.99
2025-10-08,1047.5,1068.0,1036.05,1040.5,340709.0,45.76
2025-10-09,1040.55,1056.8,1037.0,1050.2,282256.0,58.7
2025-10-10,1050.2,1061.3,1044.05,1049.75,234502.0,64.69
2025-10-13,1043.3,1052.5,1040.0,1045.95,234955.0,70.36
2025-10-14,1045.75,1052.3,1023.6,1029.2,294122.0,60.53
2025-10-15,1030.0,1038.4,1021.2,1032.25,328221.0,63.69
2025-10-16,1031.8,1047.45,1028.4,1045.0,124949.0,56.86
2025-10-17,1046.9,1048.25,1025.5,1034.5,134518.0,58.11
2025-10-20,1034.5,1044.4,1026.1,1033.45,110156.0,42.99
2025-10-21,1039.9,1042.35,1031.1,1036.0,28136.0,51.31
2025-10-22,1039.9,1042.35,1031.1,1036.0,28136.0,51.31
2025-10-23,1037.8,1043.95,1015.8,1019.25,147926.0,53.31
2025-10-24,1019.25,1034.8,1002.55,1022.8,402729.0,57.28
2025-10-27,1026.3,1060.0,1021.0,1052.5,630334.0,65.07
2025-10-28,1065.0,1087.0,1038.5,1058.05,905511.0,47.87
2025-10-29,1046.0,1082.0,1046.0,1071.9,455111.0,66.22
2025-10-30,1074.05,1090.0,1066.75,1083.65,313289.0,46.08
2025-10-31,1088.1,1137.7,1076.1,1099.6,1210045.0,36.19
2025-11-03,1101.0,1112.3,1079.0,1084.6,238515.0,42.45
2025-11-04,1082.1,1095.0,1050.0,1053.4,442426.0,42.26
2025-11-05,1082.1,1095.0,1050.0,1053.4,442426.0,42.26
2025-11-06,1053.4,1064.8,1044.1,1049.5,201180.0,38.52
2025-11-07,1044.2,1088.0,1035.1,1085.2,432319.0,49.26
2025-11-10,1084.9,1093.3,1064.0,1089.6,400513.0,47.59
2025-11-11,1094.0,1124.5,1082.0,1108.8,1167229.0,64.59
2025-11-12,1118.0,1179.0,1110.5,1159.0,1956849.0,35.55
2025-11-13,1162.0,1163.9,1125.6,1136.0,343674.0,53.8
2025-11-14,1130.0,1144.7,1128.3,1133.2,149980.0,38.22
2025-11-17,1134.9,1144.4,1110.7,1133.4,324663.0,53.45
2025-11-18,1134.9,1140.9,1119.1,1131.3,229510.0,55.81
2025-11-19,1131.8,1135.5,1115.6,1117.2,121509.0,60.11
2025-11-20,1124.7,1125.0,1095.5,1100.6,195938.0,53.53
2025-11-21,1100.0,1125.1,1088.0,1096.6,263915.0,38.83
2025-11-24,1096.6,1103.2,1074.7,1088.1,264469.0,61.19
2025-11-25,1080.1,1091.5,1056.9,1064.0,254447.0,46.7
2025-11-26,1066.8,1098.0,1065.3,1093.9,251856.0,57.83
2025-11-27,1099.9,1115.9,1077.2,1095.0,273240.0,39.8
2025-11-28,1100.5,1113.0,1091.8,1106.9,225440.0,57.13
2025-12-01,1115.2,1133.1,1106.0,1125.0,326530.0,56.29
2025-12-02,1124.0,1129.0,1083.6,1097.1,270581.0,44.98
2025-12-03,1103.8,1117.0,1090.7,1105.0,253758.0,66.42
2025-12-04,1103.1,1112.0,1092.0,1104.0,213429.0,63.84
2025-12-05,1098.9,1101.4,1085.3,1091.0,139871.0,60.52
2025-12-08,1091.0,1095.0,1058.7,1071.4,183398.0,56.07
2025-12-09,1071.7,1080.0,1057.1,1076.8,202552.0,61.98
2025-12-10,1072.9,1095.4,1071.1,1085.9,159611.0,60.07
2025-12-11,1084.0,1100.8,1074.0,1095.8,189158.0,63.58
2025-12-12,1095.3,1124.0,1090.0,1109.4,1064391.0,79.71
2025-12-15,1110.5,1131.7,1102.2,1128.8,193579.0,51.53
2025-12-16,1131.4,1131.4,1102.0,1105.1,163641.0,57.74
2025-12-17,1107.0,1116.9,1104.4,1112.0,199388.0,67.79
2025-12-18,1103.8,1122.5,1103.8,1111.8,170741.0,54.67
2025-12-19,1111.8,1133.6,1087.2,1092.9,358177.0,55.24
2025-12-22,1101.6,1114.8,1092.6,1112.2,138797.0,50.41
2025-12-23,1114.9,1137.0,1092.6,1109.1,334052.0,57.55
2025-12-24,1105.0,1112.7,1097.0,1109.7,196263.0,52.04
2025-12-25,1105.0,1112.7,1097.0,1109.7,196263.0,52.04
2025-12-26,1112.0,1119.2,1094.0,1096.7,316056.0,62.83
2025-12-29,1099.0,1112.0,1090.1,1102.6,320675.0,57.81
2025-12-30,1100.0,1107.5,1093.2,1102.2,441072.0,70.89
2025-12-31,1107.7,1139.0,1103.0,1129.0,284617.0,51.36
2026-01-01,1135.0,1135.0,1110.5,1114.6,225676.0,67.15
2026-01-02,1111.0,1119.3,1107.5,1114.0,154014.0,47.86
2026-01-05,1114.1,1135.5,1114.0,1125.9,229201.0,49.32
2026-01-06,1126.6,1133.2,1084.5,1093.8,601912.0,63.35
2026-01-07,1085.3,1115.0,1085.3,1108.1,405282.0,76.17
2026-01-08,1108.1,1123.0,1075.1,1084.6,464034.0,55.56
2026-01-09,1083.1,1107.0,1077.0,1086.8,279126.0,51.08
2026-01-12,1091.7,1103.0,1065.0,1100.0,237746.0,63.11
2026-01-13,1100.0,1110.5,1091.1,1106.3,362341.0,54.62
2026-01-14,1106.3,1134.9,1101.7,1122.5,564842.0,56.44
2026-01-15,1106.3,1134.9,1101.7,1122.5,564842.0,56.44
2026-01-16,1119.0,1127.0,1098.9,1121.6,371184.0,54.5
2026-01-19,1119.1,1127.0,1093.6,1114.4,343214.0,54.53
2026-01-20,1113.0,1119.5,1078.5,1082.6,283513.0,52.65
2026-01-21,1074.7,1100.6,1074.1,1095.2,266336.0,51.15
2026-01-22,1100.6,1117.5,1095.8,1114.4,202144.0,62.68
2026-01-23,1115.0,1120.5,1105.1,1108.8,173473.0,72.12
2026-01-26,1115.0,1120.5,1105.1,1108.8,173473.0,72.12
2026-01-27,1107.6,1122.5,1077.3,1117.6,290970.0,51.38
2026-01-28,1117.8,1190.5,1117.8,1173.6,836410.0,36.06
2026-01-29,1183.7,1194.0,1159.5,1186.6,362860.0,48.16
2026-01-30,1210.0,1266.5,1191.4,1202.4,2792400.0,19.79
2026-02-02,1187.5,1232.6,1180.7,1216.4,537224.0,42.44
2026-02-03,1250.0,1254.3,1215.8,1227.3,731451.0,59.76
2026-02-04,1220.0,1252.9,1214.7,1238.8,450643.0,66.83
2026-02-05,1235.0,1285.4,1232.2,1266.1,889099.0,48.1
2026-02-06,1270.0,1292.0,1263.0,1274.2,461481.0,41.22
2026-02-09,1292.1,1325.0,1290.0,1313.2,648107.0,45.49
2026-02-10,1321.0,1368.9,1319.0,1342.7,865941.0,48.33
2026-02-11,1349.4,1358.6,1322.6,1348.9,297963.0,57.6
2026-02-12,1348.8,1362.0,1330.0,1340.3,442666.0,37.22
2026-02-13,1331.0,1331.0,1295.0,1300.1,209977.0,49.58
2026-02-16,1293.9,1342.0,1286.9,1311.9,384034.0,47.58
2026-02-17,1309.0,1334.4,1301.0,1318.1,327432.0,52.87
2026-02-18,1323.4,1323.4,1282.2,1290.8,314435.0,45.71
2026-02-19,1292.6,1312.5,1284.0,1292.9,312760.0,61.33
2026-02-20,1289.9,1328.4,1274.6,1287.2,482136.0,55.13
2026-02-23,1290.0,1317.3,1287.0,1299.2,292267.0,61.23
2026-02-24,1300.0,1327.0,1293.2,1323.2,542567.0,50.38
2026-02-25,1335.0,1375.0,1313.4,1346.8,559062.0,45.81
2026-02-26,1346.8,1350.2,1336.8,1346.6,173543.0,60.18
2026-02-27,1343.0,1344.5,1322.1,1338.9,150847.0,64.7
2026-03-02,1320.0,1342.5,1293.2,1326.4,510841.0,47.06
2026-03-03,1320.0,1342.5,1293.2,1326.4,510841.0,47.06
2026-03-04,1300.0,1362.0,1290.1,1354.6,603009.0,46.0
2026-03-05,1379.7,1437.9,1362.5,1389.4,1718653.0,20.29
2026-03-06,1395.6,1435.0,1395.6,1415.3,755093.0,46.96
2026-03-09,1410.0,1410.5,1332.5,1338.5,499811.0,42.79
2026-03-10,1358.0,1397.7,1346.0,1391.1,571911.0,47.54
2026-03-11,1398.1,1442.5,1391.0,1427.0,712854.0,56.12
2026-03-12,1420.0,1492.6,1395.3,1486.5,1091966.0,39.62
2026-03-13,1487.7,1509.0,1445.0,1459.9,1202406.0,33.27
2026-03-16,1450.0,1452.7,1343.7,1373.4,1140038.0,36.41
2026-03-17,1380.0,1435.0,1379.0,1426.4,984676.0,31.03
2026-03-18,1414.0,1474.5,1408.4,1441.0,699169.0,45.37
2026-03-19,1425.6,1453.5,1415.0,1441.3,451060.0,48.31
2026-03-20,1455.0,1477.0,1410.5,1429.7,501108.0,43.54
2026-03-23,1425.5,1425.5,1346.0,1360.0,362189.0,45.47
2026-03-24,1405.0,1418.1,1373.0,1398.7,558248.0,60.81
2026-03-25,1415.6,1462.5,1404.2,1416.5,696191.0,53.91
2026-03-26,1415.6,1462.5,1404.2,1416.5,696191.0,53.91
2026-03-27,1405.0,1443.1,1401.2,1415.0,350920.0,49.89
2026-03-30,1400.9,1449.0,1389.1,1414.7,506870.0,56.14
2026-03-31,1400.9,1449.0,1389.1,1414.7,506870.0,56.14
2026-04-01,1449.0,1491.9,1435.5,1460.1,713339.0,49.79
2026-04-02,1455.0,1455.0,1418.7,1439.6,321146.0,49.68
2026-04-03,1455.0,1455.0,1418.7,1439.6,321146.0,49.68
2026-04-06,1439.6,1502.2,1438.1,1463.0,785318.0,37.63
2026-04-07,1455.0,1455.0,1409.3,1424.5,450563.0,52.96
2026-04-08,1495.0,1495.0,1378.0,1389.6,790349.0,50.76
2026-04-09,1388.9,1402.0,1360.0,1391.2,526428.0,48.22
2026-04-10,1391.2,1402.0,1366.7,1372.9,289597.0,53.46
2026-04-13,1350.0,1371.9,1320.0,1335.3,469571.0,60.15
2026-04-14,1350.0,1371.9,1320.0,1335.3,469571.0,60.15
2026-04-15,1357.0,1405.0,1350.4,1400.4,780224.0,60.19
2026-04-16,1419.4,1419.4,1375.1,1381.4,424951.0,57.16
2026-04-17,1385.3,1435.9,1385.1,1424.3,819986.0,58.7
2026-04-20,1440.0,1469.9,1415.5,1423.6,541002.0,48.28
2026-04-21,1427.0,1477.3,1423.2,1445.6,624903.0,50.43
2026-04-22,1449.0,1463.6,1432.5,1449.1,233855.0,50.55
2026-04-23,1448.0,1457.0,1410.1,1414.4,202718.0,46.5
2026-04-24,1427.7,1434.0,1397.6,1404.4,114258.0,40.84
2026-04-27,1413.0,1439.9,1405.0,1424.2,146510.0,54.44
2026-04-28,1428.0,1492.5,1428.0,1474.4,652856.0,48.95
2026-04-29,1484.9,1590.8,1483.0,1554.6,2500676.0,27.71
2026-04-30,1551.0,1589.7,1534.1,1576.8,971195.0,47.29
2026-05-01,1551.0,1589.7,1534.1,1576.8,971195.0,47.29
2026-05-04,1590.0,1600.0,1524.0,1536.8,640010.0,44.57
2026-05-05,1537.0,1548.4,1514.8,1523.8,412967.0,56.17
2026-05-06,1536.2,1591.3,1518.7,1575.1,614465.0,47.91
2026-05-07,1581.3,1582.7,1533.2,1552.4,412995.0,43.18
2026-05-08,1557.4,1618.9,1538.0,1588.3,1104209.0,34.59
2026-05-11,1587.0,1610.0,1557.0,1582.3,675300.0,54.52
2026-05-12,1580.0,1584.9,1501.0,1510.5,556553.0,53.32
2026-05-13,1519.0,1536.9,1493.0,1498.4,306051.0,39.32
2026-05-14,1505.0,1522.0,1462.1,1484.9,363695.0,46.43
2026-05-15,1550.0,1642.7,1503.7,1533.9,9754062.0,9.21
2026-05-18,1533.9,1730.0,1533.9,1696.5,18205845.0,11.21
2026-05-19,1705.0,1798.0,1676.5,1715.9,7326701.0,11.82
2026-05-20,1698.0,1719.2,1634.1,1665.4,1965461.0,21.52
2026-05-21,1672.4,1745.0,1672.4,1719.6,2606607.0,29.13
2026-05-22,1720.1,1733.4,1655.0,1666.1,732563.0,45.75
2026-05-25,1685.0,1708.0,1630.6,1648.6,953112.0,38.37
2026-05-26,1650.1,1695.0,1638.8,1650.7,640280.0,40.27
2026-05-27,1650.0,1650.0,1502.0,1511.3,1842803.0,43.37
2026-05-28,1650.0,1650.0,1502.0,1511.3,1842803.0,43.37
2026-05-29,1522.0,1526.3,1410.0,1418.9,2447379.0,46.53
2026-06-01,1418.9,1487.0,1415.0,1467.7,1494016.0,33.73
2026-06-02,1467.7,1522.0,1466.0,1517.2,980366.0,41.63
2026-06-03,1520.0,1536.0,1470.5,1480.2,584518.0,37.6
2026-06-04,1479.1,1530.0,1477.0,1492.0,699761.0,43.49
2026-06-05,1492.0,1499.8,1453.7,1464.0,404560.0,35.83
2026-06-08,1444.6,1485.4,1427.0,1432.5,387862.0,38.28
2026-06-09,1439.1,1463.2,1425.1,1442.2,372153.0,47.91
2026-06-10,1448.0,1458.0,1360.0,1367.8,926647.0,46.98
2026-06-11,1353.0,1420.0,1352.1,1389.5,840778.0,41.77
2026-06-12,1404.0,1417.2,1362.1,1389.1,514034.0,38.42
2026-06-15,1404.0,1455.0,1378.0,1384.2,1320698.0,40.75
2026-06-16,1391.0,1425.0,1381.1,1418.6,708510.0,38.52
2026-06-17,1416.0,1433.5,1396.3,1404.4,372838.0,44.7
2026-06-18,1408.9,1420.5,1399.8,1412.1,393726.0,48.69
2026-06-19,1408.0,1451.0,1407.0,1437.7,749040.0,42.64
2026-06-22,1448.0,1479.0,1428.5,1473.3,452525.0,41.07
2026-06-23,1479.0,1517.8,1460.1,1470.3,771637.0,50.64
2026-06-24,1463.7,1503.7,1435.2,1497.2,494530.0,47.93
2026-06-25,1498.0,1532.5,1480.0,1499.0,914830.0,53.9
2026-06-26,1498.0,1532.5,1480.0,1499.0,914830.0,53.9
2026-06-29,1495.1,1536.0,1452.3,1523.2,1134721.0,51.6
2026-06-30,1524.8,1528.6,1456.0,1483.1,700262.0,46.04
2026-07-01,1484.6,1509.2,1415.0,1421.0,497982.0,51.09
2026-07-02,1422.0,1439.1,1391.3,1421.9,512869.0,45.78
2026-07-03,1423.0,1445.0,1419.0,1440.4,237467.0,47.05
2026-07-06,1437.0,1454.6,1405.0,1410.1,410973.0,44.48
2026-07-07,1408.0,1409.7,1376.2,1384.9,321177.0,52.82
2026-07-08,1374.6,1422.0,1361.6,1375.1,434529.0,32.9
2026-07-09,1380.1,1428.7,1378.2,1414.2,351376.0,44.71
2026-07-10,1422.0,1431.0,1400.5,1420.9,288487.0,43.01
2026-07-13,1418.0,1441.3,1388.0,1402.0,487779.0,41.95
2026-07-14,1408.9,1459.0,1404.4,1418.8,561382.0,31.15
2026-07-15,1430.0,1431.9,1386.0,1393.2,331436.0,51.97
2026-07-16,1398.2,1417.2,1375.0,1377.4,360247.0,60.59
2026-07-17,1383.0,1387.0,1332.5,1345.4,444699.0,57.42
2026-07-20,1344.0,1414.9,1340.0,1387.1,917062.0,21.41
2026-07-21,1390.0,1412.0,1380.0,1408.9,282136.0,51.95
2026-07-22,1411.5,1445.0,1409.8,1435.2,436604.0,46.65
2026-07-23,1435.2,1448.3,1416.2,1441.9,295869.0,56.82
2026-07-24,1448.0,1449.0,1419.3,1437.9,188630.0,42.57
2026-07-27,1439.0,1440.0,1386.3,1398.6,488878.0,54.86
2026-07-28,1398.0,1402.7,1370.0,1377.4,314349.0,56.55
2026-07-29,1388.1,1391.7,1356.1,1370.7,290715.0,54.39
2026-07-30,1374.0,1399.9,1360.5,1371.3,315573.0,48.07
2026-07-31,1380.0,1383.0,1345.9,1350.4,492018.0,61.67
2026-08-03,1358.0,1412.2,1358.0,1398.4,595738.0,50.19
2026-08-04,1590.3,1598.9,1428.0,1434.9,8556675.0,23.09
2026-08-05,1450.0,1459.9,1398.3,1404.7,1008274.0,38.0
2026-08-06,1408.9,1408.9,1346.2,1352.9,1948210.0,46.73
2026-08-07,1350.1,1362.7,1332.5,1341.8,777727.0,42.66
2026-08-10,1343.9,1344.5,1316.0,1329.6,669604.0,47.33
2026-08-11,1330.0,1330.0,1285.7,1292.6,1161969.0,53.96
2026-08-12,1292.0,1297.7,1276.3,1281.9,522980.0,55.68
2026-08-13,1280.1,1311.0,1267.0,1298.8,575942.0,52.4
2026-08-14,1309.0,1310.0,1274.1,1284.5,517405.0,50.52
2026-08-19,1329.9,1342.0,1308.0,1315.5,1437658.0,31.0
