,Open,High,Low,Close,Volume,DeliveryPct
2016-08-22,87.0,91.3,86.0,90.05,1272649.0,
2016-08-23,90.25,92.0,89.0,90.0,805811.0,
2016-08-24,90.7,93.6,90.25,90.85,623362.0,
2016-08-25,91.45,93.9,90.0,90.05,728434.0,
2016-08-26,90.1,91.9,89.2,89.8,875881.0,
2016-08-29,92.7,92.7,88.55,90.7,536626.0,
2016-08-30,97.2,100.5,96.1,97.85,5600133.0,
2016-08-31,99.0,99.75,95.95,96.85,1222129.0,
2016-09-01,97.35,97.35,93.1,93.65,464139.0,
2016-09-02,93.2,94.75,92.25,92.75,411649.0,
2016-09-06,93.8,94.6,91.8,92.15,509136.0,
2016-09-07,92.8,94.35,92.55,93.45,936153.0,
2016-09-08,94.2,94.7,92.65,93.15,890590.0,
2016-09-09,93.4,95.2,92.5,94.05,835392.0,
2016-09-12,92.65,93.15,90.6,90.9,629793.0,
2016-09-14,91.2,92.6,91.0,92.0,277297.0,
2016-09-15,92.5,93.0,91.65,92.25,370206.0,
2016-09-16,92.6,93.8,91.25,91.5,501884.0,
2016-09-19,92.0,92.8,91.55,91.85,479717.0,
2016-09-20,92.3,92.3,90.75,91.0,434312.0,
2016-09-21,88.0,89.5,87.55,88.5,935440.0,
2016-09-22,89.9,89.9,87.05,87.95,700834.0,
2016-09-23,88.8,88.8,85.65,86.0,866481.0,
2016-09-26,86.4,88.0,85.3,85.7,335479.0,
2016-09-27,86.25,88.9,85.8,87.15,760405.0,
2016-09-28,87.95,88.85,87.3,88.45,400523.0,
2016-09-29,88.45,89.9,76.7,84.65,1015078.0,
2016-09-30,84.0,86.0,79.6,84.15,459601.0,
2016-10-03,85.55,86.8,85.0,86.05,239161.0,
2016-10-04,86.5,88.3,86.05,87.1,315653.0,
2016-10-05,87.75,92.75,87.3,92.4,1124236.0,
2016-10-06,93.35,97.4,92.55,93.95,2038397.0,
2016-10-07,94.5,97.2,94.5,96.95,1288723.0,
2016-10-10,97.2,101.8,96.95,99.35,1885223.0,
2016-10-13,99.25,99.25,94.85,96.7,640281.0,
2016-10-14,97.65,97.85,96.05,97.2,326683.0,
2016-10-17,100.8,104.4,100.1,103.5,2478412.0,
2016-10-18,104.6,105.8,104.4,104.8,1083696.0,
2016-10-19,105.5,107.3,103.05,103.95,996940.0,
2016-10-20,104.7,105.7,101.5,102.15,681777.0,
2016-10-21,102.75,103.95,101.0,103.5,377270.0,
2016-10-24,104.45,108.5,103.5,107.6,1555396.0,
2016-10-25,107.6,107.8,104.0,106.0,548852.0,
2016-10-26,106.0,111.3,104.15,109.05,1384622.0,
2016-10-27,110.85,110.85,105.5,107.95,677548.0,
2016-10-28,107.95,114.8,106.35,110.95,1951182.0,
2016-11-01,114.4,119.25,112.5,114.95,1903106.0,
2016-11-02,113.6,117.4,112.2,114.0,962593.0,
2016-11-03,113.0,117.55,109.5,110.75,1016334.0,
2016-11-04,110.75,111.45,101.6,103.7,1082475.0,
2016-11-07,105.0,107.95,104.5,105.2,521783.0,
2016-11-08,106.0,107.6,104.4,105.35,397933.0,
2016-11-09,99.0,105.8,91.25,104.35,912603.0,
2016-11-10,105.65,110.65,102.5,104.2,847028.0,
2016-11-11,105.8,108.5,101.2,102.35,960541.0,
2016-11-15,103.05,104.0,98.35,98.8,426440.0,
2016-11-16,100.15,101.8,96.6,98.45,384854.0,
2016-11-17,98.7,100.9,95.15,95.85,318657.0,
2016-11-18,96.8,98.45,94.25,95.95,415423.0,
2016-11-21,97.0,98.0,91.0,91.3,386650.0,
2016-11-22,93.0,96.15,91.6,95.3,420518.0,
2016-11-23,96.4,101.1,95.5,100.25,527142.0,
2016-11-24,100.8,104.5,99.55,102.85,1189676.0,
2016-11-25,103.5,105.5,102.0,104.7,1196364.0,
2016-11-28,104.85,107.5,102.8,103.8,881876.0,
2016-11-29,104.8,107.15,103.8,106.2,1197404.0,
2016-11-30,107.25,108.4,105.35,106.3,618105.0,
2016-12-01,106.9,107.55,100.65,101.2,566294.0,
2016-12-02,100.5,102.5,99.1,100.45,532986.0,
2016-12-05,102.25,102.85,98.15,99.8,489435.0,
2016-12-06,100.85,101.3,97.75,98.25,385211.0,
2016-12-07,98.95,100.3,98.5,99.0,433349.0,
2016-12-08,99.55,101.9,98.45,99.0,662868.0,
2016-12-09,99.45,101.5,99.0,101.1,436467.0,
2016-12-12,101.7,105.75,100.25,102.7,1041220.0,
2016-12-13,103.45,104.4,100.4,100.85,460741.0,
2016-12-14,99.9,99.9,96.9,97.3,719638.0,
2016-12-15,96.5,97.5,95.65,96.0,368799.0,
2016-12-16,96.2,96.55,93.7,94.1,373931.0,
2016-12-19,92.8,93.8,92.0,92.65,271296.0,
2016-12-20,92.85,93.65,91.95,92.25,206502.0,
2016-12-21,93.0,94.55,92.25,93.9,248220.0,
2016-12-22,94.3,94.7,91.15,92.05,344487.0,
2016-12-23,92.5,92.5,90.55,91.6,173996.0,
2016-12-26,91.55,91.9,89.4,89.6,221017.0,
2016-12-27,89.5,91.75,89.05,90.0,735530.0,
2016-12-28,91.0,91.5,90.25,90.75,273319.0,
2016-12-29,90.75,91.2,89.6,90.5,798518.0,
2016-12-30,90.95,92.15,90.65,91.5,1924799.0,
2017-01-02,91.8,93.75,91.75,93.05,1449698.0,
2017-01-03,93.85,97.65,93.4,94.6,1020784.0,
2017-01-04,94.5,96.5,94.0,95.15,728234.0,
2017-01-05,96.0,101.75,95.65,100.85,1591427.0,
2017-01-06,101.4,101.45,98.45,98.95,536024.0,
2017-01-09,99.0,104.25,97.9,98.75,1133654.0,
2017-01-10,100.35,102.8,100.25,101.5,876199.0,
2017-01-11,101.75,108.5,101.5,106.4,2056376.0,
2017-01-12,106.4,110.4,102.4,108.35,2282050.0,
2017-01-13,111.7,114.2,109.8,112.55,3089272.0,
2017-01-16,112.9,115.15,111.8,112.45,907862.0,
2017-01-17,113.0,114.5,111.7,113.65,1266998.0,
2017-01-18,113.95,114.9,112.6,113.65,609670.0,
2017-01-19,114.0,116.6,112.6,115.95,823992.0,
2017-01-20,116.9,117.8,111.65,112.35,1129545.0,
2017-01-23,112.2,116.9,111.55,116.15,742408.0,
2017-01-24,117.4,119.8,116.2,117.35,1867206.0,
2017-01-25,118.6,118.6,116.85,117.35,671879.0,
2017-01-27,118.0,120.3,117.5,118.95,998397.0,
2017-01-30,119.4,122.9,119.4,120.4,1393243.0,
2017-01-31,120.8,120.8,116.0,116.8,520695.0,
2017-02-01,117.25,121.7,117.1,120.7,708030.0,
2017-02-02,120.0,121.6,119.1,119.95,717201.0,
2017-02-03,120.0,121.75,117.8,118.4,545844.0,
2017-02-06,119.1,121.2,118.2,120.2,584544.0,
2017-02-07,120.45,122.8,118.7,120.1,663118.0,
2017-02-08,118.95,119.0,112.3,114.0,1338493.0,
2017-02-09,114.8,119.4,114.5,118.85,874786.0,
2017-02-10,119.75,119.75,114.9,116.0,406328.0,
2017-02-13,117.1,117.2,114.1,115.45,229268.0,
2017-02-14,116.4,116.6,113.55,114.1,257095.0,
2017-02-15,114.1,114.45,110.0,110.3,333897.0,
2017-02-16,110.75,114.9,110.25,114.25,379340.0,
2017-02-17,115.1,117.5,114.1,116.0,347629.0,
2017-02-20,116.3,118.95,116.3,118.55,362571.0,
2017-02-21,119.2,119.2,116.7,117.1,294497.0,
2017-02-22,117.1,119.0,115.6,115.95,339051.0,
2017-02-23,116.0,119.0,115.55,116.5,380479.0,
2017-02-27,116.9,118.5,115.25,118.05,340472.0,
2017-02-28,119.0,120.65,117.5,119.5,371280.0,
2017-03-01,120.0,121.85,118.25,118.75,316934.0,
2017-03-02,119.4,120.7,115.85,116.25,277992.0,
2017-03-03,116.25,116.95,114.25,114.85,269472.0,
2017-03-06,115.2,116.5,114.35,114.65,137875.0,
2017-03-07,114.7,115.5,114.05,114.95,183471.0,
2017-03-08,115.15,115.15,112.3,113.6,143590.0,
2017-03-09,113.1,115.0,112.65,113.1,139440.0,
2017-03-10,114.1,114.8,112.5,112.85,152888.0,
2017-03-14,114.85,114.85,113.1,113.65,217941.0,
2017-03-15,114.15,114.8,113.1,113.45,171269.0,
2017-03-16,114.05,115.65,113.5,114.55,202428.0,
2017-03-17,114.85,117.3,113.7,116.25,325954.0,
2017-03-20,117.0,117.25,115.0,115.35,202095.0,
2017-03-21,115.2,115.75,112.75,113.45,181113.0,
2017-03-22,115.2,119.95,115.05,117.15,1139874.0,
2017-03-23,118.4,124.0,118.15,121.95,1686170.0,
2017-03-24,123.3,125.95,122.55,123.05,1079042.0,
2017-03-27,123.0,124.5,121.3,123.15,381226.0,
2017-03-28,123.45,126.25,120.45,124.15,528752.0,
2017-03-29,124.85,125.7,122.0,125.0,444563.0,
2017-03-30,125.5,126.0,123.55,124.55,289857.0,
2017-03-31,125.0,125.55,121.1,122.35,243151.0,
2017-04-03,122.8,124.5,122.4,123.95,226681.0,
2017-04-05,124.75,129.8,123.1,128.1,873446.0,
2017-04-06,128.15,128.25,126.1,126.5,190531.0,
2017-04-07,126.8,131.95,123.35,124.4,859296.0,
2017-04-10,125.0,126.3,123.35,125.5,271384.0,
2017-04-11,125.9,126.5,124.5,125.05,154906.0,
2017-04-12,125.45,125.45,121.8,122.5,283041.0,
2017-04-13,122.85,124.5,122.05,122.7,143140.0,
2017-04-17,122.0,123.7,120.0,121.9,252252.0,
2017-04-18,121.4,124.0,121.4,122.65,231800.0,
2017-04-19,122.65,123.5,120.0,122.45,253483.0,
2017-04-20,123.05,123.85,120.8,122.6,199095.0,
2017-04-21,123.2,123.5,121.1,121.5,124925.0,
2017-04-24,121.6,127.9,121.6,126.15,416109.0,
2017-04-25,129.5,130.95,126.55,127.65,662288.0,
2017-04-26,127.95,128.2,122.8,123.1,335036.0,
2017-04-27,123.45,124.8,121.8,122.1,137481.0,
2017-04-28,122.45,127.8,122.0,124.9,343113.0,
2017-05-02,125.0,126.4,123.15,124.55,179267.0,
2017-05-03,124.55,125.85,123.15,123.8,147882.0,
2017-05-04,124.45,125.0,123.65,124.15,140251.0,
2017-05-05,124.95,124.95,121.5,121.8,163080.0,
2017-05-08,122.2,127.4,122.0,125.35,260559.0,
2017-05-09,126.6,128.4,124.3,125.35,368008.0,
2017-05-10,143.2,144.95,132.0,132.65,8688807.0,
2017-05-11,133.6,133.85,130.0,130.45,988403.0,
2017-05-12,131.05,135.9,128.45,133.15,2644850.0,
2017-05-15,133.6,135.65,132.65,133.85,782006.0,
2017-05-16,132.55,135.35,131.9,132.75,858622.0,
2017-05-17,132.0,132.5,129.75,130.1,559024.0,
2017-05-18,129.15,129.9,126.25,126.6,611154.0,
2017-05-19,133.5,139.85,132.1,136.05,5028715.0,
2017-05-22,137.0,138.3,133.25,134.45,1601925.0,
2017-05-23,134.9,136.3,127.95,133.2,1100180.0,
2017-05-24,133.4,135.5,130.05,133.35,771239.0,
2017-05-25,135.0,136.5,133.25,134.4,588870.0,
2017-05-26,134.05,138.0,133.65,135.05,792660.0,
2017-05-29,134.75,136.05,131.0,131.95,337949.0,
2017-05-30,131.0,133.7,129.7,131.3,397215.0,
2017-05-31,131.95,134.15,130.7,132.35,346595.0,
2017-06-01,131.45,136.9,131.05,134.35,655970.0,
2017-06-02,135.0,135.85,132.8,133.65,264505.0,
2017-06-05,133.5,133.95,132.0,132.2,238433.0,
2017-06-06,132.75,134.6,131.0,133.05,251538.0,
2017-06-07,135.85,138.3,134.55,136.0,907794.0,
2017-06-08,136.4,143.0,136.0,142.1,1680586.0,
2017-06-09,142.85,144.4,140.15,142.8,1000861.0,
2017-06-12,144.0,147.7,142.15,146.7,1492572.0,
2017-06-13,147.0,150.6,145.85,149.9,1475883.0,
2017-06-14,151.0,152.15,147.5,148.95,978546.0,
2017-06-15,149.4,149.8,144.8,146.35,445860.0,
2017-06-16,146.05,158.3,146.05,156.1,2341366.0,
2017-06-19,156.0,159.75,154.0,155.4,861079.0,
2017-06-20,155.9,156.7,150.0,151.6,596647.0,
2017-06-21,150.8,150.8,145.75,146.5,618397.0,
2017-06-22,145.6,148.5,142.6,143.9,562868.0,
2017-06-23,144.8,148.45,142.0,143.95,593053.0,
2017-06-27,144.05,144.9,136.25,137.4,452425.0,
2017-06-28,137.55,146.9,136.0,145.45,726325.0,
2017-06-29,147.25,148.5,144.25,145.55,444124.0,
2017-06-30,144.35,148.6,141.2,147.0,498014.0,
2017-07-03,146.0,149.4,145.05,147.05,282052.0,
2017-07-04,146.55,153.6,146.5,149.95,878520.0,
2017-07-05,150.05,152.5,148.5,149.4,486405.0,
2017-07-06,150.35,151.5,146.6,147.8,258820.0,
2017-07-07,147.8,151.6,146.3,148.8,431290.0,
2017-07-10,148.95,150.0,147.05,147.35,59052.0,
2017-07-11,148.1,149.1,145.0,145.55,219744.0,
2017-07-12,145.1,153.3,145.1,151.4,849014.0,
2017-07-13,151.5,153.7,148.05,149.7,401092.0,
2017-07-14,149.2,150.45,146.0,146.9,282129.0,
2017-07-17,147.0,148.5,145.3,145.9,230678.0,
2017-07-18,145.2,147.05,140.55,142.1,429866.0,
2017-07-19,145.0,147.55,145.0,145.85,399987.0,
2017-07-20,146.0,149.0,143.55,148.35,430253.0,
2017-07-21,148.5,148.5,144.4,145.2,310126.0,
2017-07-24,145.3,145.9,143.0,143.5,217066.0,
2017-07-25,143.5,145.55,143.1,144.65,242418.0,
2017-07-26,144.85,148.95,143.1,144.4,593922.0,
2017-07-27,145.0,145.0,142.0,143.7,363987.0,
2017-07-28,144.4,144.9,141.6,142.65,289357.0,
2017-07-31,142.0,146.8,142.0,142.3,402813.0,
2017-08-01,142.95,146.0,142.3,143.3,593423.0,
2017-08-02,143.15,144.4,139.1,140.9,445757.0,
2017-08-03,141.0,141.15,138.1,139.3,356001.0,
2017-08-04,138.1,140.4,136.55,137.5,435905.0,
2017-08-07,137.55,142.0,137.55,139.85,338864.0,
2017-08-08,140.75,143.2,138.5,138.95,487491.0,
2017-08-09,139.65,142.8,137.55,138.75,408390.0,
2017-08-10,144.75,145.4,132.0,133.7,1086050.0,
2017-08-11,130.0,136.0,129.0,132.55,418110.0,
2017-08-14,134.15,139.0,134.0,137.45,386997.0,
2017-08-16,138.65,141.5,137.1,140.3,356761.0,
2017-08-17,140.95,141.85,139.6,141.15,276675.0,
2017-08-18,140.75,140.9,137.45,138.2,424688.0,
2017-08-21,139.3,139.5,135.0,135.9,318802.0,
2017-08-22,136.7,138.25,135.4,136.95,249566.0,
2017-08-23,138.3,141.0,136.55,138.7,448062.0,
2017-08-24,139.4,141.95,138.5,139.95,420920.0,
2017-08-28,140.6,141.95,139.45,139.9,269778.0,
2017-08-29,138.25,139.0,136.9,137.95,303361.0,
2017-08-30,138.95,143.0,138.65,140.3,589282.0,
2017-08-31,141.05,142.4,139.2,141.9,228972.0,
2017-09-01,141.55,147.0,140.7,145.45,883715.0,
2017-09-04,146.0,146.55,140.5,143.85,408569.0,
2017-09-05,144.7,147.9,144.4,147.25,566639.0,
2017-09-06,147.5,149.0,146.25,148.2,515523.0,
2017-09-07,148.95,150.65,147.25,149.0,591684.0,
2017-09-08,149.05,149.55,148.0,148.55,354564.0,
2017-09-11,147.7,150.85,147.2,149.1,386286.0,
2017-09-12,149.2,150.3,148.95,149.55,481603.0,
2017-09-13,148.65,150.9,148.65,149.05,396966.0,
2017-09-14,149.1,149.95,147.75,148.5,171373.0,
2017-09-15,147.55,149.2,145.6,148.05,587701.0,
2017-09-18,149.4,151.8,147.1,149.1,322530.0,
2017-09-19,149.2,151.0,148.4,149.3,266402.0,
2017-09-20,146.5,148.25,145.4,146.2,233768.0,
2017-09-21,145.5,146.65,141.25,144.5,312984.0,
2017-09-22,143.05,145.0,139.0,142.05,396422.0,
2017-09-25,141.8,142.7,135.2,137.7,206584.0,
2017-09-26,137.0,138.65,135.05,136.15,163072.0,
2017-09-27,136.4,138.45,134.05,134.7,211783.0,
2017-09-28,134.5,137.75,132.0,136.35,144276.0,
2017-09-29,138.7,140.0,136.25,138.5,164684.0,
2017-10-03,140.0,142.0,138.0,141.05,131819.0,
2017-10-04,140.0,145.45,139.95,144.5,376004.0,
2017-10-05,143.45,151.4,143.1,149.45,661505.0,
2017-10-06,150.8,151.2,148.1,150.25,339623.0,
2017-10-09,150.25,151.9,149.0,149.85,244798.0,
2017-10-10,151.7,152.65,149.85,150.65,324168.0,
2017-10-11,150.65,152.0,145.5,146.15,176983.0,
2017-10-12,146.6,147.8,144.0,144.75,170755.0,
2017-10-13,145.25,151.3,145.2,148.7,367194.0,
2017-10-16,149.0,149.5,145.1,145.7,175115.0,
2017-10-17,146.55,147.9,144.2,146.9,168614.0,
2017-10-18,147.6,161.05,146.0,155.6,1617668.0,
2017-10-19,156.0,158.7,154.0,155.45,344696.0,
2017-10-23,155.75,176.7,155.75,174.2,4992113.0,
2017-10-24,175.95,178.25,166.9,169.9,2039033.0,
2017-10-25,171.0,174.4,163.0,171.25,829092.0,
2017-10-26,171.2,178.0,167.0,174.1,970916.0,
2017-10-27,174.1,180.9,170.25,172.35,1236648.0,
2017-10-30,173.4,176.8,169.15,173.6,512771.0,
2017-10-31,174.35,177.7,170.45,175.05,651893.0,
2017-11-01,177.7,178.7,174.5,175.15,491463.0,
2017-11-02,174.9,180.45,172.6,174.7,711305.0,
2017-11-03,175.95,176.45,172.15,173.0,324412.0,
2017-11-06,172.4,174.25,169.05,169.7,407640.0,
2017-11-07,169.95,173.95,163.0,164.95,452057.0,
2017-11-08,165.0,166.95,162.45,164.05,434095.0,
2017-11-09,165.0,168.55,163.3,164.55,224404.0,
2017-11-10,165.65,167.9,163.3,165.05,336194.0,
2017-11-13,167.0,167.9,160.15,163.55,383548.0,
2017-11-14,165.1,167.0,160.0,160.75,397889.0,
2017-11-15,160.2,161.25,150.55,155.7,329033.0,
2017-11-16,156.95,158.9,155.25,157.5,167924.0,
2017-11-17,159.0,162.0,157.0,158.3,169403.0,
2017-11-20,159.8,171.0,159.0,169.55,897872.0,
2017-11-21,170.9,173.05,167.15,168.55,388145.0,
2017-11-22,169.4,171.7,165.1,170.0,363297.0,
2017-11-23,171.0,172.0,165.85,167.35,227873.0,
2017-11-24,168.8,169.4,165.85,166.3,165022.0,
2017-11-27,165.1,165.4,162.15,162.75,242212.0,
2017-11-28,163.35,170.95,162.25,168.1,809807.0,
2017-11-29,168.6,169.8,162.8,163.5,402616.0,
2017-11-30,161.8,168.45,161.8,166.6,219589.0,
2017-12-01,167.95,168.85,160.65,162.2,159002.0,
2017-12-04,163.2,170.5,162.2,163.65,311720.0,
2017-12-05,163.9,165.0,160.0,161.0,101479.0,
2017-12-06,160.05,163.95,157.95,158.6,147806.0,
2017-12-07,159.2,161.25,159.1,160.35,109406.0,
2017-12-08,163.0,164.3,160.05,160.55,194461.0,
2017-12-11,161.7,163.0,160.2,161.05,160967.0,
2017-12-12,161.5,161.9,156.2,157.0,174378.0,
2017-12-13,157.55,160.5,156.5,157.2,127624.0,
2017-12-14,160.05,160.9,155.05,155.8,270540.0,
2017-12-15,161.0,164.0,159.95,161.15,639114.0,
2017-12-18,159.9,163.3,151.1,159.0,459347.0,
2017-12-19,160.05,163.55,160.0,161.2,194250.0,
2017-12-20,161.2,163.4,157.65,158.3,265458.0,
2017-12-21,158.4,161.9,158.4,159.65,210545.0,
2017-12-22,161.0,161.5,157.55,158.25,263392.0,
2017-12-26,159.7,159.95,158.05,158.6,116424.0,
2017-12-27,158.0,163.85,158.0,161.5,485759.0,
2017-12-28,162.5,169.0,162.5,164.95,1557575.0,
2017-12-29,167.25,171.0,165.7,167.15,774965.0,
2018-01-01,166.95,170.45,165.0,168.0,578704.0,
2018-01-02,168.0,173.0,163.2,168.15,866473.0,
2018-01-03,169.65,172.7,166.35,171.65,580353.0,
2018-01-04,172.75,173.85,167.55,168.55,618347.0,
2018-01-05,169.6,172.9,168.5,172.25,601118.0,
2018-01-08,174.0,174.0,167.9,169.45,416367.0,
2018-01-09,170.4,171.1,166.5,167.75,294112.0,
2018-01-10,166.6,170.5,166.6,169.5,220612.0,
2018-01-11,169.95,170.5,166.7,169.1,334363.0,
2018-01-12,171.0,171.0,163.4,166.2,392416.0,
2018-01-15,167.5,170.5,166.15,167.4,363293.0,
2018-01-16,167.95,169.15,157.7,158.3,567879.0,
2018-01-17,157.9,159.95,154.7,157.15,257540.0,
2018-01-18,157.55,160.9,149.65,151.15,365099.0,
2018-01-19,150.1,154.25,148.45,149.75,368991.0,
2018-01-22,150.95,152.35,149.8,150.35,338989.0,
2018-01-23,150.65,157.5,150.1,150.85,432538.0,
2018-01-24,151.8,151.8,148.8,151.05,477538.0,
2018-01-25,151.05,153.4,148.9,152.5,249114.0,
2018-01-29,155.0,155.45,149.7,150.45,152329.0,
2018-01-30,150.5,150.85,147.1,147.7,171524.0,
2018-01-31,145.8,149.8,145.1,146.9,157892.0,
2018-02-01,147.9,148.9,145.0,146.6,221986.0,
2018-02-02,144.95,144.95,137.0,138.5,333603.0,
2018-02-05,136.0,145.1,132.8,143.0,283841.0,
2018-02-06,135.75,140.0,131.5,138.4,322062.0,
2018-02-07,139.6,142.95,139.25,140.95,100466.0,
2018-02-08,141.9,145.0,141.2,143.15,142363.0,
2018-02-09,139.7,154.0,136.6,148.45,1152189.0,
2018-02-12,149.0,154.45,145.5,145.7,371264.0,
2018-02-14,146.85,150.95,146.6,148.8,271423.0,
2018-02-15,149.0,151.85,148.5,149.95,176822.0,
2018-02-16,150.45,150.5,143.1,143.8,127235.0,
2018-02-19,143.8,145.0,140.1,142.15,121944.0,
2018-02-20,142.1,142.8,139.1,140.15,109457.0,
2018-02-21,141.0,143.0,139.3,139.55,86439.0,
2018-02-22,139.25,140.0,137.5,138.55,126575.0,
2018-02-23,139.4,141.75,138.5,141.35,99000.0,
2018-02-26,141.9,144.0,139.55,140.7,122210.0,
2018-02-27,141.55,141.55,135.8,137.0,140308.0,
2018-02-28,137.0,141.5,136.1,140.7,221280.0,
2018-03-01,140.7,141.35,137.6,137.85,201943.0,
2018-03-05,137.8,138.05,136.05,137.65,139562.0,
2018-03-06,140.9,140.9,135.2,135.75,141517.0,
2018-03-07,135.75,135.95,130.75,133.65,139639.0,
2018-03-08,133.25,134.2,129.25,130.3,411991.0,
2018-03-09,130.95,131.8,125.25,125.95,248741.0,
2018-03-12,127.05,135.0,125.9,128.35,493065.0,
2018-03-13,127.75,132.0,127.3,128.5,198398.0,
2018-03-14,127.7,129.55,127.05,128.2,163427.0,
2018-03-15,128.8,129.35,127.6,128.1,150300.0,
2018-03-16,129.2,129.65,127.4,127.7,184586.0,
2018-03-19,128.05,129.0,125.55,126.8,152195.0,
2018-03-20,126.45,129.1,125.15,127.65,191642.0,
2018-03-21,128.45,129.4,125.25,125.95,97581.0,
2018-03-22,126.45,127.5,124.0,125.95,157735.0,
2018-03-23,123.9,123.9,121.0,121.7,175701.0,
2018-03-26,121.5,123.25,119.9,121.7,164983.0,
2018-03-27,122.9,126.9,122.0,123.3,151262.0,
2018-03-28,122.9,124.2,122.0,123.05,98896.0,
2018-04-02,124.1,132.0,123.0,130.85,189005.0,
2018-04-03,129.5,132.4,128.6,131.1,125260.0,
2018-04-04,132.3,134.75,128.8,129.9,202885.0,
2018-04-05,132.8,137.65,131.9,136.4,259734.0,
2018-04-06,137.5,137.5,134.15,136.75,63674.0,
2018-04-09,136.75,139.8,134.95,138.15,92539.0,
2018-04-10,138.95,139.7,134.7,135.25,181725.0,
2018-04-11,136.0,136.3,132.05,133.45,70414.0,
2018-04-12,134.0,139.0,133.6,138.3,299107.0,
2018-04-13,137.55,142.35,137.05,141.35,168969.0,
2018-04-16,139.85,143.8,138.6,139.6,87304.0,
2018-04-17,140.6,140.7,138.2,138.75,38008.0,
2018-04-18,139.0,140.0,137.15,137.55,62729.0,
2018-04-19,137.6,146.85,137.0,145.65,437870.0,
2018-04-20,144.9,147.0,141.25,145.5,169555.0,
2018-04-23,144.85,146.85,141.6,142.35,72454.0,
2018-04-24,142.1,143.7,139.1,142.1,274404.0,
2018-04-25,141.85,143.6,135.35,136.2,251289.0,
2018-04-26,136.7,138.15,134.7,136.75,64110.0,
2018-04-27,137.0,137.75,135.0,135.75,55190.0,
2018-04-30,136.0,137.75,135.1,135.6,46116.0,
2018-05-02,135.75,139.5,134.6,135.15,128401.0,
2018-05-03,134.5,135.5,131.2,133.15,76845.0,
2018-05-04,133.6,135.4,132.05,132.55,58584.0,
2018-05-07,133.7,136.0,133.3,134.75,96765.0,
2018-05-08,135.0,140.25,135.0,138.0,206227.0,
2018-05-09,139.0,142.6,135.3,136.3,831053.0,
2018-05-10,136.0,136.8,130.1,131.05,152966.0,
2018-05-11,132.45,133.45,130.1,130.9,158458.0,
2018-05-14,132.0,133.95,129.15,130.25,183713.0,
2018-05-15,129.7,132.6,128.55,128.95,83723.0,
2018-05-16,126.3,129.55,124.5,126.05,158070.0,
2018-05-17,125.85,126.95,123.0,123.2,131928.0,
2018-05-18,123.4,124.0,122.95,123.25,275072.0,
2018-05-21,120.15,122.3,117.8,118.4,150792.0,
2018-05-22,118.35,118.8,115.6,116.05,141995.0,
2018-05-23,116.4,123.3,116.4,118.0,136240.0,
2018-05-24,118.9,121.15,117.4,117.9,128160.0,
2018-05-25,118.8,121.25,118.0,118.5,109427.0,
2018-05-28,119.6,121.5,119.55,120.35,100628.0,
2018-05-29,121.0,122.85,118.5,118.65,157030.0,
2018-05-30,118.5,120.2,117.8,118.55,100228.0,
2018-05-31,119.0,119.35,115.2,116.15,329662.0,
2018-06-01,116.2,117.5,113.05,113.65,155151.0,
2018-06-04,114.85,114.95,110.8,111.05,133807.0,
2018-06-05,111.15,111.7,104.05,105.0,409967.0,
2018-06-06,105.0,111.6,104.9,110.95,238448.0,
2018-06-07,111.85,112.5,109.55,110.0,692858.0,
2018-06-08,110.1,114.5,109.65,113.35,507904.0,
2018-06-11,113.85,118.7,110.1,117.75,231948.0,
2018-06-12,118.7,124.0,118.25,123.25,728139.0,
2018-06-13,122.9,125.2,122.15,124.6,351637.0,
2018-06-14,124.4,125.4,123.3,124.9,138387.0,
2018-06-15,125.0,127.3,124.0,125.0,160584.0,
2018-06-18,125.0,125.0,121.0,121.35,120335.0,
2018-06-19,120.1,120.65,116.25,116.8,115865.0,
2018-06-20,116.5,118.1,114.6,116.0,220597.0,
2018-06-21,116.0,116.9,115.0,115.5,89578.0,
2018-06-22,114.8,115.45,113.0,113.95,227777.0,
2018-06-25,114.0,117.0,110.25,111.1,118056.0,
2018-06-26,111.0,112.65,109.1,109.65,134397.0,
2018-06-27,109.1,109.9,103.55,105.5,151281.0,
2018-06-28,105.5,108.85,101.75,102.5,217538.0,
2018-06-29,103.05,107.45,103.05,106.65,109866.0,
2018-07-02,107.5,109.6,103.1,104.0,135248.0,
2018-07-03,104.05,106.0,102.6,104.85,88750.0,
2018-07-04,104.8,105.5,103.85,104.35,52151.0,
2018-07-05,104.35,104.9,103.0,103.4,69451.0,
2018-07-06,103.0,108.8,102.55,106.75,145599.0,
2018-07-09,107.0,109.35,107.0,108.45,65733.0,
2018-07-10,109.6,112.2,108.65,110.95,132935.0,
2018-07-11,110.7,113.05,109.15,109.65,123250.0,
2018-07-12,110.5,110.75,107.7,108.35,93895.0,
2018-07-13,108.45,109.65,107.4,108.05,107175.0,
2018-07-16,108.05,108.45,105.05,105.8,108361.0,
2018-07-17,105.85,108.9,104.15,107.75,61271.0,
2018-07-18,108.4,109.9,107.25,108.05,85441.0,
2018-07-19,108.05,108.4,105.6,106.55,82368.0,
2018-07-20,106.95,107.65,106.1,107.05,43709.0,
2018-07-23,107.95,108.45,106.8,107.1,46592.0,
2018-07-24,107.0,112.0,107.0,111.4,77496.0,
2018-07-25,111.95,114.25,111.15,112.5,70885.0,
2018-07-26,112.0,112.95,111.0,112.15,44939.0,
2018-07-27,112.15,117.45,112.05,115.7,142070.0,
2018-07-30,116.4,117.45,114.0,115.05,87547.0,
2018-07-31,114.5,116.0,114.0,114.7,48288.0,
2018-08-01,114.9,119.0,114.25,116.6,87847.0,
2018-08-02,116.5,118.6,115.1,116.35,84497.0,
2018-08-03,115.3,119.6,115.3,116.8,98964.0,
2018-08-06,117.8,119.1,116.5,116.95,90400.0,
2018-08-07,119.2,119.5,114.0,117.25,198153.0,
2018-08-08,117.9,118.7,117.15,117.85,78508.0,
2018-08-09,119.0,119.0,117.3,118.05,107775.0,
2018-08-10,118.7,120.0,115.6,117.1,149597.0,
2018-08-13,120.1,122.7,118.75,119.65,441371.0,
2018-08-14,120.4,122.0,116.55,119.65,132177.0,
2018-08-16,118.05,120.05,118.05,118.85,68582.0,
2018-08-17,119.0,119.85,117.5,118.05,87011.0,
2018-08-20,118.05,120.5,116.25,116.9,242608.0,
2018-08-21,116.5,117.95,115.25,115.9,127157.0,
2018-08-23,116.0,116.75,113.05,113.75,195000.0,
2018-08-24,113.95,116.85,113.5,113.75,93374.0,
2018-08-27,114.8,115.35,113.9,114.7,140964.0,
2018-08-28,115.0,120.3,114.5,116.65,577702.0,
2018-08-29,117.1,118.3,115.55,115.75,181911.0,
2018-08-30,115.6,117.7,113.0,113.3,349213.0,
2018-08-31,113.85,115.5,113.65,114.85,192594.0,
2018-09-03,115.8,116.55,114.75,115.0,200894.0,
2018-09-04,115.0,115.4,111.55,112.1,170494.0,
2018-09-05,111.6,113.0,108.6,109.9,197751.0,
2018-09-06,110.25,111.95,109.4,110.45,155608.0,
2018-09-07,111.0,112.45,110.3,111.1,213151.0,
2018-09-10,112.0,113.65,108.7,109.4,417694.0,
2018-09-11,109.95,111.0,108.8,109.1,235836.0,
2018-09-12,109.5,110.3,108.0,109.85,160820.0,
2018-09-14,110.0,112.4,110.0,111.55,1012545.0,
2018-09-17,111.5,116.9,110.25,113.7,717912.0,
2018-09-18,114.35,114.7,111.3,111.75,331939.0,
2018-09-19,109.6,109.65,107.5,108.0,208670.0,
2018-09-21,108.0,108.5,102.45,104.15,316060.0,
2018-09-24,104.0,105.1,100.05,100.2,275495.0,
2018-09-25,100.0,102.0,96.0,100.4,527049.0,
2018-09-26,100.3,102.5,99.65,100.3,121433.0,
2018-09-27,100.9,101.0,96.75,97.6,166891.0,
2018-09-28,98.2,98.9,92.55,93.45,276998.0,
2018-10-01,92.15,94.0,90.0,91.65,587139.0,
2018-10-03,92.4,94.8,89.55,89.95,465647.0,
2018-10-04,89.6,90.45,86.7,87.15,400448.0,
2018-10-05,87.2,89.3,86.35,86.75,271542.0,
2018-10-08,87.95,88.75,84.85,85.55,230223.0,
2018-10-09,85.55,86.5,84.0,84.45,233302.0,
2018-10-10,84.95,91.5,84.35,87.2,472458.0,
2018-10-11,84.9,89.5,84.85,87.75,708299.0,
2018-10-12,88.1,94.5,88.1,93.65,358213.0,
2018-10-15,95.0,98.0,93.0,97.2,223185.0,
2018-10-16,98.0,100.3,95.7,96.6,248732.0,
2018-10-17,97.4,98.45,95.2,95.8,94322.0,
2018-10-19,95.0,97.15,94.05,96.0,106989.0,
2018-10-22,98.8,98.8,93.5,93.9,198941.0,
2018-10-23,93.3,96.0,92.1,92.5,116061.0,
2018-10-24,93.6,94.8,91.35,92.05,101553.0,
2018-10-25,91.5,91.75,88.8,89.6,228308.0,
2018-10-26,85.0,86.0,81.25,82.2,2017864.0,
2018-10-29,83.2,84.5,82.0,84.05,360113.0,
2018-10-30,83.8,88.0,83.55,86.1,319531.0,
2018-10-31,86.7,87.0,84.6,86.15,161851.0,
2018-11-01,86.8,88.35,85.1,87.15,278886.0,
2018-11-02,87.8,88.95,86.5,86.85,291349.0,
2018-11-05,86.0,87.65,85.4,86.55,163877.0,
2018-11-06,86.95,88.6,85.25,86.05,236943.0,
2018-11-07,86.85,86.85,85.5,86.15,70041.0,
2018-11-09,86.8,86.8,85.35,86.5,275805.0,
2018-11-12,86.75,88.0,86.6,86.95,108530.0,
2018-11-13,86.95,87.45,86.05,86.8,98239.0,
2018-11-14,87.45,88.1,86.05,86.65,154247.0,
2018-11-15,86.5,87.45,86.1,86.95,454148.0,
2018-11-16,87.2,88.2,86.4,86.75,258218.0,
2018-11-19,86.75,88.1,86.4,87.1,121032.0,
2018-11-20,87.0,87.0,86.1,86.75,103302.0,
2018-11-21,86.5,92.0,85.65,90.55,280053.0,
2018-11-22,91.3,92.5,89.35,90.45,246939.0,
2018-11-26,90.15,91.1,87.15,87.5,128778.0,
2018-11-27,87.0,87.95,85.85,86.4,64026.0,
2018-11-28,85.7,87.75,85.7,86.3,95997.0,
2018-11-29,86.1,87.0,85.1,86.75,98879.0,
2018-11-30,87.55,87.7,85.95,86.25,126522.0,
2018-12-03,88.9,88.9,85.8,86.3,103436.0,
2018-12-04,86.85,86.85,85.55,86.05,116409.0,
2018-12-05,85.5,86.4,85.3,86.0,408222.0,
2018-12-06,86.0,86.4,85.05,85.9,140274.0,
2018-12-07,85.25,86.95,85.25,86.15,79066.0,
2018-12-10,86.0,86.0,84.65,84.95,61341.0,
2018-12-11,84.0,86.3,83.75,85.8,74587.0,
2018-12-12,85.2,88.0,85.2,87.55,152529.0,
2018-12-13,87.4,89.2,87.25,87.85,159255.0,
2018-12-14,88.0,88.5,86.15,86.5,64809.0,
2018-12-17,87.35,89.5,87.3,88.75,130342.0,
2018-12-18,87.65,90.55,87.4,89.95,147571.0,
2018-12-19,89.5,91.5,89.25,90.65,117514.0,
2018-12-20,88.45,92.5,88.45,90.75,134068.0,
2018-12-21,91.65,91.75,88.7,90.05,102274.0,
2018-12-24,90.0,90.5,88.15,88.4,79722.0,
2018-12-26,88.0,88.55,86.95,87.2,71417.0,
2018-12-27,86.55,88.55,86.55,87.0,88405.0,
2018-12-28,87.05,88.5,87.05,88.25,45589.0,
2018-12-31,89.8,89.85,88.55,89.2,84614.0,
2019-01-01,89.0,90.75,88.6,90.45,44084.0,
2019-01-02,90.0,90.4,89.55,90.05,60487.0,
2019-01-03,89.1,90.05,88.0,88.15,64469.0,
2019-01-04,88.9,89.7,87.55,89.45,56794.0,
2019-01-07,90.1,90.15,85.95,86.95,87502.0,
2019-01-08,87.0,88.35,87.0,88.1,31382.0,
2019-01-09,89.3,90.2,87.5,88.0,93465.0,
2019-01-10,87.35,88.6,87.3,87.75,31378.0,
2019-01-11,87.45,87.9,86.5,87.1,45985.0,
2019-01-14,86.2,87.55,85.25,85.4,66544.0,
2019-01-15,85.35,87.7,85.35,87.2,22938.0,
2019-01-16,87.15,88.1,85.9,86.1,48250.0,
2019-01-17,86.05,86.9,85.55,86.05,38291.0,
2019-01-18,86.05,86.8,84.9,85.1,53382.0,
2019-01-21,85.3,85.9,82.3,84.1,127860.0,
2019-01-22,84.0,85.35,84.0,84.85,51709.0,
2019-01-23,84.9,85.0,84.15,84.45,65570.0,
2019-01-24,84.15,85.0,83.95,84.7,28028.0,
2019-01-25,84.1,86.8,84.1,85.05,75714.0,
2019-01-28,84.25,86.0,83.9,85.3,74319.0,
2019-01-29,85.15,86.75,84.6,86.05,53415.0,
2019-01-30,85.7,88.3,85.7,87.05,50272.0,
2019-01-31,87.0,87.6,84.55,85.2,95421.0,
2019-02-01,85.0,86.5,83.6,83.95,69395.0,
2019-02-04,84.0,84.15,81.45,82.6,60462.0,
2019-02-05,82.5,82.6,80.0,80.25,87541.0,
2019-02-06,80.15,80.65,78.0,78.7,102747.0,
2019-02-07,78.75,79.9,78.2,78.75,90935.0,
2019-02-08,78.75,78.9,77.5,78.3,64789.0,
2019-02-11,78.3,78.5,76.8,77.05,121420.0,
2019-02-12,77.1,77.2,75.4,76.15,147040.0,
2019-02-13,77.85,77.85,75.2,75.55,134155.0,
2019-02-14,73.0,77.4,69.35,73.55,314208.0,
2019-02-15,74.0,78.45,72.85,74.8,171032.0,
2019-02-18,74.95,75.6,73.8,74.2,115649.0,
2019-02-19,74.2,75.25,73.4,74.45,141711.0,
2019-02-20,74.05,74.9,72.55,72.9,233635.0,
2019-02-21,74.1,77.5,73.2,74.55,284596.0,
2019-02-22,74.3,76.8,74.2,76.35,83028.0,
2019-02-25,76.9,77.1,75.5,75.95,97690.0,
2019-02-26,75.1,77.2,74.8,76.1,73833.0,
2019-02-27,76.1,77.95,75.7,76.2,138224.0,
2019-02-28,75.75,77.7,75.3,76.95,87102.0,
2019-03-01,77.85,80.0,77.25,78.15,241461.0,
2019-03-05,78.15,83.2,78.15,82.75,192225.0,
2019-03-06,86.0,88.9,85.0,85.6,526511.0,
2019-03-07,85.6,86.55,83.65,85.3,80315.0,
2019-03-08,86.9,87.0,85.15,85.6,103231.0,
2019-03-11,85.6,86.4,84.35,86.0,106271.0,
2019-03-12,92.2,94.5,91.05,91.7,1362585.0,
2019-03-13,92.05,92.45,87.25,87.7,412160.0,
2019-03-14,88.5,88.5,84.7,85.0,281153.0,
2019-03-15,85.25,86.25,82.0,82.55,440667.0,
2019-03-18,83.3,83.5,81.6,82.1,203790.0,
2019-03-19,82.0,84.0,82.0,83.5,188590.0,
2019-03-20,84.1,84.25,82.65,83.65,101095.0,
2019-03-22,84.75,85.0,82.0,82.4,192322.0,
2019-03-25,82.6,82.6,80.8,81.15,110964.0,
2019-03-26,81.95,82.05,80.5,80.9,123574.0,
2019-03-27,81.2,81.65,80.6,81.2,132748.0,
2019-03-28,81.65,82.0,80.85,81.3,123569.0,
2019-03-29,81.25,82.1,81.05,81.3,146085.0,
2019-04-01,81.75,83.25,81.65,82.2,178639.0,
2019-04-02,83.0,83.0,81.5,81.75,86615.0,
2019-04-03,82.25,82.55,81.1,81.3,93759.0,
2019-04-04,81.5,81.8,79.2,79.55,135148.0,
2019-04-05,80.25,80.3,78.65,78.85,167666.0,
2019-04-08,79.1,80.8,79.1,79.5,105715.0,
2019-04-09,79.9,79.9,79.1,79.3,76323.0,
2019-04-10,79.35,79.7,78.6,78.8,147970.0,
2019-04-11,78.7,79.1,77.25,77.5,185369.0,
2019-04-12,77.7,78.65,76.9,77.0,199936.0,
2019-04-15,77.4,78.9,77.15,77.85,142889.0,
2019-04-16,77.85,78.4,77.55,77.8,134229.0,
2019-04-18,78.3,78.3,75.05,75.3,279551.0,
2019-04-22,75.55,75.55,74.3,74.55,150457.0,
2019-04-23,74.6,74.6,73.35,73.5,204697.0,
2019-04-24,74.0,74.0,72.8,73.0,254532.0,
2019-04-25,73.45,74.4,72.85,73.35,182257.0,
2019-04-26,74.0,74.0,73.0,73.05,140404.0,
2019-04-30,73.5,74.4,72.8,73.65,155140.0,
2019-05-02,73.8,75.35,73.6,74.55,107737.0,
2019-05-03,74.9,75.4,73.35,73.6,133137.0,
2019-05-06,73.5,74.6,73.25,74.3,94897.0,
2019-05-07,74.95,74.95,71.9,73.45,193528.0,
2019-05-08,73.7,73.7,72.5,72.95,168560.0,
2019-05-09,73.2,73.25,71.8,72.15,154056.0,
2019-05-10,74.15,74.75,72.9,73.75,376667.0,
2019-05-13,74.6,74.6,72.3,72.9,234316.0,
2019-05-14,72.1,73.4,72.1,72.85,145321.0,
2019-05-15,72.7,73.7,72.15,73.05,241717.0,
2019-05-16,72.5,73.1,72.5,72.9,118222.0,
2019-05-17,72.95,74.0,72.0,73.75,130357.0,
2019-05-20,75.0,75.6,74.2,74.8,212216.0,
2019-05-21,75.25,75.5,73.0,73.35,103647.0,
2019-05-22,73.25,74.3,73.0,73.75,68794.0,
2019-05-23,74.45,75.95,73.0,73.15,167704.0,
2019-05-24,73.5,74.8,73.05,74.15,192014.0,
2019-05-27,74.4,80.5,74.2,80.0,669825.0,
2019-05-28,81.4,84.0,78.0,81.95,2107769.0,
2019-05-29,82.75,84.1,81.3,82.85,285140.0,
2019-05-30,83.0,83.25,81.0,81.45,123285.0,
2019-05-31,81.5,83.05,79.0,80.35,273737.0,
2019-06-03,80.5,81.3,78.85,79.9,189016.0,
2019-06-04,79.9,80.95,79.1,80.15,117185.0,
2019-06-06,80.0,80.45,78.05,78.7,113000.0,
2019-06-07,79.6,79.6,77.35,77.45,99804.0,
2019-06-10,78.3,79.05,76.0,76.65,111409.0,
2019-06-11,76.25,76.5,75.05,75.5,111771.0,
2019-06-12,76.35,76.35,74.85,75.55,99698.0,
2019-06-13,75.2,75.6,74.25,75.1,76199.0,
2019-06-14,74.5,75.75,74.0,74.55,121937.0,
2019-06-17,74.5,74.5,71.9,72.2,121642.0,
2019-06-18,72.0,73.6,71.8,72.8,113878.0,
2019-06-19,72.95,73.6,71.7,72.5,232232.0,
2019-06-20,72.25,73.55,71.35,73.1,76661.0,
2019-06-21,73.5,75.5,72.55,74.55,53944.0,
2019-06-24,74.1,75.55,73.8,74.5,48585.0,
2019-06-25,74.5,74.6,73.5,73.6,58132.0,
2019-06-26,73.05,75.0,73.05,73.95,87136.0,
2019-06-27,74.05,76.5,74.05,75.2,91506.0,
2019-06-28,75.45,76.7,74.7,75.1,131176.0,
2019-07-01,75.7,75.95,74.5,74.85,79124.0,
2019-07-02,74.55,75.45,73.7,74.05,93154.0,
2019-07-03,74.15,75.0,74.1,74.85,120488.0,
2019-07-04,75.35,75.55,74.4,74.7,60687.0,
2019-07-05,74.2,75.4,73.4,73.95,72198.0,
2019-07-08,73.9,73.9,70.75,71.05,145580.0,
2019-07-09,71.05,71.65,70.5,71.05,152630.0,
2019-07-10,71.1,71.9,70.7,70.95,62777.0,
2019-07-11,71.0,71.5,70.4,71.05,78417.0,
2019-07-12,71.0,72.9,71.0,71.95,73764.0,
2019-07-15,72.9,72.9,71.2,71.8,41921.0,
2019-07-16,71.05,73.5,71.0,72.85,87712.0,
2019-07-17,72.35,73.3,72.35,72.8,58255.0,
2019-07-18,72.25,72.8,71.15,71.6,43771.0,
2019-07-19,71.6,71.75,70.5,71.15,97752.0,
2019-07-22,71.15,71.15,70.25,70.55,88293.0,
2019-07-23,70.55,71.9,69.6,70.45,97640.0,
2019-07-24,70.45,71.25,69.6,70.55,100908.0,
2019-07-25,70.15,71.3,70.05,70.75,41876.0,
2019-07-26,70.4,71.5,70.25,70.4,69665.0,
2019-07-29,70.4,71.2,70.3,70.9,132842.0,
2019-07-30,70.5,71.25,69.7,70.3,258345.0,
2019-07-31,69.5,72.2,69.45,71.5,179068.0,
2019-08-01,70.3,70.95,68.75,69.15,91625.0,
2019-08-02,68.75,69.25,67.75,68.4,133569.0,
2019-08-05,67.0,67.0,64.05,65.35,139918.0,
2019-08-06,65.25,66.6,64.8,65.45,107573.0,
2019-08-07,65.7,67.0,65.45,65.8,65639.0,
2019-08-08,66.4,66.5,65.4,65.9,48807.0,
2019-08-09,66.0,66.85,65.4,66.35,201036.0,
2019-08-13,65.55,66.7,64.0,65.35,79619.0,
2019-08-14,65.35,66.5,64.7,65.75,57416.0,
2019-08-16,66.0,66.6,64.75,66.2,66170.0,
2019-08-19,66.8,66.8,65.7,66.05,27431.0,
2019-08-20,66.2,66.2,65.25,65.35,36611.0,
2019-08-21,65.35,65.4,62.25,62.55,79127.0,
2019-08-22,62.05,62.5,60.1,60.45,113795.0,
2019-08-23,60.0,62.9,59.3,61.75,72093.0,63.44
2019-09-30,74.05,76.5,74.05,75.2,91506.0,57.88
2019-10-01,60.45,62.65,60.15,60.35,148613.0,48.2
2019-10-02,60.45,62.65,60.15,60.35,148613.0,48.2
2019-10-03,60.0,62.0,60.0,61.15,94319.0,43.98
2019-10-04,62.3,63.0,61.55,61.9,178616.0,48.33
2019-10-07,61.6,62.15,57.25,58.05,200583.0,75.52
2019-10-08,61.6,62.15,57.25,58.05,200583.0,75.52
2019-10-09,58.45,58.85,57.75,58.1,140098.0,66.69
2019-10-10,57.65,58.2,57.4,57.75,85711.0,78.97
2019-10-11,57.75,58.15,57.2,57.6,89243.0,76.21
2019-10-14,57.5,58.4,56.6,57.3,111701.0,68.46
2019-10-15,57.75,58.0,56.85,57.75,88929.0,69.97
2019-10-16,57.55,59.45,56.85,57.5,200631.0,70.0
2019-10-17,57.7,58.45,57.05,57.95,98468.0,70.02
2019-10-18,61.5,65.8,57.85,58.7,1067341.0,55.82
2019-10-21,61.5,65.8,57.85,58.7,1067341.0,55.82
2019-10-22,59.0,59.5,58.25,58.55,227497.0,80.97
2019-10-23,58.7,60.0,57.55,57.7,259553.0,59.24
2019-10-24,57.5,58.9,57.4,57.9,147311.0,72.92
2019-10-25,58.25,58.25,57.5,57.65,85817.0,68.05
2019-10-28,58.3,58.8,58.0,58.55,55257.0,90.88
2019-10-29,58.65,59.85,58.3,59.45,172429.0,68.17
2019-10-30,60.5,64.7,60.5,64.1,589809.0,57.99
2019-10-31,64.3,64.9,63.1,63.45,281134.0,73.99
2019-11-01,63.85,64.1,63.1,63.7,113238.0,60.97
2019-11-04,64.15,65.8,63.5,64.5,166747.0,60.74
2019-11-05,64.5,65.15,63.1,63.2,122291.0,65.67
2019-11-06,63.35,64.9,62.7,63.1,144299.0,50.95
2019-11-07,63.5,63.55,62.5,63.15,62100.0,69.22
2019-11-08,63.25,63.25,62.1,62.65,77035.0,65.32
2019-11-11,62.3,63.5,62.1,62.55,59507.0,66.68
2019-11-12,62.3,63.5,62.1,62.55,59507.0,66.68
2019-11-13,62.5,64.0,61.8,62.1,121786.0,68.84
2019-11-14,61.95,61.95,58.7,58.95,281242.0,59.62
2019-11-15,58.5,59.9,58.35,59.6,98600.0,72.22
2019-11-18,59.85,60.7,58.8,59.1,174598.0,86.37
2019-11-19,59.15,59.9,58.65,59.0,79549.0,68.39
2019-11-20,59.4,59.55,58.3,58.95,110368.0,69.61
2019-11-21,59.45,59.45,58.1,58.3,58267.0,73.75
2019-11-22,58.45,58.7,57.7,58.25,76305.0,73.44
2019-11-25,58.25,59.35,57.35,57.75,184322.0,76.4
2019-11-26,57.9,58.5,56.7,56.85,207796.0,73.96
2019-11-27,57.5,57.6,55.05,55.35,335326.0,74.97
2019-11-28,55.65,57.0,55.4,56.85,119564.0,76.13
2019-11-29,56.9,58.1,56.6,57.85,160691.0,64.85
2019-12-02,57.85,58.35,57.2,57.45,88242.0,71.79
2019-12-03,57.55,57.55,56.25,56.45,53505.0,70.49
2019-12-04,56.4,56.9,56.0,56.3,71339.0,70.45
2019-12-05,56.65,57.4,56.1,56.95,57858.0,64.96
2019-12-06,57.0,57.5,55.9,56.1,85312.0,86.71
2019-12-09,56.0,56.4,55.5,55.8,67492.0,74.04
2019-12-10,56.25,56.25,55.25,55.35,62133.0,81.72
2019-12-11,55.0,55.95,54.5,55.15,133213.0,67.53
2019-12-12,55.25,56.5,55.2,55.65,80984.0,72.93
2019-12-13,56.05,56.3,55.4,55.6,106470.0,65.29
2019-12-16,55.6,58.0,54.95,57.5,177833.0,51.07
2019-12-17,57.5,58.9,57.0,57.85,130045.0,60.59
2019-12-18,57.85,58.9,57.15,58.0,91018.0,57.81
2019-12-19,58.0,59.6,57.55,58.85,144500.0,54.07
2019-12-20,58.9,59.3,58.25,58.65,84167.0,50.25
2019-12-23,58.95,63.9,58.0,63.25,2033857.0,23.29
2019-12-24,62.7,63.4,61.0,61.3,351862.0,43.37
2019-12-25,62.7,63.4,61.0,61.3,351862.0,43.37
2019-12-26,61.3,63.35,61.3,62.2,202033.0,42.74
2019-12-27,62.35,62.65,60.8,61.9,189598.0,50.15
2019-12-30,62.0,62.5,61.15,61.8,104732.0,60.6
2019-12-31,61.85,63.5,61.1,61.55,107798.0,60.75
2020-01-01,61.55,63.2,61.1,62.8,257348.0,62.39
2020-01-02,63.4,69.3,63.05,67.05,1633390.0,28.86
2020-01-03,66.9,68.7,65.55,65.8,328461.0,48.9
2020-01-06,65.8,65.9,61.0,61.5,264036.0,62.39
2020-01-07,62.3,63.9,62.25,63.4,189325.0,47.99
2020-01-08,62.75,63.25,60.2,62.45,138358.0,42.57
2020-01-09,63.2,67.45,63.2,66.35,600415.0,47.92
2020-01-10,66.8,66.85,64.8,65.55,222942.0,55.0
2020-01-13,65.65,68.9,65.65,67.1,405873.0,44.51
2020-01-14,67.0,68.5,66.7,67.0,154428.0,52.43
2020-01-15,67.0,67.8,66.35,66.9,153005.0,53.76
2020-01-16,67.45,72.5,67.15,69.8,789573.0,43.2
2020-01-17,70.7,71.45,68.85,69.55,391118.0,53.73
2020-01-20,69.95,70.65,69.0,69.2,221307.0,53.02
2020-01-21,69.15,69.15,65.2,66.85,191839.0,59.13
2020-01-22,66.85,67.75,66.35,66.6,175865.0,67.22
2020-01-23,66.6,68.9,66.6,67.6,163046.0,56.16
2020-01-24,66.55,69.6,65.5,65.9,362691.0,59.89
2020-01-27,65.7,67.7,65.5,66.2,239099.0,49.93
2020-01-28,66.1,66.95,63.75,64.05,147218.0,66.25
2020-01-29,64.85,64.9,63.5,63.75,115364.0,61.16
2020-01-30,63.65,64.0,61.9,62.3,146547.0,64.32
2020-01-31,62.85,62.9,60.9,61.2,112089.0,65.2
2020-02-03,60.0,60.55,58.65,59.15,101506.0,64.78
2020-02-04,59.95,61.3,59.7,60.85,68433.0,55.37
2020-02-05,61.4,62.6,60.5,61.0,133378.0,55.99
2020-02-06,61.55,62.2,61.1,61.9,88320.0,63.42
2020-02-07,62.0,62.35,61.0,61.25,57421.0,60.87
2020-02-10,63.0,63.25,59.05,60.15,202906.0,48.54
2020-02-11,60.4,61.3,59.4,59.8,91384.0,59.85
2020-02-12,60.1,60.45,59.2,59.55,67484.0,68.92
2020-02-13,59.5,60.3,59.05,59.3,96876.0,65.89
2020-02-14,58.15,58.65,55.1,57.75,404961.0,55.41
2020-02-17,57.0,57.5,56.05,56.95,111359.0,72.7
2020-02-18,56.8,57.9,55.4,57.05,117505.0,61.14
2020-02-19,57.6,58.9,56.75,58.55,113736.0,71.76
2020-02-20,58.6,59.3,57.5,58.25,67333.0,62.01
2020-02-21,58.6,59.3,57.5,58.25,67333.0,62.01
2020-02-24,58.25,58.25,56.1,56.5,80271.0,61.21
2020-02-25,56.6,56.95,55.5,55.65,74853.0,73.62
2020-02-26,55.6,55.65,53.55,53.9,163160.0,74.91
2020-02-27,54.0,54.5,51.75,52.2,142378.0,80.55
2020-02-28,51.0,52.0,50.1,51.0,117970.0,69.56
2020-03-02,51.1,52.95,49.4,49.9,121249.0,72.22
2020-03-03,50.5,50.8,47.9,49.15,176039.0,69.51
2020-03-04,49.15,49.45,47.2,48.0,127804.0,73.62
2020-03-05,48.2,48.9,47.5,47.75,86619.0,62.66
2020-03-06,47.1,47.3,45.85,46.5,124946.0,69.71
2020-03-09,46.0,46.0,44.4,44.6,179222.0,73.65
2020-03-10,46.0,46.0,44.4,44.6,179222.0,73.65
2020-03-11,44.6,45.45,43.2,43.6,129471.0,68.08
2020-03-12,42.0,42.8,35.3,37.05,379890.0,71.42
2020-03-13,33.3,38.9,30.25,36.35,691468.0,61.58
2020-03-16,35.8,38.5,34.5,36.6,259400.0,60.72
2020-03-17,36.6,39.5,35.5,36.75,257268.0,55.46
2020-03-18,38.15,38.5,35.7,37.3,217669.0,65.74
2020-03-19,37.0,37.0,32.6,33.3,483909.0,67.47
2020-03-20,33.7,35.6,33.5,34.8,334727.0,66.99
2020-03-23,32.4,33.25,29.1,31.8,288159.0,74.17
2020-03-24,32.35,34.0,31.5,32.2,257194.0,59.77
2020-03-25,33.5,33.5,31.85,32.3,189570.0,75.13
2020-03-26,32.4,35.35,31.75,31.95,462595.0,70.16
2020-03-27,32.7,33.25,29.45,29.85,921225.0,75.13
2020-03-30,29.45,30.45,29.25,29.9,314589.0,74.46
2020-03-31,30.25,32.35,30.25,31.55,438337.0,69.19
2020-04-01,31.8,32.4,30.9,31.05,281792.0,78.58
2020-04-02,31.8,32.4,30.9,31.05,281792.0,78.58
2020-04-03,31.2,31.3,30.5,30.7,349906.0,86.21
2020-04-06,31.2,31.3,30.5,30.7,349906.0,86.21
2020-04-07,31.9,36.8,31.8,34.4,998271.0,63.21
2020-04-08,34.95,36.6,33.9,35.0,842593.0,68.69
2020-04-09,35.15,41.35,35.15,40.0,2346285.0,40.1
2020-04-10,35.15,41.35,35.15,40.0,2346285.0,40.1
2020-04-13,40.2,40.4,36.5,38.0,1263567.0,65.48
2020-04-15,38.2,40.8,37.85,38.35,1289088.0,73.68
2020-04-16,38.0,42.1,37.9,41.0,1230477.0,69.69
2020-04-17,42.5,46.4,42.0,43.55,3298800.0,40.25
2020-04-20,44.5,45.6,42.25,42.45,817186.0,76.75
2020-04-21,41.05,41.5,39.5,40.2,376445.0,65.22
2020-04-22,39.6,40.5,38.8,39.9,356149.0,53.34
2020-04-23,40.7,41.75,39.85,40.9,428745.0,56.22
2020-04-24,42.35,42.35,39.0,39.85,1290441.0,45.47
2020-04-27,40.1,40.75,39.8,39.95,501689.0,73.05
2020-04-28,40.25,40.25,38.9,39.0,526751.0,74.28
2020-04-29,39.15,39.35,38.75,38.9,319512.0,65.0
2020-04-30,39.3,40.6,38.95,39.45,772145.0,73.66
2020-05-01,39.3,40.6,38.95,39.45,772145.0,73.66
2020-05-04,38.5,38.5,37.6,38.0,377435.0,71.12
2020-05-05,38.1,38.65,37.55,37.65,245950.0,55.8
2020-05-06,37.7,38.5,37.35,38.05,273057.0,58.81
2020-05-07,37.9,38.35,36.9,37.0,315823.0,71.75
2020-05-08,37.5,37.65,36.0,36.15,282209.0,75.65
2020-05-11,36.2,37.5,35.8,35.9,218830.0,62.47
2020-05-12,35.55,36.15,34.65,35.2,341996.0,70.91
2020-05-13,36.6,37.0,35.5,36.2,604768.0,56.32
2020-05-14,35.9,36.75,35.65,35.75,617729.0,67.09
2020-05-15,35.8,36.0,34.85,35.15,438970.0,69.48
2020-05-18,36.5,37.5,35.1,35.25,830707.0,49.98
2020-05-19,35.65,35.65,34.65,34.9,411236.0,70.66
2020-05-20,34.9,35.3,34.85,35.0,237835.0,80.7
2020-05-21,35.05,35.9,34.95,35.1,442480.0,62.06
2020-05-22,35.35,35.4,34.65,35.15,166019.0,63.13
2020-05-25,35.35,35.4,34.65,35.15,166019.0,63.13
2020-05-26,35.45,36.25,34.75,35.5,183404.0,60.47
2020-05-27,35.9,37.35,35.5,36.6,406569.0,61.18
2020-05-28,36.9,39.2,36.5,37.65,2095112.0,31.73
2020-05-29,37.5,38.35,36.9,37.9,429828.0,64.96
2020-06-01,38.3,39.8,34.2,37.2,1855994.0,53.11
2020-06-02,37.8,38.4,37.2,38.0,677309.0,59.69
2020-06-03,38.35,38.9,37.65,37.85,1136518.0,74.42
2020-06-04,38.0,38.25,37.1,37.7,492659.0,59.21
2020-06-05,38.1,39.2,37.75,37.95,2358821.0,71.61
2020-06-08,38.8,40.35,38.5,38.75,2513588.0,61.33
2020-06-09,39.15,41.2,39.05,40.1,4720485.0,42.43
2020-06-10,40.6,42.35,40.3,41.55,2127023.0,46.56
2020-06-11,41.8,41.8,39.85,40.1,938419.0,56.99
2020-06-12,38.8,39.85,38.1,39.65,769898.0,50.32
2020-06-15,40.5,43.8,39.3,42.65,2277787.0,40.74
2020-06-16,44.05,44.25,40.5,41.2,1342820.0,54.22
2020-06-17,40.65,41.6,40.3,40.5,400183.0,50.99
2020-06-18,40.55,43.0,40.55,41.75,1459444.0,38.06
2020-06-19,42.4,45.0,42.1,43.0,1998919.0,52.9
2020-06-22,43.9,45.95,43.3,45.45,2582154.0,48.93
2020-06-23,46.0,46.5,44.15,44.95,2097144.0,58.23
2020-06-24,45.75,45.75,41.8,42.05,2266649.0,56.71
2020-06-25,41.9,43.9,41.5,42.35,1355651.0,41.1
2020-06-26,42.85,43.2,41.6,41.8,718750.0,61.6
2020-06-29,41.8,42.25,40.5,40.75,727881.0,58.11
2020-06-30,40.8,41.3,39.75,39.95,781203.0,56.73
2020-07-01,40.1,40.35,39.65,40.15,516348.0,54.31
2020-07-02,40.3,42.0,40.3,40.7,1425959.0,51.09
2020-07-03,41.1,41.3,40.3,40.45,651995.0,57.52
2020-07-06,41.0,41.5,40.5,40.9,1095602.0,48.75
2020-07-07,41.2,41.35,40.7,41.0,878316.0,51.54
2020-07-08,41.15,43.5,41.05,41.85,2860571.0,43.1
2020-07-09,41.3,42.5,41.3,41.95,1508845.0,41.42
2020-07-10,41.5,42.4,41.0,41.2,957991.0,44.35
2020-07-13,41.3,43.0,41.3,42.15,1622211.0,55.71
2020-07-14,41.9,42.9,41.15,41.45,1079689.0,42.31
2020-07-15,41.85,44.4,41.75,42.2,7443774.0,31.42
2020-07-16,43.0,43.0,41.0,41.25,2033679.0,46.85
2020-07-17,43.0,43.8,42.6,43.15,4330379.0,30.42
2020-07-20,43.55,43.7,42.8,43.0,1433989.0,62.11
2020-07-21,43.15,43.35,41.7,42.15,10970927.0,11.75
2020-07-22,42.15,42.3,41.25,41.45,1584793.0,41.09
2020-07-23,41.45,43.65,41.3,43.05,5734078.0,27.23
2020-07-24,42.4,42.9,41.5,41.85,1920269.0,29.6
2020-07-27,41.8,42.0,40.3,40.6,1011079.0,59.59
2020-07-28,40.8,41.2,40.2,40.7,737427.0,45.21
2020-07-29,40.9,41.4,40.0,40.55,754599.0,45.21
2020-07-30,40.75,41.25,40.7,41.0,1385752.0,72.64
2020-07-31,41.05,41.2,40.65,41.0,692146.0,67.97
2020-08-03,41.0,41.15,40.45,40.6,357207.0,58.71
2020-08-04,40.7,41.15,40.7,40.85,445806.0,61.34
2020-08-05,41.25,41.5,40.85,41.2,406218.0,63.61
2020-08-06,41.35,42.2,41.05,41.25,615925.0,55.55
2020-08-07,41.5,41.85,41.1,41.2,516086.0,64.83
2020-08-10,41.9,42.1,41.35,41.65,595636.0,57.36
2020-08-11,41.95,42.95,41.65,41.9,1240783.0,57.4
2020-08-12,42.5,44.2,42.0,42.9,5948228.0,34.32
2020-08-13,42.95,43.8,42.75,42.9,1429527.0,54.56
2020-08-14,43.1,45.45,42.85,43.5,6616112.0,43.4
2020-08-17,44.35,46.75,44.2,45.7,8270918.0,37.65
2020-08-18,46.15,48.2,46.0,47.75,7875141.0,41.08
2020-08-19,48.25,49.45,48.1,48.8,4697532.0,43.86
2020-08-20,47.75,53.25,47.5,51.55,9180422.0,37.5
2020-08-21,52.4,52.9,50.25,50.8,2878109.0,43.49
2020-08-24,51.0,51.65,49.0,49.4,1897491.0,59.52
2020-08-25,49.6,50.25,48.45,48.65,1640427.0,52.97
2020-08-26,49.1,51.15,48.85,50.3,2237680.0,48.11
2020-08-27,51.6,51.9,49.8,50.2,2617209.0,47.28
2020-08-28,50.5,51.4,49.7,49.95,1779872.0,48.16
2020-08-31,50.35,50.4,45.0,46.25,2201146.0,58.29
2020-09-01,46.85,47.3,45.15,46.5,745397.0,46.49
2020-09-02,46.5,48.25,46.5,47.95,838222.0,43.57
2020-09-03,47.55,48.3,47.3,47.5,472262.0,46.25
2020-09-04,46.35,47.45,45.9,46.7,496088.0,54.28
2020-09-07,46.75,46.9,45.75,46.1,403999.0,50.64
2020-09-08,46.0,46.7,44.5,44.8,539453.0,58.55
2020-09-09,44.65,44.7,43.2,44.2,691879.0,46.41
2020-09-10,44.8,45.55,44.4,45.0,466930.0,49.77
2020-09-11,45.35,45.75,44.7,45.05,339635.0,52.89
2020-09-14,45.95,47.45,45.85,46.55,826995.0,54.32
2020-09-15,47.0,47.3,46.4,46.8,255911.0,45.9
2020-09-16,46.75,47.8,46.4,46.55,456624.0,48.5
2020-09-17,46.25,46.85,45.4,45.5,439166.0,65.9
2020-09-18,45.5,46.0,44.4,45.25,798274.0,59.95
2020-09-21,45.25,45.45,42.3,43.05,566283.0,61.4
2020-09-22,42.65,42.95,41.25,42.0,511438.0,50.03
2020-09-23,42.7,42.85,41.8,42.05,382284.0,43.5
2020-09-24,41.5,41.75,40.85,41.15,338222.0,53.58
2020-09-25,41.5,42.65,41.0,42.45,532798.0,60.82
2020-09-28,42.65,43.9,42.2,42.55,450875.0,56.59
2020-09-29,43.25,43.4,42.1,42.4,263077.0,49.08
2020-09-30,42.75,42.75,41.95,42.05,197021.0,57.98
2020-10-01,42.6,43.1,42.3,42.55,241690.0,48.02
2020-10-02,42.6,43.1,42.3,42.55,241690.0,48.02
2020-10-05,42.9,46.0,42.5,45.6,1145064.0,60.58
2020-10-06,46.5,49.65,46.5,47.75,7867732.0,24.95
2020-10-07,47.2,47.4,46.25,46.45,712131.0,40.27
2020-10-08,46.5,46.85,45.15,45.4,451027.0,57.1
2020-10-09,45.2,45.8,44.75,44.9,292557.0,58.59
2020-10-12,45.1,45.5,44.0,44.25,253281.0,58.89
2020-10-13,44.0,45.5,43.45,44.95,389860.0,50.98
2020-10-14,44.45,44.75,43.7,44.3,235223.0,55.01
2020-10-15,44.65,45.9,43.05,44.25,484394.0,45.3
2020-10-16,44.3,45.05,43.55,44.4,395031.0,40.77
2020-10-19,44.75,45.25,43.4,43.65,415510.0,59.84
2020-10-20,43.6,44.4,43.3,43.95,290241.0,52.33
2020-10-21,43.9,44.5,43.45,43.6,342788.0,55.09
2020-10-22,43.6,44.7,43.25,44.0,343803.0,59.65
2020-10-23,44.5,45.35,44.15,44.3,563711.0,42.19
2020-10-26,44.5,44.55,43.15,43.35,325687.0,67.73
2020-10-27,43.3,43.6,43.0,43.15,254096.0,61.16
2020-10-28,43.15,43.3,42.5,42.65,268563.0,70.73
2020-10-29,42.1,43.3,42.0,42.45,356821.0,59.56
2020-10-30,42.4,43.25,42.25,42.65,227638.0,50.59
2020-11-02,42.55,42.8,42.1,42.3,163094.0,74.32
2020-11-03,42.45,42.75,42.1,42.25,174912.0,64.57
2020-11-04,42.2,42.6,42.0,42.25,202520.0,53.6
2020-11-05,42.45,43.45,41.9,42.05,1017793.0,71.76
2020-11-06,42.25,42.65,42.2,42.25,576436.0,66.18
2020-11-09,42.95,43.4,42.55,43.2,416980.0,64.32
2020-11-10,43.5,43.7,42.9,43.1,661665.0,79.6
2020-11-11,43.2,44.05,42.9,43.75,532897.0,52.55
2020-11-12,43.5,43.6,42.1,42.35,858313.0,69.63
2020-11-13,42.35,43.2,42.15,42.8,444050.0,56.12
2020-11-16,43.0,43.4,42.8,43.1,252761.0,80.22
2020-11-17,43.2,46.3,43.05,45.85,4268297.0,37.81
2020-11-18,46.0,46.8,45.3,46.25,1133211.0,62.68
2020-11-19,46.2,47.55,45.7,45.85,1303358.0,60.88
2020-11-20,46.0,46.55,45.1,45.55,544835.0,58.04
2020-11-23,45.85,46.1,45.15,45.4,367282.0,49.66
2020-11-24,45.6,47.5,45.5,46.15,1674992.0,46.04
2020-11-25,46.45,47.0,45.35,45.65,666278.0,45.31
2020-11-26,45.75,48.4,45.1,47.5,2233480.0,42.06
2020-11-27,47.7,47.75,46.75,46.95,1108932.0,63.37
2020-11-30,47.7,47.75,46.75,46.95,1108932.0,63.37
2020-12-01,46.95,48.25,46.75,47.25,728056.0,63.0
2020-12-02,47.4,48.65,47.15,47.75,1812573.0,41.76
2020-12-03,48.1,49.8,48.1,49.05,2377132.0,53.31
2020-12-04,49.5,49.8,47.4,48.45,1632900.0,53.28
2020-12-07,48.75,50.25,48.6,49.35,1654104.0,56.38
2020-12-08,50.5,51.35,48.65,49.4,2086182.0,50.43
2020-12-09,49.85,53.05,49.8,51.85,4486196.0,53.61
2020-12-10,51.8,51.9,49.8,50.6,1490664.0,47.64
2020-12-11,51.0,52.8,50.8,51.35,2466911.0,36.41
2020-12-14,52.0,55.9,51.9,55.35,7458930.0,31.43
2020-12-15,55.3,55.3,53.3,54.4,2162163.0,44.27
2020-12-16,54.9,55.65,54.5,54.75,1759441.0,47.03
2020-12-17,55.3,56.2,54.5,54.7,1774693.0,44.48
2020-12-18,54.85,55.1,52.5,53.95,1485622.0,46.89
2020-12-21,53.95,54.45,48.1,48.95,2443554.0,53.6
2020-12-22,48.0,48.95,45.3,47.85,1685475.0,42.67
2020-12-23,48.05,50.15,47.7,49.9,1012009.0,45.53
2020-12-24,50.8,51.2,49.3,49.75,1113237.0,45.9
2020-12-25,50.8,51.2,49.3,49.75,1113237.0,45.9
2020-12-28,50.4,50.85,49.9,50.15,643600.0,58.54
2020-12-29,53.0,53.0,50.05,50.95,1287253.0,46.29
2020-12-30,50.75,52.35,49.7,51.65,1020004.0,45.57
2020-12-31,51.75,52.95,51.25,52.6,2058282.0,54.42
2021-01-01,53.8,55.3,53.0,54.9,4827521.0,51.52
2021-01-04,55.55,59.0,55.55,58.6,9301814.0,32.94
2021-01-05,58.65,62.0,57.9,61.25,8896108.0,30.34
2021-01-06,61.7,62.15,58.5,59.35,3771097.0,46.1
2021-01-07,60.25,61.15,59.05,59.7,2059334.0,43.33
2021-01-08,60.2,60.7,59.05,59.25,1549986.0,51.97
2021-01-11,59.65,61.6,56.55,60.1,3287440.0,49.98
2021-01-12,61.4,67.4,60.85,63.6,18805454.0,22.55
2021-01-13,66.95,66.95,62.6,64.85,7550241.0,26.33
2021-01-14,64.85,64.85,63.0,63.5,1698484.0,38.11
2021-01-15,63.5,63.6,61.0,61.7,1602553.0,45.7
2021-01-18,62.1,62.1,58.5,58.9,1558850.0,48.91
2021-01-19,59.0,61.0,58.7,60.4,986003.0,39.9
2021-01-20,60.3,60.95,59.8,60.1,689397.0,41.71
2021-01-21,60.4,61.4,59.0,59.45,1209449.0,34.2
2021-01-22,59.45,59.9,57.5,57.85,796467.0,50.33
2021-01-25,58.55,58.75,55.45,55.9,1034701.0,38.38
2021-01-26,58.55,58.75,55.45,55.9,1034701.0,38.38
2021-01-27,55.85,57.4,55.15,55.45,965929.0,38.83
2021-01-28,54.75,56.3,54.6,55.25,669629.0,42.39
2021-01-29,55.75,57.6,54.75,55.05,723452.0,40.52
2021-02-01,55.55,57.25,54.5,56.75,1066100.0,32.9
2021-02-02,57.1,58.35,55.85,56.1,1189440.0,49.17
2021-02-03,56.35,57.7,55.9,57.2,1350588.0,42.61
2021-02-04,57.9,61.75,57.5,60.05,5474102.0,23.33
2021-02-05,61.0,61.2,59.2,59.4,1282506.0,43.09
2021-02-08,59.9,64.0,59.3,63.2,5460304.0,27.27
2021-02-09,63.9,64.1,60.9,61.2,1692705.0,45.45
2021-02-10,57.0,57.4,55.0,56.65,4207459.0,47.15
2021-02-11,56.5,57.8,56.0,56.45,1422558.0,49.68
2021-02-12,56.65,57.0,56.0,56.1,790498.0,41.34
2021-02-15,56.35,56.65,54.25,54.55,996598.0,57.89
2021-02-16,54.5,55.65,54.45,54.8,890563.0,49.15
2021-02-17,54.65,55.45,54.45,55.15,622440.0,46.25
2021-02-18,55.5,59.4,55.15,58.5,3799504.0,29.94
2021-02-19,58.2,58.5,56.05,56.75,1214735.0,38.65
2021-02-22,56.2,57.75,55.6,56.0,1011165.0,37.25
2021-02-23,56.4,60.4,56.05,58.8,4904691.0,20.67
2021-02-24,59.25,60.35,58.8,59.2,1201354.0,41.77
2021-02-25,59.6,64.45,59.1,62.65,6811816.0,37.48
2021-02-26,61.9,63.75,60.3,62.05,4185635.0,32.61
2021-03-01,62.55,64.9,62.25,63.7,3843282.0,34.4
2021-03-02,64.6,65.7,62.85,63.85,2915552.0,36.92
2021-03-03,64.3,66.05,63.15,63.6,3135208.0,34.41
2021-03-04,62.75,64.2,62.5,63.1,1878246.0,29.68
2021-03-05,63.0,64.0,61.0,61.4,1927795.0,35.92
2021-03-08,61.9,62.8,60.7,61.05,1240846.0,31.41
2021-03-09,61.25,62.0,59.2,59.85,1354399.0,36.34
2021-03-10,60.1,64.6,59.75,61.85,5249965.0,19.29
2021-03-11,60.1,64.6,59.75,61.85,5249965.0,19.29
2021-03-12,62.0,62.35,59.8,60.25,1286681.0,35.89
2021-03-15,60.4,60.65,58.5,59.55,1126256.0,33.13
2021-03-16,59.35,59.9,58.2,58.55,881318.0,39.65
2021-03-17,58.3,59.4,56.15,56.65,1089876.0,36.26
2021-03-18,57.5,57.8,55.05,55.65,1262308.0,34.56
2021-03-19,55.25,59.9,53.3,59.0,2478018.0,25.8
2021-03-22,59.5,59.5,57.15,57.5,1065011.0,28.27
2021-03-23,57.9,58.85,57.25,58.25,811188.0,32.98
2021-03-24,57.6,57.85,55.35,55.9,664463.0,50.75
2021-03-25,56.0,56.2,53.6,54.15,894786.0,42.13
2021-03-26,54.55,55.9,54.05,54.4,742077.0,42.32
2021-03-29,54.55,55.9,54.05,54.4,742077.0,42.32
2021-03-30,55.6,57.8,54.55,55.9,1595245.0,28.43
2021-03-31,55.8,56.65,55.1,55.25,759855.0,37.34
2021-04-01,55.5,59.75,55.45,58.95,2423496.0,34.79
2021-04-02,55.5,59.75,55.45,58.95,2423496.0,34.79
2021-04-05,59.3,59.6,56.1,56.65,1292520.0,43.3
2021-04-06,57.25,57.95,56.25,56.6,881244.0,25.18
2021-04-07,56.8,57.7,56.3,57.05,494924.0,40.99
2021-04-08,57.7,61.4,57.25,58.85,4279598.0,23.09
2021-04-09,59.1,61.7,58.3,60.15,2807982.0,29.84
2021-04-12,58.0,58.0,54.95,55.25,1628262.0,37.61
2021-04-13,55.95,56.9,55.05,56.35,1120261.0,24.62
2021-04-14,55.95,56.9,55.05,56.35,1120261.0,24.62
2021-04-15,56.2,57.15,54.75,55.4,1053578.0,31.46
2021-04-16,56.1,56.9,55.5,55.8,862461.0,34.61
2021-04-19,54.2,54.25,51.9,53.25,982261.0,39.7
2021-04-20,54.25,54.7,52.55,53.05,751073.0,34.82
2021-04-21,54.25,54.7,52.55,53.05,751073.0,34.82
2021-04-22,52.0,54.15,51.8,53.65,783996.0,32.63
2021-04-23,53.1,55.55,53.0,53.9,1004972.0,25.75
2021-04-26,54.8,56.4,54.25,55.55,972871.0,30.58
2021-04-27,55.9,57.35,55.5,56.6,1102991.0,41.41
2021-04-28,56.95,57.6,56.6,56.8,654619.0,34.29
2021-04-29,57.0,58.75,56.5,57.8,1814764.0,28.22
2021-04-30,57.05,59.8,56.8,58.8,2117782.0,34.17
2021-05-03,60.9,62.35,60.15,61.15,6445783.0,29.71
2021-05-04,61.7,63.5,60.3,60.85,3498650.0,33.65
2021-05-05,61.35,62.0,60.15,60.55,1634112.0,30.82
2021-05-06,61.0,61.8,60.15,60.35,1757256.0,34.0
2021-05-07,60.8,69.15,60.6,67.7,18449197.0,27.28
2021-05-10,69.5,79.6,69.5,76.9,37133626.0,18.69
2021-05-11,74.0,80.75,72.85,79.2,11977101.0,22.31
2021-05-12,81.7,83.35,74.7,76.75,12015884.0,25.61
2021-05-13,81.7,83.35,74.7,76.75,12015884.0,25.61
2021-05-14,77.4,78.85,71.5,72.5,5027013.0,27.34
2021-05-17,73.1,80.7,71.55,78.55,13858391.0,19.7
2021-05-18,79.65,80.7,75.0,75.6,4795725.0,29.33
2021-05-19,75.85,77.35,74.7,75.8,2289736.0,23.12
2021-05-20,75.2,76.2,73.2,73.5,2561577.0,29.19
2021-05-21,74.3,77.4,74.0,74.6,3549616.0,22.08
2021-05-24,75.2,75.7,73.6,74.0,1781112.0,31.72
2021-05-25,74.6,75.9,73.5,74.3,2068065.0,24.85
2021-05-26,74.7,74.75,72.35,72.6,1498453.0,38.63
2021-05-27,73.2,75.2,72.5,72.8,1982964.0,29.97
2021-05-28,74.0,77.7,73.75,74.55,6009728.0,22.95
2021-05-31,74.85,74.85,73.0,73.15,1347559.0,42.69
2021-06-01,73.85,74.7,71.35,71.85,1499649.0,35.77
2021-06-02,72.1,73.45,71.85,72.35,1334333.0,32.97
2021-06-03,73.0,75.2,72.6,73.45,1704856.0,32.6
2021-06-04,73.95,75.45,73.0,74.75,2350791.0,29.07
2021-06-07,75.25,75.65,74.0,74.45,1713330.0,41.87
2021-06-08,74.5,74.9,72.8,73.95,1116987.0,41.34
2021-06-09,73.95,75.4,72.05,72.6,1634575.0,38.0
2021-06-10,73.1,74.0,72.95,73.3,712869.0,36.24
2021-06-11,73.9,79.5,73.85,78.25,10309570.0,31.42
2021-06-14,79.25,81.7,76.6,79.05,7000540.0,29.98
2021-06-15,79.6,79.85,77.6,78.5,2074122.0,45.47
2021-06-16,79.0,80.6,76.05,78.7,2877921.0,32.54
2021-06-17,77.8,78.75,75.25,75.85,2021729.0,31.45
2021-06-18,76.45,76.45,70.65,72.9,1705843.0,33.53
2021-06-21,71.0,74.85,70.1,74.25,2350058.0,19.72
2021-06-22,74.8,75.7,74.15,74.45,925044.0,32.14
2021-06-23,75.0,77.95,74.5,74.9,3179313.0,19.69
2021-06-24,75.4,75.4,73.5,73.7,714509.0,36.43
2021-06-25,74.3,75.65,74.2,75.15,984877.0,42.38
2021-06-28,75.75,77.3,75.2,76.05,1699534.0,38.32
2021-06-29,76.55,76.75,70.65,71.85,3101199.0,36.68
2021-06-30,71.8,71.8,67.6,67.85,4723040.0,52.43
2021-07-01,68.3,69.25,68.1,68.55,1751639.0,36.57
2021-07-02,69.1,69.45,68.3,68.7,876489.0,45.09
2021-07-05,69.0,69.8,68.5,68.75,836756.0,42.71
2021-07-06,68.95,69.35,67.75,68.0,972665.0,48.55
2021-07-07,68.0,71.2,67.2,70.55,2338352.0,36.63
2021-07-08,70.8,70.8,68.8,69.1,987154.0,45.42
2021-07-09,69.0,70.6,68.4,69.5,996187.0,29.82
2021-07-12,70.5,70.9,68.6,68.8,710652.0,40.65
2021-07-13,69.5,69.8,68.75,69.1,492957.0,53.25
2021-07-14,69.6,69.85,68.5,68.7,686443.0,58.11
2021-07-15,68.7,68.9,67.8,67.95,488533.0,63.61
2021-07-16,67.6,69.4,67.6,68.25,872753.0,44.38
2021-07-19,67.1,69.2,67.1,68.0,747406.0,46.31
2021-07-20,68.0,68.35,65.3,65.95,848445.0,42.96
2021-07-21,68.0,68.35,65.3,65.95,848445.0,42.96
2021-07-22,67.35,67.6,66.5,66.7,548655.0,43.28
2021-07-23,67.35,67.45,65.6,65.8,465234.0,46.48
2021-07-26,66.15,66.95,65.65,65.85,458677.0,44.83
2021-07-27,66.0,67.95,65.05,65.25,841447.0,44.89
2021-07-28,65.35,65.85,64.0,64.7,604824.0,40.21
2021-07-29,65.0,73.4,65.0,71.0,10039617.0,18.34
2021-07-30,71.45,72.4,69.25,69.7,1972541.0,29.03
2021-08-02,70.2,70.2,68.7,69.05,612152.0,41.9
2021-08-03,69.4,69.7,68.35,68.6,449733.0,45.82
2021-08-04,69.05,73.5,68.75,70.05,3405752.0,27.6
2021-08-05,70.45,70.5,68.15,68.95,748315.0,36.32
2021-08-06,69.0,71.5,68.6,70.35,689258.0,34.76
2021-08-09,70.85,70.9,67.05,67.75,735611.0,41.9
2021-08-10,68.0,68.25,63.0,64.4,816379.0,49.86
2021-08-11,64.6,65.0,62.0,64.1,1120261.0,38.39
2021-08-12,64.15,67.65,64.1,66.65,899718.0,41.16
2021-08-13,67.2,67.9,65.55,66.05,499069.0,42.75
2021-08-16,64.45,65.7,64.05,64.4,592168.0,36.18
2021-08-17,64.5,65.3,60.55,61.9,1020517.0,39.74
2021-08-18,62.0,62.8,60.85,61.9,542662.0,39.68
2021-08-19,62.0,62.8,60.85,61.9,542662.0,39.68
2021-08-20,61.0,65.55,60.5,62.6,1407962.0,35.47
2021-08-23,62.95,63.6,57.6,59.55,793615.0,36.23
2021-08-24,59.9,61.9,59.55,61.3,700873.0,32.14
2021-08-25,61.6,64.35,61.6,63.2,707162.0,35.25
2021-08-26,63.25,63.3,62.3,62.85,314414.0,47.68
2021-08-27,63.0,71.15,62.7,70.6,9038892.0,26.04
2021-08-30,71.25,71.7,69.2,69.8,2294557.0,37.88
2021-08-31,69.45,73.7,69.4,70.15,4132348.0,21.86
2021-09-01,70.15,70.6,68.1,68.4,903492.0,40.56
2021-09-02,68.5,69.65,67.65,68.2,794542.0,28.55
2021-09-03,68.05,69.35,67.65,67.95,529222.0,41.73
2021-09-06,67.55,73.3,66.9,71.95,4798901.0,26.33
2021-09-07,72.05,72.4,68.6,69.15,1339050.0,39.04
2021-09-08,69.3,70.45,68.3,68.65,773881.0,32.6
2021-09-09,68.3,69.7,68.3,68.6,552997.0,34.96
2021-09-10,68.3,69.7,68.3,68.6,552997.0,34.96
2021-09-13,68.75,70.4,68.6,68.85,802269.0,29.67
2021-09-14,69.35,71.1,68.9,69.1,1154826.0,28.88
2021-09-15,69.6,71.3,69.1,70.65,1404969.0,38.95
2021-09-16,71.6,72.6,70.05,70.4,1376429.0,45.67
2021-09-17,71.0,71.45,67.6,68.75,1023162.0,41.41
2021-09-20,67.4,68.45,65.8,66.2,774723.0,42.56
2021-09-21,66.65,66.65,65.0,66.0,602850.0,42.89
2021-09-22,66.45,70.45,66.45,69.85,1659079.0,26.99
2021-09-23,70.4,71.9,69.6,69.95,1339772.0,46.32
2021-09-24,70.1,71.0,68.3,68.45,625076.0,45.03
2021-09-27,68.65,70.85,68.1,69.5,1065591.0,47.49
2021-09-28,70.0,72.1,69.5,69.95,1619920.0,38.58
2021-09-29,69.95,76.2,69.5,73.65,7475239.0,35.53
2021-09-30,74.5,76.6,73.9,74.95,3216863.0,37.45
2021-10-01,73.5,76.85,73.45,75.4,2187842.0,31.02
2021-10-04,76.5,78.9,76.05,77.3,3042418.0,41.02
2021-10-05,76.95,81.25,76.7,79.2,5075791.0,37.09
2021-10-06,80.45,83.25,77.6,78.8,6788793.0,34.94
2021-10-07,80.4,81.75,78.7,79.1,2029155.0,38.33
2021-10-08,79.3,80.1,77.0,77.3,1730470.0,37.02
2021-10-11,78.1,80.8,78.1,79.0,2031858.0,35.84
2021-10-12,78.7,79.8,77.6,78.45,1052603.0,46.56
2021-10-13,78.9,79.3,77.0,77.3,1295580.0,50.9
2021-10-14,77.9,79.8,77.25,78.05,1802912.0,33.52
2021-10-15,77.9,79.8,77.25,78.05,1802912.0,33.52
2021-10-18,79.0,79.4,77.2,77.35,1756898.0,52.11
2021-10-19,77.9,79.2,74.0,74.65,1679720.0,42.49
2021-10-20,74.6,74.6,70.7,71.15,1598366.0,47.31
2021-10-21,71.8,76.5,71.75,74.7,2086881.0,35.29
2021-10-22,75.3,75.7,71.45,72.75,1242084.0,42.93
2021-10-25,73.3,79.4,70.5,74.6,8393494.0,14.61
2021-10-26,74.5,75.3,73.3,73.8,1258211.0,36.35
2021-10-27,74.2,75.6,73.85,74.55,840151.0,40.95
2021-10-28,75.5,75.6,72.35,73.0,798532.0,48.17
2021-10-29,73.1,75.4,71.0,73.45,1700379.0,44.21
2021-11-01,74.0,74.7,73.0,74.4,658471.0,41.32
2021-11-02,74.85,74.9,72.55,72.9,650251.0,57.73
2021-11-03,73.25,73.5,72.0,72.2,477363.0,39.28
2021-11-04,73.25,73.5,72.0,72.2,477363.0,39.28
2021-11-05,73.0,73.9,72.7,73.3,135131.0,55.25
2021-11-08,73.45,73.9,72.05,73.0,454543.0,41.46
2021-11-09,73.4,73.75,72.3,72.65,391548.0,42.33
2021-11-10,72.85,73.4,70.25,71.25,590514.0,49.85
2021-11-11,71.3,71.9,70.4,70.75,480668.0,47.53
2021-11-12,71.0,71.5,69.4,70.8,539529.0,39.64
2021-11-15,70.8,72.0,69.0,69.1,498958.0,50.19
2021-11-16,68.75,69.85,68.2,68.75,316401.0,43.11
2021-11-17,68.25,69.1,67.8,68.05,319488.0,49.85
2021-11-18,68.05,68.7,66.6,67.35,364331.0,44.5
2021-11-19,68.05,68.7,66.6,67.35,364331.0,44.5
2021-11-22,67.45,67.8,64.5,65.25,500937.0,52.74
2021-11-23,65.0,67.6,65.0,67.05,400281.0,39.92
2021-11-24,68.0,70.9,67.2,68.5,996251.0,31.36
2021-11-25,68.55,70.8,67.4,70.05,646025.0,39.67
2021-11-26,69.0,69.5,65.75,67.35,570051.0,46.96
2021-11-29,67.3,67.3,64.6,65.1,433666.0,39.38
2021-11-30,65.15,67.4,64.5,64.8,385924.0,32.64
2021-12-01,64.3,66.75,64.3,65.85,384424.0,42.25
2021-12-02,66.9,66.9,65.8,66.25,242176.0,48.8
2021-12-03,66.55,68.7,66.35,67.7,584700.0,38.67
2021-12-06,67.75,69.15,67.4,67.7,455584.0,48.54
2021-12-07,68.35,68.45,66.75,67.15,452748.0,56.8
2021-12-08,67.85,70.8,67.7,70.25,994387.0,47.81
2021-12-09,71.1,74.15,69.7,72.3,1103494.0,38.83
2021-12-10,72.0,72.9,70.35,71.4,730848.0,45.73
2021-12-13,71.95,74.15,71.5,73.1,1002657.0,53.23
2021-12-14,72.7,72.85,71.5,71.8,297485.0,42.72
2021-12-15,71.55,76.6,71.3,75.6,2491080.0,48.85
2021-12-16,76.5,76.9,73.15,74.85,2005280.0,35.22
2021-12-17,75.0,75.15,70.5,71.15,1053202.0,47.95
2021-12-20,70.1,70.6,66.75,68.5,908060.0,44.2
2021-12-21,68.6,70.55,68.6,69.15,508467.0,41.7
2021-12-22,69.85,71.45,69.15,70.25,445293.0,35.94
2021-12-23,70.6,71.85,69.6,69.95,502383.0,54.93
2021-12-24,70.45,70.45,66.95,67.9,596243.0,43.17
2021-12-27,67.9,69.5,66.8,69.1,353528.0,36.69
2021-12-28,69.4,71.35,69.15,71.0,512157.0,46.45
2021-12-29,71.2,73.95,70.65,73.25,834288.0,59.93
2021-12-30,73.4,74.4,71.8,72.25,784710.0,48.9
2021-12-31,72.75,74.55,71.9,73.85,787657.0,56.27
2022-01-03,73.9,74.45,73.4,73.85,425676.0,56.26
2022-01-04,74.0,75.5,73.2,73.75,858813.0,46.79
2022-01-05,73.75,75.1,73.3,74.05,642842.0,55.37
2022-01-06,73.7,77.0,73.1,76.55,1643101.0,50.15
2022-01-07,78.5,78.5,74.35,74.85,1807868.0,45.21
2022-01-10,74.75,81.9,74.5,80.85,5122864.0,55.94
2022-01-11,81.5,88.8,78.8,86.1,17796401.0,25.66
2022-01-12,87.0,88.8,83.1,86.0,4463076.0,35.68
2022-01-13,85.95,94.6,84.4,93.15,14530367.0,28.58
2022-01-14,92.3,111.75,91.55,109.85,34951978.0,20.98
2022-01-17,109.65,115.5,104.55,109.4,19657203.0,20.36
2022-01-18,109.95,109.95,100.4,101.55,5507279.0,36.58
2022-01-19,100.3,106.3,100.3,104.65,3998480.0,28.6
2022-01-20,104.0,113.0,102.3,111.2,7079753.0,35.28
2022-01-21,109.0,111.8,105.0,106.65,3515246.0,39.82
2022-01-24,107.8,107.8,96.0,96.0,2742028.0,54.84
2022-01-25,94.0,104.2,92.3,100.65,3239428.0,29.36
2022-01-26,94.0,104.2,92.3,100.65,3239428.0,29.36
2022-01-27,99.6,110.7,97.05,110.7,4985424.0,37.97
2022-01-28,116.0,121.75,115.0,119.95,6841491.0,43.02
2022-01-31,121.9,122.9,110.5,114.0,5670492.0,35.47
2022-02-01,115.9,117.8,110.7,114.15,2490744.0,32.12
2022-02-02,113.95,120.7,113.95,117.4,2480363.0,37.84
2022-02-03,118.0,125.35,115.5,122.7,5125888.0,35.89
2022-02-04,125.0,134.95,122.45,132.5,7406942.0,36.55
2022-02-07,136.7,141.9,131.65,134.05,9041511.0,36.72
2022-02-08,134.95,136.45,122.7,132.35,7821629.0,27.45
2022-02-09,133.8,135.7,129.25,134.7,3530180.0,34.21
2022-02-10,135.3,143.0,134.7,139.9,7347699.0,29.65
2022-02-11,138.0,138.95,131.0,132.6,2993552.0,32.79
2022-02-14,125.8,129.85,121.75,122.95,3164053.0,39.71
2022-02-15,123.5,140.9,122.0,138.35,6169456.0,21.18
2022-02-16,140.55,152.1,139.75,142.55,18193333.0,15.09
2022-02-17,143.2,146.65,138.15,139.95,5201181.0,20.23
2022-02-18,139.85,142.55,134.25,135.45,3360515.0,29.54
2022-02-21,137.5,142.9,132.2,136.4,7419578.0,14.67
2022-02-22,127.1,134.55,127.1,129.15,5032755.0,23.29
2022-02-23,131.8,142.0,131.45,140.2,8964661.0,17.14
2022-02-24,130.5,136.0,125.0,126.55,8795607.0,23.1
2022-02-25,134.2,137.6,131.05,132.75,4450441.0,22.56
2022-02-28,133.5,134.7,130.1,132.65,3563862.0,23.99
2022-03-01,133.5,134.7,130.1,132.65,3563862.0,23.99
2022-03-02,132.5,139.5,131.0,137.25,4208485.0,21.23
2022-03-03,140.25,162.0,140.25,155.75,30025219.0,12.92
2022-03-04,157.7,168.95,150.25,161.85,29680354.0,9.74
2022-03-07,161.75,172.8,159.0,167.6,21086058.0,13.65
2022-03-08,166.0,174.25,158.1,160.15,8411892.0,23.9
2022-03-09,161.0,171.5,159.35,163.9,9466245.0,22.13
2022-03-10,165.0,171.75,163.05,166.3,5538484.0,26.42
2022-03-11,165.0,170.2,165.0,167.1,3116209.0,29.12
2022-03-14,168.0,175.8,165.5,169.7,6352659.0,24.19
2022-03-15,171.45,173.25,163.25,166.45,3199279.0,29.36
2022-03-16,168.0,171.5,162.05,163.4,3078302.0,26.59
2022-03-17,165.75,167.65,162.75,164.4,1786806.0,28.92
2022-03-18,165.75,167.65,162.75,164.4,1786806.0,28.92
2022-03-21,165.45,168.45,162.25,164.1,2680208.0,37.41
2022-03-22,164.0,169.9,161.1,162.15,3122103.0,29.01
2022-03-23,163.75,167.5,160.1,162.0,2726112.0,25.28
2022-03-24,167.0,179.85,161.85,177.3,13809579.0,20.6
2022-03-25,180.0,192.3,180.0,189.2,20082092.0,17.02
2022-03-28,190.15,196.2,182.25,191.8,10514812.0,14.73
2022-03-29,192.35,197.8,187.6,191.05,7338924.0,17.48
2022-03-30,191.65,195.0,189.2,190.9,4383931.0,18.08
2022-03-31,191.6,194.25,188.1,189.75,2337520.0,29.29
2022-04-01,190.85,198.75,189.5,192.25,5169914.0,20.36
2022-04-04,193.25,203.0,192.65,199.5,5981699.0,31.62
2022-04-05,204.6,213.7,203.55,210.55,11517034.0,18.28
2022-04-06,209.1,218.8,208.1,215.95,6016506.0,21.79
2022-04-07,216.05,228.4,207.6,213.6,10556946.0,21.98
2022-04-08,216.4,222.25,214.1,218.15,4632764.0,22.41
2022-04-11,219.25,220.4,206.7,211.0,4255070.0,28.41
2022-04-12,210.25,210.7,202.25,207.15,2974734.0,30.05
2022-04-13,208.2,211.95,205.35,206.6,2765245.0,20.54
2022-04-14,208.2,211.95,205.35,206.6,2765245.0,20.54
2022-04-15,208.2,211.95,205.35,206.6,2765245.0,20.54
2022-04-18,206.4,206.4,193.25,195.1,3307953.0,34.09
2022-04-19,196.6,214.7,196.3,205.85,9588671.0,19.29
2022-04-20,208.2,212.95,198.1,200.3,3455656.0,27.49
2022-04-21,202.8,208.7,202.05,203.65,2713451.0,30.08
2022-04-22,203.0,207.0,200.0,201.35,2673977.0,26.9
2022-04-25,200.15,211.75,198.05,202.8,6767442.0,26.88
2022-04-26,212.0,218.0,198.85,201.7,12799579.0,20.6
2022-04-27,202.2,204.2,191.3,194.15,4559015.0,24.86
2022-04-28,196.95,198.95,184.5,187.8,4539477.0,26.34
2022-04-29,189.0,193.5,184.6,186.9,4244218.0,22.09
2022-05-02,179.5,181.0,171.0,172.25,4748405.0,28.29
2022-05-03,179.5,181.0,171.0,172.25,4748405.0,28.29
2022-05-04,172.4,191.65,171.4,188.6,12185806.0,16.81
2022-05-05,191.95,203.4,189.45,200.6,10035764.0,22.29
2022-05-06,195.55,197.4,188.05,189.6,4948222.0,23.96
2022-05-09,186.9,187.5,173.0,173.95,3918509.0,25.34
2022-05-10,174.5,185.8,166.9,171.4,6972203.0,24.37
2022-05-11,173.5,180.35,163.7,172.95,7136127.0,17.13
2022-05-12,173.6,186.6,172.95,181.45,6125809.0,22.15
2022-05-13,186.55,187.3,172.3,173.7,3760991.0,27.03
2022-05-16,176.75,177.5,167.05,168.6,2741440.0,27.42
2022-05-17,170.75,180.95,169.0,179.55,4896406.0,13.33
2022-05-18,180.6,183.7,177.15,181.15,3245410.0,17.31
2022-05-19,177.0,177.0,165.25,168.75,3202989.0,33.38
2022-05-20,173.0,177.2,172.4,174.75,2339983.0,21.99
2022-05-23,171.8,173.85,167.1,168.2,1983674.0,28.87
2022-05-24,169.7,171.7,162.0,163.0,1996392.0,25.57
2022-05-25,161.55,164.45,130.5,131.7,14153046.0,33.69
2022-05-26,135.0,137.85,122.6,133.75,16809639.0,20.64
2022-05-27,135.5,143.7,133.0,142.5,7136673.0,16.68
2022-05-30,143.35,146.2,138.75,142.1,5489310.0,27.28
2022-05-31,141.95,156.55,140.4,155.1,9052558.0,34.41
2022-06-01,155.0,161.35,148.8,153.0,5448406.0,26.13
2022-06-02,154.0,155.0,150.6,153.35,2400590.0,31.1
2022-06-03,154.85,156.0,148.1,149.0,1612889.0,30.28
2022-06-06,147.35,150.95,144.1,149.85,2298503.0,19.09
2022-06-07,148.95,151.8,147.2,149.0,1455983.0,16.07
2022-06-08,149.75,152.2,143.1,145.3,1798049.0,22.22
2022-06-09,142.95,148.0,140.6,145.95,1695820.0,27.02
2022-06-10,143.0,145.4,141.2,142.3,1185868.0,30.19
2022-06-13,137.05,139.0,133.05,133.95,1454967.0,28.42
2022-06-14,132.2,142.65,132.2,140.9,3261259.0,20.65
2022-06-15,142.85,144.95,140.05,143.5,1483350.0,27.67
2022-06-16,146.35,149.55,136.65,138.0,3229138.0,22.29
2022-06-17,138.65,139.85,133.0,134.55,1828594.0,15.91
2022-06-20,135.35,135.7,121.05,125.15,2479228.0,23.52
2022-06-21,126.5,138.9,126.5,137.05,2916695.0,20.1
2022-06-22,136.7,136.7,130.7,131.45,1495076.0,21.92
2022-06-23,132.6,137.4,131.75,133.7,2395765.0,25.1
2022-06-24,135.8,137.75,132.0,132.85,1633676.0,27.38
2022-06-27,135.65,137.15,133.6,134.9,1549158.0,31.08
2022-06-28,134.5,138.7,132.25,136.25,1550407.0,27.02
2022-06-29,134.5,143.4,133.7,139.95,3085654.0,26.4
2022-06-30,140.85,142.2,134.0,135.25,1202677.0,27.09
2022-07-01,135.75,135.75,130.5,131.8,1160255.0,25.77
2022-07-04,132.9,138.9,132.5,137.9,1814939.0,23.92
2022-07-05,138.5,141.75,137.2,139.05,1478511.0,25.56
2022-07-06,137.6,142.75,134.2,141.75,1601765.0,25.99
2022-07-07,142.8,148.75,141.9,147.3,2222483.0,30.45
2022-07-08,148.05,148.3,141.65,142.85,1166489.0,37.0
2022-07-11,140.6,149.25,139.6,147.95,2459070.0,32.57
2022-07-12,146.65,150.5,145.4,146.55,1832969.0,28.5
2022-07-13,147.75,147.75,142.8,144.4,1079424.0,31.51
2022-07-14,144.6,145.15,139.6,141.65,1356945.0,41.93
2022-07-15,142.4,143.8,138.5,139.5,883194.0,35.35
2022-07-18,140.8,148.7,138.6,148.15,2125857.0,29.01
2022-07-19,147.95,154.95,146.0,153.7,2992562.0,27.29
2022-07-20,155.25,157.45,151.1,153.4,2586555.0,26.14
2022-07-21,153.35,153.5,149.5,150.95,1111239.0,24.93
2022-07-22,152.25,154.45,150.1,152.7,1102118.0,21.35
2022-07-25,153.5,160.7,150.6,159.45,2640531.0,32.13
2022-07-26,160.0,161.55,154.4,156.0,2375197.0,29.89
2022-07-27,155.95,159.4,152.25,157.9,1560224.0,25.0
2022-07-28,158.8,159.8,155.9,158.75,1041417.0,31.99
2022-07-29,159.6,166.3,158.45,160.8,2300928.0,25.17
2022-08-01,161.1,171.7,160.5,170.35,2816933.0,37.61
2022-08-02,170.0,177.9,168.05,176.9,2730827.0,30.82
2022-08-03,177.75,179.25,171.05,173.75,2197104.0,31.12
2022-08-04,173.6,174.6,166.3,168.0,1779582.0,31.89
2022-08-05,168.85,169.8,160.25,161.7,1562782.0,36.77
2022-08-10,166.55,176.75,165.0,170.45,3164031.0,27.9
2022-08-11,171.5,175.2,170.0,173.0,1416382.0,31.83
2022-08-12,173.85,186.75,171.4,179.3,11358041.0,20.0
2022-08-15,173.85,186.75,171.4,179.3,11358041.0,20.0
2022-08-16,183.0,185.95,178.2,179.75,3615373.0,40.6
2022-08-17,180.65,180.65,175.0,175.95,1930536.0,37.99
2022-08-18,176.45,178.3,173.1,176.2,1716934.0,28.57
2022-08-19,177.1,184.6,175.0,182.35,4207933.0,27.67
2022-08-22,181.5,183.5,171.1,172.25,2975143.0,38.74
2022-08-23,171.0,175.4,169.3,172.7,1941754.0,26.75
2022-08-24,172.95,179.15,172.4,173.55,1962648.0,33.23
2022-08-25,174.45,175.85,168.2,169.6,1402408.0,50.4
2022-08-26,170.5,171.6,166.0,166.85,1706424.0,41.44
2022-08-29,163.5,169.95,162.0,167.25,1334127.0,26.69
2022-08-30,168.2,170.5,165.45,166.3,1155379.0,41.14
2022-08-31,168.2,170.5,165.45,166.3,1155379.0,41.14
2022-09-01,165.0,173.3,165.0,166.45,2236921.0,26.71
2022-09-02,167.6,169.35,163.55,164.9,1125035.0,39.31
2022-09-05,165.6,169.9,162.5,164.0,1622693.0,43.54
2022-09-06,164.85,177.0,164.55,174.95,5374098.0,32.94
2022-09-07,173.95,178.6,173.0,176.6,2645985.0,32.42
2022-09-08,177.0,177.9,171.0,171.75,1551218.0,46.89
2022-09-09,172.75,172.8,167.15,167.9,2049303.0,44.36
2022-09-12,168.2,170.4,166.3,166.8,1217284.0,47.63
2022-09-13,167.1,169.2,164.35,165.4,1399094.0,51.06
2022-09-14,163.4,166.25,160.25,161.1,1922304.0,49.4
2022-09-15,160.0,160.95,152.35,155.2,3806420.0,49.06
2022-09-16,153.4,153.85,150.15,151.65,1566721.0,38.83
2022-09-19,151.65,153.65,147.5,149.95,1546912.0,33.44
2022-09-20,150.0,153.8,148.0,149.85,1570387.0,39.86
2022-09-21,150.8,154.45,150.0,151.7,1561037.0,30.69
2022-09-22,149.9,150.9,146.25,147.5,1116974.0,36.87
2022-09-23,148.65,150.1,145.0,145.65,800188.0,36.88
2022-09-26,144.0,145.05,136.1,137.5,1220367.0,39.83
2022-09-27,138.45,142.0,136.1,138.8,957811.0,25.4
2022-09-28,138.0,143.0,136.25,138.05,1080704.0,26.44
2022-09-29,140.25,141.65,132.3,133.2,1546278.0,44.08
2022-09-30,134.0,137.45,130.65,135.75,1366204.0,34.67
2022-10-03,136.0,139.6,133.4,134.65,1181150.0,35.71
2022-10-04,138.0,139.8,137.5,138.9,686051.0,34.69
2022-10-05,138.0,139.8,137.5,138.9,686051.0,34.69
2022-10-06,139.95,143.95,139.55,142.75,1684048.0,31.85
2022-10-07,143.5,145.2,141.0,142.6,948461.0,35.95
2022-10-10,141.2,143.85,139.85,142.75,827571.0,27.97
2022-10-11,143.1,145.85,139.5,140.3,861228.0,35.62
2022-10-12,141.55,142.25,137.8,139.75,506376.0,28.91
2022-10-13,140.9,142.95,138.9,139.85,679578.0,30.55
2022-10-14,142.05,143.45,139.3,140.05,648363.0,36.44
2022-10-17,139.4,142.5,137.75,141.25,718597.0,29.96
2022-10-18,143.05,148.9,141.65,142.45,3884969.0,21.71
2022-10-19,143.05,145.65,141.3,143.4,1087684.0,32.34
2022-10-20,143.2,143.2,139.45,140.65,771819.0,39.43
2022-10-21,141.1,142.3,136.65,138.5,651583.0,44.57
2022-10-24,140.1,141.0,139.25,139.9,198611.0,66.62
2022-10-25,139.9,140.3,138.25,138.8,372725.0,35.5
2022-10-26,139.9,140.3,138.25,138.8,372725.0,35.5
2022-10-27,139.65,141.0,137.65,139.35,579675.0,37.84
2022-10-28,139.35,140.5,136.5,137.0,686862.0,41.6
2022-10-31,138.0,143.9,137.95,141.25,1655658.0,38.23
2022-11-01,143.9,143.9,139.9,140.9,534560.0,49.51
2022-11-02,141.1,143.5,140.5,142.6,792838.0,48.48
2022-11-03,142.05,145.5,141.6,143.05,808111.0,42.07
2022-11-04,144.0,152.15,143.55,151.6,3900333.0,38.94
2022-11-07,152.7,156.25,150.7,154.9,2117943.0,42.41
2022-11-08,152.7,156.25,150.7,154.9,2117943.0,42.41
2022-11-09,156.2,156.8,151.85,153.4,1084366.0,53.06
2022-11-10,151.5,156.75,150.9,152.4,1300842.0,40.14
2022-11-11,154.5,155.2,152.6,154.25,754634.0,49.68
2022-11-14,153.55,154.7,151.15,151.8,446565.0,43.49
2022-11-15,152.0,152.7,147.0,147.85,553542.0,46.86
2022-11-16,147.7,149.25,144.15,145.6,557884.0,41.78
2022-11-17,145.1,146.2,140.0,141.65,975815.0,52.93
2022-11-18,142.0,142.45,139.0,140.65,425170.0,37.87
2022-11-21,141.0,144.7,140.2,143.45,662811.0,37.26
2022-11-22,143.45,144.9,141.25,141.75,397304.0,51.89
2022-11-23,142.3,143.7,141.85,142.5,378220.0,39.18
2022-11-24,143.45,144.2,141.5,142.45,404685.0,35.66
2022-11-25,142.25,146.75,141.7,144.7,732213.0,43.95
2022-11-28,144.95,151.3,143.55,148.9,1075886.0,36.92
2022-11-29,148.4,153.0,147.2,149.8,1596429.0,35.5
2022-11-30,150.0,158.25,150.0,157.25,3428251.0,40.97
2022-12-01,158.75,159.85,154.7,157.2,1562174.0,43.84
2022-12-02,157.8,162.0,156.0,161.05,2851392.0,40.03
2022-12-05,161.95,163.45,158.55,160.3,992543.0,35.34
2022-12-06,160.0,160.2,156.25,157.0,664510.0,45.4
2022-12-07,157.4,158.85,153.65,157.05,1075807.0,33.57
2022-12-08,157.0,161.0,156.65,159.45,1747992.0,39.75
2022-12-09,159.9,160.5,151.5,153.1,1028751.0,42.54
2022-12-12,153.2,156.2,152.05,153.95,908939.0,41.36
2022-12-13,155.6,156.7,151.65,152.45,899480.0,39.75
2022-12-14,153.8,158.5,153.25,154.85,1523892.0,34.9
2022-12-15,155.0,158.15,151.6,152.9,1372960.0,34.94
2022-12-16,153.85,155.4,151.65,152.25,861964.0,34.99
2022-12-19,153.05,153.55,149.6,150.75,610046.0,39.07
2022-12-20,150.0,151.3,148.1,150.1,434494.0,31.37
2022-12-21,151.8,152.7,139.6,141.2,1524298.0,39.98
2022-12-22,142.05,144.0,135.5,137.05,926918.0,38.82
2022-12-23,135.0,135.6,128.0,128.9,1511801.0,45.64
2022-12-26,129.1,137.2,129.1,135.95,1107367.0,42.3
2022-12-27,138.75,141.25,136.3,140.0,1093814.0,34.59
2022-12-28,140.0,145.45,140.0,144.1,1447936.0,27.71
2022-12-29,142.75,146.0,142.15,144.95,624170.0,34.97
2022-12-30,148.0,150.8,145.6,146.65,1301994.0,33.44
2023-01-02,148.8,154.95,146.7,153.9,1371077.0,36.33
2023-01-03,155.0,156.95,150.6,151.8,1056351.0,39.39
2023-01-04,152.45,152.45,146.0,147.05,935702.0,45.7
2023-01-05,148.2,148.5,145.25,148.0,685010.0,33.29
2023-01-06,147.55,152.55,145.3,148.85,1341327.0,27.16
2023-01-09,150.0,151.5,148.1,149.05,654677.0,39.13
2023-01-10,149.8,156.75,148.4,155.4,2516867.0,44.0
2023-01-11,156.05,160.7,154.7,155.65,3229277.0,28.38
2023-01-12,157.0,157.7,152.1,153.65,965192.0,31.81
2023-01-13,153.65,159.65,153.05,157.85,1885830.0,34.47
2023-01-16,157.85,158.9,155.3,157.55,781082.0,42.15
2023-01-17,157.7,158.0,152.75,154.65,1117145.0,26.85
2023-01-18,155.2,157.75,154.3,156.95,654816.0,38.52
2023-01-19,155.95,158.7,155.4,157.55,517262.0,42.54
2023-01-20,158.15,160.0,154.55,155.45,873742.0,40.4
2023-01-23,156.1,157.2,152.8,153.65,738586.0,47.75
2023-01-24,154.0,154.45,151.15,152.6,350381.0,39.01
2023-01-25,152.45,153.1,147.65,148.8,504618.0,42.64
2023-01-26,152.45,153.1,147.65,148.8,504618.0,42.64
2023-01-27,149.0,150.7,141.05,142.6,926342.0,43.64
2023-01-30,142.45,146.5,140.7,142.9,580806.0,32.42
2023-01-31,143.4,145.65,140.35,141.4,1027737.0,49.58
2023-02-01,142.7,145.05,137.4,141.1,989420.0,45.73
2023-02-02,140.0,145.2,139.1,142.35,689404.0,28.54
2023-02-03,142.95,143.25,135.1,138.7,1329009.0,39.8
2023-02-06,138.9,138.95,135.75,136.05,555219.0,48.29
2023-02-07,136.35,138.0,135.4,136.25,541305.0,41.77
2023-02-08,136.25,137.55,135.05,137.0,411942.0,33.61
2023-02-09,137.65,137.95,135.4,136.05,369652.0,40.23
2023-02-10,135.55,136.9,135.2,135.95,306929.0,42.13
2023-02-13,136.95,139.9,133.5,133.95,730966.0,41.4
2023-02-14,134.65,135.9,127.05,129.35,1069825.0,50.69
2023-02-15,140.95,144.45,137.1,139.4,6911236.0,19.09
2023-02-16,142.0,143.2,140.2,141.45,1969797.0,30.09
2023-02-17,141.0,145.95,138.75,145.5,1800620.0,38.65
2023-02-20,145.75,146.05,140.7,141.85,884001.0,41.5
2023-02-21,141.25,143.15,140.3,142.05,651107.0,30.36
2023-02-22,141.35,141.35,137.0,137.65,571481.0,48.28
2023-02-23,138.2,139.9,136.9,138.85,483622.0,27.1
2023-02-24,139.4,139.9,136.1,136.65,584260.0,40.13
2023-02-27,136.65,137.4,133.2,135.5,475053.0,33.88
2023-02-28,136.75,136.9,133.05,133.5,546446.0,44.91
2023-03-01,133.3,139.15,133.3,138.1,687939.0,33.2
2023-03-02,138.85,140.6,136.0,136.4,745584.0,42.9
2023-03-03,137.1,139.4,136.9,138.85,468525.0,50.95
2023-03-06,139.0,141.45,138.85,139.4,669353.0,44.0
2023-03-07,139.0,141.45,138.85,139.4,669353.0,44.0
2023-03-08,138.1,142.5,137.4,140.3,1108126.0,36.24
2023-03-09,140.45,146.4,140.2,143.65,2286865.0,32.94
2023-03-10,142.4,143.3,140.65,142.45,696251.0,39.39
2023-03-13,142.5,143.0,137.3,140.05,1160656.0,37.76
2023-03-14,140.8,141.9,137.5,138.9,595032.0,39.19
2023-03-15,141.0,141.95,136.4,137.4,445744.0,44.4
2023-03-16,137.35,137.35,133.7,135.25,404119.0,37.62
2023-03-17,136.25,137.65,135.6,136.5,458192.0,41.94
2023-03-20,136.5,138.45,135.0,135.7,585655.0,45.06
2023-03-21,136.1,137.65,135.7,136.35,347120.0,51.09
2023-03-22,136.6,137.6,135.0,135.55,486920.0,50.11
2023-03-23,135.0,136.1,133.3,133.95,490195.0,54.26
2023-03-24,133.95,134.35,130.35,131.1,1012295.0,49.71
2023-03-27,130.05,131.0,127.5,128.05,608451.0,56.73
2023-03-28,128.95,129.1,122.7,124.4,1092780.0,56.66
2023-03-29,125.05,128.3,123.0,127.3,1624146.0,54.58
2023-03-30,125.05,128.3,123.0,127.3,1624146.0,54.58
2023-03-31,127.95,129.8,126.0,126.6,892753.0,60.59
2023-04-03,127.35,131.4,127.35,131.05,726144.0,45.78
2023-04-04,127.35,131.4,127.35,131.05,726144.0,45.78
2023-04-05,131.9,132.8,130.25,131.7,536776.0,45.09
2023-04-06,132.0,133.2,130.75,131.7,586269.0,46.62
2023-04-07,132.0,133.2,130.75,131.7,586269.0,46.62
2023-04-10,132.7,133.85,130.1,130.6,549755.0,47.68
2023-04-11,131.5,133.55,131.0,132.85,517515.0,40.44
2023-04-12,133.35,135.3,133.1,133.7,600409.0,45.57
2023-04-13,134.45,135.25,131.7,132.8,536823.0,44.36
2023-04-14,134.45,135.25,131.7,132.8,536823.0,44.36
2023-04-17,132.5,133.9,131.65,133.15,467009.0,42.25
2023-04-18,133.6,135.15,132.6,134.65,635863.0,52.86
2023-04-19,134.85,138.7,134.55,135.6,1014671.0,47.9
2023-04-20,136.5,137.55,134.4,134.6,586614.0,51.69
2023-04-21,134.85,134.85,132.0,132.8,387067.0,41.71
2023-04-24,133.4,134.25,132.0,133.1,461851.0,46.95
2023-04-25,133.25,134.6,132.75,133.1,397902.0,49.28
2023-04-26,141.0,159.7,141.0,159.7,19861450.0,22.85
2023-04-27,161.8,161.8,150.45,151.9,8218769.0,24.37
2023-04-28,152.1,161.2,152.0,156.55,5726706.0,21.09
2023-05-01,152.1,161.2,152.0,156.55,5726706.0,21.09
2023-05-02,160.1,160.6,156.8,158.25,2377604.0,34.88
2023-05-03,157.6,158.2,153.3,154.45,1828884.0,43.17
2023-05-04,155.2,156.7,152.2,152.85,1882176.0,43.12
2023-05-05,152.85,152.85,148.2,149.3,1195853.0,49.25
2023-05-08,150.1,158.5,149.65,154.25,2318116.0,34.56
2023-05-09,154.5,155.35,150.65,151.55,1153810.0,44.29
2023-05-10,152.0,155.2,150.8,153.35,921311.0,34.29
2023-05-11,153.35,160.2,153.35,158.05,3028558.0,31.49
2023-05-12,157.8,159.3,155.05,155.7,1273119.0,42.41
2023-05-15,155.1,157.35,154.35,155.45,771392.0,44.66
2023-05-16,155.85,158.55,153.55,154.45,807840.0,44.22
2023-05-17,154.45,168.35,152.8,167.3,8230287.0,29.23
2023-05-18,168.3,171.8,164.15,165.6,6726729.0,34.01
2023-05-19,166.0,167.55,160.65,164.9,2688267.0,27.94
2023-05-22,165.85,165.85,161.85,162.7,1471637.0,40.92
2023-05-23,163.3,166.85,162.55,164.1,1771908.0,29.49
2023-05-24,164.7,166.9,163.0,163.65,890544.0,33.01
2023-05-25,163.65,165.7,161.6,164.85,936423.0,32.66
2023-05-26,165.45,169.7,163.25,167.1,2339638.0,31.23
2023-05-29,168.0,170.5,165.3,166.2,1298438.0,38.83
2023-05-30,166.9,167.0,162.6,163.45,1151180.0,53.44
2023-05-31,170.0,172.5,166.55,167.75,3514434.0,42.93
2023-06-01,168.4,170.7,168.0,169.7,1471861.0,51.93
2023-06-02,170.0,170.5,166.2,167.25,998644.0,56.98
2023-06-05,168.05,174.75,167.7,170.1,2846803.0,40.82
2023-06-06,170.0,172.35,168.85,169.9,830343.0,47.96
2023-06-07,170.45,170.65,165.5,165.75,1753180.0,66.63
2023-06-08,166.0,167.5,164.2,164.95,1022381.0,49.91
2023-06-09,165.7,165.7,163.15,164.0,512398.0,51.45
2023-06-12,164.7,165.05,162.2,163.1,859998.0,51.8
2023-06-13,163.65,164.8,158.6,159.65,1452622.0,66.39
2023-06-14,160.4,162.55,158.4,159.25,1542635.0,51.99
2023-06-15,159.5,162.55,159.3,160.8,971548.0,44.34
2023-06-16,161.65,162.4,160.65,161.1,654286.0,51.66
2023-06-19,161.1,162.1,160.0,160.65,504503.0,51.72
2023-06-20,160.0,162.35,159.65,161.5,563147.0,45.3
2023-06-21,165.0,173.5,164.55,170.9,7992134.0,34.79
2023-06-22,172.9,174.4,165.7,167.2,3435318.0,41.5
2023-06-23,167.55,168.7,164.75,167.7,1056916.0,41.96
2023-06-26,168.55,168.55,163.6,165.15,875480.0,48.77
2023-06-27,165.15,167.95,165.15,166.2,742030.0,45.12
2023-06-28,166.9,166.9,164.3,165.2,768497.0,52.32
2023-06-29,166.9,166.9,164.3,165.2,768497.0,52.32
2023-06-30,165.9,167.9,164.4,165.45,1067269.0,48.6
2023-07-03,166.0,169.2,164.5,166.9,1173960.0,46.18
2023-07-04,167.4,167.5,164.1,165.4,789736.0,57.27
2023-07-05,165.45,170.9,165.1,169.35,1738361.0,46.57
2023-07-06,169.0,170.95,167.65,168.15,1192052.0,50.79
2023-07-07,168.4,169.05,165.05,166.3,1157040.0,57.78
2023-07-10,167.0,168.3,165.15,167.2,975657.0,58.92
2023-07-11,167.5,169.9,167.0,167.75,1070412.0,55.04
2023-07-12,168.2,172.3,167.5,170.85,2886942.0,39.13
2023-07-13,172.25,173.9,168.5,169.55,2459050.0,48.27
2023-07-14,169.55,175.0,168.6,174.35,2749454.0,57.49
2023-07-17,176.2,179.5,174.6,178.4,4015595.0,49.24
2023-07-18,179.15,180.8,174.9,177.55,2783369.0,43.79
2023-07-19,179.15,180.5,177.0,177.95,1423972.0,51.17
2023-07-20,178.7,181.5,178.0,178.5,2202497.0,46.6
2023-07-21,177.4,185.0,175.5,184.05,4345750.0,41.83
2023-07-24,184.45,187.6,183.1,185.35,3589231.0,41.4
2023-07-25,185.55,187.9,181.25,182.05,1680059.0,50.08
2023-07-26,182.15,183.7,179.5,180.3,1284650.0,59.07
2023-07-27,181.5,184.9,177.9,178.7,1787261.0,54.91
2023-07-28,180.0,180.8,176.55,178.45,1538277.0,42.12
2023-07-31,180.1,183.5,178.5,181.65,2404780.0,51.55
2023-08-01,182.9,185.95,168.7,171.45,7725065.0,37.86
2023-08-02,169.0,173.8,167.5,168.55,2574431.0,42.37
2023-08-03,167.0,172.8,167.0,171.55,1606727.0,44.2
2023-08-04,172.9,173.9,170.0,170.35,979326.0,48.05
2023-08-07,172.0,172.0,167.9,168.15,778161.0,58.75
2023-08-08,169.0,172.3,167.75,170.55,1149050.0,51.0
2023-08-09,171.0,173.4,170.1,170.7,965662.0,53.98
2023-08-10,171.0,173.05,168.65,169.95,714661.0,49.47
2023-08-11,172.0,178.4,172.0,177.25,3566532.0,38.44
2023-08-14,177.3,178.8,173.75,175.9,1013775.0,43.44
2023-08-15,177.3,178.8,173.75,175.9,1013775.0,43.44
2023-08-16,175.5,176.2,170.0,174.05,1325982.0,49.04
2023-08-17,175.4,179.7,175.25,177.8,3019596.0,34.65
2023-08-18,178.7,183.75,178.45,181.8,3471978.0,48.89
2023-08-21,183.25,184.0,180.8,182.1,1282056.0,59.24
2023-08-22,183.2,196.65,181.65,195.8,12311289.0,34.25
2023-08-23,196.0,224.7,195.8,221.05,30419558.0,20.86
2023-08-24,221.4,223.9,213.1,213.4,7795820.0,33.78
2023-08-25,213.1,232.7,208.95,226.6,18022992.0,20.49
2023-08-28,228.5,265.0,228.05,253.0,33776086.0,14.78
2023-08-29,252.0,258.35,245.25,246.95,10170284.0,21.32
2023-08-30,248.85,261.4,247.05,252.15,8972251.0,20.86
2023-08-31,253.7,254.15,245.35,248.75,3808715.0,24.86
2023-09-01,250.0,254.8,248.1,249.3,2905888.0,36.55
2023-09-04,250.65,253.4,235.65,237.65,4469846.0,54.72
2023-09-05,239.5,265.5,239.2,258.75,20260957.0,18.76
2023-09-06,257.95,269.2,256.0,264.9,14234955.0,21.3
2023-09-07,265.5,265.5,259.3,261.2,3075551.0,33.47
2023-09-08,262.75,262.75,256.0,257.85,2584194.0,35.19
2023-09-11,260.0,295.65,258.65,289.95,25446027.0,19.66
2023-09-12,290.0,292.2,259.0,262.05,10515246.0,33.12
2023-09-13,262.5,294.25,256.2,291.2,17927232.0,20.12
2023-09-14,295.0,301.7,275.3,280.8,15868230.0,23.03
2023-09-15,283.4,295.0,281.15,288.6,8505813.0,18.85
2023-09-18,288.7,300.0,287.3,291.55,7562433.0,25.41
2023-09-19,288.7,300.0,287.3,291.55,7562433.0,25.41
2023-09-20,291.0,293.95,283.6,287.95,3555702.0,34.03
2023-09-21,288.0,295.45,281.8,283.35,4766962.0,29.42
2023-09-22,274.4,274.4,265.45,267.15,3698092.0,31.83
2023-09-25,269.0,270.5,263.3,268.0,3475698.0,27.06
2023-09-26,269.0,277.7,268.25,274.3,2984364.0,26.42
2023-09-27,273.1,288.25,272.25,285.25,6646544.0,24.4
2023-09-28,287.35,289.9,281.35,282.95,2441001.0,31.68
2023-09-29,284.35,323.85,284.0,317.15,23800714.0,20.43
2023-10-02,284.35,323.85,284.0,317.15,23800714.0,20.43
2023-10-03,313.0,339.4,309.1,329.45,23871230.0,15.21
2023-10-04,326.7,337.95,312.75,324.6,10075157.0,18.68
2023-10-05,329.0,341.75,325.05,327.05,9147508.0,15.74
2023-10-06,329.0,336.0,321.65,329.55,6938267.0,16.4
2023-10-09,325.2,325.8,316.25,319.55,3684662.0,25.67
2023-10-10,324.0,383.45,322.25,382.35,36833145.0,15.67
2023-10-11,398.45,403.7,377.5,384.0,21684382.0,16.69
2023-10-12,386.8,423.65,385.05,404.35,31013767.0,13.53
2023-10-13,403.75,418.7,399.2,409.0,9895496.0,15.97
2023-10-16,409.0,434.4,406.7,416.3,13900473.0,18.68
2023-10-17,422.0,427.5,415.0,416.75,5866441.0,28.52
2023-10-18,418.85,422.6,393.7,399.0,7225537.0,24.23
2023-10-19,392.0,412.7,392.0,403.15,5291424.0,16.81
2023-10-20,404.3,409.0,381.6,393.25,4767399.0,18.47
2023-10-23,393.25,396.0,343.0,352.8,8505392.0,30.14
2023-10-24,393.25,396.0,343.0,352.8,8505392.0,30.14
2023-10-25,357.0,372.8,343.35,360.2,9977284.0,15.71
2023-10-26,360.8,368.4,345.5,361.7,8466850.0,18.92
2023-10-27,365.9,376.8,361.05,368.65,6535152.0,20.97
2023-10-30,369.6,369.8,356.0,360.35,3834008.0,19.5
2023-10-31,363.45,369.25,355.05,357.7,2739299.0,20.34
2023-11-01,359.9,361.3,345.0,351.9,4496406.0,25.4
2023-11-02,322.0,334.0,312.2,324.15,13739749.0,22.14
2023-11-03,328.15,333.95,325.5,327.25,3489731.0,23.9
2023-11-06,330.7,332.75,313.25,315.4,2858793.0,33.8
2023-11-07,316.0,328.0,307.1,320.0,6162808.0,17.32
2023-11-08,321.3,367.25,319.65,361.05,19370556.0,14.39
2023-11-09,362.8,376.95,357.05,365.7,10962621.0,15.8
2023-11-10,362.0,382.5,358.9,379.2,7760438.0,19.62
2023-11-13,390.0,404.95,386.35,388.65,6209235.0,21.77
2023-11-14,390.0,404.95,386.35,388.65,6209235.0,21.77
2023-11-15,394.2,397.2,383.4,386.1,4215836.0,26.54
2023-11-16,386.95,404.8,384.3,390.0,7295380.0,18.85
2023-11-17,390.5,392.0,383.45,385.95,2711627.0,24.79
2023-11-20,387.25,402.5,387.0,391.25,4843016.0,21.02
2023-11-21,393.95,404.25,391.4,392.65,4903740.0,24.04
2023-11-22,394.9,439.0,391.1,424.45,36550197.0,17.08
2023-11-23,427.9,434.2,410.1,412.55,9237116.0,25.99
2023-11-24,414.2,418.95,385.2,387.9,7962694.0,32.34
2023-11-27,414.2,418.95,385.2,387.9,7962694.0,32.34
2023-11-28,390.5,412.4,384.05,408.0,10506069.0,23.22
2023-11-29,410.0,416.9,394.1,398.2,4987950.0,30.41
2023-11-30,400.1,414.45,394.25,411.6,6337440.0,28.52
2023-12-01,413.0,431.0,408.25,417.15,8234222.0,21.88
2023-12-04,427.7,450.0,420.55,429.75,10581099.0,25.86
2023-12-05,431.75,438.25,423.1,427.05,4295133.0,27.81
2023-12-06,429.9,439.9,421.15,433.55,4869967.0,22.19
2023-12-07,434.2,435.65,420.05,422.4,3160770.0,37.75
2023-12-08,424.25,439.95,410.55,416.2,8242794.0,22.24
2023-12-11,417.85,423.6,404.4,406.6,3447309.0,40.77
2023-12-12,407.0,416.0,396.2,401.2,3779111.0,30.94
2023-12-13,404.0,424.4,404.0,415.1,8807870.0,20.71
2023-12-14,419.5,422.75,408.0,411.05,3209423.0,28.6
2023-12-15,412.85,414.9,403.0,405.8,2364366.0,34.93
2023-12-18,407.95,409.8,401.05,403.95,1815781.0,36.71
2023-12-19,405.0,423.9,404.5,412.95,7180543.0,22.27
2023-12-20,416.0,422.0,376.1,388.7,5427788.0,31.88
2023-12-21,388.9,406.9,382.0,404.45,4161808.0,22.92
2023-12-22,410.0,415.5,401.85,407.6,2578264.0,27.24
2023-12-25,410.0,415.5,401.85,407.6,2578264.0,27.24
2023-12-26,408.0,416.45,404.4,411.4,2755320.0,24.41
2023-12-27,415.5,427.4,407.35,409.7,4420928.0,24.83
2023-12-28,411.7,420.0,408.0,409.9,4058354.0,23.78
2023-12-29,410.75,414.25,405.0,407.0,2641585.0,32.93
2024-01-01,409.45,439.95,407.9,432.75,15590376.0,31.88
2024-01-02,435.5,447.0,422.35,433.6,9875294.0,27.42
2024-01-03,435.8,445.0,430.05,432.35,6910138.0,22.93
2024-01-04,434.95,445.0,433.5,439.0,5650960.0,26.81
2024-01-05,451.0,461.35,441.3,450.05,10605503.0,29.14
2024-01-08,452.2,464.2,448.6,451.75,6089195.0,30.98
2024-01-09,465.0,502.9,465.0,478.9,20523197.0,20.91
2024-01-10,481.8,486.5,475.0,480.6,4966901.0,27.21
2024-01-11,480.6,484.7,463.05,466.85,4518847.0,39.66
2024-01-12,470.0,473.75,465.6,467.7,2232857.0,30.29
2024-01-15,470.4,472.1,453.6,461.65,2918894.0,36.71
2024-01-16,463.95,477.3,454.0,465.9,5077699.0,24.98
2024-01-17,462.65,469.15,455.4,463.45,2551196.0,30.45
2024-01-18,463.15,465.45,441.25,456.6,2805327.0,24.65
2024-01-19,458.85,477.5,457.5,473.2,3980629.0,25.69
2024-01-22,476.15,484.0,473.1,475.3,3216167.0,31.76
2024-01-23,480.0,481.7,420.0,440.15,3762330.0,36.86
2024-01-24,440.15,462.45,432.85,458.4,3266554.0,23.34
2024-01-25,458.4,462.8,454.25,457.75,1730375.0,22.48
2024-01-26,458.4,462.8,454.25,457.75,1730375.0,22.48
2024-01-29,460.0,472.55,456.55,464.05,2419054.0,27.2
2024-01-30,465.0,466.4,449.25,451.2,2000205.0,38.64
2024-01-31,454.8,461.0,452.15,458.0,1946720.0,33.8
2024-02-01,455.95,462.95,448.4,453.15,1616284.0,30.25
2024-02-02,455.75,484.4,455.0,472.7,6427405.0,31.28
2024-02-05,477.3,506.0,476.25,489.45,12695652.0,30.69
2024-02-06,494.0,504.0,484.1,495.6,3965032.0,27.8
2024-02-07,498.3,502.9,478.9,482.5,3111504.0,33.54
2024-02-08,486.0,493.75,473.0,480.35,2604090.0,30.68
2024-02-09,482.45,482.6,414.25,429.75,6314045.0,35.26
2024-02-12,412.0,425.9,362.55,374.45,6897223.0,35.69
2024-02-13,384.95,401.0,373.0,398.6,5047553.0,23.22
2024-02-14,394.9,407.9,387.0,406.2,3164478.0,21.29
2024-02-15,407.2,423.45,406.25,417.85,3027600.0,27.21
2024-02-16,420.45,420.45,406.15,407.8,1952386.0,38.03
2024-02-19,409.55,419.4,397.85,408.2,3215993.0,24.51
2024-02-20,410.0,417.85,403.65,411.0,1760192.0,23.74
2024-02-21,411.0,413.9,398.05,401.25,1312646.0,33.95
2024-02-22,403.0,420.9,391.85,415.55,3169660.0,20.21
2024-02-23,415.25,419.8,411.0,414.5,1634815.0,29.45
2024-02-26,410.0,414.9,402.95,404.4,1245336.0,37.79
2024-02-27,404.0,413.0,399.05,402.0,1528795.0,23.29
2024-02-28,402.0,406.7,390.0,391.4,1445705.0,32.5
2024-02-29,390.45,396.0,382.8,389.9,1240085.0,30.34
2024-03-01,392.2,403.9,392.05,398.25,1174184.0,31.5
2024-03-04,392.0,404.4,392.0,396.9,1753571.0,25.11
2024-03-05,398.7,400.85,393.25,394.5,721388.0,34.28
2024-03-06,393.0,409.0,380.0,396.7,3458212.0,15.99
2024-03-07,396.0,404.95,385.25,396.1,1413684.0,45.22
2024-03-08,396.0,404.95,385.25,396.1,1413684.0,45.22
2024-03-11,395.9,397.5,380.1,383.95,1006833.0,43.92
2024-03-12,383.65,385.85,358.3,362.0,2205308.0,40.49
2024-03-13,364.0,369.45,316.8,323.8,3557115.0,40.57
2024-03-14,324.0,357.0,323.15,346.6,4057433.0,30.25
2024-03-15,344.0,355.65,334.65,350.55,2222615.0,28.6
2024-03-18,353.4,363.0,349.25,350.8,1675807.0,29.34
2024-03-19,352.0,355.5,340.15,342.7,1172264.0,31.88
2024-03-20,352.0,352.0,340.75,343.95,1648340.0,45.18
2024-03-21,343.0,364.9,343.0,362.25,2718281.0,36.63
2024-03-22,362.0,363.45,356.4,359.45,1734417.0,56.81
2024-03-25,362.0,363.45,356.4,359.45,1734417.0,56.81
2024-03-26,356.0,362.65,351.0,352.5,1214998.0,44.03
2024-03-27,355.05,360.0,345.0,347.2,2597725.0,50.33
2024-03-28,353.5,358.9,342.1,343.95,1618577.0,48.14
2024-03-29,353.5,358.9,342.1,343.95,1618577.0,48.14
2024-04-01,348.7,378.4,348.5,375.05,3468104.0,27.48
2024-04-02,375.05,392.85,371.0,390.2,4638606.0,29.03
2024-04-03,390.0,394.8,385.4,391.5,1948347.0,33.12
2024-04-04,389.75,396.0,383.7,389.0,1743340.0,30.6
2024-04-05,389.5,391.65,383.55,388.65,1142992.0,29.75
2024-04-08,390.5,393.8,383.0,385.55,883224.0,36.07
2024-04-09,387.45,400.9,380.45,394.3,2901340.0,33.53
2024-04-10,399.8,424.0,399.8,410.0,12480197.0,20.8
2024-04-11,399.8,424.0,399.8,410.0,12480197.0,20.8
2024-04-12,409.95,416.5,401.35,403.9,2401537.0,30.81
2024-04-15,393.55,398.7,379.5,389.05,2708796.0,26.87
2024-04-16,389.0,398.3,386.35,388.0,1865323.0,28.41
2024-04-17,389.0,398.3,386.35,388.0,1865323.0,28.41
2024-04-18,391.0,401.55,382.0,383.9,1864929.0,30.23
2024-04-19,379.8,391.35,373.6,387.95,1818098.0,24.87
2024-04-22,392.0,396.85,387.95,390.55,1070449.0,36.41
2024-04-23,392.55,407.7,389.1,402.35,2934680.0,30.97
2024-04-24,404.0,423.85,402.45,416.4,6013171.0,29.1
2024-04-25,417.25,426.85,412.0,418.3,3583596.0,22.83
2024-04-26,420.4,445.4,413.55,434.8,8536611.0,31.36
2024-04-29,438.3,443.6,430.1,432.55,2086389.0,39.01
2024-04-30,434.75,434.8,418.0,420.1,1912405.0,40.29
2024-05-01,434.75,434.8,418.0,420.1,1912405.0,40.29
2024-05-02,422.5,427.95,417.0,420.65,1583819.0,30.54
2024-05-03,422.5,452.95,419.75,448.65,11637133.0,25.53
2024-05-06,451.5,452.7,424.4,428.65,4565966.0,32.27
2024-05-07,428.5,431.7,403.05,407.45,3237079.0,30.63
2024-05-08,407.5,421.8,393.5,400.7,3648613.0,33.55
2024-05-09,401.05,409.75,382.0,385.9,1846081.0,40.75
2024-05-10,390.0,395.4,376.35,392.25,1904342.0,22.7
2024-05-13,392.2,395.95,379.5,390.55,1524290.0,29.87
2024-05-14,392.0,411.95,391.2,409.6,2310492.0,27.23
2024-05-15,411.65,417.9,408.2,411.3,1476061.0,30.34
2024-05-16,413.25,416.35,407.0,409.05,932461.0,33.89
2024-05-17,411.0,434.0,409.15,428.5,5390097.0,29.56
2024-05-20,429.35,442.0,428.85,435.45,1092162.0,45.04
2024-05-21,434.0,434.75,424.0,428.1,1940408.0,35.83
2024-05-22,430.2,431.8,417.55,421.8,1445409.0,37.16
2024-05-23,422.7,433.1,418.35,419.55,1328213.0,35.42
2024-05-24,421.0,423.4,408.0,409.5,1342111.0,43.55
2024-05-27,411.95,413.4,401.0,402.85,1505657.0,42.2
2024-05-28,395.0,398.8,386.3,389.35,2440505.0,35.63
2024-05-29,391.0,396.85,384.15,391.05,1035544.0,32.34
2024-05-30,391.05,393.65,382.65,384.1,880328.0,47.96
2024-05-31,387.8,398.5,382.9,392.35,1259937.0,34.69
2024-06-03,411.0,411.65,399.1,405.85,1876899.0,39.52
2024-06-04,405.0,405.0,324.7,348.15,4239913.0,39.43
2024-06-05,368.95,368.95,328.8,355.4,2539269.0,23.68
2024-06-06,360.0,379.4,360.0,371.6,1814736.0,28.97
2024-06-07,373.8,382.3,368.15,379.1,1539964.0,30.47
2024-06-10,380.0,386.0,380.0,383.25,942956.0,46.5
2024-06-11,385.35,394.2,382.9,389.25,1201171.0,30.64
2024-06-12,391.0,395.0,387.25,388.85,866967.0,36.73
2024-06-13,390.0,392.1,384.65,386.6,705215.0,44.26
2024-06-14,386.6,405.0,385.0,401.65,3056312.0,30.66
2024-06-17,386.6,405.0,385.0,401.65,3056312.0,30.66
2024-06-18,403.4,414.3,395.35,405.05,3455682.0,29.03
2024-06-19,407.4,408.85,395.7,397.1,1537684.0,38.2
2024-06-20,397.75,412.25,394.25,403.7,1864874.0,33.08
2024-06-21,403.7,408.9,398.05,399.2,910727.0,40.4
2024-06-24,399.2,403.95,392.05,396.85,1130768.0,29.66
2024-06-25,399.55,414.85,397.1,399.35,3457358.0,24.61
2024-06-26,403.8,409.2,399.5,401.2,1831992.0,28.5
2024-06-27,402.9,404.3,393.8,397.9,1100822.0,35.57
2024-06-28,399.7,401.0,392.0,392.95,789211.0,42.79
2024-07-01,393.7,398.1,393.0,394.85,605545.0,43.4
2024-07-02,396.0,397.8,387.45,390.95,758078.0,44.24
2024-07-03,392.6,395.4,389.05,391.7,906715.0,41.5
2024-07-04,393.5,409.3,392.3,397.4,2640084.0,30.84
2024-07-05,398.1,404.5,396.7,401.45,1173248.0,42.62
2024-07-08,402.0,436.2,402.0,421.85,16786494.0,22.61
2024-07-09,427.7,439.9,411.05,413.3,5026828.0,34.24
2024-07-10,428.0,432.45,414.2,422.9,5756715.0,23.61
2024-07-11,425.0,431.9,419.2,422.9,2351660.0,33.54
2024-07-12,424.0,426.25,416.0,417.35,1309473.0,40.14
2024-07-15,415.0,426.3,408.5,421.85,2141567.0,30.99
2024-07-16,426.0,431.9,415.1,416.85,2606799.0,31.18
2024-07-17,426.0,431.9,415.1,416.85,2606799.0,31.18
2024-07-18,416.3,416.3,406.55,410.7,1421497.0,35.92
2024-07-19,409.2,409.55,395.0,397.55,1313228.0,37.39
2024-07-22,395.0,401.85,388.4,394.65,1682857.0,48.32
2024-07-23,395.0,410.0,380.1,397.75,3407900.0,16.6
2024-07-24,397.0,424.45,394.3,411.1,4279760.0,21.38
2024-07-25,406.95,415.0,404.15,408.25,1517396.0,29.9
2024-07-26,410.05,413.7,401.5,402.5,1608348.0,50.63
2024-07-29,402.2,403.8,395.05,396.15,1619884.0,45.7
2024-07-30,398.3,408.9,396.85,399.85,1601750.0,33.96
2024-07-31,403.7,404.8,399.55,400.7,656545.0,44.47
2024-08-01,403.4,412.35,398.1,400.5,2168439.0,29.41
2024-08-02,396.0,400.6,392.5,395.35,875410.0,40.57
2024-08-05,387.05,387.05,371.0,373.0,1559657.0,40.85
2024-08-06,377.15,384.9,363.0,366.3,1106452.0,36.48
2024-08-07,373.6,377.9,369.0,374.8,967297.0,39.61
2024-08-08,376.0,382.0,367.85,368.9,958113.0,34.84
2024-08-09,372.0,374.0,365.55,368.55,921619.0,36.91
2024-08-12,368.55,374.0,364.1,370.85,843101.0,26.07
2024-08-13,372.0,373.95,361.55,362.35,821927.0,41.67
2024-08-14,366.0,367.95,356.0,357.2,1890027.0,16.92
2024-08-15,366.0,367.95,356.0,357.2,1890027.0,16.92
2024-08-16,360.0,363.45,355.6,360.05,790963.0,37.64
2024-08-19,361.9,369.9,361.0,366.2,607638.0,32.55
2024-08-20,368.0,373.7,366.2,368.05,706526.0,39.48
2024-08-21,369.8,374.0,366.35,371.95,844477.0,29.66
2024-08-22,374.0,376.6,370.1,371.0,686528.0,40.2
2024-08-23,372.05,379.0,370.0,371.5,921229.0,27.14
2024-08-26,373.3,373.95,367.1,369.1,733910.0,37.18
2024-08-27,370.35,372.45,368.35,370.05,539449.0,40.25
2024-08-28,370.15,376.95,368.1,369.6,697754.0,40.25
2024-08-29,370.0,370.55,363.25,366.65,676880.0,38.44
2024-08-30,368.0,370.0,364.7,369.05,563732.0,46.57
2024-09-02,370.9,370.9,363.85,365.0,663436.0,33.76
2024-09-03,368.7,373.5,365.35,367.2,899644.0,33.17
2024-09-04,366.0,368.5,363.7,364.45,395668.0,52.53
2024-09-05,366.05,369.0,363.5,364.2,383128.0,49.78
2024-09-06,372.0,379.5,367.7,370.9,4037000.0,17.94
2024-09-09,370.9,370.9,359.05,363.75,913242.0,35.45
2024-09-10,365.5,375.0,362.6,372.6,1458696.0,33.24
2024-09-11,373.0,373.25,363.9,365.5,691485.0,50.89
2024-09-12,367.35,369.0,361.95,366.55,1163943.0,44.87
2024-09-13,367.95,373.0,366.0,367.9,682896.0,37.3
2024-09-16,369.75,378.0,368.35,374.1,1045603.0,37.82
2024-09-17,376.85,377.35,371.25,375.75,663294.0,43.38
2024-09-18,377.0,377.0,366.9,371.35,820047.0,49.08
2024-09-19,372.0,374.35,363.9,370.45,1233330.0,34.3
2024-09-20,364.8,367.95,362.15,363.75,788852.0,39.66
2024-09-23,366.0,366.7,362.5,363.15,438113.0,46.48
2024-09-24,364.1,371.0,363.55,364.95,758420.0,38.42
2024-09-25,366.0,369.5,362.0,364.35,555053.0,39.43
2024-09-26,365.0,365.9,358.5,364.45,688346.0,37.51
2024-09-27,364.45,367.1,358.75,359.8,576462.0,47.89
2024-09-30,362.0,372.8,355.8,359.65,2473554.0,29.62
2024-10-01,358.0,361.45,355.5,356.55,664106.0,35.67
2024-10-02,358.0,361.45,355.5,356.55,664106.0,35.67
2024-10-03,350.0,355.05,346.2,346.9,689312.0,44.33
2024-10-04,347.0,348.85,333.0,334.1,1068451.0,43.18
2024-10-07,336.45,338.0,308.8,310.7,2683291.0,45.16
2024-10-08,311.0,326.0,309.15,323.85,1428249.0,29.55
2024-10-09,325.5,332.35,325.0,328.45,723215.0,48.7
2024-10-10,329.8,333.5,324.15,326.4,555083.0,39.81
2024-10-11,327.0,344.0,323.2,340.0,1979126.0,27.35
2024-10-14,344.0,347.2,336.0,338.45,976703.0,34.27
2024-10-15,339.8,344.25,334.2,342.2,646975.0,35.29
2024-10-16,342.9,358.35,339.05,352.5,1255294.0,44.73
2024-10-17,356.5,362.9,351.1,353.5,1723414.0,26.66
2024-10-18,351.8,360.25,342.15,358.3,1329903.0,31.01
2024-10-21,360.05,361.6,350.5,352.65,679081.0,35.19
2024-10-22,355.0,355.7,326.0,328.4,1221135.0,39.13
2024-10-23,338.0,373.5,333.0,355.5,18661150.0,8.45
2024-10-24,353.85,366.6,348.3,358.2,3106420.0,17.16
2024-10-25,360.0,360.75,338.45,343.85,1907335.0,23.88
2024-10-28,348.0,360.75,338.85,356.0,1866843.0,22.19
2024-10-29,356.0,369.2,353.8,366.95,1553711.0,27.4
2024-10-30,362.3,374.3,362.3,367.45,1521120.0,32.79
2024-10-31,369.5,374.1,363.25,370.45,2196953.0,51.59
2024-11-01,372.9,376.95,371.35,373.05,519207.0,63.19
2024-11-04,371.0,371.75,351.35,357.95,1143949.0,33.61
2024-11-05,358.7,365.85,356.1,363.85,907840.0,23.38
2024-11-06,365.1,376.0,365.1,374.15,1762398.0,30.96
2024-11-07,374.15,377.45,367.2,368.5,1341287.0,38.43
2024-11-08,368.5,369.35,358.0,359.7,864806.0,39.26
2024-11-11,359.0,359.0,346.2,347.7,845407.0,36.78
2024-11-12,349.35,361.5,343.1,344.75,1089301.0,42.29
2024-11-13,344.0,346.8,327.7,329.65,793101.0,33.21
2024-11-14,330.95,336.9,329.7,330.65,550101.0,31.9
2024-11-18,330.5,333.0,323.6,327.2,843700.0,39.43
2024-11-19,330.95,347.45,330.7,334.85,1646321.0,24.68
2024-11-20,330.95,347.45,330.7,334.85,1646321.0,24.68
2024-11-21,334.9,335.5,319.05,321.6,1243347.0,33.75
2024-11-22,324.05,330.5,320.4,328.7,755754.0,33.16
2024-11-25,338.0,348.75,337.0,344.2,1209824.0,42.48
2024-11-26,343.65,346.0,341.0,341.9,349518.0,33.74
2024-11-27,344.65,350.35,340.25,348.15,559380.0,32.16
2024-11-28,348.5,357.35,341.0,345.3,1085907.0,39.43
2024-11-29,347.0,350.45,342.65,345.3,587334.0,39.07
2024-12-02,345.5,353.35,341.6,349.15,917151.0,35.7
2024-12-03,353.15,362.95,352.4,356.35,1044771.0,33.25
2024-12-04,357.5,364.8,353.8,356.65,680092.0,35.72
2024-12-05,358.4,361.7,352.85,358.05,756228.0,37.6
2024-12-06,359.7,366.3,357.0,364.65,1132423.0,42.42
2024-12-09,366.65,368.35,360.35,362.05,492603.0,40.94
2024-12-10,363.55,368.25,360.3,366.5,925131.0,44.08
2024-12-11,366.2,374.3,361.95,369.7,1145651.0,33.99
2024-12-12,370.0,370.85,360.0,361.35,525335.0,44.7
2024-12-13,360.85,361.95,352.05,358.25,548752.0,32.25
2024-12-16,359.2,362.75,352.85,354.85,348288.0,42.16
2024-12-17,354.8,359.1,351.85,353.9,418234.0,39.54
2024-12-18,352.5,354.45,343.0,344.75,854884.0,25.46
2024-12-19,339.5,343.2,336.65,339.9,410800.0,40.35
2024-12-20,340.05,346.75,324.5,326.0,612686.0,41.57
2024-12-23,329.8,330.75,319.5,326.1,806357.0,33.1
2024-12-24,327.9,333.55,323.35,329.6,505723.0,40.76
2024-12-25,327.9,333.55,323.35,329.6,505723.0,40.76
2024-12-26,330.3,332.95,322.4,325.65,343616.0,45.29
2024-12-27,325.65,330.0,324.15,328.05,417245.0,45.13
2024-12-30,327.45,327.45,313.4,316.05,982429.0,43.35
2024-12-31,315.0,323.0,314.05,321.8,418091.0,30.4
2025-01-01,321.8,326.0,319.25,323.8,347324.0,37.28
2025-01-02,324.0,328.95,324.0,326.75,411330.0,26.45
2025-01-03,327.8,335.0,322.05,326.55,580502.0,29.49
2025-01-06,325.0,326.35,303.35,308.9,1065565.0,41.87
2025-01-07,312.0,317.7,309.9,315.35,459370.0,37.04
2025-01-08,316.0,316.35,308.95,314.05,400822.0,42.11
2025-01-09,313.65,316.8,310.05,311.05,320387.0,42.02
2025-01-10,311.0,311.7,295.55,297.6,897750.0,41.95
2025-01-13,297.55,299.0,279.05,282.15,975666.0,47.91
2025-01-14,285.0,293.4,284.15,292.7,554369.0,42.18
2025-01-15,295.0,299.85,291.55,292.65,397103.0,46.83
2025-01-16,295.15,336.85,295.15,326.9,31740027.0,3.5
2025-01-17,321.0,334.9,318.2,327.25,6382198.0,6.92
2025-01-20,325.0,330.7,322.0,325.15,990486.0,23.29
2025-01-21,325.0,331.8,316.8,318.5,1057330.0,22.66
2025-01-22,319.7,319.95,306.3,312.25,832808.0,23.37
2025-01-23,312.0,315.65,310.0,311.3,441446.0,33.22
2025-01-24,313.0,314.95,301.0,303.25,648571.0,36.07
2025-01-27,295.0,298.7,288.0,289.25,595519.0,41.55
2025-01-28,292.8,293.45,275.25,285.3,932962.0,29.34
2025-01-29,288.0,328.9,285.55,322.4,3768893.0,17.01
2025-01-30,320.0,322.95,310.9,314.9,1738852.0,19.6
2025-01-31,317.0,332.9,311.55,322.05,3441716.0,16.56
2025-02-03,314.6,317.35,302.55,306.3,843875.0,32.35
2025-02-04,309.0,318.75,308.0,317.0,986234.0,30.63
2025-02-05,317.0,320.25,313.4,314.4,522803.0,31.69
2025-02-06,315.05,317.95,310.65,313.1,379132.0,27.93
2025-02-07,313.65,313.95,306.6,308.4,432962.0,36.49
2025-02-10,308.0,309.25,293.55,294.4,639938.0,53.93
2025-02-11,295.4,297.55,280.95,281.9,706553.0,43.72
2025-02-12,284.0,285.8,267.65,282.25,1197276.0,25.06
2025-02-13,285.4,288.5,276.35,278.0,739207.0,34.99
2025-02-14,280.2,282.0,265.05,269.7,888943.0,34.21
2025-02-17,267.5,268.45,257.3,262.8,1139578.0,28.36
2025-02-18,264.0,266.05,250.0,255.3,850423.0,39.83
2025-02-19,254.0,268.55,253.0,264.8,813906.0,28.27
2025-02-20,266.0,273.85,263.8,270.9,647906.0,33.42
2025-02-21,269.45,278.85,266.1,266.95,760386.0,31.36
2025-02-24,266.95,266.95,257.55,261.25,508314.0,36.85
2025-02-25,264.95,265.25,255.05,255.85,644237.0,38.9
2025-02-27,256.0,258.2,248.2,250.75,748273.0,53.97
2025-02-28,249.0,252.0,238.2,241.4,821515.0,36.58
2025-03-03,244.93,246.36,226.59,238.38,1312886.0,30.95
2025-03-04,235.79,247.79,233.88,241.48,1074732.0,40.12
2025-03-05,240.2,250.88,240.14,248.79,981631.0,44.81
2025-03-06,254.5,262.4,252.8,257.53,1377000.0,29.13
2025-03-07,259.0,264.9,258.05,261.81,956579.0,38.8
2025-03-10,262.0,263.78,252.1,254.67,864770.0,36.57
2025-03-11,251.87,255.8,248.29,253.79,652678.0,37.35
2025-03-12,256.75,258.0,250.36,251.52,734500.0,46.34
2025-03-13,252.95,255.35,249.1,250.13,681634.0,43.37
2025-03-17,251.09,253.75,245.05,246.62,707064.0,56.42
2025-03-18,250.0,253.44,247.48,251.92,908499.0,53.0
2025-03-19,254.0,264.9,253.18,263.58,1328385.0,38.27
2025-03-20,267.0,274.0,264.38,267.35,1437497.0,40.45
2025-03-21,267.0,279.4,266.3,271.71,1988635.0,31.39
2025-03-24,271.68,279.99,269.8,274.87,1634596.0,40.67
2025-03-25,276.9,278.76,265.0,265.63,954328.0,51.73
2025-03-26,266.99,270.0,258.2,260.73,1116600.0,45.93
2025-03-27,259.9,267.85,259.1,265.9,1528298.0,51.5
2025-03-28,266.9,272.4,264.1,265.22,1222874.0,51.35
2025-04-01,266.5,275.65,265.85,274.35,1115119.0,40.67
2025-04-02,275.5,282.2,267.65,279.15,1143074.0,37.64
2025-04-03,274.1,289.85,274.1,288.25,1460311.0,37.52
2025-04-04,288.25,289.3,271.3,272.8,1148210.0,46.68
2025-04-07,255.0,264.95,251.0,261.65,1188546.0,38.64
2025-04-08,270.0,272.55,261.45,267.35,448745.0,35.26
2025-04-09,267.05,273.9,261.0,268.65,733955.0,37.92
2025-04-11,275.5,277.0,271.6,276.05,536841.0,41.19
2025-04-15,280.15,287.9,280.15,287.0,1037983.0,38.82
2025-04-16,287.0,325.65,287.0,315.0,18911450.0,9.42
2025-04-17,313.0,322.7,311.4,319.6,2394514.0,20.8
2025-04-21,320.85,330.7,316.4,328.0,1847343.0,35.74
2025-04-22,326.0,336.4,323.4,330.85,1832576.0,30.93
2025-04-23,330.15,333.05,319.6,323.9,1216908.0,33.22
2025-04-24,325.5,329.85,323.05,324.3,803051.0,32.92
2025-04-25,324.9,325.35,304.0,309.1,1569081.0,35.55
2025-04-28,310.0,317.1,307.15,315.3,869969.0,29.89
2025-04-29,316.9,320.45,312.35,313.35,500977.0,36.23
2025-04-30,313.35,314.25,301.95,304.15,559160.0,44.22
2025-05-02,305.0,314.8,302.1,305.1,1089020.0,37.54
2025-05-05,307.05,310.55,305.25,308.65,463837.0,33.45
2025-05-06,307.1,310.4,295.0,296.1,556020.0,50.11
2025-05-07,292.1,307.6,291.05,306.2,885482.0,31.98
2025-05-08,310.0,312.8,297.15,300.15,546643.0,35.17
2025-05-09,295.6,296.0,288.95,294.65,752970.0,30.8
2025-05-12,305.0,316.2,304.05,313.95,1254217.0,34.36
2025-05-13,315.0,318.5,308.3,311.2,784655.0,47.42
2025-05-14,313.0,319.9,312.5,319.1,878716.0,42.28
2025-05-15,321.25,333.8,320.5,329.95,3213311.0,32.65
2025-05-16,331.0,357.15,328.55,354.6,5077697.0,35.73
2025-05-19,356.3,367.0,353.7,356.55,2699143.0,38.65
2025-05-20,360.0,362.9,351.0,354.75,1726339.0,30.97
2025-05-21,355.0,362.85,346.25,351.85,1508962.0,45.87
2025-05-22,349.0,354.7,340.0,346.9,864347.0,40.26
2025-05-23,348.45,359.0,346.9,354.35,999069.0,36.47
2025-05-26,357.0,363.65,355.15,361.7,1124091.0,45.85
2025-05-27,360.65,363.5,354.95,358.65,939432.0,44.72
2025-05-28,361.5,361.5,351.1,356.8,929741.0,38.77
2025-05-29,358.15,370.0,355.05,364.0,2117831.0,38.11
2025-05-30,364.4,365.5,354.2,357.3,722099.0,39.34
2025-06-02,358.4,369.5,358.05,363.05,1593156.0,31.65
2025-06-03,364.9,375.2,360.25,366.7,2578351.0,35.41
2025-06-04,369.0,374.0,360.1,368.95,1623373.0,30.45
2025-06-05,372.0,386.0,370.7,382.6,4816694.0,37.26
2025-06-06,388.0,413.8,385.05,401.05,15701144.0,20.61
2025-06-09,405.0,419.9,401.5,414.25,6346683.0,32.05
2025-06-10,416.0,422.2,406.0,410.75,3316743.0,29.89
2025-06-11,412.0,420.9,406.3,412.95,3754718.0,28.57
2025-06-12,413.4,414.6,401.0,404.25,1780719.0,40.19
2025-06-13,390.0,417.7,389.95,408.7,3296435.0,34.07
2025-06-16,410.0,416.0,395.0,413.85,2897999.0,31.12
2025-06-17,413.0,416.4,395.55,399.35,1297445.0,40.02
2025-06-18,398.95,405.0,393.1,395.05,1221515.0,28.29
2025-06-19,395.0,400.95,380.8,383.45,1621540.0,39.19
2025-06-20,383.1,393.0,383.0,389.8,1169104.0,31.24
2025-06-23,388.8,396.8,386.0,393.5,858940.0,33.29
2025-06-24,397.5,408.05,394.6,397.3,1826317.0,30.68
2025-06-25,399.9,411.6,399.85,403.5,1814096.0,29.01
2025-06-26,404.6,408.3,400.2,404.75,867939.0,31.71
2025-06-27,407.0,418.6,405.1,411.75,3685633.0,35.12
2025-06-30,413.8,425.8,410.0,411.6,3295321.0,35.95
2025-07-01,413.6,428.35,409.1,420.35,4943677.0,32.93
2025-07-02,425.0,425.6,410.55,417.35,2012046.0,35.14
2025-07-03,417.8,418.4,405.25,407.7,1212179.0,44.34
2025-07-04,407.9,412.45,402.0,407.2,954606.0,36.53
2025-07-07,406.95,407.25,395.6,396.9,766783.0,41.49
2025-07-08,398.0,403.8,388.05,389.75,1468929.0,44.87
2025-07-09,390.7,395.85,387.75,391.15,993455.0,34.06
2025-07-10,391.95,393.8,385.0,387.5,680751.0,44.29
2025-07-11,387.35,388.95,378.0,379.1,999612.0,44.31
2025-07-14,379.15,383.5,374.8,376.5,817049.0,41.54
2025-07-15,376.5,384.0,375.55,381.25,951294.0,40.32
2025-07-16,381.9,382.75,377.4,379.0,445846.0,42.91
2025-07-17,379.45,383.0,377.0,379.4,663682.0,43.78
2025-07-18,380.0,443.1,375.05,435.3,47193490.0,11.57
2025-07-21,428.95,442.65,422.9,435.85,12981124.0,13.49
2025-07-22,434.0,468.0,430.45,457.5,25608194.0,15.32
2025-07-23,461.75,472.4,449.15,457.9,11161977.0,17.83
2025-07-24,456.75,461.1,451.0,452.45,2901924.0,26.82
2025-07-25,451.9,455.2,431.95,434.4,2885717.0,33.57
2025-07-28,420.0,443.0,403.25,409.45,4967571.0,24.74
2025-07-29,408.8,415.95,398.0,411.1,3147060.0,22.81
2025-07-30,412.0,417.55,401.0,402.85,1481677.0,32.73
2025-07-31,397.45,407.5,391.3,393.8,1689462.0,33.79
2025-08-01,394.35,397.0,379.7,381.9,1588148.0,47.2
2025-08-04,383.8,424.0,383.6,408.55,26866616.0,9.31
2025-08-05,409.0,418.45,405.2,411.3,3123510.0,17.9
2025-08-06,412.9,413.85,394.4,396.15,1744111.0,29.03
2025-08-07,394.8,420.8,390.1,413.95,8783197.0,11.55
2025-08-08,412.05,418.8,399.8,402.05,1965960.0,24.6
2025-08-11,402.15,421.5,399.2,418.3,2368443.0,24.44
2025-08-12,418.3,427.7,409.05,413.0,2671251.0,25.02
2025-08-13,415.4,419.85,411.85,415.55,1257129.0,26.32
2025-08-14,416.85,440.5,414.05,424.95,9920292.0,15.31
2025-08-18,432.0,439.7,425.55,436.05,2967279.0,29.38
2025-08-19,437.35,446.0,426.0,427.7,3117928.0,29.01
2025-08-20,426.55,430.8,417.9,419.9,1882845.0,31.57
2025-08-21,422.0,451.9,422.0,427.9,8711843.0,16.24
2025-08-22,430.0,436.4,425.05,427.3,1886373.0,22.91
2025-08-25,428.0,429.95,419.5,421.5,1069602.0,35.77
2025-08-26,419.7,421.0,407.1,409.65,1130743.0,31.28
2025-08-28,408.55,420.95,403.7,415.1,1747805.0,19.2
2025-08-29,414.0,418.0,400.0,403.85,1224634.0,35.08
2025-09-01,403.8,435.0,401.6,431.4,7842441.0,17.89
2025-09-02,432.5,445.0,428.25,440.05,4267311.0,28.19
2025-09-03,440.1,464.95,439.1,459.7,8282396.0,24.47
2025-09-04,465.0,475.0,452.85,455.2,4083787.0,27.6
2025-09-05,455.2,515.0,451.9,509.0,34448673.0,14.71
2025-09-08,512.8,546.85,512.35,539.15,16864200.0,12.38
2025-09-09,537.0,537.75,515.05,522.5,5655788.0,19.82
2025-09-10,521.25,551.5,518.4,522.35,7448428.0,21.06
2025-09-11,525.0,568.45,489.4,514.35,47510503.0,8.85
2025-09-12,518.0,577.8,516.5,569.85,36955357.0,12.62
2025-09-15,565.1,581.0,552.65,560.35,13789972.0,17.23
2025-09-16,560.35,561.65,544.0,547.95,5032682.0,26.05
2025-09-17,552.0,560.0,544.25,547.7,4571697.0,25.4
2025-09-18,546.3,559.8,537.2,552.05,4536532.0,19.72
2025-09-19,552.1,586.9,547.25,572.05,15704829.0,15.41
2025-09-22,572.3,588.0,560.0,565.15,5523233.0,20.42
2025-09-23,569.5,642.0,565.55,627.4,53264312.0,9.26
2025-09-24,626.15,631.45,603.0,606.2,10022091.0,18.76
2025-09-25,605.4,619.8,594.7,602.15,7640970.0,19.6
2025-09-26,605.2,614.9,577.5,589.0,6075181.0,17.29
2025-09-29,592.0,622.55,587.05,602.9,7523375.0,16.98
2025-09-30,606.65,617.9,586.0,599.05,5172555.0,20.24
2025-10-01,605.0,629.6,597.4,620.6,5774253.0,21.77
2025-10-03,621.95,639.0,599.05,613.1,7729140.0,19.65
2025-10-06,618.0,628.75,607.0,610.7,4133550.0,28.43
2025-10-07,614.0,618.0,580.0,583.95,4932149.0,40.06
2025-10-08,589.0,607.6,580.0,587.3,5729794.0,17.8
2025-10-09,595.9,635.0,585.2,630.3,13982658.0,21.14
2025-10-10,633.0,651.0,601.2,606.55,9828867.0,29.98
2025-10-13,607.2,609.7,592.5,597.05,4116209.0,26.95
2025-10-14,597.2,609.7,583.25,588.85,3804226.0,27.3
2025-10-15,592.0,608.0,588.0,601.95,3555539.0,19.74
2025-10-16,605.7,609.2,584.15,590.65,2144239.0,30.34
2025-10-17,591.0,592.5,563.7,567.1,2992949.0,37.92
2025-10-20,572.15,584.65,558.6,578.2,3246432.0,23.58
2025-10-21,583.7,588.8,581.6,584.65,628043.0,39.43
2025-10-22,583.7,588.8,581.6,584.65,628043.0,39.43
2025-10-23,588.0,589.95,573.0,581.3,1801986.0,27.59
2025-10-24,578.95,598.0,575.2,585.3,3467021.0,20.46
2025-10-27,587.3,587.75,575.8,577.8,1694335.0,27.68
2025-10-28,578.1,594.0,575.35,578.75,2211688.0,24.72
2025-10-29,579.25,606.0,577.9,591.2,4702152.0,25.48
2025-10-30,591.0,605.0,585.1,595.1,4049176.0,24.13
2025-10-31,594.5,610.0,590.0,594.3,3663906.0,27.47
2025-11-03,595.55,609.5,592.6,600.45,3187168.0,24.38
2025-11-04,602.9,605.45,581.6,588.1,1688591.0,40.0
2025-11-05,602.9,605.45,581.6,588.1,1688591.0,40.0
2025-11-06,585.3,586.9,564.15,566.75,1830728.0,39.92
2025-11-07,561.6,605.0,561.5,600.3,5058758.0,27.8
2025-11-10,602.0,618.0,596.0,599.55,4516151.0,24.45
2025-11-11,599.55,602.4,589.6,599.9,1641405.0,28.73
2025-11-12,600.0,606.8,591.4,594.15,1324546.0,31.08
2025-11-13,594.7,603.85,585.0,588.9,1591955.0,32.3
2025-11-14,588.9,596.95,556.6,567.6,5998596.0,18.81
2025-11-17,567.4,577.9,562.0,563.45,2115068.0,27.73
2025-11-18,565.9,567.7,538.5,543.5,3133125.0,31.76
2025-11-19,542.05,543.0,512.0,515.4,3713296.0,35.49
2025-11-20,517.9,528.8,505.0,510.05,2664156.0,25.86
2025-11-21,509.0,511.8,484.05,488.9,5652675.0,24.09
2025-11-24,486.45,492.7,467.9,469.6,2664620.0,28.83
2025-11-25,471.1,490.5,466.4,488.05,4046377.0,16.06
2025-11-26,492.35,534.8,487.75,528.1,11323019.0,16.08
2025-11-27,543.4,575.9,538.75,553.15,49398164.0,8.1
2025-11-28,555.0,556.3,536.9,539.3,6659439.0,15.04
2025-12-01,542.0,563.5,541.0,551.85,6589102.0,15.77
2025-12-02,550.0,555.25,539.1,540.7,2166991.0,25.75
2025-12-03,541.6,542.95,520.0,521.2,2171456.0,28.49
2025-12-04,521.0,540.7,519.35,529.6,4784295.0,12.55
2025-12-05,530.0,530.1,511.75,514.4,1977309.0,24.99
2025-12-08,515.0,515.6,488.0,489.8,2612318.0,36.64
2025-12-09,489.8,495.7,473.7,491.45,4069535.0,21.97
2025-12-10,494.0,499.95,481.3,486.95,2485124.0,23.52
2025-12-11,483.0,509.4,476.9,494.1,3903693.0,15.37
2025-12-12,504.0,529.9,499.0,519.9,11663541.0,10.13
2025-12-15,517.75,538.0,514.65,535.9,4826288.0,16.73
2025-12-16,530.55,534.65,519.0,521.45,1505155.0,27.47
2025-12-17,523.0,528.8,499.0,502.85,2745250.0,26.15
2025-12-18,502.7,517.75,498.5,515.05,3973733.0,11.65
2025-12-19,518.0,531.65,511.2,516.75,2168967.0,19.61
2025-12-22,518.1,525.8,514.0,516.75,1534198.0,31.65
2025-12-23,518.0,543.5,516.1,527.9,5948146.0,19.71
2025-12-24,530.3,557.9,528.45,545.65,7018893.0,19.89
2025-12-25,530.3,557.9,528.45,545.65,7018893.0,19.89
2025-12-26,548.5,611.5,544.15,589.0,25397549.0,14.77
2025-12-29,589.0,618.0,584.75,597.25,15917317.0,14.45
2025-12-30,592.6,598.7,573.0,595.7,6380297.0,18.72
2025-12-31,593.75,619.95,589.95,598.75,7311294.0,21.9
2026-01-01,598.95,609.75,594.05,599.5,2964686.0,24.17
2026-01-02,601.9,628.0,598.15,619.45,9572985.0,27.4
2026-01-05,622.0,632.5,606.5,609.3,4326425.0,31.46
2026-01-06,612.0,631.65,609.3,612.25,5572304.0,19.1
2026-01-07,614.0,629.4,603.2,607.1,4566798.0,22.67
2026-01-08,610.9,612.8,565.0,567.75,5621244.0,33.25
2026-01-09,563.7,577.45,549.0,551.55,4072664.0,21.51
2026-01-12,555.0,568.6,534.6,563.75,6201572.0,15.49
2026-01-13,571.8,584.0,561.4,570.35,5671529.0,17.2
2026-01-14,571.0,582.8,568.15,572.35,3523082.0,21.61
2026-01-15,571.0,582.8,568.15,572.35,3523082.0,21.61
2026-01-16,574.0,578.35,554.05,556.45,2084279.0,30.47
2026-01-19,556.45,556.45,537.0,539.0,1633508.0,28.52
2026-01-20,550.4,565.95,531.05,541.15,9270498.0,11.85
2026-01-21,541.15,547.35,528.15,536.3,3513944.0,17.02
2026-01-22,543.05,548.8,532.55,539.25,1879531.0,23.98
2026-01-23,541.65,547.0,515.1,518.8,1815399.0,28.56
2026-01-26,541.65,547.0,515.1,518.8,1815399.0,28.56
2026-01-27,521.05,533.3,513.0,529.15,2626632.0,20.59
2026-01-28,532.05,564.45,529.2,558.6,4686091.0,23.16
2026-01-29,564.0,624.0,559.45,618.35,13998282.0,19.92
2026-01-30,602.9,608.0,571.55,577.75,6600372.0,26.07
2026-02-02,577.5,584.0,558.0,576.5,3456383.0,19.35
2026-02-03,602.35,602.9,583.05,590.0,2955027.0,28.96
2026-02-04,590.25,619.65,586.0,614.55,6072023.0,30.56
2026-02-05,610.0,627.0,603.0,613.85,7300265.0,19.6
2026-02-06,609.0,615.9,594.1,600.1,2811624.0,24.41
2026-02-09,605.4,641.0,603.0,623.3,10802772.0,33.03
2026-02-10,628.0,638.8,603.1,605.35,5027036.0,31.94
2026-02-11,609.8,609.9,582.3,594.2,3901419.0,30.13
2026-02-12,597.0,604.85,588.05,591.45,2437355.0,30.51
2026-02-13,587.15,587.15,564.0,571.1,2178121.0,38.96
2026-02-16,565.85,569.0,557.0,563.8,1927376.0,30.2
2026-02-17,556.0,563.6,536.6,541.95,3819051.0,35.42
2026-02-18,545.1,580.9,545.1,576.65,5914154.0,21.32
2026-02-19,576.65,581.8,552.0,560.9,2110530.0,25.82
2026-02-20,556.0,585.75,556.0,567.6,4074426.0,18.29
2026-02-23,574.05,578.7,560.75,564.2,1557320.0,32.43
2026-02-24,560.0,568.25,552.55,560.85,1437156.0,31.54
2026-02-25,566.0,576.95,561.6,564.65,1627328.0,28.31
2026-02-26,568.6,579.45,562.7,576.8,2075670.0,32.18
2026-02-27,581.65,582.7,565.0,569.4,3087978.0,26.72
2026-03-02,545.0,568.9,542.55,551.45,1975553.0,31.86
2026-03-03,545.0,568.9,542.55,551.45,1975553.0,31.86
2026-03-04,544.0,546.7,521.0,530.45,2246103.0,33.83
2026-03-05,538.0,556.25,538.0,544.75,2866183.0,24.51
2026-03-06,547.9,556.0,544.8,546.85,1330265.0,27.11
2026-03-09,535.0,538.0,523.0,530.05,1724543.0,35.82
2026-03-10,541.0,550.5,537.05,547.5,1588763.0,33.7
2026-03-11,550.0,564.45,540.0,542.35,1768674.0,27.81
2026-03-12,539.6,562.65,531.7,555.5,2137993.0,24.21
2026-03-13,554.0,557.85,527.2,528.75,1812575.0,36.28
2026-03-16,530.0,538.95,523.15,532.1,2032930.0,24.87
2026-03-17,541.0,559.4,535.1,553.1,4702437.0,19.99
2026-03-18,553.8,566.5,546.4,559.25,2801215.0,31.85
2026-03-19,548.0,557.65,531.65,534.15,1374289.0,31.18
2026-03-20,539.9,599.0,539.0,575.7,32107235.0,13.39
2026-03-23,566.0,586.0,562.3,569.05,7318326.0,16.34
2026-03-24,584.0,587.45,566.55,574.0,3569629.0,30.36
2026-03-25,584.0,590.5,576.0,578.65,2594131.0,23.85
2026-03-26,584.0,590.5,576.0,578.65,2594131.0,23.85
2026-03-27,577.8,582.0,561.0,566.6,1944081.0,31.37
2026-03-30,560.0,579.4,548.05,566.15,3614114.0,17.92
2026-03-31,560.0,579.4,548.05,566.15,3614114.0,17.92
2026-04-01,582.1,590.95,575.6,580.3,2107349.0,23.35
2026-04-02,569.8,584.85,565.15,582.35,2265219.0,42.04
2026-04-03,569.8,584.85,565.15,582.35,2265219.0,42.04
2026-04-06,581.0,600.0,574.2,597.1,2788595.0,27.05
2026-04-07,597.0,612.0,590.0,593.1,3683882.0,26.32
2026-04-08,609.0,609.0,596.75,600.25,2050301.0,32.58
2026-04-09,602.0,614.0,596.0,604.35,2535617.0,27.71
2026-04-10,608.0,614.4,599.0,603.1,2013456.0,29.22
2026-04-13,597.0,625.0,590.25,614.6,4431370.0,28.1
2026-04-14,597.0,625.0,590.25,614.6,4431370.0,28.1
2026-04-15,627.5,643.0,620.0,622.3,4775985.0,31.95
2026-04-16,628.4,746.75,623.25,746.75,51557208.0,15.14
2026-04-17,746.75,771.9,714.2,736.9,31100876.0,11.39
2026-04-20,728.95,732.7,689.0,691.25,11199942.0,23.83
2026-04-21,695.0,707.85,683.1,689.5,4842635.0,21.45
2026-04-22,690.0,701.0,684.65,691.35,3110507.0,20.07
2026-04-23,690.0,700.45,678.0,682.85,2513995.0,24.52
2026-04-24,686.0,690.4,654.0,669.85,3365213.0,31.14
2026-04-27,673.0,703.9,673.0,698.55,4593877.0,34.79
2026-04-28,702.0,753.25,697.8,714.4,13288503.0,20.03
2026-04-29,718.05,754.3,712.6,740.05,9350592.0,21.47
2026-04-30,742.0,752.35,725.25,736.15,4040540.0,22.85
2026-05-01,742.0,752.35,725.25,736.15,4040540.0,22.85
2026-05-04,740.0,743.8,712.65,727.6,2667508.0,30.27
2026-05-05,728.15,746.45,705.6,715.35,2553577.0,31.62
2026-05-06,716.0,720.8,682.9,699.8,4278784.0,30.81
2026-05-07,703.9,719.5,699.0,703.7,3274665.0,25.47
2026-05-08,704.45,707.45,682.2,684.7,2412337.0,44.34
2026-05-11,681.0,681.0,654.5,663.2,2930879.0,40.47
2026-05-12,662.5,677.65,640.1,643.1,3476294.0,28.21
2026-05-13,646.8,670.5,646.0,663.1,2461900.0,23.12
2026-05-14,668.4,679.85,656.15,663.5,2859570.0,29.0
2026-05-15,658.7,674.2,636.2,652.6,3451686.0,19.18
2026-05-18,648.0,648.0,625.0,632.8,1950336.0,28.22
2026-05-19,637.0,647.5,633.0,643.85,1544110.0,23.74
2026-05-20,638.6,645.4,631.1,642.8,892708.0,26.32
2026-05-21,648.2,668.75,647.05,652.2,2298754.0,24.47
2026-05-22,654.05,663.9,648.7,651.5,1247471.0,22.32
2026-05-25,657.1,664.95,652.1,655.55,1012049.0,32.16
2026-05-26,655.0,698.2,652.6,693.15,9108067.0,22.13
2026-05-27,697.75,708.2,695.55,699.1,3551221.0,26.29
2026-05-28,697.75,708.2,695.55,699.1,3551221.0,26.29
2026-05-29,704.7,704.95,660.05,670.0,2081626.0,39.83
2026-06-01,670.95,690.25,665.05,668.15,2204836.0,22.01
2026-06-02,664.05,678.7,654.0,668.4,1998092.0,22.5
2026-06-03,670.0,675.65,652.05,666.85,1576676.0,20.68
2026-06-04,668.0,684.2,667.9,676.85,1776470.0,23.56
2026-06-05,680.0,680.0,656.05,657.75,1624548.0,35.61
2026-06-08,649.95,651.25,595.2,609.65,3123540.0,53.47
2026-06-09,610.95,629.9,608.75,627.8,1700315.0,31.91
2026-06-10,630.0,630.45,602.0,604.3,1919699.0,40.2
2026-06-11,600.9,606.9,585.55,588.75,1748607.0,34.09
2026-06-12,601.0,614.5,596.35,612.3,1932744.0,28.4
2026-06-15,622.2,624.4,605.0,607.2,1624874.0,42.42
2026-06-16,609.6,621.25,604.0,619.35,1420420.0,28.52
2026-06-17,622.0,631.9,614.4,620.55,1842539.0,25.86
2026-06-18,623.0,628.45,615.05,619.05,1114696.0,32.48
2026-06-19,615.0,619.8,610.55,612.9,792372.0,44.35
2026-06-22,614.25,623.8,613.2,615.0,929294.0,34.79
2026-06-23,615.0,616.55,600.0,601.4,895453.0,39.69
2026-06-24,601.4,603.7,592.0,597.0,743757.0,35.92
2026-06-25,597.0,598.75,583.65,586.3,742396.0,42.6
2026-06-26,597.0,598.75,583.65,586.3,742396.0,42.6
2026-06-29,584.55,593.85,576.3,578.4,1019609.0,39.78
2026-06-30,580.4,587.3,571.75,583.95,1007996.0,27.94
2026-07-01,582.0,612.8,579.6,610.65,3416293.0,20.77
2026-07-02,613.0,618.1,604.6,608.85,1630450.0,26.36
2026-07-03,612.0,621.4,600.0,603.1,970906.0,34.63
2026-07-06,603.1,604.75,595.0,598.05,591986.0,32.77
2026-07-07,597.85,599.1,585.0,586.3,627627.0,38.39
2026-07-08,582.25,611.0,580.5,583.55,2292382.0,18.43
2026-07-09,585.0,596.75,579.75,586.1,892071.0,25.39
2026-07-10,590.0,603.05,587.2,589.75,927409.0,33.89
2026-07-13,584.0,596.1,581.35,589.55,713078.0,31.78
2026-07-14,587.0,598.9,584.55,586.0,731862.0,31.02
2026-07-15,588.0,602.8,588.0,596.1,1250224.0,28.15
2026-07-16,598.0,600.5,584.85,586.65,681936.0,49.03
2026-07-17,586.55,588.4,579.6,581.5,495474.0,35.42
2026-07-20,578.5,588.0,573.6,577.35,516384.0,34.23
2026-07-21,575.85,587.2,575.85,580.3,613543.0,29.44
2026-07-22,580.3,582.4,558.1,560.25,798852.0,43.68
2026-07-23,557.0,573.8,556.6,562.95,879564.0,25.75
2026-07-24,558.0,564.9,551.0,562.55,664245.0,35.3
2026-07-27,565.0,568.0,560.1,562.15,472075.0,34.58
2026-07-28,560.2,563.8,552.0,553.8,375052.0,38.79
2026-07-29,554.7,576.9,554.7,574.25,1122256.0,25.32
2026-07-30,576.0,579.7,558.0,559.65,841124.0,39.77
2026-07-31,564.4,578.45,548.1,564.25,2867677.0,15.17
2026-08-03,562.0,569.0,558.25,561.0,769090.0,40.91
2026-08-04,561.25,575.0,554.0,556.0,1507304.0,33.47
2026-08-05,558.0,583.35,558.0,579.9,2369220.0,38.68
2026-08-06,585.0,603.65,581.35,596.75,4412031.0,22.74
2026-08-07,594.0,594.0,580.3,582.8,980159.0,37.77
2026-08-10,584.0,606.55,580.15,603.15,2799779.0,30.86
2026-08-11,603.15,609.15,599.35,603.0,1132164.0,36.08
2026-08-12,602.9,617.15,600.5,603.2,2552352.0,33.55
2026-08-13,605.0,609.0,590.1,593.25,911910.0,42.21
2026-08-14,591.0,596.0,578.5,580.8,906062.0,44.87
2026-08-19,571.05,573.35,555.8,557.75,910963.0,50.5
2026-08-20,562.0,567.0,558.85,561.95,738582.0,38.03
2026-08-21,562.05,586.55,562.05,570.0,2025953.0,23.37
2026-08-24,573.9,580.9,568.4,570.85,670794.0,37.23
2026-08-25,574.35,578.8,563.1,567.35,554608.0,34.96
2026-08-26,571.0,582.85,567.5,578.95,923022.0,33.93
2026-08-27,578.95,580.2,566.0,567.25,569849.0,45.64
2026-08-28,567.0,574.35,565.6,567.65,736396.0,44.33
2026-08-31,567.65,567.65,556.9,563.05,549539.0,42.93
2026-09-01,564.7,573.9,558.8,562.25,1018206.0,34.04
2026-09-02,558.0,562.85,555.55,557.65,395940.0,38.63
2026-09-03,560.0,568.55,559.9,565.85,594866.0,35.46
