,Open,High,Low,Close,Volume,DeliveryPct
2016-08-22,1196.0,1208.0,1156.05,1165.35,48998.0,
2016-08-23,1175.4,1189.5,1158.0,1165.25,46502.0,
2016-08-24,1171.15,1180.0,1161.2,1165.05,39908.0,
2016-08-25,1167.1,1231.95,1165.5,1199.8,259319.0,
2016-08-26,1200.55,1215.0,1188.0,1194.3,53613.0,
2016-08-29,1181.3,1204.9,1169.95,1177.1,35683.0,
2016-08-30,1180.0,1223.0,1180.0,1190.95,124186.0,
2016-08-31,1190.0,1235.0,1180.1,1207.35,225559.0,
2016-09-01,1215.0,1288.35,1215.0,1244.25,453384.0,
2016-09-02,1256.0,1359.0,1247.4,1343.9,694126.0,
2016-09-06,1371.0,1434.0,1362.05,1411.85,409301.0,
2016-09-07,1425.45,1487.7,1400.0,1461.35,349571.0,
2016-09-08,1493.4,1525.0,1478.25,1512.15,358725.0,
2016-09-09,1510.0,1518.0,1451.05,1467.25,178803.0,
2016-09-12,1435.0,1464.85,1411.1,1446.35,127864.0,
2016-09-14,1374.85,1446.0,1301.1,1331.2,769952.0,
2016-09-15,1334.95,1394.0,1332.95,1368.5,252930.0,
2016-09-16,1370.0,1394.8,1335.0,1350.0,235451.0,
2016-09-19,1345.0,1363.5,1310.35,1316.9,75506.0,
2016-09-20,1320.0,1356.2,1310.1,1319.05,121750.0,
2016-09-21,1316.1,1340.0,1311.85,1316.65,84155.0,
2016-09-22,1330.8,1340.0,1292.8,1297.3,84117.0,
2016-09-23,1300.0,1310.45,1291.0,1295.35,51933.0,
2016-09-26,1295.0,1363.0,1264.0,1326.3,375346.0,
2016-09-27,1327.0,1336.65,1284.0,1294.35,85808.0,
2016-09-28,1299.05,1325.0,1271.0,1278.15,82111.0,
2016-09-29,1288.3,1303.0,1129.0,1218.55,180142.0,
2016-09-30,1218.55,1296.0,1200.0,1286.6,151413.0,
2016-10-03,1295.0,1346.2,1278.0,1319.9,211486.0,
2016-10-04,1320.0,1338.0,1303.6,1320.7,94759.0,
2016-10-05,1320.7,1350.0,1302.85,1312.1,113380.0,
2016-10-06,1323.8,1325.0,1282.25,1290.8,94456.0,
2016-10-07,1290.0,1347.0,1284.0,1339.0,155764.0,
2016-10-10,1345.0,1349.8,1306.0,1313.2,56349.0,
2016-10-13,1320.0,1384.0,1292.3,1345.45,307231.0,
2016-10-14,1351.0,1442.5,1351.0,1406.7,235974.0,
2016-10-17,1430.05,1517.7,1430.05,1490.95,603500.0,
2016-10-18,1495.0,1542.5,1473.2,1513.95,369331.0,
2016-10-19,1500.1,1512.0,1451.1,1459.3,127819.0,
2016-10-20,1466.0,1489.5,1445.0,1458.55,113474.0,
2016-10-21,1464.8,1508.8,1441.0,1487.25,116412.0,
2016-10-24,1473.0,1515.0,1460.55,1499.55,196086.0,
2016-10-25,1507.0,1507.0,1455.0,1469.85,76027.0,
2016-10-26,1462.55,1513.9,1432.0,1445.8,123352.0,
2016-10-27,1445.8,1470.0,1386.6,1412.5,95294.0,
2016-10-28,1419.0,1469.9,1405.0,1459.0,120758.0,
2016-11-01,1448.4,1459.85,1392.05,1415.9,50950.0,
2016-11-02,1407.0,1445.0,1397.1,1426.15,77071.0,
2016-11-03,1431.0,1461.3,1384.8,1398.0,163627.0,
2016-11-04,1465.0,1491.0,1375.55,1389.05,229894.0,
2016-11-07,1409.8,1419.9,1370.0,1377.0,54647.0,
2016-11-08,1386.55,1396.8,1330.7,1343.15,71472.0,
2016-11-09,1240.0,1299.4,1074.55,1276.8,169100.0,
2016-11-10,1320.0,1329.0,1280.1,1289.55,53891.0,
2016-11-11,1279.7,1279.7,1185.0,1220.7,86888.0,
2016-11-15,1230.0,1230.0,1145.0,1150.8,67093.0,
2016-11-16,1168.0,1189.8,920.65,951.95,420269.0,
2016-11-17,919.0,973.2,871.15,930.4,902513.0,
2016-11-18,946.0,978.0,932.5,943.15,336695.0,
2016-11-21,968.95,973.95,930.0,944.85,110616.0,
2016-11-22,959.0,963.0,932.7,941.85,55483.0,
2016-11-23,946.0,958.3,941.85,950.95,49655.0,
2016-11-24,957.0,975.95,907.0,942.9,258319.0,
2016-11-25,950.0,964.9,940.0,948.05,93074.0,
2016-11-28,950.15,957.65,934.45,937.6,52574.0,
2016-11-29,945.8,949.9,920.0,922.75,65467.0,
2016-11-30,924.0,944.95,920.65,928.95,186781.0,
2016-12-01,930.0,942.15,920.0,923.15,41515.0,
2016-12-02,925.0,928.0,900.0,906.75,37763.0,
2016-12-05,915.0,932.0,906.1,920.35,73604.0,
2016-12-06,928.0,934.0,910.75,912.95,46826.0,
2016-12-07,923.0,924.75,913.0,917.05,41655.0,
2016-12-08,917.0,940.0,914.5,918.35,77794.0,
2016-12-09,920.55,927.45,915.05,916.4,30410.0,
2016-12-12,923.4,930.0,910.0,913.8,42771.0,
2016-12-13,917.3,924.95,909.0,910.9,21833.0,
2016-12-14,917.0,930.0,896.0,904.8,92708.0,
2016-12-15,896.25,918.0,894.0,898.35,42971.0,
2016-12-16,906.4,909.9,875.0,882.85,42516.0,
2016-12-19,882.9,900.0,876.0,886.7,38768.0,
2016-12-20,892.75,894.0,867.0,874.15,44140.0,
2016-12-21,876.2,880.0,868.1,871.6,16981.0,
2016-12-22,871.6,871.65,840.0,843.4,37386.0,
2016-12-23,843.4,874.9,840.0,852.35,59127.0,
2016-12-26,851.0,854.2,822.95,833.1,35207.0,
2016-12-27,839.95,999.7,831.5,999.7,947508.0,
2016-12-28,1040.0,1103.3,1014.45,1025.8,1050219.0,
2016-12-29,1029.7,1031.0,971.5,1012.6,466191.0,
2016-12-30,1014.9,1058.3,1005.5,1021.9,318327.0,
2017-01-02,1013.0,1043.4,1007.0,1014.1,134080.0,
2017-01-03,1024.45,1043.75,1006.35,1027.75,113062.0,
2017-01-04,1030.0,1079.6,1026.2,1063.1,393931.0,
2017-01-05,1075.9,1094.65,1046.4,1054.15,189068.0,
2017-01-06,1056.1,1065.0,1021.0,1034.05,71987.0,
2017-01-09,1040.0,1052.8,1013.0,1036.2,53205.0,
2017-01-10,1037.5,1097.0,1024.1,1066.55,366953.0,
2017-01-11,1069.65,1076.0,1045.05,1053.8,72113.0,
2017-01-12,1052.0,1092.95,1052.0,1067.5,176839.0,
2017-01-13,1075.0,1088.0,1061.0,1068.5,98110.0,
2017-01-16,1057.0,1075.0,1049.05,1052.5,51964.0,
2017-01-17,1057.0,1068.25,1045.0,1048.35,62696.0,
2017-01-18,1052.0,1085.0,1035.1,1057.8,189756.0,
2017-01-19,1035.1,1069.85,1035.1,1048.7,47301.0,
2017-01-20,1051.1,1057.8,1022.0,1028.65,50616.0,
2017-01-23,1034.95,1065.0,1028.0,1044.55,75566.0,
2017-01-24,1050.0,1070.0,1045.2,1053.9,111577.0,
2017-01-25,1052.45,1068.7,1042.0,1051.45,53707.0,
2017-01-27,1050.0,1067.75,1045.0,1049.95,48635.0,
2017-01-30,1051.0,1060.0,1025.0,1030.6,39399.0,
2017-01-31,1034.0,1039.2,1006.25,1010.7,50863.0,
2017-02-01,1011.7,1053.95,975.6,1024.95,286644.0,
2017-02-02,1028.0,1063.0,1028.0,1042.3,163061.0,
2017-02-03,1089.0,1118.0,1065.0,1070.95,280288.0,
2017-02-06,1075.0,1092.4,1050.1,1060.35,66172.0,
2017-02-07,1063.6,1092.0,1052.1,1063.7,83552.0,
2017-02-08,1064.0,1083.8,1059.0,1073.9,75468.0,
2017-02-09,1075.2,1082.75,1050.0,1062.65,54885.0,
2017-02-10,1064.35,1072.9,1046.0,1050.45,34223.0,
2017-02-13,1051.1,1072.0,1046.15,1057.1,61133.0,
2017-02-14,1060.0,1065.0,1035.1,1043.75,26523.0,
2017-02-15,1055.0,1055.0,1020.4,1022.65,40006.0,
2017-02-16,1024.05,1038.0,1015.0,1022.95,34308.0,
2017-02-17,1033.9,1060.0,1025.05,1042.6,85880.0,
2017-02-20,1045.0,1053.6,1037.1,1041.0,29114.0,
2017-02-21,1022.05,1050.0,1022.05,1037.2,53966.0,
2017-02-22,1048.0,1050.1,1025.1,1032.25,26015.0,
2017-02-23,1032.25,1043.95,1027.25,1035.75,46383.0,
2017-02-27,1035.0,1043.0,1027.25,1037.4,41942.0,
2017-02-28,1037.4,1065.0,1030.0,1036.5,72110.0,
2017-03-01,1040.0,1060.0,1040.0,1051.4,62396.0,
2017-03-02,1052.15,1058.0,1025.0,1027.85,36885.0,
2017-03-03,1028.0,1030.0,1012.0,1017.1,29680.0,
2017-03-06,1025.0,1025.0,1005.25,1009.85,41038.0,
2017-03-07,1009.0,1019.9,993.0,998.75,31514.0,
2017-03-08,1004.8,1019.3,992.0,998.15,41274.0,
2017-03-09,999.75,1018.6,992.15,1005.5,33464.0,
2017-03-10,1010.0,1024.6,1004.9,1021.2,48147.0,
2017-03-14,1030.0,1089.05,1030.0,1077.25,223851.0,
2017-03-15,1081.0,1278.0,1080.05,1258.7,1578745.0,
2017-03-16,1270.0,1312.0,1270.0,1284.15,652122.0,
2017-03-17,1284.15,1345.0,1282.0,1303.4,635248.0,
2017-03-20,1302.7,1309.0,1235.2,1247.95,153970.0,
2017-03-21,1256.75,1275.0,1220.0,1228.85,132124.0,
2017-03-22,1223.0,1223.0,1172.5,1178.05,124802.0,
2017-03-23,1184.55,1210.0,1175.4,1181.1,76596.0,
2017-03-24,1181.0,1210.0,1167.0,1176.8,104029.0,
2017-03-27,1180.0,1184.9,1106.7,1117.8,107977.0,
2017-03-28,1125.0,1225.4,1118.0,1184.25,721778.0,
2017-03-29,1181.0,1186.9,1136.1,1141.3,172882.0,
2017-03-30,1150.0,1168.0,1136.35,1142.85,81884.0,
2017-03-31,1154.0,1158.95,1129.7,1133.1,51549.0,
2017-04-03,1170.05,1210.0,1150.5,1158.0,298532.0,
2017-04-05,1158.0,1185.0,1138.35,1148.4,111393.0,
2017-04-06,1135.05,1158.0,1135.05,1139.15,45307.0,
2017-04-07,1142.0,1185.0,1137.05,1142.35,147595.0,
2017-04-10,1151.95,1160.0,1132.05,1138.8,50172.0,
2017-04-11,1141.0,1170.0,1135.75,1137.8,130419.0,
2017-04-12,1144.9,1145.9,1117.0,1121.1,72058.0,
2017-04-13,1121.1,1130.8,1106.0,1111.55,41606.0,
2017-04-17,1118.95,1146.0,1108.0,1123.05,96495.0,
2017-04-18,1124.5,1141.0,1080.0,1088.0,78657.0,
2017-04-19,1090.0,1095.0,1070.0,1081.45,47167.0,
2017-04-20,1101.9,1160.0,1101.9,1149.45,382368.0,
2017-04-21,1157.95,1178.95,1123.05,1135.75,175685.0,
2017-04-24,1145.0,1179.0,1131.1,1159.45,92117.0,
2017-04-25,1161.3,1224.9,1154.65,1210.15,397173.0,
2017-04-26,1219.95,1249.0,1152.5,1187.55,209563.0,
2017-04-27,1185.3,1235.0,1185.3,1228.95,165521.0,
2017-04-28,1230.85,1240.0,1171.0,1193.4,185801.0,
2017-05-02,1198.0,1234.0,1194.05,1221.05,194130.0,
2017-05-03,1221.0,1275.05,1219.9,1243.5,240266.0,
2017-05-04,1249.0,1254.7,1210.1,1226.15,82554.0,
2017-05-05,1216.5,1229.8,1181.05,1195.65,117594.0,
2017-05-08,1199.4,1210.0,1166.0,1179.1,49629.0,
2017-05-09,1184.0,1219.0,1179.6,1195.85,80324.0,
2017-05-10,1208.0,1223.0,1195.0,1202.25,74905.0,
2017-05-11,1202.1,1314.95,1201.8,1290.1,772451.0,
2017-05-12,1295.0,1302.3,1237.0,1256.5,155936.0,
2017-05-15,1257.0,1289.9,1255.0,1266.1,96754.0,
2017-05-16,1274.8,1274.8,1236.4,1249.35,81948.0,
2017-05-17,1257.85,1317.7,1248.55,1288.05,357750.0,
2017-05-18,1257.1,1274.9,1230.35,1240.75,144056.0,
2017-05-19,1260.0,1305.0,1242.6,1253.0,224155.0,
2017-05-22,1255.0,1290.15,1230.05,1236.3,174191.0,
2017-05-23,1244.0,1249.3,1175.0,1181.05,130856.0,
2017-05-24,1182.4,1204.5,1154.05,1170.0,94297.0,
2017-05-25,1184.0,1227.9,1158.0,1212.25,143989.0,
2017-05-26,1224.0,1248.15,1212.0,1231.7,125796.0,
2017-05-29,1213.1,1235.2,1181.5,1197.95,86000.0,
2017-05-30,1201.3,1242.4,1176.05,1212.05,135589.0,
2017-05-31,1224.0,1243.9,1217.05,1228.7,133436.0,
2017-06-01,1228.1,1272.45,1228.1,1256.65,253214.0,
2017-06-02,1264.3,1285.0,1248.3,1260.5,91073.0,
2017-06-05,1264.8,1278.2,1251.25,1259.5,65147.0,
2017-06-06,1269.9,1269.9,1236.3,1242.95,47499.0,
2017-06-07,1243.6,1260.7,1227.0,1234.85,57853.0,
2017-06-08,1236.65,1249.95,1221.0,1228.9,33067.0,
2017-06-09,1231.0,1244.8,1219.9,1229.45,47871.0,
2017-06-12,1224.4,1278.0,1215.5,1246.4,146047.0,
2017-06-13,1250.05,1277.0,1248.15,1253.05,158885.0,
2017-06-14,1256.0,1263.45,1235.0,1243.7,52524.0,
2017-06-15,1250.0,1257.65,1240.0,1246.35,38798.0,
2017-06-16,1252.0,1255.6,1230.2,1233.65,37160.0,
2017-06-19,1240.05,1261.95,1235.05,1240.05,70262.0,
2017-06-20,1242.0,1248.75,1234.0,1236.7,34886.0,
2017-06-21,1236.7,1258.25,1226.0,1237.15,43169.0,
2017-06-22,1245.0,1322.4,1241.35,1278.3,679076.0,
2017-06-23,1294.0,1319.5,1252.65,1263.8,428056.0,
2017-06-27,1274.3,1275.0,1201.6,1219.4,161838.0,
2017-06-28,1220.0,1257.95,1192.0,1222.95,202975.0,
2017-06-29,1230.0,1249.0,1207.05,1216.55,123070.0,
2017-06-30,1218.0,1269.0,1203.05,1259.6,215156.0,
2017-07-03,1305.0,1329.0,1273.6,1281.3,343515.0,
2017-07-04,1287.0,1298.65,1264.9,1270.65,122951.0,
2017-07-05,1274.0,1280.0,1245.8,1253.7,122331.0,
2017-07-06,1250.4,1271.15,1241.1,1255.3,132671.0,
2017-07-07,1260.0,1260.35,1242.0,1250.3,48912.0,
2017-07-10,1251.0,1265.0,1240.0,1247.15,25260.0,
2017-07-11,1251.25,1286.0,1247.55,1256.05,257160.0,
2017-07-12,1257.0,1266.15,1243.0,1253.5,120724.0,
2017-07-13,1259.75,1277.9,1252.0,1274.8,253258.0,
2017-07-14,1280.0,1280.0,1256.05,1260.1,110817.0,
2017-07-17,1251.0,1259.8,1217.05,1227.05,161386.0,
2017-07-18,1105.0,1185.0,1100.05,1157.05,653602.0,
2017-07-19,1167.5,1181.25,1161.0,1166.9,137138.0,
2017-07-20,1173.15,1174.95,1153.3,1158.05,65197.0,
2017-07-21,1152.0,1176.0,1077.85,1161.2,179159.0,
2017-07-24,1164.7,1202.05,1158.95,1170.95,137400.0,
2017-07-25,1171.0,1180.0,1156.0,1160.75,44629.0,
2017-07-26,1162.0,1172.0,1157.0,1162.75,45545.0,
2017-07-27,1163.5,1178.0,1133.0,1145.4,156731.0,
2017-07-28,1144.5,1181.9,1144.5,1163.2,195396.0,
2017-07-31,1168.95,1168.95,1127.55,1130.6,88620.0,
2017-08-01,1135.1,1140.0,1117.0,1123.95,91999.0,
2017-08-02,1124.7,1136.0,1080.2,1091.45,101912.0,
2017-08-03,1094.95,1095.0,1042.25,1056.3,102365.0,
2017-08-04,1058.0,1081.5,1042.5,1057.75,166576.0,
2017-08-07,1060.0,1066.5,1044.05,1050.45,58416.0,
2017-08-08,1056.9,1061.3,1012.0,1017.45,102524.0,
2017-08-09,1010.2,1018.8,974.0,985.7,121071.0,
2017-08-10,984.85,984.85,890.0,900.9,128908.0,
2017-08-11,878.0,915.0,830.0,895.55,230559.0,
2017-08-14,925.0,933.8,900.0,909.75,73415.0,
2017-08-16,914.8,1053.75,893.6,1041.8,1201615.0,
2017-08-17,1044.95,1134.7,1030.5,1076.85,1346806.0,
2017-08-18,1060.0,1109.0,1045.0,1086.65,663725.0,
2017-08-21,1086.1,1109.15,1061.95,1069.35,201926.0,
2017-08-22,1078.45,1089.85,1036.5,1054.6,281095.0,
2017-08-23,1051.0,1077.25,1045.15,1051.9,222224.0,
2017-08-24,1055.3,1062.9,1040.0,1051.4,120282.0,
2017-08-28,1051.4,1070.0,1045.0,1050.7,158285.0,
2017-08-29,1050.0,1050.0,1021.1,1032.0,147682.0,
2017-08-30,1034.95,1055.0,1034.95,1038.95,170814.0,
2017-08-31,1046.45,1050.6,1011.15,1022.7,122752.0,
2017-09-01,1022.7,1069.0,1022.0,1051.1,241824.0,
2017-09-04,1049.95,1055.0,1031.1,1039.3,91726.0,
2017-09-05,1044.5,1069.0,1039.35,1049.9,231607.0,
2017-09-06,1046.0,1050.0,1031.0,1045.7,130599.0,
2017-09-07,1044.9,1058.0,1033.1,1040.45,131045.0,
2017-09-08,1055.0,1058.9,1025.1,1029.9,94595.0,
2017-09-11,1045.0,1068.5,1035.05,1050.4,236826.0,
2017-09-12,1060.9,1062.0,1039.05,1046.8,162986.0,
2017-09-13,1054.0,1085.0,1042.5,1049.25,325392.0,
2017-09-14,1059.0,1063.3,1040.0,1044.35,96386.0,
2017-09-15,1042.0,1056.35,1037.05,1049.3,102960.0,
2017-09-18,1055.0,1069.4,1047.5,1061.9,139655.0,
2017-09-19,1065.0,1081.45,1054.55,1059.9,196553.0,
2017-09-20,1061.0,1073.3,1048.0,1051.15,86456.0,
2017-09-21,1060.0,1060.0,1029.8,1038.15,93395.0,
2017-09-22,1041.0,1041.0,1010.1,1016.15,85263.0,
2017-09-25,1009.0,1020.0,955.2,964.85,129216.0,
2017-09-26,962.0,1056.0,950.0,1044.3,491332.0,
2017-09-27,1052.0,1059.95,981.8,992.0,188242.0,
2017-09-28,993.25,1017.9,981.9,1003.75,181399.0,
2017-09-29,1014.8,1029.5,1003.85,1008.2,123009.0,
2017-10-03,1015.0,1034.75,1014.25,1024.55,123292.0,
2017-10-04,1026.1,1043.9,1010.5,1016.6,113819.0,
2017-10-05,1010.1,1031.45,1010.1,1024.55,97314.0,
2017-10-06,1016.8,1040.9,1016.8,1028.55,90883.0,
2017-10-09,1027.0,1040.0,1020.2,1026.9,50285.0,
2017-10-10,1030.0,1061.0,1026.0,1044.1,245620.0,
2017-10-11,1037.0,1054.45,1018.0,1024.95,97100.0,
2017-10-12,1027.5,1033.8,1018.0,1024.7,86134.0,
2017-10-13,1027.0,1029.55,1015.0,1017.35,36504.0,
2017-10-16,1021.0,1027.0,1010.45,1015.9,58667.0,
2017-10-17,1019.0,1039.5,1003.95,1024.75,243748.0,
2017-10-18,1024.7,1029.05,1012.0,1014.25,36079.0,
2017-10-19,1014.0,1020.0,1005.0,1009.6,12184.0,
2017-10-23,1008.0,1021.6,1001.05,1006.8,68320.0,
2017-10-24,1010.1,1018.0,1005.0,1008.95,53603.0,
2017-10-25,1022.0,1022.0,1001.5,1004.25,46481.0,
2017-10-26,1005.1,1015.0,1000.0,1004.3,70807.0,
2017-10-27,1009.0,1034.0,1002.8,1006.9,144666.0,
2017-10-30,1007.0,1018.3,1007.0,1010.3,32783.0,
2017-10-31,1014.85,1014.85,1003.3,1007.6,30398.0,
2017-11-01,1012.0,1054.85,1007.95,1029.15,270726.0,
2017-11-02,1036.0,1043.65,1018.0,1021.15,80960.0,
2017-11-03,1021.1,1033.35,1016.8,1025.1,37992.0,
2017-11-06,1025.65,1032.45,1012.0,1020.95,31380.0,
2017-11-07,1022.0,1026.9,981.1,995.6,87801.0,
2017-11-08,996.0,1008.55,983.5,989.25,63995.0,
2017-11-09,993.05,1002.85,980.0,986.7,36520.0,
2017-11-10,985.0,1051.85,980.0,1044.85,409455.0,
2017-11-13,1071.15,1076.25,1040.0,1045.8,309973.0,
2017-11-14,1050.0,1055.0,1015.0,1034.65,104045.0,
2017-11-15,1025.0,1054.4,1021.25,1026.45,113183.0,
2017-11-16,1030.5,1039.2,1017.0,1029.3,67894.0,
2017-11-17,1032.0,1054.0,1024.0,1042.3,202887.0,
2017-11-20,1049.0,1049.0,1025.0,1030.0,60804.0,
2017-11-21,1032.25,1046.5,1027.4,1030.9,114812.0,
2017-11-22,1035.0,1046.0,1025.0,1032.2,148249.0,
2017-11-23,1033.25,1043.15,1008.95,1020.25,63099.0,
2017-11-24,1027.0,1034.2,1011.0,1014.3,90505.0,
2017-11-27,1020.0,1020.0,1005.3,1008.4,86930.0,
2017-11-28,1018.9,1028.2,1010.0,1013.75,99468.0,
2017-11-29,1020.1,1020.3,1005.55,1009.15,37076.0,
2017-11-30,1010.3,1014.0,995.0,1003.6,65929.0,
2017-12-01,1009.8,1018.0,990.0,995.75,51420.0,
2017-12-04,1000.0,1009.9,986.65,990.4,60619.0,
2017-12-05,991.0,1003.65,981.8,986.45,64157.0,
2017-12-06,990.1,991.05,966.25,970.6,43364.0,
2017-12-07,975.0,985.0,962.1,976.6,60598.0,
2017-12-08,981.05,997.95,980.05,991.2,57784.0,
2017-12-11,992.0,1015.0,992.0,999.15,67688.0,
2017-12-12,999.15,999.15,983.0,987.65,41564.0,
2017-12-13,988.75,993.0,966.15,976.4,64370.0,
2017-12-14,979.8,1003.6,965.0,998.05,246030.0,
2017-12-15,1003.0,1025.95,990.0,999.65,228293.0,
2017-12-18,1000.05,1004.45,971.0,993.3,67783.0,
2017-12-19,1000.0,1002.9,974.0,982.0,89110.0,
2017-12-20,992.4,992.65,980.45,985.35,44844.0,
2017-12-21,990.0,996.9,985.0,987.35,56698.0,
2017-12-22,987.35,1009.8,987.35,995.05,130065.0,
2017-12-26,996.0,1013.0,960.15,991.2,58255.0,
2017-12-27,994.75,1004.95,985.25,993.15,65010.0,
2017-12-28,990.0,1000.15,984.2,987.65,36861.0,
2017-12-29,987.0,999.9,985.1,987.0,32166.0,
2018-01-01,993.0,997.5,984.0,989.3,38700.0,
2018-01-02,993.75,994.7,978.2,986.05,40829.0,
2018-01-03,990.0,993.95,980.7,986.35,40933.0,
2018-01-04,986.0,991.95,979.95,988.7,91946.0,
2018-01-05,991.0,1032.0,983.85,1019.25,245562.0,
2018-01-08,1015.0,1038.9,1011.0,1018.9,187691.0,
2018-01-09,1017.0,1050.0,1002.2,1040.25,325451.0,
2018-01-10,1045.0,1057.15,1030.0,1036.35,132142.0,
2018-01-11,1045.0,1073.95,1018.0,1068.85,334640.0,
2018-01-12,1075.0,1080.0,1030.0,1048.05,121746.0,
2018-01-15,1050.2,1057.0,1031.0,1036.5,49123.0,
2018-01-16,1035.15,1046.65,1009.1,1014.4,60490.0,
2018-01-17,1010.1,1019.15,984.05,997.95,150191.0,
2018-01-18,1018.0,1018.0,977.5,985.45,135919.0,
2018-01-19,989.8,994.5,976.0,989.8,50067.0,
2018-01-22,990.0,1000.95,978.6,985.25,64053.0,
2018-01-23,988.0,995.0,981.3,984.35,43519.0,
2018-01-24,987.0,1000.0,972.0,977.9,108434.0,
2018-01-25,990.0,990.0,957.4,962.75,71396.0,
2018-01-29,968.8,978.15,956.75,961.45,75692.0,
2018-01-30,964.95,973.0,955.1,959.4,33105.0,
2018-01-31,950.0,953.65,917.0,922.7,99428.0,
2018-02-01,917.0,984.0,901.3,926.0,325535.0,
2018-02-02,915.0,956.4,880.05,891.0,233926.0,
2018-02-05,885.0,893.5,865.4,888.85,102583.0,
2018-02-06,870.0,870.05,825.15,850.05,181540.0,
2018-02-07,860.0,880.0,843.4,848.75,79056.0,
2018-02-08,852.1,871.0,850.1,859.2,48239.0,
2018-02-09,850.0,874.0,844.65,862.05,142548.0,
2018-02-12,871.35,905.0,867.7,895.1,152540.0,
2018-02-14,921.0,924.85,901.15,905.05,239800.0,
2018-02-15,910.0,913.0,885.25,890.05,185333.0,
2018-02-16,894.0,902.0,875.0,878.6,132065.0,
2018-02-19,882.0,886.5,855.0,871.75,138924.0,
2018-02-20,869.3,884.9,865.0,867.85,85761.0,
2018-02-21,870.0,875.8,855.0,859.55,67613.0,
2018-02-22,854.55,874.2,854.55,867.9,175309.0,
2018-02-23,860.15,883.2,860.15,875.7,105752.0,
2018-02-26,877.0,912.7,876.5,906.05,224929.0,
2018-02-27,905.2,914.85,880.0,884.45,62032.0,
2018-02-28,884.0,884.0,870.0,873.15,60867.0,
2018-03-01,873.15,888.0,868.85,871.15,28703.0,
2018-03-05,878.0,878.0,848.1,855.15,137575.0,
2018-03-06,862.9,864.45,833.0,840.25,103844.0,
2018-03-07,832.25,843.15,805.1,809.5,131876.0,
2018-03-08,817.7,826.9,793.05,808.7,171419.0,
2018-03-09,811.0,816.4,803.0,804.65,45464.0,
2018-03-12,815.0,840.0,815.0,833.65,160355.0,
2018-03-13,833.95,878.7,833.95,873.25,155122.0,
2018-03-14,870.0,870.0,856.0,867.05,40215.0,
2018-03-15,865.95,910.65,865.95,907.15,130398.0,
2018-03-16,900.0,903.2,869.55,876.6,170399.0,
2018-03-19,880.0,882.0,826.05,832.5,134343.0,
2018-03-20,827.5,847.85,827.5,833.85,37859.0,
2018-03-21,841.8,848.8,832.1,835.2,40634.0,
2018-03-22,836.1,840.0,809.05,813.55,54877.0,
2018-03-23,803.0,808.8,790.3,799.0,56876.0,
2018-03-26,801.3,819.75,785.0,808.75,62740.0,
2018-03-27,813.0,835.0,807.5,828.55,89297.0,
2018-03-28,817.5,849.8,812.05,821.25,242550.0,
2018-04-02,823.0,841.0,816.75,838.9,79086.0,
2018-04-03,838.1,867.1,831.2,854.25,170815.0,
2018-04-04,856.0,873.6,840.6,844.3,108153.0,
2018-04-05,844.1,864.5,839.0,856.45,159227.0,
2018-04-06,853.0,869.95,851.2,863.35,141591.0,
2018-04-09,879.0,903.4,870.1,886.6,195702.0,
2018-04-10,894.6,895.45,875.3,885.05,59120.0,
2018-04-11,894.0,929.7,876.9,900.25,379983.0,
2018-04-12,901.0,902.0,880.95,884.15,68903.0,
2018-04-13,881.0,889.2,863.0,867.9,46264.0,
2018-04-16,867.0,876.0,861.0,870.35,32271.0,
2018-04-17,872.9,889.65,867.4,874.9,68587.0,
2018-04-18,874.9,889.15,870.8,876.6,46004.0,
2018-04-19,884.0,898.4,875.05,890.55,156582.0,
2018-04-20,890.0,905.0,881.0,896.2,113891.0,
2018-04-23,897.75,899.95,885.75,892.15,40006.0,
2018-04-24,892.15,914.0,887.35,901.95,161700.0,
2018-04-25,900.0,903.35,861.0,863.3,138019.0,
2018-04-26,862.95,878.0,851.05,873.1,135960.0,
2018-04-27,873.05,882.0,865.85,869.5,37408.0,
2018-04-30,872.0,886.5,872.0,880.95,58622.0,
2018-05-02,884.0,890.95,864.35,869.75,33148.0,
2018-05-03,870.05,870.05,850.5,855.95,32257.0,
2018-05-04,868.0,868.0,854.0,856.7,18874.0,
2018-05-07,857.0,867.25,854.25,857.6,22349.0,
2018-05-08,859.4,874.9,857.15,865.7,49512.0,
2018-05-09,870.0,870.0,855.0,856.5,11461.0,
2018-05-10,858.7,865.45,835.85,839.9,35349.0,
2018-05-11,838.5,838.5,824.0,827.8,44799.0,
2018-05-14,831.0,835.1,815.0,820.25,24372.0,
2018-05-15,821.0,832.0,803.8,810.2,42532.0,
2018-05-16,810.0,827.4,802.0,817.5,21236.0,
2018-05-17,816.0,822.55,809.0,811.95,17074.0,
2018-05-18,814.2,824.35,776.15,783.9,47324.0,
2018-05-21,789.9,792.3,768.4,781.85,49099.0,
2018-05-22,778.0,794.15,778.0,789.15,30640.0,
2018-05-23,789.0,789.0,758.45,764.45,36447.0,
2018-05-24,760.0,776.9,737.8,769.2,154293.0,
2018-05-25,773.0,783.75,757.7,778.45,53629.0,
2018-05-28,780.0,810.5,775.55,798.95,86405.0,
2018-05-29,802.0,823.7,736.6,758.15,948877.0,
2018-05-30,752.0,776.0,749.1,764.7,136815.0,
2018-05-31,773.65,773.65,747.45,753.3,69468.0,
2018-06-01,753.3,762.15,732.65,745.8,56638.0,
2018-06-04,748.1,748.1,720.9,723.85,46863.0,
2018-06-05,728.2,732.85,702.25,711.75,114965.0,
2018-06-06,703.05,735.0,703.05,730.15,65185.0,
2018-06-07,735.0,748.0,730.15,743.5,65883.0,
2018-06-08,740.5,748.95,730.35,741.25,27314.0,
2018-06-11,745.7,765.0,733.1,748.65,57893.0,
2018-06-12,753.0,756.65,744.0,745.4,33482.0,
2018-06-13,745.4,758.0,730.05,737.35,32334.0,
2018-06-14,735.1,747.4,730.7,741.55,46161.0,
2018-06-15,741.05,763.2,730.5,732.75,115236.0,
2018-06-18,733.05,740.0,730.0,731.5,32980.0,
2018-06-19,733.0,734.9,720.05,724.8,36246.0,
2018-06-20,725.45,740.0,725.3,729.45,48835.0,
2018-06-21,729.8,747.8,728.0,743.6,113818.0,
2018-06-22,740.0,774.9,740.0,770.8,348459.0,
2018-06-25,770.9,785.55,759.25,763.05,172380.0,
2018-06-26,760.0,763.25,752.2,756.55,74758.0,
2018-06-27,763.9,763.9,708.4,726.3,117154.0,
2018-06-28,731.0,738.05,710.0,716.55,102808.0,
2018-06-29,721.0,737.15,716.6,726.25,83215.0,
2018-07-02,734.85,734.85,707.25,716.55,54065.0,
2018-07-03,716.55,727.85,712.1,719.05,35687.0,
2018-07-04,720.0,727.35,710.75,712.3,84768.0,
2018-07-05,712.35,725.25,708.6,718.65,70234.0,
2018-07-06,724.0,727.0,713.65,717.85,41918.0,
2018-07-09,724.6,737.4,718.85,728.45,64033.0,
2018-07-10,732.0,742.65,725.0,740.1,78623.0,
2018-07-11,740.1,745.95,724.0,727.8,64454.0,
2018-07-12,727.8,753.8,727.8,735.3,121504.0,
2018-07-13,738.8,738.8,725.05,729.7,32856.0,
2018-07-16,726.0,734.7,701.0,703.3,108370.0,
2018-07-17,703.4,725.0,677.1,704.7,255001.0,
2018-07-18,710.0,716.0,675.5,681.15,293264.0,
2018-07-19,686.65,702.8,670.95,677.75,113576.0,
2018-07-20,678.1,701.7,672.35,699.2,125667.0,
2018-07-23,701.0,760.0,694.05,755.15,525845.0,
2018-07-24,750.1,764.75,729.0,751.85,176701.0,
2018-07-25,753.0,762.95,741.9,746.95,76660.0,
2018-07-26,745.25,794.4,744.55,778.25,119174.0,
2018-07-27,789.0,824.4,789.0,812.95,355796.0,
2018-07-30,810.0,815.0,777.0,793.85,175426.0,
2018-07-31,791.15,801.5,778.05,797.2,166093.0,
2018-08-01,794.95,827.7,794.95,814.5,181587.0,
2018-08-02,815.0,830.0,801.65,825.2,128607.0,
2018-08-03,824.0,840.0,817.1,832.5,78105.0,
2018-08-06,832.0,841.0,805.9,816.35,85477.0,
2018-08-07,816.55,827.1,800.35,814.3,93818.0,
2018-08-08,814.0,839.0,802.3,833.3,122607.0,
2018-08-09,832.0,850.0,826.45,840.55,153749.0,
2018-08-10,839.7,847.3,832.9,836.7,84181.0,
2018-08-13,860.0,883.15,846.3,853.25,475431.0,
2018-08-14,851.1,855.0,832.6,844.65,136461.0,
2018-08-16,845.0,854.1,835.05,838.4,46008.0,
2018-08-17,839.1,854.2,837.5,840.4,31352.0,
2018-08-20,837.0,861.95,835.05,851.85,83236.0,
2018-08-21,858.0,877.05,855.65,863.8,216191.0,
2018-08-23,864.0,873.9,834.95,845.65,166221.0,
2018-08-24,845.75,853.95,835.0,842.55,82017.0,
2018-08-27,842.0,862.9,841.95,856.2,62957.0,
2018-08-28,855.25,875.0,855.25,867.3,100670.0,
2018-08-29,867.0,874.7,863.25,866.3,59550.0,
2018-08-30,854.8,897.95,848.3,892.8,189144.0,
2018-08-31,890.0,907.95,880.05,884.2,99978.0,
2018-09-03,885.9,895.55,867.2,873.8,52820.0,
2018-09-04,873.5,873.5,833.6,837.55,72916.0,
2018-09-05,837.0,855.0,828.1,848.8,47268.0,
2018-09-06,859.0,929.0,846.7,913.5,674259.0,
2018-09-07,917.55,968.0,906.0,951.45,1045126.0,
2018-09-10,944.45,967.55,930.0,948.3,311024.0,
2018-09-11,942.0,955.0,910.3,921.5,128543.0,
2018-09-12,922.15,955.0,911.35,949.65,167291.0,
2018-09-14,952.15,998.0,952.15,991.3,481368.0,
2018-09-17,980.0,986.0,959.0,964.75,185534.0,
2018-09-18,972.5,978.9,914.65,923.3,158988.0,
2018-09-19,931.1,944.2,894.7,900.35,229060.0,
2018-09-21,913.5,924.65,766.0,826.1,435166.0,
2018-09-24,830.0,830.0,764.0,771.65,269497.0,
2018-09-25,761.35,775.9,726.25,757.1,417937.0,
2018-09-26,764.95,781.0,755.05,760.05,148406.0,
2018-09-27,759.05,761.7,712.35,748.4,474769.0,
2018-09-28,755.9,773.9,734.2,751.4,327396.0,
2018-10-01,751.0,765.85,718.55,760.65,198354.0,
2018-10-03,750.0,770.85,720.0,742.65,166127.0,
2018-10-04,716.5,730.7,699.3,714.35,261863.0,
2018-10-05,709.95,712.0,672.95,682.3,378723.0,
2018-10-08,683.0,702.4,640.25,672.2,284632.0,
2018-10-09,665.1,693.8,661.0,681.3,155999.0,
2018-10-10,684.9,728.55,681.0,722.7,192364.0,
2018-10-11,700.0,713.45,671.55,695.15,148161.0,
2018-10-12,709.8,757.0,707.5,730.4,321243.0,
2018-10-15,736.0,746.45,726.5,735.6,148804.0,
2018-10-16,736.95,755.0,731.0,739.6,119696.0,
2018-10-17,746.0,762.5,730.2,737.65,304302.0,
2018-10-19,725.25,743.95,721.85,736.25,118872.0,
2018-10-22,743.7,744.4,715.2,719.15,77194.0,
2018-10-23,705.0,737.0,700.55,706.35,129925.0,
2018-10-24,710.0,729.0,704.6,715.15,90591.0,
2018-10-25,709.9,729.85,698.15,718.8,147524.0,
2018-10-26,714.1,739.9,707.85,726.2,180449.0,
2018-10-29,728.0,769.7,720.0,762.85,167679.0,
2018-10-30,758.9,794.0,751.0,774.1,303051.0,
2018-10-31,781.7,792.45,766.2,772.2,180091.0,
2018-11-01,776.0,784.35,765.45,772.55,164926.0,
2018-11-02,784.7,814.0,776.05,791.8,321454.0,
2018-11-05,814.6,818.95,777.05,784.4,229897.0,
2018-11-06,789.3,797.0,770.0,777.9,90448.0,
2018-11-07,781.0,789.9,773.25,784.3,18385.0,
2018-11-09,785.0,861.25,781.05,852.8,331759.0,
2018-11-12,858.1,861.25,831.4,834.85,189307.0,
2018-11-13,830.0,852.6,810.1,836.35,289394.0,
2018-11-14,843.9,852.3,817.0,827.8,223286.0,
2018-11-15,832.0,876.9,826.35,867.65,250510.0,
2018-11-16,867.0,875.0,838.55,842.95,190040.0,
2018-11-19,844.0,870.4,844.0,864.65,167282.0,
2018-11-20,863.0,880.95,846.5,852.95,268913.0,
2018-11-21,855.9,858.95,842.0,848.0,68755.0,
2018-11-22,857.65,857.65,837.0,846.4,69477.0,
2018-11-26,841.15,874.0,837.1,854.45,297232.0,
2018-11-27,855.65,904.35,840.0,886.95,380235.0,
2018-11-28,892.45,946.0,884.3,938.05,543080.0,
2018-11-29,938.2,955.0,925.5,934.05,315020.0,
2018-11-30,938.95,944.9,921.4,926.4,135945.0,
2018-12-03,928.4,936.0,917.2,922.6,232754.0,
2018-12-04,928.7,928.7,902.0,908.95,243988.0,
2018-12-05,908.0,919.9,889.05,894.7,281949.0,
2018-12-06,894.0,902.0,871.5,897.55,168416.0,
2018-12-07,899.0,919.25,880.5,889.0,396061.0,
2018-12-10,875.05,881.3,863.3,867.2,147561.0,
2018-12-11,855.05,898.9,855.05,889.95,174353.0,
2018-12-12,887.0,920.0,887.0,908.6,220582.0,
2018-12-13,916.0,940.0,913.5,917.9,328564.0,
2018-12-14,915.55,933.15,909.4,925.9,158683.0,
2018-12-17,928.0,929.9,905.0,909.7,76027.0,
2018-12-18,907.2,912.15,895.0,907.2,104555.0,
2018-12-19,906.0,922.0,900.15,905.9,161357.0,
2018-12-20,902.0,929.65,890.0,895.45,408731.0,
2018-12-21,900.95,908.85,841.3,849.45,330700.0,
2018-12-24,854.9,864.0,828.05,843.4,295106.0,
2018-12-26,841.0,889.0,766.55,844.05,467488.0,
2018-12-27,866.0,879.35,842.0,872.5,418341.0,
2018-12-28,875.0,892.0,867.3,886.45,252313.0,
2018-12-31,887.4,899.25,882.25,887.05,173906.0,
2019-01-01,883.05,889.45,876.8,879.8,98177.0,
2019-01-02,880.55,893.95,860.15,868.05,235187.0,
2019-01-03,866.75,878.0,862.75,873.85,81336.0,
2019-01-04,880.9,899.95,850.0,893.3,349268.0,
2019-01-07,898.85,909.5,893.9,899.3,171639.0,
2019-01-08,897.0,907.9,892.0,905.7,85529.0,
2019-01-09,914.0,916.8,892.3,906.65,187118.0,
2019-01-10,909.8,909.8,886.05,891.25,75058.0,
2019-01-11,890.0,914.8,888.4,908.25,227483.0,
2019-01-14,901.05,924.75,886.1,920.3,151460.0,
2019-01-15,916.65,996.7,916.65,985.75,1297283.0,
2019-01-16,979.7,990.0,957.05,964.5,420501.0,
2019-01-17,965.0,988.8,946.95,964.6,596318.0,
2019-01-18,970.5,973.0,947.25,951.8,189091.0,
2019-01-21,960.0,963.75,949.5,956.3,199549.0,
2019-01-22,957.95,978.6,947.3,958.6,316807.0,
2019-01-23,961.1,977.85,950.0,955.75,373785.0,
2019-01-24,950.0,963.0,938.55,958.25,142196.0,
2019-01-25,956.1,962.25,940.25,945.8,150511.0,
2019-01-28,945.0,945.0,904.1,907.85,153040.0,
2019-01-29,912.0,942.45,905.0,933.15,207649.0,
2019-01-30,942.7,943.8,924.95,936.3,147406.0,
2019-01-31,936.3,943.0,926.15,929.3,51646.0,
2019-02-01,929.3,969.9,923.05,942.75,223978.0,
2019-02-04,968.95,968.95,936.35,949.05,349544.0,
2019-02-05,948.8,950.0,926.45,934.45,113663.0,
2019-02-06,933.25,970.75,920.6,968.0,226870.0,
2019-02-07,975.0,975.0,937.0,942.6,473447.0,
2019-02-08,942.6,949.0,926.3,934.3,145024.0,
2019-02-11,933.1,933.15,906.0,910.6,124525.0,
2019-02-12,912.9,912.9,865.0,874.35,400328.0,
2019-02-13,879.95,884.9,863.0,868.0,140749.0,
2019-02-14,868.0,882.9,862.75,877.15,95655.0,
2019-02-15,875.0,890.05,845.95,854.7,182204.0,
2019-02-18,857.65,877.0,852.55,871.55,205559.0,
2019-02-19,870.0,897.5,867.55,876.75,266824.0,
2019-02-20,881.0,892.0,865.4,874.2,113640.0,
2019-02-21,874.35,898.55,871.0,893.8,106229.0,
2019-02-22,892.0,934.6,887.0,927.75,342718.0,
2019-02-25,932.0,932.0,912.35,914.95,115447.0,
2019-02-26,910.0,927.4,877.85,885.55,171759.0,
2019-02-27,882.1,903.95,866.95,877.5,186505.0,
2019-02-28,877.5,889.0,873.1,885.6,84029.0,
2019-03-01,890.0,910.15,883.85,906.5,160270.0,
2019-03-05,906.0,964.0,896.55,958.15,238223.0,
2019-03-06,974.9,974.9,925.0,933.0,434239.0,
2019-03-07,933.5,942.95,916.3,927.8,151891.0,
2019-03-08,927.9,963.0,921.9,946.25,575695.0,
2019-03-11,948.5,1043.3,943.1,1033.45,1344371.0,
2019-03-12,1035.9,1080.8,1020.0,1053.2,1413695.0,
2019-03-13,1040.0,1090.0,1031.65,1064.2,924741.0,
2019-03-14,1069.0,1093.65,1055.7,1080.25,488073.0,
2019-03-15,1081.0,1095.0,1072.1,1082.55,363530.0,
2019-03-18,1089.9,1135.5,1073.0,1129.6,974714.0,
2019-03-19,1134.9,1153.9,1120.25,1130.0,724456.0,
2019-03-20,1131.0,1147.95,1117.9,1141.95,394002.0,
2019-03-22,1133.0,1151.3,1119.85,1125.25,248949.0,
2019-03-25,1121.0,1127.9,1111.0,1117.5,156286.0,
2019-03-26,1116.0,1127.0,1100.0,1119.8,229761.0,
2019-03-27,1122.0,1148.0,1116.1,1122.0,296633.0,
2019-03-28,1130.0,1144.05,1119.1,1136.45,249119.0,
2019-03-29,1148.8,1177.45,1126.75,1159.1,431443.0,
2019-04-01,1160.3,1185.0,1146.8,1162.25,370749.0,
2019-04-02,1151.0,1174.45,1124.0,1129.85,324174.0,
2019-04-03,1131.0,1148.0,1120.0,1125.45,161350.0,
2019-04-04,1135.9,1136.0,1112.35,1127.4,168821.0,
2019-04-05,1137.0,1142.1,1115.0,1121.95,140169.0,
2019-04-08,1126.0,1139.0,1105.55,1115.55,160841.0,
2019-04-09,1123.8,1123.8,1100.3,1103.8,138704.0,
2019-04-10,1108.7,1164.7,1100.0,1159.6,638204.0,
2019-04-11,1158.55,1166.8,1135.05,1140.35,273769.0,
2019-04-12,1142.4,1160.0,1129.0,1152.7,175880.0,
2019-04-15,1152.7,1209.9,1149.6,1203.35,592748.0,
2019-04-16,1204.0,1207.75,1181.05,1187.0,270773.0,
2019-04-18,1190.0,1194.95,1152.8,1160.4,151192.0,
2019-04-22,1155.0,1181.2,1143.55,1149.5,135803.0,
2019-04-23,1155.1,1158.7,1131.5,1137.7,132181.0,
2019-04-24,1142.0,1146.8,1112.3,1129.25,149523.0,
2019-04-25,1136.35,1155.75,1115.0,1123.2,273698.0,
2019-04-26,1130.0,1139.0,1116.25,1125.5,92893.0,
2019-04-30,1125.5,1127.95,1087.0,1105.45,125585.0,
2019-05-02,1093.2,1104.0,1069.35,1076.5,134953.0,
2019-05-03,1070.55,1110.0,1057.9,1065.3,433098.0,
2019-05-06,1057.15,1074.7,1050.05,1058.05,95684.0,
2019-05-07,1065.1,1073.0,1021.6,1027.15,142977.0,
2019-05-08,1027.0,1035.9,1011.0,1024.75,146071.0,
2019-05-09,1025.55,1033.05,1015.0,1020.0,79988.0,
2019-05-10,1023.0,1039.9,1010.95,1031.8,89097.0,
2019-05-13,1038.0,1038.0,1000.05,1006.85,80119.0,
2019-05-14,1006.25,1039.05,989.95,1026.4,205088.0,
2019-05-15,1032.0,1037.2,1008.2,1018.2,97900.0,
2019-05-16,1026.3,1030.0,997.0,1016.45,117572.0,
2019-05-17,1013.55,1040.0,1001.2,1019.9,134313.0,
2019-05-20,1065.0,1076.2,1030.2,1060.95,213577.0,
2019-05-21,1067.65,1067.7,1025.8,1031.25,112525.0,
2019-05-22,1033.0,1036.35,1005.3,1013.85,85449.0,
2019-05-23,1025.1,1033.9,988.15,991.95,76784.0,
2019-05-24,996.9,1034.9,981.0,1029.55,154970.0,
2019-05-27,1038.45,1046.6,1021.55,1029.6,164357.0,
2019-05-28,1033.0,1059.85,1022.55,1030.45,213013.0,
2019-05-29,1031.0,1031.0,983.3,990.9,126256.0,
2019-05-30,990.9,1012.9,939.05,948.55,594182.0,
2019-05-31,936.05,968.0,929.2,935.65,417392.0,
2019-06-03,932.4,932.4,907.0,912.95,197913.0,
2019-06-04,914.9,934.45,910.0,922.5,160928.0,
2019-06-06,929.9,941.35,897.15,901.45,358559.0,
2019-06-07,906.0,910.4,885.45,892.15,155113.0,
2019-06-10,899.0,908.0,886.25,891.05,104502.0,
2019-06-11,898.6,898.6,888.0,895.25,71620.0,
2019-06-12,902.0,923.55,890.4,906.1,371092.0,
2019-06-13,900.75,904.5,881.8,893.45,119520.0,
2019-06-14,895.8,900.95,878.3,883.4,73161.0,
2019-06-17,884.05,888.9,852.5,868.05,156866.0,
2019-06-18,868.05,875.05,837.0,855.95,146028.0,
2019-06-19,859.0,881.4,852.2,858.5,275117.0,
2019-06-20,852.0,886.0,842.55,881.9,161756.0,
2019-06-21,881.0,901.95,870.0,893.15,295895.0,
2019-06-24,898.7,898.7,860.0,866.95,156226.0,
2019-06-25,859.0,878.0,852.0,873.5,101133.0,
2019-06-26,868.25,896.0,860.0,871.5,164641.0,
2019-06-27,870.0,881.1,829.5,841.15,372153.0,
2019-06-28,844.5,849.8,825.25,830.85,81872.0,
2019-07-01,831.0,835.1,816.0,821.8,46228.0,
2019-07-02,818.45,837.0,815.0,824.3,65420.0,
2019-07-03,825.0,828.9,818.0,822.15,33829.0,
2019-07-04,821.0,846.8,820.95,832.85,100476.0,
2019-07-05,833.9,843.2,812.5,818.6,104400.0,
2019-07-08,815.0,819.0,788.3,794.55,47953.0,
2019-07-09,794.0,804.8,786.55,791.25,48968.0,
2019-07-10,797.6,797.6,761.0,772.45,37056.0,
2019-07-11,777.0,779.9,767.05,772.7,30733.0,
2019-07-12,776.7,782.95,765.1,772.3,73547.0,
2019-07-15,779.45,779.45,764.0,770.4,22434.0,
2019-07-16,767.5,775.95,762.0,767.0,20123.0,
2019-07-17,769.75,787.95,764.1,773.25,29606.0,
2019-07-18,774.3,790.0,769.0,782.35,34705.0,
2019-07-19,785.5,797.4,758.45,764.8,41312.0,
2019-07-22,764.0,766.0,747.3,750.6,28172.0,
2019-07-23,750.9,755.95,737.8,740.1,30924.0,
2019-07-24,740.4,743.0,721.65,725.65,34591.0,
2019-07-25,722.1,732.5,716.05,719.75,28141.0,
2019-07-26,717.5,722.0,705.0,709.55,22323.0,
2019-07-29,709.55,730.05,706.05,721.3,54642.0,
2019-07-30,716.65,730.0,692.0,700.35,51540.0,
2019-07-31,700.1,708.85,684.0,694.6,35266.0,
2019-08-01,696.0,701.95,681.8,691.25,21048.0,
2019-08-02,693.3,696.4,676.9,692.9,24999.0,
2019-08-05,686.7,705.0,673.3,693.25,36384.0,
2019-08-06,685.25,709.6,685.0,690.3,35305.0,
2019-08-07,695.0,707.95,685.65,695.9,68124.0,
2019-08-08,695.5,717.0,692.8,699.35,89200.0,
2019-08-09,707.0,742.0,701.0,708.95,97546.0,
2019-08-13,790.0,850.7,762.25,850.7,436827.0,
2019-08-14,897.0,908.0,840.2,855.25,551867.0,
2019-08-16,852.5,1026.3,835.7,994.3,1004587.0,
2019-08-19,1038.9,1088.7,1012.0,1055.0,974678.0,
2019-08-20,1045.0,1063.8,1016.3,1035.95,371370.0,
2019-08-21,1030.0,1035.95,970.0,977.15,256237.0,
2019-08-22,972.0,972.8,896.2,916.95,268145.0,
2019-08-23,900.0,999.0,887.05,971.3,354914.0,8.55
2019-09-30,870.0,881.1,829.5,841.15,372153.0,35.65
2019-10-01,960.85,973.75,934.25,954.35,46208.0,35.86
2019-10-02,960.85,973.75,934.25,954.35,46208.0,35.86
2019-10-03,959.0,967.0,950.6,959.55,40642.0,31.86
2019-10-04,958.1,966.85,945.0,947.3,26953.0,34.67
2019-10-07,951.0,963.7,930.65,935.85,25574.0,32.44
2019-10-08,951.0,963.7,930.65,935.85,25574.0,32.44
2019-10-09,940.0,988.0,926.0,970.7,98716.0,35.11
2019-10-10,969.8,989.4,943.05,975.05,64679.0,25.53
2019-10-11,980.25,1000.0,972.1,979.6,53859.0,40.61
2019-10-14,985.0,1016.9,975.05,1002.95,84974.0,40.06
2019-10-15,1011.0,1039.8,1008.0,1015.95,82194.0,31.11
2019-10-16,1022.0,1050.0,1001.75,1034.75,125523.0,29.68
2019-10-17,1036.0,1070.0,1018.0,1062.75,90474.0,39.24
2019-10-18,1064.75,1095.0,1057.05,1089.3,113396.0,41.64
2019-10-21,1064.75,1095.0,1057.05,1089.3,113396.0,41.64
2019-10-22,1092.9,1125.0,1072.85,1080.7,79172.0,30.13
2019-10-23,1089.8,1107.65,1076.3,1081.95,68092.0,28.63
2019-10-24,1087.65,1092.0,1062.65,1070.1,36279.0,33.01
2019-10-25,1079.0,1098.0,1063.5,1070.55,29110.0,31.33
2019-10-28,1076.95,1088.9,1064.9,1082.45,10749.0,51.74
2019-10-29,1086.95,1086.95,1067.05,1076.65,27145.0,54.99
2019-10-30,1081.65,1130.0,1075.05,1098.4,92068.0,24.22
2019-10-31,1106.95,1125.0,1075.05,1092.75,80310.0,31.75
2019-11-01,1100.0,1134.9,1087.35,1114.8,97306.0,29.01
2019-11-04,1105.0,1134.4,1082.45,1101.6,55263.0,33.72
2019-11-05,1105.0,1120.0,1092.4,1100.95,28749.0,36.61
2019-11-06,1101.1,1128.9,1092.35,1118.9,57276.0,50.84
2019-11-07,1116.0,1147.25,1116.0,1135.2,56405.0,43.85
2019-11-08,1143.0,1193.0,1134.5,1146.1,189655.0,24.31
2019-11-11,1149.9,1178.0,1128.0,1165.1,64688.0,36.32
2019-11-12,1149.9,1178.0,1128.0,1165.1,64688.0,36.32
2019-11-13,1164.0,1271.0,1164.0,1249.65,361277.0,29.05
2019-11-14,1285.0,1300.0,1120.1,1262.0,950394.0,17.18
2019-11-15,1259.0,1268.0,1195.0,1218.05,112996.0,34.01
2019-11-18,1214.0,1242.05,1165.0,1170.5,107453.0,33.28
2019-11-19,1170.0,1245.0,1167.9,1224.75,238071.0,20.12
2019-11-20,1224.75,1225.05,1125.55,1146.3,182018.0,39.69
2019-11-21,1154.0,1180.0,1150.0,1154.25,67638.0,28.54
2019-11-22,1155.45,1172.05,1132.0,1151.45,90683.0,15.88
2019-11-25,1155.0,1175.75,1140.05,1158.85,71970.0,17.82
2019-11-26,1162.4,1284.0,1152.0,1254.3,632465.0,17.0
2019-11-27,1262.8,1354.0,1235.1,1333.85,795521.0,14.48
2019-11-28,1327.05,1374.9,1292.1,1362.15,465557.0,13.31
2019-11-29,1351.95,1351.95,1305.0,1321.65,130811.0,24.83
2019-12-02,1320.0,1404.95,1280.0,1385.3,471031.0,11.0
2019-12-03,1368.9,1428.0,1353.85,1401.95,322358.0,12.3
2019-12-04,1392.0,1414.0,1361.3,1373.5,180867.0,19.06
2019-12-05,1365.3,1377.0,1331.05,1339.3,101697.0,27.96
2019-12-06,1342.0,1367.9,1287.0,1307.4,103928.0,23.55
2019-12-09,1309.9,1354.0,1290.1,1320.15,147529.0,14.15
2019-12-10,1324.9,1340.0,1280.65,1289.8,79633.0,17.61
2019-12-11,1293.65,1312.35,1230.0,1239.25,165958.0,29.53
2019-12-12,1241.9,1272.0,1235.5,1244.95,97557.0,21.55
2019-12-13,1250.0,1267.85,1236.0,1242.5,60155.0,22.67
2019-12-16,1249.0,1253.0,1214.0,1222.7,50689.0,30.7
2019-12-17,1225.0,1288.45,1221.9,1256.3,166591.0,21.4
2019-12-18,1260.0,1302.5,1230.0,1260.85,226903.0,16.0
2019-12-19,1265.0,1318.65,1260.9,1304.0,320743.0,13.88
2019-12-20,1309.5,1322.0,1305.0,1309.55,121649.0,26.99
2019-12-23,1305.0,1319.85,1284.0,1293.25,59353.0,33.59
2019-12-24,1294.9,1325.0,1278.0,1303.15,90134.0,21.08
2019-12-25,1294.9,1325.0,1278.0,1303.15,90134.0,21.08
2019-12-26,1310.8,1328.0,1282.0,1290.95,137062.0,23.29
2019-12-27,1296.0,1309.9,1290.15,1296.5,46491.0,23.43
2019-12-30,1300.0,1308.95,1281.0,1286.3,48496.0,30.64
2019-12-31,1285.0,1303.9,1260.8,1271.9,61022.0,38.61
2020-01-01,1275.0,1307.0,1275.0,1293.35,75696.0,32.47
2020-01-02,1296.1,1420.0,1296.1,1357.05,404995.0,22.43
2020-01-03,1352.0,1365.8,1325.0,1335.45,93223.0,28.52
2020-01-06,1330.0,1330.0,1290.85,1294.1,56601.0,40.66
2020-01-07,1300.15,1323.5,1300.15,1311.9,77554.0,23.21
2020-01-08,1282.25,1335.2,1282.25,1314.1,67465.0,17.57
2020-01-09,1326.25,1343.95,1317.05,1325.95,49134.0,29.44
2020-01-10,1330.85,1340.0,1316.3,1327.95,54155.0,25.07
2020-01-13,1337.8,1374.5,1325.0,1368.35,150557.0,32.49
2020-01-14,1372.75,1430.0,1372.0,1412.7,198762.0,33.83
2020-01-15,1417.45,1424.85,1381.0,1392.05,69723.0,23.11
2020-01-16,1392.0,1423.7,1392.0,1399.8,99397.0,25.58
2020-01-17,1399.8,1481.0,1396.0,1458.6,314366.0,24.08
2020-01-20,1469.0,1477.8,1405.65,1414.9,83049.0,38.04
2020-01-21,1412.9,1481.75,1394.1,1417.1,191568.0,26.92
2020-01-22,1423.65,1447.0,1406.55,1412.1,54413.0,40.91
2020-01-23,1414.0,1430.0,1376.0,1381.1,68976.0,39.37
2020-01-24,1389.4,1408.0,1372.6,1380.15,71032.0,30.69
2020-01-27,1379.0,1478.6,1375.0,1441.5,340229.0,34.0
2020-01-28,1457.05,1469.3,1352.0,1373.5,324580.0,28.71
2020-01-29,1379.0,1397.0,1235.0,1248.05,361077.0,39.97
2020-01-30,1246.15,1259.9,1172.0,1181.1,379860.0,26.83
2020-01-31,1195.0,1245.35,1181.0,1213.15,271379.0,18.57
2020-02-03,1126.85,1152.9,1085.0,1126.45,139932.0,22.76
2020-02-04,1132.6,1270.0,1132.6,1258.35,307560.0,24.71
2020-02-05,1260.25,1291.0,1215.2,1254.7,176985.0,22.62
2020-02-06,1261.4,1289.7,1250.15,1256.5,111184.0,28.74
2020-02-07,1264.0,1310.1,1262.0,1275.0,139288.0,28.09
2020-02-10,1312.0,1364.85,1295.0,1351.75,468845.0,26.13
2020-02-11,1377.1,1386.45,1336.2,1350.7,142535.0,37.32
2020-02-12,1361.0,1361.0,1321.25,1341.05,65190.0,43.75
2020-02-13,1346.5,1401.0,1320.25,1371.85,182314.0,27.75
2020-02-14,1380.0,1410.0,1370.0,1373.6,121805.0,30.68
2020-02-17,1386.75,1399.0,1325.0,1341.55,64794.0,35.33
2020-02-18,1342.0,1345.35,1292.0,1301.85,60016.0,47.09
2020-02-19,1305.25,1330.0,1290.0,1299.65,67185.0,30.68
2020-02-20,1302.9,1395.0,1271.0,1340.35,365867.0,19.66
2020-02-21,1302.9,1395.0,1271.0,1340.35,365867.0,19.66
2020-02-24,1335.0,1335.0,1261.05,1273.55,102324.0,49.67
2020-02-25,1282.0,1292.95,1216.0,1226.8,102803.0,43.27
2020-02-26,1215.95,1230.0,1182.55,1187.7,117876.0,36.9
2020-02-27,1194.0,1214.35,1122.05,1156.65,120812.0,34.48
2020-02-28,1122.0,1190.0,1057.05,1149.05,299372.0,34.59
2020-03-02,1174.0,1197.0,1100.0,1121.45,94070.0,33.25
2020-03-03,1156.45,1189.0,1130.1,1173.35,144837.0,41.47
2020-03-04,1178.9,1196.25,1140.0,1165.45,112842.0,32.12
2020-03-05,1175.0,1226.0,1170.0,1184.2,164291.0,34.39
2020-03-06,1149.0,1189.0,1123.0,1175.75,64184.0,27.86
2020-03-09,1133.25,1164.4,1130.0,1138.05,77132.0,59.18
2020-03-10,1133.25,1164.4,1130.0,1138.05,77132.0,59.18
2020-03-11,1145.0,1159.2,1102.55,1148.0,49451.0,33.97
2020-03-12,1083.25,1109.95,1030.25,1050.8,80201.0,52.89
2020-03-13,862.0,1162.0,862.0,1118.25,95597.0,34.2
2020-03-16,1053.0,1088.9,1036.75,1041.95,46113.0,42.53
2020-03-17,1030.0,1030.0,923.0,946.3,71030.0,41.45
2020-03-18,950.0,977.0,863.05,888.45,64840.0,23.79
2020-03-19,830.0,877.55,790.0,808.2,93830.0,28.66
2020-03-20,819.0,870.0,805.05,850.8,109767.0,28.78
2020-03-23,810.0,810.0,750.0,763.7,29784.0,51.07
2020-03-24,802.0,829.65,738.05,751.4,43857.0,37.54
2020-03-25,732.0,810.0,732.0,793.9,39714.0,36.42
2020-03-26,801.6,940.0,801.6,894.1,178773.0,54.96
2020-03-27,937.0,990.0,890.0,918.1,72861.0,36.32
2020-03-30,875.0,939.0,830.0,905.3,37473.0,51.17
2020-03-31,975.0,983.95,911.35,940.5,63769.0,31.74
2020-04-01,949.7,989.95,940.15,962.5,43372.0,37.15
2020-04-02,949.7,989.95,940.15,962.5,43372.0,37.15
2020-04-03,975.0,975.0,940.0,949.95,119244.0,87.68
2020-04-06,975.0,975.0,940.0,949.95,119244.0,87.68
2020-04-07,970.05,996.8,955.0,980.6,84073.0,23.3
2020-04-08,972.0,1113.15,963.25,980.25,163204.0,17.11
2020-04-09,1005.05,1032.85,991.0,995.0,43330.0,34.42
2020-04-10,1005.05,1032.85,991.0,995.0,43330.0,34.42
2020-04-13,995.0,1028.05,970.2,993.2,73403.0,20.08
2020-04-15,1002.0,1041.0,988.0,997.45,111589.0,13.9
2020-04-16,973.0,1010.0,973.0,1000.5,32719.0,24.55
2020-04-17,1015.0,1044.0,1000.0,1004.8,120794.0,24.97
2020-04-20,1020.0,1020.0,982.75,991.65,42039.0,45.34
2020-04-21,985.0,985.0,925.0,941.2,34391.0,49.88
2020-04-22,935.0,1069.0,932.4,1040.45,393529.0,15.25
2020-04-23,1020.0,1098.0,1005.0,1061.65,544639.0,12.24
2020-04-24,1040.0,1072.5,1029.0,1033.85,153669.0,16.49
2020-04-27,1028.35,1049.9,1015.2,1021.6,96177.0,26.38
2020-04-28,1031.0,1059.2,1013.65,1055.1,105009.0,28.35
2020-04-29,1058.0,1074.0,1031.7,1033.75,72048.0,27.89
2020-04-30,1045.0,1059.0,1001.0,1005.0,107146.0,43.69
2020-05-01,1045.0,1059.0,1001.0,1005.0,107146.0,43.69
2020-05-04,1030.0,1060.0,1020.0,1028.85,138647.0,21.86
2020-05-05,1038.7,1046.0,972.0,983.5,61062.0,44.18
2020-05-06,985.0,989.95,952.0,961.75,110037.0,51.63
2020-05-07,960.0,981.85,957.0,962.0,44517.0,43.4
2020-05-08,971.0,993.6,945.0,954.55,130421.0,36.72
2020-05-11,963.0,967.75,939.05,951.2,58562.0,30.8
2020-05-12,953.0,953.0,920.05,942.4,60199.0,20.96
2020-05-13,965.0,965.0,940.15,941.9,44593.0,29.46
2020-05-14,930.0,953.8,921.25,942.65,53347.0,15.99
2020-05-15,943.0,978.0,933.0,968.2,104048.0,34.65
2020-05-18,979.0,983.0,923.0,928.7,50627.0,35.85
2020-05-19,934.15,946.0,925.0,930.25,52460.0,30.68
2020-05-20,926.5,940.0,922.1,926.9,51835.0,30.79
2020-05-21,931.5,960.0,926.35,940.65,117558.0,20.54
2020-05-22,941.65,974.0,940.0,965.65,96282.0,24.5
2020-05-25,941.65,974.0,940.0,965.65,96282.0,24.5
2020-05-26,974.7,987.0,951.0,981.5,84017.0,32.91
2020-05-27,986.0,999.0,965.05,990.6,82232.0,30.01
2020-05-28,994.0,1020.0,968.0,974.65,91182.0,28.09
2020-05-29,974.5,991.6,970.0,987.4,55259.0,42.05
2020-06-01,990.1,1019.9,990.1,999.2,59024.0,38.23
2020-06-02,1003.2,1037.9,998.2,1016.6,104652.0,26.37
2020-06-03,1029.7,1040.0,980.0,999.8,66421.0,39.46
2020-06-04,1001.95,1018.95,987.95,998.45,46194.0,34.19
2020-06-05,999.95,1020.0,992.1,999.8,44611.0,29.1
2020-06-08,1018.95,1024.4,995.0,1009.9,53889.0,33.55
2020-06-09,1016.1,1064.5,1001.05,1030.4,443265.0,22.7
2020-06-10,1032.0,1037.9,1005.65,1011.2,95659.0,38.72
2020-06-11,1012.05,1021.7,985.7,993.2,60148.0,29.31
2020-06-12,960.05,979.6,953.2,973.15,82149.0,38.85
2020-06-15,978.5,985.7,956.5,960.6,47651.0,30.05
2020-06-16,974.0,980.6,950.05,958.2,54109.0,25.04
2020-06-17,957.0,967.0,948.3,956.75,20234.0,36.88
2020-06-18,956.75,966.0,953.3,955.95,46001.0,37.76
2020-06-19,965.9,980.0,962.0,965.3,64483.0,28.17
2020-06-22,972.0,979.8,956.5,962.8,51474.0,36.22
2020-06-23,972.5,1019.5,964.55,1002.35,153280.0,29.11
2020-06-24,1006.0,1035.0,996.0,1001.55,123945.0,32.29
2020-06-25,991.0,1003.75,980.0,997.5,63617.0,16.34
2020-06-26,1005.0,1013.95,993.0,996.55,39940.0,23.38
2020-06-29,997.0,1048.75,997.0,1031.75,252656.0,29.12
2020-06-30,1051.0,1053.15,1010.0,1017.55,154244.0,28.47
2020-07-01,999.9,1008.95,960.0,981.65,194564.0,28.27
2020-07-02,986.0,993.85,980.35,983.7,53810.0,32.94
2020-07-03,985.05,990.0,978.0,981.75,28263.0,45.75
2020-07-06,985.25,995.35,975.0,977.35,44334.0,37.26
2020-07-07,985.0,985.95,974.55,976.8,34832.0,55.95
2020-07-08,979.3,985.0,971.1,973.9,36733.0,53.32
2020-07-09,974.0,984.15,966.2,970.45,24304.0,49.98
2020-07-10,968.0,972.95,960.6,965.3,33766.0,42.93
2020-07-13,970.5,977.6,962.2,966.2,28869.0,44.46
2020-07-14,963.05,971.7,946.0,950.1,37919.0,52.06
2020-07-15,955.0,970.1,925.0,929.6,50751.0,47.93
2020-07-16,947.0,949.0,923.1,943.15,32809.0,34.24
2020-07-17,950.1,950.1,931.65,935.5,59261.0,42.74
2020-07-20,938.5,945.9,931.0,935.0,33640.0,39.81
2020-07-21,938.7,948.0,927.55,929.8,39592.0,50.82
2020-07-22,939.9,944.95,927.05,932.25,41503.0,26.47
2020-07-23,933.0,935.5,923.0,925.0,42061.0,55.67
2020-07-24,926.2,926.25,904.2,908.8,43549.0,52.24
2020-07-27,915.0,931.0,901.55,923.6,76703.0,29.99
2020-07-28,923.6,934.0,913.25,916.55,40105.0,37.21
2020-07-29,919.8,930.0,910.7,916.3,33684.0,34.88
2020-07-30,924.7,940.0,912.1,916.1,63419.0,24.19
2020-07-31,920.0,932.45,911.0,916.6,38830.0,29.81
2020-08-03,915.0,923.9,910.0,915.15,30387.0,39.43
2020-08-04,925.0,928.85,913.05,916.45,34844.0,37.2
2020-08-05,926.0,926.0,913.0,914.6,23903.0,42.43
2020-08-06,915.05,923.9,914.25,919.5,19962.0,38.6
2020-08-07,920.0,954.25,920.0,944.65,101996.0,38.58
2020-08-10,950.0,990.0,931.1,960.8,133912.0,27.65
2020-08-11,964.0,977.95,957.0,958.5,58258.0,51.91
2020-08-12,958.0,976.9,945.35,955.7,46711.0,25.43
2020-08-13,958.3,967.9,932.2,955.35,56577.0,40.92
2020-08-14,964.9,964.9,932.0,938.45,44870.0,51.01
2020-08-17,959.0,959.0,932.45,940.5,38630.0,24.95
2020-08-18,940.0,959.35,936.75,951.85,35796.0,26.92
2020-08-19,955.0,959.3,945.6,947.85,36471.0,43.5
2020-08-20,948.0,955.0,933.05,937.2,51418.0,46.12
2020-08-21,949.0,967.65,938.25,950.35,92030.0,41.18
2020-08-24,961.1,972.7,938.15,944.4,147285.0,39.41
2020-08-25,943.0,970.05,938.5,944.4,111887.0,38.03
2020-08-26,943.95,970.0,941.0,959.5,91918.0,53.54
2020-08-27,1065.0,1092.4,1010.3,1035.45,1408520.0,23.34
2020-08-28,1023.95,1024.55,1000.0,1002.7,155822.0,29.63
2020-08-31,1071.4,1071.4,956.3,964.0,130746.0,39.79
2020-09-01,967.0,997.0,954.05,957.8,95813.0,22.47
2020-09-02,960.15,972.35,949.0,949.75,60863.0,37.39
2020-09-03,957.8,964.5,945.05,949.05,53016.0,30.47
2020-09-04,940.0,944.7,932.4,938.45,41832.0,47.18
2020-09-07,941.0,949.9,917.5,923.4,85336.0,31.28
2020-09-08,928.8,934.0,920.0,926.65,38185.0,49.24
2020-09-09,926.0,945.0,907.35,910.7,79077.0,33.44
2020-09-10,917.95,924.75,910.0,913.25,39566.0,47.23
2020-09-11,917.6,918.6,905.1,907.9,38769.0,56.49
2020-09-14,914.0,962.0,910.2,940.2,209190.0,24.44
2020-09-15,945.0,954.5,931.05,943.9,42688.0,39.07
2020-09-16,943.5,958.0,916.0,940.9,43207.0,38.89
2020-09-17,931.65,952.0,925.0,946.6,39453.0,48.26
2020-09-18,950.05,954.7,940.25,948.9,56717.0,52.74
2020-09-21,951.0,951.85,907.1,916.45,58856.0,46.34
2020-09-22,915.8,916.45,885.45,901.35,51353.0,49.98
2020-09-23,908.0,923.0,899.1,912.2,22599.0,37.61
2020-09-24,899.0,924.5,897.0,917.75,51302.0,55.89
2020-09-25,922.05,953.0,907.0,917.9,109586.0,24.28
2020-09-28,925.6,930.9,908.95,922.15,43311.0,23.78
2020-09-29,928.0,931.9,911.0,916.35,24890.0,44.21
2020-09-30,919.0,927.0,913.1,923.25,19110.0,35.76
2020-10-01,927.9,931.4,913.25,920.35,18496.0,32.99
2020-10-02,927.9,931.4,913.25,920.35,18496.0,32.99
2020-10-05,929.0,929.0,915.2,918.25,11505.0,34.21
2020-10-06,921.95,924.7,906.05,911.55,36340.0,42.04
2020-10-07,909.0,922.0,901.35,906.6,26155.0,38.37
2020-10-08,909.0,914.8,902.0,903.4,18617.0,51.43
2020-10-09,904.0,910.0,898.0,899.9,40021.0,77.88
2020-10-12,908.0,923.35,873.25,882.6,65280.0,26.93
2020-10-13,882.6,893.95,870.35,875.55,26266.0,41.98
2020-10-14,870.0,901.55,870.0,885.45,33117.0,43.51
2020-10-15,889.85,902.25,860.0,866.15,53913.0,43.19
2020-10-16,870.45,878.0,858.25,859.8,29390.0,36.85
2020-10-19,864.8,867.3,846.6,850.1,30813.0,53.37
2020-10-20,851.05,870.0,850.35,857.45,31064.0,28.15
2020-10-21,868.4,868.4,855.75,859.35,13051.0,44.29
2020-10-22,861.6,910.25,859.8,899.8,70628.0,50.19
2020-10-23,909.85,909.85,886.95,896.6,23056.0,38.08
2020-10-26,901.05,914.8,887.85,891.75,26028.0,44.52
2020-10-27,891.75,916.6,881.75,909.05,24127.0,44.26
2020-10-28,911.0,915.0,895.0,899.9,14419.0,42.84
2020-10-29,890.0,904.15,885.1,894.95,17968.0,53.46
2020-10-30,892.0,910.8,889.0,896.95,36013.0,32.45
2020-11-02,901.45,901.95,877.75,881.8,12408.0,40.23
2020-11-03,886.2,896.4,871.0,872.9,22558.0,53.77
2020-11-04,870.0,878.8,861.05,864.3,19914.0,42.51
2020-11-05,868.65,880.0,865.1,875.3,21017.0,43.15
2020-11-06,876.9,887.0,876.9,881.95,15339.0,42.86
2020-11-09,880.05,890.0,863.95,883.1,29162.0,35.43
2020-11-10,887.0,913.8,883.15,895.6,100416.0,25.42
2020-11-11,894.0,900.0,880.0,885.3,22457.0,41.17
2020-11-12,885.3,891.45,877.05,879.35,23356.0,53.9
2020-11-13,879.35,888.75,847.0,853.45,152770.0,83.4
2020-11-16,864.5,879.95,855.0,875.75,17043.0,64.61
2020-11-17,873.15,878.0,861.75,875.25,43460.0,46.38
2020-11-18,879.95,887.7,874.0,883.8,45498.0,44.44
2020-11-19,883.8,926.55,880.05,909.8,124119.0,38.49
2020-11-20,918.4,947.0,910.35,927.65,217539.0,27.27
2020-11-23,935.0,937.5,920.05,925.45,38818.0,51.22
2020-11-24,925.7,965.4,921.7,936.4,160761.0,23.02
2020-11-25,949.05,949.05,903.15,906.9,65585.0,47.32
2020-11-26,919.9,919.9,904.75,913.6,29067.0,40.01
2020-11-27,915.0,919.6,901.05,907.25,52918.0,57.28
2020-11-30,915.0,919.6,901.05,907.25,52918.0,57.28
2020-12-01,917.0,917.0,897.55,900.25,104463.0,82.71
2020-12-02,907.0,922.3,899.0,902.0,76889.0,51.23
2020-12-03,906.55,915.3,904.75,907.25,80853.0,53.45
2020-12-04,911.0,912.6,900.0,904.35,63055.0,53.58
2020-12-07,914.7,944.4,909.1,930.0,166383.0,34.22
2020-12-08,934.65,957.55,926.8,943.8,131148.0,34.48
2020-12-09,947.0,1040.9,943.8,1017.2,1056867.0,19.76
2020-12-10,1022.0,1035.0,992.15,1019.2,239532.0,26.52
2020-12-11,1027.9,1056.7,1002.65,1016.35,198066.0,28.45
2020-12-14,1019.0,1034.0,1005.0,1008.4,85694.0,41.52
2020-12-15,1010.0,1019.95,993.0,996.75,76512.0,43.92
2020-12-16,1005.1,1018.0,996.0,998.9,65302.0,35.5
2020-12-17,997.4,1019.8,996.2,999.6,51917.0,34.5
2020-12-18,1000.0,1006.9,985.1,990.3,49143.0,49.1
2020-12-21,988.3,1001.0,920.0,930.95,87058.0,53.5
2020-12-22,935.0,959.0,905.0,921.85,89273.0,43.37
2020-12-23,929.9,959.0,925.05,949.85,67356.0,49.71
2020-12-24,965.0,1025.0,960.65,984.1,279760.0,22.29
2020-12-25,965.0,1025.0,960.65,984.1,279760.0,22.29
2020-12-28,995.95,999.05,974.15,979.95,55113.0,40.34
2020-12-29,986.0,992.55,971.0,976.85,46257.0,40.59
2020-12-30,976.0,991.15,965.55,974.85,48452.0,23.91
2020-12-31,980.95,981.3,968.0,972.15,34086.0,29.37
2021-01-01,978.8,1009.0,974.0,989.85,54987.0,32.0
2021-01-04,990.0,995.0,977.0,986.2,58449.0,36.61
2021-01-05,981.0,997.0,978.5,980.6,55676.0,31.85
2021-01-06,978.0,992.5,957.0,965.9,105200.0,33.39
2021-01-07,970.0,976.0,955.0,958.3,63433.0,37.82
2021-01-08,963.0,974.7,958.95,970.9,70463.0,44.55
2021-01-11,971.0,979.6,961.0,964.1,51749.0,37.03
2021-01-12,967.0,978.0,964.0,966.7,46903.0,42.11
2021-01-13,971.55,1018.0,970.05,980.5,240677.0,27.62
2021-01-14,988.35,1010.0,974.55,989.5,187779.0,21.54
2021-01-15,998.0,998.0,970.0,974.7,63773.0,35.97
2021-01-18,977.15,977.2,955.55,962.95,29719.0,36.57
2021-01-19,965.05,973.5,958.5,965.7,58812.0,37.65
2021-01-20,969.9,975.0,952.0,953.6,70719.0,47.15
2021-01-21,962.0,962.0,930.0,935.5,72688.0,61.56
2021-01-22,940.2,946.15,918.0,921.8,50810.0,48.2
2021-01-25,931.8,954.85,919.0,922.8,58883.0,25.35
2021-01-26,931.8,954.85,919.0,922.8,58883.0,25.35
2021-01-27,928.7,929.05,915.0,917.7,27793.0,50.68
2021-01-28,918.0,927.0,911.5,919.8,17496.0,38.14
2021-01-29,923.0,931.75,914.55,917.8,25292.0,46.8
2021-02-01,930.0,952.15,905.0,928.05,133629.0,23.36
2021-02-02,947.4,952.5,931.85,937.6,62195.0,38.96
2021-02-03,942.2,944.95,934.0,939.95,47041.0,49.04
2021-02-04,943.55,972.8,935.0,960.2,119130.0,34.47
2021-02-05,978.2,978.2,925.25,935.55,85739.0,43.18
2021-02-08,940.0,957.0,932.15,936.8,81017.0,57.71
2021-02-09,938.0,938.4,912.0,916.4,111036.0,51.08
2021-02-10,923.0,924.0,913.0,917.3,40575.0,45.19
2021-02-11,919.95,935.5,913.0,926.65,48067.0,35.68
2021-02-12,933.0,938.9,920.1,923.75,41514.0,36.34
2021-02-15,940.0,940.05,920.05,923.55,76184.0,39.43
2021-02-16,928.4,929.9,921.2,922.95,26988.0,41.3
2021-02-17,922.0,937.05,921.0,923.8,38401.0,24.78
2021-02-18,925.0,928.0,921.0,922.6,28219.0,48.88
2021-02-19,925.0,927.0,910.0,913.8,32703.0,52.69
2021-02-22,918.0,921.85,900.1,905.75,38558.0,43.39
2021-02-23,920.0,924.4,908.8,911.4,28526.0,25.8
2021-02-24,916.0,919.65,880.05,906.5,35234.0,53.62
2021-02-25,914.0,914.95,903.3,908.3,44348.0,50.17
2021-02-26,912.8,916.0,895.0,898.85,47227.0,56.07
2021-03-01,902.0,910.0,896.0,902.3,43325.0,47.37
2021-03-02,905.0,909.2,903.0,905.2,26387.0,62.75
2021-03-03,912.35,914.0,901.1,906.05,60785.0,52.39
2021-03-04,906.0,909.8,904.5,906.05,43265.0,54.47
2021-03-05,906.0,907.05,899.0,903.7,27960.0,57.63
2021-03-08,905.0,911.95,901.3,902.5,30003.0,39.44
2021-03-09,903.9,909.1,895.0,901.25,37418.0,39.54
2021-03-10,905.8,906.25,898.0,903.4,30748.0,61.41
2021-03-11,905.8,906.25,898.0,903.4,30748.0,61.41
2021-03-12,907.95,912.35,895.0,897.3,46794.0,53.47
2021-03-15,904.9,905.0,890.0,893.9,47004.0,51.15
2021-03-16,903.85,903.85,893.8,895.65,32477.0,63.66
2021-03-17,896.0,898.65,876.0,879.55,52927.0,48.75
2021-03-18,883.9,891.7,874.0,882.85,53909.0,54.1
2021-03-19,871.2,890.95,864.75,888.05,29237.0,45.26
2021-03-22,875.0,894.0,875.0,886.65,26985.0,56.38
2021-03-23,891.3,931.0,882.35,895.95,183264.0,20.22
2021-03-24,895.95,909.0,895.0,897.6,31748.0,48.66
2021-03-25,894.0,894.05,873.0,877.9,46836.0,41.63
2021-03-26,882.5,891.7,845.0,887.35,269666.0,15.53
2021-03-29,882.5,891.7,845.0,887.35,269666.0,15.53
2021-03-30,896.0,899.9,881.45,895.75,72874.0,55.61
2021-03-31,895.75,927.1,888.15,915.75,118135.0,33.45
2021-04-01,920.35,935.0,916.0,928.0,72171.0,45.03
2021-04-02,920.35,935.0,916.0,928.0,72171.0,45.03
2021-04-05,927.9,927.9,891.5,915.0,33347.0,44.88
2021-04-06,910.0,920.0,900.0,903.3,21448.0,47.55
2021-04-07,903.0,915.0,901.0,905.75,21699.0,43.07
2021-04-08,910.0,914.35,905.1,910.9,16233.0,55.62
2021-04-09,910.0,922.0,904.6,906.15,29208.0,48.76
2021-04-12,900.0,902.0,880.1,883.15,26878.0,50.77
2021-04-13,887.8,894.55,879.6,883.35,17105.0,54.5
2021-04-14,887.8,894.55,879.6,883.35,17105.0,54.5
2021-04-15,872.0,886.9,870.4,874.5,17557.0,57.47
2021-04-16,874.8,882.0,869.0,870.8,18463.0,71.67
2021-04-19,867.0,867.0,841.5,843.6,41852.0,65.56
2021-04-20,858.9,864.0,850.65,860.8,24448.0,51.14
2021-04-21,858.9,864.0,850.65,860.8,24448.0,51.14
2021-04-22,860.8,865.0,855.85,859.1,11764.0,57.06
2021-04-23,863.4,882.0,860.3,864.75,36712.0,19.86
2021-04-26,869.3,870.0,861.7,864.4,13720.0,53.59
2021-04-27,868.75,872.35,862.05,864.7,15541.0,65.55
2021-04-28,865.0,876.25,862.2,864.05,20953.0,64.09
2021-04-29,868.6,875.85,862.05,864.6,20927.0,67.57
2021-04-30,864.8,869.7,859.55,861.9,18279.0,59.17
2021-05-03,861.0,868.65,856.2,861.5,16517.0,65.61
2021-05-04,863.0,867.1,861.95,863.05,14009.0,69.27
2021-05-05,866.0,875.65,857.05,864.4,23102.0,46.43
2021-05-06,870.0,870.0,860.1,863.95,11438.0,64.86
2021-05-07,868.25,872.25,860.0,861.6,14224.0,62.11
2021-05-10,869.0,869.0,860.0,861.3,43071.0,61.13
2021-05-11,860.4,869.85,860.0,864.35,29318.0,64.49
2021-05-12,867.95,867.95,855.1,857.25,31486.0,65.34
2021-05-13,867.95,867.95,855.1,857.25,31486.0,65.34
2021-05-14,859.6,888.4,859.6,869.95,113587.0,39.29
2021-05-17,875.0,886.0,871.05,882.0,62164.0,42.92
2021-05-18,885.0,919.0,883.35,908.55,132288.0,35.59
2021-05-19,910.0,928.0,909.0,913.7,69116.0,36.82
2021-05-20,922.95,922.95,892.0,893.45,46020.0,42.85
2021-05-21,906.9,925.55,885.0,901.05,112320.0,13.08
2021-05-24,904.9,916.35,897.2,906.55,46497.0,33.02
2021-05-25,914.5,917.9,900.0,902.0,63208.0,32.04
2021-05-26,909.95,910.0,902.05,905.25,25982.0,44.55
2021-05-27,905.25,908.8,896.25,897.95,32478.0,39.77
2021-05-28,891.1,904.9,891.1,897.65,25044.0,40.3
2021-05-31,902.15,908.0,896.0,897.45,42826.0,42.4
2021-06-01,900.0,921.3,897.85,907.9,67136.0,36.32
2021-06-02,913.0,917.15,905.0,907.85,31960.0,47.42
2021-06-03,908.0,918.6,902.05,913.3,155102.0,76.6
2021-06-04,916.9,953.1,914.85,936.05,279243.0,35.48
2021-06-07,950.0,952.0,930.0,934.0,83092.0,40.27
2021-06-08,937.0,941.0,920.5,931.25,47693.0,46.99
2021-06-09,931.25,979.0,931.25,944.5,355391.0,32.05
2021-06-10,947.0,967.75,942.0,950.0,87849.0,35.97
2021-06-11,959.0,959.9,920.0,933.7,70883.0,48.67
2021-06-14,929.6,937.7,915.05,927.35,47682.0,46.14
2021-06-15,958.0,958.0,939.0,942.2,69980.0,46.7
2021-06-16,948.85,948.85,933.0,936.4,46534.0,53.19
2021-06-17,936.0,936.0,921.1,923.35,32478.0,54.99
2021-06-18,923.65,929.35,904.0,911.75,61461.0,56.8
2021-06-21,909.7,927.45,905.0,923.9,35347.0,52.82
2021-06-22,930.0,951.1,928.0,931.2,67266.0,41.18
2021-06-23,938.9,957.4,931.1,950.95,113951.0,46.77
2021-06-24,957.8,1017.5,955.65,971.55,1293861.0,16.46
2021-06-25,976.9,1110.0,976.9,1025.65,2825495.0,11.29
2021-06-28,1025.65,1034.85,995.0,1008.0,427466.0,26.44
2021-06-29,1008.0,1026.75,1003.0,1006.85,157358.0,29.57
2021-06-30,1013.7,1013.7,975.0,981.5,111075.0,37.14
2021-07-01,990.0,1004.65,984.0,989.65,87079.0,34.4
2021-07-02,997.7,997.7,972.0,976.2,90671.0,41.03
2021-07-05,983.1,991.1,979.1,982.65,55974.0,41.85
2021-07-06,982.65,1012.0,982.05,993.3,107599.0,38.43
2021-07-07,999.55,1019.0,994.4,1004.75,138911.0,26.2
2021-07-08,1009.0,1022.0,998.35,1006.8,73183.0,46.16
2021-07-09,1009.8,1015.85,1000.0,1012.65,36525.0,45.56
2021-07-12,1012.65,1050.0,1012.65,1031.15,195580.0,43.65
2021-07-13,1040.0,1062.5,1038.2,1048.05,167744.0,46.4
2021-07-14,1050.0,1085.0,1049.95,1055.9,222466.0,33.8
2021-07-15,1064.0,1077.0,1055.0,1059.35,82035.0,45.88
2021-07-16,1062.9,1069.0,1040.0,1042.9,62277.0,47.78
2021-07-19,1030.0,1065.5,1026.0,1044.8,71985.0,41.61
2021-07-20,1045.0,1053.6,1013.8,1027.05,56341.0,49.77
2021-07-21,1045.0,1053.6,1013.8,1027.05,56341.0,49.77
2021-07-22,1035.0,1049.0,1026.4,1039.3,43577.0,46.35
2021-07-23,1048.0,1049.95,1031.65,1044.0,45727.0,52.71
2021-07-26,1055.0,1074.0,1051.1,1062.9,104453.0,37.25
2021-07-27,1062.1,1084.6,1061.95,1070.9,95977.0,55.97
2021-07-28,1055.0,1059.95,1035.75,1052.55,48467.0,43.72
2021-07-29,1053.75,1053.75,1036.05,1043.0,26042.0,44.61
2021-07-30,1040.0,1045.1,1016.0,1022.75,31158.0,54.39
2021-08-02,1023.0,1052.5,1023.0,1042.4,40525.0,46.73
2021-08-03,1046.4,1046.4,1031.0,1034.2,21614.0,51.15
2021-08-04,1040.0,1071.35,1036.25,1050.8,135728.0,33.16
2021-08-05,1059.9,1064.7,1040.95,1053.8,56360.0,40.61
2021-08-06,1058.0,1058.0,1035.0,1036.95,16676.0,53.92
2021-08-09,1037.0,1052.05,1032.05,1039.35,35975.0,43.02
2021-08-10,1032.0,1049.7,993.15,1000.85,48401.0,46.39
2021-08-11,1000.15,1006.0,968.6,985.15,46033.0,41.07
2021-08-12,988.1,1020.0,980.0,1014.65,47176.0,25.28
2021-08-13,1014.0,1075.0,1014.0,1047.55,412456.0,16.02
2021-08-16,1050.0,1065.55,1035.3,1046.95,107673.0,24.85
2021-08-17,1045.05,1050.05,1030.9,1041.6,31900.0,36.86
2021-08-18,1050.0,1054.0,1020.0,1023.4,24273.0,41.73
2021-08-19,1050.0,1054.0,1020.0,1023.4,24273.0,41.73
2021-08-20,1016.0,1020.0,994.05,1000.35,27413.0,45.15
2021-08-23,1000.35,1004.7,973.85,977.2,20428.0,48.14
2021-08-24,985.0,987.7,970.6,973.85,22817.0,44.23
2021-08-25,973.9,997.9,973.9,990.5,26102.0,25.04
2021-08-26,986.0,997.45,977.0,984.45,16203.0,38.47
2021-08-27,985.0,993.0,977.35,986.75,13859.0,44.17
2021-08-30,989.5,999.0,988.75,991.05,18250.0,51.85
2021-08-31,995.0,996.9,982.95,984.6,16335.0,45.61
2021-09-01,985.65,994.65,980.0,984.7,15045.0,47.93
2021-09-02,996.9,996.9,980.0,981.7,18417.0,63.54
2021-09-03,989.0,989.0,972.8,978.95,20686.0,52.39
2021-09-06,988.8,988.8,978.05,983.05,12613.0,55.39
2021-09-07,988.0,988.0,978.0,982.25,20336.0,44.47
2021-09-08,983.0,984.95,973.0,977.25,12173.0,54.84
2021-09-09,970.15,979.0,970.15,972.85,13814.0,58.54
2021-09-10,970.15,979.0,970.15,972.85,13814.0,58.54
2021-09-13,972.85,981.0,972.1,977.65,40289.0,65.93
2021-09-14,975.2,1014.4,975.2,997.25,72788.0,39.76
2021-09-15,991.1,1020.0,991.1,1004.45,62849.0,38.51
2021-09-16,1005.0,1098.0,1004.0,1050.7,671294.0,20.43
2021-09-17,1051.0,1069.8,1023.25,1049.25,105547.0,35.67
2021-09-20,1039.7,1078.95,1023.3,1039.9,115767.0,44.93
2021-09-21,1040.0,1060.6,1032.6,1044.65,51169.0,30.42
2021-09-22,1046.35,1084.0,1041.7,1063.1,133622.0,31.88
2021-09-23,1064.1,1074.55,1046.1,1051.35,40531.0,44.25
2021-09-24,1062.0,1062.0,1041.85,1043.85,24724.0,52.24
2021-09-27,1041.35,1075.0,1041.35,1052.2,77762.0,29.19
2021-09-28,1059.0,1089.0,1053.0,1058.85,130445.0,31.56
2021-09-29,1062.0,1185.0,1050.1,1167.3,1061414.0,20.23
2021-09-30,1166.0,1224.9,1150.3,1195.7,762080.0,17.8
2021-10-01,1180.0,1290.0,1166.35,1260.9,617313.0,20.4
2021-10-04,1265.0,1368.0,1265.0,1354.2,899294.0,18.85
2021-10-05,1348.7,1350.0,1319.8,1324.85,170052.0,31.45
2021-10-06,1328.55,1328.55,1244.6,1249.75,101120.0,63.87
2021-10-07,1260.0,1294.95,1250.3,1278.8,51393.0,50.29
2021-10-08,1279.25,1308.5,1250.0,1260.65,50283.0,43.15
2021-10-11,1264.8,1286.05,1231.9,1268.75,44152.0,49.96
2021-10-12,1268.75,1279.0,1235.1,1247.45,32647.0,49.92
2021-10-13,1251.35,1350.0,1251.0,1339.7,164807.0,38.94
2021-10-14,1367.0,1377.0,1325.15,1329.95,135585.0,55.85
2021-10-15,1367.0,1377.0,1325.15,1329.95,135585.0,55.85
2021-10-18,1341.0,1352.0,1310.2,1314.75,115636.0,41.5
2021-10-19,1330.05,1335.4,1271.0,1302.55,64449.0,43.34
2021-10-20,1293.0,1315.0,1260.0,1285.1,60618.0,51.92
2021-10-21,1287.0,1301.25,1171.2,1205.75,106357.0,43.59
2021-10-22,1216.7,1299.4,1182.25,1285.75,150930.0,30.01
2021-10-25,1305.0,1335.0,1258.85,1319.45,114850.0,29.93
2021-10-26,1336.0,1350.3,1301.7,1311.2,75222.0,42.48
2021-10-27,1325.7,1375.0,1308.85,1365.0,234221.0,25.21
2021-10-28,1365.0,1408.75,1339.95,1369.85,130903.0,25.25
2021-10-29,1356.0,1370.0,1287.05,1294.75,63719.0,39.2
2021-11-01,1290.05,1318.55,1249.05,1269.3,85244.0,41.44
2021-11-02,1280.0,1295.0,1258.65,1272.15,40124.0,32.59
2021-11-03,1272.1,1274.9,1238.4,1250.9,27504.0,40.77
2021-11-04,1272.1,1274.9,1238.4,1250.9,27504.0,40.77
2021-11-05,1243.5,1272.3,1243.5,1259.2,4651.0,51.75
2021-11-08,1260.0,1275.6,1250.8,1272.3,17043.0,48.95
2021-11-09,1272.5,1339.0,1272.5,1297.6,66050.0,23.15
2021-11-10,1300.0,1304.4,1258.1,1262.25,24426.0,44.74
2021-11-11,1248.3,1267.95,1235.7,1259.35,24279.0,36.47
2021-11-12,1251.6,1290.0,1251.6,1282.4,18371.0,43.26
2021-11-15,1282.4,1282.4,1252.3,1259.35,16749.0,37.64
2021-11-16,1259.35,1288.15,1243.1,1254.25,17108.0,39.93
2021-11-17,1245.6,1256.8,1235.0,1237.95,14879.0,43.69
2021-11-18,1235.0,1254.55,1178.0,1187.55,42498.0,50.23
2021-11-19,1235.0,1254.55,1178.0,1187.55,42498.0,50.23
2021-11-22,1193.8,1193.8,1125.0,1135.95,29452.0,38.44
2021-11-23,1133.8,1165.0,1119.45,1156.05,18088.0,37.18
2021-11-24,1166.0,1188.0,1131.1,1139.15,27510.0,27.58
2021-11-25,1154.2,1176.4,1132.05,1151.15,16985.0,39.93
2021-11-26,1150.0,1194.15,1142.0,1181.35,52469.0,41.29
2021-11-29,1181.0,1190.0,1134.95,1181.35,26901.0,44.05
2021-11-30,1180.1,1230.85,1180.1,1213.4,66537.0,38.27
2021-12-01,1219.8,1254.0,1200.75,1226.15,43925.0,30.84
2021-12-02,1222.8,1289.7,1209.25,1279.3,71107.0,32.98
2021-12-03,1300.0,1365.0,1295.0,1315.55,122186.0,24.65
2021-12-06,1315.05,1337.0,1215.0,1229.35,59593.0,32.83
2021-12-07,1235.0,1272.6,1229.1,1238.15,32392.0,30.69
2021-12-08,1244.0,1269.75,1244.0,1251.95,12669.0,42.09
2021-12-09,1258.5,1260.05,1225.5,1236.35,16216.0,30.94
2021-12-10,1255.0,1255.0,1224.9,1229.15,11686.0,32.52
2021-12-13,1242.95,1287.95,1215.0,1224.1,52043.0,36.69
2021-12-14,1218.05,1237.05,1215.15,1221.95,11563.0,43.96
2021-12-15,1229.0,1229.0,1201.0,1207.0,10015.0,45.2
2021-12-16,1209.0,1235.75,1205.0,1210.45,10088.0,42.3
2021-12-17,1214.0,1214.0,1188.0,1198.55,11948.0,50.09
2021-12-20,1187.7,1187.7,1156.75,1166.35,19339.0,43.9
2021-12-21,1172.0,1187.2,1130.0,1138.85,12850.0,41.3
2021-12-22,1123.0,1163.75,1123.0,1143.45,17071.0,45.53
2021-12-23,1149.5,1171.45,1136.1,1149.8,19395.0,32.78
2021-12-24,1155.9,1166.85,1125.0,1132.65,8909.0,52.6
2021-12-27,1125.0,1134.95,1108.85,1124.4,8712.0,42.64
2021-12-28,1130.3,1145.0,1124.0,1128.05,10678.0,37.58
2021-12-29,1125.1,1142.05,1120.2,1123.15,8172.0,44.93
2021-12-30,1114.5,1147.75,1112.0,1135.6,14776.0,28.06
2021-12-31,1168.0,1168.0,1120.2,1126.1,15446.0,29.43
2022-01-03,1131.55,1138.9,1121.0,1131.7,19523.0,56.53
2022-01-04,1145.0,1157.95,1130.3,1141.0,19843.0,34.01
2022-01-05,1146.75,1150.0,1125.45,1142.45,16490.0,55.25
2022-01-06,1121.1,1135.9,1121.1,1127.0,8045.0,51.22
2022-01-07,1122.0,1134.0,1120.1,1121.4,21098.0,49.71
2022-01-10,1121.4,1131.5,1117.65,1122.05,8057.0,53.44
2022-01-11,1126.9,1158.3,1124.0,1145.65,25169.0,37.62
2022-01-12,1159.95,1188.0,1147.1,1168.2,18479.0,65.79
2022-01-13,1185.7,1188.0,1156.15,1164.35,22359.0,50.55
2022-01-14,1170.0,1170.0,1146.15,1150.45,8007.0,49.47
2022-01-17,1135.55,1154.0,1126.05,1141.85,20325.0,45.71
2022-01-18,1147.55,1153.7,1135.0,1139.7,10355.0,55.46
2022-01-19,1140.0,1158.0,1122.5,1146.15,11518.0,50.12
2022-01-20,1146.15,1146.15,1121.1,1129.45,11072.0,51.28
2022-01-21,1129.45,1149.2,1111.0,1122.25,10750.0,42.41
2022-01-24,1112.0,1120.0,1080.0,1094.1,16673.0,57.28
2022-01-25,1075.05,1094.8,1051.65,1084.4,13632.0,47.38
2022-01-26,1075.05,1094.8,1051.65,1084.4,13632.0,47.38
2022-01-27,1090.0,1143.4,1075.0,1094.1,31761.0,26.25
2022-01-28,1088.0,1193.6,1088.0,1135.55,91903.0,25.2
2022-01-31,1136.0,1147.55,1108.05,1115.25,19806.0,49.5
2022-02-01,1116.0,1164.3,1092.2,1139.5,58758.0,23.78
2022-02-02,1168.8,1180.0,1130.35,1145.1,18742.0,36.13
2022-02-03,1155.0,1195.0,1135.0,1142.3,48080.0,30.88
2022-02-04,1160.0,1171.05,1108.5,1114.4,48966.0,37.12
2022-02-07,1113.0,1124.9,1100.0,1110.8,15739.0,42.09
2022-02-08,1115.0,1120.0,1084.5,1096.7,12602.0,40.53
2022-02-09,1101.35,1113.0,1076.2,1081.75,12631.0,48.59
2022-02-10,1085.0,1093.85,1072.2,1077.25,11246.0,31.16
2022-02-11,1077.0,1102.2,1067.5,1079.4,22643.0,31.13
2022-02-14,1084.8,1084.95,1051.0,1055.65,19494.0,29.67
2022-02-15,1047.0,1080.5,1047.0,1070.65,16004.0,27.99
2022-02-16,1068.0,1087.9,1065.4,1073.65,7890.0,26.95
2022-02-17,1075.0,1084.75,1062.0,1067.2,14058.0,13.61
2022-02-18,1060.0,1075.75,1060.0,1062.6,10500.0,17.19
2022-02-21,1065.0,1065.0,1005.25,1011.1,16517.0,40.99
2022-02-22,1004.9,1017.0,980.0,1004.25,17984.0,31.5
2022-02-23,1013.35,1029.0,1011.0,1017.0,10962.0,32.9
2022-02-24,999.9,1008.05,933.0,951.35,42562.0,48.61
2022-02-25,962.35,1020.85,962.35,1008.6,20882.0,45.11
2022-02-28,1005.0,1038.4,984.0,1023.4,10839.0,35.82
2022-03-01,1005.0,1038.4,984.0,1023.4,10839.0,35.82
2022-03-02,1017.0,1038.0,1007.0,1012.65,9098.0,44.09
2022-03-03,1014.0,1045.0,1005.1,1016.65,25556.0,17.46
2022-03-04,1006.0,1033.6,993.0,1012.25,21200.0,30.42
2022-03-07,1000.0,1004.8,977.0,983.8,19378.0,32.21
2022-03-08,988.75,999.9,978.0,992.55,16917.0,27.87
2022-03-09,993.3,1011.0,991.6,1006.05,9119.0,34.37
2022-03-10,1018.9,1030.0,1008.65,1011.95,11497.0,37.28
2022-03-11,1010.0,1031.05,1003.85,1025.0,13771.0,40.19
2022-03-14,1040.0,1064.5,1025.0,1040.35,80336.0,78.89
2022-03-15,1031.3,1064.0,1005.0,1016.65,65765.0,77.21
2022-03-16,1021.75,1038.35,1013.0,1020.9,9274.0,41.55
2022-03-17,1024.25,1040.0,1022.5,1038.4,38992.0,85.79
2022-03-18,1024.25,1040.0,1022.5,1038.4,38992.0,85.79
2022-03-21,1035.0,1068.7,1034.5,1064.75,27932.0,44.11
2022-03-22,1065.0,1100.0,1048.15,1085.45,52312.0,36.83
2022-03-23,1100.0,1105.1,1065.0,1075.55,20382.0,52.0
2022-03-24,1070.0,1116.7,1069.25,1096.3,46441.0,38.12
2022-03-25,1101.8,1106.7,1048.55,1064.05,56735.0,43.77
2022-03-28,1069.4,1072.3,1025.0,1031.9,24531.0,44.38
2022-03-29,1042.7,1042.7,1008.0,1012.15,16018.0,58.62
2022-03-30,1012.15,1035.0,1012.15,1023.2,13216.0,46.69
2022-03-31,1020.4,1034.95,1005.0,1009.6,14655.0,58.4
2022-04-01,1014.65,1049.0,1011.65,1041.9,15491.0,44.12
2022-04-04,1041.9,1093.5,1040.95,1085.55,36453.0,33.35
2022-04-05,1083.1,1094.75,1075.0,1080.25,12929.0,35.11
2022-04-06,1080.25,1104.75,1076.0,1084.1,20122.0,43.13
2022-04-07,1089.0,1098.75,1051.0,1061.95,19693.0,32.64
2022-04-08,1061.95,1105.0,1061.95,1087.75,24265.0,38.06
2022-04-11,1088.0,1250.1,1088.0,1234.7,1301552.0,6.79
2022-04-12,1229.7,1241.0,1185.8,1222.85,297273.0,12.39
2022-04-13,1229.0,1325.0,1212.9,1292.25,915396.0,9.81
2022-04-14,1229.0,1325.0,1212.9,1292.25,915396.0,9.81
2022-04-15,1229.0,1325.0,1212.9,1292.25,915396.0,9.81
2022-04-18,1299.95,1359.8,1271.2,1286.5,483247.0,21.88
2022-04-19,1300.0,1345.0,1265.0,1290.65,297011.0,18.73
2022-04-20,1300.9,1374.8,1299.95,1320.65,487973.0,15.52
2022-04-21,1336.8,1350.0,1295.0,1306.35,98413.0,25.36
2022-04-22,1300.0,1317.45,1243.65,1257.3,109723.0,32.85
2022-04-25,1257.0,1257.0,1190.0,1199.45,116653.0,35.27
2022-04-26,1209.95,1257.7,1209.95,1237.8,133460.0,13.35
2022-04-27,1235.0,1239.65,1215.0,1225.45,30626.0,30.5
2022-04-28,1245.7,1247.35,1195.0,1200.65,32278.0,36.5
2022-04-29,1210.9,1245.0,1202.85,1215.1,49285.0,25.49
2022-05-02,1219.0,1249.0,1195.0,1213.35,96956.0,24.81
2022-05-03,1219.0,1249.0,1195.0,1213.35,96956.0,24.81
2022-05-04,1213.0,1226.3,1161.2,1175.75,39725.0,41.8
2022-05-05,1190.0,1196.7,1158.0,1173.9,39840.0,53.73
2022-05-06,1169.95,1173.8,1140.1,1157.2,36295.0,38.75
2022-05-09,1140.0,1202.2,1115.05,1174.85,65215.0,32.88
2022-05-10,1190.0,1246.0,1173.05,1194.45,208025.0,12.61
2022-05-11,1208.45,1220.45,1116.35,1128.3,47565.0,32.9
2022-05-12,1120.0,1165.45,1107.0,1134.0,61531.0,15.59
2022-05-13,1141.05,1173.35,1126.85,1139.25,19197.0,30.91
2022-05-16,1125.0,1163.5,1113.05,1130.6,32454.0,32.75
2022-05-17,1136.3,1181.0,1133.0,1167.05,39405.0,58.02
2022-05-18,1184.0,1198.65,1143.0,1160.9,42573.0,44.3
2022-05-19,1126.0,1184.0,1124.0,1177.85,72567.0,23.99
2022-05-20,1181.05,1232.0,1181.05,1213.8,52676.0,30.03
2022-05-23,1226.0,1259.6,1181.0,1196.55,127990.0,28.51
2022-05-24,1208.0,1218.1,1175.5,1193.05,32377.0,40.45
2022-05-25,1181.05,1198.5,1160.0,1171.2,12581.0,39.68
2022-05-26,1166.35,1227.95,1151.1,1215.8,50305.0,29.85
2022-05-27,1256.0,1275.0,1217.0,1225.2,88504.0,21.67
2022-05-30,1246.6,1246.6,1175.1,1189.55,41777.0,33.61
2022-05-31,1205.0,1205.0,1145.05,1153.25,51423.0,50.58
2022-06-01,1164.0,1170.4,1134.25,1143.2,18451.0,39.57
2022-06-02,1149.0,1219.85,1135.0,1208.5,148993.0,15.73
2022-06-03,1220.0,1221.9,1195.0,1199.65,23268.0,36.4
2022-06-06,1204.95,1224.8,1189.4,1200.25,31792.0,24.2
2022-06-07,1194.0,1233.0,1185.0,1214.1,53878.0,42.59
2022-06-08,1228.0,1228.0,1195.9,1204.25,13392.0,47.83
2022-06-09,1210.3,1211.0,1193.15,1204.5,11257.0,45.96
2022-06-10,1193.45,1203.3,1170.0,1177.3,13093.0,55.72
2022-06-13,1170.1,1173.5,1151.7,1156.3,14124.0,52.31
2022-06-14,1132.25,1161.7,1132.25,1154.55,13964.0,61.43
2022-06-15,1141.1,1194.6,1141.1,1170.95,24509.0,29.86
2022-06-16,1180.95,1198.5,1116.05,1127.3,14652.0,47.43
2022-06-17,1129.8,1131.0,1100.0,1103.75,13246.0,45.31
2022-06-20,1100.0,1124.05,1022.8,1054.85,30315.0,43.0
2022-06-21,1054.85,1059.85,1021.05,1046.35,42487.0,42.52
2022-06-22,1040.3,1060.0,1016.0,1025.05,15202.0,41.53
2022-06-23,1030.2,1045.3,1018.0,1023.65,13649.0,43.91
2022-06-24,1030.0,1049.4,1025.05,1044.0,11193.0,43.29
2022-06-27,1052.0,1062.0,1046.6,1052.95,10260.0,45.72
2022-06-28,1053.0,1094.85,1040.95,1081.35,55206.0,30.84
2022-06-29,1081.35,1081.35,1064.5,1068.75,8485.0,50.98
2022-06-30,1074.1,1090.5,1051.0,1059.15,10264.0,48.29
2022-07-01,1089.0,1089.0,1042.65,1068.2,12787.0,27.82
2022-07-04,1073.55,1079.85,1055.15,1063.7,16323.0,73.42
2022-07-05,1069.05,1089.9,1065.65,1071.15,21538.0,46.4
2022-07-06,1069.55,1087.95,1056.0,1074.55,22894.0,54.76
2022-07-07,1074.55,1092.7,1067.0,1083.6,12950.0,47.49
2022-07-08,1089.05,1128.0,1066.95,1070.1,53533.0,36.24
2022-07-11,1070.0,1082.8,1067.0,1077.45,11404.0,52.81
2022-07-12,1078.85,1084.25,1065.0,1070.1,12396.0,43.7
2022-07-13,1075.5,1079.95,1060.0,1062.85,10563.0,39.34
2022-07-14,1068.0,1080.0,1055.4,1072.2,12624.0,55.32
2022-07-15,1075.0,1082.0,1065.95,1078.15,16594.0,39.67
2022-07-18,1079.95,1090.0,1060.95,1074.15,15297.0,53.08
2022-07-19,1070.0,1115.0,1067.05,1099.9,63895.0,38.88
2022-07-20,1111.75,1121.85,1097.0,1109.05,27370.0,46.53
2022-07-21,1114.6,1118.8,1091.05,1105.05,22211.0,42.1
2022-07-22,1110.6,1144.0,1105.25,1131.15,55803.0,40.88
2022-07-25,1136.85,1145.0,1104.8,1112.55,43546.0,46.62
2022-07-26,1103.65,1126.0,1103.65,1114.95,19173.0,46.18
2022-07-27,1103.0,1122.2,1102.2,1113.15,24318.0,36.29
2022-07-28,1120.0,1124.35,1090.1,1097.25,29891.0,48.34
2022-07-29,1105.0,1149.0,1101.0,1140.95,38750.0,48.44
2022-08-01,1204.9,1253.0,1172.0,1185.6,405052.0,14.27
2022-08-02,1185.0,1193.8,1156.55,1163.25,47806.0,47.76
2022-08-03,1163.8,1169.1,1145.0,1162.1,22682.0,49.69
2022-08-04,1167.95,1199.0,1151.25,1187.45,42007.0,40.08
2022-08-05,1199.0,1199.0,1173.8,1184.45,32962.0,48.35
2022-08-10,1223.3,1229.0,1200.2,1212.7,36263.0,61.08
2022-08-11,1206.0,1207.0,1185.0,1198.65,22769.0,42.33
2022-08-12,1204.0,1204.0,1181.0,1185.25,15131.0,56.67
2022-08-15,1204.0,1204.0,1181.0,1185.25,15131.0,56.67
2022-08-16,1187.05,1191.2,1162.55,1176.3,39301.0,56.65
2022-08-17,1173.5,1214.3,1165.65,1173.45,49264.0,49.63
2022-08-18,1178.9,1189.4,1170.05,1182.15,25238.0,68.74
2022-08-19,1188.0,1194.7,1151.55,1160.25,64586.0,64.72
2022-08-22,1160.3,1160.35,1110.0,1118.65,44370.0,61.33
2022-08-23,1116.0,1139.0,1111.0,1127.3,17477.0,53.07
2022-08-24,1137.0,1154.0,1126.8,1148.3,25234.0,54.68
2022-08-25,1150.0,1167.3,1140.5,1144.55,24935.0,56.02
2022-08-26,1151.0,1155.0,1119.5,1123.75,47496.0,54.37
2022-08-29,1117.7,1117.7,1098.0,1106.35,35905.0,54.68
2022-08-30,1115.0,1120.85,1103.05,1110.35,49436.0,55.1
2022-08-31,1115.0,1120.85,1103.05,1110.35,49436.0,55.1
2022-09-01,1111.0,1118.15,1097.45,1104.45,49323.0,61.17
2022-09-02,1106.0,1113.0,1065.55,1072.8,126804.0,45.91
2022-09-05,1088.0,1088.0,1057.0,1059.95,54469.0,65.99
2022-09-06,1061.0,1078.9,1047.0,1054.85,43246.0,52.8
2022-09-07,1060.0,1119.0,1059.05,1106.9,121996.0,43.85
2022-09-08,1119.0,1145.0,1107.0,1133.55,70913.0,42.65
2022-09-09,1139.95,1141.0,1111.0,1114.0,28249.0,47.8
2022-09-12,1129.9,1146.8,1119.65,1134.55,40377.0,47.26
2022-09-13,1145.0,1177.9,1134.0,1172.9,95467.0,46.56
2022-09-14,1151.4,1197.7,1145.4,1169.9,59272.0,38.9
2022-09-15,1189.0,1189.0,1153.2,1160.0,33266.0,45.08
2022-09-16,1164.95,1176.8,1082.05,1099.7,67539.0,55.36
2022-09-19,1099.7,1151.35,1079.0,1122.95,74635.0,28.88
2022-09-20,1135.0,1140.15,1125.2,1129.15,14133.0,66.19
2022-09-21,1125.2,1139.85,1111.0,1119.65,22744.0,50.56
2022-09-22,1129.0,1150.0,1118.85,1139.75,37249.0,44.15
2022-09-23,1145.0,1189.0,1130.55,1179.75,158735.0,27.16
2022-09-26,1189.0,1210.0,1107.2,1118.1,204264.0,22.69
2022-09-27,1119.0,1160.0,1119.0,1146.85,68541.0,37.58
2022-09-28,1135.0,1144.25,1123.0,1133.2,21040.0,38.58
2022-09-29,1135.0,1142.95,1129.95,1133.5,12633.0,48.87
2022-09-30,1130.0,1158.0,1121.45,1147.9,30374.0,44.24
2022-10-03,1153.65,1175.0,1122.1,1135.3,69076.0,25.52
2022-10-04,1145.0,1214.4,1145.0,1197.35,235143.0,28.15
2022-10-05,1145.0,1214.4,1145.0,1197.35,235143.0,28.15
2022-10-06,1205.0,1265.0,1200.55,1246.25,259062.0,30.63
2022-10-07,1280.0,1326.0,1260.0,1310.35,246851.0,36.55
2022-10-10,1310.0,1345.0,1300.0,1332.5,233660.0,25.15
2022-10-11,1335.0,1348.0,1293.25,1310.65,98786.0,43.33
2022-10-12,1317.25,1324.7,1273.1,1293.45,90230.0,24.87
2022-10-13,1293.25,1324.5,1278.2,1304.05,151903.0,22.98
2022-10-14,1329.95,1334.8,1304.9,1311.95,50359.0,47.16
2022-10-17,1310.0,1427.0,1310.0,1410.5,652157.0,19.28
2022-10-18,1429.5,1434.85,1380.0,1399.2,386252.0,32.92
2022-10-19,1402.0,1419.6,1375.0,1380.95,162901.0,36.19
2022-10-20,1380.0,1409.0,1375.0,1403.15,100813.0,35.73
2022-10-21,1412.85,1457.75,1408.95,1423.45,235154.0,26.65
2022-10-24,1451.0,1460.0,1438.0,1450.9,49573.0,60.67
2022-10-25,1456.9,1500.0,1432.0,1490.3,159806.0,35.05
2022-10-26,1456.9,1500.0,1432.0,1490.3,159806.0,35.05
2022-10-27,1500.6,1505.0,1461.05,1475.25,82609.0,39.74
2022-10-28,1460.0,1505.0,1460.0,1470.6,65407.0,39.58
2022-10-31,1470.05,1495.0,1469.0,1484.5,76697.0,48.06
2022-11-01,1485.05,1600.0,1485.05,1590.55,666168.0,16.93
2022-11-02,1599.55,1630.05,1580.7,1601.35,201398.0,19.85
2022-11-03,1588.4,1619.0,1582.0,1597.35,79355.0,32.01
2022-11-04,1590.0,1680.0,1590.0,1619.3,371129.0,14.08
2022-11-07,1638.9,1666.0,1620.3,1656.55,88512.0,29.25
2022-11-08,1638.9,1666.0,1620.3,1656.55,88512.0,29.25
2022-11-09,1658.05,1670.5,1615.0,1622.45,59553.0,39.98
2022-11-10,1608.3,1617.0,1571.0,1600.4,65627.0,50.69
2022-11-11,1630.0,1717.0,1607.05,1681.75,249691.0,27.57
2022-11-14,1715.0,1837.7,1702.1,1782.6,777384.0,17.33
2022-11-15,1779.9,1779.9,1744.55,1760.9,104487.0,35.06
2022-11-16,1760.6,1830.0,1730.8,1751.25,236831.0,29.04
2022-11-17,1755.0,1885.0,1747.05,1860.05,514707.0,22.29
2022-11-18,1875.0,1915.0,1820.0,1842.6,391534.0,24.0
2022-11-21,1840.0,1840.0,1795.0,1803.95,106125.0,36.66
2022-11-22,1815.0,1885.75,1806.5,1831.8,298656.0,22.54
2022-11-23,1831.8,1853.45,1789.85,1798.65,148973.0,37.12
2022-11-24,1811.0,1814.0,1762.0,1771.95,89082.0,36.18
2022-11-25,1763.0,1771.45,1731.55,1741.05,68582.0,37.82
2022-11-28,1749.8,1794.75,1730.05,1742.05,85453.0,21.11
2022-11-29,1755.0,1819.0,1750.0,1814.95,147918.0,26.38
2022-11-30,1830.0,1849.95,1781.1,1804.95,156882.0,36.25
2022-12-01,1821.4,1832.0,1786.25,1817.65,102279.0,42.35
2022-12-02,1824.45,1833.1,1789.3,1819.75,82394.0,47.82
2022-12-05,1830.0,1835.15,1755.0,1772.6,60544.0,46.52
2022-12-06,1773.7,1785.0,1754.35,1771.95,50826.0,46.99
2022-12-07,1783.65,1795.0,1774.1,1789.65,42410.0,49.09
2022-12-08,1800.9,1949.95,1791.6,1912.2,1052040.0,11.94
2022-12-09,1921.0,1985.0,1921.0,1953.0,446113.0,18.94
2022-12-12,1955.0,2100.0,1942.6,2016.2,1171008.0,13.13
2022-12-13,2031.25,2033.95,1951.0,1963.75,202036.0,21.88
2022-12-14,1978.8,1978.8,1920.0,1925.1,94747.0,33.74
2022-12-15,1925.45,1994.0,1922.0,1974.95,138716.0,27.06
2022-12-16,1980.0,1990.0,1873.6,1893.4,147770.0,30.18
2022-12-19,1894.0,2024.0,1889.95,1998.25,517269.0,19.86
2022-12-20,1970.0,2054.55,1878.4,2031.5,298194.0,33.89
2022-12-21,2036.0,2063.5,1922.0,1943.8,145711.0,22.37
2022-12-22,1956.0,1961.9,1796.1,1818.4,227729.0,25.44
2022-12-23,1819.0,1819.0,1651.25,1667.1,287077.0,27.12
2022-12-26,1670.0,1828.0,1638.8,1805.85,258636.0,16.37
2022-12-27,1839.0,1861.85,1770.1,1833.45,208700.0,16.11
2022-12-28,1808.75,1891.95,1780.0,1873.2,162246.0,18.78
2022-12-29,1871.3,1920.0,1844.65,1907.65,168582.0,16.22
2022-12-30,1890.0,1999.9,1890.0,1978.7,219992.0,15.11
2023-01-02,1986.0,2020.0,1960.0,2006.8,165335.0,17.71
2023-01-03,1995.0,2029.4,1986.0,1998.85,93342.0,22.16
2023-01-04,1996.0,2005.4,1907.25,1923.65,109832.0,27.43
2023-01-05,1927.0,1988.95,1913.2,1955.25,133844.0,12.06
2023-01-06,1955.0,2035.8,1932.95,1997.4,268038.0,20.87
2023-01-09,2012.0,2149.0,2011.4,2127.65,1046922.0,13.42
2023-01-10,2112.35,2145.7,2072.2,2102.9,408895.0,22.31
2023-01-11,2101.0,2108.8,2026.15,2041.4,193407.0,27.86
2023-01-12,2044.0,2094.85,2023.45,2077.65,172574.0,23.23
2023-01-13,2084.0,2094.85,2016.05,2040.05,126724.0,33.71
2023-01-16,2042.0,2049.0,1927.45,1948.05,126387.0,30.35
2023-01-17,1949.0,1975.0,1876.0,1929.25,146340.0,19.61
2023-01-18,1930.0,1973.8,1922.0,1936.8,129613.0,20.43
2023-01-19,1923.05,1962.0,1914.3,1940.05,77575.0,21.57
2023-01-20,1935.0,1944.95,1901.9,1914.85,57726.0,27.37
2023-01-23,1930.0,1949.25,1905.35,1915.35,64194.0,30.52
2023-01-24,1924.8,1949.9,1916.7,1924.75,64085.0,37.2
2023-01-25,1931.95,1983.25,1906.1,1970.7,79413.0,35.17
2023-01-26,1931.95,1983.25,1906.1,1970.7,79413.0,35.17
2023-01-27,1982.95,1982.95,1870.5,1890.75,101778.0,39.91
2023-01-30,1908.0,1944.0,1820.0,1835.3,132737.0,25.72
2023-01-31,1843.9,1928.8,1835.0,1923.2,158686.0,33.15
2023-02-01,1926.05,1928.9,1779.0,1820.05,287013.0,15.37
2023-02-02,1799.35,1910.0,1795.05,1829.4,110642.0,19.42
2023-02-03,1829.95,1858.5,1803.55,1819.85,65324.0,25.52
2023-02-06,1827.0,1861.95,1784.0,1801.9,62633.0,28.59
2023-02-07,1809.0,1824.9,1765.9,1776.35,56086.0,30.36
2023-02-08,1780.0,1863.0,1777.3,1852.75,89086.0,29.9
2023-02-09,1863.35,1889.35,1800.1,1816.75,81578.0,25.82
2023-02-10,1821.95,1841.45,1780.0,1789.25,42205.0,34.79
2023-02-13,1771.0,1788.0,1667.7,1681.05,117500.0,46.16
2023-02-14,1688.95,1704.75,1637.1,1672.6,113228.0,35.18
2023-02-15,1679.9,1772.5,1675.0,1762.95,166334.0,22.0
2023-02-16,1781.85,1790.0,1740.0,1752.15,106656.0,20.23
2023-02-17,1745.0,1780.0,1735.0,1757.3,49864.0,30.97
2023-02-20,1766.05,1770.4,1703.1,1714.95,34857.0,40.79
2023-02-21,1723.0,1733.2,1694.05,1703.2,32938.0,22.28
2023-02-22,1699.0,1728.2,1670.15,1678.5,50336.0,24.47
2023-02-23,1686.9,1739.0,1654.85,1726.2,63769.0,24.6
2023-02-24,1734.85,1768.3,1715.9,1730.2,62301.0,24.68
2023-02-27,1715.0,1726.25,1685.0,1699.4,33971.0,36.99
2023-02-28,1703.0,1789.75,1703.0,1775.5,94980.0,29.58
2023-03-01,1775.5,1818.0,1752.0,1807.45,104467.0,19.36
2023-03-02,1816.5,1850.0,1800.0,1842.2,105181.0,23.58
2023-03-03,1848.0,1899.9,1838.2,1891.15,100108.0,40.55
2023-03-06,1892.0,2009.0,1892.0,1998.25,265498.0,25.19
2023-03-07,1892.0,2009.0,1892.0,1998.25,265498.0,25.19
2023-03-08,1975.6,2072.0,1929.1,2039.05,234834.0,18.12
2023-03-09,2041.0,2049.0,1970.0,1988.65,90627.0,27.32
2023-03-10,1977.75,1977.8,1900.0,1915.45,85664.0,22.69
2023-03-13,1897.1,1909.7,1832.0,1848.75,75846.0,28.88
2023-03-14,1830.05,1876.95,1797.05,1870.2,77924.0,17.89
2023-03-15,1879.6,1954.0,1871.65,1911.15,155959.0,18.18
2023-03-16,1911.15,1942.45,1866.0,1876.8,70528.0,18.62
2023-03-17,1892.05,1934.9,1892.0,1919.1,79615.0,18.48
2023-03-20,1985.0,1995.0,1863.25,1886.05,62806.0,21.21
2023-03-21,1890.0,1897.5,1851.05,1862.35,37710.0,24.69
2023-03-22,1873.0,1906.4,1867.05,1877.6,34243.0,23.97
2023-03-23,1878.9,1878.9,1836.0,1841.4,29807.0,26.57
2023-03-24,1845.9,1850.55,1808.35,1814.25,25058.0,34.76
2023-03-27,1806.55,1823.7,1768.0,1788.55,42212.0,39.17
2023-03-28,1790.0,1820.0,1750.0,1797.4,54180.0,38.91
2023-03-29,1806.0,1869.0,1791.0,1853.05,71059.0,34.93
2023-03-30,1806.0,1869.0,1791.0,1853.05,71059.0,34.93
2023-03-31,1855.2,1884.75,1811.0,1819.75,51049.0,44.15
2023-04-03,1823.0,1828.85,1760.0,1768.4,80490.0,52.24
2023-04-04,1823.0,1828.85,1760.0,1768.4,80490.0,52.24
2023-04-05,1768.4,1794.0,1755.0,1768.5,66822.0,37.77
2023-04-06,1775.0,1795.8,1750.05,1757.85,79607.0,42.16
2023-04-07,1775.0,1795.8,1750.05,1757.85,79607.0,42.16
2023-04-10,1769.0,1769.0,1713.25,1718.45,49785.0,45.55
2023-04-11,1727.55,1774.95,1722.6,1762.6,75224.0,39.28
2023-04-12,1775.0,1787.4,1755.0,1775.0,78913.0,37.87
2023-04-13,1777.6,1792.95,1762.05,1789.25,61603.0,40.56
2023-04-14,1777.6,1792.95,1762.05,1789.25,61603.0,40.56
2023-04-17,1789.25,1803.6,1740.0,1749.45,37599.0,41.54
2023-04-18,1763.35,1763.35,1679.7,1688.6,98840.0,50.29
2023-04-19,1699.9,1769.0,1695.3,1707.2,172184.0,33.17
2023-04-20,1718.65,1739.0,1711.0,1733.5,63051.0,38.7
2023-04-21,1744.95,1747.35,1686.15,1694.8,50804.0,52.02
2023-04-24,1700.2,1738.0,1673.65,1698.5,129914.0,36.67
2023-04-25,1701.95,1766.0,1697.0,1756.35,83788.0,47.19
2023-04-26,1757.15,1800.0,1733.0,1794.45,109998.0,40.25
2023-04-27,1798.0,1810.5,1750.05,1762.55,107235.0,26.56
2023-04-28,1770.0,1791.2,1760.0,1770.3,42065.0,34.03
2023-05-01,1770.0,1791.2,1760.0,1770.3,42065.0,34.03
2023-05-02,1777.5,1789.0,1694.0,1698.35,158754.0,53.23
2023-05-03,1716.95,1716.95,1669.35,1681.15,134878.0,39.93
2023-05-04,1688.2,1712.45,1688.15,1707.15,59978.0,42.15
2023-05-05,1712.9,1712.9,1675.5,1681.5,40832.0,50.04
2023-05-08,1683.3,1713.2,1683.3,1696.9,50492.0,39.14
2023-05-09,1697.8,1741.4,1686.5,1694.6,93151.0,39.93
2023-05-10,1705.0,1722.0,1689.0,1707.0,39413.0,41.24
2023-05-11,1716.9,1740.0,1710.0,1720.2,62087.0,46.22
2023-05-12,1720.5,1739.2,1705.0,1710.55,36997.0,37.01
2023-05-15,1712.0,1712.0,1693.0,1708.8,28252.0,45.48
2023-05-16,1715.0,1745.35,1702.4,1709.85,88500.0,29.45
2023-05-17,1712.0,1738.0,1706.0,1734.05,55715.0,59.79
2023-05-18,1748.2,1779.25,1729.95,1735.3,77496.0,35.47
2023-05-19,1740.0,1745.85,1724.5,1736.5,28001.0,46.4
2023-05-22,1736.5,1759.9,1730.1,1746.7,32015.0,54.62
2023-05-23,1758.0,1777.3,1741.7,1756.75,37134.0,44.05
2023-05-24,1756.75,1770.0,1725.1,1732.15,26409.0,54.69
2023-05-25,1732.15,1795.3,1732.15,1777.55,79359.0,48.84
2023-05-26,1792.1,1819.0,1765.0,1812.4,130431.0,31.2
2023-05-29,1790.0,1790.0,1750.35,1768.1,102756.0,43.03
2023-05-30,1768.0,1778.95,1741.0,1745.95,43967.0,47.27
2023-05-31,1749.0,1759.35,1722.1,1741.6,45526.0,48.72
2023-06-01,1741.6,1754.95,1711.1,1717.85,43209.0,56.36
2023-06-02,1731.8,1732.6,1700.05,1704.5,54641.0,62.55
2023-06-05,1718.1,1718.1,1682.0,1686.9,45433.0,74.9
2023-06-06,1699.95,1729.95,1688.05,1722.2,63988.0,43.31
2023-06-07,1730.0,1731.95,1697.0,1700.6,60343.0,63.35
2023-06-08,1714.45,1714.45,1688.6,1692.15,33249.0,51.48
2023-06-09,1692.35,1721.6,1692.0,1714.15,37358.0,52.95
2023-06-12,1722.0,1728.0,1695.25,1702.15,30408.0,48.51
2023-06-13,1702.15,1719.0,1698.0,1703.45,36335.0,45.23
2023-06-14,1710.0,1778.0,1701.0,1760.7,192180.0,40.11
2023-06-15,1764.8,1769.0,1736.9,1745.1,65249.0,42.17
2023-06-16,1753.85,1768.95,1739.0,1746.35,33692.0,48.38
2023-06-19,1746.35,1748.05,1710.15,1714.85,48942.0,46.3
2023-06-20,1719.65,1729.05,1705.0,1722.0,27389.0,37.75
2023-06-21,1722.0,1728.0,1704.1,1706.65,44095.0,56.49
2023-06-22,1709.95,1714.9,1690.05,1696.5,28451.0,59.64
2023-06-23,1691.0,1700.55,1674.5,1677.4,39242.0,50.41
2023-06-26,1673.85,1675.0,1620.0,1625.6,87916.0,54.89
2023-06-27,1660.0,1666.25,1632.4,1643.95,66556.0,51.18
2023-06-28,1652.2,1655.0,1632.55,1638.6,44887.0,62.44
2023-06-29,1652.2,1655.0,1632.55,1638.6,44887.0,62.44
2023-06-30,1649.85,1695.25,1647.05,1685.6,90162.0,49.03
2023-07-03,1699.15,1711.0,1690.0,1695.8,45648.0,45.57
2023-07-04,1719.0,1726.0,1700.0,1706.95,41188.0,50.34
2023-07-05,1706.95,1749.0,1699.1,1738.65,74870.0,48.87
2023-07-06,1738.8,1755.25,1716.15,1726.05,57144.0,54.43
2023-07-07,1726.05,1740.9,1707.1,1724.0,45049.0,50.99
2023-07-10,1713.1,1715.0,1676.35,1683.15,82680.0,54.26
2023-07-11,1675.0,1678.0,1623.0,1661.6,147920.0,53.52
2023-07-12,1673.95,1674.0,1635.0,1640.6,109454.0,68.27
2023-07-13,1649.25,1657.05,1620.0,1633.65,79455.0,57.23
2023-07-14,1633.65,1659.0,1623.0,1649.75,92902.0,59.14
2023-07-17,1653.1,1658.25,1633.0,1635.95,55763.0,48.63
2023-07-18,1639.0,1647.95,1625.0,1641.95,48862.0,53.22
2023-07-19,1641.95,1648.45,1628.0,1633.9,44451.0,54.48
2023-07-20,1644.0,1654.0,1631.85,1643.45,52453.0,50.81
2023-07-21,1654.0,1654.0,1620.0,1632.7,46847.0,55.09
2023-07-24,1635.0,1654.0,1635.0,1647.85,46649.0,61.6
2023-07-25,1650.0,1694.45,1637.0,1687.2,108018.0,59.77
2023-07-26,1699.35,1740.0,1696.0,1723.55,153065.0,54.88
2023-07-27,1975.0,1975.0,1880.8,1908.15,1678397.0,19.65
2023-07-28,1915.0,2101.6,1910.1,2073.0,1398667.0,15.94
2023-07-31,2120.0,2197.0,2082.7,2155.45,854852.0,18.78
2023-08-01,2155.6,2155.6,2046.05,2084.5,154417.0,46.24
2023-08-02,2088.2,2136.6,2002.25,2032.5,134707.0,48.27
2023-08-03,2025.25,2052.2,1969.0,2029.2,93588.0,56.03
2023-08-04,2040.25,2059.9,1990.2,2003.0,59011.0,61.26
2023-08-07,2016.75,2149.95,2010.0,2053.55,162669.0,35.79
2023-08-08,2066.9,2099.0,2047.8,2073.9,53493.0,55.22
2023-08-09,2090.0,2191.0,2083.35,2179.5,204919.0,40.44
2023-08-10,2185.8,2252.2,2145.25,2165.2,219982.0,32.29
2023-08-11,2153.0,2169.0,2118.0,2147.35,64994.0,36.28
2023-08-14,2150.0,2150.2,2011.15,2029.2,154862.0,44.52
2023-08-15,2150.0,2150.2,2011.15,2029.2,154862.0,44.52
2023-08-16,2035.0,2068.0,2011.6,2041.25,64636.0,40.77
2023-08-17,2047.95,2095.8,2035.55,2090.95,67042.0,46.99
2023-08-18,2096.5,2219.0,2086.1,2195.95,389734.0,23.76
2023-08-21,2202.75,2232.7,2145.05,2192.2,109597.0,37.3
2023-08-22,2171.0,2191.75,2145.25,2166.05,69671.0,53.02
2023-08-23,2171.3,2220.0,2161.9,2176.45,87991.0,47.76
2023-08-24,2190.0,2245.0,2166.0,2191.65,135804.0,35.25
2023-08-25,2188.75,2190.0,2120.05,2156.5,67438.0,39.16
2023-08-28,2168.0,2173.9,2128.0,2134.25,35371.0,40.28
2023-08-29,2134.25,2171.95,2118.8,2166.15,59340.0,41.73
2023-08-30,2178.0,2200.25,2149.0,2159.35,48233.0,43.54
2023-08-31,2159.0,2188.0,2135.0,2151.25,54439.0,45.27
2023-09-01,2164.0,2187.95,2126.1,2132.35,53365.0,50.55
2023-09-04,2141.95,2183.45,2116.1,2133.7,45121.0,49.09
2023-09-05,2143.0,2145.0,2088.3,2098.75,64030.0,48.84
2023-09-06,2100.05,2145.0,2090.05,2100.7,64168.0,35.02
2023-09-07,2100.7,2124.0,2099.55,2113.5,36013.0,47.8
2023-09-08,2108.0,2149.25,2095.0,2123.3,48468.0,43.17
2023-09-11,2134.85,2134.85,2100.05,2105.7,36215.0,49.61
2023-09-12,2105.7,2119.1,2015.45,2052.5,79842.0,39.52
2023-09-13,2052.0,2083.9,2037.4,2072.45,37169.0,46.07
2023-09-14,2088.95,2098.9,2054.1,2085.7,22843.0,40.66
2023-09-15,2088.9,2102.4,2055.05,2069.9,26807.0,46.63
2023-09-18,2086.45,2086.45,2041.05,2056.35,31122.0,51.21
2023-09-19,2086.45,2086.45,2041.05,2056.35,31122.0,51.21
2023-09-20,2056.35,2084.95,2027.55,2045.5,31442.0,50.42
2023-09-21,2045.5,2070.95,2022.0,2041.9,29318.0,49.71
2023-09-22,2040.0,2073.35,2026.1,2053.45,36313.0,58.93
2023-09-25,2053.55,2158.0,2041.45,2132.5,99652.0,38.3
2023-09-26,2134.75,2173.25,2092.95,2118.45,82472.0,42.55
2023-09-27,2118.45,2122.95,2065.0,2086.45,55292.0,41.81
2023-09-28,2086.45,2172.0,2075.15,2114.9,115331.0,28.61
2023-09-29,2130.6,2193.0,2110.2,2177.5,76282.0,52.24
2023-10-02,2130.6,2193.0,2110.2,2177.5,76282.0,52.24
2023-10-03,2174.95,2221.0,2129.2,2148.1,84231.0,46.43
2023-10-04,2110.1,2172.95,2034.0,2103.05,82220.0,40.45
2023-10-05,2119.9,2172.0,2109.95,2136.25,68843.0,31.97
2023-10-06,2144.85,2152.65,2110.05,2117.8,41870.0,36.04
2023-10-09,2080.15,2154.65,2080.15,2110.6,51626.0,41.89
2023-10-10,2116.1,2345.3,2105.05,2263.7,902429.0,17.02
2023-10-11,2260.0,2289.4,2225.1,2242.3,128023.0,31.7
2023-10-12,2244.3,2258.0,2175.0,2187.4,134137.0,34.59
2023-10-13,2189.0,2254.0,2175.45,2212.95,82285.0,30.6
2023-10-16,2200.05,2232.75,2168.85,2184.8,47332.0,51.84
2023-10-17,2199.65,2227.85,2175.05,2207.6,77048.0,40.63
2023-10-18,2221.9,2357.8,2207.7,2304.4,444239.0,23.58
2023-10-19,2308.0,2335.7,2284.1,2302.15,108925.0,32.85
2023-10-20,2304.0,2332.45,2218.1,2230.05,72856.0,42.3
2023-10-23,2238.95,2238.95,2085.0,2103.2,93695.0,45.37
2023-10-24,2238.95,2238.95,2085.0,2103.2,93695.0,45.37
2023-10-25,2107.85,2198.0,2032.3,2063.2,69682.0,38.76
2023-10-26,2035.0,2173.0,1992.1,2105.85,134585.0,28.78
2023-10-27,2105.0,2189.0,2105.0,2165.45,60355.0,37.18
2023-10-30,2166.5,2288.3,2147.05,2246.6,151305.0,26.68
2023-10-31,2243.55,2325.0,2243.55,2264.0,81108.0,33.53
2023-11-01,2265.0,2382.0,2265.0,2360.75,253336.0,24.65
2023-11-02,2400.0,2405.0,2323.7,2348.55,112690.0,28.82
2023-11-03,2368.0,2398.0,2132.75,2149.0,535691.0,20.23
2023-11-06,2149.0,2170.0,2100.0,2116.95,153367.0,33.56
2023-11-07,2127.0,2127.0,2084.1,2089.9,83439.0,40.54
2023-11-08,2110.85,2138.0,2091.0,2101.15,49941.0,37.34
2023-11-09,2101.15,2113.15,2083.0,2087.55,30334.0,45.98
2023-11-10,2090.0,2115.0,2070.0,2079.35,39890.0,48.81
2023-11-13,2090.05,2115.0,2076.55,2086.4,38897.0,35.17
2023-11-14,2090.05,2115.0,2076.55,2086.4,38897.0,35.17
2023-11-15,2104.05,2130.95,2088.95,2094.75,49249.0,35.78
2023-11-16,2109.0,2109.0,2081.1,2087.3,30107.0,49.85
2023-11-17,2090.0,2104.25,2075.0,2087.5,45108.0,47.05
2023-11-20,2087.5,2102.3,2075.0,2077.55,19919.0,51.26
2023-11-21,2081.05,2097.0,2058.0,2066.55,27562.0,58.15
2023-11-22,2083.4,2083.4,2055.0,2059.0,21510.0,56.5
2023-11-23,2065.0,2099.95,2060.05,2065.55,30193.0,36.36
2023-11-24,2072.0,2082.4,2025.05,2033.25,64956.0,58.27
2023-11-27,2072.0,2082.4,2025.05,2033.25,64956.0,58.27
2023-11-28,2033.25,2045.0,2015.0,2017.95,30637.0,64.89
2023-11-29,2030.0,2033.9,2010.0,2022.45,33756.0,50.82
2023-11-30,2022.45,2038.75,2018.0,2024.55,35615.0,48.9
2023-12-01,2031.6,2080.0,2023.8,2074.35,71668.0,51.26
2023-12-04,2098.85,2125.0,2051.0,2101.8,89233.0,48.35
2023-12-05,2101.8,2129.9,2100.0,2121.85,47706.0,57.1
2023-12-06,2131.95,2144.0,2110.0,2116.7,48500.0,45.03
2023-12-07,2126.0,2126.0,2094.25,2104.25,20538.0,49.3
2023-12-08,2104.25,2118.1,2055.0,2058.65,33008.0,54.94
2023-12-11,2060.0,2120.0,2060.0,2081.85,70074.0,54.67
2023-12-12,2081.05,2119.0,2081.0,2108.75,53766.0,61.96
2023-12-13,2117.0,2130.0,2085.15,2101.4,50059.0,41.05
2023-12-14,2117.0,2118.5,2077.7,2087.75,32096.0,51.03
2023-12-15,2102.0,2102.0,2068.0,2085.05,24882.0,39.18
2023-12-18,2085.0,2085.0,2059.8,2070.4,24526.0,46.11
2023-12-19,2075.0,2119.85,2075.0,2102.5,51875.0,45.86
2023-12-20,2117.0,2137.6,2050.0,2068.75,74212.0,45.38
2023-12-21,2059.0,2116.25,2040.0,2104.4,42278.0,49.05
2023-12-22,2117.7,2117.7,2075.0,2098.05,21569.0,48.08
2023-12-25,2117.7,2117.7,2075.0,2098.05,21569.0,48.08
2023-12-26,2115.0,2123.0,2093.0,2111.05,26142.0,52.6
2023-12-27,2120.0,2125.0,2087.6,2102.45,21445.0,45.86
2023-12-28,2114.0,2116.85,2085.55,2093.45,20585.0,47.66
2023-12-29,2097.95,2117.9,2081.95,2108.85,30775.0,49.73
2024-01-01,2112.85,2119.9,2081.05,2092.55,31493.0,55.68
2024-01-02,2104.75,2200.0,2072.35,2153.25,174093.0,32.92
2024-01-03,2190.0,2206.9,2140.2,2181.7,133626.0,42.82
2024-01-04,2196.0,2197.0,2150.5,2175.25,44609.0,43.54
2024-01-05,2175.25,2225.0,2161.2,2216.9,84873.0,50.89
2024-01-08,2224.0,2229.0,2189.15,2204.65,45827.0,54.65
2024-01-09,2217.65,2246.0,2197.05,2235.2,50029.0,54.32
2024-01-10,2240.0,2240.0,2181.35,2196.4,63674.0,46.51
2024-01-11,2196.4,2241.4,2165.1,2219.05,58092.0,43.04
2024-01-12,2241.0,2251.3,2193.75,2199.2,34159.0,53.56
2024-01-15,2213.95,2216.75,2151.0,2161.55,30204.0,55.14
2024-01-16,2164.35,2180.15,2108.0,2131.45,44278.0,58.75
2024-01-17,2111.4,2156.6,2106.0,2130.3,36303.0,55.34
2024-01-18,2130.3,2142.8,2065.0,2128.9,61447.0,53.45
2024-01-19,2135.0,2236.0,2124.1,2215.8,91847.0,62.42
2024-01-22,2220.55,2255.85,2175.1,2194.05,34564.0,33.14
2024-01-23,2195.0,2229.95,2165.0,2190.05,56044.0,50.01
2024-01-24,2180.0,2241.95,2172.0,2209.65,127210.0,34.3
2024-01-25,2227.5,2283.5,2224.6,2261.15,127229.0,45.53
2024-01-26,2227.5,2283.5,2224.6,2261.15,127229.0,45.53
2024-01-29,2290.95,2324.95,2250.0,2298.85,97112.0,55.53
2024-01-30,2275.1,2289.1,2229.55,2252.35,221533.0,68.59
2024-01-31,2272.65,2645.3,2267.2,2459.95,1693523.0,11.31
2024-02-01,2481.95,2586.0,2413.6,2443.4,219351.0,20.17
2024-02-02,2469.9,2585.0,2445.0,2544.1,255808.0,16.93
2024-02-05,2544.9,2574.5,2397.0,2423.4,139578.0,28.04
2024-02-06,2429.0,2494.95,2418.0,2471.5,61851.0,37.0
2024-02-07,2489.9,2526.1,2411.5,2422.8,42371.0,34.51
2024-02-08,2450.0,2464.95,2365.2,2385.75,25823.0,46.56
2024-02-09,2385.75,2394.95,2285.0,2374.6,64509.0,40.63
2024-02-12,2380.55,2621.45,2380.55,2581.8,617280.0,14.62
2024-02-13,2581.8,2594.75,2481.2,2491.0,98218.0,24.79
2024-02-14,2460.0,2546.85,2450.0,2500.45,80979.0,19.22
2024-02-15,2560.0,2620.0,2541.0,2571.65,104178.0,22.87
2024-02-16,2579.9,2608.95,2524.0,2546.25,51063.0,42.02
2024-02-19,2547.7,2719.8,2530.7,2680.8,165821.0,28.65
2024-02-20,2689.0,2718.0,2634.05,2656.85,34670.0,40.36
2024-02-21,2670.15,2769.45,2606.05,2637.15,211032.0,29.13
2024-02-22,2660.0,2779.0,2650.0,2765.9,176234.0,19.12
2024-02-23,2800.0,2800.0,2740.0,2748.6,58393.0,43.53
2024-02-26,2761.75,2811.7,2761.75,2786.6,44396.0,43.18
2024-02-27,2800.0,2835.0,2786.6,2808.65,29908.0,41.69
2024-02-28,2818.95,2913.45,2753.05,2801.8,124416.0,27.91
2024-02-29,2795.5,3000.0,2678.1,2957.45,161773.0,38.85
2024-03-01,2957.95,3011.0,2872.0,2962.5,116933.0,25.89
2024-03-04,2990.0,3035.0,2923.25,3020.1,72681.0,42.52
2024-03-05,3029.5,3102.0,2997.05,3087.0,80060.0,39.67
2024-03-06,3081.0,3182.95,3060.0,3164.0,167002.0,45.57
2024-03-07,3164.0,3338.55,3148.0,3298.1,124568.0,44.52
2024-03-08,3164.0,3338.55,3148.0,3298.1,124568.0,44.52
2024-03-11,3337.35,3686.0,3301.55,3637.05,774893.0,13.86
2024-03-12,3570.05,3580.0,3163.0,3246.35,464162.0,14.08
2024-03-13,3246.35,3308.95,2805.55,2932.55,311285.0,18.31
2024-03-14,2875.0,3118.35,2840.05,3030.65,262852.0,13.59
2024-03-15,3030.45,3084.05,2875.0,2942.9,190420.0,22.12
2024-03-18,2967.0,3188.0,2913.75,3130.25,469666.0,9.12
2024-03-19,3119.05,3179.7,3046.0,3065.1,159527.0,12.61
2024-03-20,3070.0,3111.85,2964.6,2978.75,97708.0,17.05
2024-03-21,3009.25,3073.2,2987.6,3054.1,68100.0,18.92
2024-03-22,3060.0,3169.0,3046.0,3128.3,81680.0,22.38
2024-03-25,3060.0,3169.0,3046.0,3128.3,81680.0,22.38
2024-03-26,3129.0,3155.8,3047.6,3063.7,52066.0,33.08
2024-03-27,3089.05,3132.0,3051.0,3080.7,58707.0,33.22
2024-03-28,3099.0,3139.0,3060.0,3089.2,84852.0,20.42
2024-03-29,3099.0,3139.0,3060.0,3089.2,84852.0,20.42
2024-04-01,3119.15,3168.65,3090.0,3098.85,36744.0,39.11
2024-04-02,3129.85,3379.0,3101.4,3352.1,315232.0,16.24
2024-04-03,3348.9,3387.8,3281.0,3297.0,91650.0,22.29
2024-04-04,3315.6,3328.9,3185.45,3206.9,60063.0,32.87
2024-04-05,3206.9,3246.75,3180.0,3198.45,44740.0,32.81
2024-04-08,3209.2,3285.0,3201.05,3272.75,47179.0,42.39
2024-04-09,3292.95,3306.0,3113.7,3126.05,71289.0,37.41
2024-04-10,3147.55,3165.55,3080.0,3094.4,57606.0,32.25
2024-04-11,3147.55,3165.55,3080.0,3094.4,57606.0,32.25
2024-04-12,3072.0,3220.0,3005.05,3048.05,263291.0,21.66
2024-04-15,3047.0,3047.0,2907.55,2987.95,65095.0,36.59
2024-04-16,2920.0,3052.0,2920.0,3004.6,47721.0,32.29
2024-04-17,2920.0,3052.0,2920.0,3004.6,47721.0,32.29
2024-04-18,3052.4,3098.8,2983.7,2998.05,46491.0,33.28
2024-04-19,2978.0,3069.3,2960.0,3058.7,46517.0,26.17
2024-04-22,3073.1,3096.35,3060.9,3072.85,22258.0,46.72
2024-04-23,3074.95,3141.25,3061.25,3121.8,36964.0,46.02
2024-04-24,3150.0,3161.9,3119.85,3131.2,22605.0,46.13
2024-04-25,3144.2,3488.0,3129.35,3449.7,633890.0,15.78
2024-04-26,3445.0,3449.7,3293.95,3312.5,112884.0,26.43
2024-04-29,3329.9,3348.8,3260.05,3311.8,67453.0,24.49
2024-04-30,3330.65,3359.8,3306.6,3344.9,40940.0,35.32
2024-05-01,3330.65,3359.8,3306.6,3344.9,40940.0,35.32
2024-05-02,3344.9,3386.8,3226.15,3291.0,96066.0,31.43
2024-05-03,3296.25,3538.8,3280.0,3388.2,518669.0,16.58
2024-05-06,3395.1,3409.15,3265.0,3283.05,43783.0,40.75
2024-05-07,3285.0,3285.0,3125.1,3180.25,69574.0,34.75
2024-05-08,3160.0,3319.0,3142.55,3297.65,65108.0,40.51
2024-05-09,3297.65,3540.0,3251.0,3448.75,343895.0,17.53
2024-05-10,3470.0,3470.0,3329.55,3396.15,58895.0,16.92
2024-05-13,3395.0,3395.0,3274.9,3316.3,43240.0,30.47
2024-05-14,3299.85,3635.95,3260.35,3605.05,354093.0,24.74
2024-05-15,3564.55,3688.0,3527.05,3545.35,104581.0,19.0
2024-05-16,3545.35,3621.65,3533.9,3597.5,58836.0,23.46
2024-05-17,3630.0,4288.0,3609.55,3992.65,736264.0,18.98
2024-05-20,4040.0,4185.0,4039.65,4160.85,26860.0,36.62
2024-05-21,4129.0,4129.0,3905.05,3933.25,106634.0,31.7
2024-05-22,3968.0,4000.0,3812.0,3932.0,84021.0,20.33
2024-05-23,3925.0,4002.0,3888.0,3910.15,114019.0,18.02
2024-05-24,3910.15,3978.0,3832.0,3855.2,51960.0,25.36
2024-05-27,3857.95,3988.0,3797.5,3955.05,82647.0,19.21
2024-05-28,3990.0,3990.0,3865.0,3876.8,53150.0,42.43
2024-05-29,4021.0,4021.0,3844.0,3872.55,78282.0,20.58
2024-05-30,3870.05,4115.0,3790.65,3845.9,412108.0,12.48
2024-05-31,3828.85,3984.9,3752.65,3882.1,151426.0,38.79
2024-06-03,3770.0,3889.95,3715.5,3743.4,154547.0,33.19
2024-06-04,3759.95,3759.95,3310.0,3549.95,95853.0,38.61
2024-06-05,3595.0,3682.0,3420.05,3661.15,57567.0,25.72
2024-06-06,3670.15,3829.0,3660.0,3780.0,65897.0,31.98
2024-06-07,3792.25,3858.7,3780.0,3842.3,61811.0,55.31
2024-06-10,3873.55,3965.0,3850.0,3897.65,57691.0,42.42
2024-06-11,3900.0,3968.8,3792.25,3876.05,60470.0,47.2
2024-06-12,3866.1,3959.0,3805.05,3878.9,74876.0,31.3
2024-06-13,3920.0,3940.9,3840.0,3859.7,57996.0,53.88
2024-06-14,3889.0,4155.0,3842.0,4093.35,391865.0,21.38
2024-06-17,3889.0,4155.0,3842.0,4093.35,391865.0,21.38
2024-06-18,4140.0,4364.0,4072.2,4246.45,244655.0,20.92
2024-06-19,4246.0,4324.25,4110.0,4187.7,180167.0,17.41
2024-06-20,4200.0,4349.9,4127.55,4275.8,116264.0,22.61
2024-06-21,4300.0,4424.95,4250.0,4264.75,98722.0,29.41
2024-06-24,4260.0,4444.0,4205.25,4324.35,103100.0,24.73
2024-06-25,4330.0,4432.0,4320.0,4413.65,76939.0,28.32
2024-06-26,4413.65,4490.0,4360.0,4427.55,88923.0,38.61
2024-06-27,4440.0,4440.0,4270.0,4301.3,86424.0,39.73
2024-06-28,4277.0,4277.0,4114.0,4124.5,106711.0,40.06
2024-07-01,4186.5,4289.0,4151.45,4258.8,75404.0,35.49
2024-07-02,4260.0,4291.6,4197.95,4224.0,82331.0,38.35
2024-07-03,4245.0,4320.0,4217.75,4287.45,48860.0,42.73
2024-07-04,4305.0,4449.0,4277.55,4356.25,123724.0,32.93
2024-07-05,4360.0,4410.65,4315.0,4333.1,28942.0,38.32
2024-07-08,4350.0,4420.0,4205.0,4225.4,49923.0,43.36
2024-07-09,4268.6,4322.4,4082.0,4091.55,58580.0,53.13
2024-07-10,4110.0,4140.0,3950.05,3997.65,58157.0,45.18
2024-07-11,3987.0,4127.35,3950.95,4102.55,64463.0,29.64
2024-07-12,4140.0,4213.95,4018.0,4057.1,55681.0,37.71
2024-07-15,4100.0,4821.3,4100.0,4734.25,2815896.0,4.9
2024-07-16,4734.25,4748.8,4411.15,4439.85,425372.0,21.25
2024-07-17,4734.25,4748.8,4411.15,4439.85,425372.0,21.25
2024-07-18,4420.0,4435.0,4260.0,4292.25,209923.0,21.47
2024-07-19,4290.0,4303.0,4170.0,4208.4,114457.0,21.39
2024-07-22,4200.0,4340.0,4131.0,4277.45,91260.0,19.27
2024-07-23,4259.35,4268.65,4053.25,4140.75,124587.0,38.44
2024-07-24,4182.2,4260.0,4158.0,4178.2,83615.0,30.74
2024-07-25,4125.0,4605.0,4106.65,4294.45,1042378.0,9.59
2024-07-26,4340.0,4342.4,4236.6,4302.55,98047.0,21.53
2024-07-29,4302.55,4345.4,4255.2,4265.3,57790.0,36.24
2024-07-30,4268.7,4284.5,4224.25,4240.4,42057.0,50.86
2024-07-31,4255.8,4288.1,4190.05,4228.45,60461.0,35.48
2024-08-01,4249.8,4479.9,4228.5,4245.3,321453.0,22.79
2024-08-02,4239.7,4319.85,4165.0,4183.15,75083.0,35.45
2024-08-05,4122.35,4140.0,3965.5,3989.5,73505.0,35.18
2024-08-06,4050.0,4129.6,4001.0,4071.2,40109.0,29.81
2024-08-07,4140.0,4249.55,4091.5,4190.95,92007.0,41.63
2024-08-08,4180.05,4210.0,4110.1,4127.7,52186.0,41.7
2024-08-09,4161.65,4455.45,4161.65,4430.05,352154.0,30.24
2024-08-12,4430.0,4599.9,4411.6,4444.55,178433.0,39.76
2024-08-13,4445.05,4510.8,4372.25,4391.35,53043.0,40.79
2024-08-14,4392.0,4474.0,4299.95,4343.3,74946.0,31.78
2024-08-15,4392.0,4474.0,4299.95,4343.3,74946.0,31.78
2024-08-16,4366.0,4629.0,4366.0,4535.5,237001.0,19.72
2024-08-19,4535.5,5442.6,4520.0,5238.6,1277096.0,10.68
2024-08-20,5400.0,5990.0,5185.0,5845.55,1663877.0,6.21
2024-08-21,5640.0,5776.85,5555.75,5657.35,599419.0,14.37
2024-08-22,5645.0,5687.9,5547.0,5630.6,116869.0,25.84
2024-08-23,5600.0,5629.0,5380.0,5402.35,105752.0,35.62
2024-08-26,5480.2,5880.0,5451.0,5686.15,308405.0,19.97
2024-08-27,5671.0,5765.0,5615.0,5735.0,89999.0,28.21
2024-08-28,5750.0,5890.0,5701.0,5798.7,80384.0,33.28
2024-08-29,5826.8,6548.95,5765.05,6129.95,880382.0,9.23
2024-08-30,6134.0,6570.0,6018.0,6508.4,360453.0,22.01
2024-09-02,6550.0,6780.0,6425.05,6676.7,305698.0,19.85
2024-09-03,6700.0,6874.0,6537.5,6635.75,302088.0,19.43
2024-09-04,6597.8,6670.0,6285.25,6368.85,235491.0,34.27
2024-09-05,6419.9,6574.85,6352.55,6412.05,105349.0,26.99
2024-09-06,6383.95,7320.0,6325.0,7205.85,987438.0,9.92
2024-09-09,7115.0,7129.7,6766.3,6844.2,290758.0,22.86
2024-09-10,6879.05,6893.95,6717.0,6765.45,115039.0,34.11
2024-09-11,6765.45,6820.0,6600.0,6614.7,124850.0,40.07
2024-09-12,6674.7,6838.5,6601.5,6638.1,116488.0,30.73
2024-09-13,6659.95,7430.95,6588.35,7316.8,673094.0,22.85
2024-09-16,7456.95,8480.0,7400.0,8235.45,692266.0,9.7
2024-09-17,8105.5,8120.35,7691.15,7737.85,287505.0,29.87
2024-09-18,7756.0,7806.5,7518.05,7580.55,168022.0,25.09
2024-09-19,7609.0,8170.0,7460.0,7777.55,446036.0,16.28
2024-09-20,7820.0,7950.0,7500.0,7598.15,755624.0,60.42
2024-09-23,7300.0,7622.35,7260.05,7352.35,193645.0,30.42
2024-09-24,7425.25,7425.95,7277.4,7307.65,67802.0,39.16
2024-09-25,7289.85,7329.95,7100.0,7113.85,54437.0,38.93
2024-09-26,7109.05,7317.75,7014.35,7136.95,107187.0,18.46
2024-09-27,7172.35,7253.95,6970.35,6998.05,58170.0,41.26
2024-09-30,6959.05,7025.0,6820.1,6977.6,55747.0,30.66
2024-10-01,6905.05,6963.95,6800.0,6819.3,56736.0,42.95
2024-10-02,6905.05,6963.95,6800.0,6819.3,56736.0,42.95
2024-10-03,6741.25,6787.45,6571.15,6596.2,60380.0,43.14
2024-10-04,6590.0,6890.35,6411.5,6627.4,154669.0,15.07
2024-10-07,6621.45,6657.0,6360.0,6407.1,63198.0,35.29
2024-10-08,6285.0,6933.6,6262.65,6884.55,112138.0,27.83
2024-10-09,6916.8,7231.0,6916.0,7087.5,127124.0,24.51
2024-10-10,7104.0,7135.85,6850.0,6893.8,61564.0,35.02
2024-10-11,6947.0,7080.0,6871.8,7005.75,54979.0,26.18
2024-10-14,7011.15,7093.0,6905.25,6926.85,33045.0,43.96
2024-10-15,6951.95,7060.95,6845.0,7008.9,44849.0,35.65
2024-10-16,7010.0,7148.85,6910.0,7101.3,40577.0,49.16
2024-10-17,7101.0,7101.0,6912.0,6955.45,37850.0,39.64
2024-10-18,6880.0,6917.75,6710.0,6756.45,38860.0,36.95
2024-10-21,6756.0,6811.05,6629.6,6667.6,30178.0,29.85
2024-10-22,6636.95,6640.0,6219.25,6282.05,59839.0,32.18
2024-10-23,6259.0,6920.0,6089.1,6838.45,142679.0,18.07
2024-10-24,6838.45,6950.0,6395.55,6482.6,63090.0,25.1
2024-10-25,6432.3,6670.0,6260.2,6300.85,54903.0,22.79
2024-10-28,6300.8,6550.0,6183.35,6266.5,54187.0,26.28
2024-10-29,6297.0,6416.9,6250.0,6361.0,25779.0,22.51
2024-10-30,6337.05,6419.95,6291.0,6352.8,22923.0,42.42
2024-10-31,6350.0,6688.95,6349.05,6625.15,37842.0,36.0
2024-11-01,6698.15,6762.0,6683.45,6700.05,8859.0,47.89
2024-11-04,6722.0,6990.0,6569.15,6839.25,106739.0,22.33
2024-11-05,6870.7,6920.0,6716.1,6843.85,34210.0,31.96
2024-11-06,6898.9,7158.45,6850.75,7106.85,53881.0,42.83
2024-11-07,7130.0,7238.8,6861.4,6946.25,39443.0,36.34
2024-11-08,6950.0,6999.9,6501.0,6695.75,25994.0,35.42
2024-11-11,6600.0,7410.9,6466.4,6636.15,272946.0,14.19
2024-11-12,6780.0,6780.0,6547.95,6583.7,64123.0,23.1
2024-11-13,6599.95,6636.9,6280.0,6302.45,51493.0,38.84
2024-11-14,6292.0,6323.15,6091.0,6114.6,65715.0,36.48
2024-11-18,5965.05,6099.0,5914.6,6016.3,45011.0,41.14
2024-11-19,6030.2,6182.9,5955.0,5985.65,41896.0,39.26
2024-11-20,6030.2,6182.9,5955.0,5985.65,41896.0,39.26
2024-11-21,6034.25,6129.9,5800.0,5852.85,40343.0,34.62
2024-11-22,5869.0,5953.75,5601.55,5626.2,70711.0,42.2
2024-11-25,5770.0,5845.0,5669.8,5758.9,56554.0,32.05
2024-11-26,5805.5,5840.0,5742.7,5771.6,20765.0,32.95
2024-11-27,5800.05,5860.85,5740.0,5820.75,21345.0,33.8
2024-11-28,5868.0,5984.85,5842.5,5874.7,32006.0,29.41
2024-11-29,5875.0,5901.0,5615.0,5673.15,42241.0,49.37
2024-12-02,5673.0,5815.0,5633.0,5757.15,54942.0,37.38
2024-12-03,5710.0,5733.95,5578.75,5701.3,86039.0,27.09
2024-12-04,5701.95,5755.0,5612.0,5625.2,36388.0,47.41
2024-12-05,5622.05,5668.0,5580.25,5617.05,35790.0,40.57
2024-12-06,5640.25,5665.0,5570.0,5594.45,24284.0,47.64
2024-12-09,5595.05,5689.0,5575.0,5677.75,30882.0,41.92
2024-12-10,5694.0,5825.0,5610.0,5800.65,52001.0,35.96
2024-12-11,5820.0,6125.0,5820.0,5988.45,102373.0,27.97
2024-12-12,6033.8,6040.35,5952.3,5984.4,30009.0,43.52
2024-12-13,5970.05,6089.85,5873.0,6051.45,51440.0,42.0
2024-12-16,6116.0,6183.55,5988.85,6003.0,39023.0,35.94
2024-12-17,6039.2,6039.2,5875.0,5892.55,27660.0,44.95
2024-12-18,5902.0,5917.4,5643.4,5666.9,30316.0,45.82
2024-12-19,5589.4,5629.9,5502.0,5579.7,46295.0,44.6
2024-12-20,5619.7,5749.7,5252.0,5323.7,90507.0,59.24
2024-12-23,5419.25,5500.0,5120.0,5132.85,49611.0,45.1
2024-12-24,5162.0,5209.6,5000.0,5062.15,42115.0,45.04
2024-12-25,5162.0,5209.6,5000.0,5062.15,42115.0,45.04
2024-12-26,5098.0,5665.0,5022.15,5511.0,437342.0,7.77
2024-12-27,5483.45,5580.0,5241.35,5265.2,80549.0,27.81
2024-12-30,5265.15,5320.0,4712.35,4819.7,237803.0,54.62
2024-12-31,4851.65,5295.0,4851.15,5227.7,346118.0,11.49
2025-01-01,5200.35,5218.6,4913.35,5035.2,209300.0,31.55
2025-01-02,5006.3,5259.0,5006.3,5166.25,148727.0,25.75
2025-01-03,5151.1,5194.1,5056.0,5105.9,64820.0,33.92
2025-01-06,5157.45,5157.45,4890.3,4915.45,47696.0,37.7
2025-01-07,4969.45,5050.0,4880.55,4977.1,44986.0,34.69
2025-01-08,5015.0,5015.0,4840.35,4869.35,27984.0,39.63
2025-01-09,4869.35,4880.65,4710.0,4720.7,32213.0,50.01
2025-01-10,4754.15,4893.9,4642.25,4777.65,57874.0,29.24
2025-01-13,4739.4,4739.4,4350.0,4392.3,89505.0,45.8
2025-01-14,4414.45,4561.7,4393.7,4516.95,38230.0,39.16
2025-01-15,4517.0,4584.3,4451.5,4468.5,38143.0,43.49
2025-01-16,4525.0,4559.95,4370.0,4382.25,41167.0,51.88
2025-01-17,4375.0,4425.2,4338.0,4383.8,35935.0,38.71
2025-01-20,4385.0,4479.95,4313.35,4447.25,34683.0,35.45
2025-01-21,4488.2,4509.7,4179.9,4269.45,40367.0,43.13
2025-01-22,4240.0,4263.4,4141.4,4234.35,58617.0,53.49
2025-01-23,4235.0,4462.5,4235.0,4332.45,35018.0,29.54
2025-01-24,4305.0,4540.0,4286.4,4346.35,69869.0,21.82
2025-01-27,4346.0,4385.0,4236.2,4345.8,36568.0,40.77
2025-01-28,4381.05,4442.95,4112.45,4366.15,63682.0,32.07
2025-01-29,4370.0,4510.0,4362.3,4497.35,33937.0,30.75
2025-01-30,4499.95,4581.45,4446.15,4494.8,22926.0,35.66
2025-01-31,4494.8,4568.0,4401.0,4517.4,31156.0,30.89
2025-02-03,4884.9,5261.0,4780.0,4830.8,345434.0,15.78
2025-02-04,4950.0,4950.0,4681.0,4724.35,80164.0,23.24
2025-02-05,4725.0,4749.95,4594.0,4660.75,93376.0,29.69
2025-02-06,4671.0,4752.0,4522.35,4599.45,72358.0,34.48
2025-02-07,4725.3,5519.3,4635.0,5470.45,1958096.0,6.33
2025-02-10,5420.0,5688.85,5171.65,5580.95,930152.0,5.45
2025-02-11,5440.5,5508.45,4952.6,5125.95,525960.0,11.12
2025-02-12,5085.15,5585.85,4835.55,5463.0,1133982.0,5.66
2025-02-13,5454.0,5454.0,4919.0,4999.6,617541.0,11.92
2025-02-14,5499.95,5999.5,5268.0,5999.5,2955279.0,9.15
2025-02-17,5850.0,7168.9,5555.25,7038.0,3059609.0,5.35
2025-02-18,6841.4,7741.8,6532.65,6842.8,3104563.0,7.35
2025-02-19,6840.0,7125.0,6450.05,6559.25,1019822.0,9.61
2025-02-20,6450.0,6578.0,5903.35,5966.6,682654.0,16.01
2025-02-21,5989.0,6294.75,5657.3,5786.35,1464130.0,6.92
2025-02-24,5780.0,5944.8,5391.8,5586.1,1388236.0,6.91
2025-02-25,5620.05,5865.4,5586.0,5652.2,476274.0,17.08
2025-02-27,5725.0,5760.0,5369.6,5369.7,160310.0,34.88
2025-02-28,5300.0,5360.0,5116.55,5189.4,143169.0,29.57
2025-03-03,5200.0,5314.45,4952.4,5099.85,150805.0,25.53
2025-03-04,5000.0,5290.7,4978.25,5126.0,174755.0,17.42
2025-03-05,5194.9,5194.9,5060.3,5160.6,90456.0,31.69
2025-03-06,5245.95,5418.6,5181.2,5418.6,140446.0,35.41
2025-03-07,5480.0,5538.25,5303.75,5326.35,115916.0,36.07
2025-03-10,5345.0,5387.0,5074.0,5109.1,66779.0,44.78
2025-03-11,5014.85,5290.95,5000.0,5226.4,88655.0,28.33
2025-03-12,5275.0,5478.95,5229.05,5436.45,122692.0,35.0
2025-03-13,5485.0,5708.25,5395.6,5708.25,141829.0,35.51
2025-03-17,5680.0,5992.25,5575.35,5949.25,206221.0,35.94
2025-03-18,6009.0,6240.0,5970.0,6201.1,141862.0,32.58
2025-03-19,6224.0,6249.95,5961.8,6088.55,181207.0,44.05
2025-03-20,6100.0,6229.9,6050.05,6135.6,73155.0,32.52
2025-03-21,6155.0,6295.0,6080.05,6258.9,142735.0,59.34
2025-03-24,6301.5,6400.0,6232.85,6314.05,56327.0,41.49
2025-03-25,6300.0,6414.95,6200.0,6230.6,54114.0,44.99
2025-03-26,6220.0,6318.0,6141.2,6157.15,33592.0,44.69
2025-03-27,6100.0,6465.0,6081.0,6465.0,82568.0,58.37
2025-03-28,6465.0,6788.25,6465.0,6769.2,101992.0,46.3
2025-04-01,6774.7,7107.65,6774.7,7107.65,145136.0,57.55
2025-04-02,7199.75,7220.0,6752.3,7173.5,137909.0,30.78
2025-04-03,7080.0,7299.45,6976.05,7030.95,55563.0,37.97
2025-04-04,6912.45,6999.85,6679.4,6679.4,54746.0,58.53
2025-04-07,6345.45,6540.0,6345.45,6345.45,36814.0,53.95
2025-04-08,6450.35,6662.7,6448.95,6662.7,74387.0,34.33
2025-04-09,6880.0,6995.8,6815.8,6921.55,109710.0,45.45
2025-04-11,7188.0,7200.0,6961.0,7037.1,48163.0,49.1
2025-04-15,7249.5,7383.5,7077.5,7312.0,80225.0,48.45
2025-04-16,7383.0,7400.0,7240.5,7344.5,49083.0,43.66
2025-04-17,7344.5,7710.0,7274.0,7632.5,110850.0,51.26
2025-04-21,7684.5,7692.0,7320.0,7564.5,84781.0,44.56
2025-04-22,7585.0,7780.0,7471.5,7544.5,81984.0,50.44
2025-04-23,7599.0,7921.5,7567.5,7921.5,127027.0,66.36
2025-04-24,8050.0,8317.5,7951.0,8225.0,170641.0,45.99
2025-04-25,8225.0,8239.0,7841.0,8020.5,91614.0,50.12
2025-04-28,7997.0,8240.0,7950.5,8126.0,52845.0,39.89
2025-04-29,8178.0,8299.0,8110.0,8199.0,42252.0,38.95
2025-04-30,8199.0,8395.0,8025.5,8116.0,69910.0,46.25
2025-05-02,8200.0,8519.0,8152.5,8387.5,99627.0,59.51
2025-05-05,8451.0,8806.5,8358.5,8806.5,99166.0,45.53
2025-05-06,8988.0,8989.0,8550.0,8654.0,85748.0,46.6
2025-05-07,8514.0,8654.0,8255.0,8430.0,83444.0,45.42
2025-05-08,8420.5,8545.5,8136.0,8251.5,57631.0,47.98
2025-05-09,8000.0,8225.0,7851.5,8193.5,80541.0,48.16
2025-05-12,8524.0,8603.0,8444.0,8603.0,69207.0,73.32
2025-05-13,8666.5,9033.0,8660.0,8993.5,101554.0,45.63
2025-05-14,9060.0,9137.0,8700.0,8967.0,103991.0,43.74
2025-05-15,9000.0,9248.0,8964.5,9177.0,85557.0,40.95
2025-05-16,9221.0,9240.0,8718.5,8718.5,123156.0,61.13
2025-05-19,8688.0,8688.0,8283.0,8397.0,118156.0,43.96
2025-05-20,8497.0,8790.0,8380.5,8626.0,101286.0,47.75
2025-05-21,8688.0,8747.0,8473.5,8553.0,33833.0,39.53
2025-05-22,8500.0,8618.5,8220.0,8324.5,33347.0,49.45
2025-05-23,8398.0,8466.0,8301.0,8367.0,24636.0,38.59
2025-05-26,8367.0,8489.5,8251.0,8277.0,22074.0,55.82
2025-05-27,8307.5,8307.5,8170.5,8198.5,21869.0,47.78
2025-05-28,8241.5,8436.0,8080.0,8337.0,49441.0,41.69
2025-05-29,8390.0,8410.5,8242.0,8288.5,34847.0,71.49
2025-05-30,8241.0,8702.5,8222.0,8702.5,93097.0,56.09
2025-06-02,8737.5,8898.0,8356.5,8377.0,114499.0,50.11
2025-06-03,8400.5,8737.0,8340.0,8395.5,128291.0,36.51
2025-06-04,8470.0,8717.0,8396.0,8415.5,97605.0,39.56
2025-06-05,8515.5,8550.0,8205.0,8218.5,68879.0,57.65
2025-06-06,8264.5,8304.5,8103.0,8189.5,53137.0,41.17
2025-06-09,8248.0,8359.0,8134.0,8333.0,50470.0,42.33
2025-06-10,8398.5,8398.5,8235.0,8283.5,27980.0,40.95
2025-06-11,8315.5,8375.0,8171.5,8238.5,23216.0,41.68
2025-06-12,8249.5,8438.0,8143.0,8179.0,45006.0,32.44
2025-06-13,8100.0,8476.0,8017.5,8344.5,86292.0,34.26
2025-06-16,8410.0,8429.5,8201.0,8288.0,29232.0,38.15
2025-06-17,8350.0,8350.0,8160.0,8192.0,24459.0,53.29
2025-06-18,8198.0,8292.0,8105.0,8154.5,25179.0,41.98
2025-06-19,8235.0,8235.0,8010.0,8050.0,24740.0,36.77
2025-06-20,8030.0,8200.0,7827.0,8009.0,111809.0,54.02
2025-06-23,7950.0,8119.0,7916.0,7981.0,45253.0,45.74
2025-06-24,8081.0,8160.0,7966.5,8119.5,58832.0,50.19
2025-06-25,8174.5,8400.0,8130.0,8280.0,85219.0,42.53
2025-06-26,8315.0,8734.0,8280.0,8601.0,195394.0,30.72
2025-06-27,8710.0,9461.0,8610.5,9043.0,779725.0,28.69
2025-06-30,9250.0,9645.5,8740.0,8976.5,828205.0,17.56
2025-07-01,9030.0,9130.0,8829.0,8864.0,152910.0,25.16
2025-07-02,8956.0,8967.0,8700.0,8845.0,94306.0,19.01
2025-07-03,8880.0,9300.0,8811.0,8874.5,298670.0,18.79
2025-07-04,8975.0,8975.0,8628.5,8699.0,132359.0,33.29
2025-07-07,8740.0,8740.0,8468.5,8527.5,75068.0,37.28
2025-07-08,8560.0,8589.5,8192.0,8244.5,98854.0,46.44
2025-07-09,8260.0,8540.0,8138.5,8501.5,215477.0,27.34
2025-07-10,8501.5,8605.5,8462.0,8537.0,74311.0,30.1
2025-07-11,8537.0,8589.0,8318.0,8401.5,63130.0,40.45
2025-07-14,8448.0,9100.0,8372.5,9051.0,445827.0,24.87
2025-07-15,9038.0,9828.0,9026.0,9360.0,1134683.0,13.6
2025-07-16,9406.5,9450.0,9202.0,9319.0,162631.0,20.42
2025-07-17,9340.0,9500.0,9172.0,9202.5,149560.0,29.57
2025-07-18,9222.0,9420.0,9182.5,9355.5,221225.0,19.75
2025-07-21,9391.0,9395.0,9145.0,9190.0,77999.0,31.69
2025-07-22,9195.0,9594.5,9173.0,9416.0,324135.0,31.82
2025-07-23,9455.0,9610.0,9159.0,9384.0,216635.0,28.55
2025-07-24,9428.0,9452.0,8775.0,8806.0,236714.0,41.97
2025-07-25,8850.0,8855.5,8680.0,8777.5,116028.0,23.87
2025-07-28,8777.5,8895.0,8639.5,8691.5,86737.0,25.21
2025-07-29,8800.0,8995.0,8690.0,8942.5,184368.0,21.3
2025-07-30,8999.0,9520.0,8904.0,9390.5,475732.0,20.85
2025-07-31,9360.5,9400.0,9051.5,9110.5,171992.0,33.79
2025-08-01,9130.0,9268.0,8750.0,8777.0,159269.0,37.84
2025-08-04,8860.0,9150.0,8722.5,8983.5,194975.0,23.04
2025-08-05,9450.0,9881.5,9361.5,9874.5,1053509.0,24.66
2025-08-06,9918.0,10861.5,9900.0,10854.5,1406657.0,15.68
2025-08-07,11120.0,11444.0,9830.5,9998.5,1029409.0,15.93
2025-08-08,10105.5,10450.0,9770.0,9949.5,637911.0,10.82
2025-08-11,10235.0,10241.0,9811.0,9840.5,172098.0,24.53
2025-08-12,9860.0,9960.0,9565.5,9630.0,175190.0,26.92
2025-08-13,9727.0,10165.0,9621.5,10047.0,328097.0,23.3
2025-08-14,10120.0,10276.5,9947.5,10182.5,199849.0,20.22
2025-08-18,10170.0,10182.0,9539.0,9651.0,368305.0,35.34
2025-08-19,9800.0,9985.0,9677.0,9805.5,280506.0,18.47
2025-08-20,9850.5,11450.0,9835.5,11064.0,2329363.0,10.33
2025-08-21,11064.0,11465.0,10777.0,11139.0,931389.0,10.37
2025-08-22,11068.5,11168.0,10520.5,10566.0,466697.0,15.67
2025-08-25,10597.5,10959.0,10370.0,10882.0,542803.0,11.74
2025-08-26,10850.0,10855.0,10485.0,10524.5,255466.0,19.58
2025-08-28,10625.0,11169.5,10405.0,10594.0,893765.0,10.06
2025-08-29,10699.0,11400.0,10525.5,11003.5,1389624.0,9.21
2025-09-01,11087.0,11125.0,10501.0,10571.0,521299.0,23.84
2025-09-02,10750.0,10763.0,10000.0,10060.0,728991.0,21.3
2025-09-03,10065.0,10420.0,10031.0,10189.0,577196.0,9.05
2025-09-04,10500.0,10730.0,10269.0,10453.0,793028.0,14.41
2025-09-05,10500.0,11175.0,10360.0,11073.0,984110.0,19.19
2025-09-08,11073.0,11073.0,10606.0,10657.0,341796.0,25.5
2025-09-09,10607.0,10992.0,10602.0,10925.0,351472.0,11.1
2025-09-10,10930.0,11088.0,10655.0,10787.0,448519.0,22.55
2025-09-11,10880.0,10998.0,10350.0,10409.0,404208.0,28.72
2025-09-12,10495.0,10518.0,10050.0,10136.0,412549.0,28.41
2025-09-15,10300.0,10445.0,10084.0,10229.0,416938.0,20.96
2025-09-16,3501.0,3947.0,3501.0,3644.0,4238853.0,10.49
2025-09-17,3674.0,3679.0,3536.0,3571.0,1175162.0,21.05
2025-09-18,3579.0,3600.0,3471.0,3491.0,659581.0,25.42
2025-09-19,3486.0,3554.0,3403.0,3525.0,1603514.0,34.01
2025-09-22,3519.0,3544.0,3437.0,3453.0,503039.0,26.57
2025-09-23,3470.0,3474.0,3331.0,3348.0,669086.0,30.63
2025-09-24,3360.0,3470.0,3354.0,3408.0,781179.0,16.62
2025-09-25,3409.0,3416.0,3330.0,3345.0,263004.0,25.69
2025-09-26,3360.0,3373.0,3264.0,3283.0,379024.0,29.7
2025-09-29,3285.0,3540.0,3136.0,3512.0,3083877.0,26.2
2025-09-30,3498.0,3498.0,3352.0,3384.0,932043.0,20.77
2025-10-01,3389.0,3425.0,3316.0,3376.5,650157.0,16.0
2025-10-03,3385.0,3442.5,3342.7,3425.4,445652.0,20.04
2025-10-06,3422.1,3486.0,3415.0,3456.8,386322.0,27.95
2025-10-07,3474.0,3480.0,3391.6,3426.2,319449.0,29.13
2025-10-08,3426.0,3433.7,3380.0,3392.4,173854.0,37.23
2025-10-09,3390.0,3390.0,3280.0,3310.8,336162.0,42.37
2025-10-10,3319.0,3359.1,3295.0,3340.7,261458.0,24.65
2025-10-13,3300.0,3322.6,3270.1,3295.8,194815.0,33.85
2025-10-14,3295.8,3369.5,3245.0,3263.3,339155.0,36.64
2025-10-15,3279.6,3467.7,3278.4,3330.7,1443491.0,17.09
2025-10-16,3379.4,3379.4,3305.0,3316.3,303272.0,31.71
2025-10-17,3317.0,3451.9,3310.2,3411.7,725008.0,31.12
2025-10-20,3415.0,3430.0,3374.9,3403.9,281195.0,30.52
2025-10-21,3419.5,3436.7,3365.0,3399.2,46680.0,46.23
2025-10-22,3419.5,3436.7,3365.0,3399.2,46680.0,46.23
2025-10-23,3413.0,3413.0,3122.4,3164.4,2314152.0,31.31
2025-10-24,3187.7,3194.0,3108.6,3122.7,698000.0,32.81
2025-10-27,3144.9,3172.6,3118.5,3166.0,380682.0,30.07
2025-10-28,3190.0,3209.0,3092.4,3138.2,235812.0,34.68
2025-10-29,3137.8,3175.0,3106.6,3156.9,197481.0,30.23
2025-10-30,3174.0,3174.0,3132.0,3145.5,119444.0,37.65
2025-10-31,3169.0,3224.0,3060.0,3077.7,575819.0,35.89
2025-11-03,3092.9,3164.2,3085.0,3108.4,395125.0,33.94
2025-11-04,3067.1,3120.0,2945.5,3020.3,1727281.0,29.44
2025-11-05,3067.1,3120.0,2945.5,3020.3,1727281.0,29.44
2025-11-06,3022.0,3074.1,2990.2,3023.2,407120.0,27.56
2025-11-07,3009.1,3038.8,2985.0,3031.0,182741.0,35.52
2025-11-10,3028.1,3032.3,2984.0,2998.7,244944.0,41.31
2025-11-11,2998.7,3055.0,2998.7,3024.6,211004.0,34.71
2025-11-12,3039.0,3040.0,3005.3,3011.4,90753.0,43.72
2025-11-13,3011.4,3025.2,2958.6,2971.3,296628.0,26.29
2025-11-14,2971.7,2998.7,2949.0,2957.3,158584.0,37.07
2025-11-17,2961.2,2969.9,2915.0,2934.4,155568.0,38.0
2025-11-18,2938.1,2954.9,2869.0,2879.5,192434.0,46.01
2025-11-19,2876.7,2967.0,2866.1,2938.3,279841.0,27.68
2025-11-20,2947.1,2995.0,2926.9,2941.4,151611.0,31.15
2025-11-21,2944.8,2950.0,2880.0,2888.2,119966.0,34.45
2025-11-24,2888.0,2935.0,2843.0,2907.8,135556.0,37.07
2025-11-25,2907.8,2912.8,2860.6,2873.7,102699.0,32.4
2025-11-26,2876.0,2905.0,2853.1,2896.7,221432.0,37.38
2025-11-27,2882.3,2960.2,2882.3,2935.3,203339.0,31.55
2025-11-28,2945.0,2945.0,2866.2,2873.0,174602.0,43.79
2025-12-01,2855.0,2882.7,2811.9,2837.9,391700.0,26.07
2025-12-02,2835.5,2860.0,2751.0,2793.7,407485.0,32.88
2025-12-03,2793.7,2830.0,2775.0,2788.0,199311.0,31.31
2025-12-04,2788.0,2828.8,2768.0,2780.7,182288.0,31.3
2025-12-05,2783.5,2791.7,2722.0,2732.3,135341.0,33.61
2025-12-08,2745.9,2748.1,2636.5,2645.8,296174.0,45.12
2025-12-09,2629.9,2789.9,2572.0,2772.1,535725.0,33.03
2025-12-10,2770.0,2938.0,2740.0,2813.4,1654165.0,17.2
2025-12-11,2800.0,2820.0,2705.0,2802.5,437472.0,16.47
2025-12-12,2810.0,2883.3,2799.2,2851.6,255047.0,22.07
2025-12-15,2851.6,2880.0,2819.0,2868.9,120666.0,27.48
2025-12-16,2860.3,2895.0,2822.0,2865.1,176818.0,25.79
2025-12-17,2855.0,2868.0,2790.0,2802.8,114697.0,36.38
2025-12-18,2801.1,2802.0,2752.0,2761.7,84425.0,30.59
2025-12-19,2769.7,2838.0,2760.0,2814.8,175523.0,34.59
2025-12-22,2814.8,2880.0,2814.7,2872.6,121333.0,40.7
2025-12-23,2886.9,2903.7,2837.4,2850.8,115569.0,30.8
2025-12-24,2859.3,2862.0,2805.0,2810.8,82989.0,36.34
2025-12-25,2859.3,2862.0,2805.0,2810.8,82989.0,36.34
2025-12-26,2813.5,2853.9,2801.1,2825.4,110122.0,33.18
2025-12-29,2824.9,2845.0,2780.1,2786.5,85285.0,29.25
2025-12-30,2781.0,2820.0,2648.1,2661.6,648333.0,60.11
2025-12-31,2684.9,2782.5,2680.9,2762.3,265744.0,29.22
2026-01-01,2750.0,2753.7,2230.3,2290.5,7660539.0,24.02
2026-01-02,2290.0,2340.0,2185.0,2249.3,5805144.0,16.23
2026-01-05,2256.6,2290.0,2255.0,2263.3,869103.0,21.2
2026-01-06,2269.0,2269.4,2169.3,2180.9,981789.0,34.39
2026-01-07,2190.0,2195.4,2144.0,2160.2,502221.0,29.59
2026-01-08,2161.3,2186.4,2125.8,2146.4,570762.0,28.55
2026-01-09,2140.4,2146.5,2070.0,2079.6,555072.0,34.71
2026-01-12,2084.0,2149.9,2059.0,2130.6,709991.0,28.91
2026-01-13,2145.0,2249.0,2129.7,2215.5,2219934.0,13.27
2026-01-14,2210.0,2250.0,2182.1,2227.1,364533.0,31.19
2026-01-15,2210.0,2250.0,2182.1,2227.1,364533.0,31.19
2026-01-16,2237.6,2274.0,2228.1,2244.8,369369.0,41.87
2026-01-19,2240.0,2240.0,2190.0,2192.8,218580.0,33.57
2026-01-20,2190.9,2223.0,2117.1,2126.0,398807.0,41.54
2026-01-21,2125.9,2130.0,2047.8,2063.0,453243.0,36.61
2026-01-22,2079.4,2125.0,2055.5,2064.1,235027.0,30.41
2026-01-23,2067.1,2078.0,1990.0,1997.3,244269.0,42.71
2026-01-26,2067.1,2078.0,1990.0,1997.3,244269.0,42.71
2026-01-27,2000.0,2056.0,1973.0,2017.3,381536.0,23.4
2026-01-28,2020.0,2037.9,2005.0,2021.6,184280.0,35.65
2026-01-29,2021.0,2042.9,1998.0,2026.0,173763.0,42.69
2026-01-30,2031.3,2089.8,2005.0,2035.5,362733.0,41.16
2026-02-02,1990.0,1991.2,1877.3,1916.8,691641.0,30.03
2026-02-03,2005.0,2008.9,1929.1,1976.8,335643.0,33.28
2026-02-04,1971.0,2059.9,1962.1,2044.7,306235.0,33.81
2026-02-05,2050.0,2050.1,1970.7,1982.0,197562.0,41.31
2026-02-06,1980.0,2229.5,1964.7,2188.3,7290096.0,7.55
2026-02-09,2192.9,2243.8,2142.5,2184.6,1080467.0,17.39
2026-02-10,2190.0,2209.5,2178.3,2192.2,260340.0,31.69
2026-02-11,2198.0,2198.2,2124.3,2134.8,295055.0,38.44
2026-02-12,2129.9,2135.6,2086.0,2124.7,266163.0,25.95
2026-02-13,2100.0,2113.6,2075.0,2081.8,146574.0,34.24
2026-02-16,2081.0,2092.9,2010.0,2014.6,373942.0,37.7
2026-02-17,2020.0,2144.0,2016.0,2065.8,1449630.0,14.24
2026-02-18,2083.7,2478.9,2066.1,2477.7,11296396.0,12.45
2026-02-19,2527.3,2635.0,2476.6,2523.7,9255923.0,7.54
2026-02-20,2480.0,2519.4,2385.0,2487.8,3178373.0,9.13
2026-02-23,2488.0,2497.5,2177.3,2213.1,3828735.0,21.19
2026-02-24,2230.0,2239.0,2120.8,2148.0,2072948.0,18.92
2026-02-25,2160.0,2185.7,2081.4,2093.4,1406388.0,24.93
2026-02-26,2106.0,2130.0,2075.1,2089.1,921639.0,20.93
2026-02-27,2111.0,2162.0,2066.2,2115.4,1292546.0,14.07
2026-03-02,2000.3,2080.0,2000.3,2042.9,599899.0,26.11
2026-03-03,2000.3,2080.0,2000.3,2042.9,599899.0,26.11
2026-03-04,2022.0,2035.9,1990.0,1996.6,439644.0,29.9
2026-03-05,2019.0,2050.0,1997.4,2033.0,476301.0,21.63
2026-03-06,2033.0,2102.2,2023.5,2052.9,484016.0,23.97
2026-03-09,1990.1,2018.0,1972.3,2006.2,304451.0,33.89
2026-03-10,2025.0,2068.0,2014.0,2058.7,350784.0,23.4
2026-03-11,2064.0,2159.9,2058.7,2122.8,1182096.0,22.7
2026-03-12,2113.6,2113.6,2048.4,2091.6,292687.0,25.68
2026-03-13,2080.0,2097.7,2010.0,2016.6,313887.0,32.11
2026-03-16,2017.5,2034.5,1970.1,2019.6,376194.0,26.84
2026-03-17,2040.0,2040.4,2004.0,2010.1,223166.0,32.82
2026-03-18,2011.0,2049.0,2011.0,2040.6,262309.0,30.97
2026-03-19,2028.0,2028.0,1989.2,1996.1,236597.0,45.65
2026-03-20,2004.1,2028.8,1983.0,1991.5,226742.0,33.43
2026-03-23,1983.0,1983.0,1832.1,1844.0,643418.0,35.1
2026-03-24,1901.0,1912.7,1846.5,1897.5,388124.0,23.17
2026-03-25,1915.0,2188.0,1906.3,2054.5,9392352.0,6.22
2026-03-26,1915.0,2188.0,1906.3,2054.5,9392352.0,6.22
2026-03-27,2030.0,2030.0,1890.0,1901.2,2056923.0,24.93
2026-03-30,1901.2,1967.0,1852.0,1873.5,1715454.0,13.7
2026-03-31,1901.2,1967.0,1852.0,1873.5,1715454.0,13.7
2026-04-01,1958.0,1981.0,1905.0,1927.3,908068.0,21.5
2026-04-02,1897.9,1921.0,1866.5,1909.9,706463.0,24.56
2026-04-03,1897.9,1921.0,1866.5,1909.9,706463.0,24.56
2026-04-06,1909.9,1936.7,1879.1,1926.5,561160.0,16.21
2026-04-07,1920.0,1963.3,1902.2,1930.2,535433.0,19.36
2026-04-08,2017.1,2035.4,1978.2,2005.6,937618.0,25.64
2026-04-09,2016.8,2087.7,2008.9,2034.8,1170556.0,17.66
2026-04-10,2076.3,2118.1,2059.1,2101.6,1332260.0,18.75
2026-04-13,2050.0,2068.0,2012.6,2043.3,569053.0,31.18
2026-04-14,2050.0,2068.0,2012.6,2043.3,569053.0,31.18
2026-04-15,2099.0,2146.4,2075.1,2092.8,1095549.0,22.43
2026-04-16,2122.0,2136.4,2077.2,2124.9,975344.0,24.37
2026-04-17,2200.0,2267.0,2184.9,2207.7,3521584.0,19.79
2026-04-20,2210.0,2214.5,2125.4,2137.8,947880.0,36.82
2026-04-21,2149.0,2154.4,2106.1,2114.4,738863.0,34.85
2026-04-22,2117.0,2204.7,2100.7,2164.6,1280482.0,27.12
2026-04-23,2150.0,2178.9,2134.3,2153.3,531822.0,21.82
2026-04-24,2150.0,2177.3,2085.0,2107.2,528548.0,29.76
2026-04-27,2120.0,2140.0,2081.0,2114.0,638156.0,18.98
2026-04-28,2114.0,2139.3,2106.0,2116.1,336959.0,35.59
2026-04-29,2130.0,2297.8,2125.6,2275.3,3926006.0,22.97
2026-04-30,2265.1,2293.8,2215.8,2251.0,1094541.0,27.5
2026-05-01,2265.1,2293.8,2215.8,2251.0,1094541.0,27.5
2026-05-04,2268.0,2287.6,2206.0,2216.3,468731.0,30.96
2026-05-05,2210.1,2244.2,2188.2,2238.7,371290.0,24.46
2026-05-06,2255.0,2330.0,2247.1,2308.0,1081334.0,29.03
2026-05-07,2319.5,2383.6,2308.0,2340.4,870716.0,29.56
2026-05-08,2334.0,2484.7,2328.3,2424.8,1761466.0,25.59
2026-05-11,2424.8,2444.0,2379.0,2392.1,605134.0,27.87
2026-05-12,2385.0,2435.2,2331.6,2341.3,783980.0,23.86
2026-05-13,2340.6,2469.9,2340.4,2418.6,1057281.0,20.23
2026-05-14,2440.0,2480.0,2380.0,2458.6,950347.0,27.15
2026-05-15,2478.0,2478.0,2390.0,2424.9,659641.0,25.3
2026-05-18,2439.0,2491.7,2275.6,2314.9,4036701.0,18.01
2026-05-19,2329.0,2384.5,2295.8,2339.9,1185848.0,15.2
2026-05-20,2317.6,2341.8,2232.1,2305.3,1152929.0,23.99
2026-05-21,2330.0,2375.4,2284.8,2312.1,1002246.0,18.25
2026-05-22,2315.0,2335.0,2292.6,2315.3,470602.0,19.96
2026-05-25,2328.0,2344.0,2307.0,2320.6,348976.0,27.09
2026-05-26,2314.9,2347.8,2290.0,2298.4,457173.0,26.43
2026-05-27,2305.5,2331.9,2293.0,2310.9,294706.0,33.13
2026-05-28,2305.5,2331.9,2293.0,2310.9,294706.0,33.13
2026-05-29,2319.9,2348.4,2271.7,2282.8,557834.0,27.98
2026-06-01,2300.0,2327.5,2245.3,2254.6,390082.0,29.48
2026-06-02,2253.8,2289.8,2220.9,2274.5,330670.0,25.72
2026-06-03,2266.5,2269.9,2201.0,2246.9,381324.0,14.6
2026-06-04,2230.0,2270.0,2225.3,2234.0,257355.0,19.34
2026-06-05,2234.0,2248.0,2206.0,2220.1,256712.0,28.4
2026-06-08,2200.0,2232.0,2161.9,2183.9,238324.0,28.34
2026-06-09,2186.0,2278.0,2186.0,2263.2,363095.0,35.55
2026-06-10,2269.0,2282.3,2224.4,2234.6,221599.0,25.19
2026-06-11,2219.9,2235.6,2185.0,2193.2,250616.0,30.68
2026-06-12,2239.0,2308.9,2228.2,2301.0,469827.0,36.32
2026-06-15,2330.0,2336.9,2230.0,2239.2,495305.0,45.02
2026-06-16,2245.0,2255.9,2227.7,2245.2,257877.0,31.54
2026-06-17,2246.0,2258.0,2238.5,2249.0,151986.0,35.92
2026-06-18,2257.0,2287.4,2251.0,2271.2,364889.0,38.17
2026-06-19,2265.0,2299.0,2236.0,2271.0,324125.0,33.93
2026-06-22,2273.2,2297.8,2273.2,2287.6,149806.0,42.28
2026-06-23,2270.1,2319.0,2229.1,2237.9,273011.0,36.45
2026-06-24,2238.6,2259.9,2221.1,2248.4,151588.0,27.61
2026-06-25,2259.0,2303.3,2236.1,2247.3,282198.0,25.3
2026-06-26,2259.0,2303.3,2236.1,2247.3,282198.0,25.3
2026-06-29,2248.0,2248.0,2185.0,2193.3,323319.0,32.78
2026-06-30,2210.0,2221.7,2150.0,2173.1,304526.0,37.86
2026-07-01,2178.0,2200.0,2155.1,2159.6,185408.0,35.91
2026-07-02,2165.0,2196.0,2165.0,2171.4,148772.0,32.67
2026-07-03,2178.0,2189.5,2145.0,2170.1,291690.0,37.77
2026-07-06,2170.0,2174.8,2136.0,2143.0,182770.0,44.27
2026-07-07,2150.8,2152.3,2117.3,2134.4,155866.0,29.13
2026-07-08,2124.9,2139.3,2070.0,2082.5,242643.0,41.13
2026-07-09,2089.0,2116.2,2080.1,2103.0,160140.0,30.74
2026-07-10,2113.4,2131.0,2099.1,2115.3,107592.0,34.94
2026-07-13,2098.0,2109.0,2085.0,2091.8,156157.0,42.1
2026-07-14,2084.1,2096.0,2062.6,2070.5,133148.0,36.97
2026-07-15,2070.5,2095.0,2069.6,2085.0,90140.0,26.27
2026-07-16,2092.0,2135.0,2086.0,2121.6,291301.0,37.38
2026-07-17,2110.1,2141.0,2103.0,2109.9,128339.0,30.33
2026-07-20,2104.0,2148.9,2090.9,2133.5,169932.0,33.65
2026-07-21,2132.0,2172.0,2122.6,2132.2,199263.0,30.0
2026-07-22,2132.2,2133.4,2067.7,2072.4,197462.0,43.49
2026-07-23,2072.4,2079.9,2037.0,2046.5,207599.0,35.56
2026-07-24,2038.0,2140.0,2027.4,2129.6,408425.0,26.38
2026-07-27,2144.9,2248.2,2121.2,2210.5,1459627.0,29.13
2026-07-28,2137.4,2137.4,2018.2,2031.3,2724128.0,23.92
2026-07-29,2021.3,2084.6,2013.0,2076.0,861418.0,21.53
2026-07-30,2075.6,2138.8,2032.0,2131.8,570317.0,38.51
2026-07-31,2144.0,2204.6,2122.0,2133.4,406755.0,28.53
2026-08-03,2144.8,2269.9,2134.2,2247.0,1547162.0,29.15
2026-08-04,2250.1,2410.0,2250.1,2336.9,2227258.0,20.96
2026-08-05,2336.9,2359.0,2288.0,2325.0,559710.0,21.85
2026-08-06,2325.0,2338.3,2288.2,2290.0,278917.0,27.22
2026-08-07,2293.0,2307.0,2271.0,2286.0,232091.0,30.16
2026-08-10,2299.8,2309.8,2272.7,2289.0,176163.0,35.23
2026-08-11,2262.0,2272.9,2212.0,2224.9,327551.0,37.37
2026-08-12,2223.5,2228.7,2150.0,2199.0,205693.0,31.69
2026-08-13,2196.0,2198.8,2160.0,2160.0,131197.0,41.29
2026-08-14,2160.0,2167.9,2141.4,2149.0,121955.0,39.71
2026-08-19,2106.0,2167.7,2093.7,2117.6,415947.0,17.9
2026-08-20,2127.4,2163.8,2095.0,2103.1,351124.0,21.12
2026-08-21,2113.6,2120.8,2099.8,2117.0,184685.0,49.42
2026-08-24,2111.0,2125.6,2095.9,2100.5,150168.0,33.54
2026-08-25,2105.0,2107.0,2067.1,2107.0,235034.0,27.98
2026-08-26,2106.0,2163.9,2105.9,2153.3,305495.0,30.91
2026-08-27,2153.0,2161.0,2110.0,2115.0,126205.0,38.95
2026-08-28,2117.5,2140.0,2105.9,2123.7,125235.0,30.23
2026-08-31,2124.0,2141.6,2088.0,2104.8,182819.0,35.8
2026-09-01,2104.8,2118.7,2072.0,2078.3,137521.0,35.85
2026-09-02,2072.0,2074.8,2025.4,2025.4,226079.0,44.41
