,Open,High,Low,Close,Volume,DeliveryPct
2018-08-06,1726.25,1844.0,1726.25,1815.95,19305566.0,
2018-08-07,1819.8,1834.0,1755.0,1769.95,3508379.0,
2018-08-08,1762.0,1798.9,1742.35,1779.65,1678483.0,
2018-08-09,1779.6,1787.0,1740.0,1749.05,674845.0,
2018-08-10,1740.0,1768.0,1740.0,1748.9,587382.0,
2018-08-13,1739.0,1741.2,1704.5,1705.55,726503.0,
2018-08-14,1707.5,1746.95,1707.5,1727.95,570586.0,
2018-08-16,1726.9,1741.0,1707.0,1710.3,377188.0,
2018-08-17,1719.7,1731.8,1714.05,1715.65,320048.0,
2018-08-20,1724.75,1755.8,1722.2,1747.15,793064.0,
2018-08-21,1757.5,1773.3,1747.0,1763.6,606276.0,
2018-08-23,1780.0,1848.8,1771.2,1834.7,2303105.0,
2018-08-24,1834.5,1924.4,1822.45,1895.05,2700488.0,
2018-08-27,1910.0,1970.0,1910.0,1942.0,1702446.0,
2018-08-28,1952.0,1955.45,1852.05,1863.8,1131489.0,
2018-08-29,1865.0,1865.0,1807.55,1820.05,1022262.0,
2018-08-30,1820.05,1854.65,1820.0,1837.6,427818.0,
2018-08-31,1840.0,1844.95,1810.0,1814.05,283317.0,
2018-09-03,1810.0,1810.0,1738.0,1741.9,1029800.0,
2018-09-04,1749.0,1772.0,1731.75,1738.45,558416.0,
2018-09-05,1742.0,1748.8,1662.0,1682.4,1043911.0,
2018-09-06,1690.0,1715.0,1681.25,1685.75,645979.0,
2018-09-07,1700.2,1703.95,1660.0,1672.25,718911.0,
2018-09-10,1672.9,1672.9,1626.0,1631.3,646712.0,
2018-09-11,1640.0,1665.0,1608.1,1614.15,607873.0,
2018-09-12,1619.9,1635.35,1592.9,1630.65,694731.0,
2018-09-14,1645.9,1658.0,1626.55,1635.45,421041.0,
2018-09-17,1625.0,1625.0,1595.0,1599.7,472311.0,
2018-09-18,1601.25,1604.5,1526.0,1536.2,831087.0,
2018-09-19,1475.0,1480.0,1396.5,1408.85,5636088.0,
2018-09-21,1425.0,1430.0,1250.0,1383.3,1963372.0,
2018-09-24,1390.0,1414.35,1325.2,1334.95,780175.0,
2018-09-25,1343.4,1406.85,1315.75,1397.2,963229.0,
2018-09-26,1417.0,1444.0,1410.0,1439.05,700334.0,
2018-09-27,1439.9,1445.45,1365.5,1371.1,458882.0,
2018-09-28,1394.0,1394.0,1308.0,1327.45,635077.0,
2018-10-01,1334.9,1334.9,1282.0,1301.4,528034.0,
2018-10-03,1300.0,1321.0,1280.0,1290.1,500186.0,
2018-10-04,1278.0,1308.7,1265.75,1292.55,502210.0,
2018-10-05,1295.0,1319.25,1282.2,1297.45,344449.0,
2018-10-08,1297.4,1302.0,1251.0,1272.9,339225.0,
2018-10-09,1280.25,1283.95,1250.0,1268.9,274939.0,
2018-10-10,1265.0,1335.25,1265.0,1323.9,309756.0,
2018-10-11,1281.0,1389.0,1250.0,1347.8,559977.0,
2018-10-12,1367.0,1384.9,1362.05,1369.4,246506.0,
2018-10-15,1376.4,1412.4,1354.85,1385.0,259617.0,
2018-10-16,1393.65,1407.0,1381.0,1389.1,171655.0,
2018-10-17,1400.0,1410.0,1350.0,1352.25,160226.0,
2018-10-19,1350.5,1350.5,1325.05,1331.9,134527.0,
2018-10-22,1340.7,1365.45,1332.0,1348.95,179780.0,
2018-10-23,1333.5,1375.45,1328.0,1367.4,271521.0,
2018-10-24,1375.8,1378.15,1352.0,1372.0,300874.0,
2018-10-25,1360.1,1363.8,1344.15,1353.55,204892.0,
2018-10-26,1344.0,1364.8,1326.0,1351.3,195905.0,
2018-10-29,1365.0,1382.1,1350.0,1374.85,173384.0,
2018-10-30,1375.0,1403.05,1355.75,1370.4,385986.0,
2018-10-31,1374.0,1413.8,1367.7,1400.5,253652.0,
2018-11-01,1411.8,1440.0,1400.85,1423.45,267720.0,
2018-11-02,1435.0,1450.95,1425.5,1436.7,268906.0,
2018-11-05,1435.0,1435.0,1412.7,1425.55,152583.0,
2018-11-06,1429.0,1438.0,1391.5,1402.85,96083.0,
2018-11-07,1415.0,1421.7,1406.1,1420.25,47590.0,
2018-11-09,1417.9,1417.9,1397.0,1404.8,117026.0,
2018-11-12,1410.65,1414.95,1398.0,1401.45,90429.0,
2018-11-13,1399.5,1403.2,1385.1,1393.45,84346.0,
2018-11-14,1398.95,1408.0,1393.0,1401.0,295936.0,
2018-11-15,1397.0,1410.0,1397.0,1400.55,93437.0,
2018-11-16,1405.0,1408.35,1391.2,1400.35,88505.0,
2018-11-19,1407.4,1421.0,1395.0,1403.5,252269.0,
2018-11-20,1401.0,1413.65,1400.0,1405.2,74810.0,
2018-11-21,1402.2,1418.85,1400.0,1413.8,94451.0,
2018-11-22,1428.5,1444.0,1419.0,1422.45,169626.0,
2018-11-26,1425.75,1503.4,1425.75,1472.95,682512.0,
2018-11-27,1478.0,1488.3,1444.1,1474.95,201275.0,
2018-11-28,1482.95,1482.95,1454.75,1462.55,189697.0,
2018-11-29,1471.65,1488.0,1466.55,1482.95,147435.0,
2018-11-30,1489.9,1537.95,1486.15,1520.4,343192.0,
2018-12-03,1529.9,1565.0,1526.1,1559.6,213411.0,
2018-12-04,1562.0,1593.0,1556.0,1578.5,213781.0,
2018-12-05,1573.0,1578.45,1555.0,1564.9,163598.0,
2018-12-06,1557.55,1583.6,1518.7,1549.8,316755.0,
2018-12-07,1560.15,1574.55,1541.0,1549.15,104990.0,
2018-12-10,1517.0,1532.0,1505.0,1511.0,113375.0,
2018-12-11,1475.75,1535.0,1475.75,1523.35,165700.0,
2018-12-12,1544.0,1569.9,1540.2,1565.8,128468.0,
2018-12-13,1576.8,1580.25,1542.4,1551.0,138215.0,
2018-12-14,1551.0,1567.8,1544.0,1563.1,99545.0,
2018-12-17,1556.1,1575.0,1551.15,1571.55,88404.0,
2018-12-18,1570.0,1599.0,1556.4,1593.3,199735.0,
2018-12-19,1600.0,1600.0,1561.05,1572.85,96275.0,
2018-12-20,1560.0,1572.85,1545.15,1548.8,76138.0,
2018-12-21,1558.25,1564.9,1455.9,1525.05,784274.0,
2018-12-24,1515.0,1537.0,1490.1,1493.6,111124.0,
2018-12-26,1487.9,1487.9,1457.2,1464.7,154609.0,
2018-12-27,1484.0,1494.3,1474.55,1485.75,80656.0,
2018-12-28,1495.5,1527.3,1490.65,1518.85,124044.0,
2018-12-31,1526.45,1535.0,1495.1,1504.95,80705.0,
2019-01-01,1504.95,1518.45,1491.65,1514.35,62202.0,
2019-01-02,1514.0,1524.0,1502.25,1506.05,58640.0,
2019-01-03,1513.65,1524.5,1502.0,1518.9,109265.0,
2019-01-04,1516.65,1528.8,1512.0,1523.35,46129.0,
2019-01-07,1530.0,1530.0,1503.0,1507.35,39572.0,
2019-01-08,1504.65,1512.45,1487.1,1490.85,59875.0,
2019-01-09,1496.6,1504.7,1490.0,1500.4,57825.0,
2019-01-10,1496.05,1512.65,1492.45,1507.5,50444.0,
2019-01-11,1507.0,1511.9,1495.0,1496.45,33550.0,
2019-01-14,1495.95,1495.95,1476.0,1481.4,39496.0,
2019-01-15,1489.0,1489.0,1475.0,1478.95,43337.0,
2019-01-16,1475.95,1483.95,1471.0,1474.55,39130.0,
2019-01-17,1482.0,1483.3,1470.1,1475.15,37697.0,
2019-01-18,1483.7,1493.85,1471.1,1485.15,187763.0,
2019-01-21,1493.0,1494.95,1475.2,1481.4,67180.0,
2019-01-22,1499.0,1508.4,1479.5,1487.65,188349.0,
2019-01-23,1481.1,1487.65,1454.5,1458.8,166425.0,
2019-01-24,1455.05,1467.0,1446.85,1456.0,48416.0,
2019-01-25,1464.8,1464.8,1420.0,1424.5,65300.0,
2019-01-28,1426.0,1428.0,1375.0,1383.35,98537.0,
2019-01-29,1384.8,1400.85,1361.8,1388.1,57629.0,
2019-01-30,1393.95,1398.3,1355.65,1373.15,84667.0,
2019-01-31,1379.85,1380.45,1353.6,1362.6,95672.0,
2019-02-01,1371.65,1378.45,1351.95,1361.55,108173.0,
2019-02-04,1361.5,1361.5,1340.0,1352.35,58361.0,
2019-02-05,1359.65,1365.95,1345.0,1362.6,79603.0,
2019-02-06,1368.95,1368.95,1343.0,1348.8,128784.0,
2019-02-07,1349.0,1364.95,1348.0,1350.8,79186.0,
2019-02-08,1350.65,1352.95,1341.0,1345.75,68629.0,
2019-02-11,1345.75,1348.1,1320.0,1324.8,75840.0,
2019-02-12,1337.65,1337.65,1320.85,1323.55,39749.0,
2019-02-13,1325.1,1342.85,1320.5,1339.25,51358.0,
2019-02-14,1326.05,1339.9,1314.0,1318.3,59259.0,
2019-02-15,1322.95,1329.0,1305.1,1319.15,45440.0,
2019-02-18,1322.0,1334.5,1320.0,1325.45,38304.0,
2019-02-19,1322.5,1326.55,1307.0,1311.4,43744.0,
2019-02-20,1311.3,1339.75,1311.0,1330.2,115973.0,
2019-02-21,1338.0,1352.5,1326.0,1348.65,103403.0,
2019-02-22,1353.0,1375.45,1344.0,1347.05,111916.0,
2019-02-25,1348.95,1354.95,1334.0,1339.35,54554.0,
2019-02-26,1337.5,1350.65,1320.0,1347.9,124109.0,
2019-02-27,1350.0,1365.8,1340.0,1351.4,89561.0,
2019-02-28,1351.45,1374.45,1348.05,1370.4,54338.0,
2019-03-01,1374.9,1416.0,1370.0,1410.7,138760.0,
2019-03-05,1418.0,1485.0,1417.0,1473.3,230196.0,
2019-03-06,1479.3,1524.0,1479.3,1503.65,286791.0,
2019-03-07,1506.0,1518.9,1488.0,1495.95,190406.0,
2019-03-08,1494.0,1494.0,1471.6,1488.4,100280.0,
2019-03-11,1497.9,1501.45,1490.75,1497.25,140939.0,
2019-03-12,1503.9,1523.9,1500.0,1508.4,142686.0,
2019-03-13,1506.9,1509.15,1497.35,1500.4,95245.0,
2019-03-14,1498.0,1512.0,1493.0,1507.8,87631.0,
2019-03-15,1515.0,1521.95,1502.0,1515.2,103534.0,
2019-03-18,1514.35,1520.95,1499.0,1501.05,73009.0,
2019-03-19,1500.2,1504.6,1487.0,1492.3,46668.0,
2019-03-20,1487.0,1492.35,1477.1,1480.6,64305.0,
2019-03-22,1481.0,1497.0,1479.0,1487.25,45569.0,
2019-03-25,1480.0,1480.0,1466.95,1469.85,54049.0,
2019-03-26,1470.0,1478.45,1466.0,1469.2,47639.0,
2019-03-27,1465.0,1538.0,1461.1,1497.15,177785.0,
2019-03-28,1496.9,1539.5,1490.2,1522.65,250834.0,
2019-03-29,1520.0,1542.6,1512.0,1533.9,120000.0,
2019-04-01,1538.0,1572.0,1535.05,1556.0,155227.0,
2019-04-02,1559.0,1579.6,1559.0,1569.0,94862.0,
2019-04-03,1572.5,1577.0,1555.15,1561.6,99356.0,
2019-04-04,1560.0,1567.9,1550.0,1558.1,42328.0,
2019-04-05,1558.1,1575.0,1544.85,1552.25,95007.0,
2019-04-08,1553.1,1560.9,1502.65,1525.3,137086.0,
2019-04-09,1533.0,1560.0,1515.0,1548.65,62193.0,
2019-04-10,1549.9,1558.15,1535.55,1539.8,33768.0,
2019-04-11,1524.1,1567.0,1520.0,1558.8,78656.0,
2019-04-12,1558.0,1587.0,1550.0,1578.4,89071.0,
2019-04-15,1588.5,1588.5,1579.6,1582.4,56390.0,
2019-04-16,1585.1,1587.0,1576.2,1580.3,35927.0,
2019-04-18,1571.1,1589.0,1531.5,1585.75,75489.0,
2019-04-22,1585.0,1599.0,1555.0,1575.65,103865.0,
2019-04-23,1580.0,1589.0,1576.15,1580.35,63609.0,
2019-04-24,1577.85,1595.0,1577.3,1592.25,71113.0,
2019-04-25,1587.05,1625.0,1587.05,1611.3,148955.0,
2019-04-26,1620.0,1624.95,1595.0,1613.05,77144.0,
2019-04-30,1635.0,1738.0,1631.0,1695.05,798999.0,
2019-05-02,1695.05,1718.9,1667.15,1697.55,347021.0,
2019-05-03,1701.1,1715.0,1650.0,1662.3,107257.0,
2019-05-06,1655.0,1664.7,1632.0,1638.6,78668.0,
2019-05-07,1645.0,1672.0,1635.0,1639.6,100129.0,
2019-05-08,1639.0,1664.0,1622.0,1633.65,96879.0,
2019-05-09,1628.0,1639.9,1621.05,1632.75,75661.0,
2019-05-10,1634.0,1646.95,1625.55,1643.55,83604.0,
2019-05-13,1631.0,1636.7,1575.0,1583.3,75725.0,
2019-05-14,1565.0,1590.0,1551.0,1584.7,90558.0,
2019-05-15,1595.0,1623.25,1581.0,1596.8,48365.0,
2019-05-16,1600.0,1609.3,1580.0,1587.45,41183.0,
2019-05-17,1582.0,1604.95,1575.05,1600.25,63193.0,
2019-05-20,1634.95,1664.95,1620.25,1643.65,91291.0,
2019-05-21,1652.0,1665.0,1643.7,1656.7,110358.0,
2019-05-22,1660.0,1709.0,1660.0,1703.6,258875.0,
2019-05-23,1714.0,1752.0,1710.05,1743.4,451370.0,
2019-05-24,1760.0,1764.0,1745.0,1757.55,159915.0,
2019-05-27,1768.7,1768.7,1728.0,1745.3,101648.0,
2019-05-28,1750.0,1780.0,1735.0,1764.0,87694.0,
2019-05-29,1758.85,1778.9,1741.75,1763.75,103517.0,
2019-05-30,1764.0,1769.4,1749.0,1758.25,57879.0,
2019-05-31,1760.0,1776.0,1753.15,1772.3,112877.0,
2019-06-03,1779.0,1789.25,1760.6,1784.25,118569.0,
2019-06-04,1780.0,1815.0,1780.0,1810.4,178143.0,
2019-06-06,1813.0,1839.65,1785.0,1807.3,193404.0,
2019-06-07,1809.0,1828.0,1786.1,1819.05,90648.0,
2019-06-10,1836.8,1836.8,1813.0,1830.1,63927.0,
2019-06-11,1829.9,1856.0,1820.75,1846.2,169575.0,
2019-06-12,1846.0,1870.0,1837.1,1861.6,114988.0,
2019-06-13,1854.9,1898.9,1831.85,1895.55,207667.0,
2019-06-14,1881.2,1949.0,1881.2,1936.45,398366.0,
2019-06-17,1935.0,1956.0,1912.15,1931.65,166057.0,
2019-06-18,1886.0,1886.0,1800.0,1809.1,1141067.0,
2019-06-19,1805.1,1834.0,1780.05,1802.85,265870.0,
2019-06-20,1805.0,1830.0,1801.0,1821.2,107254.0,
2019-06-21,1821.0,1894.0,1821.0,1872.25,218815.0,
2019-06-24,1885.0,1945.0,1870.0,1933.85,275168.0,
2019-06-25,1946.8,1972.0,1915.0,1952.55,413009.0,
2019-06-26,1947.0,1985.0,1946.0,1979.3,274131.0,
2019-06-27,1986.0,2051.2,1983.0,2036.65,556133.0,
2019-06-28,2030.0,2070.0,2030.0,2061.6,338980.0,
2019-07-01,2085.0,2099.0,2069.0,2080.95,243299.0,
2019-07-02,2088.0,2095.0,1985.1,2001.05,294594.0,
2019-07-03,2001.95,2039.0,1974.65,2022.75,278342.0,
2019-07-04,2015.8,2038.9,1996.0,2011.95,107722.0,
2019-07-05,2014.0,2028.0,1955.0,1974.15,126136.0,
2019-07-08,1960.0,1961.05,1886.0,1904.1,236653.0,
2019-07-09,1902.0,1969.9,1900.0,1946.1,193900.0,
2019-07-10,1955.1,1979.85,1925.0,1945.25,91971.0,
2019-07-11,1947.5,1956.1,1912.1,1919.8,99172.0,
2019-07-12,1920.0,1965.0,1920.0,1946.0,102716.0,
2019-07-15,1959.0,1965.0,1925.0,1934.8,103475.0,
2019-07-16,1943.0,2014.0,1915.0,1990.3,891007.0,
2019-07-17,2037.95,2127.0,2032.75,2075.4,1164875.0,
2019-07-18,2065.3,2192.0,2065.3,2170.0,1132963.0,
2019-07-19,2194.0,2370.0,2190.05,2318.4,2608148.0,
2019-07-22,2292.5,2294.0,2180.25,2204.7,562321.0,
2019-07-23,2190.0,2204.7,2131.1,2144.25,390049.0,
2019-07-24,2138.0,2211.8,2050.0,2064.4,927089.0,
2019-07-25,2070.0,2134.0,2065.2,2091.15,421226.0,
2019-07-26,2092.0,2208.0,2089.15,2195.35,517878.0,
2019-07-29,2213.3,2219.65,2141.25,2174.6,258360.0,
2019-07-30,2180.75,2237.4,2112.0,2135.2,375621.0,
2019-07-31,2121.0,2174.5,2094.05,2149.2,306075.0,
2019-08-01,2160.05,2187.4,2128.0,2136.4,303073.0,
2019-08-02,2112.2,2184.9,2105.0,2153.05,308040.0,
2019-08-05,2133.0,2140.0,2045.4,2055.8,425302.0,
2019-08-06,2055.0,2113.0,2055.0,2077.55,288121.0,
2019-08-07,2075.55,2174.95,2075.55,2122.35,467811.0,
2019-08-08,2138.7,2189.45,2132.0,2163.3,242523.0,
2019-08-09,2180.0,2236.6,2172.0,2228.55,531710.0,
2019-08-13,2239.0,2261.0,2200.0,2218.25,231439.0,
2019-08-14,2229.0,2249.95,2183.4,2200.5,255437.0,
2019-08-16,2200.3,2269.0,2191.1,2261.8,266030.0,
2019-08-19,2275.9,2334.9,2274.45,2295.3,345188.0,
2019-08-20,2316.4,2316.4,2262.0,2271.8,165890.0,
2019-08-21,2275.65,2279.2,2193.8,2200.75,293265.0,
2019-08-22,2199.0,2199.6,2125.9,2138.2,232733.0,
2019-08-23,2125.3,2187.85,2075.1,2175.7,370875.0,25.56
2019-09-30,1986.0,2051.2,1983.0,2036.65,556133.0,36.85
2019-10-01,2819.0,2827.5,2706.0,2744.65,228980.0,45.34
2019-10-02,2819.0,2827.5,2706.0,2744.65,228980.0,45.34
2019-10-03,2720.0,2750.0,2650.05,2706.1,185453.0,42.82
2019-10-04,2706.0,2722.7,2657.0,2677.0,245864.0,39.86
2019-10-07,2677.0,2756.0,2635.6,2691.75,366377.0,42.85
2019-10-08,2677.0,2756.0,2635.6,2691.75,366377.0,42.85
2019-10-09,2715.0,2798.2,2685.1,2708.35,515266.0,37.59
2019-10-10,2712.9,2760.9,2710.0,2723.55,293179.0,52.46
2019-10-11,2740.0,2749.9,2710.05,2726.0,157294.0,43.91
2019-10-14,2743.0,2758.0,2723.75,2733.2,228841.0,69.67
2019-10-15,2730.0,2744.0,2701.6,2705.0,234345.0,74.39
2019-10-16,2721.0,2729.7,2711.0,2720.5,215012.0,68.22
2019-10-17,2728.0,2735.15,2709.4,2717.25,178958.0,72.24
2019-10-18,2727.95,2927.85,2671.0,2882.65,1299013.0,38.11
2019-10-21,2727.95,2927.85,2671.0,2882.65,1299013.0,38.11
2019-10-22,2890.0,3074.7,2884.5,3020.6,806845.0,29.29
2019-10-23,3031.0,3118.0,2951.0,3086.05,530214.0,24.86
2019-10-24,3130.0,3139.0,2985.0,3000.6,459723.0,46.36
2019-10-25,3000.0,3002.05,2882.0,2898.55,453274.0,52.7
2019-10-28,2938.95,3089.95,2926.35,3056.7,345475.0,30.99
2019-10-29,3068.0,3068.0,2991.0,3012.3,423926.0,44.0
2019-10-30,3010.1,3049.95,2975.1,2985.85,329710.0,48.37
2019-10-31,3009.0,3014.5,2970.0,2994.3,246841.0,57.61
2019-11-01,3005.0,3005.0,2961.3,2970.1,201716.0,55.02
2019-11-04,2985.0,2985.0,2929.0,2946.95,230017.0,50.36
2019-11-05,2955.0,3072.5,2936.05,3008.3,1221743.0,33.83
2019-11-06,3007.75,3012.85,2924.45,2933.95,736147.0,51.34
2019-11-07,2952.0,3039.0,2892.3,3016.75,1272330.0,32.6
2019-11-08,3035.0,3248.9,3018.0,3191.55,2262911.0,39.36
2019-11-11,3205.0,3360.0,3199.95,3346.8,1413551.0,28.18
2019-11-12,3205.0,3360.0,3199.95,3346.8,1413551.0,28.18
2019-11-13,3385.0,3650.0,3376.05,3595.95,1766176.0,31.54
2019-11-14,3698.0,3774.0,3537.05,3604.0,1585360.0,30.54
2019-11-15,3625.0,3639.9,3483.1,3498.5,925254.0,46.91
2019-11-18,3496.0,3497.0,3435.1,3447.2,522942.0,58.83
2019-11-19,3464.0,3604.0,3461.0,3584.0,827673.0,37.39
2019-11-20,3618.0,3653.35,3575.0,3626.05,607075.0,45.76
2019-11-21,3646.6,3796.5,3646.6,3769.75,1163257.0,31.04
2019-11-22,3786.5,3844.0,3682.15,3707.8,930114.0,30.89
2019-11-25,3695.0,3695.0,3566.0,3588.6,661401.0,58.19
2019-11-26,3625.0,3689.7,3440.0,3578.85,7173290.0,67.68
2019-11-27,3670.0,3690.0,3604.4,3644.0,657658.0,23.78
2019-11-28,3625.0,3689.0,3616.2,3660.55,455638.0,30.16
2019-11-29,3660.6,3682.0,3525.0,3536.95,683162.0,41.58
2019-12-02,3535.0,3549.0,3365.0,3402.55,854180.0,42.89
2019-12-03,3389.0,3488.0,3370.0,3442.8,899295.0,32.75
2019-12-04,3349.0,3425.0,3274.0,3341.75,1855499.0,39.61
2019-12-05,3174.8,3247.7,3171.05,3201.2,3106880.0,41.44
2019-12-06,3225.0,3264.9,3175.2,3182.35,1282931.0,35.48
2019-12-09,3198.3,3213.8,2955.7,2984.2,1905995.0,35.97
2019-12-10,2966.0,3030.0,2834.0,2890.1,3340540.0,26.93
2019-12-11,2920.0,3047.0,2895.05,3026.85,1931868.0,32.14
2019-12-12,3084.0,3099.0,3032.4,3061.2,1034347.0,31.3
2019-12-13,3078.0,3138.0,3070.1,3126.05,792919.0,34.14
2019-12-16,3137.0,3166.85,3126.5,3140.75,499185.0,37.16
2019-12-17,3165.0,3168.0,3093.25,3153.3,667267.0,39.64
2019-12-18,3164.9,3164.9,3125.5,3145.6,437950.0,42.74
2019-12-19,3145.0,3160.0,3130.0,3142.35,332462.0,45.19
2019-12-20,3158.0,3259.9,3148.6,3247.7,1054999.0,42.94
2019-12-23,3250.0,3270.0,3202.0,3226.15,534599.0,34.82
2019-12-24,3226.0,3244.0,3201.65,3211.2,283925.0,34.42
2019-12-25,3226.0,3244.0,3201.65,3211.2,283925.0,34.42
2019-12-26,3220.0,3230.0,3180.2,3221.45,353547.0,30.14
2019-12-27,3240.0,3282.0,3204.0,3233.65,684325.0,33.53
2019-12-30,3233.6,3268.0,3220.0,3233.4,270636.0,34.09
2019-12-31,3235.0,3237.75,3185.0,3199.7,321319.0,47.02
2020-01-01,3198.05,3214.95,3168.5,3177.4,217655.0,30.64
2020-01-02,3171.25,3212.0,3160.65,3171.8,322391.0,36.87
2020-01-03,3170.0,3218.45,3165.2,3190.3,342200.0,33.75
2020-01-06,3162.8,3167.95,3036.05,3063.65,603188.0,37.12
2020-01-07,3082.0,3150.0,3076.0,3094.95,382317.0,27.39
2020-01-08,3025.2,3109.0,3002.25,3101.4,372582.0,29.8
2020-01-09,3148.45,3175.0,3115.0,3131.45,283802.0,46.31
2020-01-10,3126.0,3135.0,3071.0,3079.4,364459.0,51.71
2020-01-13,3090.0,3110.0,3055.0,3062.1,321948.0,62.81
2020-01-14,3075.0,3154.0,3063.65,3142.1,466628.0,42.36
2020-01-15,3154.0,3211.0,3145.05,3204.15,366511.0,39.88
2020-01-16,3222.0,3259.75,3217.6,3244.8,371056.0,46.09
2020-01-17,3257.9,3270.4,3241.05,3263.25,243008.0,49.37
2020-01-20,3279.6,3285.0,3203.4,3245.0,260251.0,38.85
2020-01-21,3228.0,3240.0,3172.0,3179.45,362236.0,45.44
2020-01-22,3210.0,3262.0,3140.0,3177.75,660200.0,40.51
2020-01-23,3171.4,3240.0,3171.4,3223.35,435772.0,53.05
2020-01-24,3225.0,3244.35,3194.0,3209.5,505490.0,76.78
2020-01-27,3198.9,3204.0,3162.8,3179.55,172858.0,47.63
2020-01-28,3190.0,3219.8,3178.0,3193.0,262484.0,54.01
2020-01-29,3199.7,3205.0,3163.0,3177.65,133279.0,47.02
2020-01-30,3181.0,3201.0,3154.85,3189.6,224807.0,54.73
2020-01-31,3180.0,3194.0,3160.0,3174.2,196125.0,61.26
2020-02-03,3000.0,3091.95,2992.5,3075.2,317506.0,49.79
2020-02-04,3090.6,3211.6,3090.6,3185.9,374359.0,44.82
2020-02-05,3204.8,3230.0,3175.0,3189.8,362120.0,47.97
2020-02-06,3205.0,3335.0,3165.6,3318.1,966152.0,39.7
2020-02-07,3345.0,3378.2,3293.15,3313.9,597375.0,42.42
2020-02-10,3320.0,3337.9,3278.75,3302.5,273251.0,37.9
2020-02-11,3330.0,3418.0,3315.55,3324.15,597307.0,35.03
2020-02-12,3336.8,3383.35,3330.0,3357.9,307000.0,42.75
2020-02-13,3360.0,3369.95,3318.0,3346.65,206696.0,44.5
2020-02-14,3363.4,3378.0,3318.0,3327.0,207023.0,48.35
2020-02-17,3327.0,3335.65,3208.75,3244.3,172453.0,47.3
2020-02-18,3245.0,3246.0,3182.0,3220.65,198514.0,50.47
2020-02-19,3236.0,3375.0,3236.0,3358.3,503635.0,31.46
2020-02-20,3372.0,3446.6,3345.0,3383.8,493099.0,36.9
2020-02-21,3372.0,3446.6,3345.0,3383.8,493099.0,36.9
2020-02-24,3360.0,3389.95,3262.1,3278.25,275139.0,48.55
2020-02-25,3298.0,3345.0,3252.3,3264.5,221332.0,44.69
2020-02-26,3250.0,3315.0,3225.0,3273.75,395946.0,42.76
2020-02-27,3263.0,3265.0,3187.0,3246.65,278275.0,47.81
2020-02-28,3150.0,3178.95,3100.0,3141.4,413686.0,63.21
2020-03-02,3210.0,3220.0,3019.05,3051.3,443650.0,49.43
2020-03-03,3056.0,3102.0,3026.85,3062.1,285682.0,49.6
2020-03-04,3080.0,3080.0,2995.0,3017.25,316386.0,54.96
2020-03-05,3030.0,3092.4,3017.7,3051.75,270095.0,51.6
2020-03-06,2900.0,2999.0,2870.0,2973.4,376843.0,48.03
2020-03-09,2900.0,2939.9,2776.75,2848.75,467146.0,48.89
2020-03-10,2900.0,2939.9,2776.75,2848.75,467146.0,48.89
2020-03-11,2860.1,2962.45,2826.0,2921.95,385368.0,44.36
2020-03-12,2820.0,2820.0,2435.5,2477.3,784125.0,49.65
2020-03-13,2166.0,2799.0,2002.1,2680.95,1080337.0,41.1
2020-03-16,2550.0,2680.0,2426.3,2517.35,487805.0,41.53
2020-03-17,2555.0,2624.0,2410.0,2442.0,494692.0,43.4
2020-03-18,2429.95,2500.0,2211.55,2305.7,987988.0,54.48
2020-03-19,2189.05,2320.0,2070.0,2299.45,754757.0,46.05
2020-03-20,2313.0,2533.0,2272.3,2423.7,712193.0,44.89
2020-03-23,2050.0,2300.0,2050.0,2111.65,599749.0,55.95
2020-03-24,2190.9,2253.95,2000.0,2026.15,637093.0,48.45
2020-03-25,2026.0,2130.0,1962.0,2038.95,662238.0,38.1
2020-03-26,2089.0,2250.0,2050.0,2145.05,818940.0,34.48
2020-03-27,2245.05,2249.95,2070.0,2083.45,676870.0,45.2
2020-03-30,2010.0,2082.75,1970.0,2049.1,442972.0,41.34
2020-03-31,2105.0,2138.0,2051.45,2112.8,465985.0,45.25
2020-04-01,2125.0,2220.0,2115.0,2185.75,418689.0,34.38
2020-04-02,2125.0,2220.0,2115.0,2185.75,418689.0,34.38
2020-04-03,2190.0,2224.0,2135.0,2177.15,520257.0,56.94
2020-04-06,2190.0,2224.0,2135.0,2177.15,520257.0,56.94
2020-04-07,2250.0,2255.0,2181.65,2243.05,676845.0,57.88
2020-04-08,2219.0,2440.0,2214.05,2318.75,601036.0,43.73
2020-04-09,2370.0,2485.0,2353.2,2447.25,368968.0,36.41
2020-04-10,2370.0,2485.0,2353.2,2447.25,368968.0,36.41
2020-04-13,2450.0,2584.0,2362.0,2545.55,519331.0,35.8
2020-04-15,2585.4,2709.5,2585.4,2616.1,593405.0,43.49
2020-04-16,2630.0,2680.0,2562.15,2600.5,389140.0,37.59
2020-04-17,2679.0,2730.0,2650.0,2676.95,306746.0,38.53
2020-04-20,2700.0,2820.0,2700.0,2792.85,364235.0,36.15
2020-04-21,2715.0,2730.0,2610.0,2626.4,479894.0,45.32
2020-04-22,2598.0,2646.0,2575.0,2626.25,406672.0,52.41
2020-04-23,2626.9,2671.15,2575.5,2591.2,296130.0,49.22
2020-04-24,2511.0,2519.0,2362.55,2427.75,622782.0,42.22
2020-04-27,2416.0,2620.15,2100.0,2553.45,1131528.0,22.97
2020-04-28,2585.0,2638.0,2483.6,2496.65,414552.0,36.09
2020-04-29,2514.0,2549.35,2460.0,2511.5,416974.0,47.19
2020-04-30,2555.0,2575.9,2506.0,2530.75,459904.0,51.88
2020-05-01,2555.0,2575.9,2506.0,2530.75,459904.0,51.88
2020-05-04,2415.0,2574.0,2410.05,2554.8,648606.0,48.96
2020-05-05,2599.0,2599.0,2511.0,2528.35,257543.0,44.72
2020-05-06,2544.95,2600.0,2503.0,2591.55,231986.0,45.2
2020-05-07,2570.05,2655.0,2570.05,2636.35,235736.0,40.21
2020-05-08,2650.2,2700.0,2558.5,2619.25,396561.0,29.97
2020-05-11,2525.0,2645.95,2501.3,2542.75,467224.0,23.71
2020-05-12,2558.0,2559.95,2474.05,2532.85,268965.0,32.36
2020-05-13,2606.0,2660.0,2530.0,2547.65,222380.0,38.79
2020-05-14,2549.8,2549.8,2490.45,2501.25,150083.0,44.07
2020-05-15,2501.0,2558.95,2456.0,2527.8,291578.0,32.62
2020-05-18,2530.0,2560.0,2472.0,2488.1,250803.0,37.66
2020-05-19,2512.0,2525.0,2475.0,2490.3,122755.0,46.01
2020-05-20,2494.0,2510.0,2440.0,2475.3,203078.0,40.97
2020-05-21,2495.0,2496.0,2450.0,2458.8,154126.0,42.06
2020-05-22,2455.0,2475.0,2415.0,2438.55,126561.0,29.29
2020-05-25,2455.0,2475.0,2415.0,2438.55,126561.0,29.29
2020-05-26,2450.0,2471.6,2432.0,2441.4,98366.0,49.9
2020-05-27,2440.0,2470.0,2392.4,2450.85,159833.0,36.43
2020-05-28,2441.0,2524.15,2441.0,2500.8,232177.0,42.59
2020-05-29,2480.0,2540.0,2442.05,2524.4,292203.0,51.6
2020-06-01,2573.1,2687.0,2552.6,2654.4,428978.0,38.36
2020-06-02,2675.0,2697.1,2640.0,2662.65,248723.0,29.64
2020-06-03,2674.8,2684.0,2625.0,2643.7,276505.0,61.23
2020-06-04,2640.0,2757.85,2610.1,2743.55,746529.0,67.59
2020-06-05,2760.1,2779.45,2668.7,2729.8,202558.0,37.75
2020-06-08,2770.0,2773.35,2674.0,2685.15,269337.0,53.45
2020-06-09,2685.0,2685.0,2620.0,2634.4,323611.0,64.8
2020-06-10,2630.0,2654.9,2598.0,2614.65,203021.0,40.78
2020-06-11,2615.25,2660.0,2603.05,2640.0,237255.0,60.14
2020-06-12,2531.0,2675.0,2531.0,2661.2,264342.0,45.33
2020-06-15,2661.2,2681.95,2588.0,2605.7,275791.0,57.83
2020-06-16,2600.0,2621.95,2532.5,2539.95,658531.0,43.13
2020-06-17,2456.1,2489.95,2405.5,2415.95,2391626.0,57.94
2020-06-18,2404.5,2438.9,2402.15,2425.55,1631978.0,56.66
2020-06-19,2419.8,2460.0,2410.25,2444.7,1024865.0,62.55
2020-06-22,2464.0,2511.0,2450.0,2460.75,1068846.0,66.95
2020-06-23,2490.0,2554.0,2472.0,2505.05,1116244.0,61.27
2020-06-24,2526.0,2540.8,2440.0,2447.3,652407.0,62.08
2020-06-25,2440.0,2468.8,2424.85,2448.4,356037.0,51.63
2020-06-26,2470.0,2503.3,2450.0,2488.1,461927.0,58.85
2020-06-29,2474.0,2499.0,2450.0,2482.8,349501.0,58.28
2020-06-30,2488.0,2496.5,2467.05,2483.35,388269.0,71.72
2020-07-01,2484.9,2496.0,2465.0,2476.15,245358.0,59.49
2020-07-02,2499.0,2529.0,2485.0,2516.45,428940.0,59.2
2020-07-03,2528.0,2561.0,2500.0,2543.95,428028.0,48.95
2020-07-06,2568.0,2618.8,2553.8,2590.3,503483.0,52.4
2020-07-07,2600.0,2626.55,2600.0,2619.2,421827.0,68.07
2020-07-08,2626.0,2632.0,2550.0,2557.0,353696.0,62.0
2020-07-09,2545.0,2551.75,2477.1,2488.75,443270.0,61.79
2020-07-10,2488.0,2498.0,2447.0,2458.65,300998.0,58.07
2020-07-13,2472.0,2478.75,2418.3,2445.7,299121.0,57.15
2020-07-14,2454.8,2462.0,2420.5,2441.3,380237.0,65.38
2020-07-15,2494.0,2500.55,2385.25,2427.55,1361718.0,54.48
2020-07-16,2413.85,2455.0,2390.55,2449.35,382092.0,64.5
2020-07-17,2457.0,2485.0,2426.2,2473.1,372021.0,60.43
2020-07-20,2484.4,2485.75,2442.0,2462.75,361379.0,65.7
2020-07-21,2470.8,2522.0,2468.1,2512.5,496526.0,54.58
2020-07-22,2525.0,2529.0,2483.15,2505.2,308623.0,60.81
2020-07-23,2510.0,2527.0,2475.3,2494.65,502866.0,44.94
2020-07-24,2480.0,2489.5,2451.0,2465.25,299311.0,68.46
2020-07-27,2459.9,2462.45,2411.0,2417.5,339542.0,71.65
2020-07-28,2421.0,2440.0,2391.0,2406.35,374820.0,65.63
2020-07-29,2387.2,2424.0,2380.0,2385.75,683413.0,79.85
2020-07-30,2405.0,2420.0,2385.05,2411.75,309372.0,62.82
2020-07-31,2411.75,2428.0,2387.7,2419.65,217996.0,57.72
2020-08-03,2420.0,2437.0,2395.1,2426.1,283538.0,62.65
2020-08-04,2436.0,2439.0,2406.0,2430.1,231608.0,58.09
2020-08-05,2435.0,2440.1,2385.0,2386.95,540055.0,66.35
2020-08-06,2400.0,2403.8,2368.05,2379.6,328049.0,60.26
2020-08-07,2380.9,2384.0,2352.25,2369.0,364760.0,64.72
2020-08-10,2384.0,2395.0,2361.0,2363.9,478138.0,70.39
2020-08-11,2361.3,2378.0,2337.0,2342.2,423447.0,67.24
2020-08-12,2342.95,2346.95,2325.55,2330.0,372487.0,69.82
2020-08-13,2340.0,2353.95,2318.05,2327.45,338176.0,65.2
2020-08-14,2341.0,2374.6,2324.8,2345.6,440895.0,55.88
2020-08-17,2365.0,2382.95,2332.3,2374.25,250376.0,63.12
2020-08-18,2385.0,2420.4,2376.05,2414.25,334272.0,56.34
2020-08-19,2424.95,2442.0,2396.0,2430.8,356096.0,67.51
2020-08-20,2410.05,2419.0,2385.0,2400.0,258407.0,62.37
2020-08-21,2410.0,2415.0,2389.0,2399.6,269235.0,69.74
2020-08-24,2400.0,2498.9,2400.0,2475.55,811885.0,46.81
2020-08-25,2500.0,2515.0,2461.0,2490.95,423777.0,50.35
2020-08-26,2492.0,2498.0,2436.0,2471.0,339043.0,50.93
2020-08-27,2484.0,2509.0,2460.15,2499.45,335029.0,54.2
2020-08-28,2515.0,2522.1,2475.0,2501.25,323851.0,53.29
2020-08-31,2525.0,2529.0,2390.4,2410.9,532346.0,64.58
2020-09-01,2415.0,2435.0,2381.95,2417.55,201367.0,50.34
2020-09-02,2421.0,2440.0,2401.0,2428.45,170153.0,61.47
2020-09-03,2439.9,2488.1,2430.5,2472.4,170897.0,57.81
2020-09-04,2407.7,2440.0,2390.0,2416.8,242046.0,60.45
2020-09-07,2414.0,2434.65,2400.5,2422.3,101851.0,38.92
2020-09-08,2429.95,2429.95,2403.8,2425.2,132774.0,66.06
2020-09-09,2392.0,2400.0,2357.0,2370.75,358554.0,73.74
2020-09-10,2394.9,2414.8,2380.0,2399.35,252305.0,76.04
2020-09-11,2389.0,2407.95,2363.0,2368.25,281488.0,72.24
2020-09-14,2372.0,2390.0,2335.0,2350.0,332717.0,72.67
2020-09-15,2350.0,2364.0,2303.05,2307.3,431042.0,71.39
2020-09-16,2324.0,2324.0,2288.0,2291.2,554647.0,76.99
2020-09-17,2285.15,2333.0,2251.0,2259.65,489175.0,75.52
2020-09-18,2274.0,2274.95,2181.0,2215.45,891189.0,76.81
2020-09-21,2199.9,2208.0,2159.0,2164.55,490154.0,64.28
2020-09-22,2160.0,2163.0,2122.0,2152.85,513395.0,65.93
2020-09-23,2170.0,2250.95,2132.15,2143.1,486620.0,46.34
2020-09-24,2138.0,2138.45,2100.1,2103.25,490621.0,67.47
2020-09-25,2125.0,2131.0,2070.05,2110.75,373819.0,50.06
2020-09-28,2127.75,2280.0,2127.75,2251.55,453254.0,39.55
2020-09-29,2299.0,2320.0,2210.0,2254.85,449989.0,25.24
2020-09-30,2274.0,2292.2,2221.0,2269.85,291280.0,47.05
2020-10-01,2284.0,2284.0,2248.0,2275.1,191136.0,48.87
2020-10-02,2284.0,2284.0,2248.0,2275.1,191136.0,48.87
2020-10-05,2300.0,2323.0,2270.0,2300.55,232172.0,54.61
2020-10-06,2308.95,2325.9,2289.0,2318.55,163856.0,52.05
2020-10-07,2319.0,2344.5,2291.4,2327.8,230592.0,53.1
2020-10-08,2339.55,2356.0,2321.0,2347.5,181095.0,55.52
2020-10-09,2346.7,2374.2,2330.2,2367.8,204651.0,55.8
2020-10-12,2374.7,2374.7,2282.15,2303.2,235166.0,37.89
2020-10-13,2285.0,2293.7,2258.0,2284.9,166529.0,54.53
2020-10-14,2292.0,2333.0,2266.05,2324.1,327420.0,48.67
2020-10-15,2324.0,2325.5,2270.1,2275.65,233114.0,71.35
2020-10-16,2285.0,2299.9,2260.65,2284.4,116422.0,46.9
2020-10-19,2291.0,2335.0,2285.1,2328.95,285033.0,77.32
2020-10-20,2329.9,2354.0,2309.0,2347.55,152743.0,55.56
2020-10-21,2352.8,2355.0,2319.2,2336.8,161626.0,62.73
2020-10-22,2342.0,2362.7,2312.45,2357.1,121881.0,48.86
2020-10-23,2325.0,2356.5,2296.05,2308.9,331594.0,55.22
2020-10-26,2308.0,2310.0,2275.1,2305.15,149562.0,63.42
2020-10-27,2290.0,2330.0,2266.0,2295.4,321144.0,65.12
2020-10-28,2301.0,2304.95,2270.0,2282.25,141127.0,66.66
2020-10-29,2260.0,2275.85,2237.05,2262.35,303743.0,77.33
2020-10-30,2262.35,2272.4,2245.0,2250.2,176325.0,70.08
2020-11-02,2254.0,2268.0,2225.9,2251.5,150056.0,68.64
2020-11-03,2251.95,2270.0,2246.0,2256.5,111718.0,65.3
2020-11-04,2277.8,2280.0,2236.6,2264.3,137102.0,61.84
2020-11-05,2279.0,2319.75,2264.35,2312.4,167818.0,60.24
2020-11-06,2323.0,2385.0,2313.05,2377.25,293470.0,58.61
2020-11-09,2400.0,2518.0,2398.0,2508.7,1003974.0,42.89
2020-11-10,2525.0,2525.0,2407.05,2447.75,438580.0,41.91
2020-11-11,2450.05,2496.75,2411.5,2443.75,305706.0,39.58
2020-11-12,2443.75,2463.0,2415.3,2435.85,207058.0,32.3
2020-11-13,2415.0,2435.0,2400.05,2404.15,152414.0,53.84
2020-11-16,2437.0,2459.9,2418.0,2451.65,84655.0,63.26
2020-11-17,2510.0,2524.4,2480.0,2504.9,557710.0,46.02
2020-11-18,2500.0,2500.0,2461.0,2469.2,247769.0,49.59
2020-11-19,2459.0,2464.35,2410.0,2424.75,212741.0,57.45
2020-11-20,2434.6,2440.0,2400.05,2409.65,151132.0,47.06
2020-11-23,2439.0,2476.0,2415.0,2427.85,288384.0,49.04
2020-11-24,2451.0,2483.0,2430.0,2472.25,256302.0,47.22
2020-11-25,2480.0,2568.45,2480.0,2513.4,1163071.0,29.77
2020-11-26,2530.0,2554.9,2505.95,2548.7,379914.0,37.18
2020-11-27,2558.0,2577.1,2500.0,2538.8,569891.0,50.43
2020-11-30,2558.0,2577.1,2500.0,2538.8,569891.0,50.43
2020-12-01,2549.0,2549.35,2500.0,2511.45,373724.0,59.36
2020-12-02,2515.0,2589.0,2511.55,2555.05,514686.0,39.66
2020-12-03,2559.95,2578.0,2544.05,2565.9,247420.0,56.28
2020-12-04,2575.85,2611.3,2555.05,2591.15,353177.0,49.03
2020-12-07,2611.7,2722.3,2600.0,2711.0,770510.0,37.26
2020-12-08,2735.0,2845.0,2730.0,2829.4,1336834.0,24.79
2020-12-09,2829.4,2863.45,2776.0,2811.95,495141.0,33.5
2020-12-10,2813.0,2848.0,2756.0,2839.15,426532.0,30.98
2020-12-11,2839.15,2888.0,2780.0,2838.6,370666.0,34.89
2020-12-14,2849.0,2852.0,2804.15,2841.8,204663.0,41.22
2020-12-15,2839.0,2839.0,2780.0,2790.8,243069.0,50.53
2020-12-16,2822.95,2875.75,2805.0,2862.7,508637.0,43.23
2020-12-17,2862.0,2862.7,2822.05,2838.25,163850.0,47.62
2020-12-18,2879.0,2899.0,2838.0,2862.0,440111.0,54.02
2020-12-21,2861.9,2950.0,2700.0,2785.35,799804.0,32.28
2020-12-22,2786.0,2905.95,2678.0,2881.05,613023.0,35.52
2020-12-23,2880.0,2982.8,2855.25,2938.95,764360.0,46.59
2020-12-24,2970.0,2990.0,2880.0,2891.45,397620.0,49.42
2020-12-25,2970.0,2990.0,2880.0,2891.45,397620.0,49.42
2020-12-28,2924.0,2933.95,2881.05,2894.8,226171.0,35.19
2020-12-29,2914.8,2923.4,2876.5,2907.5,228878.0,37.6
2020-12-30,2924.8,2927.0,2876.1,2908.7,237351.0,49.52
2020-12-31,2908.0,2928.85,2899.1,2918.0,211560.0,51.97
2021-01-01,2937.65,3015.0,2935.0,2998.05,725339.0,28.74
2021-01-04,3015.95,3033.7,2970.4,3025.65,342044.0,42.68
2021-01-05,3000.0,3120.0,2987.95,3091.95,428513.0,36.82
2021-01-06,3119.1,3138.95,3052.5,3099.8,366690.0,39.7
2021-01-07,3119.75,3122.9,3028.2,3063.15,334927.0,45.73
2021-01-08,3063.0,3145.0,3053.15,3137.85,468406.0,52.29
2021-01-11,3150.0,3195.95,3137.85,3182.45,338546.0,49.9
2021-01-12,3182.45,3235.0,3162.1,3212.6,274537.0,44.94
2021-01-13,3220.0,3258.95,3173.2,3245.9,440477.0,45.77
2021-01-14,3259.0,3339.95,3245.0,3315.2,435489.0,44.59
2021-01-15,3338.0,3358.9,3225.05,3244.4,442190.0,47.83
2021-01-18,3244.0,3290.9,3157.45,3185.85,325098.0,38.51
2021-01-19,3190.1,3226.0,3161.0,3204.6,291562.0,46.85
2021-01-20,3208.0,3243.05,3180.0,3207.0,210673.0,25.58
2021-01-21,3207.0,3207.0,3077.95,3097.6,590499.0,46.67
2021-01-22,3100.05,3133.45,3071.05,3101.0,378573.0,51.52
2021-01-25,3101.0,3119.75,2925.05,2953.15,614840.0,45.15
2021-01-26,3101.0,3119.75,2925.05,2953.15,614840.0,45.15
2021-01-27,2954.45,2973.6,2891.7,2919.45,333423.0,48.06
2021-01-28,2895.0,2940.0,2877.55,2920.85,219708.0,42.17
2021-01-29,2938.1,2960.2,2852.15,2876.55,346133.0,63.73
2021-02-01,2890.1,2985.0,2843.45,2955.9,449714.0,51.73
2021-02-02,2999.4,3037.0,2950.0,2977.4,212746.0,38.97
2021-02-03,3000.0,3074.1,2961.45,3025.2,357290.0,31.22
2021-02-04,3025.0,3069.0,3002.6,3022.65,289299.0,42.85
2021-02-05,3025.55,3051.1,2934.45,2966.8,242841.0,46.47
2021-02-08,2984.0,3094.0,2972.1,3086.7,291684.0,42.63
2021-02-09,3095.9,3108.95,2991.95,3010.3,312441.0,49.71
2021-02-10,2998.65,3029.0,2984.0,2999.3,222359.0,50.77
2021-02-11,3002.95,3015.0,2975.0,2979.4,193061.0,61.38
2021-02-12,2990.1,3026.7,2975.45,2998.4,188575.0,30.46
2021-02-15,3007.0,3047.0,3000.0,3005.2,167365.0,33.07
2021-02-16,3019.95,3048.0,2981.0,3000.55,189278.0,27.66
2021-02-17,3000.1,3024.0,2978.1,2986.7,184607.0,36.69
2021-02-18,2996.0,3013.85,2959.0,2974.35,188345.0,38.95
2021-02-19,2980.0,2998.35,2902.2,2934.25,144684.0,41.16
2021-02-22,2930.1,2957.55,2855.0,2869.05,151270.0,52.47
2021-02-23,2887.6,2929.95,2864.05,2882.8,145368.0,44.63
2021-02-24,2915.35,2959.95,2915.35,2925.85,175465.0,49.5
2021-02-25,2930.0,2965.0,2930.0,2951.95,253631.0,50.78
2021-02-26,2925.0,2985.0,2896.05,2937.0,345400.0,46.06
2021-03-01,2935.0,2980.0,2930.0,2938.75,126968.0,43.18
2021-03-02,2950.0,2954.95,2892.05,2934.1,190913.0,46.83
2021-03-03,2950.0,3220.0,2934.0,3188.9,1461732.0,26.1
2021-03-04,3130.0,3227.8,3120.0,3154.4,484577.0,28.01
2021-03-05,3152.85,3209.8,3115.0,3137.8,378620.0,37.53
2021-03-08,3174.0,3194.95,3138.3,3150.0,154117.0,46.19
2021-03-09,3178.0,3247.25,3145.35,3151.65,545769.0,18.66
2021-03-10,3180.0,3189.0,3110.05,3118.5,149911.0,43.59
2021-03-11,3180.0,3189.0,3110.05,3118.5,149911.0,43.59
2021-03-12,3118.5,3153.8,3050.0,3063.2,227797.0,52.57
2021-03-15,3063.2,3087.0,2935.0,3005.8,242623.0,32.91
2021-03-16,3004.05,3029.95,2965.25,2974.35,153523.0,49.32
2021-03-17,2974.0,2987.3,2903.9,2914.3,179186.0,53.6
2021-03-18,2940.0,2944.7,2838.0,2845.6,254337.0,47.17
2021-03-19,2826.0,2930.5,2772.75,2871.0,407477.0,42.44
2021-03-22,2889.0,2890.0,2850.65,2882.55,158775.0,46.4
2021-03-23,2909.0,2940.0,2880.0,2896.4,180653.0,42.94
2021-03-24,2880.0,2918.4,2837.0,2848.8,209096.0,54.15
2021-03-25,2845.0,2845.0,2782.9,2808.0,228820.0,46.72
2021-03-26,2816.2,2865.25,2816.2,2854.35,185010.0,50.58
2021-03-29,2816.2,2865.25,2816.2,2854.35,185010.0,50.58
2021-03-30,2860.0,2912.0,2860.0,2892.25,180923.0,53.15
2021-03-31,2885.1,2974.0,2875.0,2919.0,251080.0,34.29
2021-04-01,2935.0,2975.0,2891.15,2963.35,121493.0,37.4
2021-04-02,2935.0,2975.0,2891.15,2963.35,121493.0,37.4
2021-04-05,2936.5,2947.7,2851.0,2902.35,148725.0,37.55
2021-04-06,2910.0,2915.0,2840.0,2882.9,257324.0,35.92
2021-04-07,2870.0,2930.35,2857.1,2899.3,247720.0,49.57
2021-04-08,2908.0,3042.0,2892.85,3005.4,462533.0,44.56
2021-04-09,3010.0,3050.1,2941.6,2951.95,359984.0,49.44
2021-04-12,2880.0,2915.0,2756.0,2844.7,330160.0,38.36
2021-04-13,2842.0,2890.0,2827.0,2873.0,190538.0,32.49
2021-04-14,2842.0,2890.0,2827.0,2873.0,190538.0,32.49
2021-04-15,2855.25,2959.0,2855.25,2949.5,314438.0,35.53
2021-04-16,2945.0,2977.0,2922.9,2929.8,116436.0,37.54
2021-04-19,2850.0,2871.0,2803.0,2819.35,219420.0,44.05
2021-04-20,2834.0,2855.0,2775.0,2790.9,236066.0,49.51
2021-04-21,2834.0,2855.0,2775.0,2790.9,236066.0,49.51
2021-04-22,2772.0,2848.0,2772.0,2783.35,265533.0,56.93
2021-04-23,2777.0,2845.0,2777.0,2822.4,256696.0,43.29
2021-04-26,2858.0,2858.0,2813.0,2832.4,124493.0,42.89
2021-04-27,2839.0,2880.0,2838.0,2865.15,250086.0,31.31
2021-04-28,2852.9,2854.9,2778.2,2806.0,624328.0,31.59
2021-04-29,2854.0,2855.0,2780.2,2792.2,297386.0,40.88
2021-04-30,2779.0,2825.0,2757.05,2776.35,326476.0,34.26
2021-05-03,2769.1,2771.85,2735.75,2753.95,249016.0,56.06
2021-05-04,2755.0,2789.5,2724.0,2728.35,282871.0,51.33
2021-05-05,2728.0,2750.0,2715.05,2729.95,195994.0,47.94
2021-05-06,2735.0,2768.0,2725.0,2732.15,276736.0,54.45
2021-05-07,2739.0,2749.0,2699.65,2718.65,420702.0,58.13
2021-05-10,2720.0,2804.35,2720.0,2794.6,627361.0,58.6
2021-05-11,2794.6,2820.2,2760.1,2796.1,240617.0,41.08
2021-05-12,2790.0,2833.85,2764.6,2814.85,233169.0,45.94
2021-05-13,2790.0,2833.85,2764.6,2814.85,233169.0,45.94
2021-05-14,2827.0,2840.8,2786.0,2799.45,171158.0,40.79
2021-05-17,2795.0,2835.0,2793.2,2822.15,141860.0,52.85
2021-05-18,2842.2,2844.7,2817.7,2835.05,154842.0,62.18
2021-05-19,2821.0,2869.0,2819.95,2848.5,133667.0,38.54
2021-05-20,2848.0,2859.0,2809.0,2812.9,121818.0,43.53
2021-05-21,2829.0,2833.8,2800.05,2813.6,130135.0,39.48
2021-05-24,2820.0,2829.35,2790.15,2821.2,122041.0,51.3
2021-05-25,2835.1,2838.0,2813.05,2824.95,133553.0,62.79
2021-05-26,2825.5,2835.0,2815.0,2819.95,87468.0,50.78
2021-05-27,2831.0,2865.0,2800.0,2839.8,261342.0,66.61
2021-05-28,2865.0,2981.95,2865.0,2969.75,934408.0,24.46
2021-05-31,2984.95,3012.0,2932.1,2982.15,360601.0,27.41
2021-06-01,2985.0,3012.0,2952.05,2964.9,198733.0,40.34
2021-06-02,2965.0,3024.0,2965.0,3014.6,369058.0,38.9
2021-06-03,3045.0,3080.0,3016.05,3051.1,290567.0,35.17
2021-06-04,3079.0,3100.0,3060.0,3067.6,223282.0,38.14
2021-06-07,3068.0,3069.95,3004.0,3032.7,142526.0,51.98
2021-06-08,3050.0,3134.0,3050.0,3069.05,537456.0,27.17
2021-06-09,3077.0,3087.6,3010.0,3029.7,212418.0,55.37
2021-06-10,3030.0,3114.8,3015.75,3077.75,382533.0,42.66
2021-06-11,3080.1,3105.0,3041.0,3093.0,280663.0,50.23
2021-06-14,3094.9,3094.9,3015.25,3085.05,121196.0,45.61
2021-06-15,3098.9,3119.8,3070.95,3083.75,149903.0,48.84
2021-06-16,3085.9,3089.9,3045.05,3055.4,105013.0,49.03
2021-06-17,3025.0,3029.95,2984.0,3012.3,181349.0,42.02
2021-06-18,3012.3,3029.0,2920.0,2945.0,310441.0,58.61
2021-06-21,2922.0,2985.0,2908.05,2973.25,129363.0,46.25
2021-06-22,2999.0,3004.95,2953.5,2961.15,113602.0,44.99
2021-06-23,2981.0,2986.9,2936.2,2946.8,117904.0,42.51
2021-06-24,2950.0,2970.0,2916.9,2934.55,119866.0,46.49
2021-06-25,2947.0,3000.0,2934.65,2985.3,182970.0,40.76
2021-06-28,3000.0,3020.0,2954.95,2973.15,191839.0,46.39
2021-06-29,2943.0,2976.9,2930.0,2944.0,226803.0,53.74
2021-06-30,2963.0,2963.0,2912.65,2917.45,200329.0,53.24
2021-07-01,2920.05,2927.95,2889.55,2894.6,144007.0,58.75
2021-07-02,2894.6,2914.95,2867.55,2875.6,209847.0,66.65
2021-07-05,2885.0,2905.0,2870.0,2877.8,137236.0,49.04
2021-07-06,2871.0,2934.8,2871.0,2886.15,231432.0,40.14
2021-07-07,2898.0,2914.6,2890.0,2898.65,102033.0,47.04
2021-07-08,2903.0,2954.0,2896.05,2934.7,318520.0,33.98
2021-07-09,2948.55,2948.55,2900.0,2920.95,138907.0,39.97
2021-07-12,2926.9,2968.95,2926.9,2935.35,185109.0,54.9
2021-07-13,2957.0,2965.0,2920.1,2937.45,115303.0,45.08
2021-07-14,2935.0,2962.0,2930.5,2957.05,125421.0,45.74
2021-07-15,2965.0,3097.0,2952.0,3086.15,829147.0,29.3
2021-07-16,3128.0,3289.0,3060.6,3094.45,3421311.0,10.48
2021-07-19,3050.0,3050.0,2971.0,2992.25,758422.0,25.24
2021-07-20,2981.0,2981.0,2865.3,2877.65,719896.0,38.05
2021-07-21,2981.0,2981.0,2865.3,2877.65,719896.0,38.05
2021-07-22,2897.95,2920.0,2865.25,2885.75,530450.0,57.71
2021-07-23,2891.0,2911.85,2883.0,2899.6,236653.0,52.43
2021-07-26,2899.6,2900.5,2860.3,2868.75,193067.0,58.11
2021-07-27,2874.0,2889.75,2825.0,2864.25,154117.0,46.67
2021-07-28,2887.0,2887.0,2815.0,2827.1,212639.0,53.31
2021-07-29,2842.0,2854.95,2810.05,2826.65,161895.0,51.01
2021-07-30,2826.9,2860.0,2821.0,2854.15,225152.0,57.99
2021-08-02,2890.0,2894.0,2833.15,2871.55,242971.0,47.41
2021-08-03,2871.0,2911.5,2855.3,2901.8,192754.0,55.1
2021-08-04,2915.0,2939.35,2900.3,2921.1,310294.0,42.25
2021-08-05,2934.9,2934.9,2860.05,2925.3,210561.0,53.9
2021-08-06,2925.0,2929.0,2898.0,2923.05,134904.0,49.5
2021-08-09,2950.0,2980.0,2931.15,2968.95,454639.0,47.36
2021-08-10,2974.95,2989.0,2942.5,2984.4,373909.0,47.6
2021-08-11,2994.1,3001.6,2863.75,2946.25,428794.0,35.85
2021-08-12,2939.0,2973.95,2925.05,2970.6,181456.0,51.59
2021-08-13,2971.0,2994.2,2930.65,2939.55,113956.0,42.97
2021-08-16,2922.2,2962.0,2890.0,2949.6,155172.0,41.74
2021-08-17,2949.0,2985.2,2924.0,2977.75,211390.0,55.59
2021-08-18,2997.0,3025.0,2961.55,2995.9,333973.0,38.99
2021-08-19,2997.0,3025.0,2961.55,2995.9,333973.0,38.99
2021-08-20,2930.0,2960.0,2915.0,2938.2,246206.0,55.67
2021-08-23,2959.3,2959.3,2851.85,2906.05,350678.0,59.83
2021-08-24,2915.0,2938.0,2890.85,2922.35,114373.0,47.46
2021-08-25,2926.05,2975.0,2926.0,2959.8,210493.0,45.24
2021-08-26,2965.0,2987.7,2956.95,2977.6,188007.0,48.44
2021-08-27,2980.0,3053.0,2967.2,3030.3,474783.0,46.05
2021-08-30,3059.0,3093.0,3040.95,3061.9,402042.0,49.32
2021-08-31,3070.0,3084.0,3043.0,3074.3,398418.0,53.24
2021-09-01,3076.0,3110.95,3052.05,3097.95,303442.0,49.77
2021-09-02,3100.0,3127.0,3097.5,3111.1,200314.0,53.89
2021-09-03,3109.0,3199.0,3082.05,3164.15,429455.0,57.32
2021-09-06,3197.0,3262.6,3151.0,3188.75,537741.0,30.7
2021-09-07,3210.0,3210.0,3100.1,3125.4,266529.0,38.58
2021-09-08,3139.4,3299.0,3125.75,3267.65,817014.0,37.61
2021-09-09,3295.45,3365.0,3221.85,3248.4,1264083.0,16.14
2021-09-10,3295.45,3365.0,3221.85,3248.4,1264083.0,16.14
2021-09-13,3258.5,3316.0,3158.4,3302.05,595412.0,26.44
2021-09-14,3314.0,3338.0,3255.0,3268.9,298333.0,34.92
2021-09-15,3278.0,3291.65,3228.95,3255.8,335701.0,52.88
2021-09-16,3259.0,3300.0,3201.75,3288.95,282130.0,36.67
2021-09-17,3298.0,3325.0,3232.1,3268.8,491747.0,40.9
2021-09-20,3255.0,3259.95,3152.05,3217.75,620651.0,51.98
2021-09-21,3210.0,3233.0,3151.9,3203.95,219468.0,33.03
2021-09-22,3201.0,3240.0,3163.0,3213.1,301230.0,47.57
2021-09-23,3225.0,3292.0,3225.0,3240.65,340496.0,46.33
2021-09-24,3254.1,3264.5,3188.5,3208.2,326338.0,53.56
2021-09-27,3230.0,3238.0,3150.0,3167.95,325812.0,63.2
2021-09-28,3167.95,3177.4,3040.0,3074.35,440283.0,62.34
2021-09-29,2910.0,2936.8,2875.65,2905.15,7338287.0,40.62
2021-09-30,2919.0,2934.0,2905.15,2908.6,575176.0,44.56
2021-10-01,2898.5,2948.65,2881.1,2932.25,528417.0,48.13
2021-10-04,2930.0,2939.9,2902.1,2908.55,1075319.0,79.19
2021-10-05,2908.55,2924.4,2900.05,2905.75,755420.0,69.56
2021-10-06,2910.0,2924.95,2885.1,2894.5,489173.0,60.5
2021-10-07,2905.2,2920.5,2905.0,2908.85,288775.0,54.64
2021-10-08,2915.0,2921.0,2887.55,2893.75,336473.0,60.88
2021-10-11,2907.7,2920.95,2894.0,2914.2,284235.0,58.14
2021-10-12,2912.0,2919.9,2895.65,2906.85,228279.0,52.73
2021-10-13,2910.0,2920.0,2898.35,2900.4,198056.0,64.96
2021-10-14,2918.0,2964.5,2902.05,2950.15,654193.0,54.03
2021-10-15,2918.0,2964.5,2902.05,2950.15,654193.0,54.03
2021-10-18,2979.0,2979.0,2930.1,2932.45,307747.0,54.29
2021-10-19,2935.1,2952.7,2900.0,2904.65,329037.0,37.55
2021-10-20,2900.0,2913.6,2848.15,2860.6,302847.0,52.72
2021-10-21,2888.0,2888.0,2826.2,2842.25,248210.0,53.1
2021-10-22,2850.0,2867.0,2766.45,2781.4,500002.0,46.03
2021-10-25,2785.15,2802.55,2727.0,2768.7,338917.0,40.9
2021-10-26,2728.0,2770.0,2679.6,2736.15,775280.0,38.76
2021-10-27,2759.75,2759.75,2697.8,2701.25,481734.0,56.65
2021-10-28,2701.25,2713.95,2621.0,2629.45,506165.0,49.3
2021-10-29,2634.45,2669.9,2600.1,2647.2,312973.0,41.42
2021-11-01,2660.0,2665.0,2630.45,2655.8,172039.0,54.88
2021-11-02,2660.4,2684.15,2646.0,2665.0,237638.0,60.64
2021-11-03,2652.1,2669.95,2621.0,2627.35,391877.0,69.71
2021-11-04,2652.1,2669.95,2621.0,2627.35,391877.0,69.71
2021-11-05,2658.3,2659.8,2642.0,2654.95,66383.0,68.43
2021-11-08,2678.5,2678.5,2640.25,2663.8,290013.0,74.17
2021-11-09,2670.0,2681.5,2647.35,2672.9,287046.0,68.22
2021-11-10,2672.9,2699.0,2660.0,2688.75,216744.0,51.37
2021-11-11,2690.05,2697.0,2641.35,2647.95,232239.0,59.73
2021-11-12,2659.95,2685.0,2653.25,2678.7,135309.0,55.42
2021-11-15,2678.0,2688.0,2660.0,2680.75,152823.0,59.11
2021-11-16,2688.0,2688.0,2655.0,2660.55,147832.0,58.39
2021-11-17,2652.05,2673.0,2644.1,2647.65,182993.0,52.46
2021-11-18,2650.0,2656.3,2589.9,2601.4,316439.0,59.78
2021-11-19,2650.0,2656.3,2589.9,2601.4,316439.0,59.78
2021-11-22,2600.0,2613.05,2495.6,2510.5,424744.0,54.84
2021-11-23,2510.0,2596.95,2480.4,2549.9,408561.0,66.32
2021-11-24,2560.0,2569.95,2533.0,2538.9,375742.0,70.17
2021-11-25,2548.0,2548.0,2522.05,2533.0,360634.0,76.06
2021-11-26,2525.0,2540.8,2487.3,2512.95,327956.0,58.36
2021-11-29,2487.3,2527.0,2425.2,2508.5,471574.0,55.23
2021-11-30,2500.0,2572.65,2500.0,2511.3,553802.0,56.72
2021-12-01,2544.0,2554.95,2518.15,2551.2,228822.0,64.65
2021-12-02,2545.0,2567.45,2540.9,2556.7,250100.0,70.59
2021-12-03,2535.25,2621.5,2535.25,2579.35,473810.0,55.11
2021-12-06,2599.0,2599.0,2523.05,2527.95,262349.0,57.39
2021-12-07,2542.0,2554.95,2517.0,2521.6,225961.0,61.46
2021-12-08,2548.0,2575.5,2537.65,2569.8,119373.0,39.43
2021-12-09,2590.0,2591.85,2551.55,2577.95,137736.0,47.93
2021-12-10,2591.3,2591.3,2545.15,2549.75,214070.0,63.84
2021-12-13,2569.95,2569.95,2510.0,2513.9,321340.0,60.14
2021-12-14,2504.0,2513.4,2476.0,2487.2,242029.0,56.13
2021-12-15,2489.0,2498.0,2451.0,2456.75,211591.0,64.12
2021-12-16,2485.0,2485.0,2411.0,2437.75,276775.0,53.73
2021-12-17,2435.0,2447.9,2378.3,2397.95,1227058.0,62.91
2021-12-20,2396.5,2397.0,2280.0,2313.6,419054.0,54.58
2021-12-21,2335.0,2361.15,2315.6,2327.15,182979.0,48.77
2021-12-22,2334.95,2373.0,2333.45,2357.55,246728.0,59.74
2021-12-23,2362.25,2384.45,2345.1,2378.3,338975.0,62.73
2021-12-24,2389.35,2390.0,2325.4,2349.1,280056.0,56.01
2021-12-27,2340.0,2376.0,2325.95,2372.2,140630.0,42.82
2021-12-28,2378.1,2427.15,2368.25,2417.9,154901.0,40.8
2021-12-29,2415.0,2433.95,2406.05,2418.8,110745.0,52.33
2021-12-30,2420.9,2424.95,2382.0,2408.55,276518.0,48.55
2021-12-31,2415.95,2449.95,2411.0,2446.1,117665.0,52.41
2022-01-03,2465.65,2474.45,2450.0,2466.2,160239.0,58.9
2022-01-04,2475.0,2481.9,2452.0,2475.8,140925.0,62.16
2022-01-05,2480.0,2491.0,2466.9,2479.65,131020.0,58.18
2022-01-06,2468.0,2468.0,2441.2,2450.2,160936.0,67.03
2022-01-07,2467.75,2467.75,2435.4,2440.75,233181.0,72.19
2022-01-10,2460.0,2530.0,2445.0,2518.25,285654.0,32.16
2022-01-11,2500.45,2538.0,2481.0,2487.25,162099.0,44.69
2022-01-12,2509.0,2509.0,2465.05,2491.3,162960.0,55.4
2022-01-13,2503.9,2507.35,2467.25,2474.0,190160.0,60.52
2022-01-14,2470.0,2499.0,2455.0,2470.6,589008.0,84.55
2022-01-17,2484.4,2494.6,2463.3,2489.15,180829.0,63.61
2022-01-18,2494.0,2504.95,2430.65,2449.5,375035.0,71.41
2022-01-19,2463.2,2463.2,2388.55,2394.2,264613.0,60.94
2022-01-20,2388.0,2399.0,2356.75,2393.1,241681.0,61.1
2022-01-21,2388.9,2388.9,2347.15,2369.4,221731.0,53.63
2022-01-24,2379.8,2379.8,2235.0,2258.85,418139.0,51.33
2022-01-25,2225.0,2254.0,2170.65,2230.65,570533.0,43.93
2022-01-26,2225.0,2254.0,2170.65,2230.65,570533.0,43.93
2022-01-27,2234.7,2234.7,2118.0,2140.75,983786.0,53.35
2022-01-28,2174.9,2251.4,2141.8,2183.8,805044.0,43.23
2022-01-31,2229.0,2229.0,2192.25,2205.2,462838.0,58.5
2022-02-01,2229.0,2229.9,2186.4,2216.25,361619.0,56.37
2022-02-02,2226.15,2310.0,2221.05,2295.3,232739.0,38.24
2022-02-03,2301.05,2333.05,2281.0,2308.75,354323.0,49.3
2022-02-04,2312.2,2319.0,2290.0,2300.3,162681.0,47.92
2022-02-07,2302.0,2304.25,2196.25,2209.7,347872.0,50.47
2022-02-08,2220.0,2227.75,2176.0,2209.45,276126.0,47.51
2022-02-09,2212.0,2244.0,2212.0,2232.8,201889.0,57.74
2022-02-10,2242.8,2245.0,2203.7,2220.9,204512.0,55.11
2022-02-11,2200.0,2224.05,2190.35,2211.85,252172.0,58.46
2022-02-14,2151.25,2184.4,2135.0,2172.35,459612.0,61.46
2022-02-15,2172.0,2211.25,2167.2,2201.1,270837.0,49.18
2022-02-16,2217.0,2231.95,2191.05,2205.6,340115.0,56.46
2022-02-17,2210.0,2219.8,2182.05,2205.85,258458.0,55.31
2022-02-18,2200.0,2213.9,2181.0,2199.25,139339.0,45.75
2022-02-21,2190.0,2195.0,2161.2,2171.15,175758.0,51.0
2022-02-22,2152.0,2189.9,2107.0,2181.7,294465.0,43.65
2022-02-23,2199.85,2206.0,2171.65,2182.95,196013.0,60.08
2022-02-24,2121.0,2147.8,2010.0,2021.05,606929.0,54.69
2022-02-25,2055.0,2109.9,2051.3,2080.95,329430.0,52.99
2022-02-28,2076.0,2116.4,2030.0,2086.2,278550.0,53.93
2022-03-01,2076.0,2116.4,2030.0,2086.2,278550.0,53.93
2022-03-02,2070.0,2124.0,2055.05,2118.4,285743.0,44.34
2022-03-03,2135.0,2141.65,2080.0,2088.35,285404.0,52.58
2022-03-04,2071.95,2105.3,2048.0,2081.5,191483.0,45.54
2022-03-07,2080.0,2080.0,1987.85,2038.55,303012.0,58.41
2022-03-08,2030.0,2110.0,2007.05,2103.9,256820.0,49.24
2022-03-09,2125.0,2155.95,2080.15,2133.4,258617.0,39.29
2022-03-10,2185.0,2185.0,2140.45,2169.4,318952.0,58.85
2022-03-11,2173.0,2179.0,2140.0,2167.8,284426.0,56.58
2022-03-14,2164.9,2173.7,2118.0,2154.65,241260.0,53.8
2022-03-15,2151.15,2173.95,2118.65,2132.15,260369.0,53.72
2022-03-16,2150.0,2227.0,2145.9,2209.2,480898.0,34.95
2022-03-17,2245.0,2249.5,2227.0,2238.0,378862.0,63.45
2022-03-18,2245.0,2249.5,2227.0,2238.0,378862.0,63.45
2022-03-21,2246.75,2255.75,2145.6,2152.85,367894.0,63.91
2022-03-22,2152.85,2166.85,2121.0,2160.35,277448.0,45.54
2022-03-23,2169.6,2242.8,2169.6,2218.95,595258.0,50.25
2022-03-24,2180.0,2225.0,2170.0,2180.15,289097.0,55.57
2022-03-25,2182.05,2198.75,2142.15,2147.35,216125.0,62.28
2022-03-28,2151.8,2166.65,2082.15,2094.7,439196.0,51.17
2022-03-29,2096.2,2113.45,2084.55,2094.05,524815.0,64.3
2022-03-30,2112.0,2170.0,2110.0,2163.3,439542.0,56.75
2022-03-31,2163.3,2191.75,2134.9,2146.05,413524.0,50.18
2022-04-01,2159.95,2292.1,2158.45,2276.5,748793.0,30.26
2022-04-04,2300.0,2480.0,2288.65,2355.0,2091074.0,17.7
2022-04-05,2375.1,2377.0,2321.8,2341.45,359559.0,32.7
2022-04-06,2329.95,2351.0,2305.65,2324.3,185877.0,46.65
2022-04-07,2320.0,2353.95,2281.1,2286.7,176322.0,38.4
2022-04-08,2290.0,2320.5,2258.0,2272.6,243881.0,48.41
2022-04-11,2272.55,2287.5,2249.05,2257.0,145744.0,44.77
2022-04-12,2255.0,2255.0,2211.15,2221.4,162997.0,48.14
2022-04-13,2224.5,2232.5,2193.4,2198.25,146304.0,42.04
2022-04-14,2224.5,2232.5,2193.4,2198.25,146304.0,42.04
2022-04-15,2224.5,2232.5,2193.4,2198.25,146304.0,42.04
2022-04-18,2153.0,2224.55,2152.7,2183.7,314551.0,47.3
2022-04-19,2191.0,2209.25,2078.2,2109.55,206043.0,49.32
2022-04-20,2129.0,2150.0,2086.0,2096.65,244863.0,44.74
2022-04-21,2105.0,2115.0,2084.55,2092.75,412691.0,61.84
2022-04-22,2093.95,2093.95,2041.0,2046.55,316393.0,55.29
2022-04-25,2040.0,2040.0,1985.0,2005.0,517361.0,52.14
2022-04-26,2029.95,2094.0,1995.0,2087.35,824631.0,43.92
2022-04-27,2060.0,2129.0,2046.5,2071.95,439088.0,30.35
2022-04-28,2048.0,2092.0,2045.0,2053.25,404105.0,36.16
2022-04-29,2072.7,2088.95,2035.0,2041.75,282435.0,28.2
2022-05-02,2030.0,2038.8,2009.0,2028.8,214189.0,29.32
2022-05-03,2030.0,2038.8,2009.0,2028.8,214189.0,29.32
2022-05-04,2040.0,2056.95,1975.0,1995.4,299527.0,42.74
2022-05-05,2005.5,2022.8,1942.0,1950.4,387425.0,39.55
2022-05-06,1940.0,1986.25,1918.8,1958.0,504335.0,22.78
2022-05-09,1956.0,1972.25,1912.0,1932.55,361661.0,29.22
2022-05-10,1926.0,1967.0,1905.0,1917.65,171015.0,35.49
2022-05-11,1929.95,1929.95,1842.1,1876.75,513224.0,44.19
2022-05-12,1876.0,1899.55,1823.0,1840.05,402347.0,32.73
2022-05-13,1857.0,1861.0,1751.0,1770.05,525367.0,35.48
2022-05-16,1782.8,1806.7,1752.7,1761.0,355309.0,40.96
2022-05-17,1772.8,1815.0,1744.05,1811.4,355760.0,37.27
2022-05-18,1818.1,1830.6,1770.15,1775.1,386514.0,44.93
2022-05-19,1753.65,1753.65,1701.4,1706.75,454497.0,47.86
2022-05-20,1724.9,1736.15,1704.0,1706.8,461456.0,50.32
2022-05-23,1712.0,1758.9,1702.5,1735.25,505475.0,42.1
2022-05-24,1736.35,1739.45,1690.0,1702.35,778181.0,57.9
2022-05-25,1712.35,1720.0,1693.1,1704.4,394964.0,44.07
2022-05-26,1705.0,1743.6,1690.95,1738.15,719268.0,49.99
2022-05-27,1751.95,1814.65,1742.5,1807.2,973424.0,54.11
2022-05-30,1820.9,1843.75,1809.2,1835.3,731502.0,67.43
2022-05-31,1826.8,1945.2,1808.15,1896.8,6788518.0,62.42
2022-06-01,1855.0,1888.65,1835.0,1854.25,675732.0,49.57
2022-06-02,1835.1,1890.05,1835.1,1885.05,408162.0,49.67
2022-06-03,1886.0,1898.0,1857.05,1862.05,605078.0,59.04
2022-06-06,1846.2,1874.35,1818.0,1858.0,572717.0,48.96
2022-06-07,1835.2,1877.4,1811.5,1870.85,547969.0,50.33
2022-06-08,1872.0,1918.0,1857.45,1900.85,749904.0,44.71
2022-06-09,1851.0,1885.45,1841.2,1881.1,570643.0,50.42
2022-06-10,1856.0,1872.0,1843.25,1868.35,528035.0,57.73
2022-06-13,1834.1,1846.75,1800.0,1813.8,601176.0,52.53
2022-06-14,1805.0,1826.0,1798.85,1820.65,545533.0,55.67
2022-06-15,1815.0,1832.9,1798.05,1829.0,369751.0,49.78
2022-06-16,1838.5,1856.7,1776.1,1784.95,583590.0,63.26
2022-06-17,1768.0,1779.45,1713.1,1768.25,783177.0,50.12
2022-06-20,1768.0,1794.95,1756.0,1787.35,284912.0,44.95
2022-06-21,1796.0,1863.05,1784.3,1855.05,287952.0,29.83
2022-06-22,1841.0,1849.2,1819.75,1828.5,248738.0,60.96
2022-06-23,1828.0,1840.45,1804.5,1815.8,279256.0,49.4
2022-06-24,1835.0,1847.85,1806.2,1816.05,306362.0,45.77
2022-06-27,1813.0,1841.6,1751.5,1757.95,1285209.0,31.87
2022-06-28,1753.0,1790.65,1744.0,1750.1,743510.0,21.57
2022-06-29,1769.7,1774.65,1737.85,1744.85,557376.0,23.43
2022-06-30,1750.0,1798.0,1750.0,1792.35,633532.0,37.61
2022-07-01,1782.0,1839.0,1779.7,1834.1,447884.0,43.08
2022-07-04,1837.8,1876.8,1832.6,1870.25,227102.0,27.49
2022-07-05,1880.0,1893.75,1857.0,1862.8,260971.0,45.61
2022-07-06,1870.0,1914.9,1860.2,1910.9,221066.0,44.49
2022-07-07,1912.5,1924.45,1899.0,1906.0,201876.0,47.4
2022-07-08,1915.0,1962.75,1914.65,1957.25,634656.0,64.61
2022-07-11,1950.0,1968.4,1935.05,1958.75,449747.0,60.74
2022-07-12,1954.9,1954.9,1908.8,1917.1,191362.0,58.62
2022-07-13,1927.95,1934.05,1895.95,1906.85,138265.0,46.39
2022-07-14,1906.85,1933.0,1889.95,1897.7,265885.0,59.37
2022-07-15,1907.8,1916.95,1885.05,1897.9,127178.0,52.12
2022-07-18,1910.0,1935.0,1904.4,1930.55,147379.0,51.45
2022-07-19,1928.0,1936.9,1915.15,1931.55,89618.0,46.57
2022-07-20,1944.0,1953.45,1917.0,1921.7,106222.0,33.65
2022-07-21,1920.0,1937.0,1891.0,1925.05,273387.0,31.14
2022-07-22,1938.0,1939.8,1872.0,1901.75,673444.0,22.72
2022-07-25,1889.5,1906.25,1840.0,1860.35,650149.0,50.95
2022-07-26,1865.0,1889.0,1848.15,1862.3,531666.0,50.51
2022-07-27,1860.0,1916.0,1852.35,1906.2,634649.0,70.56
2022-07-28,1924.45,1958.0,1912.15,1945.15,448907.0,45.44
2022-07-29,1969.0,1985.0,1937.45,1947.3,365354.0,56.4
2022-08-01,1961.4,2022.15,1943.0,1999.85,394694.0,33.42
2022-08-02,1999.85,2018.0,1992.6,2009.6,292946.0,46.35
2022-08-03,2009.7,2032.0,1989.0,2001.55,538320.0,49.34
2022-08-04,2001.55,2023.1,1965.0,1987.35,324198.0,55.03
2022-08-05,1992.6,2008.8,1975.6,2002.05,191580.0,34.9
2022-08-10,2012.4,2013.85,1978.0,1984.5,124810.0,45.98
2022-08-11,1998.35,2046.0,1986.0,2027.2,444511.0,35.01
2022-08-12,2031.0,2039.95,1948.15,1956.5,932487.0,52.99
2022-08-15,2031.0,2039.95,1948.15,1956.5,932487.0,52.99
2022-08-16,1969.5,2218.85,1935.5,2181.35,5461044.0,33.88
2022-08-17,2175.0,2203.15,2154.55,2172.5,773058.0,30.54
2022-08-18,2160.0,2193.8,2150.0,2181.35,464330.0,36.27
2022-08-19,2188.0,2213.0,2140.0,2157.1,525591.0,36.89
2022-08-22,2140.0,2147.85,2097.65,2103.7,520063.0,65.21
2022-08-23,2090.0,2165.9,2086.2,2158.4,953019.0,57.13
2022-08-24,2135.0,2149.6,2102.0,2114.2,439590.0,34.42
2022-08-25,2124.95,2127.8,2105.3,2114.2,264301.0,51.77
2022-08-26,2127.45,2138.9,2084.4,2089.55,321872.0,46.68
2022-08-29,2035.0,2065.15,2030.2,2044.55,292021.0,47.9
2022-08-30,2057.85,2082.0,2045.85,2074.9,331053.0,52.05
2022-08-31,2057.85,2082.0,2045.85,2074.9,331053.0,52.05
2022-09-01,2062.0,2065.0,2030.25,2040.7,219714.0,51.82
2022-09-02,2049.95,2049.95,2001.75,2014.45,280156.0,50.07
2022-09-05,2020.0,2029.4,1997.9,2001.9,209718.0,45.51
2022-09-06,2014.95,2017.7,1970.05,1972.95,332049.0,37.55
2022-09-07,1966.0,2016.0,1964.9,2010.0,274998.0,28.8
2022-09-08,2020.05,2036.35,2011.1,2021.2,168530.0,38.18
2022-09-09,2025.5,2048.5,2006.0,2015.5,194929.0,37.12
2022-09-12,2028.95,2054.5,2020.55,2037.4,158643.0,35.03
2022-09-13,2047.6,2069.45,2040.05,2045.4,209309.0,41.42
2022-09-14,2005.0,2044.4,2005.0,2031.55,181237.0,39.81
2022-09-15,2043.8,2052.85,2005.05,2009.75,205558.0,58.85
2022-09-16,2016.0,2016.0,1925.25,1944.25,352023.0,60.1
2022-09-19,1953.75,1973.1,1931.45,1940.8,143711.0,33.14
2022-09-20,1950.55,1957.75,1939.5,1944.35,267520.0,60.96
2022-09-21,1944.35,1955.45,1927.05,1939.85,197561.0,46.65
2022-09-22,1936.0,1936.35,1903.0,1916.85,194881.0,31.89
2022-09-23,1924.8,1924.8,1880.0,1886.8,185568.0,41.13
2022-09-26,1886.0,1886.7,1847.0,1851.1,370567.0,55.99
2022-09-27,1855.0,1873.3,1821.0,1861.95,242687.0,44.01
2022-09-28,1852.0,1873.45,1831.0,1859.6,197975.0,44.72
2022-09-29,1868.9,1890.9,1840.65,1867.15,626467.0,58.27
2022-09-30,1874.0,1908.8,1857.0,1889.6,326687.0,47.9
2022-10-03,1895.0,1900.0,1830.0,1838.4,390958.0,67.09
2022-10-04,1863.95,1916.4,1857.7,1892.4,180703.0,31.42
2022-10-05,1863.95,1916.4,1857.7,1892.4,180703.0,31.42
2022-10-06,1901.0,1921.7,1896.0,1911.6,195370.0,59.16
2022-10-07,1901.2,1924.95,1886.45,1917.4,153781.0,57.42
2022-10-10,1895.0,1918.7,1888.1,1916.2,227896.0,63.42
2022-10-11,1925.8,1942.0,1899.6,1905.55,298319.0,46.18
2022-10-12,1906.0,1930.0,1888.55,1925.0,109064.0,38.32
2022-10-13,1924.85,1934.0,1906.25,1920.2,148931.0,46.87
2022-10-14,1935.5,1939.85,1890.1,1896.85,212087.0,41.6
2022-10-17,1893.0,1922.6,1890.2,1914.35,128076.0,44.65
2022-10-18,1921.2,1946.0,1920.95,1934.2,128186.0,41.55
2022-10-19,1943.9,1989.0,1940.05,1960.3,449607.0,27.88
2022-10-20,1944.0,2049.0,1916.05,2035.35,676118.0,42.86
2022-10-21,2035.0,2092.95,2032.0,2069.55,607936.0,50.54
2022-10-24,2088.0,2088.0,2058.0,2060.65,41479.0,55.94
2022-10-25,2065.0,2072.75,2037.85,2060.15,164332.0,42.73
2022-10-26,2065.0,2072.75,2037.85,2060.15,164332.0,42.73
2022-10-27,2065.0,2109.55,2057.1,2078.65,356130.0,48.02
2022-10-28,2081.9,2098.0,2055.85,2069.3,230029.0,72.27
2022-10-31,2079.65,2092.7,2065.5,2074.6,104592.0,50.35
2022-11-01,2077.0,2097.95,2073.1,2090.25,118681.0,51.31
2022-11-02,2090.0,2114.8,2081.0,2105.85,145077.0,45.69
2022-11-03,2103.8,2111.95,2080.05,2098.2,170383.0,55.78
2022-11-04,2096.5,2112.65,2070.75,2088.55,96364.0,51.49
2022-11-07,2089.0,2101.9,2078.0,2088.6,82476.0,48.04
2022-11-08,2089.0,2101.9,2078.0,2088.6,82476.0,48.04
2022-11-09,2092.0,2122.0,2081.6,2099.8,158014.0,44.79
2022-11-10,2096.0,2099.8,2060.85,2084.1,81649.0,49.53
2022-11-11,2094.55,2149.45,2091.25,2102.35,672672.0,43.38
2022-11-14,2112.9,2112.9,2060.0,2072.05,156895.0,43.17
2022-11-15,2072.5,2091.55,2062.4,2078.9,78983.0,38.81
2022-11-16,2081.0,2098.0,2060.0,2073.25,137583.0,35.6
2022-11-17,2073.25,2073.25,2031.15,2047.3,216924.0,46.43
2022-11-18,2047.4,2057.85,2030.25,2052.55,135452.0,44.1
2022-11-21,2047.0,2081.0,2032.9,2071.45,151046.0,42.62
2022-11-22,2066.5,2137.65,2060.4,2105.9,366038.0,41.15
2022-11-23,2106.1,2136.0,2090.05,2128.45,334432.0,57.54
2022-11-24,2135.0,2137.0,2111.95,2124.55,200225.0,49.53
2022-11-25,2127.2,2167.0,2124.85,2162.95,309506.0,41.85
2022-11-28,2167.0,2171.0,2145.75,2166.25,266081.0,69.4
2022-11-29,2164.0,2183.0,2151.05,2173.65,170350.0,46.32
2022-11-30,2171.1,2190.0,2162.3,2187.1,293086.0,72.42
2022-12-01,2190.3,2203.2,2180.0,2199.9,441009.0,74.14
2022-12-02,2199.85,2229.9,2186.0,2193.95,358759.0,62.28
2022-12-05,2201.05,2205.5,2175.0,2186.8,221880.0,71.12
2022-12-06,2174.8,2196.8,2165.05,2192.0,86367.0,42.28
2022-12-07,2195.0,2296.0,2190.0,2273.8,1895208.0,28.01
2022-12-08,2288.95,2298.8,2245.6,2295.35,381831.0,36.01
2022-12-09,2297.0,2297.5,2230.0,2253.05,270856.0,41.96
2022-12-12,2252.9,2252.9,2216.1,2237.8,137115.0,41.39
2022-12-13,2249.0,2275.0,2238.1,2248.15,172495.0,24.07
2022-12-14,2250.15,2278.7,2242.2,2270.7,265763.0,70.61
2022-12-15,2268.7,2284.8,2243.6,2257.4,196756.0,48.52
2022-12-16,2251.0,2298.0,2207.3,2238.55,366178.0,33.97
2022-12-19,2240.0,2299.85,2226.25,2290.8,278009.0,39.59
2022-12-20,2294.0,2314.65,2238.55,2273.85,380464.0,23.95
2022-12-21,2273.0,2311.9,2217.65,2228.6,229348.0,25.61
2022-12-22,2235.0,2244.85,2175.6,2183.1,242084.0,41.03
2022-12-23,2155.3,2173.0,2061.75,2075.85,247913.0,37.69
2022-12-26,2070.1,2154.5,2065.0,2135.7,217046.0,26.1
2022-12-27,2141.95,2175.0,2139.8,2164.45,97921.0,31.66
2022-12-28,2164.45,2175.55,2113.35,2154.4,178074.0,39.92
2022-12-29,2150.0,2197.95,2123.7,2183.35,283983.0,45.4
2022-12-30,2200.0,2207.8,2161.9,2181.5,181765.0,46.82
2023-01-02,2190.0,2196.0,2173.0,2190.05,150717.0,58.52
2023-01-03,2190.0,2200.0,2172.0,2189.65,169501.0,43.44
2023-01-04,2195.0,2203.3,2167.25,2181.0,122242.0,44.82
2023-01-05,2180.05,2205.0,2161.0,2199.4,156953.0,44.21
2023-01-06,2200.0,2235.0,2127.75,2135.4,277442.0,26.59
2023-01-09,2144.0,2188.0,2143.3,2172.1,164085.0,42.25
2023-01-10,2172.1,2173.95,2135.0,2143.05,84071.0,48.37
2023-01-11,2145.0,2166.1,2129.95,2143.45,77497.0,43.17
2023-01-12,2144.95,2156.3,2121.1,2150.75,60504.0,34.76
2023-01-13,2150.75,2165.0,2130.0,2152.65,79758.0,37.83
2023-01-16,2152.6,2172.8,2100.0,2111.95,1685850.0,87.47
2023-01-17,2102.0,2104.1,2070.7,2095.95,208106.0,43.88
2023-01-18,2091.95,2098.85,2067.0,2070.15,133040.0,45.71
2023-01-19,2069.7,2076.95,2055.0,2061.8,112687.0,51.63
2023-01-20,2060.0,2067.85,2016.55,2022.15,141447.0,46.58
2023-01-23,2025.0,2029.5,1997.0,2000.8,162214.0,43.08
2023-01-24,2007.1,2010.0,1957.0,1963.7,302395.0,38.88
2023-01-25,1975.1,1980.0,1925.75,1934.05,380524.0,50.92
2023-01-26,1975.1,1980.0,1925.75,1934.05,380524.0,50.92
2023-01-27,1940.0,1957.6,1903.05,1915.5,180990.0,39.81
2023-01-30,1896.05,1921.0,1861.2,1872.65,225695.0,52.22
2023-01-31,1874.15,1900.0,1861.0,1890.35,482203.0,64.11
2023-02-01,1899.0,1914.65,1830.0,1861.1,220189.0,32.47
2023-02-02,1854.8,1881.55,1836.5,1847.95,715636.0,85.5
2023-02-03,1854.25,1865.0,1845.1,1856.1,258881.0,50.16
2023-02-06,1864.95,1915.4,1852.9,1911.85,187475.0,37.72
2023-02-07,1920.0,1925.85,1893.25,1905.0,120980.0,37.44
2023-02-08,1914.5,1920.3,1894.05,1911.0,104250.0,45.52
2023-02-09,1921.05,1932.3,1898.0,1917.8,157947.0,52.48
2023-02-10,1918.8,1951.75,1916.8,1926.4,142893.0,39.14
2023-02-13,1926.0,1926.0,1885.0,1889.3,104211.0,34.83
2023-02-14,1875.0,1899.0,1869.7,1886.85,136330.0,39.44
2023-02-15,1890.0,1907.95,1882.0,1903.25,89727.0,33.66
2023-02-16,1907.0,1917.5,1889.25,1895.0,65980.0,41.84
2023-02-17,1891.9,1900.0,1850.0,1856.3,231645.0,47.16
2023-02-20,1856.0,1916.9,1850.0,1858.3,921850.0,51.43
2023-02-21,1870.55,1874.0,1829.8,1833.15,317876.0,59.04
2023-02-22,1834.35,1836.0,1807.4,1818.75,223820.0,52.01
2023-02-23,1818.75,1826.9,1763.15,1779.6,410683.0,63.43
2023-02-24,1800.1,1851.65,1800.1,1815.25,1252229.0,44.41
2023-02-27,1823.15,1827.2,1780.55,1803.6,387411.0,46.5
2023-02-28,1810.85,1816.8,1785.0,1809.75,410054.0,64.4
2023-03-01,1810.0,1825.0,1791.0,1809.35,443636.0,66.15
2023-03-02,1822.8,1822.8,1786.0,1791.1,353070.0,57.91
2023-03-03,1803.0,1807.45,1792.7,1796.25,362876.0,62.04
2023-03-06,1800.0,1807.35,1791.6,1796.55,310575.0,56.86
2023-03-07,1800.0,1807.35,1791.6,1796.55,310575.0,56.86
2023-03-08,1780.0,1805.85,1776.0,1799.4,243460.0,49.88
2023-03-09,1799.6,1813.5,1780.0,1783.25,179382.0,60.76
2023-03-10,1775.0,1778.85,1750.5,1757.35,241559.0,45.22
2023-03-13,1757.35,1757.4,1703.0,1712.5,347827.0,45.76
2023-03-14,1710.0,1732.9,1700.35,1713.1,248881.0,41.61
2023-03-15,1731.95,1732.0,1670.0,1676.75,1071532.0,76.21
2023-03-16,1675.0,1696.1,1644.75,1682.65,655602.0,63.08
2023-03-17,1686.3,1722.4,1669.1,1678.15,848961.0,69.86
2023-03-20,1720.0,1722.0,1589.5,1680.1,6336825.0,86.99
2023-03-21,1698.0,1768.9,1690.15,1764.2,1883143.0,29.74
2023-03-22,1767.0,1779.45,1753.5,1768.2,412766.0,40.61
2023-03-23,1762.0,1781.65,1740.65,1743.85,213710.0,33.61
2023-03-24,1708.0,1708.0,1653.1,1672.85,1967681.0,43.17
2023-03-27,1670.0,1684.85,1633.5,1680.6,763224.0,31.92
2023-03-28,1690.0,1695.7,1668.8,1685.25,611533.0,63.98
2023-03-29,1692.0,1694.4,1666.55,1678.05,309356.0,50.79
2023-03-30,1692.0,1694.4,1666.55,1678.05,309356.0,50.79
2023-03-31,1680.0,1710.3,1671.1,1707.85,451449.0,58.9
2023-04-03,1724.95,1743.95,1705.1,1729.95,449517.0,51.88
2023-04-04,1724.95,1743.95,1705.1,1729.95,449517.0,51.88
2023-04-05,1725.5,1752.0,1714.8,1746.2,414613.0,68.85
2023-04-06,1747.0,1757.1,1731.5,1741.45,272639.0,57.28
2023-04-07,1747.0,1757.1,1731.5,1741.45,272639.0,57.28
2023-04-10,1743.0,1754.0,1735.0,1750.5,168143.0,52.9
2023-04-11,1752.25,1763.0,1750.05,1759.45,150369.0,55.1
2023-04-12,1758.05,1787.0,1745.1,1784.65,519524.0,59.07
2023-04-13,1787.05,1810.0,1770.5,1791.8,367084.0,64.62
2023-04-14,1787.05,1810.0,1770.5,1791.8,367084.0,64.62
2023-04-17,1792.2,1810.45,1783.3,1807.15,373312.0,73.41
2023-04-18,1814.0,1821.65,1796.1,1810.85,590584.0,79.29
2023-04-19,1811.0,1811.0,1765.0,1768.55,154121.0,40.46
2023-04-20,1769.5,1778.0,1762.55,1774.2,192418.0,21.41
2023-04-21,1776.45,1785.95,1763.0,1769.95,114611.0,37.73
2023-04-24,1783.3,1786.85,1765.05,1780.9,115281.0,31.33
2023-04-25,1785.0,1785.0,1746.05,1765.6,872809.0,38.7
2023-04-26,1770.55,1770.55,1731.7,1741.5,410350.0,47.54
2023-04-27,1746.75,1746.75,1728.0,1733.6,217407.0,37.49
2023-04-28,1733.9,1768.85,1733.9,1764.3,368828.0,51.26
2023-05-01,1733.9,1768.85,1733.9,1764.3,368828.0,51.26
2023-05-02,1772.15,1821.0,1768.0,1808.85,345795.0,34.1
2023-05-03,1807.45,1818.95,1788.65,1792.0,502504.0,37.39
2023-05-04,1792.95,1828.0,1788.65,1820.6,293132.0,44.43
2023-05-05,1819.5,1834.85,1797.75,1824.55,341510.0,53.85
2023-05-08,1833.0,1845.0,1825.2,1836.95,273314.0,51.38
2023-05-09,1849.45,1859.9,1817.25,1821.65,419139.0,58.94
2023-05-10,1825.0,1849.8,1818.35,1843.75,181931.0,38.49
2023-05-11,1855.95,1860.0,1830.0,1839.0,302019.0,52.45
2023-05-12,1840.0,1848.0,1820.0,1822.35,276459.0,56.73
2023-05-15,1822.45,1857.4,1820.0,1842.55,198091.0,43.83
2023-05-16,1845.0,1860.0,1839.0,1841.5,207708.0,51.25
2023-05-17,1844.0,1847.95,1808.25,1817.4,197208.0,44.59
2023-05-18,1821.4,1834.35,1804.25,1813.6,163499.0,46.59
2023-05-19,1807.95,1812.85,1744.0,1804.6,779425.0,26.22
2023-05-22,1792.05,1824.7,1785.0,1787.15,271626.0,38.59
2023-05-23,1776.8,1787.0,1763.0,1766.55,438777.0,38.68
2023-05-24,1766.5,1766.55,1740.0,1741.95,299096.0,48.19
2023-05-25,1742.0,1772.1,1740.0,1764.05,236988.0,36.46
2023-05-26,1767.95,1860.0,1765.05,1855.75,1438022.0,45.3
2023-05-29,1850.05,1892.0,1850.05,1873.75,697864.0,32.72
2023-05-30,1882.8,1958.0,1879.95,1951.1,1393880.0,30.6
2023-05-31,1960.0,1970.0,1936.15,1963.05,463685.0,25.66
2023-06-01,1960.0,1982.7,1945.05,1950.0,273417.0,38.33
2023-06-02,1954.95,1968.0,1930.05,1964.9,322020.0,44.38
2023-06-05,1974.75,1977.9,1953.0,1963.1,500466.0,70.62
2023-06-06,1967.0,1976.6,1958.0,1971.9,160999.0,41.72
2023-06-07,1980.0,1999.45,1970.0,1995.4,325116.0,51.29
2023-06-08,2000.0,2010.0,1985.1,1993.65,519294.0,50.23
2023-06-09,1944.95,1944.95,1906.75,1934.25,464888.0,47.84
2023-06-12,1932.55,1950.3,1917.55,1944.9,242339.0,40.97
2023-06-13,1961.0,1977.8,1954.25,1976.2,264995.0,45.33
2023-06-14,1988.9,1988.9,1903.05,1933.85,1061838.0,18.43
2023-06-15,1941.1,1965.8,1901.3,1909.8,568422.0,38.67
2023-06-16,1924.95,1954.45,1901.05,1918.2,725334.0,36.34
2023-06-19,1937.6,1937.6,1885.55,1892.45,737309.0,46.23
2023-06-20,2035.0,2127.7,1986.1,2104.9,6587756.0,15.88
2023-06-21,2121.15,2125.5,2037.45,2048.5,2133954.0,23.6
2023-06-22,2060.0,2063.8,2000.7,2017.95,1477183.0,53.32
2023-06-23,2025.0,2025.95,1995.0,2016.1,1661129.0,66.74
2023-06-26,2000.0,2019.95,1995.1,2006.5,541577.0,59.05
2023-06-27,2006.5,2058.5,1999.0,2052.9,1052054.0,49.69
2023-06-28,2063.7,2072.0,2040.0,2050.0,533109.0,42.89
2023-06-29,2063.7,2072.0,2040.0,2050.0,533109.0,42.89
2023-06-30,2150.0,2349.9,2150.0,2295.65,6186674.0,24.6
2023-07-03,2311.1,2312.95,2255.45,2285.6,914638.0,23.08
2023-07-04,2288.5,2314.8,2265.0,2291.35,650265.0,30.91
2023-07-05,2276.25,2317.4,2276.25,2294.8,569553.0,50.0
2023-07-06,2298.0,2298.0,2246.2,2259.75,501268.0,58.5
2023-07-07,2258.0,2266.45,2237.0,2252.95,260861.0,37.67
2023-07-10,2253.05,2274.5,2218.55,2248.75,238003.0,42.42
2023-07-11,2252.8,2303.35,2250.0,2282.75,491582.0,42.02
2023-07-12,2292.75,2350.0,2288.5,2325.75,810672.0,33.29
2023-07-13,2349.95,2372.0,2323.1,2329.5,505185.0,31.83
2023-07-14,2330.0,2386.6,2328.7,2379.8,357658.0,39.59
2023-07-17,2390.0,2399.0,2355.05,2383.7,460584.0,47.88
2023-07-18,2384.0,2407.0,2360.0,2372.25,460882.0,37.06
2023-07-19,2372.25,2422.45,2362.0,2408.1,420509.0,34.85
2023-07-20,2420.0,2589.35,2405.45,2520.15,1816072.0,33.9
2023-07-21,2519.0,2520.0,2445.75,2499.55,664223.0,43.53
2023-07-24,2517.45,2543.45,2450.0,2497.55,1205431.0,31.99
2023-07-25,2496.0,2538.4,2463.75,2527.05,742805.0,34.83
2023-07-26,2527.0,2527.0,2450.0,2486.25,641431.0,54.62
2023-07-27,2415.1,2501.4,2395.7,2446.65,1508255.0,38.92
2023-07-28,2455.0,2557.45,2444.8,2538.25,1038295.0,30.09
2023-07-31,2549.95,2584.0,2517.8,2534.0,589111.0,46.83
2023-08-01,2540.0,2559.9,2522.65,2556.3,417741.0,53.98
2023-08-02,2550.0,2550.0,2472.2,2491.5,624500.0,49.45
2023-08-03,2488.1,2488.1,2387.05,2399.95,638212.0,46.6
2023-08-04,2421.45,2437.95,2371.55,2406.3,436828.0,33.68
2023-08-07,2430.4,2468.9,2397.6,2450.9,664613.0,44.81
2023-08-08,2467.0,2508.5,2455.25,2494.0,678243.0,38.76
2023-08-09,2507.05,2529.6,2476.0,2521.6,498691.0,40.05
2023-08-10,2516.95,2598.0,2510.05,2579.0,689848.0,27.17
2023-08-11,2592.9,2639.9,2552.0,2560.85,1173767.0,48.79
2023-08-14,2557.9,2557.9,2481.15,2494.7,723029.0,52.54
2023-08-15,2557.9,2557.9,2481.15,2494.7,723029.0,52.54
2023-08-16,2490.0,2559.55,2467.05,2553.2,810903.0,41.55
2023-08-17,2549.95,2565.95,2528.7,2544.85,488034.0,54.58
2023-08-18,2511.55,2528.7,2475.0,2501.7,598825.0,47.55
2023-08-21,2490.0,2515.0,2460.65,2472.25,454291.0,49.01
2023-08-22,2479.7,2541.4,2462.25,2499.85,698193.0,45.64
2023-08-23,2509.95,2548.0,2499.0,2532.15,579152.0,50.63
2023-08-24,2554.95,2564.0,2475.05,2494.85,564049.0,41.7
2023-08-25,2489.9,2531.95,2471.3,2498.6,655797.0,49.78
2023-08-28,2489.95,2547.95,2481.75,2527.3,670974.0,38.74
2023-08-29,2527.25,2551.5,2470.2,2476.55,701712.0,25.3
2023-08-30,2499.6,2538.0,2487.9,2493.8,1072817.0,64.8
2023-08-31,2495.0,2558.35,2416.05,2524.2,10573643.0,69.36
2023-09-01,2469.7,2469.7,2422.0,2431.25,1241184.0,44.46
2023-09-04,2443.0,2499.0,2424.0,2452.8,619436.0,45.1
2023-09-05,2443.55,2483.95,2440.0,2471.6,474109.0,39.14
2023-09-06,2475.0,2483.3,2446.0,2457.1,176317.0,32.83
2023-09-07,2469.95,2527.85,2457.2,2522.55,751622.0,40.92
2023-09-08,2523.0,2546.0,2510.0,2535.8,320215.0,39.5
2023-09-11,2537.0,2687.55,2525.15,2663.9,1213366.0,36.5
2023-09-12,2683.45,2683.45,2588.1,2630.9,561932.0,38.18
2023-09-13,2630.1,2637.85,2557.0,2624.1,304058.0,26.95
2023-09-14,2630.0,2688.55,2625.05,2665.55,499003.0,36.99
2023-09-15,2680.85,2755.0,2647.6,2726.05,650547.0,47.84
2023-09-18,2724.0,2724.0,2630.0,2648.55,713016.0,28.31
2023-09-19,2724.0,2724.0,2630.0,2648.55,713016.0,28.31
2023-09-20,2625.0,2722.0,2621.1,2684.05,696580.0,32.13
2023-09-21,2678.95,2730.0,2647.55,2676.35,657042.0,45.83
2023-09-22,2690.6,2737.0,2648.0,2656.9,586915.0,31.94
2023-09-25,2656.9,2703.0,2647.05,2671.1,305354.0,34.22
2023-09-26,2671.95,2730.0,2649.35,2661.9,804297.0,38.48
2023-09-27,2674.0,2710.6,2655.0,2670.1,1115869.0,60.99
2023-09-28,2670.2,2682.0,2562.65,2578.65,1716609.0,60.32
2023-09-29,2604.7,2652.0,2583.25,2647.45,433350.0,39.84
2023-10-02,2604.7,2652.0,2583.25,2647.45,433350.0,39.84
2023-10-03,2649.95,2673.0,2623.35,2661.05,469903.0,58.54
2023-10-04,2658.0,2668.0,2618.0,2659.65,437906.0,58.01
2023-10-05,2674.9,2700.0,2643.9,2647.95,315882.0,38.02
2023-10-06,2651.5,2737.0,2648.55,2726.15,480315.0,44.48
2023-10-09,2714.9,2720.8,2673.4,2689.8,412278.0,39.85
2023-10-10,2695.3,2769.95,2692.0,2763.3,850171.0,51.56
2023-10-11,2792.0,2799.9,2742.0,2747.2,701654.0,50.84
2023-10-12,2759.9,2780.0,2727.0,2755.45,1218404.0,40.41
2023-10-13,2782.95,2910.0,2776.55,2855.5,2650963.0,24.43
2023-10-16,2865.9,2865.9,2820.0,2858.5,445982.0,32.11
2023-10-17,2865.9,2930.0,2865.9,2899.35,741009.0,28.49
2023-10-18,2903.95,2903.95,2855.3,2861.7,250232.0,53.96
2023-10-19,2858.0,2880.0,2828.85,2866.65,423016.0,51.34
2023-10-20,2861.85,2893.05,2852.75,2879.0,482010.0,64.15
2023-10-23,2858.0,2889.4,2817.9,2828.95,736167.0,46.62
2023-10-24,2858.0,2889.4,2817.9,2828.95,736167.0,46.62
2023-10-25,2809.75,2865.5,2779.4,2813.2,505428.0,50.74
2023-10-26,2800.0,2800.0,2694.65,2711.15,582680.0,47.27
2023-10-27,2732.0,2784.7,2732.0,2752.2,322157.0,53.96
2023-10-30,2764.0,2766.7,2690.6,2707.8,391411.0,40.62
2023-10-31,2747.9,2769.0,2708.9,2734.0,746578.0,47.75
2023-11-01,2747.45,2777.0,2713.0,2723.1,247313.0,37.57
2023-11-02,2742.0,2779.5,2725.75,2730.25,436335.0,62.58
2023-11-03,2749.95,2766.25,2715.35,2755.35,376253.0,67.0
2023-11-06,2770.0,2804.5,2758.45,2767.9,514415.0,50.1
2023-11-07,2787.95,2789.9,2747.85,2775.8,562515.0,52.56
2023-11-08,2783.95,2789.55,2736.25,2745.95,229826.0,61.89
2023-11-09,2749.95,2765.55,2724.75,2762.5,145524.0,44.71
2023-11-10,2758.15,2787.95,2741.05,2769.85,324625.0,45.45
2023-11-13,2777.3,2790.0,2738.95,2781.45,420410.0,39.28
2023-11-14,2777.3,2790.0,2738.95,2781.45,420410.0,39.28
2023-11-15,2792.95,2814.95,2766.55,2769.95,310334.0,67.01
2023-11-16,2757.0,2815.0,2757.0,2806.1,244348.0,53.75
2023-11-17,2806.7,2969.9,2791.0,2906.7,1336903.0,34.86
2023-11-20,2903.95,2938.0,2871.85,2878.65,340348.0,27.41
2023-11-21,2896.85,2918.0,2871.4,2878.7,442892.0,43.47
2023-11-22,2880.0,2903.0,2832.95,2853.7,307647.0,50.69
2023-11-23,2860.0,2884.6,2840.2,2853.75,198545.0,45.31
2023-11-24,2854.8,2895.0,2832.7,2841.55,246146.0,43.34
2023-11-27,2854.8,2895.0,2832.7,2841.55,246146.0,43.34
2023-11-28,2850.0,2938.2,2848.0,2898.3,565796.0,38.36
2023-11-29,2904.95,2947.5,2882.2,2932.75,264608.0,38.06
2023-11-30,2938.05,3000.2,2915.5,2969.55,1151667.0,70.08
2023-12-01,2989.9,2998.0,2924.65,2928.05,248220.0,49.46
2023-12-04,2951.95,2993.5,2947.1,2953.55,374158.0,44.56
2023-12-05,2950.0,3034.15,2931.25,3029.65,635134.0,33.67
2023-12-06,3048.95,3048.95,2987.0,2992.1,414913.0,50.59
2023-12-07,2992.15,3025.0,2978.65,2996.0,604967.0,64.06
2023-12-08,2996.0,3012.7,2972.9,2987.05,487269.0,63.45
2023-12-11,2994.25,3010.0,2966.55,2976.1,218395.0,51.12
2023-12-12,2989.0,3030.0,2980.25,3016.85,504701.0,47.68
2023-12-13,3026.7,3029.7,2962.55,3011.15,383583.0,46.74
2023-12-14,3031.45,3065.7,3031.45,3049.55,388807.0,58.58
2023-12-15,3060.0,3070.95,3016.7,3024.7,385459.0,64.39
2023-12-18,3025.0,3061.9,3018.1,3027.85,475273.0,63.15
2023-12-19,3035.0,3132.2,3012.1,3122.05,960984.0,46.52
2023-12-20,3129.9,3271.5,3095.0,3116.6,1167558.0,24.65
2023-12-21,3081.15,3157.6,3050.05,3148.6,286846.0,27.89
2023-12-22,3175.0,3229.95,3140.15,3221.5,414598.0,30.92
2023-12-25,3175.0,3229.95,3140.15,3221.5,414598.0,30.92
2023-12-26,3221.5,3290.45,3188.0,3195.45,575586.0,48.0
2023-12-27,3229.0,3249.3,3202.25,3214.4,362690.0,54.31
2023-12-28,3220.0,3234.9,3195.0,3213.95,610253.0,65.24
2023-12-29,3215.0,3225.0,3189.0,3205.0,290086.0,60.66
2024-01-01,3205.0,3228.7,3181.5,3221.3,151964.0,44.69
2024-01-02,3230.0,3270.0,3203.5,3260.95,374265.0,47.46
2024-01-03,3260.0,3277.7,3227.0,3237.25,183450.0,42.78
2024-01-04,3245.0,3352.25,3237.25,3326.35,604988.0,55.68
2024-01-05,3339.0,3339.0,3288.0,3303.6,304963.0,62.78
2024-01-08,3275.0,3374.0,3275.0,3350.15,448252.0,47.06
2024-01-09,3382.85,3449.0,3344.0,3415.25,466109.0,29.99
2024-01-10,3419.95,3445.0,3363.4,3418.9,460729.0,59.26
2024-01-11,3430.0,3542.5,3413.1,3501.7,1119142.0,21.73
2024-01-12,3545.0,3560.0,3411.0,3454.75,1118837.0,29.73
2024-01-15,3480.0,3535.35,3461.0,3502.1,581351.0,35.27
2024-01-16,3514.8,3514.8,3418.1,3436.0,518644.0,46.44
2024-01-17,3392.0,3398.8,3282.55,3334.4,385317.0,35.54
2024-01-18,3311.0,3416.6,3256.0,3402.55,650351.0,36.76
2024-01-19,3420.0,3489.0,3401.25,3478.7,401717.0,41.88
2024-01-22,3499.0,3510.9,3395.4,3405.85,150014.0,22.84
2024-01-23,3397.05,3463.55,3333.0,3367.1,916650.0,43.19
2024-01-24,3353.6,3445.95,3328.4,3435.75,401915.0,41.59
2024-01-25,3431.0,3494.0,3406.3,3428.65,325275.0,37.1
2024-01-26,3431.0,3494.0,3406.3,3428.65,325275.0,37.1
2024-01-29,3428.0,3539.2,3406.3,3510.1,704595.0,37.9
2024-01-30,3524.95,3534.0,3478.0,3510.4,574863.0,46.43
2024-01-31,3528.0,3612.0,3523.1,3581.5,753317.0,42.92
2024-02-01,3581.5,3601.2,3535.05,3587.95,187326.0,40.75
2024-02-02,3597.9,3616.6,3551.85,3566.85,214708.0,46.23
2024-02-05,3574.0,3606.0,3513.15,3558.15,562156.0,30.02
2024-02-06,3570.0,3630.0,3551.0,3624.25,349467.0,44.63
2024-02-07,3630.95,3659.85,3610.0,3643.0,259724.0,49.72
2024-02-08,3660.0,3674.75,3621.05,3643.35,177808.0,50.68
2024-02-09,3667.8,3690.0,3577.7,3636.65,255781.0,41.41
2024-02-12,3642.0,3684.85,3574.2,3636.25,819227.0,23.45
2024-02-13,3649.9,3779.0,3623.2,3764.8,715541.0,24.21
2024-02-14,3750.0,3797.3,3681.05,3778.25,374796.0,47.37
2024-02-15,3778.3,3819.3,3724.0,3783.0,317483.0,48.21
2024-02-16,3814.7,3879.95,3783.0,3875.4,268252.0,41.32
2024-02-19,3885.05,3889.75,3690.0,3734.5,1062065.0,36.72
2024-02-20,3746.0,3830.0,3725.15,3774.5,656485.0,37.52
2024-02-21,3780.0,3809.8,3726.0,3741.35,235442.0,47.37
2024-02-22,3753.0,3792.95,3715.05,3782.95,203416.0,41.34
2024-02-23,3784.0,3838.3,3776.0,3817.85,190415.0,42.44
2024-02-26,3819.9,3909.95,3742.5,3880.9,1154419.0,17.68
2024-02-27,3911.0,4066.5,3861.1,3903.85,1439510.0,27.76
2024-02-28,3903.85,3918.95,3827.0,3836.8,269883.0,42.43
2024-02-29,3815.0,3827.25,3712.25,3753.0,1582874.0,69.01
2024-03-01,3753.0,3808.0,3723.0,3784.75,251727.0,34.06
2024-03-04,3770.0,3876.3,3770.0,3856.5,509995.0,39.15
2024-03-05,3852.95,3855.6,3770.0,3794.7,258471.0,38.54
2024-03-06,3792.7,3815.75,3732.1,3763.1,172798.0,35.44
2024-03-07,3770.0,3787.95,3730.0,3745.8,145755.0,46.11
2024-03-08,3770.0,3787.95,3730.0,3745.8,145755.0,46.11
2024-03-11,3750.0,3834.65,3725.0,3768.1,555584.0,38.65
2024-03-12,3746.0,3770.0,3659.95,3689.1,393444.0,22.18
2024-03-13,3689.1,3750.9,3586.05,3636.05,339324.0,37.8
2024-03-14,3585.05,3779.0,3582.35,3755.05,310419.0,54.46
2024-03-15,3750.0,3831.45,3680.0,3818.65,639465.0,57.93
2024-03-18,3819.95,3824.7,3715.55,3741.35,528247.0,27.37
2024-03-19,3724.9,3730.0,3646.0,3666.15,382067.0,39.93
2024-03-20,3660.0,3695.65,3586.4,3611.4,232662.0,38.81
2024-03-21,3630.15,3682.0,3622.05,3671.25,208790.0,47.03
2024-03-22,3671.25,3819.0,3668.0,3773.4,843004.0,28.97
2024-03-25,3671.25,3819.0,3668.0,3773.4,843004.0,28.97
2024-03-26,3774.25,3858.0,3747.7,3810.85,494806.0,37.5
2024-03-27,3810.6,3837.05,3778.0,3795.55,152937.0,39.39
2024-03-28,3799.95,3809.75,3744.15,3754.1,331246.0,61.64
2024-03-29,3799.95,3809.75,3744.15,3754.1,331246.0,61.64
2024-04-01,3799.0,3824.45,3772.0,3785.1,742410.0,60.37
2024-04-02,3812.0,3812.0,3656.9,3756.7,717419.0,40.8
2024-04-03,3749.95,3781.0,3722.05,3743.8,180279.0,52.86
2024-04-04,3754.0,3758.0,3690.0,3699.35,224551.0,38.18
2024-04-05,3699.35,3705.45,3661.25,3674.7,255932.0,71.04
2024-04-08,3670.8,3687.0,3616.25,3660.35,715618.0,47.65
2024-04-09,3670.15,3725.95,3651.0,3703.9,365878.0,54.09
2024-04-10,3718.95,3755.45,3697.75,3705.75,526428.0,62.34
2024-04-11,3718.95,3755.45,3697.75,3705.75,526428.0,62.34
2024-04-12,3705.75,3732.0,3660.0,3680.2,474609.0,60.65
2024-04-15,3630.0,3705.3,3597.6,3646.9,600630.0,44.24
2024-04-16,3649.85,3775.6,3649.85,3728.95,1467286.0,55.68
2024-04-17,3649.85,3775.6,3649.85,3728.95,1467286.0,55.68
2024-04-18,3735.05,3825.0,3730.0,3772.4,602634.0,48.31
2024-04-19,3768.05,3768.05,3645.05,3708.45,486522.0,37.01
2024-04-22,3730.0,3751.0,3625.3,3647.5,766944.0,31.95
2024-04-23,3649.95,3697.9,3636.05,3645.75,329932.0,47.9
2024-04-24,3646.0,3666.95,3598.15,3660.4,399163.0,44.91
2024-04-25,3660.0,3705.0,3636.05,3687.6,337566.0,55.67
2024-04-26,3695.0,3786.2,3695.0,3717.7,358702.0,50.94
2024-04-29,3732.0,3786.0,3708.1,3770.85,318775.0,41.02
2024-04-30,3788.0,3943.95,3781.0,3894.65,1716768.0,55.24
2024-05-01,3788.0,3943.95,3781.0,3894.65,1716768.0,55.24
2024-05-02,3920.0,3950.1,3893.0,3938.4,234196.0,39.71
2024-05-03,3940.0,3983.85,3895.8,3917.95,265654.0,50.04
2024-05-06,3949.9,3949.9,3872.55,3887.7,223516.0,39.69
2024-05-07,3887.7,3932.05,3750.6,3764.8,514033.0,41.11
2024-05-08,3783.8,3783.8,3707.05,3715.75,226763.0,50.6
2024-05-09,3729.9,3738.45,3601.9,3616.4,217795.0,49.26
2024-05-10,3627.0,3700.0,3616.4,3639.6,169244.0,44.64
2024-05-13,3639.6,3692.7,3528.0,3673.15,472970.0,34.83
2024-05-14,3685.0,3721.9,3643.2,3677.9,176441.0,40.16
2024-05-15,3678.0,3768.45,3676.2,3762.05,146451.0,41.16
2024-05-16,3779.0,3860.0,3765.05,3854.95,259920.0,48.74
2024-05-17,3854.95,3874.85,3775.05,3784.5,283809.0,50.44
2024-05-20,3806.0,3806.0,3762.2,3786.6,24097.0,28.17
2024-05-21,3786.6,3810.0,3760.0,3796.5,224822.0,53.01
2024-05-22,3797.5,3825.0,3767.6,3798.8,247535.0,62.42
2024-05-23,3803.45,3835.0,3761.55,3827.05,172636.0,56.97
2024-05-24,3840.0,3845.0,3802.25,3816.35,154427.0,58.34
2024-05-27,3834.0,4020.0,3792.0,3919.9,1144740.0,34.62
2024-05-28,3925.95,4041.0,3911.65,4011.6,847226.0,43.09
2024-05-29,3980.55,3998.85,3880.55,3893.45,321050.0,42.25
2024-05-30,3871.0,3872.0,3726.05,3748.75,607555.0,52.66
2024-05-31,3770.0,3904.95,3764.0,3884.3,634966.0,58.7
2024-06-03,4000.0,4186.95,4000.0,4090.2,1475143.0,46.3
2024-06-04,4075.05,4077.95,3415.55,3457.4,1583847.0,42.65
2024-06-05,3508.0,3741.45,3441.25,3705.4,958419.0,46.85
2024-06-06,3749.0,3809.0,3701.1,3760.5,451506.0,52.42
2024-06-07,3798.9,3840.0,3735.45,3823.2,313435.0,49.07
2024-06-10,3864.0,3895.0,3741.15,3790.8,933057.0,38.32
2024-06-11,3810.0,3849.65,3735.0,3816.85,586984.0,31.99
2024-06-12,3827.8,4029.7,3816.85,4004.1,638951.0,32.6
2024-06-13,4030.0,4089.95,3974.9,3996.15,469787.0,44.69
2024-06-14,3999.0,4025.0,3955.05,4014.4,394196.0,40.16
2024-06-17,3999.0,4025.0,3955.05,4014.4,394196.0,40.16
2024-06-18,3945.0,3971.05,3916.05,3961.05,378174.0,42.08
2024-06-19,3966.6,3990.45,3885.65,3900.3,168844.0,39.07
2024-06-20,3902.5,3929.95,3866.45,3892.2,198919.0,51.43
2024-06-21,3915.0,3948.35,3885.0,3912.8,196607.0,46.0
2024-06-24,3865.0,3995.0,3806.05,3968.9,581378.0,20.24
2024-06-25,3995.0,4127.9,3985.25,4113.6,1452164.0,28.07
2024-06-26,4128.0,4152.55,4030.05,4044.35,515829.0,41.28
2024-06-27,4021.5,4066.95,3990.0,4043.9,303793.0,33.91
2024-06-28,4027.1,4092.4,3983.85,3993.3,272580.0,49.39
2024-07-01,3999.95,4124.9,3982.65,4109.7,550518.0,61.7
2024-07-02,4109.7,4115.0,4027.05,4095.95,447990.0,35.06
2024-07-03,4104.95,4195.95,4075.65,4125.95,477798.0,32.36
2024-07-04,4141.95,4248.75,4107.9,4220.8,423932.0,42.42
2024-07-05,4229.9,4264.95,4201.25,4234.7,408268.0,56.79
2024-07-08,4231.0,4252.2,4103.65,4159.05,725210.0,36.92
2024-07-09,4159.0,4199.9,4131.0,4186.95,283331.0,58.91
2024-07-10,4200.0,4200.0,4050.0,4159.65,322108.0,52.22
2024-07-11,4179.0,4198.0,4131.3,4181.45,201770.0,59.38
2024-07-12,4179.05,4200.0,4140.0,4168.95,334425.0,62.88
2024-07-15,4171.0,4296.4,4125.0,4196.4,1595241.0,40.73
2024-07-16,4224.0,4277.95,4076.2,4087.85,818224.0,43.45
2024-07-17,4224.0,4277.95,4076.2,4087.85,818224.0,43.45
2024-07-18,4087.85,4171.2,4061.0,4162.5,689318.0,54.72
2024-07-19,4166.95,4198.0,4042.0,4066.15,556729.0,63.23
2024-07-22,4040.0,4144.0,3977.75,4054.5,920841.0,50.84
2024-07-23,4056.05,4100.0,3703.55,3956.9,1513534.0,46.09
2024-07-24,3956.9,4085.1,3940.3,4059.8,708289.0,65.25
2024-07-25,4044.35,4085.3,4002.25,4058.5,522086.0,62.04
2024-07-26,4058.5,4154.0,4050.0,4105.1,381052.0,64.94
2024-07-29,4110.0,4216.95,4105.2,4145.85,470813.0,49.79
2024-07-30,4149.95,4176.95,4092.8,4105.7,631867.0,49.1
2024-07-31,4105.7,4159.75,4100.0,4114.25,618850.0,78.11
2024-08-01,4138.8,4211.95,4120.3,4182.85,497432.0,54.72
2024-08-02,4150.0,4160.0,4100.0,4123.8,809935.0,73.91
2024-08-05,4049.95,4068.9,3955.55,4029.65,815067.0,49.21
2024-08-06,4050.0,4119.2,3961.6,3984.1,704510.0,58.47
2024-08-07,4068.0,4095.05,4021.0,4069.45,457866.0,75.12
2024-08-08,4066.0,4179.85,4055.4,4108.75,386410.0,56.86
2024-08-09,4165.75,4189.15,4112.3,4133.25,744893.0,73.84
2024-08-12,4130.05,4216.75,4070.0,4208.1,420173.0,39.32
2024-08-13,4210.0,4255.2,4126.15,4142.05,525596.0,47.62
2024-08-14,4192.8,4201.1,4134.4,4144.1,366484.0,59.71
2024-08-15,4192.8,4201.1,4134.4,4144.1,366484.0,59.71
2024-08-16,4165.0,4244.85,4162.05,4216.3,470082.0,67.7
2024-08-19,4238.7,4243.85,4162.05,4196.15,884376.0,57.73
2024-08-20,4214.7,4316.95,4175.7,4298.75,952912.0,62.05
2024-08-21,4301.0,4395.8,4286.0,4389.55,829450.0,64.02
2024-08-22,4395.05,4438.85,4365.0,4425.4,841618.0,75.69
2024-08-23,4420.0,4437.0,4378.05,4385.75,495805.0,70.66
2024-08-26,4385.0,4433.85,4365.6,4405.55,532929.0,58.99
2024-08-27,4405.55,4527.95,4385.3,4507.35,829461.0,49.3
2024-08-28,4508.5,4509.95,4461.25,4474.95,138783.0,44.13
2024-08-29,4474.95,4493.95,4425.9,4454.0,508531.0,69.72
2024-08-30,4454.0,4479.85,4410.5,4420.5,616110.0,72.91
2024-09-02,4431.95,4479.6,4392.35,4403.3,224056.0,57.94
2024-09-03,4404.1,4468.05,4360.0,4459.85,515160.0,62.81
2024-09-04,4416.0,4514.95,4413.6,4504.35,350915.0,63.33
2024-09-05,4514.0,4546.2,4492.25,4514.35,374350.0,70.75
2024-09-06,4506.0,4539.7,4405.1,4418.0,324473.0,65.54
2024-09-09,4418.0,4418.05,4370.0,4401.4,319601.0,49.57
2024-09-10,4429.9,4448.4,4323.5,4375.7,512789.0,42.99
2024-09-11,4376.05,4458.95,4376.05,4401.85,277593.0,50.98
2024-09-12,4401.85,4433.4,4367.9,4386.3,233054.0,65.27
2024-09-13,4404.0,4450.0,4386.65,4422.4,318264.0,70.21
2024-09-16,4438.0,4464.6,4397.3,4433.0,382297.0,55.45
2024-09-17,4439.45,4453.8,4400.0,4421.9,278578.0,44.72
2024-09-18,4421.9,4486.0,4392.1,4432.25,190249.0,38.96
2024-09-19,4440.0,4486.0,4299.9,4389.8,448620.0,53.18
2024-09-20,4392.0,4414.95,4360.0,4378.3,737967.0,65.76
2024-09-23,4385.5,4433.0,4330.0,4412.8,415628.0,53.32
2024-09-24,4422.0,4534.3,4390.0,4479.15,558134.0,45.49
2024-09-25,4489.9,4505.7,4425.05,4471.2,261274.0,59.06
2024-09-26,4490.4,4541.0,4416.0,4527.55,268104.0,54.5
2024-09-27,4525.0,4525.0,4411.0,4420.55,496527.0,64.71
2024-09-30,4420.0,4420.0,4275.55,4299.3,398612.0,52.95
2024-10-01,4318.0,4390.7,4301.75,4365.0,335988.0,56.65
2024-10-02,4318.0,4390.7,4301.75,4365.0,335988.0,56.65
2024-10-03,4292.0,4350.0,4201.05,4225.65,231145.0,52.47
2024-10-04,4225.0,4289.65,4184.65,4219.45,285684.0,55.34
2024-10-07,4203.0,4237.95,4102.25,4132.8,483253.0,53.52
2024-10-08,4100.0,4202.0,4100.0,4189.45,371923.0,56.8
2024-10-09,4249.9,4388.95,4239.35,4369.8,692046.0,60.4
2024-10-10,4360.5,4443.55,4352.25,4410.45,385531.0,53.27
2024-10-11,4411.0,4455.0,4345.0,4449.4,717931.0,73.24
2024-10-14,4476.95,4502.0,4414.0,4482.05,497069.0,51.15
2024-10-15,4499.9,4604.25,4465.15,4555.1,1566800.0,40.37
2024-10-16,4560.0,4864.0,4560.0,4827.9,3365030.0,36.84
2024-10-17,4824.05,4824.05,4690.3,4728.65,670142.0,55.21
2024-10-18,4698.95,4750.2,4605.0,4709.75,343633.0,44.47
2024-10-21,4740.9,4800.0,4590.05,4602.95,607174.0,34.99
2024-10-22,4602.95,4647.9,4490.55,4510.85,567042.0,43.86
2024-10-23,4487.0,4569.95,4440.05,4499.0,479935.0,47.3
2024-10-24,4499.0,4540.85,4361.55,4434.45,438469.0,59.3
2024-10-25,4450.0,4515.4,4305.05,4342.25,566207.0,47.68
2024-10-28,4365.45,4413.3,4305.0,4337.5,402585.0,51.37
2024-10-29,4340.0,4435.35,4216.55,4419.05,671047.0,51.54
2024-10-30,4439.0,4439.0,4361.2,4384.6,325805.0,56.82
2024-10-31,4400.9,4400.9,4258.5,4299.45,520292.0,67.55
2024-11-01,4340.0,4359.15,4310.0,4322.85,55312.0,37.68
2024-11-04,4342.05,4342.05,4227.0,4283.4,560192.0,53.66
2024-11-05,4294.0,4328.0,4182.5,4294.0,859564.0,52.26
2024-11-06,4300.0,4509.0,4300.0,4498.45,618525.0,52.38
2024-11-07,4509.6,4539.0,4458.0,4517.15,276984.0,49.05
2024-11-08,4529.0,4552.9,4460.05,4484.55,265978.0,51.07
2024-11-11,4484.55,4500.0,4392.65,4450.05,297456.0,50.59
2024-11-12,4474.0,4540.0,4380.05,4397.5,477903.0,41.31
2024-11-13,4360.95,4372.1,4220.0,4249.15,364377.0,54.46
2024-11-14,4249.05,4360.0,4248.05,4278.75,393645.0,51.35
2024-11-18,4276.0,4278.75,4167.05,4182.35,684781.0,58.06
2024-11-19,4182.0,4229.0,4151.75,4190.15,455486.0,54.32
2024-11-20,4182.0,4229.0,4151.75,4190.15,455486.0,54.32
2024-11-21,4200.0,4237.6,4126.6,4214.1,873511.0,69.02
2024-11-22,4224.6,4240.0,4185.1,4223.25,472525.0,66.29
2024-11-25,4304.95,4373.35,4272.2,4343.45,704527.0,63.65
2024-11-26,4375.5,4375.5,4232.0,4238.45,269439.0,57.32
2024-11-27,4238.45,4258.4,4201.0,4241.9,295543.0,61.14
2024-11-28,4258.55,4279.4,4187.0,4209.75,189382.0,51.14
2024-11-29,4234.0,4235.75,4188.0,4204.25,343667.0,73.47
2024-12-02,4194.0,4296.15,4179.65,4250.05,337700.0,63.48
2024-12-03,4260.05,4283.6,4240.95,4258.3,369595.0,68.69
2024-12-04,4274.0,4371.5,4260.45,4362.6,497596.0,57.24
2024-12-05,4395.0,4395.0,4318.05,4357.0,395755.0,66.02
2024-12-06,4384.85,4407.0,4347.9,4363.9,205227.0,61.03
2024-12-09,4356.05,4510.75,4332.1,4469.15,596726.0,55.01
2024-12-10,4475.7,4480.75,4400.0,4456.5,309645.0,54.98
2024-12-11,4468.2,4549.8,4451.4,4543.85,329817.0,48.8
2024-12-12,4547.0,4579.95,4500.0,4542.6,283083.0,48.43
2024-12-13,4539.05,4543.1,4400.0,4538.85,191648.0,42.44
2024-12-16,4550.0,4578.0,4495.55,4516.75,183965.0,46.69
2024-12-17,4500.0,4508.45,4402.0,4415.0,312840.0,55.26
2024-12-18,4410.0,4415.35,4340.0,4368.15,178229.0,51.33
2024-12-19,4311.0,4407.0,4272.95,4394.2,394919.0,67.34
2024-12-20,4399.0,4435.35,4214.3,4262.8,418696.0,64.64
2024-12-23,4275.0,4329.2,4240.0,4249.65,265286.0,57.69
2024-12-24,4250.0,4278.3,4211.0,4216.6,112838.0,40.96
2024-12-25,4250.0,4278.3,4211.0,4216.6,112838.0,40.96
2024-12-26,4296.0,4296.0,4213.65,4269.45,286394.0,48.0
2024-12-27,4270.35,4324.45,4252.95,4263.1,209846.0,60.06
2024-12-30,4249.0,4298.95,4177.75,4265.4,513209.0,53.75
2024-12-31,4230.0,4254.9,4182.05,4199.05,397764.0,61.3
2025-01-01,4199.95,4217.8,4145.1,4162.55,297058.0,65.82
2025-01-02,4180.0,4292.55,4160.05,4281.95,303954.0,53.66
2025-01-03,4298.0,4310.0,4160.8,4224.65,476512.0,60.71
2025-01-06,4200.0,4238.45,4022.0,4104.95,825389.0,57.56
2025-01-07,4090.9,4129.9,4062.45,4071.7,288911.0,61.37
2025-01-08,4079.65,4081.65,3992.0,4062.45,497575.0,57.16
2025-01-09,4062.45,4079.95,3942.0,3950.4,179478.0,49.81
2025-01-10,3959.95,3978.95,3832.95,3844.8,473532.0,58.16
2025-01-13,3800.0,3904.95,3792.2,3834.55,398420.0,44.67
2025-01-14,3852.35,3947.1,3813.35,3865.05,662998.0,31.94
2025-01-15,3901.85,4114.95,3841.05,4047.5,1864301.0,24.21
2025-01-16,4047.85,4118.0,4045.0,4090.7,357898.0,47.91
2025-01-17,4090.0,4099.9,4006.05,4030.85,297514.0,56.78
2025-01-20,4038.65,4089.95,4000.6,4040.4,411921.0,64.05
2025-01-21,4043.95,4085.5,4011.75,4029.7,410609.0,66.3
2025-01-22,4059.8,4059.8,3925.5,3951.1,506125.0,63.62
2025-01-23,3942.0,4033.1,3904.45,4001.7,298595.0,57.48
2025-01-24,4028.9,4045.0,3864.3,3877.8,296525.0,48.13
2025-01-27,3860.35,3864.0,3700.0,3714.2,576684.0,59.6
2025-01-28,3776.35,3776.35,3661.6,3688.65,358687.0,44.59
2025-01-29,3699.95,3794.45,3682.2,3785.7,129136.0,36.92
2025-01-30,3810.0,3811.95,3755.55,3769.35,405748.0,41.38
2025-01-31,3769.35,4000.0,3754.15,3869.9,359119.0,57.6
2025-02-03,3900.0,3900.0,3786.0,3810.9,407937.0,57.36
2025-02-04,3844.95,3924.0,3840.05,3868.35,539218.0,67.76
2025-02-05,3890.0,4037.95,3880.05,3992.85,783716.0,67.81
2025-02-06,4014.8,4043.95,3922.0,3935.65,274765.0,54.75
2025-02-07,3935.65,3970.0,3840.35,3922.35,247964.0,41.51
2025-02-10,3924.0,3955.35,3835.75,3872.4,231081.0,57.65
2025-02-11,3871.0,3871.0,3647.95,3684.45,616957.0,67.06
2025-02-12,3685.0,3766.95,3563.05,3703.65,771175.0,53.55
2025-02-13,3731.45,3780.0,3681.05,3755.85,445112.0,64.16
2025-02-14,3765.0,3790.0,3695.0,3752.45,661126.0,65.57
2025-02-17,3745.0,3794.95,3652.8,3730.55,419130.0,45.72
2025-02-18,3725.0,3756.0,3685.2,3737.85,460813.0,52.69
2025-02-19,3731.0,3831.95,3701.1,3791.75,234495.0,58.38
2025-02-20,3765.0,3894.2,3760.0,3879.6,240299.0,57.7
2025-02-21,3863.95,3928.0,3778.05,3793.1,467995.0,63.94
2025-02-24,3787.45,3810.0,3722.35,3783.45,220249.0,50.2
2025-02-25,3783.0,3837.95,3740.0,3765.25,217126.0,55.36
2025-02-27,3745.1,3762.85,3646.5,3688.8,740074.0,70.33
2025-02-28,3671.05,3677.85,3601.0,3628.3,635909.0,68.44
2025-03-03,3635.45,3732.95,3622.8,3712.65,368198.0,52.65
2025-03-04,3680.7,3750.0,3653.6,3695.0,370819.0,54.63
2025-03-05,3680.05,3880.85,3670.0,3864.3,498919.0,56.74
2025-03-06,3883.9,3912.45,3813.05,3842.05,431466.0,68.42
2025-03-07,3842.05,3907.1,3820.55,3834.2,356115.0,63.35
2025-03-10,3826.15,3857.2,3732.2,3750.1,443880.0,67.14
2025-03-11,3722.0,3794.0,3679.0,3779.3,263827.0,49.68
2025-03-12,3770.0,3815.0,3668.3,3767.65,299570.0,42.09
2025-03-13,3760.2,3772.5,3660.0,3725.1,429672.0,51.09
2025-03-17,3726.1,3793.95,3718.4,3746.65,242200.0,62.16
2025-03-18,3752.4,3839.0,3743.65,3827.6,416479.0,67.02
2025-03-19,3800.0,3985.1,3800.0,3975.75,406540.0,59.06
2025-03-20,3995.6,4043.25,3945.15,3967.8,418160.0,61.16
2025-03-21,3955.4,4074.0,3940.2,3994.55,854935.0,68.85
2025-03-24,4010.0,4129.9,3992.5,4100.45,296918.0,63.21
2025-03-25,4130.0,4140.0,4052.25,4112.3,616824.0,71.77
2025-03-26,4115.0,4188.4,4060.0,4071.35,556289.0,54.03
2025-03-27,4071.35,4138.85,4055.7,4073.3,962441.0,69.8
2025-03-28,4094.95,4126.0,3994.4,4013.9,262465.0,49.93
2025-04-01,4013.9,4070.0,3922.1,3976.55,311030.0,56.05
2025-04-02,3990.0,4090.95,3944.05,4075.35,302550.0,54.31
2025-04-03,4036.4,4088.0,4016.3,4043.5,438357.0,65.52
2025-04-04,4044.8,4058.0,3880.0,3906.3,418075.0,54.95
2025-04-07,3650.0,3765.05,3566.85,3732.1,934744.0,55.72
2025-04-08,3780.05,3880.45,3775.5,3836.35,646021.0,60.44
2025-04-09,3836.35,3850.0,3781.4,3799.95,482461.0,67.27
2025-04-11,3775.75,4031.0,3775.0,3987.25,666998.0,58.66
2025-04-15,4029.0,4140.9,4006.0,4133.1,507001.0,67.53
2025-04-16,4133.0,4138.6,4076.0,4130.0,405905.0,64.77
2025-04-17,4130.0,4252.9,4061.1,4218.0,785102.0,46.25
2025-04-21,4235.0,4497.1,4205.0,4459.8,1077287.0,50.72
2025-04-22,4454.1,4529.4,4435.3,4509.6,564536.0,65.25
2025-04-23,4509.0,4625.0,4491.0,4559.5,822889.0,63.75
2025-04-24,4552.0,4600.0,4511.1,4547.4,562247.0,69.86
2025-04-25,4554.1,4601.0,4367.1,4382.5,725596.0,67.68
2025-04-28,4380.0,4443.7,4342.1,4429.3,424959.0,64.29
2025-04-29,4443.9,4494.2,4391.0,4416.0,268359.0,47.88
2025-04-30,4396.0,4460.0,4359.3,4374.4,284600.0,63.59
2025-05-02,4377.0,4495.0,4370.8,4382.9,488218.0,59.5
2025-05-05,4403.1,4478.9,4365.3,4465.0,239005.0,52.75
2025-05-06,4465.0,4478.0,4311.0,4338.0,345348.0,61.42
2025-05-07,4302.0,4439.8,4300.0,4429.4,333947.0,56.05
2025-05-08,4425.0,4450.0,4251.5,4287.8,421280.0,60.13
2025-05-09,4232.0,4284.1,4175.0,4271.6,283429.0,43.06
2025-05-12,4391.8,4545.1,4350.1,4529.1,427065.0,56.07
2025-05-13,4530.0,4572.0,4490.1,4496.6,469237.0,65.63
2025-05-14,4514.0,4588.2,4483.3,4568.9,606581.0,72.85
2025-05-15,4590.0,4713.3,4541.8,4702.4,1202219.0,68.69
2025-05-16,4720.0,4772.0,4688.2,4737.3,998009.0,76.42
2025-05-19,4760.8,4845.0,4738.0,4812.7,892532.0,74.54
2025-05-20,4821.6,4832.0,4738.9,4765.4,977130.0,75.35
2025-05-21,4760.0,4832.0,4694.1,4815.5,426095.0,59.62
2025-05-22,4815.5,4869.9,4750.0,4784.6,633652.0,59.61
2025-05-23,4800.0,4834.1,4770.1,4814.1,370812.0,67.19
2025-05-26,4810.0,4891.0,4800.0,4830.8,288712.0,54.46
2025-05-27,4830.8,4845.0,4775.1,4808.4,154992.0,54.01
2025-05-28,4832.4,4884.0,4800.0,4827.4,298915.0,60.52
2025-05-29,4830.0,4870.9,4786.8,4844.9,285564.0,54.63
2025-05-30,4862.0,4883.3,4772.1,4783.0,514921.0,72.5
2025-06-02,4750.0,4825.0,4750.0,4821.2,345310.0,60.7
2025-06-03,4838.9,4939.4,4780.5,4789.5,513608.0,53.05
2025-06-04,4801.8,4821.4,4726.0,4739.6,430928.0,64.55
2025-06-05,4762.0,4904.0,4734.2,4885.8,886866.0,72.79
2025-06-06,4835.0,5157.8,4821.0,5087.5,2386078.0,53.25
2025-06-09,5103.0,5278.9,5080.2,5217.2,865988.0,58.52
2025-06-10,5240.0,5240.0,5106.0,5120.9,505666.0,57.9
2025-06-11,5120.0,5206.9,5089.2,5123.9,388766.0,60.83
2025-06-12,5119.0,5140.0,5021.4,5031.2,309176.0,55.77
2025-06-13,4931.0,5022.9,4928.1,4969.2,533523.0,68.42
2025-06-16,4700.0,5022.8,4700.0,4970.3,606001.0,38.61
2025-06-17,4955.0,4999.0,4920.8,4983.9,289124.0,58.19
2025-06-18,5012.1,5012.1,4907.0,4943.0,390795.0,59.27
2025-06-19,4934.0,5005.8,4870.2,4877.5,232762.0,55.12
2025-06-20,4868.5,4975.3,4866.8,4958.6,407070.0,55.23
2025-06-23,4921.0,4987.2,4910.0,4938.5,213021.0,55.11
2025-06-24,4995.0,5095.0,4983.7,5063.4,404615.0,44.34
2025-06-25,5096.5,5124.0,5064.7,5092.3,257422.0,52.73
2025-06-26,5080.0,5129.4,5012.0,5075.0,367008.0,47.99
2025-06-27,5098.8,5179.8,5058.1,5148.5,323175.0,54.18
2025-06-30,5150.0,5219.8,5147.4,5191.8,194140.0,49.62
2025-07-01,5194.5,5220.0,5118.5,5143.0,173833.0,54.27
2025-07-02,5101.0,5149.0,5043.5,5076.0,126305.0,48.32
2025-07-03,5079.0,5122.0,5035.0,5045.0,327789.0,74.09
2025-07-04,5045.0,5083.5,4984.5,5033.5,229547.0,60.41
2025-07-07,5033.0,5115.0,4984.0,4999.0,367191.0,65.33
2025-07-08,5022.0,5169.5,5021.0,5109.0,872206.0,52.13
2025-07-09,5125.0,5173.0,5073.0,5141.0,390919.0,57.75
2025-07-10,5141.5,5233.5,5141.5,5207.5,665110.0,58.48
2025-07-11,5200.0,5220.0,5090.0,5116.0,236579.0,62.17
2025-07-14,5112.0,5147.0,5052.5,5091.5,165618.0,56.38
2025-07-15,5124.0,5300.0,5110.5,5283.5,907464.0,65.55
2025-07-16,5284.0,5365.0,5278.5,5353.5,806827.0,62.69
2025-07-17,5382.5,5548.5,5342.5,5510.0,1608642.0,42.71
2025-07-18,5528.5,5626.0,5510.5,5590.0,1693816.0,59.56
2025-07-21,5590.0,5655.0,5537.0,5622.0,409799.0,47.63
2025-07-22,5650.0,5650.0,5556.5,5592.5,302892.0,68.52
2025-07-23,5599.0,5619.5,5573.0,5599.0,445350.0,73.87
2025-07-24,5580.0,5603.0,5537.5,5563.0,188811.0,69.23
2025-07-25,5551.0,5590.0,5504.0,5551.5,400216.0,69.92
2025-07-28,5525.0,5649.5,5507.5,5563.5,486520.0,60.88
2025-07-29,5536.0,5673.0,5517.5,5627.5,816296.0,65.13
2025-07-30,5634.0,5695.0,5582.5,5670.0,386726.0,61.93
2025-07-31,5605.0,5693.0,5567.5,5650.0,561428.0,49.05
2025-08-01,5644.0,5678.0,5586.0,5615.0,279558.0,57.06
2025-08-04,5614.5,5725.0,5602.5,5685.0,398255.0,58.8
2025-08-05,5700.0,5704.0,5628.5,5673.5,439851.0,64.56
2025-08-06,5691.0,5714.5,5651.0,5681.0,417367.0,65.9
2025-08-07,5661.0,5699.0,5577.0,5664.5,384798.0,57.93
2025-08-08,5667.0,5667.0,5530.5,5562.0,252280.0,61.74
2025-08-11,5568.5,5614.5,5448.5,5501.0,734429.0,64.61
2025-08-12,5536.0,5580.0,5445.5,5466.0,463947.0,63.11
2025-08-13,5499.0,5520.0,5473.0,5481.5,298435.0,71.12
2025-08-14,5485.0,5530.0,5404.0,5491.0,868685.0,75.52
2025-08-18,5520.0,5731.0,5515.5,5717.0,570777.0,64.48
2025-08-19,5720.0,5740.0,5641.0,5719.0,394481.0,62.39
2025-08-20,5710.5,5718.5,5639.5,5709.5,276250.0,69.27
2025-08-21,5738.5,5810.0,5686.5,5794.0,475151.0,61.69
2025-08-22,5807.5,5869.5,5794.5,5828.0,593439.0,56.85
2025-08-25,5840.0,5927.5,5826.5,5892.0,478987.0,67.66
2025-08-26,5882.5,5922.0,5736.0,5759.5,457871.0,68.62
2025-08-28,5745.0,5745.0,5569.0,5582.0,463350.0,56.07
2025-08-29,5589.5,5618.0,5450.0,5463.0,464107.0,61.33
2025-09-01,5463.0,5590.0,5442.0,5579.5,295070.0,62.4
2025-09-02,5596.0,5599.0,5512.5,5530.5,150339.0,53.1
2025-09-03,5540.0,5640.0,5537.5,5597.5,320889.0,64.85
2025-09-04,5640.0,5650.0,5550.0,5569.5,286276.0,55.03
2025-09-05,5589.0,5642.0,5543.5,5572.5,262035.0,56.1
2025-09-08,5576.5,5745.0,5568.5,5712.5,422166.0,57.94
2025-09-09,5710.0,5728.0,5631.0,5652.5,249296.0,61.76
2025-09-10,5670.5,5833.0,5670.5,5804.5,484669.0,59.63
2025-09-11,5775.0,5838.5,5724.0,5799.0,370669.0,69.13
2025-09-12,5830.0,5839.0,5791.0,5798.5,179790.0,72.73
2025-09-15,5791.0,5791.0,5713.5,5744.0,175205.0,59.6
2025-09-16,5767.5,5840.0,5750.0,5779.5,206526.0,58.77
2025-09-17,5807.5,5839.5,5773.0,5808.0,154848.0,56.03
2025-09-18,5830.0,5870.5,5806.5,5850.0,155689.0,49.61
2025-09-19,5868.0,5900.0,5841.0,5856.5,354863.0,62.85
2025-09-22,5875.0,5905.0,5810.0,5827.5,159068.0,54.3
2025-09-23,5830.0,5903.5,5811.0,5883.5,317764.0,64.96
2025-09-24,5864.0,5900.0,5742.0,5790.0,281054.0,59.28
2025-09-25,5793.0,5817.5,5740.0,5751.0,247542.0,66.61
2025-09-26,5747.0,5780.0,5609.0,5621.0,222206.0,55.16
2025-09-29,5621.5,5686.5,5553.0,5623.0,358318.0,66.6
2025-09-30,5605.0,5629.0,5438.0,5532.5,560439.0,61.63
2025-10-01,5524.0,5590.0,5524.0,5555.5,243162.0,63.98
2025-10-03,5584.0,5633.5,5555.0,5591.0,435716.0,75.93
2025-10-06,5597.0,5677.5,5591.0,5661.0,268927.0,65.45
2025-10-07,5688.5,5688.5,5525.0,5556.5,341148.0,59.4
2025-10-08,5530.0,5566.0,5441.5,5475.5,329410.0,55.33
2025-10-09,5494.0,5529.5,5430.5,5479.0,416463.0,66.24
2025-10-10,5495.0,5549.0,5452.0,5520.0,441813.0,72.72
2025-10-13,5551.5,5685.0,5549.5,5669.0,643571.0,49.95
2025-10-14,5698.0,5712.5,5588.0,5594.0,310346.0,55.53
2025-10-15,5617.0,5809.0,5611.0,5764.0,1208160.0,38.74
2025-10-16,5790.5,5934.5,5560.5,5803.5,1622734.0,35.36
2025-10-17,5803.5,5895.0,5703.0,5715.5,482505.0,46.09
2025-10-20,5743.0,5772.5,5677.5,5716.0,257234.0,52.88
2025-10-21,5739.5,5753.5,5681.0,5707.5,42433.0,56.09
2025-10-22,5739.5,5753.5,5681.0,5707.5,42433.0,56.09
2025-10-23,5745.0,5745.0,5596.0,5612.0,329134.0,59.46
2025-10-24,5616.5,5640.0,5506.5,5543.5,302804.0,60.0
2025-10-27,5560.0,5606.5,5551.5,5559.0,360695.0,73.39
2025-10-28,5575.0,5683.5,5544.0,5646.5,443484.0,57.9
2025-10-29,5421.5,5469.0,5288.0,5398.0,2200227.0,55.62
2025-10-30,5401.5,5419.0,5341.0,5364.5,744281.0,70.66
2025-10-31,5390.0,5448.5,5360.0,5379.0,466200.0,63.57
2025-11-03,5379.0,5428.0,5310.0,5404.5,465601.0,58.86
2025-11-04,5395.0,5474.5,5391.0,5402.5,620107.0,65.44
2025-11-05,5395.0,5474.5,5391.0,5402.5,620107.0,65.44
2025-11-06,5242.5,5425.0,5242.5,5388.5,489224.0,62.57
2025-11-07,5381.0,5446.5,5295.5,5432.5,454966.0,52.83
2025-11-10,5432.5,5510.0,5416.5,5496.0,184862.0,60.73
2025-11-11,5525.0,5525.0,5425.0,5480.0,297185.0,62.11
2025-11-12,5505.0,5523.5,5451.5,5485.5,326699.0,66.98
2025-11-13,5500.0,5572.0,5465.0,5477.5,439338.0,59.55
2025-11-14,5485.0,5498.0,5364.0,5413.0,407286.0,60.83
2025-11-17,5438.0,5469.0,5408.0,5438.5,313265.0,59.47
2025-11-18,5460.0,5498.0,5385.0,5396.5,266067.0,69.32
2025-11-19,5396.5,5411.0,5339.5,5392.0,426820.0,73.38
2025-11-20,5413.5,5419.5,5380.5,5399.0,361804.0,75.6
2025-11-21,5400.0,5425.5,5351.5,5393.5,424733.0,69.86
2025-11-24,5419.5,5451.0,5350.0,5371.0,543294.0,72.17
2025-11-25,5381.0,5388.0,5312.0,5336.5,395282.0,69.08
2025-11-26,2682.0,2697.5,2658.5,2679.0,430478.0,50.13
2025-11-27,2705.5,2705.5,2656.5,2680.0,271818.0,53.15
2025-11-28,2680.0,2695.0,2659.0,2673.0,298038.0,66.03
2025-12-01,2679.9,2692.3,2638.1,2648.8,333366.0,62.28
2025-12-02,2649.0,2649.0,2591.5,2599.0,819741.0,63.39
2025-12-03,2620.0,2627.8,2575.5,2596.2,483519.0,52.12
2025-12-04,2606.6,2609.0,2583.4,2596.0,533045.0,70.32
2025-12-05,2583.0,2596.7,2564.0,2577.5,471729.0,67.06
2025-12-08,2578.9,2605.1,2542.4,2551.5,746623.0,64.02
2025-12-09,2548.5,2565.0,2510.0,2558.9,809645.0,64.36
2025-12-10,2559.0,2625.8,2559.0,2609.4,751288.0,54.82
2025-12-11,2605.0,2670.5,2600.3,2664.7,895280.0,63.56
2025-12-12,2676.0,2681.3,2653.6,2674.7,1304915.0,74.61
2025-12-15,2669.8,2669.8,2597.2,2607.0,626759.0,62.33
2025-12-16,2608.0,2608.0,2563.1,2583.7,989338.0,74.38
2025-12-17,2581.3,2601.7,2535.6,2541.2,501390.0,58.06
2025-12-18,2602.9,2729.2,2602.9,2722.9,2915803.0,24.95
2025-12-19,2719.0,2738.1,2632.4,2672.2,2244048.0,59.58
2025-12-22,2661.0,2674.6,2641.2,2662.8,522476.0,58.44
2025-12-23,2679.0,2713.7,2665.2,2709.3,493486.0,47.58
2025-12-24,2709.0,2724.0,2641.2,2656.1,1008479.0,59.28
2025-12-25,2709.0,2724.0,2641.2,2656.1,1008479.0,59.28
2025-12-26,2656.0,2673.9,2642.8,2647.2,407924.0,65.37
2025-12-29,2647.2,2656.8,2625.1,2647.2,573768.0,67.07
2025-12-30,2647.0,2655.0,2622.6,2630.2,1265693.0,65.94
2025-12-31,2640.0,2682.0,2639.9,2672.2,502461.0,57.77
2026-01-01,2674.8,2682.0,2635.5,2648.2,344128.0,57.69
2026-01-02,2648.2,2664.8,2627.1,2657.2,347752.0,63.13
2026-01-05,2657.0,2686.6,2636.8,2660.7,981827.0,72.28
2026-01-06,2673.2,2673.7,2616.2,2622.1,930786.0,69.99
2026-01-07,2648.4,2648.4,2607.7,2624.6,501844.0,66.64
2026-01-08,2619.1,2625.2,2567.0,2583.0,831429.0,69.04
2026-01-09,2582.0,2591.6,2518.1,2523.4,1138292.0,68.39
2026-01-12,2513.0,2533.5,2464.4,2487.5,879934.0,64.26
2026-01-13,2502.0,2512.5,2455.1,2485.7,975174.0,66.24
2026-01-14,2498.3,2603.3,2487.1,2554.1,2340909.0,45.92
2026-01-15,2498.3,2603.3,2487.1,2554.1,2340909.0,45.92
2026-01-16,2580.2,2696.0,2580.0,2596.4,2869514.0,43.2
2026-01-19,2580.2,2598.8,2543.1,2579.6,814597.0,61.74
2026-01-20,2597.0,2597.0,2520.0,2526.9,827106.0,58.93
2026-01-21,2531.0,2533.6,2454.1,2476.0,1087574.0,54.46
2026-01-22,2509.0,2518.5,2484.0,2498.9,684139.0,65.96
2026-01-23,2513.0,2513.0,2420.0,2429.7,417907.0,48.75
2026-01-26,2513.0,2513.0,2420.0,2429.7,417907.0,48.75
2026-01-27,2433.0,2448.3,2407.3,2436.8,1437206.0,64.79
2026-01-28,2460.0,2481.7,2427.5,2477.6,1300327.0,69.02
2026-01-29,2486.9,2555.0,2471.0,2544.2,1550271.0,66.71
2026-01-30,2544.2,2553.6,2506.1,2515.7,1084243.0,64.23
2026-02-02,2468.9,2580.4,2432.0,2570.3,1442403.0,64.85
2026-02-03,2750.0,2769.9,2658.7,2671.3,2576323.0,62.55
2026-02-04,2680.0,2745.0,2660.4,2725.0,2931893.0,78.8
2026-02-05,2725.0,2772.5,2720.9,2762.3,2336539.0,77.53
2026-02-06,2772.6,2772.6,2697.8,2719.8,479617.0,53.87
2026-02-09,2750.0,2757.1,2715.0,2746.6,604024.0,65.55
2026-02-10,2753.0,2824.4,2735.0,2816.8,916277.0,47.92
2026-02-11,2832.0,2832.7,2814.1,2826.9,669732.0,69.27
2026-02-12,2829.7,2843.9,2819.6,2835.7,574333.0,67.36
2026-02-13,2817.0,2832.4,2797.4,2813.2,1046968.0,72.93
2026-02-16,2807.8,2847.7,2790.5,2842.2,272866.0,59.85
2026-02-17,2825.0,2869.0,2823.2,2863.6,344823.0,59.63
2026-02-18,2865.1,2901.5,2800.0,2812.6,1032735.0,59.96
2026-02-19,2815.0,2826.8,2725.0,2732.2,337142.0,41.08
2026-02-20,2742.3,2756.4,2701.4,2715.7,456524.0,61.89
2026-02-23,2739.0,2772.0,2712.8,2726.8,924223.0,58.63
2026-02-24,2719.8,2727.9,2666.5,2681.4,654112.0,57.44
2026-02-25,2689.0,2766.7,2682.8,2743.9,849803.0,62.91
2026-02-26,2755.0,2763.0,2740.6,2753.8,579732.0,70.7
2026-02-27,2718.7,2751.7,2687.1,2698.6,1193019.0,60.29
2026-03-02,2625.0,2690.2,2601.4,2649.8,816022.0,59.81
2026-03-03,2625.0,2690.2,2601.4,2649.8,816022.0,59.81
2026-03-04,2600.0,2625.0,2539.0,2547.2,1001078.0,62.56
2026-03-05,2580.0,2588.0,2523.4,2559.0,600390.0,60.5
2026-03-06,2559.1,2559.2,2495.2,2503.8,689587.0,53.22
2026-03-09,2453.8,2469.4,2408.0,2461.1,615536.0,51.17
2026-03-10,2507.2,2550.4,2467.5,2534.7,1570912.0,62.1
2026-03-11,2550.0,2551.3,2439.8,2448.2,1185276.0,56.96
2026-03-12,2439.0,2479.4,2408.4,2429.0,848681.0,56.68
2026-03-13,2417.1,2417.1,2357.3,2381.0,1177208.0,59.01
2026-03-16,2384.0,2397.8,2323.0,2367.2,1973365.0,67.09
2026-03-17,2379.0,2407.9,2355.5,2383.4,1214120.0,67.04
2026-03-18,2386.5,2501.6,2383.0,2468.9,1251975.0,64.61
2026-03-19,2378.1,2441.0,2373.0,2401.0,1095550.0,49.3
2026-03-20,2409.3,2443.0,2380.0,2385.9,771952.0,59.26
2026-03-23,2359.9,2361.3,2236.6,2254.6,1483046.0,57.85
2026-03-24,2300.0,2361.7,2284.3,2351.7,822856.0,56.21
2026-03-25,2375.2,2419.5,2365.6,2386.3,826687.0,66.89
2026-03-26,2375.2,2419.5,2365.6,2386.3,826687.0,66.89
2026-03-27,2370.0,2380.6,2300.0,2313.9,5308340.0,76.87
2026-03-30,2255.1,2313.5,2205.6,2216.4,2088678.0,56.22
2026-03-31,2255.1,2313.5,2205.6,2216.4,2088678.0,56.22
2026-04-01,2285.0,2369.0,2275.2,2340.5,2438152.0,59.46
2026-04-02,2298.0,2358.3,2241.2,2348.6,1124725.0,54.52
2026-04-03,2298.0,2358.3,2241.2,2348.6,1124725.0,54.52
2026-04-06,2349.8,2400.0,2315.2,2386.6,885512.0,45.71
2026-04-07,2379.6,2379.6,2331.3,2345.2,861846.0,55.43
2026-04-08,2490.0,2559.7,2431.3,2539.4,2035265.0,55.94
2026-04-09,2537.0,2548.7,2491.9,2515.0,996857.0,50.02
2026-04-10,2533.9,2626.2,2530.1,2619.3,919481.0,45.66
2026-04-13,2549.7,2592.9,2525.2,2546.1,1006209.0,49.29
2026-04-14,2549.7,2592.9,2525.2,2546.1,1006209.0,49.29
2026-04-15,2590.2,2678.0,2590.2,2663.7,2160698.0,62.87
2026-04-16,2701.2,2723.7,2606.1,2662.2,2949659.0,47.28
2026-04-17,2646.3,2799.0,2646.3,2792.4,2259343.0,49.23
2026-04-20,2791.8,2809.8,2753.4,2768.2,1049876.0,65.29
2026-04-21,2754.0,2816.8,2733.9,2794.0,1593751.0,59.69
2026-04-22,2794.0,2811.4,2759.3,2766.4,1161510.0,63.33
2026-04-23,2745.0,2762.9,2700.0,2708.2,1161552.0,63.24
2026-04-24,2700.0,2764.0,2692.9,2735.0,1081669.0,53.8
2026-04-27,2749.9,2776.5,2719.6,2756.0,483814.0,54.14
2026-04-28,2756.0,2788.8,2738.1,2760.2,1098502.0,60.58
2026-04-29,2770.0,2808.3,2760.2,2787.9,832683.0,61.74
2026-04-30,2770.1,2774.9,2703.7,2712.6,1255481.0,67.63
2026-05-01,2770.1,2774.9,2703.7,2712.6,1255481.0,67.63
2026-05-04,2725.0,2774.3,2725.0,2753.6,489137.0,55.71
2026-05-05,2749.1,2825.5,2707.0,2806.3,981595.0,49.8
2026-05-06,2830.0,2866.0,2807.4,2815.9,940065.0,64.87
2026-05-07,2830.0,2854.9,2780.0,2834.6,814891.0,61.13
2026-05-08,2820.0,2872.4,2815.3,2854.0,1044961.0,72.05
2026-05-11,2845.0,2845.0,2738.9,2747.2,1319247.0,66.49
2026-05-12,2713.0,2759.3,2623.4,2632.8,894165.0,54.65
2026-05-13,2630.0,2689.2,2630.0,2652.3,548007.0,50.54
2026-05-14,2670.0,2705.0,2618.0,2691.6,649261.0,55.24
2026-05-15,2700.0,2738.4,2690.2,2703.5,429762.0,49.35
2026-05-18,2663.0,2680.5,2600.1,2625.1,990806.0,55.41
2026-05-19,2625.0,2696.3,2600.9,2653.6,593711.0,52.15
2026-05-20,2630.0,2698.5,2605.2,2685.3,1035717.0,65.91
2026-05-21,2711.0,2774.2,2705.0,2727.9,898831.0,50.68
2026-05-22,2739.0,2767.0,2720.0,2738.7,525571.0,45.94
2026-05-25,2768.0,2809.8,2753.0,2758.1,767309.0,56.51
2026-05-26,2758.1,2765.8,2717.4,2739.8,685263.0,57.05
2026-05-27,2728.0,2739.1,2704.0,2716.3,548519.0,55.44
2026-05-28,2728.0,2739.1,2704.0,2716.3,548519.0,55.44
2026-05-29,2716.3,2768.4,2652.6,2674.3,2092882.0,61.72
2026-06-01,2687.5,2712.4,2595.1,2604.7,912721.0,33.02
2026-06-02,2574.1,2594.7,2540.0,2583.5,1342853.0,59.85
2026-06-03,2583.5,2583.6,2463.5,2510.0,1184566.0,52.97
2026-06-04,2495.5,2548.5,2485.8,2522.9,661317.0,49.91
2026-06-05,2483.8,2506.2,2465.6,2495.9,1100160.0,55.36
2026-06-08,2465.0,2478.1,2436.5,2453.0,1025312.0,67.3
2026-06-09,2468.0,2509.2,2447.1,2503.3,994452.0,60.22
2026-06-10,2503.3,2510.4,2436.3,2447.8,673825.0,55.22
2026-06-11,2438.0,2450.0,2384.2,2389.8,1069770.0,63.03
2026-06-12,2419.9,2463.6,2380.8,2455.9,1107972.0,60.31
2026-06-15,2500.0,2637.2,2499.0,2622.9,2029867.0,52.01
2026-06-16,2622.9,2669.0,2622.9,2658.6,680815.0,53.55
2026-06-17,2677.7,2716.1,2654.6,2711.1,912665.0,57.33
2026-06-18,2709.9,2735.0,2681.8,2728.2,609955.0,60.0
2026-06-19,2720.1,2729.9,2685.6,2719.0,430133.0,47.21
2026-06-22,2730.0,2732.9,2678.7,2689.9,922796.0,65.62
2026-06-23,2662.0,2725.0,2656.0,2680.0,666444.0,54.76
2026-06-24,2671.0,2690.0,2621.0,2625.1,538871.0,52.1
2026-06-25,2638.8,2691.8,2638.8,2649.7,824774.0,57.86
2026-06-26,2638.8,2691.8,2638.8,2649.7,824774.0,57.86
2026-06-29,2638.0,2679.9,2594.4,2606.6,1613740.0,69.05
2026-06-30,2625.8,2669.6,2605.6,2653.2,753577.0,56.49
2026-07-01,2663.0,2752.4,2655.6,2745.8,1139695.0,63.13
2026-07-02,2747.0,2770.1,2742.9,2759.6,395005.0,50.87
2026-07-03,2777.0,2808.3,2765.2,2800.2,504864.0,54.24
2026-07-06,2821.5,2838.4,2760.3,2773.4,396364.0,50.57
2026-07-07,2785.0,2806.0,2734.2,2783.4,538949.0,54.05
2026-07-08,2768.5,2776.1,2645.8,2659.2,651746.0,48.34
2026-07-09,2675.0,2744.9,2662.3,2737.1,1437375.0,68.99
2026-07-10,2755.0,2789.8,2748.0,2761.2,846266.0,67.5
2026-07-13,2751.0,2758.2,2681.0,2749.0,914005.0,47.2
2026-07-14,2735.0,2741.9,2642.0,2659.8,1148370.0,58.58
2026-07-15,2681.7,2767.3,2673.7,2729.2,1658894.0,49.64
2026-07-16,2722.3,2729.0,2587.6,2602.2,2845724.0,50.63
2026-07-17,2601.7,2669.0,2588.4,2651.2,1533879.0,51.52
2026-07-20,2655.4,2659.0,2603.0,2644.9,655096.0,44.22
2026-07-21,2632.0,2695.0,2578.3,2581.1,1230158.0,58.88
2026-07-22,2588.0,2593.9,2537.7,2546.0,852280.0,53.16
2026-07-23,2542.0,2563.2,2497.6,2508.7,828744.0,48.89
2026-07-24,2499.9,2530.6,2468.5,2505.7,717284.0,53.3
2026-07-27,2515.9,2558.0,2515.9,2552.4,554072.0,60.62
2026-07-28,2552.4,2558.4,2515.3,2531.2,544077.0,54.78
2026-07-29,2535.1,2557.2,2528.3,2541.9,470968.0,52.71
2026-07-30,2535.0,2554.9,2529.2,2546.3,293137.0,54.95
2026-07-31,2550.1,2630.0,2550.1,2615.8,825760.0,54.8
2026-08-03,2640.0,2644.8,2562.2,2600.6,534990.0,47.03
2026-08-04,2589.0,2589.0,2533.0,2556.0,1035685.0,68.5
2026-08-05,2562.0,2581.5,2540.9,2562.0,582394.0,61.22
2026-08-06,2560.0,2566.0,2533.9,2538.1,400755.0,61.05
2026-08-07,2534.0,2552.4,2521.2,2545.0,310098.0,55.81
2026-08-10,2545.0,2574.9,2525.6,2560.0,389795.0,48.63
2026-08-11,2554.0,2554.1,2504.2,2515.0,1036363.0,61.28
2026-08-12,2520.0,2520.0,2482.3,2490.0,889475.0,71.47
2026-08-13,2490.0,2503.0,2478.2,2499.5,716544.0,68.74
2026-08-14,2502.5,2507.2,2470.2,2485.0,1564593.0,74.37
2026-08-19,2515.1,2552.6,2501.0,2551.7,792412.0,64.06
2026-08-20,2558.7,2624.0,2553.0,2624.0,1149185.0,64.84
2026-08-21,2615.0,2623.9,2596.0,2610.0,708050.0,58.37
