,Open,High,Low,Close,Volume,DeliveryPct
2016-08-19,1250.0,1250.0,1241.45,1247.1,1027659.0,
2016-08-22,1245.05,1254.45,1241.0,1250.3,1375323.0,
2016-08-23,1251.0,1254.0,1246.05,1251.45,1328631.0,
2016-08-24,1252.05,1264.2,1247.05,1261.8,1392734.0,
2016-08-25,1264.0,1266.8,1254.3,1258.55,2182472.0,
2016-08-26,1260.0,1261.9,1253.9,1257.1,630284.0,
2016-08-29,1255.5,1255.5,1236.2,1238.1,736046.0,
2016-08-30,1245.1,1270.5,1243.95,1268.65,2466902.0,
2016-08-31,1269.0,1295.0,1265.5,1291.2,2790341.0,
2016-09-01,1288.0,1290.0,1275.4,1283.7,1306169.0,
2016-09-02,1285.5,1289.0,1281.15,1285.1,988797.0,
2016-09-06,1290.05,1303.9,1290.05,1300.4,1377221.0,
2016-09-07,1301.0,1305.0,1283.1,1286.75,1004111.0,
2016-09-08,1290.0,1295.25,1283.6,1289.4,726345.0,
2016-09-09,1290.0,1294.5,1278.3,1290.4,1003442.0,
2016-09-12,1274.7,1284.4,1271.5,1279.9,996432.0,
2016-09-14,1275.0,1277.0,1265.4,1269.45,962377.0,
2016-09-15,1272.0,1283.9,1269.85,1279.6,875453.0,
2016-09-16,1283.8,1304.5,1283.8,1297.85,1631454.0,
2016-09-19,1297.0,1302.5,1288.0,1290.15,1473708.0,
2016-09-20,1292.65,1295.0,1284.05,1288.45,944562.0,
2016-09-21,1292.0,1298.0,1287.9,1293.0,1064100.0,
2016-09-22,1305.0,1316.95,1300.55,1306.9,1638950.0,
2016-09-23,1306.05,1318.45,1301.5,1312.7,1219202.0,
2016-09-26,1306.1,1308.9,1293.7,1296.15,1394193.0,
2016-09-27,1299.0,1306.15,1294.85,1298.05,1014203.0,
2016-09-28,1299.9,1300.0,1289.0,1295.25,1247413.0,
2016-09-29,1297.95,1306.0,1267.95,1277.5,4112503.0,
2016-09-30,1277.1,1281.0,1267.4,1272.85,1034607.0,
2016-10-03,1281.0,1289.9,1276.4,1287.2,975137.0,
2016-10-04,1288.6,1295.0,1282.3,1289.55,693878.0,
2016-10-05,1298.0,1300.05,1276.4,1286.1,911755.0,
2016-10-06,1287.1,1295.6,1279.05,1281.95,723928.0,
2016-10-07,1284.0,1287.75,1276.25,1280.6,834366.0,
2016-10-10,1285.0,1287.9,1278.75,1284.35,1179828.0,
2016-10-13,1279.0,1279.0,1256.45,1262.75,1129839.0,
2016-10-14,1265.75,1268.0,1254.0,1261.8,1016779.0,
2016-10-17,1265.5,1266.4,1232.75,1237.7,1283840.0,
2016-10-18,1243.2,1260.0,1239.0,1257.85,652742.0,
2016-10-19,1261.1,1263.0,1248.0,1258.35,761226.0,
2016-10-20,1260.25,1267.45,1251.0,1255.5,800089.0,
2016-10-21,1256.0,1272.95,1250.0,1270.7,989102.0,
2016-10-24,1271.75,1276.85,1261.05,1263.55,813916.0,
2016-10-25,1268.0,1268.0,1244.05,1250.3,1375449.0,
2016-10-26,1243.35,1265.0,1235.05,1239.3,1341635.0,
2016-10-27,1239.0,1257.0,1224.15,1252.1,2905965.0,
2016-10-28,1254.5,1261.9,1240.1,1259.05,1330134.0,
2016-11-01,1256.0,1263.85,1247.05,1259.8,850604.0,
2016-11-02,1251.1,1255.7,1241.5,1246.15,1618608.0,
2016-11-03,1245.0,1260.0,1231.75,1254.95,1578953.0,
2016-11-04,1252.8,1252.8,1241.75,1243.7,1433730.0,
2016-11-07,1252.0,1254.85,1240.0,1249.45,1417848.0,
2016-11-08,1251.1,1258.0,1240.1,1254.3,1337041.0,
2016-11-09,1200.0,1257.4,1195.35,1251.25,3411367.0,
2016-11-10,1263.75,1283.0,1254.1,1278.55,2675184.0,
2016-11-11,1274.0,1282.0,1265.6,1275.8,1784830.0,
2016-11-15,1277.5,1289.0,1250.65,1254.75,3128131.0,
2016-11-16,1268.0,1268.0,1240.05,1244.35,2161936.0,
2016-11-17,1238.3,1248.9,1225.15,1230.2,1203906.0,
2016-11-18,1236.0,1236.0,1209.2,1211.4,1719975.0,
2016-11-21,1219.5,1219.5,1188.35,1198.7,1388130.0,
2016-11-22,1206.8,1206.8,1189.35,1198.05,2504446.0,
2016-11-23,1203.0,1203.0,1181.1,1184.75,883173.0,
2016-11-24,1184.0,1186.3,1160.9,1165.5,3821499.0,
2016-11-25,1169.0,1193.2,1158.0,1189.3,1492490.0,
2016-11-28,1180.25,1198.9,1178.1,1184.45,1032545.0,
2016-11-29,1184.7,1192.95,1176.5,1178.75,983161.0,
2016-11-30,1185.0,1202.0,1181.1,1199.6,1610710.0,
2016-12-01,1202.3,1207.9,1193.0,1197.25,1119246.0,
2016-12-02,1189.0,1201.95,1176.7,1189.1,1015668.0,
2016-12-05,1187.6,1198.95,1176.5,1196.35,1137984.0,
2016-12-06,1195.0,1202.85,1190.2,1194.45,675741.0,
2016-12-07,1201.85,1205.9,1167.0,1181.6,1407048.0,
2016-12-08,1187.0,1205.55,1187.0,1199.5,1077424.0,
2016-12-09,1199.1,1202.3,1188.0,1198.3,1096988.0,
2016-12-12,1192.0,1192.15,1181.1,1184.45,856318.0,
2016-12-13,1180.25,1190.35,1178.55,1186.25,631717.0,
2016-12-14,1187.0,1188.0,1173.4,1175.7,1078536.0,
2016-12-15,1164.2,1194.5,1163.6,1176.6,1235372.0,
2016-12-16,1176.6,1185.0,1171.55,1182.3,813957.0,
2016-12-19,1176.8,1179.5,1170.5,1176.75,790109.0,
2016-12-20,1176.0,1185.0,1171.7,1181.9,1047498.0,
2016-12-21,1184.0,1185.0,1175.0,1180.0,664719.0,
2016-12-22,1176.4,1179.5,1168.4,1173.1,701429.0,
2016-12-23,1171.0,1189.25,1169.3,1186.25,1188129.0,
2016-12-26,1178.55,1186.1,1170.1,1175.0,1045966.0,
2016-12-27,1179.3,1186.9,1173.9,1185.2,1224824.0,
2016-12-28,1189.9,1194.95,1181.0,1186.75,1626960.0,
2016-12-29,1185.0,1207.95,1181.45,1205.2,2025204.0,
2016-12-30,1200.0,1212.0,1199.95,1206.2,1016635.0,
2017-01-02,1209.45,1210.1,1192.05,1197.1,927164.0,
2017-01-03,1200.8,1201.95,1185.75,1189.9,961875.0,
2017-01-04,1189.85,1192.0,1183.8,1185.5,1741780.0,
2017-01-05,1189.0,1194.5,1183.1,1186.2,1694096.0,
2017-01-06,1190.1,1198.4,1188.2,1193.65,1381315.0,
2017-01-09,1198.85,1204.15,1192.15,1195.2,1143449.0,
2017-01-10,1196.2,1216.8,1195.3,1214.35,1386529.0,
2017-01-11,1217.5,1238.1,1215.5,1234.0,2335851.0,
2017-01-12,1235.0,1243.7,1225.5,1235.0,729079.0,
2017-01-13,1239.0,1239.7,1228.6,1232.5,962603.0,
2017-01-16,1233.5,1249.45,1232.8,1247.65,941466.0,
2017-01-17,1247.0,1252.4,1236.25,1238.5,889903.0,
2017-01-18,1240.9,1256.0,1240.85,1242.6,1153222.0,
2017-01-19,1244.9,1244.9,1235.0,1236.3,878103.0,
2017-01-20,1236.0,1245.0,1230.0,1236.35,3485517.0,
2017-01-23,1236.0,1250.0,1235.8,1244.65,1198462.0,
2017-01-24,1250.0,1271.5,1249.25,1267.55,2565466.0,
2017-01-25,1272.6,1295.6,1270.1,1290.6,3909246.0,
2017-01-27,1299.0,1300.0,1288.0,1291.9,1713059.0,
2017-01-30,1292.95,1292.95,1280.55,1284.95,1329907.0,
2017-01-31,1282.4,1292.7,1277.0,1286.65,1525260.0,
2017-02-01,1286.2,1310.0,1280.5,1305.7,2727666.0,
2017-02-02,1305.7,1305.7,1292.6,1298.7,1492909.0,
2017-02-03,1299.0,1316.0,1296.5,1311.05,2001276.0,
2017-02-06,1312.3,1320.0,1311.45,1314.1,1077555.0,
2017-02-07,1316.0,1318.0,1302.95,1307.15,852980.0,
2017-02-08,1307.55,1318.7,1298.15,1305.65,1235240.0,
2017-02-09,1309.4,1319.9,1292.55,1297.65,1116344.0,
2017-02-10,1298.35,1308.75,1298.0,1303.6,824184.0,
2017-02-13,1307.55,1315.0,1299.2,1310.2,698948.0,
2017-02-14,1314.0,1314.0,1304.0,1311.1,611515.0,
2017-02-15,1312.0,1324.0,1307.45,1322.2,1531735.0,
2017-02-16,1323.0,1333.0,1320.25,1327.9,1260925.0,
2017-02-17,1445.0,1454.0,1360.45,1377.05,100564990.0,
2017-02-20,1361.2,1415.45,1359.15,1409.1,2641679.0,
2017-02-21,1406.05,1421.8,1397.4,1415.55,1565007.0,
2017-02-22,1415.0,1418.8,1394.85,1399.15,1324194.0,
2017-02-23,1403.8,1421.35,1387.05,1394.3,8623745.0,
2017-02-27,1390.9,1398.35,1378.6,1393.6,1170344.0,
2017-02-28,1392.9,1396.25,1384.5,1390.1,732002.0,
2017-03-01,1396.45,1396.5,1386.4,1391.65,870434.0,
2017-03-02,1394.55,1396.0,1376.25,1380.1,1150497.0,
2017-03-03,1384.5,1384.5,1369.0,1377.0,623206.0,
2017-03-06,1376.8,1389.9,1373.1,1380.75,919781.0,
2017-03-07,1382.25,1387.5,1376.2,1386.2,778219.0,
2017-03-08,1387.9,1399.2,1381.05,1392.2,945536.0,
2017-03-09,1381.65,1398.7,1381.65,1394.2,877329.0,
2017-03-10,1395.0,1408.0,1393.15,1400.1,1465176.0,
2017-03-14,1422.1,1424.15,1406.65,1410.7,1788755.0,
2017-03-15,1410.95,1420.0,1410.55,1416.6,1067965.0,
2017-03-16,1418.1,1422.85,1413.65,1417.35,1245027.0,
2017-03-17,1418.55,1427.5,1412.85,1425.85,847616.0,
2017-03-20,1426.65,1439.85,1425.95,1436.1,2035586.0,
2017-03-21,1434.0,1445.0,1434.0,1440.95,1389320.0,
2017-03-22,1427.7,1437.0,1425.8,1430.9,1409136.0,
2017-03-23,1434.4,1435.0,1422.9,1430.9,1230618.0,
2017-03-24,1433.0,1434.45,1422.0,1424.35,952591.0,
2017-03-27,1424.0,1424.0,1404.05,1409.85,1466021.0,
2017-03-28,1418.3,1424.7,1413.1,1420.2,2015350.0,
2017-03-29,1420.8,1434.8,1420.0,1428.6,2143943.0,
2017-03-30,1428.0,1479.95,1425.05,1466.2,8580273.0,
2017-03-31,1453.8,1454.0,1436.55,1442.55,2412848.0,
2017-04-03,1446.0,1450.1,1426.0,1433.2,1037263.0,
2017-04-05,1435.25,1446.5,1427.55,1432.35,1436020.0,
2017-04-06,1431.5,1443.0,1425.05,1438.5,1531104.0,
2017-04-07,1431.05,1445.0,1428.6,1438.85,1162090.0,
2017-04-10,1443.0,1443.0,1432.65,1434.15,848469.0,
2017-04-11,1434.0,1441.2,1431.5,1439.5,1089065.0,
2017-04-12,1439.0,1449.95,1435.5,1443.7,891273.0,
2017-04-13,1443.0,1448.9,1437.05,1440.3,1201059.0,
2017-04-17,1440.3,1443.8,1428.25,1436.8,1784264.0,
2017-04-18,1440.0,1455.0,1438.0,1447.3,909715.0,
2017-04-19,1447.0,1456.75,1438.0,1449.0,1084536.0,
2017-04-20,1453.0,1466.05,1452.95,1462.15,1445343.0,
2017-04-21,1466.0,1499.0,1453.3,1496.6,4314508.0,
2017-04-24,1498.1,1539.0,1497.0,1533.05,5051738.0,
2017-04-25,1535.05,1545.5,1529.6,1537.05,2264445.0,
2017-04-26,1542.95,1553.0,1468.45,1550.65,1948963.0,
2017-04-27,1546.1,1573.95,1546.1,1568.6,4045105.0,
2017-04-28,1559.9,1559.9,1537.1,1546.5,1359432.0,
2017-05-02,1547.0,1550.9,1530.35,1540.6,1001760.0,
2017-05-03,1554.25,1554.25,1539.35,1544.3,626991.0,
2017-05-04,1539.25,1542.9,1522.6,1534.8,1282757.0,
2017-05-05,1542.1,1542.9,1526.3,1532.2,689474.0,
2017-05-08,1538.0,1540.0,1528.55,1534.8,936813.0,
2017-05-09,1534.8,1545.6,1532.65,1535.75,836459.0,
2017-05-10,1540.0,1555.0,1537.05,1551.8,585561.0,
2017-05-11,1551.0,1560.0,1541.0,1546.4,968936.0,
2017-05-12,1545.9,1556.9,1536.2,1551.65,1536901.0,
2017-05-15,1550.0,1557.2,1542.25,1553.4,701195.0,
2017-05-16,1555.0,1562.0,1548.25,1559.65,897594.0,
2017-05-17,1558.8,1565.4,1551.5,1557.15,868118.0,
2017-05-18,1549.0,1561.5,1548.1,1557.1,776820.0,
2017-05-19,1559.5,1569.9,1545.25,1561.25,713534.0,
2017-05-22,1565.1,1580.0,1563.1,1576.0,715013.0,
2017-05-23,1580.0,1583.55,1565.0,1569.1,770043.0,
2017-05-24,1569.05,1575.45,1562.0,1566.75,866847.0,
2017-05-25,1567.1,1629.4,1567.1,1617.15,5022701.0,
2017-05-26,1606.65,1632.0,1601.1,1626.0,1360789.0,
2017-05-29,1619.8,1648.0,1617.65,1631.9,1479085.0,
2017-05-30,1630.0,1633.5,1616.15,1629.05,1108546.0,
2017-05-31,1625.0,1643.0,1623.15,1636.2,1329728.0,
2017-06-01,1639.0,1639.85,1620.55,1628.6,839885.0,
2017-06-02,1634.0,1646.1,1626.2,1634.25,803386.0,
2017-06-05,1633.7,1638.95,1625.0,1635.55,724975.0,
2017-06-06,1635.0,1643.8,1630.0,1638.95,1250658.0,
2017-06-07,1640.4,1644.9,1630.35,1640.8,638569.0,
2017-06-08,1643.9,1659.4,1641.65,1644.75,1062192.0,
2017-06-09,1640.1,1670.0,1640.1,1666.8,1326318.0,
2017-06-12,1664.0,1676.0,1660.0,1668.75,992853.0,
2017-06-13,1661.75,1691.9,1661.0,1676.7,1262905.0,
2017-06-14,1675.0,1679.95,1667.0,1671.2,964590.0,
2017-06-15,1668.0,1675.6,1653.6,1664.35,881673.0,
2017-06-16,1665.0,1674.7,1658.1,1669.25,938776.0,
2017-06-19,1671.0,1696.0,1668.4,1692.9,956383.0,
2017-06-20,1690.0,1694.0,1679.85,1686.55,915066.0,
2017-06-21,1682.6,1701.25,1679.6,1698.7,852733.0,
2017-06-22,1694.95,1716.0,1691.2,1698.0,1668865.0,
2017-06-23,1702.0,1702.75,1675.2,1678.65,1304367.0,
2017-06-27,1689.0,1695.0,1656.25,1667.65,1500108.0,
2017-06-28,1665.0,1675.0,1657.8,1666.45,1112259.0,
2017-06-29,1667.0,1681.9,1651.1,1663.05,2296927.0,
2017-06-30,1653.8,1660.0,1643.0,1652.05,1082608.0,
2017-07-03,1652.6,1667.5,1647.25,1658.6,876083.0,
2017-07-04,1660.25,1666.7,1652.0,1653.35,941520.0,
2017-07-05,1653.1,1659.5,1645.0,1648.75,1003550.0,
2017-07-06,1652.55,1663.0,1651.35,1658.15,1142919.0,
2017-07-07,1660.85,1669.6,1658.0,1667.2,1379349.0,
2017-07-10,1670.7,1748.0,1661.05,1676.35,334769.0,
2017-07-11,1677.55,1690.8,1667.1,1680.4,1102570.0,
2017-07-12,1680.0,1685.0,1658.55,1681.25,1434723.0,
2017-07-13,1688.0,1693.3,1679.65,1683.55,1120251.0,
2017-07-14,1683.9,1686.05,1672.0,1679.95,610813.0,
2017-07-17,1682.55,1687.65,1677.0,1682.35,599835.0,
2017-07-18,1679.7,1687.85,1677.35,1683.55,580547.0,
2017-07-19,1685.0,1696.2,1681.85,1692.3,996811.0,
2017-07-20,1693.9,1715.0,1688.15,1710.9,924619.0,
2017-07-21,1714.1,1715.25,1700.0,1703.05,968377.0,
2017-07-24,1710.0,1740.0,1695.0,1735.1,4919544.0,
2017-07-25,1759.0,1759.0,1733.05,1739.65,2790117.0,
2017-07-26,1742.0,1755.0,1732.5,1747.55,973836.0,
2017-07-27,1756.0,1798.8,1751.55,1789.65,4490428.0,
2017-07-28,1772.0,1786.5,1761.1,1778.5,2313849.0,
2017-07-31,1777.55,1791.0,1766.55,1784.4,1842285.0,
2017-08-01,1781.85,1809.15,1772.2,1797.2,2129215.0,
2017-08-02,1807.0,1807.0,1782.05,1791.65,1849479.0,
2017-08-03,1788.0,1792.0,1774.4,1779.95,1064196.0,
2017-08-04,1777.0,1796.75,1766.15,1790.25,886267.0,
2017-08-07,1786.0,1796.45,1785.0,1788.55,479665.0,
2017-08-08,1792.1,1797.25,1766.1,1777.9,1008843.0,
2017-08-09,1771.0,1777.05,1758.35,1764.45,817514.0,
2017-08-10,1760.0,1766.0,1752.85,1760.45,1947111.0,
2017-08-11,1745.0,1758.0,1731.15,1749.05,1589959.0,
2017-08-14,1753.0,1774.95,1748.0,1757.2,894271.0,
2017-08-16,1762.35,1789.8,1748.55,1781.25,1106708.0,
2017-08-17,1776.25,1780.95,1753.75,1765.4,1363717.0,
2017-08-18,1760.0,1761.0,1743.0,1752.15,926866.0,
2017-08-21,1754.0,1759.0,1738.2,1743.2,1002431.0,
2017-08-22,1751.3,1754.0,1736.8,1747.0,1652389.0,
2017-08-23,1750.0,1777.95,1750.0,1772.45,840131.0,
2017-08-24,1774.9,1774.95,1759.15,1762.5,1969569.0,
2017-08-28,1762.4,1771.15,1758.35,1762.25,376946.0,
2017-08-29,1759.0,1759.0,1738.0,1746.15,1229649.0,
2017-08-30,1751.95,1770.0,1750.05,1768.55,673580.0,
2017-08-31,1772.0,1779.85,1756.4,1776.45,1825859.0,
2017-09-01,1781.0,1781.45,1761.1,1767.6,573793.0,
2017-09-04,1765.0,1765.0,1746.1,1750.9,910631.0,
2017-09-05,1757.0,1764.9,1751.0,1755.35,920609.0,
2017-09-06,1743.75,1762.8,1738.0,1759.9,1437908.0,
2017-09-07,1760.1,1776.75,1760.1,1766.55,1736605.0,
2017-09-08,1773.4,1790.0,1771.0,1787.65,2077916.0,
2017-09-11,1793.0,1829.0,1790.2,1823.35,2869419.0,
2017-09-12,1827.7,1839.9,1818.3,1835.2,1671920.0,
2017-09-13,1835.0,1849.0,1824.0,1841.85,1248844.0,
2017-09-14,1840.15,1852.5,1831.5,1839.4,2038504.0,
2017-09-15,1836.0,1851.8,1833.45,1848.95,941833.0,
2017-09-18,1853.55,1864.45,1852.5,1860.45,1021232.0,
2017-09-19,1864.9,1868.0,1847.55,1849.7,1060367.0,
2017-09-20,1848.0,1861.45,1845.25,1848.85,861532.0,
2017-09-21,1848.0,1848.5,1830.7,1839.1,1928124.0,
2017-09-22,1834.8,1838.95,1820.0,1824.1,2060881.0,
2017-09-25,1822.45,1822.45,1792.6,1799.75,2537307.0,
2017-09-26,1789.05,1796.6,1785.0,1792.3,2859683.0,
2017-09-27,1796.0,1805.6,1770.0,1776.5,1834305.0,
2017-09-28,1774.0,1799.0,1763.3,1795.3,6911616.0,
2017-09-29,1800.1,1822.0,1796.25,1805.7,1553408.0,
2017-10-03,1808.0,1821.0,1797.1,1808.85,1098606.0,
2017-10-04,1807.9,1811.9,1793.35,1797.0,1656276.0,
2017-10-05,1795.0,1805.0,1793.1,1798.6,834049.0,
2017-10-06,1798.0,1804.45,1794.0,1800.1,757665.0,
2017-10-09,1798.8,1803.0,1790.5,1795.5,765623.0,
2017-10-10,1799.0,1814.95,1792.65,1802.7,949545.0,
2017-10-11,1803.25,1815.25,1787.6,1790.15,1316860.0,
2017-10-12,1795.1,1821.45,1788.0,1818.8,1345390.0,
2017-10-13,1826.7,1856.55,1822.0,1850.8,1608366.0,
2017-10-16,1860.0,1873.25,1842.0,1857.15,818636.0,
2017-10-17,1850.0,1853.7,1839.1,1851.25,653322.0,
2017-10-18,1841.0,1875.0,1839.0,1868.5,981680.0,
2017-10-19,1861.8,1865.0,1840.65,1848.4,142502.0,
2017-10-23,1859.9,1869.7,1836.05,1863.3,1040723.0,
2017-10-24,1863.0,1879.6,1853.0,1867.1,2832218.0,
2017-10-25,1860.0,1863.0,1785.0,1795.1,5341802.0,
2017-10-26,1768.0,1810.0,1757.85,1795.35,7142866.0,
2017-10-27,1804.4,1807.5,1779.0,1791.05,1868022.0,
2017-10-30,1798.25,1816.0,1792.4,1815.0,1355588.0,
2017-10-31,1811.5,1811.5,1799.25,1808.5,1170615.0,
2017-11-01,1815.1,1825.0,1812.0,1821.2,1047653.0,
2017-11-02,1823.0,1829.8,1816.95,1822.1,1184486.0,
2017-11-03,1825.7,1840.0,1821.6,1830.7,952622.0,
2017-11-06,1825.0,1840.0,1822.6,1828.6,1537061.0,
2017-11-07,1838.0,1844.95,1820.75,1823.7,1861594.0,
2017-11-08,1825.2,1833.6,1819.0,1825.95,820786.0,
2017-11-09,1827.0,1835.0,1821.1,1827.85,778327.0,
2017-11-10,1821.7,1834.8,1812.35,1822.0,1936090.0,
2017-11-13,1822.0,1823.15,1795.0,1813.55,833968.0,
2017-11-14,1815.9,1819.0,1800.0,1802.35,1178117.0,
2017-11-15,1798.0,1803.65,1788.0,1800.25,1537092.0,
2017-11-16,1804.0,1816.0,1795.2,1807.7,1003243.0,
2017-11-17,1828.7,1838.3,1813.15,1825.55,1589693.0,
2017-11-20,1829.0,1839.7,1829.0,1838.15,598106.0,
2017-11-21,1837.45,1850.0,1836.1,1846.25,568883.0,
2017-11-22,1849.7,1860.0,1844.55,1855.25,1415199.0,
2017-11-23,1859.0,1860.0,1838.0,1842.85,808145.0,
2017-11-24,1843.0,1857.8,1841.0,1851.4,1300921.0,
2017-11-27,1849.0,1862.0,1845.6,1857.55,967618.0,
2017-11-28,1856.0,1871.0,1855.85,1865.35,1272635.0,
2017-11-29,1865.0,1875.5,1855.8,1873.3,818646.0,
2017-11-30,1868.7,1873.95,1840.0,1853.7,1449078.0,
2017-12-01,1854.9,1860.0,1844.1,1848.2,964537.0,
2017-12-04,1854.9,1854.9,1830.1,1834.1,910483.0,
2017-12-05,1826.0,1828.55,1807.0,1820.45,973340.0,
2017-12-06,1819.95,1821.35,1799.0,1803.3,1598780.0,
2017-12-07,1806.65,1816.6,1803.1,1809.65,1057826.0,
2017-12-08,1814.0,1853.0,1814.0,1840.4,2239100.0,
2017-12-11,1848.0,1851.75,1840.0,1846.4,799558.0,
2017-12-12,1849.1,1849.9,1815.95,1819.9,602647.0,
2017-12-13,1820.05,1845.0,1815.1,1821.35,726865.0,
2017-12-14,1824.0,1840.0,1812.0,1838.05,920773.0,
2017-12-15,1856.0,1888.0,1855.5,1873.45,3112531.0,
2017-12-18,1855.0,1899.0,1809.3,1878.95,3074497.0,
2017-12-19,1879.8,1893.65,1876.15,1884.5,1238028.0,
2017-12-20,1898.9,1903.1,1863.65,1868.15,2335876.0,
2017-12-21,1879.9,1885.0,1865.2,1868.3,1713636.0,
2017-12-22,1879.0,1880.0,1861.75,1876.65,1117726.0,
2017-12-26,1881.0,1882.8,1856.7,1868.35,1696424.0,
2017-12-27,1870.1,1870.3,1851.15,1856.75,872346.0,
2017-12-28,1858.9,1880.9,1858.0,1878.05,2175130.0,
2017-12-29,1876.8,1879.2,1868.15,1872.4,1586468.0,
2018-01-01,1872.7,1880.75,1850.5,1854.5,1645129.0,
2018-01-02,1858.55,1875.0,1858.55,1872.35,1194079.0,
2018-01-03,1875.0,1878.25,1851.2,1852.65,1132822.0,
2018-01-04,1853.0,1865.5,1853.0,1859.9,593444.0,
2018-01-05,1863.0,1868.05,1855.55,1863.6,717717.0,
2018-01-08,1865.0,1870.7,1857.75,1860.6,1142577.0,
2018-01-09,1862.0,1869.85,1855.0,1863.7,1326382.0,
2018-01-10,1865.2,1867.9,1857.3,1864.2,1153972.0,
2018-01-11,1864.2,1876.0,1856.25,1872.55,1014774.0,
2018-01-12,1873.0,1878.15,1860.0,1865.3,1084177.0,
2018-01-15,1869.95,1904.4,1859.85,1897.75,3144111.0,
2018-01-16,1903.45,1910.0,1885.25,1900.15,1611346.0,
2018-01-17,1897.0,1902.55,1887.0,1890.5,726374.0,
2018-01-18,1924.0,1954.0,1918.05,1934.3,4162385.0,
2018-01-19,1935.15,1959.9,1919.25,1952.2,2863997.0,
2018-01-22,1960.0,1988.0,1953.15,1963.35,2212442.0,
2018-01-23,1965.0,1966.7,1943.3,1951.3,1261949.0,
2018-01-24,1952.55,1969.0,1950.6,1957.65,1197642.0,
2018-01-25,1953.9,1980.0,1950.5,1974.95,2180917.0,
2018-01-29,1978.0,2006.95,1978.0,1999.65,2058973.0,
2018-01-30,1997.8,2001.9,1984.15,1995.5,1599390.0,
2018-01-31,1989.4,2013.5,1987.0,2005.7,1735837.0,
2018-02-01,2006.0,2015.0,1985.3,1991.15,1630355.0,
2018-02-02,1986.0,1989.9,1941.5,1948.0,1836531.0,
2018-02-05,1918.0,1935.25,1905.85,1913.85,1981696.0,
2018-02-06,1860.0,1912.0,1836.3,1896.8,2687451.0,
2018-02-07,1907.0,1907.0,1862.4,1872.8,2091243.0,
2018-02-08,1884.0,1898.6,1866.5,1880.95,1292861.0,
2018-02-09,1847.9,1864.7,1844.1,1849.5,1602238.0,
2018-02-12,1860.0,1886.0,1855.15,1876.65,1095277.0,
2018-02-14,1889.8,1897.9,1874.65,1883.15,894297.0,
2018-02-15,1889.7,1894.75,1875.0,1881.9,1228806.0,
2018-02-16,1883.9,1894.85,1875.65,1878.6,895880.0,
2018-02-19,1882.6,1887.6,1859.05,1878.2,913638.0,
2018-02-20,1884.75,1885.85,1858.8,1863.2,1021017.0,
2018-02-21,1867.95,1868.55,1852.2,1857.4,688268.0,
2018-02-22,1850.0,1860.0,1841.55,1853.2,3313399.0,
2018-02-23,1856.9,1884.85,1850.4,1880.55,1019187.0,
2018-02-26,1888.1,1914.8,1883.55,1911.55,1197221.0,
2018-02-27,1914.75,1921.75,1900.0,1902.55,1196832.0,
2018-02-28,1889.55,1895.45,1878.0,1884.2,1016591.0,
2018-03-01,1879.3,1893.3,1868.0,1874.35,977460.0,
2018-03-05,1874.15,1878.0,1858.25,1869.95,945366.0,
2018-03-06,1870.0,1879.9,1839.5,1846.25,1144207.0,
2018-03-07,1840.0,1853.4,1828.5,1832.6,1407041.0,
2018-03-08,1839.8,1858.5,1832.0,1852.85,1379681.0,
2018-03-09,1854.95,1865.25,1844.0,1851.05,1027027.0,
2018-03-12,1860.2,1869.45,1853.4,1867.25,1639279.0,
2018-03-13,1867.45,1884.75,1855.0,1860.25,1281050.0,
2018-03-14,1856.0,1867.9,1848.0,1864.5,920098.0,
2018-03-15,1865.2,1887.5,1865.2,1880.8,1467731.0,
2018-03-16,1880.0,1881.1,1846.55,1853.0,1974084.0,
2018-03-19,1853.0,1860.0,1843.15,1847.25,1959685.0,
2018-03-20,1845.1,1855.9,1835.25,1839.5,914343.0,
2018-03-21,1848.0,1863.2,1843.3,1858.9,1480285.0,
2018-03-22,1858.9,1880.0,1855.1,1867.75,1668306.0,
2018-03-23,1846.65,1853.1,1837.25,1841.55,1797538.0,
2018-03-26,1839.9,1900.0,1833.5,1893.45,2625442.0,
2018-03-27,1893.8,1899.0,1876.0,1892.6,1534209.0,
2018-03-28,1882.95,1899.7,1876.05,1886.1,2209377.0,
2018-04-02,1890.5,1935.75,1890.5,1931.2,1149092.0,
2018-04-03,1923.95,1925.7,1911.0,1915.9,1019971.0,
2018-04-04,1912.95,1924.95,1878.45,1883.25,928527.0,
2018-04-05,1901.3,1914.0,1890.2,1908.9,1214723.0,
2018-04-06,1912.2,1926.45,1905.8,1923.4,930002.0,
2018-04-09,1918.8,1942.0,1916.4,1939.05,1000884.0,
2018-04-10,1943.0,1943.0,1913.5,1920.85,1516809.0,
2018-04-11,1915.9,1920.0,1905.4,1918.85,717703.0,
2018-04-12,1916.0,1932.9,1905.9,1928.8,1178129.0,
2018-04-13,1928.0,1940.0,1919.1,1925.0,824293.0,
2018-04-16,1920.0,1950.0,1919.85,1942.1,711936.0,
2018-04-17,1943.5,1951.0,1934.1,1948.5,666958.0,
2018-04-18,1951.0,1953.5,1930.05,1932.6,678180.0,
2018-04-19,1940.0,1944.8,1933.0,1939.0,792258.0,
2018-04-20,1941.0,1961.0,1932.15,1955.9,2340345.0,
2018-04-23,1979.0,1979.0,1860.3,1935.75,3826155.0,
2018-04-24,1935.0,1948.05,1926.0,1935.0,1259354.0,
2018-04-25,1927.9,1938.0,1912.0,1920.75,1005148.0,
2018-04-26,1916.8,1939.2,1911.25,1930.25,1961870.0,
2018-04-27,1933.0,1935.5,1912.5,1923.4,1444252.0,
2018-04-30,1930.0,1954.8,1928.8,1944.3,1152388.0,
2018-05-02,1950.0,1978.0,1946.0,1969.5,1775012.0,
2018-05-03,1968.05,1974.9,1946.0,1967.9,1038193.0,
2018-05-04,1970.0,1990.0,1966.3,1988.5,1720359.0,
2018-05-07,1981.65,1987.3,1975.0,1977.4,1316032.0,
2018-05-08,1979.25,1979.9,1954.6,1967.05,1775141.0,
2018-05-09,1956.15,1980.5,1956.15,1978.4,1081833.0,
2018-05-10,1988.6,1999.0,1982.0,1992.7,1792918.0,
2018-05-11,1992.7,2017.0,1986.0,2011.75,1514267.0,
2018-05-14,2017.2,2027.4,2012.4,2021.75,1185729.0,
2018-05-15,2027.05,2065.0,2026.7,2037.8,2456671.0,
2018-05-16,2030.55,2049.0,2017.15,2023.35,1710401.0,
2018-05-17,2023.85,2044.45,2012.5,2027.75,1653869.0,
2018-05-18,2024.7,2024.7,2003.5,2012.15,1304365.0,
2018-05-21,2016.1,2021.0,1986.05,1993.05,1212027.0,
2018-05-22,1998.7,2013.95,1985.5,1989.9,990093.0,
2018-05-23,1987.8,1994.0,1963.4,1967.5,1431573.0,
2018-05-24,1967.1,1990.25,1956.35,1986.0,1130186.0,
2018-05-25,1990.0,2016.0,1989.9,2008.7,1189897.0,
2018-05-28,2007.8,2052.0,2006.0,2042.2,1275985.0,
2018-05-29,2038.0,2052.7,2028.8,2032.6,837811.0,
2018-05-30,2019.7,2053.0,2016.3,2048.35,1216749.0,
2018-05-31,2100.0,2160.0,2080.0,2139.45,9909798.0,
2018-06-01,2116.0,2138.0,2101.0,2110.6,5287839.0,
2018-06-04,2150.0,2157.0,2037.95,2046.2,22199081.0,
2018-06-05,2050.0,2066.95,2023.0,2063.6,4276365.0,
2018-06-06,2060.2,2064.8,2045.0,2057.35,2445500.0,
2018-06-07,2073.2,2079.8,2053.2,2062.2,2640974.0,
2018-06-08,2059.0,2061.25,2035.0,2049.35,1545222.0,
2018-06-11,2051.9,2062.95,2038.8,2042.3,1772797.0,
2018-06-12,2051.9,2052.7,2038.4,2043.85,1308564.0,
2018-06-13,2052.0,2054.8,2024.1,2031.45,1974490.0,
2018-06-14,2030.0,2045.0,2025.0,2037.4,4231894.0,
2018-06-15,2026.0,2038.9,2022.3,2029.6,2720204.0,
2018-06-18,2030.1,2038.8,2009.1,2019.15,1871851.0,
2018-06-19,2024.95,2040.7,2019.3,2023.5,2745288.0,
2018-06-20,2026.0,2058.0,2025.0,2056.15,2262928.0,
2018-06-21,2060.0,2070.8,2047.05,2057.6,3377676.0,
2018-06-22,2056.95,2088.8,2049.85,2083.35,1962245.0,
2018-06-25,2083.05,2097.8,2073.05,2094.95,1748084.0,
2018-06-26,2086.05,2103.0,2079.85,2093.7,2290483.0,
2018-06-27,2093.0,2119.5,2090.0,2112.6,4781701.0,
2018-06-28,2115.0,2140.0,2111.2,2130.85,9383385.0,
2018-06-29,2121.7,2140.0,2105.1,2108.45,4864530.0,
2018-07-02,2108.35,2108.4,2063.25,2073.25,2466219.0,
2018-07-03,2073.25,2085.0,2065.6,2070.2,1715775.0,
2018-07-04,2076.25,2108.05,2069.0,2103.55,1524498.0,
2018-07-05,2105.0,2129.0,2092.55,2123.75,2433992.0,
2018-07-06,2113.3,2135.55,2111.35,2115.15,2030336.0,
2018-07-09,2121.85,2130.0,2107.75,2125.65,1545574.0,
2018-07-10,2129.9,2149.6,2125.0,2146.4,2737684.0,
2018-07-11,2145.05,2155.7,2134.8,2148.25,1464480.0,
2018-07-12,2152.9,2179.85,2152.0,2165.95,2005167.0,
2018-07-13,2168.4,2190.8,2163.1,2180.9,1790297.0,
2018-07-16,2179.4,2190.05,2163.75,2168.85,2254334.0,
2018-07-17,2163.25,2181.0,2163.25,2176.75,1590481.0,
2018-07-18,2187.0,2220.0,2173.65,2176.2,4365068.0,
2018-07-19,2183.0,2193.5,2171.0,2186.1,1326194.0,
2018-07-20,2186.1,2202.85,2171.1,2189.05,2501741.0,
2018-07-23,2150.0,2178.0,2138.05,2156.45,4220033.0,
2018-07-24,2147.0,2169.0,2147.0,2159.75,1302198.0,
2018-07-25,2164.65,2176.8,2160.0,2170.35,1759654.0,
2018-07-26,2165.0,2203.45,2165.0,2192.6,5320273.0,
2018-07-27,2201.95,2211.95,2184.7,2202.15,2638649.0,
2018-07-30,2199.0,2199.0,2159.4,2169.9,1792280.0,
2018-07-31,2160.0,2185.9,2150.05,2179.5,2215236.0,
2018-08-01,2162.8,2175.0,2151.7,2158.7,1517890.0,
2018-08-02,2153.5,2153.7,2121.35,2130.2,2226426.0,
2018-08-03,2133.55,2147.05,2114.0,2121.65,3401002.0,
2018-08-06,2121.0,2137.4,2106.1,2114.3,1436158.0,
2018-08-07,2125.0,2134.5,2108.0,2130.9,1857114.0,
2018-08-08,2135.85,2151.8,2133.05,2136.35,2486345.0,
2018-08-09,2142.0,2142.0,2094.65,2118.5,2236102.0,
2018-08-10,2123.5,2123.8,2098.0,2114.45,1360735.0,
2018-08-13,2084.0,2103.95,2080.0,2091.65,2513563.0,
2018-08-14,2098.0,2105.0,2087.2,2089.1,1233991.0,
2018-08-16,2083.0,2086.7,2066.4,2075.7,2656290.0,
2018-08-17,2082.9,2093.05,2071.65,2077.35,1516332.0,
2018-08-20,2075.0,2107.6,2075.0,2096.2,1952784.0,
2018-08-21,2098.0,2112.0,2092.65,2096.05,1944080.0,
2018-08-23,2105.0,2107.0,2076.85,2079.9,3143638.0,
2018-08-24,2071.0,2093.6,2066.05,2069.85,2428657.0,
2018-08-27,2077.0,2088.5,2070.25,2080.45,3143697.0,
2018-08-28,2088.0,2098.25,2078.8,2094.85,2493383.0,
2018-08-29,2092.15,2094.05,2072.75,2078.5,2468423.0,
2018-08-30,2083.6,2087.9,2061.85,2066.1,5456865.0,
2018-08-31,2069.2,2078.75,2058.25,2061.2,3942875.0,
2018-09-03,2069.4,2078.95,2063.5,2075.05,1915402.0,
2018-09-04,2076.9,2077.95,2049.0,2051.8,1782634.0,
2018-09-05,2053.8,2060.2,2035.55,2045.85,1410377.0,
2018-09-06,2049.0,2059.0,2032.6,2052.2,2600603.0,
2018-09-07,2051.0,2060.0,2040.75,2056.95,1479825.0,
2018-09-10,2055.0,2055.0,2025.1,2041.15,2149648.0,
2018-09-11,2046.3,2048.0,1994.15,2000.4,4546634.0,
2018-09-12,2001.9,2021.35,1989.55,2011.85,3061502.0,
2018-09-14,2019.85,2037.4,2018.95,2029.6,2583668.0,
2018-09-17,2021.3,2022.95,1988.0,1992.2,2334555.0,
2018-09-18,1994.9,2009.85,1980.95,1989.2,2331434.0,
2018-09-19,1994.85,1998.0,1956.5,1961.35,4178066.0,
2018-09-21,1973.9,1999.85,1910.2,1970.25,5652537.0,
2018-09-24,1967.25,1972.2,1915.0,1925.7,3347698.0,
2018-09-25,1925.7,1962.0,1915.0,1952.4,4170638.0,
2018-09-26,1962.95,1978.0,1955.3,1968.2,3681681.0,
2018-09-27,1969.4,1986.0,1955.15,1976.15,4588052.0,
2018-09-28,1980.65,2015.45,1977.15,2006.05,3615179.0,
2018-10-01,2009.8,2042.0,1997.8,2035.45,3112397.0,
2018-10-03,2030.45,2052.2,2007.0,2031.15,3833037.0,
2018-10-04,2008.0,2017.8,1943.0,1957.75,4492646.0,
2018-10-05,1953.95,1990.0,1940.15,1965.3,3932295.0,
2018-10-08,1965.0,1969.0,1930.0,1945.0,5032005.0,
2018-10-09,1944.4,1965.0,1930.0,1940.6,3114841.0,
2018-10-10,1945.0,1982.25,1935.5,1967.15,3984983.0,
2018-10-11,1925.0,1948.3,1917.6,1937.55,3589976.0,
2018-10-12,1945.0,1997.1,1942.0,1981.85,2400080.0,
2018-10-15,1990.0,2010.8,1970.3,2008.05,3146492.0,
2018-10-16,2003.0,2018.2,1987.5,1992.75,2351501.0,
2018-10-17,2006.1,2013.0,1963.5,1974.6,1985199.0,
2018-10-19,1958.9,1980.85,1958.0,1967.75,2466837.0,
2018-10-22,2014.0,2020.0,1988.6,1998.9,5082790.0,
2018-10-23,1973.0,1998.9,1973.0,1984.85,4857141.0,
2018-10-24,2004.0,2008.8,1972.6,1992.25,4518084.0,
2018-10-25,1973.6,2003.6,1962.45,1968.8,7461764.0,
2018-10-26,1968.8,1977.2,1949.0,1961.2,3788928.0,
2018-10-29,1964.1,1964.95,1895.2,1926.3,4261070.0,
2018-10-30,1925.0,1932.0,1899.3,1912.75,3457176.0,
2018-10-31,1902.05,1917.9,1885.0,1911.75,5862351.0,
2018-11-01,1930.0,1930.0,1896.0,1912.2,4907263.0,
2018-11-02,1926.0,1960.0,1912.0,1949.45,7523217.0,
2018-11-05,1949.9,1959.65,1938.0,1956.0,1426324.0,
2018-11-06,1955.0,1976.0,1942.95,1946.55,2121397.0,
2018-11-07,1961.0,1964.95,1950.0,1957.95,239690.0,
2018-11-09,1958.2,1959.9,1936.3,1945.4,2525405.0,
2018-11-12,1951.5,1962.0,1917.15,1921.05,1976941.0,
2018-11-13,1919.0,1937.7,1908.2,1927.75,3337605.0,
2018-11-14,1938.55,1960.0,1936.6,1957.75,6527659.0,
2018-11-15,1961.9,1977.3,1931.2,1975.15,2598131.0,
2018-11-16,1981.0,2013.0,1980.0,2004.3,3953304.0,
2018-11-19,2011.0,2021.0,2001.9,2013.9,3071607.0,
2018-11-20,2013.0,2019.6,1999.05,2012.45,1426292.0,
2018-11-21,2012.75,2023.95,2004.0,2018.75,1636401.0,
2018-11-22,2013.25,2035.0,2000.15,2005.5,3243638.0,
2018-11-26,2013.9,2052.0,2012.05,2049.8,4546109.0,
2018-11-27,2041.05,2067.9,2040.75,2064.0,3223860.0,
2018-11-28,2065.0,2098.6,2060.1,2089.25,3255277.0,
2018-11-29,2101.0,2137.4,2094.0,2131.05,7977159.0,
2018-11-30,2130.0,2137.55,2110.0,2128.45,3260231.0,
2018-12-03,2131.0,2142.0,2106.9,2113.3,2699964.0,
2018-12-04,2105.4,2111.0,2078.6,2085.55,2039355.0,
2018-12-05,2078.0,2105.3,2075.95,2099.2,2949711.0,
2018-12-06,2089.7,2101.65,2085.0,2097.05,2932563.0,
2018-12-07,2106.7,2118.0,2080.3,2107.6,2475980.0,
2018-12-10,2065.9,2104.8,2065.9,2088.75,2728764.0,
2018-12-11,2056.0,2071.3,2032.0,2059.55,4726445.0,
2018-12-12,2066.95,2089.8,2060.1,2085.3,2842622.0,
2018-12-13,2095.0,2125.0,2091.3,2101.3,1766059.0,
2018-12-14,2104.9,2118.0,2088.05,2095.7,1539571.0,
2018-12-17,2104.0,2132.6,2099.0,2130.2,2109331.0,
2018-12-18,2124.0,2139.0,2102.6,2135.45,1853492.0,
2018-12-19,2133.1,2159.4,2113.55,2123.45,2252474.0,
2018-12-20,2112.55,2140.45,2102.65,2137.45,1995119.0,
2018-12-21,2134.0,2149.1,2109.05,2111.15,2555077.0,
2018-12-24,2104.0,2104.0,2077.35,2080.65,1400372.0,
2018-12-26,2077.0,2127.0,2069.0,2122.35,1900479.0,
2018-12-27,2133.0,2138.2,2098.45,2105.05,2909967.0,
2018-12-28,2117.35,2137.75,2115.5,2122.9,2353903.0,
2018-12-31,2137.0,2137.0,2116.7,2121.7,1466632.0,
2019-01-01,2127.65,2151.0,2105.6,2148.1,1593360.0,
2019-01-02,2142.8,2147.5,2119.7,2128.5,2033558.0,
2019-01-03,2124.2,2128.25,2103.0,2111.8,3192916.0,
2019-01-04,2115.25,2128.5,2110.35,2117.45,1821780.0,
2019-01-07,2127.7,2135.35,2118.0,2120.65,1346753.0,
2019-01-08,2122.0,2123.5,2096.65,2103.0,2085865.0,
2019-01-09,2118.0,2121.35,2102.6,2116.8,2142157.0,
2019-01-10,2117.0,2123.8,2092.65,2108.5,1922885.0,
2019-01-11,2113.8,2124.0,2108.0,2111.9,1602010.0,
2019-01-14,2109.9,2109.9,2098.45,2101.65,1213790.0,
2019-01-15,2105.05,2126.5,2102.0,2121.9,1271889.0,
2019-01-16,2120.05,2125.0,2108.25,2120.2,1313113.0,
2019-01-17,2125.25,2135.9,2113.35,2132.3,2060057.0,
2019-01-18,2135.0,2139.0,2114.55,2130.25,1301994.0,
2019-01-21,2139.95,2166.5,2126.5,2148.15,4390378.0,
2019-01-22,2146.0,2146.8,2129.05,2135.85,2199244.0,
2019-01-23,2134.0,2135.85,2101.45,2105.4,1906072.0,
2019-01-24,2110.0,2121.65,2097.9,2102.25,2527893.0,
2019-01-25,2093.0,2110.0,2090.0,2096.0,2815559.0,
2019-01-28,2090.0,2102.05,2076.75,2084.15,3840109.0,
2019-01-29,2078.25,2083.0,2053.0,2057.6,3690697.0,
2019-01-30,2057.25,2057.25,2028.0,2034.7,4628540.0,
2019-01-31,2031.0,2089.75,2022.0,2079.95,4144851.0,
2019-02-01,2079.95,2117.0,2076.6,2090.45,3913547.0,
2019-02-04,2095.0,2113.0,2082.65,2104.9,1984572.0,
2019-02-05,2108.0,2119.0,2097.0,2114.05,2172572.0,
2019-02-06,2116.25,2127.0,2113.6,2122.65,2718921.0,
2019-02-07,2125.05,2130.0,2105.85,2117.25,1804327.0,
2019-02-08,2112.0,2144.95,2106.65,2122.65,3058911.0,
2019-02-11,2113.3,2142.9,2113.3,2139.65,1759091.0,
2019-02-12,2138.0,2148.0,2124.8,2129.7,2443097.0,
2019-02-13,2135.55,2155.0,2132.3,2143.45,2360187.0,
2019-02-14,2140.0,2140.0,2105.6,2110.2,1860347.0,
2019-02-15,2107.35,2108.1,2078.2,2100.65,2104131.0,
2019-02-18,2106.8,2118.0,2086.0,2089.9,1784686.0,
2019-02-19,2089.7,2108.15,2078.2,2084.05,1317159.0,
2019-02-20,2088.5,2111.0,2081.9,2108.35,1223125.0,
2019-02-21,2101.7,2119.95,2093.6,2115.9,1315386.0,
2019-02-22,2119.4,2128.1,2089.1,2091.45,2222677.0,
2019-02-25,2095.15,2129.95,2095.15,2125.4,2035149.0,
2019-02-26,2111.25,2125.0,2101.1,2110.65,2401857.0,
2019-02-27,2116.1,2124.45,2088.15,2092.25,1757523.0,
2019-02-28,2093.1,2105.85,2073.2,2077.55,2911344.0,
2019-03-01,2086.25,2100.9,2077.0,2083.35,2338232.0,
2019-03-05,2088.9,2111.1,2070.0,2107.1,2959319.0,
2019-03-06,2110.0,2110.3,2090.55,2104.25,2114511.0,
2019-03-07,2109.6,2130.0,2095.0,2126.5,2551213.0,
2019-03-08,2115.05,2130.0,2109.45,2128.2,1763365.0,
2019-03-11,2132.0,2143.7,2122.2,2128.45,2306027.0,
2019-03-12,2147.0,2175.0,2137.0,2171.0,3774323.0,
2019-03-13,2175.0,2234.0,2172.1,2226.55,14291587.0,
2019-03-14,2244.85,2247.5,2210.6,2224.75,3844966.0,
2019-03-15,2231.0,2259.9,2228.05,2253.0,3190772.0,
2019-03-18,2261.9,2291.65,2247.0,2261.45,3589680.0,
2019-03-19,2269.5,2275.9,2251.0,2267.75,2989498.0,
2019-03-20,2269.0,2300.0,2261.05,2299.0,2927998.0,
2019-03-22,2300.0,2307.0,2270.8,2276.15,7600970.0,
2019-03-25,2260.0,2287.85,2253.0,2281.3,2299815.0,
2019-03-26,2275.9,2315.0,2272.6,2311.35,2946712.0,
2019-03-27,2318.55,2328.05,2279.05,2299.45,3471325.0,
2019-03-28,2298.8,2325.0,2287.85,2302.8,4888582.0,
2019-03-29,2304.6,2325.0,2294.0,2318.9,2986742.0,
2019-04-01,2325.25,2332.0,2304.6,2311.8,2411769.0,
2019-04-02,2320.0,2320.0,2285.45,2294.85,2727624.0,
2019-04-03,2292.1,2316.0,2288.25,2292.75,1914863.0,
2019-04-04,2292.75,2313.0,2280.0,2283.95,2302888.0,
2019-04-05,2287.8,2313.75,2282.0,2305.6,2087795.0,
2019-04-08,2319.0,2322.95,2280.1,2289.4,1599533.0,
2019-04-09,2296.6,2303.0,2267.0,2287.25,2694400.0,
2019-04-10,2250.0,2284.0,2231.0,2237.35,27032175.0,
2019-04-11,2244.9,2263.0,2236.95,2257.5,2198325.0,
2019-04-12,2252.1,2272.2,2252.1,2265.25,2292611.0,
2019-04-15,2270.0,2292.9,2264.35,2288.8,2554945.0,
2019-04-16,2290.95,2309.9,2280.3,2305.05,2068444.0,
2019-04-18,2313.0,2315.05,2288.0,2293.65,2653714.0,
2019-04-22,2325.0,2325.0,2261.0,2268.7,5245105.0,
2019-04-23,2277.55,2290.0,2241.6,2245.3,3820600.0,
2019-04-24,2250.0,2283.9,2247.05,2279.75,3088532.0,
2019-04-25,2286.9,2298.8,2257.95,2263.45,4521659.0,
2019-04-26,2265.9,2285.0,2256.9,2280.95,2926892.0,
2019-04-30,2285.0,2320.0,2278.4,2317.45,3134209.0,
2019-05-02,2323.5,2359.65,2317.5,2355.8,4292325.0,
2019-05-03,2364.2,2378.0,2356.5,2367.95,3087880.0,
2019-05-06,2348.0,2351.9,2317.05,2328.45,3437023.0,
2019-05-07,2351.9,2358.0,2318.0,2322.35,2481051.0,
2019-05-08,2322.55,2323.8,2288.0,2307.25,3016052.0,
2019-05-09,2300.0,2300.0,2271.6,2290.9,2256931.0,
2019-05-10,2291.35,2324.9,2291.35,2296.5,2648550.0,
2019-05-13,2296.05,2313.35,2280.0,2287.2,2767908.0,
2019-05-14,2296.7,2311.0,2275.55,2287.9,2623686.0,
2019-05-15,2296.0,2307.2,2282.2,2286.7,2239087.0,
2019-05-16,2280.55,2319.0,2280.0,2310.65,2012534.0,
2019-05-17,2313.0,2369.3,2311.6,2362.1,3689695.0,
2019-05-20,2408.0,2438.7,2380.0,2432.35,4424908.0,
2019-05-21,2438.0,2449.4,2399.45,2403.7,2581294.0,
2019-05-22,2411.85,2426.0,2394.25,2405.75,2846665.0,
2019-05-23,2409.0,2439.9,2319.1,2332.1,8270499.0,
2019-05-24,2359.7,2386.15,2340.15,2373.35,3423200.0,
2019-05-27,2378.9,2421.9,2372.25,2408.35,3012256.0,
2019-05-28,2416.5,2420.0,2387.05,2416.2,1841210.0,
2019-05-29,2410.2,2430.8,2410.2,2416.9,1868804.0,
2019-05-30,2416.0,2447.9,2413.05,2439.55,2339800.0,
2019-05-31,2456.8,2465.0,2356.8,2425.35,4946270.0,
2019-06-03,2427.0,2459.8,2424.95,2457.1,2120215.0,
2019-06-04,2455.0,2465.75,2441.05,2452.3,1610747.0,
2019-06-06,2453.2,2470.0,2413.35,2423.35,3908731.0,
2019-06-07,2425.65,2454.25,2409.0,2447.65,1992733.0,
2019-06-10,2469.95,2469.95,2432.1,2440.2,1769285.0,
2019-06-11,2451.5,2459.9,2440.35,2448.4,1775823.0,
2019-06-12,2445.0,2448.4,2423.65,2427.05,1827155.0,
2019-06-13,2435.95,2452.0,2415.95,2444.7,2776987.0,
2019-06-14,2442.95,2458.95,2425.0,2435.1,2989230.0,
2019-06-17,2435.0,2439.9,2417.3,2422.0,3202505.0,
2019-06-18,2418.0,2432.0,2404.0,2417.25,3104913.0,
2019-06-19,2427.0,2444.9,2416.7,2428.35,2686069.0,
2019-06-20,2428.35,2437.0,2414.6,2426.35,2792873.0,
2019-06-21,2426.0,2429.7,2405.65,2414.2,3312565.0,
2019-06-24,2411.95,2430.6,2410.0,2417.95,1728750.0,
2019-06-25,2419.85,2441.5,2403.0,2428.7,2224950.0,
2019-06-26,2424.7,2470.0,2422.0,2467.9,2633409.0,
2019-06-27,2468.75,2494.5,2456.15,2462.3,4969809.0,
2019-06-28,2464.0,2475.0,2437.05,2443.75,3189211.0,
2019-07-01,2456.0,2489.0,2450.05,2485.55,2131040.0,
2019-07-02,2488.0,2497.5,2467.2,2495.0,1811707.0,
2019-07-03,2499.0,2503.3,2483.0,2489.65,1865814.0,
2019-07-04,2494.8,2497.9,2472.0,2483.8,1998491.0,
2019-07-05,2485.1,2494.95,2460.0,2472.4,1895765.0,
2019-07-08,2474.55,2474.6,2397.05,2409.6,3651785.0,
2019-07-09,2403.85,2410.8,2373.0,2379.15,4120672.0,
2019-07-10,2378.75,2398.0,2366.25,2388.75,2892287.0,
2019-07-11,2403.0,2414.0,2395.65,2407.15,2274399.0,
2019-07-12,2418.0,2418.0,2385.05,2393.9,2244068.0,
2019-07-15,2396.0,2403.0,2377.35,2394.75,2058296.0,
2019-07-16,2418.0,2418.0,2382.0,2391.2,3192642.0,
2019-07-17,2392.95,2411.6,2391.3,2397.45,1939934.0,
2019-07-18,2403.0,2429.0,2401.9,2411.9,2700646.0,
2019-07-19,2415.0,2420.7,2367.0,2375.65,2234807.0,
2019-07-22,2345.0,2349.85,2281.25,2297.25,5542824.0,
2019-07-23,2294.5,2294.5,2242.05,2263.5,6950716.0,
2019-07-24,2256.75,2293.0,2251.0,2280.9,4340935.0,
2019-07-25,2285.0,2315.45,2280.25,2286.05,4865502.0,
2019-07-26,2278.2,2293.65,2272.85,2277.3,3207457.0,
2019-07-29,2273.55,2273.55,2223.05,2244.3,2494123.0,
2019-07-30,2255.0,2271.2,2239.9,2252.25,2598534.0,
2019-07-31,2240.0,2267.0,2234.25,2251.65,3472960.0,
2019-08-01,2229.1,2240.0,2197.0,2221.8,4560419.0,
2019-08-02,2211.0,2224.0,2182.0,2214.35,6956384.0,
2019-08-05,2197.05,2200.0,2162.5,2179.25,4955610.0,
2019-08-06,2167.0,2210.25,2167.0,2189.1,6222735.0,
2019-08-07,2190.0,2202.0,2165.0,2184.0,4687534.0,
2019-08-08,2198.0,2243.0,2183.0,2233.15,4927900.0,
2019-08-09,2247.0,2289.0,2239.8,2282.0,7609028.0,
2019-08-13,2273.3,2273.3,2202.6,2220.35,3860017.0,
2019-08-14,2235.4,2235.4,2203.05,2229.45,3563513.0,
2019-08-16,2214.0,2233.0,2204.1,2227.7,3811890.0,
2019-08-19,2238.5,2242.0,2201.7,2206.85,2124550.0,
2019-08-20,2209.25,2227.8,2206.85,2220.6,2567648.0,
2019-08-21,2224.9,2241.2,2214.2,2225.85,2618178.0,
2019-08-22,2220.85,2220.85,2167.05,2174.1,3498011.0,
2019-08-23,2161.0,2177.0,2139.6,2162.7,5024904.0,65.36
2019-09-30,2468.75,2494.5,2456.15,2462.3,4969809.0,56.08
2019-10-01,1231.5,1255.0,1221.1,1248.8,9384176.0,49.28
2019-10-02,1231.5,1255.0,1221.1,1248.8,9384176.0,49.28
2019-10-03,1239.95,1243.8,1216.35,1223.55,8149438.0,52.74
2019-10-04,1236.65,1239.6,1185.3,1189.7,9201816.0,52.5
2019-10-07,1201.2,1219.85,1181.15,1186.9,11256610.0,44.49
2019-10-08,1201.2,1219.85,1181.15,1186.9,11256610.0,44.49
2019-10-09,1197.1,1229.9,1190.0,1228.15,8713635.0,53.64
2019-10-10,1221.8,1225.95,1197.2,1200.55,5778429.0,53.47
2019-10-11,1213.4,1224.0,1188.95,1198.8,8593159.0,52.22
2019-10-14,1209.0,1219.9,1197.4,1204.4,6133901.0,49.71
2019-10-15,1207.0,1225.0,1206.85,1223.05,4200187.0,48.77
2019-10-16,1231.65,1235.0,1210.1,1221.1,5293408.0,44.42
2019-10-17,1227.5,1229.85,1213.1,1220.0,6121807.0,53.73
2019-10-18,1225.45,1233.85,1220.35,1229.0,5616903.0,55.51
2019-10-21,1225.45,1233.85,1220.35,1229.0,5616903.0,55.51
2019-10-22,1257.0,1257.0,1232.6,1239.3,10003114.0,51.37
2019-10-23,1246.85,1249.75,1233.0,1241.6,5095107.0,55.11
2019-10-24,1248.0,1254.15,1226.35,1236.1,6553747.0,45.23
2019-10-25,1240.0,1246.85,1220.0,1229.0,6496771.0,56.56
2019-10-28,1239.95,1241.9,1235.0,1237.7,875425.0,54.71
2019-10-29,1238.0,1257.35,1237.7,1242.5,7116284.0,64.57
2019-10-30,1246.9,1262.7,1243.0,1248.35,6005683.0,56.32
2019-10-31,1257.7,1263.9,1227.1,1230.35,6608853.0,58.28
2019-11-01,1239.0,1243.75,1227.6,1240.05,5756130.0,64.27
2019-11-04,1246.45,1250.0,1229.05,1236.85,4967588.0,55.09
2019-11-05,1241.0,1244.8,1229.05,1239.5,6183905.0,64.91
2019-11-06,1242.45,1259.0,1228.05,1256.65,6065168.0,58.21
2019-11-07,1261.0,1269.7,1250.0,1263.7,8481517.0,62.61
2019-11-08,1259.0,1267.0,1251.45,1255.6,6625748.0,64.54
2019-11-11,1252.55,1268.5,1250.5,1264.75,7143305.0,72.45
2019-11-12,1252.55,1268.5,1250.5,1264.75,7143305.0,72.45
2019-11-13,1261.95,1270.0,1253.6,1257.55,4646748.0,60.46
2019-11-14,1263.8,1277.0,1257.2,1273.9,5527609.0,50.53
2019-11-15,1283.85,1285.0,1271.1,1277.9,4639506.0,50.8
2019-11-18,1277.0,1279.45,1258.7,1262.05,4565146.0,63.84
2019-11-19,1265.3,1275.0,1261.1,1271.9,5285289.0,67.04
2019-11-20,1273.0,1282.95,1267.0,1273.35,5527129.0,67.07
2019-11-21,1270.25,1287.0,1268.35,1283.35,6009763.0,62.94
2019-11-22,1283.65,1283.65,1262.0,1264.75,3844005.0,65.66
2019-11-25,1264.15,1279.5,1264.15,1271.1,3946778.0,56.5
2019-11-26,1278.45,1279.75,1266.95,1275.05,4358001.0,62.51
2019-11-27,1276.0,1285.75,1271.2,1278.4,4790333.0,65.69
2019-11-28,1280.2,1283.05,1262.0,1265.3,6183020.0,62.45
2019-11-29,1267.7,1279.9,1252.0,1274.95,7783813.0,57.71
2019-12-02,1273.95,1273.95,1258.6,1265.75,4473102.0,63.08
2019-12-03,1268.2,1269.0,1253.8,1255.4,3495953.0,70.23
2019-12-04,1252.5,1256.9,1234.2,1251.65,5697807.0,60.22
2019-12-05,1255.6,1258.75,1240.75,1245.6,6386247.0,46.81
2019-12-06,1248.95,1260.0,1238.2,1246.05,6887325.0,67.17
2019-12-09,1249.5,1249.85,1237.55,1242.95,4132675.0,65.11
2019-12-10,1251.0,1253.65,1245.1,1249.5,4894450.0,70.15
2019-12-11,1250.1,1254.0,1242.5,1248.75,5527321.0,74.76
2019-12-12,1253.0,1269.45,1253.0,1263.6,6456574.0,64.65
2019-12-13,1265.0,1272.35,1259.25,1263.85,5887593.0,69.55
2019-12-16,1269.25,1270.0,1248.2,1257.35,5663788.0,66.71
2019-12-17,1260.0,1274.8,1255.35,1271.1,6213677.0,69.45
2019-12-18,1283.0,1299.0,1273.65,1292.35,8723586.0,60.93
2019-12-19,1305.0,1305.5,1286.1,1288.8,6509188.0,54.13
2019-12-20,1288.75,1299.6,1280.05,1296.7,7513022.0,68.78
2019-12-23,1299.0,1304.0,1288.8,1302.4,5097891.0,62.25
2019-12-24,1298.6,1301.1,1286.95,1289.15,3589604.0,61.5
2019-12-25,1298.6,1301.1,1286.95,1289.15,3589604.0,61.5
2019-12-26,1289.7,1291.85,1264.65,1270.45,7474879.0,53.77
2019-12-27,1272.0,1279.0,1270.0,1275.0,3546496.0,70.8
2019-12-30,1282.0,1288.75,1274.05,1282.15,4667095.0,63.1
2019-12-31,1281.95,1281.95,1268.65,1272.1,4178528.0,63.82
2020-01-01,1276.1,1280.0,1270.6,1278.6,1836849.0,44.05
2020-01-02,1279.0,1288.0,1279.0,1286.75,3068583.0,63.8
2020-01-03,1282.2,1285.0,1263.6,1268.4,5427775.0,63.73
2020-01-06,1260.0,1261.8,1236.0,1240.95,5445093.0,66.99
2020-01-07,1258.9,1271.45,1252.25,1260.6,7362247.0,51.49
2020-01-08,1246.95,1262.15,1240.05,1257.3,5666055.0,62.64
2020-01-09,1265.0,1275.8,1263.1,1271.4,4773158.0,55.52
2020-01-10,1284.1,1286.9,1275.1,1282.7,4607290.0,62.02
2020-01-13,1282.7,1296.5,1276.0,1286.0,3725784.0,59.47
2020-01-14,1289.0,1292.55,1277.5,1289.5,3943145.0,65.26
2020-01-15,1286.4,1287.95,1274.1,1284.25,5893724.0,67.36
2020-01-16,1282.05,1291.0,1279.35,1287.65,3575200.0,62.98
2020-01-17,1281.75,1284.9,1271.9,1278.15,8459407.0,79.11
2020-01-20,1304.85,1304.85,1252.5,1254.9,11089225.0,52.27
2020-01-21,1250.0,1250.0,1238.4,1244.35,7492402.0,61.23
2020-01-22,1248.05,1255.0,1234.4,1240.85,9184155.0,71.45
2020-01-23,1240.0,1246.85,1231.0,1244.85,5754460.0,61.45
2020-01-24,1246.0,1254.0,1239.1,1244.55,5915878.0,66.52
2020-01-27,1235.0,1235.0,1211.75,1213.2,9444276.0,65.07
2020-01-28,1218.8,1227.8,1213.25,1223.2,6706079.0,55.37
2020-01-29,1225.3,1242.0,1222.25,1235.85,6894175.0,66.55
2020-01-30,1238.95,1238.95,1217.2,1226.05,6055992.0,65.02
2020-01-31,1231.45,1237.8,1220.25,1226.3,5589134.0,63.76
2020-02-03,1197.0,1197.95,1177.7,1192.8,6538505.0,61.55
2020-02-04,1198.0,1234.0,1198.0,1229.8,10448852.0,66.04
2020-02-05,1234.9,1248.0,1227.3,1244.65,9010341.0,77.19
2020-02-06,1244.65,1248.7,1237.2,1239.8,5913775.0,61.56
2020-02-07,1246.0,1247.0,1231.6,1242.2,3407724.0,64.37
2020-02-10,1242.95,1242.95,1226.05,1240.3,4609917.0,69.6
2020-02-11,1243.3,1255.0,1238.05,1240.6,5806760.0,64.93
2020-02-12,1245.2,1252.9,1244.05,1249.0,3148965.0,67.15
2020-02-13,1259.9,1259.9,1233.6,1241.4,4556070.0,62.57
2020-02-14,1243.2,1248.4,1215.0,1219.35,7344429.0,65.13
2020-02-17,1225.0,1233.0,1214.45,1217.15,5076345.0,60.59
2020-02-18,1216.9,1218.5,1203.5,1213.25,5264558.0,70.36
2020-02-19,1222.5,1230.0,1213.9,1227.2,5006134.0,68.81
2020-02-20,1230.0,1230.0,1214.1,1217.1,5561707.0,58.27
2020-02-21,1230.0,1230.0,1214.1,1217.1,5561707.0,58.27
2020-02-24,1208.95,1214.75,1200.0,1209.95,8284042.0,75.35
2020-02-25,1204.0,1209.0,1198.0,1200.3,6943340.0,74.68
2020-02-26,1197.5,1204.7,1185.65,1199.25,6907393.0,67.91
2020-02-27,1195.0,1202.5,1181.0,1199.45,10327549.0,59.43
2020-02-28,1175.5,1185.0,1170.1,1177.65,12156528.0,71.26
2020-03-02,1200.2,1201.15,1166.15,1179.6,7332449.0,61.92
2020-03-03,1175.0,1185.35,1168.0,1181.8,11184775.0,67.03
2020-03-04,1178.35,1180.0,1133.1,1148.85,17144435.0,69.03
2020-03-05,1153.0,1165.0,1142.75,1151.35,9774854.0,58.12
2020-03-06,1125.0,1140.9,1101.0,1134.9,11526783.0,58.51
2020-03-09,1110.0,1118.4,1065.0,1107.3,17210297.0,64.57
2020-03-10,1110.0,1118.4,1065.0,1107.3,17210297.0,64.57
2020-03-11,1105.0,1120.0,1092.0,1113.8,17769198.0,70.31
2020-03-12,1075.0,1080.0,1003.45,1021.3,29500406.0,63.37
2020-03-13,980.05,1081.45,919.2,1069.8,33171603.0,56.29
2020-03-16,1035.0,1037.0,995.0,999.5,15993174.0,58.51
2020-03-17,1008.0,1010.0,954.7,975.1,21338641.0,53.2
2020-03-18,985.0,993.0,865.0,876.9,30593809.0,60.51
2020-03-19,847.0,919.95,795.0,895.55,33610239.0,48.33
2020-03-20,875.0,914.6,824.55,882.85,44319015.0,42.61
2020-03-23,794.6,838.75,765.0,771.55,25142273.0,60.53
2020-03-24,795.25,810.0,738.75,767.7,30528676.0,50.53
2020-03-25,770.45,867.45,755.25,856.75,23614449.0,46.27
2020-03-26,870.1,937.7,841.0,901.1,28521681.0,42.11
2020-03-27,944.95,988.65,872.1,904.45,27619436.0,34.19
2020-03-30,880.0,887.0,828.0,831.65,19634313.0,45.95
2020-03-31,853.8,873.6,838.0,861.9,17605997.0,45.81
2020-04-01,863.85,863.85,820.0,829.65,14551758.0,40.94
2020-04-02,863.85,863.85,820.0,829.65,14551758.0,40.94
2020-04-03,843.0,844.0,810.0,813.85,17499063.0,49.66
2020-04-06,843.0,844.0,810.0,813.85,17499063.0,49.66
2020-04-07,874.0,907.3,845.35,896.1,30206626.0,56.55
2020-04-08,879.95,945.0,866.1,888.9,28109877.0,42.52
2020-04-09,913.0,930.9,890.0,925.05,22229012.0,34.91
2020-04-10,913.0,930.9,890.0,925.05,22229012.0,34.91
2020-04-13,934.0,946.7,886.2,895.35,17079259.0,36.38
2020-04-15,930.5,930.5,843.0,863.3,28989523.0,45.74
2020-04-16,865.0,890.7,856.25,879.75,26927231.0,47.9
2020-04-17,915.0,920.0,887.25,910.3,27941831.0,48.25
2020-04-20,951.0,960.95,935.0,944.85,33116614.0,40.86
2020-04-21,925.0,934.0,908.0,921.65,16589148.0,44.09
2020-04-22,919.15,933.0,907.3,928.6,19144678.0,53.16
2020-04-23,935.0,958.5,912.55,954.95,20450895.0,48.05
2020-04-24,933.0,958.4,926.0,938.05,16642831.0,48.07
2020-04-27,945.15,957.4,926.3,929.7,13710727.0,44.17
2020-04-28,943.8,943.8,922.0,931.4,14720773.0,42.81
2020-04-29,935.0,992.7,934.1,977.1,27939019.0,39.23
2020-04-30,1001.4,1019.0,992.1,1001.8,21897643.0,38.98
2020-05-01,1001.4,1019.0,992.1,1001.8,21897643.0,38.98
2020-05-04,957.5,960.0,917.5,923.0,13361177.0,46.75
2020-05-05,938.0,944.0,908.05,911.45,14837190.0,32.68
2020-05-06,919.0,950.0,905.65,946.4,16893140.0,24.68
2020-05-07,940.5,943.3,921.35,925.0,10916003.0,31.14
2020-05-08,942.0,943.95,925.2,929.05,10403747.0,35.79
2020-05-11,937.0,954.0,914.0,915.8,14275392.0,41.52
2020-05-12,901.0,909.4,871.1,901.55,24784324.0,38.17
2020-05-13,951.0,960.0,922.1,927.65,22173554.0,41.02
2020-05-14,898.0,911.0,890.0,893.7,19777445.0,42.44
2020-05-15,890.5,892.4,875.0,888.15,12174870.0,35.16
2020-05-18,888.0,888.0,831.3,836.65,23326656.0,45.7
2020-05-19,860.85,867.3,826.1,830.65,23730561.0,37.53
2020-05-20,836.45,864.0,832.2,857.1,20007413.0,43.73
2020-05-21,861.45,884.0,852.3,859.55,24239683.0,44.71
2020-05-22,850.0,870.3,833.05,838.85,21025849.0,28.03
2020-05-25,850.0,870.3,833.05,838.85,21025849.0,28.03
2020-05-26,857.0,871.75,848.75,852.4,19002589.0,41.32
2020-05-27,859.9,909.8,857.15,903.65,28013227.0,39.52
2020-05-28,920.0,950.0,913.95,945.25,37744926.0,41.5
2020-05-29,944.0,955.0,923.45,951.65,26512600.0,39.72
2020-06-01,975.0,995.0,966.1,987.65,19595373.0,32.15
2020-06-02,986.7,1005.0,975.2,1001.0,20811909.0,31.94
2020-06-03,1020.0,1046.25,1015.45,1022.25,25273067.0,41.02
2020-06-04,1028.05,1038.95,991.1,1001.7,27139478.0,33.9
2020-06-05,1003.1,1042.4,1002.8,1033.35,17598103.0,26.45
2020-06-08,1060.0,1066.65,1006.4,1015.9,24906362.0,31.16
2020-06-09,1020.0,1026.75,979.55,987.3,30922894.0,43.05
2020-06-10,990.0,999.85,978.2,991.85,18248880.0,28.85
2020-06-11,985.0,988.4,965.0,968.6,15449142.0,27.68
2020-06-12,928.0,986.65,928.0,982.75,21322880.0,24.6
2020-06-15,968.0,974.0,943.0,949.85,16004973.0,31.62
2020-06-16,975.0,993.95,952.0,990.4,22700113.0,29.44
2020-06-17,989.0,998.9,973.25,979.25,18479504.0,18.52
2020-06-18,980.0,1024.9,972.0,1019.95,20435469.0,22.9
2020-06-19,1017.95,1043.0,1012.15,1033.35,23939324.0,32.17
2020-06-22,1039.45,1045.95,1023.8,1028.75,14847321.0,35.32
2020-06-23,1039.0,1045.0,1016.55,1042.3,14415640.0,38.01
2020-06-24,1048.5,1057.5,1030.05,1032.5,19714664.0,46.16
2020-06-25,1021.9,1049.0,1007.0,1028.75,35323457.0,45.53
2020-06-26,1041.0,1063.0,1028.0,1056.45,19986677.0,48.79
2020-06-29,1037.0,1082.6,1037.0,1076.05,23003725.0,43.06
2020-06-30,1074.0,1078.55,1056.3,1065.85,17873316.0,44.1
2020-07-01,1065.85,1096.0,1061.3,1084.6,17423378.0,30.18
2020-07-02,1090.3,1111.25,1085.2,1089.4,18477248.0,32.39
2020-07-03,1093.0,1095.8,1070.0,1073.95,13798879.0,38.36
2020-07-06,1107.95,1119.9,1100.0,1103.0,17779243.0,27.19
2020-07-07,1109.4,1111.7,1093.05,1105.15,12175425.0,33.2
2020-07-08,1107.0,1124.9,1105.0,1110.35,15028412.0,36.69
2020-07-09,1118.0,1129.7,1107.25,1124.95,10057717.0,32.46
2020-07-10,1117.9,1120.0,1099.55,1105.1,8781604.0,32.28
2020-07-13,1109.9,1113.0,1071.3,1080.25,14961695.0,44.13
2020-07-14,1062.6,1068.9,1050.0,1058.85,13306511.0,37.98
2020-07-15,1070.2,1079.0,1050.1,1053.15,10487246.0,27.31
2020-07-16,1053.65,1065.5,1034.1,1062.55,11831256.0,28.6
2020-07-17,1059.05,1104.0,1058.3,1098.45,14202933.0,39.61
2020-07-20,1135.0,1152.9,1124.15,1133.05,32562064.0,36.56
2020-07-21,1152.05,1157.95,1134.0,1138.55,23757768.0,62.06
2020-07-22,1138.5,1144.5,1117.55,1126.35,12359024.0,47.22
2020-07-23,1125.0,1143.9,1116.25,1130.4,10074805.0,38.97
2020-07-24,1122.9,1122.9,1101.25,1119.1,9799222.0,27.88
2020-07-27,1099.85,1103.0,1075.35,1079.5,18985167.0,51.24
2020-07-28,1079.0,1094.4,1059.5,1086.65,17798330.0,46.03
2020-07-29,1081.0,1088.5,1055.55,1064.6,16796652.0,50.78
2020-07-30,1074.0,1083.65,1046.7,1050.65,13478951.0,40.91
2020-07-31,1057.7,1057.7,1020.05,1032.8,18865230.0,45.28
2020-08-03,1025.95,1026.95,993.0,1002.0,15891781.0,47.69
2020-08-04,1008.0,1061.05,1003.0,1041.65,30153418.0,30.68
2020-08-05,1047.95,1055.8,1020.0,1027.55,16610696.0,26.31
2020-08-06,1037.0,1055.0,1026.25,1040.7,16823558.0,26.41
2020-08-07,1034.85,1047.2,1020.6,1043.85,12418816.0,27.27
2020-08-10,1044.0,1064.0,1043.8,1050.65,11086465.0,42.2
2020-08-11,1048.5,1071.0,1048.5,1066.65,10068150.0,39.86
2020-08-12,1065.0,1066.0,1048.0,1063.7,10333222.0,28.35
2020-08-13,1067.95,1071.35,1056.5,1059.05,9946370.0,48.9
2020-08-14,1065.9,1065.9,1027.3,1034.45,10462350.0,36.8
2020-08-17,1047.0,1047.0,1020.2,1032.75,9780591.0,40.7
2020-08-18,1028.0,1061.65,1022.0,1056.5,12020562.0,29.7
2020-08-19,1065.0,1069.8,1056.25,1066.6,8858056.0,41.83
2020-08-20,1054.95,1068.95,1052.0,1059.0,9608591.0,43.44
2020-08-21,1065.4,1088.8,1064.6,1085.65,14462237.0,41.93
2020-08-24,1086.0,1122.95,1085.65,1117.05,18389929.0,42.31
2020-08-25,1119.0,1127.0,1106.2,1119.7,13800972.0,33.22
2020-08-26,1121.0,1131.75,1109.5,1118.45,12595131.0,43.22
2020-08-27,1125.8,1129.9,1106.25,1112.1,10323015.0,45.3
2020-08-28,1111.95,1125.0,1095.0,1114.5,19349069.0,36.38
2020-08-31,1129.5,1148.8,1100.7,1115.85,19250721.0,33.7
2020-09-01,1128.0,1143.6,1108.0,1127.3,14438949.0,36.37
2020-09-02,1124.1,1139.0,1120.7,1134.15,9880855.0,46.22
2020-09-03,1137.25,1145.95,1128.0,1130.9,9916701.0,53.05
2020-09-04,1110.0,1125.4,1104.4,1119.3,11830686.0,44.04
2020-09-07,1116.3,1119.5,1099.0,1110.5,8807764.0,30.86
2020-09-08,1114.0,1118.8,1103.0,1112.45,7312460.0,33.73
2020-09-09,1101.0,1110.0,1091.25,1096.5,7864545.0,41.1
2020-09-10,1103.0,1104.85,1084.0,1090.55,7594209.0,23.77
2020-09-11,1096.45,1104.85,1071.0,1078.65,10397545.0,36.89
2020-09-14,1088.0,1094.0,1052.35,1057.95,10825874.0,42.31
2020-09-15,1068.0,1076.15,1058.1,1070.5,8252566.0,33.25
2020-09-16,1070.2,1096.0,1068.35,1093.65,9355126.0,38.24
2020-09-17,1084.0,1094.0,1078.0,1083.6,9159413.0,33.41
2020-09-18,1092.0,1092.2,1047.2,1057.3,11740889.0,43.02
2020-09-21,1055.0,1071.35,1041.5,1049.3,9921439.0,30.02
2020-09-22,1054.05,1058.15,1029.5,1035.4,9310339.0,34.65
2020-09-23,1046.0,1055.0,1034.35,1047.25,8039935.0,30.43
2020-09-24,1038.0,1047.0,1025.0,1030.4,9904895.0,47.4
2020-09-25,1050.0,1051.95,1025.65,1044.0,10160775.0,40.63
2020-09-28,1048.95,1059.0,1042.65,1054.2,8076211.0,48.4
2020-09-29,1058.0,1069.9,1051.0,1062.55,6322274.0,28.53
2020-09-30,1060.0,1086.9,1052.0,1078.6,9407038.0,42.93
2020-10-01,1090.1,1110.0,1090.1,1106.95,10601566.0,28.88
2020-10-02,1090.1,1110.0,1090.1,1106.95,10601566.0,28.88
2020-10-05,1112.0,1132.0,1111.0,1114.35,8470109.0,35.78
2020-10-06,1135.05,1148.0,1126.2,1144.1,9685997.0,27.09
2020-10-07,1144.9,1164.85,1137.6,1162.25,10624527.0,33.7
2020-10-08,1180.0,1203.0,1163.35,1191.8,17530368.0,51.35
2020-10-09,1201.0,1237.0,1191.65,1233.55,22486215.0,36.97
2020-10-12,1231.55,1242.75,1205.6,1213.65,9610277.0,25.11
2020-10-13,1213.4,1222.45,1195.0,1198.45,9177015.0,42.94
2020-10-14,1195.55,1214.3,1175.5,1211.5,11291473.0,41.77
2020-10-15,1214.2,1217.0,1164.0,1169.25,14123569.0,45.5
2020-10-16,1180.0,1203.5,1173.0,1199.35,12911559.0,44.59
2020-10-19,1235.0,1235.0,1192.6,1203.55,21179884.0,29.74
2020-10-20,1207.5,1227.4,1205.9,1223.95,13705994.0,48.63
2020-10-21,1230.6,1251.0,1221.7,1246.7,17820565.0,53.17
2020-10-22,1239.95,1250.0,1223.0,1233.3,10956548.0,45.46
2020-10-23,1243.5,1248.45,1231.2,1235.8,7933126.0,49.08
2020-10-26,1229.8,1242.0,1204.6,1210.9,9786023.0,43.8
2020-10-27,1226.0,1236.0,1197.85,1233.1,12158922.0,45.78
2020-10-28,1228.0,1232.0,1201.5,1209.6,8285625.0,46.06
2020-10-29,1200.6,1204.45,1178.5,1187.2,11530152.0,39.89
2020-10-30,1182.55,1199.3,1176.35,1183.55,5761470.0,24.6
2020-11-02,1194.35,1225.0,1177.5,1215.25,10963040.0,36.2
2020-11-03,1226.45,1250.75,1225.5,1247.95,14082115.0,50.54
2020-11-04,1252.0,1264.8,1230.0,1257.4,11702411.0,39.34
2020-11-05,1266.0,1276.0,1252.35,1269.2,10716964.0,51.99
2020-11-06,1266.25,1310.0,1265.5,1307.65,17852862.0,49.29
2020-11-09,1315.2,1345.95,1315.2,1340.55,13144220.0,36.4
2020-11-10,1357.0,1395.0,1351.55,1393.65,20758678.0,48.92
2020-11-11,1399.9,1414.8,1370.5,1389.95,18058097.0,45.82
2020-11-12,1377.4,1388.55,1360.0,1371.7,13526974.0,46.08
2020-11-13,1368.8,1368.8,1347.0,1358.8,11236240.0,62.13
2020-11-16,1367.8,1374.95,1365.2,1369.7,917533.0,23.07
2020-11-17,1385.8,1412.6,1380.6,1408.45,15529950.0,51.72
2020-11-18,1403.0,1419.0,1399.05,1408.7,9431388.0,41.56
2020-11-19,1389.7,1399.45,1368.0,1374.35,10133441.0,44.88
2020-11-20,1372.65,1408.4,1365.05,1403.65,10202681.0,31.54
2020-11-23,1415.0,1423.65,1375.35,1394.6,12623318.0,40.97
2020-11-24,1408.0,1445.0,1402.05,1438.2,20077200.0,54.78
2020-11-25,1451.3,1464.4,1397.0,1402.8,12076301.0,32.0
2020-11-26,1415.0,1432.0,1387.0,1426.65,13971563.0,27.73
2020-11-27,1431.8,1446.0,1415.55,1440.85,8997290.0,32.76
2020-11-30,1431.8,1446.0,1415.55,1440.85,8997290.0,32.76
2020-12-01,1440.85,1449.0,1425.5,1433.3,8573787.0,57.18
2020-12-02,1431.0,1431.8,1394.8,1406.95,8946075.0,45.65
2020-12-03,1429.0,1432.0,1374.05,1377.2,18966611.0,42.45
2020-12-04,1381.0,1401.45,1373.3,1385.6,13456161.0,47.75
2020-12-07,1375.0,1379.95,1358.1,1372.25,12158159.0,44.38
2020-12-08,1375.0,1388.8,1365.15,1376.3,9728948.0,41.49
2020-12-09,1377.0,1410.05,1375.05,1407.2,11034537.0,55.67
2020-12-10,1398.0,1402.0,1375.75,1385.85,9863983.0,54.85
2020-12-11,1390.05,1395.0,1373.0,1382.8,10678192.0,56.02
2020-12-14,1383.0,1388.0,1368.0,1372.15,8611025.0,50.59
2020-12-15,1380.8,1394.95,1366.0,1391.3,10780718.0,56.89
2020-12-16,1404.0,1416.8,1394.5,1410.7,8416046.0,42.9
2020-12-17,1418.6,1445.0,1404.5,1441.8,10962239.0,56.51
2020-12-18,1435.0,1439.7,1406.3,1411.35,11497959.0,55.26
2020-12-21,1417.5,1423.85,1366.7,1372.65,11880912.0,48.42
2020-12-22,1384.8,1384.8,1345.0,1373.1,11425779.0,39.61
2020-12-23,1367.5,1380.95,1361.05,1375.65,7733697.0,49.48
2020-12-24,1389.4,1404.0,1377.0,1397.1,7476094.0,46.72
2020-12-25,1389.4,1404.0,1377.0,1397.1,7476094.0,46.72
2020-12-28,1405.0,1421.0,1404.0,1412.85,5849597.0,56.39
2020-12-29,1421.05,1434.75,1420.0,1427.2,7247673.0,51.62
2020-12-30,1439.9,1439.9,1413.0,1432.5,8108363.0,40.05
2020-12-31,1435.0,1444.0,1425.05,1436.3,11072875.0,57.3
2021-01-01,1440.0,1443.0,1420.6,1425.05,4405469.0,32.37
2021-01-04,1438.0,1438.0,1399.0,1416.0,7870096.0,47.76
2021-01-05,1419.2,1430.75,1409.0,1426.7,7193412.0,42.29
2021-01-06,1435.0,1440.0,1413.1,1420.55,11067025.0,40.28
2021-01-07,1432.5,1432.6,1412.55,1416.25,9947421.0,45.43
2021-01-08,1432.0,1442.0,1423.1,1431.65,6884382.0,49.01
2021-01-11,1450.0,1464.9,1436.3,1451.45,8665696.0,38.58
2021-01-12,1452.45,1487.7,1449.1,1481.0,10194078.0,45.67
2021-01-13,1492.9,1496.9,1462.1,1470.65,8467325.0,45.38
2021-01-14,1471.15,1488.0,1456.0,1468.75,6148583.0,43.65
2021-01-15,1469.1,1471.65,1445.0,1466.65,7082618.0,39.16
2021-01-18,1469.9,1502.85,1467.0,1483.1,21412816.0,37.69
2021-01-19,1491.8,1511.65,1467.0,1503.85,8680127.0,37.73
2021-01-20,1501.0,1501.0,1486.0,1492.0,6673026.0,44.28
2021-01-21,1492.0,1494.35,1468.15,1474.8,13166527.0,55.5
2021-01-22,1467.9,1467.9,1440.15,1443.55,7696182.0,46.45
2021-01-25,1465.1,1481.0,1455.15,1462.85,10172359.0,56.27
2021-01-26,1465.1,1481.0,1455.15,1462.85,10172359.0,56.27
2021-01-27,1468.0,1471.9,1406.15,1409.6,11778138.0,55.74
2021-01-28,1389.9,1401.3,1342.0,1371.45,21352223.0,49.58
2021-01-29,1391.35,1408.75,1364.5,1390.5,14352251.0,47.79
2021-02-01,1410.25,1482.5,1401.0,1476.75,13185272.0,48.95
2021-02-02,1501.0,1578.5,1497.4,1560.55,21210103.0,48.39
2021-02-03,1579.0,1581.7,1542.0,1574.8,10118627.0,47.12
2021-02-04,1566.0,1588.0,1543.45,1579.1,12242342.0,46.58
2021-02-05,1548.0,1618.25,1548.0,1597.6,13527358.0,37.29
2021-02-08,1620.0,1631.65,1595.7,1605.25,8723790.0,39.12
2021-02-09,1610.0,1628.0,1586.7,1611.85,9210683.0,40.93
2021-02-10,1608.35,1614.85,1567.0,1581.75,9894003.0,47.87
2021-02-11,1582.0,1597.8,1564.2,1572.35,6824309.0,41.13
2021-02-12,1573.9,1592.5,1573.0,1581.95,4955053.0,29.79
2021-02-15,1600.1,1625.0,1596.7,1616.6,5177622.0,38.49
2021-02-16,1621.2,1641.0,1608.45,1626.65,6948679.0,28.65
2021-02-17,1620.0,1621.8,1583.0,1586.5,6397213.0,42.7
2021-02-18,1605.95,1605.95,1548.0,1554.3,7360280.0,34.74
2021-02-19,1545.0,1564.2,1533.0,1539.1,8569754.0,42.14
2021-02-22,1545.05,1573.9,1539.45,1548.0,14725919.0,52.52
2021-02-23,1553.75,1557.7,1522.65,1529.15,9119953.0,40.32
2021-02-24,1526.5,1613.95,1516.25,1606.45,7157166.0,46.37
2021-02-25,1609.75,1636.25,1602.0,1606.4,10054785.0,41.78
2021-02-26,1587.05,1588.9,1521.0,1534.4,13956423.0,42.46
2021-03-01,1564.0,1572.55,1540.7,1558.9,6768009.0,40.78
2021-03-02,1575.7,1587.5,1551.0,1568.2,8055019.0,43.89
2021-03-03,1584.0,1596.0,1565.0,1586.85,5611205.0,49.14
2021-03-04,1548.55,1571.0,1539.1,1552.05,8145719.0,37.12
2021-03-05,1531.0,1545.6,1521.1,1530.0,8722911.0,42.79
2021-03-08,1542.0,1555.0,1512.5,1519.5,7558525.0,35.45
2021-03-09,1545.0,1565.7,1538.25,1562.5,7533348.0,39.27
2021-03-10,1572.0,1575.0,1552.15,1555.75,5527508.0,49.42
2021-03-11,1572.0,1575.0,1552.15,1555.75,5527508.0,49.42
2021-03-12,1600.0,1600.0,1535.05,1551.95,7815602.0,46.51
2021-03-15,1548.4,1548.4,1515.3,1528.65,6115242.0,43.48
2021-03-16,1530.9,1540.4,1510.0,1512.15,6861183.0,45.27
2021-03-17,1524.25,1539.0,1490.2,1495.35,10532214.0,51.9
2021-03-18,1511.75,1522.05,1481.15,1491.0,9032770.0,50.34
2021-03-19,1485.0,1511.2,1474.05,1497.5,10617510.0,52.03
2021-03-22,1494.9,1494.9,1460.4,1469.15,7007816.0,43.14
2021-03-23,1470.0,1507.45,1469.1,1500.15,9880714.0,49.76
2021-03-24,1490.9,1506.45,1471.0,1478.8,8184450.0,50.79
2021-03-25,1490.2,1495.55,1450.25,1463.35,11982178.0,50.17
2021-03-26,1494.0,1499.0,1474.0,1491.3,6010629.0,42.16
2021-03-29,1494.0,1499.0,1474.0,1491.3,6010629.0,42.16
2021-03-30,1506.65,1562.55,1501.55,1553.7,12804032.0,57.05
2021-03-31,1548.0,1548.0,1488.0,1493.65,15387253.0,51.0
2021-04-01,1499.4,1499.4,1465.0,1486.75,17881881.0,53.53
2021-04-02,1499.4,1499.4,1465.0,1486.75,17881881.0,53.53
2021-04-05,1480.0,1485.0,1431.0,1449.6,8003293.0,35.91
2021-04-06,1460.0,1462.65,1432.65,1440.25,7537867.0,33.17
2021-04-07,1439.3,1456.7,1421.55,1447.2,12544090.0,59.27
2021-04-08,1453.0,1460.9,1430.5,1432.8,8806796.0,52.68
2021-04-09,1426.0,1432.8,1415.1,1421.75,14078908.0,49.34
2021-04-12,1393.0,1399.0,1353.0,1367.05,11274564.0,49.9
2021-04-13,1368.0,1406.45,1361.0,1400.35,9300341.0,51.28
2021-04-14,1368.0,1406.45,1361.0,1400.35,9300341.0,51.28
2021-04-15,1405.0,1436.7,1391.0,1430.1,17222492.0,54.95
2021-04-16,1434.95,1445.0,1423.5,1428.65,7803263.0,49.26
2021-04-19,1390.0,1417.7,1372.3,1412.4,12034621.0,45.26
2021-04-20,1425.0,1426.4,1383.95,1391.4,11593135.0,55.61
2021-04-21,1425.0,1426.4,1383.95,1391.4,11593135.0,55.61
2021-04-22,1380.0,1426.8,1371.05,1422.5,19242656.0,50.26
2021-04-23,1409.0,1434.6,1400.2,1414.15,11356764.0,46.61
2021-04-26,1413.0,1429.0,1402.75,1404.8,15085476.0,64.91
2021-04-27,1407.25,1442.0,1404.8,1438.7,10296453.0,54.88
2021-04-28,1436.25,1479.0,1431.0,1476.8,12051970.0,59.71
2021-04-29,1486.2,1503.65,1461.0,1472.5,12039276.0,40.02
2021-04-30,1445.0,1453.8,1407.5,1412.3,17616451.0,50.99
2021-05-03,1393.0,1421.9,1377.3,1414.45,11236850.0,50.9
2021-05-04,1409.95,1423.0,1383.3,1388.35,10743164.0,41.47
2021-05-05,1401.0,1409.6,1381.7,1402.6,7210806.0,40.16
2021-05-06,1407.6,1410.8,1395.0,1400.9,5738522.0,44.89
2021-05-07,1412.95,1424.95,1410.25,1414.75,6024167.0,47.5
2021-05-10,1427.0,1430.0,1412.8,1419.85,5530025.0,54.0
2021-05-11,1396.0,1424.2,1395.05,1403.55,7259517.0,59.78
2021-05-12,1399.75,1408.6,1388.85,1399.5,6887463.0,57.1
2021-05-13,1399.75,1408.6,1388.85,1399.5,6887463.0,57.1
2021-05-14,1394.35,1398.9,1382.35,1386.85,5302071.0,54.29
2021-05-17,1395.15,1442.6,1381.3,1440.25,7560346.0,52.84
2021-05-18,1458.95,1482.75,1455.0,1476.7,11082640.0,59.92
2021-05-19,1470.2,1478.85,1452.55,1458.2,5065458.0,53.84
2021-05-20,1458.35,1465.9,1428.5,1432.8,5342092.0,47.57
2021-05-21,1443.0,1501.9,1443.0,1497.3,9670823.0,38.09
2021-05-24,1503.25,1520.45,1498.5,1509.95,11073051.0,43.18
2021-05-25,1510.5,1513.75,1470.5,1478.95,9618487.0,49.19
2021-05-26,1480.0,1487.0,1470.0,1477.05,6141995.0,40.1
2021-05-27,1473.1,1489.0,1462.45,1482.65,10219748.0,48.1
2021-05-28,1490.9,1513.0,1478.75,1503.45,8875010.0,59.67
2021-05-31,1500.0,1519.5,1487.5,1515.85,7830527.0,47.8
2021-06-01,1520.3,1527.0,1507.25,1511.7,5515081.0,49.09
2021-06-02,1510.0,1510.2,1493.0,1504.0,5312008.0,57.64
2021-06-03,1508.0,1524.95,1487.75,1520.55,5143630.0,41.56
2021-06-04,1516.0,1520.65,1499.2,1500.95,4712238.0,56.96
2021-06-07,1510.0,1514.0,1496.0,1499.85,4045834.0,58.87
2021-06-08,1496.55,1501.3,1481.5,1483.05,4936270.0,69.15
2021-06-09,1483.9,1502.0,1472.05,1480.3,5111721.0,46.71
2021-06-10,1482.1,1489.0,1473.65,1481.05,5741770.0,60.69
2021-06-11,1491.0,1496.55,1481.05,1486.35,3602987.0,49.89
2021-06-14,1478.25,1486.0,1462.55,1479.45,4440982.0,53.16
2021-06-15,1486.0,1496.0,1474.8,1490.25,3784801.0,47.54
2021-06-16,1488.0,1494.0,1478.1,1484.6,3851049.0,61.63
2021-06-17,1466.0,1478.75,1460.0,1466.1,4641901.0,56.07
2021-06-18,1469.5,1490.0,1455.0,1479.8,5969030.0,55.1
2021-06-21,1461.35,1491.8,1459.0,1488.7,3630236.0,48.89
2021-06-22,1497.0,1508.0,1480.0,1483.8,7183412.0,60.21
2021-06-23,1490.0,1497.8,1478.6,1485.5,3922434.0,52.79
2021-06-24,1490.0,1513.45,1488.0,1506.25,7392512.0,59.75
2021-06-25,1511.1,1522.0,1507.0,1515.1,5191588.0,62.46
2021-06-28,1520.0,1523.0,1505.0,1508.35,4678393.0,65.14
2021-06-29,1507.0,1508.2,1492.15,1502.05,5485846.0,74.69
2021-06-30,1498.0,1509.0,1494.1,1497.9,4839511.0,68.19
2021-07-01,1502.0,1502.0,1483.0,1486.75,8455721.0,62.79
2021-07-02,1485.0,1489.25,1477.0,1480.4,7413518.0,76.27
2021-07-05,1489.95,1504.5,1484.55,1495.45,3686941.0,57.53
2021-07-06,1497.0,1540.0,1496.0,1534.7,8834516.0,50.34
2021-07-07,1534.0,1545.35,1527.7,1539.5,4814595.0,63.46
2021-07-08,1525.0,1537.7,1513.45,1520.45,4210461.0,56.26
2021-07-09,1512.55,1516.0,1497.5,1502.0,5347921.0,63.13
2021-07-12,1502.0,1502.0,1484.0,1487.0,7229489.0,54.73
2021-07-13,1496.1,1506.1,1484.1,1501.85,9089071.0,69.64
2021-07-14,1497.5,1507.35,1491.1,1499.15,4894247.0,61.38
2021-07-15,1505.0,1526.75,1499.65,1520.7,5219401.0,55.53
2021-07-16,1527.95,1529.95,1518.8,1522.35,2585314.0,45.46
2021-07-19,1487.0,1488.85,1466.0,1471.0,12555800.0,52.78
2021-07-20,1442.0,1454.0,1436.15,1443.15,12087125.0,70.89
2021-07-21,1442.0,1454.0,1436.15,1443.15,12087125.0,70.89
2021-07-22,1456.1,1468.5,1445.0,1448.7,6603557.0,57.98
2021-07-23,1451.5,1457.45,1435.3,1442.75,6563342.0,68.44
2021-07-26,1430.0,1444.0,1428.1,1434.55,6583583.0,75.64
2021-07-27,1436.1,1449.9,1436.1,1439.75,11200715.0,81.04
2021-07-28,1435.05,1438.7,1404.0,1417.3,10335171.0,74.43
2021-07-29,1428.25,1429.95,1413.3,1418.25,6851115.0,70.96
2021-07-30,1419.0,1431.75,1407.95,1426.45,5827744.0,68.37
2021-08-02,1435.0,1435.0,1416.25,1422.65,6629393.0,72.71
2021-08-03,1410.0,1439.9,1410.0,1434.7,6016560.0,69.52
2021-08-04,1441.0,1474.5,1440.0,1465.3,11026974.0,60.46
2021-08-05,1467.1,1507.05,1457.4,1484.85,9411204.0,50.27
2021-08-06,1483.55,1500.0,1474.0,1492.65,6669635.0,61.51
2021-08-09,1492.0,1507.35,1476.0,1503.9,5499024.0,54.49
2021-08-10,1489.0,1519.75,1489.0,1507.65,7419173.0,60.87
2021-08-11,1514.9,1518.85,1491.05,1494.95,6292893.0,69.51
2021-08-12,1497.0,1507.6,1489.3,1501.4,4298837.0,64.28
2021-08-13,1501.2,1531.0,1501.0,1526.2,8329214.0,69.36
2021-08-16,1526.15,1535.0,1521.45,1530.6,3126389.0,52.66
2021-08-17,1517.2,1524.0,1505.3,1514.65,4141333.0,63.33
2021-08-18,1556.7,1565.35,1508.35,1513.0,11492966.0,35.11
2021-08-19,1556.7,1565.35,1508.35,1513.0,11492966.0,35.11
2021-08-20,1486.05,1519.8,1486.05,1514.75,6575203.0,53.84
2021-08-23,1529.85,1533.15,1508.65,1524.6,5421527.0,59.35
2021-08-24,1530.0,1564.5,1527.45,1558.85,9190657.0,66.67
2021-08-25,1552.1,1564.8,1548.0,1557.4,3863987.0,52.06
2021-08-26,1550.0,1571.0,1543.45,1554.8,5559501.0,54.38
2021-08-27,1552.0,1558.65,1545.25,1548.45,3191069.0,53.05
2021-08-30,1555.6,1570.0,1551.6,1568.25,4524583.0,60.62
2021-08-31,1563.5,1583.35,1562.2,1581.4,6031288.0,63.09
2021-09-01,1575.0,1598.0,1574.5,1579.1,6211279.0,63.19
2021-09-02,1574.1,1592.0,1571.25,1589.0,4809262.0,65.82
2021-09-03,1586.1,1598.0,1568.3,1576.05,5367667.0,66.02
2021-09-06,1579.95,1580.95,1561.95,1565.7,3938448.0,64.36
2021-09-07,1562.5,1582.0,1555.2,1569.25,3622748.0,54.3
2021-09-08,1571.95,1580.5,1565.6,1576.4,3362040.0,59.64
2021-09-09,1574.0,1579.45,1561.0,1568.6,4125474.0,64.68
2021-09-10,1574.0,1579.45,1561.0,1568.6,4125474.0,64.68
2021-09-13,1562.0,1584.0,1553.65,1555.55,4479582.0,74.89
2021-09-14,1560.0,1564.5,1546.6,1548.55,4879253.0,76.82
2021-09-15,1535.0,1554.8,1535.0,1546.8,7411499.0,73.13
2021-09-16,1537.75,1564.3,1536.3,1559.95,5130275.0,48.32
2021-09-17,1569.0,1589.0,1559.2,1582.15,10249051.0,60.11
2021-09-20,1564.0,1581.7,1558.0,1559.85,4390805.0,59.64
2021-09-21,1562.0,1568.65,1528.95,1551.95,7387498.0,62.85
2021-09-22,1549.0,1550.15,1530.0,1533.7,5291101.0,57.51
2021-09-23,1542.0,1572.0,1542.0,1570.0,6832152.0,63.91
2021-09-24,1579.0,1607.95,1575.0,1601.55,10403351.0,59.71
2021-09-27,1615.7,1635.5,1608.0,1625.1,8207731.0,61.67
2021-09-28,1632.0,1632.0,1582.0,1615.05,6386895.0,54.37
2021-09-29,1597.0,1606.6,1585.15,1593.85,8131518.0,66.42
2021-09-30,1586.0,1606.35,1583.1,1594.95,7987674.0,52.75
2021-10-01,1583.0,1589.0,1565.25,1582.7,5564298.0,69.41
2021-10-04,1589.0,1601.35,1583.6,1585.75,3525514.0,63.54
2021-10-05,1592.0,1597.5,1576.25,1595.45,5128589.0,65.25
2021-10-06,1596.0,1626.85,1587.0,1614.9,9300415.0,66.95
2021-10-07,1626.6,1627.7,1607.0,1610.5,5632862.0,61.43
2021-10-08,1612.0,1622.0,1600.15,1602.65,3622781.0,63.44
2021-10-11,1599.9,1645.0,1599.0,1633.8,6540424.0,65.57
2021-10-12,1625.0,1641.55,1625.0,1629.6,4088473.0,52.58
2021-10-13,1637.0,1648.0,1630.0,1639.4,3112822.0,57.78
2021-10-14,1638.0,1690.0,1638.0,1687.4,7378644.0,51.98
2021-10-15,1638.0,1690.0,1638.0,1687.4,7378644.0,51.98
2021-10-18,1705.0,1725.0,1667.05,1670.3,14428228.0,56.97
2021-10-19,1675.45,1692.45,1671.0,1688.7,4493770.0,49.37
2021-10-20,1689.1,1698.75,1664.45,1673.85,5454284.0,64.57
2021-10-21,1671.8,1681.95,1660.85,1676.3,4869095.0,60.1
2021-10-22,1680.1,1708.0,1670.75,1680.75,6087777.0,52.1
2021-10-25,1690.0,1690.0,1613.8,1657.0,8213383.0,48.78
2021-10-26,1650.0,1673.85,1646.35,1652.75,6045328.0,71.04
2021-10-27,1652.75,1665.05,1637.3,1642.8,6624821.0,73.2
2021-10-28,1650.0,1650.0,1587.15,1593.6,8898875.0,59.8
2021-10-29,1590.0,1602.0,1560.0,1582.85,6203437.0,56.57
2021-11-01,1585.0,1611.0,1583.55,1605.3,4061160.0,53.84
2021-11-02,1606.0,1622.0,1600.05,1606.75,6618861.0,65.38
2021-11-03,1605.1,1609.9,1575.55,1581.45,5103669.0,59.04
2021-11-04,1605.1,1609.9,1575.55,1581.45,5103669.0,59.04
2021-11-05,1595.0,1597.85,1590.1,1593.95,548404.0,59.72
2021-11-08,1592.1,1604.7,1570.45,1600.25,9471790.0,78.29
2021-11-09,1594.6,1594.6,1569.05,1572.25,6347738.0,72.68
2021-11-10,1568.0,1569.0,1550.0,1555.25,6857063.0,77.53
2021-11-11,1550.05,1554.9,1535.6,1548.3,3999702.0,59.0
2021-11-12,1550.0,1559.05,1545.05,1553.0,7457046.0,80.85
2021-11-15,1562.1,1571.85,1554.4,1557.25,4766797.0,70.25
2021-11-16,1555.0,1557.2,1541.6,1548.0,4122703.0,75.7
2021-11-17,1536.9,1544.0,1528.5,1530.8,3799439.0,63.86
2021-11-18,1526.05,1543.5,1525.25,1539.4,4576437.0,60.65
2021-11-19,1526.05,1543.5,1525.25,1539.4,4576437.0,60.65
2021-11-22,1546.0,1552.7,1499.05,1515.35,7630636.0,67.91
2021-11-23,1502.0,1527.8,1496.35,1515.55,5617607.0,61.07
2021-11-24,1524.0,1536.35,1514.05,1518.05,15401143.0,85.96
2021-11-25,1514.8,1533.3,1507.0,1525.95,5125826.0,67.3
2021-11-26,1500.0,1506.7,1485.0,1489.9,9312468.0,76.47
2021-11-29,1494.8,1507.65,1462.0,1501.25,6495498.0,61.6
2021-11-30,1495.0,1529.0,1486.55,1493.55,12610771.0,72.45
2021-12-01,1495.0,1507.05,1489.1,1504.65,4338817.0,59.99
2021-12-02,1504.5,1528.8,1500.0,1525.75,5601555.0,68.46
2021-12-03,1525.8,1535.95,1507.05,1513.55,4062347.0,67.01
2021-12-06,1513.0,1518.8,1497.35,1503.8,3514766.0,53.21
2021-12-07,1513.95,1532.0,1509.9,1525.7,6213767.0,69.74
2021-12-08,1536.0,1555.05,1534.0,1553.8,7647767.0,73.77
2021-12-09,1545.2,1554.7,1522.0,1526.85,5873872.0,66.4
2021-12-10,1524.9,1528.0,1508.45,1522.55,3889692.0,64.36
2021-12-13,1526.0,1537.65,1507.2,1511.15,5161071.0,58.38
2021-12-14,1502.5,1516.0,1497.05,1502.45,4595550.0,60.49
2021-12-15,1503.0,1523.35,1495.65,1500.0,5057574.0,63.42
2021-12-16,1512.8,1517.0,1494.0,1500.1,6605216.0,65.51
2021-12-17,1497.0,1506.0,1467.7,1473.05,7497384.0,58.48
2021-12-20,1452.0,1458.0,1414.1,1425.65,10578334.0,57.95
2021-12-21,1439.5,1450.75,1430.0,1441.8,4559375.0,64.19
2021-12-22,1452.3,1456.0,1435.7,1445.2,4288742.0,61.13
2021-12-23,1453.25,1457.8,1436.85,1444.1,4889583.0,71.35
2021-12-24,1445.5,1452.0,1428.0,1438.9,2780512.0,47.94
2021-12-27,1428.9,1454.0,1422.15,1450.8,2352549.0,45.06
2021-12-28,1460.7,1466.9,1453.4,1460.8,2725339.0,56.4
2021-12-29,1456.05,1461.0,1447.4,1453.85,3834351.0,70.41
2021-12-30,1458.5,1466.85,1445.0,1461.5,3607959.0,60.21
2021-12-31,1461.5,1484.8,1461.5,1479.4,3162868.0,70.0
2022-01-03,1485.0,1523.0,1480.5,1519.65,4534592.0,56.19
2022-01-04,1520.0,1532.9,1507.8,1528.55,4428676.0,51.72
2022-01-05,1536.8,1572.0,1528.1,1564.85,7166319.0,60.43
2022-01-06,1543.0,1554.75,1530.05,1539.75,4814465.0,54.23
2022-01-07,1544.0,1566.75,1535.9,1550.55,5589692.0,59.37
2022-01-10,1558.0,1572.0,1545.5,1559.15,4428248.0,61.52
2022-01-11,1561.55,1568.7,1547.8,1565.9,4194599.0,64.19
2022-01-12,1568.0,1576.65,1552.0,1556.65,10542765.0,80.37
2022-01-13,1555.0,1555.0,1520.4,1528.0,20981948.0,63.92
2022-01-14,1530.0,1548.7,1519.0,1545.15,5604484.0,57.84
2022-01-17,1530.0,1556.0,1519.15,1521.5,11494686.0,61.59
2022-01-18,1533.0,1550.9,1523.0,1529.25,6170576.0,42.81
2022-01-19,1534.0,1539.75,1513.35,1518.45,7158813.0,59.14
2022-01-20,1528.45,1528.5,1500.1,1509.0,7598923.0,69.03
2022-01-21,1500.0,1529.8,1485.6,1521.6,5768847.0,61.52
2022-01-24,1509.95,1521.25,1467.55,1486.65,5934254.0,59.78
2022-01-25,1458.65,1495.0,1444.0,1488.05,6797124.0,51.77
2022-01-26,1458.65,1495.0,1444.0,1488.05,6797124.0,51.77
2022-01-27,1450.0,1485.0,1435.0,1474.95,14308919.0,63.24
2022-01-28,1477.5,1486.7,1460.0,1463.25,12462604.0,73.66
2022-01-31,1472.75,1491.55,1466.8,1485.7,6421273.0,62.0
2022-02-01,1508.5,1517.0,1473.45,1497.0,7369742.0,48.51
2022-02-02,1511.95,1535.0,1505.6,1531.2,6984645.0,67.23
2022-02-03,1528.75,1539.95,1509.0,1515.35,5282381.0,67.16
2022-02-04,1528.4,1532.85,1514.1,1524.0,5789979.0,68.52
2022-02-07,1512.1,1519.0,1460.0,1468.15,6134021.0,61.84
2022-02-08,1476.4,1478.45,1444.55,1461.85,6990565.0,60.05
2022-02-09,1474.0,1499.7,1467.0,1497.6,5654171.0,59.78
2022-02-10,1514.0,1535.5,1501.65,1525.1,7157265.0,64.51
2022-02-11,1500.25,1525.0,1499.5,1518.85,5355552.0,69.16
2022-02-14,1490.0,1499.45,1469.3,1473.7,7328310.0,73.81
2022-02-15,1476.0,1524.9,1473.05,1517.8,6567533.0,63.13
2022-02-16,1534.35,1534.75,1507.0,1515.75,5016132.0,58.31
2022-02-17,1513.1,1522.0,1502.0,1506.5,3675604.0,48.62
2022-02-18,1498.3,1517.0,1490.45,1512.35,3898064.0,56.99
2022-02-21,1504.0,1530.7,1495.55,1522.1,3734033.0,49.37
2022-02-22,1489.8,1522.1,1487.95,1510.7,4768098.0,49.55
2022-02-23,1525.1,1525.7,1495.65,1500.9,4514781.0,64.18
2022-02-24,1449.9,1474.95,1407.15,1419.4,11815383.0,60.59
2022-02-25,1439.95,1465.9,1432.85,1456.1,9159327.0,68.32
2022-02-28,1426.0,1438.55,1414.05,1426.25,12440416.0,74.01
2022-03-01,1426.0,1438.55,1414.05,1426.25,12440416.0,74.01
2022-03-02,1386.5,1398.4,1354.4,1374.25,19252780.0,70.6
2022-03-03,1381.0,1392.0,1362.9,1371.0,8763961.0,63.98
2022-03-04,1360.0,1386.0,1336.9,1366.5,10609682.0,66.03
2022-03-07,1318.5,1332.35,1297.05,1324.8,13527229.0,62.24
2022-03-08,1302.2,1334.0,1292.0,1327.8,19606246.0,60.87
2022-03-09,1330.0,1374.7,1318.85,1371.15,11567347.0,64.49
2022-03-10,1427.0,1427.0,1380.25,1392.7,11136603.0,52.22
2022-03-11,1388.0,1408.95,1372.7,1396.8,7575390.0,58.54
2022-03-14,1415.0,1450.0,1415.0,1442.55,12509063.0,57.72
2022-03-15,1443.5,1449.5,1411.75,1424.0,9433964.0,63.87
2022-03-16,1447.0,1455.0,1436.2,1448.15,6682054.0,66.04
2022-03-17,1472.0,1489.8,1470.55,1480.05,7411977.0,59.86
2022-03-18,1472.0,1489.8,1470.55,1480.05,7411977.0,59.86
2022-03-21,1487.0,1493.65,1472.8,1486.5,6128938.0,66.22
2022-03-22,1481.3,1498.0,1457.2,1494.15,5230907.0,49.63
2022-03-23,1507.0,1518.8,1473.6,1479.25,15594128.0,80.91
2022-03-24,1466.0,1469.65,1434.55,1442.65,10080022.0,56.0
2022-03-25,1451.0,1452.0,1419.0,1430.9,8183231.0,63.67
2022-03-28,1430.9,1438.0,1401.6,1432.8,7877443.0,59.15
2022-03-29,1441.0,1460.25,1430.0,1451.8,6188724.0,63.78
2022-03-30,1472.0,1482.75,1454.05,1476.95,10054871.0,70.51
2022-03-31,1471.0,1484.7,1465.9,1470.35,7147857.0,55.65
2022-04-01,1476.4,1510.0,1470.3,1506.0,7284278.0,65.88
2022-04-04,1580.0,1722.1,1562.55,1656.8,48725485.0,40.13
2022-04-05,1666.7,1666.7,1602.0,1608.25,15461291.0,43.88
2022-04-06,1587.7,1589.8,1547.35,1550.85,13513930.0,58.33
2022-04-07,1541.3,1541.35,1513.7,1516.75,20390866.0,71.49
2022-04-08,1512.1,1525.75,1497.3,1514.65,20628161.0,64.59
2022-04-11,1506.0,1510.0,1493.25,1496.15,10399533.0,66.95
2022-04-12,1484.0,1506.85,1480.15,1493.5,13717701.0,67.34
2022-04-13,1490.0,1502.3,1462.65,1464.95,14446260.0,62.73
2022-04-14,1490.0,1502.3,1462.65,1464.95,14446260.0,62.73
2022-04-15,1490.0,1502.3,1462.65,1464.95,14446260.0,62.73
2022-04-18,1418.85,1431.65,1390.05,1395.45,22810188.0,71.43
2022-04-19,1380.9,1389.55,1327.0,1342.2,37048011.0,66.19
2022-04-20,1354.45,1359.9,1335.35,1354.3,24662868.0,65.95
2022-04-21,1365.0,1379.8,1353.3,1374.35,26223135.0,76.86
2022-04-22,1360.0,1375.35,1349.15,1355.6,10329574.0,51.43
2022-04-25,1350.0,1370.65,1322.25,1365.75,10467744.0,48.02
2022-04-26,1372.0,1381.95,1357.15,1372.05,8508421.0,52.14
2022-04-27,1360.0,1379.0,1356.1,1372.55,9027167.0,60.65
2022-04-28,1372.0,1379.0,1362.1,1371.35,10386861.0,71.11
2022-04-29,1380.35,1404.75,1371.55,1384.6,14200738.0,59.53
2022-05-02,1362.05,1406.45,1362.05,1403.7,9747158.0,62.87
2022-05-03,1362.05,1406.45,1362.05,1403.7,9747158.0,62.87
2022-05-04,1400.0,1403.6,1350.0,1356.0,14527958.0,64.15
2022-05-05,1375.0,1375.0,1346.5,1352.95,8931456.0,59.85
2022-05-06,1330.0,1335.0,1313.0,1317.6,13365634.0,65.94
2022-05-09,1300.0,1326.5,1295.5,1319.85,16381217.0,69.82
2022-05-10,1315.05,1353.0,1315.05,1341.05,10056906.0,56.43
2022-05-11,1353.0,1355.0,1328.65,1348.6,8551462.0,57.41
2022-05-12,1321.1,1326.8,1293.0,1303.05,11191145.0,61.09
2022-05-13,1310.05,1318.0,1287.0,1291.35,8384119.0,53.0
2022-05-16,1299.0,1312.0,1285.3,1305.1,4902178.0,42.79
2022-05-17,1312.6,1317.0,1298.2,1314.0,8320722.0,57.84
2022-05-18,1324.05,1333.3,1310.0,1313.9,7866192.0,58.12
2022-05-19,1286.2,1296.4,1278.3,1287.05,10268753.0,63.8
2022-05-20,1303.0,1324.2,1292.35,1320.95,6959675.0,57.66
2022-05-23,1314.0,1329.95,1299.1,1304.0,9743160.0,65.48
2022-05-24,1300.0,1325.0,1296.9,1318.95,6435398.0,54.84
2022-05-25,1330.0,1335.95,1323.2,1328.8,6443556.0,59.92
2022-05-26,1342.15,1371.0,1340.0,1366.7,13496214.0,58.86
2022-05-27,1371.8,1394.7,1370.75,1392.05,12015859.0,69.95
2022-05-30,1410.25,1420.5,1398.45,1401.55,6312337.0,59.73
2022-05-31,1395.9,1404.8,1380.0,1388.95,6742694.0,65.27
2022-06-01,1380.0,1400.45,1379.15,1394.85,6045948.0,57.25
2022-06-02,1387.25,1388.0,1378.6,1385.1,5737510.0,60.27
2022-06-03,1398.3,1400.75,1376.3,1380.3,3478622.0,54.02
2022-06-06,1376.3,1387.0,1360.65,1378.45,3086633.0,44.99
2022-06-07,1362.0,1374.3,1354.1,1362.6,5126983.0,66.6
2022-06-08,1373.3,1381.0,1357.0,1367.4,2993294.0,41.61
2022-06-09,1362.25,1382.05,1357.15,1377.7,3655908.0,53.8
2022-06-10,1360.1,1367.95,1343.6,1351.1,4577715.0,62.06
2022-06-13,1323.6,1330.0,1308.3,1326.6,5446286.0,64.89
2022-06-14,1311.25,1326.0,1305.0,1312.0,5935178.0,60.94
2022-06-15,1301.65,1315.8,1298.4,1307.45,5905235.0,55.25
2022-06-16,1310.0,1320.55,1278.0,1281.3,6084596.0,50.37
2022-06-17,1275.0,1299.0,1271.6,1289.75,7361961.0,59.82
2022-06-20,1304.7,1325.0,1294.15,1322.15,7968420.0,64.99
2022-06-21,1336.9,1354.0,1324.05,1336.55,6610342.0,58.05
2022-06-22,1332.25,1336.95,1323.2,1330.25,4079849.0,55.85
2022-06-23,1330.5,1348.0,1318.5,1335.15,7686122.0,37.72
2022-06-24,1338.55,1361.65,1338.55,1353.8,4006716.0,53.78
2022-06-27,1370.0,1376.0,1352.0,1356.25,4902082.0,57.54
2022-06-28,1344.0,1351.0,1338.4,1345.9,4885287.0,60.96
2022-06-29,1331.25,1350.75,1331.25,1343.95,4997023.0,64.0
2022-06-30,1336.0,1354.0,1336.0,1348.0,6237911.0,54.27
2022-07-01,1343.95,1360.0,1330.05,1353.75,5736226.0,70.76
2022-07-04,1353.7,1360.2,1342.25,1355.65,4243740.0,63.32
2022-07-05,1364.0,1379.35,1348.3,1352.6,7162859.0,62.23
2022-07-06,1348.0,1373.4,1347.1,1371.25,7524539.0,70.34
2022-07-07,1380.0,1398.0,1374.45,1395.8,8871571.0,70.48
2022-07-08,1410.0,1410.0,1394.75,1397.1,6237015.0,75.33
2022-07-11,1394.0,1409.9,1393.25,1406.15,3731440.0,63.92
2022-07-12,1405.25,1405.25,1389.4,1391.8,4938487.0,68.5
2022-07-13,1390.0,1394.2,1354.25,1357.85,7972805.0,63.5
2022-07-14,1362.0,1372.65,1349.25,1351.05,5186205.0,57.71
2022-07-15,1353.0,1364.9,1346.8,1362.05,6797823.0,69.29
2022-07-18,1348.0,1366.1,1342.05,1347.55,10166110.0,70.82
2022-07-19,1337.0,1358.55,1337.0,1348.05,7896269.0,64.44
2022-07-20,1359.9,1371.1,1355.25,1365.05,10173931.0,76.09
2022-07-21,1360.55,1369.5,1358.1,1360.75,6320139.0,66.2
2022-07-22,1366.0,1397.0,1362.4,1392.5,6364796.0,55.51
2022-07-25,1395.0,1404.6,1383.3,1396.6,5071563.0,50.87
2022-07-26,1396.0,1402.0,1386.3,1393.75,4263982.0,60.29
2022-07-27,1388.9,1406.0,1384.25,1404.4,4606389.0,60.24
2022-07-28,1415.05,1424.0,1411.0,1416.85,8710203.0,65.97
2022-07-29,1438.0,1438.6,1415.3,1434.2,10009868.0,66.18
2022-08-01,1439.0,1448.45,1430.05,1446.15,6596518.0,68.59
2022-08-02,1442.0,1444.6,1423.05,1430.25,7518255.0,69.37
2022-08-03,1424.95,1435.75,1417.0,1433.6,5487749.0,61.33
2022-08-04,1440.0,1446.7,1412.95,1431.9,6006103.0,64.47
2022-08-05,1433.0,1436.95,1421.15,1427.05,4634491.0,59.44
2022-08-10,1461.35,1471.5,1449.05,1466.3,8676551.0,72.75
2022-08-11,1486.5,1491.0,1474.55,1485.7,9150883.0,76.39
2022-08-12,1485.0,1489.3,1475.95,1485.15,4425185.0,74.21
2022-08-15,1485.0,1489.3,1475.95,1485.15,4425185.0,74.21
2022-08-16,1494.8,1508.5,1488.05,1502.15,6281878.0,74.54
2022-08-17,1500.0,1512.75,1485.75,1509.9,6192175.0,72.67
2022-08-18,1500.0,1513.9,1499.65,1511.7,4171069.0,69.55
2022-08-19,1510.0,1512.0,1490.0,1493.05,4031851.0,57.0
2022-08-22,1484.8,1488.35,1467.7,1470.35,4117033.0,62.95
2022-08-23,1453.3,1475.95,1450.4,1465.8,7483442.0,63.31
2022-08-24,1461.9,1475.5,1459.2,1472.85,6727760.0,69.7
2022-08-25,1479.9,1486.8,1457.0,1464.85,5911520.0,62.49
2022-08-26,1472.05,1481.8,1461.2,1465.1,3853088.0,59.32
2022-08-29,1437.0,1446.0,1428.6,1439.4,4326589.0,57.63
2022-08-30,1446.45,1489.95,1443.1,1486.1,5067700.0,58.18
2022-08-31,1446.45,1489.95,1443.1,1486.1,5067700.0,58.18
2022-09-01,1464.75,1489.45,1459.0,1472.15,11201568.0,54.88
2022-09-02,1472.15,1490.5,1465.2,1485.5,6019043.0,60.89
2022-09-05,1486.1,1499.0,1484.1,1495.05,6065966.0,71.51
2022-09-06,1498.9,1506.65,1486.45,1489.35,6119348.0,68.0
2022-09-07,1471.3,1490.0,1471.3,1482.3,4888103.0,69.13
2022-09-08,1490.1,1500.0,1482.15,1497.6,5582345.0,54.95
2022-09-09,1496.2,1509.0,1494.05,1498.6,7564444.0,66.89
2022-09-12,1500.0,1504.0,1490.0,1493.55,5540246.0,72.56
2022-09-13,1498.9,1515.9,1498.55,1513.1,6500983.0,67.61
2022-09-14,1494.05,1538.9,1492.35,1528.65,10109880.0,66.82
2022-09-15,1530.0,1540.95,1512.0,1520.7,6769686.0,60.62
2022-09-16,1503.1,1514.7,1483.0,1492.75,10280023.0,71.54
2022-09-19,1489.0,1514.0,1480.0,1502.6,6038019.0,65.94
2022-09-20,1514.0,1524.0,1509.9,1520.7,5390834.0,62.79
2022-09-21,1508.0,1521.5,1505.0,1518.35,4536152.0,61.49
2022-09-22,1502.0,1510.15,1482.75,1486.0,6024072.0,55.4
2022-09-23,1472.35,1475.0,1437.0,1446.15,7903126.0,59.86
2022-09-26,1425.35,1436.45,1418.0,1426.65,4461743.0,55.79
2022-09-27,1432.4,1440.0,1407.0,1413.85,6319850.0,61.31
2022-09-28,1406.0,1410.6,1385.9,1389.55,5908066.0,57.29
2022-09-29,1396.3,1402.2,1378.8,1382.35,7205194.0,65.75
2022-09-30,1378.8,1431.45,1365.0,1421.35,7890878.0,59.68
2022-10-03,1409.95,1417.85,1401.1,1413.2,5770556.0,66.25
2022-10-04,1429.5,1458.0,1426.15,1453.0,5769263.0,68.37
2022-10-05,1429.5,1458.0,1426.15,1453.0,5769263.0,68.37
2022-10-06,1459.95,1462.6,1434.2,1437.0,6274599.0,67.76
2022-10-07,1430.25,1434.95,1420.35,1430.8,6648997.0,73.18
2022-10-10,1408.0,1426.0,1398.2,1415.0,6554651.0,63.92
2022-10-11,1401.1,1417.0,1399.45,1400.65,7260810.0,70.89
2022-10-12,1403.2,1414.85,1397.3,1409.8,4612525.0,64.39
2022-10-13,1402.05,1406.25,1384.0,1393.6,7357117.0,67.37
2022-10-14,1417.0,1447.0,1415.25,1439.0,6424960.0,48.47
2022-10-17,1435.0,1457.6,1427.0,1446.55,9205250.0,47.49
2022-10-18,1458.05,1462.9,1440.0,1443.85,5280554.0,61.11
2022-10-19,1464.0,1477.4,1453.4,1458.65,6483520.0,54.66
2022-10-20,1444.0,1452.9,1442.5,1448.8,3949039.0,63.6
2022-10-21,1452.0,1457.65,1434.0,1438.6,5246303.0,64.01
2022-10-24,1454.3,1463.0,1454.3,1461.05,1083897.0,43.08
2022-10-25,1461.1,1467.8,1445.0,1450.9,6886697.0,73.87
2022-10-26,1461.1,1467.8,1445.0,1450.9,6886697.0,73.87
2022-10-27,1464.5,1467.35,1451.25,1454.4,7968638.0,77.69
2022-10-28,1450.0,1467.0,1447.4,1458.7,5237139.0,62.95
2022-10-31,1472.0,1498.0,1467.25,1496.7,6415264.0,60.78
2022-11-01,1503.5,1529.0,1498.9,1513.25,9536878.0,70.07
2022-11-02,1517.0,1528.25,1511.6,1514.2,6360203.0,67.86
2022-11-03,1497.7,1520.25,1497.0,1507.55,5166176.0,57.28
2022-11-04,1503.2,1516.1,1489.6,1497.15,5409030.0,66.44
2022-11-07,1510.0,1512.0,1492.1,1508.8,4917917.0,63.12
2022-11-08,1510.0,1512.0,1492.1,1508.8,4917917.0,63.12
2022-11-09,1515.05,1517.95,1504.0,1508.35,4634895.0,63.56
2022-11-10,1497.1,1527.0,1495.05,1524.75,6387091.0,66.92
2022-11-11,1545.0,1637.0,1538.0,1611.15,28361169.0,54.01
2022-11-14,1612.0,1628.0,1598.0,1615.05,9597695.0,66.09
2022-11-15,1623.15,1623.15,1605.25,1619.0,5515101.0,62.94
2022-11-16,1618.65,1642.0,1612.0,1632.9,6789075.0,58.24
2022-11-17,1618.1,1631.55,1613.9,1618.15,6050465.0,63.72
2022-11-18,1621.0,1623.0,1605.25,1613.9,5229616.0,69.17
2022-11-21,1607.65,1612.0,1590.2,1597.35,4172408.0,62.11
2022-11-22,1600.0,1604.35,1591.0,1595.0,4273157.0,67.2
2022-11-23,1605.0,1605.0,1594.0,1599.15,5092869.0,73.41
2022-11-24,1605.95,1632.0,1599.15,1625.15,8598980.0,69.38
2022-11-25,1629.7,1631.7,1614.1,1617.65,4205248.0,63.4
2022-11-28,1602.9,1607.45,1594.05,1600.25,8052990.0,72.54
2022-11-29,1597.25,1612.35,1592.85,1597.85,6319118.0,72.95
2022-11-30,1597.1,1612.9,1597.1,1608.45,7592403.0,79.43
2022-12-01,1622.0,1637.0,1615.0,1619.5,10223183.0,70.55
2022-12-02,1610.0,1618.6,1605.15,1607.1,3905539.0,68.5
2022-12-05,1609.95,1614.6,1596.2,1612.95,5796311.0,65.01
2022-12-06,1601.0,1613.7,1600.0,1611.15,6176546.0,77.19
2022-12-07,1614.15,1618.6,1604.45,1610.45,5837360.0,78.46
2022-12-08,1610.0,1626.0,1605.0,1619.5,7401817.0,73.55
2022-12-09,1626.0,1634.85,1620.0,1631.05,5981692.0,74.71
2022-12-12,1625.0,1653.6,1621.4,1643.75,7217404.0,69.06
2022-12-13,1650.0,1657.0,1645.0,1648.3,8515851.0,64.49
2022-12-14,1653.0,1665.5,1650.0,1662.25,7113820.0,70.14
2022-12-15,1657.05,1669.4,1627.05,1631.8,9091324.0,59.48
2022-12-16,1620.05,1645.1,1609.0,1639.65,7323979.0,71.5
2022-12-19,1644.0,1646.65,1626.2,1644.75,4802271.0,62.47
2022-12-20,1620.2,1636.4,1620.2,1633.4,3587349.0,56.12
2022-12-21,1641.0,1644.8,1606.55,1617.6,4634599.0,64.06
2022-12-22,1622.2,1627.5,1609.0,1612.05,4873548.0,66.54
2022-12-23,1587.0,1604.15,1585.45,1597.65,5346576.0,59.96
2022-12-26,1599.5,1639.0,1590.0,1629.45,4953661.0,61.62
2022-12-27,1633.0,1635.95,1613.5,1631.1,3963386.0,55.69
2022-12-28,1623.1,1633.0,1623.1,1629.8,4345935.0,73.89
2022-12-29,1620.1,1643.5,1611.0,1641.3,5506448.0,66.92
2022-12-30,1645.0,1645.0,1620.0,1628.15,3561320.0,62.25
2023-01-02,1627.0,1639.75,1618.55,1628.7,2190689.0,47.29
2023-01-03,1622.2,1643.0,1622.2,1639.35,4189015.0,65.76
2023-01-04,1635.0,1645.75,1607.0,1610.05,5175800.0,63.21
2023-01-05,1615.0,1618.05,1589.4,1599.7,5470718.0,65.49
2023-01-06,1602.0,1609.1,1578.2,1594.4,4546231.0,64.21
2023-01-09,1596.0,1611.55,1590.0,1597.5,5364670.0,67.71
2023-01-10,1600.0,1600.0,1565.0,1568.3,8185883.0,76.97
2023-01-11,1567.95,1598.0,1560.0,1590.9,7597899.0,72.12
2023-01-12,1587.8,1603.9,1584.15,1599.4,4625035.0,60.47
2023-01-13,1598.75,1609.9,1586.0,1600.65,4622273.0,65.11
2023-01-16,1615.0,1621.3,1580.3,1585.3,7374047.0,49.77
2023-01-17,1589.8,1611.0,1577.5,1608.9,5393177.0,59.38
2023-01-18,1605.0,1641.6,1599.7,1637.3,9545321.0,60.65
2023-01-19,1637.0,1650.0,1633.0,1644.1,5586081.0,66.13
2023-01-20,1644.1,1669.0,1643.4,1660.95,9421702.0,71.76
2023-01-23,1666.25,1682.6,1661.4,1673.1,7722200.0,74.92
2023-01-24,1675.05,1702.4,1675.0,1695.5,12491970.0,72.03
2023-01-25,1691.4,1692.95,1645.3,1648.65,7352071.0,66.65
2023-01-26,1691.4,1692.95,1645.3,1648.65,7352071.0,66.65
2023-01-27,1632.0,1637.0,1589.95,1615.8,17589974.0,71.59
2023-01-30,1595.0,1625.3,1582.0,1614.15,9256411.0,60.99
2023-01-31,1619.7,1622.7,1595.0,1603.5,9298122.0,63.24
2023-02-01,1624.0,1665.0,1606.0,1627.55,8651395.0,54.07
2023-02-02,1608.1,1624.5,1588.75,1603.35,8748553.0,60.45
2023-02-03,1611.0,1660.5,1607.0,1658.8,7205550.0,61.91
2023-02-06,1660.0,1669.4,1646.2,1651.75,5583836.0,70.06
2023-02-07,1659.4,1664.9,1632.6,1654.2,5132294.0,65.62
2023-02-08,1654.25,1668.2,1650.0,1654.0,4222413.0,66.48
2023-02-09,1660.0,1661.65,1635.55,1650.55,5888668.0,66.28
2023-02-10,1648.8,1658.5,1642.2,1657.1,4086058.0,65.6
2023-02-13,1655.0,1661.75,1644.55,1658.35,2868472.0,55.91
2023-02-14,1665.0,1677.5,1657.95,1673.7,5454296.0,60.22
2023-02-15,1678.0,1678.0,1656.75,1670.3,5719356.0,62.52
2023-02-16,1673.2,1681.9,1661.0,1664.25,4031250.0,39.96
2023-02-17,1661.0,1668.15,1642.95,1655.9,4478135.0,47.39
2023-02-20,1660.0,1669.45,1634.8,1640.35,4043353.0,40.99
2023-02-21,1640.0,1662.35,1634.0,1646.5,6194648.0,44.26
2023-02-22,1639.0,1641.95,1609.05,1614.2,5179551.0,54.81
2023-02-23,1613.0,1618.85,1592.1,1603.25,13941005.0,33.07
2023-02-24,1617.9,1617.9,1585.2,1588.95,8530870.0,52.24
2023-02-27,1585.9,1599.0,1577.3,1592.9,7156486.0,47.26
2023-02-28,1592.0,1605.3,1588.7,1599.6,9496996.0,30.0
2023-03-01,1612.0,1613.0,1595.75,1598.05,7068628.0,43.84
2023-03-02,1594.0,1605.95,1582.0,1584.45,8695907.0,30.65
2023-03-03,1596.0,1620.0,1588.0,1615.9,7493117.0,37.36
2023-03-06,1620.0,1639.45,1618.05,1627.3,13502355.0,29.81
2023-03-07,1620.0,1639.45,1618.05,1627.3,13502355.0,29.81
2023-03-08,1620.0,1639.5,1620.0,1630.55,10049887.0,30.17
2023-03-09,1629.95,1645.95,1627.0,1630.7,10350083.0,32.97
2023-03-10,1610.45,1613.75,1585.0,1588.65,13693500.0,27.42
2023-03-13,1587.9,1603.8,1564.95,1568.55,13221775.0,20.03
2023-03-14,1570.25,1583.6,1559.3,1564.35,16592806.0,20.06
2023-03-15,1578.0,1582.9,1536.6,1541.9,18632377.0,36.68
2023-03-16,1539.0,1559.1,1532.05,1551.9,10876671.0,42.49
2023-03-17,1557.5,1579.2,1540.0,1572.65,11475438.0,49.29
2023-03-20,1567.95,1568.1,1545.4,1561.75,13251557.0,24.57
2023-03-21,1571.95,1582.5,1556.2,1579.45,16525247.0,13.6
2023-03-22,1584.0,1586.05,1565.3,1575.8,7088662.0,30.35
2023-03-23,1567.75,1590.35,1558.55,1563.15,14182089.0,15.63
2023-03-24,1560.0,1573.9,1554.95,1560.65,15738874.0,16.3
2023-03-27,1562.2,1579.45,1558.9,1567.45,15936003.0,13.87
2023-03-28,1565.7,1582.9,1564.1,1580.2,19638151.0,22.13
2023-03-29,1584.0,1602.0,1581.9,1587.8,19881806.0,24.0
2023-03-30,1584.0,1602.0,1581.9,1587.8,19881806.0,24.0
2023-03-31,1595.6,1612.95,1592.4,1609.55,17355614.0,28.39
2023-04-03,1607.55,1615.7,1602.75,1610.55,20012699.0,11.78
2023-04-04,1607.55,1615.7,1602.75,1610.55,20012699.0,11.78
2023-04-05,1618.6,1656.0,1616.0,1653.75,21682696.0,27.61
2023-04-06,1648.55,1669.2,1647.1,1666.35,22318672.0,19.79
2023-04-07,1648.55,1669.2,1647.1,1666.35,22318672.0,19.79
2023-04-10,1663.25,1671.0,1654.0,1658.45,15906643.0,10.91
2023-04-11,1659.0,1669.4,1651.1,1663.3,21180771.0,30.23
2023-04-12,1668.0,1688.2,1667.8,1684.9,13477752.0,27.82
2023-04-13,1688.3,1697.05,1678.15,1692.45,17665043.0,14.51
2023-04-14,1688.3,1697.05,1678.15,1692.45,17665043.0,14.51
2023-04-17,1720.0,1720.0,1653.3,1666.65,16202574.0,34.42
2023-04-18,1670.0,1677.25,1656.4,1659.6,14818613.0,32.07
2023-04-19,1665.0,1670.3,1657.15,1665.7,12370584.0,15.32
2023-04-20,1671.7,1677.45,1666.4,1671.9,16461358.0,25.82
2023-04-21,1669.0,1676.95,1663.25,1674.6,10064309.0,37.44
2023-04-24,1687.0,1691.45,1674.1,1688.15,17837926.0,37.25
2023-04-25,1687.7,1687.7,1661.9,1664.15,25176534.0,31.26
2023-04-26,1660.0,1675.0,1655.0,1671.8,13696375.0,29.41
2023-04-27,1670.5,1685.25,1665.85,1681.0,23895196.0,17.81
2023-04-28,1684.7,1691.0,1670.0,1687.6,13958136.0,24.43
2023-05-01,1684.7,1691.0,1670.0,1687.6,13958136.0,24.43
2023-05-02,1688.7,1699.0,1682.0,1687.25,16110592.0,21.38
2023-05-03,1684.95,1696.0,1679.65,1693.15,14703635.0,20.32
2023-05-04,1687.1,1734.45,1687.1,1727.8,28427319.0,23.09
2023-05-05,1639.0,1660.95,1622.1,1625.65,31385208.0,54.45
2023-05-08,1635.0,1650.35,1630.0,1644.45,18622262.0,26.11
2023-05-09,1649.9,1656.0,1639.95,1644.5,21844469.0,26.22
2023-05-10,1644.5,1654.65,1633.1,1652.1,23170275.0,21.95
2023-05-11,1665.15,1688.0,1649.25,1653.2,17867309.0,22.32
2023-05-12,1647.0,1672.8,1644.25,1667.8,11239380.0,26.8
2023-05-15,1672.0,1680.75,1665.1,1675.8,9256130.0,35.07
2023-05-16,1671.8,1671.8,1644.0,1647.3,16361043.0,28.69
2023-05-17,1650.0,1650.0,1625.35,1638.45,15233434.0,21.07
2023-05-18,1648.0,1653.95,1640.0,1645.0,24823471.0,19.64
2023-05-19,1648.0,1650.0,1631.55,1646.9,15230166.0,23.19
2023-05-22,1645.0,1652.9,1632.7,1641.05,14167016.0,20.45
2023-05-23,1649.0,1649.6,1633.45,1637.2,11235037.0,19.07
2023-05-24,1627.55,1634.75,1613.6,1615.8,16794056.0,34.99
2023-05-25,1615.7,1620.05,1597.35,1609.6,14888465.0,33.22
2023-05-26,1619.0,1619.0,1602.25,1615.8,13317533.0,42.49
2023-05-29,1628.5,1641.0,1624.85,1635.5,10908146.0,28.89
2023-05-30,1633.6,1642.65,1628.55,1636.75,18562964.0,18.61
2023-05-31,1629.9,1634.95,1604.65,1610.85,21667135.0,30.66
2023-06-01,1619.9,1619.9,1600.0,1604.0,25183469.0,21.82
2023-06-02,1612.45,1614.8,1601.0,1606.5,8929855.0,36.83
2023-06-05,1614.5,1616.5,1602.45,1604.4,9348621.0,30.92
2023-06-06,1607.65,1609.85,1592.25,1599.4,16091426.0,31.68
2023-06-07,1603.45,1612.55,1596.0,1607.7,12474513.0,31.54
2023-06-08,1603.25,1626.0,1603.25,1608.7,18697761.0,28.51
2023-06-09,1615.9,1618.5,1607.0,1610.6,9106289.0,32.38
2023-06-12,1612.55,1615.8,1599.45,1600.8,6704146.0,47.56
2023-06-13,1590.1,1609.0,1590.1,1603.5,13963054.0,44.26
2023-06-14,1610.45,1612.0,1600.2,1601.75,10056984.0,43.93
2023-06-15,1604.0,1605.95,1579.0,1582.05,17688738.0,33.73
2023-06-16,1587.15,1609.2,1584.0,1602.75,7889636.0,53.85
2023-06-19,1611.0,1614.25,1598.35,1604.15,12414573.0,35.31
2023-06-20,1604.15,1611.0,1590.65,1607.5,10002813.0,42.72
2023-06-21,1616.0,1637.25,1611.0,1635.6,12154473.0,46.87
2023-06-22,1640.0,1657.55,1639.05,1643.6,28298070.0,35.39
2023-06-23,1637.55,1659.9,1634.05,1643.5,10669609.0,44.59
2023-06-26,1645.0,1650.75,1628.7,1635.55,8065157.0,53.67
2023-06-27,1642.95,1672.9,1638.55,1658.6,16915932.0,50.35
2023-06-28,1670.0,1679.9,1660.5,1676.15,29781475.0,56.71
2023-06-29,1670.0,1679.9,1660.5,1676.15,29781475.0,56.71
2023-06-30,1704.0,1708.8,1683.25,1701.4,20349508.0,72.68
2023-07-03,1712.5,1757.5,1710.0,1719.8,22052058.0,52.2
2023-07-04,1723.45,1747.0,1713.8,1728.2,19397594.0,40.19
2023-07-05,1716.25,1720.0,1668.55,1673.3,18582877.0,50.75
2023-07-06,1673.0,1687.85,1660.4,1675.0,26078272.0,30.41
2023-07-07,1665.0,1675.0,1656.3,1660.4,9963168.0,38.78
2023-07-10,1661.0,1676.75,1649.7,1656.45,19199221.0,20.41
2023-07-11,1663.0,1676.0,1645.5,1648.4,25335213.0,29.28
2023-07-12,1655.35,1666.3,1627.15,1632.95,35479179.0,56.43
2023-07-13,1656.7,1657.45,1638.05,1641.1,20956773.0,26.24
2023-07-14,1653.6,1653.6,1635.0,1644.5,12363607.0,50.76
2023-07-17,1650.0,1682.0,1633.0,1678.9,24626464.0,40.54
2023-07-18,1698.0,1704.0,1670.0,1677.5,40538409.0,40.95
2023-07-19,1681.1,1688.75,1675.0,1685.1,16467567.0,38.29
2023-07-20,1681.15,1692.0,1680.0,1688.75,28105474.0,46.89
2023-07-21,1680.0,1689.8,1673.25,1675.75,21077124.0,53.82
2023-07-24,1678.5,1684.65,1670.1,1678.4,16089722.0,56.52
2023-07-25,1684.65,1699.0,1678.4,1696.6,27996298.0,36.22
2023-07-26,1699.6,1699.6,1688.0,1690.7,12397179.0,46.73
2023-07-27,1699.9,1703.0,1667.45,1673.15,29870651.0,47.63
2023-07-28,1661.5,1668.9,1641.1,1643.5,20507842.0,65.88
2023-07-31,1650.05,1656.8,1638.7,1651.2,17282503.0,54.72
2023-08-01,1654.45,1667.45,1650.0,1662.25,17697094.0,32.54
2023-08-02,1642.0,1651.5,1633.15,1640.5,14058161.0,46.86
2023-08-03,1640.0,1651.35,1623.0,1628.65,28836973.0,33.31
2023-08-04,1635.15,1656.5,1629.25,1652.2,18694152.0,30.95
2023-08-07,1663.1,1663.1,1647.55,1651.25,14150459.0,39.91
2023-08-08,1651.7,1655.6,1642.05,1649.9,21886914.0,33.82
2023-08-09,1653.0,1654.5,1631.1,1650.5,16680618.0,33.25
2023-08-10,1647.05,1654.25,1631.0,1635.85,25390559.0,26.92
2023-08-11,1638.4,1638.4,1616.2,1618.8,14112911.0,42.29
2023-08-14,1611.0,1615.0,1600.25,1610.9,15652205.0,40.23
2023-08-15,1611.0,1615.0,1600.25,1610.9,15652205.0,40.23
2023-08-16,1583.1,1609.65,1581.3,1606.2,17068771.0,43.84
2023-08-17,1597.6,1609.9,1594.0,1597.3,26442020.0,35.57
2023-08-18,1587.55,1596.3,1585.5,1590.75,12816683.0,45.49
2023-08-21,1600.5,1600.5,1587.0,1589.5,10918635.0,45.5
2023-08-22,1596.35,1598.0,1580.0,1582.7,16136785.0,42.16
2023-08-23,1580.0,1590.55,1573.25,1586.6,18249294.0,56.48
2023-08-24,1593.3,1596.2,1576.15,1579.3,21572896.0,34.08
2023-08-25,1574.55,1577.5,1558.4,1561.5,15034878.0,58.3
2023-08-28,1561.5,1582.65,1561.5,1577.75,14433619.0,55.73
2023-08-29,1589.7,1592.65,1581.45,1590.3,17769466.0,51.93
2023-08-30,1603.95,1603.95,1573.7,1578.7,14042102.0,53.16
2023-08-31,1579.0,1583.15,1563.1,1571.45,50037886.0,54.65
2023-09-01,1571.0,1579.0,1559.35,1574.7,21613388.0,54.19
2023-09-04,1590.0,1591.45,1574.9,1584.55,12536819.0,54.87
2023-09-05,1588.4,1588.4,1570.6,1574.9,19356041.0,37.81
2023-09-06,1576.8,1600.0,1574.9,1595.5,28160455.0,36.3
2023-09-07,1595.5,1614.0,1587.15,1610.85,17104171.0,36.85
2023-09-08,1608.3,1632.9,1607.6,1623.4,17251105.0,41.09
2023-09-11,1628.9,1636.5,1624.0,1631.8,15786511.0,74.71
2023-09-12,1640.0,1642.9,1625.05,1636.9,19516670.0,43.14
2023-09-13,1631.3,1651.6,1628.6,1643.9,23210047.0,47.02
2023-09-14,1644.25,1650.0,1635.1,1642.9,11769424.0,39.04
2023-09-15,1650.0,1670.0,1650.0,1661.75,86705601.0,71.71
2023-09-18,1653.75,1655.0,1626.1,1629.05,18528144.0,41.2
2023-09-19,1653.75,1655.0,1626.1,1629.05,18528144.0,41.2
2023-09-20,1599.0,1599.0,1560.4,1563.7,57737324.0,61.08
2023-09-21,1553.0,1568.95,1537.05,1553.35,36420721.0,56.12
2023-09-22,1559.0,1564.4,1523.75,1529.65,30852125.0,66.23
2023-09-25,1525.0,1540.7,1525.0,1531.0,20104377.0,71.11
2023-09-26,1525.0,1540.0,1525.0,1537.65,13787654.0,57.36
2023-09-27,1523.0,1532.5,1515.0,1526.85,19669269.0,69.12
2023-09-28,1534.0,1537.6,1518.35,1523.7,27677094.0,49.28
2023-09-29,1523.7,1535.45,1522.3,1526.3,16026891.0,58.28
2023-10-02,1523.7,1535.45,1522.3,1526.3,16026891.0,58.28
2023-10-03,1527.0,1527.0,1506.0,1508.05,19485847.0,66.05
2023-10-04,1495.0,1535.0,1489.25,1529.55,27324715.0,56.9
2023-10-05,1535.05,1551.55,1532.6,1535.75,24256337.0,71.95
2023-10-06,1544.0,1545.0,1529.85,1534.05,8879678.0,66.88
2023-10-09,1528.0,1530.0,1512.0,1516.25,8227486.0,68.52
2023-10-10,1520.55,1529.0,1515.2,1524.85,16633146.0,61.91
2023-10-11,1530.1,1542.15,1528.5,1539.6,15666680.0,60.84
2023-10-12,1536.1,1552.0,1531.6,1549.85,11012668.0,64.4
2023-10-13,1540.0,1548.8,1529.95,1535.75,19872650.0,69.88
2023-10-16,1531.5,1534.45,1520.5,1529.6,8928042.0,59.73
2023-10-17,1555.75,1555.75,1535.0,1541.2,16451279.0,60.25
2023-10-18,1541.2,1541.2,1518.1,1519.75,15608100.0,57.98
2023-10-19,1505.4,1526.25,1503.2,1514.95,15126182.0,60.71
2023-10-20,1505.0,1527.0,1505.0,1522.8,10547005.0,65.45
2023-10-23,1523.5,1528.75,1500.1,1506.05,11188068.0,56.89
2023-10-24,1523.5,1528.75,1500.1,1506.05,11188068.0,56.89
2023-10-25,1521.0,1522.8,1491.45,1496.5,14155998.0,71.19
2023-10-26,1491.25,1492.0,1460.25,1463.4,27780899.0,58.93
2023-10-27,1469.5,1478.0,1466.9,1469.15,15970266.0,69.63
2023-10-30,1463.25,1489.95,1461.9,1485.1,11655491.0,61.41
2023-10-31,1504.0,1504.0,1474.0,1476.5,16317412.0,45.05
2023-11-01,1462.25,1477.45,1462.25,1474.5,16938733.0,41.56
2023-11-02,1485.0,1490.5,1467.15,1476.75,22612577.0,69.46
2023-11-03,1488.0,1491.4,1481.65,1483.75,9047670.0,65.52
2023-11-06,1498.0,1498.0,1483.0,1494.5,12796865.0,70.69
2023-11-07,1494.0,1494.0,1477.2,1487.25,20976424.0,44.56
2023-11-08,1483.95,1493.45,1481.0,1491.55,15699773.0,38.61
2023-11-09,1486.0,1492.6,1483.5,1485.65,11058370.0,56.64
2023-11-10,1480.1,1496.0,1480.05,1491.5,7007593.0,56.0
2023-11-13,1492.1,1495.95,1485.9,1488.8,10302957.0,52.24
2023-11-14,1492.1,1495.95,1485.9,1488.8,10302957.0,52.24
2023-11-15,1504.1,1510.95,1500.55,1504.4,20622730.0,54.57
2023-11-16,1509.7,1519.0,1503.75,1508.35,14856919.0,62.0
2023-11-17,1490.0,1507.5,1489.0,1505.1,11850937.0,66.86
2023-11-20,1513.0,1513.0,1501.55,1505.2,9665726.0,59.0
2023-11-21,1519.0,1522.0,1512.1,1517.95,12479986.0,60.55
2023-11-22,1520.0,1520.0,1503.55,1512.55,14561825.0,34.28
2023-11-23,1508.5,1523.85,1508.5,1521.3,6523110.0,58.79
2023-11-24,1521.2,1533.15,1519.85,1532.1,8234596.0,70.08
2023-11-27,1521.2,1533.15,1519.85,1532.1,8234596.0,70.08
2023-11-28,1535.2,1537.25,1525.8,1528.65,14244669.0,72.83
2023-11-29,1533.9,1563.0,1533.0,1559.15,17021244.0,73.87
2023-11-30,1569.15,1572.45,1542.15,1558.8,34745720.0,69.44
2023-12-01,1557.9,1565.75,1552.1,1555.4,11076768.0,70.57
2023-12-04,1588.0,1612.0,1573.65,1609.4,25331228.0,74.98
2023-12-05,1636.5,1639.0,1616.5,1623.7,26115410.0,58.02
2023-12-06,1638.45,1638.45,1616.65,1627.8,19306530.0,58.05
2023-12-07,1625.0,1634.0,1616.2,1630.45,10225193.0,68.39
2023-12-08,1630.45,1655.0,1630.45,1653.2,16864019.0,74.14
2023-12-11,1650.05,1663.7,1647.0,1651.0,11593810.0,69.83
2023-12-12,1654.2,1656.25,1631.85,1634.6,18290738.0,68.6
2023-12-13,1632.45,1636.0,1615.1,1630.9,14673457.0,54.02
2023-12-14,1646.0,1658.95,1645.0,1650.15,17586183.0,70.52
2023-12-15,1650.0,1668.0,1646.6,1656.55,69418565.0,71.41
2023-12-18,1660.7,1664.7,1650.95,1655.7,9007377.0,63.61
2023-12-19,1650.0,1658.65,1644.05,1652.9,12004223.0,57.16
2023-12-20,1658.0,1668.95,1644.45,1657.0,17116260.0,66.61
2023-12-21,1657.0,1689.75,1650.25,1686.7,18294620.0,57.43
2023-12-22,1683.6,1685.9,1667.1,1670.85,24289425.0,70.61
2023-12-25,1683.6,1685.9,1667.1,1670.85,24289425.0,70.61
2023-12-26,1673.25,1685.95,1668.55,1682.45,9022928.0,55.47
2023-12-27,1681.5,1706.5,1678.6,1703.3,13504539.0,67.97
2023-12-28,1709.3,1721.4,1702.0,1705.25,22038235.0,68.32
2023-12-29,1697.0,1714.9,1696.0,1709.25,12505713.0,73.53
2024-01-01,1706.0,1709.15,1692.0,1698.1,7119843.0,62.03
2024-01-02,1698.8,1702.8,1688.7,1699.1,14621046.0,59.44
2024-01-03,1702.0,1704.7,1668.95,1672.9,14194881.0,60.68
2024-01-04,1678.0,1694.95,1670.7,1690.85,13367028.0,70.75
2024-01-05,1687.15,1704.9,1668.1,1682.2,15944735.0,60.32
2024-01-08,1678.5,1682.35,1660.0,1663.45,8999235.0,62.71
2024-01-09,1667.15,1677.8,1646.75,1650.5,12663444.0,51.55
2024-01-10,1643.0,1659.95,1641.4,1655.95,8057912.0,66.73
2024-01-11,1660.0,1662.9,1643.0,1649.0,9157005.0,73.34
2024-01-12,1652.0,1656.0,1633.6,1641.2,9886776.0,60.66
2024-01-15,1647.7,1680.9,1643.6,1672.8,14160178.0,69.08
2024-01-16,1673.0,1683.65,1658.1,1679.15,12661250.0,55.89
2024-01-17,1570.0,1596.8,1528.4,1537.5,85072618.0,62.75
2024-01-18,1494.0,1515.0,1480.05,1486.15,80535465.0,69.45
2024-01-19,1505.95,1510.25,1468.4,1470.65,54800269.0,74.8
2024-01-22,1483.2,1495.7,1476.0,1478.85,12920293.0,36.93
2024-01-23,1465.0,1474.7,1425.0,1427.35,57734701.0,65.73
2024-01-24,1380.25,1458.45,1380.25,1455.9,43002202.0,63.89
2024-01-25,1452.5,1457.35,1419.4,1434.9,49470926.0,63.75
2024-01-26,1452.5,1457.35,1419.4,1434.9,49470926.0,63.75
2024-01-29,1448.05,1462.8,1445.8,1454.65,32822749.0,72.22
2024-01-30,1454.55,1463.2,1440.9,1444.3,20864384.0,53.96
2024-01-31,1439.5,1474.95,1436.8,1462.55,32880520.0,60.52
2024-02-01,1465.05,1473.6,1456.05,1466.35,16345370.0,63.88
2024-02-02,1475.0,1480.85,1442.05,1446.15,22433877.0,53.02
2024-02-05,1446.0,1451.9,1434.05,1444.85,19302523.0,49.24
2024-02-06,1445.55,1449.7,1432.6,1444.1,20537870.0,60.15
2024-02-07,1453.0,1453.8,1426.65,1429.95,27418543.0,64.42
2024-02-08,1429.85,1438.95,1400.5,1403.05,34553062.0,64.58
2024-02-09,1392.15,1414.2,1387.0,1403.6,28321062.0,66.81
2024-02-12,1399.65,1413.65,1383.35,1390.0,17223906.0,64.46
2024-02-13,1391.95,1404.35,1384.35,1394.45,28790497.0,56.27
2024-02-14,1376.0,1391.5,1363.55,1384.05,45660405.0,54.65
2024-02-15,1385.0,1415.5,1384.35,1414.05,20792472.0,50.79
2024-02-16,1423.9,1427.7,1408.45,1419.9,16087871.0,54.83
2024-02-19,1429.0,1429.0,1415.2,1417.1,17225878.0,70.66
2024-02-20,1415.0,1457.25,1411.8,1454.3,28066754.0,64.0
2024-02-21,1464.0,1464.0,1435.0,1439.15,22946568.0,64.24
2024-02-22,1417.75,1428.8,1412.2,1419.55,25280441.0,56.33
2024-02-23,1422.55,1433.9,1418.0,1420.6,14916726.0,64.63
2024-02-26,1413.55,1434.85,1413.55,1422.3,11753435.0,60.92
2024-02-27,1413.55,1426.7,1413.05,1420.15,16043575.0,63.82
2024-02-28,1420.15,1424.2,1404.0,1409.4,12660993.0,65.44
2024-02-29,1402.1,1410.4,1397.3,1403.4,26647850.0,63.44
2024-03-01,1400.0,1432.75,1400.0,1430.75,17369449.0,62.98
2024-03-04,1430.95,1437.0,1424.3,1432.7,17808237.0,75.89
2024-03-05,1422.0,1443.0,1421.65,1440.85,18995836.0,68.72
2024-03-06,1433.55,1452.85,1433.55,1442.6,21204765.0,51.89
2024-03-07,1445.5,1451.05,1441.4,1446.1,24674023.0,84.57
2024-03-08,1445.5,1451.05,1441.4,1446.1,24674023.0,84.57
2024-03-11,1430.0,1445.95,1423.0,1427.8,25265547.0,75.06
2024-03-12,1434.0,1464.0,1429.25,1459.55,32709227.0,50.09
2024-03-13,1465.5,1471.6,1450.1,1460.4,31533727.0,56.5
2024-03-14,1462.1,1466.0,1444.3,1455.45,26216079.0,55.33
2024-03-15,1450.0,1459.3,1442.25,1452.65,71806902.0,70.74
2024-03-18,1447.0,1456.0,1435.8,1446.05,10718928.0,53.1
2024-03-19,1435.5,1452.4,1435.5,1449.35,18091797.0,62.57
2024-03-20,1449.05,1451.65,1424.65,1431.05,21803047.0,56.68
2024-03-21,1442.6,1451.25,1438.3,1445.75,14461430.0,61.87
2024-03-22,1441.0,1450.75,1437.75,1442.85,22990163.0,63.44
2024-03-25,1441.0,1450.75,1437.75,1442.85,22990163.0,63.44
2024-03-26,1427.2,1437.95,1422.15,1425.4,28422145.0,72.14
2024-03-27,1423.55,1447.95,1421.25,1440.7,31084334.0,63.64
2024-03-28,1440.7,1460.5,1440.7,1447.9,27796071.0,60.54
2024-03-29,1440.7,1460.5,1440.7,1447.9,27796071.0,60.54
2024-04-01,1458.0,1473.8,1455.6,1470.5,12599785.0,66.92
2024-04-02,1465.15,1494.85,1463.25,1480.15,20612723.0,53.17
2024-04-03,1472.1,1495.65,1471.4,1482.3,22792193.0,60.04
2024-04-04,1504.0,1530.0,1504.0,1527.6,44467533.0,57.61
2024-04-05,1539.0,1554.5,1530.15,1549.55,29527951.0,71.68
2024-04-08,1554.95,1557.25,1541.55,1546.6,10241470.0,74.89
2024-04-09,1554.85,1554.85,1540.3,1548.55,10942247.0,62.28
2024-04-10,1549.9,1549.9,1532.95,1536.35,13903700.0,55.36
2024-04-11,1549.9,1549.9,1532.95,1536.35,13903700.0,55.36
2024-04-12,1521.0,1529.85,1513.45,1518.95,20542104.0,62.32
2024-04-15,1497.55,1510.0,1492.05,1494.7,11707624.0,58.68
2024-04-16,1487.0,1512.9,1482.25,1509.25,10372443.0,54.73
2024-04-17,1487.0,1512.9,1482.25,1509.25,10372443.0,54.73
2024-04-18,1509.8,1518.85,1491.05,1494.7,17117442.0,52.94
2024-04-19,1486.55,1534.95,1480.25,1531.3,17288217.0,55.2
2024-04-22,1557.4,1557.4,1508.3,1512.2,21149219.0,56.72
2024-04-23,1526.3,1526.5,1503.25,1507.6,13413530.0,63.49
2024-04-24,1515.0,1521.75,1509.05,1511.7,11220790.0,57.3
2024-04-25,1506.25,1519.7,1506.25,1510.75,17722602.0,55.17
2024-04-26,1519.8,1528.0,1505.55,1509.8,12427347.0,51.88
2024-04-29,1515.0,1534.45,1506.55,1529.5,18046675.0,49.11
2024-04-30,1529.2,1539.5,1514.9,1520.1,26153691.0,39.82
2024-05-01,1529.2,1539.5,1514.9,1520.1,26153691.0,39.82
2024-05-02,1522.0,1537.0,1520.35,1532.25,16737503.0,46.37
2024-05-03,1533.25,1540.6,1507.2,1519.6,15932621.0,46.34
2024-05-06,1522.0,1534.5,1517.15,1522.65,14396698.0,67.18
2024-05-07,1521.95,1524.05,1504.15,1506.15,14240301.0,58.68
2024-05-08,1495.95,1496.95,1480.35,1482.65,20843931.0,65.22
2024-05-09,1474.95,1486.75,1445.3,1447.5,23140639.0,77.28
2024-05-10,1439.0,1451.95,1426.8,1437.9,13638304.0,60.79
2024-05-13,1432.0,1459.8,1430.3,1455.25,13523601.0,57.83
2024-05-14,1452.25,1465.5,1450.3,1460.95,12832571.0,64.75
2024-05-15,1459.7,1459.7,1435.8,1438.5,19465998.0,54.66
2024-05-16,1446.05,1462.55,1435.5,1460.25,17472618.0,50.59
2024-05-17,1446.2,1468.0,1446.2,1464.1,10460095.0,57.74
2024-05-20,1466.0,1467.1,1463.05,1466.05,528557.0,52.34
2024-05-21,1450.1,1469.7,1450.1,1458.8,21884989.0,71.67
2024-05-22,1457.85,1465.6,1448.15,1459.2,19998139.0,57.51
2024-05-23,1458.65,1495.65,1457.05,1492.6,20430960.0,56.74
2024-05-24,1487.5,1519.9,1486.0,1517.2,15530103.0,57.47
2024-05-27,1523.35,1545.0,1519.05,1527.7,14692720.0,58.39
2024-05-28,1530.1,1536.05,1524.8,1530.5,13954452.0,59.19
2024-05-29,1518.0,1523.85,1501.25,1508.3,17573853.0,58.44
2024-05-30,1499.2,1523.6,1497.65,1514.85,16877675.0,60.22
2024-05-31,1519.0,1536.0,1514.0,1531.55,37039794.0,66.31
2024-06-03,1599.0,1599.0,1550.0,1572.2,36318628.0,57.73
2024-06-04,1557.0,1559.0,1454.0,1483.15,44765620.0,34.27
2024-06-05,1494.05,1559.6,1482.35,1551.8,40815825.0,42.21
2024-06-06,1564.9,1565.45,1546.6,1559.7,23211435.0,53.97
2024-06-07,1561.05,1584.35,1552.05,1573.35,18356108.0,46.63
2024-06-10,1574.0,1580.65,1557.6,1561.3,11227029.0,67.12
2024-06-11,1556.0,1571.0,1552.2,1564.8,14772663.0,56.6
2024-06-12,1575.0,1588.3,1566.4,1574.15,19640218.0,48.73
2024-06-13,1581.75,1585.7,1574.0,1580.75,12060096.0,65.11
2024-06-14,1584.0,1599.0,1577.7,1596.9,12770277.0,61.67
2024-06-17,1584.0,1599.0,1577.7,1596.9,12770277.0,61.67
2024-06-18,1596.9,1610.5,1589.45,1607.8,16207857.0,57.26
2024-06-19,1613.4,1669.9,1604.0,1657.85,45065598.0,55.14
2024-06-20,1669.8,1681.45,1652.0,1669.35,20704371.0,62.45
2024-06-21,1672.85,1672.85,1643.15,1665.75,25815388.0,52.65
2024-06-24,1647.0,1675.1,1645.75,1672.4,14272497.0,56.52
2024-06-25,1671.1,1716.95,1671.1,1711.35,37260774.0,51.61
2024-06-26,1707.95,1710.9,1691.1,1701.5,23798333.0,63.38
2024-06-27,1696.1,1713.0,1686.6,1696.15,27537325.0,53.09
2024-06-28,1697.6,1706.6,1679.0,1683.8,13238023.0,58.18
2024-07-01,1680.0,1707.3,1680.0,1705.2,10593512.0,59.0
2024-07-02,1715.0,1734.9,1702.75,1730.6,22960845.0,44.86
2024-07-03,1791.0,1794.0,1764.65,1768.65,61608901.0,62.81
2024-07-04,1759.75,1759.75,1724.85,1727.15,22924329.0,67.57
2024-07-05,1685.0,1685.0,1642.2,1648.1,41121274.0,64.83
2024-07-08,1645.3,1654.95,1627.15,1635.35,19543900.0,73.16
2024-07-09,1625.0,1646.7,1620.35,1636.5,24275439.0,68.84
2024-07-10,1629.95,1640.0,1620.75,1626.1,22753591.0,65.83
2024-07-11,1623.95,1625.85,1601.0,1621.9,22088537.0,66.61
2024-07-12,1622.0,1638.4,1611.15,1622.7,28024980.0,59.46
2024-07-15,1623.5,1629.8,1615.2,1622.1,16687847.0,57.5
2024-07-16,1620.75,1627.0,1616.8,1619.75,14475162.0,58.78
2024-07-17,1620.75,1627.0,1616.8,1619.75,14475162.0,58.78
2024-07-18,1608.0,1623.95,1599.15,1614.8,16858532.0,56.02
2024-07-19,1616.0,1623.0,1603.5,1607.3,13001076.0,62.45
2024-07-22,1617.0,1651.0,1612.65,1642.55,26872411.0,61.77
2024-07-23,1647.55,1647.8,1605.0,1618.4,26001076.0,39.29
2024-07-24,1608.15,1621.0,1588.05,1604.05,30864103.0,49.96
2024-07-25,1593.0,1625.0,1593.0,1616.6,12767866.0,53.72
2024-07-26,1605.0,1621.75,1596.45,1618.15,21905270.0,63.3
2024-07-29,1615.0,1631.85,1598.3,1605.05,25500574.0,48.99
2024-07-30,1602.0,1634.75,1599.0,1615.55,27297917.0,39.7
2024-07-31,1614.0,1627.9,1609.2,1615.75,18910242.0,52.63
2024-08-01,1622.9,1650.05,1617.95,1638.8,13107587.0,65.68
2024-08-02,1631.0,1670.5,1631.0,1659.15,22059619.0,56.14
2024-08-05,1640.1,1646.0,1601.0,1615.75,20666817.0,58.61
2024-08-06,1630.0,1632.95,1593.3,1601.2,22558025.0,64.48
2024-08-07,1617.0,1630.0,1602.2,1623.5,21173132.0,57.0
2024-08-08,1624.0,1653.3,1619.25,1642.7,16988475.0,55.76
2024-08-09,1652.0,1662.55,1645.8,1650.2,13322309.0,69.26
2024-08-12,1652.0,1675.95,1647.35,1660.1,19658098.0,64.24
2024-08-13,1628.0,1632.4,1601.15,1603.2,27027521.0,55.95
2024-08-14,1606.5,1613.7,1603.2,1607.8,16167214.0,52.07
2024-08-15,1606.5,1613.7,1603.2,1607.8,16167214.0,52.07
2024-08-16,1628.5,1634.15,1611.0,1632.1,13924623.0,54.79
2024-08-19,1637.65,1637.65,1623.7,1631.55,9751082.0,55.09
2024-08-20,1627.45,1646.0,1627.45,1637.7,15567247.0,45.99
2024-08-21,1628.1,1634.55,1617.8,1625.8,23815452.0,61.31
2024-08-22,1632.0,1638.3,1628.0,1631.3,10650319.0,64.83
2024-08-23,1634.0,1634.0,1623.0,1625.05,10166711.0,70.94
2024-08-26,1632.2,1647.95,1632.2,1639.95,11182133.0,70.17
2024-08-27,1643.4,1647.4,1632.2,1637.75,17886622.0,61.61
2024-08-28,1637.75,1639.75,1630.2,1637.1,13460594.0,63.46
2024-08-29,1642.0,1644.4,1631.15,1638.55,24526302.0,76.49
2024-08-30,1656.0,1662.0,1621.15,1636.9,222671050.0,69.33
2024-09-02,1646.8,1646.8,1623.2,1626.95,17024840.0,70.59
2024-09-03,1634.0,1639.95,1624.6,1637.35,18641430.0,67.33
2024-09-04,1639.0,1644.8,1632.0,1641.8,12341372.0,50.79
2024-09-05,1646.0,1649.9,1642.0,1645.45,11438159.0,75.96
2024-09-06,1638.3,1647.75,1634.1,1636.95,13014801.0,65.79
2024-09-09,1638.0,1648.5,1630.1,1646.5,11896457.0,65.7
2024-09-10,1654.0,1654.0,1638.0,1650.35,13303323.0,52.46
2024-09-11,1650.4,1652.5,1639.2,1643.9,11113342.0,41.04
2024-09-12,1654.0,1670.0,1647.05,1666.6,16212023.0,57.21
2024-09-13,1674.0,1674.0,1657.05,1665.95,11930266.0,59.34
2024-09-16,1667.0,1677.8,1664.05,1670.95,7586410.0,69.31
2024-09-17,1678.0,1678.0,1664.15,1668.8,10063561.0,56.57
2024-09-18,1671.85,1698.9,1671.1,1694.8,20458671.0,59.81
2024-09-19,1699.2,1719.0,1699.15,1708.5,15325888.0,63.38
2024-09-20,1716.5,1744.95,1707.55,1741.2,30311693.0,57.62
2024-09-23,1749.0,1766.35,1740.25,1759.8,13482675.0,65.23
2024-09-24,1765.0,1781.65,1754.25,1768.05,16519518.0,57.06
2024-09-25,1760.15,1788.0,1760.15,1779.1,15982656.0,61.71
2024-09-26,1773.05,1788.0,1768.05,1783.45,15949822.0,68.88
2024-09-27,1777.0,1778.2,1750.0,1752.65,17806751.0,73.02
2024-09-30,1748.8,1751.45,1724.4,1732.05,13191767.0,72.33
2024-10-01,1724.0,1742.0,1720.1,1726.2,12286142.0,56.59
2024-10-02,1724.0,1742.0,1720.1,1726.2,12286142.0,56.59
2024-10-03,1715.65,1726.15,1673.35,1682.0,24236699.0,72.66
2024-10-04,1674.5,1690.65,1653.0,1657.65,24341616.0,56.18
2024-10-07,1652.2,1659.0,1613.0,1617.8,47229148.0,59.32
2024-10-08,1630.0,1656.8,1622.0,1651.05,14867203.0,63.92
2024-10-09,1649.5,1656.75,1628.7,1633.15,20562821.0,46.51
2024-10-10,1639.0,1665.45,1632.5,1662.4,10877383.0,47.49
2024-10-11,1664.45,1664.45,1643.25,1651.0,11836297.0,72.06
2024-10-14,1656.05,1692.05,1654.0,1688.1,9263754.0,66.07
2024-10-15,1694.0,1698.0,1675.5,1684.1,9825565.0,60.43
2024-10-16,1680.1,1707.95,1680.1,1699.8,10235341.0,61.19
2024-10-17,1694.95,1697.65,1665.2,1673.15,7347866.0,64.2
2024-10-18,1663.1,1691.0,1654.1,1681.85,12404862.0,66.55
2024-10-21,1715.0,1748.15,1711.05,1728.7,23274177.0,54.86
2024-10-22,1730.05,1740.0,1710.7,1714.55,19437640.0,53.46
2024-10-23,1705.05,1746.5,1705.05,1735.8,19018045.0,64.72
2024-10-24,1738.1,1768.65,1738.1,1749.65,15416129.0,68.29
2024-10-25,1755.0,1757.85,1728.7,1743.4,13065239.0,60.2
2024-10-28,1742.0,1751.0,1728.9,1734.2,11006071.0,63.59
2024-10-29,1726.15,1764.0,1725.1,1751.85,17897463.0,59.55
2024-10-30,1742.0,1754.75,1724.2,1734.6,16357862.0,59.95
2024-10-31,1728.0,1738.9,1719.4,1735.7,11447956.0,71.22
2024-11-01,1733.0,1744.1,1726.1,1737.3,879846.0,35.39
2024-11-04,1745.0,1745.0,1710.9,1714.1,14044624.0,68.55
2024-11-05,1703.0,1762.7,1697.9,1757.85,22116203.0,56.56
2024-11-06,1771.5,1771.5,1745.35,1755.25,13893955.0,58.81
2024-11-07,1744.3,1760.95,1738.0,1746.55,9447728.0,60.13
2024-11-08,1752.0,1761.8,1745.85,1754.45,9951493.0,67.21
2024-11-11,1754.55,1782.8,1751.2,1766.3,12282681.0,60.71
2024-11-12,1772.0,1775.0,1708.65,1718.2,15697703.0,47.21
2024-11-13,1716.75,1729.4,1673.0,1681.35,17864250.0,55.3
2024-11-14,1673.1,1704.85,1672.1,1692.75,13573235.0,53.84
2024-11-18,1700.0,1718.9,1695.0,1705.1,13540984.0,70.62
2024-11-19,1714.0,1753.75,1702.7,1742.25,25490636.0,74.61
2024-11-20,1714.0,1753.75,1702.7,1742.25,25490636.0,74.61
2024-11-21,1749.4,1759.0,1734.2,1741.2,17858256.0,66.65
2024-11-22,1743.55,1754.3,1729.55,1745.6,12386806.0,65.7
2024-11-25,1785.05,1803.55,1764.9,1785.6,213868637.0,81.46
2024-11-26,1810.0,1810.0,1769.8,1785.55,15467783.0,58.25
2024-11-27,1789.9,1817.35,1785.15,1812.3,16357488.0,53.43
2024-11-28,1819.0,1836.1,1788.0,1793.15,17861196.0,56.54
2024-11-29,1801.3,1804.6,1782.9,1796.05,13834768.0,66.09
2024-12-02,1803.5,1808.15,1775.0,1804.7,7555438.0,65.46
2024-12-03,1822.7,1837.4,1816.1,1826.3,21705121.0,72.82
2024-12-04,1838.0,1865.0,1831.15,1860.1,22334542.0,70.64
2024-12-05,1860.0,1879.95,1835.2,1865.75,19841357.0,59.11
2024-12-06,1857.0,1864.2,1844.0,1855.85,8891578.0,62.37
2024-12-09,1853.65,1880.0,1849.0,1870.0,13473956.0,75.07
2024-12-10,1877.7,1877.7,1858.55,1868.1,6662740.0,61.46
2024-12-11,1861.7,1871.9,1856.75,1863.1,7022713.0,57.41
2024-12-12,1851.0,1868.65,1848.7,1859.25,8646895.0,53.55
2024-12-13,1862.5,1875.0,1829.25,1871.75,9504501.0,52.45
2024-12-16,1865.1,1869.95,1855.25,1865.2,6553541.0,56.91
2024-12-17,1856.35,1862.35,1826.5,1833.25,10539766.0,56.26
2024-12-18,1829.85,1836.0,1807.15,1810.7,11711156.0,68.31
2024-12-19,1799.6,1801.1,1779.0,1793.5,12690385.0,68.15
2024-12-20,1782.2,1797.55,1767.05,1771.5,12846174.0,59.94
2024-12-23,1782.0,1806.0,1781.3,1801.0,5522296.0,54.2
2024-12-24,1802.05,1808.7,1789.55,1798.1,7242917.0,45.13
2024-12-25,1802.05,1808.7,1789.55,1798.1,7242917.0,45.13
2024-12-26,1798.55,1812.0,1780.75,1790.75,5240839.0,51.83
2024-12-27,1794.8,1805.95,1789.1,1798.25,3629665.0,52.39
2024-12-30,1792.2,1815.0,1771.0,1777.9,11111109.0,55.67
2024-12-31,1770.3,1781.8,1765.6,1772.85,7058618.0,60.91
2025-01-01,1773.45,1794.0,1761.1,1782.75,3656903.0,45.02
2025-01-02,1777.1,1803.45,1773.0,1793.75,9279288.0,62.55
2025-01-03,1791.0,1795.25,1746.3,1749.2,12213097.0,61.02
2025-01-06,1740.1,1757.2,1705.8,1710.5,9408174.0,59.94
2025-01-07,1715.0,1721.0,1700.0,1713.4,6763953.0,64.75
2025-01-08,1708.25,1711.65,1683.35,1694.3,9869095.0,74.57
2025-01-09,1684.15,1689.0,1658.1,1667.8,20210111.0,78.69
2025-01-10,1671.0,1674.9,1654.0,1656.75,8726640.0,69.88
2025-01-13,1640.0,1646.75,1624.3,1630.85,10834533.0,67.92
2025-01-14,1639.9,1656.2,1637.0,1646.6,13330716.0,70.23
2025-01-15,1656.5,1662.7,1636.3,1643.05,7011446.0,64.86
2025-01-16,1652.85,1660.55,1642.85,1652.05,10606227.0,63.92
2025-01-17,1643.5,1650.5,1628.5,1636.75,11556038.0,72.33
2025-01-20,1626.0,1660.95,1626.0,1651.25,8778809.0,67.94
2025-01-21,1658.25,1661.05,1633.05,1642.4,15579072.0,46.29
2025-01-22,1642.4,1671.9,1625.45,1666.05,15309653.0,50.28
2025-01-23,1687.0,1687.0,1651.25,1664.9,17454579.0,68.02
2025-01-24,1660.0,1670.3,1644.5,1649.8,12118100.0,74.7
2025-01-27,1641.1,1643.6,1626.0,1629.8,11402083.0,74.95
2025-01-28,1647.0,1684.3,1647.0,1670.4,15089656.0,56.84
2025-01-29,1675.0,1681.15,1668.85,1677.3,6309945.0,68.89
2025-01-30,1681.0,1697.9,1672.55,1691.5,12872423.0,56.15
2025-01-31,1687.25,1704.7,1683.95,1698.75,7910843.0,70.08
2025-02-03,1670.0,1686.8,1663.45,1678.0,10138270.0,77.86
2025-02-04,1688.7,1725.8,1680.05,1720.9,14308251.0,71.99
2025-02-05,1733.0,1744.2,1718.9,1737.8,11837753.0,79.62
2025-02-06,1735.5,1749.0,1724.0,1743.85,13380358.0,64.98
2025-02-07,1750.0,1767.0,1725.0,1732.75,11754800.0,67.76
2025-02-10,1717.3,1723.45,1708.5,1715.75,8597975.0,74.03
2025-02-11,1703.0,1711.0,1688.7,1701.4,11362352.0,68.71
2025-02-12,1693.0,1712.0,1681.2,1706.8,11404785.0,71.32
2025-02-13,1699.0,1714.25,1693.55,1697.7,6301217.0,56.82
2025-02-14,1701.9,1701.9,1680.0,1694.85,9979946.0,78.21
2025-02-17,1685.2,1720.0,1681.25,1717.35,6469473.0,64.95
2025-02-18,1713.05,1731.55,1706.15,1723.05,8175455.0,72.11
2025-02-19,1717.0,1737.9,1712.45,1727.2,5942056.0,67.78
2025-02-20,1711.0,1714.7,1685.3,1687.1,13195255.0,71.2
2025-02-21,1680.9,1694.95,1677.25,1692.5,7840470.0,67.36
2025-02-24,1681.1,1684.2,1661.1,1677.1,10346823.0,74.8
2025-02-25,1671.1,1688.0,1671.1,1682.35,12069354.0,59.16
2025-02-27,1682.55,1710.75,1682.55,1700.7,17893400.0,74.04
2025-02-28,1685.0,1737.25,1685.0,1732.4,27258364.0,71.72
2025-03-03,1739.8,1743.05,1694.1,1701.55,10602682.0,67.67
2025-03-04,1698.0,1714.3,1693.25,1710.0,9960479.0,73.06
2025-03-05,1701.95,1710.8,1688.25,1690.0,10791936.0,71.89
2025-03-06,1687.0,1699.9,1672.25,1691.2,16483044.0,60.9
2025-03-07,1682.0,1701.15,1677.6,1689.25,6686457.0,64.81
2025-03-10,1689.0,1699.9,1683.05,1687.5,7802025.0,73.89
2025-03-11,1682.4,1694.0,1670.05,1685.5,9949215.0,71.07
2025-03-12,1691.55,1718.5,1691.55,1711.15,9392053.0,72.2
2025-03-13,1716.05,1720.8,1700.05,1706.6,7868132.0,66.58
2025-03-17,1705.0,1724.0,1705.0,1710.4,9475957.0,75.04
2025-03-18,1728.0,1737.4,1715.05,1732.2,10953589.0,62.4
2025-03-19,1735.0,1751.0,1732.2,1744.1,7610703.0,76.37
2025-03-20,1754.0,1774.0,1749.3,1768.75,8916989.0,66.22
2025-03-21,1755.55,1774.1,1755.55,1770.35,16754132.0,76.69
2025-03-24,1779.0,1804.4,1773.65,1800.0,8696868.0,66.31
2025-03-25,1804.9,1843.7,1801.5,1821.45,19550708.0,61.25
2025-03-26,1825.0,1827.5,1802.0,1806.55,12239221.0,71.76
2025-03-27,1800.0,1841.0,1798.1,1825.35,20829050.0,71.13
2025-03-28,1829.0,1836.0,1805.85,1828.2,14386824.0,71.8
2025-04-01,1802.0,1809.9,1765.35,1767.85,14255503.0,65.25
2025-04-02,1770.7,1799.2,1770.7,1796.9,5786782.0,65.3
2025-04-03,1781.1,1804.0,1777.0,1794.85,5625019.0,66.17
2025-04-04,1813.0,1841.95,1811.1,1817.3,16770227.0,68.68
2025-04-07,1762.8,1779.85,1738.2,1757.7,18997725.0,64.49
2025-04-08,1765.0,1782.0,1750.3,1769.15,17781936.0,57.65
2025-04-09,1765.0,1775.0,1753.5,1765.0,11227304.0,68.36
2025-04-11,1774.75,1819.4,1774.75,1806.75,16387883.0,69.36
2025-04-15,1865.0,1876.8,1855.0,1864.9,24649172.0,72.97
2025-04-16,1883.8,1883.8,1860.5,1878.0,9568410.0,62.95
2025-04-17,1882.0,1919.7,1876.7,1906.7,17851542.0,63.3
2025-04-21,1924.0,1950.7,1910.0,1927.1,17123649.0,67.75
2025-04-22,1935.0,1970.6,1935.0,1961.7,22980875.0,71.86
2025-04-23,1978.9,1978.9,1920.5,1923.9,15285321.0,73.01
2025-04-24,1910.0,1923.9,1905.1,1916.8,12965877.0,59.1
2025-04-25,1924.8,1933.0,1891.8,1911.2,9250439.0,64.85
2025-04-28,1911.2,1929.7,1908.4,1920.2,6960246.0,69.82
2025-04-29,1918.8,1928.8,1900.2,1908.8,9459154.0,63.64
2025-04-30,1913.0,1936.9,1910.3,1925.0,15968435.0,71.26
2025-05-02,1929.8,1941.9,1920.0,1925.0,11406024.0,75.81
2025-05-05,1939.0,1952.0,1932.3,1936.8,7534012.0,63.35
2025-05-06,1930.0,1940.1,1924.3,1931.7,8745078.0,72.93
2025-05-07,1934.0,1948.7,1922.4,1945.6,10710389.0,72.98
2025-05-08,1954.8,1954.8,1919.1,1928.5,17401715.0,68.92
2025-05-09,1910.1,1919.0,1886.8,1889.7,8594398.0,74.68
2025-05-12,1917.6,1959.9,1912.3,1957.2,9309486.0,69.65
2025-05-13,1950.0,1961.7,1920.0,1922.6,12121051.0,66.92
2025-05-14,1922.1,1930.2,1903.0,1910.6,7722654.0,68.95
2025-05-15,1913.5,1944.8,1897.0,1933.8,16120729.0,55.05
2025-05-16,1933.8,1943.8,1928.4,1934.7,7934005.0,73.37
2025-05-19,1937.0,1945.0,1931.0,1938.7,5101482.0,63.52
2025-05-20,1928.1,1934.6,1913.0,1914.9,11939545.0,69.25
2025-05-21,1927.0,1946.9,1921.1,1926.8,7566020.0,59.24
2025-05-22,1915.2,1924.2,1905.2,1919.9,10653335.0,65.65
2025-05-23,1920.1,1937.0,1914.5,1933.6,4783036.0,69.51
2025-05-26,1935.0,1949.9,1926.9,1940.2,5401430.0,62.69
2025-05-27,1931.6,1948.0,1916.3,1926.3,13081074.0,57.8
2025-05-28,1920.2,1934.5,1917.7,1923.5,9078797.0,73.28
2025-05-29,1928.0,1940.8,1907.3,1927.5,14458897.0,55.91
2025-05-30,1931.9,1948.8,1925.4,1944.9,14374039.0,74.31
2025-06-02,1930.1,1936.0,1908.0,1932.1,7334411.0,65.53
2025-06-03,1938.0,1952.0,1920.0,1924.6,12188792.0,72.89
2025-06-04,1921.0,1943.3,1920.9,1941.2,6480771.0,71.73
2025-06-05,1948.0,1958.9,1940.2,1949.6,11127709.0,56.15
2025-06-06,1944.0,1996.3,1942.7,1978.7,15063504.0,61.13
2025-06-09,1995.0,1995.0,1975.9,1978.9,6601294.0,65.3
2025-06-10,1982.8,1982.8,1961.1,1965.3,7766563.0,69.95
2025-06-11,1967.6,1967.6,1947.0,1950.4,5548197.0,78.97
2025-06-12,1950.0,1961.0,1935.3,1943.4,8174565.0,57.61
2025-06-13,1920.0,1933.0,1913.0,1917.6,6058881.0,68.62
2025-06-16,1924.0,1938.9,1920.1,1935.4,8256873.0,81.82
2025-06-17,1937.0,1941.6,1919.1,1929.6,8489368.0,68.76
2025-06-18,1917.0,1936.3,1917.0,1933.9,9216908.0,79.35
2025-06-19,1933.9,1946.8,1925.6,1935.3,8438110.0,60.24
2025-06-20,1931.6,1969.9,1931.6,1964.7,16450204.0,80.45
2025-06-23,1948.4,1957.9,1941.8,1948.4,5869759.0,70.47
2025-06-24,1965.0,1979.0,1955.6,1960.9,11312661.0,49.42
2025-06-25,1966.0,1982.0,1963.9,1980.2,9202966.0,74.51
2025-06-26,1981.4,2027.1,1980.0,2021.8,25042415.0,68.21
2025-06-27,2013.0,2019.8,1993.4,2014.9,14106692.0,83.58
2025-06-30,2011.5,2013.8,1995.5,2001.5,6824510.0,73.64
2025-07-01,2005.0,2016.0,2004.0,2012.1,7194693.0,68.04
2025-07-02,2019.9,2019.9,1977.9,1986.0,9439125.0,69.04
2025-07-03,1994.9,2008.0,1984.3,1987.1,8430253.0,47.7
2025-07-04,1987.1,2003.5,1980.0,1989.3,3931972.0,60.69
2025-07-07,1989.0,1998.4,1983.8,1987.4,5674713.0,63.09
2025-07-08,1977.0,2005.0,1977.0,2001.4,7612158.0,62.0
2025-07-09,2007.0,2013.8,1998.1,2011.2,6930714.0,68.91
2025-07-10,2016.0,2017.0,2000.0,2006.2,8515155.0,54.07
2025-07-11,1998.0,2004.8,1980.9,1983.7,6258461.0,79.24
2025-07-14,1983.0,1988.7,1970.6,1983.0,6544425.0,75.37
2025-07-15,1973.0,2003.6,1973.0,1995.5,7249084.0,56.15
2025-07-16,2018.0,2022.7,1992.6,1996.3,8997306.0,58.52
2025-07-17,2004.0,2004.8,1982.7,1986.9,11264579.0,56.52
2025-07-18,1986.9,1997.0,1953.0,1957.4,8064723.0,68.51
2025-07-21,1978.2,2002.0,1976.5,2000.5,11154539.0,58.6
2025-07-22,2013.1,2018.0,2003.0,2007.1,7418407.0,71.27
2025-07-23,2011.0,2029.8,2003.0,2024.3,6817458.0,71.69
2025-07-24,2037.7,2037.7,2008.4,2014.2,9553588.0,62.24
2025-07-25,2015.0,2015.0,1999.0,2004.6,4653299.0,57.38
2025-07-28,2003.0,2021.4,2000.5,2008.5,6029790.0,70.8
2025-07-29,1999.9,2026.5,1996.3,2021.6,9947848.0,69.49
2025-07-30,2028.0,2032.6,2017.0,2025.8,7577018.0,69.84
2025-07-31,2014.6,2031.4,2008.0,2018.2,11091516.0,42.05
2025-08-01,2014.0,2028.3,2009.3,2012.2,5658629.0,68.53
2025-08-04,2010.1,2018.5,1988.1,1992.0,6966973.0,77.4
2025-08-05,1986.5,1994.4,1965.5,1977.6,11989029.0,72.45
2025-08-06,1971.1,1988.0,1970.0,1985.3,7040102.0,73.77
2025-08-07,1980.1,2001.6,1976.8,1995.4,6540593.0,60.51
2025-08-08,1987.1,1992.8,1970.0,1973.9,6947632.0,70.83
2025-08-11,1975.9,1997.6,1973.1,1995.6,4552927.0,63.56
2025-08-12,1991.9,1996.0,1967.5,1969.9,6468901.0,58.18
2025-08-13,1994.0,1994.0,1969.1,1980.3,6788698.0,68.63
2025-08-14,1978.0,1996.0,1971.2,1991.1,8755858.0,61.67
2025-08-18,2010.0,2026.6,1995.6,2003.6,9642398.0,61.09
2025-08-19,1998.3,2006.1,1986.7,1991.1,6176219.0,54.35
2025-08-20,1987.0,1992.0,1979.0,1988.2,4975114.0,65.57
2025-08-21,1997.5,1997.5,1983.2,1991.2,6219925.0,63.32
2025-08-22,1989.9,1996.0,1957.1,1964.6,9916751.0,73.57
2025-08-25,1960.2,1977.4,1957.0,1964.1,8759022.0,71.77
2025-08-26,979.5,985.7,968.0,973.4,16917731.0,65.71
2025-08-28,967.0,972.2,955.0,957.8,25438255.0,58.1
2025-08-29,954.0,963.3,950.1,951.6,14823813.0,73.68
2025-09-01,949.6,957.45,946.35,950.6,20178344.0,76.67
2025-09-02,951.0,954.8,944.0,944.5,14196320.0,60.3
2025-09-03,945.0,956.3,940.0,954.45,16083481.0,68.94
2025-09-04,960.2,965.7,956.25,961.25,17597657.0,55.83
2025-09-05,967.5,967.5,954.05,963.4,11602111.0,69.18
2025-09-08,969.0,973.15,960.45,966.0,11711307.0,65.95
2025-09-09,974.0,974.4,962.7,965.15,13985539.0,62.02
2025-09-10,973.9,973.9,961.7,965.9,18091100.0,73.15
2025-09-11,960.3,969.25,959.9,967.8,15113633.0,51.77
2025-09-12,969.9,970.75,962.25,967.3,14363519.0,75.45
2025-09-15,969.6,972.35,965.0,967.05,14486377.0,64.72
2025-09-16,961.2,969.35,961.2,966.85,18661794.0,71.66
2025-09-17,965.15,974.4,964.35,966.5,17361476.0,71.87
2025-09-18,973.3,979.65,969.25,976.9,17791598.0,53.81
2025-09-19,974.9,976.7,962.1,966.9,31243267.0,74.52
2025-09-22,964.0,971.2,961.95,964.2,10854415.0,56.68
2025-09-23,967.0,968.2,955.5,957.2,21022298.0,53.84
2025-09-24,952.2,956.45,943.0,951.05,15117220.0,64.8
2025-09-25,952.5,958.0,947.4,949.85,31413279.0,66.32
2025-09-26,945.1,951.45,941.3,945.05,14874656.0,60.75
2025-09-29,946.05,956.8,939.1,950.3,32398179.0,70.44
2025-09-30,958.05,960.0,946.3,951.0,28296687.0,58.33
2025-10-01,952.7,969.6,946.0,965.25,25350832.0,66.04
2025-10-03,952.0,966.75,952.0,965.15,26658296.0,67.59
2025-10-06,971.9,977.4,962.0,973.45,18542683.0,61.59
2025-10-07,974.0,989.85,971.0,982.5,25535736.0,60.54
2025-10-08,976.0,985.9,974.55,978.7,15939710.0,61.3
2025-10-09,974.5,979.0,970.15,977.1,15370950.0,53.0
2025-10-10,979.0,986.2,978.1,980.9,13757080.0,61.78
2025-10-13,974.3,981.0,972.0,977.0,18634254.0,64.32
2025-10-14,970.0,980.45,967.0,977.15,22934382.0,56.53
2025-10-15,975.0,984.9,973.35,978.25,23310447.0,68.34
2025-10-16,982.65,996.6,981.5,994.35,22936566.0,64.64
2025-10-17,993.95,1009.0,986.0,1002.55,25210511.0,55.88
2025-10-20,997.0,1020.0,997.0,1002.95,22195202.0,53.84
2025-10-21,1006.0,1010.0,1004.0,1007.7,3471600.0,63.63
2025-10-22,1006.0,1010.0,1004.0,1007.7,3471600.0,63.63
2025-10-23,1016.0,1020.5,1006.0,1008.8,43526526.0,67.61
2025-10-24,1011.0,1011.95,991.3,994.75,17707768.0,58.31
2025-10-27,996.5,1009.05,996.2,1002.95,15700796.0,69.27
2025-10-28,997.65,1008.0,995.0,1003.55,33904289.0,52.51
2025-10-29,1004.9,1012.5,1000.0,1007.85,17769445.0,57.31
2025-10-30,1000.0,1009.5,997.1,998.15,19962917.0,55.19
2025-10-31,994.0,1004.45,981.15,987.3,23221330.0,62.57
2025-11-03,985.0,994.55,983.3,992.65,16607180.0,60.19
2025-11-04,987.0,997.0,983.7,985.25,20024544.0,53.9
2025-11-05,987.0,997.0,983.7,985.25,20024544.0,53.9
2025-11-06,981.0,991.05,974.0,984.65,22279516.0,51.17
2025-11-07,980.0,984.9,974.75,982.3,15004568.0,71.11
2025-11-10,982.3,990.95,980.2,984.5,15988262.0,70.86
2025-11-11,983.5,993.5,978.0,991.7,10200530.0,50.76
2025-11-12,998.8,999.0,987.7,989.5,13137263.0,69.0
2025-11-13,984.0,990.1,982.6,986.65,14124839.0,59.48
2025-11-14,976.05,991.65,976.05,989.6,21386965.0,73.26
2025-11-17,991.25,997.95,985.6,996.55,18396408.0,67.86
2025-11-18,997.65,999.0,990.0,992.45,20002640.0,66.37
2025-11-19,990.0,996.55,984.0,994.6,19813847.0,72.58
2025-11-20,995.3,1011.6,992.45,1008.85,19850865.0,62.01
2025-11-21,1003.1,1008.3,996.55,998.05,17499897.0,67.33
2025-11-24,1000.0,1011.45,993.6,999.15,32204053.0,71.91
2025-11-25,1004.0,1006.1,988.4,989.8,24989383.0,57.41
2025-11-26,981.3,1006.95,981.3,1003.9,19494356.0,54.14
2025-11-27,1002.1,1016.8,1001.0,1009.5,25536848.0,65.91
2025-11-28,1007.0,1012.05,1004.2,1007.6,15988807.0,69.92
2025-12-01,1017.5,1017.5,999.3,1002.1,16746566.0,62.18
2025-12-02,988.0,994.4,985.0,989.8,27316662.0,65.99
2025-12-03,986.0,1002.3,986.0,1000.5,15448777.0,69.02
2025-12-04,1000.0,1004.7,993.0,997.2,14528169.0,69.64
2025-12-05,992.0,1008.0,990.2,1003.3,12843366.0,60.6
2025-12-08,1000.0,1006.5,997.5,1003.1,12901022.0,66.2
2025-12-09,994.9,1002.8,994.0,997.1,15294322.0,57.88
2025-12-10,997.5,998.5,985.3,989.8,15322830.0,67.87
2025-12-11,990.0,1002.7,988.5,1000.3,11844809.0,63.77
2025-12-12,1003.0,1004.7,998.2,1001.5,11988618.0,74.86
2025-12-15,992.0,1001.8,992.0,996.1,9790060.0,58.11
2025-12-16,990.1,998.7,990.1,994.3,20049088.0,52.76
2025-12-17,996.0,996.0,980.8,984.0,19080922.0,72.06
2025-12-18,973.3,987.4,973.3,979.7,14912404.0,64.11
2025-12-19,987.0,988.0,978.7,985.5,25952384.0,73.22
2025-12-22,988.0,992.9,983.9,987.7,13540411.0,60.47
2025-12-23,990.5,998.9,987.7,996.6,17927849.0,52.62
2025-12-24,993.0,999.4,993.0,997.2,13699996.0,44.25
2025-12-25,993.0,999.4,993.0,997.2,13699996.0,44.25
2025-12-26,996.0,997.2,987.7,992.1,9360853.0,75.11
2025-12-29,993.1,997.4,987.2,991.7,13545749.0,62.28
2025-12-30,990.2,995.0,982.2,990.9,33155849.0,66.89
2025-12-31,991.0,997.6,987.6,991.2,10963454.0,64.21
2026-01-01,993.5,997.55,989.5,991.15,7132074.0,34.85
2026-01-02,991.15,1003.2,988.8,1001.6,11751459.0,66.5
2026-01-05,1005.75,1006.4,976.3,977.5,27647379.0,75.8
2026-01-06,962.7,966.7,956.0,962.2,31988783.0,70.81
2026-01-07,956.0,956.45,946.0,949.05,52884712.0,83.2
2026-01-08,944.7,953.0,941.4,946.7,21928849.0,65.4
2026-01-09,945.0,950.6,933.3,939.0,38183839.0,81.02
2026-01-12,937.5,942.0,929.6,936.95,21071666.0,75.51
2026-01-13,947.7,947.7,932.6,937.35,32042827.0,61.43
2026-01-14,930.0,940.05,920.2,925.45,36688248.0,75.5
2026-01-15,930.0,940.05,920.2,925.45,36688248.0,75.5
2026-01-16,922.0,935.95,919.2,931.1,37780235.0,74.01
2026-01-19,935.9,936.15,919.5,927.9,38191942.0,67.0
2026-01-20,929.3,934.5,919.6,931.2,36022727.0,70.48
2026-01-21,925.0,932.15,915.5,920.35,32766854.0,56.43
2026-01-22,928.0,928.3,913.2,918.7,44444755.0,62.98
2026-01-23,920.0,926.1,909.25,916.1,30985247.0,64.67
2026-01-26,920.0,926.1,909.25,916.1,30985247.0,64.67
2026-01-27,906.0,931.2,905.0,926.4,44753093.0,55.56
2026-01-28,932.5,941.45,928.4,932.7,35347138.0,72.9
2026-01-29,930.1,939.3,924.35,935.5,37175628.0,62.78
2026-01-30,930.0,938.9,927.75,929.25,29691233.0,73.4
2026-02-02,915.0,929.8,909.3,928.1,28032106.0,63.96
2026-02-03,983.75,994.0,945.0,948.7,50336968.0,67.53
2026-02-04,952.5,957.2,947.95,953.1,24366770.0,75.07
2026-02-05,956.0,956.05,946.7,949.7,28103169.0,70.42
2026-02-06,945.0,948.1,937.6,941.1,18120272.0,62.52
2026-02-09,945.0,950.0,935.35,937.25,23947829.0,73.77
2026-02-10,930.0,940.9,929.95,932.4,31525385.0,57.87
2026-02-11,931.25,936.0,925.3,927.1,24869804.0,67.86
2026-02-12,927.0,928.6,918.5,920.6,33872203.0,61.05
2026-02-13,913.0,928.2,901.0,903.9,50188359.0,79.52
2026-02-16,903.9,929.5,902.1,925.8,18806989.0,56.05
2026-02-17,923.0,928.1,918.6,925.7,22599629.0,39.31
2026-02-18,923.2,925.5,919.55,924.7,12738702.0,56.35
2026-02-19,929.0,929.2,912.45,915.6,21209234.0,40.35
2026-02-20,911.0,917.85,908.4,911.85,22654907.0,56.54
2026-02-23,916.5,925.65,915.25,923.6,23270122.0,64.41
2026-02-24,927.95,927.95,909.15,910.5,31313985.0,54.27
2026-02-25,910.55,916.0,903.1,907.6,27884303.0,72.49
2026-02-26,912.0,912.0,895.0,898.6,41165937.0,58.37
2026-02-27,898.6,898.95,885.0,887.75,34620755.0,77.31
2026-03-02,876.2,887.75,871.55,879.4,38378924.0,50.79
2026-03-03,876.2,887.75,871.55,879.4,38378924.0,50.79
2026-03-04,848.0,879.3,848.0,868.65,39862322.0,56.1
2026-03-05,873.85,881.4,863.5,877.75,31324582.0,43.16
2026-03-06,868.05,871.7,855.1,857.05,34439647.0,62.8
2026-03-09,825.0,842.45,821.5,840.7,35592613.0,52.5
2026-03-10,850.05,856.8,840.6,849.45,52866024.0,56.36
2026-03-11,845.0,848.85,827.6,833.95,42261076.0,63.25
2026-03-12,820.1,836.4,820.1,832.75,46107561.0,59.83
2026-03-13,820.0,823.8,812.0,817.0,41700464.0,54.42
2026-03-16,817.0,844.5,815.65,840.6,52182605.0,55.36
2026-03-17,847.7,848.9,835.1,845.35,38826979.0,51.7
2026-03-18,845.35,846.8,831.6,843.05,23507063.0,57.63
2026-03-19,770.0,815.65,770.0,798.2,171637393.0,58.05
2026-03-20,785.0,793.75,778.2,780.45,103129469.0,64.11
2026-03-23,763.15,768.7,741.05,744.15,72341738.0,60.97
2026-03-24,755.0,772.75,747.7,764.9,61269986.0,56.27
2026-03-25,768.2,794.8,768.2,782.3,59230640.0,60.53
2026-03-26,768.2,794.8,768.2,782.3,59230640.0,60.53
2026-03-27,773.2,774.9,754.55,756.2,65485199.0,64.03
2026-03-30,745.2,751.0,726.65,731.55,103500135.0,60.31
2026-03-31,745.2,751.0,726.65,731.55,103500135.0,60.31
2026-04-01,743.0,755.9,739.1,742.25,78862761.0,63.42
2026-04-02,730.0,755.0,726.65,750.9,49310300.0,48.27
2026-04-03,730.0,755.0,726.65,750.9,49310300.0,48.27
2026-04-06,759.0,772.75,745.0,771.0,42976659.0,55.89
2026-04-07,766.0,774.0,761.0,772.0,51309793.0,53.26
2026-04-08,800.0,817.8,796.0,816.1,70269512.0,59.47
2026-04-09,815.0,819.0,793.1,797.7,48879392.0,43.83
2026-04-10,804.0,812.25,801.0,810.3,38156026.0,54.08
2026-04-13,791.5,798.5,787.35,794.7,47549328.0,39.82
2026-04-14,791.5,798.5,787.35,794.7,47549328.0,39.82
2026-04-15,804.95,814.8,804.0,809.9,39769515.0,47.68
2026-04-16,818.0,820.05,792.2,795.45,62861293.0,42.22
2026-04-17,790.1,803.95,788.2,799.9,37282544.0,62.49
2026-04-20,797.1,809.95,790.0,795.45,52148044.0,52.5
2026-04-21,795.2,814.9,795.2,811.75,49135752.0,48.64
2026-04-22,810.0,813.05,798.0,799.9,23876412.0,63.07
2026-04-23,792.0,796.65,782.5,784.35,37677616.0,57.6
2026-04-24,777.3,787.6,777.0,784.85,27720358.0,59.89
2026-04-27,787.5,793.0,785.0,789.8,18115375.0,57.0
2026-04-28,785.0,794.5,778.3,782.55,35366803.0,53.18
2026-04-29,785.5,790.0,777.35,779.0,25799963.0,59.25
2026-04-30,770.0,778.8,762.25,771.7,47998755.0,47.74
2026-05-01,770.0,778.8,762.25,771.7,47998755.0,47.74
2026-05-04,772.6,786.6,772.6,779.4,29028060.0,58.65
2026-05-05,774.4,776.9,763.7,772.3,38887657.0,46.08
2026-05-06,775.15,798.95,773.5,796.55,35530831.0,50.53
2026-05-07,794.0,801.55,788.55,796.05,46137553.0,42.83
2026-05-08,784.0,788.75,777.2,780.85,38016841.0,66.82
2026-05-11,771.95,774.85,761.9,763.65,41123422.0,63.65
2026-05-12,756.6,759.7,747.8,750.45,43937132.0,43.33
2026-05-13,752.0,759.95,747.35,749.6,28960919.0,53.47
2026-05-14,751.0,778.3,747.0,769.55,50992358.0,52.8
2026-05-15,773.0,781.9,765.4,767.5,24347873.0,63.39
2026-05-18,759.0,774.1,751.35,768.65,29812079.0,58.11
2026-05-19,766.7,770.8,760.25,762.45,40307830.0,49.71
2026-05-20,759.6,762.25,755.15,759.5,24013451.0,63.3
2026-05-21,767.0,768.25,755.15,759.15,34664725.0,48.4
2026-05-22,759.15,775.0,759.15,766.8,25604071.0,59.98
2026-05-25,776.0,787.85,775.2,786.85,26043952.0,66.04
2026-05-26,784.05,790.85,776.75,778.9,31528062.0,41.16
2026-05-27,769.5,773.9,756.9,758.65,63680153.0,57.82
2026-05-28,769.5,773.9,756.9,758.65,63680153.0,57.82
2026-05-29,746.05,760.5,737.75,744.55,101299431.0,68.91
2026-06-01,749.0,752.35,739.2,742.7,47996441.0,40.22
2026-06-02,737.0,753.6,733.15,748.25,47314447.0,42.04
2026-06-03,744.45,756.9,742.6,753.65,36109480.0,52.97
2026-06-04,749.15,757.3,745.0,754.2,42673538.0,46.83
2026-06-05,753.95,758.7,744.65,747.05,22116568.0,56.59
2026-06-08,738.0,741.5,734.5,738.65,21550700.0,42.22
2026-06-09,739.45,743.95,732.3,738.35,38539563.0,39.48
2026-06-10,736.5,755.95,736.4,746.85,44458159.0,53.24
2026-06-11,743.0,756.0,740.1,744.6,32632007.0,51.96
2026-06-12,754.7,774.45,753.1,772.45,36088159.0,61.49
2026-06-15,790.0,793.5,775.6,777.35,39990334.0,63.9
2026-06-16,780.5,787.7,779.45,784.9,27820970.0,46.71
2026-06-17,787.65,794.3,783.1,787.1,32405604.0,66.37
2026-06-18,786.5,802.95,786.2,799.0,41492071.0,48.35
2026-06-19,788.7,789.05,776.2,779.8,33798761.0,62.93
2026-06-22,789.9,789.9,783.1,786.4,25194765.0,69.38
2026-06-23,783.05,790.9,772.55,774.65,28289062.0,55.03
2026-06-24,773.0,794.9,772.65,793.2,34701292.0,61.92
2026-06-25,798.5,804.45,794.75,796.3,46707966.0,64.3
2026-06-26,798.5,804.45,794.75,796.3,46707966.0,64.3
2026-06-29,800.0,805.9,793.3,798.9,46695977.0,66.21
2026-06-30,806.1,806.1,792.75,797.95,45778356.0,60.53
2026-07-01,793.5,802.25,793.5,796.15,26094378.0,68.27
2026-07-02,795.0,805.45,794.0,795.9,34143823.0,59.16
2026-07-03,803.0,807.0,798.55,801.05,25871958.0,70.79
2026-07-06,805.0,831.5,805.0,829.85,63203327.0,68.53
2026-07-07,843.0,843.0,826.1,829.3,57611729.0,66.3
2026-07-08,825.9,834.35,806.95,810.3,38754632.0,57.94
2026-07-09,813.0,822.85,812.3,817.55,39891798.0,54.93
2026-07-10,824.0,827.7,820.3,824.95,23595785.0,71.95
2026-07-13,817.0,821.95,811.0,817.95,21741736.0,54.71
2026-07-14,811.4,818.4,807.0,809.4,25605395.0,47.61
2026-07-15,811.0,819.7,809.7,815.45,21488739.0,63.49
2026-07-16,814.5,818.0,806.5,808.3,18698186.0,56.01
2026-07-17,810.0,823.7,808.5,819.6,17415322.0,62.49
2026-07-20,790.0,790.0,774.55,777.6,56061789.0,61.94
2026-07-21,769.15,772.5,760.1,761.45,42246009.0,62.69
2026-07-22,760.25,761.35,750.35,753.15,23385446.0,65.77
2026-07-23,749.4,751.0,743.25,747.25,32532090.0,65.39
2026-07-24,738.5,748.25,737.25,742.8,23837859.0,65.12
2026-07-27,746.1,747.95,738.1,739.55,29678752.0,69.74
2026-07-28,732.0,740.25,732.0,735.4,33886037.0,66.53
2026-07-29,743.0,751.25,740.8,748.2,20460659.0,67.67
2026-07-30,752.8,757.9,745.5,753.95,35844392.0,57.66
2026-07-31,753.95,757.55,747.2,748.15,25522483.0,74.76
2026-08-03,753.05,756.85,750.05,753.0,14827841.0,62.85
2026-08-04,753.2,753.2,738.0,742.0,31559802.0,61.76
2026-08-05,733.8,741.95,732.6,735.0,60050538.0,71.51
2026-08-06,739.0,740.5,733.55,734.3,44772122.0,65.87
2026-08-07,733.0,736.0,728.2,731.0,19382042.0,68.03
2026-08-10,731.5,737.55,728.5,731.0,23660590.0,66.82
2026-08-11,730.5,730.85,726.55,729.0,29154365.0,57.1
2026-08-12,729.0,730.65,722.0,729.0,26993177.0,65.29
2026-08-13,726.9,729.0,724.5,725.0,22129893.0,59.95
2026-08-14,725.0,729.6,723.5,727.0,20364131.0,72.66
2026-08-19,724.0,725.4,715.1,720.0,21342651.0,62.1
2026-08-20,725.5,728.3,724.3,725.05,17603805.0,69.7
2026-08-21,728.3,732.8,726.6,726.95,26029811.0,66.08
2026-08-24,732.5,734.4,724.1,729.0,11408345.0,58.94
