,Open,High,Low,Close,Volume,DeliveryPct
2016-08-19,1225.0,1244.9,1215.5,1239.7,1140514.0,
2016-08-22,1247.0,1251.4,1205.05,1215.15,1576905.0,
2016-08-23,1210.0,1210.0,1141.0,1150.7,5456866.0,
2016-08-24,1162.3,1175.75,1143.6,1171.3,2597249.0,
2016-08-25,1180.0,1181.0,1162.0,1169.95,2743339.0,
2016-08-26,1172.15,1186.15,1169.9,1180.35,1141703.0,
2016-08-29,1180.35,1187.75,1175.0,1183.25,792692.0,
2016-08-30,1188.0,1195.8,1185.05,1189.25,902659.0,
2016-08-31,1194.55,1229.2,1188.65,1218.7,1563288.0,
2016-09-01,1233.95,1235.75,1204.2,1210.4,1115956.0,
2016-09-02,1217.9,1235.0,1204.8,1231.65,1312575.0,
2016-09-06,1240.0,1257.95,1230.05,1253.4,1642929.0,
2016-09-07,1258.0,1267.95,1241.1,1249.9,1502161.0,
2016-09-08,1254.85,1261.5,1245.1,1252.1,2038519.0,
2016-09-09,1250.0,1270.85,1245.6,1250.7,2329639.0,
2016-09-12,1235.9,1240.45,1187.3,1199.75,3136957.0,
2016-09-14,403.95,408.35,395.75,399.2,5969489.0,
2016-09-15,400.9,403.0,389.5,396.85,3463459.0,
2016-09-16,401.4,404.95,392.55,400.35,6746348.0,
2016-09-19,401.5,404.9,399.0,403.45,2249226.0,
2016-09-20,404.0,406.0,399.6,401.95,1949897.0,
2016-09-21,403.9,409.75,400.05,403.8,3480935.0,
2016-09-22,406.9,413.5,405.95,412.4,3285225.0,
2016-09-23,413.3,423.0,412.25,418.4,3516695.0,
2016-09-26,419.0,430.0,413.5,428.95,4232650.0,
2016-09-27,433.0,434.8,422.2,425.1,3540888.0,
2016-09-28,428.05,432.35,423.8,427.4,2527957.0,
2016-09-29,427.05,431.45,409.6,414.7,4731709.0,
2016-09-30,415.0,427.7,410.0,423.95,2359784.0,
2016-10-03,425.8,434.5,425.8,432.5,2126841.0,
2016-10-04,435.0,438.75,430.65,434.3,2374826.0,
2016-10-05,431.55,437.35,425.15,435.1,2663007.0,
2016-10-06,437.5,460.0,436.1,451.55,5474157.0,
2016-10-07,457.8,462.9,440.2,443.65,4212544.0,
2016-10-10,447.9,449.95,435.35,438.15,2277216.0,
2016-10-13,438.15,448.5,421.5,430.55,3713188.0,
2016-10-14,434.0,441.55,428.55,438.25,2821044.0,
2016-10-17,443.0,445.45,432.4,436.95,2849770.0,
2016-10-18,441.9,441.9,432.75,439.4,2221719.0,
2016-10-19,442.4,447.45,434.2,445.4,3242874.0,
2016-10-20,448.95,448.95,440.1,443.65,2425466.0,
2016-10-21,443.9,451.35,442.85,449.6,2235289.0,
2016-10-24,452.5,458.45,447.55,457.2,2339165.0,
2016-10-25,457.0,464.0,451.55,463.0,2516682.0,
2016-10-26,461.8,463.55,455.55,459.15,1975036.0,
2016-10-27,458.3,461.55,447.2,453.2,2520907.0,
2016-10-28,454.0,471.45,452.0,466.4,2068453.0,
2016-11-01,470.0,470.7,461.5,464.85,2447638.0,
2016-11-02,459.0,460.5,450.8,453.0,1415560.0,
2016-11-03,457.35,459.4,435.35,437.25,2397153.0,
2016-11-04,438.0,442.4,421.65,435.15,2570274.0,
2016-11-07,443.0,453.95,443.0,444.95,2244548.0,
2016-11-08,447.0,452.25,445.0,451.0,1920896.0,
2016-11-09,416.0,451.0,411.0,450.05,5142661.0,
2016-11-10,455.0,466.95,451.0,462.6,3822449.0,
2016-11-11,450.5,457.5,439.6,448.8,4924918.0,
2016-11-15,448.8,457.8,403.95,444.25,14224298.0,
2016-11-16,448.0,458.4,442.35,443.95,5275350.0,
2016-11-17,447.25,453.95,440.55,443.55,4450457.0,
2016-11-18,445.8,463.35,444.05,460.2,5815182.0,
2016-11-21,462.25,465.55,436.55,441.95,4374895.0,
2016-11-22,446.0,454.65,442.55,451.1,4165814.0,
2016-11-23,451.0,457.0,443.85,454.15,3805351.0,
2016-11-24,450.65,456.7,440.5,452.15,6836382.0,
2016-11-25,454.0,465.0,452.55,462.05,2673436.0,
2016-11-28,463.5,483.4,462.6,480.8,5936804.0,
2016-11-29,481.1,486.4,470.3,475.35,6309961.0,
2016-11-30,478.0,479.1,465.5,471.2,44957808.0,
2016-12-01,461.1,465.25,442.15,447.0,6820367.0,
2016-12-02,442.0,444.9,431.2,436.15,4863643.0,
2016-12-05,434.2,440.5,427.0,432.05,3099037.0,
2016-12-06,434.95,443.35,433.7,438.3,3111066.0,
2016-12-07,441.6,449.9,440.0,447.85,3735413.0,
2016-12-08,453.85,455.0,447.3,453.25,1778802.0,
2016-12-09,456.6,460.6,442.55,454.3,4005764.0,
2016-12-12,448.2,448.9,431.4,433.55,3711162.0,
2016-12-13,435.6,440.95,432.75,439.65,2070797.0,
2016-12-14,441.2,443.85,433.0,434.0,2161137.0,
2016-12-15,433.95,441.55,418.75,427.0,5533843.0,
2016-12-16,422.1,428.25,417.7,425.9,4267214.0,
2016-12-19,429.5,434.05,422.5,424.5,3891923.0,
2016-12-20,425.0,428.1,419.6,422.45,2375085.0,
2016-12-21,422.8,425.5,416.45,421.95,2365873.0,
2016-12-22,422.8,423.4,415.1,418.05,1484825.0,
2016-12-23,417.6,424.75,416.4,420.55,1788239.0,
2016-12-26,420.0,421.1,410.0,413.3,2125904.0,
2016-12-27,413.6,425.85,412.6,424.45,1978225.0,
2016-12-28,425.0,431.9,418.05,419.55,3288038.0,
2016-12-29,420.0,433.55,419.6,429.5,5027551.0,
2016-12-30,431.55,443.2,427.85,441.3,2911047.0,
2017-01-02,443.95,452.65,441.75,450.0,2857865.0,
2017-01-03,450.0,468.45,450.0,464.3,4036374.0,
2017-01-04,462.5,467.8,451.45,460.95,2943290.0,
2017-01-05,460.75,474.45,460.0,472.95,2485450.0,
2017-01-06,470.0,476.95,463.6,466.7,1822999.0,
2017-01-09,466.0,467.95,456.25,463.0,1695685.0,
2017-01-10,470.1,482.0,470.1,479.25,3376785.0,
2017-01-11,482.0,494.0,477.0,490.7,2563233.0,
2017-01-12,490.1,499.1,485.5,494.15,2431254.0,
2017-01-13,497.0,497.4,481.75,488.9,2154006.0,
2017-01-16,493.2,493.75,486.0,489.55,1854804.0,
2017-01-17,489.55,491.95,478.7,482.35,2278530.0,
2017-01-18,482.65,489.2,479.4,488.0,1491338.0,
2017-01-19,490.65,498.0,490.65,495.05,2172343.0,
2017-01-20,494.5,497.5,489.2,492.75,1733267.0,
2017-01-23,492.1,513.3,490.1,511.9,3004632.0,
2017-01-24,512.0,521.6,511.1,517.95,2749536.0,
2017-01-25,517.8,547.75,513.5,544.45,7962141.0,
2017-01-27,542.55,550.5,532.4,535.1,2513155.0,
2017-01-30,534.8,537.5,525.45,528.1,1606709.0,
2017-01-31,527.9,537.45,515.65,521.35,2799930.0,
2017-02-01,522.9,543.0,520.5,538.85,2434030.0,
2017-02-02,539.9,555.0,539.9,552.05,2597081.0,
2017-02-03,550.9,551.8,539.7,543.85,1988237.0,
2017-02-06,547.0,554.5,545.7,551.2,1768483.0,
2017-02-07,551.35,569.8,549.05,559.15,3455421.0,
2017-02-08,561.4,583.0,560.0,573.15,3208216.0,
2017-02-09,575.9,582.0,572.4,576.9,2261083.0,
2017-02-10,577.9,578.25,562.75,571.65,2776119.0,
2017-02-13,573.9,581.95,569.1,578.3,1891971.0,
2017-02-14,580.0,580.0,540.4,546.15,6198411.0,
2017-02-15,546.0,549.75,519.25,525.15,5945078.0,
2017-02-16,528.0,536.45,521.0,530.2,3388813.0,
2017-02-17,535.0,545.45,527.75,543.0,2630162.0,
2017-02-20,546.15,558.75,542.55,557.2,2303552.0,
2017-02-21,559.0,569.55,557.55,562.4,2614760.0,
2017-02-22,565.0,568.4,550.4,553.8,2708867.0,
2017-02-23,555.0,573.5,554.0,571.0,5320551.0,
2017-02-27,571.0,575.0,556.2,559.7,3169019.0,
2017-02-28,560.75,561.0,530.6,537.75,8487583.0,
2017-03-01,520.7,526.5,509.1,518.55,7078858.0,
2017-03-02,524.0,526.95,504.75,507.55,5937760.0,
2017-03-03,509.85,524.4,501.05,523.2,5698464.0,
2017-03-06,525.2,527.95,513.5,520.4,2930086.0,
2017-03-07,521.0,529.35,519.2,527.8,3233056.0,
2017-03-08,526.95,531.0,512.5,515.05,2840638.0,
2017-03-09,520.1,523.55,514.35,515.7,2982393.0,
2017-03-10,520.0,520.0,508.9,513.05,2980964.0,
2017-03-14,521.45,526.85,515.55,518.95,2785262.0,
2017-03-15,519.95,522.5,512.9,515.4,2779394.0,
2017-03-16,518.25,522.5,513.6,520.3,4109504.0,
2017-03-17,522.0,522.55,510.55,513.35,5928180.0,
2017-03-20,515.9,515.9,510.0,511.35,3418056.0,
2017-03-21,512.9,515.0,504.0,505.2,2807323.0,
2017-03-22,500.9,514.0,498.6,510.95,3626138.0,
2017-03-23,520.2,526.85,517.55,521.75,6287349.0,
2017-03-24,517.8,519.25,513.25,518.1,2617067.0,
2017-03-27,518.95,522.0,515.4,518.3,1559754.0,
2017-03-28,518.0,522.0,515.75,518.6,1196282.0,
2017-03-29,518.7,523.35,516.7,519.75,1678400.0,
2017-03-30,518.75,521.7,514.0,517.3,4689473.0,
2017-03-31,520.0,529.35,517.5,525.65,2710761.0,
2017-04-03,523.9,525.65,516.5,518.6,1235722.0,
2017-04-05,520.2,525.0,515.5,523.35,2416412.0,
2017-04-06,519.0,526.65,518.1,524.55,1485338.0,
2017-04-07,523.0,541.8,521.6,535.8,4305733.0,
2017-04-10,539.8,546.8,538.0,542.2,3314379.0,
2017-04-11,544.0,545.35,537.45,538.5,1561722.0,
2017-04-12,539.05,546.4,522.55,542.45,2753710.0,
2017-04-13,543.4,563.95,537.85,559.2,3935501.0,
2017-04-17,565.85,566.7,553.5,556.85,1847141.0,
2017-04-18,562.15,565.95,550.25,553.3,2773242.0,
2017-04-19,549.2,558.6,542.95,553.9,2788728.0,
2017-04-20,557.8,558.6,550.0,553.45,2014860.0,
2017-04-21,555.0,559.5,552.5,557.1,1825601.0,
2017-04-24,557.8,561.9,548.35,556.5,974370.0,
2017-04-25,558.0,569.0,556.6,559.6,3597094.0,
2017-04-26,560.0,563.25,531.0,535.85,6240629.0,
2017-04-27,539.75,546.4,533.7,542.5,3958570.0,
2017-04-28,545.0,546.7,534.5,536.15,1462701.0,
2017-05-02,539.8,553.9,538.2,552.6,2459517.0,
2017-05-03,556.0,557.75,529.15,530.2,4703146.0,
2017-05-04,534.0,534.45,523.2,531.45,1817573.0,
2017-05-05,539.3,539.3,521.4,523.5,1692257.0,
2017-05-08,523.9,532.9,522.05,531.1,1517794.0,
2017-05-09,535.0,535.0,524.0,527.35,1789422.0,
2017-05-10,530.0,532.5,525.1,529.2,1186676.0,
2017-05-11,528.5,533.9,523.55,526.95,1680962.0,
2017-05-12,527.5,539.3,525.3,535.7,2130693.0,
2017-05-15,537.95,538.8,531.1,537.15,1013059.0,
2017-05-16,534.0,544.95,532.8,542.0,1232150.0,
2017-05-17,543.0,549.9,540.05,543.55,2336436.0,
2017-05-18,543.5,543.5,526.55,533.45,2043902.0,
2017-05-19,532.55,536.4,517.8,521.35,1744817.0,
2017-05-22,523.0,523.6,507.2,510.65,1912404.0,
2017-05-23,511.0,512.85,492.05,499.6,3334106.0,
2017-05-24,495.0,502.0,493.5,499.7,2388779.0,
2017-05-25,501.0,511.8,496.65,508.8,4629691.0,
2017-05-26,507.6,572.9,495.55,567.6,12661268.0,
2017-05-29,570.25,574.8,543.1,547.25,4237525.0,
2017-05-30,546.5,559.0,536.0,554.05,2154280.0,
2017-05-31,554.7,556.9,546.15,554.2,2927562.0,
2017-06-01,554.0,554.0,536.15,541.2,2390099.0,
2017-06-02,543.05,547.25,535.25,536.75,2136487.0,
2017-06-05,539.0,548.7,539.0,542.2,1090003.0,
2017-06-06,540.65,552.5,538.65,545.25,2104949.0,
2017-06-07,549.4,549.4,537.25,540.2,1489142.0,
2017-06-08,544.9,545.05,535.5,538.85,1373454.0,
2017-06-09,539.4,541.1,530.05,539.65,1192423.0,
2017-06-12,540.0,549.7,537.55,545.0,2134221.0,
2017-06-13,544.95,550.35,539.2,540.6,2484185.0,
2017-06-14,536.1,548.6,536.1,546.7,2769249.0,
2017-06-15,548.0,551.3,515.0,518.55,5136328.0,
2017-06-16,520.05,536.4,520.05,530.15,4126568.0,
2017-06-19,533.95,533.95,527.0,530.55,1567616.0,
2017-06-20,530.05,536.4,530.05,535.1,1734396.0,
2017-06-21,535.85,536.95,526.25,529.3,1549860.0,
2017-06-22,525.2,532.0,510.6,512.05,2839980.0,
2017-06-23,514.0,515.05,503.3,508.45,2230473.0,
2017-06-27,510.0,511.0,490.6,502.35,2786431.0,
2017-06-28,505.0,516.1,504.3,512.75,2253847.0,
2017-06-29,510.0,519.9,506.9,508.2,2680213.0,
2017-06-30,508.3,518.7,500.45,510.35,2812538.0,
2017-07-03,512.1,525.0,511.0,516.95,1720869.0,
2017-07-04,518.0,521.7,511.0,511.9,1471637.0,
2017-07-05,513.25,518.9,508.0,516.5,1199313.0,
2017-07-06,517.4,521.0,506.0,509.1,3247804.0,
2017-07-07,505.1,511.7,499.4,501.45,3331878.0,
2017-07-10,513.95,529.8,487.35,512.6,1003509.0,
2017-07-11,340.05,345.0,336.0,340.4,3732617.0,
2017-07-12,343.0,360.45,338.9,359.25,7041684.0,
2017-07-13,366.4,382.0,361.25,375.1,12184816.0,
2017-07-14,375.75,392.0,368.75,387.4,5764486.0,
2017-07-17,383.4,388.95,371.25,377.85,4494685.0,
2017-07-18,375.9,383.75,365.65,368.2,4430723.0,
2017-07-19,373.45,389.5,370.0,383.7,6028573.0,
2017-07-20,369.0,376.45,363.8,367.85,7015521.0,
2017-07-21,368.5,371.45,357.0,368.0,4273770.0,
2017-07-24,371.0,378.5,367.3,369.3,4492425.0,
2017-07-25,369.3,375.0,365.7,374.0,3123054.0,
2017-07-26,374.9,375.45,368.9,370.55,2662265.0,
2017-07-27,370.0,374.8,363.6,367.2,3809512.0,
2017-07-28,368.0,375.3,367.2,374.45,3880111.0,
2017-07-31,376.0,384.25,371.45,383.2,4094352.0,
2017-08-01,383.2,391.85,381.4,386.75,4466496.0,
2017-08-02,387.0,388.0,381.05,385.0,2347427.0,
2017-08-03,387.9,407.5,385.55,396.8,9960727.0,
2017-08-04,397.1,442.0,392.8,432.6,14606267.0,
2017-08-07,428.0,462.4,425.05,458.1,11129918.0,
2017-08-08,452.4,455.5,432.15,436.15,7683762.0,
2017-08-09,427.4,447.2,419.85,429.65,7655580.0,
2017-08-10,423.55,431.4,400.0,412.45,6413893.0,
2017-08-11,409.0,437.7,398.1,429.05,9817059.0,
2017-08-14,434.5,442.65,424.6,438.6,4298386.0,
2017-08-16,436.2,444.0,431.1,436.4,3339664.0,
2017-08-17,438.0,443.65,432.05,433.95,3787274.0,
2017-08-18,433.0,450.8,429.8,442.4,6130479.0,
2017-08-21,447.3,452.45,430.55,433.8,4348880.0,
2017-08-22,434.8,454.15,434.8,449.7,8273312.0,
2017-08-23,455.0,462.6,447.2,457.9,3816123.0,
2017-08-24,456.0,470.9,453.05,466.2,4723140.0,
2017-08-28,468.1,469.85,457.2,463.3,4743249.0,
2017-08-29,467.4,475.5,465.6,466.95,5017565.0,
2017-08-30,471.0,491.35,468.4,485.95,7197590.0,
2017-08-31,486.75,492.8,478.75,488.35,6799452.0,
2017-09-01,491.4,491.4,478.75,482.4,4638980.0,
2017-09-04,482.05,485.15,470.0,476.5,2123193.0,
2017-09-05,477.5,483.0,471.55,481.9,2404220.0,
2017-09-06,479.0,479.0,474.1,476.5,2310847.0,
2017-09-07,479.0,479.7,468.5,469.4,2705730.0,
2017-09-08,467.35,474.3,459.0,461.95,3148721.0,
2017-09-11,467.0,471.25,416.0,465.0,2377705.0,
2017-09-12,468.0,483.9,466.6,482.2,2915731.0,
2017-09-13,483.95,485.4,443.7,457.5,7656066.0,
2017-09-14,474.05,477.95,450.0,459.0,7426586.0,
2017-09-15,459.0,463.9,450.1,453.0,4794868.0,
2017-09-18,457.85,458.55,441.2,449.0,3606457.0,
2017-09-19,448.8,465.0,444.35,461.3,3936185.0,
2017-09-20,462.6,462.6,448.55,452.0,2703652.0,
2017-09-21,452.15,458.0,447.3,452.3,3661216.0,
2017-09-22,451.25,452.0,435.6,438.6,4193309.0,
2017-09-25,437.9,439.55,419.6,425.25,4141375.0,
2017-09-26,423.0,427.4,401.0,415.6,6066797.0,
2017-09-27,419.8,425.95,414.35,417.05,3781867.0,
2017-09-28,416.0,417.9,396.65,416.1,17634424.0,
2017-09-29,419.7,434.45,414.1,426.8,6502229.0,
2017-10-03,435.35,438.3,421.75,434.6,4331160.0,
2017-10-04,447.65,451.35,437.7,444.15,8106605.0,
2017-10-05,445.4,446.0,433.0,435.65,3082302.0,
2017-10-06,436.3,448.25,435.0,445.45,3455204.0,
2017-10-09,445.45,446.75,437.15,440.0,2648734.0,
2017-10-10,441.0,441.9,434.5,436.55,3068150.0,
2017-10-11,438.0,462.7,436.7,455.0,9577360.0,
2017-10-12,457.95,458.9,450.7,456.3,2869751.0,
2017-10-13,456.45,460.9,450.05,459.6,2728478.0,
2017-10-16,461.0,464.8,457.45,460.45,3024021.0,
2017-10-17,460.0,473.9,457.0,470.8,4644106.0,
2017-10-18,470.0,470.05,460.3,463.3,2480041.0,
2017-10-19,465.0,465.45,458.45,460.35,328896.0,
2017-10-23,460.0,470.0,456.55,459.1,3124277.0,
2017-10-24,461.0,469.15,453.1,466.0,2744025.0,
2017-10-25,468.25,470.7,461.15,462.5,2352425.0,
2017-10-26,464.0,484.35,462.2,481.2,5542186.0,
2017-10-27,481.0,482.05,454.0,456.05,5002932.0,
2017-10-30,458.0,466.9,453.45,454.8,2456848.0,
2017-10-31,456.0,459.45,443.2,447.15,6038780.0,
2017-11-01,452.0,452.0,441.6,443.3,3572490.0,
2017-11-02,448.3,450.9,443.1,445.35,3748364.0,
2017-11-03,447.3,447.75,440.1,445.65,2361870.0,
2017-11-06,443.05,444.9,430.85,434.05,3124120.0,
2017-11-07,433.0,447.4,418.5,444.7,9274235.0,
2017-11-08,448.95,449.7,430.75,434.75,3472579.0,
2017-11-09,439.5,446.5,422.65,431.55,9056629.0,
2017-11-10,433.0,435.4,414.85,416.85,6160570.0,
2017-11-13,418.4,424.4,406.25,420.1,4521124.0,
2017-11-14,422.7,422.7,408.8,411.2,4394288.0,
2017-11-15,413.0,422.75,411.55,413.8,3548870.0,
2017-11-16,417.0,419.45,410.0,412.5,2633967.0,
2017-11-17,417.0,420.8,411.0,414.8,4546206.0,
2017-11-20,415.5,417.8,409.75,415.55,2061145.0,
2017-11-21,417.1,422.75,416.0,418.7,2061946.0,
2017-11-22,419.6,420.85,412.5,419.5,2739417.0,
2017-11-23,418.9,429.1,415.45,424.95,3965544.0,
2017-11-24,427.0,434.4,421.0,430.3,4069862.0,
2017-11-27,427.5,428.45,420.0,423.7,2755574.0,
2017-11-28,423.5,424.6,416.2,417.65,2565999.0,
2017-11-29,419.65,420.6,412.85,416.35,3227964.0,
2017-11-30,414.4,420.5,410.6,416.7,6230588.0,
2017-12-01,418.0,419.9,406.5,409.55,2501000.0,
2017-12-04,410.0,414.0,400.0,412.4,3231594.0,
2017-12-05,413.45,418.0,410.1,412.0,2792815.0,
2017-12-06,412.0,412.0,405.0,406.0,2901074.0,
2017-12-07,408.7,414.0,406.6,412.65,2572502.0,
2017-12-08,415.7,430.0,409.35,428.45,5371632.0,
2017-12-11,432.0,436.25,428.25,432.55,2822316.0,
2017-12-12,429.0,430.25,413.0,414.95,4475723.0,
2017-12-13,415.25,427.5,415.25,423.35,5119166.0,
2017-12-14,427.45,438.5,425.0,437.25,5809617.0,
2017-12-15,443.0,446.65,439.15,443.8,4890928.0,
2017-12-18,440.0,445.0,425.4,437.8,3157506.0,
2017-12-19,440.0,440.75,431.5,436.35,2450895.0,
2017-12-20,436.15,436.85,428.5,431.45,2247057.0,
2017-12-21,432.95,433.95,425.8,426.8,2452917.0,
2017-12-22,426.0,431.75,425.5,429.3,2089715.0,
2017-12-26,429.1,432.7,427.2,430.5,2114142.0,
2017-12-27,428.0,429.6,423.35,425.85,1946187.0,
2017-12-28,424.7,428.5,419.0,422.65,3466685.0,
2017-12-29,422.0,425.0,415.3,418.6,2119823.0,
2018-01-01,419.0,421.2,412.4,413.75,2087052.0,
2018-01-02,415.0,415.2,401.0,406.4,3614108.0,
2018-01-03,408.4,416.95,405.9,410.95,3006953.0,
2018-01-04,411.3,420.95,408.5,418.85,2868056.0,
2018-01-05,420.0,421.9,411.4,415.0,3595907.0,
2018-01-08,417.5,423.6,416.8,421.15,2147719.0,
2018-01-09,420.0,420.4,414.1,417.25,2602665.0,
2018-01-10,414.45,427.9,413.25,424.55,3580630.0,
2018-01-11,423.15,423.5,417.7,420.95,2164121.0,
2018-01-12,420.1,429.0,419.1,425.9,3495221.0,
2018-01-15,426.0,435.0,425.35,426.05,2958948.0,
2018-01-16,426.0,429.55,409.6,410.4,5555482.0,
2018-01-17,408.0,422.05,408.0,420.3,3634549.0,
2018-01-18,423.0,423.0,409.2,411.75,2914389.0,
2018-01-19,413.9,419.95,409.55,416.2,2808244.0,
2018-01-22,405.0,414.65,398.35,401.8,9692575.0,
2018-01-23,404.8,406.0,392.0,395.9,5209316.0,
2018-01-24,397.0,397.35,385.25,389.15,8709732.0,
2018-01-25,390.0,395.85,382.45,384.15,8740013.0,
2018-01-29,384.25,385.55,373.35,375.15,14148623.0,
2018-01-30,372.1,399.0,372.1,393.0,8974769.0,
2018-01-31,394.5,400.65,388.2,397.7,6975667.0,
2018-02-01,397.3,409.8,390.2,392.35,4927698.0,
2018-02-02,387.0,391.0,371.0,374.5,3892171.0,
2018-02-05,369.0,387.8,365.2,383.85,5467111.0,
2018-02-06,370.05,381.5,368.7,377.6,5391602.0,
2018-02-07,384.95,408.9,382.5,396.35,9644425.0,
2018-02-08,402.0,409.3,397.0,399.8,6767391.0,
2018-02-09,392.55,405.2,387.25,395.7,11811951.0,
2018-02-12,398.0,398.7,389.3,391.45,4523355.0,
2018-02-14,394.0,395.75,380.6,382.65,4005344.0,
2018-02-15,384.8,393.0,378.4,390.9,2695010.0,
2018-02-16,394.4,394.4,386.2,386.95,1439798.0,
2018-02-19,388.0,388.6,375.2,379.8,2179194.0,
2018-02-20,382.0,385.0,377.6,380.85,1451030.0,
2018-02-21,382.0,388.0,376.7,386.9,2789103.0,
2018-02-22,385.0,386.5,379.7,384.1,4215099.0,
2018-02-23,384.2,386.9,380.25,386.1,2025920.0,
2018-02-26,389.0,393.75,385.8,391.75,2976219.0,
2018-02-27,394.65,395.35,388.0,391.5,2814935.0,
2018-02-28,376.0,382.4,373.1,380.15,4408388.0,
2018-03-01,377.0,383.1,375.8,376.75,2354494.0,
2018-03-05,377.0,377.75,365.2,366.75,1744323.0,
2018-03-06,370.4,376.45,363.35,365.6,3229531.0,
2018-03-07,364.0,366.6,355.1,357.8,3022397.0,
2018-03-08,359.1,364.35,353.75,360.55,1850013.0,
2018-03-09,362.2,364.4,355.7,357.05,2385578.0,
2018-03-12,360.1,368.5,358.05,366.75,1930082.0,
2018-03-13,367.1,385.5,367.0,382.95,6020643.0,
2018-03-14,382.8,382.8,374.0,375.4,2837451.0,
2018-03-15,376.9,376.9,370.3,371.55,1822993.0,
2018-03-16,372.0,372.0,359.25,364.75,5571154.0,
2018-03-19,366.15,366.85,350.9,352.35,2272318.0,
2018-03-20,350.0,359.8,348.5,354.85,2465054.0,
2018-03-21,356.0,359.75,349.45,353.3,1806597.0,
2018-03-22,351.55,353.8,341.1,342.85,3811563.0,
2018-03-23,338.0,341.95,333.0,339.0,2813472.0,
2018-03-26,338.0,340.0,323.5,333.3,4999562.0,
2018-03-27,336.25,348.3,335.95,346.9,4040338.0,
2018-03-28,344.75,348.8,339.5,344.85,4908671.0,
2018-04-02,347.0,349.7,339.05,344.5,2010516.0,
2018-04-03,347.5,357.0,347.5,353.75,2749604.0,
2018-04-04,354.2,354.9,343.2,344.2,2116822.0,
2018-04-05,346.0,350.0,345.0,348.35,1835451.0,
2018-04-06,351.9,356.75,349.05,353.95,2255985.0,
2018-04-09,355.2,369.25,354.5,366.8,4978383.0,
2018-04-10,370.0,370.0,359.05,364.65,2214551.0,
2018-04-11,359.6,362.3,334.5,336.7,14871002.0,
2018-04-12,331.1,340.9,325.25,337.25,12315542.0,
2018-04-13,339.8,342.7,330.4,333.75,3816684.0,
2018-04-16,330.65,336.5,327.3,331.4,3498780.0,
2018-04-17,331.5,332.75,327.75,330.05,3749801.0,
2018-04-18,330.0,330.85,318.4,319.6,6842423.0,
2018-04-19,314.15,314.25,298.0,301.5,14881351.0,
2018-04-20,299.9,308.0,297.1,299.05,9997181.0,
2018-04-23,302.8,308.6,301.8,304.3,7132275.0,
2018-04-24,303.0,308.5,301.9,306.0,4475097.0,
2018-04-25,307.0,310.25,297.0,298.05,5861196.0,
2018-04-26,297.35,297.9,290.05,296.35,14002507.0,
2018-04-27,300.0,311.5,297.45,305.95,6971945.0,
2018-04-30,306.6,308.85,302.5,304.5,2658909.0,
2018-05-02,307.5,308.55,296.2,297.4,2674216.0,
2018-05-03,296.5,300.85,293.1,294.85,2368081.0,
2018-05-04,293.5,298.15,289.25,294.85,6097963.0,
2018-05-07,292.25,300.85,288.5,297.0,6094912.0,
2018-05-08,295.0,308.0,293.4,307.0,7646964.0,
2018-05-09,300.2,308.25,290.15,305.25,14353711.0,
2018-05-10,305.0,309.95,299.3,307.9,6492408.0,
2018-05-11,308.8,321.5,308.55,318.75,9568110.0,
2018-05-14,321.95,330.15,316.65,321.0,8074622.0,
2018-05-15,322.45,330.0,314.7,323.45,6261637.0,
2018-05-16,321.0,323.0,313.05,318.4,3415551.0,
2018-05-17,317.45,320.75,312.25,317.5,3594050.0,
2018-05-18,315.0,322.6,310.5,312.0,4155480.0,
2018-05-21,314.0,316.35,309.0,312.85,3585804.0,
2018-05-22,312.5,317.0,303.25,311.85,6267870.0,
2018-05-23,304.0,310.65,283.55,287.0,16465140.0,
2018-05-24,287.25,288.9,272.3,283.25,11947151.0,
2018-05-25,285.0,297.4,278.85,295.2,9054056.0,
2018-05-28,310.0,315.4,306.5,313.1,11989520.0,
2018-05-29,314.5,319.85,311.05,315.05,5508625.0,
2018-05-30,314.8,315.0,304.75,306.85,6886954.0,
2018-05-31,306.5,313.0,300.05,311.85,9642777.0,
2018-06-01,314.0,316.85,309.05,312.15,4799583.0,
2018-06-04,315.1,319.0,302.75,312.2,7403199.0,
2018-06-05,313.6,317.7,310.35,314.75,6010379.0,
2018-06-06,316.0,316.8,309.0,310.8,6151927.0,
2018-06-07,312.0,315.9,311.05,315.0,4159064.0,
2018-06-08,312.0,313.95,307.5,311.3,2927283.0,
2018-06-11,309.1,317.65,309.1,314.45,3490709.0,
2018-06-12,317.8,318.95,314.4,316.9,2963564.0,
2018-06-13,319.0,319.5,312.1,313.9,3638665.0,
2018-06-14,312.7,312.7,307.05,309.75,3422003.0,
2018-06-15,310.7,310.7,303.3,306.35,4694364.0,
2018-06-18,314.1,325.35,313.1,322.1,9971832.0,
2018-06-19,318.85,318.85,310.05,313.0,5872988.0,
2018-06-20,314.1,315.0,306.25,307.9,3191497.0,
2018-06-21,309.4,318.4,301.5,315.2,9148518.0,
2018-06-22,315.3,316.85,307.2,311.15,7336971.0,
2018-06-25,310.25,312.75,297.0,298.95,6531538.0,
2018-06-26,297.5,304.6,296.0,299.1,4541192.0,
2018-06-27,294.65,294.65,273.55,276.6,10509274.0,
2018-06-28,272.0,275.5,259.45,261.35,15067308.0,
2018-06-29,263.0,267.5,256.55,259.2,9600336.0,
2018-07-02,260.4,265.3,258.1,259.7,4531903.0,
2018-07-03,261.0,263.0,257.5,258.85,4321401.0,
2018-07-04,259.8,259.8,250.6,252.3,6528287.0,
2018-07-05,253.0,257.5,253.0,256.45,4409744.0,
2018-07-06,258.75,271.85,258.1,268.05,10359214.0,
2018-07-09,269.0,275.5,266.1,272.75,7361306.0,
2018-07-10,273.5,273.9,267.25,268.3,2880729.0,
2018-07-11,268.9,271.45,257.65,265.15,6402618.0,
2018-07-12,281.0,282.0,268.1,269.3,11516080.0,
2018-07-13,272.0,273.7,263.55,270.2,7258854.0,
2018-07-16,269.5,272.0,263.25,264.35,3441653.0,
2018-07-17,271.0,283.5,270.0,281.3,14169111.0,
2018-07-18,282.9,287.85,282.5,286.1,6795465.0,
2018-07-19,283.9,286.0,274.3,284.4,5584754.0,
2018-07-20,279.1,281.35,274.35,275.4,4057668.0,
2018-07-23,279.0,282.3,276.0,278.9,3770791.0,
2018-07-24,279.2,287.55,278.9,286.1,3575026.0,
2018-07-25,282.1,284.5,278.75,281.95,4367437.0,
2018-07-26,279.0,282.6,276.0,276.8,4373287.0,
2018-07-27,277.5,285.35,275.2,283.6,3059971.0,
2018-07-30,284.25,293.6,283.3,287.6,5383190.0,
2018-07-31,283.0,287.0,280.35,284.8,3012760.0,
2018-08-01,288.9,296.5,273.1,287.35,8272282.0,
2018-08-02,292.0,295.5,290.3,292.5,4024775.0,
2018-08-03,288.3,294.0,288.3,292.6,3199259.0,
2018-08-06,292.6,295.85,290.5,294.1,2521590.0,
2018-08-07,293.0,296.2,287.3,288.6,2253855.0,
2018-08-08,289.95,291.2,281.15,282.7,4248125.0,
2018-08-09,292.15,292.9,277.5,280.45,8172333.0,
2018-08-10,281.0,290.8,276.7,286.15,7996061.0,
2018-08-13,284.95,284.95,271.65,273.1,6335232.0,
2018-08-14,274.9,274.9,267.35,270.05,3840907.0,
2018-08-16,273.8,273.85,265.25,266.15,5096716.0,
2018-08-17,268.2,270.75,265.65,267.55,2801082.0,
2018-08-20,269.65,273.8,269.05,270.0,3558751.0,
2018-08-21,270.25,271.0,266.0,266.85,2874199.0,
2018-08-23,265.7,266.0,258.3,259.6,5050897.0,
2018-08-24,260.15,262.0,257.1,259.0,3581146.0,
2018-08-27,260.0,263.0,259.8,262.05,1987717.0,
2018-08-28,262.7,264.2,255.85,256.9,4546171.0,
2018-08-29,257.2,260.0,255.85,257.7,3359137.0,
2018-08-30,257.7,257.7,251.6,253.05,10853771.0,
2018-08-31,252.8,256.1,250.7,253.8,5681804.0,
2018-09-03,255.9,260.75,254.1,257.5,3899086.0,
2018-09-04,256.0,256.0,249.4,250.25,4711402.0,
2018-09-05,250.0,251.9,244.65,247.8,5267372.0,
2018-09-06,250.9,252.85,247.65,251.85,3847165.0,
2018-09-07,253.0,255.6,251.1,253.1,3016757.0,
2018-09-10,254.0,254.0,246.0,246.65,3627249.0,
2018-09-11,246.6,253.4,243.25,243.7,6274839.0,
2018-09-12,242.95,243.0,233.45,240.4,8509665.0,
2018-09-14,245.0,254.4,244.5,252.65,7030739.0,
2018-09-17,250.1,260.45,248.0,258.35,7442280.0,
2018-09-18,258.5,261.65,248.1,249.4,5001129.0,
2018-09-19,250.2,255.5,247.55,251.35,3210729.0,
2018-09-21,258.6,260.45,247.0,258.0,10322727.0,
2018-09-24,256.0,264.35,245.45,248.15,6570476.0,
2018-09-25,245.9,245.9,239.0,243.15,6901623.0,
2018-09-26,248.0,248.9,241.55,248.0,6893813.0,
2018-09-27,248.65,253.0,243.8,249.35,5279261.0,
2018-09-28,251.0,255.25,249.35,251.45,5586439.0,
2018-10-01,250.05,251.0,237.3,243.15,4374786.0,
2018-10-03,238.0,256.95,237.8,251.15,7052862.0,
2018-10-04,249.0,254.3,191.0,217.15,16567166.0,
2018-10-05,195.45,195.45,163.0,165.1,86901748.0,
2018-10-08,168.75,180.95,165.15,179.2,39602681.0,
2018-10-09,180.9,182.0,170.0,171.25,11299530.0,
2018-10-10,172.65,185.0,171.5,180.7,13039580.0,
2018-10-11,177.35,216.4,176.15,207.95,44819623.0,
2018-10-12,215.5,222.0,213.3,218.4,18860140.0,
2018-10-15,218.5,218.8,204.45,212.5,18631708.0,
2018-10-16,214.4,216.9,208.05,212.15,12266061.0,
2018-10-17,213.0,214.45,204.5,207.3,7684015.0,
2018-10-19,212.0,217.0,208.6,215.9,12340411.0,
2018-10-22,216.6,218.45,209.75,210.6,4856636.0,
2018-10-23,209.0,220.25,201.5,217.9,9996812.0,
2018-10-24,226.9,237.4,222.15,232.75,14912036.0,
2018-10-25,229.5,236.2,224.2,226.4,9004893.0,
2018-10-26,226.3,227.75,218.1,225.3,6314578.0,
2018-10-29,224.0,232.9,220.2,230.5,5193797.0,
2018-10-30,227.25,228.5,218.35,219.95,5829019.0,
2018-10-31,220.0,225.15,219.0,224.15,5021346.0,
2018-11-01,226.4,234.75,226.4,229.5,5879255.0,
2018-11-02,237.0,244.9,230.25,240.2,14671313.0,
2018-11-05,241.9,241.9,230.0,233.2,4696710.0,
2018-11-06,233.9,235.0,223.7,226.3,5835146.0,
2018-11-07,228.9,231.0,228.0,229.6,753697.0,
2018-11-09,234.0,242.0,233.0,241.3,9932374.0,
2018-11-12,238.75,238.85,223.15,225.05,11648005.0,
2018-11-13,229.6,236.0,229.6,232.8,11351366.0,
2018-11-14,242.0,261.65,241.25,243.7,29774003.0,
2018-11-15,244.0,250.9,238.6,249.1,9104439.0,
2018-11-16,246.3,251.65,239.1,243.65,5638148.0,
2018-11-19,243.0,246.95,236.65,244.3,5547771.0,
2018-11-20,246.0,252.5,241.6,243.25,7154042.0,
2018-11-21,255.75,261.8,245.05,245.95,13494442.0,
2018-11-22,247.0,248.0,239.5,242.85,6997413.0,
2018-11-26,251.6,253.65,244.7,246.35,9743210.0,
2018-11-27,244.5,248.8,241.0,245.9,7197730.0,
2018-11-28,246.5,247.35,235.8,238.9,4958781.0,
2018-11-29,244.0,246.5,239.15,242.9,6905934.0,
2018-11-30,242.95,246.3,230.3,232.35,9934232.0,
2018-12-03,229.8,229.8,222.8,224.9,8233734.0,
2018-12-04,223.4,230.7,222.1,228.2,7964196.0,
2018-12-05,228.15,232.0,225.15,226.65,4971091.0,
2018-12-06,224.0,228.25,222.55,225.35,5163737.0,
2018-12-07,229.7,230.3,223.5,224.8,3796565.0,
2018-12-10,216.0,228.55,216.0,226.7,6697580.0,
2018-12-11,225.8,226.4,217.2,220.1,8098260.0,
2018-12-12,221.0,221.3,216.6,219.3,8040098.0,
2018-12-13,221.4,227.0,221.0,225.15,5941824.0,
2018-12-14,224.0,229.5,222.1,227.3,6378809.0,
2018-12-17,229.8,229.8,225.2,228.45,5434550.0,
2018-12-18,231.2,232.25,228.1,231.35,6660517.0,
2018-12-19,235.75,238.8,233.4,236.15,8702942.0,
2018-12-20,234.3,246.0,233.0,244.45,7860470.0,
2018-12-21,246.1,252.05,242.5,250.05,13208463.0,
2018-12-24,251.0,253.85,244.75,246.3,6172675.0,
2018-12-26,250.3,250.85,244.8,248.85,7582841.0,
2018-12-27,246.0,253.75,241.55,252.7,18511320.0,
2018-12-28,253.5,257.0,251.0,255.9,6215685.0,
2018-12-31,255.9,258.6,252.4,253.25,4248514.0,
2019-01-01,253.6,258.35,252.5,256.7,2829660.0,
2019-01-02,255.85,258.5,244.7,256.55,10666940.0,
2019-01-03,253.3,253.9,247.2,248.3,7019279.0,
2019-01-04,247.0,251.25,246.35,248.2,5576677.0,
2019-01-07,249.0,251.9,248.15,249.8,2274016.0,
2019-01-08,249.5,249.7,246.4,247.95,1994005.0,
2019-01-09,246.0,247.65,238.0,239.0,5611285.0,
2019-01-10,236.55,237.95,231.2,232.9,7617369.0,
2019-01-11,232.0,235.3,231.3,233.5,3189561.0,
2019-01-14,235.25,236.3,232.6,233.95,2642085.0,
2019-01-15,234.9,242.95,234.3,241.55,4894030.0,
2019-01-16,241.55,244.65,239.2,240.6,2721203.0,
2019-01-17,240.9,246.4,240.75,244.2,4239731.0,
2019-01-18,243.85,245.35,238.25,239.5,2690204.0,
2019-01-21,236.7,241.9,236.7,238.65,2184129.0,
2019-01-22,238.9,243.45,238.35,242.0,3212477.0,
2019-01-23,242.25,244.4,239.3,241.85,3325871.0,
2019-01-24,242.0,245.5,241.25,243.1,4653823.0,
2019-01-25,243.65,248.3,240.5,241.8,4234919.0,
2019-01-28,242.3,243.45,238.35,239.2,2334958.0,
2019-01-29,240.0,242.5,234.1,235.3,4173899.0,
2019-01-30,234.6,235.4,226.85,231.15,4284743.0,
2019-01-31,230.55,237.25,229.05,233.5,5912293.0,
2019-02-01,234.7,236.55,229.6,234.0,2759440.0,
2019-02-04,231.5,232.4,224.7,226.5,6437470.0,
2019-02-05,225.15,228.15,224.05,225.15,5064284.0,
2019-02-06,226.55,234.9,226.5,233.9,9862953.0,
2019-02-07,233.4,237.5,232.0,236.85,2838132.0,
2019-02-08,237.0,239.3,229.55,230.35,2335272.0,
2019-02-11,230.3,233.5,224.8,231.6,3603148.0,
2019-02-12,231.25,237.95,231.0,234.05,3953480.0,
2019-02-13,234.0,234.35,224.5,225.1,4811824.0,
2019-02-14,217.2,222.6,213.35,220.7,8651358.0,
2019-02-15,219.6,221.1,215.0,216.35,3895202.0,
2019-02-18,216.0,216.35,211.2,212.65,2708470.0,
2019-02-19,211.55,217.7,211.55,214.8,2373419.0,
2019-02-20,215.35,221.9,215.15,220.95,3830318.0,
2019-02-21,219.0,224.0,217.9,222.95,3720006.0,
2019-02-22,223.75,232.8,223.3,230.95,5940113.0,
2019-02-25,231.65,232.0,226.0,228.15,3517474.0,
2019-02-26,224.9,229.05,221.4,225.85,6735347.0,
2019-02-27,227.1,229.35,220.6,222.65,3160129.0,
2019-02-28,224.8,225.65,221.55,223.35,3996592.0,
2019-03-01,224.5,234.0,223.35,232.7,3882378.0,
2019-03-05,232.35,248.2,231.35,246.75,8634956.0,
2019-03-06,248.4,255.35,243.35,246.45,7682669.0,
2019-03-07,248.1,253.7,246.5,249.0,9346838.0,
2019-03-08,248.7,251.4,245.7,249.85,3780260.0,
2019-03-11,250.95,266.8,250.25,263.4,15348942.0,
2019-03-12,265.9,272.6,260.6,261.85,11651988.0,
2019-03-13,262.0,269.0,256.0,267.85,8112195.0,
2019-03-14,265.95,269.0,263.05,267.15,3865376.0,
2019-03-15,268.1,280.0,265.4,276.95,11907408.0,
2019-03-18,278.35,287.75,276.55,286.8,10655690.0,
2019-03-19,288.0,292.0,285.75,290.75,6917041.0,
2019-03-20,289.0,290.0,274.0,275.1,9435702.0,
2019-03-22,275.0,278.2,266.55,268.35,7628610.0,
2019-03-25,267.0,275.6,266.25,274.25,4944412.0,
2019-03-26,275.05,280.0,272.25,277.05,5389939.0,
2019-03-27,276.0,277.0,268.4,269.2,5871621.0,
2019-03-28,269.15,279.45,269.15,272.45,21743341.0,
2019-03-29,275.1,286.0,274.8,283.85,8952342.0,
2019-04-01,284.0,288.9,279.6,283.8,4590789.0,
2019-04-02,280.5,284.9,272.7,273.95,7855771.0,
2019-04-03,275.0,275.45,259.7,260.5,11237287.0,
2019-04-04,261.85,263.65,256.5,258.75,5482236.0,
2019-04-05,260.15,265.35,259.25,263.85,3898518.0,
2019-04-08,260.4,261.45,251.5,252.8,5326126.0,
2019-04-09,248.5,258.0,247.05,256.1,6843204.0,
2019-04-10,256.1,259.8,254.8,255.95,3803939.0,
2019-04-11,256.0,261.85,255.15,260.45,4516742.0,
2019-04-12,260.0,264.35,258.5,260.15,3233112.0,
2019-04-15,260.15,261.9,256.05,257.1,4590434.0,
2019-04-16,260.1,265.4,260.1,264.65,5886950.0,
2019-04-18,265.0,269.5,258.15,266.6,9397146.0,
2019-04-22,258.1,258.85,248.0,249.9,8173151.0,
2019-04-23,250.0,256.25,246.0,254.85,8574573.0,
2019-04-24,256.05,270.95,256.05,268.8,9108180.0,
2019-04-25,269.5,279.0,266.1,275.05,15257172.0,
2019-04-26,275.0,284.0,275.0,282.9,6886460.0,
2019-04-30,284.8,294.85,279.35,291.25,9806887.0,
2019-05-02,291.75,292.9,280.15,281.95,6687351.0,
2019-05-03,287.0,290.45,281.7,286.05,6696507.0,
2019-05-06,284.55,293.7,283.55,292.25,7424394.0,
2019-05-07,290.05,291.0,277.5,285.0,7398307.0,
2019-05-08,287.3,287.3,280.6,281.9,3442649.0,
2019-05-09,282.9,283.7,275.5,276.7,3920166.0,
2019-05-10,275.0,275.0,269.8,272.15,4947130.0,
2019-05-13,269.0,276.75,261.25,262.75,5702048.0,
2019-05-14,262.0,270.05,260.0,268.2,4369774.0,
2019-05-15,269.5,273.9,265.95,267.4,4754077.0,
2019-05-16,263.45,285.0,262.0,281.1,6693665.0,
2019-05-17,279.45,279.45,272.0,274.7,4717296.0,
2019-05-20,283.0,301.85,282.5,293.5,11173673.0,
2019-05-21,301.5,301.85,278.7,284.55,10577287.0,
2019-05-22,286.45,295.9,286.1,288.75,6068404.0,
2019-05-23,293.9,306.0,287.7,289.65,12176548.0,
2019-05-24,298.95,307.9,297.1,302.25,14416862.0,
2019-05-27,301.0,317.9,299.5,316.55,7886267.0,
2019-05-28,316.55,323.5,313.45,318.25,10653682.0,
2019-05-29,318.9,319.0,308.6,313.55,6227101.0,
2019-05-30,315.0,318.5,313.25,317.65,6439995.0,
2019-05-31,325.0,332.0,318.55,324.25,14126695.0,
2019-06-03,333.3,333.5,321.3,324.75,9679696.0,
2019-06-04,324.55,324.75,317.0,317.85,6765405.0,
2019-06-06,317.5,320.3,303.75,308.1,7963314.0,
2019-06-07,306.1,312.0,303.1,311.4,3717740.0,
2019-06-10,308.6,311.1,299.3,305.6,4409258.0,
2019-06-11,305.0,310.35,301.7,308.65,4453852.0,
2019-06-12,307.0,311.0,300.65,302.15,3802462.0,
2019-06-13,306.45,311.0,304.0,309.65,8062043.0,
2019-06-14,308.25,310.6,305.3,306.45,3238079.0,
2019-06-17,305.7,305.7,293.15,294.55,3566656.0,
2019-06-18,296.75,303.6,295.15,301.7,3450059.0,
2019-06-19,301.85,303.0,291.2,295.75,3954363.0,
2019-06-20,297.0,299.6,289.25,292.65,5396503.0,
2019-06-21,286.0,295.45,285.3,291.9,5154257.0,
2019-06-24,289.75,291.9,283.35,288.6,3593539.0,
2019-06-25,288.75,297.35,288.15,295.5,5365130.0,
2019-06-26,291.8,293.8,285.65,287.85,4539007.0,
2019-06-27,289.0,292.5,287.4,289.3,5199790.0,
2019-06-28,288.9,292.3,287.05,290.05,2559036.0,
2019-07-01,289.5,291.5,280.0,282.55,5994596.0,
2019-07-02,285.0,287.0,282.85,285.85,3119146.0,
2019-07-03,290.0,293.7,286.55,287.95,4870826.0,
2019-07-04,289.5,289.65,286.65,288.65,2302180.0,
2019-07-05,288.75,293.9,272.35,287.5,12452578.0,
2019-07-08,284.0,285.0,276.3,283.1,4144817.0,
2019-07-09,281.4,289.8,281.1,287.9,3973364.0,
2019-07-10,286.9,292.25,281.75,286.7,6027081.0,
2019-07-11,283.9,289.95,283.35,286.6,4848759.0,
2019-07-12,287.4,289.2,280.75,281.5,3299824.0,
2019-07-15,282.0,288.35,280.55,286.25,4906736.0,
2019-07-16,288.0,296.95,287.1,295.7,3621856.0,
2019-07-17,298.8,301.25,294.8,297.0,5254556.0,
2019-07-18,297.0,298.3,290.65,291.2,2742176.0,
2019-07-19,293.3,294.6,289.05,292.25,3680205.0,
2019-07-22,289.85,294.75,285.3,293.7,3353213.0,
2019-07-23,293.3,293.95,289.0,290.3,3169842.0,
2019-07-24,288.3,288.85,276.65,278.6,5208921.0,
2019-07-25,278.8,280.4,265.2,266.75,4318233.0,
2019-07-26,265.8,276.6,257.75,275.35,5893249.0,
2019-07-29,275.1,276.0,266.4,268.9,2180112.0,
2019-07-30,270.65,270.65,257.2,258.3,2907574.0,
2019-07-31,256.4,267.45,249.95,266.05,5189907.0,
2019-08-01,264.5,266.0,258.2,263.4,3893105.0,
2019-08-02,264.95,266.5,252.55,253.4,7968774.0,
2019-08-05,252.0,259.5,244.7,255.5,5512508.0,
2019-08-06,255.0,259.0,251.3,253.55,2894975.0,
2019-08-07,255.95,255.95,243.2,244.45,5543635.0,
2019-08-08,246.15,251.7,241.3,250.4,4414553.0,
2019-08-09,251.5,254.25,246.6,247.1,3269069.0,
2019-08-13,248.0,251.7,239.1,240.7,3075689.0,
2019-08-14,240.0,249.25,239.6,246.6,2653148.0,
2019-08-16,245.9,250.4,241.65,245.5,3529116.0,
2019-08-19,246.1,248.0,241.3,244.7,2106649.0,
2019-08-20,243.5,244.6,239.25,241.6,2886559.0,
2019-08-21,241.0,243.75,237.6,238.75,3450810.0,
2019-08-22,238.05,238.9,225.0,226.45,3064511.0,
2019-08-23,227.0,242.5,223.75,238.3,5739378.0,45.96
2019-09-30,289.0,292.5,287.4,289.3,5199790.0,39.85
2019-10-01,310.0,322.1,300.3,309.45,16142528.0,28.62
2019-10-02,310.0,322.1,300.3,309.45,16142528.0,28.62
2019-10-03,310.5,327.45,310.5,322.95,12775386.0,22.67
2019-10-04,327.75,328.75,313.2,320.7,7476013.0,22.47
2019-10-07,316.2,317.85,306.3,307.35,6569663.0,43.79
2019-10-08,316.2,317.85,306.3,307.35,6569663.0,43.79
2019-10-09,307.95,319.8,302.1,314.5,6099024.0,31.17
2019-10-10,314.0,316.55,307.6,311.15,3553996.0,37.56
2019-10-11,310.3,313.95,302.1,308.45,5158308.0,29.24
2019-10-14,309.95,320.7,308.4,310.5,5465692.0,28.78
2019-10-15,312.45,315.15,309.65,311.05,3823070.0,33.09
2019-10-16,315.5,321.9,309.25,313.15,6738842.0,20.0
2019-10-17,314.95,315.0,306.55,313.95,4882673.0,33.48
2019-10-18,313.0,322.35,310.65,313.85,6703804.0,42.16
2019-10-21,313.0,322.35,310.65,313.85,6703804.0,42.16
2019-10-22,316.95,320.45,312.3,316.9,6171806.0,37.24
2019-10-23,315.25,318.45,308.0,308.7,4247357.0,38.21
2019-10-24,306.0,309.5,298.15,299.1,5773873.0,41.08
2019-10-25,298.2,306.4,298.15,301.05,4232379.0,33.57
2019-10-28,302.0,303.65,302.0,302.7,177327.0,40.23
2019-10-29,309.3,313.65,305.7,310.05,5972157.0,45.86
2019-10-30,312.8,323.0,311.0,318.4,7171629.0,45.13
2019-10-31,321.0,328.0,320.1,325.25,8026901.0,48.47
2019-11-01,322.15,327.45,314.0,320.95,5770302.0,27.25
2019-11-04,318.7,325.7,318.1,319.1,2979670.0,34.88
2019-11-05,317.5,322.95,311.15,312.5,3704276.0,39.32
2019-11-06,311.0,316.5,310.3,313.95,2595028.0,25.45
2019-11-07,316.95,316.95,306.6,310.45,5893535.0,21.18
2019-11-08,310.0,311.4,291.9,293.95,8482305.0,49.78
2019-11-11,293.4,300.85,292.2,298.7,3282758.0,25.73
2019-11-12,293.4,300.85,292.2,298.7,3282758.0,25.73
2019-11-13,296.9,299.5,288.0,291.3,5844574.0,51.77
2019-11-14,291.25,292.05,284.3,288.55,5617128.0,49.56
2019-11-15,287.75,292.95,286.35,290.2,2573038.0,29.31
2019-11-18,293.9,296.45,287.1,290.15,6854901.0,37.23
2019-11-19,291.4,292.85,288.15,290.2,2036661.0,32.19
2019-11-20,296.05,302.5,293.3,295.9,7746295.0,31.7
2019-11-21,302.0,302.0,284.85,286.8,7726635.0,41.08
2019-11-22,284.95,291.6,283.8,290.35,3532260.0,36.07
2019-11-25,289.0,297.3,287.4,295.6,3487647.0,34.79
2019-11-26,296.0,298.1,286.7,289.4,5884821.0,49.19
2019-11-27,287.0,291.0,285.1,286.5,3030250.0,47.44
2019-11-28,287.8,293.45,284.35,290.7,4012844.0,38.21
2019-11-29,291.9,292.5,280.55,282.6,5692457.0,50.45
2019-12-02,282.6,283.95,278.3,281.8,2789553.0,37.93
2019-12-03,282.95,283.9,271.65,274.4,3354969.0,48.72
2019-12-04,271.55,272.5,266.5,269.8,5585746.0,55.74
2019-12-05,268.5,272.5,265.0,265.9,3961913.0,43.3
2019-12-06,265.0,269.0,262.0,263.0,3803344.0,43.44
2019-12-09,263.0,269.95,262.25,268.9,3536664.0,30.79
2019-12-10,268.4,269.75,260.0,260.45,2994732.0,44.76
2019-12-11,260.45,266.4,258.25,262.65,5178097.0,49.98
2019-12-12,265.25,268.1,264.0,266.2,2886344.0,37.22
2019-12-13,266.2,268.8,263.4,267.4,2356235.0,33.18
2019-12-16,267.2,268.5,263.25,266.8,3713618.0,47.77
2019-12-17,266.7,268.65,263.6,264.9,2362391.0,42.66
2019-12-18,264.05,265.5,262.2,263.8,2866222.0,43.98
2019-12-19,263.0,265.95,262.35,264.85,1820243.0,39.67
2019-12-20,264.9,267.7,262.75,263.9,2060059.0,50.45
2019-12-23,264.35,268.65,264.2,265.95,2249100.0,33.68
2019-12-24,265.0,266.45,261.0,262.45,1988923.0,42.19
2019-12-25,265.0,266.45,261.0,262.45,1988923.0,42.19
2019-12-26,261.0,264.65,257.85,258.6,2768841.0,27.23
2019-12-27,259.0,267.8,258.4,266.6,3082343.0,34.78
2019-12-30,265.95,267.9,263.05,267.2,1890538.0,21.57
2019-12-31,266.85,270.6,264.0,264.5,2675474.0,28.27
2020-01-01,264.9,266.55,263.6,265.5,765044.0,13.94
2020-01-02,266.5,270.65,264.55,269.5,2336221.0,44.66
2020-01-03,264.9,266.15,261.5,263.7,4110082.0,25.73
2020-01-06,256.2,260.95,243.95,244.65,12071439.0,40.85
2020-01-07,250.0,253.7,239.3,242.15,12074187.0,24.07
2020-01-08,235.0,243.35,235.0,241.7,8293440.0,22.72
2020-01-09,250.0,254.0,246.5,252.95,7942398.0,27.68
2020-01-10,254.5,255.5,250.3,253.35,5357669.0,36.13
2020-01-13,253.2,256.9,251.85,252.35,2846331.0,42.85
2020-01-14,255.0,257.8,253.6,254.5,2853077.0,33.88
2020-01-15,254.5,257.45,252.6,255.95,2172267.0,34.07
2020-01-16,256.25,257.35,249.4,250.2,3990321.0,49.08
2020-01-17,248.0,252.7,246.85,249.65,3905216.0,45.58
2020-01-20,250.0,254.5,247.05,248.75,3421759.0,23.97
2020-01-21,248.85,251.85,248.0,249.45,2262648.0,30.39
2020-01-22,251.35,252.3,243.9,245.15,2680161.0,37.56
2020-01-23,248.0,251.25,244.3,246.8,4717684.0,38.2
2020-01-24,248.4,249.4,244.0,244.8,3816555.0,41.64
2020-01-27,245.5,246.6,240.0,241.0,3490953.0,36.82
2020-01-28,242.0,245.2,241.2,242.35,3356447.0,33.68
2020-01-29,243.0,248.25,241.35,245.7,3769731.0,37.88
2020-01-30,246.0,246.95,238.2,240.1,3872975.0,46.54
2020-01-31,242.0,242.15,231.35,232.45,4595587.0,48.85
2020-02-03,225.0,230.5,221.6,223.4,4316241.0,38.01
2020-02-04,226.3,233.65,226.1,231.7,5013569.0,34.24
2020-02-05,233.1,239.15,232.5,236.95,4989111.0,37.91
2020-02-06,234.05,245.0,233.0,243.4,6589559.0,33.37
2020-02-07,242.0,243.4,236.6,241.05,3972973.0,37.18
2020-02-10,241.0,244.05,237.8,238.85,3378866.0,41.92
2020-02-11,241.2,243.45,239.55,240.0,2628201.0,45.23
2020-02-12,240.6,242.1,232.85,233.55,2431744.0,41.32
2020-02-13,233.7,236.2,232.3,235.05,1678476.0,33.5
2020-02-14,235.4,238.35,233.15,233.85,2328670.0,32.4
2020-02-17,234.0,234.7,229.15,230.0,1282476.0,27.5
2020-02-18,228.7,230.2,222.25,224.95,5379083.0,47.66
2020-02-19,226.0,227.0,223.5,226.45,2791585.0,36.87
2020-02-20,224.5,228.0,222.0,222.4,4909405.0,56.07
2020-02-21,224.5,228.0,222.0,222.4,4909405.0,56.07
2020-02-24,222.2,222.6,213.9,216.2,3931405.0,44.7
2020-02-25,217.0,218.35,207.8,211.05,3624427.0,39.44
2020-02-26,211.0,211.3,207.15,208.85,5069210.0,48.04
2020-02-27,209.0,211.7,203.15,204.4,5070833.0,43.1
2020-02-28,202.95,203.0,194.5,197.55,6824810.0,40.19
2020-03-02,200.7,204.25,193.05,194.95,3637789.0,30.23
2020-03-03,196.05,207.85,196.0,205.55,6194553.0,33.29
2020-03-04,207.0,207.9,201.25,206.1,4134402.0,37.13
2020-03-05,206.95,210.8,203.1,203.7,4449463.0,47.29
2020-03-06,198.0,204.1,191.1,201.15,7819766.0,52.29
2020-03-09,206.15,226.85,204.6,212.6,24698143.0,35.13
2020-03-10,206.15,226.85,204.6,212.6,24698143.0,35.13
2020-03-11,208.0,214.45,203.7,211.05,8384982.0,42.29
2020-03-12,204.65,204.65,180.3,184.2,11874314.0,41.09
2020-03-13,179.4,201.9,150.0,197.6,10630895.0,32.24
2020-03-16,191.85,215.5,184.0,204.8,14422721.0,28.22
2020-03-17,206.0,221.9,200.25,217.05,11902759.0,40.15
2020-03-18,219.0,222.15,202.0,205.3,5328383.0,28.85
2020-03-19,193.1,202.5,180.0,190.1,8990449.0,29.24
2020-03-20,195.4,212.45,189.6,208.5,7869410.0,38.09
2020-03-23,195.7,197.9,177.6,183.8,5621257.0,51.15
2020-03-24,190.75,194.0,178.75,184.55,5913638.0,37.71
2020-03-25,180.0,186.55,175.0,177.4,6725194.0,43.99
2020-03-26,179.0,183.9,175.0,177.3,5214817.0,35.12
2020-03-27,179.15,183.5,167.55,170.25,6766518.0,32.01
2020-03-30,170.1,174.4,164.3,167.9,4393333.0,25.17
2020-03-31,171.0,192.0,169.95,190.1,13472821.0,38.64
2020-04-01,190.1,195.4,180.85,184.0,7287205.0,31.25
2020-04-02,190.1,195.4,180.85,184.0,7287205.0,31.25
2020-04-03,184.0,192.8,175.55,184.2,9509089.0,31.29
2020-04-06,184.0,192.8,175.55,184.2,9509089.0,31.29
2020-04-07,193.0,205.9,185.25,200.1,10294946.0,37.66
2020-04-08,199.9,204.7,195.45,199.5,5905379.0,27.64
2020-04-09,202.0,211.8,197.4,207.85,9847845.0,33.36
2020-04-10,202.0,211.8,197.4,207.85,9847845.0,33.36
2020-04-13,209.0,211.7,199.45,205.45,4934849.0,23.56
2020-04-15,209.0,220.0,205.8,208.45,7486566.0,47.15
2020-04-16,210.8,218.2,208.3,213.85,4873925.0,32.37
2020-04-17,219.9,219.9,213.05,217.7,3891768.0,33.98
2020-04-20,220.8,228.5,218.25,227.4,5607632.0,31.7
2020-04-21,226.95,227.45,214.5,215.85,6911751.0,41.73
2020-04-22,216.95,217.5,206.45,212.7,4806748.0,26.76
2020-04-23,212.7,218.35,207.9,209.5,5474561.0,45.05
2020-04-24,208.75,208.75,200.0,201.4,3619046.0,41.29
2020-04-27,202.4,214.1,202.4,208.25,9188353.0,55.44
2020-04-28,210.25,218.0,208.8,210.9,9677242.0,57.67
2020-04-29,211.2,212.05,206.7,208.35,6702713.0,62.57
2020-04-30,211.05,224.4,206.7,220.3,10064082.0,47.48
2020-05-01,211.05,224.4,206.7,220.3,10064082.0,47.48
2020-05-04,211.0,215.25,204.75,207.8,7123341.0,48.43
2020-05-05,212.0,220.0,210.35,214.6,8506260.0,32.83
2020-05-06,200.6,205.0,186.7,202.5,20179756.0,18.23
2020-05-07,201.0,204.85,199.05,200.9,7455909.0,30.87
2020-05-08,203.0,204.95,195.55,196.95,4540370.0,26.55
2020-05-11,198.0,201.2,191.8,192.65,4726064.0,37.9
2020-05-12,192.0,195.05,187.0,189.95,3897833.0,19.48
2020-05-13,195.5,196.95,189.55,192.3,6069059.0,16.74
2020-05-14,188.5,192.75,188.25,190.25,3587944.0,24.37
2020-05-15,191.0,194.6,187.95,189.1,6601491.0,25.47
2020-05-18,189.5,190.45,170.75,172.5,11296262.0,40.71
2020-05-19,176.55,180.8,170.35,171.35,8206844.0,27.46
2020-05-20,172.0,180.9,170.95,178.85,6870474.0,28.89
2020-05-21,180.0,181.9,175.1,180.75,5610085.0,21.2
2020-05-22,180.6,186.5,178.3,182.2,6263709.0,24.22
2020-05-25,180.6,186.5,178.3,182.2,6263709.0,24.22
2020-05-26,183.0,184.8,178.3,179.3,4472319.0,33.36
2020-05-27,181.0,186.5,178.8,185.75,3837419.0,30.09
2020-05-28,186.95,188.8,183.7,185.85,3462845.0,20.28
2020-05-29,184.65,197.65,183.95,194.55,11427437.0,39.01
2020-06-01,196.3,200.5,194.75,195.7,6041733.0,22.09
2020-06-02,196.0,196.9,192.3,193.75,3435871.0,24.44
2020-06-03,194.8,201.75,194.0,197.05,6404066.0,27.98
2020-06-04,194.3,199.8,193.35,195.25,7762445.0,30.93
2020-06-05,196.8,205.45,195.3,204.6,9279286.0,43.6
2020-06-08,209.6,222.5,208.4,216.45,10981195.0,30.97
2020-06-09,218.3,221.85,209.0,211.65,5612715.0,38.05
2020-06-10,213.75,214.25,206.2,207.85,3951428.0,32.6
2020-06-11,208.85,218.5,199.35,205.25,7969263.0,19.77
2020-06-12,200.1,213.7,199.55,210.85,10228514.0,23.82
2020-06-15,208.85,212.1,204.35,206.7,4966505.0,25.74
2020-06-16,211.0,214.8,206.2,209.8,8764866.0,31.37
2020-06-17,205.0,218.8,204.8,214.1,17532052.0,19.36
2020-06-18,214.25,224.5,213.5,222.9,10040531.0,34.7
2020-06-19,222.5,225.9,219.1,223.65,10683834.0,42.36
2020-06-22,225.95,241.0,224.35,238.6,15958062.0,43.42
2020-06-23,239.0,242.1,233.1,237.6,7666507.0,41.84
2020-06-24,238.0,239.0,226.6,228.4,5728972.0,34.21
2020-06-25,228.45,231.9,220.85,221.85,6414175.0,34.22
2020-06-26,226.95,235.85,224.55,231.25,7441061.0,25.16
2020-06-29,227.7,230.95,220.5,225.2,6332720.0,42.74
2020-06-30,227.1,228.95,216.1,216.75,7808410.0,62.85
2020-07-01,218.2,223.2,214.5,222.35,9283957.0,42.17
2020-07-02,216.25,219.25,214.1,215.15,8637516.0,29.54
2020-07-03,217.5,217.8,213.0,215.85,3984647.0,22.63
2020-07-06,217.75,220.55,213.75,215.6,6810392.0,36.71
2020-07-07,215.9,216.25,210.7,211.15,5056605.0,35.01
2020-07-08,211.15,215.8,210.35,211.8,4490583.0,22.51
2020-07-09,211.8,213.8,204.8,205.35,7921968.0,65.61
2020-07-10,205.0,211.0,204.05,209.9,7668893.0,30.71
2020-07-13,210.05,214.95,209.2,210.8,6509815.0,24.78
2020-07-14,211.5,214.5,209.5,210.45,5323179.0,26.88
2020-07-15,213.0,213.4,201.6,202.65,4995500.0,29.57
2020-07-16,204.35,211.8,200.5,209.8,7195873.0,22.14
2020-07-17,210.5,227.2,210.1,224.0,23332764.0,30.87
2020-07-20,224.0,229.5,223.05,227.1,8375851.0,33.89
2020-07-21,227.2,238.0,222.6,234.25,16536134.0,26.78
2020-07-22,236.4,236.4,225.25,228.2,6695413.0,25.72
2020-07-23,227.5,237.6,225.65,232.05,9612028.0,19.74
2020-07-24,231.5,233.7,223.5,228.4,6500456.0,22.87
2020-07-27,230.4,240.7,223.4,231.8,12319186.0,18.31
2020-07-28,232.25,236.5,228.25,232.95,6015101.0,12.73
2020-07-29,232.9,235.2,227.05,228.35,4697272.0,14.9
2020-07-30,225.5,227.3,218.65,223.05,8567385.0,19.74
2020-07-31,222.95,225.75,213.8,215.0,6454986.0,37.04
2020-08-03,215.0,221.9,212.3,217.65,7210362.0,28.57
2020-08-04,218.1,220.85,208.6,215.0,9356836.0,19.9
2020-08-05,216.0,220.35,212.0,212.95,7036775.0,35.32
2020-08-06,214.0,219.8,213.4,216.1,9372453.0,35.0
2020-08-07,223.0,223.0,212.4,213.6,18789292.0,25.67
2020-08-10,215.8,217.9,213.65,215.25,7606812.0,38.78
2020-08-11,216.0,219.3,213.5,215.25,8498111.0,40.95
2020-08-12,215.0,215.7,211.25,211.85,6185676.0,40.87
2020-08-13,212.25,214.65,209.9,212.35,7984112.0,34.01
2020-08-14,214.0,214.5,207.7,208.65,6541525.0,28.1
2020-08-17,210.0,212.9,205.45,211.05,7877978.0,29.1
2020-08-18,212.8,212.95,209.2,209.85,5448393.0,28.0
2020-08-19,210.5,213.7,209.95,210.8,5825588.0,31.04
2020-08-20,209.0,215.8,208.15,214.7,12758432.0,30.08
2020-08-21,217.0,217.2,212.0,212.45,6353059.0,31.03
2020-08-24,213.5,214.8,211.25,211.65,4256715.0,34.97
2020-08-25,212.0,214.15,210.7,211.25,5598519.0,35.68
2020-08-26,212.0,212.35,209.0,209.45,5049076.0,31.95
2020-08-27,210.1,211.1,207.25,208.4,8100083.0,34.24
2020-08-28,209.5,212.15,209.3,209.6,3941130.0,36.16
2020-08-31,212.3,214.8,200.5,201.55,16543788.0,32.73
2020-09-01,200.0,204.8,194.8,199.65,11087551.0,18.75
2020-09-02,200.5,202.45,198.8,200.75,3848155.0,25.78
2020-09-03,202.5,204.5,198.65,199.8,4784581.0,31.67
2020-09-04,198.0,203.75,195.75,197.1,6952951.0,26.58
2020-09-07,200.0,201.9,195.8,197.45,4435080.0,14.38
2020-09-08,198.6,202.6,196.95,198.7,7077329.0,16.93
2020-09-09,198.45,198.7,190.8,193.75,7377091.0,32.96
2020-09-10,195.0,202.2,194.5,201.2,10439765.0,26.29
2020-09-11,202.5,204.25,197.2,199.15,7272718.0,15.4
2020-09-14,199.9,201.15,195.15,196.05,4551591.0,31.99
2020-09-15,197.0,199.95,194.75,198.25,4341462.0,28.08
2020-09-16,197.85,199.2,193.85,195.4,4657080.0,33.84
2020-09-17,195.0,197.4,193.15,196.85,5663670.0,37.45
2020-09-18,198.9,199.0,193.4,194.05,6335362.0,32.0
2020-09-21,194.5,198.5,188.25,189.2,9936071.0,45.45
2020-09-22,190.0,190.85,178.65,180.4,10780080.0,46.07
2020-09-23,182.9,183.1,174.0,177.35,8713464.0,41.1
2020-09-24,175.25,176.9,170.85,172.3,6702161.0,32.89
2020-09-25,173.75,179.7,172.3,178.6,6936938.0,33.73
2020-09-28,180.3,185.0,179.6,184.0,4252799.0,23.72
2020-09-29,184.95,186.5,181.75,184.8,5956293.0,28.4
2020-09-30,184.7,185.85,175.3,180.65,13759264.0,39.55
2020-10-01,181.4,182.75,174.9,175.5,9891670.0,45.17
2020-10-02,181.4,182.75,174.9,175.5,9891670.0,45.17
2020-10-05,176.9,177.1,173.0,175.6,8560741.0,26.56
2020-10-06,176.25,177.0,173.5,173.7,5180629.0,42.55
2020-10-07,174.3,174.7,170.6,171.05,4784237.0,33.63
2020-10-08,171.35,174.0,169.65,170.95,4807501.0,29.57
2020-10-09,171.2,177.25,170.65,176.0,8482930.0,32.34
2020-10-12,177.0,177.15,170.75,171.4,4505449.0,34.34
2020-10-13,172.05,173.0,169.75,170.4,6127854.0,44.37
2020-10-14,170.4,170.4,165.2,168.6,6532566.0,27.96
2020-10-15,168.4,172.2,162.9,164.05,7230384.0,35.86
2020-10-16,164.45,169.85,163.4,169.3,6708837.0,37.42
2020-10-19,170.0,176.9,170.0,175.85,6436573.0,27.38
2020-10-20,174.75,176.65,171.6,172.35,4439974.0,36.91
2020-10-21,174.05,179.8,174.05,177.65,8351443.0,27.4
2020-10-22,176.45,179.95,175.3,179.35,5008617.0,34.94
2020-10-23,179.8,184.0,179.6,182.55,5357740.0,32.18
2020-10-26,182.0,183.75,173.5,174.45,6673421.0,41.85
2020-10-27,174.8,175.6,170.3,173.55,6024441.0,31.38
2020-10-28,173.5,175.8,171.35,171.9,5645065.0,41.3
2020-10-29,170.9,180.75,170.5,179.6,10052858.0,25.3
2020-10-30,184.5,189.6,182.65,187.65,25983655.0,24.93
2020-11-02,188.0,189.0,185.7,187.3,5967560.0,36.33
2020-11-03,189.0,191.45,184.15,185.65,7585884.0,30.74
2020-11-04,186.4,188.1,181.15,186.75,6620759.0,35.38
2020-11-05,199.0,206.2,194.3,205.25,48028970.0,25.7
2020-11-06,206.0,207.25,202.3,205.35,10209216.0,30.26
2020-11-09,205.95,209.9,204.1,208.05,7686571.0,28.08
2020-11-10,208.0,213.8,207.5,212.5,8905274.0,45.21
2020-11-11,213.0,217.4,209.1,214.7,9070320.0,36.52
2020-11-12,214.9,216.2,212.6,213.6,3752704.0,29.35
2020-11-13,212.55,215.75,209.75,214.65,5313069.0,27.44
2020-11-16,215.5,221.85,215.15,219.5,3413039.0,47.76
2020-11-17,221.0,223.4,215.65,217.7,8140364.0,36.07
2020-11-18,216.7,216.75,211.6,213.75,9181018.0,48.57
2020-11-19,213.0,218.25,212.0,213.35,7576910.0,38.2
2020-11-20,214.1,216.0,211.45,214.05,4673707.0,39.72
2020-11-23,215.0,216.25,213.1,215.4,5497955.0,43.27
2020-11-24,216.0,216.3,213.3,214.45,4747887.0,40.14
2020-11-25,214.5,215.95,210.75,212.05,5595078.0,37.2
2020-11-26,212.45,213.85,208.1,213.15,6530958.0,38.16
2020-11-27,213.5,215.8,206.5,209.35,16779017.0,46.27
2020-11-30,213.5,215.8,206.5,209.35,16779017.0,46.27
2020-12-01,210.0,212.5,208.8,211.6,4018504.0,36.7
2020-12-02,212.9,219.4,212.2,214.7,9652752.0,27.2
2020-12-03,215.85,220.9,214.5,220.25,9194454.0,45.6
2020-12-04,221.2,223.15,215.0,216.65,7763530.0,42.77
2020-12-07,218.0,219.8,215.15,216.7,7276877.0,32.33
2020-12-08,218.1,218.65,214.0,215.85,5945496.0,39.47
2020-12-09,217.85,220.25,215.65,218.3,7972736.0,46.97
2020-12-10,219.0,219.0,212.6,215.55,6274470.0,35.55
2020-12-11,216.0,223.0,214.8,217.35,11035841.0,41.97
2020-12-14,219.4,229.75,218.05,228.7,20815265.0,33.67
2020-12-15,229.1,229.85,224.25,226.45,6439280.0,32.11
2020-12-16,228.9,234.4,228.55,230.6,9412453.0,39.37
2020-12-17,232.7,232.7,224.65,225.95,8105248.0,44.08
2020-12-18,226.0,227.0,222.3,224.4,5717120.0,50.69
2020-12-21,222.5,223.45,204.55,209.35,10137868.0,48.7
2020-12-22,210.2,211.5,203.9,210.85,9377962.0,41.16
2020-12-23,210.85,211.45,208.35,210.3,8342922.0,49.36
2020-12-24,211.45,215.5,211.05,213.65,5615342.0,37.16
2020-12-25,211.45,215.5,211.05,213.65,5615342.0,37.16
2020-12-28,214.4,216.5,213.75,215.2,3373582.0,36.48
2020-12-29,216.0,216.45,213.45,215.4,4315051.0,36.71
2020-12-30,215.2,216.9,214.05,216.45,3945034.0,43.91
2020-12-31,216.45,220.2,214.85,217.9,7519212.0,57.37
2021-01-01,219.25,222.5,217.75,221.25,4781676.0,42.82
2021-01-04,222.0,223.65,218.6,222.75,6574551.0,36.57
2021-01-05,222.0,223.5,220.4,223.1,5269181.0,37.29
2021-01-06,224.0,226.0,217.25,220.95,7500657.0,40.68
2021-01-07,222.0,224.0,220.5,222.8,4913282.0,42.86
2021-01-08,224.75,230.15,224.25,225.5,8764169.0,41.07
2021-01-11,226.0,226.65,220.7,224.35,5242672.0,41.14
2021-01-12,224.05,228.5,222.2,224.9,4511653.0,35.12
2021-01-13,225.1,232.85,224.6,227.15,11555573.0,27.98
2021-01-14,229.5,235.4,227.7,233.6,10024155.0,49.34
2021-01-15,236.95,237.6,227.65,228.6,13018965.0,41.82
2021-01-18,228.7,233.4,223.0,231.25,8641426.0,28.08
2021-01-19,233.9,235.55,229.0,231.9,7115278.0,36.82
2021-01-20,232.0,233.25,228.35,231.05,4472523.0,33.63
2021-01-21,231.3,234.0,227.5,228.8,6681997.0,34.0
2021-01-22,228.5,230.8,223.1,225.4,7917770.0,46.97
2021-01-25,227.0,227.0,219.2,220.2,6930901.0,41.79
2021-01-26,227.0,227.0,219.2,220.2,6930901.0,41.79
2021-01-27,220.0,221.15,214.5,216.65,8305269.0,48.7
2021-01-28,214.85,223.85,214.05,221.5,6380490.0,34.37
2021-01-29,223.0,223.75,217.7,218.6,7366536.0,42.42
2021-02-01,220.9,222.4,212.3,217.95,10620697.0,35.41
2021-02-02,220.1,225.9,220.0,222.3,10104614.0,41.47
2021-02-03,223.95,228.45,220.6,225.25,11986880.0,47.59
2021-02-04,225.85,231.75,225.6,229.6,10548425.0,28.19
2021-02-05,232.7,233.0,224.3,225.05,5956692.0,38.1
2021-02-08,227.0,231.3,226.25,229.55,3713106.0,39.17
2021-02-09,229.0,232.75,225.25,226.55,6848831.0,49.71
2021-02-10,227.45,229.25,221.65,224.9,10528622.0,59.17
2021-02-11,224.3,228.4,224.1,227.4,6534317.0,50.78
2021-02-12,227.9,229.3,222.1,223.85,6627798.0,42.53
2021-02-15,224.5,226.25,222.1,222.6,6050356.0,45.38
2021-02-16,221.6,227.0,221.4,225.65,7111409.0,34.22
2021-02-17,225.65,235.0,224.95,234.45,11934678.0,47.44
2021-02-18,237.0,252.0,235.15,245.7,25247214.0,24.2
2021-02-19,247.8,252.4,238.5,244.0,13301954.0,32.87
2021-02-22,245.0,248.3,239.5,241.5,7516651.0,34.47
2021-02-23,242.0,249.9,241.7,244.9,9848080.0,37.78
2021-02-24,246.75,248.55,242.6,244.75,3338158.0,39.04
2021-02-25,246.0,259.25,245.5,252.45,14585563.0,34.92
2021-02-26,249.95,255.05,240.0,242.45,11918506.0,38.54
2021-03-01,246.4,252.4,243.55,247.5,7105216.0,34.7
2021-03-02,252.0,257.9,248.1,250.1,8245587.0,31.23
2021-03-03,255.75,255.9,245.5,248.9,5926038.0,36.42
2021-03-04,248.0,251.8,245.35,245.85,4683206.0,47.58
2021-03-05,244.8,251.6,240.3,243.2,7733029.0,41.1
2021-03-08,244.8,250.25,242.25,243.15,6538746.0,33.34
2021-03-09,241.5,246.1,233.4,238.2,12765130.0,46.21
2021-03-10,246.1,249.5,238.7,241.0,10825300.0,23.34
2021-03-11,246.1,249.5,238.7,241.0,10825300.0,23.34
2021-03-12,243.0,246.6,239.65,241.35,6538524.0,30.51
2021-03-15,243.0,244.6,239.3,241.9,5321228.0,24.09
2021-03-16,243.8,245.65,240.65,241.65,6302419.0,39.06
2021-03-17,242.0,242.0,233.7,235.9,9097491.0,49.94
2021-03-18,237.0,239.9,231.5,233.65,7397595.0,54.83
2021-03-19,234.6,237.45,230.35,234.75,6922401.0,37.83
2021-03-22,236.95,237.5,234.45,236.55,3337228.0,41.97
2021-03-23,236.8,239.65,234.2,239.0,5972548.0,43.35
2021-03-24,239.0,239.75,231.45,232.5,3514996.0,40.77
2021-03-25,233.0,234.75,225.9,227.25,8212766.0,49.33
2021-03-26,229.5,232.0,228.35,229.8,2807213.0,33.7
2021-03-29,229.5,232.0,228.35,229.8,2807213.0,33.7
2021-03-30,230.8,231.9,228.75,230.0,3572153.0,45.91
2021-03-31,230.7,236.1,228.55,234.5,8279352.0,55.4
2021-04-01,236.0,238.65,232.5,237.6,3620285.0,38.93
2021-04-02,236.0,238.65,232.5,237.6,3620285.0,38.93
2021-04-05,239.15,239.15,229.5,235.25,4829242.0,43.81
2021-04-06,235.5,237.25,233.2,235.4,3786594.0,38.74
2021-04-07,234.45,238.9,234.4,236.05,4933633.0,54.85
2021-04-08,236.05,240.9,235.9,238.75,4705860.0,49.6
2021-04-09,238.65,238.65,231.85,234.05,6898817.0,47.07
2021-04-12,230.0,232.75,222.8,226.4,6712891.0,47.91
2021-04-13,225.6,232.65,225.6,231.55,7350007.0,43.96
2021-04-14,225.6,232.65,225.6,231.55,7350007.0,43.96
2021-04-15,228.65,237.9,228.65,237.15,4342810.0,44.68
2021-04-16,237.0,240.0,234.75,236.55,6273984.0,43.41
2021-04-19,231.15,234.0,228.55,231.4,6729672.0,42.93
2021-04-20,231.5,234.8,231.25,232.7,4407677.0,50.25
2021-04-21,231.5,234.8,231.25,232.7,4407677.0,50.25
2021-04-22,231.0,234.3,229.35,233.5,3701961.0,48.44
2021-04-23,233.0,235.45,231.5,233.7,4228621.0,56.92
2021-04-26,234.15,234.8,230.5,232.5,6247178.0,53.07
2021-04-27,233.45,234.0,232.05,232.95,3446734.0,53.96
2021-04-28,233.8,233.9,230.85,231.35,5053936.0,64.19
2021-04-29,233.0,233.2,229.25,229.7,6138668.0,63.62
2021-04-30,228.25,245.25,228.2,234.65,15563433.0,29.57
2021-05-03,232.95,237.1,231.0,235.85,4030072.0,35.28
2021-05-04,236.8,244.8,236.6,241.5,7080182.0,30.34
2021-05-05,242.8,246.5,239.0,244.8,7377341.0,49.09
2021-05-06,247.4,249.8,244.25,245.4,6375146.0,51.15
2021-05-07,246.45,252.65,241.0,251.45,8651192.0,45.26
2021-05-10,253.0,259.8,251.65,255.0,6309865.0,48.39
2021-05-11,254.0,267.0,252.2,265.6,10334528.0,32.19
2021-05-12,267.0,269.5,258.7,262.25,4752949.0,22.23
2021-05-13,267.0,269.5,258.7,262.25,4752949.0,22.23
2021-05-14,264.3,264.3,253.75,254.4,3340977.0,39.43
2021-05-17,255.4,257.8,250.8,251.85,3027896.0,54.63
2021-05-18,254.0,266.4,252.85,265.0,7711351.0,39.8
2021-05-19,265.0,273.65,261.3,272.75,7490396.0,23.87
2021-05-20,274.8,274.8,265.2,266.4,6032128.0,38.68
2021-05-21,282.0,288.3,274.3,276.3,33142356.0,26.51
2021-05-24,277.35,285.75,275.55,284.55,7145139.0,32.08
2021-05-25,285.9,290.7,282.6,288.15,9941161.0,20.58
2021-05-26,287.7,291.8,283.6,284.25,5707035.0,40.95
2021-05-27,285.8,289.4,279.5,280.4,9400050.0,61.54
2021-05-28,282.3,284.5,279.3,280.65,3165818.0,46.83
2021-05-31,281.95,281.95,278.1,279.7,2670761.0,37.83
2021-06-01,280.1,286.2,280.0,281.55,3311812.0,38.16
2021-06-02,282.25,289.5,281.85,288.4,10905107.0,41.68
2021-06-03,289.0,290.65,286.5,287.65,2639558.0,43.52
2021-06-04,287.65,302.35,286.35,298.8,14910156.0,28.98
2021-06-07,301.0,302.9,297.0,301.1,4089354.0,40.25
2021-06-08,302.0,304.15,296.5,302.25,5243816.0,43.8
2021-06-09,303.75,309.4,298.05,300.35,6873922.0,36.16
2021-06-10,300.0,302.2,297.1,298.45,3966771.0,46.08
2021-06-11,300.0,304.2,293.95,295.05,5206037.0,49.84
2021-06-14,297.4,300.5,292.6,298.4,4302684.0,41.29
2021-06-15,300.0,301.0,297.3,298.35,3760932.0,58.75
2021-06-16,299.85,308.0,299.0,304.35,8852697.0,36.45
2021-06-17,303.95,312.0,303.0,309.0,8651884.0,33.38
2021-06-18,310.0,310.55,292.75,295.75,7222425.0,44.42
2021-06-21,295.0,303.3,293.05,302.4,9770654.0,32.31
2021-06-22,303.85,306.7,303.05,304.55,2275386.0,51.43
2021-06-23,304.8,305.15,298.85,300.25,2371370.0,44.25
2021-06-24,302.35,302.35,294.1,295.4,3727133.0,57.68
2021-06-25,297.7,299.85,296.35,298.0,2492381.0,52.35
2021-06-28,300.5,300.7,296.65,297.25,2279976.0,66.67
2021-06-29,298.0,299.4,290.75,292.55,4292255.0,62.09
2021-06-30,293.95,296.5,291.55,293.2,2931005.0,41.78
2021-07-01,294.75,296.95,293.0,296.2,2842511.0,41.55
2021-07-02,297.8,299.4,295.9,297.95,3240671.0,58.37
2021-07-05,301.4,305.8,298.5,304.45,4835974.0,57.0
2021-07-06,306.5,309.45,303.2,304.55,6501684.0,48.04
2021-07-07,306.25,307.1,299.5,306.35,6552189.0,54.45
2021-07-08,285.0,289.4,283.05,283.85,9236777.0,33.64
2021-07-09,284.1,285.0,278.05,278.95,2929033.0,33.8
2021-07-12,280.1,280.95,271.0,271.9,4954407.0,47.7
2021-07-13,273.4,274.75,270.1,272.2,4520394.0,57.28
2021-07-14,270.75,274.5,268.25,270.1,3529955.0,48.33
2021-07-15,270.8,271.6,266.15,267.1,2942535.0,49.6
2021-07-16,267.95,271.0,266.3,268.1,3189270.0,47.86
2021-07-19,269.75,274.9,268.35,272.05,6286202.0,31.25
2021-07-20,274.1,277.0,272.15,276.15,5532598.0,40.18
2021-07-21,274.1,277.0,272.15,276.15,5532598.0,40.18
2021-07-22,276.05,278.5,274.1,276.4,2887095.0,46.7
2021-07-23,275.45,279.0,275.05,277.4,1748491.0,48.97
2021-07-26,276.1,278.2,271.35,273.55,3266613.0,62.88
2021-07-27,274.0,274.3,268.5,269.2,3117270.0,59.28
2021-07-28,271.35,271.35,261.25,264.95,3971406.0,47.3
2021-07-29,267.75,269.0,261.25,263.6,6456943.0,62.74
2021-07-30,264.9,265.35,260.5,261.15,6244192.0,42.78
2021-08-02,262.3,274.3,261.95,272.8,4578391.0,29.06
2021-08-03,275.3,276.2,271.8,274.65,3137309.0,28.2
2021-08-04,275.5,277.35,270.05,272.25,2437102.0,38.76
2021-08-05,270.0,271.0,262.5,265.0,5107161.0,42.58
2021-08-06,270.0,270.55,264.4,264.95,3584662.0,39.57
2021-08-09,266.35,267.2,260.05,262.0,1791534.0,40.64
2021-08-10,262.5,263.8,256.15,257.95,3048001.0,58.19
2021-08-11,257.85,261.1,255.4,258.9,3971875.0,42.68
2021-08-12,258.5,260.7,253.55,255.2,4073140.0,56.17
2021-08-13,255.6,258.0,253.35,255.05,1916438.0,41.36
2021-08-16,254.95,258.4,253.1,257.7,2471355.0,37.38
2021-08-17,257.95,258.55,252.65,253.6,2031018.0,40.26
2021-08-18,254.7,255.8,251.6,253.8,2964155.0,52.86
2021-08-19,254.7,255.8,251.6,253.8,2964155.0,52.86
2021-08-20,251.95,252.75,246.1,247.2,2944433.0,45.78
2021-08-23,248.9,250.7,244.5,245.65,2314084.0,43.42
2021-08-24,247.0,250.9,246.0,249.75,2484830.0,40.27
2021-08-25,250.35,259.5,250.1,257.85,3263773.0,27.73
2021-08-26,258.25,258.45,253.65,255.5,2031157.0,38.65
2021-08-27,256.0,258.4,255.0,256.6,1063167.0,39.56
2021-08-30,258.4,260.75,256.0,259.6,3050309.0,51.59
2021-08-31,260.0,268.3,257.5,266.6,5862402.0,48.06
2021-09-01,268.85,269.9,263.65,266.65,2371380.0,36.48
2021-09-02,266.7,270.85,266.3,266.7,2369909.0,46.45
2021-09-03,267.2,276.65,266.3,275.95,5925615.0,42.85
2021-09-06,276.8,278.0,269.0,269.95,4035974.0,50.17
2021-09-07,271.45,274.8,266.35,267.35,2593198.0,37.34
2021-09-08,266.1,271.25,266.1,269.85,3351274.0,42.54
2021-09-09,269.9,274.15,268.05,268.65,3497263.0,46.16
2021-09-10,269.9,274.15,268.05,268.65,3497263.0,46.16
2021-09-13,269.7,272.45,266.3,270.65,2885363.0,47.86
2021-09-14,272.45,275.85,270.7,274.15,3211837.0,46.79
2021-09-15,275.8,279.75,273.55,275.7,4925472.0,33.4
2021-09-16,277.4,284.4,275.35,282.5,5043065.0,46.62
2021-09-17,285.0,286.1,274.1,282.95,11236767.0,51.8
2021-09-20,282.0,282.0,270.1,272.5,6278700.0,50.12
2021-09-21,271.5,273.3,266.5,271.75,3413821.0,42.61
2021-09-22,271.5,278.4,270.8,276.6,2202641.0,35.17
2021-09-23,276.8,282.45,276.8,280.0,3222439.0,48.93
2021-09-24,280.2,282.4,274.1,274.8,2359727.0,47.0
2021-09-27,276.3,278.8,272.6,277.75,2294109.0,50.34
2021-09-28,277.0,293.2,277.0,291.6,10617222.0,42.01
2021-09-29,292.4,300.9,289.0,299.6,11927055.0,53.22
2021-09-30,298.5,302.8,295.0,300.0,5329092.0,48.15
2021-10-01,299.6,306.0,297.0,298.95,4146823.0,34.7
2021-10-04,299.1,303.6,299.0,302.8,3078165.0,40.81
2021-10-05,302.95,315.9,301.35,314.45,10612386.0,40.04
2021-10-06,313.95,317.95,309.55,311.6,4850398.0,49.33
2021-10-07,314.0,323.7,313.4,319.5,6573600.0,49.48
2021-10-08,323.0,326.75,316.0,318.05,3719308.0,52.55
2021-10-11,321.5,325.85,318.05,319.05,2856794.0,46.8
2021-10-12,321.9,329.0,318.85,327.8,6313035.0,60.34
2021-10-13,330.8,330.8,323.4,325.8,4336076.0,49.49
2021-10-14,322.0,335.8,321.75,331.35,4153260.0,44.32
2021-10-15,322.0,335.8,321.75,331.35,4153260.0,44.32
2021-10-18,334.35,339.7,330.5,331.7,3662289.0,42.31
2021-10-19,335.5,336.9,322.05,323.4,5494855.0,56.84
2021-10-20,325.5,328.55,315.5,317.3,5619163.0,58.06
2021-10-21,320.45,330.0,319.85,322.8,6521962.0,30.88
2021-10-22,325.0,329.4,322.3,327.85,4137663.0,51.83
2021-10-25,331.5,331.5,321.3,323.05,3393396.0,40.4
2021-10-26,323.05,335.9,318.4,332.4,5726988.0,36.8
2021-10-27,333.05,339.6,331.45,333.9,3857496.0,32.78
2021-10-28,335.0,335.45,315.05,317.05,4501801.0,49.93
2021-10-29,317.0,320.0,306.4,310.4,4078422.0,43.44
2021-11-01,315.05,315.05,308.5,311.95,3398520.0,53.67
2021-11-02,313.0,314.9,302.3,303.45,4143739.0,39.9
2021-11-03,304.6,317.0,303.2,314.2,7588744.0,35.69
2021-11-04,304.6,317.0,303.2,314.2,7588744.0,35.69
2021-11-05,319.0,322.95,315.0,321.9,987287.0,38.9
2021-11-08,326.45,347.0,322.5,345.8,14363175.0,24.39
2021-11-09,347.2,348.7,341.85,344.55,3978587.0,35.74
2021-11-10,343.95,349.75,342.25,346.05,3326814.0,48.3
2021-11-11,344.0,347.8,339.6,342.5,2775400.0,48.28
2021-11-12,344.2,349.5,343.95,347.0,3404889.0,54.86
2021-11-15,350.0,354.8,348.2,351.35,4922997.0,43.77
2021-11-16,352.6,352.6,336.2,337.5,4028368.0,55.52
2021-11-17,337.95,337.95,325.35,326.0,3630912.0,45.66
2021-11-18,327.0,329.7,321.5,323.7,3187770.0,45.47
2021-11-19,327.0,329.7,321.5,323.7,3187770.0,45.47
2021-11-22,323.7,326.65,314.15,316.95,3209866.0,51.78
2021-11-23,314.0,320.45,313.8,318.6,2633340.0,51.41
2021-11-24,319.9,331.2,319.5,324.1,4086300.0,39.55
2021-11-25,325.05,326.15,314.45,316.1,4110270.0,54.13
2021-11-26,316.1,316.1,300.75,302.2,3785300.0,45.3
2021-11-29,300.0,301.85,292.05,296.45,3345886.0,49.92
2021-11-30,296.25,316.4,293.1,295.1,6009043.0,53.26
2021-12-01,295.2,300.7,290.65,297.75,2571114.0,40.39
2021-12-02,297.8,303.95,292.55,300.55,3796232.0,39.84
2021-12-03,303.0,304.7,297.5,298.5,2642885.0,24.97
2021-12-06,298.8,302.7,294.1,298.05,1676226.0,26.15
2021-12-07,299.5,308.8,298.7,304.05,3178260.0,23.31
2021-12-08,303.8,306.9,300.3,301.75,2307251.0,35.54
2021-12-09,303.3,307.15,300.5,305.45,4045998.0,35.74
2021-12-10,303.15,309.4,303.15,307.35,1642287.0,41.42
2021-12-13,310.0,312.1,298.75,299.6,3048551.0,40.91
2021-12-14,300.2,303.95,297.65,301.25,3456986.0,42.23
2021-12-15,301.65,307.7,299.55,300.5,4337986.0,42.33
2021-12-16,302.0,304.0,296.75,297.8,1851934.0,44.23
2021-12-17,297.8,298.65,286.6,287.35,2730995.0,35.48
2021-12-20,284.7,285.4,274.75,276.9,4138327.0,30.23
2021-12-21,277.1,283.5,277.0,281.55,1826393.0,33.47
2021-12-22,283.1,290.1,280.6,288.15,3816836.0,42.4
2021-12-23,291.0,297.6,290.55,294.8,3804226.0,53.29
2021-12-24,294.9,296.0,290.1,291.65,1499093.0,39.78
2021-12-27,291.0,291.65,286.0,290.75,908345.0,28.32
2021-12-28,291.2,295.4,290.75,294.25,973947.0,51.09
2021-12-29,294.5,296.45,290.3,292.4,1797810.0,63.26
2021-12-30,292.0,293.5,287.75,288.65,1319776.0,44.75
2021-12-31,290.65,294.65,287.6,292.35,1210196.0,44.3
2022-01-03,292.9,297.55,292.35,296.9,1016360.0,44.66
2022-01-04,298.95,301.0,295.0,297.9,2276944.0,63.07
2022-01-05,298.95,315.45,298.0,314.3,7511958.0,32.79
2022-01-06,315.95,317.0,308.5,314.15,4371260.0,44.49
2022-01-07,314.7,325.0,314.7,320.0,4815366.0,31.43
2022-01-10,320.0,327.85,319.0,326.55,2593083.0,45.74
2022-01-11,326.0,327.45,317.7,318.75,3046616.0,58.21
2022-01-12,320.8,325.85,316.65,319.15,3166104.0,57.52
2022-01-13,320.8,323.45,318.15,321.75,2386473.0,58.13
2022-01-14,321.5,326.4,319.5,325.0,3786535.0,49.46
2022-01-17,327.35,330.4,325.4,327.95,3892010.0,58.79
2022-01-18,328.1,330.45,323.0,323.85,2935659.0,45.51
2022-01-19,320.55,329.0,318.2,324.35,2566812.0,38.64
2022-01-20,323.0,332.2,322.2,325.05,3091537.0,31.9
2022-01-21,323.65,325.65,309.3,310.5,2865636.0,36.26
2022-01-24,309.6,313.65,300.75,303.5,2658907.0,30.23
2022-01-25,300.6,313.45,300.3,311.35,4044653.0,45.31
2022-01-26,300.6,313.45,300.3,311.35,4044653.0,45.31
2022-01-27,309.0,312.8,305.55,308.3,3620065.0,47.47
2022-01-28,310.15,322.6,310.0,313.45,4242254.0,30.06
2022-01-31,316.85,322.35,313.1,314.1,2816064.0,42.99
2022-02-01,310.0,310.0,290.0,291.5,12016893.0,40.39
2022-02-02,293.05,294.5,290.0,290.65,3724302.0,40.13
2022-02-03,291.0,291.45,283.9,284.55,3847964.0,44.32
2022-02-04,286.0,286.25,280.3,281.1,3858006.0,50.52
2022-02-07,281.65,286.25,278.55,285.05,3656235.0,47.2
2022-02-08,286.15,287.95,281.55,287.2,4430556.0,38.79
2022-02-09,288.8,296.95,287.2,295.8,4618523.0,52.94
2022-02-10,296.65,300.85,295.2,299.5,3321223.0,59.53
2022-02-11,296.0,304.0,295.55,301.65,3903257.0,49.87
2022-02-14,294.0,298.8,288.15,289.75,1923577.0,39.66
2022-02-15,291.0,296.25,282.55,295.5,2234858.0,38.63
2022-02-16,296.7,307.0,294.0,304.65,3789877.0,37.65
2022-02-17,306.3,306.3,298.25,301.3,2595292.0,15.72
2022-02-18,301.3,305.65,297.6,298.75,2401318.0,37.08
2022-02-21,295.0,302.0,291.1,292.75,1795516.0,35.7
2022-02-22,285.0,292.05,267.0,291.0,3211596.0,24.65
2022-02-23,291.0,294.95,288.0,289.6,2110155.0,34.65
2022-02-24,281.9,286.15,270.95,272.15,5347242.0,44.49
2022-02-25,278.0,278.85,264.25,267.8,5643597.0,40.46
2022-02-28,264.5,274.6,263.05,273.25,3693777.0,44.32
2022-03-01,264.5,274.6,263.05,273.25,3693777.0,44.32
2022-03-02,270.0,281.5,265.2,266.8,5506064.0,39.11
2022-03-03,270.0,284.0,268.15,279.05,12455444.0,23.78
2022-03-04,281.8,287.15,274.75,284.65,9267170.0,21.09
2022-03-07,282.7,282.7,272.1,276.3,4781082.0,30.96
2022-03-08,276.4,278.4,263.55,270.5,8719208.0,35.16
2022-03-09,272.0,274.5,267.5,269.1,5546869.0,30.72
2022-03-10,275.05,289.0,275.05,279.15,11136446.0,25.11
2022-03-11,279.6,295.9,278.4,294.3,9299318.0,28.17
2022-03-14,295.0,295.0,277.5,279.2,8883521.0,36.55
2022-03-15,282.05,283.2,270.25,273.55,8035725.0,20.81
2022-03-16,277.0,279.25,271.4,278.35,4897928.0,25.96
2022-03-17,280.0,283.25,276.8,281.45,5806158.0,45.29
2022-03-18,280.0,283.25,276.8,281.45,5806158.0,45.29
2022-03-21,277.3,279.65,273.25,276.2,7648456.0,30.16
2022-03-22,274.65,285.9,274.65,280.15,8527328.0,29.42
2022-03-23,283.0,288.4,281.4,284.65,6588818.0,39.15
2022-03-24,281.2,281.8,272.6,275.0,6566646.0,36.35
2022-03-25,278.4,278.45,270.8,271.4,4748653.0,38.12
2022-03-28,272.95,275.0,265.8,266.25,5956820.0,45.04
2022-03-29,269.8,270.8,266.55,267.55,3241884.0,42.94
2022-03-30,271.0,273.65,262.3,264.45,10895498.0,63.25
2022-03-31,267.2,273.15,265.25,269.35,5026164.0,35.63
2022-04-01,269.95,277.45,269.4,277.05,4161286.0,48.46
2022-04-04,277.55,281.55,276.0,279.7,2951135.0,30.76
2022-04-05,281.0,284.0,277.25,282.1,3839341.0,29.3
2022-04-06,281.0,292.2,280.25,290.8,4641613.0,42.06
2022-04-07,291.95,294.55,285.05,285.95,5167750.0,49.71
2022-04-08,289.65,297.5,288.25,296.4,5810082.0,49.73
2022-04-11,298.4,306.7,295.4,301.6,5016255.0,35.54
2022-04-12,300.8,300.8,286.65,288.9,3889271.0,38.46
2022-04-13,290.3,294.4,288.0,292.55,1868057.0,27.22
2022-04-14,290.3,294.4,288.0,292.55,1868057.0,27.22
2022-04-15,290.3,294.4,288.0,292.55,1868057.0,27.22
2022-04-18,290.0,291.7,282.0,283.35,2686938.0,42.84
2022-04-19,286.0,298.0,285.2,293.0,7357433.0,35.05
2022-04-20,295.0,303.15,292.6,299.7,4949226.0,40.31
2022-04-21,301.65,304.1,296.65,300.95,3468255.0,40.08
2022-04-22,300.95,303.2,297.5,298.65,2285065.0,45.63
2022-04-25,297.5,297.5,288.1,291.65,3813459.0,44.43
2022-04-26,293.0,294.65,289.0,292.5,2223597.0,43.63
2022-04-27,288.75,292.8,281.1,281.85,2878812.0,45.26
2022-04-28,283.8,284.0,278.3,282.15,3951401.0,52.28
2022-04-29,283.95,286.2,270.0,270.3,4743909.0,52.45
2022-05-02,270.0,273.25,267.3,272.4,3122625.0,39.61
2022-05-03,270.0,273.25,267.3,272.4,3122625.0,39.61
2022-05-04,272.4,276.8,270.45,272.05,2137212.0,32.61
2022-05-05,274.9,277.7,269.05,270.5,2597103.0,39.63
2022-05-06,268.5,269.85,264.45,268.7,1699526.0,35.0
2022-05-09,268.65,270.7,261.0,268.4,3044820.0,33.52
2022-05-10,270.0,274.55,268.15,270.5,3569992.0,42.17
2022-05-11,273.95,273.95,261.6,263.9,2959294.0,37.75
2022-05-12,262.0,267.1,258.0,262.5,2971815.0,37.51
2022-05-13,265.0,267.1,256.2,258.15,2320541.0,28.17
2022-05-16,260.15,260.15,253.4,254.35,1757062.0,30.43
2022-05-17,256.2,257.7,251.1,255.85,4794000.0,54.46
2022-05-18,252.0,255.0,238.3,243.65,8191941.0,46.23
2022-05-19,241.2,244.5,237.0,239.0,5287249.0,45.4
2022-05-20,243.5,246.4,239.05,243.95,6326814.0,36.94
2022-05-23,243.95,246.35,235.45,237.5,5108508.0,34.06
2022-05-24,239.9,243.9,238.1,242.05,4572810.0,30.15
2022-05-25,243.0,243.6,232.6,233.75,3559610.0,44.0
2022-05-26,234.95,236.25,225.8,234.5,5475391.0,45.33
2022-05-27,235.5,235.5,227.4,229.85,4926748.0,45.59
2022-05-30,231.05,233.4,228.6,231.85,5444178.0,52.58
2022-05-31,231.5,232.5,226.25,227.8,8573123.0,66.56
2022-06-01,230.0,235.8,228.25,229.55,6157685.0,34.28
2022-06-02,232.0,232.7,228.65,232.15,5172847.0,39.91
2022-06-03,232.8,234.5,230.75,232.9,3288754.0,35.94
2022-06-06,232.8,232.8,225.1,227.7,4216483.0,37.96
2022-06-07,227.6,232.25,226.4,230.55,3074923.0,26.85
2022-06-08,231.15,235.0,230.05,232.3,3492369.0,29.81
2022-06-09,231.8,244.9,230.0,238.6,9106171.0,31.69
2022-06-10,236.0,239.75,234.5,237.6,2779565.0,34.96
2022-06-13,233.7,234.5,226.0,226.85,2851811.0,33.12
2022-06-14,226.95,228.7,213.1,214.0,10056022.0,40.23
2022-06-15,215.1,215.95,210.3,214.85,6260694.0,40.73
2022-06-16,218.0,219.65,211.45,211.95,4248279.0,32.76
2022-06-17,210.25,214.0,208.7,209.4,8066291.0,58.76
2022-06-20,212.0,215.55,206.5,210.35,5872179.0,33.97
2022-06-21,210.0,219.5,210.0,218.4,3510313.0,35.31
2022-06-22,219.8,225.35,214.2,224.55,8420204.0,37.78
2022-06-23,225.3,227.25,220.6,225.7,6739400.0,45.06
2022-06-24,225.55,226.65,219.05,219.85,4727258.0,39.96
2022-06-27,221.85,226.0,219.2,224.75,2677886.0,28.17
2022-06-28,222.65,230.0,220.35,222.35,5992679.0,31.17
2022-06-29,221.5,224.7,219.2,224.0,3226491.0,41.76
2022-06-30,223.0,224.6,216.1,217.2,6705243.0,55.14
2022-07-01,218.0,229.0,216.2,228.45,8196598.0,33.92
2022-07-04,225.45,228.0,223.4,226.9,2419705.0,36.76
2022-07-05,227.8,229.0,223.15,226.25,4348491.0,39.29
2022-07-06,228.0,236.7,228.0,233.85,9806319.0,47.34
2022-07-07,238.0,245.9,235.45,244.7,8777998.0,45.13
2022-07-08,244.1,245.8,239.75,241.3,4242055.0,53.4
2022-07-11,241.0,244.9,235.55,243.05,3950858.0,47.14
2022-07-12,243.0,243.8,233.0,234.0,5592328.0,42.96
2022-07-13,237.05,243.0,231.1,232.05,6061655.0,44.23
2022-07-14,232.1,239.05,231.95,237.85,5323546.0,59.43
2022-07-15,238.6,241.65,235.6,239.65,4593812.0,56.2
2022-07-18,240.3,242.3,238.3,240.9,2015160.0,39.67
2022-07-19,239.85,242.0,238.35,240.85,1956210.0,47.81
2022-07-20,243.45,244.95,231.0,234.35,6487651.0,48.0
2022-07-21,234.85,239.0,233.0,237.6,2691915.0,38.59
2022-07-22,238.95,239.0,233.2,234.35,2082154.0,48.63
2022-07-25,234.9,234.9,229.6,231.2,2642851.0,40.47
2022-07-26,231.7,231.95,225.1,229.9,3287898.0,39.21
2022-07-27,230.8,233.5,229.05,233.15,1971848.0,42.88
2022-07-28,233.9,236.0,230.95,233.4,3247028.0,49.88
2022-07-29,235.1,242.35,233.8,241.15,6149324.0,55.35
2022-08-01,241.8,242.0,236.65,241.3,2985566.0,41.4
2022-08-02,241.0,249.0,240.7,245.85,6806760.0,38.78
2022-08-03,247.7,248.9,242.0,244.05,5085169.0,41.37
2022-08-04,245.9,247.95,242.6,244.8,3425450.0,47.06
2022-08-05,247.5,251.8,242.2,250.7,6694048.0,41.34
2022-08-10,240.35,242.2,238.5,240.05,5245266.0,56.31
2022-08-11,241.0,242.4,239.8,240.1,2784628.0,66.1
2022-08-12,241.0,246.95,240.5,245.85,4312613.0,47.74
2022-08-15,241.0,246.95,240.5,245.85,4312613.0,47.74
2022-08-16,251.0,256.0,246.1,255.4,7275166.0,44.4
2022-08-17,257.75,265.25,255.5,264.25,7741905.0,39.03
2022-08-18,265.9,266.6,260.4,263.15,6770567.0,47.52
2022-08-19,264.4,264.9,261.3,263.7,5458380.0,57.84
2022-08-22,248.8,251.9,245.65,246.65,5373121.0,46.81
2022-08-23,244.65,246.5,241.2,242.45,4105451.0,53.16
2022-08-24,240.15,241.75,235.35,237.9,5799114.0,53.65
2022-08-25,237.95,243.2,237.95,241.1,3360339.0,48.72
2022-08-26,242.05,243.0,240.55,241.45,2801532.0,58.11
2022-08-29,236.2,241.45,235.35,239.8,2571659.0,54.6
2022-08-30,240.45,244.25,238.5,243.55,4569684.0,59.5
2022-08-31,240.45,244.25,238.5,243.55,4569684.0,59.5
2022-09-01,243.5,247.25,242.6,245.9,5478636.0,60.22
2022-09-02,246.95,248.2,237.65,238.35,5045747.0,55.8
2022-09-05,238.35,240.5,237.95,238.65,1711723.0,55.39
2022-09-06,240.25,242.75,238.55,238.95,2792742.0,58.96
2022-09-07,239.2,244.9,238.8,243.75,3438982.0,55.37
2022-09-08,246.35,255.0,246.15,250.65,7555106.0,31.75
2022-09-09,252.45,252.6,245.2,245.85,1487004.0,33.95
2022-09-12,245.85,252.35,244.5,250.0,3602379.0,53.16
2022-09-13,251.95,253.25,245.0,245.55,3509313.0,44.52
2022-09-14,243.95,244.65,241.35,242.8,2102196.0,46.76
2022-09-15,244.05,244.05,237.55,238.4,3583647.0,60.43
2022-09-16,239.4,239.4,227.85,228.8,7649517.0,66.88
2022-09-19,231.1,236.45,230.5,233.6,3534449.0,45.57
2022-09-20,234.25,236.7,232.75,233.7,1850315.0,49.47
2022-09-21,234.9,237.4,231.2,232.2,2735192.0,37.74
2022-09-22,232.0,232.9,228.25,230.5,2803972.0,46.73
2022-09-23,231.65,232.3,226.1,226.85,2698487.0,44.03
2022-09-26,226.4,232.0,218.95,219.9,4109202.0,46.46
2022-09-27,221.75,223.95,219.2,221.9,3252966.0,60.72
2022-09-28,220.0,222.0,217.8,219.0,2657270.0,52.72
2022-09-29,220.1,220.85,214.35,216.45,4143743.0,49.54
2022-09-30,217.55,217.75,213.65,216.3,3801925.0,59.13
2022-10-03,217.4,221.75,215.05,216.05,2956339.0,44.43
2022-10-04,219.9,221.45,218.2,218.75,2530025.0,55.57
2022-10-05,219.9,221.45,218.2,218.75,2530025.0,55.57
2022-10-06,219.85,223.1,217.45,221.6,4301213.0,60.38
2022-10-07,220.0,220.0,215.65,218.55,3824912.0,54.21
2022-10-10,215.0,216.3,213.6,214.9,2246926.0,51.67
2022-10-11,215.0,215.9,210.0,210.2,3696950.0,52.3
2022-10-12,210.15,215.65,208.4,210.55,7059346.0,40.73
2022-10-13,212.05,212.65,205.6,207.35,4266039.0,50.1
2022-10-14,210.7,210.9,204.55,204.95,1785098.0,48.33
2022-10-17,205.5,205.65,200.85,202.25,4093876.0,50.17
2022-10-18,203.4,204.0,200.6,201.9,2610643.0,45.74
2022-10-19,202.95,204.1,201.45,202.45,1973195.0,50.82
2022-10-20,201.6,205.95,200.05,205.6,2046831.0,42.31
2022-10-21,206.9,207.8,204.25,206.2,1830774.0,33.73
2022-10-24,209.25,209.25,206.7,207.4,307371.0,58.64
2022-10-25,207.0,210.5,204.75,209.8,2751784.0,58.27
2022-10-26,207.0,210.5,204.75,209.8,2751784.0,58.27
2022-10-27,210.0,211.45,208.05,210.6,2045746.0,47.16
2022-10-28,210.9,212.6,209.2,211.9,1623246.0,48.41
2022-10-31,213.0,214.45,211.25,213.85,1461628.0,39.38
2022-11-01,213.8,214.25,210.2,212.1,1632047.0,31.56
2022-11-02,212.1,215.3,211.7,214.7,1605450.0,38.38
2022-11-03,214.65,218.6,210.55,211.05,3657583.0,21.84
2022-11-04,206.4,209.4,201.0,203.6,7874982.0,41.21
2022-11-07,205.5,210.3,204.25,209.9,4210267.0,45.81
2022-11-08,205.5,210.3,204.25,209.9,4210267.0,45.81
2022-11-09,211.95,211.95,204.25,204.5,2914877.0,58.75
2022-11-10,204.9,206.45,204.35,205.8,1611384.0,45.9
2022-11-11,206.85,207.95,205.6,207.7,1609255.0,48.18
2022-11-14,207.75,210.35,207.2,208.1,2159471.0,49.32
2022-11-15,208.95,210.5,207.0,210.2,1499084.0,49.79
2022-11-16,210.5,210.5,208.0,208.95,3614141.0,75.47
2022-11-17,209.15,210.8,207.4,210.1,1852984.0,52.92
2022-11-18,211.0,211.8,207.05,209.1,1803758.0,41.24
2022-11-21,210.15,216.35,209.5,215.3,4584083.0,32.85
2022-11-22,214.45,215.25,210.5,212.4,2984354.0,53.12
2022-11-23,213.35,215.6,212.1,214.45,2293009.0,49.43
2022-11-24,216.2,221.85,215.7,221.5,4605946.0,32.9
2022-11-25,221.95,228.4,219.2,226.05,4056452.0,34.94
2022-11-28,228.0,239.5,228.0,238.5,11274525.0,53.26
2022-11-29,239.0,239.7,235.6,238.5,3248659.0,45.0
2022-11-30,238.5,241.5,234.85,239.1,4640871.0,51.86
2022-12-01,239.1,240.0,235.05,236.45,2413514.0,49.77
2022-12-02,236.45,238.65,234.25,235.7,4206982.0,38.78
2022-12-05,235.5,236.15,229.4,230.1,2602442.0,49.54
2022-12-06,231.0,231.7,223.3,224.05,4157323.0,47.17
2022-12-07,227.5,233.5,225.75,232.55,7136303.0,37.98
2022-12-08,234.55,237.5,231.25,235.2,4210130.0,32.96
2022-12-09,240.0,244.85,235.1,240.0,6969509.0,30.55
2022-12-12,239.95,253.0,238.0,251.9,10115374.0,45.05
2022-12-13,251.75,252.8,245.0,246.05,4602148.0,39.27
2022-12-14,247.3,247.7,242.25,242.7,4846174.0,46.91
2022-12-15,243.2,248.9,242.75,246.55,4490416.0,51.04
2022-12-16,246.9,249.05,241.05,243.2,3790998.0,51.57
2022-12-19,244.9,245.25,239.45,243.5,3718744.0,47.44
2022-12-20,242.6,243.75,239.4,241.35,1852342.0,37.6
2022-12-21,240.7,242.35,231.1,232.0,4016854.0,43.92
2022-12-22,234.5,234.5,225.75,230.1,2848600.0,39.6
2022-12-23,229.6,229.6,224.55,227.5,3077985.0,52.56
2022-12-26,226.5,232.75,224.5,230.9,1990224.0,39.69
2022-12-27,231.95,232.95,228.35,231.15,2631093.0,45.88
2022-12-28,231.4,232.8,228.4,230.95,2061111.0,44.92
2022-12-29,230.9,233.65,228.5,233.2,2035681.0,47.03
2022-12-30,233.9,236.4,232.9,235.15,2417674.0,50.96
2023-01-02,235.95,238.55,234.0,237.1,1790737.0,44.63
2023-01-03,236.0,238.75,234.95,237.7,1689581.0,44.74
2023-01-04,239.0,244.0,237.25,241.0,5212745.0,37.52
2023-01-05,243.7,248.85,241.45,245.95,5629668.0,39.0
2023-01-06,245.8,251.0,244.4,249.9,3966434.0,42.06
2023-01-09,249.9,250.7,244.65,245.15,3226492.0,56.14
2023-01-10,246.4,250.0,243.0,249.2,4094297.0,53.91
2023-01-11,249.95,261.0,247.95,256.45,11936912.0,44.92
2023-01-12,257.7,257.85,247.9,249.7,5189431.0,35.77
2023-01-13,248.5,252.9,246.2,251.2,4347127.0,30.94
2023-01-16,251.8,251.8,246.65,247.4,2424068.0,53.74
2023-01-17,248.65,249.7,242.05,243.35,4404968.0,45.36
2023-01-18,242.15,245.25,241.65,243.3,1776615.0,42.92
2023-01-19,243.35,248.5,242.15,245.85,3194025.0,57.78
2023-01-20,245.5,248.0,243.25,245.9,6085845.0,27.63
2023-01-23,247.95,251.2,244.55,250.4,3312984.0,66.61
2023-01-24,250.5,252.7,247.75,249.2,3165331.0,61.36
2023-01-25,248.25,249.9,246.15,248.05,2460280.0,54.34
2023-01-26,248.25,249.9,246.15,248.05,2460280.0,54.34
2023-01-27,248.75,249.9,228.25,234.3,6239083.0,42.67
2023-01-30,235.6,236.85,231.0,234.35,4134762.0,44.26
2023-01-31,236.8,240.3,235.1,237.9,4673515.0,51.68
2023-02-01,237.0,240.6,230.1,235.45,5032993.0,38.91
2023-02-02,236.0,236.0,226.5,230.25,4597660.0,49.76
2023-02-03,231.9,232.45,222.1,227.6,4731537.0,52.99
2023-02-06,228.9,232.85,225.55,232.2,3166806.0,46.62
2023-02-07,232.95,232.95,229.45,231.65,1327174.0,34.11
2023-02-08,231.65,233.25,227.95,231.85,3784448.0,24.25
2023-02-09,229.4,233.7,229.35,232.05,2084827.0,48.38
2023-02-10,235.0,235.95,230.1,232.8,5645406.0,54.2
2023-02-13,233.0,234.8,230.05,231.2,2991387.0,43.94
2023-02-14,231.0,234.45,227.85,233.75,3233434.0,52.51
2023-02-15,233.7,235.5,231.8,235.05,1186525.0,45.0
2023-02-16,234.6,235.2,230.0,231.4,3039706.0,57.34
2023-02-17,231.7,236.7,230.8,234.05,2851201.0,59.56
2023-02-20,235.4,235.4,229.7,231.4,3316206.0,46.77
2023-02-21,232.1,234.45,225.5,227.25,2603675.0,44.98
2023-02-22,222.95,225.4,220.35,223.9,5787659.0,49.94
2023-02-23,224.1,225.25,221.25,222.1,6558868.0,67.77
2023-02-24,222.4,224.05,216.6,217.0,4491426.0,67.28
2023-02-27,217.8,217.8,211.65,214.3,6210488.0,68.06
2023-02-28,214.3,216.45,212.55,215.25,5592321.0,65.45
2023-03-01,216.25,217.15,214.4,215.2,3119440.0,72.08
2023-03-02,215.85,219.3,214.05,218.05,3271623.0,64.77
2023-03-03,219.65,220.15,216.75,218.9,2179934.0,51.71
2023-03-06,219.9,222.55,219.05,220.4,3081002.0,63.26
2023-03-07,219.9,222.55,219.05,220.4,3081002.0,63.26
2023-03-08,220.2,224.5,219.7,223.75,3370500.0,55.3
2023-03-09,223.9,227.5,223.55,226.85,4069728.0,67.81
2023-03-10,225.95,231.25,223.85,229.7,2956753.0,35.63
2023-03-13,229.0,231.3,226.9,228.25,3469240.0,57.98
2023-03-14,228.1,230.2,225.0,228.7,3464617.0,52.38
2023-03-15,231.0,233.95,229.6,230.35,4074923.0,43.9
2023-03-16,233.0,246.9,233.0,244.5,16745564.0,40.91
2023-03-17,246.0,246.45,240.0,242.55,9349670.0,56.49
2023-03-20,247.45,248.9,240.8,247.6,5873437.0,40.7
2023-03-21,247.7,247.7,242.1,244.75,3359608.0,48.49
2023-03-22,244.8,246.25,243.45,245.45,1890980.0,52.16
2023-03-23,244.5,245.55,242.0,242.7,2119676.0,45.72
2023-03-24,242.0,242.7,238.5,238.85,988849.0,22.83
2023-03-27,239.85,242.4,235.05,236.3,1445949.0,46.5
2023-03-28,234.9,235.6,230.3,234.25,1906841.0,33.64
2023-03-29,233.7,236.3,231.55,234.05,4312592.0,56.95
2023-03-30,233.7,236.3,231.55,234.05,4312592.0,56.95
2023-03-31,235.25,238.9,234.65,236.8,1425518.0,49.7
2023-04-03,230.0,232.65,220.1,225.5,8513078.0,53.78
2023-04-04,230.0,232.65,220.1,225.5,8513078.0,53.78
2023-04-05,226.5,226.5,222.55,225.65,2851245.0,44.31
2023-04-06,226.8,229.5,225.35,227.9,1506260.0,34.47
2023-04-07,226.8,229.5,225.35,227.9,1506260.0,34.47
2023-04-10,227.95,231.0,227.1,229.3,1951800.0,39.46
2023-04-11,229.6,231.75,229.3,231.3,1217235.0,58.0
2023-04-12,231.0,232.3,227.55,229.9,2953717.0,58.41
2023-04-13,227.1,228.9,223.25,225.0,5572764.0,60.98
2023-04-14,227.1,228.9,223.25,225.0,5572764.0,60.98
2023-04-17,225.55,227.35,222.05,226.9,1958849.0,46.01
2023-04-18,227.95,228.85,226.95,228.6,1304569.0,35.27
2023-04-19,228.75,239.0,228.0,238.25,3883553.0,31.22
2023-04-20,239.85,243.5,237.85,239.7,3500073.0,27.07
2023-04-21,241.3,242.4,238.5,241.8,1561574.0,33.16
2023-04-24,241.4,244.2,239.65,243.8,996989.0,37.79
2023-04-25,243.45,248.0,242.0,247.0,1923777.0,47.22
2023-04-26,245.3,248.6,245.3,247.25,1514254.0,54.38
2023-04-27,249.3,253.5,248.75,250.6,3069048.0,39.29
2023-04-28,251.5,251.8,247.3,251.25,1624774.0,43.59
2023-05-01,251.5,251.8,247.3,251.25,1624774.0,43.59
2023-05-02,251.3,257.65,250.7,252.85,2636778.0,55.15
2023-05-03,255.7,260.0,253.8,256.6,4522742.0,41.89
2023-05-04,259.05,265.95,256.35,258.2,6945164.0,38.04
2023-05-05,259.5,260.45,253.65,254.0,2175413.0,50.62
2023-05-08,254.7,255.1,250.45,253.95,3705772.0,53.9
2023-05-09,254.45,256.4,253.05,255.45,2097068.0,56.29
2023-05-10,257.35,259.5,253.85,256.05,5188412.0,38.8
2023-05-11,258.05,259.15,256.3,258.4,1263536.0,42.91
2023-05-12,258.0,261.25,255.05,260.75,3196409.0,57.54
2023-05-15,263.5,269.0,258.45,259.6,4426068.0,35.45
2023-05-16,262.2,266.0,259.15,261.15,4135420.0,48.69
2023-05-17,261.15,264.2,257.35,258.2,1857604.0,32.22
2023-05-18,258.9,259.6,253.2,254.4,1440341.0,37.17
2023-05-19,254.5,257.0,251.7,256.35,2018343.0,43.95
2023-05-22,256.1,256.3,252.25,255.5,1269136.0,47.89
2023-05-23,255.9,265.4,255.25,263.4,4047648.0,37.96
2023-05-24,263.4,264.9,257.9,258.2,1466700.0,29.94
2023-05-25,258.0,259.35,254.75,258.1,2088047.0,51.59
2023-05-26,259.95,261.9,257.55,258.55,1063383.0,44.66
2023-05-29,260.0,260.05,256.2,257.7,774477.0,34.57
2023-05-30,257.7,259.35,255.55,256.9,1263049.0,53.92
2023-05-31,258.35,264.2,256.2,260.9,10030345.0,73.33
2023-06-01,263.0,267.35,259.6,260.25,2635049.0,30.15
2023-06-02,260.9,260.9,257.3,258.55,2541167.0,57.66
2023-06-05,258.15,258.85,253.3,256.5,2728973.0,41.41
2023-06-06,256.95,263.25,256.6,262.35,2859015.0,43.15
2023-06-07,263.3,278.4,262.85,276.65,13628304.0,53.66
2023-06-08,272.5,272.5,265.0,265.9,7932888.0,40.28
2023-06-09,268.0,268.8,261.55,262.2,2090433.0,43.8
2023-06-12,263.0,274.95,262.95,273.45,4912351.0,37.92
2023-06-13,275.5,277.2,272.9,274.35,2430467.0,39.38
2023-06-14,273.5,279.5,273.5,275.9,4126144.0,51.74
2023-06-15,276.25,277.75,273.0,274.0,1888308.0,48.78
2023-06-16,274.0,275.0,271.0,273.4,3659902.0,63.77
2023-06-19,273.45,274.4,271.05,272.75,881452.0,39.61
2023-06-20,273.0,273.5,268.7,272.95,2160254.0,46.32
2023-06-21,274.2,275.3,270.55,274.0,2804544.0,48.07
2023-06-22,272.8,276.0,270.6,275.0,2958531.0,49.36
2023-06-23,273.0,274.75,265.0,269.45,6014578.0,41.65
2023-06-26,269.4,272.7,266.45,271.15,1916191.0,56.86
2023-06-27,272.0,274.65,265.85,267.0,2979345.0,46.63
2023-06-28,269.75,275.0,266.2,269.1,2500355.0,39.93
2023-06-29,269.75,275.0,266.2,269.1,2500355.0,39.93
2023-06-30,269.75,275.0,268.15,273.85,3138175.0,57.97
2023-07-03,276.0,293.45,272.6,283.5,15642966.0,37.82
2023-07-04,286.0,286.0,276.65,279.1,3630465.0,52.44
2023-07-05,279.85,292.25,276.5,290.8,7569059.0,46.33
2023-07-06,290.05,307.0,290.05,301.95,14338085.0,32.58
2023-07-07,301.95,308.0,299.5,305.95,5903712.0,31.69
2023-07-10,308.0,308.0,294.35,298.0,4151831.0,40.31
2023-07-11,297.8,299.75,294.05,295.15,5896552.0,66.57
2023-07-12,295.1,297.7,290.65,291.4,3486300.0,55.69
2023-07-13,293.0,293.7,285.0,286.8,4301569.0,55.81
2023-07-14,287.0,290.5,283.5,287.4,2529040.0,48.24
2023-07-17,290.3,295.0,288.55,294.35,3351098.0,39.38
2023-07-18,295.75,298.0,289.5,290.4,3001365.0,43.49
2023-07-19,290.5,298.5,288.8,297.9,3673515.0,49.29
2023-07-20,298.0,305.6,298.0,300.4,4407935.0,28.87
2023-07-21,300.0,304.8,298.4,301.55,1698674.0,38.55
2023-07-24,301.55,304.5,299.75,300.95,2619335.0,56.69
2023-07-25,299.85,303.8,297.8,300.3,2816638.0,57.37
2023-07-26,300.5,309.9,299.2,301.7,4534717.0,41.8
2023-07-27,303.5,305.65,289.4,290.7,4941262.0,37.22
2023-07-28,292.45,292.45,277.5,279.4,7445414.0,50.45
2023-07-31,280.0,285.5,276.3,282.4,6240884.0,55.91
2023-08-01,281.5,286.95,280.1,285.05,3178034.0,41.04
2023-08-02,286.2,286.2,274.0,276.3,9388544.0,58.4
2023-08-03,276.5,278.1,268.5,270.35,9284132.0,49.48
2023-08-04,273.9,273.9,266.2,266.7,3333298.0,43.7
2023-08-07,268.7,269.0,263.0,267.8,3986410.0,46.76
2023-08-08,269.1,270.25,262.5,265.05,3995210.0,61.87
2023-08-09,265.9,267.5,263.15,266.4,2528092.0,31.38
2023-08-10,266.9,269.7,264.05,264.9,2411153.0,36.0
2023-08-11,266.5,269.6,265.15,266.65,2333665.0,43.32
2023-08-14,266.5,266.6,262.1,263.4,1177880.0,36.74
2023-08-15,266.5,266.6,262.1,263.4,1177880.0,36.74
2023-08-16,262.5,266.55,260.75,261.65,3468496.0,46.65
2023-08-17,263.0,264.0,260.2,261.75,1908767.0,35.82
2023-08-18,262.65,263.85,259.65,261.15,2494469.0,45.6
2023-08-21,261.05,262.25,259.35,260.5,2112618.0,29.81
2023-08-22,261.95,262.65,259.2,260.2,1564969.0,49.0
2023-08-23,260.5,261.35,259.1,260.0,1227302.0,37.48
2023-08-24,261.0,266.55,260.2,264.85,2941219.0,32.47
2023-08-25,265.0,267.95,260.6,261.5,2523596.0,41.09
2023-08-28,262.0,265.85,261.15,264.35,2777337.0,35.14
2023-08-29,265.4,266.7,263.2,263.9,2717899.0,42.7
2023-08-30,260.6,262.0,257.0,257.7,9869037.0,59.74
2023-08-31,258.2,258.25,246.8,248.1,9028979.0,55.58
2023-09-01,249.5,250.9,246.2,250.25,5725355.0,54.36
2023-09-04,251.5,253.7,248.5,253.05,4726184.0,47.09
2023-09-05,253.85,258.7,252.5,254.65,3322114.0,40.35
2023-09-06,251.85,255.0,249.75,254.7,2817221.0,39.7
2023-09-07,256.15,257.75,252.0,254.15,4099467.0,56.95
2023-09-08,254.75,263.3,254.0,260.4,5751334.0,39.35
2023-09-11,262.5,268.65,260.4,265.8,5543394.0,37.75
2023-09-12,268.9,268.9,251.0,251.8,7562607.0,55.51
2023-09-13,252.25,255.85,249.55,254.7,4293153.0,46.34
2023-09-14,255.3,259.3,254.65,258.5,3070264.0,39.31
2023-09-15,257.65,257.8,251.0,252.25,10861910.0,62.43
2023-09-18,251.55,261.25,251.2,257.1,4933841.0,36.84
2023-09-19,251.55,261.25,251.2,257.1,4933841.0,36.84
2023-09-20,253.5,259.3,252.35,257.8,4886856.0,48.82
2023-09-21,258.0,266.0,256.55,263.45,8471846.0,35.2
2023-09-22,263.0,266.25,260.5,260.95,4485351.0,43.74
2023-09-25,260.05,261.85,256.25,260.35,3396577.0,37.35
2023-09-26,260.0,263.75,259.25,260.0,2913558.0,51.12
2023-09-27,259.65,259.8,252.9,256.3,4054432.0,42.0
2023-09-28,254.0,256.95,249.1,249.7,3900049.0,40.64
2023-09-29,251.7,257.75,250.3,254.95,2932062.0,28.23
2023-10-02,251.7,257.75,250.3,254.95,2932062.0,28.23
2023-10-03,256.5,259.1,253.65,254.4,3848575.0,46.12
2023-10-04,255.0,255.15,247.05,249.95,5085524.0,50.27
2023-10-05,256.0,261.7,252.3,253.55,5990048.0,36.33
2023-10-06,254.05,259.3,253.0,257.75,3734939.0,50.27
2023-10-09,252.1,253.0,249.0,251.7,5323422.0,50.5
2023-10-10,251.75,254.55,251.1,251.75,1092604.0,35.49
2023-10-11,253.65,255.55,252.6,254.1,2353720.0,59.44
2023-10-12,255.5,261.8,255.45,258.4,3160526.0,41.64
2023-10-13,258.05,259.85,255.8,256.45,1457405.0,41.48
2023-10-16,254.0,258.5,251.15,256.7,2421516.0,26.45
2023-10-17,257.15,266.5,255.9,261.7,5380744.0,27.13
2023-10-18,262.7,263.0,256.05,256.95,4418273.0,43.34
2023-10-19,256.0,263.0,254.25,261.8,1823076.0,32.96
2023-10-20,260.0,260.0,250.75,252.7,4139478.0,54.55
2023-10-23,253.5,254.8,247.8,249.2,4736311.0,42.92
2023-10-24,253.5,254.8,247.8,249.2,4736311.0,42.92
2023-10-25,251.7,252.85,244.05,246.05,3688221.0,45.33
2023-10-26,245.0,245.05,239.2,242.15,3201973.0,48.2
2023-10-27,242.5,246.15,241.5,243.55,1597061.0,39.94
2023-10-30,245.0,247.75,241.6,245.95,3326372.0,31.06
2023-10-31,247.35,249.35,245.2,247.7,2072389.0,44.39
2023-11-01,249.5,254.6,249.4,251.95,3166808.0,42.84
2023-11-02,253.7,258.5,252.4,255.2,3133747.0,49.51
2023-11-03,256.0,259.9,255.0,257.55,2369080.0,44.73
2023-11-06,259.8,265.0,258.45,262.1,5012098.0,39.6
2023-11-07,265.1,280.25,260.05,278.65,20334091.0,36.52
2023-11-08,282.55,302.4,282.05,299.5,24683404.0,24.83
2023-11-09,300.15,304.8,297.1,298.95,6449638.0,28.61
2023-11-10,298.0,302.75,295.75,299.55,3324906.0,38.07
2023-11-13,299.1,304.75,295.25,303.25,4735664.0,31.48
2023-11-14,299.1,304.75,295.25,303.25,4735664.0,31.48
2023-11-15,304.85,314.7,301.75,313.6,8865147.0,33.26
2023-11-16,315.0,326.8,313.35,320.25,9631950.0,26.35
2023-11-17,323.0,334.7,308.45,310.0,18331279.0,40.8
2023-11-20,311.55,312.8,305.5,307.2,4877427.0,34.7
2023-11-21,309.7,309.7,300.3,304.95,5429293.0,43.03
2023-11-22,307.0,314.35,302.3,305.5,9980162.0,44.53
2023-11-23,307.0,329.75,305.8,326.7,16229630.0,32.0
2023-11-24,325.85,326.0,314.55,320.2,10281163.0,33.24
2023-11-27,325.85,326.0,314.55,320.2,10281163.0,33.24
2023-11-28,329.05,345.0,325.1,342.75,26484193.0,45.47
2023-11-29,342.0,351.0,337.05,342.45,15698997.0,39.21
2023-11-30,342.0,349.8,336.55,347.4,12154345.0,53.68
2023-12-01,348.1,356.35,344.05,345.55,7464330.0,35.36
2023-12-04,355.0,379.45,355.0,376.5,29952155.0,35.36
2023-12-05,381.0,391.5,374.15,381.45,19895442.0,38.74
2023-12-06,387.0,389.9,374.65,384.25,6782813.0,30.25
2023-12-07,390.25,396.0,382.15,383.1,13379064.0,46.44
2023-12-08,384.0,386.8,373.1,377.5,5642579.0,36.65
2023-12-11,380.0,382.35,358.2,360.85,15792800.0,41.88
2023-12-12,361.0,369.85,356.0,357.1,8434246.0,36.86
2023-12-13,363.5,377.75,362.65,375.0,14352953.0,30.07
2023-12-14,377.9,380.0,369.45,375.7,6516863.0,39.52
2023-12-15,368.0,392.75,366.55,383.9,12618943.0,25.58
2023-12-18,386.0,386.75,377.85,379.3,4271530.0,28.99
2023-12-19,381.9,385.0,376.15,380.6,4709247.0,35.02
2023-12-20,384.75,384.75,363.1,364.85,7408093.0,36.34
2023-12-21,360.3,378.0,358.7,375.7,5648125.0,40.16
2023-12-22,375.6,375.6,364.0,369.3,8465677.0,46.06
2023-12-25,375.6,375.6,364.0,369.3,8465677.0,46.06
2023-12-26,370.9,392.0,366.8,384.15,14436968.0,33.08
2023-12-27,384.0,387.45,377.0,381.85,13144177.0,65.29
2023-12-28,385.7,436.4,382.35,417.65,38250324.0,26.93
2023-12-29,400.0,410.2,397.2,398.9,19529419.0,38.55
2024-01-01,406.0,406.5,398.1,399.6,5801006.0,43.03
2024-01-02,401.3,411.0,393.1,408.7,8216368.0,36.91
2024-01-03,409.05,423.55,405.5,421.8,13173281.0,44.79
2024-01-04,417.0,418.15,412.05,415.4,7789886.0,48.41
2024-01-05,416.5,427.0,416.2,420.0,9713784.0,39.79
2024-01-08,424.0,438.0,422.2,429.4,14564712.0,41.27
2024-01-09,438.0,441.35,431.0,439.35,7393355.0,46.05
2024-01-10,435.0,436.5,425.65,430.7,5987033.0,44.31
2024-01-11,435.0,447.45,433.45,445.5,9144772.0,44.67
2024-01-12,446.85,453.2,438.55,450.8,7626558.0,35.29
2024-01-15,452.5,453.6,445.15,449.6,4608455.0,31.82
2024-01-16,449.4,459.4,448.05,452.8,7410778.0,36.44
2024-01-17,451.0,458.75,446.05,449.1,8658106.0,45.23
2024-01-18,449.0,462.0,439.4,454.6,6440957.0,27.65
2024-01-19,458.6,468.55,453.0,465.75,3988785.0,26.5
2024-01-22,470.0,475.0,464.15,468.65,4335451.0,40.34
2024-01-23,476.8,477.0,437.0,440.45,8678819.0,37.39
2024-01-24,445.0,456.75,441.0,452.55,6059348.0,45.2
2024-01-25,456.0,457.45,416.5,430.6,17686747.0,27.8
2024-01-26,456.0,457.45,416.5,430.6,17686747.0,27.8
2024-01-29,433.0,458.65,430.15,452.3,13805392.0,36.55
2024-01-30,456.25,485.3,454.75,471.7,17261998.0,33.3
2024-01-31,474.4,477.55,460.1,463.25,6016956.0,41.61
2024-02-01,467.95,470.35,456.0,465.8,5221729.0,35.52
2024-02-02,473.0,500.8,470.95,488.85,19090406.0,29.03
2024-02-05,497.0,517.35,490.0,508.4,18304224.0,35.71
2024-02-06,515.0,541.0,505.15,535.8,19235513.0,42.95
2024-02-07,524.0,532.75,516.15,523.6,11694148.0,39.13
2024-02-08,523.8,538.4,520.1,525.15,12712879.0,35.65
2024-02-09,526.0,526.45,489.3,510.2,9789517.0,24.0
2024-02-12,507.1,510.2,486.9,501.9,9490202.0,19.15
2024-02-13,503.0,507.75,492.4,501.65,5094484.0,31.28
2024-02-14,495.0,549.0,491.55,543.3,14135751.0,32.03
2024-02-15,548.8,579.7,537.55,575.0,17700107.0,23.29
2024-02-16,578.0,594.8,558.85,565.7,14846350.0,30.71
2024-02-19,567.0,569.6,552.55,554.7,10134836.0,44.13
2024-02-20,554.7,567.5,538.9,563.1,8916525.0,30.91
2024-02-21,564.0,569.0,532.0,543.25,6662387.0,30.15
2024-02-22,543.0,550.05,528.6,539.1,6318710.0,33.32
2024-02-23,536.0,539.45,522.1,527.6,5742177.0,29.06
2024-02-26,527.6,543.5,511.0,541.65,16108207.0,26.55
2024-02-27,541.8,547.5,522.55,529.85,8476974.0,35.15
2024-02-28,529.85,530.2,504.45,507.2,10822607.0,43.37
2024-02-29,505.05,515.0,502.05,509.4,9735845.0,47.73
2024-03-01,516.0,526.0,515.3,517.15,6844994.0,28.69
2024-03-04,517.0,527.9,515.55,525.1,8187650.0,38.41
2024-03-05,526.0,531.45,521.55,528.05,4769230.0,38.72
2024-03-06,526.5,529.8,504.2,517.2,7530897.0,30.06
2024-03-07,515.7,518.5,503.4,508.5,4246754.0,32.32
2024-03-08,515.7,518.5,503.4,508.5,4246754.0,32.32
2024-03-11,506.0,522.0,497.45,511.85,8750873.0,31.3
2024-03-12,512.0,521.45,507.25,514.3,6091354.0,37.56
2024-03-13,514.6,517.0,478.6,483.9,7823337.0,33.31
2024-03-14,485.0,505.0,480.6,500.1,7545044.0,31.52
2024-03-15,489.85,489.85,451.15,468.85,31713010.0,29.39
2024-03-18,468.9,474.8,459.35,461.15,8144609.0,24.11
2024-03-19,456.9,457.95,443.05,445.5,6608339.0,22.43
2024-03-20,449.0,456.15,445.8,453.65,6965516.0,43.49
2024-03-21,460.45,473.9,458.45,472.5,5201023.0,32.74
2024-03-22,474.2,483.65,470.7,473.45,5074069.0,18.96
2024-03-25,474.2,483.65,470.7,473.45,5074069.0,18.96
2024-03-26,468.9,477.8,463.5,472.6,6217958.0,47.08
2024-03-27,477.0,484.2,469.05,471.1,4659072.0,37.53
2024-03-28,475.05,479.35,470.1,475.65,4811142.0,50.7
2024-03-29,475.05,479.35,470.1,475.65,4811142.0,50.7
2024-04-01,476.05,478.5,466.65,468.8,6063072.0,39.05
2024-04-02,470.3,484.7,467.5,482.2,5125246.0,31.66
2024-04-03,478.85,483.0,472.55,474.55,4715729.0,46.35
2024-04-04,475.0,480.0,460.0,461.55,6672097.0,46.39
2024-04-05,457.0,462.9,449.25,461.2,7673548.0,38.91
2024-04-08,465.0,471.65,455.6,462.9,6354879.0,35.54
2024-04-09,463.95,464.9,456.4,458.85,3649778.0,48.68
2024-04-10,459.5,489.0,459.5,487.45,14333302.0,41.37
2024-04-11,459.5,489.0,459.5,487.45,14333302.0,41.37
2024-04-12,487.0,487.35,476.75,478.25,6737396.0,47.15
2024-04-15,472.0,477.25,458.3,467.45,10194905.0,45.36
2024-04-16,462.5,479.95,458.5,468.55,7108736.0,34.25
2024-04-17,462.5,479.95,458.5,468.55,7108736.0,34.25
2024-04-18,479.25,494.0,474.05,477.3,13007051.0,23.36
2024-04-19,466.9,480.5,457.75,478.4,10594361.0,35.31
2024-04-22,487.0,501.0,486.1,492.05,10777370.0,28.4
2024-04-23,495.0,496.0,481.6,483.1,4872382.0,46.75
2024-04-24,485.4,490.35,479.25,487.4,4273494.0,30.53
2024-04-25,487.0,493.2,484.0,491.2,3670160.0,34.13
2024-04-26,490.0,497.5,485.45,491.1,3627915.0,31.21
2024-04-29,494.4,510.9,492.1,505.65,8674249.0,24.89
2024-04-30,510.4,515.55,490.75,495.4,6500680.0,36.37
2024-05-01,510.4,515.55,490.75,495.4,6500680.0,36.37
2024-05-02,507.0,536.75,504.5,533.5,21695417.0,28.01
2024-05-03,540.0,540.9,529.1,534.1,5778801.0,29.37
2024-05-06,538.1,538.1,512.65,513.8,4594381.0,30.63
2024-05-07,527.85,534.7,510.0,514.05,12734173.0,28.28
2024-05-08,519.05,530.0,514.5,523.2,6649531.0,26.69
2024-05-09,527.9,528.0,496.95,501.0,11179224.0,32.45
2024-05-10,510.0,514.4,490.1,501.55,7427122.0,24.42
2024-05-13,506.9,508.0,475.35,500.15,11344475.0,34.74
2024-05-14,500.0,505.0,490.05,493.3,3990436.0,30.65
2024-05-15,497.0,509.8,496.45,506.7,3815738.0,26.06
2024-05-16,512.0,513.0,490.3,498.9,6171592.0,42.94
2024-05-17,500.1,511.6,496.65,506.95,4949884.0,33.08
2024-05-20,508.0,508.0,502.45,505.05,477953.0,53.27
2024-05-21,509.2,530.9,501.7,526.85,10611742.0,40.2
2024-05-22,528.0,536.0,517.1,530.35,6875969.0,38.0
2024-05-23,533.0,544.7,529.7,535.45,6318569.0,31.55
2024-05-24,538.0,550.35,528.1,543.45,6799793.0,32.39
2024-05-27,543.25,564.0,532.5,557.15,10984280.0,28.89
2024-05-28,557.0,559.5,541.05,546.9,6123515.0,45.28
2024-05-29,540.0,546.35,533.95,537.7,3636399.0,32.26
2024-05-30,538.6,542.65,530.4,534.45,4247593.0,34.7
2024-05-31,543.0,544.7,532.5,537.35,7863333.0,53.11
2024-06-03,575.0,594.8,570.1,582.4,19533213.0,31.26
2024-06-04,584.25,584.5,468.1,494.75,15792269.0,34.16
2024-06-05,511.0,511.9,462.0,505.25,11039931.0,36.41
2024-06-06,510.5,535.6,508.05,515.55,9579539.0,30.53
2024-06-07,513.0,526.75,505.4,523.85,8298615.0,32.61
2024-06-10,530.0,532.0,516.8,521.95,7548087.0,31.4
2024-06-11,525.65,532.5,516.25,524.05,6719762.0,32.45
2024-06-12,529.5,537.85,524.6,525.95,6233888.0,39.65
2024-06-13,531.2,532.3,524.5,528.35,4775601.0,53.19
2024-06-14,534.0,543.75,530.0,536.3,7630935.0,39.59
2024-06-17,534.0,543.75,530.0,536.3,7630935.0,39.59
2024-06-18,541.9,542.2,527.45,530.15,6850924.0,52.22
2024-06-19,533.05,533.7,513.25,515.5,6529379.0,45.24
2024-06-20,520.0,525.6,514.0,523.8,4582098.0,46.29
2024-06-21,350.3,352.55,336.0,340.85,13108523.0,45.15
2024-06-24,341.3,344.85,335.3,337.95,8084076.0,24.05
2024-06-25,338.0,340.15,331.25,334.65,3115862.0,40.25
2024-06-26,335.65,337.45,332.35,333.45,2687005.0,42.03
2024-06-27,334.0,336.2,327.0,332.75,8129031.0,48.26
2024-06-28,334.25,339.45,331.5,332.1,4752345.0,54.99
2024-07-01,331.3,334.4,329.5,331.3,4841697.0,60.17
2024-07-02,330.8,333.05,324.25,328.3,4430500.0,38.17
2024-07-03,328.6,330.5,325.3,329.75,4393135.0,46.04
2024-07-04,331.0,334.55,328.6,329.75,3575516.0,47.73
2024-07-05,328.5,334.2,327.5,332.45,7702282.0,60.78
2024-07-08,332.55,336.2,326.15,327.9,9973397.0,35.82
2024-07-09,328.4,333.35,326.8,330.75,4313809.0,43.3
2024-07-10,332.0,337.1,323.0,335.15,6833051.0,51.61
2024-07-11,339.6,353.15,338.0,350.05,17148192.0,31.93
2024-07-12,353.9,353.9,341.2,342.15,8624668.0,45.85
2024-07-15,344.75,350.3,341.4,348.05,7249546.0,32.16
2024-07-16,348.05,361.0,347.6,358.2,14079381.0,40.18
2024-07-17,348.05,361.0,347.6,358.2,14079381.0,40.18
2024-07-18,358.75,365.0,354.7,357.65,10408667.0,40.26
2024-07-19,358.6,358.9,340.6,341.65,10763075.0,55.83
2024-07-22,341.85,354.8,337.8,346.7,13506968.0,46.36
2024-07-23,348.35,348.7,329.5,346.5,9389682.0,43.19
2024-07-24,347.0,356.35,344.1,353.85,8207636.0,51.28
2024-07-25,350.0,376.9,347.15,373.75,20611250.0,37.92
2024-07-26,379.4,379.5,370.2,376.55,9301896.0,44.58
2024-07-29,386.0,389.3,378.8,381.05,14114983.0,42.67
2024-07-30,375.15,401.75,370.1,395.75,35730279.0,25.42
2024-07-31,399.8,406.6,391.05,392.25,17127806.0,44.53
2024-08-01,392.45,393.5,384.75,391.4,8840248.0,42.79
2024-08-02,390.2,398.5,383.85,389.25,12474802.0,43.36
2024-08-05,387.0,392.65,377.05,388.75,14077705.0,36.31
2024-08-06,394.0,400.05,384.3,386.2,10419295.0,48.18
2024-08-07,394.0,403.5,388.2,396.8,17004585.0,44.84
2024-08-08,399.0,399.0,383.25,389.15,14723158.0,56.05
2024-08-09,380.3,385.8,374.05,376.65,9753610.0,48.52
2024-08-12,375.0,383.5,370.5,379.7,10370149.0,41.7
2024-08-13,377.0,377.6,363.95,371.35,14426819.0,59.01
2024-08-14,371.85,377.4,368.45,373.1,5776570.0,34.45
2024-08-15,371.85,377.4,368.45,373.1,5776570.0,34.45
2024-08-16,376.6,382.0,373.65,379.85,7276293.0,56.81
2024-08-19,385.0,394.85,383.55,387.35,13213008.0,39.81
2024-08-20,391.1,404.8,391.1,396.5,16300789.0,38.93
2024-08-21,396.4,411.8,394.0,407.5,14427485.0,38.59
2024-08-22,413.0,414.65,403.35,406.5,9217776.0,33.92
2024-08-23,406.4,413.75,404.0,405.5,8131913.0,40.32
2024-08-26,408.1,408.8,400.3,405.05,6084146.0,44.6
2024-08-27,401.9,411.4,397.3,404.35,7476660.0,35.16
2024-08-28,407.25,411.4,402.95,406.6,6224089.0,41.94
2024-08-29,407.05,417.5,402.45,415.85,9653177.0,40.69
2024-08-30,421.4,425.25,415.75,419.05,16999644.0,51.86
2024-09-02,425.0,438.0,421.1,427.85,18305095.0,34.9
2024-09-03,428.85,430.7,424.75,425.9,5140913.0,47.66
2024-09-04,433.5,447.6,428.15,445.1,26837682.0,33.02
2024-09-05,446.3,457.15,444.05,448.5,12007469.0,37.44
2024-09-06,448.8,451.85,432.7,434.4,8950512.0,40.98
2024-09-09,434.4,434.45,420.1,421.4,8907889.0,42.09
2024-09-10,424.4,424.4,417.15,421.35,5944511.0,41.55
2024-09-11,429.2,435.95,407.55,409.45,12529867.0,37.43
2024-09-12,415.0,417.65,410.0,413.4,8007169.0,50.73
2024-09-13,413.45,417.9,406.7,410.9,9258252.0,54.58
2024-09-16,411.0,413.8,405.8,410.2,4415935.0,40.31
2024-09-17,410.5,412.5,406.05,408.7,3296568.0,46.14
2024-09-18,406.55,410.85,405.0,407.45,2255708.0,36.66
2024-09-19,408.0,408.7,392.0,398.05,4541604.0,39.01
2024-09-20,398.05,403.3,394.4,398.75,9159103.0,59.47
2024-09-23,399.5,408.95,396.65,403.45,4899097.0,35.81
2024-09-24,402.9,419.4,402.65,417.15,9274367.0,44.19
2024-09-25,417.15,419.05,407.6,417.4,4872324.0,42.98
2024-09-26,418.2,424.05,408.6,421.95,6065915.0,38.0
2024-09-27,424.0,439.8,421.2,437.95,12190119.0,36.61
2024-09-30,436.0,446.95,430.5,440.55,7949959.0,42.32
2024-10-01,440.0,446.05,438.45,444.9,5525180.0,60.57
2024-10-02,440.0,446.05,438.45,444.9,5525180.0,60.57
2024-10-03,429.0,432.65,413.0,415.05,14169317.0,45.53
2024-10-04,407.0,413.75,395.1,406.9,12354340.0,28.43
2024-10-07,407.2,409.35,390.95,393.65,5679436.0,29.92
2024-10-08,388.0,395.0,381.5,390.25,12815777.0,48.57
2024-10-09,400.0,413.0,393.25,394.85,11902837.0,22.47
2024-10-10,397.5,404.0,392.0,392.5,3363159.0,28.25
2024-10-11,392.0,397.05,387.4,395.5,2978692.0,31.11
2024-10-14,397.5,407.9,396.05,405.85,6151692.0,42.9
2024-10-15,414.0,426.9,412.25,422.9,16856309.0,26.34
2024-10-16,427.0,438.35,425.15,434.65,16355809.0,49.95
2024-10-17,431.95,439.0,428.25,433.35,11762175.0,56.97
2024-10-18,430.4,435.3,422.65,431.6,4941502.0,38.64
2024-10-21,433.0,436.3,413.85,415.15,9263679.0,44.46
2024-10-22,414.1,416.6,400.5,402.1,5951071.0,42.37
2024-10-23,402.1,403.3,394.2,397.85,3779746.0,39.22
2024-10-24,396.0,405.4,393.45,404.75,7703516.0,59.57
2024-10-25,406.0,406.0,370.65,372.4,8522829.0,32.44
2024-10-28,380.0,393.8,379.0,383.3,12990859.0,39.69
2024-10-29,384.95,389.85,375.5,388.5,5115112.0,28.59
2024-10-30,388.5,389.45,376.7,377.65,5110158.0,35.36
2024-10-31,377.0,382.45,374.0,380.9,6864561.0,39.91
2024-11-01,380.9,383.3,380.0,381.0,505687.0,37.76
2024-11-04,382.0,382.0,363.65,368.5,8846874.0,46.21
2024-11-05,365.0,376.5,362.25,374.85,8163853.0,43.28
2024-11-06,379.85,393.95,377.15,391.6,8284664.0,38.36
2024-11-07,390.85,400.0,385.35,396.5,5850910.0,41.34
2024-11-08,395.85,395.85,380.3,383.05,5067482.0,41.68
2024-11-11,383.0,387.8,375.15,380.95,6123412.0,43.79
2024-11-12,384.1,390.0,374.05,375.55,6589595.0,46.05
2024-11-13,375.0,377.9,367.75,371.4,4346895.0,40.64
2024-11-14,372.5,379.3,365.45,372.4,5809877.0,39.71
2024-11-18,372.4,375.75,366.4,367.3,5010823.0,45.4
2024-11-19,366.0,374.8,360.2,362.15,2933169.0,45.55
2024-11-20,366.0,374.8,360.2,362.15,2933169.0,45.55
2024-11-21,362.15,363.6,354.9,360.1,4403773.0,39.49
2024-11-22,362.0,365.3,358.6,360.7,2571975.0,36.65
2024-11-25,368.95,384.65,367.95,376.85,9614696.0,43.85
2024-11-26,382.1,389.7,378.0,379.6,3574299.0,28.68
2024-11-27,385.9,386.0,375.8,380.15,6106128.0,41.96
2024-11-28,381.9,386.25,377.25,380.0,5435933.0,42.11
2024-11-29,381.45,385.0,376.4,383.1,4384830.0,44.26
2024-12-02,383.1,384.0,379.2,380.95,2355565.0,46.77
2024-12-03,385.0,387.6,382.55,384.55,5317630.0,65.82
2024-12-04,384.0,391.65,382.7,387.65,3476461.0,44.62
2024-12-05,390.5,393.1,384.5,391.8,3583458.0,48.0
2024-12-06,393.85,402.25,392.05,399.2,8107943.0,41.69
2024-12-09,399.05,404.45,397.65,399.7,4763280.0,49.77
2024-12-10,400.0,406.35,397.25,404.9,6662197.0,58.28
2024-12-11,404.9,412.35,404.45,410.1,8783167.0,60.15
2024-12-12,410.0,414.0,406.05,411.7,4832913.0,49.58
2024-12-13,411.7,418.05,409.45,415.05,7106881.0,44.24
2024-12-16,414.9,419.0,400.3,407.1,7360302.0,39.89
2024-12-17,408.0,409.8,404.6,407.1,3735357.0,45.38
2024-12-18,406.0,409.0,396.95,398.05,4286929.0,55.44
2024-12-19,392.0,411.0,388.85,407.4,7226543.0,36.85
2024-12-20,409.0,413.5,397.95,399.5,8035990.0,47.58
2024-12-23,400.05,411.45,399.3,403.6,3951645.0,37.84
2024-12-24,404.0,417.95,401.6,412.85,6334203.0,41.46
2024-12-25,404.0,417.95,401.6,412.85,6334203.0,41.46
2024-12-26,412.85,421.5,408.8,419.3,6201557.0,32.03
2024-12-27,420.4,420.4,409.1,410.7,3440755.0,35.08
2024-12-30,409.0,410.4,400.9,405.8,6858610.0,45.64
2024-12-31,405.8,410.6,402.65,408.75,3103194.0,38.71
2025-01-01,410.0,414.0,404.7,412.35,2185656.0,24.45
2025-01-02,412.25,415.8,404.5,412.7,2391474.0,27.94
2025-01-03,413.5,417.1,407.7,413.05,4037493.0,45.84
2025-01-06,413.05,414.0,388.0,388.95,5016149.0,34.6
2025-01-07,391.9,397.6,385.15,386.2,3195402.0,39.08
2025-01-08,386.5,394.7,381.7,391.35,3631344.0,34.71
2025-01-09,393.0,393.0,383.45,384.8,2525567.0,35.13
2025-01-10,387.55,392.8,379.55,388.45,3504508.0,38.18
2025-01-13,376.55,376.55,360.15,364.4,13439614.0,46.57
2025-01-14,365.0,375.95,363.85,373.25,3392260.0,44.43
2025-01-15,377.5,379.45,360.6,363.25,4162695.0,35.98
2025-01-16,364.0,365.55,357.4,358.2,5072603.0,48.83
2025-01-17,358.35,363.2,355.2,358.9,3122954.0,35.38
2025-01-20,360.0,363.4,353.35,360.35,6963879.0,48.78
2025-01-21,363.0,372.4,358.0,369.95,12344913.0,44.2
2025-01-22,373.8,374.7,363.2,370.1,6676035.0,40.89
2025-01-23,373.0,373.8,359.85,362.1,5143368.0,38.01
2025-01-24,374.2,379.95,351.25,352.85,18088473.0,12.11
2025-01-27,350.4,350.9,343.35,345.95,4454025.0,36.62
2025-01-28,350.0,351.75,341.45,349.5,5097372.0,45.78
2025-01-29,350.85,352.25,343.7,345.25,3747258.0,40.18
2025-01-30,348.95,354.1,346.0,351.6,4412278.0,33.6
2025-01-31,351.0,359.45,349.4,358.25,2019592.0,38.79
2025-02-03,330.0,333.3,318.7,324.9,26282943.0,55.21
2025-02-04,328.5,334.85,327.15,333.7,7377189.0,61.38
2025-02-05,342.1,349.65,340.1,342.9,7113783.0,40.01
2025-02-06,348.6,349.15,340.6,343.1,3123836.0,36.37
2025-02-07,345.0,346.7,339.55,342.5,1712683.0,29.99
2025-02-10,343.0,344.0,335.05,338.3,1957224.0,48.03
2025-02-11,338.3,338.3,328.25,330.0,1562978.0,40.09
2025-02-12,330.0,330.3,318.65,323.95,3179345.0,42.88
2025-02-13,328.0,333.8,319.2,320.15,9771116.0,72.4
2025-02-14,323.0,323.45,304.4,312.35,9525190.0,53.1
2025-02-17,312.65,320.4,303.25,318.1,4591304.0,49.86
2025-02-18,319.0,320.7,312.4,319.95,1673581.0,22.86
2025-02-19,318.95,326.4,316.65,324.6,2325236.0,26.63
2025-02-20,323.8,332.2,321.25,331.7,1771611.0,29.71
2025-02-21,331.0,331.0,321.9,323.0,2193356.0,39.62
2025-02-24,320.9,325.5,317.65,319.3,3307496.0,46.61
2025-02-25,319.3,320.25,309.35,309.85,4356438.0,61.82
2025-02-27,311.0,312.8,302.3,307.0,4865436.0,53.46
2025-02-28,305.0,306.0,292.45,293.75,6517549.0,51.46
2025-03-03,295.0,298.9,287.55,297.8,3792065.0,42.53
2025-03-04,294.1,316.4,290.1,315.2,7276713.0,38.04
2025-03-05,314.05,334.5,314.05,326.15,12406494.0,50.95
2025-03-06,334.7,342.4,331.8,339.15,12790937.0,34.52
2025-03-07,338.9,339.05,330.15,332.45,3825464.0,36.94
2025-03-10,336.5,344.0,324.25,325.8,7154245.0,29.13
2025-03-11,324.0,333.9,320.5,329.7,6272107.0,30.56
2025-03-12,334.55,343.0,325.8,327.35,8497676.0,29.42
2025-03-13,327.35,328.4,323.0,323.7,4696394.0,47.95
2025-03-17,325.85,330.4,323.7,325.5,5417463.0,56.23
2025-03-18,325.95,330.0,319.5,324.0,5203598.0,45.11
2025-03-19,326.0,330.4,324.1,328.0,5942282.0,55.26
2025-03-20,330.8,339.5,327.05,336.55,4833173.0,37.71
2025-03-21,336.0,360.2,334.1,356.95,15733590.0,52.06
2025-03-24,371.0,372.0,354.3,361.9,9399628.0,45.19
2025-03-25,359.05,365.0,352.7,361.45,6724910.0,47.72
2025-03-26,360.15,364.5,351.05,351.9,4094188.0,46.94
2025-03-27,350.75,364.0,349.15,359.55,4545137.0,48.54
2025-03-28,363.75,369.35,358.05,360.35,5348515.0,43.29
2025-04-01,354.8,363.5,349.6,361.7,5111753.0,42.31
2025-04-02,360.1,363.4,353.05,362.15,2536402.0,45.66
2025-04-03,361.0,374.3,359.35,362.45,5566330.0,47.1
2025-04-04,373.0,377.85,350.6,358.35,12874209.0,36.91
2025-04-07,350.0,366.95,341.5,352.8,15489620.0,30.02
2025-04-08,360.1,371.7,353.0,369.15,10576907.0,44.51
2025-04-09,372.0,383.05,365.15,379.3,11180400.0,42.84
2025-04-11,384.5,386.75,377.05,382.2,7217670.0,55.56
2025-04-15,386.55,386.95,376.1,379.1,4572204.0,52.65
2025-04-16,378.5,391.15,377.3,390.05,3731014.0,38.22
2025-04-17,389.9,391.3,385.05,387.7,2358710.0,38.76
2025-04-21,387.7,399.0,384.5,394.85,2836553.0,48.16
2025-04-22,395.9,402.25,393.0,398.45,5630844.0,58.82
2025-04-23,398.5,399.2,383.85,388.8,4742867.0,52.35
2025-04-24,390.0,394.0,387.3,390.45,4385172.0,43.49
2025-04-25,390.4,393.1,378.25,380.7,2552932.0,31.75
2025-04-28,377.0,393.0,377.0,392.2,6104973.0,61.98
2025-04-29,393.1,396.8,389.25,391.1,4419920.0,62.83
2025-04-30,395.0,402.75,374.5,378.7,9150558.0,46.37
2025-05-02,379.95,390.3,379.95,385.05,4484802.0,50.09
2025-05-05,392.0,414.0,391.25,409.85,28073682.0,43.97
2025-05-06,410.0,411.85,395.1,396.8,5485163.0,42.9
2025-05-07,394.0,405.1,392.6,396.95,8825404.0,46.55
2025-05-08,399.0,402.6,385.0,388.1,5347464.0,49.44
2025-05-09,382.2,388.0,380.0,386.25,3757854.0,47.25
2025-05-12,395.0,397.0,386.0,388.8,4957935.0,54.36
2025-05-13,390.0,393.6,386.2,388.9,3665291.0,50.22
2025-05-14,392.8,398.0,391.45,396.6,4370060.0,54.76
2025-05-15,400.0,407.3,397.7,402.7,5828155.0,39.92
2025-05-16,404.45,411.2,402.65,410.05,5353067.0,61.46
2025-05-19,410.1,411.5,404.1,404.9,2489091.0,52.46
2025-05-20,406.0,410.5,392.2,397.4,3231580.0,45.49
2025-05-21,395.5,405.9,390.55,404.9,3723167.0,42.44
2025-05-22,405.0,406.95,397.8,401.25,1971376.0,48.61
2025-05-23,404.0,411.75,404.0,408.1,5540517.0,48.98
2025-05-26,408.8,417.45,408.45,414.6,2976520.0,45.49
2025-05-27,414.95,415.55,406.3,412.15,4849935.0,58.48
2025-05-28,412.15,420.5,409.05,418.1,5630546.0,60.18
2025-05-29,418.85,419.15,412.6,414.75,3108847.0,47.11
2025-05-30,414.75,418.9,408.9,411.05,6164496.0,64.08
2025-06-02,409.6,412.7,407.0,408.2,2200493.0,48.22
2025-06-03,407.5,410.0,401.1,402.0,2570008.0,52.62
2025-06-04,404.0,407.65,401.0,406.6,2415724.0,56.23
2025-06-05,408.5,409.4,399.9,401.0,2588378.0,56.06
2025-06-06,402.25,407.75,402.25,407.05,1443804.0,45.88
2025-06-09,407.05,409.6,404.85,408.45,1139355.0,34.08
2025-06-10,409.1,409.9,404.1,405.1,2079819.0,59.66
2025-06-11,406.65,423.0,406.05,414.85,8990781.0,35.48
2025-06-12,410.0,410.0,390.4,392.55,12405231.0,48.09
2025-06-13,376.0,388.4,370.15,386.25,17736231.0,53.86
2025-06-16,384.1,396.5,383.05,395.35,5792606.0,53.94
2025-06-17,393.95,401.0,392.0,393.25,3815275.0,48.13
2025-06-18,390.1,394.95,388.3,393.95,3440848.0,52.51
2025-06-19,393.7,396.45,388.95,390.0,3390334.0,46.91
2025-06-20,389.5,394.45,388.25,392.25,6244473.0,74.55
2025-06-23,390.35,397.2,383.55,393.25,4641365.0,46.68
2025-06-24,412.5,414.8,403.9,406.25,15143931.0,37.9
2025-06-25,410.0,411.8,405.05,408.15,4125652.0,51.62
2025-06-26,408.0,424.35,407.7,420.3,11364641.0,47.57
2025-06-27,420.95,440.3,419.45,439.0,15352970.0,48.1
2025-06-30,440.0,443.2,436.25,438.05,3398554.0,44.06
2025-07-01,439.4,441.5,433.75,440.45,4624750.0,61.0
2025-07-02,444.0,446.85,433.3,436.55,3566248.0,47.76
2025-07-03,437.7,441.6,435.25,436.6,2130326.0,49.73
2025-07-04,438.8,446.55,436.15,444.6,4318402.0,49.2
2025-07-07,448.0,455.2,441.25,447.9,8516084.0,45.19
2025-07-08,447.0,455.0,444.7,452.7,3860453.0,44.46
2025-07-09,453.0,454.65,442.65,445.45,5207942.0,65.8
2025-07-10,445.45,450.5,440.05,441.25,4470700.0,61.41
2025-07-11,444.5,444.5,433.05,435.9,2627116.0,52.59
2025-07-14,435.9,437.5,428.0,429.9,4575393.0,56.49
2025-07-15,433.5,441.0,429.1,433.45,6427673.0,58.89
2025-07-16,434.45,448.55,433.7,446.1,6690619.0,53.02
2025-07-17,446.05,446.4,438.35,440.0,2643122.0,42.1
2025-07-18,440.0,441.85,429.5,430.6,3796647.0,51.41
2025-07-21,433.0,434.6,428.05,431.7,3426999.0,54.98
2025-07-22,433.0,437.6,428.45,429.25,4216517.0,66.35
2025-07-23,430.5,436.0,428.35,434.5,2793895.0,63.5
2025-07-24,435.3,437.0,432.4,434.9,2805754.0,65.61
2025-07-25,434.6,434.9,420.2,421.8,3196808.0,59.71
2025-07-28,422.5,430.9,419.5,421.9,2551271.0,46.92
2025-07-29,421.5,426.6,419.45,425.8,4743610.0,63.6
2025-07-30,424.0,435.9,416.0,426.25,6890461.0,39.25
2025-07-31,418.75,421.4,410.6,418.45,9826520.0,44.05
2025-08-01,420.9,421.0,402.1,403.8,3787580.0,51.04
2025-08-04,409.0,409.55,399.7,408.65,3277835.0,44.17
2025-08-05,405.9,405.9,394.5,402.45,7973897.0,45.67
2025-08-06,403.5,404.9,399.6,401.4,2150509.0,50.83
2025-08-07,401.0,403.2,392.15,402.4,6318838.0,52.77
2025-08-08,407.0,415.35,399.5,409.5,12286666.0,30.41
2025-08-11,414.05,418.0,400.6,410.35,8713932.0,42.43
2025-08-12,414.9,414.9,406.8,408.05,4526566.0,45.53
2025-08-13,411.5,413.3,406.7,411.1,3543374.0,50.19
2025-08-14,402.0,406.1,393.8,394.35,6536476.0,60.88
2025-08-18,397.05,397.05,383.4,387.05,6525577.0,44.36
2025-08-19,388.0,397.85,386.15,395.6,4227710.0,40.28
2025-08-20,394.55,396.85,390.1,390.8,5553949.0,60.89
2025-08-21,390.7,395.45,390.2,393.15,2094370.0,55.56
2025-08-22,393.0,393.45,387.7,390.75,2627075.0,60.55
2025-08-25,390.5,391.5,387.6,390.25,1235196.0,47.99
2025-08-26,388.2,391.4,381.95,382.95,4825204.0,64.92
2025-08-28,384.65,386.5,380.8,381.75,3975225.0,63.45
2025-08-29,381.75,383.85,375.05,375.9,3112442.0,60.53
2025-09-01,377.0,385.7,376.6,385.25,2360108.0,59.42
2025-09-02,385.25,387.35,382.0,384.6,1630216.0,48.12
2025-09-03,383.0,391.65,383.0,387.25,2725471.0,61.08
2025-09-04,389.1,391.95,383.5,384.6,2609930.0,67.99
2025-09-05,384.7,386.55,380.2,383.6,2017875.0,59.66
2025-09-08,384.15,395.3,384.15,393.9,2956578.0,33.38
2025-09-09,394.0,397.0,389.3,389.9,1921681.0,42.36
2025-09-10,391.0,393.9,388.8,392.45,1897568.0,55.73
2025-09-11,391.0,405.8,391.0,397.8,3642055.0,38.44
2025-09-12,398.95,401.05,396.55,398.75,1389746.0,50.88
2025-09-15,398.75,400.65,396.2,399.85,1227975.0,49.21
2025-09-16,401.8,403.05,400.15,402.0,1344352.0,51.6
2025-09-17,404.0,408.5,402.35,405.65,2545562.0,44.43
2025-09-18,405.7,409.25,404.9,408.6,1832949.0,51.12
2025-09-19,408.6,416.0,408.2,413.05,4587363.0,55.2
2025-09-22,413.05,417.35,409.8,412.75,2571485.0,52.51
2025-09-23,413.0,425.25,413.0,424.3,4865287.0,50.63
2025-09-24,426.0,431.0,422.75,424.9,7158456.0,62.1
2025-09-25,424.0,427.7,420.75,423.5,2368804.0,46.31
2025-09-26,423.0,425.25,420.0,422.25,5579737.0,60.35
2025-09-29,422.3,444.4,421.5,441.75,11650349.0,43.65
2025-09-30,442.05,445.45,439.05,443.4,4266200.0,55.48
2025-10-01,443.5,449.9,433.4,434.4,6469324.0,61.24
2025-10-03,439.0,447.0,431.8,446.3,6294835.0,47.13
2025-10-06,446.0,459.15,440.1,456.3,4323430.0,37.25
2025-10-07,456.8,465.2,453.0,454.25,8444885.0,40.02
2025-10-08,452.0,463.0,452.0,457.3,4192443.0,49.89
2025-10-09,460.5,464.8,456.05,458.0,3613774.0,47.68
2025-10-10,456.5,461.35,450.85,452.5,1709268.0,49.39
2025-10-13,454.5,457.0,444.0,451.35,5914037.0,50.55
2025-10-14,452.1,454.85,440.55,442.65,1703812.0,47.85
2025-10-15,445.0,451.85,439.35,448.65,6539175.0,62.67
2025-10-16,449.5,456.2,443.2,451.95,5317330.0,53.43
2025-10-17,453.0,459.0,446.0,448.6,3262100.0,51.14
2025-10-20,450.0,457.6,450.0,452.95,2128923.0,52.62
2025-10-21,454.95,456.5,451.7,455.4,327276.0,32.42
2025-10-22,454.95,456.5,451.7,455.4,327276.0,32.42
2025-10-23,454.55,454.55,437.05,440.7,6169707.0,42.73
2025-10-24,436.25,444.0,432.1,438.45,4341566.0,37.05
2025-10-27,438.1,454.55,438.0,453.75,5526263.0,50.82
2025-10-28,454.0,456.7,449.2,452.15,4477594.0,48.96
2025-10-29,451.1,470.9,451.1,468.85,8351676.0,50.53
2025-10-30,470.0,478.8,464.55,469.75,9564962.0,34.03
2025-10-31,469.95,484.1,469.35,476.0,7891214.0,46.89
2025-11-03,481.5,487.4,480.05,484.1,6195012.0,49.18
2025-11-04,483.75,491.4,482.75,484.85,6047242.0,57.89
2025-11-05,483.75,491.4,482.75,484.85,6047242.0,57.89
2025-11-06,484.0,484.0,471.75,473.15,5156374.0,59.06
2025-11-07,472.0,480.9,468.35,479.55,5059893.0,58.86
2025-11-10,479.55,485.2,477.75,482.0,2222672.0,54.93
2025-11-11,480.5,489.5,470.0,487.9,6815234.0,61.51
2025-11-12,490.0,494.45,483.25,484.9,3568821.0,48.09
2025-11-13,487.0,490.4,481.9,486.05,2807895.0,51.95
2025-11-14,483.1,488.75,477.35,481.25,2456049.0,55.37
2025-11-17,483.0,492.2,482.4,486.5,3478922.0,60.77
2025-11-18,486.4,488.5,482.4,483.55,1780519.0,59.61
2025-11-19,482.6,485.0,475.3,477.15,3937809.0,67.03
2025-11-20,478.0,481.35,474.45,477.9,2859788.0,65.0
2025-11-21,477.6,478.0,470.15,471.9,2763162.0,55.59
2025-11-24,471.9,474.5,462.0,463.05,8097325.0,77.69
2025-11-25,461.75,462.0,452.75,455.25,6235243.0,67.92
2025-11-26,457.1,467.7,457.05,466.25,3690761.0,57.64
2025-11-27,467.1,469.3,459.15,463.4,2236914.0,51.99
2025-11-28,462.0,462.5,455.7,457.5,1539822.0,53.63
2025-12-01,458.0,461.1,449.0,451.95,2140607.0,53.65
2025-12-02,455.0,460.45,447.0,450.45,5323687.0,60.27
2025-12-03,450.95,455.3,446.65,450.7,4191593.0,67.2
2025-12-04,451.9,453.75,445.0,447.95,3132109.0,67.83
2025-12-05,447.95,451.95,445.4,450.35,2114565.0,60.79
2025-12-08,451.8,452.95,442.7,445.95,3238893.0,59.65
2025-12-09,445.15,453.9,442.3,448.75,6794529.0,65.22
2025-12-10,450.5,456.9,448.5,449.5,2723651.0,59.42
2025-12-11,451.8,451.95,443.5,448.05,2284129.0,52.02
2025-12-12,449.0,461.5,448.5,459.9,2617358.0,49.42
2025-12-15,461.05,468.15,456.5,466.15,3139768.0,41.93
2025-12-16,466.1,468.3,460.2,465.35,1508242.0,48.43
2025-12-17,466.0,471.75,464.45,465.45,2284665.0,45.88
2025-12-18,466.6,468.3,457.85,464.0,1217678.0,42.92
2025-12-19,466.0,470.4,462.55,469.75,3305705.0,64.16
2025-12-22,470.0,478.05,468.3,475.55,2896134.0,54.26
2025-12-23,477.0,477.4,471.3,475.1,1881359.0,51.63
2025-12-24,475.1,477.5,469.25,470.7,1548951.0,54.1
2025-12-25,475.1,477.5,469.25,470.7,1548951.0,54.1
2025-12-26,470.7,471.0,465.05,467.7,1095275.0,32.84
2025-12-29,468.5,475.95,466.9,474.15,1617182.0,37.26
2025-12-30,475.25,480.75,467.4,468.75,5380500.0,50.46
2025-12-31,469.8,500.9,469.05,499.05,11948717.0,44.42
2026-01-01,499.75,502.15,493.0,498.6,3287789.0,39.39
2026-01-02,498.6,501.7,492.3,495.85,6513192.0,71.1
2026-01-05,495.15,508.45,488.1,492.4,8489981.0,54.3
2026-01-06,492.0,492.35,474.5,482.35,4341976.0,35.33
2026-01-07,483.0,485.05,475.0,476.45,2548077.0,42.37
2026-01-08,475.0,475.0,448.95,452.2,6527619.0,45.09
2026-01-09,452.0,455.2,446.3,448.75,7018633.0,60.41
2026-01-12,451.0,451.9,441.7,451.05,2794252.0,49.28
2026-01-13,451.0,453.5,445.1,448.85,1842284.0,39.86
2026-01-14,447.35,448.2,437.25,440.15,8097390.0,67.69
2026-01-15,447.35,448.2,437.25,440.15,8097390.0,67.69
2026-01-16,445.0,458.75,445.0,457.9,8060832.0,58.36
2026-01-19,457.9,460.0,451.6,453.2,2624525.0,51.34
2026-01-20,453.65,453.65,436.7,438.6,3948024.0,33.61
2026-01-21,440.0,442.15,428.0,429.05,5200234.0,50.75
2026-01-22,429.7,434.5,424.3,427.7,4751687.0,44.09
2026-01-23,430.0,431.7,413.75,414.85,6140298.0,55.05
2026-01-26,430.0,431.7,413.75,414.85,6140298.0,55.05
2026-01-27,416.95,421.9,412.55,419.35,4221203.0,49.91
2026-01-28,421.0,437.4,418.0,433.25,5268771.0,48.82
2026-01-29,433.0,436.9,428.0,432.6,5427396.0,54.02
2026-01-30,431.0,435.75,423.45,427.0,6429392.0,55.58
2026-02-02,438.95,455.0,433.5,453.25,12394412.0,33.05
2026-02-03,470.0,475.75,444.1,450.7,9971651.0,51.84
2026-02-04,452.0,464.8,450.3,458.85,8077255.0,57.49
2026-02-05,466.45,473.6,455.1,458.85,5986826.0,44.63
2026-02-06,460.65,467.9,459.65,463.15,4702809.0,39.43
2026-02-09,464.0,467.7,460.5,463.65,2723273.0,49.47
2026-02-10,463.3,465.3,457.3,461.25,2618235.0,40.47
2026-02-11,462.0,467.9,459.3,461.75,2997852.0,49.42
2026-02-12,461.8,464.6,448.25,452.35,3949831.0,52.28
2026-02-13,452.35,455.25,448.75,450.2,1912866.0,46.89
2026-02-16,448.0,452.6,445.0,452.05,879388.0,30.83
2026-02-17,451.6,454.9,444.3,454.25,1420593.0,32.17
2026-02-18,456.05,458.7,454.0,457.05,1151972.0,29.78
2026-02-19,452.8,453.3,430.9,434.35,5262959.0,53.25
2026-02-20,430.0,435.5,426.75,430.9,4738497.0,49.73
2026-02-23,435.0,442.0,432.6,438.5,2826172.0,42.94
2026-02-24,437.0,448.95,436.15,447.05,3515127.0,48.72
2026-02-25,449.7,454.7,432.45,436.7,5442008.0,39.32
2026-02-26,438.8,445.35,436.05,444.0,4463697.0,55.5
2026-02-27,444.0,444.05,436.1,438.75,5341791.0,58.36
2026-03-02,421.1,435.6,415.95,424.5,12250296.0,46.46
2026-03-03,421.1,435.6,415.95,424.5,12250296.0,46.46
2026-03-04,413.8,416.4,400.1,401.45,6582702.0,41.04
2026-03-05,403.8,426.5,400.1,418.4,10165454.0,38.03
2026-03-06,420.0,420.0,402.1,404.95,7196619.0,51.2
2026-03-09,385.2,389.45,370.15,384.55,24836194.0,44.75
2026-03-10,396.0,406.65,381.1,387.35,11411957.0,46.41
2026-03-11,388.75,393.55,382.95,384.25,7883718.0,52.31
2026-03-12,376.4,388.85,367.5,384.35,8573492.0,41.52
2026-03-13,379.55,379.55,366.3,368.75,5816666.0,54.69
2026-03-16,361.0,364.95,348.3,353.8,14657696.0,52.69
2026-03-17,354.15,355.05,340.0,346.2,14666300.0,52.9
2026-03-18,350.0,355.45,346.25,349.35,9319269.0,55.38
2026-03-19,340.2,340.2,321.5,324.8,25818465.0,41.94
2026-03-20,330.05,345.35,330.05,336.3,24169602.0,42.25
2026-03-23,324.0,329.65,316.2,319.15,13182560.0,45.68
2026-03-24,331.0,338.45,319.6,336.8,11512642.0,36.24
2026-03-25,345.0,348.95,337.55,344.0,13128269.0,44.56
2026-03-26,345.0,348.95,337.55,344.0,13128269.0,44.56
2026-03-27,352.5,357.7,338.25,340.9,15593599.0,36.01
2026-03-30,332.0,341.6,325.0,335.4,10584452.0,38.1
2026-03-31,332.0,341.6,325.0,335.4,10584452.0,38.1
2026-04-01,350.0,350.0,333.2,335.55,10224051.0,38.97
2026-04-02,329.0,329.65,318.25,326.0,7595679.0,35.62
2026-04-03,329.0,329.65,318.25,326.0,7595679.0,35.62
2026-04-06,326.0,330.6,317.75,328.05,5089386.0,23.09
2026-04-07,325.0,332.75,319.55,331.4,10264622.0,43.4
2026-04-08,354.0,367.65,351.0,364.25,25974676.0,34.23
2026-04-09,361.8,362.9,354.3,358.0,13372048.0,47.85
2026-04-10,361.0,366.9,357.05,360.6,6347879.0,46.32
2026-04-13,346.1,351.0,340.8,349.4,9327976.0,36.77
2026-04-14,346.1,351.0,340.8,349.4,9327976.0,36.77
2026-04-15,362.3,369.9,362.0,366.65,11204269.0,42.83
2026-04-16,370.65,371.9,365.75,370.25,6336442.0,53.81
2026-04-17,367.0,372.8,364.8,370.85,6278506.0,44.26
2026-04-20,369.0,383.35,368.15,379.5,10194682.0,46.43
2026-04-21,378.0,388.0,377.55,384.4,7474015.0,56.8
2026-04-22,376.3,386.95,376.3,382.55,4754747.0,46.01
2026-04-23,377.35,378.9,371.1,376.9,6774817.0,42.89
2026-04-24,375.0,376.4,368.7,373.5,5655425.0,54.16
2026-04-27,376.0,384.95,372.75,380.9,4117585.0,46.62
2026-04-28,379.5,382.2,375.0,380.05,4591112.0,48.13
2026-04-29,380.05,384.5,377.5,380.6,4777651.0,48.25
2026-04-30,375.0,376.8,369.3,374.55,5370044.0,46.46
2026-05-01,375.0,376.8,369.3,374.55,5370044.0,46.46
2026-05-04,379.0,380.0,372.5,373.85,7346729.0,61.34
2026-05-05,370.0,376.0,365.4,373.9,6212198.0,49.8
2026-05-06,379.0,402.4,377.4,399.2,12641387.0,45.02
2026-05-07,399.4,404.25,387.0,396.5,11241091.0,38.24
2026-05-08,393.5,395.1,385.0,387.0,7720086.0,59.71
2026-05-11,383.0,383.4,375.1,377.8,5392032.0,42.85
2026-05-12,370.5,375.05,363.7,369.9,8973439.0,38.53
2026-05-13,372.4,392.0,370.55,390.1,16477697.0,34.71
2026-05-14,388.8,388.8,370.95,377.55,10745610.0,31.32
2026-05-15,370.2,372.2,363.2,366.4,13799583.0,45.4
2026-05-18,360.0,362.25,355.8,358.9,7102917.0,46.65
2026-05-19,363.15,372.4,362.55,371.0,5849675.0,47.61
2026-05-20,367.0,383.5,363.75,382.75,9746627.0,51.73
2026-05-21,386.75,391.4,384.55,388.8,7148227.0,48.88
2026-05-22,388.8,391.0,385.35,389.65,3800324.0,54.09
2026-05-25,403.0,412.55,402.2,403.35,10214359.0,30.38
2026-05-26,403.2,403.3,396.7,398.0,4241199.0,44.68
2026-05-27,398.0,404.2,393.2,402.9,8615664.0,54.26
2026-05-28,398.0,404.2,393.2,402.9,8615664.0,54.26
2026-05-29,407.0,409.0,390.0,393.85,12624474.0,64.79
2026-06-01,394.05,396.05,384.45,388.6,4888011.0,44.6
2026-06-02,384.85,391.05,383.0,383.75,4707348.0,53.31
2026-06-03,378.9,386.4,378.65,384.1,4660225.0,46.98
2026-06-04,382.8,390.9,382.35,387.0,4806376.0,52.22
2026-06-05,387.0,389.8,383.75,385.05,3003625.0,49.81
2026-06-08,380.8,381.2,371.35,372.75,4236128.0,53.06
2026-06-09,376.0,383.25,372.2,382.0,6667087.0,57.44
2026-06-10,381.55,384.9,373.75,374.4,4575738.0,48.5
2026-06-11,370.05,372.25,361.1,365.7,10518376.0,57.08
2026-06-12,377.7,391.1,372.0,388.9,14100531.0,44.5
2026-06-15,406.7,409.95,400.05,401.65,9648829.0,41.02
2026-06-16,405.8,405.8,396.7,401.8,5228607.0,50.94
2026-06-17,406.5,410.5,401.2,402.65,6771647.0,46.74
2026-06-18,405.0,405.8,398.6,401.6,4369524.0,52.98
2026-06-19,400.2,400.3,390.0,392.1,5929061.0,57.26
2026-06-22,399.1,399.25,392.0,393.25,3777496.0,43.61
2026-06-23,396.0,400.1,393.0,396.75,4766451.0,45.86
2026-06-24,396.55,414.0,395.5,412.9,7705798.0,51.68
2026-06-25,418.5,420.0,407.5,409.25,5756207.0,48.83
2026-06-26,418.5,420.0,407.5,409.25,5756207.0,48.83
2026-06-29,405.3,406.85,388.5,389.6,10317020.0,64.03
2026-06-30,393.15,395.95,389.6,394.45,5216033.0,53.24
2026-07-01,396.0,396.25,390.7,392.1,3826057.0,52.5
2026-07-02,394.95,406.3,394.65,399.55,5739322.0,42.86
2026-07-03,402.05,402.45,397.5,399.25,2558215.0,53.52
2026-07-06,400.0,403.8,397.5,400.35,3075355.0,48.99
2026-07-07,403.1,407.1,401.2,405.95,5627837.0,48.82
2026-07-08,395.0,396.8,383.1,386.85,18852390.0,54.66
2026-07-09,386.85,394.0,382.85,392.1,4266757.0,38.87
2026-07-10,395.1,398.8,394.4,395.3,3011646.0,49.28
2026-07-13,388.25,394.15,385.55,391.6,7267088.0,55.38
2026-07-14,384.7,387.8,381.65,386.0,8994389.0,51.88
2026-07-15,386.85,395.9,386.8,394.4,4460216.0,48.82
2026-07-16,397.0,405.8,394.85,399.4,5278606.0,35.44
2026-07-17,401.0,403.35,396.6,400.4,5951111.0,58.78
2026-07-20,396.3,407.7,392.7,405.4,8657829.0,47.07
2026-07-21,405.0,409.95,404.55,406.95,4144207.0,50.98
2026-07-22,402.0,403.0,393.15,395.2,4699577.0,50.24
2026-07-23,385.0,387.45,376.55,385.15,16608337.0,47.69
2026-07-24,381.0,383.35,372.05,381.1,8650504.0,43.74
2026-07-27,390.2,396.15,386.8,393.95,7119104.0,40.1
2026-07-28,396.4,401.65,390.85,400.05,5800724.0,47.14
2026-07-29,399.95,400.05,392.3,392.75,5674023.0,55.23
2026-07-30,392.8,393.3,386.25,388.45,6084665.0,59.88
2026-07-31,390.8,391.9,385.6,389.75,7761816.0,65.46
2026-08-03,396.9,398.85,392.1,395.0,4909326.0,52.1
2026-08-04,395.0,395.05,390.55,391.5,4974075.0,59.95
2026-08-05,398.45,401.05,393.5,394.95,6047719.0,53.03
2026-08-06,396.9,398.9,392.5,395.0,4603878.0,50.44
2026-08-07,392.95,395.45,392.0,393.05,5095295.0,65.38
2026-08-10,395.0,396.4,391.15,393.15,6272362.0,61.88
2026-08-11,391.8,394.4,385.65,390.85,10390810.0,54.68
2026-08-12,392.0,393.0,385.8,390.0,10513694.0,65.06
2026-08-13,392.75,393.5,389.5,392.9,9450914.0,65.55
2026-08-14,374.0,374.95,371.0,373.5,8013809.0,55.75
2026-08-19,367.0,368.0,364.6,366.45,2352028.0,50.42
2026-08-20,367.5,368.85,363.2,363.2,3121502.0,44.44
2026-08-21,364.0,367.0,362.25,363.25,3747655.0,56.82
2026-08-24,365.0,372.6,364.3,371.95,4491188.0,48.15
2026-08-25,372.5,374.15,369.5,373.2,5703835.0,59.65
2026-08-26,376.05,381.7,373.4,375.5,3071299.0,35.77
2026-08-27,375.45,376.25,368.9,371.0,3872498.0,61.92
2026-08-28,370.0,370.9,363.85,364.0,3150636.0,46.71
