,Open,High,Low,Close,Volume,DeliveryPct
2016-08-19,227.95,230.6,223.5,228.95,2115207.0,
2016-08-22,228.25,232.5,226.1,230.2,1713296.0,
2016-08-23,229.1,231.1,225.0,227.25,1037654.0,
2016-08-24,226.2,230.5,226.2,228.2,1103595.0,
2016-08-25,227.9,229.4,222.35,223.8,1940709.0,
2016-08-26,225.0,226.1,221.9,224.95,762134.0,
2016-08-29,227.0,232.65,225.2,227.1,1861663.0,
2016-08-30,229.8,232.5,227.4,228.4,796938.0,
2016-08-31,227.8,228.85,226.0,227.0,834787.0,
2016-09-01,228.0,228.8,225.0,225.8,833706.0,
2016-09-02,226.15,228.5,224.05,227.5,1212286.0,
2016-09-06,227.85,233.8,227.1,230.2,1388234.0,
2016-09-07,230.1,230.85,226.95,228.35,874257.0,
2016-09-08,229.5,230.05,221.75,223.6,1527265.0,
2016-09-09,224.0,224.0,212.4,220.35,1518470.0,
2016-09-12,212.5,216.8,210.0,212.55,1144134.0,
2016-09-14,213.5,221.5,212.2,220.35,2059077.0,
2016-09-15,220.45,222.6,217.4,218.8,803494.0,
2016-09-16,219.2,220.95,210.0,211.8,2735043.0,
2016-09-19,212.2,217.9,211.65,216.9,864991.0,
2016-09-20,217.65,222.0,215.0,221.05,1183102.0,
2016-09-21,222.75,222.75,218.4,219.75,1248571.0,
2016-09-22,223.9,223.9,220.1,223.2,1346645.0,
2016-09-23,222.7,229.4,221.6,227.45,3264488.0,
2016-09-26,228.0,230.65,224.45,229.7,1586051.0,
2016-09-27,230.05,231.05,225.0,228.95,1572476.0,
2016-09-28,228.95,232.2,228.05,230.55,1024885.0,
2016-09-29,230.1,235.5,225.95,229.15,3159360.0,
2016-09-30,227.0,236.4,226.15,233.35,1172607.0,
2016-10-03,234.8,262.5,234.05,254.45,7070078.0,
2016-10-04,255.0,256.55,248.25,251.95,3082075.0,
2016-10-05,253.9,260.35,251.6,253.35,3499814.0,
2016-10-06,253.4,258.65,246.85,250.0,1742027.0,
2016-10-07,251.8,253.3,248.85,252.0,1400188.0,
2016-10-10,251.75,255.65,250.15,251.65,2291956.0,
2016-10-13,249.9,249.9,240.4,243.35,2464838.0,
2016-10-14,243.1,247.0,241.7,245.75,745366.0,
2016-10-17,245.5,247.35,237.0,240.35,2358367.0,
2016-10-18,240.5,248.75,240.05,245.0,3264263.0,
2016-10-19,245.95,252.0,245.4,248.1,4325941.0,
2016-10-20,260.0,260.0,247.8,249.9,6395649.0,
2016-10-21,250.0,252.9,242.5,249.7,1933457.0,
2016-10-24,248.25,254.8,247.65,253.25,2271045.0,
2016-10-25,254.0,257.8,251.3,254.65,2220816.0,
2016-10-26,255.05,257.6,251.0,253.2,1805353.0,
2016-10-27,253.0,254.15,248.45,250.8,2261358.0,
2016-10-28,250.0,256.0,250.0,252.95,1400695.0,
2016-11-01,255.45,276.2,254.1,272.55,6300763.0,
2016-11-02,271.75,273.45,266.3,269.5,3197550.0,
2016-11-03,264.3,275.5,264.3,267.2,2132194.0,
2016-11-04,268.0,270.7,253.15,255.65,1377902.0,
2016-11-07,262.95,266.55,259.25,262.45,963090.0,
2016-11-08,266.0,266.7,257.3,259.15,1601920.0,
2016-11-09,233.3,256.25,221.0,253.45,2150302.0,
2016-11-10,258.7,272.0,255.65,258.1,4080584.0,
2016-11-11,257.0,260.0,248.1,249.75,1693349.0,
2016-11-15,255.9,256.0,235.35,238.6,2831194.0,
2016-11-16,245.85,246.05,236.65,237.95,1433958.0,
2016-11-17,240.0,253.5,232.4,250.7,3517774.0,
2016-11-18,249.0,251.35,244.0,249.8,2101271.0,
2016-11-21,247.05,255.4,242.15,244.45,1687481.0,
2016-11-22,249.0,254.55,246.05,253.0,1122530.0,
2016-11-23,255.0,259.7,251.25,257.8,2267646.0,
2016-11-24,258.8,278.4,258.0,273.35,5610394.0,
2016-11-25,276.8,281.4,271.0,273.25,2941713.0,
2016-11-28,276.0,287.0,275.5,284.5,4709996.0,
2016-11-29,287.95,287.95,277.2,282.35,3989346.0,
2016-11-30,278.1,283.95,273.85,282.6,2362723.0,
2016-12-01,284.05,284.05,274.05,275.0,1109940.0,
2016-12-02,274.0,279.8,270.2,272.55,1054154.0,
2016-12-05,274.05,280.6,268.5,275.15,2154225.0,
2016-12-06,276.8,278.5,274.9,275.95,767204.0,
2016-12-07,277.85,281.0,274.0,278.45,1395795.0,
2016-12-08,280.5,286.8,277.7,283.65,1927671.0,
2016-12-09,285.0,285.0,279.45,281.15,949704.0,
2016-12-12,281.0,283.5,277.4,281.05,873829.0,
2016-12-13,281.0,282.0,275.1,278.15,1495541.0,
2016-12-14,278.15,279.15,274.9,276.65,712136.0,
2016-12-15,277.0,288.3,275.5,285.3,2882439.0,
2016-12-16,287.0,290.0,279.45,281.15,2402547.0,
2016-12-19,279.35,279.85,268.6,269.5,1573803.0,
2016-12-20,266.0,269.0,261.35,262.3,2184292.0,
2016-12-21,264.7,271.0,263.0,266.8,2216013.0,
2016-12-22,264.15,265.9,260.0,260.95,996408.0,
2016-12-23,261.45,262.0,254.7,258.45,1360594.0,
2016-12-26,255.05,257.0,248.5,249.7,1626586.0,
2016-12-27,249.85,254.0,247.05,252.4,1445798.0,
2016-12-28,254.25,256.05,249.1,249.6,1037376.0,
2016-12-29,249.85,259.0,249.45,256.5,1125490.0,
2016-12-30,257.3,259.4,254.4,255.4,953908.0,
2017-01-02,256.95,260.5,253.65,259.55,784038.0,
2017-01-03,260.7,261.2,256.65,259.4,865382.0,
2017-01-04,259.8,260.0,250.2,251.3,2186297.0,
2017-01-05,256.5,262.65,254.6,261.9,2537509.0,
2017-01-06,263.0,267.7,262.5,264.5,2178696.0,
2017-01-09,266.35,274.6,266.0,269.95,1984683.0,
2017-01-10,271.5,274.45,270.2,272.85,983380.0,
2017-01-11,276.0,280.4,275.05,278.15,1830540.0,
2017-01-12,278.55,280.0,271.2,275.45,1768719.0,
2017-01-13,276.85,279.65,272.35,277.6,1539748.0,
2017-01-16,279.0,287.8,278.6,285.75,2269644.0,
2017-01-17,287.2,289.15,283.1,284.95,1721964.0,
2017-01-18,293.0,296.4,286.0,289.55,3645696.0,
2017-01-19,289.8,293.8,287.1,293.15,1263244.0,
2017-01-20,291.9,293.15,285.4,288.05,1697737.0,
2017-01-23,288.9,297.0,288.05,295.1,1265838.0,
2017-01-24,297.95,304.9,296.05,303.65,2052442.0,
2017-01-25,306.0,306.95,299.55,300.45,2518719.0,
2017-01-27,303.35,304.05,297.65,300.65,1065612.0,
2017-01-30,300.75,301.95,295.5,300.35,1051915.0,
2017-01-31,301.5,307.5,297.3,298.9,3038285.0,
2017-02-01,302.0,307.5,298.2,306.7,1403927.0,
2017-02-02,306.0,324.8,302.9,322.55,4514033.0,
2017-02-03,320.0,333.2,318.4,321.85,5584705.0,
2017-02-06,324.0,326.6,312.6,314.95,2632211.0,
2017-02-07,315.05,316.8,309.0,311.0,3024478.0,
2017-02-08,312.15,318.05,311.0,317.25,1827638.0,
2017-02-09,319.95,320.85,311.7,317.9,2262820.0,
2017-02-10,319.8,324.8,308.3,313.7,3795457.0,
2017-02-13,317.95,320.55,312.05,314.75,1667539.0,
2017-02-14,315.5,315.5,299.85,303.4,4343666.0,
2017-02-15,304.75,304.75,292.55,293.15,3034720.0,
2017-02-16,294.4,303.8,290.95,302.4,3166724.0,
2017-02-17,304.9,305.65,299.05,299.8,2319038.0,
2017-02-20,300.95,304.9,297.0,302.5,2391548.0,
2017-02-21,303.95,306.75,302.4,303.35,1106506.0,
2017-02-22,303.35,308.95,300.75,302.35,1987823.0,
2017-02-23,301.9,305.25,296.55,302.0,4867046.0,
2017-02-27,301.1,309.9,301.1,307.15,1865263.0,
2017-02-28,309.4,314.8,306.85,308.35,2274189.0,
2017-03-01,311.0,319.0,305.25,318.2,2404175.0,
2017-03-02,318.75,319.75,308.5,310.35,1287107.0,
2017-03-03,309.4,316.0,304.5,313.65,2353239.0,
2017-03-06,313.95,313.95,307.15,309.3,1719899.0,
2017-03-07,308.05,308.85,297.3,298.55,2518064.0,
2017-03-08,297.0,298.6,294.0,296.95,1618846.0,
2017-03-09,294.75,296.4,290.05,291.2,2427632.0,
2017-03-10,293.25,294.0,282.5,284.15,2965058.0,
2017-03-14,291.0,300.5,285.45,291.4,6464044.0,
2017-03-15,293.8,293.8,289.45,292.4,1968514.0,
2017-03-16,299.8,310.3,298.1,307.8,6810516.0,
2017-03-17,310.1,316.85,307.4,310.05,4356018.0,
2017-03-20,311.65,313.85,305.25,311.35,2843510.0,
2017-03-21,313.7,313.7,304.6,307.2,1553168.0,
2017-03-22,307.45,316.2,304.15,311.85,5024224.0,
2017-03-23,320.0,322.0,316.4,319.55,17882232.0,
2017-03-24,321.45,325.3,318.3,323.25,6517456.0,
2017-03-27,325.35,325.6,321.65,323.9,6295161.0,
2017-03-28,323.8,327.5,320.3,326.0,6512418.0,
2017-03-29,294.75,294.75,289.4,290.05,6720119.0,
2017-03-30,290.0,291.5,284.5,285.8,5559887.0,
2017-03-31,285.8,290.6,284.0,288.8,2783380.0,
2017-04-03,291.1,292.35,288.05,291.6,2288384.0,
2017-04-05,291.2,294.25,290.35,291.4,1550349.0,
2017-04-06,292.0,292.4,285.95,288.15,1430476.0,
2017-04-07,288.0,288.9,283.0,283.95,1783334.0,
2017-04-10,283.95,289.0,282.75,286.9,1214230.0,
2017-04-11,286.9,286.9,283.15,284.45,1039790.0,
2017-04-12,286.0,287.15,280.2,281.95,1591568.0,
2017-04-13,283.0,283.55,278.5,281.5,1237280.0,
2017-04-17,282.0,284.55,277.25,277.9,1149276.0,
2017-04-18,279.9,282.75,270.6,272.9,2763659.0,
2017-04-19,271.35,273.6,266.7,271.05,2668570.0,
2017-04-20,275.0,285.9,273.25,282.35,4259852.0,
2017-04-21,288.0,288.0,270.8,272.8,6163345.0,
2017-04-24,275.0,275.9,269.6,275.25,2162818.0,
2017-04-25,275.35,276.0,270.35,272.65,2474875.0,
2017-04-26,273.3,277.2,271.4,272.35,2270991.0,
2017-04-27,271.8,273.9,265.5,266.5,2847518.0,
2017-04-28,267.4,271.8,265.7,267.95,2965118.0,
2017-05-02,268.9,271.75,268.0,268.8,1475556.0,
2017-05-03,269.0,270.35,262.5,264.8,1416611.0,
2017-05-04,265.5,265.6,260.0,260.75,1704519.0,
2017-05-05,254.0,258.0,249.1,250.35,3785011.0,
2017-05-08,250.2,251.0,245.25,247.9,2915337.0,
2017-05-09,247.85,256.4,247.2,254.0,2284930.0,
2017-05-10,256.7,256.9,252.4,254.7,1105607.0,
2017-05-11,254.5,261.8,254.5,259.2,3581689.0,
2017-05-12,260.0,260.5,253.35,254.35,1806831.0,
2017-05-15,255.0,257.75,253.05,256.7,1456796.0,
2017-05-16,258.95,258.95,249.8,251.35,2851500.0,
2017-05-17,251.0,255.1,249.55,252.05,3710056.0,
2017-05-18,250.0,250.8,243.4,244.6,2966914.0,
2017-05-19,245.55,249.2,243.5,246.05,1596209.0,
2017-05-22,249.4,250.2,247.05,247.9,1125794.0,
2017-05-23,247.9,247.9,237.1,240.0,2516730.0,
2017-05-24,243.8,243.8,230.15,231.85,2037521.0,
2017-05-25,233.1,236.9,226.85,234.2,5271860.0,
2017-05-26,233.5,244.15,232.5,241.55,4134938.0,
2017-05-29,241.8,244.9,237.6,238.85,945526.0,
2017-05-30,237.3,244.35,235.3,243.25,1982079.0,
2017-05-31,245.0,245.5,238.0,240.35,2667719.0,
2017-06-01,240.55,241.3,237.35,238.7,2329022.0,
2017-06-02,238.7,240.5,236.7,238.05,2057575.0,
2017-06-05,238.05,238.5,232.4,234.65,2256431.0,
2017-06-06,234.65,236.45,230.6,231.95,1507624.0,
2017-06-07,232.0,234.25,230.55,232.35,2622918.0,
2017-06-08,233.0,238.5,232.6,237.0,1938689.0,
2017-06-09,237.25,242.5,236.05,241.6,2802058.0,
2017-06-12,241.5,245.9,240.65,243.6,2734668.0,
2017-06-13,244.0,247.95,242.0,244.4,2394532.0,
2017-06-14,244.7,245.8,241.25,243.2,1152748.0,
2017-06-15,242.0,244.85,240.25,242.85,1030055.0,
2017-06-16,242.8,244.1,239.55,241.3,979334.0,
2017-06-19,242.0,246.9,241.55,246.6,1130447.0,
2017-06-20,248.0,254.5,244.0,253.2,3199171.0,
2017-06-21,253.95,254.7,247.5,248.65,2236317.0,
2017-06-22,249.45,255.35,249.05,252.85,2639933.0,
2017-06-23,254.5,254.5,247.0,251.0,1839249.0,
2017-06-27,251.0,257.0,248.55,255.25,1491196.0,
2017-06-28,256.0,261.55,253.7,260.35,3602565.0,
2017-06-29,262.0,263.9,259.2,262.05,3157979.0,
2017-06-30,261.0,266.0,260.05,263.65,2267815.0,
2017-07-03,264.1,267.7,263.1,265.05,1102141.0,
2017-07-04,266.0,271.45,265.05,265.9,2661896.0,
2017-07-05,266.8,270.9,265.7,270.15,1747996.0,
2017-07-06,271.0,271.25,265.6,266.45,1354306.0,
2017-07-07,267.0,268.25,264.8,267.3,826891.0,
2017-07-10,269.05,269.9,266.55,268.55,406830.0,
2017-07-11,269.5,273.8,267.5,271.3,2032008.0,
2017-07-12,273.0,273.9,270.7,272.9,1132704.0,
2017-07-13,274.0,277.3,273.2,276.6,1924376.0,
2017-07-14,276.0,276.25,271.75,274.0,1568354.0,
2017-07-17,275.75,281.0,273.25,279.6,2108194.0,
2017-07-18,279.95,280.95,276.8,277.65,1481540.0,
2017-07-19,279.95,281.4,276.45,280.8,1531255.0,
2017-07-20,281.0,285.95,274.55,280.4,9279235.0,
2017-07-21,284.0,284.2,277.5,280.7,2835189.0,
2017-07-24,279.5,280.35,277.0,277.9,2326071.0,
2017-07-25,279.3,282.9,276.9,282.05,1496088.0,
2017-07-26,282.95,285.8,282.05,284.8,2476853.0,
2017-07-27,285.0,285.0,273.85,275.15,2825925.0,
2017-07-28,274.0,278.95,271.7,277.85,1614559.0,
2017-07-31,277.9,284.0,276.0,282.9,1290299.0,
2017-08-01,283.0,284.0,280.3,282.25,1316008.0,
2017-08-02,282.6,285.65,282.0,283.8,1676861.0,
2017-08-03,283.5,285.0,281.7,282.7,825082.0,
2017-08-04,283.0,287.5,282.0,285.9,1645509.0,
2017-08-07,288.0,288.45,283.8,285.15,1733736.0,
2017-08-08,287.5,292.6,283.35,284.65,2504439.0,
2017-08-09,285.0,290.7,284.05,286.65,1873275.0,
2017-08-10,286.0,288.0,277.9,280.8,2461891.0,
2017-08-11,278.25,282.0,267.5,270.5,2262641.0,
2017-08-14,271.0,282.6,270.95,281.0,1127785.0,
2017-08-16,283.3,294.2,282.1,290.9,2175340.0,
2017-08-17,296.45,300.9,292.45,294.8,3428249.0,
2017-08-18,295.85,298.25,290.6,294.5,2513455.0,
2017-08-21,298.6,299.45,289.7,290.9,1493473.0,
2017-08-22,292.85,294.3,286.0,287.05,1634192.0,
2017-08-23,287.55,288.85,283.0,286.5,2253675.0,
2017-08-24,287.0,288.7,282.45,283.95,1445309.0,
2017-08-28,284.5,287.3,281.85,286.5,1067933.0,
2017-08-29,283.0,289.8,282.0,284.1,1383936.0,
2017-08-30,287.95,295.95,286.3,295.35,1822670.0,
2017-08-31,296.0,305.3,289.5,294.55,7292052.0,
2017-09-01,301.25,304.4,298.05,303.15,2109601.0,
2017-09-04,306.0,306.3,295.05,299.25,1693897.0,
2017-09-05,302.9,305.25,300.0,304.3,1359320.0,
2017-09-06,302.0,308.5,296.7,306.35,2212472.0,
2017-09-07,307.95,309.45,305.25,307.35,1697554.0,
2017-09-08,309.0,312.35,303.2,304.35,2484902.0,
2017-09-11,305.55,310.05,305.0,308.65,1688665.0,
2017-09-12,310.75,314.0,309.0,312.6,1730977.0,
2017-09-13,313.0,313.55,306.05,307.1,1923654.0,
2017-09-14,307.95,309.9,302.55,304.85,1193086.0,
2017-09-15,303.95,306.8,299.5,304.25,1688312.0,
2017-09-18,306.0,311.95,306.0,310.9,1765649.0,
2017-09-19,310.7,311.8,307.05,308.4,1221867.0,
2017-09-20,307.1,309.8,304.0,304.85,1014206.0,
2017-09-21,304.9,306.95,301.1,303.85,999542.0,
2017-09-22,301.9,301.9,291.55,292.9,1434044.0,
2017-09-25,293.55,294.8,286.05,293.1,1128494.0,
2017-09-26,293.5,301.25,293.5,300.05,1106506.0,
2017-09-27,302.0,303.0,291.0,293.1,969054.0,
2017-09-28,293.0,296.0,289.95,291.45,1214367.0,
2017-09-29,292.9,299.85,291.25,295.9,1784928.0,
2017-10-03,300.0,314.35,299.85,313.45,2581848.0,
2017-10-04,315.95,317.45,311.0,312.05,2154757.0,
2017-10-05,314.0,315.5,311.6,313.5,986576.0,
2017-10-06,315.0,321.7,315.0,318.95,2727282.0,
2017-10-09,319.0,320.5,315.0,316.55,882134.0,
2017-10-10,317.65,318.8,312.2,313.4,1194679.0,
2017-10-11,314.8,317.65,307.95,309.35,1928064.0,
2017-10-12,311.95,316.0,310.05,314.75,741526.0,
2017-10-13,317.1,323.8,316.75,320.25,2059358.0,
2017-10-16,322.0,324.0,318.2,319.85,945463.0,
2017-10-17,320.45,329.2,319.6,326.75,2403125.0,
2017-10-18,325.0,327.5,319.25,323.2,1251838.0,
2017-10-19,324.7,325.0,318.3,322.0,255654.0,
2017-10-23,323.5,331.0,317.05,318.5,4719756.0,
2017-10-24,320.5,321.4,313.0,315.15,2570963.0,
2017-10-25,316.0,319.9,314.1,319.0,1266550.0,
2017-10-26,321.0,323.45,316.05,317.15,2313442.0,
2017-10-27,318.4,321.05,314.25,316.0,853761.0,
2017-10-30,317.0,319.9,315.25,317.85,558117.0,
2017-10-31,318.5,322.05,312.6,315.25,1360354.0,
2017-11-01,316.5,326.1,316.0,324.6,2011702.0,
2017-11-02,326.45,328.35,320.3,321.75,1916424.0,
2017-11-03,323.4,324.75,319.6,322.3,1001669.0,
2017-11-06,321.0,326.0,319.9,323.75,1475401.0,
2017-11-07,326.85,328.2,315.65,318.65,1805246.0,
2017-11-08,318.0,322.5,309.45,312.35,1695681.0,
2017-11-09,312.0,317.45,311.25,314.55,895408.0,
2017-11-10,314.0,317.1,311.15,312.65,1410317.0,
2017-11-13,312.65,314.35,309.0,310.45,718526.0,
2017-11-14,312.95,313.95,308.55,309.9,729813.0,
2017-11-15,307.0,307.6,294.5,296.4,1822515.0,
2017-11-16,299.75,303.45,295.05,301.8,970788.0,
2017-11-17,305.85,313.5,305.2,310.95,1711208.0,
2017-11-20,310.85,316.5,306.9,315.0,1363809.0,
2017-11-21,318.0,319.9,314.0,317.15,1035867.0,
2017-11-22,318.0,320.5,312.3,313.7,765141.0,
2017-11-23,312.0,316.0,311.95,313.6,1618403.0,
2017-11-24,311.0,312.0,306.7,308.9,1126200.0,
2017-11-27,306.1,308.5,303.0,305.25,691309.0,
2017-11-28,305.45,306.9,301.0,302.1,1020233.0,
2017-11-29,304.0,309.5,302.4,303.5,1384530.0,
2017-11-30,302.0,305.4,297.75,299.4,798397.0,
2017-12-01,301.95,302.4,295.7,296.6,779286.0,
2017-12-04,297.0,301.5,296.05,299.7,501120.0,
2017-12-05,296.25,298.9,294.5,295.9,605956.0,
2017-12-06,292.0,292.05,284.5,285.85,1819982.0,
2017-12-07,284.1,288.4,281.25,287.4,2184178.0,
2017-12-08,288.35,292.75,286.05,292.15,1160221.0,
2017-12-11,295.0,295.8,291.15,293.7,968315.0,
2017-12-12,294.45,296.75,290.0,290.4,997951.0,
2017-12-13,291.4,294.65,287.75,288.8,789129.0,
2017-12-14,291.15,292.1,286.5,290.7,719517.0,
2017-12-15,295.95,297.2,291.25,292.55,1243924.0,
2017-12-18,293.25,300.45,286.0,297.55,1068916.0,
2017-12-19,299.9,302.8,298.0,301.85,909136.0,
2017-12-20,304.2,306.0,300.0,304.2,1036289.0,
2017-12-21,304.7,306.55,301.25,303.45,970620.0,
2017-12-22,304.0,308.35,304.0,307.7,1066973.0,
2017-12-26,310.4,311.0,305.45,307.0,1355216.0,
2017-12-27,309.0,309.25,302.05,303.45,1593469.0,
2017-12-28,305.25,312.95,300.95,311.45,1816110.0,
2017-12-29,313.5,314.0,307.8,308.85,1161167.0,
2018-01-01,309.9,312.45,308.2,308.95,637405.0,
2018-01-02,311.45,311.6,305.65,309.4,911293.0,
2018-01-03,311.85,315.75,310.5,312.0,882982.0,
2018-01-04,312.0,318.5,310.8,317.85,1150153.0,
2018-01-05,318.0,319.85,312.7,313.8,1255238.0,
2018-01-08,314.05,318.85,314.0,318.0,1061554.0,
2018-01-09,318.95,321.35,315.65,316.9,730304.0,
2018-01-10,318.5,322.05,316.9,319.5,1246861.0,
2018-01-11,319.95,320.95,317.65,319.7,710197.0,
2018-01-12,320.0,325.45,319.7,324.0,1150056.0,
2018-01-15,324.0,328.5,321.15,322.05,1043139.0,
2018-01-16,322.95,328.8,313.4,315.45,1785116.0,
2018-01-17,316.6,323.85,311.5,323.15,933055.0,
2018-01-18,323.15,324.8,303.25,308.3,2229509.0,
2018-01-19,307.1,307.65,297.7,299.35,2349471.0,
2018-01-22,300.5,301.6,291.15,292.45,2433313.0,
2018-01-23,293.6,302.0,293.6,296.65,2894490.0,
2018-01-24,297.55,299.3,289.6,293.05,1915105.0,
2018-01-25,298.55,301.0,294.9,298.55,3727672.0,
2018-01-29,303.5,312.8,302.3,304.15,3747559.0,
2018-01-30,303.95,313.75,298.65,310.9,2129122.0,
2018-01-31,311.0,316.15,303.55,310.25,3717227.0,
2018-02-01,308.0,311.8,300.0,307.95,1511270.0,
2018-02-02,306.5,309.0,291.5,294.35,1780007.0,
2018-02-05,290.0,298.0,283.05,292.95,2515888.0,
2018-02-06,281.95,286.4,275.05,283.3,2196991.0,
2018-02-07,289.7,291.35,285.0,288.9,1841739.0,
2018-02-08,285.1,292.0,283.0,287.3,4075914.0,
2018-02-09,281.0,311.9,280.5,303.55,5294692.0,
2018-02-12,306.6,311.9,303.25,307.65,4332375.0,
2018-02-14,308.0,314.9,308.0,309.1,2014996.0,
2018-02-15,311.4,318.1,311.4,313.4,2255264.0,
2018-02-16,317.95,318.0,310.55,313.05,2220694.0,
2018-02-19,315.95,315.95,306.0,312.3,1416403.0,
2018-02-20,312.3,316.75,309.0,315.4,4034778.0,
2018-02-21,317.35,319.25,315.2,316.2,3448007.0,
2018-02-22,315.5,317.9,312.1,314.15,9054662.0,
2018-02-23,316.0,329.0,314.4,328.0,3963412.0,
2018-02-26,333.0,340.2,330.8,332.3,3776145.0,
2018-02-27,333.95,334.8,326.25,329.4,1360525.0,
2018-02-28,326.0,328.0,324.0,326.45,1309367.0,
2018-03-01,325.9,330.3,314.05,315.6,2251422.0,
2018-03-05,314.4,316.25,307.4,313.65,3660347.0,
2018-03-06,314.2,319.35,311.3,314.7,1813814.0,
2018-03-07,311.3,312.55,306.15,308.75,3978426.0,
2018-03-08,309.2,315.1,304.7,313.85,1041476.0,
2018-03-09,314.0,315.45,304.15,313.3,3300536.0,
2018-03-12,317.25,320.55,302.05,318.85,3756718.0,
2018-03-13,313.35,326.4,313.35,319.0,2762603.0,
2018-03-14,320.5,326.65,318.2,320.6,4342932.0,
2018-03-15,319.3,323.7,316.65,318.45,4495797.0,
2018-03-16,318.4,324.85,311.3,314.9,6325044.0,
2018-03-19,314.95,317.35,307.0,308.7,2354765.0,
2018-03-20,305.25,314.6,305.25,313.0,2430725.0,
2018-03-21,313.5,314.4,309.25,311.4,2405096.0,
2018-03-22,312.05,315.2,310.25,312.75,2439322.0,
2018-03-23,300.0,305.05,296.35,301.45,2797668.0,
2018-03-26,298.9,304.8,298.55,303.55,1760298.0,
2018-03-27,305.7,310.9,304.2,305.95,1995622.0,
2018-03-28,305.5,306.3,298.0,300.55,4641159.0,
2018-04-02,304.35,304.75,300.8,303.2,1007283.0,
2018-04-03,303.5,310.4,303.25,309.2,2389206.0,
2018-04-04,310.0,310.0,305.15,307.25,2784661.0,
2018-04-05,309.1,316.5,309.1,313.5,3971835.0,
2018-04-06,312.5,315.3,309.2,314.3,2594222.0,
2018-04-09,315.0,317.85,310.3,313.6,2425848.0,
2018-04-10,315.5,318.3,313.0,315.0,2310001.0,
2018-04-11,316.2,320.5,315.0,318.7,2032156.0,
2018-04-12,316.0,316.9,308.9,312.95,4123627.0,
2018-04-13,312.85,315.6,310.15,314.4,2839968.0,
2018-04-16,314.0,318.25,311.45,317.1,2523468.0,
2018-04-17,319.0,320.0,316.3,318.35,917787.0,
2018-04-18,319.9,324.55,317.2,323.4,1990928.0,
2018-04-19,328.1,336.5,327.4,328.95,4340595.0,
2018-04-20,326.6,328.8,323.0,327.65,1607315.0,
2018-04-23,327.0,327.5,319.3,323.2,1774416.0,
2018-04-24,320.1,322.65,317.35,321.0,2087447.0,
2018-04-25,320.9,327.4,319.6,324.4,1553599.0,
2018-04-26,326.15,326.15,318.45,320.0,2669645.0,
2018-04-27,320.0,332.0,319.15,327.1,1442493.0,
2018-04-30,334.25,334.25,325.2,326.85,1498585.0,
2018-05-02,320.0,321.35,307.0,308.1,3691790.0,
2018-05-03,310.0,311.55,304.05,309.45,1606264.0,
2018-05-04,309.0,309.0,299.2,303.5,1443132.0,
2018-05-07,306.0,307.95,301.0,302.15,1344158.0,
2018-05-08,304.9,305.6,299.5,300.8,1129761.0,
2018-05-09,300.7,303.7,298.65,300.1,1131982.0,
2018-05-10,301.95,301.95,292.3,295.2,2258556.0,
2018-05-11,295.1,299.5,292.5,298.8,1737957.0,
2018-05-14,299.0,300.55,295.1,297.6,933662.0,
2018-05-15,297.1,301.1,295.2,297.4,1338723.0,
2018-05-16,295.6,299.2,293.5,298.3,1766981.0,
2018-05-17,298.0,300.95,294.6,299.25,2193669.0,
2018-05-18,299.7,300.8,296.25,297.75,1475581.0,
2018-05-21,299.05,299.85,288.1,289.55,1056510.0,
2018-05-22,289.4,290.15,285.45,288.45,1551037.0,
2018-05-23,288.4,288.4,282.2,284.2,693963.0,
2018-05-24,284.5,286.6,281.15,283.3,811089.0,
2018-05-25,284.45,293.55,283.0,290.6,826412.0,
2018-05-28,291.1,291.8,287.05,289.95,762776.0,
2018-05-29,290.0,293.2,287.05,289.3,1046698.0,
2018-05-30,285.05,296.25,285.05,294.85,1595093.0,
2018-05-31,295.1,298.0,292.55,296.35,3784771.0,
2018-06-01,296.3,296.9,286.65,291.25,2617279.0,
2018-06-04,290.75,290.75,283.15,286.15,2264249.0,
2018-06-05,281.6,289.9,277.25,284.65,2292835.0,
2018-06-06,285.0,299.3,285.0,297.45,2982065.0,
2018-06-07,296.6,300.75,294.5,297.45,1261579.0,
2018-06-08,296.0,298.45,294.25,296.05,997787.0,
2018-06-11,296.15,303.5,295.25,302.05,1951398.0,
2018-06-12,304.3,304.3,298.4,303.75,3923577.0,
2018-06-13,303.9,304.65,299.35,301.4,2494135.0,
2018-06-14,301.35,305.25,300.5,301.45,2775323.0,
2018-06-15,301.5,306.0,299.0,304.3,2540672.0,
2018-06-18,305.85,305.85,291.0,297.9,2677240.0,
2018-06-19,297.8,298.0,292.65,295.9,1874147.0,
2018-06-20,296.0,296.05,292.25,295.0,1277530.0,
2018-06-21,295.0,295.7,289.0,290.4,1726567.0,
2018-06-22,288.0,290.15,284.0,289.05,1045176.0,
2018-06-25,287.9,292.8,286.0,288.55,571670.0,
2018-06-26,287.0,290.1,275.45,278.1,1450605.0,
2018-06-27,277.5,279.75,272.0,273.4,1311002.0,
2018-06-28,273.3,276.0,270.5,272.1,1358366.0,
2018-06-29,273.45,279.15,269.55,274.5,1688334.0,
2018-07-02,277.75,281.4,273.65,279.8,1727103.0,
2018-07-03,280.0,282.65,275.65,277.35,1599950.0,
2018-07-04,277.35,281.95,273.5,280.0,1924866.0,
2018-07-05,275.2,277.6,270.95,274.1,1595811.0,
2018-07-06,272.8,274.4,268.85,272.0,1458492.0,
2018-07-09,273.1,281.35,273.1,279.95,859101.0,
2018-07-10,280.0,283.85,275.1,282.35,2624843.0,
2018-07-11,276.95,277.0,270.1,273.55,3661817.0,
2018-07-12,273.05,277.7,271.7,274.75,2020275.0,
2018-07-13,272.2,276.2,270.6,274.95,2257251.0,
2018-07-16,274.85,274.85,266.5,268.55,1396585.0,
2018-07-17,267.0,270.95,261.0,269.5,2669806.0,
2018-07-18,270.85,272.45,266.75,269.35,1730209.0,
2018-07-19,273.4,275.1,265.4,268.9,2472327.0,
2018-07-20,268.0,268.0,262.6,265.25,1732161.0,
2018-07-23,265.0,270.0,261.2,267.7,2055644.0,
2018-07-24,266.65,274.55,260.65,272.6,3091112.0,
2018-07-25,274.3,282.95,273.55,281.85,3137473.0,
2018-07-26,281.45,282.65,269.0,272.1,3797761.0,
2018-07-27,270.0,276.3,269.9,273.85,606887.0,
2018-07-30,274.0,275.95,272.0,274.95,493831.0,
2018-07-31,275.75,280.85,272.25,280.05,760972.0,
2018-08-01,282.0,284.8,276.0,277.7,1212505.0,
2018-08-02,278.5,283.8,275.05,280.8,1245965.0,
2018-08-03,281.95,283.75,280.2,282.3,571292.0,
2018-08-06,284.85,289.65,280.85,285.3,1036316.0,
2018-08-07,287.2,290.95,283.55,285.75,1255502.0,
2018-08-08,285.75,288.5,284.65,286.05,486339.0,
2018-08-09,286.9,289.0,284.5,286.7,691773.0,
2018-08-10,286.7,288.3,283.8,286.95,662744.0,
2018-08-13,283.95,288.85,280.05,286.65,1237293.0,
2018-08-14,284.1,287.0,282.75,285.15,971916.0,
2018-08-16,277.6,279.0,272.05,276.05,1886985.0,
2018-08-17,278.0,279.9,275.35,277.35,361292.0,
2018-08-20,277.35,283.0,272.95,280.25,1283856.0,
2018-08-21,280.0,287.0,279.0,284.4,669118.0,
2018-08-23,284.65,287.85,282.2,286.2,730469.0,
2018-08-24,288.0,294.0,285.05,292.3,1253387.0,
2018-08-27,295.7,301.35,295.0,299.4,1300919.0,
2018-08-28,300.0,301.55,296.1,297.9,828994.0,
2018-08-29,298.95,303.3,297.35,298.45,958512.0,
2018-08-30,300.0,300.65,294.35,296.9,1773624.0,
2018-08-31,295.3,300.65,293.05,299.55,637528.0,
2018-09-03,300.9,302.0,295.1,298.7,723431.0,
2018-09-04,300.0,300.1,290.5,292.6,842968.0,
2018-09-05,290.1,307.2,288.55,302.4,1797538.0,
2018-09-06,302.45,304.65,290.2,300.75,1221297.0,
2018-09-07,299.9,301.7,296.8,298.0,568322.0,
2018-09-10,298.2,298.9,292.55,295.45,1062620.0,
2018-09-11,293.9,298.3,285.05,288.35,1049252.0,
2018-09-12,287.0,289.2,278.7,286.25,1381284.0,
2018-09-14,289.0,300.0,287.15,299.3,1254181.0,
2018-09-17,297.95,300.9,292.2,298.1,958355.0,
2018-09-18,299.0,306.45,295.65,298.7,1737213.0,
2018-09-19,301.0,303.7,294.8,296.7,1493682.0,
2018-09-21,298.5,306.7,268.95,297.05,2686416.0,
2018-09-24,297.05,301.7,293.25,297.35,783691.0,
2018-09-25,295.2,305.8,292.15,303.8,1159243.0,
2018-09-26,306.5,309.2,300.3,306.8,2147804.0,
2018-09-27,306.7,309.45,299.7,306.1,1632586.0,
2018-09-28,305.35,305.65,284.05,289.3,1458360.0,
2018-10-01,288.5,291.0,280.55,289.85,462530.0,
2018-10-03,289.45,298.65,287.3,294.3,690856.0,
2018-10-04,291.8,296.5,285.45,288.9,1194793.0,
2018-10-05,288.85,290.7,279.0,280.9,810505.0,
2018-10-08,278.7,279.95,264.0,270.65,2484110.0,
2018-10-09,269.0,275.0,268.3,273.45,688591.0,
2018-10-10,274.0,279.65,271.55,277.75,1344538.0,
2018-10-11,272.9,275.95,267.2,270.3,875691.0,
2018-10-12,273.8,278.6,270.6,277.55,1100768.0,
2018-10-15,280.25,280.25,266.4,273.1,1349827.0,
2018-10-16,274.85,279.0,272.5,276.6,782707.0,
2018-10-17,278.0,280.1,269.05,270.0,894914.0,
2018-10-19,272.9,292.0,270.0,286.45,3230111.0,
2018-10-22,286.3,294.9,279.25,282.15,5655194.0,
2018-10-23,282.0,283.45,272.6,278.85,2618281.0,
2018-10-24,280.2,282.9,277.0,281.5,1738324.0,
2018-10-25,281.0,282.6,275.1,278.55,2509513.0,
2018-10-26,280.0,281.7,275.5,277.6,1290347.0,
2018-10-29,281.0,285.55,278.15,284.65,1363900.0,
2018-10-30,285.0,292.0,283.5,287.15,1886558.0,
2018-10-31,268.0,270.45,261.2,262.4,3184973.0,
2018-11-01,263.05,266.5,261.0,263.6,1959731.0,
2018-11-02,265.75,268.7,262.3,264.05,1817519.0,
2018-11-05,264.95,266.0,261.7,262.9,892697.0,
2018-11-06,262.3,265.4,259.75,264.7,1388900.0,
2018-11-07,265.5,265.9,261.0,262.95,147844.0,
2018-11-09,263.0,265.5,259.95,264.25,792950.0,
2018-11-12,264.8,266.7,262.85,263.3,889701.0,
2018-11-13,262.0,266.0,261.7,265.35,548990.0,
2018-11-14,265.35,266.6,262.95,264.6,415526.0,
2018-11-15,262.3,267.7,262.3,266.7,506557.0,
2018-11-16,268.45,273.3,265.1,266.7,1594649.0,
2018-11-19,269.0,270.3,264.55,266.25,956590.0,
2018-11-20,266.0,268.5,262.9,263.55,465585.0,
2018-11-21,264.95,267.35,263.1,265.9,515979.0,
2018-11-22,266.95,269.0,262.1,263.1,1074645.0,
2018-11-26,263.0,264.5,260.25,262.65,593658.0,
2018-11-27,263.3,265.5,259.4,264.35,1027017.0,
2018-11-28,263.0,264.5,260.05,261.05,434661.0,
2018-11-29,262.0,265.0,261.15,262.5,1235480.0,
2018-11-30,263.0,268.8,263.0,266.7,614826.0,
2018-12-03,270.6,273.5,268.25,272.7,696075.0,
2018-12-04,274.5,274.5,270.55,273.15,457683.0,
2018-12-05,271.5,273.5,267.35,271.05,497901.0,
2018-12-06,269.8,271.9,264.2,269.0,663836.0,
2018-12-07,267.15,273.9,267.15,272.8,370594.0,
2018-12-10,269.7,271.5,267.1,270.0,3664374.0,
2018-12-11,265.6,275.0,265.6,274.35,547711.0,
2018-12-12,274.0,278.35,273.4,274.9,503238.0,
2018-12-13,274.05,278.0,274.05,275.65,341136.0,
2018-12-14,273.5,277.8,267.2,269.25,1134835.0,
2018-12-17,270.5,274.8,268.15,273.35,1251917.0,
2018-12-18,273.4,279.0,271.0,277.8,1108324.0,
2018-12-19,279.0,283.5,276.0,282.3,874546.0,
2018-12-20,282.5,282.5,275.1,277.9,1089648.0,
2018-12-21,280.0,280.5,273.25,274.3,407678.0,
2018-12-24,275.0,276.5,268.1,270.05,534376.0,
2018-12-26,271.5,272.25,267.2,271.45,480264.0,
2018-12-27,271.95,277.2,269.6,275.15,2222952.0,
2018-12-28,276.0,277.7,271.5,275.4,355044.0,
2018-12-31,273.25,281.6,273.25,278.65,1085705.0,
2019-01-01,278.65,279.45,276.1,277.85,151753.0,
2019-01-02,275.0,277.75,271.7,272.75,336931.0,
2019-01-03,271.25,274.7,269.0,269.5,338177.0,
2019-01-04,269.3,272.45,268.0,271.7,426003.0,
2019-01-07,273.9,276.0,272.05,274.55,472131.0,
2019-01-08,273.05,275.85,272.1,274.3,227088.0,
2019-01-09,275.9,276.6,273.55,275.45,251548.0,
2019-01-10,274.95,277.6,272.85,275.95,449963.0,
2019-01-11,275.9,275.95,272.4,273.5,131281.0,
2019-01-14,273.0,274.3,270.4,271.4,141400.0,
2019-01-15,272.55,273.95,270.2,273.0,414885.0,
2019-01-16,273.5,274.2,272.1,272.6,118186.0,
2019-01-17,272.6,275.8,270.5,271.75,571873.0,
2019-01-18,273.6,275.1,271.3,272.4,389477.0,
2019-01-21,273.2,274.9,264.45,267.55,2089372.0,
2019-01-22,266.0,266.4,256.35,260.25,2009492.0,
2019-01-23,260.7,262.0,258.0,259.4,537622.0,
2019-01-24,259.5,264.6,257.15,257.95,359501.0,
2019-01-25,258.95,258.95,248.1,250.4,1090204.0,
2019-01-28,249.9,252.1,244.0,251.1,407107.0,
2019-01-29,252.0,260.4,250.05,259.6,706900.0,
2019-01-30,260.0,263.3,259.5,261.65,597557.0,
2019-01-31,262.4,263.65,258.3,260.2,1075156.0,
2019-02-01,257.85,260.2,242.85,254.7,5094566.0,
2019-02-04,253.25,258.55,250.45,254.7,906406.0,
2019-02-05,256.3,258.8,253.7,254.8,612984.0,
2019-02-06,254.25,259.0,253.25,256.9,605504.0,
2019-02-07,255.5,258.7,255.0,255.7,598834.0,
2019-02-08,254.35,256.5,248.25,249.25,480544.0,
2019-02-11,249.0,252.25,245.75,249.45,708056.0,
2019-02-12,249.9,253.5,246.2,250.05,721498.0,
2019-02-13,250.5,253.0,248.0,249.5,657412.0,
2019-02-14,249.0,250.45,245.2,247.15,475353.0,
2019-02-15,248.8,249.6,244.3,247.85,515635.0,
2019-02-18,249.0,250.95,243.2,244.3,611102.0,
2019-02-19,243.6,250.5,243.2,248.3,545554.0,
2019-02-20,250.5,255.15,249.35,253.9,960908.0,
2019-02-21,255.6,257.05,253.65,255.8,673649.0,
2019-02-22,258.2,261.0,253.05,260.0,821434.0,
2019-02-25,259.95,263.3,259.2,262.25,631433.0,
2019-02-26,261.3,264.85,257.6,263.2,389777.0,
2019-02-27,263.0,269.0,263.0,263.9,629984.0,
2019-02-28,263.95,272.4,261.55,269.45,1142117.0,
2019-03-01,269.0,271.95,268.6,270.85,333569.0,
2019-03-05,270.85,275.1,270.1,271.35,582719.0,
2019-03-06,272.0,274.0,266.9,268.1,890999.0,
2019-03-07,268.15,271.2,266.5,269.85,540718.0,
2019-03-08,269.0,269.5,265.85,267.25,509873.0,
2019-03-11,269.0,272.0,268.55,271.25,734367.0,
2019-03-12,273.0,277.5,272.55,274.7,1212343.0,
2019-03-13,274.95,277.9,274.0,276.75,1221413.0,
2019-03-14,277.0,277.95,272.55,273.95,470111.0,
2019-03-15,273.1,276.1,270.5,275.1,617716.0,
2019-03-18,275.0,278.7,271.4,277.55,637698.0,
2019-03-19,278.5,278.5,274.4,277.2,446239.0,
2019-03-20,276.1,278.35,274.5,277.05,430463.0,
2019-03-22,276.0,281.75,273.15,274.5,917990.0,
2019-03-25,273.0,273.0,268.1,270.85,419241.0,
2019-03-26,272.1,274.0,269.65,273.2,254176.0,
2019-03-27,273.5,276.0,271.0,271.85,433364.0,
2019-03-28,271.1,277.75,268.1,275.8,1231637.0,
2019-03-29,278.9,278.9,274.65,276.85,427935.0,
2019-04-01,279.3,289.8,279.3,283.9,1926933.0,
2019-04-02,283.1,284.9,279.65,283.7,873349.0,
2019-04-03,284.9,289.6,281.55,282.35,998158.0,
2019-04-04,281.55,285.2,281.0,283.55,448307.0,
2019-04-05,286.25,290.0,283.5,288.85,946455.0,
2019-04-08,289.35,291.65,283.2,283.95,599597.0,
2019-04-09,284.1,286.25,280.65,284.95,438295.0,
2019-04-10,284.9,286.15,281.7,282.45,330577.0,
2019-04-11,280.35,282.8,279.8,281.35,339540.0,
2019-04-12,281.0,282.25,278.85,280.5,425468.0,
2019-04-15,280.5,285.8,280.5,284.45,478288.0,
2019-04-16,283.05,286.5,281.1,282.6,559573.0,
2019-04-18,282.3,284.95,281.55,284.35,469898.0,
2019-04-22,284.35,284.35,276.05,276.95,293483.0,
2019-04-23,277.0,279.3,274.7,275.5,258567.0,
2019-04-24,276.0,276.65,272.9,275.5,185488.0,
2019-04-25,274.35,277.65,271.4,272.95,756411.0,
2019-04-26,274.7,274.7,270.0,270.45,521302.0,
2019-04-30,272.95,277.8,268.25,276.85,671785.0,
2019-05-02,276.0,277.6,270.0,271.9,1391449.0,
2019-05-03,266.5,275.55,266.5,274.6,642377.0,
2019-05-06,271.7,274.45,269.5,272.55,544359.0,
2019-05-07,273.7,274.95,267.35,268.05,318773.0,
2019-05-08,268.05,268.95,264.0,265.95,233408.0,
2019-05-09,265.95,269.7,261.4,262.15,392409.0,
2019-05-10,263.0,264.6,259.0,260.4,335568.0,
2019-05-13,257.5,261.3,256.2,257.25,630013.0,
2019-05-14,256.4,258.45,254.15,256.55,605817.0,
2019-05-15,257.0,258.1,253.15,253.8,556069.0,
2019-05-16,253.8,255.85,253.25,254.55,300715.0,
2019-05-17,252.6,255.85,251.9,253.45,523709.0,
2019-05-20,259.0,263.35,255.6,261.1,772524.0,
2019-05-21,262.0,262.5,254.2,255.25,608867.0,
2019-05-22,254.4,254.95,249.5,250.45,1343725.0,
2019-05-23,254.7,254.7,248.0,248.6,784800.0,
2019-05-24,248.5,253.75,245.0,252.8,918932.0,
2019-05-27,253.2,255.75,252.3,254.15,723141.0,
2019-05-28,254.15,254.9,250.6,251.4,1121681.0,
2019-05-29,251.0,251.4,248.2,248.95,494774.0,
2019-05-30,248.95,250.9,246.25,249.85,1106908.0,
2019-05-31,250.8,250.85,244.55,245.8,880270.0,
2019-06-03,246.0,249.4,245.05,248.55,577466.0,
2019-06-04,248.6,251.7,246.0,246.65,891462.0,
2019-06-06,248.4,248.4,243.0,243.4,424365.0,
2019-06-07,243.4,245.4,238.2,239.0,960416.0,
2019-06-10,239.95,243.0,237.5,241.8,862372.0,
2019-06-11,242.95,243.95,240.1,241.85,716771.0,
2019-06-12,241.5,243.8,241.2,241.85,414262.0,
2019-06-13,243.75,243.75,238.8,239.85,438434.0,
2019-06-14,240.8,241.2,236.1,236.75,784216.0,
2019-06-17,235.35,236.8,233.5,234.75,462733.0,
2019-06-18,233.55,234.25,230.15,231.6,1228433.0,
2019-06-19,232.8,235.35,230.1,231.9,569082.0,
2019-06-20,231.0,234.4,228.45,233.85,963687.0,
2019-06-21,233.8,233.8,229.45,230.75,1616854.0,
2019-06-24,230.75,231.85,226.6,227.95,441784.0,
2019-06-25,227.25,231.1,225.85,230.6,789840.0,
2019-06-26,230.6,242.1,229.9,240.9,1220507.0,
2019-06-27,243.0,246.3,239.35,244.6,2362554.0,
2019-06-28,243.95,244.6,241.1,244.1,576134.0,
2019-07-01,244.05,248.55,242.0,244.55,1489925.0,
2019-07-02,246.0,246.45,241.25,242.2,372125.0,
2019-07-03,243.0,244.6,238.8,240.85,618706.0,
2019-07-04,241.0,241.75,236.8,239.85,894430.0,
2019-07-05,240.55,241.5,233.35,234.65,315981.0,
2019-07-08,233.5,233.5,228.55,229.25,395577.0,
2019-07-09,228.95,231.0,226.0,230.45,494281.0,
2019-07-10,230.95,231.6,222.3,223.1,1232438.0,
2019-07-11,225.0,228.75,222.15,228.05,511563.0,
2019-07-12,227.95,229.95,224.3,227.85,632290.0,
2019-07-15,228.5,229.2,224.75,228.35,369400.0,
2019-07-16,228.25,232.0,227.65,229.05,899006.0,
2019-07-17,229.0,231.75,227.7,230.5,388621.0,
2019-07-18,230.25,230.55,224.4,225.1,490840.0,
2019-07-19,225.1,228.8,217.55,220.05,1470948.0,
2019-07-22,217.1,228.9,217.1,224.6,1250238.0,
2019-07-23,222.65,225.9,221.95,222.95,714424.0,
2019-07-24,222.1,223.35,217.65,218.75,561493.0,
2019-07-25,219.4,221.85,215.8,217.1,1495203.0,
2019-07-26,218.2,226.2,214.3,225.5,807673.0,
2019-07-29,225.0,225.0,214.35,215.75,1527410.0,
2019-07-30,215.8,220.8,213.1,214.1,1102600.0,
2019-07-31,212.05,217.75,211.05,216.95,510463.0,
2019-08-01,214.35,216.4,209.5,211.5,567145.0,
2019-08-02,208.95,214.25,207.9,211.6,566703.0,
2019-08-05,210.0,210.65,202.6,203.75,820853.0,
2019-08-06,203.0,209.1,202.0,205.25,968334.0,
2019-08-07,207.0,209.7,203.4,208.3,513567.0,
2019-08-08,208.3,212.95,206.35,212.2,741347.0,
2019-08-09,212.0,214.9,210.4,212.15,598259.0,
2019-08-13,212.0,213.0,204.3,205.25,1088197.0,
2019-08-14,205.0,208.75,203.8,204.95,957094.0,
2019-08-16,204.95,208.0,199.25,206.85,2070527.0,
2019-08-19,207.1,211.5,207.1,209.2,1312119.0,
2019-08-20,209.3,209.3,203.8,206.25,668288.0,
2019-08-21,205.1,206.1,201.65,202.5,647762.0,
2019-08-22,201.0,202.9,198.05,199.4,648688.0,
2019-08-23,198.55,203.55,193.05,202.45,541997.0,21.91
2019-09-30,243.0,246.3,239.35,244.6,2362554.0,47.27
2019-10-01,213.4,216.9,210.1,213.95,794580.0,44.25
2019-10-02,213.4,216.9,210.1,213.95,794580.0,44.25
2019-10-03,211.0,213.3,207.7,209.45,899805.0,37.86
2019-10-04,209.75,211.45,207.0,207.85,414673.0,46.93
2019-10-07,208.0,209.35,204.45,205.45,250265.0,40.32
2019-10-08,208.0,209.35,204.45,205.45,250265.0,40.32
2019-10-09,205.45,208.4,203.0,206.9,272415.0,37.83
2019-10-10,206.85,208.0,204.0,204.35,207122.0,43.71
2019-10-11,205.75,209.5,204.5,207.25,327027.0,38.48
2019-10-14,209.0,210.0,205.55,207.9,676808.0,58.61
2019-10-15,209.4,212.0,207.1,208.75,370311.0,39.67
2019-10-16,213.0,213.9,209.05,210.6,974034.0,63.39
2019-10-17,211.45,213.75,209.6,211.55,686109.0,48.44
2019-10-18,213.1,218.9,212.0,216.4,988749.0,44.54
2019-10-21,213.1,218.9,212.0,216.4,988749.0,44.54
2019-10-22,216.5,219.7,209.2,209.9,946692.0,51.78
2019-10-23,208.7,211.9,208.4,210.0,995251.0,80.17
2019-10-24,210.0,214.9,210.0,211.55,630417.0,59.46
2019-10-25,212.9,214.2,210.15,211.1,294829.0,55.29
2019-10-28,214.5,218.7,212.25,216.95,444722.0,44.88
2019-10-29,214.0,224.8,212.7,220.25,3269262.0,50.66
2019-10-30,216.0,216.0,211.5,212.5,1077318.0,42.71
2019-10-31,212.5,215.65,212.0,212.65,662745.0,44.33
2019-11-01,213.0,213.0,205.05,207.0,1774160.0,57.33
2019-11-04,209.0,215.95,209.0,210.5,2258686.0,46.36
2019-11-05,213.15,214.5,206.8,207.0,1287977.0,58.24
2019-11-06,208.25,209.2,205.8,208.2,1292053.0,52.05
2019-11-07,209.2,214.0,206.7,213.2,845059.0,49.59
2019-11-08,212.0,214.35,209.2,210.8,583212.0,46.56
2019-11-11,211.5,211.5,208.0,210.3,346673.0,50.42
2019-11-12,211.5,211.5,208.0,210.3,346673.0,50.42
2019-11-13,210.3,210.9,208.0,208.6,378032.0,52.85
2019-11-14,208.5,210.95,206.25,210.05,508466.0,53.3
2019-11-15,209.2,211.25,208.0,208.3,350743.0,49.8
2019-11-18,209.9,213.0,207.8,210.75,509636.0,45.78
2019-11-19,211.0,216.5,208.75,215.7,936387.0,57.02
2019-11-20,215.7,216.95,213.0,213.6,382508.0,51.51
2019-11-21,214.25,215.8,210.0,214.7,464816.0,58.32
2019-11-22,214.7,217.5,210.0,212.55,762140.0,47.32
2019-11-25,213.0,216.5,213.0,215.0,613006.0,59.02
2019-11-26,215.0,215.9,209.0,209.9,347447.0,58.92
2019-11-27,211.0,215.1,210.6,212.7,504454.0,48.0
2019-11-28,212.1,215.95,212.1,215.1,643776.0,61.54
2019-11-29,215.8,220.65,213.8,215.35,1068144.0,42.24
2019-12-02,216.0,217.95,213.0,213.5,279233.0,46.56
2019-12-03,213.5,216.8,210.25,210.8,266103.0,40.06
2019-12-04,211.0,213.5,209.5,211.5,266441.0,41.54
2019-12-05,213.0,213.95,211.0,211.85,119097.0,47.09
2019-12-06,211.5,213.95,210.0,210.9,275881.0,56.24
2019-12-09,210.9,212.15,208.8,209.05,201139.0,60.09
2019-12-10,209.65,210.45,206.0,206.35,280791.0,60.11
2019-12-11,207.6,208.85,204.5,205.45,464915.0,72.75
2019-12-12,207.0,209.0,205.3,205.5,285440.0,59.94
2019-12-13,207.35,209.4,205.5,206.0,612881.0,64.01
2019-12-16,207.2,207.7,206.0,206.25,130261.0,60.44
2019-12-17,206.25,208.6,206.25,208.0,473024.0,60.49
2019-12-18,208.7,210.25,207.1,207.3,666319.0,77.66
2019-12-19,207.4,209.05,207.0,207.25,162390.0,55.34
2019-12-20,209.0,210.6,206.15,208.4,968923.0,66.11
2019-12-23,208.4,212.0,208.0,211.5,361029.0,63.73
2019-12-24,211.75,213.7,211.0,211.45,275074.0,50.74
2019-12-25,211.75,213.7,211.0,211.45,275074.0,50.74
2019-12-26,212.0,214.5,211.9,212.0,354046.0,55.87
2019-12-27,213.0,214.85,205.8,210.35,988739.0,52.93
2019-12-30,210.4,211.7,208.2,208.85,279469.0,51.49
2019-12-31,209.8,211.95,209.15,209.65,189212.0,41.78
2020-01-01,210.8,211.5,209.6,210.1,88791.0,41.53
2020-01-02,211.4,214.95,210.55,214.15,549833.0,45.08
2020-01-03,214.0,216.9,213.1,215.25,816967.0,68.45
2020-01-06,216.4,216.4,210.0,211.85,322036.0,54.42
2020-01-07,212.6,215.6,210.2,213.05,259266.0,52.77
2020-01-08,211.0,212.2,209.5,211.0,362093.0,61.93
2020-01-09,215.3,215.3,211.35,213.25,380062.0,60.42
2020-01-10,215.0,224.45,213.0,219.1,2207069.0,54.37
2020-01-13,219.65,222.0,214.2,215.8,547822.0,49.18
2020-01-14,216.0,218.7,213.25,214.05,2079225.0,77.61
2020-01-15,214.0,218.9,213.5,215.35,679989.0,51.91
2020-01-16,217.0,218.5,215.15,215.75,417479.0,59.36
2020-01-17,217.0,219.6,216.35,216.95,1274504.0,67.17
2020-01-20,218.75,224.0,214.55,216.35,1694116.0,33.77
2020-01-21,214.0,216.8,211.65,212.4,549280.0,43.55
2020-01-22,213.0,214.7,207.7,209.2,576149.0,58.64
2020-01-23,210.25,210.7,207.5,208.65,472035.0,54.83
2020-01-24,209.9,209.9,207.5,207.85,558023.0,64.02
2020-01-27,207.95,208.1,200.0,201.0,922817.0,71.88
2020-01-28,201.15,203.4,197.25,198.75,612033.0,61.6
2020-01-29,200.0,202.75,198.0,198.55,591901.0,64.93
2020-01-30,199.75,199.75,193.5,194.7,689175.0,67.1
2020-01-31,195.15,196.7,193.65,194.1,724986.0,71.46
2020-02-03,191.6,192.75,188.15,189.4,327572.0,57.74
2020-02-04,191.7,194.9,190.0,192.95,475656.0,68.26
2020-02-05,193.2,194.95,189.5,190.75,682799.0,69.73
2020-02-06,193.7,198.7,191.9,192.75,867168.0,45.17
2020-02-07,193.75,195.6,192.7,195.05,337789.0,51.19
2020-02-10,196.2,196.75,191.65,193.75,296480.0,56.76
2020-02-11,194.4,195.9,192.5,194.8,207883.0,50.97
2020-02-12,195.0,195.15,191.6,192.25,155810.0,53.56
2020-02-13,192.5,193.7,190.25,190.75,149432.0,49.41
2020-02-14,191.0,192.0,190.2,190.65,138592.0,56.0
2020-02-17,190.65,190.65,188.3,189.15,135016.0,50.09
2020-02-18,190.0,190.0,184.1,185.55,324413.0,67.6
2020-02-19,185.7,189.6,184.5,184.8,279253.0,60.08
2020-02-20,185.0,187.7,181.5,182.35,390434.0,63.78
2020-02-21,185.0,187.7,181.5,182.35,390434.0,63.78
2020-02-24,181.5,183.2,179.5,180.15,705058.0,71.33
2020-02-25,180.0,181.5,175.0,177.6,366180.0,58.55
2020-02-26,175.1,177.95,170.85,172.8,542335.0,62.23
2020-02-27,170.1,187.65,170.0,182.4,1352291.0,27.64
2020-02-28,170.3,177.75,170.3,172.25,640027.0,45.12
2020-03-02,173.3,177.15,164.0,167.7,290865.0,50.1
2020-03-03,170.0,174.0,167.8,172.9,321602.0,42.62
2020-03-04,172.35,172.9,167.2,169.45,302832.0,52.96
2020-03-05,172.0,174.35,169.0,169.35,228864.0,52.85
2020-03-06,167.0,170.5,161.9,163.8,558994.0,57.66
2020-03-09,161.45,161.45,154.4,159.3,882419.0,63.59
2020-03-10,161.45,161.45,154.4,159.3,882419.0,63.59
2020-03-11,168.55,168.55,158.2,160.0,642043.0,57.63
2020-03-12,153.0,155.0,140.15,145.05,1359057.0,68.78
2020-03-13,129.85,150.2,116.05,141.15,1802421.0,64.9
2020-03-16,136.0,148.0,133.2,138.25,1040430.0,59.9
2020-03-17,138.0,142.0,130.0,134.1,804404.0,51.49
2020-03-18,137.0,145.4,126.5,135.75,829517.0,55.06
2020-03-19,132.9,135.0,125.25,127.25,834272.0,60.91
2020-03-20,130.0,142.5,127.3,136.25,772708.0,46.52
2020-03-23,125.0,135.0,123.0,125.55,683556.0,65.88
2020-03-24,126.0,130.0,125.0,126.2,778018.0,63.9
2020-03-25,125.0,139.15,123.45,137.95,823353.0,59.45
2020-03-26,142.0,145.0,138.1,139.25,494113.0,51.8
2020-03-27,141.95,154.0,141.95,143.95,701050.0,40.94
2020-03-30,140.0,146.55,137.5,145.35,352686.0,44.15
2020-03-31,146.55,159.65,146.05,155.4,510402.0,45.83
2020-04-01,155.0,167.0,152.25,160.45,901577.0,26.06
2020-04-02,155.0,167.0,152.25,160.45,901577.0,26.06
2020-04-03,167.0,167.0,151.45,161.55,710426.0,40.3
2020-04-06,167.0,167.0,151.45,161.55,710426.0,40.3
2020-04-07,169.45,169.45,159.65,164.5,1136863.0,58.86
2020-04-08,167.0,169.95,164.0,165.95,382642.0,34.99
2020-04-09,168.8,171.6,163.0,165.5,368829.0,42.4
2020-04-10,168.8,171.6,163.0,165.5,368829.0,42.4
2020-04-13,166.0,168.75,162.55,165.2,295051.0,48.44
2020-04-15,167.0,173.55,166.0,170.4,602904.0,42.29
2020-04-16,170.4,177.45,168.65,174.1,413836.0,34.25
2020-04-17,178.0,180.9,173.0,174.5,438775.0,49.46
2020-04-20,174.85,177.8,173.45,174.2,679839.0,67.97
2020-04-21,172.0,172.95,165.0,167.95,553443.0,54.01
2020-04-22,168.0,169.9,165.05,166.7,234022.0,32.39
2020-04-23,168.05,172.0,167.3,171.45,201007.0,40.81
2020-04-24,174.9,181.6,170.45,171.2,611078.0,28.62
2020-04-27,173.0,173.9,164.5,165.35,470433.0,41.67
2020-04-28,167.0,168.55,164.0,165.05,168768.0,49.26
2020-04-29,167.0,172.0,164.7,171.35,539567.0,44.36
2020-04-30,174.4,176.0,172.0,174.6,715866.0,44.69
2020-05-01,174.4,176.0,172.0,174.6,715866.0,44.69
2020-05-04,167.0,169.35,165.05,165.75,461891.0,50.28
2020-05-05,168.0,172.75,166.5,167.4,554760.0,34.5
2020-05-06,172.95,172.95,167.75,169.45,374474.0,21.31
2020-05-07,169.4,178.0,167.0,176.35,873636.0,40.81
2020-05-08,178.5,179.5,174.0,175.3,440702.0,36.48
2020-05-11,178.35,185.5,178.35,181.85,1591023.0,23.13
2020-05-12,182.2,184.6,177.05,179.95,902232.0,42.49
2020-05-13,192.0,195.0,183.1,184.15,2373532.0,59.7
2020-05-14,184.15,189.0,181.85,186.8,1136048.0,49.35
2020-05-15,190.25,195.0,189.2,192.65,2642622.0,42.1
2020-05-18,195.5,200.4,185.6,188.25,4041183.0,48.09
2020-05-19,176.0,176.4,172.2,174.1,1292303.0,38.04
2020-05-20,172.0,173.0,168.3,170.65,516110.0,45.38
2020-05-21,170.0,174.5,167.1,169.3,1547592.0,30.14
2020-05-22,167.0,168.8,164.05,165.25,826090.0,49.41
2020-05-25,167.0,168.8,164.05,165.25,826090.0,49.41
2020-05-26,166.5,169.0,165.3,166.65,525611.0,38.37
2020-05-27,167.3,167.95,164.2,164.75,479723.0,60.87
2020-05-28,165.95,169.0,164.5,168.65,796295.0,50.16
2020-05-29,168.65,172.3,166.65,171.55,643006.0,37.98
2020-06-01,173.5,177.8,171.0,173.05,2605929.0,36.85
2020-06-02,176.0,176.0,171.0,172.85,667832.0,43.83
2020-06-03,173.8,174.9,171.25,172.8,844549.0,57.02
2020-06-04,172.0,172.95,170.0,171.4,313234.0,42.11
2020-06-05,172.5,174.35,171.6,173.0,1082754.0,51.03
2020-06-08,175.0,176.25,172.0,172.9,944983.0,56.28
2020-06-09,173.3,174.95,171.8,173.7,856763.0,63.11
2020-06-10,174.05,174.4,171.55,172.05,604881.0,67.23
2020-06-11,172.0,174.6,170.25,172.65,581301.0,58.17
2020-06-12,168.0,176.0,166.85,174.65,1200463.0,76.29
2020-06-15,174.65,175.6,171.45,174.65,969548.0,72.24
2020-06-16,177.2,177.3,172.85,176.1,1377138.0,68.92
2020-06-17,175.25,176.85,172.65,174.2,454777.0,54.77
2020-06-18,173.2,184.6,173.0,178.45,1361183.0,49.56
2020-06-19,182.0,182.0,176.6,178.05,940992.0,68.76
2020-06-22,179.2,190.9,179.2,187.85,1671227.0,61.06
2020-06-23,190.0,195.05,186.2,187.95,1496547.0,51.94
2020-06-24,189.2,194.7,185.4,186.95,2192514.0,63.41
2020-06-25,186.8,193.9,184.05,189.65,3984328.0,39.16
2020-06-26,191.0,204.75,191.0,198.95,4242947.0,36.36
2020-06-29,198.5,199.0,192.8,193.65,1007097.0,46.02
2020-06-30,194.9,201.35,192.6,195.95,1165072.0,42.25
2020-07-01,196.4,199.35,193.6,198.25,654893.0,35.7
2020-07-02,198.6,200.75,195.45,196.45,723566.0,31.39
2020-07-03,196.8,197.5,195.0,195.15,366876.0,59.81
2020-07-06,196.05,197.5,193.8,194.3,608397.0,46.3
2020-07-07,194.0,197.8,194.0,196.4,695508.0,44.36
2020-07-08,198.0,198.0,190.0,190.85,1795852.0,71.51
2020-07-09,193.0,195.5,192.0,192.7,1237464.0,63.29
2020-07-10,192.5,193.5,188.85,189.2,703080.0,52.95
2020-07-13,190.8,196.4,190.1,195.05,2187263.0,56.47
2020-07-14,196.05,196.3,190.25,191.6,713941.0,64.44
2020-07-15,190.5,194.35,186.1,187.2,706841.0,45.6
2020-07-16,188.5,189.25,183.15,188.3,559613.0,48.27
2020-07-17,189.25,191.7,187.5,187.95,322433.0,42.19
2020-07-20,188.8,190.95,186.95,187.8,385726.0,54.59
2020-07-21,189.0,189.3,182.25,182.8,1324742.0,51.01
2020-07-22,187.4,205.7,187.35,197.25,9176036.0,31.29
2020-07-23,198.9,210.65,198.3,207.4,5959543.0,29.35
2020-07-24,208.95,209.75,197.0,200.2,3084150.0,41.71
2020-07-27,205.0,211.9,201.2,206.8,3052922.0,41.37
2020-07-28,209.5,215.9,208.7,210.8,3969330.0,48.53
2020-07-29,212.95,212.95,205.0,208.35,1364626.0,43.91
2020-07-30,208.85,212.4,205.75,210.0,1162139.0,45.55
2020-07-31,210.0,211.5,207.25,210.05,885358.0,49.34
2020-08-03,211.0,211.25,204.5,205.35,950787.0,65.8
2020-08-04,206.0,207.6,203.1,206.1,1659607.0,76.33
2020-08-05,210.1,221.4,210.05,218.75,4380117.0,49.32
2020-08-06,222.3,237.0,222.3,235.0,5906361.0,31.85
2020-08-07,240.0,257.5,236.5,252.95,7411184.0,41.35
2020-08-10,254.9,257.7,237.5,243.15,3876124.0,34.78
2020-08-11,246.0,258.95,243.3,246.8,4932756.0,40.98
2020-08-12,230.05,237.95,223.35,231.55,4312095.0,38.73
2020-08-13,233.8,241.45,228.55,239.4,4850402.0,24.39
2020-08-14,242.95,245.0,227.4,230.85,2216476.0,33.78
2020-08-17,233.0,235.95,227.8,229.9,1255125.0,33.93
2020-08-18,232.95,235.85,232.0,233.95,1252781.0,37.83
2020-08-19,234.95,235.6,231.0,231.65,870322.0,45.63
2020-08-20,232.2,232.2,222.85,223.3,1625430.0,60.11
2020-08-21,226.5,229.0,224.3,226.55,1311906.0,51.15
2020-08-24,229.05,230.75,226.1,228.05,726981.0,44.0
2020-08-25,229.0,229.0,225.0,225.85,556980.0,45.27
2020-08-26,225.85,229.45,222.4,226.0,766556.0,48.86
2020-08-27,227.6,239.35,227.2,237.15,2265073.0,50.99
2020-08-28,237.25,239.45,227.55,228.7,1959766.0,40.49
2020-08-31,230.75,235.0,225.0,226.6,1633436.0,34.51
2020-09-01,226.75,231.0,226.05,227.3,976206.0,38.46
2020-09-02,227.5,232.0,227.3,229.25,479707.0,46.97
2020-09-03,229.5,231.3,224.0,224.75,979712.0,46.7
2020-09-04,221.95,226.0,220.5,221.65,413761.0,35.92
2020-09-07,221.95,222.95,216.1,217.8,888789.0,36.87
2020-09-08,217.55,217.55,210.1,211.9,464770.0,45.02
2020-09-09,210.6,219.45,202.8,216.2,1331014.0,36.46
2020-09-10,219.05,222.45,218.0,221.25,715624.0,27.41
2020-09-11,221.2,239.0,218.0,237.7,2718373.0,36.98
2020-09-14,237.7,238.45,222.5,223.95,1565798.0,44.16
2020-09-15,226.5,231.3,219.5,221.35,1122838.0,43.96
2020-09-16,220.5,223.4,218.0,219.25,739602.0,40.46
2020-09-17,218.4,222.9,215.5,215.95,872205.0,43.18
2020-09-18,217.6,220.85,211.8,213.45,618590.0,50.23
2020-09-21,214.2,216.4,204.8,206.0,556240.0,57.71
2020-09-22,205.8,211.0,200.1,208.2,871865.0,39.41
2020-09-23,209.8,222.9,207.9,212.55,1804263.0,29.45
2020-09-24,211.0,211.5,204.05,205.25,550605.0,36.3
2020-09-25,206.8,210.85,205.65,209.15,659447.0,50.97
2020-09-28,210.0,213.25,208.75,209.85,586175.0,46.65
2020-09-29,211.3,214.75,210.15,212.2,596782.0,27.4
2020-09-30,214.9,214.9,209.1,209.95,369822.0,38.55
2020-10-01,210.5,212.95,207.65,208.25,352330.0,45.5
2020-10-02,210.5,212.95,207.65,208.25,352330.0,45.5
2020-10-05,208.5,214.45,208.5,213.75,644180.0,48.85
2020-10-06,215.2,222.8,214.05,221.4,1416505.0,37.35
2020-10-07,222.0,225.0,209.2,210.75,1492836.0,44.43
2020-10-08,212.0,213.8,203.0,205.0,1807636.0,63.7
2020-10-09,208.0,211.75,207.25,208.6,953525.0,35.12
2020-10-12,200.0,207.75,197.3,198.1,1695186.0,56.34
2020-10-13,200.0,209.75,198.1,206.1,1470485.0,40.84
2020-10-14,208.85,216.15,203.0,213.1,1563689.0,50.78
2020-10-15,217.0,218.4,206.2,207.5,1119772.0,38.93
2020-10-16,213.5,216.0,209.45,211.75,1397663.0,47.33
2020-10-19,215.5,222.5,212.65,220.9,1740547.0,44.31
2020-10-20,221.5,224.8,217.4,222.85,2494381.0,45.64
2020-10-21,231.75,235.7,227.15,233.1,8286204.0,38.67
2020-10-22,236.35,240.0,234.0,238.6,3639533.0,63.32
2020-10-23,242.0,243.0,238.25,239.65,2155558.0,52.74
2020-10-26,242.0,242.5,234.25,236.6,2512393.0,55.48
2020-10-27,214.0,219.7,211.35,214.7,3474280.0,40.61
2020-10-28,215.0,215.75,209.05,210.25,1154625.0,35.8
2020-10-29,205.0,207.95,203.5,204.5,1240966.0,49.69
2020-10-30,205.55,207.6,202.3,203.3,875586.0,42.45
2020-11-02,203.6,204.8,200.05,202.95,948805.0,49.51
2020-11-03,203.0,213.8,203.0,212.45,1656081.0,44.02
2020-11-04,214.0,215.8,210.65,213.95,1035424.0,33.01
2020-11-05,214.25,216.95,212.85,215.4,777750.0,56.18
2020-11-06,217.0,225.6,216.5,224.65,1819210.0,54.04
2020-11-09,225.8,227.75,224.65,226.5,943058.0,53.07
2020-11-10,229.45,229.85,215.2,217.25,1580254.0,44.28
2020-11-11,217.75,225.5,216.5,224.45,1747921.0,59.59
2020-11-12,225.0,230.0,222.2,228.8,1790385.0,58.57
2020-11-13,227.95,228.8,225.0,227.95,383354.0,45.82
2020-11-16,229.95,230.0,227.05,228.7,183740.0,58.96
2020-11-17,228.0,228.6,222.5,224.15,827016.0,59.0
2020-11-18,223.0,230.0,220.6,227.25,900958.0,42.69
2020-11-19,227.25,229.9,222.5,224.0,705801.0,45.14
2020-11-20,225.0,225.95,220.4,221.55,591504.0,48.55
2020-11-23,223.0,224.95,218.55,219.85,729048.0,52.91
2020-11-24,219.5,224.0,218.9,222.7,537123.0,52.91
2020-11-25,222.95,223.35,218.0,219.4,633337.0,51.81
2020-11-26,220.6,221.9,219.05,221.0,581412.0,47.08
2020-11-27,221.4,235.6,221.3,229.7,2822358.0,52.89
2020-11-30,221.4,235.6,221.3,229.7,2822358.0,52.89
2020-12-01,232.0,235.0,227.0,227.6,1010004.0,53.85
2020-12-02,230.0,235.0,228.45,232.25,1639274.0,43.8
2020-12-03,233.5,239.1,233.0,238.1,1566300.0,58.43
2020-12-04,239.0,245.0,238.5,241.2,1772775.0,41.35
2020-12-07,242.0,243.9,239.0,240.0,655767.0,50.81
2020-12-08,240.95,243.2,232.55,237.5,1984773.0,60.21
2020-12-09,238.15,247.25,235.3,243.15,2048914.0,43.9
2020-12-10,243.15,244.0,236.1,239.7,669991.0,40.95
2020-12-11,240.95,249.4,240.25,241.2,1487906.0,35.44
2020-12-14,243.45,247.2,241.4,242.55,440451.0,39.86
2020-12-15,242.6,245.7,241.5,243.25,542406.0,43.67
2020-12-16,244.0,245.0,239.5,242.15,1099848.0,46.88
2020-12-17,242.7,245.95,240.0,242.05,900827.0,43.82
2020-12-18,242.6,244.5,239.55,241.75,549963.0,45.38
2020-12-21,242.4,246.3,229.8,234.5,1719159.0,45.67
2020-12-22,230.2,237.9,224.8,232.4,962929.0,48.23
2020-12-23,235.0,241.5,232.55,240.0,540388.0,36.11
2020-12-24,244.0,247.65,240.55,241.65,1119509.0,32.26
2020-12-25,244.0,247.65,240.55,241.65,1119509.0,32.26
2020-12-28,244.5,246.0,240.2,241.8,348562.0,46.47
2020-12-29,243.0,243.4,239.0,239.65,446298.0,47.47
2020-12-30,239.85,240.4,238.0,239.2,439356.0,60.87
2020-12-31,240.5,241.45,238.2,239.05,496391.0,47.81
2021-01-01,239.15,240.0,237.2,239.05,658536.0,61.01
2021-01-04,241.0,245.85,240.5,244.05,886735.0,45.9
2021-01-05,244.4,259.0,243.15,256.9,3891253.0,38.43
2021-01-06,257.25,279.9,256.95,275.1,8436991.0,19.6
2021-01-07,281.0,328.4,280.05,308.15,5200956.0,24.8
2021-01-08,312.0,324.9,298.2,304.0,9070406.0,15.85
2021-01-11,300.7,301.0,286.5,292.25,2359429.0,47.96
2021-01-12,293.65,303.0,286.0,290.65,1455335.0,47.96
2021-01-13,296.7,299.6,283.0,285.4,1119073.0,45.07
2021-01-14,289.0,290.0,279.0,279.75,790536.0,61.48
2021-01-15,280.6,285.0,270.0,274.2,1324117.0,50.56
2021-01-18,277.4,277.6,267.3,268.6,849339.0,59.19
2021-01-19,270.05,306.4,268.6,298.8,4529372.0,30.39
2021-01-20,303.35,315.0,291.55,296.4,6769649.0,22.43
2021-01-21,301.0,302.5,282.0,283.2,3043234.0,43.86
2021-01-22,286.8,286.8,274.0,275.65,1791445.0,45.53
2021-01-25,277.4,280.0,264.0,268.05,1807602.0,53.54
2021-01-26,277.4,280.0,264.0,268.05,1807602.0,53.54
2021-01-27,265.4,266.85,261.15,264.0,1310896.0,44.17
2021-01-28,258.9,265.45,258.7,263.3,1066770.0,42.06
2021-01-29,276.0,278.4,267.35,274.75,2254295.0,32.94
2021-02-01,290.0,292.5,281.6,288.75,3511591.0,34.26
2021-02-02,293.1,294.0,284.55,292.4,3147425.0,64.17
2021-02-03,289.5,290.6,283.0,289.2,1472275.0,48.01
2021-02-04,289.4,298.0,288.25,294.75,1264818.0,46.59
2021-02-05,295.0,295.0,287.5,293.25,1113508.0,56.14
2021-02-08,293.0,306.4,290.05,297.3,2464990.0,31.22
2021-02-09,298.0,301.75,294.0,297.15,879542.0,36.14
2021-02-10,297.9,301.0,294.25,298.6,771602.0,38.06
2021-02-11,297.0,300.65,296.0,296.95,516828.0,40.39
2021-02-12,296.25,302.9,294.95,300.1,1120805.0,41.91
2021-02-15,300.1,302.35,295.5,297.1,942670.0,55.61
2021-02-16,298.0,309.85,297.45,304.7,2691599.0,26.47
2021-02-17,304.95,308.9,301.5,305.6,848324.0,47.18
2021-02-18,306.0,312.0,298.35,300.55,1393494.0,29.98
2021-02-19,302.9,307.85,298.05,300.5,811948.0,29.95
2021-02-22,302.45,311.9,302.0,304.55,2311972.0,31.13
2021-02-23,306.2,309.55,298.55,304.4,1086718.0,38.25
2021-02-24,304.5,311.0,303.0,305.15,647686.0,28.55
2021-02-25,309.0,309.75,302.2,304.45,1014557.0,41.22
2021-02-26,302.0,309.75,291.0,297.5,1988515.0,34.08
2021-03-01,300.1,304.55,298.25,300.15,843480.0,46.67
2021-03-02,302.0,322.9,301.7,315.3,4031034.0,27.88
2021-03-03,319.5,326.0,313.6,318.05,2427924.0,41.73
2021-03-04,315.25,334.4,310.2,325.9,2619084.0,33.04
2021-03-05,322.05,322.75,310.0,311.45,1237997.0,46.15
2021-03-08,314.8,317.35,308.05,309.2,599511.0,36.22
2021-03-09,310.0,315.9,293.7,297.65,1095282.0,48.4
2021-03-10,301.0,307.55,295.25,305.45,726204.0,31.87
2021-03-11,301.0,307.55,295.25,305.45,726204.0,31.87
2021-03-12,308.0,313.1,301.1,301.95,1066538.0,36.93
2021-03-15,304.25,306.2,298.5,300.75,344567.0,38.61
2021-03-16,300.75,308.85,297.5,303.7,504158.0,28.5
2021-03-17,305.0,306.4,293.75,295.1,488782.0,50.36
2021-03-18,298.0,298.5,283.1,286.35,909476.0,42.83
2021-03-19,285.0,289.7,272.3,283.35,998832.0,35.85
2021-03-22,284.5,289.7,277.35,278.25,1128743.0,35.19
2021-03-23,280.95,283.7,269.0,270.45,1795545.0,54.07
2021-03-24,270.45,275.8,264.0,265.05,1286577.0,38.52
2021-03-25,268.0,269.8,261.0,266.7,1011565.0,30.87
2021-03-26,271.85,287.9,270.2,278.05,2231711.0,27.06
2021-03-29,271.85,287.9,270.2,278.05,2231711.0,27.06
2021-03-30,281.4,283.0,257.0,262.25,2786711.0,61.15
2021-03-31,264.5,275.0,264.45,272.9,1783503.0,26.51
2021-04-01,276.0,283.0,274.25,280.25,1464491.0,26.76
2021-04-02,276.0,283.0,274.25,280.25,1464491.0,26.76
2021-04-05,281.0,303.0,277.5,297.25,3945113.0,27.05
2021-04-06,297.8,309.0,290.0,301.35,2113161.0,33.45
2021-04-07,312.0,317.5,305.25,307.5,5173835.0,22.93
2021-04-08,307.5,323.5,306.6,319.1,3354406.0,29.63
2021-04-09,317.5,317.5,308.0,308.85,2143386.0,37.82
2021-04-12,303.0,303.0,288.0,294.15,1570309.0,40.09
2021-04-13,298.35,302.45,291.0,291.95,1055168.0,34.62
2021-04-14,298.35,302.45,291.0,291.95,1055168.0,34.62
2021-04-15,291.5,297.9,290.0,291.75,1015424.0,39.31
2021-04-16,293.0,298.75,291.1,292.1,866946.0,35.19
2021-04-19,286.0,290.0,278.65,282.9,1180792.0,43.19
2021-04-20,286.0,290.15,281.1,284.4,738454.0,39.77
2021-04-21,286.0,290.15,281.1,284.4,738454.0,39.77
2021-04-22,287.0,305.0,287.0,302.25,3681184.0,20.92
2021-04-23,302.25,309.25,294.0,299.55,2969340.0,20.88
2021-04-26,304.7,311.0,300.35,304.15,3199929.0,28.3
2021-04-27,308.0,322.4,306.55,318.75,9306441.0,20.78
2021-04-28,321.9,321.9,307.0,308.2,5195162.0,32.3
2021-04-29,312.0,314.75,306.0,307.2,2514122.0,26.86
2021-04-30,305.5,312.55,302.05,305.1,1726897.0,26.63
2021-05-03,306.15,307.3,296.55,297.7,2004533.0,46.48
2021-05-04,303.0,303.0,287.0,290.4,3787816.0,48.07
2021-05-05,291.1,295.05,287.0,288.05,1988974.0,50.82
2021-05-06,290.8,300.6,290.0,296.5,3618674.0,39.94
2021-05-07,300.5,316.3,299.0,309.85,7838176.0,26.43
2021-05-10,315.0,320.2,309.0,317.85,4835154.0,39.17
2021-05-11,310.0,316.9,307.0,313.1,1994769.0,33.1
2021-05-12,315.5,332.0,312.0,317.1,7972217.0,29.19
2021-05-13,315.5,332.0,312.0,317.1,7972217.0,29.19
2021-05-14,319.95,323.85,308.65,311.8,3998991.0,29.74
2021-05-17,311.8,318.0,311.8,315.65,1227131.0,29.73
2021-05-18,321.45,350.5,321.45,345.5,24955975.0,15.03
2021-05-19,351.0,362.1,342.25,347.65,11543534.0,17.86
2021-05-20,347.0,348.45,336.0,344.6,4061140.0,20.49
2021-05-21,349.0,354.0,342.4,344.55,3422820.0,21.57
2021-05-24,347.7,347.9,327.85,329.45,5130644.0,36.32
2021-05-25,332.05,337.7,329.2,333.3,2581914.0,21.55
2021-05-26,336.0,337.4,324.7,325.85,2223573.0,33.0
2021-05-27,327.95,332.5,326.0,328.75,1356862.0,23.22
2021-05-28,334.5,335.0,326.0,326.65,1673508.0,29.32
2021-05-31,326.9,330.5,322.3,327.0,2055959.0,41.32
2021-06-01,330.35,331.75,323.45,327.55,1356800.0,29.5
2021-06-02,327.0,330.25,323.05,324.4,1849017.0,59.48
2021-06-03,326.95,327.0,323.5,324.7,1355911.0,36.5
2021-06-04,323.0,334.9,322.05,333.7,3080244.0,34.01
2021-06-07,337.6,341.0,334.15,339.85,3505337.0,51.38
2021-06-08,340.2,342.8,333.5,338.6,1473381.0,37.46
2021-06-09,336.1,341.8,333.05,338.05,2068493.0,46.75
2021-06-10,341.0,341.9,337.5,340.0,1023479.0,46.21
2021-06-11,341.0,351.9,340.4,344.05,3288575.0,29.85
2021-06-14,344.05,344.05,331.1,339.6,1180879.0,36.57
2021-06-15,340.0,341.45,337.05,339.95,886260.0,47.87
2021-06-16,342.0,342.0,328.15,334.2,2476285.0,39.99
2021-06-17,332.0,335.6,324.9,334.15,2234016.0,35.28
2021-06-18,332.05,332.65,323.5,328.9,2192582.0,45.95
2021-06-21,325.0,334.9,322.5,331.75,906954.0,35.27
2021-06-22,333.0,334.0,328.7,332.9,1272621.0,54.46
2021-06-23,333.9,336.5,327.55,331.45,1078467.0,34.43
2021-06-24,332.5,338.9,329.65,336.05,1400581.0,37.74
2021-06-25,338.25,341.5,336.35,339.55,917171.0,48.13
2021-06-28,341.5,341.9,335.25,339.2,982883.0,52.62
2021-06-29,339.5,341.0,335.3,340.1,647407.0,44.1
2021-06-30,340.5,341.85,337.0,339.3,520880.0,44.24
2021-07-01,337.6,344.9,336.25,339.95,1271970.0,33.36
2021-07-02,341.0,341.7,336.75,339.5,636705.0,47.32
2021-07-05,339.4,339.9,336.15,337.3,562937.0,34.1
2021-07-06,337.4,339.5,334.0,335.35,485275.0,41.42
2021-07-07,335.35,337.0,331.15,333.55,759230.0,34.4
2021-07-08,333.85,338.45,330.25,331.45,785873.0,42.32
2021-07-09,331.0,334.9,331.0,331.95,464272.0,39.35
2021-07-12,334.2,336.8,333.2,335.7,472616.0,47.58
2021-07-13,337.0,342.85,332.1,334.85,1195775.0,47.46
2021-07-14,337.0,339.75,333.45,335.2,929546.0,43.37
2021-07-15,335.2,350.9,335.0,347.2,2841884.0,30.39
2021-07-16,349.5,349.8,342.0,344.1,866858.0,39.52
2021-07-19,345.0,345.0,337.8,339.95,767837.0,43.5
2021-07-20,337.5,339.7,328.45,333.0,1078296.0,46.44
2021-07-21,337.5,339.7,328.45,333.0,1078296.0,46.44
2021-07-22,340.0,342.0,318.8,327.05,3389719.0,23.61
2021-07-23,329.6,335.9,325.15,328.55,1691393.0,32.91
2021-07-26,330.0,330.3,325.0,326.5,642013.0,43.57
2021-07-27,328.15,329.75,319.0,320.45,820843.0,49.3
2021-07-28,320.0,323.85,313.7,316.25,902734.0,47.94
2021-07-29,318.45,325.55,317.0,323.55,1753832.0,38.97
2021-07-30,325.9,330.4,319.0,320.5,2759663.0,41.98
2021-08-02,324.5,327.75,323.0,324.5,653297.0,30.68
2021-08-03,326.65,326.9,318.05,321.25,973957.0,45.23
2021-08-04,322.0,324.8,319.0,319.65,538335.0,41.94
2021-08-05,321.0,322.95,316.3,319.45,429968.0,29.81
2021-08-06,320.0,323.2,318.0,318.4,481160.0,41.83
2021-08-09,317.55,321.0,315.0,317.6,727836.0,35.97
2021-08-10,317.0,318.8,307.8,309.35,745912.0,47.8
2021-08-11,310.0,318.0,306.55,316.15,1527673.0,32.77
2021-08-12,319.0,321.95,315.7,319.8,893026.0,40.66
2021-08-13,320.9,323.0,319.1,320.9,605873.0,44.19
2021-08-16,323.2,332.5,323.2,330.85,2768305.0,28.33
2021-08-17,332.8,332.9,314.0,317.65,2585664.0,42.16
2021-08-18,316.5,324.95,313.3,321.25,1471950.0,28.08
2021-08-19,316.5,324.95,313.3,321.25,1471950.0,28.08
2021-08-20,315.95,316.8,306.0,308.1,1087129.0,53.86
2021-08-23,310.3,313.25,294.1,310.25,2182369.0,34.14
2021-08-24,312.8,317.45,303.65,316.25,1537821.0,55.51
2021-08-25,316.0,317.5,311.45,316.05,703209.0,43.82
2021-08-26,315.0,317.0,312.0,315.3,641303.0,45.29
2021-08-27,315.05,320.8,313.1,318.2,711069.0,47.22
2021-08-30,321.65,325.0,319.1,324.05,747758.0,57.49
2021-08-31,325.0,325.9,319.05,321.75,845627.0,45.03
2021-09-01,321.75,326.7,317.7,322.75,909890.0,43.98
2021-09-02,323.0,326.0,318.4,325.2,1014427.0,50.02
2021-09-03,324.05,326.9,322.2,325.05,635352.0,46.14
2021-09-06,327.0,329.7,321.65,328.05,690323.0,62.74
2021-09-07,328.9,330.0,322.6,328.95,713935.0,48.81
2021-09-08,328.95,330.5,324.35,329.95,611443.0,59.34
2021-09-09,327.25,332.0,327.25,329.45,390563.0,42.97
2021-09-10,327.25,332.0,327.25,329.45,390563.0,42.97
2021-09-13,325.5,337.8,325.1,335.4,1169181.0,42.73
2021-09-14,338.0,338.8,331.05,333.0,571182.0,45.45
2021-09-15,333.0,335.9,330.5,334.45,514511.0,41.84
2021-09-16,334.85,335.6,330.5,334.9,487050.0,47.72
2021-09-17,334.0,335.5,328.0,334.75,673375.0,49.72
2021-09-20,322.5,336.75,322.0,323.25,989401.0,45.76
2021-09-21,324.1,324.4,312.3,318.6,855536.0,42.62
2021-09-22,319.5,319.85,314.4,317.8,975106.0,46.61
2021-09-23,321.9,324.55,319.0,322.55,517633.0,44.35
2021-09-24,324.0,325.5,319.25,322.6,768446.0,54.01
2021-09-27,322.6,324.1,318.65,321.75,601771.0,54.09
2021-09-28,321.0,324.4,318.7,321.7,626305.0,50.36
2021-09-29,320.0,324.65,318.0,321.85,1613303.0,78.14
2021-09-30,321.4,321.4,310.1,311.6,1915795.0,59.8
2021-10-01,311.5,314.5,305.4,306.15,2042841.0,50.82
2021-10-04,308.85,313.0,306.8,309.75,1438742.0,56.95
2021-10-05,311.55,315.95,311.55,312.05,1387444.0,46.59
2021-10-06,314.0,315.6,311.75,314.65,764014.0,55.2
2021-10-07,315.75,316.5,312.25,313.45,664318.0,56.84
2021-10-08,316.0,317.5,314.0,315.45,669127.0,47.76
2021-10-11,317.0,318.05,314.7,315.5,629602.0,54.38
2021-10-12,315.95,319.95,313.15,318.75,630240.0,49.07
2021-10-13,319.3,341.0,318.2,332.85,3029449.0,34.74
2021-10-14,350.0,361.0,345.0,346.7,9464918.0,23.45
2021-10-15,350.0,361.0,345.0,346.7,9464918.0,23.45
2021-10-18,372.0,408.6,367.5,387.65,8782614.0,26.24
2021-10-19,390.2,392.4,365.0,369.3,2858310.0,29.01
2021-10-20,369.0,369.0,350.55,359.9,1981348.0,27.9
2021-10-21,364.0,369.7,340.0,342.05,2189697.0,52.06
2021-10-22,343.9,347.45,315.7,322.35,3860723.0,35.12
2021-10-25,322.35,331.4,317.1,323.0,1885013.0,21.09
2021-10-26,323.95,327.5,322.0,323.2,828215.0,40.44
2021-10-27,324.0,330.95,321.0,323.85,1132806.0,37.42
2021-10-28,322.6,322.6,316.1,317.65,824077.0,40.08
2021-10-29,318.0,318.9,309.75,311.35,851684.0,44.04
2021-11-01,314.9,318.8,312.55,315.45,545266.0,43.78
2021-11-02,318.15,318.5,314.1,314.8,490874.0,48.6
2021-11-03,315.5,317.45,313.4,315.75,441908.0,42.6
2021-11-04,315.5,317.45,313.4,315.75,441908.0,42.6
2021-11-05,318.0,319.5,317.1,318.55,141805.0,68.38
2021-11-08,321.0,323.0,315.75,320.65,443669.0,46.28
2021-11-09,322.3,322.75,315.25,317.0,711829.0,54.41
2021-11-10,317.0,318.5,315.0,316.25,424368.0,52.78
2021-11-11,317.0,323.9,317.0,319.5,1091464.0,31.29
2021-11-12,321.5,324.95,318.75,324.05,760512.0,62.52
2021-11-15,323.0,330.0,319.25,328.45,1464062.0,56.5
2021-11-16,328.45,331.15,324.6,329.55,902964.0,50.88
2021-11-17,330.0,334.0,328.0,332.65,870444.0,46.7
2021-11-18,336.05,345.0,319.8,322.95,9391701.0,12.87
2021-11-19,336.05,345.0,319.8,322.95,9391701.0,12.87
2021-11-22,310.95,323.0,310.95,318.8,1309404.0,29.35
2021-11-23,326.05,329.45,316.55,326.7,1738021.0,28.02
2021-11-24,329.0,331.6,325.35,330.25,736909.0,44.74
2021-11-25,330.25,335.0,326.0,331.65,755057.0,35.64
2021-11-26,330.0,334.0,324.0,330.3,1380003.0,43.8
2021-11-29,330.9,331.9,322.5,329.85,921006.0,44.6
2021-11-30,329.0,333.9,325.95,333.05,1291897.0,49.35
2021-12-01,333.4,335.8,328.8,332.6,630349.0,37.11
2021-12-02,330.0,334.85,329.05,333.3,490104.0,37.31
2021-12-03,345.1,350.0,340.05,347.65,3532515.0,19.55
2021-12-06,351.45,352.7,345.6,349.0,1984752.0,23.61
2021-12-07,354.0,355.0,350.55,353.6,1291881.0,33.01
2021-12-08,357.0,363.75,355.2,361.75,4226137.0,26.21
2021-12-09,364.55,368.35,363.6,367.2,2019400.0,27.99
2021-12-10,368.0,368.25,363.3,365.45,1345835.0,46.54
2021-12-13,369.8,369.85,364.4,367.95,1464889.0,56.62
2021-12-14,349.8,352.05,333.15,338.6,2717685.0,35.17
2021-12-15,339.95,341.9,332.0,333.0,873355.0,32.75
2021-12-16,333.0,335.0,323.0,323.8,1180628.0,30.46
2021-12-17,325.55,327.5,311.5,313.4,1424154.0,38.65
2021-12-20,313.4,313.4,305.75,310.9,933224.0,37.36
2021-12-21,310.55,319.5,310.55,312.85,658526.0,36.78
2021-12-22,314.3,316.65,309.15,312.15,696814.0,45.46
2021-12-23,315.95,319.35,313.0,315.05,649236.0,33.58
2021-12-24,317.5,317.9,312.3,313.65,368237.0,28.65
2021-12-27,313.6,316.5,310.8,315.45,381503.0,29.99
2021-12-28,317.0,318.0,316.0,317.0,244343.0,41.42
2021-12-29,318.8,320.3,315.05,315.7,362907.0,31.36
2021-12-30,315.7,318.0,315.0,315.65,220544.0,38.67
2021-12-31,317.0,318.35,316.05,316.8,262845.0,41.58
2022-01-03,316.95,320.0,316.85,319.6,297955.0,48.47
2022-01-04,331.7,334.5,326.5,330.55,2498082.0,18.87
2022-01-05,329.8,333.2,326.1,331.95,565040.0,37.9
2022-01-06,331.0,332.5,328.0,331.45,349833.0,49.12
2022-01-07,333.0,334.1,328.4,333.0,417489.0,39.82
2022-01-10,334.0,334.95,329.5,330.45,326601.0,44.53
2022-01-11,324.0,329.45,323.85,326.75,381278.0,39.91
2022-01-12,328.0,331.75,327.0,330.7,405320.0,49.42
2022-01-13,330.1,333.0,330.05,331.4,291606.0,46.57
2022-01-14,331.95,332.65,328.3,330.0,220490.0,40.94
2022-01-17,328.1,329.95,327.0,327.5,285705.0,52.41
2022-01-18,329.9,329.9,325.1,325.8,243633.0,38.82
2022-01-19,326.0,328.55,323.0,324.2,292701.0,49.84
2022-01-20,325.0,327.6,319.6,322.2,398781.0,53.36
2022-01-21,322.2,329.4,316.8,326.0,2227785.0,20.39
2022-01-24,326.6,326.7,312.5,316.55,697303.0,38.69
2022-01-25,314.1,319.5,308.0,312.25,707511.0,46.48
2022-01-26,314.1,319.5,308.0,312.25,707511.0,46.48
2022-01-27,309.5,317.0,309.5,312.95,599365.0,26.21
2022-01-28,314.95,319.4,314.4,315.35,377815.0,37.52
2022-01-31,316.25,318.55,315.0,315.45,264966.0,48.32
2022-02-01,316.6,318.75,314.75,318.0,336321.0,40.71
2022-02-02,321.0,321.6,319.25,320.45,237138.0,44.66
2022-02-03,321.85,326.5,321.0,323.3,619741.0,33.66
2022-02-04,325.0,330.9,321.85,329.65,826825.0,37.66
2022-02-07,330.45,335.9,329.7,334.05,1048595.0,48.13
2022-02-08,336.2,337.4,324.9,327.3,667055.0,36.51
2022-02-09,329.9,334.5,326.05,331.7,434764.0,41.29
2022-02-10,334.0,338.0,331.05,331.8,691056.0,30.75
2022-02-11,328.0,331.35,326.0,327.05,275139.0,46.74
2022-02-14,321.0,323.75,310.0,313.7,510584.0,44.79
2022-02-15,315.0,316.35,309.75,315.1,480791.0,43.54
2022-02-16,315.75,319.9,312.75,317.5,639949.0,37.1
2022-02-17,318.1,321.95,315.0,316.55,346779.0,28.83
2022-02-18,316.55,319.5,316.0,317.25,231662.0,36.47
2022-02-21,315.0,316.45,310.8,312.35,230960.0,41.71
2022-02-22,308.7,311.05,299.55,309.2,627968.0,43.04
2022-02-23,312.55,334.75,312.0,312.95,382356.0,26.07
2022-02-24,306.0,309.3,296.05,298.7,733004.0,45.36
2022-02-25,302.25,312.0,302.25,310.35,378004.0,41.56
2022-02-28,309.25,314.5,306.0,311.95,471318.0,36.56
2022-03-01,309.25,314.5,306.0,311.95,471318.0,36.56
2022-03-02,311.4,360.0,311.4,351.75,9273376.0,16.24
2022-03-03,360.0,371.7,336.85,340.4,8389106.0,12.53
2022-03-04,340.0,349.9,318.0,321.3,4485873.0,17.15
2022-03-07,322.1,330.7,315.5,319.45,3370332.0,38.06
2022-03-08,326.0,337.9,316.6,322.4,6205251.0,33.15
2022-03-09,328.5,329.3,316.5,316.95,1982633.0,50.94
2022-03-10,316.6,319.7,312.05,312.9,1670847.0,44.51
2022-03-11,315.05,315.1,309.3,313.15,1373085.0,39.72
2022-03-14,313.0,315.0,309.1,309.85,855693.0,45.95
2022-03-15,310.9,311.85,305.0,305.5,973924.0,47.84
2022-03-16,308.0,313.65,308.0,309.95,1119742.0,57.34
2022-03-17,312.05,314.9,309.1,310.05,1297589.0,68.21
2022-03-18,312.05,314.9,309.1,310.05,1297589.0,68.21
2022-03-21,312.0,314.7,310.65,311.4,1053117.0,50.49
2022-03-22,313.25,315.0,311.45,313.0,1178316.0,52.14
2022-03-23,313.1,314.5,310.0,311.0,1050024.0,59.18
2022-03-24,315.0,318.9,310.4,311.05,2043996.0,45.0
2022-03-25,313.0,313.4,310.3,310.8,852759.0,62.58
2022-03-28,313.4,313.4,309.1,310.0,959106.0,58.11
2022-03-29,312.0,312.7,306.05,309.85,1291346.0,57.87
2022-03-30,310.0,312.5,310.0,311.2,722629.0,59.46
2022-03-31,312.5,314.3,308.2,310.15,1148619.0,57.84
2022-04-01,311.55,321.55,309.95,320.65,1339271.0,49.95
2022-04-04,323.5,326.8,321.25,325.05,797433.0,51.48
2022-04-05,330.0,336.0,325.05,332.85,2069155.0,38.41
2022-04-06,332.0,335.0,327.0,333.4,732422.0,47.2
2022-04-07,333.0,338.0,332.1,337.4,982237.0,60.55
2022-04-08,337.0,340.8,333.8,338.75,890129.0,37.07
2022-04-11,340.0,349.0,338.0,348.55,1506518.0,42.9
2022-04-12,348.0,348.05,337.1,340.35,712314.0,43.14
2022-04-13,345.45,356.75,345.4,352.45,3585186.0,18.12
2022-04-14,345.45,356.75,345.4,352.45,3585186.0,18.12
2022-04-15,345.45,356.75,345.4,352.45,3585186.0,18.12
2022-04-18,351.65,351.65,343.0,344.05,543920.0,43.75
2022-04-19,348.5,350.0,333.1,341.45,543960.0,46.37
2022-04-20,342.05,349.9,342.05,347.45,534452.0,45.91
2022-04-21,347.4,350.9,344.3,349.8,599962.0,56.16
2022-04-22,349.4,353.9,341.55,345.35,1924985.0,26.25
2022-04-25,342.5,342.5,321.85,322.85,1840008.0,47.36
2022-04-26,323.05,327.7,316.25,322.95,1762087.0,53.39
2022-04-27,318.2,322.8,314.55,318.15,1364198.0,67.03
2022-04-28,323.0,324.0,315.55,321.55,1015521.0,65.9
2022-04-29,323.0,324.7,317.6,321.9,838605.0,55.09
2022-05-02,321.85,328.8,316.05,323.35,699894.0,47.36
2022-05-03,321.85,328.8,316.05,323.35,699894.0,47.36
2022-05-04,323.35,325.0,314.0,315.85,612426.0,51.89
2022-05-05,318.2,320.95,310.15,311.0,548685.0,51.85
2022-05-06,306.1,309.45,301.35,304.8,741272.0,53.74
2022-05-09,304.0,311.45,301.6,309.05,625988.0,48.46
2022-05-10,305.05,308.75,299.55,300.95,562023.0,55.34
2022-05-11,300.15,303.6,287.0,295.45,873285.0,53.52
2022-05-12,292.35,293.3,285.15,286.15,548950.0,55.72
2022-05-13,289.0,294.55,283.0,284.55,415655.0,47.21
2022-05-16,284.7,288.3,278.95,282.25,448904.0,43.61
2022-05-17,286.5,296.3,284.25,293.8,821541.0,31.21
2022-05-18,297.0,298.0,290.35,291.0,371423.0,40.2
2022-05-19,286.9,290.7,282.7,285.45,339233.0,47.08
2022-05-20,291.15,296.85,290.1,293.65,591646.0,24.31
2022-05-23,292.0,300.0,286.2,299.25,741139.0,56.88
2022-05-24,300.0,304.95,292.3,295.4,365786.0,26.43
2022-05-25,295.5,318.0,290.2,304.5,5949768.0,11.53
2022-05-26,309.5,315.0,295.1,299.2,1752641.0,16.16
2022-05-27,302.4,303.0,295.4,296.3,439604.0,30.39
2022-05-30,299.3,299.6,296.65,298.3,247360.0,36.4
2022-05-31,297.85,304.5,296.0,300.95,382712.0,27.37
2022-06-01,304.0,311.65,303.05,310.0,708301.0,42.96
2022-06-02,309.0,310.0,304.35,305.8,264475.0,41.23
2022-06-03,307.4,308.6,298.85,299.7,344104.0,44.21
2022-06-06,299.5,301.3,296.65,299.55,154736.0,34.46
2022-06-07,299.9,307.0,299.9,301.8,607057.0,25.99
2022-06-08,302.8,302.85,297.2,297.7,261209.0,45.36
2022-06-09,295.2,300.0,291.45,292.45,514985.0,49.1
2022-06-10,292.45,297.95,287.85,289.65,1034256.0,31.43
2022-06-13,284.05,288.0,276.25,280.55,586014.0,43.72
2022-06-14,276.4,287.1,271.1,277.25,589705.0,40.47
2022-06-15,280.0,289.1,278.15,280.9,543382.0,36.59
2022-06-16,284.0,290.85,270.0,275.05,969370.0,29.86
2022-06-17,274.85,275.95,262.9,265.85,543481.0,44.57
2022-06-20,268.0,268.5,253.45,257.7,584569.0,30.03
2022-06-21,259.1,267.15,258.05,263.55,634830.0,26.54
2022-06-22,262.0,262.25,245.25,247.6,668130.0,54.41
2022-06-23,248.2,252.25,246.0,250.35,395882.0,25.38
2022-06-24,252.4,256.75,245.1,246.55,798772.0,49.14
2022-06-27,250.0,251.75,245.3,246.1,735020.0,45.85
2022-06-28,246.4,252.5,246.1,251.2,298402.0,37.53
2022-06-29,250.5,257.0,248.5,253.5,491018.0,32.9
2022-06-30,253.5,255.45,248.55,249.35,249341.0,44.9
2022-07-01,246.0,249.0,245.35,247.55,310474.0,42.1
2022-07-04,248.45,253.0,245.8,247.85,332384.0,43.99
2022-07-05,248.35,251.75,248.0,248.6,277978.0,44.06
2022-07-06,247.9,249.0,242.05,247.05,356748.0,37.85
2022-07-07,248.45,257.9,248.45,256.5,589216.0,46.34
2022-07-08,266.7,266.7,261.1,263.05,980999.0,38.8
2022-07-11,263.05,271.9,263.05,271.4,761611.0,39.79
2022-07-12,272.85,273.45,266.25,267.75,779193.0,52.81
2022-07-13,271.0,273.15,268.5,271.65,780303.0,53.35
2022-07-14,284.0,288.0,280.0,283.7,6466717.0,27.33
2022-07-15,287.0,287.0,283.25,285.35,1663756.0,52.69
2022-07-18,289.0,294.85,288.65,293.4,1941113.0,52.6
2022-07-19,295.0,299.75,293.5,298.65,2560461.0,64.09
2022-07-20,280.0,283.0,276.7,278.85,3156045.0,42.99
2022-07-21,279.0,286.8,275.95,283.0,2947592.0,21.77
2022-07-22,285.0,285.15,276.5,277.25,1416962.0,50.11
2022-07-25,276.85,277.7,272.3,273.05,752631.0,53.41
2022-07-26,273.25,273.25,265.0,265.9,593234.0,52.77
2022-07-27,265.0,265.2,260.3,262.95,655614.0,46.98
2022-07-28,263.0,267.15,262.6,264.5,494063.0,45.78
2022-07-29,266.65,270.2,266.0,269.7,588967.0,49.56
2022-08-01,272.25,273.75,270.35,272.4,494511.0,48.64
2022-08-02,270.0,272.2,269.15,271.15,403498.0,46.98
2022-08-03,271.25,273.0,268.1,269.4,313021.0,39.56
2022-08-04,271.4,272.65,266.85,271.15,434407.0,38.89
2022-08-05,274.95,276.3,270.0,271.9,690443.0,45.72
2022-08-10,271.9,275.1,270.5,272.7,539114.0,34.37
2022-08-11,276.0,277.3,272.5,272.9,577857.0,62.74
2022-08-12,273.1,276.5,273.0,273.7,867326.0,55.53
2022-08-15,273.1,276.5,273.0,273.7,867326.0,55.53
2022-08-16,273.0,302.0,271.5,293.2,5158878.0,27.0
2022-08-17,296.3,298.0,284.0,285.6,2997649.0,41.22
2022-08-18,285.0,288.8,282.2,282.85,1443038.0,52.35
2022-08-19,282.9,283.75,277.0,280.0,992701.0,49.21
2022-08-22,281.5,283.9,275.05,279.2,772130.0,42.38
2022-08-23,277.0,284.2,276.25,282.5,885701.0,42.74
2022-08-24,281.65,291.35,280.85,282.45,791395.0,29.42
2022-08-25,282.5,284.8,280.15,281.6,369250.0,41.37
2022-08-26,282.3,286.45,282.0,285.15,638190.0,47.3
2022-08-29,279.9,287.0,278.45,284.7,713986.0,46.04
2022-08-30,286.2,287.95,280.35,285.0,457643.0,55.59
2022-08-31,286.2,287.95,280.35,285.0,457643.0,55.59
2022-09-01,285.0,287.2,283.0,284.35,453578.0,53.48
2022-09-02,288.9,289.3,284.0,285.4,873457.0,40.01
2022-09-05,288.0,290.3,285.0,287.45,706524.0,44.14
2022-09-06,287.45,289.75,286.3,287.0,437294.0,55.51
2022-09-07,286.75,289.8,285.5,287.6,326092.0,45.8
2022-09-08,289.0,289.95,286.5,288.65,685165.0,47.51
2022-09-09,290.0,292.0,288.2,289.55,527012.0,52.81
2022-09-12,290.3,295.0,288.3,289.45,662532.0,40.76
2022-09-13,293.0,293.0,288.0,288.45,490769.0,53.46
2022-09-14,283.5,295.0,283.5,289.75,1343291.0,31.74
2022-09-15,291.75,291.9,287.3,290.75,561891.0,43.3
2022-09-16,288.3,291.0,278.6,281.3,855108.0,53.29
2022-09-19,283.75,283.75,274.65,275.4,538419.0,58.17
2022-09-20,276.0,281.2,275.5,278.8,354395.0,36.88
2022-09-21,278.8,281.9,277.6,281.15,271931.0,47.97
2022-09-22,281.15,282.95,279.05,282.35,270528.0,49.73
2022-09-23,282.35,284.7,278.0,278.4,308887.0,45.17
2022-09-26,276.0,276.0,269.0,272.45,296586.0,47.91
2022-09-27,275.0,276.1,272.0,274.0,217422.0,45.69
2022-09-28,271.55,273.5,262.65,266.1,308238.0,60.3
2022-09-29,268.3,272.45,266.15,267.85,215429.0,48.21
2022-09-30,267.85,270.0,266.5,267.2,459950.0,55.99
2022-10-03,267.2,269.35,264.0,266.05,342434.0,69.33
2022-10-04,275.0,275.0,266.15,272.35,1136013.0,34.32
2022-10-05,275.0,275.0,266.15,272.35,1136013.0,34.32
2022-10-06,276.7,285.3,274.25,284.55,1178145.0,35.89
2022-10-07,283.35,288.4,280.2,287.8,550838.0,47.48
2022-10-10,285.0,290.45,282.45,289.75,433434.0,54.43
2022-10-11,289.75,290.6,282.25,286.9,639022.0,59.4
2022-10-12,286.9,289.8,282.9,289.45,414835.0,62.2
2022-10-13,289.3,289.75,284.25,289.15,312524.0,56.65
2022-10-14,291.0,292.75,284.0,285.15,280350.0,42.6
2022-10-17,285.0,285.15,276.0,276.9,373337.0,59.02
2022-10-18,277.9,281.0,277.85,280.55,305689.0,50.12
2022-10-19,280.0,284.9,280.0,281.45,237621.0,34.76
2022-10-20,279.25,281.0,277.2,278.35,234039.0,59.68
2022-10-21,278.95,283.7,278.1,281.15,653505.0,20.79
2022-10-24,283.0,283.75,281.3,283.25,123463.0,65.57
2022-10-25,283.0,284.7,280.55,284.2,287573.0,47.31
2022-10-26,283.0,284.7,280.55,284.2,287573.0,47.31
2022-10-27,286.0,287.8,283.1,284.1,284662.0,40.65
2022-10-28,284.0,285.5,283.0,283.5,169733.0,62.34
2022-10-31,284.95,285.1,282.1,283.7,419177.0,66.4
2022-11-01,283.0,284.7,282.6,283.6,288825.0,55.67
2022-11-02,283.6,293.0,283.6,288.25,1146681.0,44.19
2022-11-03,286.25,290.9,285.15,285.85,317644.0,51.49
2022-11-04,286.75,291.0,286.55,288.9,359041.0,46.05
2022-11-07,290.35,293.3,288.5,290.8,644150.0,49.86
2022-11-08,290.35,293.3,288.5,290.8,644150.0,49.86
2022-11-09,291.8,295.0,291.0,292.15,603701.0,49.54
2022-11-10,292.15,293.55,289.25,292.85,452302.0,59.44
2022-11-11,295.15,298.3,293.3,296.55,941418.0,51.98
2022-11-14,303.0,310.0,302.3,309.35,2416967.0,41.87
2022-11-15,311.5,315.0,309.65,314.3,996538.0,51.16
2022-11-16,320.0,321.55,315.55,319.05,1639754.0,40.87
2022-11-17,321.95,326.8,319.95,324.25,2636045.0,35.67
2022-11-18,326.15,326.8,322.0,323.4,1233833.0,55.55
2022-11-21,323.9,325.0,320.65,324.5,1152337.0,57.76
2022-11-22,324.35,324.8,319.1,319.55,1190367.0,62.74
2022-11-23,304.1,305.7,300.05,301.05,1784660.0,43.14
2022-11-24,300.5,301.4,292.8,296.2,1088237.0,46.32
2022-11-25,293.4,297.8,293.4,297.1,683382.0,46.05
2022-11-28,297.1,301.95,296.4,301.1,576400.0,57.73
2022-11-29,298.3,303.95,297.3,303.15,495661.0,52.49
2022-11-30,301.5,307.6,301.5,307.25,495922.0,56.1
2022-12-01,308.8,309.5,304.9,307.0,604601.0,50.37
2022-12-02,308.0,311.0,304.2,305.4,828054.0,57.18
2022-12-05,306.1,315.0,306.1,314.05,1227211.0,43.5
2022-12-06,314.5,318.9,313.15,315.05,830567.0,49.03
2022-12-07,316.65,318.3,312.0,315.05,444698.0,47.7
2022-12-08,317.0,318.4,315.1,317.2,490930.0,55.36
2022-12-09,319.7,319.7,312.55,316.95,638318.0,56.95
2022-12-12,316.6,318.25,312.6,317.15,529141.0,65.03
2022-12-13,317.45,319.5,316.25,317.2,337990.0,56.53
2022-12-14,318.0,319.8,316.15,318.2,420848.0,56.55
2022-12-15,318.5,319.5,317.6,319.05,388016.0,76.82
2022-12-16,318.6,324.4,317.1,319.65,1124919.0,41.51
2022-12-19,319.95,324.9,318.25,324.0,699822.0,59.44
2022-12-20,321.95,328.95,320.2,328.5,1039966.0,49.05
2022-12-21,331.0,333.0,320.0,323.35,790394.0,45.58
2022-12-22,324.0,326.45,311.1,320.2,752259.0,50.06
2022-12-23,312.25,315.5,308.25,313.15,993236.0,49.59
2022-12-26,311.2,315.95,307.0,314.05,351079.0,40.17
2022-12-27,315.25,324.5,313.5,321.6,366016.0,40.62
2022-12-28,319.85,326.35,318.7,324.25,297658.0,48.45
2022-12-29,320.25,326.6,320.25,326.2,447463.0,53.53
2022-12-30,327.95,329.8,320.55,321.7,327330.0,49.32
2023-01-02,323.3,326.45,323.25,325.1,241376.0,46.13
2023-01-03,329.45,336.1,328.0,331.65,1354277.0,26.58
2023-01-04,332.5,333.95,330.35,332.05,638125.0,47.79
2023-01-05,334.55,340.55,333.3,337.7,1187757.0,40.34
2023-01-06,337.7,338.45,330.3,332.8,330906.0,46.32
2023-01-09,334.5,341.7,334.1,338.7,535175.0,49.27
2023-01-10,340.7,345.6,340.1,343.7,780956.0,42.3
2023-01-11,345.0,347.15,337.3,339.4,507764.0,41.84
2023-01-12,341.0,345.9,337.05,345.1,599868.0,44.55
2023-01-13,345.1,350.0,345.1,349.7,647059.0,47.43
2023-01-16,351.5,352.8,340.0,344.4,388733.0,43.22
2023-01-17,346.0,351.95,342.65,347.55,809639.0,39.63
2023-01-18,351.05,363.9,350.5,361.35,2252175.0,28.07
2023-01-19,364.0,383.0,364.0,377.55,3152013.0,27.48
2023-01-20,345.0,356.8,340.2,353.0,5818613.0,21.68
2023-01-23,360.0,360.0,341.8,346.2,2107210.0,36.77
2023-01-24,348.0,357.0,345.2,354.95,1278140.0,40.68
2023-01-25,359.0,359.0,352.5,358.0,1109433.0,41.29
2023-01-26,359.0,359.0,352.5,358.0,1109433.0,41.29
2023-01-27,355.65,358.0,340.5,346.35,1306217.0,54.31
2023-01-30,333.9,335.0,327.15,330.0,1021008.0,47.56
2023-01-31,330.0,335.9,330.0,332.85,590476.0,49.86
2023-02-01,337.45,343.0,324.2,332.4,949631.0,47.71
2023-02-02,330.45,347.5,330.45,343.75,1353291.0,48.11
2023-02-03,344.0,349.6,340.3,346.25,695416.0,59.2
2023-02-06,335.85,344.75,335.0,338.45,556891.0,39.03
2023-02-07,339.0,340.2,330.2,332.05,573595.0,64.14
2023-02-08,331.25,336.15,327.25,328.95,346573.0,66.6
2023-02-09,329.05,332.5,325.25,327.25,559495.0,67.26
2023-02-10,327.25,331.0,327.0,329.85,205428.0,57.73
2023-02-13,329.85,329.9,325.0,325.95,276106.0,62.93
2023-02-14,326.0,328.8,325.2,326.2,180115.0,63.61
2023-02-15,325.0,326.95,320.85,322.75,268049.0,66.91
2023-02-16,325.0,328.95,323.05,324.8,267210.0,53.44
2023-02-17,324.8,325.75,323.05,323.95,135607.0,55.53
2023-02-20,324.6,325.15,320.5,321.2,157990.0,56.9
2023-02-21,322.9,323.0,321.1,321.7,92681.0,55.04
2023-02-22,323.4,323.4,315.0,315.9,366016.0,74.54
2023-02-23,316.0,320.85,315.0,315.75,243213.0,60.59
2023-02-24,316.0,321.0,315.05,319.95,219964.0,66.08
2023-02-27,318.7,318.7,308.0,308.6,395864.0,63.8
2023-02-28,307.0,307.55,295.95,304.0,636946.0,42.93
2023-03-01,304.0,314.0,301.25,311.55,743898.0,66.12
2023-03-02,311.55,316.0,309.9,312.5,244043.0,42.75
2023-03-03,314.5,315.65,310.15,311.75,344245.0,58.8
2023-03-06,312.5,316.7,311.0,311.95,492230.0,62.93
2023-03-07,312.5,316.7,311.0,311.95,492230.0,62.93
2023-03-08,312.0,319.7,309.25,309.95,829264.0,54.4
2023-03-09,310.05,313.0,310.05,311.65,238206.0,59.1
2023-03-10,311.0,311.9,303.7,304.4,687462.0,65.87
2023-03-13,307.0,314.0,297.5,300.45,3529283.0,60.88
2023-03-14,301.2,304.65,293.6,294.85,1644635.0,61.33
2023-03-15,296.4,309.95,294.0,295.1,2796338.0,42.31
2023-03-16,296.55,306.0,296.25,304.85,1996713.0,50.03
2023-03-17,312.0,318.0,309.0,312.1,6324640.0,79.46
2023-03-20,316.8,317.25,309.55,310.6,1409324.0,58.43
2023-03-21,314.9,316.0,309.1,310.6,1566260.0,63.1
2023-03-22,321.0,325.0,316.85,317.75,10748992.0,44.76
2023-03-23,320.0,324.8,317.3,320.25,4468037.0,47.69
2023-03-24,324.0,324.0,320.3,323.1,2726902.0,55.41
2023-03-27,326.5,329.7,324.05,329.1,2633761.0,54.11
2023-03-28,331.0,331.55,323.3,328.8,1943385.0,54.1
2023-03-29,299.0,302.9,295.0,299.0,2729086.0,32.67
2023-03-30,299.0,302.9,295.0,299.0,2729086.0,32.67
2023-03-31,298.0,298.0,292.3,293.35,1891210.0,60.85
2023-04-03,294.0,298.9,293.35,298.2,792375.0,55.45
2023-04-04,294.0,298.9,293.35,298.2,792375.0,55.45
2023-04-05,299.0,307.0,297.6,305.7,2122227.0,55.56
2023-04-06,304.2,312.55,303.35,311.3,1107348.0,49.64
2023-04-07,304.2,312.55,303.35,311.3,1107348.0,49.64
2023-04-10,311.3,314.95,310.35,312.8,839201.0,58.24
2023-04-11,312.9,313.95,310.4,312.05,741347.0,65.56
2023-04-12,313.0,313.8,311.4,313.25,507479.0,65.83
2023-04-13,313.9,321.8,312.65,319.7,1314001.0,54.51
2023-04-14,313.9,321.8,312.65,319.7,1314001.0,54.51
2023-04-17,319.7,320.85,317.1,318.85,767761.0,61.6
2023-04-18,319.0,324.9,319.0,323.3,1129990.0,49.17
2023-04-19,324.0,326.0,323.4,324.45,789880.0,63.92
2023-04-20,325.7,328.5,325.05,327.55,794274.0,56.67
2023-04-21,326.95,328.0,321.0,324.6,1221091.0,37.34
2023-04-24,320.0,320.0,314.0,318.45,892063.0,33.05
2023-04-25,318.45,319.2,316.2,316.85,302289.0,50.17
2023-04-26,315.5,316.3,312.55,313.2,401604.0,55.2
2023-04-27,312.0,312.7,309.2,310.3,329620.0,62.99
2023-04-28,311.55,314.9,311.3,314.35,554348.0,54.61
2023-05-01,311.55,314.9,311.3,314.35,554348.0,54.61
2023-05-02,316.4,317.8,315.0,315.2,407894.0,54.26
2023-05-03,316.35,316.35,312.0,314.35,466517.0,49.58
2023-05-04,315.6,316.65,311.55,312.65,404326.0,59.89
2023-05-05,313.0,313.55,310.6,311.5,348800.0,63.16
2023-05-08,312.25,314.5,312.0,313.45,268684.0,59.51
2023-05-09,314.2,316.6,312.25,314.2,408045.0,56.0
2023-05-10,315.5,315.5,312.6,314.3,214245.0,61.62
2023-05-11,314.3,315.0,313.05,313.7,146651.0,56.35
2023-05-12,313.0,313.0,309.3,310.35,339326.0,60.87
2023-05-15,312.5,312.5,308.85,309.7,308715.0,65.42
2023-05-16,311.2,312.85,310.0,310.55,242696.0,73.26
2023-05-17,311.4,313.6,310.15,312.35,314221.0,61.08
2023-05-18,312.6,313.5,310.0,310.3,303319.0,65.21
2023-05-19,310.85,312.2,307.55,308.35,330855.0,66.07
2023-05-22,309.95,310.9,308.0,308.7,330803.0,56.34
2023-05-23,308.1,310.0,307.1,307.55,533927.0,66.78
2023-05-24,307.55,309.7,306.1,306.55,480513.0,69.09
2023-05-25,306.0,307.4,304.4,304.9,363830.0,67.13
2023-05-26,307.85,307.85,304.55,305.6,442425.0,60.72
2023-05-29,307.25,308.0,305.25,306.7,453398.0,57.76
2023-05-30,307.0,307.8,305.45,306.65,370133.0,63.17
2023-05-31,306.65,307.15,304.4,306.0,343628.0,67.69
2023-06-01,306.75,307.1,304.5,305.65,283062.0,67.28
2023-06-02,306.0,307.15,305.0,306.5,273163.0,52.77
2023-06-05,305.85,309.9,305.5,306.9,421092.0,49.32
2023-06-06,308.0,309.4,306.4,307.05,255148.0,58.08
2023-06-07,309.8,309.8,305.1,305.45,710622.0,66.35
2023-06-08,306.5,306.5,303.6,304.2,712681.0,63.6
2023-06-09,305.95,305.95,299.0,300.55,854118.0,75.65
2023-06-12,301.0,301.55,298.7,298.95,697003.0,71.2
2023-06-13,299.75,304.6,299.55,303.85,984236.0,66.68
2023-06-14,305.0,305.9,301.0,302.15,790046.0,65.74
2023-06-15,303.05,304.7,300.15,303.9,1066599.0,77.63
2023-06-16,304.9,309.5,303.9,304.5,803574.0,61.91
2023-06-19,306.15,307.45,304.5,307.1,661796.0,71.29
2023-06-20,307.1,308.3,306.0,308.1,485539.0,73.66
2023-06-21,308.4,308.7,305.55,307.9,488122.0,72.92
2023-06-22,308.8,311.45,306.95,310.7,655279.0,57.38
2023-06-23,313.6,313.6,308.0,308.45,333504.0,46.95
2023-06-26,308.45,308.95,304.0,307.0,577649.0,57.33
2023-06-27,307.1,307.5,305.0,305.25,362332.0,66.67
2023-06-28,307.65,309.35,305.9,306.9,349310.0,51.08
2023-06-29,307.65,309.35,305.9,306.9,349310.0,51.08
2023-06-30,308.0,308.0,305.3,307.35,347574.0,64.88
2023-07-03,309.0,310.0,308.2,309.55,329058.0,59.33
2023-07-04,310.7,312.85,310.0,310.75,388875.0,56.71
2023-07-05,312.4,312.4,310.5,311.5,311186.0,57.13
2023-07-06,316.0,338.35,316.0,335.95,6685794.0,32.45
2023-07-07,340.0,344.0,337.55,340.6,3390644.0,37.8
2023-07-10,331.0,332.0,324.05,327.85,2648867.0,39.6
2023-07-11,329.95,333.0,327.85,330.95,1207370.0,55.67
2023-07-12,332.9,333.0,331.6,332.65,624584.0,66.93
2023-07-13,333.35,334.0,327.95,330.7,1090510.0,65.07
2023-07-14,326.8,329.0,324.05,328.55,563672.0,53.65
2023-07-17,327.5,327.95,323.0,323.95,720807.0,59.72
2023-07-18,325.15,325.15,318.5,320.3,442325.0,61.57
2023-07-19,320.0,328.0,318.7,323.25,607414.0,32.48
2023-07-20,324.65,324.65,322.0,323.15,208681.0,60.65
2023-07-21,323.6,323.6,315.6,318.15,950300.0,41.85
2023-07-24,315.0,318.0,313.0,316.55,763349.0,53.16
2023-07-25,316.0,320.0,312.0,318.05,572162.0,54.65
2023-07-26,320.0,322.45,318.0,319.85,562029.0,55.99
2023-07-27,321.1,321.95,314.85,320.4,816751.0,53.26
2023-07-28,320.4,320.9,316.9,320.15,497223.0,60.67
2023-07-31,320.3,323.0,318.2,321.95,632384.0,58.87
2023-08-01,323.55,324.35,320.4,322.25,406743.0,58.53
2023-08-02,323.0,324.7,319.3,321.0,580855.0,56.27
2023-08-03,322.0,322.0,316.1,318.1,485555.0,54.38
2023-08-04,318.9,321.5,316.75,318.2,362429.0,61.05
2023-08-07,321.9,321.9,316.0,316.75,411143.0,64.48
2023-08-08,319.35,320.95,315.75,319.45,427000.0,55.2
2023-08-09,319.05,321.0,318.05,320.6,235747.0,66.98
2023-08-10,320.95,321.95,318.0,318.8,225424.0,57.7
2023-08-11,320.0,320.0,316.0,316.55,279237.0,60.6
2023-08-14,317.0,317.95,314.0,316.55,234103.0,58.19
2023-08-15,317.0,317.95,314.0,316.55,234103.0,58.19
2023-08-16,316.8,316.9,314.0,314.2,207990.0,65.49
2023-08-17,314.35,317.3,313.05,314.0,231013.0,65.04
2023-08-18,314.0,315.9,312.05,314.55,246539.0,62.58
2023-08-21,316.0,316.85,312.3,315.1,243071.0,58.08
2023-08-22,315.9,316.85,313.5,316.3,190788.0,62.65
2023-08-23,316.3,317.5,313.6,314.1,322539.0,68.47
2023-08-24,314.1,316.75,314.1,316.1,305984.0,64.53
2023-08-25,316.95,318.0,313.3,314.45,344870.0,60.44
2023-08-28,314.45,317.3,314.1,316.2,475282.0,77.44
2023-08-29,317.05,317.85,314.8,315.4,219232.0,66.58
2023-08-30,316.1,322.5,316.1,319.95,567027.0,63.91
2023-08-31,321.0,321.45,317.05,318.15,219124.0,65.5
2023-09-01,318.15,322.0,318.15,319.7,281397.0,58.49
2023-09-04,320.0,324.9,319.85,323.5,667679.0,55.74
2023-09-05,325.0,326.45,320.65,324.0,535157.0,57.15
2023-09-06,325.0,325.0,321.0,321.45,291816.0,61.72
2023-09-07,322.0,322.95,319.0,320.9,263613.0,66.11
2023-09-08,322.0,322.85,320.0,320.2,295099.0,63.98
2023-09-11,320.6,322.0,318.8,319.95,391440.0,65.56
2023-09-12,321.95,322.0,314.55,315.2,388769.0,62.04
2023-09-13,316.45,316.95,312.5,314.85,297983.0,63.27
2023-09-14,317.8,322.0,316.4,321.2,555890.0,50.89
2023-09-15,322.95,323.5,321.2,321.5,538269.0,72.23
2023-09-18,322.45,322.45,317.5,318.15,299525.0,59.64
2023-09-19,322.45,322.45,317.5,318.15,299525.0,59.64
2023-09-20,318.15,318.9,314.8,315.6,239370.0,66.9
2023-09-21,315.6,316.0,312.15,313.4,233391.0,65.8
2023-09-22,313.95,314.95,312.05,313.8,195355.0,61.99
2023-09-25,315.45,315.45,309.2,313.3,350059.0,63.44
2023-09-26,314.85,316.5,310.05,311.45,276885.0,52.81
2023-09-27,312.0,312.0,309.2,311.0,199242.0,61.87
2023-09-28,311.0,311.4,294.0,297.95,1140485.0,71.49
2023-09-29,300.3,317.5,300.2,308.65,2289398.0,30.02
2023-10-02,300.3,317.5,300.2,308.65,2289398.0,30.02
2023-10-03,308.65,311.45,303.6,307.0,703140.0,57.23
2023-10-04,307.0,309.4,304.2,308.15,369670.0,54.8
2023-10-05,300.55,307.55,300.55,304.5,292298.0,56.52
2023-10-06,306.45,306.85,302.55,305.55,326063.0,61.84
2023-10-09,308.0,314.5,302.8,311.8,1103868.0,42.31
2023-10-10,314.95,317.85,313.0,317.05,601029.0,68.91
2023-10-11,318.0,319.8,312.8,317.3,461120.0,55.96
2023-10-12,315.65,321.9,315.0,317.7,555523.0,57.67
2023-10-13,317.7,320.5,317.15,318.6,365388.0,63.71
2023-10-16,320.15,324.6,317.6,321.9,710371.0,61.52
2023-10-17,323.7,324.0,320.1,321.2,473925.0,72.14
2023-10-18,320.8,324.5,309.55,313.25,2046808.0,84.34
2023-10-19,310.0,315.0,310.0,314.4,205302.0,50.58
2023-10-20,314.6,315.8,300.3,308.6,1532582.0,18.73
2023-10-23,306.0,307.9,301.9,303.45,499171.0,49.1
2023-10-24,306.0,307.9,301.9,303.45,499171.0,49.1
2023-10-25,305.95,307.9,296.6,299.7,512926.0,60.31
2023-10-26,299.0,299.65,290.5,294.7,557107.0,63.69
2023-10-27,296.25,299.7,293.35,295.8,346211.0,60.96
2023-10-30,295.8,295.8,291.35,292.85,325580.0,59.77
2023-10-31,293.45,297.05,293.1,295.55,228054.0,58.69
2023-11-01,295.85,296.15,291.15,292.5,315882.0,61.59
2023-11-02,295.0,296.5,292.5,294.3,213238.0,59.73
2023-11-03,295.8,299.8,294.7,299.1,211812.0,57.71
2023-11-06,299.0,299.7,295.3,296.05,333777.0,64.38
2023-11-07,296.9,297.5,292.1,292.75,393766.0,71.84
2023-11-08,293.8,297.5,293.8,297.0,197817.0,60.14
2023-11-09,297.0,298.0,295.0,296.6,186227.0,56.68
2023-11-10,296.6,305.9,295.35,301.8,331948.0,48.67
2023-11-13,303.95,304.6,300.15,301.25,247756.0,61.44
2023-11-14,303.95,304.6,300.15,301.25,247756.0,61.44
2023-11-15,304.95,306.6,302.55,304.3,306698.0,61.91
2023-11-16,305.9,305.9,301.35,303.55,300970.0,70.07
2023-11-17,300.3,308.7,300.1,307.6,334149.0,57.61
2023-11-20,307.6,308.95,305.0,305.1,119971.0,69.04
2023-11-21,307.0,307.3,303.3,303.85,142123.0,62.01
2023-11-22,303.85,304.0,298.25,299.55,290073.0,63.32
2023-11-23,299.55,302.5,299.55,301.35,115557.0,60.34
2023-11-24,303.9,303.9,299.9,301.0,132414.0,61.36
2023-11-27,303.9,303.9,299.9,301.0,132414.0,61.36
2023-11-28,302.75,302.75,300.0,300.8,197865.0,74.03
2023-11-29,302.55,303.0,299.5,299.75,636251.0,68.03
2023-11-30,300.05,300.85,297.5,299.25,382853.0,52.5
2023-12-01,300.95,302.0,297.85,300.15,395237.0,60.39
2023-12-04,318.9,319.0,313.0,317.9,2209533.0,48.1
2023-12-05,320.95,327.0,320.0,325.0,1829812.0,48.59
2023-12-06,329.45,332.0,325.0,325.65,2934514.0,45.36
2023-12-07,327.0,327.6,323.0,324.15,861934.0,61.43
2023-12-08,324.15,325.9,320.2,322.65,676456.0,60.47
2023-12-11,324.0,326.8,323.55,325.35,565522.0,69.43
2023-12-12,325.25,326.75,324.2,324.9,453205.0,63.78
2023-12-13,324.9,326.0,323.6,325.5,879874.0,68.28
2023-12-14,325.1,325.1,318.0,319.1,846426.0,48.23
2023-12-15,320.0,320.0,314.5,316.35,778336.0,58.55
2023-12-18,316.0,316.35,311.05,315.3,401872.0,61.13
2023-12-19,314.2,314.9,310.5,311.95,541553.0,75.37
2023-12-20,312.1,314.0,305.75,306.9,681204.0,64.96
2023-12-21,304.0,307.55,302.7,306.5,472198.0,66.99
2023-12-22,305.05,312.0,305.05,309.9,480182.0,51.98
2023-12-25,305.05,312.0,305.05,309.9,480182.0,51.98
2023-12-26,311.05,312.9,310.0,311.7,311187.0,59.74
2023-12-27,312.0,313.25,310.35,311.95,306296.0,61.88
2023-12-28,312.1,317.5,311.0,312.6,1639625.0,52.04
2023-12-29,313.7,322.05,313.7,318.05,1519854.0,49.23
2024-01-01,318.05,320.8,316.85,318.35,579455.0,56.29
2024-01-02,318.35,319.2,312.7,317.3,566897.0,53.15
2024-01-03,320.1,322.0,318.1,318.8,787990.0,60.67
2024-01-04,318.05,319.9,317.9,318.25,447976.0,65.59
2024-01-05,318.0,320.0,315.7,318.5,524841.0,57.99
2024-01-08,318.0,318.3,314.7,315.45,451664.0,66.66
2024-01-09,316.85,317.85,312.5,313.8,371112.0,58.9
2024-01-10,313.0,319.15,311.0,317.25,417359.0,55.46
2024-01-11,318.45,318.95,316.5,317.3,319079.0,56.78
2024-01-12,317.0,318.9,315.95,316.4,310597.0,60.76
2024-01-15,316.0,325.45,316.0,321.75,1709160.0,56.74
2024-01-16,322.0,323.95,317.3,320.6,939904.0,45.4
2024-01-17,318.9,318.9,314.0,315.9,765447.0,64.52
2024-01-18,315.0,315.45,304.4,312.05,890971.0,53.56
2024-01-19,314.05,323.5,313.05,315.15,1814063.0,26.2
2024-01-22,315.15,317.65,314.5,315.15,409637.0,55.75
2024-01-23,316.45,317.0,307.7,310.7,613374.0,58.68
2024-01-24,310.0,312.0,308.0,311.25,420648.0,52.43
2024-01-25,311.5,314.35,311.0,313.2,331791.0,54.59
2024-01-26,311.5,314.35,311.0,313.2,331791.0,54.59
2024-01-29,314.0,315.0,311.55,314.0,366623.0,65.43
2024-01-30,314.1,319.5,313.0,318.05,733697.0,64.52
2024-01-31,318.6,319.6,316.05,317.25,491387.0,69.3
2024-02-01,320.0,321.0,316.0,317.25,504653.0,59.23
2024-02-02,318.9,321.45,316.5,318.2,707719.0,56.11
2024-02-05,318.2,319.75,314.5,315.5,802078.0,60.79
2024-02-06,315.5,318.7,313.5,315.9,433851.0,55.49
2024-02-07,317.0,318.75,315.0,315.9,430490.0,52.83
2024-02-08,317.0,317.2,313.0,314.35,403828.0,55.81
2024-02-09,314.35,314.75,310.5,312.6,290538.0,53.93
2024-02-12,313.95,316.4,306.4,308.3,439066.0,54.59
2024-02-13,308.3,310.9,305.0,308.4,331920.0,47.71
2024-02-14,306.0,311.0,305.7,310.25,228976.0,49.44
2024-02-15,318.0,318.0,310.0,314.9,398989.0,39.66
2024-02-16,315.0,316.45,312.5,313.15,225066.0,53.06
2024-02-19,313.3,314.9,310.5,311.1,278687.0,62.27
2024-02-20,311.0,313.0,310.5,311.1,194595.0,60.97
2024-02-21,310.95,312.9,308.4,309.1,280526.0,61.34
2024-02-22,310.0,311.0,307.95,310.25,193163.0,53.1
2024-02-23,310.2,311.45,309.65,310.65,193107.0,60.58
2024-02-26,310.65,313.95,308.7,310.25,349742.0,53.42
2024-02-27,310.0,310.5,308.3,309.65,262548.0,60.21
2024-02-28,310.5,311.35,307.55,309.0,312859.0,62.42
2024-02-29,308.9,308.9,306.0,306.45,283041.0,63.41
2024-03-01,307.95,313.4,307.15,308.75,331401.0,48.39
2024-03-04,313.0,314.95,310.75,312.2,421726.0,47.32
2024-03-05,312.5,313.4,307.0,308.15,418677.0,61.82
2024-03-06,307.0,308.95,306.05,307.55,268163.0,64.0
2024-03-07,308.6,312.8,308.05,310.95,310481.0,45.74
2024-03-08,308.6,312.8,308.05,310.95,310481.0,45.74
2024-03-11,310.95,312.8,308.05,308.4,240075.0,60.79
2024-03-12,309.7,309.7,305.55,308.45,301099.0,61.52
2024-03-13,308.45,308.7,300.0,301.8,560411.0,59.73
2024-03-14,301.8,306.7,298.0,304.2,520707.0,50.46
2024-03-15,304.0,304.0,284.6,289.4,3154634.0,70.84
2024-03-18,289.4,296.5,289.4,295.45,685732.0,46.84
2024-03-19,294.95,295.9,291.5,293.4,366865.0,62.38
2024-03-20,294.95,295.3,290.8,291.7,331332.0,69.11
2024-03-21,292.0,296.45,292.0,293.9,367193.0,62.02
2024-03-22,294.0,297.95,293.2,296.0,563796.0,35.95
2024-03-25,294.0,297.95,293.2,296.0,563796.0,35.95
2024-03-26,297.85,298.95,294.3,294.9,455958.0,54.1
2024-03-27,294.25,297.8,293.0,293.7,465415.0,66.22
2024-03-28,293.7,296.15,290.1,292.3,452622.0,70.75
2024-03-29,293.7,296.15,290.1,292.3,452622.0,70.75
2024-04-01,295.45,307.55,294.15,306.15,916687.0,52.45
2024-04-02,306.15,319.9,304.35,315.65,1847216.0,42.65
2024-04-03,321.0,330.3,320.5,328.35,5708706.0,33.49
2024-04-04,334.8,341.2,332.65,337.85,5296425.0,45.48
2024-04-05,339.5,340.4,332.1,339.95,1822499.0,51.65
2024-04-08,343.5,350.85,341.4,344.4,3220184.0,51.96
2024-04-09,346.1,408.0,344.05,398.4,21023442.0,17.32
2024-04-10,400.0,414.5,388.45,401.3,13104407.0,15.39
2024-04-11,400.0,414.5,388.45,401.3,13104407.0,15.39
2024-04-12,402.0,437.8,394.05,431.95,19951451.0,12.93
2024-04-15,425.0,427.3,402.0,407.25,9041149.0,21.34
2024-04-16,406.0,418.0,400.0,402.75,4248215.0,31.99
2024-04-17,406.0,418.0,400.0,402.75,4248215.0,31.99
2024-04-18,405.35,417.55,403.0,404.95,3100128.0,31.07
2024-04-19,404.0,410.1,393.2,398.7,3834728.0,26.53
2024-04-22,399.0,419.9,397.6,409.7,3212026.0,32.33
2024-04-23,412.0,415.9,403.0,404.5,1716625.0,54.24
2024-04-24,406.55,413.9,406.55,409.6,1271005.0,52.13
2024-04-25,409.6,423.95,407.5,411.5,2419866.0,35.68
2024-04-26,413.5,429.0,412.05,421.6,3812770.0,30.27
2024-04-29,425.35,427.85,421.8,424.25,1474786.0,41.14
2024-04-30,427.5,442.55,425.25,426.95,2369092.0,42.56
2024-05-01,427.5,442.55,425.25,426.95,2369092.0,42.56
2024-05-02,428.8,437.35,424.2,432.1,2249997.0,50.66
2024-05-03,438.2,478.4,438.2,470.1,10396501.0,21.29
2024-05-06,474.0,476.8,443.1,464.25,5386921.0,23.77
2024-05-07,464.25,467.4,433.65,445.8,3599889.0,33.44
2024-05-08,446.7,487.0,444.35,471.85,8896879.0,16.89
2024-05-09,472.8,486.8,451.3,456.15,3884464.0,27.46
2024-05-10,460.95,540.95,460.3,525.5,28236129.0,9.56
2024-05-13,529.0,586.0,506.8,579.1,25340856.0,7.44
2024-05-14,578.6,582.0,547.3,559.9,17152568.0,11.21
2024-05-15,557.5,580.0,545.55,560.85,4213134.0,17.78
2024-05-16,566.5,589.0,556.5,583.3,5205070.0,31.1
2024-05-17,584.75,619.1,578.4,590.2,6519031.0,23.91
2024-05-20,596.0,619.7,596.0,619.7,1089404.0,50.62
2024-05-21,636.75,743.6,625.1,741.3,15462688.0,19.67
2024-05-22,768.0,807.7,712.35,772.3,17441458.0,14.71
2024-05-23,758.75,758.9,711.9,740.9,6795842.0,28.59
2024-05-24,740.0,760.0,728.0,742.65,2234866.0,32.92
2024-05-27,746.0,749.7,700.0,706.9,2122125.0,43.69
2024-05-28,714.0,746.0,703.0,716.3,3413004.0,25.69
2024-05-29,719.9,732.0,706.9,711.8,1808030.0,32.44
2024-05-30,707.0,714.8,660.0,666.5,2466965.0,44.93
2024-05-31,678.8,706.55,675.25,687.25,2590960.0,31.04
2024-06-03,740.0,740.0,695.0,696.4,1661075.0,48.43
2024-06-04,692.75,693.75,626.8,639.35,1984752.0,41.85
2024-06-05,639.0,687.0,596.8,676.85,1764071.0,48.22
2024-06-06,681.95,703.5,675.0,687.8,1059101.0,44.74
2024-06-07,691.9,699.7,683.0,688.15,872911.0,52.08
2024-06-10,686.05,686.05,665.0,669.65,880093.0,54.85
2024-06-11,672.4,716.0,672.0,696.55,1993799.0,46.21
2024-06-12,700.0,703.35,679.55,688.25,769297.0,51.41
2024-06-13,694.0,695.1,670.0,672.4,874207.0,66.17
2024-06-14,675.9,676.4,659.55,661.9,1052979.0,58.01
2024-06-17,675.9,676.4,659.55,661.9,1052979.0,58.01
2024-06-18,664.0,666.0,644.4,645.75,982672.0,66.81
2024-06-19,647.0,658.0,630.3,633.45,867046.0,60.82
2024-06-20,635.4,673.95,634.6,647.55,2227735.0,38.03
2024-06-21,652.3,684.0,642.0,664.55,2688586.0,31.58
2024-06-24,662.1,666.8,650.55,659.5,626230.0,43.44
2024-06-25,659.0,672.0,655.0,663.9,713278.0,43.56
2024-06-26,664.8,664.8,648.0,650.0,492273.0,63.42
2024-06-27,650.9,679.45,646.25,673.25,1332637.0,64.95
2024-06-28,673.55,679.3,662.3,669.65,742344.0,41.28
2024-07-01,670.0,673.0,650.0,656.75,1045453.0,56.85
2024-07-02,659.9,659.9,650.0,652.5,435691.0,58.36
2024-07-03,654.9,684.0,652.0,673.15,1488309.0,42.39
2024-07-04,680.0,695.0,680.0,686.05,1496295.0,56.02
2024-07-05,688.0,696.0,680.25,693.15,1137292.0,60.09
2024-07-08,698.0,717.0,680.9,686.15,1463483.0,54.61
2024-07-09,688.9,699.6,669.0,673.15,588087.0,60.7
2024-07-10,677.55,677.55,651.0,659.2,545551.0,62.44
2024-07-11,663.6,680.4,661.0,671.6,503106.0,44.66
2024-07-12,679.95,684.0,660.0,664.65,536850.0,54.9
2024-07-15,668.0,669.9,653.0,659.7,398746.0,50.76
2024-07-16,660.5,663.45,655.0,662.1,396045.0,59.85
2024-07-17,660.5,663.45,655.0,662.1,396045.0,59.85
2024-07-18,667.0,669.5,646.0,647.9,597374.0,66.58
2024-07-19,647.95,654.55,635.0,641.75,488014.0,54.49
2024-07-22,632.0,638.85,624.0,632.0,481431.0,53.01
2024-07-23,632.0,635.9,604.95,622.45,470578.0,57.15
2024-07-24,624.1,645.95,624.0,634.35,336587.0,50.05
2024-07-25,627.05,629.05,608.25,611.45,783701.0,64.74
2024-07-26,610.05,624.0,599.0,603.5,915304.0,74.48
2024-07-29,611.0,642.0,608.2,633.7,759838.0,61.93
2024-07-30,640.0,647.7,635.2,641.5,526190.0,59.66
2024-07-31,637.0,654.5,633.05,646.85,422937.0,62.38
2024-08-01,654.0,655.7,639.2,647.6,540659.0,59.5
2024-08-02,640.0,663.15,632.55,651.8,1155061.0,33.3
2024-08-05,626.05,636.0,609.1,617.15,812500.0,57.61
2024-08-06,615.0,629.95,605.0,608.7,490504.0,64.59
2024-08-07,615.0,632.0,591.4,595.35,1411776.0,57.67
2024-08-08,598.5,604.4,588.0,599.95,752219.0,61.25
2024-08-09,610.4,610.4,592.0,594.0,455571.0,67.72
2024-08-12,599.95,627.9,599.0,614.2,930564.0,41.15
2024-08-13,618.0,618.0,576.25,580.0,1345889.0,72.71
2024-08-14,562.0,618.0,544.05,571.75,3055207.0,31.34
2024-08-15,562.0,618.0,544.05,571.75,3055207.0,31.34
2024-08-16,530.0,544.0,516.05,519.9,11319240.0,52.33
2024-08-19,490.0,498.55,488.05,495.7,26422597.0,61.52
2024-08-20,496.3,514.2,496.3,512.6,21919526.0,51.62
2024-08-21,515.95,516.9,508.75,510.85,7475230.0,62.44
2024-08-22,512.9,519.85,512.15,518.65,7868421.0,73.97
2024-08-23,517.0,519.65,512.55,513.8,4980038.0,72.05
2024-08-26,518.0,528.95,517.1,528.1,8083106.0,65.58
2024-08-27,531.0,537.6,530.0,532.35,5904226.0,64.9
2024-08-28,514.9,514.9,509.45,511.25,3918470.0,63.08
2024-08-29,507.95,508.6,492.4,496.5,5148826.0,57.82
2024-08-30,499.0,502.0,495.0,500.75,2166880.0,58.74
2024-09-02,502.0,502.45,492.0,493.85,2338864.0,66.71
2024-09-03,493.05,496.9,490.25,492.55,1772852.0,63.3
2024-09-04,489.0,489.0,481.05,485.9,2637897.0,64.75
2024-09-05,489.0,496.7,488.0,495.7,1948919.0,65.13
2024-09-06,496.6,497.4,485.55,486.85,1938403.0,57.89
2024-09-09,484.75,486.0,477.0,480.1,1742601.0,60.59
2024-09-10,483.6,491.0,479.0,486.9,1518727.0,54.23
2024-09-11,488.0,488.0,475.4,476.55,1444929.0,63.48
2024-09-12,480.0,491.0,479.4,489.8,1743746.0,60.82
2024-09-13,494.7,504.0,493.4,496.6,2483381.0,53.96
2024-09-16,501.0,508.4,494.05,496.45,2072142.0,46.57
2024-09-17,498.0,498.95,489.5,490.9,1008673.0,59.61
2024-09-18,495.0,496.0,483.6,485.0,1280911.0,47.27
2024-09-19,492.0,496.0,478.55,489.45,1815671.0,54.94
2024-09-20,494.7,504.15,492.3,500.7,2846982.0,55.15
2024-09-23,501.0,508.05,498.25,503.9,2163517.0,59.46
2024-09-24,505.0,514.0,504.1,507.6,3461449.0,54.78
2024-09-25,514.0,514.95,506.4,511.2,3997321.0,60.74
2024-09-26,511.15,520.95,504.05,517.0,3887216.0,52.75
2024-09-27,525.0,525.4,516.55,523.05,3789679.0,55.93
2024-09-30,525.0,531.25,516.85,522.5,3995531.0,51.95
2024-10-01,522.9,524.0,511.85,519.9,1884521.0,45.77
2024-10-02,522.9,524.0,511.85,519.9,1884521.0,45.77
2024-10-03,517.0,533.55,512.55,522.9,5498929.0,48.17
2024-10-04,523.15,526.65,509.85,517.25,1877538.0,49.52
2024-10-07,524.0,524.0,490.5,495.4,1936964.0,53.15
2024-10-08,495.4,513.6,492.65,510.8,1747070.0,56.71
2024-10-09,509.1,514.95,503.85,505.45,910097.0,60.24
2024-10-10,506.0,513.0,506.0,508.8,677683.0,55.84
2024-10-11,508.8,512.0,502.0,504.15,511306.0,56.17
2024-10-14,506.7,522.8,506.6,520.2,1883076.0,74.89
2024-10-15,520.3,523.55,511.3,514.4,1233163.0,65.46
2024-10-16,514.4,519.95,508.65,510.4,972108.0,57.97
2024-10-17,511.2,516.95,502.1,508.2,886030.0,63.19
2024-10-18,505.95,520.0,494.0,506.5,3491646.0,33.29
2024-10-21,519.35,521.8,500.0,501.75,2266446.0,56.1
2024-10-22,505.8,523.0,505.45,513.6,4802288.0,50.98
2024-10-23,515.1,535.0,515.1,523.7,4761151.0,49.82
2024-10-24,526.45,549.0,526.45,539.5,5302861.0,55.87
2024-10-25,538.5,539.5,503.15,510.05,3661702.0,49.94
2024-10-28,515.5,529.5,512.0,526.65,1853445.0,55.49
2024-10-29,528.45,553.85,527.95,550.15,4291983.0,62.1
2024-10-30,555.0,575.4,552.15,560.4,4040718.0,49.37
2024-10-31,563.0,564.0,540.0,553.2,2265460.0,54.33
2024-11-01,558.95,564.8,552.0,558.25,570057.0,66.47
2024-11-04,559.0,559.55,523.05,543.8,3242281.0,44.66
2024-11-05,545.0,565.0,542.8,559.65,2598508.0,49.67
2024-11-06,520.0,523.4,512.25,513.1,11690198.0,62.49
2024-11-07,507.7,509.7,505.55,507.6,7355515.0,65.61
2024-11-08,509.7,512.8,505.05,506.25,3200423.0,54.14
2024-11-11,505.9,509.65,494.0,506.1,5111496.0,58.6
2024-11-12,509.0,512.25,498.2,500.7,2222208.0,60.92
2024-11-13,497.0,503.15,484.0,485.7,2639677.0,51.72
2024-11-14,487.05,497.65,484.75,495.35,1576044.0,54.78
2024-11-18,503.6,503.9,494.8,496.35,2851127.0,54.05
2024-11-19,500.0,500.4,490.0,492.15,1336754.0,48.26
2024-11-20,500.0,500.4,490.0,492.15,1336754.0,48.26
2024-11-21,492.15,492.95,483.2,487.05,1546003.0,51.29
2024-11-22,488.0,491.7,485.15,489.25,1077937.0,50.59
2024-11-25,498.0,501.5,495.7,498.5,1695909.0,59.74
2024-11-26,499.0,499.7,493.2,494.45,768923.0,54.26
2024-11-27,494.0,501.0,494.0,499.95,787949.0,52.55
2024-11-28,500.0,501.0,493.0,494.05,919432.0,58.55
2024-11-29,495.8,505.9,491.6,504.6,1565002.0,60.55
2024-12-02,502.05,506.75,499.1,502.85,868957.0,47.65
2024-12-03,503.05,508.4,500.5,507.15,1157338.0,52.17
2024-12-04,507.5,510.9,504.8,506.95,889376.0,60.23
2024-12-05,508.0,508.05,499.1,500.6,903208.0,55.98
2024-12-06,500.6,515.4,499.45,510.0,2915997.0,46.53
2024-12-09,510.0,512.55,505.2,506.5,868376.0,51.2
2024-12-10,508.7,509.25,498.0,498.45,1326710.0,56.46
2024-12-11,499.9,516.4,497.6,509.15,3159856.0,43.96
2024-12-12,510.85,513.95,501.0,501.55,1158128.0,58.07
2024-12-13,501.15,502.0,492.1,500.35,1092238.0,48.52
2024-12-16,500.35,503.95,497.5,498.25,595620.0,55.41
2024-12-17,499.7,501.0,490.0,490.65,1068528.0,67.68
2024-12-18,491.15,492.2,481.4,485.35,910000.0,52.77
2024-12-19,478.45,483.0,472.0,479.35,941093.0,51.49
2024-12-20,480.0,483.9,466.3,468.8,935248.0,55.83
2024-12-23,471.0,473.5,462.9,463.9,786344.0,50.63
2024-12-24,465.0,465.8,460.45,463.4,599367.0,53.06
2024-12-25,465.0,465.8,460.45,463.4,599367.0,53.06
2024-12-26,463.4,465.0,451.8,453.25,981853.0,57.12
2024-12-27,454.0,463.25,453.85,454.7,790788.0,52.93
2024-12-30,454.0,454.7,429.6,432.4,2763331.0,60.44
2024-12-31,432.6,445.5,432.6,444.0,1432597.0,44.47
2025-01-01,443.9,448.4,440.95,444.05,638861.0,42.86
2025-01-02,447.0,455.4,441.3,452.5,1067204.0,48.08
2025-01-03,452.5,472.5,450.85,469.15,2312908.0,35.91
2025-01-06,473.2,473.2,445.05,446.8,1237423.0,47.23
2025-01-07,447.0,454.95,447.0,448.55,566242.0,45.7
2025-01-08,449.25,451.0,432.4,443.8,1534792.0,50.34
2025-01-09,445.4,453.15,436.1,437.7,2009603.0,54.75
2025-01-10,437.7,438.95,427.2,433.35,910052.0,43.81
2025-01-13,429.85,432.85,414.7,419.4,1845851.0,55.67
2025-01-14,422.0,439.0,421.9,436.05,1148840.0,49.07
2025-01-15,436.5,448.5,436.2,442.05,713988.0,43.95
2025-01-16,449.0,459.9,448.25,455.4,1034803.0,53.88
2025-01-17,456.5,461.9,453.9,456.85,631209.0,45.44
2025-01-20,464.2,467.05,456.6,465.5,762660.0,43.08
2025-01-21,463.5,472.5,458.25,461.0,1043422.0,43.9
2025-01-22,466.0,470.8,459.65,469.35,1488217.0,48.82
2025-01-23,470.0,479.5,465.0,474.1,1013935.0,52.98
2025-01-24,477.0,480.5,461.65,466.55,811862.0,47.23
2025-01-27,461.7,461.95,448.45,450.85,697454.0,44.05
2025-01-28,454.0,461.2,431.0,433.2,2310918.0,26.97
2025-01-29,440.0,444.95,430.0,438.3,1683342.0,33.38
2025-01-30,439.4,452.4,438.8,441.35,711322.0,42.5
2025-01-31,446.5,452.35,440.5,450.15,1051297.0,55.4
2025-02-03,445.0,445.0,426.55,432.55,1149990.0,53.82
2025-02-04,438.5,443.9,432.0,436.9,1049689.0,52.81
2025-02-05,442.2,469.2,438.65,467.45,3709519.0,33.98
2025-02-06,465.0,467.45,441.6,442.9,2683938.0,51.28
2025-02-07,444.0,446.6,436.5,440.35,1289638.0,41.25
2025-02-10,441.6,443.9,433.0,435.65,1061336.0,47.9
2025-02-11,435.0,438.45,413.95,416.85,1597914.0,49.8
2025-02-12,420.25,424.3,408.3,420.35,1334554.0,34.7
2025-02-13,422.0,426.95,411.0,411.8,1237837.0,54.36
2025-02-14,414.0,422.5,410.15,416.55,2778054.0,21.63
2025-02-17,411.55,416.65,402.55,415.55,1569698.0,41.5
2025-02-18,417.0,419.0,404.7,409.05,763874.0,46.52
2025-02-19,409.05,414.55,406.6,413.45,984098.0,46.6
2025-02-20,412.0,424.25,411.8,422.85,971143.0,55.24
2025-02-21,422.75,430.2,420.05,426.65,1071716.0,47.25
2025-02-24,421.0,425.95,415.05,415.65,1024804.0,50.61
2025-02-25,414.75,416.85,405.1,407.25,732520.0,58.38
2025-02-27,407.0,415.0,403.05,411.75,1034655.0,56.57
2025-02-28,406.0,407.0,390.0,390.8,1613553.0,52.57
2025-03-03,392.0,395.3,378.15,387.45,2004706.0,49.25
2025-03-04,384.9,398.7,381.45,395.45,1558931.0,46.78
2025-03-05,395.45,412.8,395.45,411.25,1925095.0,43.06
2025-03-06,418.0,429.35,416.25,426.1,2634281.0,42.66
2025-03-07,430.05,437.95,428.2,429.35,2097278.0,41.04
2025-03-10,429.05,434.05,425.0,426.45,1448034.0,48.35
2025-03-11,422.0,431.7,420.3,427.4,2153628.0,55.8
2025-03-12,429.0,432.65,425.75,427.65,1225552.0,57.05
2025-03-13,430.0,436.9,428.0,430.0,1372791.0,44.75
2025-03-17,430.55,442.0,430.55,435.35,1569518.0,41.59
2025-03-18,437.8,439.75,435.25,436.4,1323931.0,63.77
2025-03-19,441.5,477.8,440.25,454.25,7177341.0,25.63
2025-03-20,458.0,464.0,445.6,456.35,2796560.0,39.97
2025-03-21,458.25,458.6,442.0,446.4,3772285.0,59.7
2025-03-24,448.65,457.85,448.4,453.3,1406526.0,57.76
2025-03-25,456.05,457.05,443.0,444.45,1269831.0,53.43
2025-03-26,446.25,453.8,441.15,442.2,1445183.0,54.74
2025-03-27,443.0,449.9,440.1,447.9,1972572.0,55.75
2025-03-28,452.0,475.0,451.25,461.9,5676960.0,37.4
2025-04-01,462.55,467.0,452.0,453.75,1437487.0,52.18
2025-04-02,453.1,463.7,446.6,460.8,1214886.0,48.39
2025-04-03,457.85,468.45,452.6,459.15,1882318.0,46.57
2025-04-04,457.75,457.75,424.0,426.95,3061033.0,50.59
2025-04-07,390.2,410.6,388.55,406.75,2436376.0,34.76
2025-04-08,418.95,419.9,403.35,412.05,1514564.0,39.04
2025-04-09,408.0,408.05,397.15,400.6,1432174.0,46.35
2025-04-11,415.0,415.65,407.1,411.05,1561497.0,47.61
2025-04-15,419.5,435.65,418.3,433.9,1872997.0,52.63
2025-04-16,432.9,439.0,426.5,438.0,1675647.0,37.2
2025-04-17,438.0,444.9,430.15,439.7,2032014.0,53.78
2025-04-21,440.0,457.85,440.0,452.45,1888265.0,37.31
2025-04-22,453.0,460.75,444.0,445.75,2048339.0,53.09
2025-04-23,448.2,451.05,437.5,449.05,1607303.0,38.36
2025-04-24,449.0,464.6,446.8,459.35,2639584.0,42.94
2025-04-25,462.5,467.9,439.0,445.0,4251762.0,26.37
2025-04-28,452.0,459.5,445.5,452.5,3587317.0,34.09
2025-04-29,452.0,455.5,443.9,445.45,1568483.0,46.69
2025-04-30,442.5,446.5,438.0,439.2,1278436.0,50.51
2025-05-02,439.2,443.25,427.2,428.7,1924034.0,46.08
2025-05-05,430.45,432.95,426.5,428.25,850003.0,48.5
2025-05-06,430.0,430.95,411.55,413.45,1985510.0,50.94
2025-05-07,409.0,425.55,408.4,422.7,1550266.0,45.8
2025-05-08,423.0,425.65,408.0,409.35,1372171.0,57.45
2025-05-09,398.0,410.35,398.0,408.35,1511686.0,46.15
2025-05-12,420.0,436.4,420.0,434.95,2766591.0,48.84
2025-05-13,435.0,436.1,427.0,428.9,1485369.0,52.37
2025-05-14,430.85,440.7,429.8,438.95,2432511.0,44.92
2025-05-15,440.0,444.25,437.5,440.75,2087164.0,36.24
2025-05-16,442.9,445.0,439.45,442.3,1416394.0,51.67
2025-05-19,442.25,455.9,442.0,448.2,2755475.0,35.33
2025-05-20,453.5,455.2,434.0,435.3,2712376.0,49.48
2025-05-21,437.75,444.5,433.7,442.05,1683181.0,47.47
2025-05-22,444.2,447.9,437.65,442.4,2701432.0,44.23
2025-05-23,442.15,449.7,437.8,447.05,2040334.0,53.77
2025-05-26,449.0,453.1,447.35,450.95,1255104.0,47.19
2025-05-27,451.0,455.0,447.5,451.5,1283321.0,50.88
2025-05-28,453.3,456.95,450.5,452.6,1806651.0,52.5
2025-05-29,453.55,466.0,453.15,464.75,3994727.0,41.53
2025-05-30,466.9,469.9,453.5,458.2,3055427.0,42.62
2025-06-02,457.0,460.9,450.5,453.15,2132482.0,57.92
2025-06-03,457.8,474.4,457.65,468.75,8004970.0,32.33
2025-06-04,472.0,472.0,452.05,468.0,4555219.0,39.4
2025-06-05,469.7,497.0,467.2,491.6,7873786.0,37.26
2025-06-06,501.6,510.9,495.0,502.25,15506056.0,29.09
2025-06-09,511.0,532.7,508.0,525.0,12608520.0,29.88
2025-06-10,530.0,546.8,528.1,534.05,11077729.0,32.63
2025-06-11,538.05,540.7,518.7,520.55,8771715.0,43.59
2025-06-12,520.0,530.85,513.9,517.25,5827617.0,36.02
2025-06-13,505.0,521.0,502.15,514.25,5153341.0,34.58
2025-06-16,520.0,520.05,502.35,512.95,4005115.0,34.14
2025-06-17,505.0,506.6,483.05,486.35,9622550.0,37.89
2025-06-18,462.0,465.0,451.2,452.8,142069446.0,49.68
2025-06-19,454.1,456.05,435.5,437.45,16137205.0,32.19
2025-06-20,437.85,441.7,434.75,438.6,9792306.0,51.97
2025-06-23,435.7,445.6,435.25,440.55,7981302.0,49.7
2025-06-24,446.0,447.9,439.6,442.9,5259572.0,48.04
2025-06-25,444.8,445.8,440.6,442.1,3318519.0,51.14
2025-06-26,445.0,450.0,438.5,448.9,6976812.0,51.65
2025-06-27,452.9,455.35,449.0,451.15,7428769.0,44.96
2025-06-30,452.4,452.85,448.3,450.85,3717240.0,50.52
2025-07-01,452.0,452.95,445.7,450.35,4010078.0,42.2
2025-07-02,452.0,453.9,446.6,447.2,2979489.0,49.13
2025-07-03,446.85,450.4,445.1,445.55,2050922.0,40.55
2025-07-04,448.9,448.9,443.1,445.1,1786418.0,43.44
2025-07-07,445.2,445.55,436.2,437.5,2682662.0,52.67
2025-07-08,438.45,439.45,434.7,436.2,1567143.0,48.95
2025-07-09,437.3,437.3,415.15,425.0,7244683.0,39.11
2025-07-10,425.0,427.65,420.0,422.8,2431803.0,46.13
2025-07-11,423.0,431.25,422.2,424.9,3289049.0,40.67
2025-07-14,427.9,437.2,426.4,436.35,3867360.0,41.46
2025-07-15,437.0,441.8,435.1,437.45,2384363.0,47.27
2025-07-16,437.95,438.3,433.3,435.2,1930300.0,52.36
2025-07-17,438.5,439.1,435.25,437.1,1749870.0,52.86
2025-07-18,438.45,441.5,431.1,435.5,4662210.0,41.29
2025-07-21,435.7,447.2,434.8,444.65,3834004.0,47.6
2025-07-22,446.95,446.95,442.1,443.2,1623314.0,50.55
2025-07-23,446.1,449.0,443.3,446.85,1808120.0,54.76
2025-07-24,446.8,447.85,443.05,446.1,1568590.0,54.01
2025-07-25,445.7,446.25,437.4,439.2,1769660.0,55.77
2025-07-28,438.0,439.8,431.3,432.05,1958546.0,52.81
2025-07-29,432.0,438.0,430.6,437.4,1325115.0,52.81
2025-07-30,436.9,438.15,431.6,432.45,1275211.0,56.25
2025-07-31,427.0,430.95,421.45,424.05,2114797.0,58.44
2025-08-01,424.0,424.8,413.5,415.4,2163538.0,51.47
2025-08-04,416.1,422.5,413.85,421.6,1093131.0,48.59
2025-08-05,422.0,423.6,419.2,421.2,990246.0,54.75
2025-08-06,422.7,423.9,416.85,419.95,1418372.0,53.33
2025-08-07,420.4,426.0,415.05,424.65,1528302.0,43.03
2025-08-08,424.65,426.9,419.3,420.7,1210138.0,45.99
2025-08-11,420.7,422.9,414.55,417.4,1862022.0,46.97
2025-08-12,420.4,424.45,418.8,423.45,1597032.0,50.42
2025-08-13,424.85,433.65,424.5,430.2,2072932.0,41.71
2025-08-14,431.0,432.7,422.5,426.65,1367682.0,46.29
2025-08-18,430.7,431.0,424.0,427.1,1443684.0,56.02
2025-08-19,433.7,433.7,426.45,428.65,3077711.0,29.18
2025-08-20,428.65,432.4,425.45,430.0,1945943.0,41.95
2025-08-21,433.8,433.8,430.0,430.85,1159668.0,45.44
2025-08-22,431.0,431.4,424.5,424.9,826451.0,45.86
2025-08-25,423.0,436.8,422.85,434.7,2994389.0,44.84
2025-08-26,434.7,434.7,429.25,430.15,1117706.0,50.95
2025-08-28,429.0,431.0,420.55,421.7,1139531.0,38.37
2025-08-29,423.65,427.0,418.0,419.25,1268832.0,45.06
2025-09-01,424.0,443.0,424.0,435.9,7587040.0,23.64
2025-09-02,438.95,444.2,438.0,440.9,2817685.0,38.74
2025-09-03,443.0,448.7,441.65,444.6,4756092.0,53.81
2025-09-04,449.9,449.9,435.3,437.55,2265053.0,28.78
2025-09-05,437.7,441.8,433.85,440.1,1953089.0,48.46
2025-09-08,442.4,442.65,434.7,435.6,1752942.0,49.08
2025-09-09,436.75,440.0,431.5,433.45,2291407.0,52.7
2025-09-10,435.45,436.7,430.75,432.85,1863865.0,57.58
2025-09-11,434.5,447.0,433.55,446.25,5122099.0,51.17
2025-09-12,449.5,464.35,447.5,462.95,11582146.0,42.72
2025-09-15,466.0,468.95,459.35,460.15,5717417.0,45.45
2025-09-16,462.45,464.0,458.1,462.25,3378600.0,45.75
2025-09-17,464.0,464.7,453.2,459.45,3397670.0,41.73
2025-09-18,459.05,460.1,451.55,454.85,2208920.0,38.63
2025-09-19,456.0,457.8,452.05,453.05,2190231.0,60.24
2025-09-22,455.8,466.65,455.55,459.25,5390225.0,42.2
2025-09-23,461.35,464.25,452.85,461.5,4028797.0,47.61
2025-09-24,463.0,463.9,452.0,452.9,2695976.0,51.01
2025-09-25,453.3,468.5,453.3,466.75,7193012.0,43.7
2025-09-26,468.9,468.9,445.6,449.1,6524790.0,42.3
2025-09-29,455.8,468.5,453.8,466.15,14939041.0,57.13
2025-09-30,469.15,483.9,468.05,482.45,15167002.0,31.34
2025-10-01,485.1,488.55,475.1,481.35,7265353.0,35.49
2025-10-03,483.0,496.6,478.9,491.5,9118935.0,31.57
2025-10-06,497.0,499.7,489.95,491.5,4193824.0,38.49
2025-10-07,491.5,493.25,485.15,489.9,3536988.0,46.8
2025-10-08,491.05,496.15,487.65,490.5,3971075.0,35.64
2025-10-09,492.0,515.0,488.15,512.25,16377426.0,29.52
2025-10-10,512.7,513.45,488.7,498.3,11928283.0,28.17
2025-10-13,498.3,507.4,494.0,505.55,7796400.0,34.51
2025-10-14,515.0,525.8,499.8,505.65,15420228.0,25.22
2025-10-15,509.0,516.1,506.35,513.2,6882125.0,36.9
2025-10-16,516.5,516.75,506.05,506.7,3256458.0,40.54
2025-10-17,509.2,510.55,495.3,500.25,8202471.0,36.12
2025-10-20,500.0,500.0,481.4,486.4,7340096.0,46.86
2025-10-21,487.25,489.35,482.0,483.85,2018621.0,58.82
2025-10-22,487.25,489.35,482.0,483.85,2018621.0,58.82
2025-10-23,482.75,487.9,477.3,482.15,7890661.0,56.8
2025-10-24,482.2,496.35,482.2,486.7,6837879.0,37.03
2025-10-27,489.0,489.6,481.8,482.3,3767112.0,57.66
2025-10-28,481.4,481.4,468.2,471.2,5637647.0,43.24
2025-10-29,474.7,486.25,473.5,483.6,4830935.0,31.61
2025-10-30,481.95,482.5,474.65,477.6,3047179.0,47.34
2025-10-31,479.9,481.25,475.55,476.5,1821466.0,42.22
2025-11-03,476.5,481.3,475.65,480.65,1981640.0,48.09
2025-11-04,479.15,480.15,470.0,473.35,2221861.0,54.08
2025-11-05,479.15,480.15,470.0,473.35,2221861.0,54.08
2025-11-06,472.0,474.0,466.0,467.2,1874384.0,41.36
2025-11-07,465.0,475.6,460.0,474.5,3011457.0,46.09
2025-11-10,477.0,486.75,476.05,484.6,4039654.0,36.08
2025-11-11,486.95,490.0,482.4,487.5,3280695.0,42.19
2025-11-12,489.35,490.4,481.2,481.9,1977730.0,46.23
2025-11-13,490.0,504.0,486.6,495.2,12867167.0,28.34
2025-11-14,495.0,497.4,482.5,487.05,3057432.0,40.58
2025-11-17,486.95,487.95,481.2,483.9,2199172.0,49.09
2025-11-18,480.0,480.95,468.2,475.95,6175474.0,52.04
2025-11-19,475.0,478.5,473.7,476.55,2595527.0,39.45
2025-11-20,476.85,480.35,471.1,472.15,1407005.0,43.59
2025-11-21,468.0,470.45,456.75,458.3,2368431.0,50.5
2025-11-24,458.3,460.6,453.5,454.0,1729282.0,51.03
2025-11-25,457.9,463.35,455.5,462.6,2226516.0,30.42
2025-11-26,465.0,470.9,463.2,470.25,2138803.0,47.31
2025-11-27,475.9,478.5,472.65,474.55,2611675.0,29.95
2025-11-28,478.05,489.2,476.9,485.2,5889839.0,32.19
2025-12-01,500.1,503.95,492.8,499.85,12744627.0,27.44
2025-12-02,499.85,501.55,494.4,495.65,4196609.0,42.32
2025-12-03,500.0,509.6,496.55,504.4,11256116.0,31.07
2025-12-04,504.95,508.2,493.2,496.75,5322624.0,42.68
2025-12-05,497.0,501.8,490.4,498.1,3027296.0,26.47
2025-12-08,498.1,501.95,487.0,490.45,2799520.0,38.34
2025-12-09,489.0,494.8,482.0,491.45,2767639.0,32.08
2025-12-10,503.5,516.6,501.3,512.65,21067651.0,31.95
2025-12-11,516.5,532.0,515.9,522.65,20968349.0,33.67
2025-12-12,533.0,567.45,532.35,561.65,39406555.0,21.72
2025-12-15,562.1,571.8,555.75,568.05,23289407.0,26.27
2025-12-16,564.0,572.95,556.15,567.7,9187083.0,25.26
2025-12-17,580.0,587.8,573.65,578.3,18632926.0,22.0
2025-12-18,581.9,594.35,576.85,592.15,15414612.0,33.37
2025-12-19,591.0,592.0,578.05,588.75,9490652.0,37.47
2025-12-22,601.25,610.55,597.0,606.5,12145672.0,32.68
2025-12-23,610.0,615.5,606.5,609.8,9277131.0,37.98
2025-12-24,619.0,631.9,617.95,624.85,13964315.0,24.59
2025-12-25,619.0,631.9,617.95,624.85,13964315.0,24.59
2025-12-26,645.0,646.5,634.0,636.85,13459241.0,30.05
2025-12-29,655.0,656.35,614.15,618.55,27992946.0,31.48
2025-12-30,615.0,630.0,613.05,625.3,11718688.0,31.02
2025-12-31,619.0,621.05,608.3,612.45,9599983.0,30.45
2026-01-01,610.55,617.0,605.2,611.95,4767635.0,29.21
2026-01-02,615.0,629.95,614.3,628.8,6324442.0,41.9
2026-01-05,636.7,638.8,621.35,628.6,6488033.0,34.68
2026-01-06,635.0,649.1,634.6,643.1,10451587.0,38.17
2026-01-07,649.1,650.75,628.2,630.0,8304312.0,38.61
2026-01-08,623.0,623.45,588.35,590.75,20818517.0,35.66
2026-01-09,588.15,612.2,588.15,606.45,10779863.0,18.96
2026-01-12,624.8,632.55,615.6,628.25,13671026.0,25.99
2026-01-13,634.0,636.8,623.7,629.85,7856745.0,26.58
2026-01-14,640.0,670.95,636.45,654.2,27694609.0,21.32
2026-01-15,640.0,670.95,636.45,654.2,27694609.0,21.32
2026-01-16,654.2,654.2,634.05,637.75,11412408.0,35.94
2026-01-19,650.0,667.35,648.45,660.4,16631601.0,20.93
2026-01-20,668.8,696.9,655.0,680.75,46014901.0,16.75
2026-01-21,682.0,701.0,680.75,697.55,29031895.0,27.94
2026-01-22,694.0,694.0,652.65,668.25,28204037.0,30.23
2026-01-23,695.0,710.0,688.05,698.7,32427217.0,23.33
2026-01-26,695.0,710.0,688.05,698.7,32427217.0,23.33
2026-01-27,733.0,733.0,710.5,727.2,25791996.0,33.58
2026-01-28,712.0,732.7,701.6,708.2,38182595.0,27.6
2026-01-29,695.25,719.8,695.25,715.2,52966214.0,34.7
2026-01-30,690.0,690.0,622.35,628.5,49436689.0,29.45
2026-02-02,565.0,614.0,560.35,610.1,37031059.0,29.27
2026-02-03,635.9,639.4,602.0,628.25,26990191.0,23.22
2026-02-04,635.0,643.95,632.15,639.25,10586353.0,25.23
2026-02-05,600.0,612.7,593.25,610.8,16770606.0,19.93
2026-02-06,595.0,610.8,594.0,608.95,11409412.0,24.66
2026-02-09,625.0,630.5,614.25,629.1,7574577.0,34.13
2026-02-10,632.0,632.45,613.3,617.7,7580536.0,29.66
2026-02-11,623.0,631.0,617.9,628.55,6425398.0,28.66
2026-02-12,629.95,634.0,621.35,623.7,4106081.0,31.21
2026-02-13,599.95,608.0,591.0,592.85,9424678.0,31.04
2026-02-16,585.95,596.3,582.6,594.1,4181298.0,32.91
2026-02-17,590.0,590.0,575.0,581.1,6472316.0,38.01
2026-02-18,580.0,589.8,576.8,585.25,4571121.0,29.47
2026-02-19,593.05,596.15,582.05,584.1,5544345.0,31.83
2026-02-20,586.25,591.5,582.5,589.35,5062307.0,48.56
2026-02-23,607.0,607.35,585.7,590.85,7862513.0,26.18
2026-02-24,593.0,600.95,588.5,597.35,4411001.0,33.78
2026-02-25,607.5,621.3,602.85,619.05,10715612.0,40.22
2026-02-26,620.5,620.5,608.15,609.8,4592362.0,42.96
2026-02-27,615.0,617.6,601.0,603.8,4662433.0,37.28
2026-03-02,606.0,624.8,605.0,617.65,10978219.0,31.33
2026-03-03,606.0,624.8,605.0,617.65,10978219.0,31.33
2026-03-04,604.8,604.8,586.0,591.25,7458538.0,43.99
2026-03-05,594.7,607.9,592.0,595.65,5319825.0,34.03
2026-03-06,595.0,596.8,585.2,586.85,2899680.0,34.58
2026-03-09,572.0,578.9,566.5,575.0,6304945.0,37.78
2026-03-10,585.0,591.0,580.05,589.95,3581854.0,33.56
2026-03-11,590.0,602.0,585.5,587.6,4838138.0,25.67
2026-03-12,584.0,585.65,568.85,583.0,4378868.0,36.68
2026-03-13,578.0,581.15,545.55,551.95,6884706.0,37.2
2026-03-16,548.0,551.9,529.6,533.85,7774885.0,41.67
2026-03-17,539.0,548.0,534.15,546.35,4636685.0,36.43
2026-03-18,538.8,540.8,529.35,537.6,6387274.0,31.75
2026-03-19,524.0,524.95,503.65,506.15,10748632.0,46.63
2026-03-20,511.95,526.5,510.7,514.75,10046753.0,52.15
2026-03-23,499.35,499.5,484.0,487.65,9206594.0,38.35
2026-03-24,499.0,501.55,484.75,497.05,8285874.0,30.15
2026-03-25,511.0,521.4,510.75,517.7,8498265.0,28.54
2026-03-26,511.0,521.4,510.75,517.7,8498265.0,28.54
2026-03-27,506.95,520.0,505.0,509.7,6322713.0,42.2
2026-03-30,507.2,515.7,497.4,502.15,6642010.0,46.37
2026-03-31,507.2,515.7,497.4,502.15,6642010.0,46.37
2026-04-01,520.0,530.95,516.55,524.45,6207649.0,35.24
2026-04-02,510.0,518.4,503.35,515.75,4387980.0,31.54
2026-04-03,510.0,518.4,503.35,515.75,4387980.0,31.54
2026-04-06,515.75,527.5,514.55,526.05,4964299.0,30.83
2026-04-07,523.0,541.5,519.1,538.75,6126013.0,46.59
2026-04-08,560.3,568.35,552.75,559.35,6904276.0,48.34
2026-04-09,554.25,563.9,546.95,558.5,3021130.0,38.27
2026-04-10,565.2,568.0,557.0,564.6,3922334.0,42.93
2026-04-13,550.05,565.0,550.0,562.55,2766771.0,42.59
2026-04-14,550.05,565.0,550.0,562.55,2766771.0,42.59
2026-04-15,582.3,593.95,574.2,580.5,7750446.0,36.32
2026-04-16,589.0,602.95,585.1,592.5,7726706.0,35.96
2026-04-17,595.0,595.0,581.3,592.3,3006129.0,29.15
2026-04-20,592.3,594.0,579.1,590.3,4194322.0,45.68
2026-04-21,594.0,596.75,587.3,588.5,3423825.0,49.74
2026-04-22,595.0,607.9,586.2,604.75,7130375.0,34.78
2026-04-23,605.0,605.0,590.7,592.1,4804398.0,48.46
2026-04-24,594.0,598.5,572.8,588.5,13298013.0,28.38
2026-04-27,606.2,633.3,594.35,628.0,20875698.0,32.8
2026-04-28,629.0,631.6,613.3,616.1,6908389.0,48.35
2026-04-29,616.1,621.9,606.1,613.05,7983106.0,49.77
2026-04-30,602.6,603.4,583.35,595.95,6646054.0,44.94
2026-05-01,602.6,603.4,583.35,595.95,6646054.0,44.94
2026-05-04,600.15,612.0,597.8,605.55,5258525.0,45.21
2026-05-05,600.0,614.3,597.3,611.25,4650058.0,46.53
2026-05-06,620.0,638.5,616.5,634.6,10151710.0,47.69
2026-05-07,644.9,645.65,634.6,636.55,7886637.0,42.23
2026-05-08,634.75,642.5,629.15,635.1,3564594.0,41.73
2026-05-11,631.0,638.0,626.3,629.1,3838263.0,33.61
2026-05-12,647.0,653.25,639.2,641.9,12959003.0,31.46
2026-05-13,660.0,676.8,659.95,667.1,12976174.0,26.58
2026-05-14,674.0,678.25,664.0,669.25,6362142.0,38.49
2026-05-15,659.95,659.95,632.15,637.8,8677803.0,42.93
2026-05-18,625.0,637.95,619.25,636.5,5531862.0,35.08
2026-05-19,637.0,638.55,625.6,632.6,3473965.0,37.66
2026-05-20,622.5,632.75,615.5,630.45,4747014.0,38.42
2026-05-21,634.0,638.0,625.6,628.05,4109787.0,56.02
2026-05-22,631.8,643.6,629.9,632.25,3870439.0,42.2
2026-05-25,640.0,642.4,633.2,634.5,3122036.0,49.76
2026-05-26,631.9,648.4,629.65,647.4,7893675.0,54.43
2026-05-27,650.1,659.85,647.45,648.85,4473837.0,39.62
2026-05-28,650.1,659.85,647.45,648.85,4473837.0,39.62
2026-05-29,652.95,656.25,630.0,632.95,4146682.0,53.5
2026-06-01,635.95,639.95,624.5,626.25,2422723.0,40.64
2026-06-02,630.0,631.5,616.65,625.1,4944548.0,36.98
2026-06-03,622.0,628.0,607.25,610.55,3429070.0,46.46
2026-06-04,609.0,613.3,601.75,603.85,2045867.0,47.71
2026-06-05,605.0,605.55,564.0,566.8,10696453.0,39.68
2026-06-08,555.0,568.95,554.0,556.0,3992032.0,30.49
2026-06-09,557.0,572.75,556.4,563.65,2919999.0,40.92
2026-06-10,554.65,554.85,541.25,547.55,7206504.0,35.5
2026-06-11,534.5,554.4,534.45,545.0,3678148.0,31.55
2026-06-12,560.95,565.0,555.1,559.9,2992652.0,36.78
2026-06-15,571.0,579.35,562.4,563.85,5046258.0,41.7
2026-06-16,565.0,566.9,557.45,564.3,2663318.0,38.62
2026-06-17,564.3,574.05,561.0,572.55,3938599.0,49.9
2026-06-18,568.0,573.5,565.05,571.45,3964141.0,56.93
2026-06-19,563.0,565.3,552.55,563.55,3550093.0,44.61
2026-06-22,565.0,576.15,563.15,573.2,2539193.0,49.2
2026-06-23,561.5,564.05,544.0,546.8,5514428.0,45.39
2026-06-24,541.0,546.8,535.3,541.95,4019132.0,52.69
2026-06-25,528.0,531.1,516.85,518.05,7705339.0,55.74
2026-06-26,528.0,531.1,516.85,518.05,7705339.0,55.74
2026-06-29,518.05,528.85,518.05,525.5,3491577.0,54.92
2026-06-30,525.4,535.0,517.35,533.15,4929851.0,53.84
2026-07-01,532.05,532.85,520.65,524.4,3207622.0,47.85
2026-07-02,528.1,533.0,525.95,528.7,2287077.0,38.91
2026-07-03,539.2,544.8,535.0,536.55,3981176.0,29.68
2026-07-06,539.4,545.0,537.8,540.35,3312152.0,56.49
2026-07-07,536.7,538.5,529.65,531.1,3458391.0,46.49
2026-07-08,522.4,544.05,522.0,530.3,4857478.0,36.0
2026-07-09,528.0,531.45,523.1,528.5,2041649.0,34.81
2026-07-10,536.0,544.2,535.15,536.95,3938725.0,41.37
2026-07-13,527.95,534.7,526.15,532.6,1839570.0,46.93
2026-07-14,529.95,536.5,526.25,527.9,3181142.0,44.65
2026-07-15,532.0,536.5,527.15,527.75,3173632.0,60.63
2026-07-16,530.0,530.9,521.1,521.95,1848163.0,42.53
2026-07-17,520.0,520.3,514.95,518.35,2356602.0,44.54
2026-07-20,519.0,530.25,518.35,522.65,2385114.0,47.5
2026-07-21,526.95,536.4,524.25,534.4,3103362.0,40.2
2026-07-22,537.0,541.0,531.25,535.4,2416820.0,47.68
2026-07-23,535.85,541.3,530.1,531.15,2075073.0,40.53
2026-07-24,528.0,534.4,522.45,531.95,5497135.0,26.15
2026-07-27,541.05,541.6,528.0,529.65,4726406.0,42.9
2026-07-28,530.05,530.9,524.0,526.9,2197571.0,47.77
2026-07-29,529.8,541.1,527.3,536.7,2538802.0,54.82
2026-07-30,539.65,542.0,531.3,535.9,2928457.0,56.9
2026-07-31,536.05,543.9,535.35,539.2,4198309.0,58.15
2026-08-03,543.6,550.45,541.45,547.0,2640411.0,47.18
2026-08-04,550.0,564.0,546.55,562.9,5784368.0,41.74
2026-08-05,570.0,598.5,568.0,596.95,13488635.0,46.26
2026-08-06,604.25,606.2,587.45,590.0,6577691.0,28.4
2026-08-07,593.0,605.85,590.05,603.0,6362181.0,40.62
2026-08-10,606.0,608.4,593.05,595.15,5105932.0,46.57
2026-08-11,599.0,607.0,584.0,586.65,5163720.0,41.48
2026-08-12,589.95,597.8,576.5,584.6,7584733.0,40.82
2026-08-13,584.6,594.65,574.0,578.35,3728417.0,38.77
2026-08-14,575.0,575.0,557.8,561.9,4702210.0,35.06
2026-08-19,550.0,561.9,548.8,557.0,3683890.0,46.06
2026-08-20,570.0,575.0,566.75,573.9,6427834.0,39.1
2026-08-21,582.0,598.5,579.6,594.9,14189716.0,31.11
2026-08-24,595.95,614.2,592.85,604.0,12772617.0,51.91
2026-08-25,600.0,600.6,586.85,592.6,9509559.0,34.06
2026-08-26,605.0,632.0,600.15,626.5,19983225.0,22.89
2026-08-27,629.5,631.4,610.05,610.1,4838968.0,36.3
2026-08-28,615.7,624.35,607.8,622.0,6227595.0,40.87
2026-08-31,602.9,602.9,592.0,595.45,8585078.0,37.18
2026-09-01,604.15,608.95,593.05,597.0,5675069.0,44.16
