,Open,High,Low,Close,Volume,DeliveryPct
2016-08-22,231.0,231.0,222.3,223.8,773781.0,
2016-08-23,225.0,233.0,219.15,228.65,1388941.0,
2016-08-24,229.8,234.5,225.75,228.35,1061589.0,
2016-08-25,230.0,231.2,220.1,223.8,651480.0,
2016-08-26,223.25,226.95,221.05,222.6,428205.0,
2016-08-29,222.6,228.3,219.9,225.05,607093.0,
2016-08-30,225.0,231.5,224.0,229.1,827407.0,
2016-08-31,229.8,230.9,223.0,224.95,541528.0,
2016-09-01,224.0,229.85,219.3,223.6,482133.0,
2016-09-02,223.65,224.5,215.0,219.45,392782.0,
2016-09-06,221.45,240.65,221.0,235.1,1370997.0,
2016-09-07,236.7,242.0,231.0,233.5,1641621.0,
2016-09-08,234.0,240.5,233.0,234.75,634522.0,
2016-09-09,235.4,236.0,227.0,228.65,454957.0,
2016-09-12,223.0,223.4,215.0,216.55,639730.0,
2016-09-14,217.0,223.45,216.0,218.55,488165.0,
2016-09-15,222.0,222.0,212.1,214.4,319725.0,
2016-09-16,216.8,220.65,213.0,216.95,605730.0,
2016-09-19,217.2,220.75,215.45,216.6,290464.0,
2016-09-20,216.6,218.4,215.8,216.5,193067.0,
2016-09-21,216.0,218.8,213.5,214.15,236001.0,
2016-09-22,218.05,220.05,215.5,216.6,206790.0,
2016-09-23,217.1,217.2,213.0,213.8,143062.0,
2016-09-26,214.55,216.5,208.2,209.2,355967.0,
2016-09-27,210.0,210.85,204.65,206.9,321901.0,
2016-09-28,208.75,235.5,206.6,227.7,1559454.0,
2016-09-29,230.5,235.75,206.0,209.9,1181434.0,
2016-09-30,210.0,216.25,207.55,211.1,617101.0,
2016-10-03,214.3,229.75,213.2,223.8,1382954.0,
2016-10-04,222.35,227.15,219.1,223.85,915925.0,
2016-10-05,224.0,227.75,221.1,222.3,466995.0,
2016-10-06,222.0,224.9,213.2,216.85,389166.0,
2016-10-07,217.7,225.2,217.0,220.85,478620.0,
2016-10-10,222.0,222.25,215.1,215.65,224954.0,
2016-10-13,214.95,217.65,207.65,208.8,495274.0,
2016-10-14,210.0,213.45,208.95,210.2,325797.0,
2016-10-17,214.0,214.0,206.5,209.1,311243.0,
2016-10-18,207.5,213.55,207.5,211.75,269202.0,
2016-10-19,213.2,223.65,212.15,220.75,590064.0,
2016-10-20,222.1,228.45,222.1,225.25,575392.0,
2016-10-21,223.55,228.1,221.3,225.3,215647.0,
2016-10-24,224.2,237.6,224.2,229.85,932810.0,
2016-10-25,231.35,231.85,225.1,227.9,175318.0,
2016-10-26,226.95,231.4,223.5,224.75,236717.0,
2016-10-27,224.75,224.75,214.4,218.1,237529.0,
2016-10-28,218.15,235.6,218.15,232.5,584935.0,
2016-11-01,227.0,234.25,226.1,226.85,222120.0,
2016-11-02,225.7,225.7,218.1,219.75,297025.0,
2016-11-03,218.15,225.0,206.8,210.3,419360.0,
2016-11-04,214.05,215.0,201.55,206.0,388119.0,
2016-11-07,213.0,214.0,208.6,210.0,244174.0,
2016-11-08,212.9,217.5,211.1,216.0,295857.0,
2016-11-09,200.0,230.8,185.0,226.9,1283193.0,
2016-11-10,235.0,272.0,233.0,268.35,3856495.0,
2016-11-11,260.9,276.4,245.3,250.5,2181149.0,
2016-11-15,251.55,261.9,238.95,250.7,1333243.0,
2016-11-16,255.7,259.8,240.65,243.1,645750.0,
2016-11-17,243.0,252.0,243.0,247.85,607474.0,
2016-11-18,248.0,267.5,245.25,261.9,1504819.0,
2016-11-21,264.0,266.7,247.15,250.05,677963.0,
2016-11-22,256.9,256.9,235.0,247.25,1149550.0,
2016-11-23,250.45,252.0,243.1,245.0,700649.0,
2016-11-24,240.5,246.9,238.0,239.15,570364.0,
2016-11-25,241.45,246.0,240.55,242.1,356772.0,
2016-11-28,237.7,248.0,232.2,241.95,407321.0,
2016-11-29,241.05,247.5,239.5,240.75,366962.0,
2016-11-30,240.0,255.1,240.0,253.75,764786.0,
2016-12-01,256.5,257.5,245.6,246.95,437528.0,
2016-12-02,245.9,252.0,242.1,243.55,454041.0,
2016-12-05,243.0,248.0,240.2,241.4,325033.0,
2016-12-06,243.2,248.0,239.15,240.7,322490.0,
2016-12-07,243.0,247.9,237.35,241.8,545855.0,
2016-12-08,243.15,245.45,242.5,244.3,222875.0,
2016-12-09,245.0,250.9,243.0,244.65,390995.0,
2016-12-12,245.9,245.9,239.45,240.35,187725.0,
2016-12-13,241.5,247.5,238.0,245.4,2057567.0,
2016-12-14,248.0,248.0,238.85,240.4,152038.0,
2016-12-15,237.0,244.95,237.0,241.45,162434.0,
2016-12-16,241.1,244.0,230.0,231.3,328477.0,
2016-12-19,230.95,232.7,228.2,229.15,165875.0,
2016-12-20,228.25,232.0,218.0,219.55,287169.0,
2016-12-21,222.3,222.95,210.3,212.0,334291.0,
2016-12-22,210.0,211.4,200.2,200.9,513056.0,
2016-12-23,201.0,211.0,196.5,209.45,806908.0,
2016-12-26,206.1,208.1,201.0,202.3,302611.0,
2016-12-27,203.55,211.0,201.7,209.85,399466.0,
2016-12-28,210.0,216.4,209.6,213.85,414874.0,
2016-12-29,211.65,217.9,211.55,216.85,257804.0,
2016-12-30,216.9,223.95,216.1,220.85,346779.0,
2017-01-02,221.5,224.5,218.95,222.6,275744.0,
2017-01-03,222.9,231.0,219.1,224.0,421023.0,
2017-01-04,224.65,229.45,224.0,225.7,270804.0,
2017-01-05,229.3,231.0,226.95,227.55,187488.0,
2017-01-06,227.55,244.6,227.55,234.15,1027757.0,
2017-01-09,236.1,238.5,232.55,234.95,248153.0,
2017-01-10,236.0,237.6,233.65,235.4,169018.0,
2017-01-11,237.0,251.9,236.2,248.95,957674.0,
2017-01-12,250.05,251.95,242.2,249.55,448336.0,
2017-01-13,248.7,251.25,245.0,246.8,237951.0,
2017-01-16,245.0,250.0,243.5,247.8,189307.0,
2017-01-17,246.75,250.5,245.5,246.95,156350.0,
2017-01-18,246.95,250.25,246.9,248.4,177959.0,
2017-01-19,248.95,251.0,246.7,249.8,265300.0,
2017-01-20,249.0,250.7,243.2,244.35,149607.0,
2017-01-23,244.65,251.9,242.0,246.85,329372.0,
2017-01-24,248.5,260.0,248.5,257.6,489890.0,
2017-01-25,260.0,279.0,259.1,272.4,3076716.0,
2017-01-27,273.75,274.5,265.0,267.35,541573.0,
2017-01-30,268.2,277.8,268.2,272.25,838466.0,
2017-01-31,271.9,279.0,265.55,272.25,469479.0,
2017-02-01,272.25,277.1,270.0,273.65,512421.0,
2017-02-02,274.45,288.65,271.0,281.95,1045872.0,
2017-02-03,283.45,292.0,281.0,290.85,894940.0,
2017-02-06,293.0,298.7,290.05,292.05,625047.0,
2017-02-07,292.2,294.85,287.2,292.4,345559.0,
2017-02-08,292.4,307.0,282.35,298.5,648762.0,
2017-02-09,310.0,310.0,295.0,304.1,756413.0,
2017-02-10,302.55,307.95,301.3,303.2,303507.0,
2017-02-13,301.75,304.0,283.1,288.0,579252.0,
2017-02-14,288.0,293.95,285.0,286.95,314905.0,
2017-02-15,286.95,289.35,274.1,278.25,358225.0,
2017-02-16,278.1,290.8,278.1,289.45,358628.0,
2017-02-17,290.0,296.0,289.95,291.0,273636.0,
2017-02-20,291.25,294.9,288.15,290.25,174881.0,
2017-02-21,290.55,294.3,286.55,291.65,153442.0,
2017-02-22,290.15,294.5,288.2,289.1,143118.0,
2017-02-23,289.4,293.45,288.35,291.05,167676.0,
2017-02-27,291.0,297.8,284.15,293.8,276431.0,
2017-02-28,292.05,297.0,287.0,288.5,423915.0,
2017-03-01,289.9,295.0,284.85,287.7,445072.0,
2017-03-02,290.0,291.75,278.1,279.85,225320.0,
2017-03-03,279.7,289.45,276.65,286.25,300966.0,
2017-03-06,287.5,288.45,283.1,285.05,107573.0,
2017-03-07,286.0,289.45,282.1,283.5,147122.0,
2017-03-08,283.0,286.5,279.0,279.65,128415.0,
2017-03-09,279.4,282.0,269.9,271.0,342568.0,
2017-03-10,273.0,275.9,265.35,267.1,227565.0,
2017-03-14,273.5,277.2,271.0,275.25,341203.0,
2017-03-15,275.65,280.25,272.0,273.7,299868.0,
2017-03-16,276.0,280.0,276.0,277.95,190752.0,
2017-03-17,277.0,286.05,277.0,284.95,363251.0,
2017-03-20,285.25,286.5,268.4,270.05,1076917.0,
2017-03-21,271.5,273.95,261.0,265.55,469019.0,
2017-03-22,264.0,265.05,256.75,257.65,496048.0,
2017-03-23,261.0,264.5,260.35,261.2,397770.0,
2017-03-24,263.1,270.85,261.5,263.1,994283.0,
2017-03-27,263.05,268.4,261.8,264.1,314103.0,
2017-03-28,267.85,267.85,264.5,265.5,242543.0,
2017-03-29,266.5,270.85,262.1,263.55,1272493.0,
2017-03-30,265.0,268.05,262.55,264.2,299156.0,
2017-03-31,266.9,283.3,266.1,278.25,2071588.0,
2017-04-03,280.0,282.9,279.3,280.95,435590.0,
2017-04-05,281.0,286.2,279.0,283.0,659917.0,
2017-04-06,283.95,285.45,280.6,281.4,458728.0,
2017-04-07,280.6,281.85,269.3,270.25,964711.0,
2017-04-10,270.5,272.25,264.5,270.35,807500.0,
2017-04-11,270.4,278.0,270.2,274.35,651522.0,
2017-04-12,276.0,276.0,262.25,263.25,1257309.0,
2017-04-13,262.5,271.3,259.3,263.6,1241335.0,
2017-04-17,263.0,265.0,257.9,258.3,617895.0,
2017-04-18,259.8,267.0,256.45,257.5,712182.0,
2017-04-19,258.5,261.25,251.45,253.3,742868.0,
2017-04-20,254.6,259.8,254.0,257.25,583872.0,
2017-04-21,259.5,262.85,258.1,260.1,582985.0,
2017-04-24,261.0,288.65,261.0,285.1,3799128.0,
2017-04-25,289.0,318.4,279.35,309.85,16190823.0,
2017-04-26,312.0,316.8,302.55,306.9,4084915.0,
2017-04-27,307.25,315.8,307.25,314.25,2415703.0,
2017-04-28,315.0,325.75,313.1,319.1,2850622.0,
2017-05-02,321.75,321.9,313.8,319.9,1149046.0,
2017-05-03,323.05,340.7,317.25,335.75,3535693.0,
2017-05-04,336.1,351.55,336.05,347.95,2516162.0,
2017-05-05,348.9,354.9,330.1,336.5,2485852.0,
2017-05-08,338.95,358.7,334.0,353.35,2337513.0,
2017-05-09,354.0,356.8,340.65,348.6,1725142.0,
2017-05-10,349.0,360.9,348.0,353.15,1899123.0,
2017-05-11,354.0,359.9,352.3,356.45,1154992.0,
2017-05-12,356.5,357.7,349.3,354.3,603911.0,
2017-05-15,354.5,363.6,352.1,358.75,943244.0,
2017-05-16,356.0,365.0,353.65,361.75,992149.0,
2017-05-17,362.4,362.95,356.55,358.8,560983.0,
2017-05-18,354.0,359.0,349.4,352.3,715427.0,
2017-05-19,354.0,358.4,343.05,344.5,909627.0,
2017-05-22,347.4,349.9,327.3,332.25,843179.0,
2017-05-23,334.0,336.0,309.05,324.8,1979893.0,
2017-05-24,325.25,330.5,318.1,323.4,674453.0,
2017-05-25,326.4,332.8,322.5,331.25,704856.0,
2017-05-26,334.9,336.0,323.5,326.05,651966.0,
2017-05-29,324.0,330.9,315.0,316.6,755188.0,
2017-05-30,312.05,324.5,310.95,316.2,961161.0,
2017-05-31,318.25,322.05,314.25,316.35,699328.0,
2017-06-01,319.2,329.8,313.0,324.05,1612115.0,
2017-06-02,321.2,324.7,314.8,318.0,1497982.0,
2017-06-05,318.1,322.95,315.15,316.25,1062133.0,
2017-06-06,316.6,319.7,307.75,310.75,610973.0,
2017-06-07,311.05,316.0,310.5,314.1,1017888.0,
2017-06-08,315.3,316.5,307.2,308.3,868267.0,
2017-06-09,308.3,311.7,306.0,307.0,492084.0,
2017-06-12,306.1,306.15,295.25,296.85,868014.0,
2017-06-13,296.95,303.0,296.85,299.2,567012.0,
2017-06-14,302.0,307.8,296.2,306.05,1031940.0,
2017-06-15,304.45,311.4,302.0,309.2,1214547.0,
2017-06-16,309.05,312.4,305.9,307.7,518869.0,
2017-06-19,309.55,317.5,306.45,308.35,1119683.0,
2017-06-20,308.5,310.5,298.7,301.2,1031875.0,
2017-06-21,301.0,305.0,297.45,300.7,1166032.0,
2017-06-22,302.0,304.65,297.05,298.4,485762.0,
2017-06-23,298.4,298.6,286.0,289.2,1129763.0,
2017-06-27,289.0,289.0,274.15,275.85,1475221.0,
2017-06-28,270.0,284.6,269.0,281.8,1977684.0,
2017-06-29,284.0,287.0,277.95,280.15,1316971.0,
2017-06-30,281.1,283.65,278.05,282.5,1008379.0,
2017-07-03,282.6,288.4,280.05,286.05,715943.0,
2017-07-04,287.4,288.45,281.75,282.9,432336.0,
2017-07-05,285.0,285.5,279.4,280.1,768721.0,
2017-07-06,280.9,316.45,280.9,303.9,4679332.0,
2017-07-07,300.3,306.45,296.7,299.1,1528442.0,
2017-07-10,314.05,329.0,293.05,307.0,416733.0,
2017-07-11,308.0,308.7,294.95,296.2,794713.0,
2017-07-12,296.4,308.0,293.2,306.35,1032129.0,
2017-07-13,309.8,309.8,303.1,304.55,640104.0,
2017-07-14,303.5,317.4,303.5,316.2,2808002.0,
2017-07-17,317.0,323.75,314.0,317.35,1471130.0,
2017-07-18,315.25,325.65,312.5,318.85,1760288.0,
2017-07-19,321.8,334.2,320.25,329.75,2021063.0,
2017-07-20,332.0,334.5,327.3,330.4,1613089.0,
2017-07-21,332.9,339.3,325.5,328.95,5323329.0,
2017-07-24,328.65,333.5,320.1,322.5,1561738.0,
2017-07-25,323.0,326.95,320.1,321.3,1353380.0,
2017-07-26,321.8,323.8,314.4,314.9,991387.0,
2017-07-27,315.25,319.9,309.0,309.8,874407.0,
2017-07-28,309.75,313.75,306.25,308.5,1368949.0,
2017-07-31,309.0,317.0,307.9,313.35,1704915.0,
2017-08-01,315.0,315.4,304.1,306.55,1237908.0,
2017-08-02,308.45,316.45,306.85,311.55,1701074.0,
2017-08-03,310.9,310.9,296.7,298.6,1145961.0,
2017-08-04,298.5,305.0,295.0,304.2,918545.0,
2017-08-07,304.0,307.4,303.5,304.8,722067.0,
2017-08-08,305.0,307.2,297.15,300.4,547721.0,
2017-08-09,299.8,301.4,294.05,296.2,808081.0,
2017-08-10,294.8,296.3,268.0,273.85,932333.0,
2017-08-11,272.8,285.3,262.7,279.85,1939289.0,
2017-08-14,284.35,296.75,282.8,293.9,915826.0,
2017-08-16,296.8,297.5,287.15,295.3,1230227.0,
2017-08-17,291.55,306.95,291.55,304.65,1423081.0,
2017-08-18,298.2,309.0,297.95,304.1,1330340.0,
2017-08-21,304.1,307.3,296.0,296.9,446851.0,
2017-08-22,298.5,303.1,288.45,290.15,1044992.0,
2017-08-23,293.4,300.9,293.0,298.4,1245249.0,
2017-08-24,299.0,299.9,293.25,294.95,1481670.0,
2017-08-28,298.15,298.45,292.9,293.95,715275.0,
2017-08-29,294.25,296.75,288.0,289.5,633505.0,
2017-08-30,291.6,294.25,289.75,290.3,760461.0,
2017-08-31,292.0,293.05,285.3,286.4,1230289.0,
2017-09-01,290.5,295.75,288.0,290.95,1362044.0,
2017-09-04,290.0,292.3,283.05,284.85,972712.0,
2017-09-05,285.8,289.7,284.9,285.4,1289875.0,
2017-09-06,285.45,286.65,282.75,283.85,962447.0,
2017-09-07,284.9,286.85,277.1,278.55,1676499.0,
2017-09-08,280.05,283.9,271.75,272.4,882408.0,
2017-09-11,278.3,282.8,274.5,280.55,887451.0,
2017-09-12,283.0,287.4,281.5,282.7,982981.0,
2017-09-13,284.85,288.3,282.8,283.75,642625.0,
2017-09-14,284.95,286.85,279.5,284.15,695142.0,
2017-09-15,284.0,285.4,281.0,283.2,551248.0,
2017-09-18,284.05,289.8,284.05,285.15,458306.0,
2017-09-19,285.0,288.0,281.05,285.1,507182.0,
2017-09-20,285.5,287.8,280.9,283.75,531418.0,
2017-09-21,283.9,286.0,275.0,281.5,831043.0,
2017-09-22,281.5,281.5,270.3,271.9,857858.0,
2017-09-25,271.0,271.05,259.2,264.3,996183.0,
2017-09-26,263.7,267.4,262.0,263.55,912504.0,
2017-09-27,264.0,266.9,255.0,256.3,565121.0,
2017-09-28,256.0,262.8,253.05,258.8,882965.0,
2017-09-29,259.0,264.6,259.0,261.25,544644.0,
2017-10-03,263.0,264.95,258.1,263.05,461602.0,
2017-10-04,263.5,270.9,261.8,267.3,718199.0,
2017-10-05,268.5,271.5,266.1,267.4,410079.0,
2017-10-06,267.7,274.8,267.65,269.9,519590.0,
2017-10-09,269.8,273.6,268.6,271.3,297076.0,
2017-10-10,271.5,279.7,270.8,276.55,485234.0,
2017-10-11,276.8,281.55,269.0,270.75,711436.0,
2017-10-12,272.0,274.1,265.05,272.6,532957.0,
2017-10-13,270.9,277.0,270.2,273.05,761940.0,
2017-10-16,273.05,275.8,269.65,270.9,480240.0,
2017-10-17,269.8,275.0,268.2,271.25,746147.0,
2017-10-18,271.0,271.1,262.25,263.1,757310.0,
2017-10-19,264.65,264.9,255.05,258.05,197745.0,
2017-10-23,259.0,265.25,258.0,264.1,854137.0,
2017-10-24,265.0,274.7,262.7,270.25,994720.0,
2017-10-25,288.0,333.8,288.0,327.2,9885394.0,
2017-10-26,326.0,355.85,310.25,319.3,3841076.0,
2017-10-27,322.0,322.65,305.2,306.45,1093654.0,
2017-10-30,306.05,326.95,304.45,324.35,2173434.0,
2017-10-31,326.25,326.3,312.15,314.8,1071896.0,
2017-11-01,317.5,327.5,317.5,323.2,1269327.0,
2017-11-02,322.8,340.55,319.05,335.95,1739612.0,
2017-11-03,336.6,350.0,335.0,347.2,1891369.0,
2017-11-06,348.0,384.8,347.4,377.3,10749494.0,
2017-11-07,379.2,379.95,358.0,362.35,3140722.0,
2017-11-08,364.5,378.5,360.1,370.45,3079135.0,
2017-11-09,372.7,406.0,372.0,401.5,6729838.0,
2017-11-10,400.0,411.65,392.8,405.4,4448319.0,
2017-11-13,407.9,417.75,399.6,407.0,2541095.0,
2017-11-14,406.45,411.0,399.75,400.9,1637505.0,
2017-11-15,403.25,408.15,386.1,391.3,1962144.0,
2017-11-16,395.05,414.75,385.55,412.55,2929291.0,
2017-11-17,424.3,427.4,410.4,412.55,2775465.0,
2017-11-20,410.7,419.8,407.8,417.6,1206640.0,
2017-11-21,417.0,420.7,406.8,409.8,1125898.0,
2017-11-22,412.6,418.9,405.4,415.4,1583328.0,
2017-11-23,414.0,416.8,406.15,411.5,941057.0,
2017-11-24,412.9,420.95,407.5,411.7,1586119.0,
2017-11-27,403.15,418.35,402.1,413.1,1338200.0,
2017-11-28,413.0,415.95,401.5,403.1,1713396.0,
2017-11-29,403.1,408.5,400.75,404.7,1433056.0,
2017-11-30,403.9,404.0,389.2,392.65,3112963.0,
2017-12-01,394.0,403.5,388.1,391.55,1832578.0,
2017-12-04,393.0,394.8,380.25,384.1,1494836.0,
2017-12-05,382.5,389.85,378.0,387.4,1022191.0,
2017-12-06,386.8,389.9,377.1,379.35,930120.0,
2017-12-07,379.75,385.45,379.75,383.7,778922.0,
2017-12-08,385.0,389.75,380.95,384.9,683531.0,
2017-12-11,386.5,395.0,384.35,387.25,1149067.0,
2017-12-12,387.9,387.9,373.1,375.1,819156.0,
2017-12-13,375.0,381.0,370.85,374.05,1152045.0,
2017-12-14,374.5,377.8,367.75,373.55,722040.0,
2017-12-15,380.0,386.0,375.6,383.1,914116.0,
2017-12-18,380.35,396.5,362.0,389.55,1998018.0,
2017-12-19,391.9,394.95,390.3,391.8,735746.0,
2017-12-20,393.7,398.9,389.75,392.25,1171964.0,
2017-12-21,392.25,397.8,389.5,391.4,728865.0,
2017-12-22,392.2,398.5,390.0,391.8,770150.0,
2017-12-26,391.7,391.7,386.55,388.25,533393.0,
2017-12-27,388.0,393.4,381.1,385.6,467904.0,
2017-12-28,385.9,387.85,377.9,380.25,592172.0,
2017-12-29,380.0,385.0,375.4,376.7,670416.0,
2018-01-01,379.7,382.0,376.0,377.15,343125.0,
2018-01-02,376.25,379.9,372.25,375.55,556896.0,
2018-01-03,375.0,378.95,371.4,373.2,813917.0,
2018-01-04,374.0,383.05,371.35,380.15,1146187.0,
2018-01-05,383.5,384.75,376.5,379.25,750983.0,
2018-01-08,380.9,383.0,378.1,380.7,772552.0,
2018-01-09,381.0,385.8,375.7,377.95,460352.0,
2018-01-10,376.95,379.2,371.0,373.45,768888.0,
2018-01-11,371.0,376.5,368.55,370.9,609380.0,
2018-01-12,367.15,375.65,367.15,374.25,1295418.0,
2018-01-15,374.1,385.0,374.0,382.3,1177986.0,
2018-01-16,384.0,384.5,368.15,370.0,743640.0,
2018-01-17,369.3,387.65,365.05,386.2,1240978.0,
2018-01-18,393.2,394.35,371.45,376.6,1170552.0,
2018-01-19,376.9,385.85,372.25,381.25,727977.0,
2018-01-22,381.7,384.85,376.1,382.05,512874.0,
2018-01-23,382.0,400.95,380.4,397.6,1576073.0,
2018-01-24,396.8,406.0,391.2,403.1,2195665.0,
2018-01-25,399.95,399.95,375.35,377.75,2689763.0,
2018-01-29,381.0,381.35,368.1,369.15,678303.0,
2018-01-30,368.0,374.5,365.8,368.55,940081.0,
2018-01-31,368.65,372.9,357.35,362.6,802290.0,
2018-02-01,362.0,367.8,349.0,353.6,942302.0,
2018-02-02,345.0,358.0,335.4,340.3,1255776.0,
2018-02-05,334.7,346.4,327.05,340.1,801237.0,
2018-02-06,328.0,333.8,312.0,327.85,1267150.0,
2018-02-07,335.0,336.75,326.05,330.35,1127283.0,
2018-02-08,328.9,342.5,328.5,340.45,864336.0,
2018-02-09,333.0,343.75,330.35,339.4,526269.0,
2018-02-12,345.0,364.9,343.8,357.35,4081209.0,
2018-02-14,357.0,360.5,347.25,349.35,1575348.0,
2018-02-15,348.0,354.05,340.25,345.35,1755556.0,
2018-02-16,345.35,350.0,335.2,336.95,860437.0,
2018-02-19,330.0,337.0,309.5,315.35,2986100.0,
2018-02-20,310.0,329.9,304.6,327.7,2598980.0,
2018-02-21,331.0,332.7,316.5,326.45,1961660.0,
2018-02-22,324.0,329.0,318.0,319.5,1686698.0,
2018-02-23,322.0,324.95,316.45,318.0,1260148.0,
2018-02-26,320.55,326.5,311.75,324.1,1405766.0,
2018-02-27,322.0,324.0,310.45,311.65,1172892.0,
2018-02-28,307.0,334.9,300.1,331.1,4293602.0,
2018-03-01,328.05,333.25,315.05,317.25,2710444.0,
2018-03-05,313.65,318.3,303.0,305.75,2098397.0,
2018-03-06,309.75,313.5,284.0,290.2,2122710.0,
2018-03-07,290.0,292.75,277.25,283.9,2221599.0,
2018-03-08,285.4,288.7,269.0,281.2,3543173.0,
2018-03-09,285.0,286.3,274.35,278.45,2201364.0,
2018-03-12,279.0,285.2,270.8,283.65,2041514.0,
2018-03-13,280.6,305.85,277.25,293.55,4988144.0,
2018-03-14,288.0,305.1,286.85,303.95,3260474.0,
2018-03-15,305.0,309.1,302.0,304.6,1879644.0,
2018-03-16,302.0,313.65,301.7,306.05,2856638.0,
2018-03-19,306.4,313.6,291.95,293.65,1925760.0,
2018-03-20,291.5,295.8,285.0,288.75,1751015.0,
2018-03-21,290.15,299.5,289.6,290.75,1461402.0,
2018-03-22,292.0,293.95,286.35,289.2,814379.0,
2018-03-23,282.0,282.2,274.25,280.9,1386158.0,
2018-03-26,278.0,293.45,276.35,292.35,1955300.0,
2018-03-27,297.0,308.25,295.85,306.7,2091254.0,
2018-03-28,301.0,306.6,298.0,299.8,1198458.0,
2018-04-02,299.8,305.45,295.8,302.1,716639.0,
2018-04-03,304.95,312.1,302.75,307.35,1341795.0,
2018-04-04,306.5,312.85,299.15,302.9,1283750.0,
2018-04-05,308.0,319.6,305.3,317.3,1704321.0,
2018-04-06,321.0,323.0,313.55,320.75,1750664.0,
2018-04-09,320.0,326.05,317.8,322.0,1324329.0,
2018-04-10,325.2,327.4,321.0,324.05,909288.0,
2018-04-11,323.0,324.6,316.4,319.1,789777.0,
2018-04-12,317.5,321.75,315.0,316.15,782433.0,
2018-04-13,315.6,325.0,315.6,321.05,1227650.0,
2018-04-16,321.0,323.95,315.1,318.9,882316.0,
2018-04-17,318.9,323.75,316.0,318.95,601000.0,
2018-04-18,319.25,322.95,305.4,306.75,1154026.0,
2018-04-19,305.85,313.0,305.3,311.3,1005318.0,
2018-04-20,309.2,309.2,298.05,302.65,1103947.0,
2018-04-23,302.65,311.4,296.7,309.35,1868333.0,
2018-04-24,310.9,312.3,304.3,308.1,720910.0,
2018-04-25,306.75,313.9,302.95,305.55,733917.0,
2018-04-26,306.0,314.0,306.0,311.95,1118255.0,
2018-04-27,313.5,325.45,303.0,314.05,1948944.0,
2018-04-30,314.25,323.35,312.8,321.5,1202568.0,
2018-05-02,322.2,324.15,303.6,307.0,1316376.0,
2018-05-03,307.0,314.45,305.4,311.75,861141.0,
2018-05-04,312.0,316.15,308.5,310.0,1295109.0,
2018-05-07,311.0,322.5,310.0,321.3,1313573.0,
2018-05-08,324.0,349.0,319.45,340.9,4714431.0,
2018-05-09,335.2,345.7,334.15,342.65,2154768.0,
2018-05-10,345.5,345.65,293.25,313.9,12262256.0,
2018-05-11,311.0,321.0,304.1,318.05,3565024.0,
2018-05-14,316.1,321.65,310.65,313.3,1144119.0,
2018-05-15,310.0,319.35,304.5,307.45,1424346.0,
2018-05-16,305.0,308.05,296.8,301.25,1740204.0,
2018-05-17,303.95,306.3,299.3,301.95,1052872.0,
2018-05-18,302.35,306.5,298.5,300.55,1396979.0,
2018-05-21,302.3,311.4,301.05,307.25,1476582.0,
2018-05-22,310.2,313.25,303.75,306.3,1479474.0,
2018-05-23,305.0,311.95,304.5,309.25,1602203.0,
2018-05-24,309.3,310.7,304.45,307.05,694873.0,
2018-05-25,307.4,320.0,307.0,316.75,1378333.0,
2018-05-28,319.5,343.8,318.0,335.65,2243982.0,
2018-05-29,334.7,337.6,324.25,326.55,1144948.0,
2018-05-30,324.9,335.0,318.3,332.9,2317522.0,
2018-05-31,332.9,350.45,330.15,340.85,2337178.0,
2018-06-01,340.1,342.25,325.05,337.7,1861358.0,
2018-06-04,338.95,342.0,334.5,338.2,1102825.0,
2018-06-05,336.65,338.4,328.5,330.2,1248280.0,
2018-06-06,329.0,348.65,327.05,346.65,1892508.0,
2018-06-07,348.0,354.9,344.4,351.65,1856266.0,
2018-06-08,349.5,371.0,347.15,367.6,2460407.0,
2018-06-11,368.3,372.55,362.0,366.05,1976299.0,
2018-06-12,365.25,368.35,360.15,361.85,1081848.0,
2018-06-13,362.9,375.15,362.25,363.95,1964726.0,
2018-06-14,364.7,366.75,356.35,359.3,1095971.0,
2018-06-15,358.1,362.5,350.15,351.2,1156857.0,
2018-06-18,348.0,358.9,348.0,356.0,982359.0,
2018-06-19,355.3,361.7,350.5,354.7,1227026.0,
2018-06-20,355.0,359.6,353.15,354.75,917221.0,
2018-06-21,350.8,352.0,340.45,343.35,1364853.0,
2018-06-22,343.0,347.2,337.8,344.55,938870.0,
2018-06-25,344.85,349.35,336.9,346.9,1439883.0,
2018-06-26,346.0,352.4,342.0,349.65,903325.0,
2018-06-27,350.5,353.0,342.1,347.25,1098608.0,
2018-06-28,346.0,350.7,332.0,347.05,2495943.0,
2018-06-29,344.0,348.6,338.95,343.7,1681249.0,
2018-07-02,346.9,350.4,336.95,341.15,1148417.0,
2018-07-03,342.0,344.05,337.45,339.4,651334.0,
2018-07-04,339.0,342.2,334.45,337.25,847620.0,
2018-07-05,337.25,341.5,335.5,337.55,606237.0,
2018-07-06,337.25,349.25,336.9,342.55,1482058.0,
2018-07-09,344.9,351.3,343.05,348.35,594603.0,
2018-07-10,350.0,358.9,348.0,356.95,968398.0,
2018-07-11,355.0,358.5,345.25,347.65,771451.0,
2018-07-12,350.0,355.3,344.45,347.6,602944.0,
2018-07-13,347.0,349.2,333.4,334.75,615699.0,
2018-07-16,336.25,336.25,317.9,322.85,602056.0,
2018-07-17,322.3,339.6,318.3,338.35,1296286.0,
2018-07-18,338.0,341.5,326.75,328.45,1090630.0,
2018-07-19,325.0,333.85,319.4,327.35,1080403.0,
2018-07-20,328.05,329.0,306.45,310.25,2303922.0,
2018-07-23,310.0,322.5,305.05,319.85,1630450.0,
2018-07-24,319.0,326.7,317.0,325.05,1251625.0,
2018-07-25,324.0,334.4,321.8,331.9,1120840.0,
2018-07-26,334.9,356.0,333.5,354.25,2274929.0,
2018-07-27,354.0,356.45,347.7,353.35,1297422.0,
2018-07-30,356.0,370.0,356.0,362.3,2250283.0,
2018-07-31,361.5,366.25,351.0,357.7,1412926.0,
2018-08-01,357.5,362.25,349.25,353.3,1617540.0,
2018-08-02,350.9,359.0,345.0,355.85,1306347.0,
2018-08-03,357.0,366.0,356.95,364.65,1724190.0,
2018-08-06,365.0,379.0,364.1,376.85,2329278.0,
2018-08-07,379.0,379.7,371.5,374.2,1959876.0,
2018-08-08,372.9,373.55,351.5,355.05,3204942.0,
2018-08-09,370.5,377.65,356.7,358.25,6705274.0,
2018-08-10,358.25,359.2,343.35,346.1,1794008.0,
2018-08-13,340.0,342.95,332.25,335.95,1928534.0,
2018-08-14,337.95,345.55,336.75,341.95,1061473.0,
2018-08-16,338.55,345.8,333.75,336.85,1267517.0,
2018-08-17,339.35,344.0,336.75,341.3,1491817.0,
2018-08-20,345.0,347.7,341.4,345.65,867354.0,
2018-08-21,345.95,346.95,340.0,341.25,844829.0,
2018-08-23,341.9,342.5,332.6,334.1,1087781.0,
2018-08-24,335.0,337.55,326.2,327.85,1291785.0,
2018-08-27,330.0,334.05,327.0,330.0,1315670.0,
2018-08-28,333.0,333.0,322.25,325.55,721999.0,
2018-08-29,325.4,331.6,324.05,327.4,1045446.0,
2018-08-30,327.8,334.65,322.75,333.85,1288821.0,
2018-08-31,334.9,334.9,327.6,332.45,946068.0,
2018-09-03,333.9,339.15,327.05,328.75,1202419.0,
2018-09-04,328.7,329.65,312.85,314.6,1088538.0,
2018-09-05,313.0,315.0,302.3,309.6,1444621.0,
2018-09-06,312.25,319.5,307.4,316.0,1608251.0,
2018-09-07,315.95,323.9,312.75,323.0,1399076.0,
2018-09-10,321.0,327.7,318.35,320.2,1212492.0,
2018-09-11,319.6,326.5,317.6,319.05,1311754.0,
2018-09-12,319.0,323.3,314.1,321.45,1191452.0,
2018-09-14,324.4,327.0,319.05,322.3,682772.0,
2018-09-17,320.0,323.1,315.1,319.25,1167670.0,
2018-09-18,313.0,313.95,288.25,291.55,6636783.0,
2018-09-19,292.0,296.3,284.4,289.4,4494839.0,
2018-09-21,293.0,293.15,246.0,272.7,2913381.0,
2018-09-24,274.0,274.8,252.9,256.2,1467467.0,
2018-09-25,252.0,254.4,219.25,236.3,5652006.0,
2018-09-26,240.2,243.65,234.6,239.2,2274244.0,
2018-09-27,241.4,242.8,225.9,226.65,1668328.0,
2018-09-28,228.0,237.0,220.95,227.4,2699222.0,
2018-10-01,225.05,247.5,219.55,246.25,2658184.0,
2018-10-03,244.85,262.0,240.55,252.05,2358346.0,
2018-10-04,246.8,253.8,242.0,247.75,1505354.0,
2018-10-05,247.0,250.6,226.3,229.45,2694318.0,
2018-10-08,225.0,232.15,220.5,230.4,2206856.0,
2018-10-09,230.4,234.0,223.1,225.7,1509050.0,
2018-10-10,226.0,244.8,226.0,242.15,1829188.0,
2018-10-11,232.0,239.65,226.75,231.1,1421884.0,
2018-10-12,233.75,240.3,232.15,236.85,1111021.0,
2018-10-15,237.0,241.25,233.2,237.5,963340.0,
2018-10-16,237.75,247.25,235.0,243.55,1275725.0,
2018-10-17,247.0,247.55,224.0,226.05,1792394.0,
2018-10-19,222.3,229.2,220.45,222.95,1627489.0,
2018-10-22,225.15,229.8,217.1,218.45,1801497.0,
2018-10-23,214.95,219.75,211.4,213.85,1288442.0,
2018-10-24,218.65,219.35,210.4,216.5,1420819.0,
2018-10-25,214.2,222.15,212.6,218.35,1398789.0,
2018-10-26,218.4,224.8,214.0,222.3,1346957.0,
2018-10-29,225.0,246.4,220.4,241.4,2548120.0,
2018-10-30,237.0,264.4,237.0,256.65,4623688.0,
2018-10-31,257.0,258.75,245.65,252.7,2677138.0,
2018-11-01,252.7,256.3,248.1,250.65,1845822.0,
2018-11-02,252.6,260.8,244.25,248.45,1774228.0,
2018-11-05,246.6,260.0,244.6,254.45,1346396.0,
2018-11-06,257.3,269.7,256.55,257.95,2479943.0,
2018-11-07,261.0,262.8,258.5,261.6,306096.0,
2018-11-09,261.0,265.7,226.6,229.45,13057900.0,
2018-11-12,229.0,232.35,220.5,221.95,6313840.0,
2018-11-13,220.4,226.0,220.0,222.9,2841206.0,
2018-11-14,224.0,231.6,223.0,226.15,2898198.0,
2018-11-15,225.6,227.95,221.0,225.9,1820757.0,
2018-11-16,226.25,232.5,223.05,229.15,2204361.0,
2018-11-19,232.9,233.35,226.0,229.3,1231336.0,
2018-11-20,228.05,234.95,225.4,228.05,2644085.0,
2018-11-21,226.85,234.8,226.5,231.45,1805663.0,
2018-11-22,231.2,234.0,225.55,227.2,1261794.0,
2018-11-26,228.0,228.8,221.1,223.85,1330282.0,
2018-11-27,224.0,228.4,223.15,226.6,1190102.0,
2018-11-28,226.8,229.0,220.45,221.55,1713177.0,
2018-11-29,222.5,226.0,221.05,224.3,1197696.0,
2018-11-30,225.0,232.25,223.65,229.8,1664145.0,
2018-12-03,230.25,232.95,225.2,229.55,1234194.0,
2018-12-04,228.45,232.0,224.35,225.5,1252328.0,
2018-12-05,223.6,225.7,219.25,222.2,1319887.0,
2018-12-06,220.9,220.95,213.5,216.15,1333427.0,
2018-12-07,216.95,220.3,210.8,218.0,1830500.0,
2018-12-10,213.0,221.55,213.0,217.1,1162195.0,
2018-12-11,213.85,223.8,213.0,221.35,1836533.0,
2018-12-12,221.5,229.6,221.5,227.4,1521010.0,
2018-12-13,228.6,242.65,228.6,239.05,4383722.0,
2018-12-14,238.0,241.3,235.0,240.15,1381025.0,
2018-12-17,240.2,242.6,236.4,237.25,962018.0,
2018-12-18,235.1,244.0,234.15,243.3,1807714.0,
2018-12-19,244.8,252.3,243.35,248.85,2264284.0,
2018-12-20,250.0,253.8,245.2,246.75,1615693.0,
2018-12-21,245.35,249.5,238.35,239.4,1542013.0,
2018-12-24,241.9,242.65,235.75,238.4,1107636.0,
2018-12-26,236.85,241.25,231.75,240.15,1022070.0,
2018-12-27,241.9,247.9,238.0,239.15,1150023.0,
2018-12-28,240.6,244.9,239.65,242.6,1121138.0,
2018-12-31,243.9,246.75,241.45,243.55,868633.0,
2019-01-01,243.85,252.75,242.65,251.35,2285555.0,
2019-01-02,252.25,255.7,244.5,245.85,3143838.0,
2019-01-03,245.85,249.5,243.85,245.5,1381076.0,
2019-01-04,248.8,251.25,243.75,249.75,1958372.0,
2019-01-07,252.9,253.6,245.1,246.95,1357982.0,
2019-01-08,247.0,258.8,245.9,257.85,2203536.0,
2019-01-09,259.0,259.4,249.95,253.45,2913472.0,
2019-01-10,254.0,255.5,251.0,251.65,914568.0,
2019-01-11,253.0,254.55,250.4,253.6,1032376.0,
2019-01-14,253.25,258.0,250.4,252.35,883417.0,
2019-01-15,253.1,254.7,250.15,252.3,596173.0,
2019-01-16,252.5,259.3,252.5,257.05,1270955.0,
2019-01-17,257.05,262.3,256.0,260.15,1252757.0,
2019-01-18,258.6,259.9,244.0,245.95,1914816.0,
2019-01-21,246.35,250.0,241.85,243.6,1532754.0,
2019-01-22,243.6,251.0,242.75,248.45,1661168.0,
2019-01-23,249.45,251.9,246.85,248.5,733176.0,
2019-01-24,249.0,258.0,247.7,255.95,1644817.0,
2019-01-25,258.0,258.0,231.0,238.4,5812134.0,
2019-01-28,236.8,236.8,212.7,218.4,5100353.0,
2019-01-29,219.9,229.5,218.95,225.35,3354162.0,
2019-01-30,226.45,228.75,222.65,227.2,2463501.0,
2019-01-31,228.1,230.0,224.0,225.4,1244835.0,
2019-02-01,227.0,230.0,220.0,224.0,1180493.0,
2019-02-04,223.95,223.95,213.05,214.7,1446292.0,
2019-02-05,217.7,218.15,212.25,214.0,1368416.0,
2019-02-06,214.9,217.0,207.15,215.8,1757922.0,
2019-02-07,218.0,220.65,213.55,218.75,1623329.0,
2019-02-08,218.7,218.7,211.75,213.2,1900652.0,
2019-02-11,213.65,213.8,204.5,206.35,1252062.0,
2019-02-12,205.85,206.9,200.0,203.45,1676121.0,
2019-02-13,205.1,225.75,204.0,220.05,4349526.0,
2019-02-14,219.1,240.0,215.35,231.25,2755081.0,
2019-02-15,232.0,232.65,211.2,212.85,2381306.0,
2019-02-18,212.85,216.3,207.4,209.0,1558054.0,
2019-02-19,210.05,219.5,208.6,214.65,3531642.0,
2019-02-20,215.9,223.0,215.1,221.35,2458984.0,
2019-02-21,223.2,224.75,218.85,220.25,1961072.0,
2019-02-22,219.7,222.2,216.2,220.85,1325538.0,
2019-02-25,220.85,222.45,216.75,218.3,1180012.0,
2019-02-26,216.0,222.3,210.0,220.8,1814034.0,
2019-02-27,221.0,226.5,218.0,220.85,1792474.0,
2019-02-28,225.0,229.4,219.5,224.6,2717778.0,
2019-03-01,223.3,233.8,222.0,229.5,2306295.0,
2019-03-05,230.0,239.25,229.0,237.1,2046078.0,
2019-03-06,237.1,258.25,237.1,255.1,6391707.0,
2019-03-07,253.9,253.9,247.7,249.8,2515167.0,
2019-03-08,249.0,255.0,245.15,253.3,2124915.0,
2019-03-11,252.0,265.0,251.65,262.4,3214565.0,
2019-03-12,271.0,275.55,266.0,269.05,5653519.0,
2019-03-13,266.85,270.45,263.15,268.3,1962714.0,
2019-03-14,267.0,270.85,264.5,267.1,1364801.0,
2019-03-15,267.8,272.5,265.6,267.2,1345326.0,
2019-03-18,267.0,269.5,263.7,268.6,1492100.0,
2019-03-19,268.6,275.65,267.65,272.75,2910075.0,
2019-03-20,273.3,273.95,268.35,269.85,1293861.0,
2019-03-22,269.1,273.35,263.0,264.6,1529450.0,
2019-03-25,260.95,261.8,252.0,252.7,1595625.0,
2019-03-26,253.0,262.8,253.0,261.8,1505255.0,
2019-03-27,263.3,267.75,261.25,264.1,1732561.0,
2019-03-28,263.9,284.7,261.4,277.35,2864042.0,
2019-03-29,280.45,287.0,275.85,280.1,3433322.0,
2019-04-01,282.0,288.0,281.0,283.3,1640272.0,
2019-04-02,284.0,287.45,275.95,281.4,2300513.0,
2019-04-03,282.0,285.8,272.5,274.45,1685493.0,
2019-04-04,274.4,282.45,271.7,274.45,1992897.0,
2019-04-05,276.15,277.95,270.4,273.45,1667069.0,
2019-04-08,275.4,283.75,267.45,269.35,3052077.0,
2019-04-09,271.0,273.55,262.85,271.45,2801658.0,
2019-04-10,270.0,277.5,270.0,271.55,2406904.0,
2019-04-11,273.2,273.5,266.6,269.65,1317137.0,
2019-04-12,270.9,276.0,266.75,274.85,1406051.0,
2019-04-15,274.85,277.0,270.2,271.75,1034129.0,
2019-04-16,273.5,273.9,267.1,269.1,1037571.0,
2019-04-18,270.25,271.5,262.65,265.3,1618580.0,
2019-04-22,263.8,263.9,255.0,256.35,987674.0,
2019-04-23,258.8,261.0,251.2,252.85,1914361.0,
2019-04-24,253.0,258.4,250.0,257.45,1306435.0,
2019-04-25,258.5,258.7,252.1,253.5,1117046.0,
2019-04-26,256.4,256.4,247.6,254.05,1717524.0,
2019-04-30,255.1,255.5,243.0,252.3,1841125.0,
2019-05-02,251.0,258.9,248.0,252.85,1492586.0,
2019-05-03,253.95,258.7,251.25,253.9,1354459.0,
2019-05-06,251.4,253.1,245.35,246.9,1185811.0,
2019-05-07,249.5,250.0,240.35,241.35,1084805.0,
2019-05-08,240.0,243.8,237.55,239.05,1440094.0,
2019-05-09,239.5,241.95,236.5,238.25,1041308.0,
2019-05-10,240.35,246.7,237.4,243.65,2103360.0,
2019-05-13,243.0,243.9,226.1,228.25,1894224.0,
2019-05-14,229.0,238.8,224.35,232.95,6333604.0,
2019-05-15,229.9,237.9,229.2,230.35,2803644.0,
2019-05-16,232.6,233.95,226.65,231.95,1317989.0,
2019-05-17,231.45,236.6,230.5,235.65,1151504.0,
2019-05-20,248.95,256.85,239.85,254.4,1874423.0,
2019-05-21,255.95,256.5,244.2,247.2,1432219.0,
2019-05-22,249.4,249.85,242.8,247.75,1089167.0,
2019-05-23,255.0,268.85,250.05,253.3,3968959.0,
2019-05-24,254.85,267.45,253.1,265.4,1972803.0,
2019-05-27,267.05,274.25,264.3,270.8,1704582.0,
2019-05-28,271.0,276.65,267.05,275.3,1607907.0,
2019-05-29,273.0,277.5,271.0,275.8,1295696.0,
2019-05-30,275.2,284.7,273.6,282.3,2528780.0,
2019-05-31,284.2,285.1,272.1,276.45,2165377.0,
2019-06-03,274.5,289.6,272.1,287.7,1999934.0,
2019-06-04,284.1,292.7,271.35,273.3,6330574.0,
2019-06-06,274.9,278.4,265.55,266.9,3120836.0,
2019-06-07,268.1,270.9,263.2,266.6,1518444.0,
2019-06-10,270.0,272.35,261.65,263.05,1140597.0,
2019-06-11,265.5,270.7,260.1,269.7,1597117.0,
2019-06-12,268.5,270.45,264.75,267.3,1053470.0,
2019-06-13,264.3,266.8,253.2,260.05,1716436.0,
2019-06-14,257.2,267.0,257.2,264.15,1608214.0,
2019-06-17,265.8,271.0,256.0,258.2,1961624.0,
2019-06-18,259.0,264.3,256.5,258.35,1717155.0,
2019-06-19,259.95,262.05,249.55,252.95,1212413.0,
2019-06-20,254.25,265.8,251.65,264.15,1646552.0,
2019-06-21,262.0,266.9,259.65,260.8,1466309.0,
2019-06-24,262.4,265.25,255.35,257.15,1268623.0,
2019-06-25,257.1,263.5,252.7,262.7,1823806.0,
2019-06-26,263.0,271.0,261.75,267.6,2812213.0,
2019-06-27,267.3,269.0,260.4,262.45,1763656.0,
2019-06-28,265.0,269.0,258.1,259.8,1236154.0,
2019-07-01,261.0,263.5,257.6,258.9,689967.0,
2019-07-02,259.0,260.8,255.1,256.75,473188.0,
2019-07-03,258.0,261.45,255.8,258.8,579363.0,
2019-07-04,260.25,264.5,259.1,260.15,944713.0,
2019-07-05,260.15,263.9,255.5,256.8,963339.0,
2019-07-08,256.55,256.6,238.75,241.45,907684.0,
2019-07-09,244.0,245.0,237.0,242.7,497464.0,
2019-07-10,243.1,246.2,238.5,243.6,521978.0,
2019-07-11,244.95,247.25,242.3,243.85,434053.0,
2019-07-12,244.8,245.8,241.5,242.25,367066.0,
2019-07-15,242.35,243.95,235.5,236.5,460684.0,
2019-07-16,236.7,239.5,231.75,232.65,612970.0,
2019-07-17,233.35,235.95,226.1,230.9,668526.0,
2019-07-18,232.5,233.4,225.0,226.3,517966.0,
2019-07-19,228.0,229.0,220.5,221.7,397448.0,
2019-07-22,221.0,221.9,215.0,217.9,527471.0,
2019-07-23,220.0,225.5,218.0,223.4,576904.0,
2019-07-24,224.75,224.75,215.0,217.3,399734.0,
2019-07-25,215.25,220.9,211.1,212.7,515116.0,
2019-07-26,211.25,216.8,211.25,212.9,425862.0,
2019-07-29,212.0,214.7,208.7,210.05,384049.0,
2019-07-30,211.5,212.5,181.4,185.15,1627821.0,
2019-07-31,184.0,189.5,179.3,186.6,1185405.0,
2019-08-01,188.0,189.0,183.95,187.1,570304.0,
2019-08-02,184.0,189.5,181.1,183.9,611999.0,
2019-08-05,180.6,198.05,155.05,189.6,4491367.0,
2019-08-06,190.0,202.7,190.0,200.0,3679831.0,
2019-08-07,201.0,207.5,195.9,198.85,1805296.0,
2019-08-08,199.0,201.8,192.6,194.7,923164.0,
2019-08-09,195.0,198.8,193.25,196.15,697162.0,
2019-08-13,197.55,197.55,184.0,185.0,626124.0,
2019-08-14,185.0,188.2,181.0,183.55,530185.0,
2019-08-16,183.55,185.65,178.6,183.9,621418.0,
2019-08-19,184.9,187.5,182.1,183.55,637612.0,
2019-08-20,183.4,183.4,175.0,179.55,455177.0,
2019-08-21,179.5,179.5,171.0,173.65,492936.0,
2019-08-22,173.0,173.05,166.05,167.3,336054.0,
2019-08-23,166.9,171.0,162.15,166.5,823454.0,13.96
2019-09-30,267.3,269.0,260.4,262.45,1763656.0,29.8
2019-10-01,126.1,130.35,112.65,118.2,1803029.0,17.97
2019-10-02,126.1,130.35,112.65,118.2,1803029.0,17.97
2019-10-03,117.3,124.65,116.3,121.0,1441999.0,18.88
2019-10-04,121.75,122.4,118.5,119.6,833483.0,27.57
2019-10-07,120.35,120.55,117.6,118.8,627746.0,29.74
2019-10-08,120.35,120.55,117.6,118.8,627746.0,29.74
2019-10-09,119.0,120.0,114.5,116.9,1213538.0,16.22
2019-10-10,116.55,117.65,112.2,113.65,844496.0,21.11
2019-10-11,113.4,115.85,111.0,111.9,778293.0,19.88
2019-10-14,113.4,113.55,110.1,111.0,714096.0,19.82
2019-10-15,111.45,111.9,108.2,109.0,670771.0,23.69
2019-10-16,110.4,110.8,108.0,108.95,571476.0,23.77
2019-10-17,109.0,119.45,108.75,117.5,1762822.0,21.32
2019-10-18,118.35,123.95,117.4,122.8,2024230.0,46.12
2019-10-21,118.35,123.95,117.4,122.8,2024230.0,46.12
2019-10-22,122.8,129.7,122.05,126.3,1275098.0,21.72
2019-10-23,126.4,148.7,126.3,142.9,6848801.0,16.15
2019-10-24,141.95,141.95,120.25,123.95,6848111.0,27.44
2019-10-25,124.2,127.4,121.05,125.55,2615312.0,14.42
2019-10-28,126.8,127.2,125.8,126.35,236627.0,41.92
2019-10-29,127.1,128.4,123.25,126.75,1504104.0,26.31
2019-10-30,127.0,132.0,126.1,128.8,2187703.0,22.46
2019-10-31,129.55,134.75,129.3,133.0,2396566.0,29.26
2019-11-01,133.8,136.0,131.15,132.8,1589292.0,24.58
2019-11-04,133.0,139.65,132.8,135.0,2408647.0,26.89
2019-11-05,135.5,135.95,127.45,128.7,1857979.0,33.05
2019-11-06,129.0,129.9,127.0,128.4,866478.0,23.8
2019-11-07,129.0,129.95,126.0,127.4,844838.0,23.59
2019-11-08,126.6,127.9,122.5,123.5,1114274.0,33.3
2019-11-11,123.4,124.9,121.1,121.9,1096810.0,36.9
2019-11-12,123.4,124.9,121.1,121.9,1096810.0,36.9
2019-11-13,122.65,123.2,117.45,118.9,1432439.0,56.28
2019-11-14,118.5,118.5,112.55,114.5,1555496.0,36.16
2019-11-15,115.2,120.5,114.55,116.8,2101034.0,22.75
2019-11-18,117.05,120.0,117.05,118.95,1128909.0,26.98
2019-11-19,119.55,128.0,117.0,123.95,5551346.0,25.19
2019-11-20,124.5,127.65,121.25,122.4,2529996.0,29.19
2019-11-21,123.4,123.4,119.85,120.65,1413757.0,23.36
2019-11-22,120.7,121.35,118.65,119.15,947567.0,31.03
2019-11-25,119.25,122.4,119.0,120.25,1164361.0,31.42
2019-11-26,120.95,121.9,118.9,120.85,1596993.0,35.9
2019-11-27,121.25,121.85,119.35,120.65,1076790.0,37.76
2019-11-28,121.4,128.9,121.2,125.85,4926208.0,20.51
2019-11-29,126.55,134.5,126.0,128.9,4591513.0,24.47
2019-12-02,129.6,130.35,125.5,126.2,922148.0,29.59
2019-12-03,126.35,126.85,121.5,123.0,1125685.0,25.41
2019-12-04,121.6,126.5,121.6,125.5,1157369.0,23.1
2019-12-05,126.0,126.8,122.4,123.2,858222.0,27.04
2019-12-06,123.4,124.15,118.5,119.2,891018.0,34.05
2019-12-09,118.8,121.65,117.1,118.25,782836.0,23.27
2019-12-10,118.85,118.95,115.5,116.85,710281.0,22.62
2019-12-11,116.95,118.5,114.6,117.65,760972.0,19.83
2019-12-12,118.2,119.75,115.65,117.9,698581.0,28.53
2019-12-13,118.7,121.0,117.2,118.1,2111307.0,32.18
2019-12-16,118.8,119.0,115.6,116.25,902558.0,45.61
2019-12-17,115.95,116.95,109.0,110.0,3501794.0,62.63
2019-12-18,109.9,110.8,108.1,109.95,1723215.0,33.81
2019-12-19,108.6,109.65,104.6,105.05,2543692.0,44.68
2019-12-20,106.45,109.9,105.4,107.5,2878201.0,24.42
2019-12-23,106.8,108.4,104.0,104.95,1715799.0,33.7
2019-12-24,105.85,106.9,104.4,104.75,1129055.0,37.04
2019-12-25,105.85,106.9,104.4,104.75,1129055.0,37.04
2019-12-26,105.4,105.6,103.15,104.2,1232499.0,30.6
2019-12-27,105.0,107.7,104.6,104.9,2484114.0,38.07
2019-12-30,105.4,105.6,104.15,104.6,909066.0,35.53
2019-12-31,104.4,105.0,100.5,100.95,2423404.0,52.03
2020-01-01,101.9,102.35,100.55,101.35,957240.0,29.5
2020-01-02,101.6,103.7,101.4,102.85,1551597.0,37.37
2020-01-03,102.85,104.4,102.15,102.85,1142845.0,38.59
2020-01-06,102.0,102.4,99.45,100.15,1034298.0,41.28
2020-01-07,101.1,102.2,98.1,99.6,1193942.0,29.55
2020-01-08,98.5,99.0,97.25,98.2,835779.0,30.74
2020-01-09,99.7,101.0,98.85,99.4,1302942.0,31.32
2020-01-10,100.0,100.8,98.5,98.75,1389586.0,36.61
2020-01-13,99.5,99.75,98.2,99.35,835761.0,40.98
2020-01-14,99.65,99.65,98.7,99.0,712611.0,42.22
2020-01-15,98.6,100.85,98.2,99.1,1304110.0,40.77
2020-01-16,99.35,103.15,99.15,102.35,2907485.0,38.48
2020-01-17,102.35,103.65,101.0,102.05,1645618.0,38.79
2020-01-20,102.5,104.5,100.55,103.85,1929587.0,41.34
2020-01-21,103.85,106.2,103.0,104.7,4372470.0,32.06
2020-01-22,105.5,106.0,103.35,103.95,1143258.0,45.66
2020-01-23,104.4,105.75,103.65,104.5,1403729.0,42.82
2020-01-24,105.8,109.7,104.1,106.95,9565473.0,21.13
2020-01-27,107.2,108.75,106.1,106.35,2329905.0,36.39
2020-01-28,107.0,107.1,103.3,103.65,1279250.0,44.61
2020-01-29,104.65,105.2,103.3,103.8,886814.0,39.58
2020-01-30,103.8,103.8,102.0,102.9,763983.0,49.34
2020-01-31,103.35,104.0,99.45,103.45,1406266.0,37.07
2020-02-03,99.75,99.95,96.0,97.0,950204.0,47.72
2020-02-04,97.15,98.1,95.45,96.1,1206020.0,38.33
2020-02-05,96.35,97.4,94.7,95.4,981168.0,41.01
2020-02-06,96.0,99.8,95.5,96.7,2319547.0,31.97
2020-02-07,97.0,98.4,96.05,96.55,1048475.0,34.23
2020-02-10,96.9,97.05,95.05,95.6,687587.0,42.95
2020-02-11,96.3,96.5,92.5,92.8,1627240.0,46.65
2020-02-12,93.3,93.3,89.1,89.65,1389296.0,44.29
2020-02-13,89.65,89.9,87.85,88.15,1053226.0,35.61
2020-02-14,88.2,89.05,84.7,84.95,1243178.0,42.36
2020-02-17,84.95,84.95,81.5,81.95,1182349.0,35.08
2020-02-18,81.8,81.8,77.85,80.25,1379257.0,39.6
2020-02-19,80.75,83.75,80.35,83.15,968882.0,33.93
2020-02-20,83.2,84.5,82.5,83.4,700192.0,35.95
2020-02-21,83.2,84.5,82.5,83.4,700192.0,35.95
2020-02-24,82.6,82.75,79.3,80.35,682348.0,37.54
2020-02-25,81.05,81.5,78.6,80.05,903519.0,39.69
2020-02-26,79.95,79.95,77.6,78.15,867471.0,34.46
2020-02-27,78.45,78.45,74.85,75.65,1198140.0,37.33
2020-02-28,71.05,75.3,71.05,74.05,1648817.0,47.32
2020-03-02,76.0,76.3,68.5,70.95,948344.0,40.05
2020-03-03,71.9,72.75,69.25,69.85,1079228.0,40.98
2020-03-04,70.2,74.65,69.9,71.05,3367184.0,25.28
2020-03-05,71.4,73.3,70.4,71.95,2435154.0,43.09
2020-03-06,68.95,71.6,68.2,69.85,1501209.0,52.35
2020-03-09,69.3,69.3,64.1,65.4,1433954.0,50.77
2020-03-10,69.3,69.3,64.1,65.4,1433954.0,50.77
2020-03-11,64.4,67.4,62.5,62.8,1603044.0,46.98
2020-03-12,58.85,59.0,53.55,54.3,1939244.0,47.56
2020-03-13,46.55,56.9,44.0,56.15,2386603.0,32.03
2020-03-16,54.4,55.1,52.0,52.9,1155565.0,42.69
2020-03-17,52.9,54.6,51.0,51.6,1159829.0,36.41
2020-03-18,52.2,53.5,48.5,48.95,1504704.0,50.24
2020-03-19,47.7,51.5,45.1,49.45,1634736.0,39.43
2020-03-20,50.0,54.0,49.25,52.4,1322476.0,46.43
2020-03-23,47.0,50.35,45.0,45.4,1140888.0,52.83
2020-03-24,46.05,47.5,43.0,43.2,1313566.0,47.1
2020-03-25,43.0,44.8,41.55,43.6,1031019.0,39.3
2020-03-26,44.8,48.95,43.15,45.35,1520046.0,41.29
2020-03-27,47.9,49.85,44.3,45.25,1902282.0,37.19
2020-03-30,45.9,45.9,42.1,42.55,1620650.0,55.94
2020-03-31,43.1,43.5,42.05,43.1,1531833.0,47.81
2020-04-01,43.2,46.4,42.7,43.95,1565030.0,38.03
2020-04-02,43.2,46.4,42.7,43.95,1565030.0,38.03
2020-04-03,45.0,45.1,43.5,44.8,1019779.0,38.14
2020-04-06,45.0,45.1,43.5,44.8,1019779.0,38.14
2020-04-07,46.3,46.5,44.85,45.7,928321.0,45.98
2020-04-08,46.0,48.3,45.35,45.75,1663227.0,38.92
2020-04-09,47.0,47.6,45.7,47.5,1309662.0,40.51
2020-04-10,47.0,47.6,45.7,47.5,1309662.0,40.51
2020-04-13,48.0,48.3,45.6,45.9,1200177.0,62.15
2020-04-15,46.5,47.5,45.3,45.85,1374470.0,42.79
2020-04-16,46.4,46.4,45.6,45.9,952851.0,56.62
2020-04-17,47.0,47.5,45.8,46.35,2060268.0,46.43
2020-04-20,47.2,55.55,46.5,53.85,10992510.0,22.91
2020-04-21,53.0,54.35,50.0,50.7,4487952.0,27.3
2020-04-22,48.0,50.9,48.0,48.95,2716770.0,41.56
2020-04-23,49.35,51.5,49.2,50.1,2060045.0,32.01
2020-04-24,49.9,50.15,48.1,48.45,1596461.0,51.65
2020-04-27,48.4,49.85,48.35,48.75,1072891.0,50.16
2020-04-28,48.95,52.1,48.5,51.4,4312035.0,25.32
2020-04-29,52.3,52.4,51.1,51.6,2255290.0,32.25
2020-04-30,52.6,54.3,51.8,51.9,3911235.0,39.49
2020-05-01,52.6,54.3,51.8,51.9,3911235.0,39.49
2020-05-04,50.9,50.9,46.85,47.05,3397429.0,67.13
2020-05-05,47.85,48.15,46.25,46.55,1735988.0,36.11
2020-05-06,47.0,47.15,45.15,46.65,1327788.0,26.12
2020-05-07,46.45,47.7,46.2,46.95,910562.0,27.48
2020-05-08,47.4,47.65,45.7,46.5,1069472.0,28.33
2020-05-11,46.95,47.35,45.6,46.35,841076.0,33.79
2020-05-12,46.0,47.3,44.6,46.8,1213750.0,30.29
2020-05-13,48.8,49.9,47.7,48.75,2336413.0,35.89
2020-05-14,48.45,48.8,46.9,47.55,1133392.0,31.66
2020-05-15,47.1,47.95,47.0,47.35,637814.0,31.0
2020-05-18,47.35,47.35,44.5,45.15,1255906.0,38.01
2020-05-19,45.5,45.9,44.2,44.7,903726.0,26.55
2020-05-20,44.5,45.3,44.15,45.0,626947.0,37.81
2020-05-21,45.15,46.9,44.75,45.05,1337973.0,34.72
2020-05-22,44.55,46.0,43.7,44.25,1111717.0,37.55
2020-05-25,44.55,46.0,43.7,44.25,1111717.0,37.55
2020-05-26,44.55,44.9,43.95,44.15,559071.0,57.03
2020-05-27,44.1,44.5,43.7,43.9,2656880.0,60.07
2020-05-28,44.5,44.85,43.45,43.65,2220593.0,47.13
2020-05-29,43.5,43.95,43.2,43.75,1272596.0,53.02
2020-06-01,44.05,47.9,44.05,46.5,6932453.0,33.72
2020-06-02,46.5,47.25,46.0,46.65,2510752.0,36.92
2020-06-03,47.3,51.9,47.25,49.4,9921759.0,27.74
2020-06-04,49.75,52.0,49.4,50.35,5476798.0,28.0
2020-06-05,50.6,54.95,50.6,53.9,9368169.0,34.98
2020-06-08,56.0,56.3,53.05,53.55,6252252.0,45.47
2020-06-09,53.75,54.8,52.05,52.5,3625207.0,29.79
2020-06-10,52.05,56.2,52.05,55.4,7330297.0,35.52
2020-06-11,56.45,57.85,54.2,54.85,7960940.0,32.35
2020-06-12,51.9,54.9,51.0,54.55,3519775.0,28.37
2020-06-15,53.9,57.4,52.75,56.25,5426326.0,29.66
2020-06-16,57.75,58.3,52.7,54.4,5990296.0,34.53
2020-06-17,54.4,55.7,53.2,54.4,3439881.0,26.14
2020-06-18,54.3,56.65,54.1,55.45,3536226.0,35.11
2020-06-19,55.9,56.9,55.5,56.2,3930822.0,32.03
2020-06-22,56.8,65.65,56.8,64.35,16745258.0,29.49
2020-06-23,67.0,72.95,66.4,68.95,29751493.0,18.86
2020-06-24,70.0,71.5,65.0,65.3,8766066.0,31.71
2020-06-25,64.0,65.1,61.6,63.75,3838855.0,28.41
2020-06-26,64.9,69.0,64.5,66.45,5590622.0,22.91
2020-06-29,65.7,65.9,63.6,64.4,2133382.0,30.43
2020-06-30,65.4,66.15,56.0,62.0,3349105.0,24.57
2020-07-01,62.25,66.5,60.5,65.75,4415178.0,27.32
2020-07-02,66.65,67.85,65.3,65.8,3466755.0,27.24
2020-07-03,65.95,66.5,64.05,64.55,1779928.0,33.31
2020-07-06,65.25,65.5,64.25,64.7,1938326.0,32.84
2020-07-07,64.7,65.75,63.35,65.0,2912217.0,23.03
2020-07-08,65.05,69.0,64.8,65.95,8095257.0,27.11
2020-07-09,66.5,67.45,64.3,65.1,3829837.0,38.61
2020-07-10,64.95,65.45,63.3,63.9,2595043.0,35.77
2020-07-13,63.9,64.6,62.5,62.75,1936594.0,39.64
2020-07-14,62.1,62.4,60.2,61.0,2331846.0,30.85
2020-07-15,61.9,62.7,60.45,60.65,1911615.0,28.44
2020-07-16,60.6,60.9,58.5,59.6,2008339.0,31.74
2020-07-17,60.2,62.5,59.65,61.55,1692354.0,29.54
2020-07-20,61.65,63.0,61.2,61.6,1457500.0,33.87
2020-07-21,62.5,63.2,61.55,61.75,1886014.0,34.3
2020-07-22,61.9,62.35,60.55,61.1,1457715.0,30.51
2020-07-23,60.65,61.7,60.5,61.2,1155015.0,36.79
2020-07-24,60.9,60.9,59.1,60.1,1422234.0,33.29
2020-07-27,59.85,60.1,57.05,57.45,1861147.0,47.89
2020-07-28,57.05,59.0,57.05,58.3,1623876.0,27.87
2020-07-29,58.05,60.85,58.05,59.35,2181598.0,27.44
2020-07-30,59.7,60.4,58.1,58.3,996472.0,41.68
2020-07-31,58.3,58.8,57.5,58.45,1165669.0,30.33
2020-08-03,58.4,58.8,57.05,58.1,993849.0,39.68
2020-08-04,58.3,58.55,57.85,58.25,788083.0,36.77
2020-08-05,58.4,59.45,57.85,58.1,1107897.0,40.59
2020-08-06,58.4,59.7,57.9,58.45,1205327.0,32.69
2020-08-07,58.4,59.4,57.65,58.9,1382954.0,40.08
2020-08-10,60.0,60.8,59.05,59.8,1337329.0,38.04
2020-08-11,60.0,65.0,59.75,64.3,5437403.0,43.8
2020-08-12,66.5,66.5,63.8,64.25,8038246.0,30.54
2020-08-13,64.35,65.45,61.8,63.45,2188624.0,36.63
2020-08-14,64.65,65.15,60.3,62.1,5188459.0,22.15
2020-08-17,63.0,64.0,62.05,63.35,1969081.0,35.9
2020-08-18,63.4,63.7,62.6,63.15,1091751.0,41.18
2020-08-19,63.2,65.3,63.2,64.15,2559397.0,36.28
2020-08-20,63.4,64.65,63.15,63.8,1319797.0,34.39
2020-08-21,64.2,65.65,64.05,64.35,2389181.0,33.05
2020-08-24,64.9,67.5,64.75,65.85,4600441.0,32.2
2020-08-25,65.85,67.4,64.6,65.35,3258068.0,32.74
2020-08-26,65.9,66.35,65.1,65.25,1626443.0,49.29
2020-08-27,65.5,66.65,65.25,65.8,2396153.0,41.59
2020-08-28,66.25,70.2,66.0,68.8,11976811.0,30.9
2020-08-31,71.85,71.85,64.35,64.85,5332961.0,39.46
2020-09-01,65.0,65.7,63.2,64.75,1368404.0,29.14
2020-09-02,64.7,65.2,63.8,64.55,812139.0,34.89
2020-09-03,65.0,65.45,64.05,64.6,619865.0,34.39
2020-09-04,62.3,63.9,62.3,63.4,839011.0,45.91
2020-09-07,62.7,63.6,61.65,61.95,802160.0,50.98
2020-09-08,61.9,62.6,61.0,61.3,747743.0,40.47
2020-09-09,60.45,60.75,58.6,59.75,954103.0,36.19
2020-09-10,60.4,62.2,60.1,61.4,1143460.0,30.3
2020-09-11,61.55,62.2,61.05,61.7,527979.0,33.36
2020-09-14,62.25,64.45,62.0,63.35,2311904.0,25.28
2020-09-15,63.5,64.4,62.5,62.85,580529.0,35.49
2020-09-16,62.75,63.4,61.6,62.05,538538.0,39.48
2020-09-17,61.9,62.8,61.65,62.3,447061.0,41.17
2020-09-18,62.35,62.95,60.05,60.5,864027.0,57.3
2020-09-21,60.5,60.9,57.3,58.1,1127729.0,42.58
2020-09-22,57.85,58.05,55.25,56.5,953563.0,32.18
2020-09-23,57.95,57.95,55.75,57.15,657707.0,34.87
2020-09-24,55.5,56.15,54.55,54.75,719019.0,47.01
2020-09-25,53.2,56.75,53.1,55.1,1825563.0,27.81
2020-09-28,55.55,57.95,55.55,57.6,752897.0,37.15
2020-09-29,58.2,58.3,56.35,56.8,446572.0,31.05
2020-09-30,56.4,56.8,56.0,56.3,334297.0,30.16
2020-10-01,56.9,57.9,56.8,57.2,419375.0,34.55
2020-10-02,56.9,57.9,56.8,57.2,419375.0,34.55
2020-10-05,58.45,59.1,57.7,58.5,826094.0,36.61
2020-10-06,58.9,59.0,57.55,58.25,382236.0,34.88
2020-10-07,58.9,58.9,57.45,58.0,430521.0,35.53
2020-10-08,58.8,58.85,57.55,58.6,949125.0,45.86
2020-10-09,58.1,61.5,57.85,60.2,2121519.0,20.1
2020-10-12,60.25,61.6,58.7,59.25,995982.0,24.69
2020-10-13,58.7,59.05,57.75,57.95,509518.0,38.97
2020-10-14,57.95,58.35,56.85,57.95,702353.0,26.65
2020-10-15,58.0,58.95,56.2,56.6,620085.0,30.53
2020-10-16,57.4,57.8,56.55,57.5,597521.0,27.91
2020-10-19,57.9,60.4,57.9,59.6,1230282.0,32.12
2020-10-20,59.6,59.75,58.8,59.5,554896.0,37.85
2020-10-21,59.85,60.7,59.6,60.35,1034664.0,49.42
2020-10-22,60.7,63.45,60.25,62.05,3515396.0,18.89
2020-10-23,62.65,62.9,60.85,61.25,979001.0,34.0
2020-10-26,62.0,62.0,60.0,60.3,565010.0,37.74
2020-10-27,60.25,60.3,59.0,59.8,480908.0,32.33
2020-10-28,60.0,60.0,59.0,59.25,434759.0,40.24
2020-10-29,58.35,59.05,57.45,58.15,564113.0,38.65
2020-10-30,58.8,59.4,57.35,57.9,552108.0,38.3
2020-11-02,58.05,59.9,57.55,58.45,954852.0,25.06
2020-11-03,58.6,60.2,58.2,59.05,818243.0,33.03
2020-11-04,59.85,59.85,58.0,58.7,539912.0,28.58
2020-11-05,59.5,60.9,59.0,59.9,996251.0,34.06
2020-11-06,60.4,61.35,59.95,60.15,1058828.0,35.33
2020-11-09,60.9,61.3,60.15,61.05,915587.0,45.61
2020-11-10,61.5,64.0,60.85,63.75,2995427.0,42.48
2020-11-11,64.25,65.0,59.5,62.55,2125622.0,35.11
2020-11-12,62.75,62.75,61.4,61.95,1229303.0,27.58
2020-11-13,62.15,63.0,61.05,62.6,712600.0,39.2
2020-11-16,63.0,63.0,61.8,62.5,221959.0,65.13
2020-11-17,62.9,65.2,62.25,64.4,2538451.0,45.93
2020-11-18,64.4,66.2,63.5,65.15,2539183.0,41.9
2020-11-19,64.5,65.2,62.6,63.0,1297903.0,45.23
2020-11-20,63.0,63.85,62.0,63.0,1073247.0,27.24
2020-11-23,63.2,65.2,63.05,64.85,1510681.0,52.74
2020-11-24,64.95,65.8,64.55,65.2,1208487.0,49.64
2020-11-25,65.55,68.25,64.6,65.7,5615085.0,23.21
2020-11-26,65.7,67.3,65.5,67.1,1687260.0,33.16
2020-11-27,67.0,68.8,66.5,67.45,3555115.0,31.94
2020-11-30,67.0,68.8,66.5,67.45,3555115.0,31.94
2020-12-01,68.55,69.8,67.5,69.15,3530904.0,42.68
2020-12-02,69.4,70.2,66.85,68.1,2842503.0,29.58
2020-12-03,68.6,74.0,68.35,72.9,11758628.0,28.59
2020-12-04,74.6,75.1,71.15,73.1,7093724.0,28.88
2020-12-07,74.35,74.8,73.0,74.15,3658260.0,36.09
2020-12-08,74.3,88.5,73.45,85.2,21279579.0,22.33
2020-12-09,90.65,94.0,87.05,89.45,21249164.0,16.5
2020-12-10,89.4,89.4,84.1,86.05,6935511.0,20.42
2020-12-11,85.8,88.45,84.75,85.95,5050680.0,18.54
2020-12-14,85.95,97.75,85.9,95.9,14205688.0,22.66
2020-12-15,95.0,95.0,90.0,92.65,8949985.0,18.45
2020-12-16,93.0,93.9,91.8,92.4,3543599.0,34.77
2020-12-17,92.7,94.9,90.0,90.6,3127394.0,25.14
2020-12-18,91.15,91.45,86.5,87.4,2799891.0,32.16
2020-12-21,86.5,87.15,75.2,78.35,4851186.0,27.98
2020-12-22,78.5,84.0,74.05,82.45,7718793.0,16.25
2020-12-23,82.7,86.0,81.0,85.35,3879431.0,21.69
2020-12-24,86.0,87.95,85.9,86.4,2513484.0,30.56
2020-12-25,86.0,87.95,85.9,86.4,2513484.0,30.56
2020-12-28,86.4,90.4,85.55,88.45,3941840.0,19.18
2020-12-29,88.15,90.0,87.5,88.3,2878635.0,20.21
2020-12-30,88.4,89.1,86.25,87.05,2534807.0,17.15
2020-12-31,87.0,87.75,84.6,85.7,1731224.0,28.13
2021-01-01,86.25,89.8,86.0,88.35,3303238.0,18.93
2021-01-04,89.5,89.75,87.2,88.7,2096958.0,26.7
2021-01-05,88.0,88.5,87.0,87.85,1750652.0,29.62
2021-01-06,88.4,89.85,87.0,87.75,2423058.0,26.16
2021-01-07,88.6,89.15,86.15,87.35,2508054.0,38.58
2021-01-08,88.0,89.5,86.8,87.1,2319766.0,43.68
2021-01-11,87.75,88.4,85.8,86.4,1643940.0,40.5
2021-01-12,86.7,93.5,85.35,91.75,8867303.0,26.06
2021-01-13,91.9,92.95,88.1,90.0,6884124.0,30.96
2021-01-14,90.45,98.8,89.4,95.6,18222956.0,22.18
2021-01-15,95.5,96.1,90.3,91.85,5958308.0,28.2
2021-01-18,92.4,94.4,89.0,90.75,5487468.0,16.93
2021-01-19,91.3,97.7,91.3,95.4,6146170.0,27.98
2021-01-20,96.5,97.4,94.55,96.0,5369989.0,19.97
2021-01-21,96.9,97.0,86.2,89.3,6278566.0,29.99
2021-01-22,90.8,93.8,88.5,90.9,11051683.0,14.09
2021-01-25,92.0,93.4,88.85,89.8,5911804.0,21.86
2021-01-26,92.0,93.4,88.85,89.8,5911804.0,21.86
2021-01-27,89.95,90.2,87.5,87.95,2996986.0,26.36
2021-01-28,87.5,91.0,86.6,89.9,4588470.0,28.09
2021-01-29,91.0,92.2,87.0,88.45,3170018.0,25.48
2021-02-01,88.8,95.5,87.5,94.7,7024796.0,30.19
2021-02-02,95.7,104.9,94.35,101.45,13241812.0,27.58
2021-02-03,101.85,104.75,98.3,101.95,7843524.0,21.05
2021-02-04,102.0,120.85,100.65,118.75,36202667.0,12.27
2021-02-05,119.65,137.0,119.1,127.75,36199779.0,14.66
2021-02-08,129.5,134.5,124.3,128.95,11195024.0,18.13
2021-02-09,129.6,130.0,124.2,126.05,4863806.0,19.31
2021-02-10,126.7,126.8,121.35,122.65,3479132.0,26.99
2021-02-11,122.0,125.6,121.05,123.7,2161879.0,21.56
2021-02-12,124.0,128.35,122.0,123.25,4012392.0,16.91
2021-02-15,124.7,128.3,122.6,125.75,3069337.0,30.7
2021-02-16,127.0,137.0,126.25,129.85,11971941.0,21.36
2021-02-17,129.4,142.8,129.0,142.8,12933944.0,30.56
2021-02-18,147.0,157.0,145.3,149.9,18215508.0,20.13
2021-02-19,150.5,153.75,136.55,142.2,8010972.0,25.91
2021-02-22,140.0,143.45,133.35,136.0,4849411.0,24.8
2021-02-23,137.5,146.4,136.75,137.9,6496076.0,19.71
2021-02-24,139.5,145.8,137.6,142.7,3143234.0,31.5
2021-02-25,145.0,147.45,142.55,142.95,2737022.0,39.08
2021-02-26,139.65,141.6,135.5,136.05,3083085.0,43.69
2021-03-01,138.5,139.55,135.8,137.5,1528214.0,29.06
2021-03-02,138.35,140.85,136.4,137.85,2694439.0,20.83
2021-03-03,139.35,142.4,138.0,139.4,3516763.0,29.14
2021-03-04,139.0,143.0,138.0,140.05,3048632.0,25.47
2021-03-05,140.9,141.75,136.85,139.1,1857181.0,36.58
2021-03-08,143.0,143.95,139.0,139.5,2140952.0,26.25
2021-03-09,140.0,141.0,134.0,135.15,1639639.0,35.6
2021-03-10,138.8,139.7,134.5,134.8,1502020.0,40.26
2021-03-11,138.8,139.7,134.5,134.8,1502020.0,40.26
2021-03-12,137.25,137.35,128.85,131.5,1672189.0,36.04
2021-03-15,131.0,131.5,125.45,126.85,2232322.0,41.19
2021-03-16,127.0,128.0,124.0,124.6,1811574.0,28.95
2021-03-17,124.0,125.3,115.3,116.3,2221057.0,46.96
2021-03-18,118.65,123.7,116.55,119.0,3451622.0,25.71
2021-03-19,116.0,120.5,112.0,119.55,2984284.0,28.49
2021-03-22,119.5,122.9,118.35,119.8,1420899.0,23.09
2021-03-23,120.75,126.35,120.3,123.15,3073845.0,18.67
2021-03-24,122.8,124.1,118.3,118.9,1512244.0,27.92
2021-03-25,119.9,120.0,112.3,116.1,2003451.0,29.11
2021-03-26,118.45,119.8,117.05,118.25,1207407.0,28.44
2021-03-29,118.45,119.8,117.05,118.25,1207407.0,28.44
2021-03-30,119.5,120.1,114.7,115.4,1380297.0,42.12
2021-03-31,114.0,121.0,113.8,116.1,2029178.0,24.47
2021-04-01,118.0,119.6,117.0,118.1,1214824.0,36.46
2021-04-02,118.0,119.6,117.0,118.1,1214824.0,36.46
2021-04-05,118.4,118.7,113.05,114.65,1219864.0,31.02
2021-04-06,115.7,116.4,112.6,113.8,1244908.0,24.64
2021-04-07,113.9,116.75,113.05,115.35,1809506.0,31.2
2021-04-08,116.5,116.75,113.0,113.45,1183845.0,39.71
2021-04-09,113.45,122.65,113.0,118.0,5620310.0,16.15
2021-04-12,113.95,114.35,103.45,104.7,4699208.0,25.66
2021-04-13,105.55,109.8,105.55,107.9,3307412.0,15.37
2021-04-14,105.55,109.8,105.55,107.9,3307412.0,15.37
2021-04-15,108.9,108.9,98.7,102.95,4538734.0,24.0
2021-04-16,103.9,108.4,102.7,103.2,4418714.0,19.25
2021-04-19,99.95,99.95,96.05,98.6,3713126.0,23.3
2021-04-20,100.6,102.6,99.35,100.7,1679943.0,26.32
2021-04-21,100.6,102.6,99.35,100.7,1679943.0,26.32
2021-04-22,100.7,101.4,98.4,101.05,2293885.0,22.37
2021-04-23,100.05,107.95,99.65,107.2,4900053.0,28.16
2021-04-26,107.2,110.7,106.75,109.6,2643998.0,21.58
2021-04-27,109.0,113.7,109.0,112.0,2690495.0,22.5
2021-04-28,113.85,114.6,112.75,113.4,2037803.0,28.4
2021-04-29,114.45,115.2,111.25,111.85,1948479.0,28.54
2021-04-30,110.0,112.9,108.65,110.0,1664813.0,24.83
2021-05-03,108.75,110.55,107.05,108.65,1466131.0,27.72
2021-05-04,108.8,121.6,108.8,113.8,14628086.0,12.28
2021-05-05,116.4,117.4,113.4,114.55,4158568.0,17.26
2021-05-06,114.8,116.0,112.55,113.85,2039749.0,21.11
2021-05-07,114.9,115.5,112.15,112.9,3072678.0,19.78
2021-05-10,114.45,120.45,112.7,118.05,4363055.0,27.52
2021-05-11,116.8,125.0,115.3,123.8,7670958.0,24.7
2021-05-12,124.8,132.75,123.7,128.5,9286077.0,20.7
2021-05-13,124.8,132.75,123.7,128.5,9286077.0,20.7
2021-05-14,130.0,133.9,124.55,125.85,7876471.0,19.65
2021-05-17,128.4,129.0,124.0,125.65,6308906.0,23.23
2021-05-18,128.0,128.65,122.8,123.65,2962332.0,31.98
2021-05-19,124.4,128.0,124.0,127.05,4685683.0,21.85
2021-05-20,128.0,128.2,125.2,126.65,1711781.0,28.22
2021-05-21,126.8,143.1,126.8,140.3,26133209.0,18.4
2021-05-24,142.95,145.9,141.1,144.9,8821777.0,17.25
2021-05-25,146.0,146.8,141.0,142.45,4445185.0,26.15
2021-05-26,143.4,144.7,141.55,142.7,2567381.0,20.25
2021-05-27,142.7,143.55,140.15,140.85,2640568.0,28.88
2021-05-28,142.5,149.0,141.2,142.55,7164639.0,26.79
2021-05-31,143.0,144.65,138.15,139.95,4307505.0,35.12
2021-06-01,141.0,141.1,135.5,136.05,2847892.0,31.92
2021-06-02,136.45,144.0,135.0,143.25,4958252.0,30.74
2021-06-03,143.75,148.5,142.05,146.6,6247450.0,26.41
2021-06-04,146.6,147.95,142.15,143.4,3813824.0,34.5
2021-06-07,143.9,145.45,142.0,142.75,2077076.0,40.38
2021-06-08,142.0,143.5,138.3,139.65,3120462.0,41.93
2021-06-09,141.0,143.5,137.25,139.2,2511667.0,30.31
2021-06-10,140.5,143.95,139.9,143.4,2241159.0,35.07
2021-06-11,144.5,144.8,139.65,140.55,1971239.0,49.36
2021-06-14,140.75,149.45,137.2,146.05,6580138.0,34.59
2021-06-15,146.65,148.3,143.3,143.9,3009904.0,32.54
2021-06-16,144.4,148.0,139.0,141.1,3614495.0,28.87
2021-06-17,140.1,143.7,138.15,140.2,2427253.0,29.96
2021-06-18,141.0,142.5,133.35,139.95,2660618.0,23.93
2021-06-21,136.0,149.45,136.0,145.45,8030926.0,18.51
2021-06-22,147.0,154.2,146.1,151.1,11092125.0,34.0
2021-06-23,152.6,153.4,148.0,149.4,4189959.0,29.21
2021-06-24,150.7,150.7,146.35,147.35,1836246.0,28.43
2021-06-25,147.4,151.0,146.8,148.5,3036940.0,23.87
2021-06-28,149.6,155.5,149.3,154.6,5712851.0,34.69
2021-06-29,142.0,148.0,141.25,144.8,20182494.0,60.36
2021-06-30,146.25,147.8,142.9,144.7,4690171.0,47.92
2021-07-01,145.8,145.8,141.25,141.95,2208473.0,34.16
2021-07-02,142.0,144.4,141.1,142.15,2162362.0,32.12
2021-07-05,142.5,144.2,142.1,142.4,1705913.0,45.98
2021-07-06,143.45,143.95,139.1,140.65,2777199.0,57.14
2021-07-07,140.3,141.6,138.5,139.05,2305596.0,41.28
2021-07-08,138.0,140.55,134.6,135.65,2585010.0,46.03
2021-07-09,135.65,137.8,135.25,136.0,2589032.0,46.42
2021-07-12,137.7,140.0,135.35,136.1,3179019.0,41.71
2021-07-13,137.55,138.4,135.65,136.0,1517281.0,42.29
2021-07-14,136.7,137.45,135.4,136.95,1989191.0,54.34
2021-07-15,137.4,138.7,136.5,138.25,2034974.0,60.42
2021-07-16,139.0,139.15,137.3,138.15,1540020.0,55.93
2021-07-19,138.15,143.8,137.75,139.3,12124643.0,32.69
2021-07-20,143.5,143.5,136.85,137.8,9077451.0,36.78
2021-07-21,143.5,143.5,136.85,137.8,9077451.0,36.78
2021-07-22,140.75,141.9,139.0,140.05,2731115.0,43.01
2021-07-23,140.6,141.1,138.0,138.9,1444500.0,42.07
2021-07-26,141.0,141.2,139.2,139.6,1715087.0,44.98
2021-07-27,139.6,141.6,136.1,137.25,1710970.0,42.63
2021-07-28,137.5,138.5,134.25,135.0,1704709.0,46.05
2021-07-29,136.25,139.9,135.6,138.8,2171279.0,39.73
2021-07-30,139.5,141.5,138.5,139.0,1501008.0,32.7
2021-08-02,140.2,141.0,138.8,139.3,1508012.0,38.7
2021-08-03,139.3,142.4,139.3,141.8,2317460.0,54.45
2021-08-04,142.25,143.5,139.6,140.15,3299350.0,33.21
2021-08-05,140.0,140.35,134.2,135.35,3375060.0,52.06
2021-08-06,137.0,137.9,134.5,135.25,2589992.0,39.94
2021-08-09,136.2,136.7,134.2,134.6,1020691.0,43.28
2021-08-10,135.0,135.25,129.0,129.95,3766128.0,59.32
2021-08-11,130.1,131.2,127.4,128.4,2219401.0,43.53
2021-08-12,128.5,132.95,128.5,130.95,2151476.0,42.21
2021-08-13,130.95,132.45,129.35,129.95,1108560.0,43.13
2021-08-16,129.8,132.25,128.75,131.7,1578701.0,45.41
2021-08-17,131.2,131.35,125.0,125.85,1674694.0,51.62
2021-08-18,125.95,127.4,124.0,125.3,1530995.0,32.12
2021-08-19,125.95,127.4,124.0,125.3,1530995.0,32.12
2021-08-20,124.2,126.9,120.6,121.65,2224961.0,39.47
2021-08-23,123.0,123.0,115.1,116.25,3214544.0,46.8
2021-08-24,116.85,119.45,115.1,117.7,2361588.0,41.24
2021-08-25,119.0,125.0,118.55,123.4,3077655.0,40.78
2021-08-26,123.8,124.7,121.75,122.85,1189141.0,42.13
2021-08-27,123.7,124.7,122.0,123.4,1388974.0,45.35
2021-08-30,124.75,127.8,120.6,121.5,3780698.0,52.75
2021-08-31,122.85,127.15,122.3,125.0,3398518.0,37.97
2021-09-01,125.1,127.15,124.7,126.65,1631277.0,40.3
2021-09-02,127.0,128.1,124.55,125.5,1194811.0,43.71
2021-09-03,125.5,129.5,124.2,125.45,2218270.0,33.24
2021-09-06,126.7,126.7,123.5,124.1,1527780.0,46.08
2021-09-07,124.55,126.45,121.95,122.35,1843182.0,33.87
2021-09-08,122.85,125.0,122.35,123.2,1033483.0,29.57
2021-09-09,123.4,125.45,123.05,124.9,1140118.0,42.74
2021-09-10,123.4,125.45,123.05,124.9,1140118.0,42.74
2021-09-13,124.9,125.75,123.75,125.0,809642.0,54.49
2021-09-14,125.75,129.15,125.45,128.6,1774143.0,48.11
2021-09-15,128.75,134.5,127.65,133.85,4222833.0,44.23
2021-09-16,134.85,140.0,134.4,139.2,5653785.0,39.47
2021-09-17,141.4,144.3,134.0,137.05,7223477.0,48.34
2021-09-20,134.0,136.3,133.0,133.1,1374061.0,44.84
2021-09-21,133.5,134.3,128.15,129.85,2427547.0,45.24
2021-09-22,130.7,135.9,130.05,132.0,2542358.0,41.3
2021-09-23,133.2,134.65,131.55,131.95,1665255.0,55.89
2021-09-24,131.95,132.9,125.9,128.3,3482477.0,54.26
2021-09-27,129.1,129.7,124.0,125.0,2524191.0,49.92
2021-09-28,125.7,131.5,125.4,130.35,4194893.0,50.63
2021-09-29,129.95,137.8,128.1,134.2,5492241.0,38.81
2021-09-30,134.9,141.65,134.2,140.35,7663301.0,39.82
2021-10-01,139.5,143.0,137.05,141.8,5365567.0,34.63
2021-10-04,142.3,143.95,142.05,142.65,3873394.0,38.73
2021-10-05,143.45,143.45,139.1,140.1,2736892.0,36.9
2021-10-06,140.4,142.3,138.5,139.15,2173832.0,37.26
2021-10-07,140.1,141.5,138.15,139.7,1442994.0,40.47
2021-10-08,140.4,142.0,138.8,141.5,2335403.0,34.33
2021-10-11,142.65,147.85,141.3,145.8,6786194.0,46.5
2021-10-12,147.05,161.5,145.5,159.8,21572593.0,33.87
2021-10-13,162.0,166.0,158.2,163.55,14750933.0,35.65
2021-10-14,164.45,167.5,161.4,164.5,9467681.0,39.64
2021-10-15,164.45,167.5,161.4,164.5,9467681.0,39.64
2021-10-18,170.9,174.8,169.0,171.45,9664176.0,40.3
2021-10-19,173.0,174.75,157.15,159.15,8793903.0,45.68
2021-10-20,160.35,164.45,153.55,163.45,7628484.0,30.44
2021-10-21,165.05,176.5,163.5,174.2,13230489.0,33.77
2021-10-22,176.5,185.75,175.8,182.5,21514728.0,29.83
2021-10-25,184.25,194.4,176.65,187.7,17175911.0,27.04
2021-10-26,188.5,194.95,185.2,186.1,11493493.0,35.04
2021-10-27,187.5,192.8,184.35,189.45,6746856.0,37.69
2021-10-28,189.5,189.5,171.5,174.3,7685967.0,32.28
2021-10-29,174.85,177.8,155.6,172.1,16482557.0,20.97
2021-11-01,161.35,176.0,161.35,172.1,4963378.0,26.71
2021-11-02,176.25,176.4,171.85,173.2,4879291.0,36.29
2021-11-03,174.5,174.9,166.1,167.25,6100519.0,37.55
2021-11-04,174.5,174.9,166.1,167.25,6100519.0,37.55
2021-11-05,170.0,174.45,169.15,172.85,1349133.0,41.5
2021-11-08,174.5,177.55,170.0,176.55,6121786.0,36.06
2021-11-09,177.45,184.6,176.35,179.05,6804347.0,30.72
2021-11-10,177.8,178.5,173.8,175.8,3930692.0,36.06
2021-11-11,175.0,177.9,170.45,172.3,3438140.0,30.85
2021-11-12,173.35,174.6,168.0,168.95,2738390.0,36.8
2021-11-15,170.0,170.6,165.0,165.8,1813159.0,29.14
2021-11-16,166.0,168.45,162.9,164.05,2124733.0,29.57
2021-11-17,162.0,167.4,162.0,162.8,2688007.0,32.63
2021-11-18,163.25,164.7,159.0,160.2,2537581.0,24.19
2021-11-19,163.25,164.7,159.0,160.2,2537581.0,24.19
2021-11-22,160.3,161.15,142.0,143.7,6753354.0,40.04
2021-11-23,143.95,152.0,143.65,151.0,6571100.0,35.48
2021-11-24,152.05,159.4,151.8,156.8,5435926.0,25.19
2021-11-25,156.5,156.8,152.5,153.1,2886451.0,22.56
2021-11-26,151.6,151.6,145.55,147.7,3409526.0,28.87
2021-11-29,145.9,147.15,138.25,142.95,3793521.0,22.82
2021-11-30,144.0,148.85,141.0,142.8,2578728.0,18.22
2021-12-01,144.05,146.35,142.2,143.35,2776145.0,26.93
2021-12-02,144.9,144.9,142.4,143.7,1976984.0,34.88
2021-12-03,144.0,146.75,142.05,142.65,2566811.0,28.87
2021-12-06,143.8,145.45,141.25,144.95,2924245.0,39.85
2021-12-07,147.0,147.3,144.35,146.2,2070375.0,43.88
2021-12-08,147.95,154.8,147.25,153.7,4729141.0,31.74
2021-12-09,154.45,155.6,151.2,153.4,2182532.0,22.53
2021-12-10,152.9,163.4,151.85,160.2,4112219.0,27.81
2021-12-13,164.0,165.9,158.0,159.1,2924536.0,35.13
2021-12-14,156.9,158.15,153.5,154.5,2513614.0,26.73
2021-12-15,155.6,156.8,151.35,151.95,1585751.0,31.04
2021-12-16,153.75,154.6,148.2,149.3,2154657.0,24.6
2021-12-17,150.45,150.45,141.6,142.25,3107628.0,46.44
2021-12-20,142.1,142.25,133.45,137.35,3192606.0,37.22
2021-12-21,139.8,141.95,137.35,138.45,1846856.0,24.1
2021-12-22,140.1,143.5,136.6,137.55,4294571.0,34.83
2021-12-23,139.3,143.0,138.6,141.5,2467509.0,29.4
2021-12-24,142.0,142.5,137.05,137.55,2120048.0,37.15
2021-12-27,136.25,137.35,133.25,136.1,2117020.0,26.68
2021-12-28,137.4,163.3,137.15,141.0,2234026.0,28.57
2021-12-29,142.2,142.9,138.85,139.65,2275339.0,38.24
2021-12-30,138.45,139.9,137.3,137.9,1304902.0,35.28
2021-12-31,138.25,141.15,138.25,139.6,1281459.0,29.4
2022-01-03,138.8,142.95,138.8,142.15,1776764.0,33.25
2022-01-04,143.0,146.45,142.15,143.75,2321248.0,25.43
2022-01-05,143.6,147.45,142.85,144.25,3134266.0,28.65
2022-01-06,142.0,144.45,141.3,143.1,2452008.0,27.43
2022-01-07,143.7,146.15,143.1,144.15,2435193.0,32.33
2022-01-10,144.7,149.3,144.7,148.5,3344728.0,39.42
2022-01-11,148.85,148.95,145.1,145.7,1649118.0,43.63
2022-01-12,147.3,148.25,145.4,145.85,1977157.0,43.19
2022-01-13,146.7,147.0,144.6,144.95,1721817.0,45.19
2022-01-14,145.0,148.0,144.3,146.05,3713740.0,38.77
2022-01-17,147.0,147.9,145.4,145.75,1480166.0,36.58
2022-01-18,146.5,146.85,139.15,141.5,1865733.0,42.47
2022-01-19,141.9,142.75,139.8,141.75,1998676.0,32.95
2022-01-20,141.8,143.35,141.1,141.9,1564301.0,28.1
2022-01-21,141.0,141.65,138.5,139.3,1177358.0,40.02
2022-01-24,139.65,140.25,132.0,134.55,3048479.0,52.44
2022-01-25,133.0,136.35,130.9,135.35,3551569.0,38.74
2022-01-26,133.0,136.35,130.9,135.35,3551569.0,38.74
2022-01-27,134.0,146.9,133.2,145.85,6993098.0,32.47
2022-01-28,147.5,151.85,146.25,150.1,5673629.0,39.86
2022-01-31,152.4,160.7,152.05,156.7,8772066.0,39.7
2022-02-01,157.95,161.5,151.7,153.05,10273901.0,39.03
2022-02-02,154.75,172.3,154.75,168.15,13483739.0,31.67
2022-02-03,168.5,171.95,165.6,168.05,7137949.0,21.79
2022-02-04,168.15,170.3,162.65,168.45,6560635.0,26.52
2022-02-07,169.15,178.7,155.3,158.95,20025570.0,31.29
2022-02-08,158.25,163.1,153.35,155.65,7173035.0,27.43
2022-02-09,158.0,159.85,153.6,155.6,4416559.0,28.61
2022-02-10,156.7,158.5,154.6,157.8,2860373.0,20.65
2022-02-11,154.5,157.5,152.05,153.15,2893723.0,33.85
2022-02-14,150.0,150.0,145.55,149.0,3306119.0,40.19
2022-02-15,148.0,155.0,144.8,153.8,4059534.0,19.91
2022-02-16,154.6,156.95,151.1,152.1,2491167.0,32.63
2022-02-17,153.45,154.65,151.1,151.8,1569528.0,31.87
2022-02-18,150.1,153.3,150.1,152.05,1406435.0,26.55
2022-02-21,150.25,151.6,146.25,147.15,1615079.0,23.07
2022-02-22,144.0,146.85,142.2,145.45,1723580.0,34.48
2022-02-23,146.2,151.95,146.2,149.55,2357147.0,22.04
2022-02-24,142.2,145.8,135.0,136.65,3917451.0,37.37
2022-02-25,148.9,148.9,139.5,141.35,3555253.0,23.44
2022-02-28,141.1,144.0,140.0,143.15,2470777.0,29.15
2022-03-01,141.1,144.0,140.0,143.15,2470777.0,29.15
2022-03-02,141.95,143.7,140.6,142.5,1422036.0,26.05
2022-03-03,144.4,145.5,143.15,144.25,1879593.0,48.8
2022-03-04,142.5,143.45,141.45,142.05,3220773.0,49.5
2022-03-07,139.0,139.0,131.5,132.45,4454746.0,53.71
2022-03-08,132.95,146.8,132.75,144.75,5634046.0,20.72
2022-03-09,145.0,148.75,142.75,146.05,4050512.0,17.42
2022-03-10,148.25,153.9,146.0,148.75,2994204.0,22.31
2022-03-11,148.7,150.35,146.55,148.45,1258594.0,17.89
2022-03-14,148.0,153.8,147.25,152.45,2825636.0,21.61
2022-03-15,152.9,154.0,146.75,148.7,1709725.0,21.16
2022-03-16,150.1,152.25,148.6,151.25,1362779.0,24.01
2022-03-17,153.0,157.0,153.0,156.55,3476000.0,47.24
2022-03-18,153.0,157.0,153.0,156.55,3476000.0,47.24
2022-03-21,158.0,158.0,153.35,155.7,1765323.0,58.87
2022-03-22,155.0,155.9,151.8,154.1,1113478.0,18.61
2022-03-23,155.9,157.2,151.0,151.45,1556961.0,31.34
2022-03-24,152.0,152.65,149.2,149.85,1124453.0,33.64
2022-03-25,151.05,151.9,148.2,148.95,1318128.0,43.43
2022-03-28,149.5,150.6,145.75,149.2,1436910.0,20.98
2022-03-29,150.7,151.5,147.0,148.1,1109007.0,30.52
2022-03-30,150.25,154.9,148.75,152.8,2254515.0,42.32
2022-03-31,155.0,155.6,151.35,153.9,2316864.0,24.0
2022-04-01,155.2,160.6,153.45,160.1,2417961.0,39.24
2022-04-04,161.0,164.4,160.55,161.45,2167051.0,30.97
2022-04-05,162.9,165.3,160.8,162.35,2800524.0,40.6
2022-04-06,162.45,169.0,160.3,168.4,2779213.0,33.55
2022-04-07,168.2,175.5,166.5,169.7,4655161.0,34.56
2022-04-08,171.0,171.8,168.5,170.15,1979171.0,31.25
2022-04-11,170.15,174.3,169.6,171.2,2267126.0,22.35
2022-04-12,170.0,170.0,164.1,167.1,1981666.0,26.1
2022-04-13,167.95,169.0,166.25,167.35,1212763.0,24.24
2022-04-14,167.95,169.0,166.25,167.35,1212763.0,24.24
2022-04-15,167.95,169.0,166.25,167.35,1212763.0,24.24
2022-04-18,165.0,165.35,161.4,163.4,1168659.0,25.33
2022-04-19,163.4,168.0,158.05,161.3,2217309.0,36.35
2022-04-20,162.15,165.6,161.3,164.75,1491916.0,38.96
2022-04-21,165.9,167.0,165.05,166.0,830302.0,36.33
2022-04-22,165.0,165.9,160.15,161.6,844071.0,38.15
2022-04-25,161.75,161.75,158.55,159.5,1332057.0,34.06
2022-04-26,161.0,163.2,160.6,162.05,951533.0,27.65
2022-04-27,161.0,163.75,159.2,163.2,880490.0,29.73
2022-04-28,164.75,164.75,160.25,161.4,855322.0,23.52
2022-04-29,162.7,164.7,161.15,163.5,1280163.0,43.09
2022-05-02,160.1,161.55,158.25,160.9,705290.0,26.34
2022-05-03,160.1,161.55,158.25,160.9,705290.0,26.34
2022-05-04,161.95,163.35,150.0,155.1,1259752.0,33.91
2022-05-05,156.1,158.65,149.7,150.95,1116396.0,41.09
2022-05-06,149.0,154.1,146.2,153.25,1632215.0,31.34
2022-05-09,153.25,153.25,148.15,150.45,944807.0,24.31
2022-05-10,150.45,154.0,147.4,148.7,1352176.0,35.53
2022-05-11,150.0,151.3,140.85,144.25,1550144.0,29.11
2022-05-12,141.9,142.8,137.05,137.75,2738548.0,33.04
2022-05-13,141.0,149.8,141.0,145.55,3117375.0,28.51
2022-05-16,145.5,155.4,145.15,154.65,2291681.0,29.27
2022-05-17,155.65,156.75,153.1,154.15,1473358.0,39.2
2022-05-18,155.4,157.65,152.55,153.75,1277830.0,28.63
2022-05-19,150.3,153.6,148.9,151.95,964098.0,37.99
2022-05-20,154.0,157.9,153.6,157.35,1009450.0,37.64
2022-05-23,157.35,160.7,155.3,156.7,1150435.0,32.13
2022-05-24,157.95,160.0,156.5,159.3,1144232.0,42.88
2022-05-25,160.1,162.7,158.05,159.55,2004380.0,50.0
2022-05-26,161.5,162.2,154.2,160.25,1576237.0,35.04
2022-05-27,162.4,164.0,160.35,163.25,1767924.0,42.94
2022-05-30,165.6,169.05,164.5,167.55,1739246.0,38.14
2022-05-31,167.55,173.0,164.2,169.45,7358370.0,76.24
2022-06-01,169.0,171.5,167.25,169.9,1286529.0,45.0
2022-06-02,170.0,171.55,162.95,167.1,1338244.0,31.62
2022-06-03,169.0,170.85,163.35,164.25,1571472.0,42.45
2022-06-06,164.4,165.45,160.15,163.65,872574.0,29.67
2022-06-07,163.95,163.95,161.15,162.35,949417.0,15.01
2022-06-08,163.0,165.65,161.5,162.6,984335.0,22.33
2022-06-09,162.5,163.2,161.05,162.1,473895.0,29.24
2022-06-10,160.5,164.45,160.0,163.5,1277139.0,61.54
2022-06-13,161.5,161.5,157.65,159.9,1090427.0,39.25
2022-06-14,153.9,155.4,150.1,151.9,1393163.0,25.28
2022-06-15,151.4,154.3,151.05,152.95,705773.0,22.91
2022-06-16,154.0,155.5,149.85,151.0,1096739.0,39.63
2022-06-17,150.0,150.4,145.05,145.75,1010035.0,28.49
2022-06-20,145.75,147.2,140.0,141.45,1366038.0,47.09
2022-06-21,142.0,147.9,141.5,146.6,883653.0,20.77
2022-06-22,146.45,149.1,144.25,145.85,2116527.0,34.97
2022-06-23,146.4,148.5,143.4,147.2,854972.0,16.35
2022-06-24,147.9,153.6,147.6,152.7,1342399.0,36.68
2022-06-27,154.2,155.65,152.05,152.9,692383.0,21.88
2022-06-28,152.1,153.9,151.7,153.05,543324.0,32.51
2022-06-29,151.0,151.8,149.4,150.05,416104.0,30.25
2022-06-30,149.5,151.9,146.4,149.85,658463.0,31.09
2022-07-01,148.35,150.75,146.65,149.55,746419.0,21.92
2022-07-04,150.3,151.8,149.1,150.7,433081.0,22.05
2022-07-05,152.0,154.5,151.6,152.15,1594149.0,49.79
2022-07-06,152.15,153.4,150.15,150.95,1545814.0,50.1
2022-07-07,151.8,157.3,151.5,156.45,2390496.0,37.95
2022-07-08,157.9,162.0,156.45,160.3,1272417.0,35.76
2022-07-11,160.0,168.65,158.55,168.15,2512313.0,41.9
2022-07-12,167.7,175.95,166.5,175.1,4471402.0,43.12
2022-07-13,175.25,179.7,172.8,174.05,3280410.0,30.44
2022-07-14,175.3,175.3,166.95,169.75,2735782.0,46.75
2022-07-15,169.65,174.15,169.05,171.7,1805121.0,25.0
2022-07-18,173.0,174.6,171.05,172.0,2278437.0,62.98
2022-07-19,172.5,175.0,171.05,174.05,2014031.0,45.1
2022-07-20,175.5,176.4,173.4,175.1,2692419.0,50.03
2022-07-21,175.0,179.45,173.4,176.7,2009270.0,33.63
2022-07-22,177.0,180.5,176.55,178.35,1710913.0,33.85
2022-07-25,178.35,179.1,173.25,175.85,1338648.0,33.89
2022-07-26,176.1,176.35,171.2,172.55,642274.0,33.43
2022-07-27,172.5,176.75,171.55,175.8,724689.0,32.76
2022-07-28,176.95,182.0,175.8,177.75,1678148.0,27.85
2022-07-29,178.85,179.4,175.4,176.5,777662.0,31.86
2022-08-01,176.0,178.75,173.1,177.55,2783330.0,65.59
2022-08-02,166.0,179.75,166.0,177.05,2367035.0,33.52
2022-08-03,177.0,179.4,175.8,177.95,1098122.0,46.54
2022-08-04,178.0,179.65,171.3,175.0,4487273.0,82.92
2022-08-05,175.0,177.9,173.25,174.55,959765.0,18.79
2022-08-10,175.0,177.25,173.2,175.0,738084.0,31.67
2022-08-11,176.0,187.85,176.0,182.15,5338588.0,24.85
2022-08-12,181.0,183.35,178.6,182.4,1345596.0,29.23
2022-08-15,181.0,183.35,178.6,182.4,1345596.0,29.23
2022-08-16,183.85,184.15,179.0,180.9,993932.0,39.89
2022-08-17,181.0,185.8,181.0,183.7,1846560.0,29.31
2022-08-18,183.0,185.5,181.4,182.55,859307.0,30.09
2022-08-19,183.0,183.1,174.2,177.8,1322315.0,35.4
2022-08-22,176.0,177.1,173.0,175.0,743550.0,35.97
2022-08-23,174.0,178.6,173.05,177.5,672062.0,23.87
2022-08-24,177.8,180.1,176.35,178.5,682640.0,26.74
2022-08-25,180.0,190.9,180.0,189.25,5992476.0,39.35
2022-08-26,190.7,196.9,189.45,193.35,3619387.0,30.15
2022-08-29,186.0,191.85,185.3,190.6,1942514.0,33.87
2022-08-30,192.0,195.2,191.9,194.25,1442769.0,38.26
2022-08-31,192.0,195.2,191.9,194.25,1442769.0,38.26
2022-09-01,193.0,197.75,191.5,194.25,1609541.0,29.97
2022-09-02,195.0,195.75,190.35,191.8,899567.0,34.15
2022-09-05,192.75,195.85,191.6,192.55,866250.0,29.81
2022-09-06,193.5,194.95,191.15,192.6,860576.0,35.38
2022-09-07,192.0,193.55,189.6,190.95,737155.0,41.4
2022-09-08,192.1,205.6,192.1,203.55,7708801.0,28.11
2022-09-09,204.95,204.95,200.55,203.65,2295545.0,30.24
2022-09-12,204.85,207.35,200.8,206.6,3034614.0,58.29
2022-09-13,206.8,206.8,203.5,204.85,975806.0,46.58
2022-09-14,200.0,207.4,199.65,205.1,2054925.0,45.14
2022-09-15,206.45,207.45,203.25,204.85,1245545.0,41.73
2022-09-16,204.3,204.3,193.8,195.9,1516040.0,44.8
2022-09-19,196.0,205.0,195.2,203.9,2232043.0,30.64
2022-09-20,205.0,206.6,202.7,204.85,1951124.0,46.94
2022-09-21,205.8,205.85,198.5,201.65,853210.0,32.62
2022-09-22,200.0,203.4,198.2,201.9,965179.0,29.03
2022-09-23,201.5,202.5,193.45,197.15,1101779.0,39.13
2022-09-26,194.95,194.95,183.7,186.2,1496260.0,42.72
2022-09-27,187.1,189.9,185.7,188.25,893893.0,33.37
2022-09-28,186.3,189.55,184.5,186.8,758212.0,35.14
2022-09-29,190.0,197.3,188.2,194.05,1488416.0,49.63
2022-09-30,194.9,198.65,191.05,196.85,1743263.0,40.86
2022-10-03,196.75,197.45,188.35,189.4,664670.0,31.83
2022-10-04,193.0,198.65,192.8,197.9,946142.0,37.49
2022-10-05,193.0,198.65,192.8,197.9,946142.0,37.49
2022-10-06,198.3,203.8,198.3,203.1,1033954.0,44.64
2022-10-07,202.5,203.8,199.5,202.95,1019162.0,54.85
2022-10-10,202.0,202.0,197.65,198.4,663371.0,29.42
2022-10-11,199.0,199.35,190.0,191.85,633488.0,43.96
2022-10-12,192.35,196.4,192.15,194.05,687650.0,30.56
2022-10-13,194.1,196.95,192.25,196.35,638632.0,39.11
2022-10-14,198.5,200.7,191.0,192.3,838207.0,35.39
2022-10-17,192.9,206.0,191.65,204.45,2963275.0,32.84
2022-10-18,207.3,217.9,203.5,215.55,5390546.0,32.68
2022-10-19,216.1,219.65,213.0,217.0,2834807.0,24.39
2022-10-20,215.0,224.55,212.2,221.2,2487236.0,32.54
2022-10-21,222.9,236.4,220.95,226.2,7349689.0,24.32
2022-10-24,232.0,234.9,231.1,233.85,1146446.0,35.23
2022-10-25,232.05,239.6,228.2,233.25,5997054.0,38.86
2022-10-26,232.05,239.6,228.2,233.25,5997054.0,38.86
2022-10-27,234.9,239.4,232.4,237.2,2371397.0,25.1
2022-10-28,237.15,247.1,236.8,244.6,4107921.0,29.3
2022-10-31,246.5,256.4,246.1,253.9,4139222.0,32.69
2022-11-01,255.0,258.6,244.1,249.8,2331126.0,24.94
2022-11-02,249.0,250.95,241.0,244.65,2471659.0,35.26
2022-11-03,241.9,254.0,241.8,251.65,4662274.0,35.8
2022-11-04,253.4,256.65,248.05,249.7,2797086.0,38.87
2022-11-07,255.1,269.15,255.0,259.9,7891059.0,39.29
2022-11-08,255.1,269.15,255.0,259.9,7891059.0,39.29
2022-11-09,261.0,269.7,259.0,267.45,3704856.0,32.27
2022-11-10,267.85,270.0,263.25,266.95,2336850.0,33.38
2022-11-11,270.0,270.0,257.8,260.8,1892762.0,32.25
2022-11-14,261.0,263.6,257.05,262.55,1231415.0,32.42
2022-11-15,263.55,273.5,262.1,270.6,2197596.0,42.31
2022-11-16,271.15,274.9,266.0,268.8,2084378.0,22.98
2022-11-17,266.0,272.6,264.05,271.6,1150910.0,25.68
2022-11-18,271.6,275.0,268.55,274.35,1991128.0,24.53
2022-11-21,274.35,275.0,265.1,268.6,1943443.0,41.23
2022-11-22,269.3,275.0,267.5,274.65,1915644.0,33.08
2022-11-23,274.65,279.5,273.0,275.55,2116755.0,36.37
2022-11-24,277.0,280.85,273.1,275.95,1546503.0,31.1
2022-11-25,276.3,280.8,269.45,271.95,2056942.0,32.35
2022-11-28,271.95,275.35,267.2,272.6,1666315.0,40.35
2022-11-29,272.05,275.0,266.6,267.95,1964196.0,51.34
2022-11-30,269.15,272.45,264.4,266.9,2516018.0,58.83
2022-12-01,268.6,279.0,268.2,276.05,2348990.0,55.22
2022-12-02,276.05,284.7,273.75,282.35,4341809.0,48.84
2022-12-05,282.9,286.3,282.0,284.5,1451799.0,26.16
2022-12-06,285.35,294.5,284.2,292.85,3053049.0,25.29
2022-12-07,293.95,295.0,288.8,292.3,1850988.0,30.87
2022-12-08,292.3,297.0,287.55,294.95,1839056.0,24.84
2022-12-09,296.75,301.0,270.25,272.65,4057470.0,40.46
2022-12-12,273.45,274.0,265.45,269.3,4125936.0,45.22
2022-12-13,272.0,297.65,271.9,294.0,12228997.0,20.08
2022-12-14,296.0,306.0,291.5,299.7,7879714.0,20.07
2022-12-15,299.8,304.5,296.65,299.5,3690929.0,36.83
2022-12-16,296.0,300.75,285.7,294.15,2943257.0,21.67
2022-12-19,293.8,297.8,288.1,291.0,1404024.0,19.61
2022-12-20,291.95,299.9,286.5,297.8,1985522.0,30.75
2022-12-21,298.0,300.85,280.0,285.75,3221403.0,25.53
2022-12-22,288.0,289.6,275.05,280.45,2719690.0,27.94
2022-12-23,279.6,280.9,255.5,271.55,4525500.0,28.66
2022-12-26,274.95,291.9,268.8,289.2,3750934.0,19.72
2022-12-27,292.0,294.85,287.0,288.55,1701370.0,19.11
2022-12-28,288.65,295.95,272.1,279.4,3261676.0,31.33
2022-12-29,279.4,287.85,273.65,277.65,3623032.0,30.21
2022-12-30,280.9,287.3,280.15,285.35,2398443.0,26.49
2023-01-02,287.0,297.5,284.35,295.75,2657233.0,28.53
2023-01-03,297.85,299.7,294.0,296.8,1965880.0,32.09
2023-01-04,296.8,298.4,290.35,295.45,2042191.0,29.84
2023-01-05,297.3,298.95,291.4,294.7,1507383.0,25.2
2023-01-06,296.0,296.2,289.35,293.45,1311018.0,25.38
2023-01-09,295.95,300.0,292.15,296.75,1952696.0,31.97
2023-01-10,296.45,296.45,287.05,289.0,1113496.0,34.07
2023-01-11,289.1,290.85,283.3,287.9,1448659.0,31.71
2023-01-12,288.95,288.95,284.2,285.75,645103.0,31.54
2023-01-13,287.15,289.25,281.65,285.35,1050157.0,44.08
2023-01-16,286.0,294.0,285.65,288.3,1600185.0,31.37
2023-01-17,289.7,290.55,285.25,287.65,867621.0,25.16
2023-01-18,288.4,288.7,277.75,280.6,1649373.0,42.3
2023-01-19,280.1,289.7,279.5,287.6,1255619.0,42.48
2023-01-20,287.6,290.55,285.55,286.9,709775.0,29.39
2023-01-23,287.95,289.7,285.2,287.9,552419.0,29.48
2023-01-24,288.2,292.85,288.2,290.15,857419.0,31.79
2023-01-25,292.4,293.5,282.6,292.15,2311405.0,22.59
2023-01-26,292.4,293.5,282.6,292.15,2311405.0,22.59
2023-01-27,293.5,293.5,277.5,282.35,1802029.0,35.64
2023-01-30,282.35,300.0,278.5,296.85,2264826.0,30.56
2023-01-31,297.0,305.95,291.35,304.75,4686789.0,60.32
2023-02-01,306.0,310.0,273.65,292.75,3044737.0,30.87
2023-02-02,293.0,298.3,290.0,292.25,1611678.0,44.67
2023-02-03,293.3,296.0,285.15,294.8,1865368.0,44.31
2023-02-06,295.1,298.7,290.5,292.25,1320864.0,51.85
2023-02-07,292.35,293.5,285.95,287.45,482672.0,35.81
2023-02-08,287.45,289.7,285.95,287.5,855567.0,62.0
2023-02-09,289.0,289.0,284.0,287.0,462099.0,20.64
2023-02-10,287.75,291.9,286.2,289.85,1054284.0,47.19
2023-02-13,290.5,290.5,280.65,282.35,424829.0,36.26
2023-02-14,283.45,290.7,281.0,289.9,1377132.0,52.4
2023-02-15,290.0,291.8,284.05,288.55,581135.0,25.76
2023-02-16,289.25,290.15,285.45,288.75,349661.0,35.19
2023-02-17,287.9,289.2,286.05,288.65,418786.0,41.53
2023-02-20,288.7,289.6,285.1,286.95,438116.0,44.17
2023-02-21,286.95,288.55,282.3,285.35,522423.0,33.72
2023-02-22,285.55,286.25,271.35,273.2,978304.0,38.71
2023-02-23,274.8,283.15,265.65,278.4,1286109.0,38.88
2023-02-24,279.65,282.0,270.25,272.55,566095.0,27.86
2023-02-27,271.3,272.85,257.2,259.8,1330430.0,51.3
2023-02-28,259.6,263.95,252.2,257.1,1867802.0,44.15
2023-03-01,257.9,268.3,257.25,266.45,917092.0,28.37
2023-03-02,267.3,276.8,267.0,274.5,1238097.0,25.15
2023-03-03,276.0,293.5,276.0,292.2,2986544.0,35.98
2023-03-06,294.5,294.5,285.3,286.8,1262149.0,36.72
2023-03-07,294.5,294.5,285.3,286.8,1262149.0,36.72
2023-03-08,286.6,292.8,283.7,291.4,798459.0,31.24
2023-03-09,290.65,290.65,284.6,285.35,745734.0,38.63
2023-03-10,282.85,291.9,277.0,289.05,1281800.0,35.32
2023-03-13,286.2,289.2,280.2,282.4,932987.0,32.13
2023-03-14,281.7,285.7,254.0,258.5,5100639.0,27.63
2023-03-15,264.9,266.4,260.25,263.7,1857008.0,22.45
2023-03-16,259.75,267.1,256.2,261.35,1954675.0,32.33
2023-03-17,263.0,277.55,258.05,272.9,4586249.0,42.92
2023-03-20,273.75,274.3,265.0,266.05,1089633.0,24.52
2023-03-21,268.0,275.35,268.0,272.8,1231107.0,24.06
2023-03-22,272.05,278.85,272.05,274.65,805305.0,19.14
2023-03-23,273.0,280.0,270.0,276.9,1220212.0,21.11
2023-03-24,276.3,277.7,268.0,269.95,712951.0,25.07
2023-03-27,266.5,273.9,263.55,270.9,975230.0,15.09
2023-03-28,272.0,283.0,268.45,280.25,1750220.0,39.05
2023-03-29,278.05,293.0,275.5,291.1,1741200.0,44.46
2023-03-30,278.05,293.0,275.5,291.1,1741200.0,44.46
2023-03-31,288.35,293.0,285.95,288.55,1696892.0,57.82
2023-04-03,289.0,291.9,287.1,290.15,1181951.0,59.5
2023-04-04,289.0,291.9,287.1,290.15,1181951.0,59.5
2023-04-05,292.25,293.0,288.0,289.55,680681.0,55.43
2023-04-06,289.3,297.95,285.1,288.65,1409390.0,26.97
2023-04-07,289.3,297.95,285.1,288.65,1409390.0,26.97
2023-04-10,288.3,288.65,280.8,282.15,1143392.0,47.75
2023-04-11,284.05,287.6,284.0,285.2,802692.0,37.29
2023-04-12,285.2,287.5,281.15,283.7,616932.0,43.96
2023-04-13,283.7,288.0,282.7,287.05,695505.0,34.69
2023-04-14,283.7,288.0,282.7,287.05,695505.0,34.69
2023-04-17,287.95,312.0,285.35,309.5,4882455.0,23.55
2023-04-18,312.0,324.7,308.0,321.55,7021477.0,22.62
2023-04-19,318.8,321.3,315.05,320.0,1833524.0,22.98
2023-04-20,320.0,321.3,304.1,306.4,1657650.0,35.59
2023-04-21,307.5,309.4,296.6,302.25,1915631.0,20.4
2023-04-24,302.9,314.95,302.05,313.3,2099221.0,23.36
2023-04-25,314.0,324.4,311.1,317.1,3237088.0,28.65
2023-04-26,317.1,321.1,312.35,319.2,1383629.0,21.0
2023-04-27,318.95,319.8,315.1,316.95,779946.0,35.18
2023-04-28,318.6,328.0,317.7,322.4,2163861.0,34.67
2023-05-01,318.6,328.0,317.7,322.4,2163861.0,34.67
2023-05-02,327.7,330.7,323.85,329.15,1992544.0,40.35
2023-05-03,325.85,335.0,324.0,334.45,1715457.0,35.5
2023-05-04,334.0,335.0,330.1,331.5,971264.0,50.08
2023-05-05,331.35,334.9,328.0,331.9,1004462.0,43.9
2023-05-08,332.05,334.4,312.8,315.3,4893690.0,24.53
2023-05-09,318.0,322.0,293.85,296.75,4738997.0,41.79
2023-05-10,297.75,299.45,285.6,286.8,3501046.0,50.1
2023-05-11,287.6,292.9,287.3,288.8,2199416.0,43.76
2023-05-12,289.2,294.25,289.0,290.0,1676475.0,48.55
2023-05-15,289.95,292.65,282.0,290.8,2173903.0,36.08
2023-05-16,292.9,298.0,292.0,293.95,1470300.0,41.43
2023-05-17,295.5,299.8,286.5,287.8,2213890.0,40.71
2023-05-18,290.45,293.05,285.4,287.1,1310662.0,33.03
2023-05-19,287.1,288.45,281.2,286.2,1119922.0,27.52
2023-05-22,287.9,289.0,284.55,288.1,545340.0,34.03
2023-05-23,288.3,290.6,285.0,285.75,1419225.0,60.31
2023-05-24,285.75,286.95,283.2,285.7,1100369.0,50.42
2023-05-25,285.4,285.4,277.5,277.95,2268749.0,58.77
2023-05-26,278.1,281.85,276.6,277.3,1639016.0,61.25
2023-05-29,280.0,280.95,273.2,273.75,1575725.0,58.82
2023-05-30,274.0,276.5,268.0,269.9,2132958.0,68.32
2023-05-31,271.0,271.0,268.05,269.9,1275798.0,46.34
2023-06-01,269.9,276.5,269.9,274.9,1831486.0,44.78
2023-06-02,277.0,283.2,276.0,282.25,2416677.0,47.84
2023-06-05,285.0,285.4,278.1,278.9,1327979.0,60.72
2023-06-06,280.9,281.75,276.35,280.85,859872.0,37.39
2023-06-07,281.5,283.95,281.25,282.1,904637.0,48.45
2023-06-08,282.4,284.7,281.5,283.7,980203.0,54.65
2023-06-09,285.0,286.7,282.25,285.3,1468160.0,55.68
2023-06-12,277.4,279.15,276.4,277.9,978804.0,46.12
2023-06-13,275.35,282.8,275.35,281.8,1139909.0,49.77
2023-06-14,281.8,282.9,281.0,281.75,442832.0,55.35
2023-06-15,281.9,283.75,279.0,280.6,1278644.0,57.53
2023-06-16,280.95,282.5,277.0,281.95,1329056.0,37.82
2023-06-19,282.35,285.95,280.25,283.55,1489285.0,41.62
2023-06-20,283.6,284.5,280.25,281.75,919425.0,62.46
2023-06-21,282.0,283.85,281.0,281.7,713401.0,54.83
2023-06-22,283.55,283.55,277.5,277.95,614883.0,53.97
2023-06-23,277.95,280.45,275.6,277.5,665151.0,54.28
2023-06-26,278.35,282.65,276.7,282.15,598752.0,53.88
2023-06-27,282.5,283.5,276.6,278.5,806786.0,69.3
2023-06-28,280.15,280.95,276.35,278.35,641633.0,62.87
2023-06-29,280.15,280.95,276.35,278.35,641633.0,62.87
2023-06-30,280.0,293.5,278.6,292.55,3559269.0,40.69
2023-07-03,295.0,300.25,293.6,297.85,2425346.0,47.65
2023-07-04,301.0,306.5,296.6,300.3,2512515.0,32.31
2023-07-05,300.55,305.5,297.6,304.7,1537235.0,38.5
2023-07-06,302.0,308.05,302.0,305.15,1026021.0,42.09
2023-07-07,303.5,310.05,301.5,308.3,1812762.0,38.47
2023-07-10,308.35,314.55,306.85,310.05,1402335.0,40.47
2023-07-11,310.5,314.55,309.5,310.1,1882615.0,72.21
2023-07-12,310.1,326.75,310.0,324.3,4970098.0,37.66
2023-07-13,325.0,327.0,317.25,321.85,2028963.0,50.99
2023-07-14,324.15,325.0,315.9,324.35,1365375.0,36.35
2023-07-17,324.35,327.0,320.85,325.2,1220250.0,38.88
2023-07-18,326.0,328.0,323.1,327.5,1257700.0,45.82
2023-07-19,328.0,329.15,322.1,325.2,1309005.0,37.04
2023-07-20,326.85,330.45,325.0,328.6,1575828.0,42.17
2023-07-21,330.0,330.0,324.55,329.4,1172651.0,46.3
2023-07-24,332.0,336.9,328.65,335.9,2289806.0,46.01
2023-07-25,336.5,337.95,327.6,329.15,1866926.0,59.75
2023-07-26,330.0,331.85,325.1,328.3,1073477.0,50.29
2023-07-27,331.9,333.85,326.05,328.5,1939080.0,29.85
2023-07-28,331.15,346.0,330.1,344.55,4546061.0,42.87
2023-07-31,341.9,349.5,339.95,346.9,1444351.0,48.39
2023-08-01,348.0,349.75,344.75,347.4,948771.0,40.51
2023-08-02,345.4,345.4,339.05,343.75,1453678.0,52.51
2023-08-03,342.7,343.9,335.6,342.5,1201799.0,44.53
2023-08-04,340.15,348.35,339.05,343.35,666764.0,32.97
2023-08-07,343.95,348.9,343.35,347.1,588086.0,50.22
2023-08-08,347.7,409.6,346.15,392.65,11010352.0,17.8
2023-08-09,390.0,390.0,375.0,383.0,4850127.0,19.6
2023-08-10,384.0,385.9,370.85,380.65,1685232.0,22.72
2023-08-11,381.0,406.15,379.0,387.9,4469318.0,15.27
2023-08-14,388.0,398.0,377.55,391.15,2039820.0,21.96
2023-08-15,388.0,398.0,377.55,391.15,2039820.0,21.96
2023-08-16,389.5,389.5,382.35,386.05,1171755.0,36.94
2023-08-17,386.0,412.0,384.3,409.0,5407491.0,24.53
2023-08-18,408.0,414.9,401.5,407.15,3235762.0,25.85
2023-08-21,406.95,414.0,400.5,407.9,1651635.0,27.05
2023-08-22,409.95,413.0,407.75,410.45,1003166.0,27.24
2023-08-23,410.45,417.9,406.1,408.55,1297599.0,29.03
2023-08-24,411.35,411.35,395.25,402.95,1215797.0,38.86
2023-08-25,405.0,405.0,385.7,395.3,1927887.0,33.37
2023-08-28,396.95,409.9,390.05,397.25,1210547.0,27.75
2023-08-29,398.9,403.05,387.95,391.75,1544185.0,38.97
2023-08-30,395.0,398.3,379.1,380.55,1681845.0,51.49
2023-08-31,384.0,385.25,374.5,378.65,1686350.0,52.27
2023-09-01,379.65,380.95,376.5,377.1,845290.0,49.44
2023-09-04,378.15,386.0,378.15,383.6,1012250.0,38.24
2023-09-05,385.8,393.8,385.0,391.4,1460549.0,38.37
2023-09-06,393.3,393.3,385.2,388.4,508453.0,41.2
2023-09-07,388.5,394.35,386.65,391.25,711842.0,41.17
2023-09-08,393.4,394.75,387.0,389.15,758100.0,46.46
2023-09-11,390.0,399.0,388.15,397.55,1944531.0,38.41
2023-09-12,399.2,400.95,380.2,383.8,1449629.0,40.97
2023-09-13,385.3,403.0,380.3,397.5,1921901.0,32.16
2023-09-14,398.05,406.7,395.45,400.6,2119855.0,33.69
2023-09-15,401.0,409.5,392.6,397.7,2694553.0,43.3
2023-09-18,398.7,424.3,397.05,412.15,7449785.0,27.32
2023-09-19,398.7,424.3,397.05,412.15,7449785.0,27.32
2023-09-20,411.0,418.0,402.5,415.15,2090184.0,36.85
2023-09-21,415.9,427.9,400.1,404.9,5329498.0,23.8
2023-09-22,408.85,434.15,407.4,420.85,8564982.0,18.14
2023-09-25,424.0,435.0,418.3,430.9,3162061.0,31.69
2023-09-26,430.9,433.0,425.8,428.15,1610345.0,42.76
2023-09-27,428.4,446.5,425.55,431.8,4714312.0,29.19
2023-09-28,431.8,444.0,404.3,413.9,6447262.0,33.1
2023-09-29,418.25,428.8,418.0,423.55,2238261.0,23.03
2023-10-02,418.25,428.8,418.0,423.55,2238261.0,23.03
2023-10-03,421.15,445.1,421.15,441.3,2910149.0,32.34
2023-10-04,441.0,444.8,431.3,432.9,2499172.0,25.54
2023-10-05,435.0,440.0,425.75,427.9,1501407.0,35.21
2023-10-06,429.9,432.95,423.15,426.05,1106747.0,32.54
2023-10-09,420.0,424.0,402.0,403.25,1817791.0,46.27
2023-10-10,408.0,412.95,404.1,409.8,1235987.0,38.78
2023-10-11,412.7,424.85,412.7,423.15,1638933.0,41.1
2023-10-12,426.0,431.15,422.6,427.25,1058824.0,35.59
2023-10-13,427.4,427.4,417.05,418.4,807124.0,43.59
2023-10-16,421.3,431.5,419.65,430.15,1053080.0,41.75
2023-10-17,430.25,435.6,425.55,428.4,812477.0,38.24
2023-10-18,428.5,436.0,410.75,416.4,1949304.0,57.68
2023-10-19,417.4,428.25,415.55,421.9,1743522.0,36.02
2023-10-20,421.5,425.8,417.25,424.15,1067725.0,43.59
2023-10-23,424.3,425.3,402.05,411.8,1511226.0,44.88
2023-10-24,424.3,425.3,402.05,411.8,1511226.0,44.88
2023-10-25,415.0,419.5,404.45,408.9,935204.0,28.3
2023-10-26,409.1,409.2,396.4,400.55,2057125.0,34.38
2023-10-27,408.9,419.65,401.95,414.75,1593993.0,30.79
2023-10-30,416.9,416.9,408.05,411.6,871862.0,49.14
2023-10-31,413.35,422.5,413.15,420.05,1202664.0,37.49
2023-11-01,420.05,432.45,416.15,431.0,1363862.0,30.31
2023-11-02,435.0,438.9,423.05,426.05,1357175.0,29.37
2023-11-03,428.65,436.1,428.2,430.4,802148.0,32.89
2023-11-06,433.35,434.5,419.1,421.5,691442.0,50.98
2023-11-07,421.65,428.05,421.05,422.55,641331.0,43.19
2023-11-08,424.05,430.5,422.55,424.2,799198.0,44.17
2023-11-09,427.0,427.2,418.2,418.8,481701.0,43.6
2023-11-10,417.0,422.6,414.7,416.05,627616.0,52.68
2023-11-13,420.0,451.2,417.0,447.05,3634585.0,31.68
2023-11-14,420.0,451.2,417.0,447.05,3634585.0,31.68
2023-11-15,450.0,463.0,441.8,446.3,2501251.0,36.01
2023-11-16,446.3,447.75,437.1,445.7,914826.0,26.21
2023-11-17,441.0,445.0,428.15,431.6,1160675.0,42.46
2023-11-20,432.9,434.8,420.75,422.8,775072.0,45.95
2023-11-21,426.3,429.75,420.0,420.85,516497.0,46.64
2023-11-22,422.0,422.55,410.1,411.35,881840.0,45.23
2023-11-23,413.0,416.95,409.55,412.75,874317.0,48.21
2023-11-24,414.85,416.5,407.0,408.2,635756.0,45.15
2023-11-27,414.85,416.5,407.0,408.2,635756.0,45.15
2023-11-28,410.5,412.0,401.6,403.05,1112045.0,46.14
2023-11-29,406.0,419.6,403.8,418.8,1661291.0,39.07
2023-11-30,420.0,423.25,390.9,396.9,11628639.0,68.62
2023-12-01,398.6,406.1,395.2,401.15,3368855.0,39.6
2023-12-04,409.65,414.0,407.15,409.5,3019733.0,54.33
2023-12-05,414.0,414.8,406.5,410.05,1727843.0,48.74
2023-12-06,411.35,420.8,409.0,419.15,2893933.0,56.69
2023-12-07,421.0,438.0,418.2,432.0,2319572.0,45.71
2023-12-08,433.7,435.4,423.4,428.25,1574266.0,33.06
2023-12-11,430.4,436.7,429.15,430.95,1278003.0,41.02
2023-12-12,441.9,445.45,435.2,437.55,4045615.0,39.86
2023-12-13,450.25,450.65,428.6,432.8,5280253.0,36.8
2023-12-14,434.0,451.8,426.4,449.45,4662531.0,45.71
2023-12-15,449.4,458.0,440.1,453.9,2456781.0,48.41
2023-12-18,453.85,453.85,439.2,441.2,2588055.0,50.41
2023-12-19,441.5,450.5,439.7,446.85,1481928.0,42.17
2023-12-20,444.95,448.7,415.55,429.75,3565808.0,47.37
2023-12-21,391.0,418.2,391.0,412.85,25311622.0,61.06
2023-12-22,417.05,418.15,408.6,412.2,6563982.0,62.79
2023-12-25,417.05,418.15,408.6,412.2,6563982.0,62.79
2023-12-26,417.0,417.55,408.0,409.7,2693304.0,62.02
2023-12-27,413.45,420.0,409.7,415.75,4205855.0,66.24
2023-12-28,420.0,425.0,416.25,421.9,4067165.0,63.54
2023-12-29,423.8,423.8,415.85,420.9,3208031.0,64.88
2024-01-01,422.0,424.7,419.15,422.0,2159907.0,65.35
2024-01-02,423.0,423.8,408.6,416.3,3268709.0,54.56
2024-01-03,419.0,423.0,415.2,421.3,4194188.0,64.1
2024-01-04,422.0,434.2,422.0,432.4,3583823.0,60.46
2024-01-05,435.0,441.95,432.0,434.4,3117731.0,53.28
2024-01-08,436.0,436.0,422.3,426.4,1008837.0,50.88
2024-01-09,429.4,432.7,418.2,421.3,1885357.0,56.51
2024-01-10,422.0,428.55,418.25,423.05,1348886.0,45.02
2024-01-11,424.2,429.95,422.55,427.0,1332381.0,45.11
2024-01-12,429.65,435.8,424.85,433.65,1861260.0,56.62
2024-01-15,437.0,443.15,425.7,434.2,4268473.0,50.55
2024-01-16,437.95,444.0,434.3,440.3,2810788.0,54.82
2024-01-17,435.0,443.5,430.05,441.5,2939256.0,65.68
2024-01-18,435.2,444.75,433.6,443.55,1509859.0,40.87
2024-01-19,450.0,450.0,440.15,443.3,1347568.0,50.67
2024-01-22,445.0,463.6,442.75,459.95,2482400.0,36.8
2024-01-23,460.0,472.3,440.0,445.1,2654966.0,39.18
2024-01-24,448.45,451.45,431.5,441.6,4682160.0,39.77
2024-01-25,445.1,479.0,443.25,460.6,11615214.0,41.38
2024-01-26,445.1,479.0,443.25,460.6,11615214.0,41.38
2024-01-29,462.9,481.9,455.55,480.5,4451584.0,40.67
2024-01-30,482.1,498.0,475.55,494.05,4511747.0,49.18
2024-01-31,495.2,507.0,489.05,498.85,3871355.0,52.57
2024-02-01,498.85,530.0,494.0,523.95,5616874.0,42.19
2024-02-02,528.15,553.95,526.4,545.95,5033223.0,51.16
2024-02-05,550.0,568.4,528.8,560.2,4727662.0,45.07
2024-02-06,560.2,561.85,538.2,542.45,2202935.0,48.81
2024-02-07,549.35,549.35,533.3,542.85,2078318.0,38.2
2024-02-08,549.7,573.75,545.25,551.8,4488235.0,32.51
2024-02-09,551.8,556.15,521.25,531.65,2626837.0,40.73
2024-02-12,533.95,536.5,484.5,499.55,2322608.0,46.63
2024-02-13,499.55,503.85,483.1,494.65,2380743.0,36.4
2024-02-14,490.75,529.0,485.05,525.9,3553333.0,26.53
2024-02-15,527.05,533.6,515.4,525.5,3209442.0,34.71
2024-02-16,530.25,543.6,515.0,517.75,3863145.0,37.01
2024-02-19,524.95,545.5,521.5,543.2,2308799.0,44.69
2024-02-20,543.15,543.15,535.1,537.15,1223512.0,52.95
2024-02-21,537.2,552.0,526.8,539.2,4497405.0,63.87
2024-02-22,542.8,548.5,525.0,527.4,2387581.0,51.61
2024-02-23,532.1,536.6,521.65,525.25,930577.0,39.0
2024-02-26,521.0,529.0,519.0,521.65,844688.0,37.66
2024-02-27,525.0,539.55,522.0,536.75,2107003.0,34.72
2024-02-28,539.9,539.9,510.4,529.5,2187555.0,45.92
2024-02-29,530.0,532.1,512.15,525.15,1456017.0,32.33
2024-03-01,526.4,531.8,519.45,526.15,1531632.0,45.95
2024-03-04,532.0,533.95,520.55,526.15,1607290.0,58.05
2024-03-05,526.3,535.4,521.9,530.25,2693783.0,47.39
2024-03-06,532.25,550.0,517.05,538.65,3919897.0,30.44
2024-03-07,539.2,548.9,538.0,545.45,1588868.0,46.83
2024-03-08,539.2,548.9,538.0,545.45,1588868.0,46.83
2024-03-11,551.65,562.85,540.6,548.0,2215712.0,46.7
2024-03-12,548.0,549.95,507.1,516.85,3947189.0,42.47
2024-03-13,521.8,523.45,494.1,501.2,3466220.0,50.2
2024-03-14,500.3,512.9,490.0,491.6,2442984.0,42.67
2024-03-15,495.4,517.9,488.3,509.3,7785364.0,60.24
2024-03-18,510.6,510.6,494.0,496.9,1145067.0,37.87
2024-03-19,496.9,499.9,478.15,485.75,1307489.0,35.53
2024-03-20,488.0,495.85,467.3,469.7,2319604.0,50.3
2024-03-21,476.5,496.4,474.5,492.35,2352510.0,48.28
2024-03-22,492.0,495.0,484.4,489.45,2267977.0,59.75
2024-03-25,492.0,495.0,484.4,489.45,2267977.0,59.75
2024-03-26,490.25,514.6,489.9,511.45,2736593.0,41.74
2024-03-27,512.0,520.5,497.25,499.8,2463731.0,47.31
2024-03-28,505.0,531.25,504.95,520.7,3475863.0,34.85
2024-03-29,505.0,531.25,504.95,520.7,3475863.0,34.85
2024-04-01,521.0,542.6,521.0,529.4,1537544.0,40.64
2024-04-02,534.7,536.7,528.8,533.7,1539019.0,61.07
2024-04-03,530.65,535.15,527.15,528.8,1738426.0,54.36
2024-04-04,536.9,550.0,523.85,526.5,3782337.0,54.45
2024-04-05,529.6,539.55,520.5,534.95,2649802.0,48.54
2024-04-08,540.0,545.4,535.85,537.4,1336108.0,51.25
2024-04-09,537.5,539.65,520.2,527.15,1310686.0,47.43
2024-04-10,530.0,531.9,521.4,528.6,945256.0,60.12
2024-04-11,530.0,531.9,521.4,528.6,945256.0,60.12
2024-04-12,528.0,533.1,524.0,526.55,699901.0,34.12
2024-04-15,518.0,524.45,507.25,514.55,1360516.0,43.17
2024-04-16,511.55,522.0,509.9,520.1,695330.0,43.95
2024-04-17,511.55,522.0,509.9,520.1,695330.0,43.95
2024-04-18,527.0,528.3,509.1,511.25,1923437.0,47.05
2024-04-19,508.0,515.85,500.4,512.15,1043268.0,45.91
2024-04-22,519.8,525.0,516.35,520.85,853510.0,55.76
2024-04-23,525.05,531.45,509.1,516.0,1072431.0,38.4
2024-04-24,517.7,521.65,506.3,509.95,803880.0,52.67
2024-04-25,512.9,530.5,511.15,527.05,2694600.0,47.98
2024-04-26,527.05,532.95,521.2,526.55,1628220.0,57.8
2024-04-29,528.95,562.0,528.3,559.05,4952701.0,42.9
2024-04-30,560.0,565.75,545.25,548.25,1756064.0,35.96
2024-05-01,560.0,565.75,545.25,548.25,1756064.0,35.96
2024-05-02,553.0,554.75,545.8,549.85,837415.0,46.28
2024-05-03,553.65,553.7,531.1,544.0,1737781.0,49.81
2024-05-06,549.5,551.3,526.65,531.8,4579591.0,39.47
2024-05-07,540.0,548.0,510.5,517.55,4367770.0,40.01
2024-05-08,520.0,544.0,510.1,532.7,3348407.0,40.46
2024-05-09,536.0,537.5,514.0,517.2,1283279.0,40.61
2024-05-10,518.95,523.0,509.1,514.3,2728015.0,61.0
2024-05-13,515.05,517.25,500.4,512.85,1258958.0,39.1
2024-05-14,513.0,520.85,510.1,513.25,949939.0,46.71
2024-05-15,518.5,539.95,514.6,535.6,2829489.0,47.93
2024-05-16,530.65,544.45,525.85,539.9,1868422.0,49.36
2024-05-17,537.8,547.4,533.5,540.3,1429095.0,49.05
2024-05-20,543.0,544.5,538.05,540.05,85216.0,57.23
2024-05-21,536.1,580.0,534.0,575.15,4774342.0,34.75
2024-05-22,577.0,578.25,559.05,566.4,2985879.0,49.81
2024-05-23,569.65,596.0,569.65,575.95,3539039.0,35.98
2024-05-24,576.0,579.8,565.25,571.6,1390456.0,43.59
2024-05-27,572.8,592.0,568.85,579.25,2667927.0,44.17
2024-05-28,579.25,593.2,557.1,566.65,2200562.0,35.37
2024-05-29,566.55,583.8,559.25,576.3,1767064.0,35.39
2024-05-30,577.9,596.9,573.1,578.8,4241188.0,34.52
2024-05-31,580.05,584.95,564.5,567.5,1859396.0,46.46
2024-06-03,629.9,632.7,577.2,606.35,9361401.0,59.76
2024-06-04,606.0,606.0,485.1,525.8,10042618.0,41.63
2024-06-05,535.0,535.0,481.45,524.55,7578300.0,37.65
2024-06-06,530.0,556.45,530.0,542.55,3582008.0,39.31
2024-06-07,537.0,544.0,528.25,534.7,3792527.0,44.39
2024-06-10,536.2,542.0,530.0,532.2,1849483.0,49.42
2024-06-11,533.5,541.0,529.45,538.4,1952083.0,53.2
2024-06-12,538.35,540.9,532.7,538.3,1976912.0,50.38
2024-06-13,542.0,544.8,537.0,541.75,1260420.0,53.49
2024-06-14,542.0,544.15,538.05,540.7,832775.0,59.08
2024-06-17,542.0,544.15,538.05,540.7,832775.0,59.08
2024-06-18,543.0,544.2,536.9,540.05,1044883.0,54.16
2024-06-19,542.0,547.0,531.65,545.0,2211371.0,53.38
2024-06-20,545.0,546.75,540.75,545.1,1080032.0,58.37
2024-06-21,545.1,550.9,541.1,547.7,1162274.0,50.12
2024-06-24,540.5,546.5,537.0,541.7,825997.0,51.02
2024-06-25,542.7,544.15,530.5,532.55,1395650.0,64.41
2024-06-26,533.0,542.0,531.5,540.65,2137078.0,76.62
2024-06-27,541.0,547.45,534.05,541.15,1203288.0,59.54
2024-06-28,542.75,555.0,540.55,545.5,1667173.0,35.23
2024-07-01,545.5,549.0,540.25,545.0,469949.0,41.75
2024-07-02,545.0,547.95,530.1,537.75,858307.0,50.63
2024-07-03,539.05,540.1,532.75,536.1,836258.0,55.37
2024-07-04,539.9,545.0,531.5,541.55,771114.0,51.93
2024-07-05,542.0,543.9,535.0,538.85,1159426.0,64.09
2024-07-08,538.85,540.0,524.8,526.5,1729642.0,67.68
2024-07-09,527.0,545.2,525.55,541.7,1778493.0,37.85
2024-07-10,536.0,545.05,536.0,543.0,1791622.0,59.56
2024-07-11,548.5,554.9,543.0,550.35,1202130.0,64.29
2024-07-12,550.0,560.0,543.9,558.75,1387907.0,59.03
2024-07-15,569.0,584.5,555.75,578.65,3217689.0,39.02
2024-07-16,578.65,597.0,573.2,587.4,3294297.0,44.42
2024-07-17,578.65,597.0,573.2,587.4,3294297.0,44.42
2024-07-18,587.4,588.1,566.0,568.55,2198694.0,52.54
2024-07-19,569.0,571.4,554.1,561.15,1233734.0,59.34
2024-07-22,560.05,576.5,554.0,569.5,995267.0,39.21
2024-07-23,574.95,576.4,546.75,552.4,1588838.0,46.12
2024-07-24,554.95,578.75,552.4,569.6,2395942.0,50.65
2024-07-25,566.0,570.9,561.0,567.65,770119.0,45.57
2024-07-26,570.0,585.0,567.25,581.45,1844637.0,63.18
2024-07-29,589.0,599.9,583.5,587.25,2811831.0,32.37
2024-07-30,594.5,604.5,587.25,601.15,2507716.0,58.57
2024-07-31,600.0,610.9,593.35,608.8,1827727.0,57.23
2024-08-01,605.05,613.2,590.0,595.65,1350860.0,50.06
2024-08-02,591.0,597.8,581.5,595.95,1361169.0,51.0
2024-08-05,578.9,585.8,565.0,581.0,2607067.0,61.09
2024-08-06,575.05,588.35,558.0,565.4,1821803.0,45.16
2024-08-07,569.0,572.4,559.0,569.55,1269029.0,54.53
2024-08-08,569.0,570.0,553.05,555.7,823836.0,50.14
2024-08-09,562.5,579.0,553.0,577.75,1438148.0,35.33
2024-08-12,576.95,581.6,556.0,558.35,1259415.0,48.86
2024-08-13,562.0,566.0,547.3,550.3,1052887.0,48.95
2024-08-14,551.0,560.0,531.05,550.35,2263553.0,57.32
2024-08-15,551.0,560.0,531.05,550.35,2263553.0,57.32
2024-08-16,546.0,562.45,545.0,550.15,734213.0,43.61
2024-08-19,554.5,560.2,546.95,550.0,844726.0,54.26
2024-08-20,550.05,565.0,550.05,558.5,638652.0,39.29
2024-08-21,560.95,560.95,551.0,552.1,1111375.0,70.19
2024-08-22,555.0,559.5,551.05,552.8,1316796.0,59.81
2024-08-23,554.05,560.8,547.0,548.35,977115.0,58.17
2024-08-26,553.35,560.0,544.0,547.1,1583358.0,56.34
2024-08-27,549.85,555.5,546.8,548.85,482197.0,51.01
2024-08-28,550.0,576.0,547.0,567.95,2199296.0,56.65
2024-08-29,567.95,575.0,548.5,561.5,1414580.0,43.91
2024-08-30,564.0,575.7,557.0,567.3,1159804.0,59.43
2024-09-02,565.3,567.9,551.7,555.85,1760182.0,65.62
2024-09-03,556.0,558.4,548.3,550.05,751120.0,58.35
2024-09-04,547.0,552.05,534.15,536.05,2182125.0,65.79
2024-09-05,541.9,574.3,523.0,551.0,3752194.0,59.07
2024-09-06,551.0,554.7,519.55,523.45,5551466.0,71.7
2024-09-09,526.0,528.0,513.0,523.0,974521.0,50.46
2024-09-10,525.15,526.9,516.0,518.9,1647980.0,58.38
2024-09-11,519.85,523.4,506.8,510.0,3134860.0,75.95
2024-09-12,514.8,525.0,514.7,520.05,1579837.0,63.34
2024-09-13,525.4,525.4,518.8,520.05,1184919.0,45.73
2024-09-16,525.65,525.65,516.0,519.9,1290841.0,64.3
2024-09-17,520.0,521.6,514.35,519.75,556829.0,49.83
2024-09-18,519.0,522.65,504.15,505.05,3049464.0,81.14
2024-09-19,507.5,512.95,505.0,509.3,1094796.0,55.8
2024-09-20,508.8,514.75,505.0,509.5,2124662.0,73.08
2024-09-23,510.0,539.35,510.0,536.85,2929528.0,44.6
2024-09-24,536.85,536.85,526.65,528.7,699650.0,41.19
2024-09-25,528.8,531.3,519.2,526.2,918389.0,49.1
2024-09-26,525.0,534.35,519.75,532.65,2898448.0,51.58
2024-09-27,536.9,541.8,529.25,539.45,1665535.0,48.63
2024-09-30,536.5,538.95,517.7,524.05,2533991.0,65.06
2024-10-01,522.95,529.85,521.6,527.1,448248.0,36.96
2024-10-02,522.95,529.85,521.6,527.1,448248.0,36.96
2024-10-03,517.0,528.5,513.7,515.95,1327525.0,60.94
2024-10-04,519.0,538.0,507.5,523.35,2218975.0,35.41
2024-10-07,531.1,531.1,510.4,518.65,1243472.0,50.27
2024-10-08,518.55,530.5,510.95,528.9,1047868.0,62.62
2024-10-09,525.15,534.45,520.8,527.9,877141.0,41.89
2024-10-10,527.9,530.55,521.75,523.95,371064.0,37.66
2024-10-11,520.05,528.7,520.05,524.55,333571.0,46.46
2024-10-14,525.05,529.95,521.95,525.3,398039.0,46.65
2024-10-15,527.0,527.0,517.85,519.9,593309.0,59.86
2024-10-16,520.4,530.9,511.5,518.45,1788979.0,58.38
2024-10-17,519.85,522.9,511.25,512.8,901930.0,58.29
2024-10-18,512.5,522.0,507.4,518.65,569461.0,36.58
2024-10-21,521.0,527.95,509.05,512.3,752975.0,57.78
2024-10-22,515.45,516.0,500.05,503.85,1488448.0,66.76
2024-10-23,503.0,509.6,492.8,500.9,1515443.0,54.16
2024-10-24,504.5,507.85,499.0,500.8,547736.0,48.13
2024-10-25,504.8,504.8,487.35,498.5,655297.0,39.73
2024-10-28,501.0,560.5,496.25,551.45,8107810.0,25.74
2024-10-29,545.0,584.95,537.2,581.0,7481179.0,26.05
2024-10-30,568.25,597.0,568.25,588.1,3545531.0,41.03
2024-10-31,577.0,595.7,577.0,592.55,1575038.0,28.79
2024-11-01,592.6,594.45,578.0,585.3,153263.0,42.37
2024-11-04,589.45,596.85,564.3,571.5,1833362.0,48.98
2024-11-05,568.5,587.4,568.5,576.45,1925018.0,35.62
2024-11-06,582.4,582.4,571.45,575.45,1339593.0,56.55
2024-11-07,575.45,585.95,573.4,574.7,1135396.0,45.38
2024-11-08,575.0,576.4,556.35,561.0,749703.0,37.82
2024-11-11,550.05,571.0,550.05,566.6,759440.0,38.76
2024-11-12,563.0,574.0,559.0,564.0,426370.0,40.79
2024-11-13,554.05,559.7,538.05,540.05,544053.0,30.46
2024-11-14,536.0,549.5,533.05,536.95,483595.0,31.16
2024-11-18,539.0,539.75,520.3,527.85,2048986.0,53.25
2024-11-19,524.0,535.7,520.15,523.05,1297484.0,61.16
2024-11-20,524.0,535.7,520.15,523.05,1297484.0,61.16
2024-11-21,524.05,534.9,504.5,530.35,1716580.0,49.92
2024-11-22,530.35,536.95,525.3,531.6,871025.0,37.54
2024-11-25,539.0,598.0,539.0,564.85,7130553.0,30.43
2024-11-26,568.0,568.25,559.2,562.15,757777.0,30.63
2024-11-27,560.85,565.95,557.15,559.5,640134.0,40.86
2024-11-28,561.65,578.7,556.75,573.05,2598208.0,46.71
2024-11-29,578.0,592.5,568.15,574.3,2166791.0,39.28
2024-12-02,567.0,586.0,563.35,582.65,1188216.0,45.9
2024-12-03,582.65,590.7,574.55,579.9,1783525.0,59.43
2024-12-04,582.6,615.15,578.95,604.1,5132097.0,41.85
2024-12-05,605.0,606.55,588.8,599.35,2377873.0,47.74
2024-12-06,600.0,608.0,587.75,594.4,2037375.0,33.09
2024-12-09,594.4,603.25,591.4,597.7,2038776.0,32.72
2024-12-10,598.65,603.9,590.25,596.85,1464751.0,24.72
2024-12-11,598.4,602.55,581.0,583.15,1115407.0,33.78
2024-12-12,584.85,585.75,574.0,577.65,842844.0,42.0
2024-12-13,577.65,581.5,558.05,572.85,983789.0,29.75
2024-12-16,572.85,590.2,572.7,582.35,1301861.0,36.5
2024-12-17,583.0,583.45,564.05,565.7,1130337.0,49.3
2024-12-18,566.75,567.9,553.5,555.4,807472.0,50.03
2024-12-19,553.0,558.9,543.25,554.6,1282516.0,61.53
2024-12-20,559.8,559.8,535.2,537.15,1210214.0,43.04
2024-12-23,535.0,553.0,529.0,537.6,1158043.0,50.73
2024-12-24,540.4,542.7,535.25,541.15,845710.0,51.39
2024-12-25,540.4,542.7,535.25,541.15,845710.0,51.39
2024-12-26,539.25,551.75,538.3,543.8,1929861.0,44.84
2024-12-27,543.9,552.45,538.0,547.2,1487382.0,66.82
2024-12-30,546.75,564.0,528.2,530.95,2635407.0,56.93
2024-12-31,532.0,536.05,525.7,529.95,2801646.0,65.62
2025-01-01,529.0,533.95,513.8,517.55,3247670.0,51.84
2025-01-02,519.0,529.6,511.7,523.35,2763635.0,43.46
2025-01-03,525.65,532.5,523.35,524.35,827889.0,32.25
2025-01-06,518.75,520.8,503.45,509.8,3155040.0,50.93
2025-01-07,511.0,515.8,507.7,511.35,1458405.0,48.34
2025-01-08,510.1,512.6,503.55,507.5,1104890.0,51.25
2025-01-09,507.8,509.45,497.05,500.35,1083498.0,51.96
2025-01-10,503.9,503.9,486.65,492.4,2425062.0,51.23
2025-01-13,492.0,492.0,473.9,475.8,1613667.0,49.93
2025-01-14,483.0,510.0,480.05,505.8,3151183.0,55.84
2025-01-15,505.9,511.8,500.05,502.85,840964.0,37.46
2025-01-16,509.6,528.9,509.4,527.35,2360356.0,48.34
2025-01-17,525.95,528.45,519.5,524.45,886514.0,32.15
2025-01-20,523.15,535.75,521.9,532.2,899455.0,31.61
2025-01-21,533.0,533.8,522.3,525.3,1312324.0,50.59
2025-01-22,525.3,527.6,512.1,521.2,621153.0,37.63
2025-01-23,523.5,528.75,514.1,516.7,547154.0,37.57
2025-01-24,516.7,519.95,498.1,501.25,781339.0,37.65
2025-01-27,500.25,502.65,486.0,498.55,2717294.0,58.38
2025-01-28,506.4,523.0,496.2,514.15,2681319.0,39.14
2025-01-29,518.0,553.75,510.55,544.75,5282493.0,28.56
2025-01-30,550.0,560.7,541.95,545.85,3276234.0,30.33
2025-01-31,545.85,561.3,540.4,555.75,1745735.0,46.9
2025-02-03,537.45,537.45,511.5,520.4,1732837.0,39.53
2025-02-04,523.0,543.6,523.0,540.25,2173783.0,39.2
2025-02-05,540.45,552.4,535.55,540.2,1606812.0,36.39
2025-02-06,545.75,555.0,542.1,547.9,1658355.0,43.87
2025-02-07,549.9,552.6,539.45,543.35,1678959.0,43.68
2025-02-10,543.25,543.25,521.95,524.5,621353.0,29.13
2025-02-11,527.0,527.0,511.35,513.55,670884.0,33.79
2025-02-12,513.5,523.0,500.65,518.35,1463147.0,38.62
2025-02-13,521.35,527.9,517.3,519.9,823716.0,49.38
2025-02-14,520.0,524.9,500.95,508.45,1059253.0,46.33
2025-02-17,509.95,519.7,496.8,517.55,889502.0,38.84
2025-02-18,520.0,520.0,505.1,518.75,1206413.0,52.69
2025-02-19,517.8,527.9,510.6,525.95,767980.0,47.47
2025-02-20,524.0,531.5,518.5,525.65,885281.0,33.41
2025-02-21,525.0,535.0,514.1,516.1,973629.0,28.23
2025-02-24,510.3,530.0,508.45,528.15,1412080.0,26.82
2025-02-25,528.15,528.15,518.3,522.0,757090.0,46.91
2025-02-27,522.0,530.15,516.05,521.6,1278175.0,37.12
2025-02-28,520.0,520.0,501.55,510.8,1216404.0,38.87
2025-03-03,508.0,515.3,496.5,500.1,1412943.0,39.14
2025-03-04,495.05,510.55,491.05,504.55,1138419.0,26.23
2025-03-05,502.0,522.6,502.0,521.4,1262306.0,35.99
2025-03-06,525.0,529.0,518.7,526.8,749718.0,29.0
2025-03-07,527.0,535.0,523.05,530.15,804671.0,28.34
2025-03-10,528.1,533.0,505.5,508.25,1184102.0,41.59
2025-03-11,507.8,514.5,502.05,511.4,1031456.0,45.68
2025-03-12,510.0,518.7,491.15,493.85,1531518.0,49.05
2025-03-13,495.05,501.55,478.0,490.4,1811762.0,37.0
2025-03-17,493.0,504.8,492.25,499.65,742582.0,39.0
2025-03-18,500.0,514.0,500.0,512.95,969758.0,59.98
2025-03-19,515.0,526.25,514.0,525.25,902207.0,47.7
2025-03-20,528.65,536.8,524.45,534.25,1300331.0,55.94
2025-03-21,532.0,552.15,530.75,547.95,1803836.0,67.14
2025-03-24,553.0,555.95,545.8,548.0,1102197.0,47.72
2025-03-25,552.1,554.0,538.85,543.05,1305071.0,59.11
2025-03-26,543.05,555.0,538.55,542.75,1527225.0,27.19
2025-03-27,538.55,558.0,536.65,552.9,1897252.0,49.1
2025-03-28,552.0,556.9,538.0,541.3,1378507.0,46.44
2025-04-01,539.85,540.5,527.2,530.95,703422.0,35.9
2025-04-02,533.45,535.15,524.35,529.7,897394.0,48.9
2025-04-03,520.15,556.4,520.15,549.2,2366229.0,41.03
2025-04-04,549.95,553.65,541.2,546.05,2401304.0,57.2
2025-04-07,530.2,541.4,517.85,539.45,1676126.0,38.6
2025-04-08,538.0,551.7,537.95,547.05,1295542.0,54.5
2025-04-09,545.0,548.0,524.45,526.95,921093.0,33.13
2025-04-11,533.0,541.2,529.0,535.8,580633.0,34.16
2025-04-15,542.1,545.5,534.2,541.25,1240576.0,57.54
2025-04-16,542.5,569.9,541.5,568.15,3809999.0,33.45
2025-04-17,569.0,576.7,563.65,575.2,2506225.0,47.54
2025-04-21,577.75,593.0,576.05,577.55,2991211.0,39.27
2025-04-22,580.75,594.8,576.45,582.8,3284998.0,54.17
2025-04-23,585.65,587.7,572.3,582.1,1859234.0,52.27
2025-04-24,582.0,584.6,572.1,574.05,1728763.0,55.4
2025-04-25,574.0,582.3,560.6,569.2,2344129.0,45.77
2025-04-28,570.0,588.4,568.3,586.3,2678714.0,58.84
2025-04-29,592.55,599.9,575.5,577.35,2002110.0,39.88
2025-04-30,578.0,578.95,562.2,565.8,1069116.0,52.06
2025-05-02,566.3,575.55,551.7,558.1,1652336.0,48.7
2025-05-05,569.0,584.35,558.2,576.5,5603760.0,29.55
2025-05-06,579.4,583.0,557.0,561.45,2158268.0,50.09
2025-05-07,559.0,569.3,552.05,558.3,1857497.0,48.04
2025-05-08,560.0,572.0,550.0,553.95,1953966.0,40.65
2025-05-09,548.0,560.85,546.1,552.05,1007328.0,34.97
2025-05-12,573.0,575.5,563.0,572.1,1342420.0,46.83
2025-05-13,570.0,585.65,569.0,580.85,2374367.0,52.44
2025-05-14,581.9,590.95,576.9,584.7,2749158.0,62.05
2025-05-15,586.5,590.25,578.2,588.9,1590406.0,51.6
2025-05-16,588.0,598.4,588.0,594.55,2098520.0,59.77
2025-05-19,596.25,619.0,595.45,611.5,4838705.0,45.57
2025-05-20,617.0,617.95,600.05,610.75,4388891.0,63.23
2025-05-21,610.0,612.8,595.05,601.7,1328483.0,34.63
2025-05-22,601.0,605.15,587.5,592.4,1675003.0,55.65
2025-05-23,595.0,597.5,590.0,594.1,1354831.0,50.61
2025-05-26,595.0,601.0,591.3,594.85,695153.0,33.34
2025-05-27,597.85,599.3,586.25,597.55,1412358.0,41.11
2025-05-28,598.4,609.7,595.0,608.15,1798400.0,45.66
2025-05-29,612.0,612.0,597.0,601.05,1539775.0,48.27
2025-05-30,604.0,628.95,597.65,616.6,3777034.0,49.55
2025-06-02,620.0,652.0,616.25,646.25,10529873.0,47.64
2025-06-03,651.9,658.5,630.0,632.4,7009387.0,49.37
2025-06-04,637.0,641.6,622.95,633.65,3182423.0,47.62
2025-06-05,637.0,637.0,626.0,629.7,1248762.0,44.37
2025-06-06,632.5,639.0,624.5,634.05,3543484.0,41.55
2025-06-09,643.0,653.2,638.45,651.8,4239222.0,56.29
2025-06-10,637.15,637.2,622.5,628.75,6745778.0,52.21
2025-06-11,628.75,630.95,617.55,625.0,4700658.0,77.28
2025-06-12,626.0,629.5,624.25,625.1,2203171.0,67.86
2025-06-13,609.6,629.9,606.0,624.85,3873962.0,67.96
2025-06-16,624.95,635.0,621.6,632.7,4168719.0,66.79
2025-06-17,634.0,642.0,630.65,634.05,1632394.0,54.75
2025-06-18,633.05,633.05,622.5,628.65,1113256.0,48.67
2025-06-19,626.0,626.0,612.55,615.15,4623484.0,61.0
2025-06-20,619.0,624.5,614.4,615.65,1400181.0,50.97
2025-06-23,614.0,621.95,611.5,617.25,1875657.0,47.64
2025-06-24,628.0,631.9,618.0,623.3,2744554.0,57.5
2025-06-25,627.0,630.65,618.6,620.7,1364294.0,49.01
2025-06-26,622.5,637.7,618.6,635.95,2403993.0,52.4
2025-06-27,638.0,642.0,625.6,626.8,2416450.0,64.52
2025-06-30,630.0,646.0,628.35,643.45,2341558.0,41.42
2025-07-01,645.7,653.75,639.55,649.65,2496658.0,50.55
2025-07-02,651.95,653.05,645.3,650.65,2040292.0,55.2
2025-07-03,654.0,657.95,643.4,645.95,1970585.0,51.28
2025-07-04,647.05,653.8,646.85,650.5,1313266.0,72.99
2025-07-07,650.0,657.55,642.95,644.15,1374873.0,58.08
2025-07-08,644.15,646.95,632.5,638.55,1415575.0,61.7
2025-07-09,638.55,641.85,634.5,638.8,403847.0,42.01
2025-07-10,640.0,642.0,628.8,631.25,904856.0,47.69
2025-07-11,631.25,634.85,620.55,631.5,1850392.0,51.76
2025-07-14,631.5,644.85,629.85,635.1,1592892.0,49.28
2025-07-15,637.0,642.5,632.65,633.7,1007442.0,43.68
2025-07-16,635.3,649.9,633.75,641.5,2188014.0,52.97
2025-07-17,644.55,644.55,626.8,637.95,2468006.0,54.48
2025-07-18,638.0,640.95,629.15,631.65,1564647.0,59.13
2025-07-21,631.8,638.0,625.95,634.75,847257.0,45.2
2025-07-22,635.5,637.2,626.7,627.9,1527931.0,65.78
2025-07-23,629.95,631.45,622.1,624.4,1452631.0,62.69
2025-07-24,627.5,657.0,625.25,652.15,5451574.0,43.7
2025-07-25,652.8,654.0,629.0,637.55,2739717.0,38.94
2025-07-28,637.3,648.0,623.75,626.7,1058952.0,33.68
2025-07-29,627.0,632.85,624.05,630.5,2187783.0,61.19
2025-07-30,631.9,632.95,612.1,614.6,971897.0,50.77
2025-07-31,607.0,623.35,606.0,621.7,1801099.0,69.91
2025-08-01,623.7,628.35,611.1,621.2,2873710.0,66.23
2025-08-04,621.2,638.85,619.05,638.15,1695329.0,52.5
2025-08-05,640.0,644.3,632.3,634.75,895005.0,56.38
2025-08-06,634.0,638.8,626.85,637.5,1680608.0,68.68
2025-08-07,632.0,650.0,631.0,647.65,1991319.0,58.33
2025-08-08,647.65,655.9,644.15,650.85,1934270.0,55.34
2025-08-11,650.85,677.0,650.0,674.0,2887066.0,35.18
2025-08-12,676.55,676.55,669.7,671.4,897642.0,31.51
2025-08-13,675.0,676.0,666.3,670.7,717193.0,56.19
2025-08-14,670.7,673.2,666.05,668.25,538598.0,47.32
2025-08-18,673.8,679.8,671.3,676.3,1454093.0,63.3
2025-08-19,678.0,683.1,668.15,671.65,875343.0,33.82
2025-08-20,671.0,673.75,666.55,670.05,685915.0,48.68
2025-08-21,670.0,673.0,666.15,670.85,558989.0,47.13
2025-08-22,669.05,674.4,666.2,670.25,805749.0,43.56
2025-08-25,670.25,673.4,664.3,668.05,314523.0,45.85
2025-08-26,666.0,666.4,654.0,655.9,786973.0,48.92
2025-08-28,655.0,657.45,650.25,652.85,2844882.0,76.12
2025-08-29,652.5,657.05,642.6,653.1,637887.0,44.5
2025-09-01,653.1,669.85,653.0,668.5,1059709.0,54.37
2025-09-02,667.0,674.0,661.5,664.15,486775.0,25.87
2025-09-03,664.15,671.25,663.45,670.5,669079.0,48.96
2025-09-04,670.5,671.55,662.65,664.2,561167.0,66.81
2025-09-05,664.2,673.75,660.1,664.25,388410.0,27.54
2025-09-08,669.9,683.0,664.45,670.45,2159175.0,62.9
2025-09-09,670.45,676.5,669.0,670.0,1579769.0,76.35
2025-09-10,671.8,696.0,670.3,692.4,2032781.0,39.23
2025-09-11,694.95,701.85,692.6,695.85,1361882.0,35.4
2025-09-12,695.85,700.05,690.45,697.75,736658.0,41.47
2025-09-15,696.9,701.4,691.5,696.55,424153.0,36.73
2025-09-16,697.0,698.8,692.15,694.85,396137.0,41.06
2025-09-17,695.45,712.0,694.0,703.75,2175607.0,51.31
2025-09-18,703.5,706.5,698.5,699.25,922099.0,43.88
2025-09-19,701.0,710.45,697.85,701.5,1602590.0,51.05
2025-09-22,701.5,708.15,700.05,704.55,896675.0,44.5
2025-09-23,703.95,703.95,693.95,695.1,1352536.0,58.68
2025-09-24,697.2,722.0,697.0,708.2,5440713.0,41.58
2025-09-25,708.0,717.25,701.45,712.4,1777279.0,38.61
2025-09-26,711.05,714.65,704.45,706.35,1277067.0,47.39
2025-09-29,709.55,727.95,706.35,724.6,2501755.0,51.68
2025-09-30,727.0,761.05,727.0,750.7,4621957.0,43.01
2025-10-01,749.5,750.1,730.6,737.05,2726959.0,49.72
2025-10-03,742.0,769.3,742.0,765.95,2805702.0,37.06
2025-10-06,765.95,773.6,755.85,758.05,2004577.0,40.72
2025-10-07,759.95,764.45,755.35,757.7,1098668.0,49.36
2025-10-08,757.7,765.75,754.9,760.6,1428706.0,49.95
2025-10-09,760.25,768.3,756.6,766.2,968037.0,46.9
2025-10-10,767.1,779.7,764.65,776.25,1637650.0,44.58
2025-10-13,776.25,787.85,770.5,783.5,1636687.0,48.86
2025-10-14,784.95,785.9,761.0,768.15,1808806.0,58.32
2025-10-15,769.9,780.0,767.4,775.3,665475.0,35.89
2025-10-16,777.0,805.95,764.35,771.05,5146353.0,28.25
2025-10-17,783.0,784.0,756.5,782.35,2815481.0,30.84
2025-10-20,784.0,819.2,780.0,813.8,3399979.0,35.04
2025-10-21,822.8,822.8,810.0,813.3,294281.0,30.97
2025-10-22,822.8,822.8,810.0,813.3,294281.0,30.97
2025-10-23,813.3,838.6,811.65,826.2,2789859.0,50.38
2025-10-24,828.0,852.85,814.65,820.05,1753487.0,43.53
2025-10-27,823.95,834.95,821.2,825.85,1850854.0,58.92
2025-10-28,830.0,855.4,830.0,852.9,4392545.0,37.99
2025-10-29,855.0,856.9,847.95,854.45,1582454.0,49.16
2025-10-30,858.45,860.8,849.5,854.85,1332294.0,51.74
2025-10-31,860.0,879.0,855.8,858.7,5066179.0,52.77
2025-11-03,865.55,887.8,859.1,880.35,4638114.0,53.19
2025-11-04,880.95,883.65,868.7,872.4,2918426.0,59.18
2025-11-05,880.95,883.65,868.7,872.4,2918426.0,59.18
2025-11-06,874.1,879.75,863.6,865.8,1796714.0,53.04
2025-11-07,864.0,876.0,850.0,873.95,1350893.0,43.69
2025-11-10,878.95,883.0,868.75,876.35,1194841.0,44.15
2025-11-11,880.55,880.55,855.35,867.9,1188117.0,46.31
2025-11-12,872.9,876.85,861.65,867.5,1129627.0,55.43
2025-11-13,867.5,873.3,859.0,869.45,882359.0,42.47
2025-11-14,868.05,873.9,862.0,868.45,1111820.0,51.98
2025-11-17,873.0,891.5,872.05,890.15,2172112.0,44.48
2025-11-18,893.7,894.85,884.0,886.9,1190105.0,52.97
2025-11-19,890.95,890.95,879.4,885.55,1494789.0,56.53
2025-11-20,891.8,893.9,880.0,882.35,886425.0,50.75
2025-11-21,882.35,883.0,850.2,851.8,1754260.0,62.22
2025-11-24,851.8,863.6,851.8,854.75,1171441.0,50.68
2025-11-25,855.95,878.95,855.95,873.1,1591077.0,46.4
2025-11-26,875.0,892.4,871.6,886.75,1680454.0,44.94
2025-11-27,891.35,891.35,856.95,865.9,1931736.0,47.62
2025-11-28,870.0,874.0,865.0,870.25,1306456.0,55.98
2025-12-01,875.0,890.0,872.25,887.35,1272103.0,41.34
2025-12-02,888.9,889.8,856.1,859.45,2825373.0,48.71
2025-12-03,864.0,864.0,803.55,812.8,7081168.0,39.45
2025-12-04,812.8,819.0,800.5,802.6,2081606.0,46.55
2025-12-05,802.6,825.0,800.6,808.95,3550963.0,35.99
2025-12-08,807.8,810.8,773.7,779.1,4503930.0,62.61
2025-12-09,779.1,795.9,766.05,793.9,2041877.0,39.83
2025-12-10,793.9,796.95,779.25,782.8,1438014.0,54.03
2025-12-11,781.95,789.85,777.05,782.65,925978.0,45.01
2025-12-12,784.3,793.5,781.15,789.35,1533875.0,48.43
2025-12-15,788.0,793.25,779.05,783.85,2416248.0,55.54
2025-12-16,783.85,786.65,764.05,773.15,1751191.0,52.15
2025-12-17,772.0,783.7,769.6,775.0,910955.0,40.64
2025-12-18,778.55,782.4,767.9,777.85,1083428.0,48.67
2025-12-19,779.0,785.5,772.1,781.4,2015690.0,62.38
2025-12-22,783.0,788.95,781.0,787.9,620853.0,62.43
2025-12-23,787.9,792.8,780.1,783.25,581636.0,49.78
2025-12-24,783.25,783.25,773.25,777.2,902942.0,48.4
2025-12-25,783.25,783.25,773.25,777.2,902942.0,48.4
2025-12-26,777.2,781.5,772.1,778.45,710328.0,47.61
2025-12-29,778.4,789.5,774.35,784.45,1110856.0,56.09
2025-12-30,784.45,815.2,778.65,809.0,7951593.0,72.39
2025-12-31,812.9,840.4,806.5,837.25,3654469.0,44.79
2026-01-01,838.0,844.0,826.05,832.6,1205991.0,32.23
2026-01-02,842.05,864.25,842.0,861.4,3201311.0,37.59
2026-01-05,864.0,868.1,849.5,858.2,1041948.0,33.97
2026-01-06,862.0,872.8,855.4,861.5,1138586.0,47.76
2026-01-07,861.5,866.0,850.25,864.6,2116921.0,59.14
2026-01-08,858.0,862.5,826.1,828.0,1354984.0,44.55
2026-01-09,831.15,857.0,828.0,832.9,2989007.0,36.48
2026-01-12,833.05,837.05,812.8,826.65,2013884.0,49.38
2026-01-13,831.35,833.35,807.8,817.75,1984088.0,49.28
2026-01-14,820.0,849.9,808.5,846.4,3279844.0,45.63
2026-01-15,820.0,849.9,808.5,846.4,3279844.0,45.63
2026-01-16,846.4,861.4,843.05,852.1,1800308.0,33.45
2026-01-19,851.0,861.0,841.0,858.7,1306983.0,39.64
2026-01-20,862.0,869.35,844.0,846.6,1230157.0,28.87
2026-01-21,847.0,857.0,831.65,850.55,1777407.0,44.05
2026-01-22,859.7,908.0,854.2,896.75,5457242.0,46.47
2026-01-23,903.45,904.8,871.5,876.45,3266265.0,37.35
2026-01-26,903.45,904.8,871.5,876.45,3266265.0,37.35
2026-01-27,877.65,888.45,858.0,876.7,1689591.0,33.21
2026-01-28,877.85,900.5,873.0,898.35,1143342.0,41.31
2026-01-29,898.35,916.5,897.05,909.5,2027302.0,39.67
2026-01-30,907.05,923.0,898.95,911.7,2043131.0,42.94
2026-02-02,843.15,847.0,806.2,834.8,4129175.0,48.28
2026-02-03,875.0,892.1,857.9,870.1,1411737.0,33.32
2026-02-04,864.4,883.4,862.1,879.25,1374637.0,42.07
2026-02-05,876.0,882.95,871.7,879.5,904730.0,40.23
2026-02-06,878.3,882.3,862.25,871.2,1237331.0,41.37
2026-02-09,881.0,910.6,881.0,902.5,2416660.0,39.94
2026-02-10,906.9,915.8,897.8,906.05,1698438.0,46.32
2026-02-11,910.55,910.85,876.9,897.3,2377332.0,48.94
2026-02-12,897.05,897.05,877.0,880.7,2301586.0,58.17
2026-02-13,875.0,881.9,864.15,873.7,877486.0,45.56
2026-02-16,869.0,892.4,863.1,888.9,1290153.0,50.51
2026-02-17,888.0,921.9,881.0,920.1,1893818.0,39.7
2026-02-18,925.0,942.5,920.45,938.15,2221965.0,35.1
2026-02-19,942.15,952.5,921.1,927.35,1724103.0,46.78
2026-02-20,927.35,950.0,924.0,946.7,1821350.0,39.46
2026-02-23,953.0,986.0,952.05,982.75,4004600.0,32.99
2026-02-24,981.0,989.9,975.35,985.85,2141014.0,35.88
2026-02-25,989.95,990.4,971.3,983.6,1095273.0,41.01
2026-02-26,987.0,997.95,973.35,991.55,1532659.0,40.07
2026-02-27,988.1,1000.0,980.0,990.5,2343944.0,59.74
2026-03-02,960.0,985.0,960.0,976.65,1434807.0,41.77
2026-03-03,960.0,985.0,960.0,976.65,1434807.0,41.77
2026-03-04,955.0,961.35,915.7,939.0,2957995.0,45.39
2026-03-05,951.95,957.3,930.0,951.75,2154862.0,48.35
2026-03-06,948.05,954.55,936.65,939.4,1071588.0,46.7
2026-03-09,928.0,928.0,878.7,898.9,2044078.0,38.49
2026-03-10,912.0,937.0,905.55,929.75,1627044.0,47.36
2026-03-11,929.85,935.0,910.0,917.8,1145458.0,42.56
2026-03-12,910.0,922.3,890.0,909.6,1025100.0,36.72
2026-03-13,909.6,909.6,867.55,870.3,2204866.0,44.21
2026-03-16,865.0,884.6,848.65,877.45,2341800.0,37.81
2026-03-17,885.0,885.0,860.0,873.95,1399473.0,34.4
2026-03-18,875.0,895.65,874.65,888.9,1592607.0,45.4
2026-03-19,870.1,873.85,853.0,859.15,1414056.0,51.7
2026-03-20,871.9,896.9,864.2,878.65,3265910.0,48.54
2026-03-23,861.0,869.9,833.0,838.2,1677108.0,38.56
2026-03-24,850.0,876.85,850.0,871.45,1433333.0,27.65
2026-03-25,885.0,919.6,882.1,909.05,2602754.0,36.01
2026-03-26,885.0,919.6,882.1,909.05,2602754.0,36.01
2026-03-27,902.0,904.55,867.0,871.75,1988298.0,47.37
2026-03-30,855.0,865.75,835.0,845.7,2488566.0,54.31
2026-03-31,855.0,865.75,835.0,845.7,2488566.0,54.31
2026-04-01,879.35,890.65,861.4,888.0,1896842.0,43.76
2026-04-02,870.95,874.1,844.0,869.4,1607041.0,33.84
2026-04-03,870.95,874.1,844.0,869.4,1607041.0,33.84
2026-04-06,876.85,904.65,864.25,899.85,2261012.0,27.15
2026-04-07,899.8,906.3,879.1,905.25,1423269.0,30.56
2026-04-08,930.0,959.3,930.0,956.5,2494224.0,44.01
2026-04-09,957.0,972.7,939.25,941.85,1912175.0,31.7
2026-04-10,950.0,972.0,947.0,967.75,2024925.0,45.11
2026-04-13,945.0,970.9,930.2,966.5,1531586.0,29.79
2026-04-14,945.0,970.9,930.2,966.5,1531586.0,29.79
2026-04-15,978.0,1000.9,941.4,946.0,3464905.0,39.78
2026-04-16,950.05,955.0,930.05,940.05,2516529.0,40.71
2026-04-17,940.05,945.0,930.05,939.45,2109087.0,43.97
2026-04-20,944.0,955.8,925.45,928.3,2522718.0,39.49
2026-04-21,934.0,942.45,918.5,921.05,3097270.0,55.07
2026-04-22,921.05,933.85,921.05,925.35,1910446.0,52.46
2026-04-23,925.35,927.6,895.35,914.95,2204928.0,43.99
2026-04-24,914.95,923.5,901.4,909.9,2514713.0,59.29
2026-04-27,918.8,929.85,909.0,912.65,1723294.0,43.39
2026-04-28,902.0,909.7,894.4,896.1,1854563.0,53.26
2026-04-29,903.35,925.65,862.2,875.55,5461272.0,22.25
2026-04-30,863.0,863.0,812.7,851.85,9226296.0,36.09
2026-05-01,863.0,863.0,812.7,851.85,9226296.0,36.09
2026-05-04,857.95,861.65,827.15,830.35,3272979.0,50.64
2026-05-05,825.15,853.25,818.35,848.75,3440456.0,44.86
2026-05-06,865.0,871.9,846.55,866.85,2659317.0,40.91
2026-05-07,875.0,875.0,856.0,860.75,1581343.0,38.04
2026-05-08,857.05,867.9,848.0,865.55,3357826.0,52.54
2026-05-11,859.0,859.0,837.4,839.65,2001812.0,48.43
2026-05-12,831.5,846.7,816.3,821.4,1682087.0,47.33
2026-05-13,827.0,832.0,801.35,813.95,2345389.0,38.59
2026-05-14,817.95,839.5,813.05,831.75,2226331.0,44.31
2026-05-15,834.95,842.3,818.0,820.6,2277029.0,48.5
2026-05-18,811.0,819.45,803.7,810.0,2006573.0,55.64
2026-05-19,811.95,819.9,807.0,817.1,2021095.0,53.62
2026-05-20,810.15,818.4,803.55,810.2,1800373.0,51.19
2026-05-21,820.85,829.85,814.5,818.95,1742234.0,40.31
2026-05-22,822.9,832.0,818.1,825.95,2275195.0,47.75
2026-05-25,839.4,849.9,835.0,840.15,2632041.0,47.78
2026-05-26,844.0,847.3,830.1,833.55,2469501.0,50.82
2026-05-27,833.55,837.85,827.1,833.35,1027273.0,41.96
2026-05-28,833.55,837.85,827.1,833.35,1027273.0,41.96
2026-05-29,837.0,853.95,817.15,833.0,34509165.0,71.64
2026-06-01,840.25,842.4,808.0,809.75,3257722.0,48.78
2026-06-02,811.85,828.0,805.85,825.55,2748849.0,60.14
2026-06-03,829.5,851.0,815.6,847.9,2814036.0,38.38
2026-06-04,847.9,849.9,832.7,837.25,1830531.0,47.29
2026-06-05,839.0,860.95,835.8,842.05,3472043.0,34.83
2026-06-08,837.0,855.35,832.25,843.0,2040599.0,37.76
2026-06-09,849.95,878.0,847.25,874.95,3638354.0,39.69
2026-06-10,856.75,862.9,830.5,833.45,3806779.0,44.1
2026-06-11,824.95,833.4,817.45,825.65,2585374.0,47.43
2026-06-12,838.5,850.95,824.85,845.5,3089091.0,50.24
2026-06-15,858.2,867.65,846.3,849.6,1284322.0,45.2
2026-06-16,855.0,856.9,848.7,853.3,545601.0,42.51
2026-06-17,858.0,878.25,853.45,876.35,2138011.0,45.41
2026-06-18,880.7,884.95,873.1,875.7,1025452.0,37.31
2026-06-19,875.05,878.8,867.3,870.1,1460346.0,61.91
2026-06-22,873.0,875.0,858.0,861.1,1196004.0,53.25
2026-06-23,866.95,867.15,845.0,846.4,1789120.0,59.77
2026-06-24,852.0,855.95,842.0,843.65,1582412.0,54.93
2026-06-25,849.9,851.0,831.0,832.6,2035820.0,67.77
2026-06-26,849.9,851.0,831.0,832.6,2035820.0,67.77
2026-06-29,833.0,842.4,809.9,814.7,10505717.0,73.46
2026-06-30,820.0,827.65,812.45,816.65,4505538.0,55.05
2026-07-01,819.9,830.95,814.8,820.95,2557041.0,62.13
2026-07-02,825.9,828.55,801.0,815.1,3361208.0,37.37
2026-07-03,818.0,820.5,789.5,798.95,5028431.0,59.77
2026-07-06,792.0,802.8,785.3,786.9,1765620.0,61.72
2026-07-07,786.65,792.05,776.15,785.95,4833997.0,64.23
2026-07-08,780.3,797.35,769.25,772.4,4342194.0,60.29
2026-07-09,774.95,796.8,774.95,793.15,1880631.0,55.2
2026-07-10,800.0,874.9,794.75,870.7,17690322.0,17.21
2026-07-13,868.0,871.5,839.35,842.55,4055265.0,33.18
2026-07-14,840.0,846.0,824.5,833.45,1613902.0,37.67
2026-07-15,835.15,849.75,827.2,830.55,2550503.0,43.35
2026-07-16,834.5,840.7,817.7,819.9,1629769.0,55.23
2026-07-17,821.0,835.75,816.0,832.4,2707156.0,63.72
2026-07-20,832.4,861.4,830.55,858.5,4753723.0,52.83
2026-07-21,856.45,867.85,845.15,855.35,1926861.0,47.92
2026-07-22,850.5,853.9,824.25,827.55,1611184.0,48.59
2026-07-23,827.0,834.5,820.5,827.3,1734978.0,50.83
2026-07-24,819.0,828.85,814.55,826.1,1435233.0,40.49
2026-07-27,835.0,838.6,826.1,831.25,936950.0,49.3
2026-07-28,834.0,841.3,824.45,834.25,1432863.0,55.29
2026-07-29,834.25,839.15,826.05,827.7,772928.0,42.87
2026-07-30,825.75,832.5,817.75,827.25,816477.0,50.02
2026-07-31,828.0,840.9,828.0,836.5,1312076.0,60.81
2026-08-03,841.95,853.8,838.0,845.0,1497239.0,39.05
2026-08-04,845.8,852.75,837.3,845.0,885832.0,44.44
2026-08-05,851.9,864.5,845.2,854.0,1605357.0,45.16
2026-08-06,856.0,879.4,849.3,877.9,2583415.0,43.75
2026-08-07,879.35,899.0,878.1,889.5,4024185.0,43.26
2026-08-10,889.5,901.8,880.0,884.15,2609542.0,52.8
2026-08-11,888.85,889.0,874.9,875.6,1060250.0,47.78
2026-08-12,875.6,897.65,873.1,897.0,2076183.0,38.26
2026-08-13,897.0,903.8,883.15,897.0,840646.0,40.92
2026-08-14,890.0,902.8,885.3,894.95,732478.0,35.41
2026-08-19,878.35,881.0,865.0,873.15,464807.0,30.46
2026-08-20,877.15,883.8,871.0,871.0,530224.0,50.39
2026-08-21,876.0,880.9,870.5,876.9,576565.0,40.16
2026-08-24,880.0,883.85,862.0,870.45,729343.0,46.95
2026-08-25,870.45,881.75,869.0,878.0,1428100.0,61.75
2026-08-26,884.9,905.0,882.5,889.0,972910.0,35.5
2026-08-27,891.95,896.15,875.35,884.4,596643.0,46.31
2026-08-28,882.2,883.95,872.45,882.4,456709.0,53.16
2026-08-31,878.0,898.75,864.8,898.75,1651759.0,63.92
2026-09-01,889.0,890.5,874.05,881.75,1602957.0,55.6
2026-09-02,875.0,884.4,866.0,878.8,898988.0,42.2
2026-09-03,882.5,906.7,882.45,888.75,1755640.0,35.13
2026-09-04,883.05,892.4,879.1,879.7,786614.0,48.49
