,Open,High,Low,Close,Volume,DeliveryPct
2016-08-22,1018.0,1030.0,1009.1,1015.45,5126759.0,
2016-08-23,1020.1,1042.0,1020.1,1039.65,3703069.0,
2016-08-24,1047.0,1062.05,1047.0,1057.4,3064983.0,
2016-08-25,1055.0,1057.6,1032.1,1036.15,2398281.0,
2016-08-26,1036.0,1046.0,1017.05,1020.25,3440527.0,
2016-08-29,1017.6,1030.0,1011.0,1022.8,2610141.0,
2016-08-30,1032.45,1045.0,1025.0,1040.4,2187719.0,
2016-08-31,1037.1,1045.75,1027.8,1035.85,5569907.0,
2016-09-01,1038.0,1040.45,1032.0,1037.55,1438913.0,
2016-09-02,1039.05,1040.0,1026.2,1031.85,1666296.0,
2016-09-06,1038.25,1048.9,1035.6,1045.0,4107522.0,
2016-09-07,1048.0,1059.0,1044.0,1054.35,3712735.0,
2016-09-08,1045.0,1045.0,1024.0,1037.65,4546387.0,
2016-09-09,1037.0,1041.0,1026.55,1035.5,2526719.0,
2016-09-12,1025.25,1058.0,1025.25,1054.0,3101548.0,
2016-09-14,1053.95,1057.8,1040.65,1045.6,2576209.0,
2016-09-15,1045.6,1046.8,1035.35,1042.2,2350861.0,
2016-09-16,1049.0,1064.5,1038.1,1060.15,4974692.0,
2016-09-19,1046.0,1068.9,1041.35,1061.2,2904577.0,
2016-09-20,1053.3,1057.15,1045.75,1050.15,2107002.0,
2016-09-21,1054.0,1061.25,1051.05,1055.75,2115766.0,
2016-09-22,1059.0,1061.0,1052.0,1058.8,1814757.0,
2016-09-23,1057.0,1058.8,1040.0,1042.55,2602647.0,
2016-09-26,1042.75,1044.0,1031.0,1035.9,3185899.0,
2016-09-27,1035.05,1049.9,1033.35,1039.75,3262830.0,
2016-09-28,1040.0,1042.3,1033.25,1038.95,2717354.0,
2016-09-29,1044.95,1044.95,1024.0,1029.2,4451319.0,
2016-09-30,1031.1,1043.9,1031.1,1036.05,3251177.0,
2016-10-03,1035.5,1040.0,1026.1,1038.1,1828080.0,
2016-10-04,1040.0,1051.4,1038.3,1049.2,2533293.0,
2016-10-05,1049.2,1049.85,1037.0,1041.5,1153787.0,
2016-10-06,1045.0,1045.0,1025.95,1027.4,1860941.0,
2016-10-07,1029.95,1033.8,1010.1,1012.55,3144279.0,
2016-10-10,1017.0,1031.75,1010.0,1029.95,2706585.0,
2016-10-13,1021.4,1058.0,1021.4,1052.35,4889345.0,
2016-10-14,1052.9,1082.7,996.25,1027.15,16730845.0,
2016-10-17,1034.95,1041.8,1017.35,1022.4,4007429.0,
2016-10-18,1030.0,1040.5,1027.3,1039.05,3194067.0,
2016-10-19,1042.0,1045.7,1036.0,1041.8,1754918.0,
2016-10-20,1044.75,1050.7,1033.8,1036.65,1767745.0,
2016-10-21,1035.0,1041.0,1022.5,1038.3,1931810.0,
2016-10-24,1037.5,1042.7,1025.5,1027.1,1451487.0,
2016-10-25,1036.5,1038.9,1015.2,1017.2,2818007.0,
2016-10-26,1017.0,1019.85,1009.3,1014.2,1387608.0,
2016-10-27,1017.9,1017.95,1001.1,1003.5,3613895.0,
2016-10-28,1005.2,1010.0,993.15,997.5,2920353.0,
2016-11-01,1006.8,1006.8,986.4,989.45,3166399.0,
2016-11-02,984.8,987.5,980.0,981.05,2688597.0,
2016-11-03,981.05,982.0,965.1,966.85,2612554.0,
2016-11-04,967.0,979.2,961.0,971.0,3002774.0,
2016-11-07,985.0,986.0,975.0,977.95,2268836.0,
2016-11-08,986.9,987.75,970.6,982.6,2630554.0,
2016-11-09,930.0,974.6,901.0,958.3,6382079.0,
2016-11-10,962.5,962.5,935.0,939.4,3643665.0,
2016-11-11,940.0,945.0,918.7,921.55,3548391.0,
2016-11-15,924.0,939.95,908.55,923.55,4617925.0,
2016-11-16,930.0,956.85,928.55,940.9,6111308.0,
2016-11-17,934.25,949.0,926.4,929.8,2853365.0,
2016-11-18,930.0,933.25,917.5,920.0,3020114.0,
2016-11-21,926.9,926.9,906.95,911.1,3970284.0,
2016-11-22,916.9,928.65,911.65,914.2,2741563.0,
2016-11-23,922.1,922.9,912.45,920.25,4125893.0,
2016-11-24,928.2,939.9,923.3,930.3,8390322.0,
2016-11-25,930.45,985.0,930.45,977.5,6315690.0,
2016-11-28,979.3,983.45,970.6,979.75,3682856.0,
2016-11-29,978.8,984.7,967.1,972.6,3062753.0,
2016-11-30,973.0,977.0,961.05,975.55,4250459.0,
2016-12-01,976.0,983.55,967.0,975.6,2305795.0,
2016-12-02,964.8,969.6,961.1,964.5,2226614.0,
2016-12-05,965.9,968.6,958.0,961.65,1829788.0,
2016-12-06,961.8,979.5,961.65,966.5,1781055.0,
2016-12-07,968.0,973.0,960.2,966.4,1692990.0,
2016-12-08,970.05,986.1,970.05,984.65,2970831.0,
2016-12-09,985.0,1008.15,981.5,989.35,4324192.0,
2016-12-12,982.8,982.8,965.2,977.35,2672510.0,
2016-12-13,980.5,992.85,971.1,990.2,2427141.0,
2016-12-14,991.0,1004.95,984.1,999.75,2691307.0,
2016-12-15,997.4,1018.95,989.0,992.35,3983208.0,
2016-12-16,1003.8,1009.7,997.75,1005.15,3218371.0,
2016-12-19,1006.1,1008.25,994.1,1004.65,2062067.0,
2016-12-20,1002.0,1019.0,1001.3,1012.15,3818249.0,
2016-12-21,1016.0,1022.0,998.25,1001.55,3671988.0,
2016-12-22,1002.5,1007.0,969.5,984.7,3530027.0,
2016-12-23,984.9,1006.6,973.6,988.45,3653018.0,
2016-12-26,988.0,994.0,975.1,982.75,1606914.0,
2016-12-27,982.75,1001.9,980.0,998.95,2456408.0,
2016-12-28,1002.95,1009.8,995.0,998.5,2738408.0,
2016-12-29,1003.75,1008.0,988.15,992.35,3120062.0,
2016-12-30,998.0,1012.0,992.75,1010.6,3633884.0,
2017-01-02,1011.1,1012.95,999.35,1001.1,1167611.0,
2017-01-03,1004.1,1004.9,982.0,993.85,3389241.0,
2017-01-04,995.05,1004.2,992.25,997.75,3536793.0,
2017-01-05,1001.6,1009.5,988.75,996.15,4103537.0,
2017-01-06,994.9,998.85,968.05,972.25,7196724.0,
2017-01-09,972.25,976.95,965.0,970.35,5272846.0,
2017-01-10,977.0,981.0,967.95,970.55,5969927.0,
2017-01-11,974.2,978.45,963.95,969.1,6120787.0,
2017-01-12,977.55,1004.4,977.55,1000.05,5927870.0,
2017-01-13,1030.0,1040.0,962.7,975.8,15638123.0,
2017-01-16,965.0,965.45,952.45,955.65,6175686.0,
2017-01-17,956.25,964.0,952.4,955.4,2780047.0,
2017-01-18,958.1,961.0,949.8,950.8,2976481.0,
2017-01-19,951.0,959.6,948.1,958.1,4438240.0,
2017-01-20,950.0,953.15,946.0,948.7,4562371.0,
2017-01-23,945.0,958.0,940.0,952.7,3974290.0,
2017-01-24,950.0,950.0,940.1,945.55,3413005.0,
2017-01-25,946.1,946.8,934.8,936.6,4989045.0,
2017-01-27,933.85,947.55,901.15,942.15,5317569.0,
2017-01-30,937.5,951.5,928.85,949.35,5684604.0,
2017-01-31,941.5,941.5,904.35,928.6,12034267.0,
2017-02-01,921.1,923.2,905.15,916.75,5765891.0,
2017-02-02,917.0,945.0,910.1,935.9,5914134.0,
2017-02-03,933.8,940.9,921.05,936.1,4211979.0,
2017-02-06,937.25,943.75,930.55,935.25,3363967.0,
2017-02-07,933.0,949.8,928.55,942.25,4634001.0,
2017-02-08,936.0,944.1,932.45,936.5,3159981.0,
2017-02-09,937.0,950.0,936.55,946.0,5953633.0,
2017-02-10,946.25,972.0,943.3,968.3,6126226.0,
2017-02-13,972.85,986.1,962.85,984.35,6862134.0,
2017-02-14,980.0,989.0,972.35,987.7,4669409.0,
2017-02-15,989.2,998.8,968.8,981.8,3629743.0,
2017-02-16,991.0,1013.9,990.05,1012.1,6407929.0,
2017-02-17,1013.75,1013.75,992.7,1000.1,2425604.0,
2017-02-20,996.5,1031.0,993.5,1010.25,2325331.0,
2017-02-21,1022.1,1024.5,1000.05,1013.6,3806998.0,
2017-02-22,1015.0,1015.0,986.4,990.15,3303919.0,
2017-02-23,998.9,1020.0,993.35,1008.85,4771328.0,
2017-02-27,1007.3,1023.0,1006.95,1012.4,2664348.0,
2017-02-28,1011.85,1022.7,1009.25,1012.4,2970066.0,
2017-03-01,1012.0,1027.0,1010.1,1025.15,2141224.0,
2017-03-02,1024.4,1028.0,1016.5,1023.3,1474249.0,
2017-03-03,1010.25,1034.3,1000.4,1031.2,2700806.0,
2017-03-06,1020.05,1035.95,1019.7,1033.9,2643193.0,
2017-03-07,1022.0,1025.8,1014.7,1019.8,2322248.0,
2017-03-08,1016.9,1016.9,1004.45,1007.8,3089588.0,
2017-03-09,1007.8,1013.0,999.0,1011.55,1740315.0,
2017-03-10,1015.0,1027.65,1013.4,1021.85,2275162.0,
2017-03-14,1022.8,1041.9,1022.8,1034.8,3939198.0,
2017-03-15,1034.9,1034.9,1007.5,1011.95,3186989.0,
2017-03-16,1013.3,1031.7,1013.3,1028.85,3351478.0,
2017-03-17,1035.4,1042.9,1019.25,1040.3,4753923.0,
2017-03-20,1026.55,1026.55,1015.1,1021.5,2213694.0,
2017-03-21,1020.9,1034.95,1018.8,1032.85,2434792.0,
2017-03-22,1022.45,1039.95,1020.4,1027.7,1995426.0,
2017-03-23,1028.25,1043.0,1026.6,1040.45,2250831.0,
2017-03-24,1038.0,1044.0,1027.7,1031.4,2441948.0,
2017-03-27,1027.2,1041.85,1024.5,1028.85,3842412.0,
2017-03-28,1031.5,1039.0,1030.05,1035.15,2398398.0,
2017-03-29,1034.3,1041.5,1025.85,1031.85,3490593.0,
2017-03-30,1034.0,1035.9,1020.25,1025.5,6078590.0,
2017-03-31,1023.25,1029.3,1008.0,1022.25,7076927.0,
2017-04-03,1032.15,1032.45,1006.1,1008.8,2157800.0,
2017-04-05,1005.0,1005.4,991.0,995.95,3699169.0,
2017-04-06,998.15,1005.8,992.0,999.6,2689504.0,
2017-04-07,1000.9,1000.9,979.0,981.55,3202254.0,
2017-04-10,984.9,989.5,950.1,953.4,4764236.0,
2017-04-11,956.05,971.7,956.05,967.15,4327733.0,
2017-04-12,970.0,976.9,960.35,968.85,3348376.0,
2017-04-13,970.0,990.0,926.65,931.4,15486594.0,
2017-04-17,930.0,932.1,923.5,924.9,3606717.0,
2017-04-18,924.75,934.0,919.1,922.65,2323759.0,
2017-04-19,923.0,930.0,912.65,919.2,5035851.0,
2017-04-20,921.5,929.7,918.55,927.3,2274500.0,
2017-04-21,934.8,934.8,921.1,923.7,1788733.0,
2017-04-24,917.5,928.5,913.0,926.55,2778333.0,
2017-04-25,925.9,933.0,920.55,929.35,2368530.0,
2017-04-26,929.95,935.55,910.2,914.25,4542248.0,
2017-04-27,916.0,929.0,916.0,925.25,3898604.0,
2017-04-28,926.85,927.4,915.6,918.95,2514851.0,
2017-05-02,924.0,926.4,915.1,922.6,1615563.0,
2017-05-03,926.5,939.1,917.65,934.3,2329724.0,
2017-05-04,937.0,939.65,928.9,937.65,2639903.0,
2017-05-05,936.0,937.35,920.0,931.5,2216394.0,
2017-05-08,938.0,948.55,932.0,945.5,2353549.0,
2017-05-09,950.6,951.95,942.1,946.65,2824686.0,
2017-05-10,947.15,950.0,937.15,943.65,1682151.0,
2017-05-11,946.85,949.85,937.55,944.1,1614741.0,
2017-05-12,953.0,966.0,951.45,964.25,5489998.0,
2017-05-15,963.5,963.5,949.1,951.55,3648582.0,
2017-05-16,953.1,960.15,946.95,955.0,3065084.0,
2017-05-17,951.6,958.45,943.85,952.8,1457754.0,
2017-05-18,943.0,973.9,942.85,961.75,4028924.0,
2017-05-19,961.5,962.7,947.85,957.95,2128698.0,
2017-05-22,958.4,966.9,956.55,961.45,2751526.0,
2017-05-23,964.65,967.0,954.1,957.3,2019991.0,
2017-05-24,960.0,965.5,949.6,954.8,2818143.0,
2017-05-25,961.0,986.6,961.0,983.3,5219257.0,
2017-05-26,987.0,1000.0,980.6,995.7,2494002.0,
2017-05-29,990.9,996.7,975.7,985.15,3154217.0,
2017-05-30,982.0,1000.0,978.65,996.2,1858455.0,
2017-05-31,993.55,993.55,974.85,977.05,3881950.0,
2017-06-01,969.3,979.7,958.55,971.4,2754303.0,
2017-06-02,973.4,975.45,964.2,969.45,1958983.0,
2017-06-05,970.0,972.0,957.05,958.75,2731349.0,
2017-06-06,965.0,987.5,964.4,979.35,3504343.0,
2017-06-07,985.0,988.9,945.0,961.3,6227523.0,
2017-06-08,962.95,962.95,948.15,956.45,3097676.0,
2017-06-09,938.55,950.95,923.0,948.6,7378831.0,
2017-06-12,943.35,965.2,940.1,963.85,4295838.0,
2017-06-13,953.5,962.95,951.6,957.8,2468897.0,
2017-06-14,960.0,961.9,951.2,958.6,3719055.0,
2017-06-15,959.65,967.95,949.6,952.1,2764031.0,
2017-06-16,949.1,953.85,936.0,940.25,5474225.0,
2017-06-19,939.95,940.25,928.0,929.85,3427930.0,
2017-06-20,935.0,946.9,934.05,943.55,2592198.0,
2017-06-21,945.0,949.0,936.05,943.35,1867932.0,
2017-06-22,947.7,968.7,935.1,940.15,4732621.0,
2017-06-23,945.0,949.15,938.0,943.25,3201509.0,
2017-06-27,945.0,948.0,923.75,927.05,3452330.0,
2017-06-28,932.8,933.0,921.0,924.7,2952612.0,
2017-06-29,930.2,947.95,926.6,930.2,7957020.0,
2017-06-30,930.8,938.0,929.0,935.55,2108350.0,
2017-07-03,941.1,955.0,934.6,951.9,2544462.0,
2017-07-04,953.85,970.0,949.4,962.15,2583863.0,
2017-07-05,959.0,959.0,945.4,950.9,2113114.0,
2017-07-06,945.0,957.0,944.2,947.0,1914860.0,
2017-07-07,943.85,945.45,933.05,935.4,2888443.0,
2017-07-10,945.0,1028.9,888.65,957.05,847546.0,
2017-07-11,956.65,989.5,956.65,975.35,5769854.0,
2017-07-12,974.95,981.5,968.75,972.35,3137988.0,
2017-07-13,977.25,983.45,964.1,977.05,2585196.0,
2017-07-14,999.45,1006.85,966.05,972.05,11239090.0,
2017-07-17,975.0,992.0,974.0,984.05,3849125.0,
2017-07-18,986.05,1004.8,981.1,985.6,4130090.0,
2017-07-19,981.45,988.65,969.1,979.85,2945139.0,
2017-07-20,979.3,979.85,966.95,969.45,3404870.0,
2017-07-21,973.0,982.55,971.4,980.1,2990377.0,
2017-07-24,983.5,994.0,982.6,990.55,3064588.0,
2017-07-25,990.0,999.0,986.2,993.85,3572807.0,
2017-07-26,998.1,999.0,990.4,994.05,3435012.0,
2017-07-27,996.0,1004.0,966.8,971.05,6338426.0,
2017-07-28,976.0,1003.0,962.3,997.35,5549214.0,
2017-07-31,991.9,1021.7,986.75,1011.2,9579124.0,
2017-08-01,1011.0,1017.0,998.35,1005.55,3844699.0,
2017-08-02,1006.0,1012.75,987.2,993.35,2128792.0,
2017-08-03,991.0,998.75,980.25,984.0,2320174.0,
2017-08-04,988.0,989.0,976.05,983.75,2674509.0,
2017-08-07,983.5,983.75,965.7,968.25,3036872.0,
2017-08-08,968.5,970.25,955.05,963.85,3002324.0,
2017-08-09,967.65,973.9,964.55,969.35,1961205.0,
2017-08-10,969.9,987.5,969.35,981.25,4570342.0,
2017-08-11,976.0,997.0,969.6,987.7,3272078.0,
2017-08-14,988.0,989.2,977.15,981.45,1908235.0,
2017-08-16,982.0,986.1,969.0,975.2,3089040.0,
2017-08-17,1005.0,1029.25,998.05,1020.85,12892130.0,
2017-08-18,1017.9,1017.9,884.2,923.25,82202480.0,
2017-08-21,924.0,924.0,870.0,873.4,45203588.0,
2017-08-22,895.2,897.05,860.0,875.4,24621299.0,
2017-08-23,880.0,903.7,873.9,892.8,30642095.0,
2017-08-24,910.0,918.25,902.35,912.15,21190262.0,
2017-08-28,943.95,953.95,938.0,941.0,20356054.0,
2017-08-29,941.45,942.0,925.55,927.45,6684696.0,
2017-08-30,937.2,939.0,924.1,926.65,8074832.0,
2017-08-31,928.8,928.95,912.9,914.95,7511226.0,
2017-09-01,915.95,925.9,910.0,919.95,4216961.0,
2017-09-04,921.0,921.1,893.5,900.2,5088554.0,
2017-09-05,902.0,905.0,897.25,901.9,4891696.0,
2017-09-06,900.0,900.3,890.0,895.6,3867955.0,
2017-09-07,900.0,900.5,892.35,895.75,3120596.0,
2017-09-08,899.0,899.0,882.1,884.3,4302271.0,
2017-09-11,890.4,891.8,873.65,878.7,6893821.0,
2017-09-12,882.55,887.75,878.8,884.05,8620677.0,
2017-09-13,885.5,887.6,881.0,883.75,5739114.0,
2017-09-14,884.5,896.6,881.6,892.4,6849003.0,
2017-09-15,892.3,913.25,892.2,908.25,6729730.0,
2017-09-18,910.0,917.75,906.3,909.1,4237930.0,
2017-09-19,908.0,916.0,903.5,912.25,3016665.0,
2017-09-20,917.0,917.0,907.45,912.7,2883915.0,
2017-09-21,915.0,915.25,908.15,909.55,4102076.0,
2017-09-22,908.15,910.25,888.0,898.3,8802044.0,
2017-09-25,901.0,901.95,889.1,895.35,4544350.0,
2017-09-26,897.0,908.4,894.3,905.9,3683239.0,
2017-09-27,906.1,907.9,895.1,899.8,3000069.0,
2017-09-28,896.1,903.9,894.3,896.0,8768633.0,
2017-09-29,898.0,902.4,895.0,899.9,2852916.0,
2017-10-03,910.1,912.0,901.6,903.55,2473761.0,
2017-10-04,903.0,905.4,897.15,899.6,2495746.0,
2017-10-05,900.0,904.95,899.0,903.05,4305650.0,
2017-10-06,904.0,922.0,903.95,920.15,4287154.0,
2017-10-09,920.0,929.0,914.0,923.9,1752416.0,
2017-10-10,939.95,939.95,929.55,935.45,3571610.0,
2017-10-11,935.45,938.0,928.0,930.7,2991252.0,
2017-10-12,930.0,934.35,919.55,927.3,5140486.0,
2017-10-13,932.8,933.5,927.55,930.1,3590364.0,
2017-10-16,935.95,942.0,933.0,939.0,2879375.0,
2017-10-17,936.8,936.8,929.5,930.5,2812551.0,
2017-10-18,928.9,930.0,922.95,924.35,3615926.0,
2017-10-19,930.0,932.0,925.2,926.95,545717.0,
2017-10-23,930.0,942.0,928.1,939.5,4577048.0,
2017-10-24,946.0,946.65,921.6,926.5,7264664.0,
2017-10-25,919.0,944.7,915.25,935.3,6992067.0,
2017-10-26,942.0,951.8,940.1,947.35,16829629.0,
2017-10-27,955.0,957.7,944.0,946.35,4262478.0,
2017-10-30,954.65,954.65,941.05,944.1,6484163.0,
2017-10-31,925.0,930.0,920.0,921.85,4977494.0,
2017-11-01,925.0,929.4,923.3,927.05,2816567.0,
2017-11-02,923.05,926.0,920.0,922.9,2343069.0,
2017-11-03,917.0,929.9,916.95,926.65,1849543.0,
2017-11-06,923.15,935.0,922.65,928.7,2533267.0,
2017-11-07,926.25,960.0,925.85,955.5,6721410.0,
2017-11-08,960.25,961.85,947.5,952.3,2684997.0,
2017-11-09,953.0,963.0,948.25,954.5,2361616.0,
2017-11-10,958.8,964.35,950.0,962.05,3294714.0,
2017-11-13,962.05,969.4,949.35,951.95,2510608.0,
2017-11-14,951.95,954.85,943.25,949.1,2866855.0,
2017-11-15,945.15,953.5,944.5,951.8,3511758.0,
2017-11-16,951.8,995.9,948.5,988.4,7843751.0,
2017-11-17,985.5,985.5,965.15,970.95,4028835.0,
2017-11-20,969.0,971.0,957.25,960.55,2830595.0,
2017-11-21,961.3,971.5,960.05,966.25,2682328.0,
2017-11-22,966.6,971.05,963.3,966.3,3042460.0,
2017-11-23,971.5,994.45,969.0,991.25,5947309.0,
2017-11-24,990.9,1019.3,990.2,1009.55,9309956.0,
2017-11-27,1006.7,1006.7,993.3,998.75,3008865.0,
2017-11-28,994.4,999.9,981.3,984.7,2308434.0,
2017-11-29,987.65,991.95,980.3,982.7,1919035.0,
2017-11-30,989.45,989.45,968.35,976.1,8633472.0,
2017-12-01,979.4,983.2,957.05,958.8,2042500.0,
2017-12-04,980.0,996.8,968.55,985.35,8905803.0,
2017-12-05,985.35,1003.0,979.0,984.35,4988369.0,
2017-12-06,985.0,994.1,984.0,990.3,3745047.0,
2017-12-07,989.0,1002.9,985.6,999.8,3774772.0,
2017-12-08,1001.0,1007.0,995.0,1001.85,2991622.0,
2017-12-11,994.95,1006.9,993.95,1005.3,2569549.0,
2017-12-12,1002.0,1014.0,1002.0,1010.5,4660217.0,
2017-12-13,1010.9,1019.0,997.65,1003.75,2681199.0,
2017-12-14,1005.25,1015.0,999.3,1013.1,3011786.0,
2017-12-15,1013.0,1026.4,1011.85,1022.9,5192067.0,
2017-12-18,1011.9,1030.7,1005.8,1016.6,2017724.0,
2017-12-19,1017.45,1017.95,999.55,1003.95,3559449.0,
2017-12-20,1005.1,1018.6,1001.0,1015.85,2093163.0,
2017-12-21,1014.8,1028.95,998.4,1022.05,5529581.0,
2017-12-22,1016.0,1044.8,1016.0,1039.35,6453470.0,
2017-12-26,1030.0,1041.5,1023.0,1035.6,5404453.0,
2017-12-27,1028.0,1039.1,1027.4,1034.25,3485086.0,
2017-12-28,1030.0,1040.0,1023.8,1033.25,4216736.0,
2017-12-29,1030.1,1048.8,1030.0,1042.05,3300884.0,
2018-01-01,1037.7,1044.5,1030.0,1033.55,2715670.0,
2018-01-02,1037.25,1042.0,1023.0,1029.7,3056124.0,
2018-01-03,1028.5,1031.6,1018.6,1021.3,3423276.0,
2018-01-04,1021.0,1021.0,1009.6,1015.4,4473807.0,
2018-01-05,1015.3,1026.4,1006.0,1012.0,5512988.0,
2018-01-08,1024.9,1039.0,1020.05,1036.05,2797345.0,
2018-01-09,1040.0,1044.9,1028.9,1041.35,4974118.0,
2018-01-10,1046.8,1056.0,1033.05,1052.25,4734317.0,
2018-01-11,1055.25,1083.4,1055.25,1075.8,8387735.0,
2018-01-12,1085.8,1085.9,1070.55,1078.45,9008264.0,
2018-01-15,1080.0,1092.95,1065.1,1081.15,5324625.0,
2018-01-16,1081.25,1134.8,1081.25,1122.85,11323483.0,
2018-01-17,1124.85,1161.8,1123.0,1152.1,13077044.0,
2018-01-18,1145.0,1164.9,1132.1,1152.7,6602485.0,
2018-01-19,1145.0,1147.9,1136.0,1143.45,2994139.0,
2018-01-22,1132.15,1156.95,1132.0,1150.0,4825107.0,
2018-01-23,1155.0,1188.0,1155.0,1177.1,7701898.0,
2018-01-24,1174.8,1221.05,1167.5,1185.8,10302359.0,
2018-01-25,1182.0,1183.4,1162.25,1175.4,6774457.0,
2018-01-29,1166.55,1196.25,1165.2,1182.9,5411501.0,
2018-01-30,1178.9,1183.1,1162.7,1170.65,4314156.0,
2018-01-31,1159.15,1166.6,1142.15,1150.25,4606849.0,
2018-02-01,1142.2,1157.9,1118.55,1144.6,6502727.0,
2018-02-02,1135.25,1162.9,1130.1,1143.25,5122243.0,
2018-02-05,1140.0,1154.85,1135.85,1138.2,4930110.0,
2018-02-06,1099.95,1128.35,1095.15,1107.75,5276039.0,
2018-02-07,1116.0,1124.8,1103.55,1109.05,4171028.0,
2018-02-08,1122.8,1146.4,1116.55,1134.25,4403622.0,
2018-02-09,1118.0,1120.3,1106.0,1109.15,2191345.0,
2018-02-12,1114.8,1120.6,1097.8,1102.8,3145986.0,
2018-02-14,1106.0,1117.3,1090.2,1097.75,4172856.0,
2018-02-15,1103.0,1129.7,1103.0,1114.45,3993368.0,
2018-02-16,1125.0,1141.65,1118.1,1128.05,4944611.0,
2018-02-19,1128.4,1136.0,1120.3,1131.75,3230920.0,
2018-02-20,1103.75,1149.5,1103.75,1136.95,3594297.0,
2018-02-21,1147.5,1151.9,1140.0,1147.4,6885679.0,
2018-02-22,1145.55,1164.0,1140.45,1160.75,8929987.0,
2018-02-23,1163.5,1166.0,1146.75,1155.65,4729914.0,
2018-02-26,1151.0,1155.05,1134.35,1138.6,2541804.0,
2018-02-27,1144.95,1153.65,1125.65,1150.2,3308013.0,
2018-02-28,1147.6,1189.5,1142.55,1172.6,8634208.0,
2018-03-01,1169.6,1169.6,1156.05,1160.75,3289926.0,
2018-03-05,1160.75,1170.8,1143.25,1155.9,4050728.0,
2018-03-06,1162.55,1165.4,1143.6,1151.35,3344867.0,
2018-03-07,1155.0,1160.0,1138.05,1144.1,3185208.0,
2018-03-08,1149.0,1165.8,1149.0,1156.65,3046507.0,
2018-03-09,1162.35,1166.0,1155.55,1163.4,2110482.0,
2018-03-12,1176.0,1191.85,1171.75,1185.75,3838485.0,
2018-03-13,1180.2,1197.0,1175.15,1183.8,4290526.0,
2018-03-14,1180.0,1190.6,1169.1,1180.8,2214855.0,
2018-03-15,1180.0,1188.4,1172.0,1182.5,3050750.0,
2018-03-16,1182.0,1182.4,1169.25,1171.9,8977413.0,
2018-03-19,1164.0,1180.5,1142.65,1146.75,3763310.0,
2018-03-20,1148.6,1170.0,1148.6,1164.55,4276883.0,
2018-03-21,1170.0,1175.5,1162.2,1167.5,3846497.0,
2018-03-22,1164.5,1177.45,1155.3,1161.3,3406584.0,
2018-03-23,1147.0,1173.8,1142.35,1167.6,6004042.0,
2018-03-26,1166.9,1166.9,1144.0,1155.25,4465361.0,
2018-03-27,1160.0,1161.3,1150.1,1154.0,1901044.0,
2018-03-28,1150.75,1150.75,1126.25,1131.8,6279161.0,
2018-04-02,1141.0,1149.55,1121.3,1137.15,4036351.0,
2018-04-03,1134.7,1143.55,1128.1,1140.45,2038584.0,
2018-04-04,1144.0,1144.55,1120.0,1124.2,2406651.0,
2018-04-05,1139.55,1151.3,1129.1,1147.55,3881772.0,
2018-04-06,1143.0,1146.0,1122.1,1127.0,2968871.0,
2018-04-09,1125.0,1125.8,1106.55,1111.25,3601441.0,
2018-04-10,1112.0,1124.5,1105.4,1113.4,4463029.0,
2018-04-11,1118.0,1131.5,1116.5,1124.25,4512787.0,
2018-04-12,1129.45,1172.75,1125.0,1162.6,8522183.0,
2018-04-13,1174.0,1185.9,1150.25,1171.45,10613519.0,
2018-04-16,1102.0,1140.0,1102.0,1133.2,12372542.0,
2018-04-17,1127.0,1127.4,1115.0,1125.2,5198970.0,
2018-04-18,1122.85,1134.75,1113.85,1125.95,5215190.0,
2018-04-19,1124.0,1139.8,1123.1,1132.85,4262771.0,
2018-04-20,1139.0,1193.7,1136.95,1178.45,12136346.0,
2018-04-23,1168.0,1214.4,1155.25,1187.7,10915319.0,
2018-04-24,1185.0,1196.4,1150.1,1154.5,4263108.0,
2018-04-25,1152.0,1171.0,1145.2,1160.35,5797089.0,
2018-04-26,1174.0,1181.65,1160.0,1176.45,5651042.0,
2018-04-27,1180.0,1191.6,1174.2,1185.2,3831685.0,
2018-04-30,1181.7,1207.95,1180.65,1199.5,2755839.0,
2018-05-02,1198.9,1201.6,1181.0,1197.05,5147521.0,
2018-05-03,1197.25,1204.7,1176.1,1182.55,2666115.0,
2018-05-04,1185.0,1186.0,1155.0,1173.1,3011684.0,
2018-05-07,1181.25,1190.0,1175.5,1183.0,2319480.0,
2018-05-08,1177.9,1177.9,1161.05,1165.55,2859278.0,
2018-05-09,1167.5,1176.9,1163.0,1170.7,1891752.0,
2018-05-10,1176.0,1183.0,1162.85,1168.0,1591431.0,
2018-05-11,1172.3,1183.2,1166.05,1180.75,1655853.0,
2018-05-14,1184.35,1191.5,1170.0,1189.3,2216047.0,
2018-05-15,1188.1,1208.0,1188.1,1194.55,2805987.0,
2018-05-16,1187.25,1198.0,1184.5,1189.95,3102502.0,
2018-05-17,1196.0,1197.45,1173.55,1182.9,4759799.0,
2018-05-18,1183.0,1186.55,1173.0,1183.2,3569830.0,
2018-05-21,1179.55,1188.4,1170.0,1179.5,4237660.0,
2018-05-22,1175.0,1198.0,1173.9,1193.85,2818402.0,
2018-05-23,1195.0,1207.65,1181.5,1184.9,4769221.0,
2018-05-24,1198.0,1227.55,1198.0,1221.0,4870285.0,
2018-05-25,1230.1,1248.65,1220.8,1228.3,4450719.0,
2018-05-28,1231.0,1232.6,1206.0,1214.4,2869897.0,
2018-05-29,1214.05,1226.55,1206.2,1216.7,1694467.0,
2018-05-30,1217.0,1228.75,1205.6,1211.7,3161533.0,
2018-05-31,1211.7,1242.0,1210.25,1231.8,9860170.0,
2018-06-01,1230.4,1246.25,1217.2,1220.8,2499178.0,
2018-06-04,1221.1,1243.0,1212.0,1239.4,2135078.0,
2018-06-05,1242.0,1242.0,1217.0,1220.85,2355431.0,
2018-06-06,1225.2,1241.55,1220.05,1237.45,2019092.0,
2018-06-07,1238.0,1258.0,1238.0,1252.45,3338113.0,
2018-06-08,1248.0,1262.0,1246.05,1260.05,3229939.0,
2018-06-11,1265.55,1270.0,1255.05,1262.4,2585645.0,
2018-06-12,1265.75,1271.25,1250.45,1258.5,3919910.0,
2018-06-13,1266.8,1284.0,1266.8,1274.8,2883464.0,
2018-06-14,1253.0,1253.0,1234.1,1239.7,3799424.0,
2018-06-15,1237.0,1291.5,1235.0,1281.25,9978880.0,
2018-06-18,1284.0,1291.25,1262.35,1267.4,4107423.0,
2018-06-19,1263.0,1263.4,1238.05,1241.6,3772850.0,
2018-06-20,1248.5,1252.35,1238.0,1243.15,2685901.0,
2018-06-21,1245.95,1256.5,1236.0,1246.55,2899395.0,
2018-06-22,1243.0,1255.5,1241.2,1247.85,2171559.0,
2018-06-25,1257.15,1278.8,1254.0,1272.45,3865589.0,
2018-06-26,1269.0,1283.9,1266.25,1277.85,2241752.0,
2018-06-27,1283.95,1293.45,1265.6,1270.0,3476071.0,
2018-06-28,1276.3,1298.0,1276.25,1289.6,5498409.0,
2018-06-29,1298.05,1315.0,1283.25,1307.2,4983300.0,
2018-07-02,1314.0,1340.0,1314.0,1334.7,2415072.0,
2018-07-03,1331.9,1357.9,1331.75,1353.75,4063726.0,
2018-07-04,1352.05,1352.65,1338.85,1345.2,2512861.0,
2018-07-05,1347.1,1347.25,1268.1,1284.0,8509951.0,
2018-07-06,1290.25,1301.85,1269.0,1284.25,5607678.0,
2018-07-09,1297.0,1303.0,1279.05,1298.85,3322499.0,
2018-07-10,1308.5,1315.45,1294.3,1301.4,2987244.0,
2018-07-11,1317.55,1342.1,1291.35,1320.45,5949916.0,
2018-07-12,1326.1,1327.1,1284.45,1294.35,6636120.0,
2018-07-13,1315.0,1331.6,1298.35,1317.4,9748079.0,
2018-07-16,1317.4,1384.4,1287.7,1332.85,17672340.0,
2018-07-17,1329.7,1349.5,1312.7,1327.9,5580845.0,
2018-07-18,1339.8,1343.4,1314.0,1322.55,3459508.0,
2018-07-19,1323.0,1331.9,1309.1,1316.7,2559432.0,
2018-07-20,1326.0,1367.15,1321.3,1348.1,5852869.0,
2018-07-23,1352.15,1368.0,1336.25,1355.95,3837851.0,
2018-07-24,1374.4,1382.4,1356.0,1377.15,3086123.0,
2018-07-25,1379.0,1393.8,1365.45,1383.75,3468461.0,
2018-07-26,1378.55,1390.4,1369.2,1373.25,3681109.0,
2018-07-27,1373.2,1389.0,1368.3,1373.45,3246616.0,
2018-07-30,1370.0,1373.0,1348.0,1351.0,3204985.0,
2018-07-31,1348.55,1370.0,1335.55,1365.1,3971998.0,
2018-08-01,1363.8,1368.45,1351.0,1354.05,2337853.0,
2018-08-02,1359.6,1366.75,1350.15,1353.65,2970371.0,
2018-08-03,1366.2,1366.2,1356.0,1364.1,1985195.0,
2018-08-06,1366.05,1375.0,1347.5,1360.65,3089465.0,
2018-08-07,1374.0,1379.95,1360.65,1367.95,3675764.0,
2018-08-08,1371.8,1372.5,1353.3,1362.75,1996179.0,
2018-08-09,1373.65,1389.45,1373.65,1379.95,3204762.0,
2018-08-10,1385.8,1389.0,1373.05,1385.45,2389760.0,
2018-08-13,1390.0,1409.85,1378.7,1408.75,4989873.0,
2018-08-14,1413.95,1424.55,1404.0,1408.3,3075660.0,
2018-08-16,1414.95,1434.9,1411.25,1429.55,3313387.0,
2018-08-17,1430.9,1437.65,1423.0,1430.35,3195204.0,
2018-08-20,1388.0,1407.95,1373.5,1384.25,8050938.0,
2018-08-21,1390.0,1396.0,1373.75,1383.95,4180741.0,
2018-08-23,1393.0,1401.5,1385.35,1397.4,3858591.0,
2018-08-24,1396.5,1401.9,1376.1,1378.3,3526500.0,
2018-08-27,1383.0,1419.95,1381.4,1415.4,3506475.0,
2018-08-28,1417.2,1438.4,1411.5,1424.7,3248445.0,
2018-08-29,1433.6,1433.6,1405.15,1410.1,2823248.0,
2018-08-30,1412.8,1421.55,1396.15,1416.2,5753981.0,
2018-08-31,1425.1,1454.3,1421.1,1441.1,5437932.0,
2018-09-03,1449.0,1467.9,1430.0,1434.25,5488164.0,
2018-09-04,722.0,748.5,716.0,737.15,15370124.0,
2018-09-05,741.95,744.05,725.4,729.9,8658978.0,
2018-09-06,732.55,735.5,724.1,727.15,5598659.0,
2018-09-07,734.35,735.15,723.8,732.8,6510605.0,
2018-09-10,737.75,747.0,729.4,730.85,5629871.0,
2018-09-11,735.9,744.75,732.0,734.3,6963561.0,
2018-09-12,744.4,746.5,736.25,742.9,4636617.0,
2018-09-14,741.9,745.0,729.05,733.7,7896514.0,
2018-09-17,735.0,740.0,724.6,725.95,5427054.0,
2018-09-18,730.0,730.0,717.0,719.1,7729732.0,
2018-09-19,727.0,727.0,713.2,719.75,4849498.0,
2018-09-21,713.85,717.4,692.0,705.3,14350769.0,
2018-09-24,706.5,729.95,706.5,718.25,8637881.0,
2018-09-25,718.25,736.0,717.0,726.2,9602273.0,
2018-09-26,731.2,731.85,712.0,717.85,6599606.0,
2018-09-27,722.0,730.8,717.45,724.8,14592616.0,
2018-09-28,721.0,734.55,715.2,730.05,7490031.0,
2018-10-01,737.5,754.9,733.0,746.65,8252398.0,
2018-10-03,743.8,751.95,726.3,728.5,7792464.0,
2018-10-04,728.5,729.75,702.5,707.2,6173037.0,
2018-10-05,713.0,731.5,709.3,724.6,8543578.0,
2018-10-08,725.05,728.7,709.25,714.45,7259306.0,
2018-10-09,717.1,722.4,702.65,717.75,6777212.0,
2018-10-10,719.9,719.9,695.4,700.45,8866251.0,
2018-10-11,685.0,692.9,663.3,673.35,10985897.0,
2018-10-12,676.4,684.05,661.5,678.8,8909221.0,
2018-10-15,688.6,705.0,681.5,698.8,6222176.0,
2018-10-16,710.0,713.9,689.4,695.25,11588963.0,
2018-10-17,710.0,721.8,701.35,705.35,20360697.0,
2018-10-19,687.0,687.7,678.0,683.55,10421001.0,
2018-10-22,688.7,695.05,673.8,679.95,6672840.0,
2018-10-23,675.95,682.0,653.3,657.6,9041701.0,
2018-10-24,663.0,666.5,647.15,649.8,7058164.0,
2018-10-25,643.0,656.35,636.25,648.75,8270469.0,
2018-10-26,645.3,648.7,629.9,633.6,5464141.0,
2018-10-29,633.7,650.55,631.5,644.75,7137446.0,
2018-10-30,641.1,663.8,637.45,659.6,8793411.0,
2018-10-31,663.9,692.95,663.05,686.4,11947995.0,
2018-11-01,689.7,689.7,659.6,666.7,5860244.0,
2018-11-02,665.95,675.8,660.1,662.25,6654067.0,
2018-11-05,663.5,668.6,657.0,666.0,5799426.0,
2018-11-06,667.9,675.0,660.65,666.45,6975525.0,
2018-11-07,673.0,677.5,672.0,675.5,758956.0,
2018-11-09,679.0,679.0,655.5,659.5,9694143.0,
2018-11-12,666.0,676.4,662.3,664.2,7118080.0,
2018-11-13,663.5,667.75,656.3,665.7,4137808.0,
2018-11-14,665.7,665.7,640.5,653.2,7323026.0,
2018-11-15,654.0,666.0,646.7,656.4,5513390.0,
2018-11-16,659.9,662.5,644.2,650.85,8583785.0,
2018-11-19,659.0,662.0,649.25,651.7,6018930.0,
2018-11-20,651.7,656.0,640.1,641.4,5384830.0,
2018-11-21,640.0,640.05,612.1,619.1,14359086.0,
2018-11-22,622.25,628.15,616.75,620.75,6632975.0,
2018-11-26,621.0,628.0,599.85,621.45,15075209.0,
2018-11-27,625.5,641.0,625.3,638.9,12285851.0,
2018-11-28,640.95,668.7,640.0,666.4,17719890.0,
2018-11-29,671.0,674.9,658.8,661.05,13399070.0,
2018-11-30,661.0,672.0,660.95,667.45,10445773.0,
2018-12-03,673.15,679.0,665.95,670.35,8260890.0,
2018-12-04,672.55,688.25,671.3,685.25,7827923.0,
2018-12-05,683.0,683.65,672.5,681.4,5177288.0,
2018-12-06,676.1,685.45,664.55,668.5,8039771.0,
2018-12-07,672.0,685.75,665.6,682.8,5553948.0,
2018-12-10,669.9,683.8,665.2,669.2,5121196.0,
2018-12-11,669.2,681.9,660.6,674.5,7120933.0,
2018-12-12,677.1,680.65,670.6,678.5,6926183.0,
2018-12-13,682.0,700.0,680.0,697.75,7521474.0,
2018-12-14,697.45,713.7,694.4,706.05,9560576.0,
2018-12-17,711.85,711.85,692.75,694.4,4778465.0,
2018-12-18,686.5,686.5,674.55,676.6,8021298.0,
2018-12-19,671.55,671.55,661.1,664.85,8295459.0,
2018-12-20,660.0,671.55,656.4,667.05,11705260.0,
2018-12-21,659.5,659.5,643.45,646.2,12802132.0,
2018-12-24,657.0,658.8,647.6,649.0,8379825.0,
2018-12-26,647.0,647.0,637.35,644.05,6178552.0,
2018-12-27,652.75,663.25,649.0,656.8,15333902.0,
2018-12-28,663.35,663.5,653.3,656.95,4736598.0,
2018-12-31,660.0,662.0,655.8,658.95,3373319.0,
2019-01-01,660.95,666.3,654.15,665.05,2943390.0,
2019-01-02,666.0,674.0,662.05,669.05,7416655.0,
2019-01-03,672.0,677.0,663.1,669.15,6827249.0,
2019-01-04,671.75,673.9,651.0,661.05,7889310.0,
2019-01-07,665.0,673.6,661.5,671.7,8046340.0,
2019-01-08,674.95,677.45,668.55,670.05,8621545.0,
2019-01-09,686.2,689.8,664.0,676.1,18130292.0,
2019-01-10,681.6,682.0,672.55,679.7,9572493.0,
2019-01-11,680.2,685.5,672.5,683.5,12281903.0,
2019-01-14,707.0,710.2,695.95,701.9,19312937.0,
2019-01-15,707.2,730.0,707.2,726.6,19671304.0,
2019-01-16,729.9,737.8,728.5,736.8,9658944.0,
2019-01-17,735.8,739.0,729.1,733.35,6903771.0,
2019-01-18,730.0,736.2,726.3,730.95,5902151.0,
2019-01-21,738.2,751.0,734.0,745.0,8129422.0,
2019-01-22,741.25,749.0,734.0,745.35,6723375.0,
2019-01-23,742.35,742.6,729.2,731.65,7212099.0,
2019-01-24,728.1,736.1,721.0,732.0,7429783.0,
2019-01-25,728.0,737.9,724.25,730.35,5543112.0,
2019-01-28,731.0,732.6,719.0,727.95,7944693.0,
2019-01-29,725.5,732.85,716.5,727.9,6760819.0,
2019-01-30,727.9,734.8,721.1,725.9,5763026.0,
2019-01-31,726.0,751.3,726.0,749.55,13825233.0,
2019-02-01,751.35,762.5,744.5,757.05,6276585.0,
2019-02-04,757.0,762.5,749.2,755.9,3945391.0,
2019-02-05,747.0,759.95,747.0,754.85,4694366.0,
2019-02-06,755.55,766.95,754.35,763.3,5880482.0,
2019-02-07,763.05,769.45,761.0,764.0,3961797.0,
2019-02-08,760.0,772.25,754.9,760.9,5915169.0,
2019-02-11,766.9,768.75,759.0,762.8,5500216.0,
2019-02-12,760.35,760.35,741.0,750.45,7310690.0,
2019-02-13,750.1,759.7,743.65,754.9,5050182.0,
2019-02-14,751.0,753.0,737.25,740.05,4610535.0,
2019-02-15,742.3,746.5,732.6,741.95,5586389.0,
2019-02-18,742.35,747.65,736.0,741.05,5346825.0,
2019-02-19,739.1,740.55,721.3,724.3,9401334.0,
2019-02-20,727.0,743.0,726.05,740.7,5210675.0,
2019-02-21,738.0,738.0,727.1,733.45,7202786.0,
2019-02-22,732.5,738.2,728.0,734.95,3750833.0,
2019-02-25,735.55,758.0,735.55,754.9,6547552.0,
2019-02-26,748.6,752.6,740.15,742.5,8319610.0,
2019-02-27,745.0,746.4,732.75,735.25,5936354.0,
2019-02-28,738.7,742.4,732.3,734.3,8559921.0,
2019-03-01,735.5,743.4,735.5,741.9,3998826.0,
2019-03-05,740.5,742.5,730.25,732.5,4826505.0,
2019-03-06,736.1,736.1,727.0,732.5,6076668.0,
2019-03-07,734.0,734.5,720.55,722.95,5951551.0,
2019-03-08,722.95,722.95,710.65,712.35,7193994.0,
2019-03-11,713.3,718.5,709.4,711.25,9932198.0,
2019-03-12,709.0,714.95,705.6,706.95,11997387.0,
2019-03-13,710.0,718.6,706.3,708.45,11348867.0,
2019-03-14,714.0,714.9,706.2,708.35,6415187.0,
2019-03-15,712.0,723.75,709.6,718.55,14638664.0,
2019-03-18,721.55,723.7,705.35,710.2,8065544.0,
2019-03-19,712.8,726.5,707.4,722.25,8917337.0,
2019-03-20,727.25,742.3,727.15,738.95,13471173.0,
2019-03-22,745.0,746.35,732.3,743.1,8883260.0,
2019-03-25,742.4,742.4,730.55,735.25,7644966.0,
2019-03-26,735.25,735.25,719.1,727.75,9406261.0,
2019-03-27,730.0,732.3,727.15,729.7,7387487.0,
2019-03-28,730.0,745.0,730.0,737.8,9277241.0,
2019-03-29,743.9,747.95,740.0,743.85,6924061.0,
2019-04-01,742.0,760.0,742.0,755.1,6584982.0,
2019-04-02,759.0,765.8,754.6,759.4,7283600.0,
2019-04-03,756.0,758.5,746.8,753.3,6897127.0,
2019-04-04,751.4,753.8,745.1,747.9,7688525.0,
2019-04-05,750.9,760.95,748.0,759.3,6276040.0,
2019-04-08,763.05,770.0,755.4,767.25,4919911.0,
2019-04-09,770.0,773.0,758.2,760.6,6730692.0,
2019-04-10,764.0,766.7,751.3,752.7,7031088.0,
2019-04-11,751.75,751.75,740.05,742.7,8200995.0,
2019-04-12,743.1,751.55,740.6,747.75,7043212.0,
2019-04-15,724.7,731.35,712.6,727.5,31574803.0,
2019-04-16,727.9,727.9,714.1,724.1,12524411.0,
2019-04-18,722.5,722.5,712.75,717.05,13801105.0,
2019-04-22,717.05,725.75,715.0,721.05,6455426.0,
2019-04-23,723.9,730.0,718.4,728.2,5516668.0,
2019-04-24,728.2,737.9,724.0,736.45,8285120.0,
2019-04-25,736.45,737.65,727.05,728.55,8005235.0,
2019-04-26,731.0,739.8,729.0,738.0,6895168.0,
2019-04-30,738.0,753.8,738.0,751.35,9920046.0,
2019-05-02,747.0,748.4,729.5,730.8,6351352.0,
2019-05-03,722.9,731.0,718.2,723.6,6348116.0,
2019-05-06,715.0,721.8,710.65,718.4,8858265.0,
2019-05-07,720.4,727.9,718.7,724.55,5747536.0,
2019-05-08,721.0,726.0,716.5,719.35,6247642.0,
2019-05-09,719.15,730.3,715.8,721.05,7396525.0,
2019-05-10,720.8,726.0,715.0,716.85,8352335.0,
2019-05-13,716.55,726.45,712.1,719.7,6808993.0,
2019-05-14,716.5,717.75,703.6,713.85,10513001.0,
2019-05-15,714.9,725.2,712.6,716.1,6668929.0,
2019-05-16,720.0,737.0,719.1,733.1,6468556.0,
2019-05-17,733.15,735.8,720.1,723.9,8155948.0,
2019-05-20,719.7,726.4,706.0,722.4,11213708.0,
2019-05-21,722.65,722.65,707.7,709.3,8645535.0,
2019-05-22,710.0,718.25,707.0,709.75,5795713.0,
2019-05-23,715.0,716.7,697.45,701.05,7233736.0,
2019-05-24,703.8,711.75,700.45,709.2,7016424.0,
2019-05-27,707.4,713.8,705.5,708.1,10247544.0,
2019-05-28,712.0,733.45,709.8,728.1,23860490.0,
2019-05-29,725.5,733.65,723.65,727.8,10293077.0,
2019-05-30,727.0,737.25,722.55,733.55,15089296.0,
2019-05-31,736.5,742.95,733.2,737.75,8290306.0,
2019-06-03,729.8,750.9,729.0,744.65,7744761.0,
2019-06-04,737.25,739.45,733.15,735.3,11733702.0,
2019-06-06,736.5,744.65,733.65,735.6,7563925.0,
2019-06-07,735.85,743.95,735.85,739.1,3218358.0,
2019-06-10,740.1,754.1,740.1,753.5,4435148.0,
2019-06-11,755.0,759.0,750.5,754.9,5733127.0,
2019-06-12,756.95,756.95,745.0,753.8,8738342.0,
2019-06-13,740.0,747.2,740.0,742.65,4808577.0,
2019-06-14,743.85,745.5,738.25,740.45,5556353.0,
2019-06-17,743.0,744.5,737.8,740.55,3085588.0,
2019-06-18,740.2,752.45,740.2,750.15,6202838.0,
2019-06-19,752.5,755.4,748.6,751.9,4596253.0,
2019-06-20,737.8,756.9,735.9,754.9,7148684.0,
2019-06-21,755.0,755.0,747.15,750.2,13200318.0,
2019-06-24,751.9,751.9,742.65,745.5,4758178.0,
2019-06-25,744.0,750.9,737.3,748.1,3677911.0,
2019-06-26,743.0,751.45,738.0,739.2,5447130.0,
2019-06-27,742.0,744.7,728.15,730.55,11122346.0,
2019-06-28,735.5,739.5,728.5,732.0,5919494.0,
2019-07-01,735.0,737.5,729.85,731.3,3224968.0,
2019-07-02,734.0,741.65,730.1,740.0,4837606.0,
2019-07-03,741.0,743.2,730.0,731.3,5958379.0,
2019-07-04,729.0,736.4,728.6,733.8,3274064.0,
2019-07-05,735.0,736.4,713.5,718.0,4926289.0,
2019-07-08,716.45,724.95,712.3,717.6,7177092.0,
2019-07-09,718.0,719.85,709.05,715.5,5022638.0,
2019-07-10,709.0,722.7,706.5,717.25,7573816.0,
2019-07-11,719.45,723.5,709.6,721.5,6252688.0,
2019-07-12,722.5,730.6,719.6,726.75,7874441.0,
2019-07-15,763.0,781.65,754.2,779.35,31064152.0,
2019-07-16,777.0,787.8,776.0,784.85,9924322.0,
2019-07-17,783.9,795.0,776.75,794.15,6754348.0,
2019-07-18,789.05,798.5,786.2,792.7,6534471.0,
2019-07-19,788.7,794.5,781.25,785.4,6812754.0,
2019-07-22,785.95,792.0,782.05,784.4,7107151.0,
2019-07-23,787.0,804.0,785.55,790.05,10782564.0,
2019-07-24,788.0,793.75,783.6,786.3,5745146.0,
2019-07-25,788.25,800.2,787.65,794.5,9773568.0,
2019-07-26,792.3,795.0,782.2,787.0,4941763.0,
2019-07-29,789.5,796.95,786.2,791.45,6244316.0,
2019-07-30,791.9,797.8,788.55,792.7,8673253.0,
2019-07-31,790.85,799.8,781.6,793.65,7350584.0,
2019-08-01,786.45,788.4,764.4,768.85,10066407.0,
2019-08-02,765.05,779.9,762.25,775.6,10838336.0,
2019-08-05,772.6,785.9,768.65,776.7,9976238.0,
2019-08-06,778.8,783.7,769.8,774.45,9331718.0,
2019-08-07,778.9,783.45,772.35,776.1,5130457.0,
2019-08-08,782.7,792.75,781.25,788.75,8009009.0,
2019-08-09,792.0,796.75,784.8,789.85,4362520.0,
2019-08-13,784.15,786.0,760.15,764.75,7517099.0,
2019-08-14,775.1,778.25,768.0,774.8,5940968.0,
2019-08-16,780.0,780.05,762.5,774.55,5128088.0,
2019-08-19,775.6,783.0,773.35,777.65,3881451.0,
2019-08-20,785.2,798.0,783.85,792.75,8435344.0,
2019-08-21,793.0,803.75,793.0,799.45,5926896.0,
2019-08-22,799.9,801.3,792.35,795.7,5222488.0,
2019-08-23,796.45,809.95,795.8,802.2,6895015.0,53.25
2019-09-30,742.0,744.7,728.15,730.55,11122346.0,64.77
2019-10-01,807.0,807.55,791.55,793.55,5881438.0,61.46
2019-10-02,807.0,807.55,791.55,793.55,5881438.0,61.46
2019-10-03,792.55,797.85,784.15,785.6,5497672.0,61.56
2019-10-04,790.0,797.6,787.05,793.45,8201713.0,75.81
2019-10-07,794.85,802.0,786.1,789.55,3679845.0,53.77
2019-10-08,794.85,802.0,786.1,789.55,3679845.0,53.77
2019-10-09,795.45,795.9,778.8,783.65,6335025.0,65.58
2019-10-10,785.4,794.7,776.6,783.05,10402917.0,70.18
2019-10-11,781.5,823.8,776.6,814.8,20636344.0,54.4
2019-10-14,786.75,797.0,780.0,786.1,15150858.0,46.58
2019-10-15,773.1,775.95,765.0,768.3,13762133.0,60.58
2019-10-16,765.25,775.95,761.55,771.45,10767032.0,52.24
2019-10-17,767.0,770.55,765.1,769.5,9860495.0,72.77
2019-10-18,763.8,773.8,760.0,767.85,10037200.0,55.15
2019-10-21,763.8,773.8,760.0,767.85,10037200.0,55.15
2019-10-22,691.1,691.1,638.35,643.55,90152532.0,64.07
2019-10-23,630.0,656.65,615.1,650.6,60516887.0,47.43
2019-10-24,650.0,653.2,632.0,635.35,25666433.0,54.82
2019-10-25,647.0,652.5,636.0,637.45,16549337.0,50.15
2019-10-28,651.1,652.5,645.55,648.85,2945433.0,55.89
2019-10-29,651.0,653.75,647.0,650.65,16709764.0,70.22
2019-10-30,660.4,671.4,656.2,660.6,22879467.0,57.68
2019-10-31,668.4,695.45,666.1,685.6,27405901.0,44.29
2019-11-01,690.0,694.0,682.6,687.9,9713519.0,43.33
2019-11-04,681.8,732.5,678.15,709.0,29381982.0,25.47
2019-11-05,708.75,708.75,691.5,696.1,12897805.0,39.75
2019-11-06,695.8,721.5,692.0,712.3,21372589.0,36.32
2019-11-07,717.0,724.35,712.1,720.1,13733737.0,53.29
2019-11-08,722.0,724.25,705.5,708.15,8585630.0,50.66
2019-11-11,698.9,707.2,698.0,704.4,6951494.0,43.88
2019-11-12,698.9,707.2,698.0,704.4,6951494.0,43.88
2019-11-13,696.5,700.0,687.75,691.35,9973690.0,48.23
2019-11-14,696.35,709.8,696.35,705.3,10539902.0,44.34
2019-11-15,709.05,712.95,702.3,703.9,7362623.0,63.3
2019-11-18,705.0,710.0,699.3,705.2,7490916.0,65.37
2019-11-19,709.9,714.0,705.0,712.85,6495885.0,56.26
2019-11-20,712.8,715.0,705.0,713.0,6142171.0,61.03
2019-11-21,715.5,721.45,710.5,713.25,9692973.0,64.14
2019-11-22,711.75,712.0,685.1,693.2,14415826.0,40.48
2019-11-25,693.35,705.15,693.2,698.1,7334511.0,51.9
2019-11-26,705.0,707.25,686.0,690.6,27253106.0,68.86
2019-11-27,694.25,697.65,690.1,695.75,3861635.0,55.1
2019-11-28,699.1,703.35,694.05,701.85,4837683.0,45.4
2019-11-29,700.9,702.3,691.55,696.35,4262379.0,60.25
2019-12-02,703.1,704.0,690.3,692.7,9383736.0,76.03
2019-12-03,692.7,699.7,688.55,698.35,5239013.0,53.08
2019-12-04,697.0,710.5,693.35,708.85,7427886.0,52.31
2019-12-05,706.45,715.9,703.8,714.85,4814422.0,40.42
2019-12-06,715.95,720.0,709.6,715.1,5226096.0,47.28
2019-12-09,716.0,722.35,714.25,717.25,6435865.0,58.95
2019-12-10,713.0,718.5,710.0,714.55,4457939.0,55.88
2019-12-11,716.6,722.7,713.0,721.05,6043554.0,63.37
2019-12-12,718.5,720.7,699.55,702.1,11112042.0,42.31
2019-12-13,700.35,712.9,700.35,711.3,10302412.0,52.81
2019-12-16,712.3,720.2,710.2,714.0,5616324.0,56.64
2019-12-17,719.7,731.25,715.0,729.7,10525565.0,56.23
2019-12-18,731.0,737.3,722.75,732.45,12215295.0,57.2
2019-12-19,733.5,735.95,724.6,730.85,7199210.0,54.79
2019-12-20,731.0,735.0,728.25,731.55,7794167.0,54.77
2019-12-23,732.15,737.3,731.65,736.0,4975608.0,61.21
2019-12-24,736.95,736.95,728.3,733.4,2890759.0,47.22
2019-12-25,736.95,736.95,728.3,733.4,2890759.0,47.22
2019-12-26,732.0,734.55,726.55,728.95,3821806.0,55.28
2019-12-27,729.75,737.5,728.85,736.95,3399094.0,54.37
2019-12-30,736.1,737.95,727.25,732.9,5368416.0,60.86
2019-12-31,729.7,737.75,725.45,731.15,6927885.0,42.64
2020-01-01,735.0,740.0,732.55,736.85,2112415.0,26.59
2020-01-02,738.9,740.8,730.9,734.7,5658200.0,60.33
2020-01-03,733.9,748.0,733.9,746.0,7882938.0,46.72
2020-01-06,746.1,753.8,736.5,738.85,6519403.0,44.04
2020-01-07,738.0,742.6,725.1,727.9,7899363.0,50.34
2020-01-08,724.95,729.0,708.3,718.2,8639443.0,41.44
2020-01-09,721.7,731.5,714.3,727.55,13521186.0,55.92
2020-01-10,740.45,742.9,730.5,738.15,9341405.0,28.28
2020-01-13,760.0,777.5,755.0,773.55,36952038.0,35.14
2020-01-14,769.95,776.95,767.2,775.65,11414418.0,50.26
2020-01-15,773.85,773.85,762.15,767.55,6047430.0,47.53
2020-01-16,770.7,772.5,760.25,767.0,5740586.0,44.35
2020-01-17,770.7,772.9,762.25,767.85,3762957.0,45.61
2020-01-20,771.6,774.4,762.95,768.45,3887680.0,51.12
2020-01-21,768.45,770.5,760.75,762.5,4448374.0,63.66
2020-01-22,768.45,778.0,766.0,770.2,9733935.0,54.55
2020-01-23,777.1,785.5,776.7,784.35,12528017.0,69.41
2020-01-24,775.75,786.5,773.6,782.75,7540490.0,46.41
2020-01-27,779.05,784.8,774.4,778.1,3741610.0,56.83
2020-01-28,781.0,781.8,772.0,778.0,5121009.0,64.08
2020-01-29,786.6,792.8,784.25,789.7,6832757.0,52.7
2020-01-30,789.7,789.7,778.0,780.7,3859680.0,52.4
2020-01-31,780.55,784.95,771.6,775.95,6092028.0,67.69
2020-02-03,782.0,790.95,764.5,767.4,6416745.0,58.0
2020-02-04,770.1,789.9,770.1,787.85,5771311.0,60.54
2020-02-05,781.0,786.0,774.4,784.55,6310409.0,59.49
2020-02-06,784.35,786.8,770.0,771.35,7341622.0,60.17
2020-02-07,775.95,778.85,771.0,777.3,2853344.0,48.92
2020-02-10,774.0,778.0,769.75,773.2,3827682.0,66.59
2020-02-11,779.0,779.1,769.2,773.55,4312817.0,64.27
2020-02-12,775.8,783.25,775.1,781.05,2948825.0,49.35
2020-02-13,785.0,794.0,782.2,792.25,4387430.0,49.75
2020-02-14,794.5,799.2,784.6,786.45,5321680.0,49.37
2020-02-17,790.3,793.45,783.3,789.45,2929629.0,49.22
2020-02-18,785.0,799.05,783.65,797.65,5083346.0,52.58
2020-02-19,800.0,804.85,796.15,800.45,3985192.0,50.02
2020-02-20,803.25,806.1,793.85,797.0,4564569.0,50.92
2020-02-21,803.25,806.1,793.85,797.0,4564569.0,50.92
2020-02-24,800.1,811.6,792.15,795.85,6627536.0,49.55
2020-02-25,799.0,806.0,795.4,798.4,6996695.0,60.92
2020-02-26,793.95,801.45,780.5,782.75,8760569.0,62.66
2020-02-27,778.0,780.75,772.2,777.85,5223386.0,50.16
2020-02-28,750.0,756.8,722.05,731.7,14123957.0,52.82
2020-03-02,737.0,765.9,733.75,741.05,9821523.0,49.33
2020-03-03,755.0,759.0,741.25,747.0,7826587.0,53.86
2020-03-04,753.9,761.5,745.55,758.75,11013444.0,58.71
2020-03-05,763.75,773.55,751.75,754.6,7755293.0,62.22
2020-03-06,741.0,744.0,729.1,738.95,9216022.0,58.47
2020-03-09,724.5,725.85,697.0,704.45,10308697.0,57.31
2020-03-10,724.5,725.85,697.0,704.45,10308697.0,57.31
2020-03-11,690.65,695.95,669.05,686.0,16165054.0,57.01
2020-03-12,668.0,670.0,627.5,631.2,13965689.0,60.82
2020-03-13,592.0,667.0,570.0,642.35,16903140.0,52.44
2020-03-16,622.0,622.15,580.0,583.15,19140854.0,60.61
2020-03-17,588.1,592.0,550.0,554.95,16060126.0,57.35
2020-03-18,568.0,578.0,528.0,534.3,15391568.0,58.61
2020-03-19,509.25,558.0,509.25,545.55,16584106.0,50.73
2020-03-20,549.5,617.45,548.0,585.2,21356183.0,47.21
2020-03-23,540.0,560.95,515.9,526.45,17146303.0,69.28
2020-03-24,522.0,601.15,522.0,589.8,20029537.0,48.75
2020-03-25,597.0,635.0,565.7,606.2,18339650.0,50.82
2020-03-26,615.0,650.85,612.1,643.0,14868843.0,48.54
2020-03-27,665.05,674.9,642.25,652.7,13495469.0,53.09
2020-03-30,625.1,663.5,621.1,626.7,14625720.0,58.53
2020-03-31,650.0,662.0,633.7,641.5,15175528.0,59.43
2020-04-01,634.35,637.5,594.0,602.8,13083865.0,50.26
2020-04-02,634.35,637.5,594.0,602.8,13083865.0,50.26
2020-04-03,603.5,606.0,582.15,585.7,10221890.0,46.09
2020-04-06,603.5,606.0,582.15,585.7,10221890.0,46.09
2020-04-07,615.0,644.25,612.9,639.0,15146526.0,58.4
2020-04-08,630.0,655.65,626.35,631.6,11806901.0,47.18
2020-04-09,646.8,652.8,632.1,636.25,11931287.0,50.48
2020-04-10,646.8,652.8,632.1,636.25,11931287.0,50.48
2020-04-13,629.0,651.7,626.05,637.4,8330291.0,46.42
2020-04-15,651.4,653.3,635.6,639.05,11963493.0,59.44
2020-04-16,619.95,634.9,603.5,623.85,17783310.0,50.92
2020-04-17,644.0,646.0,626.0,628.75,8878372.0,51.78
2020-04-20,640.0,661.0,639.0,653.3,13322995.0,30.36
2020-04-21,627.8,646.5,627.8,633.2,11660678.0,35.34
2020-04-22,633.2,645.0,628.05,641.85,8267159.0,44.82
2020-04-23,647.05,683.65,638.1,679.3,14451294.0,40.1
2020-04-24,668.55,675.0,654.8,658.0,7319950.0,33.24
2020-04-27,661.05,681.0,661.05,664.6,7183316.0,44.9
2020-04-28,673.0,677.0,653.05,660.7,7296594.0,46.31
2020-04-29,666.0,682.0,658.0,676.55,8639246.0,48.4
2020-04-30,700.0,720.0,698.1,715.5,16254036.0,47.34
2020-05-01,700.0,720.0,698.1,715.5,16254036.0,47.34
2020-05-04,689.8,701.2,670.35,673.7,9122803.0,52.94
2020-05-05,681.75,685.6,670.0,673.7,6393108.0,41.88
2020-05-06,676.9,681.45,664.05,665.9,7934457.0,52.07
2020-05-07,665.55,674.35,662.45,664.95,4779550.0,28.01
2020-05-08,672.25,680.9,668.5,674.2,8400376.0,50.66
2020-05-11,682.5,698.55,678.0,682.9,7370192.0,37.95
2020-05-12,678.5,691.0,675.5,687.65,7356063.0,41.94
2020-05-13,694.8,699.9,683.75,694.15,8287106.0,41.57
2020-05-14,659.0,671.75,652.6,658.15,16888356.0,48.45
2020-05-15,664.8,664.8,646.7,652.3,9255353.0,46.57
2020-05-18,659.85,670.55,653.0,663.9,10435495.0,35.99
2020-05-19,664.0,674.8,655.0,668.6,5902238.0,33.68
2020-05-20,668.5,673.0,659.65,669.55,5795193.0,39.12
2020-05-21,666.5,679.45,665.4,672.2,7214401.0,48.09
2020-05-22,675.0,695.85,673.5,692.35,11867864.0,36.49
2020-05-25,675.0,695.85,673.5,692.35,11867864.0,36.49
2020-05-26,693.0,699.45,679.0,680.55,7099719.0,43.97
2020-05-27,686.05,709.2,675.0,705.45,8774694.0,39.17
2020-05-28,707.0,710.0,690.0,707.4,9440121.0,28.15
2020-05-29,692.5,700.8,674.95,691.0,28291172.0,64.22
2020-06-01,698.75,706.65,691.5,699.55,12276649.0,43.23
2020-06-02,700.5,711.65,697.55,708.1,7059409.0,40.84
2020-06-03,710.7,711.9,696.0,701.55,11378568.0,56.34
2020-06-04,702.0,709.45,697.5,707.75,10783594.0,55.05
2020-06-05,707.0,711.7,700.6,703.55,7718943.0,41.34
2020-06-08,707.65,725.8,704.0,720.85,10719124.0,41.77
2020-06-09,720.0,729.6,715.05,717.6,10078863.0,39.74
2020-06-10,715.0,719.45,709.2,715.85,7263272.0,47.61
2020-06-11,712.0,713.4,700.25,703.95,8825914.0,44.4
2020-06-12,675.8,695.15,675.5,692.05,9796064.0,51.06
2020-06-15,693.0,704.4,685.25,687.55,7857344.0,40.67
2020-06-16,702.0,712.0,699.15,701.2,10132423.0,40.91
2020-06-17,699.9,710.3,698.0,703.65,7291919.0,53.24
2020-06-18,708.2,716.6,706.0,713.9,6670206.0,42.23
2020-06-19,709.0,711.9,701.0,705.55,22438873.0,54.52
2020-06-22,707.1,708.7,700.0,703.7,7804139.0,45.44
2020-06-23,695.7,724.5,692.1,720.65,12157486.0,41.01
2020-06-24,716.9,726.8,709.4,714.15,10220908.0,47.96
2020-06-25,704.85,705.6,693.5,700.5,14945304.0,52.38
2020-06-26,710.2,751.6,710.0,748.2,26030535.0,30.1
2020-06-29,735.4,744.7,730.1,731.75,8954490.0,34.7
2020-06-30,732.8,738.95,724.25,735.95,10411347.0,45.02
2020-07-01,737.25,742.3,729.75,731.9,5477687.0,46.38
2020-07-02,737.35,765.45,735.4,756.6,17263764.0,43.52
2020-07-03,755.0,764.0,752.5,762.7,7796573.0,42.21
2020-07-06,765.2,775.0,761.5,764.0,8811009.0,45.75
2020-07-07,769.4,796.95,765.55,794.15,19362666.0,42.83
2020-07-08,784.9,784.9,772.2,774.7,8476675.0,47.47
2020-07-09,780.0,790.0,775.0,781.7,6854196.0,42.23
2020-07-10,773.5,789.9,773.5,781.85,5206452.0,29.19
2020-07-13,788.0,805.35,786.05,797.05,10804911.0,31.9
2020-07-14,792.95,806.4,781.35,783.25,8961822.0,36.71
2020-07-15,799.0,848.45,794.8,830.95,30060998.0,21.95
2020-07-16,900.1,955.5,894.25,911.0,90433393.0,19.45
2020-07-17,911.0,919.9,892.15,903.15,31682904.0,17.2
2020-07-20,908.5,945.0,906.75,934.3,18421083.0,33.32
2020-07-21,945.0,949.7,929.2,936.75,12877814.0,36.81
2020-07-22,938.95,939.0,910.0,917.9,14354421.0,48.13
2020-07-23,915.65,915.8,900.65,907.95,13052804.0,52.76
2020-07-24,903.25,925.75,903.25,922.85,18209670.0,31.89
2020-07-27,921.55,952.8,918.65,948.45,16828218.0,35.1
2020-07-28,946.0,967.55,941.2,962.85,15819466.0,34.64
2020-07-29,953.25,960.0,943.6,954.15,11152710.0,38.9
2020-07-30,962.0,972.65,958.75,961.45,12492569.0,47.73
2020-07-31,969.25,986.45,953.3,966.0,12704359.0,25.2
2020-08-03,960.0,965.4,947.45,956.9,8480166.0,48.45
2020-08-04,960.45,970.7,940.55,949.85,11133259.0,45.7
2020-08-05,952.0,960.95,938.3,944.7,9616176.0,43.81
2020-08-06,953.5,974.4,942.5,970.85,10976523.0,41.14
2020-08-07,969.45,969.45,949.0,950.9,8010973.0,38.9
2020-08-10,948.9,956.8,945.3,951.35,5716472.0,44.54
2020-08-11,949.9,962.0,946.1,948.45,6802508.0,35.99
2020-08-12,948.0,958.8,942.2,954.95,6908732.0,37.06
2020-08-13,954.8,968.5,948.25,951.2,5097705.0,36.93
2020-08-14,955.85,963.0,952.05,953.6,4663873.0,42.37
2020-08-17,954.1,972.45,954.1,957.5,9008716.0,32.13
2020-08-18,963.9,969.2,958.7,967.55,6142171.0,45.7
2020-08-19,970.9,971.55,957.45,959.3,6622744.0,44.65
2020-08-20,958.9,965.5,951.3,955.15,5656667.0,38.2
2020-08-21,963.05,963.45,946.55,948.8,6513784.0,61.21
2020-08-24,947.0,952.0,939.2,947.4,5798579.0,51.5
2020-08-25,947.5,948.65,933.6,938.1,6233923.0,49.99
2020-08-26,941.25,954.25,938.4,950.8,5153663.0,44.29
2020-08-27,960.0,960.95,945.2,947.05,6154300.0,42.77
2020-08-28,951.45,952.5,933.05,935.25,7593988.0,61.29
2020-08-31,935.25,950.5,914.6,928.6,12808369.0,53.04
2020-09-01,926.25,935.0,912.1,914.15,6907783.0,55.18
2020-09-02,915.0,926.4,913.5,924.0,5678696.0,43.0
2020-09-03,926.5,949.4,924.0,935.55,8828016.0,38.08
2020-09-04,915.0,929.5,914.45,919.15,8650414.0,49.04
2020-09-07,918.9,927.55,913.05,925.05,6700450.0,46.45
2020-09-08,929.95,952.0,925.55,939.3,12892115.0,36.74
2020-09-09,935.0,946.0,926.0,927.75,5529150.0,43.24
2020-09-10,935.3,942.0,924.8,940.05,5172091.0,40.27
2020-09-11,934.9,954.15,931.0,945.7,6672082.0,38.78
2020-09-14,957.0,991.05,948.3,978.4,21871591.0,36.11
2020-09-15,979.5,994.0,971.65,982.45,11608223.0,41.15
2020-09-16,986.0,1005.65,982.0,1001.75,10059392.0,40.8
2020-09-17,995.0,1021.0,995.0,1011.0,15628308.0,46.1
2020-09-18,1011.0,1018.8,999.1,1002.15,12897897.0,59.29
2020-09-21,1001.0,1031.0,1000.5,1009.9,14140790.0,41.8
2020-09-22,1009.0,1022.5,991.2,1007.5,12625775.0,37.57
2020-09-23,1020.15,1037.0,1008.1,1019.75,13486274.0,33.88
2020-09-24,1003.0,1009.0,970.0,975.4,14427463.0,44.84
2020-09-25,975.8,1014.9,975.0,1011.45,13311079.0,37.64
2020-09-28,1014.8,1016.15,998.5,1010.4,8554583.0,41.72
2020-09-29,1018.0,1028.0,1004.1,1009.0,8708572.0,31.73
2020-09-30,1009.0,1023.95,1005.0,1008.25,8049899.0,48.53
2020-10-01,1020.6,1026.5,1011.75,1017.65,5563432.0,50.42
2020-10-02,1020.6,1026.5,1011.75,1017.65,5563432.0,50.42
2020-10-05,1018.05,1054.9,1018.05,1048.7,14212560.0,48.07
2020-10-06,1055.0,1060.0,1031.35,1055.75,9090819.0,46.3
2020-10-07,1044.9,1072.0,1035.5,1066.55,9284060.0,46.31
2020-10-08,1090.0,1124.0,1088.4,1093.7,21483024.0,33.31
2020-10-09,1095.1,1113.3,1088.45,1106.8,10567955.0,39.44
2020-10-12,1123.0,1140.0,1112.1,1132.1,14633780.0,41.57
2020-10-13,1135.55,1166.05,1135.55,1157.8,17524137.0,38.79
2020-10-14,1162.0,1164.9,1131.1,1137.0,16649731.0,38.04
2020-10-15,1180.0,1186.0,1092.5,1108.25,44288566.0,16.59
2020-10-16,1113.85,1135.95,1096.9,1127.5,18366133.0,23.81
2020-10-19,1135.0,1139.0,1115.3,1125.9,12902146.0,56.01
2020-10-20,1118.9,1144.7,1110.0,1137.5,10448852.0,47.79
2020-10-21,1141.15,1154.35,1135.0,1148.35,19811809.0,68.85
2020-10-22,1142.0,1158.0,1123.8,1129.05,11271538.0,48.26
2020-10-23,1133.0,1135.0,1120.15,1122.5,9070121.0,54.11
2020-10-26,1122.25,1129.6,1103.15,1112.45,6309643.0,45.46
2020-10-27,1105.7,1109.7,1077.15,1090.85,10172530.0,51.13
2020-10-28,1095.5,1104.75,1070.05,1076.55,7608413.0,43.47
2020-10-29,1070.0,1082.0,1060.1,1074.85,6935804.0,39.08
2020-10-30,1072.0,1083.6,1052.35,1060.6,8800436.0,36.33
2020-11-02,1065.0,1079.95,1051.1,1072.3,7183119.0,49.48
2020-11-03,1072.0,1079.4,1057.5,1062.55,7204782.0,48.63
2020-11-04,1068.0,1116.0,1066.8,1093.95,15702690.0,35.59
2020-11-05,1109.9,1123.0,1099.0,1104.0,9568890.0,49.77
2020-11-06,1108.0,1121.1,1091.7,1112.75,8807127.0,48.1
2020-11-09,1129.3,1146.0,1121.15,1136.55,10160320.0,40.83
2020-11-10,1113.85,1113.85,1078.0,1091.05,15622869.0,48.65
2020-11-11,1096.0,1126.35,1087.0,1122.5,12514800.0,44.68
2020-11-12,1128.1,1142.0,1113.75,1117.75,9180976.0,43.11
2020-11-13,1120.0,1133.0,1117.0,1124.2,6363212.0,40.69
2020-11-16,1137.0,1139.65,1131.1,1133.45,1136144.0,39.34
2020-11-17,1144.75,1145.0,1112.65,1123.7,12813968.0,58.24
2020-11-18,1128.5,1132.7,1101.45,1110.55,9839468.0,63.54
2020-11-19,1100.0,1114.7,1093.8,1096.75,10092343.0,53.98
2020-11-20,1106.0,1109.0,1091.1,1103.35,8063554.0,49.64
2020-11-23,1105.0,1144.8,1101.95,1139.85,10546363.0,46.95
2020-11-24,1145.0,1154.9,1133.35,1140.05,8515426.0,32.21
2020-11-25,1137.0,1143.5,1111.25,1115.65,8958701.0,56.35
2020-11-26,1119.95,1119.95,1098.3,1113.2,10962256.0,52.86
2020-11-27,1118.0,1121.0,1091.0,1100.0,25306145.0,74.96
2020-11-30,1118.0,1121.0,1091.0,1100.0,25306145.0,74.96
2020-12-01,1105.05,1140.25,1105.05,1137.85,8933802.0,48.05
2020-12-02,1134.0,1147.45,1121.0,1140.9,6741637.0,39.85
2020-12-03,1147.0,1147.0,1122.7,1126.45,16212632.0,64.64
2020-12-04,1125.0,1137.0,1115.0,1134.65,10564055.0,54.49
2020-12-07,1147.3,1153.0,1136.0,1143.5,7792141.0,53.97
2020-12-08,1145.0,1167.0,1145.0,1153.35,12308330.0,50.14
2020-12-09,1168.05,1179.5,1157.0,1175.2,10039346.0,51.89
2020-12-10,1157.4,1171.65,1150.0,1167.75,9488782.0,58.25
2020-12-11,1159.7,1171.95,1155.25,1163.2,10574009.0,66.76
2020-12-14,1169.4,1172.6,1148.2,1164.55,6728187.0,53.13
2020-12-15,1156.0,1163.7,1152.0,1154.6,6905926.0,54.26
2020-12-16,1160.0,1168.9,1153.6,1165.7,7788404.0,53.8
2020-12-17,1165.9,1168.9,1156.2,1159.2,6658153.0,55.21
2020-12-18,1182.85,1195.0,1175.6,1189.8,15995676.0,46.76
2020-12-21,1188.0,1209.75,1152.05,1177.3,10858352.0,35.27
2020-12-22,1182.0,1223.85,1176.1,1220.5,10901851.0,39.07
2020-12-23,1238.0,1258.85,1230.55,1253.05,15878346.0,43.25
2020-12-24,1249.9,1249.9,1226.0,1236.05,7313885.0,36.06
2020-12-25,1249.9,1249.9,1226.0,1236.05,7313885.0,36.06
2020-12-28,1238.45,1248.0,1236.0,1240.3,4607051.0,45.55
2020-12-29,1235.0,1254.45,1235.0,1250.3,6878105.0,46.81
2020-12-30,1253.0,1253.3,1238.15,1246.8,5194690.0,45.79
2020-12-31,1243.0,1258.4,1239.0,1255.8,7430470.0,53.48
2021-01-01,1257.9,1265.5,1255.8,1260.45,4253550.0,25.63
2021-01-04,1269.0,1290.0,1261.15,1288.25,7208454.0,46.38
2021-01-05,1282.0,1299.0,1275.05,1293.8,8145280.0,41.09
2021-01-06,1300.0,1302.0,1268.05,1282.1,7161715.0,38.83
2021-01-07,1296.0,1297.65,1255.5,1262.15,10954918.0,49.2
2021-01-08,1278.25,1316.8,1278.25,1312.1,13186251.0,42.87
2021-01-11,1342.1,1383.35,1340.0,1376.2,20528626.0,31.35
2021-01-12,1378.0,1378.0,1360.0,1371.75,8309868.0,43.98
2021-01-13,1373.85,1392.8,1360.0,1387.15,14442997.0,44.94
2021-01-14,1360.0,1384.0,1318.45,1370.5,27521697.0,37.68
2021-01-15,1360.0,1364.45,1340.0,1344.95,15018441.0,53.96
2021-01-18,1338.0,1340.0,1306.0,1312.05,8861765.0,44.72
2021-01-19,1320.0,1331.0,1312.0,1316.65,5585744.0,46.1
2021-01-20,1320.55,1348.4,1320.55,1339.45,8225838.0,38.88
2021-01-21,1350.0,1361.05,1335.0,1339.7,6142421.0,49.39
2021-01-22,1327.0,1356.0,1326.55,1340.85,9646591.0,61.3
2021-01-25,1345.0,1347.9,1313.0,1325.1,6542611.0,58.31
2021-01-26,1345.0,1347.9,1313.0,1325.1,6542611.0,58.31
2021-01-27,1319.6,1327.55,1285.1,1301.0,8133665.0,57.36
2021-01-28,1291.8,1296.45,1272.55,1276.2,4660690.0,50.18
2021-01-29,1286.25,1291.15,1231.0,1239.05,12183519.0,67.56
2021-02-01,1250.55,1277.95,1241.0,1260.9,8880279.0,50.44
2021-02-02,1280.0,1294.4,1263.6,1271.25,6892490.0,49.13
2021-02-03,1277.65,1304.0,1273.0,1284.65,8182968.0,52.96
2021-02-04,1285.0,1293.4,1272.05,1279.35,5032240.0,51.9
2021-02-05,1286.4,1288.75,1262.0,1272.1,5477481.0,50.66
2021-02-08,1285.5,1310.0,1275.5,1303.55,6921922.0,45.1
2021-02-09,1306.9,1332.0,1297.85,1305.55,7965949.0,38.81
2021-02-10,1295.8,1304.35,1283.6,1296.5,5951207.0,45.25
2021-02-11,1289.0,1296.0,1283.05,1292.65,4673317.0,57.94
2021-02-12,1305.0,1323.75,1301.55,1309.8,5797875.0,20.16
2021-02-15,1320.0,1328.4,1307.1,1309.65,4363513.0,46.92
2021-02-16,1314.0,1319.75,1286.0,1290.4,6896421.0,58.73
2021-02-17,1290.4,1294.5,1275.0,1281.3,4575741.0,45.55
2021-02-18,1276.0,1306.0,1275.0,1292.45,6437551.0,52.92
2021-02-19,1296.1,1299.5,1276.8,1291.3,5389696.0,53.15
2021-02-22,1295.0,1308.55,1260.0,1265.2,7371303.0,50.85
2021-02-23,1271.15,1291.0,1257.55,1266.35,6612942.0,53.53
2021-02-24,1260.05,1276.6,1252.0,1274.3,4537258.0,52.54
2021-02-25,1288.45,1299.75,1272.0,1274.55,8788221.0,66.69
2021-02-26,1269.0,1274.3,1244.75,1253.3,15132388.0,60.55
2021-03-01,1263.3,1284.5,1259.0,1267.0,5756286.0,58.1
2021-03-02,1282.25,1310.0,1279.2,1304.5,10461434.0,62.63
2021-03-03,1319.2,1347.0,1308.0,1343.55,9056399.0,54.08
2021-03-04,1335.0,1363.85,1325.9,1330.35,12041941.0,43.93
2021-03-05,1328.5,1340.0,1305.05,1316.7,6486176.0,48.28
2021-03-08,1324.8,1346.1,1317.2,1335.75,5119392.0,51.2
2021-03-09,1329.5,1350.45,1318.75,1345.55,6518173.0,55.5
2021-03-10,1356.9,1374.0,1355.0,1368.15,7925984.0,50.03
2021-03-11,1356.9,1374.0,1355.0,1368.15,7925984.0,50.03
2021-03-12,1373.0,1391.7,1370.05,1374.85,9462061.0,65.24
2021-03-15,1370.0,1379.9,1358.5,1373.6,6658665.0,55.38
2021-03-16,1386.05,1406.0,1380.5,1384.0,9352771.0,55.08
2021-03-17,1392.25,1400.0,1382.0,1387.0,7626744.0,51.87
2021-03-18,1393.75,1393.75,1313.5,1337.1,10961755.0,50.58
2021-03-19,1330.0,1355.2,1318.0,1344.45,12767112.0,51.76
2021-03-22,1350.1,1376.0,1336.1,1370.8,4862758.0,45.24
2021-03-23,1372.45,1383.25,1359.6,1371.55,7165335.0,60.89
2021-03-24,1357.85,1370.45,1346.25,1353.75,6134303.0,52.12
2021-03-25,1346.75,1352.5,1327.6,1333.8,8749994.0,59.96
2021-03-26,1344.7,1356.7,1332.0,1336.2,4922071.0,50.82
2021-03-29,1344.7,1356.7,1332.0,1336.2,4922071.0,50.82
2021-03-30,1346.9,1400.0,1336.15,1385.3,10546919.0,53.27
2021-03-31,1382.0,1388.0,1363.3,1368.05,8220987.0,49.96
2021-04-01,1380.0,1391.6,1371.0,1385.2,5675155.0,55.98
2021-04-02,1380.0,1391.6,1371.0,1385.2,5675155.0,55.98
2021-04-05,1391.0,1425.0,1387.0,1409.9,9479572.0,36.53
2021-04-06,1423.0,1426.0,1406.45,1411.05,5793571.0,44.11
2021-04-07,1410.25,1434.95,1406.6,1430.2,5879234.0,46.51
2021-04-08,1430.0,1451.7,1421.0,1439.85,5654434.0,43.88
2021-04-09,1455.0,1455.0,1430.05,1441.05,6052712.0,35.11
2021-04-12,1474.0,1477.55,1415.0,1425.75,20384532.0,43.81
2021-04-13,1433.0,1435.25,1375.0,1397.15,14855206.0,43.27
2021-04-14,1433.0,1435.25,1375.0,1397.15,14855206.0,43.27
2021-04-15,1332.3,1366.4,1320.0,1360.75,25342491.0,41.5
2021-04-16,1365.0,1370.85,1346.6,1353.75,10879878.0,46.14
2021-04-19,1340.0,1379.7,1332.35,1362.55,12508028.0,44.91
2021-04-20,1379.0,1379.0,1342.4,1351.35,8560766.0,51.13
2021-04-21,1379.0,1379.0,1342.4,1351.35,8560766.0,51.13
2021-04-22,1355.55,1364.8,1345.15,1351.1,6622446.0,50.47
2021-04-23,1343.0,1348.4,1331.0,1333.8,7316262.0,56.36
2021-04-26,1332.25,1351.3,1321.0,1343.55,7088606.0,59.51
2021-04-27,1346.0,1353.0,1340.15,1348.5,3636115.0,51.46
2021-04-28,1358.0,1359.5,1344.6,1356.0,4879234.0,58.56
2021-04-29,1368.0,1369.0,1351.4,1356.35,5412357.0,57.85
2021-04-30,1346.3,1373.9,1345.9,1354.35,8354677.0,64.73
2021-05-03,1340.8,1361.0,1338.0,1352.05,4560337.0,60.28
2021-05-04,1354.0,1354.95,1324.1,1329.4,4887060.0,58.47
2021-05-05,1341.1,1343.9,1327.8,1341.5,3939788.0,53.76
2021-05-06,1345.0,1364.7,1337.4,1361.6,4810090.0,51.11
2021-05-07,1365.3,1373.05,1348.5,1352.55,4991435.0,54.43
2021-05-10,1349.85,1352.9,1335.05,1339.55,7195348.0,65.12
2021-05-11,1336.9,1341.0,1325.1,1330.65,6420988.0,64.21
2021-05-12,1330.0,1330.0,1314.5,1327.0,5241898.0,55.97
2021-05-13,1330.0,1330.0,1314.5,1327.0,5241898.0,55.97
2021-05-14,1326.85,1326.85,1311.3,1316.4,4824609.0,55.57
2021-05-17,1320.3,1334.95,1320.3,1329.4,5017129.0,56.66
2021-05-18,1338.0,1344.6,1329.5,1340.0,5620150.0,63.23
2021-05-19,1342.0,1357.45,1333.25,1337.0,4435878.0,47.32
2021-05-20,1348.4,1349.1,1335.0,1339.3,4490092.0,57.59
2021-05-21,1347.5,1357.5,1346.35,1354.5,4969733.0,66.26
2021-05-24,1356.65,1363.0,1345.1,1348.05,4225371.0,64.33
2021-05-25,1358.0,1368.0,1354.45,1361.6,4099340.0,61.56
2021-05-26,1367.9,1400.0,1362.05,1397.25,6850024.0,51.9
2021-05-27,1404.2,1416.25,1391.7,1402.25,15365391.0,64.85
2021-05-28,1409.75,1414.0,1396.1,1405.05,4261312.0,49.14
2021-05-31,1401.5,1401.5,1383.0,1393.75,4429904.0,53.56
2021-06-01,1400.0,1401.0,1378.65,1387.2,4791325.0,61.51
2021-06-02,1380.75,1391.95,1365.0,1378.65,9272276.0,59.81
2021-06-03,1388.1,1399.0,1377.05,1389.65,5115645.0,47.16
2021-06-04,1393.95,1396.9,1377.65,1385.65,4194328.0,61.05
2021-06-07,1391.0,1392.0,1377.3,1389.65,5154576.0,62.76
2021-06-08,1396.0,1421.75,1395.55,1412.95,7360630.0,50.92
2021-06-09,1413.4,1425.0,1404.6,1415.3,5394317.0,60.87
2021-06-10,1424.0,1429.0,1419.0,1424.3,3496575.0,64.47
2021-06-11,1430.1,1451.6,1429.45,1446.9,6140828.0,59.38
2021-06-14,1471.0,1477.0,1453.45,1461.8,7132294.0,53.84
2021-06-15,1464.0,1476.0,1463.0,1473.9,5403104.0,71.04
2021-06-16,1472.7,1489.45,1467.5,1480.6,7661710.0,64.85
2021-06-17,1475.1,1502.65,1475.1,1495.3,7677951.0,69.66
2021-06-18,1509.0,1515.8,1487.4,1503.3,13533974.0,60.0
2021-06-21,1493.0,1505.8,1484.2,1500.3,5454052.0,65.52
2021-06-22,1509.7,1521.45,1502.1,1511.85,6427862.0,69.15
2021-06-23,1525.0,1525.0,1498.65,1503.15,5529809.0,61.31
2021-06-24,1517.0,1568.75,1511.2,1559.2,10785137.0,39.4
2021-06-25,1572.0,1578.0,1543.0,1574.2,9780240.0,59.56
2021-06-28,1572.9,1580.15,1560.6,1571.8,5019178.0,66.84
2021-06-29,1561.0,1573.65,1559.2,1563.05,5913567.0,65.02
2021-06-30,1572.05,1591.0,1572.05,1580.8,6058722.0,53.25
2021-07-01,1576.85,1576.85,1559.05,1560.4,4814317.0,62.24
2021-07-02,1558.95,1569.45,1542.6,1567.8,5166064.0,57.12
2021-07-05,1569.15,1585.0,1561.05,1578.95,4058338.0,57.78
2021-07-06,1573.7,1586.75,1557.1,1562.2,4089574.0,55.57
2021-07-07,1566.05,1570.55,1544.65,1564.6,4797120.0,54.74
2021-07-08,1568.0,1576.0,1549.0,1560.75,3326813.0,52.25
2021-07-09,1556.0,1569.9,1551.0,1562.9,3436594.0,48.1
2021-07-12,1570.55,1578.0,1533.75,1547.85,4588982.0,54.34
2021-07-13,1556.4,1556.4,1536.3,1544.95,4456160.0,66.14
2021-07-14,1554.0,1582.8,1538.1,1576.9,5657716.0,37.2
2021-07-15,1557.9,1596.85,1556.0,1580.8,10021355.0,38.86
2021-07-16,1573.75,1574.65,1549.6,1555.45,6265593.0,63.62
2021-07-19,1544.7,1552.9,1537.55,1541.7,5669162.0,74.95
2021-07-20,1538.3,1557.7,1538.0,1550.05,5069939.0,69.01
2021-07-21,1538.3,1557.7,1538.0,1550.05,5069939.0,69.01
2021-07-22,1561.4,1592.85,1561.4,1590.2,7854575.0,72.3
2021-07-23,1588.55,1598.5,1585.05,1590.45,4179719.0,60.96
2021-07-26,1594.1,1611.65,1594.1,1603.9,4586710.0,63.21
2021-07-27,1605.0,1609.3,1597.9,1602.55,5892859.0,78.15
2021-07-28,1605.1,1607.6,1585.5,1605.6,4686788.0,68.95
2021-07-29,1600.1,1620.0,1600.1,1617.0,4660873.0,62.78
2021-07-30,1610.0,1623.4,1606.15,1610.5,6234257.0,71.94
2021-08-02,1627.45,1634.75,1619.2,1631.55,5553389.0,77.76
2021-08-03,1647.0,1658.65,1635.6,1655.2,5513668.0,70.51
2021-08-04,1669.1,1679.9,1639.05,1649.25,6740391.0,70.51
2021-08-05,1649.5,1666.0,1647.05,1653.55,5420536.0,69.39
2021-08-06,1657.0,1660.65,1644.0,1650.2,3754855.0,68.14
2021-08-09,1661.0,1667.45,1646.4,1663.3,5018477.0,73.2
2021-08-10,1668.0,1680.0,1661.05,1677.25,6846517.0,75.59
2021-08-11,1674.8,1684.0,1668.0,1677.55,4899639.0,73.2
2021-08-12,1679.15,1696.5,1674.0,1689.6,5659579.0,74.52
2021-08-13,1697.0,1722.5,1691.3,1712.2,5612790.0,59.42
2021-08-16,1707.7,1719.95,1690.1,1704.4,4564109.0,72.32
2021-08-17,1703.9,1748.9,1686.55,1741.65,9510390.0,66.41
2021-08-18,1729.0,1755.5,1727.0,1733.45,6686090.0,67.16
2021-08-19,1729.0,1755.5,1727.0,1733.45,6686090.0,67.16
2021-08-20,1716.1,1745.0,1716.1,1732.95,6206972.0,62.56
2021-08-23,1735.75,1753.15,1732.0,1738.75,6189051.0,62.58
2021-08-24,1750.0,1757.0,1712.7,1720.85,7602939.0,72.01
2021-08-25,1718.0,1746.9,1718.0,1735.55,6153253.0,67.84
2021-08-26,1734.0,1746.0,1720.0,1727.7,5302248.0,65.12
2021-08-27,1725.0,1727.7,1705.2,1708.8,6698514.0,70.27
2021-08-30,1703.05,1718.65,1690.4,1698.05,6559667.0,70.45
2021-08-31,1700.15,1715.0,1685.85,1706.45,12255438.0,62.8
2021-09-01,1709.5,1709.5,1673.15,1677.75,7801974.0,72.74
2021-09-02,1677.35,1694.3,1662.65,1689.1,6830050.0,66.85
2021-09-03,1696.05,1705.95,1684.4,1700.65,5339139.0,70.5
2021-09-06,1705.15,1732.0,1699.35,1730.4,4876026.0,63.13
2021-09-07,1730.0,1734.9,1704.0,1706.65,3520341.0,62.42
2021-09-08,1700.85,1700.85,1682.95,1693.25,4584896.0,60.76
2021-09-09,1685.9,1694.9,1682.15,1691.6,3331674.0,58.69
2021-09-10,1685.9,1694.9,1682.15,1691.6,3331674.0,58.69
2021-09-13,1683.0,1701.5,1675.2,1691.9,4662374.0,69.14
2021-09-14,1695.95,1695.95,1678.6,1686.15,4945167.0,77.44
2021-09-15,1693.25,1715.1,1690.2,1711.45,4062344.0,62.23
2021-09-16,1715.2,1719.25,1691.45,1702.25,3246568.0,67.13
2021-09-17,1697.0,1718.0,1684.45,1691.3,7454864.0,66.22
2021-09-20,1685.0,1707.7,1677.95,1687.85,5660743.0,68.86
2021-09-21,1700.0,1726.75,1684.65,1718.45,4672222.0,61.09
2021-09-22,1717.0,1738.9,1713.05,1716.9,4553892.0,56.34
2021-09-23,1732.0,1745.0,1721.1,1742.55,3826090.0,66.46
2021-09-24,1758.0,1788.0,1752.45,1763.85,8280446.0,51.32
2021-09-27,1768.75,1769.0,1718.1,1721.15,5045337.0,66.48
2021-09-28,1710.0,1710.0,1675.0,1687.1,6557197.0,67.59
2021-09-29,1659.25,1701.4,1655.0,1692.25,7792548.0,65.41
2021-09-30,1703.0,1703.0,1670.1,1675.2,6914031.0,58.04
2021-10-01,1665.1,1678.95,1661.25,1665.15,5733906.0,72.2
2021-10-04,1672.5,1688.0,1665.4,1678.75,2947154.0,64.49
2021-10-05,1671.0,1702.95,1663.0,1692.8,4373310.0,56.11
2021-10-06,1702.1,1709.0,1670.0,1673.55,4271698.0,66.94
2021-10-07,1687.0,1704.2,1676.65,1691.0,5476108.0,70.4
2021-10-08,1705.25,1731.5,1698.4,1723.85,4738376.0,52.43
2021-10-11,1682.0,1730.0,1663.7,1690.95,8840633.0,53.88
2021-10-12,1677.0,1689.0,1662.0,1685.15,7439300.0,51.39
2021-10-13,1695.95,1713.65,1680.05,1709.2,7104171.0,61.6
2021-10-14,1754.0,1783.6,1698.2,1715.75,19655776.0,49.3
2021-10-15,1754.0,1783.6,1698.2,1715.75,19655776.0,49.3
2021-10-18,1740.0,1799.0,1740.0,1792.15,13438109.0,69.02
2021-10-19,1814.0,1834.5,1782.3,1822.15,10324260.0,61.42
2021-10-20,1829.4,1848.0,1794.05,1802.35,5876115.0,56.51
2021-10-21,1814.0,1814.0,1746.85,1753.65,8779629.0,64.92
2021-10-22,1749.9,1763.2,1707.0,1719.8,7369809.0,66.01
2021-10-25,1722.05,1729.75,1687.2,1707.55,5905209.0,67.74
2021-10-26,1710.05,1726.6,1695.9,1703.7,5871709.0,65.75
2021-10-27,1709.1,1734.15,1701.15,1728.95,5090259.0,61.05
2021-10-28,1719.35,1724.75,1692.05,1703.9,5329972.0,67.38
2021-10-29,1699.0,1712.6,1661.05,1667.75,5875091.0,54.5
2021-11-01,1677.5,1707.2,1676.0,1700.05,3636806.0,55.6
2021-11-02,1695.0,1706.45,1686.35,1697.9,3471772.0,70.69
2021-11-03,1709.0,1717.45,1699.0,1702.5,3530713.0,67.34
2021-11-04,1709.0,1717.45,1699.0,1702.5,3530713.0,67.34
2021-11-05,1715.0,1717.0,1705.0,1708.7,483407.0,68.02
2021-11-08,1730.0,1741.0,1703.0,1737.5,5245903.0,70.3
2021-11-09,1734.75,1750.0,1726.0,1742.5,4016134.0,68.73
2021-11-10,1726.0,1750.95,1721.95,1740.15,4780368.0,71.55
2021-11-11,1732.95,1739.75,1709.0,1733.3,4731349.0,71.14
2021-11-12,1743.0,1782.85,1738.05,1780.2,5069009.0,67.49
2021-11-15,1782.1,1800.0,1775.5,1787.15,4354074.0,68.26
2021-11-16,1790.0,1808.95,1777.0,1792.3,6034233.0,73.74
2021-11-17,1792.55,1802.0,1780.7,1787.45,4732492.0,75.36
2021-11-18,1781.6,1789.45,1759.0,1779.4,4326924.0,71.56
2021-11-19,1781.6,1789.45,1759.0,1779.4,4326924.0,71.56
2021-11-22,1784.0,1785.4,1751.15,1759.4,6621839.0,78.72
2021-11-23,1735.1,1747.25,1710.0,1736.9,8436160.0,74.86
2021-11-24,1740.0,1740.5,1688.0,1696.0,7333061.0,66.26
2021-11-25,1700.0,1726.2,1696.95,1722.4,4476260.0,63.88
2021-11-26,1702.55,1718.35,1684.0,1691.65,4494181.0,66.33
2021-11-29,1691.0,1712.0,1669.15,1696.35,3942776.0,57.54
2021-11-30,1704.55,1729.9,1700.05,1712.65,14808963.0,72.33
2021-12-01,1715.0,1741.9,1713.0,1714.9,5193264.0,67.26
2021-12-02,1715.0,1750.5,1711.35,1748.25,5559574.0,69.79
2021-12-03,1771.1,1786.65,1732.55,1735.55,6754012.0,56.78
2021-12-06,1730.0,1733.95,1691.5,1695.3,3991449.0,58.64
2021-12-07,1701.1,1724.9,1694.0,1711.65,4202122.0,53.33
2021-12-08,1733.0,1759.8,1732.6,1753.35,3029169.0,50.74
2021-12-09,1759.0,1769.4,1742.0,1763.45,2082171.0,52.19
2021-12-10,1760.0,1763.75,1746.0,1759.25,1823469.0,52.29
2021-12-13,1767.05,1771.35,1738.8,1744.65,4040584.0,70.98
2021-12-14,1730.9,1763.0,1710.35,1752.15,4768144.0,71.36
2021-12-15,1745.0,1747.95,1721.2,1734.2,3053149.0,64.63
2021-12-16,1762.65,1777.6,1758.0,1771.6,4481031.0,50.11
2021-12-17,1820.0,1842.0,1806.75,1820.85,18887243.0,53.25
2021-12-20,1801.7,1829.65,1787.3,1798.9,5773891.0,57.02
2021-12-21,1801.0,1838.0,1801.0,1811.6,5353584.0,55.55
2021-12-22,1825.0,1829.15,1812.35,1824.7,4156428.0,66.91
2021-12-23,1831.25,1861.6,1827.0,1857.6,4112933.0,54.8
2021-12-24,1872.95,1875.75,1854.0,1863.5,3780347.0,47.59
2021-12-27,1860.0,1874.5,1845.05,1866.15,2647733.0,59.39
2021-12-28,1880.7,1895.9,1878.4,1888.0,3340933.0,60.25
2021-12-29,1883.5,1893.8,1876.4,1885.55,3236635.0,73.51
2021-12-30,1884.5,1909.8,1874.35,1892.85,4584738.0,68.83
2021-12-31,1890.0,1898.35,1871.65,1887.75,4619420.0,67.88
2022-01-03,1887.75,1914.05,1887.75,1898.45,3329616.0,59.28
2022-01-04,1898.45,1906.65,1878.0,1899.15,3921999.0,60.5
2022-01-05,1900.0,1902.9,1840.0,1844.65,6995719.0,63.11
2022-01-06,1828.0,1828.0,1800.0,1817.8,6449205.0,54.4
2022-01-07,1815.45,1836.0,1806.8,1814.3,4834389.0,56.97
2022-01-10,1815.0,1869.9,1813.0,1850.75,7857560.0,53.35
2022-01-11,1855.0,1870.0,1850.15,1855.6,5142287.0,65.5
2022-01-12,1868.9,1889.0,1860.0,1877.45,5362535.0,54.75
2022-01-13,1905.0,1912.5,1866.35,1896.8,14277630.0,50.25
2022-01-14,1882.0,1933.0,1881.0,1929.35,7688506.0,53.18
2022-01-17,1938.55,1953.9,1930.5,1939.5,5262464.0,58.76
2022-01-18,1922.1,1945.0,1911.45,1920.75,3690315.0,64.23
2022-01-19,1916.0,1916.0,1862.85,1867.05,5747770.0,68.01
2022-01-20,1844.0,1848.0,1815.5,1823.7,5533463.0,58.1
2022-01-21,1795.0,1808.0,1776.0,1785.7,8252758.0,66.94
2022-01-24,1765.0,1768.65,1728.0,1736.8,7116712.0,61.57
2022-01-25,1726.6,1740.0,1700.5,1722.15,9137653.0,68.01
2022-01-26,1726.6,1740.0,1700.5,1722.15,9137653.0,68.01
2022-01-27,1702.0,1709.7,1665.0,1678.6,11231734.0,68.76
2022-01-28,1681.0,1727.55,1679.5,1686.2,10998502.0,69.66
2022-01-31,1718.0,1749.5,1715.35,1736.2,8788872.0,66.94
2022-02-01,1766.1,1780.0,1734.7,1772.05,5119935.0,56.54
2022-02-02,1789.0,1792.8,1772.0,1787.1,4253717.0,65.51
2022-02-03,1779.0,1779.0,1734.0,1738.55,3832922.0,57.65
2022-02-04,1732.0,1753.95,1710.15,1741.1,4700077.0,48.44
2022-02-07,1722.2,1732.0,1695.4,1715.0,4310209.0,58.01
2022-02-08,1710.0,1725.0,1696.0,1717.3,6053401.0,66.94
2022-02-09,1735.0,1743.0,1725.0,1737.3,3867244.0,61.0
2022-02-10,1755.65,1773.9,1748.75,1769.6,4334630.0,65.31
2022-02-11,1740.0,1745.95,1713.0,1721.35,7551371.0,69.96
2022-02-14,1690.0,1718.55,1678.25,1682.2,7459637.0,71.59
2022-02-15,1699.0,1746.75,1690.45,1738.25,4669915.0,60.41
2022-02-16,1738.25,1755.45,1726.85,1733.3,5350642.0,71.85
2022-02-17,1744.0,1749.0,1720.3,1724.8,3937950.0,62.95
2022-02-18,1710.0,1722.5,1703.5,1706.95,5602215.0,71.57
2022-02-21,1701.0,1737.3,1691.5,1730.7,5120890.0,64.06
2022-02-22,1699.9,1751.0,1691.05,1734.35,8878515.0,69.25
2022-02-23,1750.0,1758.25,1733.4,1742.85,5478811.0,67.76
2022-02-24,1690.1,1714.95,1670.5,1678.15,13592379.0,68.79
2022-02-25,1715.0,1728.15,1677.0,1694.6,9737281.0,60.73
2022-02-28,1682.2,1728.05,1665.0,1715.6,15076542.0,59.07
2022-03-01,1682.2,1728.05,1665.0,1715.6,15076542.0,59.07
2022-03-02,1710.0,1714.4,1691.0,1702.8,6771489.0,69.02
2022-03-03,1720.2,1733.9,1705.55,1720.85,7344147.0,65.03
2022-03-04,1695.25,1736.0,1681.0,1723.3,9074499.0,58.58
2022-03-07,1697.0,1751.0,1696.0,1739.85,9742588.0,68.48
2022-03-08,1718.45,1800.0,1718.45,1778.2,10984500.0,60.73
2022-03-09,1791.0,1831.6,1791.0,1813.35,10193515.0,49.03
2022-03-10,1844.75,1844.75,1810.2,1825.9,6547182.0,64.75
2022-03-11,1814.0,1831.4,1811.0,1822.0,4758657.0,67.14
2022-03-14,1831.55,1895.0,1831.55,1890.7,10289724.0,64.78
2022-03-15,1888.35,1888.35,1830.0,1839.3,7140443.0,67.87
2022-03-16,1865.0,1893.95,1849.0,1889.4,5233979.0,59.87
2022-03-17,1923.3,1923.3,1833.05,1854.6,17731459.0,61.24
2022-03-18,1923.3,1923.3,1833.05,1854.6,17731459.0,61.24
2022-03-21,1861.0,1886.9,1841.1,1853.05,8362085.0,66.07
2022-03-22,1850.0,1890.0,1839.0,1887.4,5709382.0,62.38
2022-03-23,1897.0,1900.0,1857.0,1872.4,6192824.0,64.49
2022-03-24,1856.15,1894.6,1856.15,1886.7,3784303.0,62.42
2022-03-25,1892.0,1894.0,1858.0,1876.55,3438588.0,57.67
2022-03-28,1866.0,1880.9,1852.65,1873.9,4008555.0,58.18
2022-03-29,1873.9,1889.4,1860.55,1886.0,3917785.0,61.46
2022-03-30,1910.0,1919.0,1895.0,1903.95,7795839.0,75.95
2022-03-31,1900.0,1913.0,1894.2,1906.85,5399145.0,66.51
2022-04-01,1886.85,1910.3,1878.3,1903.55,6171518.0,71.79
2022-04-04,1889.75,1893.0,1873.0,1882.95,7364074.0,67.1
2022-04-05,1883.8,1889.6,1857.15,1861.1,5472024.0,61.27
2022-04-06,1855.0,1857.5,1822.15,1828.85,5407453.0,64.3
2022-04-07,1821.05,1828.15,1807.55,1811.0,5797544.0,70.59
2022-04-08,1823.0,1838.0,1808.0,1814.6,5131446.0,61.51
2022-04-11,1814.0,1814.0,1762.55,1766.55,8248407.0,58.67
2022-04-12,1757.5,1757.5,1727.75,1742.45,6456184.0,61.67
2022-04-13,1754.95,1757.5,1732.0,1748.55,6257693.0,55.45
2022-04-14,1754.95,1757.5,1732.0,1748.55,6257693.0,55.45
2022-04-15,1754.95,1757.5,1732.0,1748.55,6257693.0,55.45
2022-04-18,1605.5,1650.0,1590.0,1621.4,30523965.0,60.38
2022-04-19,1636.65,1636.65,1550.0,1562.0,17044923.0,63.37
2022-04-20,1575.0,1596.3,1563.0,1587.7,10678747.0,67.79
2022-04-21,1595.0,1627.2,1589.25,1618.8,7766514.0,67.54
2022-04-22,1604.35,1610.7,1582.4,1585.45,8134245.0,69.13
2022-04-25,1572.8,1572.8,1554.1,1561.1,7000570.0,74.38
2022-04-26,1577.2,1592.0,1566.55,1581.0,5345435.0,68.79
2022-04-27,1572.75,1572.75,1550.35,1552.8,8819356.0,76.79
2022-04-28,1570.0,1601.8,1557.45,1582.6,9245177.0,70.76
2022-04-29,1590.0,1597.3,1560.8,1567.55,9831395.0,70.32
2022-05-02,1550.9,1552.75,1531.0,1541.0,7072627.0,71.72
2022-05-03,1550.9,1552.75,1531.0,1541.0,7072627.0,71.72
2022-05-04,1547.25,1570.0,1530.15,1535.55,6220959.0,62.45
2022-05-05,1560.05,1589.4,1557.45,1585.15,6144870.0,63.67
2022-05-06,1550.0,1561.85,1535.05,1542.85,6171472.0,63.51
2022-05-09,1540.0,1586.8,1522.15,1570.35,6832202.0,53.76
2022-05-10,1558.0,1569.15,1546.05,1553.0,6212545.0,70.66
2022-05-11,1549.95,1549.95,1511.6,1526.75,7846080.0,66.9
2022-05-12,1514.0,1527.5,1504.3,1508.8,7034979.0,68.46
2022-05-13,1519.3,1529.25,1498.1,1504.4,6723761.0,63.45
2022-05-16,1510.0,1511.85,1478.65,1489.1,6145331.0,64.49
2022-05-17,1494.9,1525.0,1480.9,1518.45,6516378.0,66.69
2022-05-18,1522.0,1549.7,1505.3,1509.2,6594126.0,61.61
2022-05-19,1481.0,1484.7,1417.65,1427.15,16561140.0,71.42
2022-05-20,1453.0,1466.75,1446.7,1455.15,10488908.0,75.04
2022-05-23,1455.1,1488.0,1450.05,1468.4,5887569.0,64.15
2022-05-24,1468.6,1469.55,1435.25,1441.0,5693167.0,64.48
2022-05-25,1435.0,1442.5,1399.25,1410.45,9630092.0,67.83
2022-05-26,1418.0,1430.0,1407.05,1423.95,13040065.0,63.16
2022-05-27,1443.95,1467.0,1437.4,1461.35,8284860.0,57.08
2022-05-30,1487.0,1530.0,1485.0,1526.8,10904213.0,67.42
2022-05-31,1510.7,1518.0,1488.15,1503.6,16033857.0,64.11
2022-06-01,1513.0,1514.75,1472.1,1478.55,8738508.0,62.0
2022-06-02,1484.0,1513.85,1475.6,1508.0,7205840.0,61.48
2022-06-03,1524.9,1555.0,1518.0,1521.7,9395707.0,59.24
2022-06-06,1516.0,1536.6,1493.0,1530.05,6624883.0,61.26
2022-06-07,1519.85,1519.85,1502.6,1506.7,4904592.0,63.91
2022-06-08,1520.2,1520.2,1492.0,1500.0,4697608.0,60.12
2022-06-09,1485.0,1516.95,1481.5,1515.0,4361061.0,59.34
2022-06-10,1486.1,1493.95,1473.6,1476.8,6516436.0,67.85
2022-06-13,1443.6,1443.6,1411.7,1424.5,6987685.0,67.45
2022-06-14,1410.0,1448.9,1403.15,1440.55,6090247.0,65.52
2022-06-15,1440.2,1446.4,1418.85,1422.2,4651958.0,60.33
2022-06-16,1438.0,1443.75,1392.0,1397.2,6641772.0,64.54
2022-06-17,1391.05,1396.95,1367.15,1387.3,9692047.0,63.09
2022-06-20,1390.05,1422.35,1382.0,1414.15,4595194.0,55.98
2022-06-21,1424.0,1456.0,1422.75,1449.9,6270787.0,67.38
2022-06-22,1436.05,1459.6,1435.0,1437.25,6253366.0,57.73
2022-06-23,1439.8,1458.0,1433.0,1452.45,6254281.0,57.3
2022-06-24,1458.0,1467.5,1428.9,1441.1,6114340.0,55.12
2022-06-27,1468.05,1484.0,1465.15,1474.6,4511097.0,58.62
2022-06-28,1469.0,1488.25,1453.0,1480.15,4412178.0,64.74
2022-06-29,1464.7,1477.0,1457.0,1463.25,5060038.0,77.23
2022-06-30,1465.05,1482.0,1455.0,1461.9,9165177.0,62.95
2022-07-01,1454.0,1485.0,1442.35,1479.4,4651635.0,55.6
2022-07-04,1480.25,1492.25,1462.0,1488.0,4800224.0,64.04
2022-07-05,1498.8,1509.95,1472.0,1475.95,7379669.0,69.18
2022-07-06,1482.2,1500.0,1470.0,1491.65,5209162.0,60.69
2022-07-07,1503.05,1513.95,1495.7,1498.7,3323472.0,58.29
2022-07-08,1515.0,1516.95,1499.95,1514.45,3652582.0,67.54
2022-07-11,1495.0,1499.9,1466.4,1473.15,4702815.0,60.74
2022-07-12,1461.8,1468.6,1436.0,1438.6,4710356.0,63.96
2022-07-13,1450.0,1460.0,1438.6,1444.45,5264025.0,67.1
2022-07-14,1451.0,1452.95,1414.0,1428.85,6157606.0,63.96
2022-07-15,1446.0,1446.0,1410.65,1430.35,5620018.0,63.16
2022-07-18,1450.0,1493.6,1448.05,1489.9,5835171.0,51.86
2022-07-19,1471.55,1486.85,1470.1,1484.15,3418540.0,55.05
2022-07-20,1501.25,1525.8,1500.0,1515.3,5079392.0,61.33
2022-07-21,1517.0,1535.45,1503.1,1532.9,5008061.0,58.16
2022-07-22,1534.0,1540.0,1492.15,1506.3,7020642.0,56.78
2022-07-25,1480.1,1517.15,1480.1,1503.6,7859626.0,52.0
2022-07-26,1496.65,1496.65,1445.0,1451.15,7268273.0,55.26
2022-07-27,1451.0,1473.0,1445.0,1471.05,4517285.0,59.35
2022-07-28,1496.4,1524.45,1489.85,1517.4,6636841.0,57.42
2022-07-29,1532.8,1555.7,1528.0,1549.7,7009465.0,61.96
2022-08-01,1564.0,1564.0,1537.9,1551.05,2983249.0,58.66
2022-08-02,1546.55,1547.0,1528.35,1543.6,4374635.0,58.8
2022-08-03,1549.0,1570.0,1539.9,1566.1,6011955.0,63.54
2022-08-04,1587.5,1603.85,1574.95,1599.9,7402209.0,56.0
2022-08-05,1608.4,1625.7,1602.3,1616.65,5361971.0,66.43
2022-08-10,1621.2,1621.2,1588.1,1602.45,4423829.0,55.23
2022-08-11,1630.0,1631.35,1616.0,1619.95,3462090.0,58.91
2022-08-12,1613.3,1614.0,1590.15,1594.1,3562286.0,65.21
2022-08-15,1613.3,1614.0,1590.15,1594.1,3562286.0,65.21
2022-08-16,1609.0,1609.0,1591.1,1596.45,3004430.0,66.73
2022-08-17,1596.45,1612.0,1585.0,1606.25,4067324.0,56.02
2022-08-18,1594.1,1598.2,1574.0,1582.95,4635706.0,62.87
2022-08-19,1585.3,1604.9,1585.1,1597.1,4739884.0,52.28
2022-08-22,1586.0,1599.0,1574.0,1575.65,3950555.0,64.95
2022-08-23,1548.0,1554.5,1533.0,1542.4,5551574.0,57.22
2022-08-24,1535.0,1546.0,1531.0,1537.5,2888426.0,58.91
2022-08-25,1548.0,1548.7,1513.75,1518.15,4331088.0,60.14
2022-08-26,1535.15,1544.95,1517.45,1521.55,3079136.0,55.93
2022-08-29,1468.55,1468.55,1450.0,1461.75,8079050.0,64.67
2022-08-30,1473.1,1496.1,1466.0,1492.95,6725875.0,60.27
2022-08-31,1473.1,1496.1,1466.0,1492.95,6725875.0,60.27
2022-09-01,1460.05,1468.1,1451.05,1464.2,8140604.0,72.31
2022-09-02,1478.0,1478.0,1448.0,1453.0,5175653.0,59.26
2022-09-05,1451.0,1467.0,1446.35,1461.3,3669352.0,63.9
2022-09-06,1461.3,1470.0,1445.45,1455.1,3428442.0,59.4
2022-09-07,1440.0,1465.75,1438.05,1457.65,3600574.0,50.34
2022-09-08,1475.0,1481.1,1463.6,1475.9,4061475.0,57.87
2022-09-09,1488.0,1520.0,1480.0,1511.65,4816910.0,54.59
2022-09-12,1525.8,1545.9,1521.15,1536.2,5494819.0,63.2
2022-09-13,1551.9,1553.0,1541.3,1544.95,4947158.0,66.78
2022-09-14,1497.0,1498.95,1472.0,1475.4,14332197.0,61.91
2022-09-15,1475.0,1475.2,1429.05,1432.8,12784100.0,63.2
2022-09-16,1425.0,1425.0,1368.35,1377.05,20464045.0,60.62
2022-09-19,1392.0,1406.0,1380.6,1390.3,6595241.0,55.24
2022-09-20,1407.95,1413.55,1385.1,1388.55,7219797.0,63.34
2022-09-21,1379.9,1388.8,1368.4,1377.25,7917054.0,62.13
2022-09-22,1366.35,1383.95,1360.0,1367.95,9168498.0,69.47
2022-09-23,1367.5,1394.8,1362.0,1365.45,10426200.0,57.87
2022-09-26,1360.0,1399.45,1355.0,1380.25,9414587.0,51.0
2022-09-27,1393.45,1406.5,1378.0,1393.55,8561254.0,66.55
2022-09-28,1379.0,1405.85,1377.0,1394.7,7022098.0,68.4
2022-09-29,1404.9,1409.85,1393.0,1398.65,6119965.0,71.03
2022-09-30,1388.95,1419.3,1376.0,1413.45,8120130.0,62.47
2022-10-03,1412.0,1412.0,1386.0,1393.75,4943169.0,58.48
2022-10-04,1419.7,1432.25,1414.0,1429.4,6631341.0,63.94
2022-10-05,1419.7,1432.25,1414.0,1429.4,6631341.0,63.94
2022-10-06,1445.0,1459.8,1444.1,1455.15,6180672.0,68.88
2022-10-07,1446.35,1457.85,1440.15,1451.2,3994466.0,62.7
2022-10-10,1426.35,1465.0,1426.35,1462.65,5274677.0,64.99
2022-10-11,1462.65,1479.65,1420.1,1423.8,12824774.0,59.37
2022-10-12,1437.0,1441.1,1413.55,1428.7,5481467.0,59.23
2022-10-13,1431.0,1437.95,1415.0,1419.9,4821514.0,62.22
2022-10-14,1485.0,1494.0,1467.25,1474.25,14990688.0,42.88
2022-10-17,1476.9,1495.0,1475.5,1489.95,4286396.0,50.18
2022-10-18,1510.0,1510.95,1497.25,1503.7,4692004.0,56.15
2022-10-19,1504.0,1504.95,1481.3,1485.45,3553171.0,53.19
2022-10-20,1475.0,1504.0,1474.2,1500.9,4583939.0,63.3
2022-10-21,1500.3,1506.0,1491.35,1500.5,3594485.0,65.94
2022-10-24,1518.5,1521.8,1511.0,1517.85,982837.0,64.67
2022-10-25,1528.1,1532.9,1521.05,1526.3,3914341.0,65.55
2022-10-26,1528.1,1532.9,1521.05,1526.3,3914341.0,65.55
2022-10-27,1530.8,1534.9,1512.5,1523.95,6760137.0,64.62
2022-10-28,1526.0,1527.95,1507.0,1513.25,3053981.0,63.83
2022-10-31,1530.25,1546.4,1530.25,1537.65,4542336.0,55.62
2022-11-01,1553.05,1575.0,1547.1,1573.0,4542692.0,59.79
2022-11-02,1572.0,1572.75,1545.0,1553.3,2938906.0,55.3
2022-11-03,1538.75,1543.9,1521.65,1530.75,3174027.0,52.72
2022-11-04,1520.45,1520.45,1501.15,1514.0,4509682.0,52.25
2022-11-07,1521.4,1527.9,1491.1,1507.45,4898592.0,59.99
2022-11-08,1521.4,1527.9,1491.1,1507.45,4898592.0,59.99
2022-11-09,1529.0,1529.0,1501.1,1511.2,3334755.0,55.34
2022-11-10,1485.0,1512.0,1485.0,1501.95,3435763.0,58.07
2022-11-11,1546.65,1573.5,1546.65,1570.1,7214098.0,58.99
2022-11-14,1575.15,1591.4,1568.45,1585.3,4908813.0,62.05
2022-11-15,1577.85,1597.85,1572.75,1594.0,3497614.0,68.33
2022-11-16,1597.15,1609.0,1593.5,1602.8,4497697.0,64.51
2022-11-17,1597.2,1602.8,1582.95,1587.4,3469515.0,64.28
2022-11-18,1591.7,1598.0,1575.5,1593.4,3126064.0,61.75
2022-11-21,1582.1,1587.85,1564.05,1568.2,3071764.0,64.76
2022-11-22,1569.0,1588.0,1562.0,1585.05,3399329.0,72.1
2022-11-23,1588.9,1592.0,1579.3,1583.15,3245067.0,66.81
2022-11-24,1589.0,1636.0,1584.75,1629.8,5282215.0,57.75
2022-11-25,1631.4,1644.0,1613.8,1635.65,4563255.0,56.66
2022-11-28,1628.0,1653.5,1620.0,1623.4,3825766.0,54.53
2022-11-29,1621.2,1638.75,1615.05,1629.05,3131710.0,55.36
2022-11-30,1619.95,1645.75,1613.15,1634.95,11868134.0,66.11
2022-12-01,1656.2,1672.6,1652.3,1657.1,5407928.0,53.85
2022-12-02,1656.0,1661.8,1633.95,1637.9,4283343.0,67.32
2022-12-05,1638.0,1644.85,1623.3,1639.75,3824966.0,66.07
2022-12-06,1625.0,1626.0,1607.55,1612.9,4822398.0,65.13
2022-12-07,1608.0,1623.8,1596.7,1605.5,4898087.0,62.11
2022-12-08,1605.5,1623.9,1598.5,1620.15,4206837.0,68.59
2022-12-09,1628.0,1628.0,1561.1,1569.3,8880658.0,66.27
2022-12-12,1550.0,1565.95,1530.05,1547.2,8037679.0,61.37
2022-12-13,1547.2,1577.5,1541.15,1572.15,6135067.0,60.1
2022-12-14,1582.0,1588.5,1573.0,1579.4,4976020.0,68.6
2022-12-15,1569.3,1570.0,1535.25,1540.5,6443866.0,69.59
2022-12-16,1525.0,1549.5,1512.05,1522.2,9630453.0,56.28
2022-12-19,1507.95,1516.9,1495.05,1507.35,6222740.0,63.24
2022-12-20,1501.0,1516.0,1482.45,1507.3,7396259.0,62.14
2022-12-21,1515.0,1521.0,1502.35,1509.55,6236361.0,64.86
2022-12-22,1521.5,1529.95,1511.75,1522.05,6302640.0,59.42
2022-12-23,1508.7,1509.9,1493.0,1497.1,6283822.0,65.21
2022-12-26,1500.5,1509.9,1496.35,1502.4,4115459.0,68.47
2022-12-27,1509.95,1521.45,1497.5,1514.85,4860076.0,73.56
2022-12-28,1505.1,1524.95,1498.5,1510.15,5029860.0,63.25
2022-12-29,1504.0,1521.3,1501.0,1517.55,4624745.0,66.19
2022-12-30,1528.0,1530.4,1504.05,1508.2,5060544.0,67.84
2023-01-02,1514.0,1526.5,1504.05,1524.0,3801140.0,68.08
2023-01-03,1519.85,1532.65,1515.1,1522.55,4551130.0,71.54
2023-01-04,1521.0,1521.0,1491.1,1494.8,7059590.0,72.12
2023-01-05,1505.9,1505.9,1469.25,1475.2,9868404.0,76.79
2023-01-06,1470.0,1475.0,1446.5,1448.5,6443714.0,70.26
2023-01-09,1448.2,1489.35,1448.2,1484.45,11498717.0,73.06
2023-01-10,1482.0,1483.9,1454.05,1469.75,7158624.0,68.07
2023-01-11,1470.0,1494.0,1464.0,1471.25,6173092.0,60.68
2023-01-12,1481.95,1485.0,1455.0,1480.6,6591385.0,57.82
2023-01-13,1483.5,1519.4,1468.0,1503.65,11610426.0,49.6
2023-01-16,1510.0,1528.0,1502.3,1525.5,6073063.0,64.0
2023-01-17,1527.0,1542.2,1524.0,1539.5,5922644.0,71.79
2023-01-18,1544.75,1551.85,1539.6,1545.4,5843098.0,70.87
2023-01-19,1539.9,1549.55,1526.15,1538.9,6165284.0,69.85
2023-01-20,1538.0,1545.0,1524.0,1525.55,6496429.0,79.52
2023-01-23,1535.0,1553.3,1528.1,1548.0,4855020.0,74.35
2023-01-24,1560.0,1568.8,1549.75,1551.9,5200802.0,67.99
2023-01-25,1547.0,1556.0,1538.75,1543.0,4158617.0,69.5
2023-01-26,1547.0,1556.0,1538.75,1543.0,4158617.0,69.5
2023-01-27,1546.0,1550.95,1507.4,1519.15,6209955.0,69.95
2023-01-30,1528.8,1544.0,1520.0,1538.8,6964719.0,69.43
2023-01-31,1548.9,1548.9,1513.0,1533.75,9448126.0,71.8
2023-02-01,1542.2,1555.05,1528.05,1551.1,6194199.0,69.28
2023-02-02,1552.0,1586.95,1552.0,1583.75,6916834.0,67.33
2023-02-03,1597.5,1604.65,1573.0,1599.4,7040194.0,68.82
2023-02-06,1598.0,1598.0,1561.6,1569.85,4570612.0,63.24
2023-02-07,1569.0,1576.05,1555.1,1562.4,4336238.0,70.82
2023-02-08,1565.5,1603.0,1565.5,1590.5,7983338.0,74.53
2023-02-09,1596.2,1619.75,1586.05,1617.0,6904911.0,74.89
2023-02-10,1612.95,1616.3,1596.45,1608.55,4786762.0,74.45
2023-02-13,1597.0,1597.0,1566.0,1567.45,4001199.0,63.13
2023-02-14,1584.7,1596.0,1578.15,1593.25,5043736.0,68.72
2023-02-15,1584.0,1599.0,1576.0,1597.05,3465747.0,66.49
2023-02-16,1600.0,1614.45,1597.85,1601.8,4290289.0,70.56
2023-02-17,1594.0,1595.0,1575.5,1583.8,2857734.0,62.72
2023-02-20,1584.95,1603.0,1582.5,1592.45,2417716.0,55.83
2023-02-21,1598.7,1601.65,1576.0,1579.5,2723288.0,66.8
2023-02-22,1563.0,1575.0,1555.3,1561.8,3656244.0,75.39
2023-02-23,1569.85,1569.85,1548.15,1550.7,4766854.0,75.88
2023-02-24,1560.0,1569.0,1545.0,1550.65,2790986.0,68.08
2023-02-27,1540.0,1540.0,1502.0,1509.3,4920268.0,67.42
2023-02-28,1515.6,1524.0,1481.3,1487.55,9679811.0,64.9
2023-03-01,1492.4,1500.85,1481.5,1496.05,5125043.0,64.86
2023-03-02,1485.0,1488.6,1467.3,1472.15,4644499.0,59.2
2023-03-03,1486.75,1489.8,1473.0,1479.3,4615015.0,63.49
2023-03-06,1494.55,1520.4,1493.15,1507.45,6561742.0,64.4
2023-03-07,1494.55,1520.4,1493.15,1507.45,6561742.0,64.4
2023-03-08,1490.55,1496.0,1481.1,1492.7,4137080.0,64.33
2023-03-09,1495.0,1498.35,1474.6,1480.4,5104656.0,63.99
2023-03-10,1460.0,1474.3,1457.65,1471.55,3699580.0,71.9
2023-03-13,1464.2,1478.3,1428.0,1435.1,8798403.0,63.98
2023-03-14,1441.0,1448.35,1411.0,1420.0,7402784.0,68.12
2023-03-15,1438.0,1442.85,1416.85,1419.65,7556182.0,76.14
2023-03-16,1417.8,1417.8,1398.7,1404.1,7323117.0,68.55
2023-03-17,1430.0,1442.9,1411.4,1420.7,9090018.0,65.73
2023-03-20,1419.7,1419.7,1384.85,1403.65,8221829.0,69.86
2023-03-21,1399.0,1405.0,1390.0,1390.7,8536755.0,76.98
2023-03-22,1403.0,1407.25,1382.15,1389.25,8356487.0,74.63
2023-03-23,1383.95,1383.95,1370.0,1374.55,7607718.0,76.25
2023-03-24,1388.0,1398.95,1377.5,1380.65,7559127.0,62.93
2023-03-27,1386.25,1395.75,1374.1,1388.95,4170193.0,62.21
2023-03-28,1392.1,1398.0,1375.85,1377.6,6633366.0,73.02
2023-03-29,1379.0,1389.9,1364.55,1383.55,8813966.0,72.03
2023-03-30,1379.0,1389.9,1364.55,1383.55,8813966.0,72.03
2023-03-31,1404.0,1429.95,1393.9,1427.95,8711975.0,72.45
2023-04-03,1435.0,1435.0,1405.15,1410.85,5242764.0,68.45
2023-04-04,1435.0,1435.0,1405.15,1410.85,5242764.0,68.45
2023-04-05,1400.0,1427.5,1400.0,1423.55,7506334.0,71.07
2023-04-06,1416.0,1428.4,1410.35,1421.9,6948465.0,32.09
2023-04-07,1416.0,1428.4,1410.35,1421.9,6948465.0,32.09
2023-04-10,1423.95,1434.0,1415.0,1427.6,4993788.0,48.56
2023-04-11,1428.9,1433.35,1389.0,1406.15,6942255.0,56.92
2023-04-12,1413.05,1431.5,1400.0,1428.3,5831169.0,53.37
2023-04-13,1409.75,1411.05,1383.0,1389.2,11267238.0,62.44
2023-04-14,1409.75,1411.05,1383.0,1389.2,11267238.0,62.44
2023-04-17,1250.3,1261.15,1185.3,1258.3,53171705.0,58.19
2023-04-18,1269.95,1269.95,1253.1,1259.35,12430884.0,52.34
2023-04-19,1254.35,1254.35,1229.4,1232.2,11307230.0,58.32
2023-04-20,1230.7,1237.85,1221.4,1223.4,8621249.0,50.05
2023-04-21,1228.1,1233.25,1220.0,1227.35,8691352.0,70.98
2023-04-24,1228.0,1230.0,1218.0,1226.3,8313774.0,73.54
2023-04-25,1225.95,1235.5,1215.0,1224.9,6808576.0,64.1
2023-04-26,1228.0,1233.0,1220.55,1227.55,5680192.0,64.61
2023-04-27,1230.0,1247.8,1225.4,1246.25,8020704.0,66.2
2023-04-28,1255.7,1259.0,1244.95,1252.75,10118277.0,68.42
2023-05-01,1255.7,1259.0,1244.95,1252.75,10118277.0,68.42
2023-05-02,1254.55,1279.75,1254.55,1277.45,8886401.0,63.84
2023-05-03,1266.0,1272.5,1262.1,1269.15,5549783.0,70.21
2023-05-04,1268.95,1275.8,1262.5,1273.55,4505401.0,56.69
2023-05-05,1279.0,1279.0,1254.25,1259.1,5373791.0,59.51
2023-05-08,1262.45,1270.3,1255.2,1265.6,5260842.0,69.15
2023-05-09,1266.0,1272.0,1260.7,1270.7,4969897.0,71.43
2023-05-10,1276.4,1276.4,1259.15,1263.25,6515734.0,71.32
2023-05-11,1270.25,1275.9,1253.05,1256.1,6888461.0,58.79
2023-05-12,1253.35,1256.0,1239.05,1245.2,8292212.0,74.75
2023-05-15,1249.9,1268.9,1245.65,1258.35,5534710.0,63.71
2023-05-16,1265.0,1273.95,1262.75,1264.3,5236469.0,72.81
2023-05-17,1260.6,1260.95,1242.45,1246.9,10465667.0,71.66
2023-05-18,1258.6,1259.65,1242.45,1246.0,6948732.0,52.8
2023-05-19,1256.05,1273.3,1252.8,1268.9,11094136.0,72.49
2023-05-22,1272.95,1295.6,1270.25,1292.8,7625947.0,62.51
2023-05-23,1299.2,1314.15,1297.05,1300.05,7436031.0,63.27
2023-05-24,1296.3,1305.0,1291.3,1298.65,4824077.0,59.11
2023-05-25,1294.5,1307.0,1289.25,1304.35,4334121.0,51.4
2023-05-26,1306.0,1323.45,1306.0,1317.45,5521606.0,71.57
2023-05-29,1332.7,1332.7,1309.85,1314.4,4419365.0,53.71
2023-05-30,1315.0,1326.4,1309.15,1323.85,6274719.0,56.78
2023-05-31,1319.85,1331.1,1314.15,1318.3,17800782.0,72.49
2023-06-01,1322.55,1329.5,1318.1,1319.5,4277841.0,64.32
2023-06-02,1309.0,1312.9,1296.05,1299.0,10909311.0,76.91
2023-06-05,1304.0,1309.45,1297.3,1304.5,5002553.0,71.14
2023-06-06,1288.6,1288.6,1273.0,1279.0,10008100.0,69.28
2023-06-07,1290.5,1294.0,1282.5,1288.95,5397578.0,61.86
2023-06-08,1286.2,1292.0,1281.1,1282.8,5034942.0,64.28
2023-06-09,1282.5,1282.5,1264.0,1265.95,5339073.0,66.22
2023-06-12,1273.5,1295.7,1273.0,1291.95,4785588.0,57.96
2023-06-13,1299.9,1306.5,1297.05,1304.85,4846587.0,70.8
2023-06-14,1306.35,1306.7,1293.2,1300.4,3457981.0,57.27
2023-06-15,1293.95,1293.95,1282.65,1286.8,6161155.0,59.17
2023-06-16,1287.0,1301.5,1281.05,1291.65,8536287.0,67.85
2023-06-19,1294.0,1299.5,1287.05,1294.0,4451787.0,67.33
2023-06-20,1294.0,1305.0,1291.1,1303.4,4009180.0,67.26
2023-06-21,1299.95,1303.8,1295.0,1299.35,4041529.0,62.96
2023-06-22,1289.4,1289.4,1273.5,1281.55,6676607.0,65.45
2023-06-23,1276.45,1279.35,1263.35,1265.0,7239467.0,73.4
2023-06-26,1270.25,1274.0,1262.25,1270.35,3403244.0,68.54
2023-06-27,1280.0,1282.0,1274.2,1279.15,3240024.0,69.45
2023-06-28,1290.0,1296.7,1281.4,1293.35,5662358.0,70.14
2023-06-29,1290.0,1296.7,1281.4,1293.35,5662358.0,70.14
2023-06-30,1308.2,1338.9,1304.45,1335.5,12821692.0,65.2
2023-07-03,1330.0,1346.0,1328.45,1333.7,7732412.0,68.77
2023-07-04,1344.3,1346.0,1331.4,1345.15,5797775.0,67.07
2023-07-05,1357.85,1357.95,1341.0,1347.3,5414936.0,69.37
2023-07-06,1342.55,1347.45,1337.15,1343.9,5963897.0,69.02
2023-07-07,1334.0,1345.8,1325.35,1330.2,6295647.0,66.51
2023-07-10,1336.55,1341.9,1319.3,1329.15,3940315.0,60.26
2023-07-11,1333.45,1350.9,1327.0,1348.6,6126128.0,76.31
2023-07-12,1351.0,1351.9,1327.0,1333.3,8102770.0,72.01
2023-07-13,1334.9,1376.8,1330.85,1365.1,9977644.0,63.28
2023-07-14,1380.65,1430.0,1380.65,1425.95,12833381.0,58.77
2023-07-17,1425.95,1458.95,1414.3,1422.95,11569884.0,57.05
2023-07-18,1434.0,1477.95,1429.0,1475.2,16743977.0,57.15
2023-07-19,1486.0,1498.8,1460.7,1474.95,13687062.0,65.48
2023-07-20,1471.0,1471.0,1440.7,1449.5,8347221.0,50.73
2023-07-21,1320.2,1350.0,1305.0,1331.6,45548305.0,60.35
2023-07-24,1341.0,1349.9,1334.25,1336.6,8859789.0,64.37
2023-07-25,1337.0,1342.85,1324.25,1334.6,6801982.0,71.58
2023-07-26,1343.0,1350.0,1339.4,1348.85,5528885.0,70.36
2023-07-27,1358.6,1363.8,1347.05,1353.15,9191861.0,72.15
2023-07-28,1353.85,1363.85,1336.0,1340.5,6122735.0,65.31
2023-07-31,1348.75,1357.5,1333.25,1355.7,7902180.0,74.79
2023-08-01,1362.0,1369.0,1357.0,1365.2,6064652.0,74.2
2023-08-02,1369.3,1371.95,1348.45,1356.85,7419145.0,77.3
2023-08-03,1350.0,1366.55,1349.0,1364.3,6503741.0,65.88
2023-08-04,1368.9,1385.9,1362.0,1378.35,5712345.0,60.39
2023-08-07,1387.9,1395.0,1377.0,1393.0,3729093.0,67.52
2023-08-08,1392.85,1393.55,1384.4,1390.2,4161877.0,74.97
2023-08-09,1384.0,1396.0,1382.5,1394.4,4090828.0,72.53
2023-08-10,1391.6,1395.8,1385.6,1389.1,3873025.0,68.11
2023-08-11,1392.0,1396.85,1367.05,1371.85,5783517.0,58.03
2023-08-14,1371.85,1395.0,1365.6,1393.55,4304135.0,60.05
2023-08-15,1371.85,1395.0,1365.6,1393.55,4304135.0,60.05
2023-08-16,1410.8,1419.95,1405.4,1418.5,7735313.0,62.56
2023-08-17,1420.0,1420.0,1406.0,1411.55,5618346.0,70.02
2023-08-18,1403.7,1408.7,1386.15,1388.8,5134103.0,54.55
2023-08-21,1389.75,1407.0,1387.15,1405.4,3032722.0,69.46
2023-08-22,1404.7,1406.05,1396.65,1403.75,2890714.0,66.99
2023-08-23,1416.0,1416.6,1405.65,1407.95,2559125.0,60.24
2023-08-24,1421.5,1425.05,1414.45,1423.6,5171963.0,75.91
2023-08-25,1413.0,1422.5,1411.4,1420.1,4307172.0,69.48
2023-08-28,1420.1,1424.8,1411.4,1415.65,3133464.0,72.31
2023-08-29,1424.0,1424.4,1415.3,1417.65,3074444.0,77.94
2023-08-30,1427.0,1436.65,1424.0,1435.15,3070887.0,67.63
2023-08-31,1435.15,1444.9,1428.65,1435.45,9792735.0,72.03
2023-09-01,1430.95,1446.0,1428.2,1443.85,3582133.0,67.18
2023-09-04,1443.0,1470.0,1434.7,1465.1,4609014.0,62.36
2023-09-05,1465.0,1480.05,1456.5,1478.9,5496840.0,74.46
2023-09-06,1481.9,1482.9,1463.3,1477.45,5075786.0,75.87
2023-09-07,1470.6,1473.4,1462.05,1466.2,4411743.0,57.53
2023-09-08,1463.5,1474.75,1460.2,1469.6,3125838.0,54.42
2023-09-11,1469.6,1478.05,1464.5,1476.45,4182226.0,75.57
2023-09-12,1482.5,1504.0,1477.1,1501.1,6793161.0,65.53
2023-09-13,1505.0,1505.0,1488.65,1498.35,4804686.0,68.1
2023-09-14,1505.0,1512.55,1499.15,1506.95,6444213.0,52.0
2023-09-15,1518.0,1518.4,1509.0,1511.6,8657816.0,65.54
2023-09-18,1504.9,1504.9,1488.0,1491.8,3991916.0,71.82
2023-09-19,1504.9,1504.9,1488.0,1491.8,3991916.0,71.82
2023-09-20,1476.2,1495.1,1476.2,1490.25,4169337.0,64.38
2023-09-21,1486.55,1504.55,1476.0,1501.75,6779195.0,56.72
2023-09-22,1491.9,1506.95,1485.2,1496.15,5455613.0,50.08
2023-09-25,1489.85,1489.85,1471.55,1474.15,4217863.0,65.38
2023-09-26,1479.15,1479.9,1459.0,1460.65,3996528.0,68.54
2023-09-27,1456.0,1469.6,1450.05,1467.0,3863586.0,60.54
2023-09-28,1467.9,1472.6,1435.0,1439.45,5814602.0,52.85
2023-09-29,1432.1,1446.8,1416.0,1435.45,6068968.0,50.73
2023-10-02,1432.1,1446.8,1416.0,1435.45,6068968.0,50.73
2023-10-03,1436.05,1437.0,1420.3,1434.0,4181867.0,65.89
2023-10-04,1425.0,1449.95,1418.2,1444.35,4510406.0,68.72
2023-10-05,1452.0,1475.65,1450.2,1463.45,7384621.0,50.76
2023-10-06,1469.5,1484.5,1463.3,1478.7,3598672.0,51.07
2023-10-09,1464.9,1491.0,1462.2,1475.45,3567552.0,51.74
2023-10-10,1483.9,1497.0,1469.1,1495.15,5688951.0,67.66
2023-10-11,1497.0,1518.25,1481.45,1494.4,7220129.0,63.31
2023-10-12,1491.9,1504.4,1452.0,1465.5,11081662.0,59.65
2023-10-13,1405.0,1438.0,1400.0,1431.15,17973439.0,55.73
2023-10-16,1432.1,1443.6,1430.0,1434.15,4850745.0,66.61
2023-10-17,1440.25,1453.35,1438.05,1442.45,3923764.0,67.51
2023-10-18,1442.0,1454.0,1438.35,1440.55,4264837.0,66.12
2023-10-19,1426.1,1439.65,1426.1,1433.65,6795691.0,70.68
2023-10-20,1430.0,1438.5,1425.25,1427.25,3928622.0,62.34
2023-10-23,1425.6,1432.35,1405.25,1408.65,2636516.0,59.72
2023-10-24,1425.6,1432.35,1405.25,1408.65,2636516.0,59.72
2023-10-25,1399.0,1402.55,1361.3,1370.05,6940777.0,65.61
2023-10-26,1355.05,1374.0,1353.1,1359.45,6357656.0,57.07
2023-10-27,1363.65,1385.0,1363.65,1380.35,4634358.0,65.82
2023-10-30,1380.35,1380.35,1363.1,1377.05,2667696.0,57.82
2023-10-31,1379.95,1381.15,1363.0,1368.4,3451595.0,62.79
2023-11-01,1373.05,1377.45,1351.65,1354.15,3090672.0,69.91
2023-11-02,1370.0,1376.3,1361.65,1370.15,3758060.0,39.13
2023-11-03,1380.05,1392.0,1377.75,1389.05,3349045.0,50.88
2023-11-06,1393.9,1407.25,1390.8,1403.3,2736381.0,71.16
2023-11-07,1400.0,1405.9,1394.85,1404.3,2272209.0,60.81
2023-11-08,1405.0,1405.0,1386.45,1391.0,3550635.0,69.48
2023-11-09,1395.9,1397.5,1370.05,1374.8,5498051.0,53.41
2023-11-10,1369.95,1373.15,1361.0,1368.85,2943649.0,66.79
2023-11-13,1379.85,1382.45,1370.85,1373.55,3462092.0,72.7
2023-11-14,1379.85,1382.45,1370.85,1373.55,3462092.0,72.7
2023-11-15,1399.0,1414.0,1393.0,1410.5,8551860.0,78.62
2023-11-16,1416.1,1453.4,1410.6,1444.9,6673907.0,47.98
2023-11-17,1441.05,1451.0,1435.05,1437.55,4901251.0,63.2
2023-11-20,1442.0,1452.0,1433.65,1436.6,3584210.0,72.36
2023-11-21,1442.0,1450.0,1436.75,1439.0,3793135.0,73.34
2023-11-22,1436.2,1458.95,1436.2,1457.8,3108786.0,68.21
2023-11-23,1467.9,1467.9,1447.7,1449.25,3186928.0,50.99
2023-11-24,1445.55,1452.65,1433.85,1437.4,2973195.0,61.71
2023-11-27,1445.55,1452.65,1433.85,1437.4,2973195.0,61.71
2023-11-28,1444.0,1445.0,1427.05,1442.7,3755373.0,69.52
2023-11-29,1451.1,1460.7,1449.8,1459.6,3875778.0,69.87
2023-11-30,1453.25,1460.65,1449.55,1455.15,10120867.0,72.52
2023-12-01,1459.9,1459.9,1446.15,1452.3,3489187.0,59.44
2023-12-04,1460.45,1471.9,1449.3,1464.35,5511948.0,65.19
2023-12-05,1465.8,1466.9,1442.0,1453.95,5123039.0,62.85
2023-12-06,1456.75,1477.0,1451.05,1474.3,5269178.0,60.35
2023-12-07,1472.85,1472.85,1461.8,1465.9,4424453.0,62.39
2023-12-08,1470.4,1494.7,1466.25,1491.15,6323433.0,56.44
2023-12-11,1490.0,1498.0,1482.0,1488.5,3862018.0,66.82
2023-12-12,1477.5,1490.0,1467.65,1476.05,6103494.0,62.34
2023-12-13,1476.0,1476.05,1433.15,1449.0,8549258.0,64.44
2023-12-14,1463.4,1511.0,1461.35,1501.45,12489858.0,57.72
2023-12-15,1523.05,1588.55,1521.0,1578.4,18395389.0,56.25
2023-12-18,1567.95,1593.0,1560.3,1564.35,6467243.0,59.41
2023-12-19,1570.1,1573.95,1543.25,1558.3,4221721.0,51.33
2023-12-20,1565.05,1583.5,1530.0,1536.4,6592367.0,60.66
2023-12-21,1521.25,1546.65,1521.25,1536.0,5319038.0,51.54
2023-12-22,1534.95,1566.0,1523.0,1562.9,6741060.0,43.59
2023-12-25,1534.95,1566.0,1523.0,1562.9,6741060.0,43.59
2023-12-26,1535.0,1548.0,1523.0,1543.95,6878067.0,39.44
2023-12-27,1544.0,1570.0,1544.0,1567.1,4225849.0,59.04
2023-12-28,1568.95,1568.95,1555.0,1562.65,5702253.0,59.45
2023-12-29,1541.05,1559.45,1540.0,1542.9,4388990.0,57.96
2024-01-01,1539.0,1557.0,1535.25,1551.35,2808451.0,51.54
2024-01-02,1546.0,1549.15,1523.0,1534.4,5396313.0,70.46
2024-01-03,1519.95,1519.95,1488.0,1490.0,7550363.0,72.1
2024-01-04,1504.95,1519.75,1492.9,1512.7,7056038.0,59.93
2024-01-05,1506.75,1539.7,1506.25,1532.55,8895403.0,57.9
2024-01-08,1528.95,1536.0,1513.25,1522.8,4440136.0,57.0
2024-01-09,1541.9,1553.0,1525.85,1529.3,4412074.0,54.74
2024-01-10,1524.95,1535.45,1505.0,1519.9,4096845.0,50.87
2024-01-11,1524.9,1525.0,1486.6,1494.2,11296088.0,62.61
2024-01-12,1562.0,1618.0,1555.4,1612.75,26754401.0,47.0
2024-01-15,1644.95,1664.95,1636.0,1652.1,13228305.0,67.6
2024-01-16,1644.8,1648.5,1625.0,1631.55,6500917.0,72.45
2024-01-17,1620.25,1647.5,1620.25,1640.2,9209876.0,75.64
2024-01-18,1642.65,1649.0,1628.25,1642.6,6375464.0,67.69
2024-01-19,1651.6,1665.5,1644.15,1659.2,4522736.0,61.09
2024-01-22,1665.55,1669.25,1645.0,1648.85,1158144.0,53.86
2024-01-23,1650.1,1674.7,1637.7,1642.15,9401255.0,71.69
2024-01-24,1659.9,1680.0,1645.0,1675.4,8999681.0,70.51
2024-01-25,1672.95,1680.55,1658.0,1669.1,8865304.0,66.1
2024-01-26,1672.95,1680.55,1658.0,1669.1,8865304.0,66.1
2024-01-29,1665.15,1679.35,1647.6,1656.6,4253785.0,69.02
2024-01-30,1662.45,1690.0,1648.25,1651.45,4995943.0,63.62
2024-01-31,1648.25,1667.25,1638.1,1660.9,6763779.0,72.63
2024-02-01,1659.55,1677.0,1650.35,1657.05,5760011.0,55.54
2024-02-02,1666.05,1718.5,1665.0,1693.35,7858483.0,49.9
2024-02-05,1694.75,1700.75,1681.85,1687.2,3634135.0,70.3
2024-02-06,1686.75,1733.0,1673.95,1729.45,7694265.0,66.71
2024-02-07,1729.0,1729.0,1686.85,1693.75,4613877.0,65.53
2024-02-08,1698.0,1706.35,1682.8,1692.1,5919715.0,56.21
2024-02-09,1684.7,1692.9,1659.8,1669.35,4600004.0,49.03
2024-02-12,1670.35,1692.95,1670.35,1680.1,3555808.0,65.36
2024-02-13,1683.0,1689.1,1663.5,1684.55,2696481.0,68.1
2024-02-14,1660.2,1669.45,1635.5,1666.2,3768579.0,54.31
2024-02-15,1677.0,1687.75,1661.6,1676.35,4834391.0,59.61
2024-02-16,1689.0,1709.0,1687.95,1701.65,4880654.0,62.07
2024-02-19,1705.0,1711.5,1687.7,1699.75,3690993.0,68.91
2024-02-20,1685.0,1694.25,1668.75,1685.25,3706389.0,65.09
2024-02-21,1674.0,1674.0,1645.3,1655.55,4300508.0,60.05
2024-02-22,1665.0,1684.6,1644.4,1681.35,5841277.0,39.61
2024-02-23,1697.0,1698.45,1671.9,1676.85,5373072.0,59.33
2024-02-26,1674.95,1674.95,1645.0,1660.15,2782438.0,60.91
2024-02-27,1661.0,1671.1,1652.8,1663.6,5159088.0,77.09
2024-02-28,1670.0,1687.8,1662.05,1671.25,3188916.0,54.05
2024-02-29,1665.0,1682.25,1653.3,1673.9,7814722.0,61.59
2024-03-01,1669.0,1671.95,1651.0,1654.7,6387291.0,69.22
2024-03-04,1657.85,1664.45,1633.65,1637.2,4445156.0,76.54
2024-03-05,1634.0,1637.35,1602.0,1606.5,4596579.0,65.73
2024-03-06,1602.8,1620.15,1576.0,1617.55,6420684.0,61.09
2024-03-07,1616.6,1628.45,1604.2,1616.45,6348359.0,63.14
2024-03-08,1616.6,1628.45,1604.2,1616.45,6348359.0,63.14
2024-03-11,1608.15,1613.8,1588.0,1600.6,6752895.0,68.0
2024-03-12,1600.0,1625.0,1597.65,1612.95,4614222.0,62.29
2024-03-13,1612.9,1624.5,1598.55,1611.4,5688997.0,65.76
2024-03-14,1614.4,1657.75,1608.0,1653.3,8803799.0,59.97
2024-03-15,1641.1,1645.8,1618.35,1634.0,11809997.0,70.57
2024-03-18,1630.0,1632.65,1598.85,1602.65,4958904.0,69.61
2024-03-19,1592.35,1599.0,1558.0,1561.45,6870411.0,69.95
2024-03-20,1563.0,1574.95,1552.35,1554.95,4759059.0,73.38
2024-03-21,1564.0,1576.95,1543.4,1554.7,11062497.0,64.82
2024-03-22,1521.0,1528.9,1498.2,1508.85,14673890.0,49.95
2024-03-25,1521.0,1528.9,1498.2,1508.85,14673890.0,49.95
2024-03-26,1492.0,1507.45,1487.9,1492.65,8351081.0,70.16
2024-03-27,1496.0,1499.0,1481.55,1483.85,6857402.0,71.24
2024-03-28,1487.15,1511.8,1487.15,1498.05,12499530.0,52.41
2024-03-29,1487.15,1511.8,1487.15,1498.05,12499530.0,52.41
2024-04-01,1525.0,1529.95,1492.8,1495.45,6580002.0,57.46
2024-04-02,1484.85,1493.15,1480.85,1482.85,7279400.0,75.59
2024-04-03,1479.0,1495.1,1475.0,1480.65,8736248.0,67.59
2024-04-04,1490.55,1495.65,1468.0,1486.7,11186915.0,47.26
2024-04-05,1480.05,1486.7,1476.05,1479.1,5072482.0,57.94
2024-04-08,1483.0,1490.95,1474.1,1476.7,6610887.0,77.93
2024-04-09,1490.0,1513.8,1487.3,1494.85,9423230.0,60.19
2024-04-10,1500.35,1509.85,1484.55,1506.8,6744595.0,63.41
2024-04-11,1500.35,1509.85,1484.55,1506.8,6744595.0,63.41
2024-04-12,1504.0,1506.8,1479.5,1484.75,12275616.0,60.64
2024-04-15,1480.0,1491.95,1461.05,1468.15,8531224.0,59.72
2024-04-16,1451.0,1455.15,1413.05,1414.45,16173541.0,70.3
2024-04-17,1451.0,1455.15,1413.05,1414.45,16173541.0,70.3
2024-04-18,1421.1,1444.7,1407.5,1419.25,22107945.0,57.72
2024-04-19,1385.0,1426.85,1378.75,1411.25,20603621.0,55.62
2024-04-22,1419.9,1436.85,1413.05,1432.75,5859087.0,66.98
2024-04-23,1443.0,1446.85,1433.0,1442.4,4856174.0,69.37
2024-04-24,1444.3,1444.3,1427.05,1430.75,4268213.0,69.56
2024-04-25,1420.0,1444.9,1420.0,1438.45,9089398.0,58.39
2024-04-26,1439.7,1445.4,1427.0,1430.25,8062444.0,63.4
2024-04-29,1429.95,1439.8,1428.25,1434.75,5055957.0,73.39
2024-04-30,1434.7,1436.55,1417.55,1420.55,6936588.0,79.45
2024-05-01,1434.7,1436.55,1417.55,1420.55,6936588.0,79.45
2024-05-02,1413.0,1424.0,1411.85,1414.45,10076354.0,56.93
2024-05-03,1422.1,1424.8,1403.2,1416.3,8842345.0,54.98
2024-05-06,1420.0,1445.7,1417.1,1425.9,6445422.0,61.01
2024-05-07,1424.95,1443.35,1415.6,1440.95,6080661.0,66.34
2024-05-08,1435.25,1439.75,1425.6,1427.3,6234983.0,73.29
2024-05-09,1427.55,1449.95,1424.85,1439.55,6088406.0,52.14
2024-05-10,1435.05,1435.95,1413.0,1424.9,8777481.0,69.74
2024-05-13,1425.0,1425.0,1411.2,1423.45,3735954.0,70.64
2024-05-14,1426.4,1433.75,1418.05,1424.7,3463230.0,68.05
2024-05-15,1426.0,1431.8,1418.55,1419.95,4327544.0,71.74
2024-05-16,1433.95,1455.75,1427.0,1453.35,9249145.0,46.84
2024-05-17,1457.0,1457.0,1439.25,1444.3,7542860.0,71.97
2024-05-20,1445.0,1450.0,1442.0,1443.65,318277.0,63.31
2024-05-21,1430.0,1444.7,1428.4,1434.15,6752663.0,75.31
2024-05-22,1428.75,1459.95,1428.0,1454.8,7173285.0,70.63
2024-05-23,1454.7,1478.15,1450.0,1472.4,8641428.0,53.98
2024-05-24,1468.25,1475.5,1460.0,1465.1,5277938.0,67.0
2024-05-27,1471.85,1479.6,1460.25,1471.35,5821844.0,70.12
2024-05-28,1475.5,1476.0,1460.3,1467.05,6186922.0,76.34
2024-05-29,1465.4,1465.5,1450.0,1450.95,7401634.0,74.11
2024-05-30,1442.8,1449.85,1421.55,1427.45,9663150.0,60.52
2024-05-31,1409.8,1436.75,1400.0,1406.9,37113815.0,60.8
2024-06-03,1440.0,1440.0,1404.0,1405.9,10589244.0,75.31
2024-06-04,1409.0,1415.0,1358.35,1393.65,13736134.0,59.06
2024-06-05,1400.15,1438.0,1400.15,1430.1,9233424.0,71.09
2024-06-06,1444.95,1474.3,1437.5,1472.25,12660930.0,54.06
2024-06-07,1481.0,1539.7,1477.25,1533.6,24075302.0,64.53
2024-06-10,1525.3,1529.8,1497.3,1499.75,6810606.0,62.77
2024-06-11,1500.05,1506.45,1493.95,1495.75,4853054.0,68.19
2024-06-12,1507.0,1508.75,1482.75,1485.2,9564320.0,75.07
2024-06-13,1495.0,1505.0,1489.35,1493.95,7307565.0,60.42
2024-06-14,1503.7,1503.7,1486.05,1488.9,4237727.0,59.19
2024-06-17,1503.7,1503.7,1486.05,1488.9,4237727.0,59.19
2024-06-18,1497.0,1507.0,1495.4,1498.2,5420939.0,72.7
2024-06-19,1505.0,1515.65,1496.7,1511.35,5493456.0,63.5
2024-06-20,1516.3,1517.5,1499.1,1515.4,7927010.0,61.07
2024-06-21,1545.0,1557.75,1523.7,1532.7,17301941.0,50.87
2024-06-24,1524.55,1529.1,1515.4,1527.15,5564989.0,73.56
2024-06-25,1526.0,1543.9,1520.35,1541.95,4551525.0,73.88
2024-06-26,1541.0,1548.85,1535.0,1540.7,4851004.0,72.28
2024-06-27,1538.45,1578.4,1532.05,1573.35,14757754.0,63.67
2024-06-28,1572.55,1588.5,1564.25,1566.75,8197544.0,60.01
2024-07-01,1559.5,1599.9,1559.5,1590.8,6801771.0,67.71
2024-07-02,1596.2,1633.8,1586.5,1621.05,10493173.0,63.92
2024-07-03,1625.0,1636.0,1606.0,1627.4,7269965.0,70.26
2024-07-04,1628.2,1660.0,1628.0,1650.65,8008311.0,63.25
2024-07-05,1651.45,1665.85,1633.35,1647.45,7065022.0,59.22
2024-07-08,1643.1,1666.0,1640.0,1661.65,5880533.0,70.44
2024-07-09,1659.9,1666.75,1651.0,1657.15,5191182.0,76.36
2024-07-10,1657.0,1674.0,1637.55,1648.25,9852770.0,70.22
2024-07-11,1656.0,1665.0,1642.05,1652.7,8857679.0,67.22
2024-07-12,1680.0,1719.75,1666.65,1711.75,17078316.0,62.25
2024-07-15,1726.2,1728.0,1702.65,1707.05,6942230.0,68.81
2024-07-16,1718.6,1737.9,1700.0,1726.05,6886281.0,64.6
2024-07-17,1718.6,1737.9,1700.0,1726.05,6886281.0,64.6
2024-07-18,1719.0,1765.4,1719.0,1758.05,11248896.0,53.07
2024-07-19,1844.0,1844.0,1786.45,1792.95,29819116.0,46.51
2024-07-22,1800.15,1823.0,1792.95,1810.85,8462126.0,70.15
2024-07-23,1810.0,1839.95,1783.25,1836.9,7113056.0,62.32
2024-07-24,1837.5,1842.35,1819.6,1833.95,6002845.0,71.36
2024-07-25,1820.0,1830.9,1812.0,1824.85,5815599.0,63.58
2024-07-26,1825.35,1883.0,1825.35,1878.9,11369047.0,61.66
2024-07-29,1893.6,1903.0,1864.0,1871.1,4635931.0,66.58
2024-07-30,1871.1,1879.95,1860.0,1877.15,2721265.0,63.25
2024-07-31,1877.0,1885.15,1865.05,1868.25,5004209.0,70.12
2024-08-01,1856.1,1867.9,1845.1,1852.6,7475014.0,54.75
2024-08-02,1843.0,1859.5,1816.15,1821.2,7400938.0,60.76
2024-08-05,1784.95,1797.5,1718.55,1751.9,10736703.0,71.79
2024-08-06,1760.2,1796.95,1744.85,1751.1,7690163.0,58.96
2024-08-07,1796.0,1797.9,1762.1,1791.65,5094329.0,59.61
2024-08-08,1779.95,1779.95,1727.1,1743.15,6227910.0,52.32
2024-08-09,1771.25,1780.75,1756.0,1770.75,4258524.0,67.01
2024-08-12,1773.05,1803.5,1768.1,1797.4,4315329.0,64.96
2024-08-13,1810.0,1810.0,1789.05,1797.45,4176918.0,66.96
2024-08-14,1802.0,1825.0,1797.45,1823.25,7450718.0,68.44
2024-08-15,1802.0,1825.0,1797.45,1823.25,7450718.0,68.44
2024-08-16,1850.0,1861.85,1829.5,1858.95,7335657.0,63.02
2024-08-19,1860.0,1867.55,1849.2,1864.8,2585989.0,65.04
2024-08-20,1880.0,1885.7,1868.2,1872.2,3870333.0,72.23
2024-08-21,1875.1,1879.0,1867.1,1872.7,1966902.0,70.83
2024-08-22,1884.0,1893.65,1869.7,1880.25,4300287.0,65.46
2024-08-23,1878.2,1882.6,1857.0,1862.1,5015935.0,66.79
2024-08-26,1870.0,1888.75,1864.0,1876.15,3728589.0,70.61
2024-08-27,1876.15,1902.75,1873.9,1900.1,3830679.0,63.56
2024-08-28,1906.9,1951.0,1897.4,1939.1,6514531.0,54.63
2024-08-29,1933.0,1950.5,1920.9,1933.35,7228284.0,55.23
2024-08-30,1938.0,1950.0,1928.0,1943.7,13466759.0,66.6
2024-09-02,1943.35,1975.75,1942.8,1964.5,5573739.0,65.89
2024-09-03,1967.0,1967.0,1936.45,1941.25,4694322.0,75.16
2024-09-04,1921.1,1927.2,1900.05,1922.45,4778310.0,59.89
2024-09-05,1926.25,1940.0,1909.6,1933.15,4081810.0,61.63
2024-09-06,1922.0,1936.5,1896.85,1901.85,5848106.0,50.22
2024-09-09,1890.0,1920.85,1889.0,1894.65,4772612.0,66.06
2024-09-10,1904.9,1935.0,1896.0,1912.3,6909600.0,68.96
2024-09-11,1914.7,1926.0,1905.0,1910.15,5312946.0,69.33
2024-09-12,1925.0,1956.4,1910.8,1950.45,8555092.0,58.59
2024-09-13,1950.45,1958.6,1935.65,1944.1,3843127.0,56.18
2024-09-16,1945.75,1952.0,1933.05,1950.25,1570181.0,51.34
2024-09-17,1947.75,1958.45,1942.15,1952.55,2793127.0,75.25
2024-09-18,1938.75,1938.75,1881.3,1892.15,6385468.0,64.86
2024-09-19,1910.6,1924.9,1878.8,1894.2,7976570.0,65.13
2024-09-20,1905.0,1915.0,1867.4,1905.75,15242974.0,54.81
2024-09-23,1909.0,1918.9,1878.45,1896.45,3636672.0,63.36
2024-09-24,1888.0,1910.9,1871.4,1898.6,7277616.0,77.99
2024-09-25,1886.35,1901.6,1876.8,1895.3,4268341.0,73.79
2024-09-26,1897.8,1917.95,1893.0,1900.25,8952803.0,66.95
2024-09-27,1932.1,1974.6,1903.3,1906.75,14908931.0,60.25
2024-09-30,1880.0,1901.25,1870.5,1875.6,6986955.0,73.28
2024-10-01,1875.0,1908.95,1875.0,1904.35,4029072.0,55.55
2024-10-02,1875.0,1908.95,1875.0,1904.35,4029072.0,55.55
2024-10-03,1889.5,1911.85,1881.0,1893.4,7503887.0,61.0
2024-10-04,1889.55,1954.1,1886.0,1918.15,10001483.0,49.33
2024-10-07,1923.2,1942.0,1916.05,1934.3,6112575.0,58.67
2024-10-08,1937.9,1957.95,1906.35,1948.55,5637391.0,61.75
2024-10-09,1952.55,1977.0,1945.1,1952.75,4857163.0,52.39
2024-10-10,1957.9,1964.0,1914.1,1919.0,4782119.0,45.6
2024-10-11,1918.0,1947.0,1910.1,1935.1,4709431.0,57.49
2024-10-14,1932.15,1969.5,1931.1,1958.9,3751378.0,65.51
2024-10-15,1960.0,1991.45,1951.75,1959.3,5353705.0,59.62
2024-10-16,1955.0,1959.55,1916.35,1920.1,3111512.0,55.82
2024-10-17,1935.2,1978.0,1930.15,1968.1,8162822.0,49.24
2024-10-18,1893.8,1936.85,1869.25,1879.6,10526196.0,46.71
2024-10-21,1891.1,1898.8,1838.0,1852.75,4654601.0,50.35
2024-10-22,1858.2,1877.8,1846.95,1851.6,4125240.0,60.47
2024-10-23,1845.25,1886.0,1844.0,1873.4,4311910.0,56.05
2024-10-24,1861.4,1884.0,1860.0,1863.35,2906475.0,65.13
2024-10-25,1863.45,1876.35,1846.4,1862.05,4689120.0,55.4
2024-10-28,1859.7,1881.9,1857.0,1865.35,7018940.0,79.37
2024-10-29,1846.0,1851.6,1829.0,1839.3,4621252.0,68.97
2024-10-30,1832.0,1839.0,1796.35,1802.1,5919715.0,71.45
2024-10-31,1787.9,1787.9,1746.5,1757.25,7395236.0,65.21
2024-11-01,1764.5,1766.0,1752.05,1760.85,371966.0,47.81
2024-11-04,1724.5,1767.0,1718.0,1763.65,7336722.0,61.97
2024-11-05,1760.0,1768.45,1745.0,1754.2,3160880.0,59.68
2024-11-06,1764.0,1827.2,1762.65,1823.7,10421494.0,63.65
2024-11-07,1812.95,1825.7,1787.0,1803.05,4550965.0,64.73
2024-11-08,1818.0,1840.6,1813.15,1829.95,4210960.0,49.31
2024-11-11,1829.0,1868.0,1822.55,1860.1,3804234.0,64.14
2024-11-12,1871.1,1881.0,1861.0,1868.8,5012450.0,66.66
2024-11-13,1861.1,1873.2,1856.3,1868.4,4257495.0,72.99
2024-11-14,1865.6,1876.0,1856.0,1864.55,4311431.0,65.9
2024-11-18,1849.2,1849.2,1795.0,1811.45,4839244.0,61.85
2024-11-19,1825.5,1859.7,1820.55,1824.75,4669769.0,69.17
2024-11-20,1825.5,1859.7,1820.55,1824.75,4669769.0,69.17
2024-11-21,1842.0,1867.0,1820.6,1834.05,5436504.0,47.83
2024-11-22,1854.1,1914.05,1834.0,1902.25,6301486.0,59.09
2024-11-25,1916.0,1919.3,1882.0,1889.7,12764638.0,71.06
2024-11-26,1904.95,1938.6,1897.3,1924.15,6850495.0,62.26
2024-11-27,1930.1,1941.4,1911.75,1924.5,4447143.0,61.99
2024-11-28,1914.9,1914.9,1851.65,1856.65,8468790.0,66.8
2024-11-29,1851.1,1877.0,1845.0,1857.85,5244346.0,55.42
2024-12-02,1859.0,1882.8,1835.2,1879.8,2868263.0,53.51
2024-12-03,1887.0,1899.75,1871.15,1892.1,4715792.0,67.99
2024-12-04,1884.0,1913.95,1875.0,1889.25,4705573.0,54.22
2024-12-05,1900.0,1949.9,1888.95,1934.85,9050038.0,49.18
2024-12-06,1932.8,1937.95,1912.4,1922.4,3573331.0,60.66
2024-12-09,1924.2,1930.2,1897.2,1923.65,4274645.0,65.41
2024-12-10,1939.0,1965.6,1932.0,1948.55,6174921.0,61.05
2024-12-11,1955.0,1978.0,1952.0,1974.15,5025612.0,58.2
2024-12-12,1975.2,1998.8,1970.55,1987.0,6462130.0,51.03
2024-12-13,1969.75,2006.45,1953.8,1999.7,5362693.0,50.91
2024-12-16,1995.45,1999.6,1977.6,1980.05,3119221.0,59.24
2024-12-17,1968.0,1982.0,1958.0,1976.6,5811050.0,54.25
2024-12-18,1966.8,1984.95,1961.6,1979.15,3064095.0,61.88
2024-12-19,1934.0,1959.75,1920.0,1946.2,5323592.0,54.94
2024-12-20,1975.15,1979.95,1911.25,1922.15,11056720.0,55.72
2024-12-23,1930.05,1940.0,1909.0,1924.3,2781793.0,52.71
2024-12-24,1927.05,1942.0,1840.0,1909.05,2360544.0,57.71
2024-12-25,1927.05,1942.0,1840.0,1909.05,2360544.0,57.71
2024-12-26,1909.05,1919.75,1902.3,1907.4,3623321.0,71.36
2024-12-27,1909.4,1924.15,1903.9,1916.75,3937500.0,65.66
2024-12-30,1915.7,1916.0,1886.5,1906.0,7789055.0,74.32
2024-12-31,1892.3,1897.0,1845.05,1880.0,3613063.0,58.78
2025-01-01,1874.0,1892.95,1874.0,1882.5,1838368.0,44.21
2025-01-02,1887.0,1962.65,1885.3,1957.85,7083645.0,58.04
2025-01-03,1952.95,1952.95,1922.0,1938.75,6218003.0,66.49
2025-01-06,1952.0,1973.0,1928.0,1937.85,7164403.0,61.67
2025-01-07,1945.0,1958.55,1923.65,1930.85,4294832.0,62.21
2025-01-08,1930.0,1938.6,1888.75,1933.15,5482050.0,63.25
2025-01-09,1934.05,1951.85,1910.55,1917.3,6833503.0,60.68
2025-01-10,1937.0,1977.8,1932.25,1966.95,8036913.0,60.04
2025-01-13,1956.0,1982.8,1949.0,1962.2,5804152.0,64.38
2025-01-14,1968.85,1971.8,1931.1,1940.05,5792162.0,61.64
2025-01-15,1947.0,1958.05,1937.1,1949.65,2985439.0,63.34
2025-01-16,1965.95,1966.95,1916.85,1928.45,7533579.0,58.67
2025-01-17,1851.0,1858.0,1812.0,1815.45,16409953.0,60.69
2025-01-20,1822.95,1827.95,1793.15,1813.3,4333011.0,56.19
2025-01-21,1819.05,1831.65,1793.05,1800.7,7169109.0,49.29
2025-01-22,1807.4,1865.8,1805.15,1856.45,8373913.0,56.68
2025-01-23,1858.0,1879.55,1852.7,1865.45,5907471.0,57.25
2025-01-24,1865.5,1894.9,1864.25,1875.45,4887027.0,65.79
2025-01-27,1848.75,1863.0,1812.0,1822.0,7652371.0,70.51
2025-01-28,1830.0,1863.5,1824.9,1829.75,6999495.0,58.21
2025-01-29,1845.0,1888.65,1840.5,1881.25,5145155.0,57.94
2025-01-30,1873.15,1887.2,1844.0,1859.95,7336056.0,66.35
2025-01-31,1871.0,1897.45,1871.0,1879.8,5820470.0,71.02
2025-02-03,1836.0,1876.55,1832.4,1863.3,4823228.0,60.42
2025-02-04,1889.0,1911.2,1875.0,1898.8,7334787.0,65.63
2025-02-05,1906.0,1919.7,1894.3,1897.05,4996744.0,71.08
2025-02-06,1917.0,1924.0,1900.0,1915.65,4765255.0,56.03
2025-02-07,1919.3,1923.7,1889.45,1903.65,4126260.0,73.54
2025-02-10,1905.0,1905.0,1878.6,1880.3,3828734.0,76.47
2025-02-11,1883.1,1903.0,1870.0,1875.65,4411601.0,51.95
2025-02-12,1885.0,1894.6,1847.0,1863.15,5633947.0,68.96
2025-02-13,1868.5,1873.5,1835.65,1843.25,5237744.0,65.83
2025-02-14,1854.0,1859.3,1828.35,1856.4,5292961.0,64.95
2025-02-17,1838.55,1852.75,1822.15,1842.3,4428956.0,61.17
2025-02-18,1842.3,1861.65,1837.6,1851.95,4365260.0,71.44
2025-02-19,1847.4,1849.2,1805.9,1810.8,4611411.0,71.82
2025-02-20,1805.55,1831.0,1805.55,1825.15,2218020.0,54.37
2025-02-21,1821.8,1829.85,1806.2,1815.0,3379879.0,70.08
2025-02-24,1800.05,1808.0,1750.25,1764.1,7594720.0,73.44
2025-02-25,1745.15,1778.45,1745.15,1767.7,5092963.0,54.53
2025-02-27,1755.2,1775.85,1751.1,1764.3,5757079.0,63.9
2025-02-28,1755.05,1755.1,1682.45,1687.7,12182167.0,71.55
2025-03-03,1692.3,1728.6,1692.3,1708.6,7504969.0,73.53
2025-03-04,1695.0,1699.0,1670.0,1688.3,6759673.0,66.0
2025-03-05,1692.45,1732.95,1692.45,1711.5,8180782.0,67.55
2025-03-06,1715.0,1722.3,1691.1,1715.85,10610547.0,68.21
2025-03-07,1703.1,1705.0,1675.5,1686.0,8019331.0,71.23
2025-03-10,1686.0,1719.0,1676.2,1701.45,7558981.0,70.24
2025-03-11,1680.0,1680.0,1637.05,1661.6,12671234.0,75.37
2025-03-12,1636.9,1636.9,1563.8,1590.85,14870008.0,62.83
2025-03-13,1599.25,1606.05,1570.3,1579.85,7822888.0,66.04
2025-03-17,1545.15,1594.0,1545.15,1590.05,7526032.0,58.15
2025-03-18,1597.65,1612.9,1582.35,1609.35,6298054.0,63.92
2025-03-19,1603.0,1603.0,1572.8,1586.55,7387068.0,65.25
2025-03-20,1592.0,1631.9,1592.0,1615.55,7186750.0,60.2
2025-03-21,1577.95,1603.9,1563.65,1592.55,10074677.0,58.27
2025-03-24,1597.95,1607.1,1572.7,1592.75,8857726.0,53.48
2025-03-25,1605.0,1636.15,1605.0,1628.45,9890140.0,54.77
2025-03-26,1626.0,1637.75,1595.0,1599.45,6651302.0,62.4
2025-03-27,1595.55,1619.95,1586.0,1603.55,9426573.0,61.61
2025-03-28,1590.0,1598.45,1560.0,1570.65,6799047.0,61.08
2025-04-01,1539.25,1547.4,1517.85,1526.5,12680733.0,65.98
2025-04-02,1535.2,1555.65,1535.2,1550.15,6193478.0,62.75
2025-04-03,1534.65,1534.65,1485.05,1496.5,10459504.0,63.17
2025-04-04,1460.5,1472.0,1448.0,1451.65,9590254.0,64.34
2025-04-07,1352.0,1405.9,1307.0,1396.75,21715252.0,61.48
2025-04-08,1431.0,1456.5,1415.0,1428.8,12805001.0,52.74
2025-04-09,1405.05,1409.45,1381.9,1403.7,8546854.0,53.82
2025-04-11,1411.25,1438.8,1397.05,1409.45,12567440.0,63.79
2025-04-15,1445.6,1447.7,1409.0,1426.0,10178530.0,64.19
2025-04-16,1425.0,1427.5,1396.8,1413.1,12022740.0,61.64
2025-04-17,1398.0,1429.8,1378.3,1419.5,14264227.0,57.93
2025-04-21,1410.0,1471.8,1410.0,1451.0,15648970.0,50.17
2025-04-22,1440.0,1440.0,1419.3,1422.8,9399738.0,54.28
2025-04-23,1446.0,1487.8,1439.6,1474.9,11136642.0,54.17
2025-04-24,1469.9,1482.9,1461.5,1471.4,7114292.0,62.06
2025-04-25,1475.5,1501.7,1463.5,1480.2,8329979.0,43.9
2025-04-28,1480.2,1489.6,1465.3,1482.1,5886253.0,57.49
2025-04-29,1482.0,1509.8,1474.1,1497.5,8056743.0,57.1
2025-04-30,1496.8,1508.8,1482.6,1500.1,7704183.0,70.41
2025-05-02,1499.7,1523.2,1496.2,1506.8,8733014.0,58.29
2025-05-05,1515.0,1523.0,1502.8,1508.6,4282493.0,60.33
2025-05-06,1506.0,1515.6,1499.1,1511.5,4270530.0,57.1
2025-05-07,1500.0,1518.8,1496.6,1508.3,5691799.0,65.82
2025-05-08,1508.0,1516.5,1501.2,1511.4,8424409.0,54.9
2025-05-09,1500.7,1511.4,1494.1,1507.6,4478653.0,66.87
2025-05-12,1537.0,1632.0,1532.0,1626.9,11372857.0,58.62
2025-05-13,1609.0,1612.2,1564.6,1568.6,12846210.0,57.31
2025-05-14,1574.0,1595.0,1569.5,1592.4,4870057.0,63.63
2025-05-15,1589.8,1618.6,1571.0,1613.0,11151167.0,51.16
2025-05-16,1612.6,1612.6,1581.5,1589.9,4576751.0,56.72
2025-05-19,1576.5,1585.0,1555.7,1559.8,8855798.0,61.62
2025-05-20,1570.0,1583.5,1558.0,1560.6,7143998.0,59.09
2025-05-21,1567.9,1571.0,1552.1,1568.5,4157309.0,63.76
2025-05-22,1555.5,1560.8,1540.0,1547.5,6158990.0,49.79
2025-05-23,1550.0,1587.2,1550.0,1564.8,5038421.0,56.61
2025-05-26,1566.6,1583.8,1562.7,1580.5,3170102.0,59.06
2025-05-27,1579.9,1582.9,1556.4,1570.1,7775714.0,55.32
2025-05-28,1581.0,1587.7,1570.0,1571.8,3623370.0,61.09
2025-05-29,1589.0,1608.9,1576.6,1585.6,8609500.0,48.34
2025-05-30,1571.0,1572.0,1555.1,1562.7,13148092.0,70.01
2025-06-02,1560.0,1560.0,1539.0,1553.8,4374509.0,59.06
2025-06-03,1559.0,1567.3,1535.6,1543.0,6853403.0,61.04
2025-06-04,1543.0,1557.3,1541.4,1551.2,4548307.0,69.05
2025-06-05,1547.9,1567.7,1541.6,1554.3,6948539.0,50.13
2025-06-06,1554.7,1568.9,1543.1,1563.8,3960020.0,60.02
2025-06-09,1578.0,1588.0,1571.0,1572.9,2903202.0,52.66
2025-06-10,1584.0,1607.5,1577.5,1596.0,8591925.0,54.19
2025-06-11,1590.1,1634.6,1590.1,1631.1,10597410.0,71.51
2025-06-12,1617.0,1628.0,1598.1,1608.6,10483574.0,58.89
2025-06-13,1576.0,1609.0,1570.2,1602.0,6968315.0,65.21
2025-06-16,1600.0,1634.8,1597.1,1623.8,5591842.0,65.86
2025-06-17,1620.7,1647.4,1615.6,1639.9,7622083.0,62.33
2025-06-18,1621.0,1644.7,1621.0,1632.9,5629707.0,64.54
2025-06-19,1623.9,1630.0,1611.5,1618.4,5147760.0,48.22
2025-06-20,1619.0,1630.7,1608.9,1622.9,9202821.0,75.74
2025-06-23,1601.0,1601.0,1575.4,1584.0,7943676.0,54.7
2025-06-24,1601.0,1609.0,1576.6,1581.6,8083992.0,53.42
2025-06-25,1590.0,1619.9,1585.1,1614.9,7813533.0,68.21
2025-06-26,1608.8,1624.0,1606.6,1616.0,6519233.0,53.0
2025-06-27,1619.0,1629.6,1602.4,1608.0,8912268.0,76.79
2025-06-30,1615.0,1615.0,1594.1,1601.8,6294505.0,69.35
2025-07-01,1609.0,1617.7,1600.5,1606.8,4178937.0,63.88
2025-07-02,1618.0,1649.0,1603.4,1610.5,8653641.0,44.84
2025-07-03,1618.5,1632.4,1615.0,1618.7,5259695.0,46.25
2025-07-04,1625.0,1643.4,1612.3,1640.7,4411273.0,72.17
2025-07-07,1640.0,1644.0,1623.0,1627.0,3294523.0,63.09
2025-07-08,1628.0,1646.2,1621.5,1638.7,4590681.0,70.06
2025-07-09,1637.8,1638.0,1623.6,1633.7,4580828.0,70.14
2025-07-10,1638.9,1638.9,1607.1,1615.8,5330179.0,60.2
2025-07-11,1579.1,1607.1,1563.0,1594.9,11391755.0,60.09
2025-07-14,1591.8,1591.8,1559.8,1570.3,9173426.0,72.18
2025-07-15,1565.1,1603.6,1564.0,1585.6,7614807.0,59.92
2025-07-16,1579.0,1612.0,1578.5,1607.9,6223491.0,69.32
2025-07-17,1598.0,1610.0,1580.1,1583.5,7374814.0,66.33
2025-07-18,1592.1,1599.3,1580.0,1586.1,5161833.0,66.08
2025-07-21,1580.0,1589.0,1566.8,1584.3,3682661.0,59.87
2025-07-22,1565.0,1585.8,1565.0,1570.9,8473741.0,69.67
2025-07-23,1576.3,1591.9,1550.0,1574.5,8035026.0,70.3
2025-07-24,1580.0,1582.0,1548.2,1552.5,14169664.0,60.75
2025-07-25,1543.4,1549.5,1511.3,1515.7,10851259.0,72.21
2025-07-28,1513.9,1519.3,1482.5,1516.0,6439855.0,63.8
2025-07-29,1512.9,1517.2,1496.1,1513.7,7070448.0,74.26
2025-07-30,1519.9,1521.7,1506.0,1519.0,5719051.0,74.23
2025-07-31,1509.7,1527.1,1497.0,1509.0,6851407.0,64.94
2025-08-01,1493.9,1498.7,1465.5,1469.6,8702978.0,70.96
2025-08-04,1461.5,1482.8,1451.0,1480.5,8610216.0,72.0
2025-08-05,1478.7,1478.7,1455.0,1460.3,10213323.0,81.51
2025-08-06,1452.0,1456.1,1430.3,1436.7,10566934.0,79.51
2025-08-07,1430.0,1442.0,1414.2,1436.9,9892020.0,70.53
2025-08-08,1425.0,1433.2,1417.1,1423.1,10048009.0,72.84
2025-08-11,1419.9,1433.4,1414.0,1428.2,6625368.0,72.53
2025-08-12,1428.2,1441.0,1421.0,1424.1,9899184.0,64.61
2025-08-13,1425.0,1434.0,1422.4,1426.6,10318063.0,77.56
2025-08-14,1426.2,1470.0,1426.2,1447.7,12902347.0,57.04
2025-08-18,1464.7,1464.7,1429.6,1435.8,7254561.0,72.58
2025-08-19,1432.7,1449.4,1432.7,1440.0,3986094.0,58.7
2025-08-20,1440.7,1499.0,1440.7,1496.2,10413061.0,58.64
2025-08-21,1508.0,1508.0,1484.3,1496.4,6565539.0,64.24
2025-08-22,1498.1,1504.3,1486.1,1487.5,5543397.0,76.06
2025-08-25,1506.7,1539.0,1506.7,1532.1,10694531.0,67.18
2025-08-26,1523.0,1538.4,1518.6,1529.6,15994798.0,76.42
2025-08-28,1529.6,1529.6,1498.0,1500.1,5443364.0,54.96
2025-08-29,1501.9,1501.9,1467.7,1469.6,8169075.0,63.69
2025-09-01,1476.7,1503.4,1476.2,1499.4,4546057.0,53.72
2025-09-02,1499.4,1512.8,1486.3,1498.7,5218763.0,49.64
2025-09-03,1500.0,1501.9,1473.0,1479.1,4623483.0,63.35
2025-09-04,1484.0,1484.0,1460.1,1463.0,5787724.0,45.2
2025-09-05,1470.0,1472.7,1433.0,1444.6,5466487.0,53.37
2025-09-08,1451.0,1458.0,1428.3,1432.9,3811567.0,55.74
2025-09-09,1481.0,1507.2,1472.5,1504.3,13072640.0,37.69
2025-09-10,1510.1,1534.9,1509.3,1532.6,7281071.0,57.5
2025-09-11,1523.9,1527.5,1506.5,1509.7,8003662.0,47.02
2025-09-12,1537.0,1542.9,1521.1,1525.6,12856963.0,56.43
2025-09-15,1525.6,1527.5,1501.2,1508.4,6167414.0,62.54
2025-09-16,1508.4,1514.0,1503.5,1511.3,8923112.0,67.3
2025-09-17,1516.9,1526.7,1514.0,1522.4,4795698.0,59.83
2025-09-18,1550.0,1555.0,1538.5,1540.6,9331945.0,52.97
2025-09-19,1544.6,1551.3,1520.1,1540.2,12988129.0,72.05
2025-09-22,1482.7,1514.7,1482.0,1499.5,15655204.0,63.23
2025-09-23,1493.0,1513.0,1493.0,1497.5,9832164.0,59.83
2025-09-24,1487.2,1496.7,1482.7,1494.6,4937004.0,61.78
2025-09-25,1489.0,1502.7,1476.5,1484.8,9491867.0,67.97
2025-09-26,1475.0,1478.7,1441.2,1448.9,8597058.0,71.52
2025-09-29,1460.0,1465.0,1436.5,1441.8,10513117.0,60.77
2025-09-30,1443.0,1452.2,1438.1,1441.8,7556305.0,60.62
2025-10-01,1446.0,1449.5,1427.4,1445.8,6250692.0,52.57
2025-10-03,1439.0,1448.3,1433.2,1446.6,6877533.0,64.93
2025-10-06,1446.6,1478.8,1442.3,1476.0,4630590.0,57.45
2025-10-07,1477.7,1482.9,1454.0,1458.5,5570320.0,41.05
2025-10-08,1457.0,1498.0,1455.0,1495.0,4657192.0,40.3
2025-10-09,1502.0,1514.0,1487.0,1509.3,7028753.0,46.16
2025-10-10,1510.0,1521.7,1498.8,1514.9,3738353.0,45.78
2025-10-13,1497.0,1504.7,1483.4,1493.2,5859355.0,53.37
2025-10-14,1499.0,1514.4,1486.5,1489.9,5600789.0,42.32
2025-10-15,1483.9,1488.6,1467.5,1474.4,6986098.0,53.23
2025-10-16,1473.9,1474.5,1460.5,1471.5,8005748.0,57.27
2025-10-17,1454.9,1458.4,1434.0,1441.1,16959378.0,60.32
2025-10-20,1453.7,1467.0,1450.0,1460.9,6994246.0,52.52
2025-10-21,1478.0,1486.0,1470.0,1472.4,1698704.0,43.08
2025-10-22,1478.0,1486.0,1470.0,1472.4,1698704.0,43.08
2025-10-23,1510.0,1546.0,1506.0,1528.5,20358624.0,51.93
2025-10-24,1539.5,1543.0,1518.0,1525.4,8652257.0,60.2
2025-10-27,1510.0,1515.3,1498.1,1504.5,7273211.0,66.71
2025-10-28,1499.7,1506.5,1490.5,1500.2,8211019.0,52.14
2025-10-29,1500.2,1520.2,1496.9,1510.4,4884976.0,68.05
2025-10-30,1507.0,1508.2,1489.1,1493.8,5608867.0,59.17
2025-10-31,1490.0,1497.1,1480.7,1482.3,4819814.0,62.64
2025-11-03,1482.3,1491.4,1474.2,1485.5,5470600.0,58.05
2025-11-04,1479.7,1481.9,1462.9,1467.9,8691330.0,69.08
2025-11-05,1479.7,1481.9,1462.9,1467.9,8691330.0,69.08
2025-11-06,1478.6,1483.0,1461.9,1466.7,7944752.0,66.67
2025-11-07,1470.0,1480.9,1449.1,1476.8,8765759.0,66.34
2025-11-10,1490.1,1520.0,1490.0,1513.5,9787975.0,59.99
2025-11-11,1525.0,1533.4,1511.1,1530.3,13692989.0,68.32
2025-11-12,1540.0,1559.2,1538.1,1551.7,14635417.0,74.49
2025-11-13,1557.1,1557.5,1530.3,1541.8,19655689.0,78.05
2025-11-14,1520.0,1530.0,1488.8,1502.8,9739549.0,58.55
2025-11-17,1496.0,1510.2,1492.5,1507.6,7910354.0,61.87
2025-11-18,1506.0,1506.0,1483.2,1486.4,7525119.0,46.51
2025-11-19,1490.5,1543.0,1490.5,1541.1,10981126.0,49.33
2025-11-20,1555.0,1555.0,1534.0,1536.5,7387584.0,49.67
2025-11-21,1531.0,1551.5,1526.3,1545.0,9186302.0,70.51
2025-11-24,1563.6,1585.0,1541.0,1548.0,19270381.0,61.39
2025-11-25,1549.0,1550.6,1525.9,1530.6,8107952.0,54.97
2025-11-26,1532.1,1560.3,1532.1,1557.9,7575038.0,60.02
2025-11-27,1564.0,1574.3,1552.2,1566.4,7552252.0,61.86
2025-11-28,1565.0,1568.4,1557.0,1560.1,4453221.0,57.96
2025-12-01,1562.5,1574.0,1556.0,1564.0,5341800.0,56.85
2025-12-02,1567.0,1579.9,1556.1,1561.0,6335969.0,52.88
2025-12-03,1555.1,1586.0,1554.1,1578.7,12895312.0,64.27
2025-12-04,1568.0,1599.0,1568.0,1597.6,12609619.0,63.31
2025-12-05,1610.0,1631.8,1600.0,1616.2,10344725.0,60.67
2025-12-08,1617.1,1630.0,1600.2,1610.8,7550413.0,62.44
2025-12-09,1601.2,1606.9,1582.4,1599.0,6957599.0,50.31
2025-12-10,1608.0,1608.0,1582.8,1584.8,5116140.0,68.71
2025-12-11,1598.0,1607.4,1580.5,1598.0,5159319.0,49.41
2025-12-12,1601.4,1601.8,1582.6,1598.2,4633912.0,66.86
2025-12-15,1585.0,1610.8,1585.0,1606.8,4190558.0,63.93
2025-12-16,1600.0,1603.0,1585.6,1592.9,5499258.0,49.73
2025-12-17,1587.2,1606.9,1586.0,1602.0,4817628.0,51.43
2025-12-18,1610.5,1630.0,1606.7,1626.8,6577293.0,52.5
2025-12-19,1650.0,1654.9,1629.8,1638.7,13149023.0,65.19
2025-12-22,1664.0,1693.2,1664.0,1689.6,23098923.0,75.47
2025-12-23,1679.0,1679.0,1656.4,1668.3,6593060.0,43.71
2025-12-24,1661.0,1667.6,1652.5,1663.4,4271167.0,38.74
2025-12-25,1661.0,1667.6,1652.5,1663.4,4271167.0,38.74
2025-12-26,1663.4,1668.8,1651.7,1656.1,2006491.0,56.63
2025-12-29,1658.0,1673.1,1637.1,1644.7,4062817.0,50.78
2025-12-30,1647.0,1647.9,1616.8,1621.6,9395937.0,71.64
2025-12-31,1621.0,1628.6,1609.2,1615.4,6538656.0,73.71
2026-01-01,1615.4,1639.6,1614.1,1629.8,3658165.0,37.09
2026-01-02,1635.9,1643.5,1627.5,1640.4,2524526.0,62.83
2026-01-05,1637.0,1637.0,1583.1,1606.4,5917885.0,52.74
2026-01-06,1600.1,1619.9,1599.0,1612.2,4466729.0,57.31
2026-01-07,1615.0,1642.0,1615.0,1639.0,4508079.0,53.13
2026-01-08,1638.9,1644.3,1608.6,1613.3,3942131.0,49.28
2026-01-09,1610.0,1631.3,1607.0,1614.1,6816681.0,69.32
2026-01-12,1610.1,1613.3,1592.6,1595.9,6985362.0,70.02
2026-01-13,1618.0,1618.0,1586.4,1599.0,8080618.0,49.35
2026-01-14,1588.0,1617.0,1583.1,1599.8,7557157.0,53.14
2026-01-15,1588.0,1617.0,1583.1,1599.8,7557157.0,53.14
2026-01-16,1663.7,1694.0,1653.4,1689.8,19335957.0,53.42
2026-01-19,1685.0,1685.0,1666.5,1681.2,5104958.0,58.3
2026-01-20,1673.0,1680.2,1652.9,1658.9,6406503.0,52.69
2026-01-21,1651.0,1657.0,1631.2,1654.4,6224582.0,54.07
2026-01-22,1666.0,1671.2,1653.8,1663.5,6228892.0,51.24
2026-01-23,1667.2,1675.7,1662.2,1670.8,5869137.0,67.15
2026-01-26,1667.2,1675.7,1662.2,1670.8,5869137.0,67.15
2026-01-27,1685.8,1689.4,1661.1,1682.7,10673087.0,67.63
2026-01-28,1680.0,1688.8,1650.0,1666.5,8588664.0,60.76
2026-01-29,1658.0,1666.5,1642.1,1659.5,4749582.0,45.63
2026-01-30,1655.0,1655.0,1618.1,1641.0,9207926.0,68.24
2026-02-02,1662.0,1662.0,1618.0,1629.4,6784887.0,63.15
2026-02-03,1727.2,1728.0,1653.0,1656.0,8805868.0,53.3
2026-02-04,1574.0,1584.9,1510.1,1535.8,28828622.0,54.17
2026-02-05,1534.0,1551.0,1515.7,1520.2,10628127.0,52.42
2026-02-06,1522.1,1525.0,1480.0,1507.1,13900866.0,59.76
2026-02-09,1522.1,1528.0,1493.0,1497.2,8294615.0,66.95
2026-02-10,1500.0,1515.9,1491.0,1497.8,8657000.0,46.54
2026-02-11,1501.2,1505.9,1469.0,1471.9,7934411.0,55.22
2026-02-12,1428.9,1435.7,1380.5,1386.0,26048896.0,55.2
2026-02-13,1293.9,1377.3,1281.5,1369.1,45785709.0,45.6
2026-02-16,1373.7,1376.0,1338.3,1365.6,14621891.0,47.1
2026-02-17,1370.0,1431.0,1367.0,1391.2,25347684.0,33.59
2026-02-18,1390.9,1401.0,1345.3,1373.7,20241373.0,44.95
2026-02-19,1385.0,1402.0,1363.2,1370.5,14574228.0,40.48
2026-02-20,1359.2,1365.0,1338.2,1353.2,12633552.0,45.54
2026-02-23,1352.0,1352.0,1318.0,1327.5,12887826.0,53.56
2026-02-24,1301.0,1303.6,1264.1,1275.5,27839061.0,57.31
2026-02-25,1286.2,1323.6,1286.2,1290.1,16669618.0,46.31
2026-02-26,1305.5,1314.0,1286.3,1289.1,11493914.0,38.53
2026-02-27,1326.3,1335.0,1294.2,1300.1,23141724.0,63.32
2026-03-02,1291.0,1298.8,1273.0,1288.9,9700361.0,34.68
2026-03-03,1291.0,1298.8,1273.0,1288.9,9700361.0,34.68
2026-03-04,1292.0,1317.0,1292.0,1307.4,15154950.0,51.37
2026-03-05,1320.0,1320.0,1290.1,1305.8,10362147.0,46.03
2026-03-06,1303.0,1327.2,1303.0,1308.4,8724291.0,53.38
2026-03-09,1290.0,1318.0,1282.5,1315.0,10068514.0,53.28
2026-03-10,1320.0,1321.0,1284.1,1295.6,9600171.0,28.99
2026-03-11,1288.0,1299.5,1271.3,1276.3,7868891.0,45.77
2026-03-12,1272.5,1278.6,1258.0,1265.8,7599940.0,44.22
2026-03-13,1251.0,1269.6,1242.6,1248.3,7366098.0,47.19
2026-03-16,1240.2,1254.3,1224.2,1249.8,12314450.0,50.1
2026-03-17,1245.0,1245.0,1215.1,1232.9,11223276.0,45.12
2026-03-18,1238.0,1290.8,1234.9,1267.1,12365381.0,49.04
2026-03-19,1244.2,1255.0,1215.1,1220.8,9156461.0,42.9
2026-03-20,1242.0,1264.8,1229.2,1255.9,27299975.0,50.08
2026-03-23,1238.2,1261.1,1227.4,1256.8,12420293.0,59.18
2026-03-24,1269.0,1297.0,1251.0,1278.3,13613495.0,55.67
2026-03-25,1270.0,1290.6,1257.1,1279.1,10824030.0,51.29
2026-03-26,1270.0,1290.6,1257.1,1279.1,10824030.0,51.29
2026-03-27,1285.2,1294.8,1263.2,1269.7,13092541.0,50.82
2026-03-30,1250.0,1265.5,1243.0,1250.6,14108486.0,49.55
2026-03-31,1250.0,1265.5,1243.0,1250.6,14108486.0,49.55
2026-04-01,1290.0,1303.0,1269.5,1275.7,8137156.0,40.87
2026-04-02,1260.0,1305.4,1259.8,1300.8,12873492.0,42.51
2026-04-03,1260.0,1305.4,1259.8,1300.8,12873492.0,42.51
2026-04-06,1301.4,1320.0,1299.0,1306.2,10208682.0,59.4
2026-04-07,1302.0,1345.1,1293.5,1339.4,15355792.0,49.25
2026-04-08,1349.0,1376.9,1331.0,1346.2,16030133.0,53.51
2026-04-09,1329.9,1337.5,1314.0,1331.6,14894607.0,46.2
2026-04-10,1318.0,1318.9,1283.3,1292.5,19233369.0,52.71
2026-04-13,1272.0,1289.0,1265.7,1276.8,10366082.0,33.66
2026-04-14,1272.0,1289.0,1265.7,1276.8,10366082.0,33.66
2026-04-15,1306.3,1322.5,1300.5,1305.3,12098912.0,52.88
2026-04-16,1322.1,1331.0,1309.0,1319.2,18527029.0,41.17
2026-04-17,1313.0,1328.3,1306.1,1318.7,12064048.0,59.86
2026-04-20,1320.0,1324.9,1308.1,1312.6,7172300.0,52.49
2026-04-21,1310.0,1325.0,1299.3,1313.2,10057440.0,42.02
2026-04-22,1295.0,1297.7,1255.9,1268.6,20088378.0,54.57
2026-04-23,1254.0,1265.7,1226.0,1240.6,14792854.0,52.87
2026-04-24,1200.0,1223.9,1152.2,1154.6,42078914.0,57.67
2026-04-27,1154.6,1179.9,1154.5,1170.3,19579883.0,65.0
2026-04-28,1162.7,1169.4,1149.8,1152.1,12720276.0,48.14
2026-04-29,1158.5,1178.2,1156.8,1167.5,8303109.0,53.26
2026-04-30,1167.5,1189.8,1159.6,1181.8,12205669.0,43.03
2026-05-01,1167.5,1189.8,1159.6,1181.8,12205669.0,43.03
2026-05-04,1195.0,1195.0,1165.2,1168.4,7735811.0,55.06
2026-05-05,1169.5,1185.2,1160.1,1178.1,8164108.0,38.94
2026-05-06,1187.0,1191.5,1164.1,1167.2,9856963.0,58.37
2026-05-07,1173.0,1175.4,1159.2,1162.7,12013987.0,56.56
2026-05-08,1161.0,1183.5,1158.8,1179.2,7582770.0,56.52
2026-05-11,1176.0,1187.0,1172.1,1177.0,7336288.0,61.39
2026-05-12,1162.0,1162.0,1123.0,1140.3,16891948.0,51.47
2026-05-13,1136.6,1142.6,1121.0,1123.1,6664111.0,53.03
2026-05-14,1119.8,1121.9,1089.0,1095.0,16914842.0,55.79
2026-05-15,1102.0,1133.2,1101.6,1119.0,17482450.0,62.07
2026-05-18,1119.0,1146.1,1118.0,1142.5,12096377.0,50.09
2026-05-19,1162.0,1198.4,1162.0,1196.9,32175705.0,68.69
2026-05-20,1187.0,1206.9,1184.9,1193.7,15121010.0,69.51
2026-05-21,1196.1,1201.8,1177.0,1181.2,10021033.0,51.94
2026-05-22,1182.5,1191.8,1172.5,1174.5,8803066.0,65.97
2026-05-25,1183.0,1185.0,1166.1,1168.5,5856136.0,56.1
2026-05-26,1166.3,1180.7,1162.9,1167.7,8005767.0,54.0
2026-05-27,1161.0,1167.3,1155.0,1159.9,6371871.0,40.57
2026-05-28,1161.0,1167.3,1155.0,1159.9,6371871.0,40.57
2026-05-29,1182.0,1210.0,1153.6,1160.9,69085430.0,69.35
2026-06-01,1175.0,1217.0,1173.7,1202.5,19439331.0,42.38
2026-06-02,1232.5,1278.9,1232.5,1270.8,36032600.0,58.23
2026-06-03,1242.1,1249.9,1216.0,1222.6,18534303.0,57.33
2026-06-04,1208.0,1215.2,1196.2,1201.3,12755957.0,46.52
2026-06-05,1220.0,1223.8,1194.3,1197.5,8692290.0,56.4
2026-06-08,1177.5,1200.7,1176.5,1187.6,8631711.0,54.87
2026-06-09,1193.6,1193.6,1167.3,1180.3,10984054.0,49.13
2026-06-10,1160.1,1171.4,1143.3,1145.3,8887626.0,47.91
2026-06-11,1129.7,1133.7,1109.0,1114.6,9372176.0,43.93
2026-06-12,1120.0,1123.3,1111.5,1116.4,8075333.0,61.38
2026-06-15,1130.0,1151.0,1123.0,1134.9,7856192.0,50.46
2026-06-16,1136.9,1153.8,1123.2,1143.6,10456090.0,48.76
2026-06-17,1149.0,1162.5,1148.0,1157.7,5995119.0,47.01
2026-06-18,1142.9,1142.9,1125.3,1127.5,16781447.0,57.34
2026-06-19,1062.3,1066.0,1030.0,1051.4,45665442.0,49.29
2026-06-22,1055.0,1080.3,1055.0,1065.4,10178505.0,41.62
2026-06-23,1053.8,1055.3,1026.0,1029.3,19323064.0,50.49
2026-06-24,1040.9,1065.5,1037.7,1056.6,12346266.0,45.02
2026-06-25,1065.0,1068.0,1039.1,1041.2,15866779.0,57.43
2026-06-26,1065.0,1068.0,1039.1,1041.2,15866779.0,57.43
2026-06-29,1037.1,1046.6,1029.1,1036.7,15080892.0,59.08
2026-06-30,1030.0,1030.4,996.0,1000.4,24128263.0,54.12
2026-07-01,1006.0,1014.0,982.4,985.3,13037982.0,53.24
2026-07-02,1006.4,1045.0,1006.0,1040.9,18741111.0,42.68
2026-07-03,1063.0,1068.7,1042.0,1047.2,11653534.0,48.74
2026-07-06,1050.1,1053.0,1033.0,1042.2,5559747.0,52.62
2026-07-07,1040.6,1087.5,1040.6,1071.8,18866296.0,48.91
2026-07-08,1071.9,1079.7,1064.4,1069.3,13022221.0,61.83
2026-07-09,1062.7,1062.7,1040.4,1050.8,9003333.0,37.16
2026-07-10,1075.0,1091.3,1064.7,1068.0,9747266.0,49.91
2026-07-13,1057.1,1114.9,1057.1,1102.6,20994760.0,52.1
2026-07-14,1107.8,1113.5,1090.0,1092.9,14819413.0,50.42
2026-07-15,1079.0,1088.1,1073.0,1076.3,8501933.0,44.23
2026-07-16,1082.5,1097.3,1077.9,1082.4,8592146.0,52.93
2026-07-17,1105.0,1116.8,1092.0,1096.5,12547728.0,48.86
2026-07-20,1102.0,1103.8,1083.2,1087.1,6372645.0,52.96
2026-07-21,1080.0,1094.5,1067.2,1073.5,9485229.0,57.15
2026-07-22,1064.0,1069.3,1046.2,1052.1,7517203.0,56.33
2026-07-23,1046.9,1058.5,1032.0,1047.4,13794578.0,51.73
2026-07-24,1028.0,1043.4,1013.9,1040.9,29036900.0,55.37
2026-07-27,1065.0,1082.0,1057.4,1079.2,15956349.0,52.46
2026-07-28,1097.0,1118.5,1097.0,1105.7,28100895.0,58.76
2026-07-29,1147.0,1164.5,1128.4,1155.6,34400369.0,58.52
2026-07-30,1168.0,1187.7,1151.3,1155.1,22630218.0,55.05
2026-07-31,1118.9,1139.3,1107.2,1130.1,14367075.0,48.95
2026-08-03,1145.1,1180.0,1138.1,1180.0,8582270.0,49.2
2026-08-04,1168.0,1175.7,1153.3,1167.5,9243589.0,54.44
2026-08-05,1174.7,1177.5,1162.3,1174.0,9964155.0,52.05
2026-08-06,1174.1,1185.8,1163.0,1165.0,8521064.0,51.12
2026-08-07,1160.0,1183.0,1155.6,1175.1,7581410.0,55.17
2026-08-10,1178.1,1195.0,1175.2,1183.0,9377001.0,52.93
2026-08-11,1188.0,1193.5,1182.0,1190.7,10160091.0,56.14
2026-08-12,1185.6,1190.4,1163.3,1176.1,7529777.0,59.94
2026-08-13,1170.0,1175.0,1157.0,1175.0,6234215.0,54.05
2026-08-14,1170.4,1174.1,1158.9,1169.2,5844763.0,59.77
2026-08-19,1125.6,1134.7,1113.8,1119.8,8408573.0,63.91
2026-08-20,1143.0,1144.7,1125.7,1130.0,8559841.0,49.09
2026-08-21,1133.0,1133.5,1118.0,1121.0,6094967.0,62.17
2026-08-24,1126.5,1144.5,1122.0,1130.0,8565354.0,54.22
2026-08-25,1132.0,1144.0,1119.9,1144.0,8121237.0,65.52
2026-08-26,1142.0,1142.0,1118.3,1120.0,6323984.0,56.46
2026-08-27,1120.0,1130.7,1107.2,1110.8,6933998.0,53.93
2026-08-28,1123.6,1145.0,1123.3,1144.0,9621969.0,61.38
2026-08-31,1138.6,1143.9,1111.1,1133.8,8808120.0,66.1
