,Open,High,Low,Close,Volume,DeliveryPct
2016-08-22,25.75,25.75,24.55,25.25,337546.0,
2016-08-23,25.25,25.3,24.7,24.95,189512.0,
2016-08-24,25.0,25.75,24.7,25.05,353009.0,
2016-08-25,24.95,25.6,24.55,24.8,458452.0,
2016-08-26,25.0,25.25,23.05,23.2,440739.0,
2016-08-29,23.2,24.3,22.55,23.6,294415.0,
2016-08-30,24.25,24.35,23.2,23.5,177794.0,
2016-08-31,23.8,24.4,23.2,23.5,225484.0,
2016-09-01,23.75,23.95,23.25,23.4,87668.0,
2016-09-02,23.75,23.9,23.25,23.35,95141.0,
2016-09-06,23.25,24.05,23.25,23.65,173973.0,
2016-09-07,23.7,23.9,23.2,23.65,147181.0,
2016-09-08,23.45,24.2,23.4,23.8,134696.0,
2016-09-09,24.0,24.0,23.5,23.9,127737.0,
2016-09-12,23.5,23.5,22.5,23.1,262393.0,
2016-09-14,23.65,23.65,22.05,23.05,201932.0,
2016-09-15,23.0,23.5,23.0,23.35,135972.0,
2016-09-16,23.6,23.6,22.65,22.95,97096.0,
2016-09-19,23.15,23.2,22.35,22.65,124616.0,
2016-09-20,23.15,23.15,22.5,22.55,104456.0,
2016-09-21,22.5,22.95,21.9,22.2,170974.0,
2016-09-22,22.65,22.8,21.5,22.3,158419.0,
2016-09-23,22.7,22.75,22.25,22.35,101266.0,
2016-09-26,22.35,23.2,22.35,22.9,138027.0,
2016-09-27,23.15,24.9,22.95,24.55,632843.0,
2016-09-28,26.0,26.65,25.3,26.5,1973866.0,
2016-09-29,26.9,26.9,23.7,24.2,1133853.0,
2016-09-30,24.1,25.2,24.05,24.65,343692.0,
2016-10-03,24.65,25.3,24.65,25.0,203045.0,
2016-10-04,25.2,25.25,24.7,24.85,166679.0,
2016-10-05,25.05,25.4,24.85,24.9,262438.0,
2016-10-06,25.4,29.5,24.45,28.75,3238893.0,
2016-10-07,29.0,30.85,27.7,28.95,1908669.0,
2016-10-10,29.2,31.7,28.8,31.25,1573514.0,
2016-10-13,30.85,31.9,28.8,29.2,1671157.0,
2016-10-14,29.6,34.4,29.4,33.5,3465046.0,
2016-10-17,34.2,37.75,34.2,37.25,2757517.0,
2016-10-18,37.65,40.95,37.05,40.9,3102981.0,
2016-10-19,41.15,42.75,40.95,41.7,1570346.0,
2016-10-20,41.7,42.9,38.55,41.7,2173067.0,
2016-10-21,41.4,44.5,40.25,42.7,1906241.0,
2016-10-24,42.0,43.0,40.9,41.35,895872.0,
2016-10-25,40.9,41.5,39.25,39.85,671599.0,
2016-10-26,40.35,43.4,39.3,41.65,1374476.0,
2016-10-27,41.8,42.9,41.4,41.85,928434.0,
2016-10-28,42.0,42.4,41.2,41.5,272973.0,
2016-11-01,41.6,42.4,40.55,40.85,392180.0,
2016-11-02,40.9,41.0,39.5,39.7,365858.0,
2016-11-03,39.9,41.1,38.95,39.15,271425.0,
2016-11-04,39.5,39.85,37.15,37.5,357939.0,
2016-11-07,38.0,39.4,38.0,38.7,183991.0,
2016-11-08,39.0,40.25,38.8,39.95,290070.0,
2016-11-09,36.5,40.0,32.0,39.3,1017919.0,
2016-11-10,40.55,42.4,40.05,41.95,691129.0,
2016-11-11,41.5,43.25,40.4,41.0,697041.0,
2016-11-15,40.9,40.95,36.9,38.15,306429.0,
2016-11-16,38.7,40.5,36.95,37.5,525449.0,
2016-11-17,37.8,37.95,36.1,36.3,254307.0,
2016-11-18,36.7,37.45,35.4,35.65,253341.0,
2016-11-21,35.65,36.6,33.55,34.0,328617.0,
2016-11-22,34.5,35.75,33.4,34.9,205676.0,
2016-11-23,35.95,35.95,34.2,35.45,201659.0,
2016-11-24,35.6,35.95,30.05,34.95,160381.0,
2016-11-25,35.9,37.7,35.8,36.4,235800.0,
2016-11-28,36.95,38.1,36.0,37.75,216810.0,
2016-11-29,37.95,38.2,36.25,36.4,174661.0,
2016-11-30,37.25,37.35,36.2,36.4,94985.0,
2016-12-01,36.6,37.2,35.5,35.8,84556.0,
2016-12-02,35.85,35.85,34.3,34.65,160313.0,
2016-12-05,35.0,36.0,35.0,35.75,142353.0,
2016-12-06,36.65,37.2,35.9,36.95,185143.0,
2016-12-07,37.1,37.9,36.5,37.15,82148.0,
2016-12-08,38.0,38.5,37.5,38.05,207348.0,
2016-12-09,38.5,38.8,37.3,38.45,242248.0,
2016-12-12,38.65,40.1,38.6,39.1,211175.0,
2016-12-13,38.55,40.45,38.55,40.2,156397.0,
2016-12-14,40.8,40.8,37.75,38.0,212565.0,
2016-12-15,38.1,39.4,37.65,38.95,122001.0,
2016-12-16,38.85,39.4,38.5,38.7,85931.0,
2016-12-19,39.85,40.0,38.0,38.3,334620.0,
2016-12-20,38.65,39.6,38.1,39.2,116344.0,
2016-12-21,39.3,39.5,38.3,38.5,85344.0,
2016-12-22,38.75,38.9,37.4,37.9,80577.0,
2016-12-23,37.85,38.6,36.2,37.0,226712.0,
2016-12-26,37.1,37.35,35.5,35.8,177281.0,
2016-12-27,35.65,37.5,35.5,37.4,159937.0,
2016-12-28,37.55,38.1,36.7,36.75,144611.0,
2016-12-29,36.8,37.9,36.7,37.0,94436.0,
2016-12-30,37.7,38.2,36.8,37.65,159342.0,
2017-01-02,37.7,40.0,37.3,38.8,158956.0,
2017-01-03,39.3,39.7,38.5,38.7,126432.0,
2017-01-04,39.0,39.0,38.3,38.7,40015.0,
2017-01-05,38.75,40.45,38.75,39.85,465012.0,
2017-01-06,40.1,40.25,38.85,39.1,131859.0,
2017-01-09,39.0,39.8,39.0,39.25,89429.0,
2017-01-10,39.7,40.7,39.3,39.45,121381.0,
2017-01-11,38.9,41.9,38.9,40.2,562381.0,
2017-01-12,40.0,40.25,39.35,39.6,97884.0,
2017-01-13,39.55,40.2,38.6,38.85,180338.0,
2017-01-16,39.35,39.4,38.55,39.0,134120.0,
2017-01-17,39.25,39.5,38.6,38.7,70342.0,
2017-01-18,38.95,42.0,38.75,41.45,725619.0,
2017-01-19,42.0,43.3,41.2,42.05,603025.0,
2017-01-20,42.4,43.3,40.8,41.0,429535.0,
2017-01-23,41.2,42.55,41.05,41.65,210100.0,
2017-01-24,42.1,44.25,40.9,41.65,771001.0,
2017-01-25,41.35,44.1,41.35,43.0,906511.0,
2017-01-27,43.2,45.9,42.75,45.1,977158.0,
2017-01-30,45.25,50.0,45.2,49.15,2752620.0,
2017-01-31,47.95,50.0,47.0,47.95,1763369.0,
2017-02-01,48.45,50.7,48.4,49.95,1047791.0,
2017-02-02,50.15,51.75,49.7,50.7,590247.0,
2017-02-03,51.1,52.0,50.2,50.95,550218.0,
2017-02-06,51.3,57.9,50.65,56.8,3293736.0,
2017-02-07,57.0,57.3,53.35,54.95,1109150.0,
2017-02-08,56.0,57.0,53.7,54.25,1866535.0,
2017-02-09,54.95,55.05,53.0,53.2,439742.0,
2017-02-10,53.6,53.6,51.1,51.8,318546.0,
2017-02-13,52.15,52.7,51.3,51.8,239147.0,
2017-02-14,52.4,52.4,50.75,51.05,128059.0,
2017-02-15,51.05,51.6,48.4,49.0,384570.0,
2017-02-16,49.5,51.75,48.95,50.1,400691.0,
2017-02-17,50.65,53.3,50.6,52.35,723993.0,
2017-02-20,52.5,53.5,52.1,52.55,277014.0,
2017-02-21,53.0,54.0,52.75,53.75,451097.0,
2017-02-22,53.95,54.3,51.55,51.7,390726.0,
2017-02-23,52.15,52.5,50.1,50.5,2122263.0,
2017-02-27,51.7,55.4,51.05,54.7,2774185.0,
2017-02-28,55.5,60.65,55.4,58.1,3742049.0,
2017-03-01,58.75,59.9,58.2,59.15,3090890.0,
2017-03-02,60.2,61.8,57.3,58.5,4065496.0,
2017-03-03,58.0,59.3,57.25,58.75,2518067.0,
2017-03-06,59.0,59.6,58.25,58.7,1943101.0,
2017-03-07,59.0,62.15,58.75,60.5,3787155.0,
2017-03-08,61.0,69.3,59.05,67.35,4702732.0,
2017-03-09,67.0,73.7,65.5,69.9,6847664.0,
2017-03-10,70.0,72.5,69.5,70.7,1630097.0,
2017-03-14,73.0,74.9,71.65,73.55,3698594.0,
2017-03-15,74.4,76.75,73.4,75.25,2201865.0,
2017-03-16,75.8,77.65,75.5,76.75,1349913.0,
2017-03-17,77.7,77.75,74.0,74.8,1443377.0,
2017-03-20,75.0,75.0,72.0,72.2,617347.0,
2017-03-21,72.6,73.3,69.55,71.4,781997.0,
2017-03-22,71.0,72.0,70.0,70.55,575469.0,
2017-03-23,70.35,72.2,70.35,71.35,476095.0,
2017-03-24,71.95,73.85,71.1,73.45,864062.0,
2017-03-27,74.5,74.7,70.6,72.1,1060718.0,
2017-03-28,71.5,73.65,71.5,72.15,328990.0,
2017-03-29,72.5,72.5,69.5,70.6,386151.0,
2017-03-30,71.0,71.8,69.8,70.05,350724.0,
2017-03-31,70.55,71.95,70.4,71.2,329127.0,
2017-04-03,70.7,79.0,70.7,77.3,1888487.0,
2017-04-05,77.8,80.35,76.65,78.85,1317692.0,
2017-04-06,78.8,81.6,78.3,80.7,1089408.0,
2017-04-07,80.1,83.2,78.3,79.9,1032865.0,
2017-04-10,80.5,82.55,80.4,81.8,569090.0,
2017-04-11,81.95,83.15,80.3,81.2,393953.0,
2017-04-12,81.05,82.0,77.0,79.05,663912.0,
2017-04-13,79.05,79.85,78.0,78.45,333343.0,
2017-04-17,79.1,79.8,77.65,78.3,247523.0,
2017-04-18,78.4,79.95,77.4,77.65,290492.0,
2017-04-19,78.3,78.3,72.25,73.2,488417.0,
2017-04-20,73.95,76.0,73.35,74.8,285240.0,
2017-04-21,75.5,76.75,73.5,73.85,220306.0,
2017-04-24,74.35,75.85,73.7,74.95,177485.0,
2017-04-25,75.5,76.2,74.6,75.15,161603.0,
2017-04-26,75.25,76.0,70.15,72.9,227681.0,
2017-04-27,73.3,74.45,72.5,72.7,142451.0,
2017-04-28,72.8,74.7,72.0,72.2,215680.0,
2017-05-02,72.6,73.05,71.9,72.05,194534.0,
2017-05-03,72.55,72.55,69.2,70.25,438204.0,
2017-05-04,70.6,73.4,70.0,70.6,317195.0,
2017-05-05,71.0,71.4,69.95,70.15,199542.0,
2017-05-08,70.2,71.35,69.7,70.1,305491.0,
2017-05-09,71.15,74.7,69.25,71.25,1037883.0,
2017-05-10,71.0,74.9,70.95,74.25,638542.0,
2017-05-11,74.8,79.8,74.65,77.9,1273248.0,
2017-05-12,78.1,79.65,75.8,78.75,1357472.0,
2017-05-15,82.0,83.4,78.9,80.1,2512235.0,
2017-05-16,80.0,81.0,74.0,74.65,975552.0,
2017-05-17,75.15,76.65,73.45,74.45,636510.0,
2017-05-18,73.45,74.2,71.0,71.75,442240.0,
2017-05-19,72.0,76.65,71.5,74.9,651683.0,
2017-05-22,74.1,75.5,72.5,72.75,277411.0,
2017-05-23,72.9,73.55,69.75,71.35,345324.0,
2017-05-24,71.05,72.9,67.0,69.6,362184.0,
2017-05-25,70.1,71.0,69.6,70.6,200988.0,
2017-05-26,71.0,73.5,71.0,72.5,239827.0,
2017-05-29,72.75,73.8,70.5,70.95,154431.0,
2017-05-30,71.45,71.5,68.4,69.35,289481.0,
2017-05-31,69.35,72.0,69.2,70.85,380764.0,
2017-06-01,72.25,73.5,72.0,73.1,484357.0,
2017-06-02,73.2,73.8,72.65,72.9,170362.0,
2017-06-05,73.3,74.25,72.6,72.9,178793.0,
2017-06-06,73.15,73.55,70.8,71.25,105751.0,
2017-06-07,71.5,72.05,70.5,70.85,103616.0,
2017-06-08,71.0,71.65,70.25,70.8,175403.0,
2017-06-09,70.8,74.35,70.4,73.65,619969.0,
2017-06-12,75.1,77.0,74.85,75.4,1525134.0,
2017-06-13,76.0,76.5,73.8,74.95,275046.0,
2017-06-14,75.45,76.1,73.55,75.4,296066.0,
2017-06-15,75.05,76.0,74.0,75.05,207140.0,
2017-06-16,75.6,76.0,74.5,75.65,218715.0,
2017-06-19,76.3,76.5,75.5,75.85,217888.0,
2017-06-20,75.75,76.45,74.65,75.1,160701.0,
2017-06-21,74.7,76.5,73.6,73.95,286401.0,
2017-06-22,73.7,74.45,73.05,73.75,139088.0,
2017-06-23,74.2,74.95,72.0,72.3,71044.0,
2017-06-27,72.4,72.8,70.7,70.9,123263.0,
2017-06-28,71.0,73.6,70.2,71.9,252324.0,
2017-06-29,71.5,73.4,71.5,72.2,74031.0,
2017-06-30,73.25,73.25,71.05,71.25,95843.0,
2017-07-03,71.35,72.4,71.25,71.5,105115.0,
2017-07-04,71.95,72.25,71.0,71.1,125357.0,
2017-07-05,71.15,75.8,71.1,75.0,652729.0,
2017-07-06,75.65,76.5,74.15,74.5,290135.0,
2017-07-07,74.0,75.55,73.15,73.6,165959.0,
2017-07-10,74.2,79.85,73.75,77.6,786635.0,
2017-07-11,78.0,80.4,76.85,78.5,1116197.0,
2017-07-12,79.4,81.25,78.15,79.1,432811.0,
2017-07-13,79.1,82.5,79.1,80.6,699031.0,
2017-07-14,80.6,81.05,77.45,77.8,283427.0,
2017-07-17,78.6,79.45,77.1,77.5,179655.0,
2017-07-18,78.7,78.7,76.2,76.45,192122.0,
2017-07-19,76.45,87.6,76.4,86.45,4871837.0,
2017-07-20,87.1,89.5,84.8,86.9,1685406.0,
2017-07-21,86.9,92.3,85.4,90.1,1633691.0,
2017-07-24,90.5,90.65,86.25,86.9,676712.0,
2017-07-25,87.4,87.7,85.2,85.75,338843.0,
2017-07-26,86.2,89.9,86.15,87.0,683639.0,
2017-07-27,86.5,87.8,85.25,85.6,367393.0,
2017-07-28,85.2,87.5,84.8,86.6,380314.0,
2017-07-31,85.65,89.25,85.65,88.4,633120.0,
2017-08-01,88.95,90.0,88.5,88.75,316687.0,
2017-08-02,89.2,93.8,87.65,91.95,1223064.0,
2017-08-03,92.0,92.0,86.35,86.85,544553.0,
2017-08-04,86.9,90.6,86.55,90.1,512212.0,
2017-08-07,90.4,91.85,88.2,89.0,443585.0,
2017-08-08,89.6,89.95,84.05,84.8,720984.0,
2017-08-09,84.75,85.7,81.0,81.2,476580.0,
2017-08-10,82.5,85.25,80.0,80.5,746338.0,
2017-08-11,77.95,80.9,77.0,78.4,554149.0,
2017-08-14,78.8,81.45,78.8,80.75,315022.0,
2017-08-16,81.0,83.2,80.2,82.45,259239.0,
2017-08-17,83.0,85.2,82.5,83.15,250859.0,
2017-08-18,83.0,83.3,81.0,82.65,189620.0,
2017-08-21,83.5,84.85,81.75,82.3,315238.0,
2017-08-22,83.75,88.1,82.7,85.25,649997.0,
2017-08-23,86.85,90.6,85.1,89.95,767869.0,
2017-08-24,90.55,96.55,89.95,94.35,1568263.0,
2017-08-28,95.2,96.4,93.4,95.05,455598.0,
2017-08-29,94.4,96.8,92.3,93.5,533225.0,
2017-08-30,94.8,96.95,94.6,94.8,301698.0,
2017-08-31,95.05,95.5,93.55,94.45,204207.0,
2017-09-01,95.15,101.0,94.4,99.35,951330.0,
2017-09-04,99.5,101.9,95.3,100.95,959418.0,
2017-09-05,101.5,103.95,100.05,100.7,689209.0,
2017-09-06,100.7,102.8,99.0,99.95,595880.0,
2017-09-07,100.8,109.4,100.8,107.15,1331112.0,
2017-09-08,108.0,114.0,108.0,110.0,1747143.0,
2017-09-11,112.0,115.0,110.5,111.55,1042277.0,
2017-09-12,112.5,114.0,111.85,113.0,394578.0,
2017-09-13,113.65,124.3,112.4,117.25,1598564.0,
2017-09-14,117.1,121.95,116.5,118.6,1292953.0,
2017-09-15,118.3,119.4,114.15,117.15,744441.0,
2017-09-18,118.2,124.6,117.5,123.45,931982.0,
2017-09-19,124.25,126.0,120.45,121.45,688662.0,
2017-09-20,122.4,124.0,117.0,118.3,654393.0,
2017-09-21,118.0,121.7,116.2,119.9,325981.0,
2017-09-22,118.5,118.75,110.3,110.95,523524.0,
2017-09-25,111.4,111.9,101.5,105.6,447782.0,
2017-09-26,106.7,116.0,104.05,115.25,716221.0,
2017-09-27,116.3,118.8,110.0,110.95,489990.0,
2017-09-28,111.55,113.75,111.05,112.65,183413.0,
2017-09-29,113.7,115.45,111.0,112.25,227142.0,
2017-10-03,115.0,115.8,110.5,111.75,217445.0,
2017-10-04,112.75,114.7,110.15,112.55,287127.0,
2017-10-05,113.45,114.85,110.5,111.0,323575.0,
2017-10-06,111.85,114.45,111.5,112.25,295043.0,
2017-10-09,113.0,114.5,110.5,111.2,371170.0,
2017-10-10,112.25,112.9,110.8,111.4,268576.0,
2017-10-11,112.4,117.0,111.0,111.85,985055.0,
2017-10-12,112.6,113.85,111.05,113.1,275324.0,
2017-10-13,113.9,115.9,113.7,114.3,433390.0,
2017-10-16,115.7,116.05,113.0,113.8,356242.0,
2017-10-17,114.55,115.5,112.9,113.35,202140.0,
2017-10-18,115.75,116.5,114.0,114.9,361031.0,
2017-10-19,115.7,116.0,112.0,113.6,103958.0,
2017-10-23,114.85,116.6,113.5,115.25,315991.0,
2017-10-24,116.0,121.2,115.8,118.35,716947.0,
2017-10-25,120.0,120.45,115.1,115.85,352417.0,
2017-10-26,116.95,121.0,115.5,116.25,754211.0,
2017-10-27,117.0,119.0,116.25,118.3,334099.0,
2017-10-30,119.0,120.55,117.1,119.5,299327.0,
2017-10-31,120.05,120.4,118.0,119.05,186737.0,
2017-11-01,120.0,120.2,117.35,119.0,232509.0,
2017-11-02,118.0,119.65,116.45,116.9,311661.0,
2017-11-03,117.1,118.55,116.1,117.25,240573.0,
2017-11-06,116.25,117.7,114.6,114.75,268666.0,
2017-11-07,115.0,115.75,109.0,110.05,392466.0,
2017-11-08,110.0,114.0,110.0,110.75,198181.0,
2017-11-09,111.5,112.95,110.1,110.85,160349.0,
2017-11-10,111.8,113.0,110.1,110.65,156761.0,
2017-11-13,111.65,113.85,111.0,112.1,179879.0,
2017-11-14,113.45,117.0,110.5,114.45,1132768.0,
2017-11-15,112.05,112.3,106.2,107.25,346109.0,
2017-11-16,108.0,109.45,107.5,107.95,191226.0,
2017-11-17,109.0,110.6,108.9,109.45,210848.0,
2017-11-20,110.45,110.95,108.0,110.15,160127.0,
2017-11-21,111.55,111.55,108.0,109.9,205173.0,
2017-11-22,110.7,111.4,106.65,107.65,199022.0,
2017-11-23,107.7,109.9,107.0,108.2,209671.0,
2017-11-24,108.85,109.5,106.0,108.0,127887.0,
2017-11-27,108.85,110.3,107.0,109.75,156967.0,
2017-11-28,110.0,113.25,108.95,111.45,250085.0,
2017-11-29,111.6,112.45,107.8,108.7,120646.0,
2017-11-30,108.7,112.9,107.05,111.1,1113019.0,
2017-12-01,111.5,112.5,108.5,108.85,84929.0,
2017-12-04,108.85,109.8,106.4,106.9,103383.0,
2017-12-05,105.0,107.05,103.25,103.95,157470.0,
2017-12-06,103.95,108.8,103.95,105.9,277108.0,
2017-12-07,105.0,107.0,104.95,105.9,77947.0,
2017-12-08,106.2,107.4,102.75,103.9,179655.0,
2017-12-11,104.05,104.7,101.6,102.0,139123.0,
2017-12-12,102.65,102.65,98.5,99.65,124966.0,
2017-12-13,100.0,106.75,97.0,101.7,345751.0,
2017-12-14,102.2,102.85,99.4,100.1,173062.0,
2017-12-15,100.6,104.9,99.5,100.6,370593.0,
2017-12-18,101.5,102.8,95.0,100.3,123279.0,
2017-12-19,100.7,102.5,100.5,101.7,135692.0,
2017-12-20,102.0,104.4,101.0,103.65,175683.0,
2017-12-21,103.75,108.0,102.9,105.9,860738.0,
2017-12-22,106.95,115.8,106.9,108.0,812322.0,
2017-12-26,109.45,111.5,108.85,109.65,271812.0,
2017-12-27,111.0,112.05,107.35,108.3,172874.0,
2017-12-28,109.0,110.25,105.0,105.5,377304.0,
2017-12-29,105.8,107.1,103.5,104.3,278743.0,
2018-01-01,104.5,109.0,104.5,105.75,241789.0,
2018-01-02,106.0,109.0,105.0,106.95,322736.0,
2018-01-03,107.85,109.9,106.65,107.0,370428.0,
2018-01-04,107.7,124.9,107.5,123.0,3537849.0,
2018-01-05,124.15,126.75,119.25,121.55,1323438.0,
2018-01-08,122.5,132.75,121.6,126.05,2047974.0,
2018-01-09,127.2,128.45,122.15,123.55,616707.0,
2018-01-10,124.0,126.25,122.1,123.5,423368.0,
2018-01-11,124.0,128.8,123.0,125.15,634765.0,
2018-01-12,126.2,127.75,121.25,122.25,384930.0,
2018-01-15,122.2,125.9,121.05,122.05,369302.0,
2018-01-16,123.0,123.3,113.15,116.8,713015.0,
2018-01-17,114.65,118.8,112.0,116.6,500662.0,
2018-01-18,117.8,123.3,112.7,114.1,689322.0,
2018-01-19,115.15,117.45,113.15,114.0,325495.0,
2018-01-22,115.2,119.9,114.05,115.9,426911.0,
2018-01-23,116.5,122.3,115.9,120.95,666049.0,
2018-01-24,121.5,121.9,116.1,118.6,365754.0,
2018-01-25,119.05,119.9,114.35,115.2,306499.0,
2018-01-29,116.5,116.65,113.8,114.25,128182.0,
2018-01-30,113.0,114.7,109.7,112.05,323428.0,
2018-01-31,112.05,114.8,110.5,112.1,179174.0,
2018-02-01,112.15,112.95,107.5,109.35,201391.0,
2018-02-02,109.8,109.8,100.05,102.2,404319.0,
2018-02-05,99.7,102.8,95.2,101.3,697119.0,
2018-02-06,97.3,105.7,91.0,100.0,459216.0,
2018-02-07,101.2,105.0,99.7,100.35,274313.0,
2018-02-08,101.0,105.5,100.0,104.6,477869.0,
2018-02-09,103.25,105.0,100.2,103.9,481822.0,
2018-02-12,105.8,119.5,105.0,114.2,1124819.0,
2018-02-14,116.8,124.0,116.75,122.4,2326687.0,
2018-02-15,123.9,124.8,112.5,114.15,807785.0,
2018-02-16,114.85,117.85,106.5,108.55,537089.0,
2018-02-19,109.0,109.75,102.6,104.0,548299.0,
2018-02-20,103.8,105.0,101.35,102.75,446830.0,
2018-02-21,103.65,104.45,100.65,100.95,384131.0,
2018-02-22,100.65,101.25,97.95,100.4,469458.0,
2018-02-23,100.9,104.4,100.45,101.95,791718.0,
2018-02-26,105.0,106.4,104.0,105.25,422225.0,
2018-02-27,105.8,106.55,102.5,103.0,518056.0,
2018-02-28,102.5,103.5,100.5,101.1,440990.0,
2018-03-01,101.95,103.0,99.6,100.2,368056.0,
2018-03-05,100.5,100.5,95.1,96.1,452725.0,
2018-03-06,97.2,99.6,94.15,94.75,293422.0,
2018-03-07,94.55,94.55,88.15,89.35,582471.0,
2018-03-08,90.0,91.5,85.15,88.45,588970.0,
2018-03-09,88.7,89.55,84.65,85.55,263125.0,
2018-03-12,86.7,87.7,83.1,85.3,232163.0,
2018-03-13,84.5,89.75,83.0,87.65,516148.0,
2018-03-14,86.25,88.75,86.25,87.55,333429.0,
2018-03-15,87.55,91.4,86.2,90.2,366130.0,
2018-03-16,90.2,93.0,90.0,90.75,262703.0,
2018-03-19,90.8,91.0,86.1,86.8,194137.0,
2018-03-20,86.0,89.4,85.0,88.65,287930.0,
2018-03-21,89.45,91.8,88.65,89.0,196213.0,
2018-03-22,89.65,89.8,85.0,85.7,261187.0,
2018-03-23,82.9,82.9,79.25,80.1,797036.0,
2018-03-26,79.3,80.7,74.3,74.95,859667.0,
2018-03-27,76.5,80.55,76.5,78.45,620874.0,
2018-03-28,77.25,80.5,77.25,78.55,362847.0,
2018-04-02,80.6,84.3,79.0,84.0,414678.0,
2018-04-03,83.85,89.85,82.0,88.4,636259.0,
2018-04-04,89.6,94.1,87.7,89.0,630468.0,
2018-04-05,93.0,93.55,91.25,92.6,383937.0,
2018-04-06,93.2,93.2,89.0,91.8,334011.0,
2018-04-09,92.8,93.0,89.9,90.3,279098.0,
2018-04-10,91.2,91.65,88.6,89.5,274742.0,
2018-04-11,90.0,90.95,88.7,89.55,535618.0,
2018-04-12,89.9,92.0,88.8,91.45,359846.0,
2018-04-13,92.0,92.5,91.0,91.7,207904.0,
2018-04-16,90.2,92.4,89.7,91.9,217302.0,
2018-04-17,91.9,97.9,91.5,96.6,665415.0,
2018-04-18,97.2,105.0,97.2,101.05,1567857.0,
2018-04-19,101.35,107.25,100.05,104.15,934482.0,
2018-04-20,103.4,105.8,102.45,105.15,400961.0,
2018-04-23,105.15,107.4,105.0,105.6,472778.0,
2018-04-24,104.8,108.9,104.0,104.55,432607.0,
2018-04-25,105.5,106.9,98.95,102.6,1007782.0,
2018-04-26,99.0,102.85,93.95,96.25,1730237.0,
2018-04-27,98.9,101.0,93.8,94.85,677214.0,
2018-04-30,94.95,97.0,91.5,92.25,483086.0,
2018-05-02,92.6,93.8,90.0,90.3,359891.0,
2018-05-03,90.0,92.7,86.5,91.4,785866.0,
2018-05-04,90.2,92.1,85.4,86.0,480278.0,
2018-05-07,86.65,95.7,86.1,89.85,1959642.0,
2018-05-08,90.35,90.35,84.7,85.3,964688.0,
2018-05-09,85.5,86.95,84.6,85.6,1317839.0,
2018-05-10,85.75,88.15,85.15,85.45,580166.0,
2018-05-11,86.1,87.5,85.75,86.3,315740.0,
2018-05-14,86.0,86.85,83.05,83.5,205686.0,
2018-05-15,82.25,85.75,77.9,79.2,1015618.0,
2018-05-16,79.5,84.4,79.2,83.2,578952.0,
2018-05-17,83.95,84.4,81.7,83.55,439774.0,
2018-05-18,83.95,84.35,80.6,81.55,371351.0,
2018-05-21,80.2,81.2,77.75,78.8,375332.0,
2018-05-22,78.5,79.85,76.5,79.2,166699.0,
2018-05-23,79.2,81.0,78.3,78.65,185313.0,
2018-05-24,79.3,83.0,76.1,78.95,413601.0,
2018-05-25,79.75,80.8,78.5,79.9,183327.0,
2018-05-28,80.65,84.6,80.15,83.85,216656.0,
2018-05-29,83.75,87.5,82.25,85.45,350686.0,
2018-05-30,84.7,86.1,84.0,84.3,209178.0,
2018-05-31,84.95,86.4,83.95,84.85,202347.0,
2018-06-01,84.5,84.75,81.9,82.2,195960.0,
2018-06-04,83.0,83.0,78.8,79.1,247015.0,
2018-06-05,79.9,79.9,75.1,75.85,421595.0,
2018-06-06,75.7,77.4,72.65,76.55,292648.0,
2018-06-07,78.15,79.0,77.2,78.05,226442.0,
2018-06-08,78.3,79.4,77.6,77.9,144718.0,
2018-06-11,78.2,81.4,78.2,79.7,375395.0,
2018-06-12,79.65,81.5,77.5,77.9,621835.0,
2018-06-13,78.45,81.0,78.0,80.05,327241.0,
2018-06-14,80.45,81.5,79.8,80.15,152496.0,
2018-06-15,80.8,80.95,77.0,77.35,294995.0,
2018-06-18,77.55,80.0,76.5,79.5,165222.0,
2018-06-19,79.0,79.0,77.15,77.55,151969.0,
2018-06-20,78.4,78.4,77.05,77.5,117850.0,
2018-06-21,78.4,78.4,73.2,73.75,243159.0,
2018-06-22,73.5,73.65,69.8,70.3,392885.0,
2018-06-25,70.3,71.2,68.5,69.0,226373.0,
2018-06-26,69.0,71.2,65.95,70.2,402517.0,
2018-06-27,72.0,72.0,65.5,66.4,464129.0,
2018-06-28,66.05,69.0,63.7,65.05,1216223.0,
2018-06-29,64.7,69.6,64.7,67.55,1659601.0,
2018-07-02,69.5,69.5,66.5,66.95,305613.0,
2018-07-03,67.5,67.75,63.75,64.2,605458.0,
2018-07-04,64.3,65.35,59.2,59.9,1579469.0,
2018-07-05,60.0,61.9,59.5,59.95,995689.0,
2018-07-06,59.95,63.95,59.5,60.7,828174.0,
2018-07-09,61.15,62.9,61.0,61.65,547488.0,
2018-07-10,62.1,65.85,62.0,64.6,722323.0,
2018-07-11,64.4,65.25,63.55,63.9,321768.0,
2018-07-12,64.35,65.3,63.55,64.1,322471.0,
2018-07-13,64.65,64.9,63.05,63.4,201832.0,
2018-07-16,63.4,63.8,57.8,59.35,441519.0,
2018-07-17,59.65,59.9,56.75,58.3,451503.0,
2018-07-18,61.5,62.6,56.25,56.7,2143023.0,
2018-07-19,57.25,57.4,53.7,55.3,369094.0,
2018-07-20,55.05,56.9,54.85,55.65,265050.0,
2018-07-23,56.05,58.0,55.8,57.65,477224.0,
2018-07-24,58.0,62.3,57.75,60.55,711131.0,
2018-07-25,61.0,65.0,61.0,63.4,1044542.0,
2018-07-26,64.0,64.5,60.9,61.4,619447.0,
2018-07-27,61.9,63.5,61.0,61.2,616243.0,
2018-07-30,61.35,61.5,59.55,59.7,557973.0,
2018-07-31,59.85,60.1,57.8,58.15,615692.0,
2018-08-01,59.05,59.7,57.0,57.25,792343.0,
2018-08-02,57.25,57.3,55.8,56.9,602442.0,
2018-08-03,57.75,60.45,57.25,59.85,963424.0,
2018-08-06,60.4,61.9,60.2,61.3,590425.0,
2018-08-07,61.7,65.65,61.45,65.05,1569940.0,
2018-08-08,65.7,67.15,65.1,65.85,841364.0,
2018-08-09,66.0,66.7,63.75,64.05,377867.0,
2018-08-10,64.4,66.35,63.0,64.65,420414.0,
2018-08-13,64.45,64.45,61.45,62.3,267047.0,
2018-08-14,62.65,63.35,61.5,62.55,241133.0,
2018-08-16,62.6,63.2,61.6,62.25,201187.0,
2018-08-17,62.95,63.0,61.5,61.9,163615.0,
2018-08-20,61.9,62.9,61.5,62.1,229114.0,
2018-08-21,62.65,62.95,61.9,62.0,118929.0,
2018-08-23,62.3,62.3,60.0,60.85,192640.0,
2018-08-24,60.2,62.35,60.2,61.45,174577.0,
2018-08-27,61.9,63.5,61.9,62.15,407065.0,
2018-08-28,62.3,63.0,62.0,62.6,195437.0,
2018-08-29,62.1,66.9,61.9,65.65,983423.0,
2018-08-30,66.6,70.25,66.1,68.85,1330617.0,
2018-08-31,69.15,72.0,65.8,67.3,948466.0,
2018-09-03,67.85,69.5,67.2,67.45,578418.0,
2018-09-04,68.9,68.9,63.8,64.55,506802.0,
2018-09-05,63.9,63.9,61.3,62.5,634700.0,
2018-09-06,64.4,65.4,62.7,63.15,336196.0,
2018-09-07,63.25,65.2,63.0,64.75,332081.0,
2018-09-10,65.1,67.05,64.55,65.7,574220.0,
2018-09-11,66.45,67.0,63.6,63.85,385552.0,
2018-09-12,64.35,64.9,62.5,63.85,351580.0,
2018-09-14,64.2,68.5,63.75,67.85,1025697.0,
2018-09-17,67.15,72.0,66.6,69.2,1142821.0,
2018-09-18,69.6,69.9,65.75,66.0,520072.0,
2018-09-19,66.5,67.3,64.05,64.7,552418.0,
2018-09-21,65.4,69.5,62.0,68.2,1500909.0,
2018-09-24,68.7,68.7,59.6,60.8,1366076.0,
2018-09-25,60.75,63.65,58.1,59.85,972290.0,
2018-09-26,60.35,62.95,58.6,59.25,1096941.0,
2018-09-27,59.65,60.85,58.4,59.25,444412.0,
2018-09-28,59.65,60.8,52.65,53.75,2555785.0,
2018-10-01,54.0,56.0,51.15,54.3,776635.0,
2018-10-03,54.95,57.0,54.15,56.1,601330.0,
2018-10-04,56.0,57.7,53.2,53.65,545376.0,
2018-10-05,53.1,55.1,53.1,54.15,401903.0,
2018-10-08,54.05,57.0,51.25,52.6,969219.0,
2018-10-09,52.45,53.15,48.4,49.05,750632.0,
2018-10-10,49.5,54.3,49.5,53.65,666538.0,
2018-10-11,51.1,52.45,50.3,51.7,324453.0,
2018-10-12,52.55,54.4,52.55,53.5,353658.0,
2018-10-15,54.4,55.7,53.55,55.3,308558.0,
2018-10-16,55.55,57.6,55.5,56.95,267247.0,
2018-10-17,57.55,59.5,55.4,55.8,346136.0,
2018-10-19,56.15,57.15,54.5,55.75,392259.0,
2018-10-22,57.2,57.7,55.65,56.2,215120.0,
2018-10-23,56.05,56.65,54.55,54.9,241989.0,
2018-10-24,55.55,56.6,53.5,54.0,780815.0,
2018-10-25,53.5,54.4,50.45,50.85,526909.0,
2018-10-26,51.2,52.25,49.5,51.1,357178.0,
2018-10-29,49.55,53.55,46.05,52.8,1856050.0,
2018-10-30,52.1,55.2,51.35,53.95,499880.0,
2018-10-31,54.35,55.1,51.85,52.55,381980.0,
2018-11-01,52.4,53.7,51.2,52.15,385211.0,
2018-11-02,52.85,54.4,52.1,52.8,495593.0,
2018-11-05,52.8,53.55,51.7,51.95,250220.0,
2018-11-06,52.35,52.4,50.75,51.2,221847.0,
2018-11-07,52.0,52.45,51.55,52.1,40302.0,
2018-11-09,52.1,52.1,51.0,51.45,243086.0,
2018-11-12,51.9,51.9,50.75,51.0,324834.0,
2018-11-13,51.0,51.2,50.7,51.05,100183.0,
2018-11-14,51.1,51.8,48.05,48.6,483219.0,
2018-11-15,49.0,49.45,48.2,48.8,494714.0,
2018-11-16,48.95,49.0,47.7,47.9,162993.0,
2018-11-19,48.4,48.8,45.75,46.55,511512.0,
2018-11-20,46.55,46.55,42.8,43.45,735151.0,
2018-11-21,43.0,43.0,40.6,41.0,2199792.0,
2018-11-22,41.25,42.1,39.85,40.15,890657.0,
2018-11-26,40.2,40.4,39.0,39.5,479171.0,
2018-11-27,39.35,40.15,38.25,39.15,999712.0,
2018-11-28,39.4,39.8,37.4,37.95,504950.0,
2018-11-29,38.25,39.0,37.65,37.95,463083.0,
2018-11-30,38.4,38.5,36.85,37.1,873164.0,
2018-12-03,37.75,38.35,36.5,37.15,745026.0,
2018-12-04,37.5,38.6,36.8,37.4,580666.0,
2018-12-05,37.3,37.3,35.75,35.9,445676.0,
2018-12-06,35.5,35.5,34.6,34.85,349701.0,
2018-12-07,35.0,35.0,33.8,33.95,413545.0,
2018-12-10,33.1,33.6,31.5,31.7,703903.0,
2018-12-11,31.7,32.9,30.8,32.1,1027278.0,
2018-12-12,32.4,34.05,32.3,33.0,1490339.0,
2018-12-13,33.3,34.1,32.8,33.05,1324984.0,
2018-12-14,32.95,33.5,32.45,32.95,499175.0,
2018-12-17,32.95,33.45,32.75,32.9,423080.0,
2018-12-18,32.8,33.4,32.55,32.95,488664.0,
2018-12-19,33.5,34.4,32.8,32.95,1579276.0,
2018-12-20,32.85,33.45,32.65,33.0,637329.0,
2018-12-21,33.2,33.35,32.4,32.65,493140.0,
2018-12-24,32.8,32.85,32.15,32.5,376442.0,
2018-12-26,32.6,32.8,31.75,32.55,285773.0,
2018-12-27,32.75,32.95,32.3,32.35,212612.0,
2018-12-28,32.4,33.4,32.4,33.0,344470.0,
2018-12-31,33.1,34.85,33.1,34.2,3261323.0,
2019-01-01,34.2,34.5,34.0,34.25,408058.0,
2019-01-02,34.75,35.0,33.6,33.8,1208429.0,
2019-01-03,33.7,33.8,32.8,32.9,512767.0,
2019-01-04,33.2,33.25,32.5,33.1,270174.0,
2019-01-07,33.65,33.9,33.05,33.2,352958.0,
2019-01-08,33.5,33.6,33.0,33.1,396164.0,
2019-01-09,33.2,33.5,32.5,32.8,435952.0,
2019-01-10,33.0,33.05,32.45,32.95,192285.0,
2019-01-11,32.9,33.75,32.9,33.1,530647.0,
2019-01-14,33.1,33.15,32.55,32.65,237912.0,
2019-01-15,32.85,33.6,32.75,33.15,542694.0,
2019-01-16,33.3,33.5,32.9,33.0,313531.0,
2019-01-17,33.2,33.2,32.0,32.25,345578.0,
2019-01-18,32.5,32.5,31.1,31.25,471784.0,
2019-01-21,31.5,31.55,30.45,30.7,772402.0,
2019-01-22,31.0,31.0,29.35,29.7,910912.0,
2019-01-23,29.65,29.7,27.8,28.4,871079.0,
2019-01-24,28.8,29.4,28.5,29.15,461452.0,
2019-01-25,29.2,29.7,28.05,28.5,565787.0,
2019-01-28,28.75,28.75,26.2,26.75,1187628.0,
2019-01-29,26.9,26.9,26.1,26.65,405907.0,
2019-01-30,26.95,27.4,26.5,27.2,415043.0,
2019-01-31,27.0,27.6,26.25,27.4,570378.0,
2019-02-01,27.4,28.5,26.6,26.8,687867.0,
2019-02-04,26.9,27.0,26.0,26.3,314977.0,
2019-02-05,26.05,26.25,24.05,24.75,623922.0,
2019-02-06,25.1,25.1,24.05,24.55,425940.0,
2019-02-07,24.3,25.2,23.4,24.5,1238084.0,
2019-02-08,24.1,26.45,23.6,25.6,670257.0,
2019-02-11,26.0,28.5,24.6,27.75,1012239.0,
2019-02-12,27.75,33.25,27.55,32.35,4378244.0,
2019-02-13,32.5,32.95,29.6,30.05,995681.0,
2019-02-14,30.05,30.7,27.85,28.9,813275.0,
2019-02-15,28.85,32.0,28.0,30.55,556921.0,
2019-02-18,31.0,31.75,30.0,30.8,436009.0,
2019-02-19,30.7,31.5,30.2,30.9,432553.0,
2019-02-20,30.75,32.0,30.25,31.5,448173.0,
2019-02-21,31.8,32.2,31.2,31.7,285411.0,
2019-02-22,31.7,33.65,31.65,33.25,672126.0,
2019-02-25,33.75,35.0,33.35,34.7,649619.0,
2019-02-26,34.05,35.5,32.35,34.55,870430.0,
2019-02-27,35.3,36.0,34.0,35.0,1160064.0,
2019-02-28,35.5,35.75,34.8,35.25,326978.0,
2019-03-01,35.4,36.2,35.2,35.85,493565.0,
2019-03-05,36.0,42.6,36.0,41.3,2337370.0,
2019-03-06,43.5,43.65,41.95,42.2,1143421.0,
2019-03-07,42.55,42.55,40.5,41.45,735199.0,
2019-03-08,41.5,42.5,40.25,42.0,824115.0,
2019-03-11,42.0,43.8,42.0,43.1,547615.0,
2019-03-12,43.65,44.35,42.55,43.05,623992.0,
2019-03-13,43.35,43.65,40.95,41.5,557858.0,
2019-03-14,42.0,42.0,37.95,38.9,1048370.0,
2019-03-15,39.0,40.4,38.7,38.95,919410.0,
2019-03-18,39.4,39.95,36.9,38.25,571689.0,
2019-03-19,39.2,41.9,38.4,40.5,1003353.0,
2019-03-20,40.95,41.85,39.7,40.1,599870.0,
2019-03-22,40.3,42.0,37.1,40.2,857112.0,
2019-03-25,40.0,40.6,38.8,40.05,387408.0,
2019-03-26,40.35,40.5,39.5,39.8,509970.0,
2019-03-27,40.0,40.4,38.0,38.6,2270301.0,
2019-03-28,38.9,39.9,38.5,39.2,300257.0,
2019-03-29,39.5,41.8,39.25,40.6,1017314.0,
2019-04-01,41.15,44.1,40.8,41.95,5551292.0,
2019-04-02,42.25,42.95,41.5,42.1,1083523.0,
2019-04-03,42.4,43.4,42.2,42.4,1009471.0,
2019-04-04,42.0,42.5,41.0,41.35,526867.0,
2019-04-05,41.5,42.6,41.0,41.15,496599.0,
2019-04-08,41.15,41.65,40.7,40.95,265613.0,
2019-04-09,41.0,41.0,39.2,40.2,436667.0,
2019-04-10,40.2,41.75,39.8,40.2,765421.0,
2019-04-11,40.4,40.75,39.75,40.0,293754.0,
2019-04-12,40.0,40.45,39.6,39.75,401996.0,
2019-04-15,40.0,40.15,39.5,40.0,455320.0,
2019-04-16,39.75,40.3,39.7,39.8,237613.0,
2019-04-18,40.1,40.35,39.0,39.15,229662.0,
2019-04-22,39.0,39.7,38.1,38.55,441120.0,
2019-04-23,38.75,38.8,37.6,37.85,267017.0,
2019-04-24,37.95,38.2,37.8,38.05,151415.0,
2019-04-25,38.25,38.95,37.1,37.9,219200.0,
2019-04-26,38.1,39.35,38.0,38.2,362045.0,
2019-04-30,38.3,38.3,36.55,37.4,222394.0,
2019-05-02,37.0,37.25,36.6,36.8,133544.0,
2019-05-03,36.4,36.65,35.7,35.95,232971.0,
2019-05-06,35.75,35.75,35.0,35.1,129311.0,
2019-05-07,35.0,35.5,32.45,33.2,527736.0,
2019-05-08,33.05,33.2,32.1,33.0,244391.0,
2019-05-09,33.05,35.7,32.4,35.1,454717.0,
2019-05-10,35.0,38.8,34.25,38.1,1211378.0,
2019-05-13,38.1,38.1,34.4,34.9,263906.0,
2019-05-14,34.6,35.65,33.3,34.55,251262.0,
2019-05-15,34.7,36.35,33.75,34.05,223259.0,
2019-05-16,34.2,35.85,32.8,34.85,456075.0,
2019-05-17,34.45,34.7,33.85,34.2,212080.0,
2019-05-20,36.0,39.9,33.0,38.05,1187869.0,
2019-05-21,38.0,38.4,36.0,37.7,377704.0,
2019-05-22,37.0,37.3,36.4,36.6,175298.0,
2019-05-23,37.5,38.6,36.35,37.1,227540.0,
2019-05-24,37.1,38.7,36.55,38.15,261393.0,
2019-05-27,38.0,39.5,37.5,38.9,642951.0,
2019-05-28,38.9,39.55,38.05,39.1,432343.0,
2019-05-29,39.3,39.3,37.55,38.0,247873.0,
2019-05-30,38.7,39.3,37.65,38.75,169753.0,
2019-05-31,39.0,39.3,37.5,37.75,129131.0,
2019-06-03,38.4,38.7,37.0,38.0,246187.0,
2019-06-04,38.0,38.1,37.05,37.45,185157.0,
2019-06-06,37.4,37.4,36.1,36.55,191118.0,
2019-06-07,37.0,37.3,36.1,36.6,196117.0,
2019-06-10,37.95,38.45,36.2,36.55,233372.0,
2019-06-11,37.3,37.3,35.6,35.9,230728.0,
2019-06-12,35.9,38.6,35.9,38.3,579850.0,
2019-06-13,38.6,38.6,36.85,37.15,276809.0,
2019-06-14,37.6,38.6,36.7,36.95,469570.0,
2019-06-17,37.0,37.0,35.2,35.55,187339.0,
2019-06-18,35.5,35.85,32.25,33.1,531128.0,
2019-06-19,33.3,34.95,31.55,32.15,668461.0,
2019-06-20,32.15,33.15,31.5,32.4,496568.0,
2019-06-21,32.5,33.65,32.05,32.65,377686.0,
2019-06-24,32.5,33.6,32.5,33.25,208259.0,
2019-06-25,33.5,33.6,31.75,32.6,381639.0,
2019-06-26,32.4,34.8,32.1,34.15,443134.0,
2019-06-27,34.75,36.0,34.0,35.35,319898.0,
2019-06-28,35.9,36.5,35.2,36.05,197150.0,
2019-07-01,36.0,36.5,35.0,35.4,205800.0,
2019-07-02,35.6,35.7,33.35,33.7,219661.0,
2019-07-03,34.15,34.15,32.6,32.75,324046.0,
2019-07-04,33.15,33.95,32.6,33.25,281053.0,
2019-07-05,33.5,33.8,32.5,32.7,172415.0,
2019-07-08,32.7,33.0,31.1,31.7,222187.0,
2019-07-09,31.7,32.3,31.35,31.8,171913.0,
2019-07-10,31.8,32.2,30.85,31.2,134137.0,
2019-07-11,31.8,31.95,31.1,31.65,127504.0,
2019-07-12,31.65,32.3,31.65,31.95,172694.0,
2019-07-15,32.05,32.2,31.4,31.7,59686.0,
2019-07-16,31.8,31.9,30.7,30.85,287160.0,
2019-07-17,30.7,31.7,30.7,31.5,128364.0,
2019-07-18,31.5,31.55,30.7,31.0,142067.0,
2019-07-19,31.25,31.5,29.7,29.8,204916.0,
2019-07-22,29.0,29.85,28.35,29.65,184233.0,
2019-07-23,29.65,30.6,29.3,29.95,149632.0,
2019-07-24,29.95,31.1,29.85,30.0,234727.0,
2019-07-25,30.0,30.25,29.05,29.9,102064.0,
2019-07-26,29.1,31.3,29.1,30.9,117340.0,
2019-07-29,30.5,30.85,29.2,29.45,195868.0,
2019-07-30,29.4,29.85,28.8,29.05,121672.0,
2019-07-31,28.9,30.1,27.9,29.6,307202.0,
2019-08-01,29.5,30.0,28.6,29.1,147965.0,
2019-08-02,28.85,30.3,27.85,28.75,241237.0,
2019-08-05,29.0,29.45,27.75,28.2,209845.0,
2019-08-06,28.25,30.25,27.8,29.85,280582.0,
2019-08-07,29.1,32.3,29.1,30.8,334150.0,
2019-08-08,31.45,31.45,28.8,29.2,267812.0,
2019-08-09,29.2,30.25,29.2,29.9,248935.0,
2019-08-13,28.8,30.5,28.7,29.9,218698.0,
2019-08-14,29.85,31.4,29.5,30.85,178925.0,
2019-08-16,31.1,31.65,30.05,31.05,218389.0,
2019-08-19,31.25,31.6,30.1,31.15,206289.0,
2019-08-20,31.15,31.15,28.75,29.4,485056.0,
2019-08-21,28.95,29.2,27.95,28.4,320720.0,
2019-08-22,28.8,28.8,26.8,28.3,283445.0,
2019-08-23,27.9,29.9,27.7,29.6,249081.0,70.21
2019-09-30,34.75,36.0,34.0,35.35,319898.0,54.44
2019-10-01,35.1,35.4,32.65,34.15,432471.0,47.17
2019-10-02,35.1,35.4,32.65,34.15,432471.0,47.17
2019-10-03,34.15,35.1,33.85,34.15,149681.0,39.2
2019-10-04,35.0,35.1,33.5,33.75,163785.0,41.96
2019-10-07,33.5,34.3,33.0,33.1,193175.0,63.15
2019-10-08,33.5,34.3,33.0,33.1,193175.0,63.15
2019-10-09,33.3,35.25,32.75,34.95,295647.0,60.05
2019-10-10,34.7,35.3,33.8,34.0,122564.0,49.36
2019-10-11,34.5,35.0,33.5,33.6,156735.0,38.34
2019-10-14,34.75,35.0,33.55,33.7,141776.0,45.43
2019-10-15,33.55,34.9,33.4,34.3,276553.0,35.97
2019-10-16,34.8,34.8,33.2,33.6,156456.0,43.29
2019-10-17,33.6,34.0,33.1,33.95,130178.0,60.89
2019-10-18,33.8,35.0,33.8,34.65,265179.0,67.57
2019-10-21,33.8,35.0,33.8,34.65,265179.0,67.57
2019-10-22,34.65,36.1,34.1,34.3,212517.0,44.99
2019-10-23,34.45,35.5,33.95,34.2,152533.0,35.16
2019-10-24,34.65,34.65,33.5,33.8,80755.0,44.63
2019-10-25,34.3,34.3,33.25,33.5,62234.0,65.15
2019-10-28,34.0,34.15,33.45,33.65,39780.0,93.67
2019-10-29,34.2,34.95,33.65,34.75,324310.0,62.56
2019-10-30,34.95,34.95,34.1,34.3,157526.0,74.42
2019-10-31,34.7,34.95,34.4,34.65,169732.0,68.19
2019-11-01,34.85,36.9,34.6,36.5,558555.0,53.65
2019-11-04,36.7,39.1,36.7,38.5,1087015.0,61.17
2019-11-05,38.75,39.1,35.6,36.4,502428.0,48.04
2019-11-06,36.0,36.4,35.45,35.85,347258.0,67.4
2019-11-07,35.35,37.0,35.25,36.4,315900.0,53.93
2019-11-08,35.65,36.2,35.0,35.25,272076.0,52.48
2019-11-11,35.3,37.85,35.1,37.4,480494.0,67.01
2019-11-12,35.3,37.85,35.1,37.4,480494.0,67.01
2019-11-13,38.0,39.45,36.35,36.7,1496710.0,37.06
2019-11-14,36.6,37.3,36.2,36.5,201237.0,46.54
2019-11-15,36.8,36.9,35.65,35.7,211520.0,49.06
2019-11-18,35.85,38.5,35.2,37.2,736861.0,47.11
2019-11-19,37.1,39.2,37.1,38.15,675092.0,52.01
2019-11-20,38.5,39.85,38.4,39.2,787211.0,64.91
2019-11-21,39.2,39.5,38.4,38.6,313464.0,58.66
2019-11-22,38.5,39.25,37.6,38.8,195205.0,52.54
2019-11-25,39.75,40.5,39.2,39.7,779998.0,46.83
2019-11-26,40.0,40.0,37.4,37.65,398076.0,51.27
2019-11-27,38.0,38.95,37.75,38.0,286877.0,51.7
2019-11-28,38.25,40.25,37.5,38.3,1615525.0,30.57
2019-11-29,38.5,39.45,38.2,38.65,341147.0,47.4
2019-12-02,38.95,39.45,37.9,38.95,453074.0,60.49
2019-12-03,39.25,39.25,37.15,37.4,304029.0,58.99
2019-12-04,37.6,38.25,36.4,37.75,285948.0,52.41
2019-12-05,37.85,38.4,37.1,37.35,264601.0,64.91
2019-12-06,37.65,38.7,36.65,38.05,321305.0,47.56
2019-12-09,38.25,39.1,37.65,38.2,261639.0,61.48
2019-12-10,38.35,38.4,37.2,37.45,158048.0,72.01
2019-12-11,37.45,38.1,37.2,37.85,110299.0,55.9
2019-12-12,38.25,38.25,37.5,37.7,142986.0,51.25
2019-12-13,38.0,38.75,37.6,37.95,256152.0,62.62
2019-12-16,38.15,38.35,37.2,37.5,140132.0,60.12
2019-12-17,37.4,38.75,37.4,38.25,245811.0,47.51
2019-12-18,38.55,38.95,38.0,38.1,166808.0,40.77
2019-12-19,37.85,38.4,37.75,37.95,124532.0,50.3
2019-12-20,38.45,40.2,37.45,39.15,1534739.0,53.34
2019-12-23,39.15,39.5,38.25,38.45,434063.0,44.3
2019-12-24,38.45,38.95,37.1,37.55,411546.0,57.18
2019-12-25,38.45,38.95,37.1,37.55,411546.0,57.18
2019-12-26,37.55,38.35,36.6,37.3,475994.0,58.97
2019-12-27,37.3,38.1,37.0,37.9,349435.0,56.12
2019-12-30,38.0,38.2,37.3,37.7,308598.0,61.84
2019-12-31,37.95,39.1,37.65,38.65,729969.0,52.58
2020-01-01,38.9,39.4,38.35,39.05,462305.0,48.56
2020-01-02,39.4,41.7,38.65,39.35,2331596.0,48.19
2020-01-03,39.4,41.2,38.85,39.3,1342182.0,47.32
2020-01-06,38.7,39.0,37.65,38.25,437931.0,61.91
2020-01-07,38.3,39.25,37.8,38.1,542722.0,62.04
2020-01-08,37.8,38.4,37.35,38.1,497633.0,43.02
2020-01-09,38.75,42.2,38.1,41.2,25216898.0,39.15
2020-01-10,43.1,47.25,42.15,43.1,17156920.0,32.35
2020-01-13,43.8,44.75,42.35,43.3,2976725.0,41.49
2020-01-14,43.55,44.75,42.8,43.6,2510205.0,44.7
2020-01-15,43.75,45.8,43.0,44.8,2297003.0,56.12
2020-01-16,45.75,46.8,44.7,45.35,3517964.0,39.75
2020-01-17,45.0,45.85,42.95,43.85,1742445.0,49.59
2020-01-20,43.25,44.9,42.6,43.3,1590348.0,42.92
2020-01-21,42.9,44.6,42.9,43.45,1138574.0,44.54
2020-01-22,43.65,44.2,43.0,43.3,626132.0,50.34
2020-01-23,43.4,44.9,43.35,44.3,1384826.0,61.06
2020-01-24,44.1,45.65,43.9,45.25,1218666.0,59.6
2020-01-27,44.55,44.8,43.05,43.35,1089970.0,62.4
2020-01-28,43.7,44.55,42.2,42.5,992495.0,45.34
2020-01-29,42.8,43.9,42.65,43.2,525314.0,54.66
2020-01-30,43.1,43.3,40.8,41.1,1039374.0,47.85
2020-01-31,41.5,43.2,40.05,40.3,2363639.0,31.98
2020-02-03,38.4,39.9,37.9,38.7,1019468.0,59.32
2020-02-04,39.3,40.4,38.85,39.8,684656.0,50.02
2020-02-05,40.5,42.4,39.95,41.75,1145065.0,46.87
2020-02-06,42.05,42.9,41.55,42.25,839254.0,52.81
2020-02-07,42.05,43.25,41.8,42.3,516158.0,38.21
2020-02-10,42.2,42.65,40.5,41.7,1420521.0,31.29
2020-02-11,41.8,42.5,41.1,41.35,892517.0,63.32
2020-02-12,42.85,43.3,40.4,41.6,1471218.0,30.63
2020-02-13,41.6,42.0,40.8,41.05,506949.0,45.93
2020-02-14,41.2,42.25,40.6,41.05,3328630.0,79.8
2020-02-17,41.15,41.95,39.7,40.25,3006267.0,77.02
2020-02-18,39.85,40.05,38.8,39.1,833303.0,67.04
2020-02-19,39.3,42.4,39.1,41.15,2192412.0,26.54
2020-02-20,41.35,42.4,41.0,41.6,1494611.0,52.79
2020-02-21,41.35,42.4,41.0,41.6,1494611.0,52.79
2020-02-24,41.0,41.9,40.25,40.6,793916.0,63.38
2020-02-25,40.7,42.2,40.7,41.8,854139.0,67.85
2020-02-26,41.1,41.85,39.9,40.15,1269038.0,52.95
2020-02-27,40.4,42.1,39.9,40.45,2398491.0,70.93
2020-02-28,39.6,41.2,38.5,39.0,2215395.0,69.53
2020-03-02,40.5,42.9,39.1,39.7,1733523.0,39.31
2020-03-03,40.1,41.0,39.5,39.7,810469.0,55.86
2020-03-04,39.95,40.2,38.4,39.8,1171025.0,73.43
2020-03-05,40.4,40.8,39.5,40.0,1134299.0,43.19
2020-03-06,39.0,41.6,38.0,41.15,961886.0,59.05
2020-03-09,39.55,40.4,38.1,38.35,615930.0,57.35
2020-03-10,39.55,40.4,38.1,38.35,615930.0,57.35
2020-03-11,38.5,39.0,35.25,35.95,810905.0,64.98
2020-03-12,33.5,33.95,29.3,29.85,4073490.0,78.08
2020-03-13,27.7,32.6,27.0,31.65,1162714.0,52.07
2020-03-16,31.25,32.0,29.55,30.3,437796.0,52.21
2020-03-17,30.9,31.5,29.5,29.85,296918.0,55.42
2020-03-18,30.0,30.75,25.5,26.8,761365.0,59.19
2020-03-19,25.0,27.0,24.5,26.05,642106.0,36.52
2020-03-20,26.5,28.8,26.25,28.0,808049.0,42.86
2020-03-23,24.5,26.0,22.7,23.1,629714.0,67.73
2020-03-24,24.0,24.95,22.05,23.45,413632.0,67.66
2020-03-25,23.3,24.4,22.0,23.75,267943.0,63.67
2020-03-26,24.0,25.2,23.25,24.7,272941.0,57.87
2020-03-27,25.45,27.25,21.4,24.5,532668.0,52.39
2020-03-30,23.95,24.6,22.8,23.4,282639.0,61.71
2020-03-31,24.5,24.5,23.75,24.1,156500.0,55.12
2020-04-01,24.65,24.9,24.1,24.3,109067.0,53.11
2020-04-02,24.65,24.9,24.1,24.3,109067.0,53.11
2020-04-03,24.1,25.0,23.05,24.2,161079.0,52.81
2020-04-06,24.1,25.0,23.05,24.2,161079.0,52.81
2020-04-07,25.05,27.8,24.9,26.85,414086.0,65.27
2020-04-08,26.65,29.5,25.15,26.95,578828.0,30.91
2020-04-09,27.2,29.0,27.2,28.5,359160.0,49.28
2020-04-10,27.2,29.0,27.2,28.5,359160.0,49.28
2020-04-13,28.85,28.9,26.9,28.4,258689.0,51.35
2020-04-15,28.75,29.25,27.5,28.0,320351.0,54.79
2020-04-16,27.95,28.75,27.9,28.4,206991.0,62.96
2020-04-17,29.2,29.6,28.45,29.3,327552.0,57.1
2020-04-20,30.0,30.25,29.05,29.35,179365.0,52.4
2020-04-21,28.05,28.7,27.5,28.55,309127.0,70.05
2020-04-22,27.75,28.9,27.7,28.55,170779.0,71.1
2020-04-23,29.15,29.45,28.75,28.95,103990.0,59.16
2020-04-24,28.6,28.85,28.0,28.55,144734.0,66.82
2020-04-27,28.55,30.2,28.5,29.75,210043.0,71.08
2020-04-28,30.5,30.8,29.4,30.35,328358.0,56.99
2020-04-29,30.4,31.6,29.7,31.0,606527.0,70.92
2020-04-30,31.95,32.35,31.0,31.2,292403.0,53.47
2020-05-01,31.95,32.35,31.0,31.2,292403.0,53.47
2020-05-04,30.0,30.6,25.6,28.85,635264.0,53.32
2020-05-05,29.1,29.75,28.4,28.65,187462.0,53.78
2020-05-06,28.65,29.35,28.35,28.9,267908.0,64.32
2020-05-07,28.8,29.15,26.8,28.7,316082.0,61.52
2020-05-08,29.45,29.5,28.05,28.5,146411.0,62.47
2020-05-11,29.25,29.25,28.45,28.5,180328.0,81.58
2020-05-12,28.75,28.75,28.0,28.3,146555.0,55.87
2020-05-13,30.4,30.4,28.75,29.05,331714.0,60.56
2020-05-14,28.85,29.2,28.65,28.8,79774.0,61.01
2020-05-15,28.35,29.85,28.3,28.75,206884.0,57.0
2020-05-18,29.15,29.15,26.85,27.25,154364.0,58.8
2020-05-19,27.5,28.25,26.3,26.55,270979.0,56.06
2020-05-20,26.6,27.1,26.35,26.55,124974.0,52.44
2020-05-21,27.0,27.5,26.55,26.8,177673.0,55.38
2020-05-22,26.7,27.35,26.2,26.8,263791.0,73.16
2020-05-25,26.7,27.35,26.2,26.8,263791.0,73.16
2020-05-26,26.85,27.5,26.7,26.8,196591.0,44.42
2020-05-27,27.05,27.3,26.5,26.75,167454.0,60.25
2020-05-28,26.8,27.45,26.3,26.6,210693.0,58.62
2020-05-29,26.4,27.2,26.4,27.0,108196.0,69.37
2020-06-01,27.45,31.3,27.25,30.5,876528.0,46.77
2020-06-02,31.4,31.4,29.6,30.15,281766.0,45.16
2020-06-03,31.15,33.0,30.7,31.45,789030.0,46.95
2020-06-04,31.8,33.3,25.8,32.75,1225466.0,32.47
2020-06-05,33.5,38.4,33.25,36.6,2297521.0,29.43
2020-06-08,36.0,36.7,34.0,34.65,1027334.0,61.18
2020-06-09,34.7,35.6,33.5,34.1,404956.0,51.17
2020-06-10,34.1,34.5,31.5,32.4,496964.0,54.51
2020-06-11,33.0,34.5,31.85,32.95,726779.0,55.18
2020-06-12,32.0,33.2,30.75,33.0,279804.0,39.17
2020-06-15,33.3,33.3,31.8,32.15,285538.0,53.5
2020-06-16,32.95,35.95,32.65,33.9,1023611.0,46.53
2020-06-17,34.8,34.9,32.7,33.45,461784.0,45.41
2020-06-18,33.65,36.6,33.6,36.3,1273799.0,49.55
2020-06-19,36.8,41.5,36.8,39.1,3002385.0,39.37
2020-06-22,39.1,41.55,37.0,37.8,1167849.0,50.33
2020-06-23,38.0,39.0,37.6,38.5,591941.0,36.67
2020-06-24,39.25,40.6,37.55,37.85,975220.0,49.08
2020-06-25,38.0,38.45,37.05,37.35,340678.0,58.11
2020-06-26,38.0,38.45,37.2,37.4,257186.0,35.44
2020-06-29,37.5,40.1,36.4,39.75,1167935.0,51.6
2020-06-30,39.75,40.8,39.1,40.6,1609541.0,55.5
2020-07-01,40.55,40.55,39.2,39.5,211156.0,44.43
2020-07-02,39.95,42.0,39.55,41.05,1212314.0,55.22
2020-07-03,41.4,41.6,39.6,40.35,533145.0,57.17
2020-07-06,40.7,41.15,39.8,40.35,638508.0,70.35
2020-07-07,40.7,41.25,40.0,40.45,433307.0,65.74
2020-07-08,40.05,41.75,40.05,40.5,1115690.0,48.67
2020-07-09,40.85,42.4,40.35,40.6,890709.0,45.58
2020-07-10,40.35,41.45,39.9,40.65,644304.0,55.78
2020-07-13,40.95,41.2,40.65,40.85,434934.0,70.18
2020-07-14,40.95,40.95,38.65,39.45,320728.0,68.8
2020-07-15,39.7,40.3,39.05,39.8,641331.0,76.68
2020-07-16,39.8,39.85,38.05,38.7,275437.0,46.54
2020-07-17,39.6,40.15,38.25,38.4,653192.0,47.5
2020-07-20,38.6,38.9,38.05,38.35,197094.0,52.89
2020-07-21,38.7,38.75,38.15,38.4,157912.0,59.33
2020-07-22,38.4,39.25,37.7,38.95,353542.0,39.56
2020-07-23,39.1,39.95,38.15,38.75,355598.0,60.35
2020-07-24,38.75,38.75,37.3,37.75,299625.0,65.78
2020-07-27,37.75,37.95,35.4,36.3,216065.0,53.03
2020-07-28,36.5,37.2,36.3,36.55,304943.0,57.45
2020-07-29,36.45,37.4,36.45,36.85,212966.0,48.18
2020-07-30,37.3,38.0,35.6,35.8,319331.0,52.67
2020-07-31,36.0,36.45,35.25,35.45,179152.0,59.7
2020-08-03,35.45,36.35,35.3,35.85,151867.0,58.89
2020-08-04,36.25,36.95,36.1,36.7,184868.0,56.75
2020-08-05,37.1,39.0,37.1,38.55,699395.0,48.42
2020-08-06,38.95,40.0,37.7,37.8,621138.0,51.96
2020-08-07,38.2,39.8,38.0,39.45,470266.0,64.79
2020-08-10,40.05,44.05,40.05,43.5,1503910.0,69.07
2020-08-11,43.4,44.65,43.4,44.0,1696678.0,73.18
2020-08-12,43.9,44.2,43.1,44.0,1012632.0,81.05
2020-08-13,43.75,45.2,43.05,44.0,782498.0,65.84
2020-08-14,44.0,47.15,43.5,44.75,2444674.0,43.08
2020-08-17,45.15,47.9,45.1,47.5,2564975.0,38.11
2020-08-18,47.5,51.85,47.1,51.15,3289198.0,39.93
2020-08-19,51.05,52.2,50.05,50.45,1327775.0,50.49
2020-08-20,50.35,50.35,45.6,47.4,1010440.0,59.71
2020-08-21,52.95,53.0,50.1,51.15,4524379.0,31.61
2020-08-24,52.45,52.6,50.05,50.5,1263390.0,47.86
2020-08-25,51.05,51.05,48.9,49.8,798632.0,51.0
2020-08-26,50.3,52.3,49.35,51.15,1372444.0,56.36
2020-08-27,52.2,52.9,49.2,49.6,1345973.0,45.46
2020-08-28,49.65,50.0,46.8,47.2,1043205.0,63.81
2020-08-31,48.15,48.7,42.3,43.05,1286171.0,56.17
2020-09-01,42.6,46.95,42.1,45.75,837032.0,36.17
2020-09-02,46.3,48.65,45.75,48.0,1336913.0,26.98
2020-09-03,48.4,48.4,46.8,47.05,347443.0,45.13
2020-09-04,46.0,48.45,44.5,46.6,412255.0,33.36
2020-09-07,46.6,46.95,45.05,46.55,405124.0,46.1
2020-09-08,47.8,47.8,44.3,44.75,489148.0,38.09
2020-09-09,44.3,44.85,43.0,44.25,338752.0,35.67
2020-09-10,45.35,46.4,44.65,45.9,429359.0,41.43
2020-09-11,45.75,45.9,45.0,45.35,202951.0,53.29
2020-09-14,45.5,46.5,45.25,45.6,369437.0,50.77
2020-09-15,45.9,45.9,44.1,44.25,582813.0,58.43
2020-09-16,44.6,45.4,44.15,44.65,479069.0,46.8
2020-09-17,44.5,45.1,44.1,44.55,436399.0,59.91
2020-09-18,44.35,45.2,43.5,44.0,405854.0,57.72
2020-09-21,44.1,45.15,43.1,43.2,401590.0,80.66
2020-09-22,42.9,43.4,40.2,41.7,561617.0,52.7
2020-09-23,41.6,43.0,40.9,41.2,322673.0,66.77
2020-09-24,41.85,41.85,39.35,40.65,272821.0,62.92
2020-09-25,41.2,47.1,39.75,42.7,191064.0,44.17
2020-09-28,42.05,43.5,42.05,43.35,224921.0,60.23
2020-09-29,44.2,44.2,42.3,42.85,258857.0,56.38
2020-09-30,43.5,45.7,42.35,44.35,838736.0,31.14
2020-10-01,45.0,45.45,43.8,44.55,756749.0,30.36
2020-10-02,45.0,45.45,43.8,44.55,756749.0,30.36
2020-10-05,45.8,45.8,44.2,44.4,184009.0,42.77
2020-10-06,44.9,44.9,44.0,44.2,171533.0,41.54
2020-10-07,44.2,44.7,43.9,44.1,162240.0,46.65
2020-10-08,44.45,45.15,43.1,43.45,318758.0,53.19
2020-10-09,44.0,44.15,42.85,43.35,131955.0,46.35
2020-10-12,45.15,52.0,45.15,51.35,6639177.0,35.87
2020-10-13,51.9,53.5,49.35,52.7,3229927.0,31.46
2020-10-14,51.35,58.3,50.4,55.05,5799523.0,18.12
2020-10-15,54.9,57.5,52.7,53.7,1528719.0,33.99
2020-10-16,53.3,57.5,51.3,56.6,1940607.0,45.01
2020-10-19,58.75,62.0,57.3,59.8,4746109.0,31.52
2020-10-20,59.8,60.5,58.2,59.0,1247977.0,28.65
2020-10-21,59.6,60.0,57.0,59.35,1212338.0,30.27
2020-10-22,59.8,59.8,58.35,58.85,586767.0,34.37
2020-10-23,58.6,59.5,57.4,57.75,555859.0,46.54
2020-10-26,58.15,58.2,52.5,54.35,1669780.0,42.52
2020-10-27,54.45,57.9,53.5,57.4,1052702.0,39.14
2020-10-28,56.8,60.65,56.5,60.05,2686586.0,33.9
2020-10-29,60.05,62.25,58.6,61.8,3117016.0,27.02
2020-10-30,62.1,63.2,61.0,62.6,1929432.0,31.88
2020-11-02,62.65,62.65,58.1,58.95,1691432.0,39.13
2020-11-03,59.4,59.9,58.1,58.75,888479.0,24.31
2020-11-04,58.5,59.9,57.1,57.7,697309.0,30.04
2020-11-05,58.9,58.95,56.5,58.05,1093536.0,35.91
2020-11-06,58.5,60.7,58.0,58.4,1442092.0,36.77
2020-11-09,59.15,60.5,58.5,60.1,828902.0,46.16
2020-11-10,60.5,60.65,59.4,60.35,870586.0,54.64
2020-11-11,60.9,60.9,58.7,59.0,421068.0,49.3
2020-11-12,59.65,59.8,58.8,59.2,393517.0,57.37
2020-11-13,59.6,62.5,58.6,61.95,1182541.0,49.89
2020-11-16,62.55,63.65,61.25,61.75,341158.0,55.07
2020-11-17,61.75,63.5,61.7,63.0,1527910.0,57.38
2020-11-18,63.25,64.1,62.0,62.3,879371.0,43.91
2020-11-19,62.3,66.0,61.5,65.3,1789521.0,44.74
2020-11-20,65.75,67.35,65.4,65.85,1070030.0,45.08
2020-11-23,66.1,67.0,65.3,66.65,762919.0,54.63
2020-11-24,67.0,67.0,65.0,65.45,743856.0,55.38
2020-11-25,66.1,66.1,62.5,64.0,779461.0,47.99
2020-11-26,63.6,64.8,63.5,64.3,316762.0,40.61
2020-11-27,64.55,65.35,63.2,63.75,433834.0,50.92
2020-11-30,64.55,65.35,63.2,63.75,433834.0,50.92
2020-12-01,63.75,65.5,62.55,64.35,406021.0,48.63
2020-12-02,64.85,69.9,64.1,69.25,2442543.0,32.21
2020-12-03,69.9,73.0,69.6,71.7,1711710.0,42.67
2020-12-04,72.25,72.55,69.35,70.55,929461.0,55.47
2020-12-07,70.1,71.4,70.1,70.45,475790.0,64.63
2020-12-08,70.45,71.0,65.8,68.25,916575.0,49.73
2020-12-09,68.95,69.75,67.05,68.2,550117.0,63.12
2020-12-10,68.0,68.0,64.8,66.35,726549.0,49.71
2020-12-11,67.35,69.6,67.0,67.65,511092.0,39.54
2020-12-14,68.35,70.15,66.6,66.85,676609.0,53.5
2020-12-15,67.4,68.05,66.3,66.75,576405.0,57.96
2020-12-16,67.4,68.8,67.15,67.7,471332.0,44.47
2020-12-17,67.7,71.35,65.7,69.95,2369736.0,40.45
2020-12-18,70.5,72.7,68.55,71.4,2310678.0,41.76
2020-12-21,72.35,73.4,65.35,67.95,1706341.0,53.52
2020-12-22,67.3,69.45,62.5,66.8,965255.0,34.1
2020-12-23,68.15,72.2,66.8,71.05,1010057.0,46.59
2020-12-24,71.95,74.25,71.2,72.1,1684684.0,38.89
2020-12-25,71.95,74.25,71.2,72.1,1684684.0,38.89
2020-12-28,72.75,84.0,72.2,79.4,6559228.0,26.44
2020-12-29,85.35,85.35,79.35,80.15,3959116.0,32.82
2020-12-30,82.4,82.4,76.1,77.0,2679121.0,44.47
2020-12-31,76.95,77.35,74.3,75.7,1910066.0,41.13
2021-01-01,76.1,77.25,75.2,76.25,1026380.0,45.05
2021-01-04,77.75,84.7,77.3,83.8,6447447.0,48.92
2021-01-05,83.5,90.2,82.1,88.95,6062757.0,46.77
2021-01-06,88.8,92.0,85.7,87.5,4061972.0,49.36
2021-01-07,88.4,89.8,87.0,87.55,1776164.0,46.01
2021-01-08,87.9,90.2,87.3,88.55,1243737.0,52.56
2021-01-11,89.0,89.4,85.55,87.15,1581501.0,60.81
2021-01-12,85.05,96.0,85.05,94.25,5532250.0,46.1
2021-01-13,93.85,95.5,91.0,92.9,2246939.0,37.7
2021-01-14,92.75,92.75,89.2,89.7,1114835.0,54.38
2021-01-15,90.0,92.75,88.55,89.4,1452094.0,40.26
2021-01-18,89.05,89.35,85.2,85.95,890420.0,45.47
2021-01-19,86.55,88.9,86.25,87.35,594348.0,51.88
2021-01-20,88.1,90.8,87.5,89.75,1121740.0,40.23
2021-01-21,90.0,91.15,89.0,90.05,1582552.0,70.45
2021-01-22,89.0,89.95,85.1,85.6,763743.0,41.9
2021-01-25,86.45,86.75,81.25,82.0,635759.0,39.16
2021-01-26,86.45,86.75,81.25,82.0,635759.0,39.16
2021-01-27,79.7,88.8,78.0,83.55,1035407.0,33.79
2021-01-28,82.8,83.5,81.15,83.0,742761.0,31.03
2021-01-29,83.0,85.35,80.05,81.2,471776.0,31.46
2021-02-01,80.3,81.85,68.7,74.15,4886724.0,44.65
2021-02-02,76.0,78.75,73.35,73.8,1775740.0,49.62
2021-02-03,74.0,77.9,72.55,77.3,2028699.0,38.58
2021-02-04,77.3,78.9,76.55,78.25,861917.0,44.46
2021-02-05,81.7,82.7,75.25,76.45,3064996.0,44.67
2021-02-08,76.55,78.4,76.0,77.2,2198637.0,58.34
2021-02-09,78.4,79.5,74.95,75.35,1064027.0,46.54
2021-02-10,75.45,76.25,73.8,75.2,926996.0,39.19
2021-02-11,74.9,77.0,74.55,75.4,573102.0,40.92
2021-02-12,75.8,75.95,73.5,73.7,507568.0,58.09
2021-02-15,74.3,74.4,69.9,71.0,867973.0,60.42
2021-02-16,71.65,74.15,70.8,71.65,969825.0,39.31
2021-02-17,71.5,72.35,70.65,70.95,530397.0,53.91
2021-02-18,71.65,72.35,69.5,69.95,981464.0,67.13
2021-02-19,69.9,71.0,69.1,69.7,821311.0,41.02
2021-02-22,70.05,71.5,68.4,69.2,594942.0,39.68
2021-02-23,69.5,71.4,68.75,69.75,858995.0,28.92
2021-02-24,70.25,72.8,69.9,70.35,301251.0,47.68
2021-02-25,70.7,74.7,70.3,73.2,1185717.0,46.0
2021-02-26,72.1,73.45,70.5,71.2,996933.0,38.13
2021-03-01,71.75,72.6,70.05,70.25,640624.0,47.98
2021-03-02,70.85,71.45,69.75,70.05,507397.0,56.31
2021-03-03,70.9,79.9,70.6,77.6,8114082.0,24.72
2021-03-04,76.25,77.4,74.55,75.4,1574330.0,30.62
2021-03-05,75.4,75.75,73.0,73.7,926961.0,44.96
2021-03-08,74.65,74.85,73.5,73.7,378169.0,45.91
2021-03-09,73.8,74.8,72.05,72.25,380162.0,51.01
2021-03-10,73.5,73.6,72.05,72.75,444797.0,43.18
2021-03-11,73.5,73.6,72.05,72.75,444797.0,43.18
2021-03-12,73.75,73.9,71.55,72.0,379264.0,52.84
2021-03-15,73.4,73.4,69.3,70.0,911343.0,56.46
2021-03-16,70.85,71.35,69.1,69.35,526356.0,54.92
2021-03-17,70.2,70.2,66.75,67.35,413107.0,59.91
2021-03-18,68.45,69.0,63.55,65.1,756971.0,44.71
2021-03-19,64.0,66.3,60.45,65.75,858104.0,34.75
2021-03-22,66.5,66.65,65.0,65.5,523442.0,39.05
2021-03-23,66.0,66.4,64.7,65.2,361481.0,52.39
2021-03-24,65.0,67.5,63.65,67.1,1228996.0,64.52
2021-03-25,66.55,66.95,64.1,65.7,671578.0,48.4
2021-03-26,66.1,67.25,65.5,66.1,1098626.0,52.22
2021-03-29,66.1,67.25,65.5,66.1,1098626.0,52.22
2021-03-30,66.95,68.3,66.1,67.9,980501.0,46.15
2021-03-31,68.2,69.8,67.0,67.6,1038309.0,56.15
2021-04-01,68.15,70.9,67.8,69.85,1180708.0,49.66
2021-04-02,68.15,70.9,67.8,69.85,1180708.0,49.66
2021-04-05,70.0,72.25,68.0,70.1,961261.0,49.87
2021-04-06,70.85,71.65,70.2,71.0,779921.0,63.23
2021-04-07,71.3,71.6,69.5,70.45,762230.0,68.97
2021-04-08,72.0,76.2,71.65,74.6,2495209.0,54.12
2021-04-09,79.0,80.75,77.8,79.6,3660046.0,49.97
2021-04-12,77.85,77.85,70.5,71.5,1778998.0,52.17
2021-04-13,72.7,73.9,70.6,72.85,976818.0,44.46
2021-04-14,72.7,73.9,70.6,72.85,976818.0,44.46
2021-04-15,73.85,74.95,72.7,73.6,546255.0,43.05
2021-04-16,74.15,76.65,73.0,75.3,869026.0,52.69
2021-04-19,73.7,75.85,71.0,74.8,931454.0,47.75
2021-04-20,77.9,78.65,75.1,75.85,854000.0,59.08
2021-04-21,77.9,78.65,75.1,75.85,854000.0,59.08
2021-04-22,75.25,77.6,75.25,76.9,11314373.0,69.58
2021-04-23,77.3,81.35,75.35,78.05,5383699.0,48.26
2021-04-26,79.85,86.0,78.3,84.55,7109277.0,37.4
2021-04-27,85.0,87.4,82.75,83.4,4060779.0,50.19
2021-04-28,84.4,87.55,82.5,86.7,3642186.0,44.94
2021-04-29,87.85,91.0,86.8,90.3,4867586.0,44.8
2021-04-30,89.45,93.0,87.0,89.25,3015428.0,47.9
2021-05-03,89.7,93.8,89.25,92.9,2849943.0,45.53
2021-05-04,93.4,95.1,87.3,88.8,2470893.0,58.61
2021-05-05,90.05,94.9,89.1,91.35,1700333.0,43.8
2021-05-06,92.4,93.2,90.0,90.35,1347001.0,51.12
2021-05-07,92.0,101.9,90.0,98.15,9126655.0,31.7
2021-05-10,99.4,102.9,95.55,98.5,4477100.0,49.58
2021-05-11,96.6,96.6,92.2,93.9,3527965.0,47.71
2021-05-12,93.9,100.2,90.2,95.95,6378896.0,51.71
2021-05-13,93.9,100.2,90.2,95.95,6378896.0,51.71
2021-05-14,97.0,100.15,90.25,91.4,7037611.0,38.37
2021-05-17,92.0,97.0,90.65,95.05,3362718.0,40.76
2021-05-18,96.0,97.2,92.5,92.8,1619987.0,54.36
2021-05-19,93.9,95.2,93.55,94.4,1401895.0,54.29
2021-05-20,94.0,96.35,92.05,94.5,1674333.0,55.56
2021-05-21,95.2,98.3,95.0,95.8,1894829.0,45.98
2021-05-24,96.0,96.4,92.8,94.8,1093625.0,55.72
2021-05-25,94.8,96.85,93.1,93.95,974083.0,51.86
2021-05-26,94.5,94.5,91.2,92.65,1177639.0,61.78
2021-05-27,92.65,94.0,91.0,91.4,1256222.0,54.36
2021-05-28,92.15,97.0,91.65,92.55,2999239.0,40.1
2021-05-31,93.65,95.4,91.6,92.6,2319099.0,54.03
2021-06-01,93.35,93.6,90.7,91.45,759845.0,58.93
2021-06-02,91.25,94.0,91.25,93.65,1083720.0,61.52
2021-06-03,94.4,94.9,93.4,94.0,873071.0,69.65
2021-06-04,93.7,94.1,92.0,92.2,1883063.0,78.62
2021-06-07,92.7,94.25,92.7,93.2,833550.0,58.96
2021-06-08,93.2,93.95,92.25,92.85,721551.0,45.61
2021-06-09,92.5,94.45,91.4,92.85,1580856.0,48.91
2021-06-10,93.6,102.0,92.45,100.9,10603935.0,46.36
2021-06-11,101.8,106.7,97.3,105.25,7373942.0,32.91
2021-06-14,105.0,110.7,99.0,107.95,8553331.0,30.24
2021-06-15,107.8,109.5,103.3,104.5,3057602.0,38.86
2021-06-16,104.1,107.5,100.1,102.1,5490602.0,33.14
2021-06-17,100.25,104.65,96.0,98.3,3911370.0,40.32
2021-06-18,98.5,99.45,90.55,96.4,4366943.0,25.18
2021-06-21,94.0,102.05,92.3,100.75,1989468.0,24.13
2021-06-22,102.15,107.4,101.8,105.7,4425282.0,39.31
2021-06-23,107.0,107.5,100.3,102.1,2787263.0,29.01
2021-06-24,102.6,105.25,101.75,104.8,1959825.0,27.42
2021-06-25,105.2,108.6,105.0,106.75,3666422.0,31.86
2021-06-28,106.65,109.7,105.3,107.8,2408272.0,28.3
2021-06-29,106.9,109.8,106.05,107.4,1965974.0,28.66
2021-06-30,108.0,113.45,108.0,109.65,4966443.0,31.81
2021-07-01,109.95,110.75,107.1,109.3,1787122.0,32.22
2021-07-02,109.35,110.25,108.15,109.25,1465413.0,36.73
2021-07-05,110.6,110.8,105.7,106.3,1499097.0,56.01
2021-07-06,107.0,109.5,105.3,106.15,1227097.0,37.41
2021-07-07,106.1,111.5,105.5,109.95,2600311.0,48.79
2021-07-08,108.25,112.05,108.25,110.1,2731499.0,57.53
2021-07-09,108.95,124.2,108.75,120.8,12976716.0,33.52
2021-07-12,124.0,129.6,121.5,125.7,9260993.0,40.15
2021-07-13,126.7,127.4,123.05,124.6,2760554.0,56.51
2021-07-14,124.55,126.5,121.5,122.65,2466064.0,48.1
2021-07-15,121.6,126.0,117.05,125.3,5358329.0,45.23
2021-07-16,126.45,127.35,121.75,123.8,3126403.0,39.69
2021-07-19,122.95,126.5,122.5,124.9,2200123.0,46.14
2021-07-20,126.15,126.15,118.75,122.4,2462876.0,33.62
2021-07-21,126.15,126.15,118.75,122.4,2462876.0,33.62
2021-07-22,123.75,146.85,123.2,145.35,24364619.0,26.77
2021-07-23,148.0,158.4,139.05,154.7,17471519.0,21.91
2021-07-26,160.8,165.7,148.05,152.45,19964587.0,29.88
2021-07-27,157.0,160.9,150.2,155.45,5799119.0,35.41
2021-07-28,155.5,155.9,144.0,150.7,3470978.0,41.45
2021-07-29,151.75,164.7,148.0,158.8,7562359.0,41.56
2021-07-30,159.6,168.4,158.5,162.3,5950279.0,36.29
2021-08-02,164.05,164.05,156.0,158.55,2434226.0,49.8
2021-08-03,159.15,160.0,155.0,158.0,1474123.0,36.71
2021-08-04,159.45,164.3,156.0,157.65,2027208.0,40.76
2021-08-05,158.25,158.45,151.05,153.15,1793882.0,50.04
2021-08-06,153.3,165.8,153.3,163.55,4667653.0,49.65
2021-08-09,164.5,167.9,157.2,160.15,2162808.0,39.96
2021-08-10,160.0,160.0,140.1,146.35,2820300.0,51.45
2021-08-11,145.0,152.9,140.0,151.6,3972229.0,33.28
2021-08-12,152.3,158.4,150.0,155.05,2184589.0,31.74
2021-08-13,155.9,162.9,155.1,159.25,4015378.0,27.29
2021-08-16,157.9,158.75,153.25,156.0,1645353.0,33.06
2021-08-17,154.65,157.0,151.8,152.7,1413512.0,46.3
2021-08-18,153.0,154.2,147.25,148.05,1423346.0,37.06
2021-08-19,153.0,154.2,147.25,148.05,1423346.0,37.06
2021-08-20,144.8,146.25,135.05,136.8,2849283.0,45.51
2021-08-23,139.4,141.8,125.65,128.85,3855788.0,36.26
2021-08-24,128.85,153.95,128.85,150.85,11325296.0,15.38
2021-08-25,149.2,153.8,146.55,149.65,5601228.0,13.44
2021-08-26,148.45,149.55,144.05,144.55,1851078.0,30.1
2021-08-27,145.0,149.9,144.65,146.6,2037182.0,21.71
2021-08-30,148.2,157.2,148.0,151.1,3899266.0,22.92
2021-08-31,152.1,154.05,148.55,150.5,2003835.0,24.77
2021-09-01,150.85,151.4,145.3,147.6,1570079.0,32.33
2021-09-02,147.5,150.55,147.25,149.2,1045357.0,27.05
2021-09-03,149.95,154.95,149.0,151.55,2253701.0,24.75
2021-09-06,152.9,161.8,152.6,160.0,7218668.0,28.06
2021-09-07,160.5,162.7,156.3,159.05,3528722.0,30.45
2021-09-08,159.9,161.6,157.0,159.4,1598101.0,36.4
2021-09-09,160.0,167.75,160.0,164.05,4294187.0,29.37
2021-09-10,160.0,167.75,160.0,164.05,4294187.0,29.37
2021-09-13,164.4,164.8,161.1,163.5,1624880.0,34.25
2021-09-14,164.7,168.75,162.25,164.25,2410232.0,38.59
2021-09-15,164.4,167.0,162.4,163.15,1346681.0,38.94
2021-09-16,165.0,174.4,165.0,167.15,5604717.0,34.71
2021-09-17,168.35,168.35,158.7,163.8,3016781.0,38.16
2021-09-20,161.0,161.85,154.0,155.15,2306524.0,43.38
2021-09-21,155.15,158.9,149.0,157.85,2598647.0,26.38
2021-09-22,158.0,161.95,156.9,161.15,1585585.0,37.36
2021-09-23,164.05,166.7,162.0,162.8,1419055.0,44.47
2021-09-24,164.55,164.55,157.3,160.25,1586907.0,39.73
2021-09-27,162.0,162.0,156.0,156.7,933054.0,33.7
2021-09-28,156.65,158.65,155.0,156.45,1019386.0,26.62
2021-09-29,156.8,165.8,155.0,160.25,2859680.0,27.86
2021-09-30,161.4,164.8,160.3,162.0,1553668.0,35.83
2021-10-01,160.0,169.9,159.0,168.35,3580839.0,31.62
2021-10-04,170.0,176.95,169.05,175.35,4508698.0,30.48
2021-10-05,176.0,181.4,175.35,177.1,3502135.0,27.75
2021-10-06,178.8,179.6,169.05,170.1,2013057.0,35.22
2021-10-07,171.5,174.9,163.85,167.8,2162906.0,36.88
2021-10-08,169.1,171.95,167.5,168.35,1302726.0,31.32
2021-10-11,169.45,172.15,166.5,167.65,1043545.0,35.79
2021-10-12,168.0,169.3,164.65,166.6,1000589.0,36.4
2021-10-13,167.45,175.95,165.8,172.05,2957377.0,33.32
2021-10-14,173.7,175.55,171.05,172.05,1443119.0,39.09
2021-10-15,173.7,175.55,171.05,172.05,1443119.0,39.09
2021-10-18,173.6,188.4,173.55,185.45,4773858.0,42.43
2021-10-19,186.9,187.5,175.5,177.7,2194751.0,28.39
2021-10-20,177.7,178.2,169.25,172.65,1568230.0,30.27
2021-10-21,173.85,176.3,170.0,173.05,1247618.0,29.86
2021-10-22,174.2,175.85,166.55,168.05,1029389.0,34.21
2021-10-25,167.3,169.35,160.95,166.9,1220511.0,26.22
2021-10-26,170.0,196.75,168.85,192.35,12258509.0,17.99
2021-10-27,190.0,207.9,188.15,195.05,8925926.0,23.37
2021-10-28,195.05,201.75,189.0,190.85,4061680.0,25.59
2021-10-29,190.45,197.8,180.1,191.75,3008978.0,16.96
2021-11-01,193.4,201.0,193.4,197.5,2196287.0,25.15
2021-11-02,198.5,199.6,193.65,196.3,1237195.0,26.43
2021-11-03,197.9,198.75,192.0,193.65,934457.0,27.14
2021-11-04,197.9,198.75,192.0,193.65,934457.0,27.14
2021-11-05,194.0,195.4,191.8,192.9,207300.0,60.67
2021-11-08,193.9,198.0,190.5,195.8,1216510.0,33.84
2021-11-09,196.4,196.4,190.2,191.35,1211525.0,46.29
2021-11-10,189.6,190.8,182.0,182.95,1270855.0,48.78
2021-11-11,183.8,186.0,178.2,179.95,1264922.0,29.04
2021-11-12,180.95,186.4,180.55,184.25,1425054.0,34.81
2021-11-15,185.7,185.9,180.1,182.5,741587.0,46.53
2021-11-16,182.2,184.8,181.25,182.2,772700.0,42.05
2021-11-17,182.0,185.9,181.35,183.75,795804.0,40.41
2021-11-18,183.8,184.7,171.35,175.25,1498721.0,36.81
2021-11-19,183.8,184.7,171.35,175.25,1498721.0,36.81
2021-11-22,173.0,174.8,163.65,167.45,1586589.0,39.25
2021-11-23,166.5,175.55,165.55,174.3,1126268.0,35.61
2021-11-24,175.2,178.8,173.0,174.0,965861.0,41.78
2021-11-25,175.3,182.0,174.6,181.25,1297208.0,40.95
2021-11-26,179.0,179.0,167.0,168.3,1026505.0,39.49
2021-11-29,168.25,168.95,152.2,158.3,1344584.0,30.38
2021-11-30,159.8,168.95,157.3,165.15,4447071.0,65.34
2021-12-01,163.2,166.45,162.8,164.8,845733.0,38.5
2021-12-02,165.0,166.5,161.4,163.7,828439.0,44.76
2021-12-03,166.1,167.6,162.0,162.8,779870.0,35.3
2021-12-06,163.6,164.55,159.8,160.15,495281.0,28.96
2021-12-07,161.95,173.65,161.0,170.8,1455452.0,36.3
2021-12-08,173.1,175.5,170.15,173.0,1132097.0,28.65
2021-12-09,173.4,175.9,170.5,171.9,751700.0,32.24
2021-12-10,172.25,174.0,171.5,173.1,641807.0,49.07
2021-12-13,174.9,185.2,174.6,184.25,2577935.0,27.88
2021-12-14,183.75,192.45,181.65,190.25,2415516.0,26.96
2021-12-15,190.1,195.5,185.5,187.2,1857235.0,36.94
2021-12-16,188.4,191.0,182.3,184.05,1068886.0,30.74
2021-12-17,184.0,189.45,177.3,188.0,1779036.0,27.98
2021-12-20,187.95,187.95,175.05,177.75,1322218.0,27.01
2021-12-21,178.8,185.8,178.8,180.2,919911.0,29.54
2021-12-22,181.15,187.0,181.15,186.15,872186.0,43.21
2021-12-23,187.0,188.85,179.1,181.3,643764.0,43.9
2021-12-24,182.7,186.4,180.3,183.3,932355.0,28.23
2021-12-27,183.0,194.9,181.0,192.6,2778075.0,31.34
2021-12-28,193.45,198.9,190.8,194.65,1820638.0,29.48
2021-12-29,194.3,198.4,191.85,194.75,1473489.0,31.21
2021-12-30,194.0,197.95,193.1,196.55,914636.0,41.13
2021-12-31,194.35,203.9,194.35,198.2,1791886.0,31.53
2022-01-03,199.2,201.35,194.5,195.6,1707485.0,41.95
2022-01-04,197.0,201.8,196.2,198.8,1289162.0,38.95
2022-01-05,204.4,206.5,197.35,200.9,3932197.0,31.35
2022-01-06,199.0,200.6,196.9,198.15,950933.0,32.85
2022-01-07,199.05,201.9,194.2,195.5,1069037.0,38.86
2022-01-10,196.6,197.7,193.5,194.65,936670.0,43.26
2022-01-11,194.9,196.7,188.8,189.35,1010914.0,50.68
2022-01-12,191.4,192.85,188.4,191.9,826554.0,44.73
2022-01-13,192.7,212.7,192.7,206.15,7753213.0,22.62
2022-01-14,204.0,207.0,201.0,205.0,1436692.0,26.85
2022-01-17,205.5,210.55,205.0,206.5,1465376.0,29.77
2022-01-18,207.75,214.3,201.5,203.6,2763282.0,28.1
2022-01-19,204.8,211.45,202.0,210.4,1866987.0,30.76
2022-01-20,211.85,218.5,211.2,216.45,2294440.0,30.83
2022-01-21,216.4,219.8,205.35,211.85,2012217.0,30.1
2022-01-24,212.35,212.8,190.95,195.25,2360206.0,32.54
2022-01-25,190.0,203.4,188.8,201.3,1382900.0,33.82
2022-01-26,190.0,203.4,188.8,201.3,1382900.0,33.82
2022-01-27,200.0,205.9,195.2,204.1,1103791.0,35.22
2022-01-28,205.8,209.75,199.4,201.05,973981.0,32.58
2022-01-31,204.9,207.15,201.2,202.9,1123846.0,45.63
2022-02-01,205.0,211.1,199.3,207.0,1657066.0,17.23
2022-02-02,208.05,211.9,205.3,210.4,1039688.0,40.25
2022-02-03,209.0,215.7,208.65,211.6,830857.0,24.59
2022-02-04,212.0,219.7,210.9,216.45,1503570.0,30.48
2022-02-07,218.0,222.0,215.1,217.7,1476227.0,30.58
2022-02-08,221.5,224.4,208.5,211.3,1986606.0,25.96
2022-02-09,214.8,215.45,209.3,212.65,832392.0,38.46
2022-02-10,212.95,214.5,207.25,208.35,975416.0,36.82
2022-02-11,208.35,210.9,203.0,204.5,740076.0,27.19
2022-02-14,204.5,205.0,190.0,191.7,1119232.0,38.84
2022-02-15,189.6,198.6,185.35,196.9,1718942.0,31.94
2022-02-16,199.95,206.45,198.0,199.5,1291340.0,35.65
2022-02-17,201.0,204.0,196.1,199.9,968453.0,39.34
2022-02-18,199.4,200.5,195.3,196.0,477983.0,28.56
2022-02-21,193.55,195.0,187.35,189.55,1026408.0,37.83
2022-02-22,182.0,193.7,181.0,191.85,1275464.0,39.45
2022-02-23,194.9,197.2,191.0,191.75,518544.0,32.39
2022-02-24,181.0,187.65,173.5,176.65,1502767.0,34.77
2022-02-25,180.0,194.4,178.1,189.55,1001950.0,25.77
2022-02-28,186.0,194.9,184.75,194.0,909298.0,23.09
2022-03-01,186.0,194.9,184.75,194.0,909298.0,23.09
2022-03-02,193.15,198.0,192.9,195.0,1581655.0,42.95
2022-03-03,198.1,200.0,192.0,192.9,757284.0,43.24
2022-03-04,193.35,198.1,191.6,197.45,1072901.0,37.58
2022-03-07,196.85,196.85,186.8,188.8,942383.0,41.89
2022-03-08,194.0,197.75,180.4,187.75,1966303.0,24.89
2022-03-09,191.5,192.0,182.1,183.55,1161954.0,43.67
2022-03-10,187.1,188.75,179.6,182.35,1952132.0,51.59
2022-03-11,182.0,185.85,177.7,178.3,1285864.0,52.23
2022-03-14,180.0,186.65,177.45,185.9,912926.0,42.45
2022-03-15,186.0,188.3,174.8,175.75,1363019.0,44.69
2022-03-16,179.25,182.75,178.25,179.85,957391.0,39.6
2022-03-17,181.45,189.3,181.45,187.65,1189103.0,41.25
2022-03-18,181.45,189.3,181.45,187.65,1189103.0,41.25
2022-03-21,189.25,195.5,186.25,187.85,1406595.0,39.72
2022-03-22,189.25,191.85,185.7,187.5,1096232.0,46.57
2022-03-23,188.95,190.7,185.4,186.2,1025790.0,44.7
2022-03-24,186.0,193.3,185.45,190.7,1078299.0,37.09
2022-03-25,192.7,192.9,187.1,188.85,798936.0,44.21
2022-03-28,189.1,192.75,186.45,188.05,872623.0,38.99
2022-03-29,189.05,197.85,189.05,194.5,1646586.0,50.96
2022-03-30,196.35,199.45,194.6,197.6,772979.0,40.91
2022-03-31,199.7,203.9,198.5,202.55,848425.0,43.85
2022-04-01,204.0,207.85,200.8,201.55,1085236.0,49.38
2022-04-04,204.25,204.25,200.25,202.2,646033.0,45.74
2022-04-05,203.75,204.15,198.0,198.45,902963.0,49.86
2022-04-06,198.4,201.6,196.35,198.0,930823.0,41.26
2022-04-07,198.1,202.45,196.7,197.85,918245.0,44.54
2022-04-08,200.4,204.6,198.3,203.45,743942.0,37.32
2022-04-11,205.25,209.5,199.2,203.5,1356949.0,35.42
2022-04-12,204.55,206.55,199.55,202.5,1086648.0,42.48
2022-04-13,203.7,204.6,201.4,202.75,615641.0,23.42
2022-04-14,203.7,204.6,201.4,202.75,615641.0,23.42
2022-04-15,203.7,204.6,201.4,202.75,615641.0,23.42
2022-04-18,202.75,206.0,199.0,204.75,636890.0,44.4
2022-04-19,206.3,214.7,197.1,202.5,1574729.0,28.41
2022-04-20,205.0,206.4,199.05,200.0,860001.0,38.64
2022-04-21,202.7,203.9,199.05,200.35,567670.0,46.82
2022-04-22,200.0,202.9,199.15,200.35,377580.0,34.13
2022-04-25,197.95,202.5,189.2,190.55,635064.0,45.42
2022-04-26,193.1,196.8,187.7,188.95,946050.0,49.41
2022-04-27,189.0,193.4,183.45,187.85,686922.0,36.1
2022-04-28,189.8,191.95,184.5,185.2,488921.0,44.32
2022-04-29,186.9,188.9,181.15,182.9,701003.0,54.82
2022-05-02,178.85,182.1,175.45,179.8,1019008.0,35.23
2022-05-03,178.85,182.1,175.45,179.8,1019008.0,35.23
2022-05-04,187.4,192.7,177.5,179.5,1853877.0,29.11
2022-05-05,181.7,185.55,171.65,173.35,894411.0,39.0
2022-05-06,172.95,172.95,163.2,166.4,1305270.0,41.0
2022-05-09,165.15,167.7,160.65,165.9,948212.0,33.43
2022-05-10,164.0,167.4,159.0,160.3,1006433.0,41.67
2022-05-11,162.25,162.95,139.0,145.5,3059502.0,45.3
2022-05-12,144.85,145.4,131.95,142.95,1636939.0,32.07
2022-05-13,146.4,153.3,143.15,145.45,1573226.0,38.57
2022-05-16,146.1,149.9,142.1,143.0,978350.0,39.38
2022-05-17,145.15,154.85,145.0,153.65,994089.0,36.19
2022-05-18,154.85,156.0,147.25,147.85,1114936.0,46.97
2022-05-19,146.0,146.5,135.1,144.45,564403.0,37.8
2022-05-20,148.3,155.0,148.05,153.4,643351.0,38.09
2022-05-23,146.0,146.05,123.65,125.65,5288962.0,42.92
2022-05-24,126.95,129.45,115.35,118.85,3490261.0,35.45
2022-05-25,120.0,121.3,112.0,113.2,1983402.0,35.64
2022-05-26,113.5,118.3,112.4,117.2,2125289.0,28.58
2022-05-27,119.0,121.6,116.25,117.9,1314416.0,45.69
2022-05-30,120.0,120.25,114.05,115.15,1535335.0,47.08
2022-05-31,115.75,115.75,110.85,112.0,2908386.0,51.69
2022-06-01,113.0,115.7,111.0,113.1,2112266.0,52.41
2022-06-02,113.7,115.3,113.3,114.3,1590687.0,55.17
2022-06-03,115.75,117.05,114.05,116.1,1024367.0,51.61
2022-06-06,115.3,116.05,112.55,114.65,772663.0,31.11
2022-06-07,114.0,114.0,112.4,113.1,877429.0,55.55
2022-06-08,114.1,116.65,112.6,115.95,1132245.0,48.18
2022-06-09,115.9,116.2,112.8,113.65,537005.0,47.45
2022-06-10,112.25,114.0,112.1,113.3,608904.0,52.25
2022-06-13,110.35,111.3,107.0,107.75,728535.0,44.97
2022-06-14,105.1,108.3,104.0,104.95,719208.0,34.85
2022-06-15,104.6,105.45,101.05,104.45,1116229.0,40.89
2022-06-16,107.0,107.2,96.85,97.95,1855005.0,52.29
2022-06-17,97.95,102.7,95.8,101.7,1434038.0,28.31
2022-06-20,101.7,102.5,95.05,97.6,1203167.0,43.8
2022-06-21,98.05,103.9,97.2,103.0,1347803.0,56.08
2022-06-22,103.0,103.0,97.2,97.85,1463770.0,48.36
2022-06-23,98.8,102.4,97.9,99.6,1516991.0,31.87
2022-06-24,101.6,101.7,98.05,98.8,911318.0,46.18
2022-06-27,101.0,101.55,99.55,99.9,1622137.0,61.71
2022-06-28,100.1,101.0,98.7,99.45,954239.0,48.91
2022-06-29,99.45,104.2,98.8,103.1,1933228.0,48.95
2022-06-30,103.75,105.75,99.0,99.8,891997.0,43.71
2022-07-01,100.0,100.6,97.35,99.8,492895.0,31.33
2022-07-04,100.0,101.5,98.5,100.25,409706.0,31.01
2022-07-05,101.05,102.5,99.1,100.8,565508.0,45.32
2022-07-06,101.2,101.25,97.45,99.8,466856.0,36.98
2022-07-07,100.3,104.7,100.0,103.6,1298101.0,51.09
2022-07-08,104.2,104.9,102.15,103.3,689199.0,49.38
2022-07-11,102.85,108.15,102.0,104.35,2106833.0,49.02
2022-07-12,104.25,107.3,102.85,105.3,1320003.0,33.11
2022-07-13,106.0,107.7,104.85,107.2,866464.0,41.19
2022-07-14,107.7,112.6,107.2,111.75,1483664.0,40.22
2022-07-15,113.0,113.4,108.4,108.95,944041.0,49.75
2022-07-18,110.0,115.0,109.75,114.45,1228153.0,33.15
2022-07-19,114.2,116.85,114.0,114.95,988579.0,37.49
2022-07-20,116.3,116.8,113.7,114.65,928779.0,47.56
2022-07-21,114.8,117.45,114.7,116.0,834525.0,41.51
2022-07-22,116.8,120.75,115.4,120.0,1242491.0,42.1
2022-07-25,120.0,123.8,116.25,122.0,1694334.0,43.6
2022-07-26,123.0,123.0,114.3,115.45,1370516.0,51.4
2022-07-27,115.95,116.7,112.7,116.2,783844.0,37.54
2022-07-28,116.05,117.0,113.7,114.4,923889.0,43.86
2022-07-29,115.0,119.4,114.5,118.85,1282667.0,39.79
2022-08-01,119.65,121.95,117.55,121.0,1372191.0,42.99
2022-08-02,120.85,120.85,117.2,118.85,1109842.0,51.75
2022-08-03,118.6,119.5,113.8,116.65,1202165.0,50.27
2022-08-04,117.2,120.5,116.7,118.25,1391156.0,45.83
2022-08-05,119.05,119.65,116.1,116.7,752905.0,49.02
2022-08-10,120.85,121.0,117.2,117.75,934868.0,47.14
2022-08-11,118.85,119.9,116.0,116.2,1254288.0,55.41
2022-08-12,116.05,122.0,115.9,118.15,2153582.0,37.9
2022-08-15,116.05,122.0,115.9,118.15,2153582.0,37.9
2022-08-16,118.9,120.3,117.5,120.0,869400.0,51.08
2022-08-17,120.1,122.45,119.15,121.05,1086469.0,42.3
2022-08-18,120.9,132.9,120.2,130.05,4163534.0,33.2
2022-08-19,130.7,130.85,125.1,125.95,1313885.0,42.51
2022-08-22,124.85,124.85,120.05,121.8,1305692.0,55.05
2022-08-23,120.2,124.65,120.1,121.95,902775.0,44.5
2022-08-24,122.65,125.4,122.55,124.85,556654.0,51.01
2022-08-25,125.8,127.5,124.65,126.95,671852.0,62.18
2022-08-26,128.0,130.0,127.5,128.95,712669.0,60.23
2022-08-29,124.0,126.85,123.15,126.0,747121.0,59.49
2022-08-30,126.4,128.5,125.95,128.0,808183.0,62.62
2022-08-31,126.4,128.5,125.95,128.0,808183.0,62.62
2022-09-01,128.0,130.75,126.0,129.95,1083968.0,64.69
2022-09-02,133.0,133.0,127.75,129.0,663483.0,50.04
2022-09-05,129.0,130.85,128.5,129.0,405875.0,52.36
2022-09-06,129.15,132.5,127.3,130.4,988402.0,42.74
2022-09-07,130.2,133.0,128.1,132.6,980250.0,59.23
2022-09-08,133.9,137.4,132.4,133.8,1044436.0,46.28
2022-09-09,134.9,135.0,130.1,132.65,465253.0,44.51
2022-09-12,133.0,135.35,132.05,132.5,567217.0,48.91
2022-09-13,133.0,134.5,132.95,133.3,449741.0,43.19
2022-09-14,129.15,141.9,129.15,138.95,2132731.0,39.49
2022-09-15,139.9,139.9,136.2,137.4,957292.0,44.95
2022-09-16,137.4,139.65,133.15,137.85,1815230.0,52.21
2022-09-19,137.75,137.75,134.0,134.55,541914.0,43.09
2022-09-20,135.9,139.6,134.85,136.0,1166515.0,43.91
2022-09-21,136.95,141.15,135.95,138.3,1154502.0,37.85
2022-09-22,138.3,146.7,137.8,141.0,3516996.0,37.39
2022-09-23,141.95,142.9,136.5,137.1,799871.0,36.42
2022-09-26,135.0,135.8,124.0,129.85,1352096.0,40.96
2022-09-27,129.9,133.1,125.05,125.65,828665.0,52.87
2022-09-28,125.0,126.95,121.8,122.25,582957.0,45.85
2022-09-29,124.95,126.0,120.0,121.05,699296.0,50.55
2022-09-30,122.4,128.0,120.5,125.25,968125.0,42.87
2022-10-03,125.05,129.55,123.65,128.05,693756.0,47.15
2022-10-04,130.4,131.6,129.0,130.85,555506.0,51.1
2022-10-05,130.4,131.6,129.0,130.85,555506.0,51.1
2022-10-06,132.0,134.25,131.9,133.5,378545.0,53.06
2022-10-07,133.45,133.45,130.2,131.05,363231.0,56.46
2022-10-10,128.3,131.35,128.1,129.1,302290.0,49.09
2022-10-11,129.7,130.4,123.1,123.8,474673.0,60.48
2022-10-12,124.9,129.8,122.1,129.25,832294.0,58.44
2022-10-13,129.0,130.15,126.05,129.15,396055.0,49.62
2022-10-14,130.95,134.5,130.4,132.1,1011053.0,52.89
2022-10-17,131.1,133.25,126.7,129.65,591785.0,51.55
2022-10-18,130.8,134.95,130.15,134.35,647376.0,60.56
2022-10-19,134.35,137.3,133.55,135.1,604849.0,51.52
2022-10-20,134.0,134.7,130.65,132.2,416942.0,44.53
2022-10-21,132.75,133.4,131.05,132.85,400414.0,59.67
2022-10-24,135.1,135.7,133.2,134.9,183718.0,79.56
2022-10-25,134.35,140.8,133.3,139.15,1102447.0,65.72
2022-10-26,134.35,140.8,133.3,139.15,1102447.0,65.72
2022-10-27,142.0,143.5,139.7,141.4,813099.0,59.52
2022-10-28,142.05,142.2,137.05,138.5,490285.0,55.14
2022-10-31,138.5,142.5,137.55,141.55,617808.0,65.62
2022-11-01,140.8,149.0,140.8,147.95,1558388.0,50.4
2022-11-02,148.7,151.95,145.65,147.0,1146688.0,50.74
2022-11-03,144.0,151.4,141.5,148.7,2598680.0,40.25
2022-11-04,150.2,154.7,145.2,153.85,2262146.0,53.97
2022-11-07,156.0,165.9,154.15,164.6,3011499.0,46.49
2022-11-08,156.0,165.9,154.15,164.6,3011499.0,46.49
2022-11-09,166.0,167.15,160.35,161.9,1338283.0,40.3
2022-11-10,160.0,163.35,153.7,158.55,1286310.0,43.74
2022-11-11,159.6,163.9,159.4,162.6,1032127.0,41.61
2022-11-14,163.9,172.0,163.0,168.9,2093152.0,38.49
2022-11-15,170.0,171.65,166.15,170.15,890232.0,34.75
2022-11-16,169.0,173.0,167.6,169.9,1121171.0,43.68
2022-11-17,169.75,174.35,169.5,171.45,1012857.0,37.84
2022-11-18,171.0,173.4,165.55,166.6,697261.0,38.33
2022-11-21,173.25,183.0,172.0,180.65,6376493.0,33.92
2022-11-22,181.0,182.35,176.15,178.85,1901447.0,57.46
2022-11-23,179.65,180.1,174.0,174.8,1085061.0,44.63
2022-11-24,175.6,177.4,172.3,173.35,540056.0,40.25
2022-11-25,172.2,178.8,172.2,176.55,1041844.0,59.27
2022-11-28,176.0,179.35,173.4,174.85,1748119.0,80.4
2022-11-29,175.1,176.7,169.15,169.85,718277.0,51.35
2022-11-30,171.25,176.4,170.1,173.7,878208.0,56.72
2022-12-01,178.6,178.9,174.3,176.4,1322053.0,54.07
2022-12-02,177.0,180.0,175.55,176.95,1813517.0,76.87
2022-12-05,178.45,180.95,176.7,179.0,1519011.0,74.6
2022-12-06,179.4,203.0,178.05,197.3,9881520.0,63.9
2022-12-07,204.0,209.5,198.55,203.15,5727011.0,20.02
2022-12-08,203.15,203.15,197.25,200.2,882567.0,39.02
2022-12-09,201.0,204.2,193.0,195.4,1252638.0,51.83
2022-12-12,194.45,215.0,192.1,214.05,4519546.0,31.76
2022-12-13,214.75,225.0,214.55,223.4,3658510.0,50.32
2022-12-14,223.4,224.9,218.0,221.15,1225023.0,49.83
2022-12-15,219.95,222.3,215.7,219.0,1460120.0,56.72
2022-12-16,217.9,221.5,212.7,215.45,1133750.0,48.51
2022-12-19,217.15,219.25,213.6,216.7,551399.0,40.52
2022-12-20,215.95,216.7,211.4,212.9,436949.0,53.41
2022-12-21,214.9,229.5,202.75,207.85,2580982.0,28.16
2022-12-22,210.2,215.8,203.55,209.8,1308480.0,47.05
2022-12-23,205.0,213.9,205.0,207.55,1651641.0,67.7
2022-12-26,208.0,224.5,208.0,218.2,2768042.0,42.99
2022-12-27,222.45,224.3,216.0,219.9,1910722.0,64.98
2022-12-28,219.9,221.4,217.05,219.25,942019.0,52.74
2022-12-29,219.6,242.5,217.55,226.3,7678930.0,33.59
2022-12-30,230.0,241.85,224.4,239.15,2808828.0,39.84
2023-01-02,241.0,255.0,236.05,253.3,3213770.0,32.2
2023-01-03,253.3,253.3,242.15,248.7,2170788.0,35.18
2023-01-04,246.0,248.5,238.35,240.35,1072165.0,50.72
2023-01-05,241.9,241.9,234.05,237.65,814322.0,41.27
2023-01-06,237.9,243.3,230.35,239.3,1232283.0,44.04
2023-01-09,242.3,244.35,238.3,239.9,617982.0,42.5
2023-01-10,240.55,241.5,230.45,235.4,597946.0,41.98
2023-01-11,234.5,238.85,231.1,235.1,542620.0,49.35
2023-01-12,235.1,237.4,231.0,234.75,537414.0,47.9
2023-01-13,235.75,242.75,234.9,236.5,1040077.0,42.32
2023-01-16,238.9,245.75,237.0,243.65,1177709.0,57.53
2023-01-17,244.65,245.9,240.3,244.05,606852.0,46.82
2023-01-18,244.15,248.7,241.0,243.4,875398.0,49.77
2023-01-19,243.45,246.8,242.0,245.75,497539.0,60.57
2023-01-20,246.7,263.1,245.55,255.45,2703329.0,39.37
2023-01-23,259.8,259.8,247.0,257.7,1852476.0,39.29
2023-01-24,255.25,258.7,251.1,256.95,1087314.0,57.48
2023-01-25,253.2,262.95,253.2,257.85,950307.0,47.63
2023-01-26,253.2,262.95,253.2,257.85,950307.0,47.63
2023-01-27,256.5,262.0,230.2,257.05,1893727.0,36.31
2023-01-30,254.95,257.5,250.0,254.05,855075.0,49.61
2023-01-31,251.75,257.5,251.2,254.65,506175.0,47.01
2023-02-01,257.0,272.6,254.95,262.05,1463267.0,47.16
2023-02-02,261.0,267.0,258.6,265.5,714011.0,45.05
2023-02-03,266.0,267.4,261.0,266.2,625824.0,59.53
2023-02-06,266.25,268.95,258.3,263.2,531456.0,52.07
2023-02-07,263.25,264.9,257.0,258.5,288889.0,55.68
2023-02-08,256.55,264.0,256.55,262.75,294047.0,58.15
2023-02-09,261.95,265.75,258.45,262.6,451377.0,50.24
2023-02-10,260.25,264.2,255.4,257.35,500481.0,75.58
2023-02-13,257.95,261.5,253.3,257.25,454835.0,60.52
2023-02-14,258.65,260.65,255.4,257.05,475479.0,63.18
2023-02-15,259.0,259.2,247.4,256.0,584164.0,62.13
2023-02-16,257.3,260.25,254.1,257.3,1092209.0,79.61
2023-02-17,257.3,265.75,256.9,264.0,783482.0,53.56
2023-02-20,265.45,269.0,262.45,267.7,679335.0,47.41
2023-02-21,269.0,274.4,265.1,273.15,856189.0,45.07
2023-02-22,272.25,275.3,262.7,264.2,666360.0,49.82
2023-02-23,262.8,273.6,262.8,270.95,835600.0,42.02
2023-02-24,273.2,274.7,264.0,266.2,610915.0,56.45
2023-02-27,265.5,266.0,242.7,257.35,1191736.0,46.38
2023-02-28,260.0,269.4,257.35,267.0,776992.0,58.16
2023-03-01,268.95,272.75,268.0,271.15,731815.0,66.86
2023-03-02,272.9,280.6,271.15,278.95,953749.0,61.1
2023-03-03,280.05,284.6,275.45,279.55,784487.0,51.16
2023-03-06,282.25,304.0,279.65,299.35,2871348.0,45.67
2023-03-07,282.25,304.0,279.65,299.35,2871348.0,45.67
2023-03-08,301.85,329.0,297.0,310.4,7282460.0,59.86
2023-03-09,318.0,327.0,302.0,308.9,3426316.0,42.34
2023-03-10,308.55,319.8,306.05,312.35,2023768.0,52.33
2023-03-13,316.95,316.95,307.0,308.95,2025901.0,65.17
2023-03-14,308.0,317.0,306.35,310.6,2262632.0,67.18
2023-03-15,313.9,325.5,313.45,317.8,1953256.0,62.79
2023-03-16,317.0,323.0,311.5,317.15,1434739.0,66.74
2023-03-17,320.0,321.0,285.4,293.1,12240681.0,69.87
2023-03-20,297.4,297.4,280.55,286.9,1115979.0,50.94
2023-03-21,288.35,292.95,286.8,291.05,499640.0,60.81
2023-03-22,291.0,299.8,290.35,294.6,355143.0,55.52
2023-03-23,295.0,297.45,292.05,294.45,330286.0,61.23
2023-03-24,294.0,295.7,290.8,291.45,189096.0,66.73
2023-03-27,291.1,293.0,282.55,291.65,697314.0,82.61
2023-03-28,285.1,291.2,270.5,279.95,709259.0,56.13
2023-03-29,284.0,290.7,275.0,279.25,1559148.0,73.59
2023-03-30,284.0,290.7,275.0,279.25,1559148.0,73.59
2023-03-31,282.15,290.05,278.5,289.8,2669791.0,89.57
2023-04-03,295.0,296.2,288.0,289.25,1693784.0,86.74
2023-04-04,295.0,296.2,288.0,289.25,1693784.0,86.74
2023-04-05,290.4,293.0,286.3,288.2,1420450.0,90.76
2023-04-06,288.2,289.0,284.45,288.35,234466.0,59.12
2023-04-07,288.2,289.0,284.45,288.35,234466.0,59.12
2023-04-10,288.0,288.55,280.8,283.8,329810.0,53.13
2023-04-11,279.0,279.85,275.1,277.0,788894.0,68.61
2023-04-12,277.0,280.4,260.25,265.3,1101928.0,53.53
2023-04-13,266.65,270.0,255.0,265.9,1401885.0,53.63
2023-04-14,266.65,270.0,255.0,265.9,1401885.0,53.63
2023-04-17,267.0,269.0,257.15,261.8,1073265.0,64.07
2023-04-18,264.7,266.8,258.6,260.5,538692.0,58.92
2023-04-19,260.95,262.7,257.25,260.05,578593.0,57.2
2023-04-20,261.25,267.55,259.0,265.15,611694.0,63.69
2023-04-21,266.9,269.5,264.35,268.1,665410.0,73.04
2023-04-24,269.4,271.75,265.0,270.95,721914.0,73.33
2023-04-25,272.7,274.8,268.8,270.2,731217.0,65.88
2023-04-26,268.0,273.2,268.0,272.1,395106.0,54.61
2023-04-27,273.45,289.9,272.2,280.25,662844.0,69.17
2023-04-28,286.0,287.8,273.6,281.9,973098.0,56.89
2023-05-01,286.0,287.8,273.6,281.9,973098.0,56.89
2023-05-02,281.7,286.25,281.0,285.0,722211.0,67.7
2023-05-03,285.0,291.5,275.1,289.5,680773.0,67.37
2023-05-04,289.9,294.95,288.1,292.25,553953.0,60.52
2023-05-05,293.3,294.2,289.1,291.0,360999.0,60.62
2023-05-08,292.0,293.5,283.8,289.1,545797.0,57.28
2023-05-09,289.05,293.45,287.95,291.7,705875.0,63.47
2023-05-10,292.2,294.8,290.1,292.4,352406.0,64.19
2023-05-11,294.2,302.0,291.8,296.1,642258.0,40.13
2023-05-12,297.9,297.9,274.0,277.95,1884409.0,55.19
2023-05-15,276.95,282.4,270.4,280.35,642234.0,47.79
2023-05-16,282.0,282.7,279.8,280.1,515062.0,67.65
2023-05-17,279.75,281.7,276.4,280.4,465862.0,73.17
2023-05-18,280.1,304.0,280.1,296.05,4667213.0,28.09
2023-05-19,296.05,298.0,279.05,285.0,1837843.0,45.84
2023-05-22,286.3,288.2,281.9,285.3,316363.0,37.44
2023-05-23,285.4,301.65,285.4,295.8,1828720.0,40.72
2023-05-24,295.8,298.35,290.6,291.9,874839.0,63.43
2023-05-25,291.85,293.7,285.4,288.65,283109.0,56.89
2023-05-26,289.8,294.15,286.5,290.2,400528.0,60.05
2023-05-29,294.2,294.2,286.15,291.05,280108.0,58.62
2023-05-30,292.45,292.45,281.1,282.8,505915.0,70.41
2023-05-31,282.05,301.0,276.1,293.65,1129216.0,70.3
2023-06-01,295.95,299.05,290.0,292.5,340805.0,57.81
2023-06-02,294.85,295.25,289.1,290.6,379054.0,70.17
2023-06-05,291.0,295.55,283.6,284.25,429328.0,62.86
2023-06-06,285.9,302.0,284.15,300.55,1387276.0,67.4
2023-06-07,301.9,309.8,297.45,308.9,1030407.0,51.49
2023-06-08,310.0,317.5,306.0,315.35,855037.0,44.82
2023-06-09,315.6,316.75,310.25,314.85,405290.0,59.47
2023-06-12,315.45,319.7,311.6,318.35,383117.0,57.13
2023-06-13,319.3,332.0,312.5,326.9,952669.0,50.29
2023-06-14,325.2,335.4,321.3,331.75,634982.0,47.43
2023-06-15,330.3,336.9,325.4,332.5,743618.0,55.08
2023-06-16,335.0,338.45,324.4,325.75,1003596.0,64.17
2023-06-19,329.15,332.9,324.0,327.2,345440.0,53.3
2023-06-20,327.95,335.3,326.0,334.0,425729.0,56.02
2023-06-21,336.8,344.8,329.1,333.45,740828.0,50.48
2023-06-22,334.1,336.9,325.65,327.7,281205.0,59.23
2023-06-23,325.25,328.3,317.05,324.75,494860.0,56.71
2023-06-26,324.75,330.0,322.8,327.95,290015.0,70.77
2023-06-27,329.7,334.55,327.05,330.2,862558.0,71.65
2023-06-28,330.45,339.0,325.2,332.85,548494.0,53.24
2023-06-29,330.45,339.0,325.2,332.85,548494.0,53.24
2023-06-30,333.0,334.8,326.0,330.4,360293.0,61.79
2023-07-03,333.8,341.8,332.6,340.1,466740.0,64.13
2023-07-04,342.35,344.4,335.1,342.15,309709.0,56.08
2023-07-05,342.75,354.9,341.5,353.65,917525.0,72.08
2023-07-06,353.65,368.5,350.0,365.4,767415.0,59.5
2023-07-07,366.2,370.3,361.55,363.15,566600.0,65.07
2023-07-10,365.95,366.95,351.75,355.35,1020919.0,82.46
2023-07-11,355.5,371.25,355.5,370.0,768748.0,69.0
2023-07-12,374.0,374.6,360.95,369.65,794071.0,67.52
2023-07-13,372.95,374.0,355.5,360.7,550213.0,51.93
2023-07-14,363.8,368.25,363.0,364.6,194287.0,57.75
2023-07-17,367.2,367.2,354.8,359.55,707327.0,66.22
2023-07-18,359.3,360.95,343.55,350.2,1234318.0,75.34
2023-07-19,351.6,369.0,350.25,367.3,744548.0,57.22
2023-07-20,368.0,368.85,356.15,367.55,686270.0,64.24
2023-07-21,366.55,374.6,365.25,371.65,375767.0,56.44
2023-07-24,371.0,375.5,355.6,360.15,471882.0,59.37
2023-07-25,362.5,375.5,362.5,372.15,544233.0,58.53
2023-07-26,374.15,380.0,372.05,376.3,497606.0,66.36
2023-07-27,384.0,386.9,379.8,381.1,514489.0,60.44
2023-07-28,384.95,394.65,384.0,393.8,764134.0,75.22
2023-07-31,396.2,402.1,394.0,400.95,685370.0,70.5
2023-08-01,402.95,405.0,396.25,401.45,419609.0,60.41
2023-08-02,399.65,401.5,387.05,394.6,592945.0,60.15
2023-08-03,393.0,398.0,383.35,396.35,573310.0,53.04
2023-08-04,401.0,401.65,387.2,393.15,513723.0,72.57
2023-08-07,396.9,400.9,388.4,391.85,404054.0,62.27
2023-08-08,392.9,395.0,388.1,393.45,156267.0,58.83
2023-08-09,395.1,396.0,388.0,391.4,208389.0,59.35
2023-08-10,391.95,415.0,391.25,414.15,848129.0,49.36
2023-08-11,417.95,421.9,410.2,411.45,307689.0,50.9
2023-08-14,413.8,414.7,398.05,404.0,300029.0,56.45
2023-08-15,413.8,414.7,398.05,404.0,300029.0,56.45
2023-08-16,403.45,417.45,400.1,415.1,302252.0,58.94
2023-08-17,418.0,418.0,407.0,408.25,160133.0,60.67
2023-08-18,408.95,420.0,403.15,418.6,365680.0,59.58
2023-08-21,422.0,422.75,414.1,421.5,282836.0,61.93
2023-08-22,423.9,427.0,406.05,424.7,613610.0,79.97
2023-08-23,429.0,432.25,425.05,431.3,1118063.0,72.34
2023-08-24,438.0,438.0,423.2,426.8,387244.0,57.89
2023-08-25,427.5,434.85,420.0,422.35,333946.0,63.82
2023-08-28,424.9,427.7,412.4,417.35,382111.0,65.22
2023-08-29,419.95,434.1,414.4,432.7,421713.0,58.42
2023-08-30,436.45,444.7,432.05,441.95,321201.0,59.79
2023-08-31,446.7,460.0,435.0,454.6,855985.0,67.19
2023-09-01,459.0,464.0,454.4,463.65,501428.0,63.0
2023-09-04,469.25,494.0,465.0,476.1,748907.0,64.54
2023-09-05,484.5,485.0,472.1,474.75,1065789.0,68.66
2023-09-06,476.7,485.3,472.4,476.75,812323.0,69.95
2023-09-07,477.8,485.7,471.85,480.95,889850.0,66.98
2023-09-08,480.75,494.0,478.0,491.9,1326720.0,73.72
2023-09-11,497.85,541.0,495.8,522.2,2578686.0,66.27
2023-09-12,525.95,526.4,483.1,508.2,1411691.0,54.85
2023-09-13,508.15,518.0,483.5,513.55,910269.0,54.12
2023-09-14,517.5,526.4,514.75,519.05,1131101.0,75.53
2023-09-15,512.2,519.7,485.8,491.2,3244358.0,67.32
2023-09-18,491.2,499.25,481.55,487.7,703677.0,50.05
2023-09-19,491.2,499.25,481.55,487.7,703677.0,50.05
2023-09-20,489.5,490.0,461.0,468.2,1022437.0,45.9
2023-09-21,461.3,472.0,458.25,463.1,766750.0,45.51
2023-09-22,467.1,470.0,454.35,456.9,760233.0,47.49
2023-09-25,455.0,468.0,440.05,443.1,863480.0,56.77
2023-09-26,442.45,469.0,441.55,462.55,687924.0,56.63
2023-09-27,469.0,477.6,456.9,461.15,816795.0,58.74
2023-09-28,466.95,492.95,454.75,472.65,4071274.0,77.77
2023-09-29,467.45,484.8,466.0,475.85,1167649.0,66.9
2023-10-02,467.45,484.8,466.0,475.85,1167649.0,66.9
2023-10-03,475.0,510.0,473.05,495.55,1845634.0,59.15
2023-10-04,495.95,510.0,492.1,496.5,1186460.0,56.01
2023-10-05,501.6,501.75,478.05,479.75,856647.0,59.47
2023-10-06,483.8,486.2,470.0,476.45,695068.0,55.09
2023-10-09,458.0,467.9,457.0,460.2,721656.0,55.96
2023-10-10,461.0,465.9,454.3,464.0,1000471.0,59.11
2023-10-11,470.0,471.5,461.55,465.05,440101.0,59.02
2023-10-12,465.7,470.95,462.3,465.4,496472.0,58.28
2023-10-13,466.5,468.95,460.95,464.6,455170.0,68.4
2023-10-16,465.85,478.9,465.85,467.45,548004.0,58.52
2023-10-17,472.45,475.0,465.0,468.0,692858.0,72.18
2023-10-18,469.3,472.0,461.0,463.3,970331.0,83.45
2023-10-19,461.85,461.85,447.1,450.0,921334.0,64.2
2023-10-20,466.1,478.65,457.4,469.0,3144212.0,62.55
2023-10-23,479.0,479.0,448.0,452.95,945824.0,53.89
2023-10-24,479.0,479.0,448.0,452.95,945824.0,53.89
2023-10-25,454.9,464.2,445.1,454.85,1401008.0,51.13
2023-10-26,455.0,456.5,443.85,445.45,1009902.0,59.87
2023-10-27,449.9,459.95,446.0,449.9,941639.0,70.74
2023-10-30,449.9,451.4,442.55,447.5,593978.0,60.82
2023-10-31,449.8,455.0,437.1,442.55,689528.0,62.18
2023-11-01,443.0,452.1,427.15,447.75,1619498.0,60.75
2023-11-02,452.95,456.4,438.75,442.45,983801.0,70.8
2023-11-03,448.6,451.9,442.0,443.55,685458.0,71.78
2023-11-06,448.8,451.05,443.6,447.05,460784.0,59.36
2023-11-07,448.45,457.3,445.25,452.45,1922432.0,80.67
2023-11-08,456.0,473.0,454.6,468.0,1513570.0,70.22
2023-11-09,458.0,477.65,455.0,460.2,1196959.0,60.47
2023-11-10,460.0,484.35,457.4,474.6,1252337.0,57.78
2023-11-13,487.9,491.4,481.25,485.7,1386482.0,61.02
2023-11-14,487.9,491.4,481.25,485.7,1386482.0,61.02
2023-11-15,484.95,490.95,470.0,471.2,1358416.0,62.95
2023-11-16,471.2,482.5,461.3,477.25,1790940.0,43.37
2023-11-17,477.05,509.0,477.05,506.85,2409344.0,57.61
2023-11-20,510.95,539.0,510.0,529.6,3151202.0,56.5
2023-11-21,533.05,539.9,522.55,532.75,1899462.0,61.04
2023-11-22,541.2,541.75,501.1,504.35,2380940.0,58.94
2023-11-23,504.45,525.0,500.2,523.7,1440665.0,58.93
2023-11-24,523.0,547.65,514.4,542.55,2021962.0,64.66
2023-11-27,523.0,547.65,514.4,542.55,2021962.0,64.66
2023-11-28,545.9,546.45,516.1,522.7,3723426.0,69.92
2023-11-29,524.65,524.65,505.2,513.4,1490778.0,67.87
2023-11-30,515.0,518.9,492.6,501.3,10563459.0,77.17
2023-12-01,502.5,520.0,495.05,517.1,2002917.0,59.31
2023-12-04,523.95,528.0,519.1,523.3,1324918.0,48.21
2023-12-05,525.05,544.05,521.55,541.6,2227526.0,60.47
2023-12-06,545.4,545.4,529.4,536.5,1959958.0,59.83
2023-12-07,532.0,540.8,527.15,531.1,1012958.0,63.14
2023-12-08,532.3,542.2,532.3,540.2,1148366.0,74.12
2023-12-11,546.15,555.0,540.15,544.2,1691566.0,58.39
2023-12-12,543.95,552.95,534.6,542.9,2852548.0,56.47
2023-12-13,545.2,564.65,538.35,559.3,2884013.0,58.65
2023-12-14,564.95,567.2,545.5,548.0,3213680.0,52.55
2023-12-15,550.0,569.75,535.0,543.9,2903909.0,45.11
2023-12-18,540.0,564.8,533.9,560.25,2338256.0,61.81
2023-12-19,557.95,559.35,541.0,544.1,1835546.0,59.78
2023-12-20,549.7,557.35,504.35,521.45,2372943.0,56.09
2023-12-21,517.4,540.9,511.55,539.0,1818503.0,53.84
2023-12-22,546.85,552.8,539.15,549.1,1709121.0,62.26
2023-12-25,546.85,552.8,539.15,549.1,1709121.0,62.26
2023-12-26,551.4,559.95,544.0,557.15,807502.0,55.49
2023-12-27,561.6,565.0,550.1,559.3,1180065.0,51.08
2023-12-28,559.0,578.0,556.5,571.3,3071393.0,50.23
2023-12-29,561.0,577.95,561.0,572.1,1962919.0,45.86
2024-01-01,575.5,580.3,565.15,573.5,1272725.0,55.15
2024-01-02,577.0,600.0,573.5,596.3,3060686.0,60.63
2024-01-03,600.0,604.8,595.5,597.05,1918651.0,49.37
2024-01-04,596.4,610.2,593.5,601.4,2224961.0,52.94
2024-01-05,605.0,619.9,600.0,606.2,1989855.0,57.07
2024-01-08,611.9,618.5,594.3,607.35,2244909.0,48.71
2024-01-09,610.0,620.0,606.05,617.35,2254092.0,56.71
2024-01-10,622.5,622.5,608.05,615.8,1105438.0,41.53
2024-01-11,619.0,619.0,603.05,613.9,1873800.0,47.89
2024-01-12,613.95,617.75,607.5,610.85,1050960.0,55.01
2024-01-15,610.9,612.05,585.55,590.15,1703312.0,50.62
2024-01-16,591.9,606.95,588.75,604.6,1412873.0,46.24
2024-01-17,590.2,605.8,581.0,583.9,3683949.0,69.79
2024-01-18,583.0,589.55,562.6,567.3,5393895.0,55.41
2024-01-19,572.0,606.5,557.25,582.65,7530335.0,63.49
2024-01-22,584.9,586.0,572.15,575.15,436905.0,41.51
2024-01-23,575.0,576.15,514.6,529.95,10460489.0,65.3
2024-01-24,520.25,553.25,513.5,548.5,7251008.0,68.64
2024-01-25,547.9,559.0,531.1,538.35,3130536.0,57.21
2024-01-26,547.9,559.0,531.1,538.35,3130536.0,57.21
2024-01-29,538.65,565.5,536.0,553.0,2451277.0,54.23
2024-01-30,559.2,583.6,555.0,571.85,2111062.0,43.32
2024-01-31,572.05,585.5,567.4,576.8,1553754.0,47.64
2024-02-01,568.2,572.65,553.1,564.6,2175277.0,50.68
2024-02-02,572.6,610.0,568.55,596.55,4018844.0,54.27
2024-02-05,605.6,626.4,593.75,606.6,3229617.0,43.62
2024-02-06,606.6,638.0,603.0,616.1,2219382.0,44.87
2024-02-07,624.8,639.0,612.45,628.95,3925907.0,35.23
2024-02-08,631.25,634.95,614.3,627.65,1667942.0,39.23
2024-02-09,627.0,634.0,596.55,607.35,1764826.0,44.19
2024-02-12,616.25,619.8,581.7,590.25,2220595.0,55.38
2024-02-13,564.0,595.4,527.1,575.2,7243293.0,50.58
2024-02-14,562.0,584.9,560.1,568.6,2459593.0,53.67
2024-02-15,574.0,606.5,572.1,599.25,2339196.0,38.58
2024-02-16,606.4,643.3,601.3,631.25,3648096.0,42.4
2024-02-19,633.95,639.0,622.0,635.8,1565189.0,43.76
2024-02-20,635.8,651.85,631.25,642.85,2014831.0,57.48
2024-02-21,648.0,649.0,631.1,637.9,3027198.0,73.14
2024-02-22,638.0,654.0,635.75,642.35,2052775.0,59.76
2024-02-23,642.35,646.35,639.9,642.8,747457.0,54.53
2024-02-26,636.15,669.4,636.15,662.25,1770691.0,59.95
2024-02-27,669.9,673.95,657.85,663.2,1478526.0,54.32
2024-02-28,665.9,667.75,653.0,660.1,911248.0,52.14
2024-02-29,658.05,664.05,628.2,640.55,1553314.0,56.09
2024-03-01,655.9,662.9,647.0,650.35,877113.0,58.97
2024-03-04,662.05,685.45,658.0,681.9,1991820.0,52.91
2024-03-05,684.8,693.9,675.3,684.7,2376664.0,64.05
2024-03-06,687.4,707.95,669.45,699.1,3387928.0,64.18
2024-03-07,703.85,704.55,687.0,691.75,1758365.0,58.69
2024-03-08,703.85,704.55,687.0,691.75,1758365.0,58.69
2024-03-11,691.75,707.5,678.8,688.3,1151264.0,49.37
2024-03-12,678.35,687.9,641.35,658.25,2603383.0,52.06
2024-03-13,656.8,656.8,601.55,618.75,2974280.0,45.67
2024-03-14,618.7,666.0,612.3,657.9,1323985.0,38.06
2024-03-15,655.0,680.0,639.2,664.55,5161002.0,48.53
2024-03-18,663.7,672.95,648.3,671.7,900857.0,47.91
2024-03-19,669.65,670.0,643.4,667.4,1932179.0,38.88
2024-03-20,669.9,672.0,648.15,663.65,1098545.0,38.26
2024-03-21,670.0,689.85,662.1,680.7,1376605.0,54.23
2024-03-22,680.2,695.0,678.0,693.05,1064038.0,71.93
2024-03-25,680.2,695.0,678.0,693.05,1064038.0,71.93
2024-03-26,695.0,717.85,690.75,709.7,2139681.0,52.55
2024-03-27,715.0,715.75,699.0,702.85,996432.0,49.96
2024-03-28,706.8,712.7,685.75,694.45,1192965.0,47.97
2024-03-29,706.8,712.7,685.75,694.45,1192965.0,47.97
2024-04-01,704.95,724.0,699.4,719.55,1185130.0,47.91
2024-04-02,722.0,725.95,713.0,715.8,1071239.0,64.68
2024-04-03,715.0,721.0,707.1,713.35,1075532.0,56.56
2024-04-04,712.9,715.7,681.05,707.25,2550633.0,47.26
2024-04-05,707.0,711.15,700.0,702.8,906201.0,46.26
2024-04-08,708.0,712.0,686.1,703.2,1138880.0,48.54
2024-04-09,706.95,709.25,695.5,698.95,929889.0,48.76
2024-04-10,700.05,705.0,694.25,698.4,1080351.0,65.46
2024-04-11,700.05,705.0,694.25,698.4,1080351.0,65.46
2024-04-12,696.1,704.0,678.0,682.9,1458540.0,70.07
2024-04-15,678.0,704.0,652.35,693.8,1841612.0,47.39
2024-04-16,688.5,701.25,669.2,673.45,1243355.0,55.57
2024-04-17,688.5,701.25,669.2,673.45,1243355.0,55.57
2024-04-18,683.0,691.25,665.2,674.9,2336033.0,46.26
2024-04-19,670.1,694.9,666.1,692.6,1069195.0,47.85
2024-04-22,700.0,718.8,697.1,712.65,1638191.0,45.49
2024-04-23,720.0,732.2,715.3,724.85,1747763.0,48.72
2024-04-24,731.85,748.0,720.5,737.75,1552507.0,49.08
2024-04-25,736.9,741.6,723.45,729.7,1020024.0,54.96
2024-04-26,729.9,731.3,698.5,701.15,934551.0,49.6
2024-04-29,709.9,724.6,691.85,699.85,1451408.0,48.1
2024-04-30,701.15,718.3,697.4,706.95,1448948.0,56.03
2024-05-01,701.15,718.3,697.4,706.95,1448948.0,56.03
2024-05-02,724.95,739.9,707.45,734.2,2232161.0,39.53
2024-05-03,736.0,740.0,725.2,732.85,1489456.0,50.24
2024-05-06,738.45,741.15,707.6,722.1,1260392.0,43.24
2024-05-07,722.0,726.95,690.0,700.85,2019542.0,39.41
2024-05-08,697.5,709.75,690.0,693.6,1104959.0,53.31
2024-05-09,698.8,709.85,676.2,679.5,1932844.0,51.42
2024-05-10,684.95,693.6,656.9,687.65,1350872.0,38.01
2024-05-13,687.0,689.3,667.0,680.1,1179463.0,50.69
2024-05-14,680.1,715.4,678.0,711.6,2516471.0,49.66
2024-05-15,713.7,713.7,680.65,682.85,2801684.0,51.22
2024-05-16,625.0,693.0,625.0,683.75,6096361.0,38.5
2024-05-17,682.05,709.9,676.1,707.1,2200760.0,56.98
2024-05-20,706.4,713.0,700.3,704.15,69438.0,53.92
2024-05-21,708.0,708.0,692.5,701.55,1868664.0,64.32
2024-05-22,701.55,723.6,694.0,707.0,2349155.0,52.25
2024-05-23,711.95,724.7,704.9,713.6,1472715.0,61.69
2024-05-24,713.65,732.0,700.8,705.3,2086563.0,58.48
2024-05-27,709.85,727.95,706.0,722.4,2319612.0,68.08
2024-05-28,727.75,729.9,711.15,714.1,2914617.0,71.97
2024-05-29,720.5,724.95,707.05,711.55,2778881.0,63.06
2024-05-30,715.15,722.4,705.0,707.65,2399763.0,46.9
2024-05-31,719.0,837.0,716.05,793.5,44737406.0,70.84
2024-06-03,820.0,830.05,789.0,803.35,2919689.0,53.9
2024-06-04,807.5,814.35,747.0,758.65,4991128.0,52.1
2024-06-05,765.05,785.9,731.4,776.2,2456213.0,43.92
2024-06-06,793.35,797.0,780.0,794.45,1313297.0,66.08
2024-06-07,793.5,803.55,788.2,794.9,872735.0,57.25
2024-06-10,803.55,824.95,795.0,813.9,1175617.0,40.41
2024-06-11,822.6,822.6,790.1,797.25,935522.0,64.77
2024-06-12,800.0,830.0,795.0,823.65,894004.0,57.2
2024-06-13,840.9,841.0,811.1,816.2,842753.0,50.35
2024-06-14,815.25,825.0,800.45,812.4,1189571.0,52.19
2024-06-17,815.25,825.0,800.45,812.4,1189571.0,52.19
2024-06-18,819.95,830.45,802.9,809.3,767287.0,52.05
2024-06-19,814.2,814.2,784.0,793.8,942980.0,51.45
2024-06-20,794.0,817.7,784.35,808.65,1197603.0,44.38
2024-06-21,810.7,810.7,781.0,791.1,2239979.0,62.79
2024-06-24,789.55,809.65,784.35,800.9,550859.0,48.06
2024-06-25,800.0,814.0,799.5,811.95,609163.0,52.77
2024-06-26,815.0,816.75,805.65,813.2,555281.0,67.42
2024-06-27,811.05,826.0,800.0,803.3,980428.0,58.64
2024-06-28,807.9,825.0,804.15,822.5,998535.0,69.18
2024-07-01,826.0,826.0,804.95,811.3,585859.0,56.36
2024-07-02,809.15,819.7,805.2,815.0,455805.0,50.43
2024-07-03,815.6,830.0,810.05,824.7,785117.0,73.17
2024-07-04,830.0,835.5,824.25,833.65,587820.0,62.12
2024-07-05,833.65,845.8,825.0,827.8,454429.0,38.75
2024-07-08,827.0,835.9,815.55,820.2,385933.0,52.75
2024-07-09,824.0,848.0,808.8,810.45,919354.0,48.74
2024-07-10,814.95,818.3,778.05,794.15,938248.0,52.39
2024-07-11,796.35,797.45,778.1,787.65,605970.0,59.96
2024-07-12,776.0,787.95,765.4,783.3,1291143.0,42.09
2024-07-15,776.3,792.0,775.8,789.45,407174.0,54.72
2024-07-16,795.9,801.1,787.85,798.05,487116.0,59.89
2024-07-17,795.9,801.1,787.85,798.05,487116.0,59.89
2024-07-18,797.0,804.4,785.55,795.1,864284.0,36.11
2024-07-19,793.45,793.45,741.05,745.3,1705068.0,63.02
2024-07-22,744.8,754.9,729.5,748.6,1357832.0,55.76
2024-07-23,750.8,751.05,707.05,733.95,738610.0,47.2
2024-07-24,747.15,762.85,737.0,752.5,487936.0,45.14
2024-07-25,738.0,758.5,736.8,748.85,470749.0,50.46
2024-07-26,748.85,766.3,746.2,764.5,429416.0,52.67
2024-07-29,765.65,766.0,737.45,739.45,1245427.0,71.71
2024-07-30,742.0,754.0,735.35,744.6,1735997.0,75.33
2024-07-31,740.0,774.9,734.5,740.5,1836301.0,53.79
2024-08-01,742.4,754.9,726.6,736.35,1404681.0,65.54
2024-08-02,728.5,738.5,722.0,729.75,512580.0,58.2
2024-08-05,705.05,723.65,669.15,677.15,1480507.0,55.64
2024-08-06,691.0,713.6,656.9,659.85,1515893.0,54.33
2024-08-07,669.95,688.0,665.7,678.25,1046461.0,56.58
2024-08-08,685.0,685.25,661.0,663.7,538760.0,55.89
2024-08-09,670.5,678.8,658.8,664.75,558564.0,52.35
2024-08-12,656.0,688.3,631.0,681.3,2522806.0,54.51
2024-08-13,691.4,699.0,674.75,694.25,2384873.0,73.77
2024-08-14,698.0,698.0,681.45,695.9,1211212.0,76.82
2024-08-15,698.0,698.0,681.45,695.9,1211212.0,76.82
2024-08-16,699.1,706.95,683.35,701.35,2086559.0,83.19
2024-08-19,708.2,724.75,704.5,723.15,580295.0,57.62
2024-08-20,725.0,743.0,723.35,740.45,593449.0,59.78
2024-08-21,740.0,749.0,733.0,743.85,546483.0,60.11
2024-08-22,743.85,747.05,727.05,729.75,398881.0,57.4
2024-08-23,732.0,741.0,726.5,730.8,439875.0,53.98
2024-08-26,727.85,745.0,727.1,742.85,452324.0,58.98
2024-08-27,744.05,747.5,733.0,736.6,270576.0,58.45
2024-08-28,737.3,738.65,724.0,729.15,427806.0,55.11
2024-08-29,729.5,741.0,723.05,736.15,765919.0,77.37
2024-08-30,735.0,800.0,728.4,793.4,3127059.0,56.9
2024-09-02,793.4,795.0,737.0,739.35,2283551.0,45.03
2024-09-03,744.7,744.75,722.3,726.3,5990340.0,91.98
2024-09-04,723.8,733.45,710.0,727.15,1293686.0,44.39
2024-09-05,728.5,731.4,711.0,719.65,1334954.0,62.32
2024-09-06,729.25,741.7,722.45,726.05,932802.0,39.61
2024-09-09,728.15,740.0,713.5,720.7,672031.0,41.69
2024-09-10,722.0,750.0,721.15,742.45,717731.0,58.36
2024-09-11,735.05,754.85,730.8,733.7,779371.0,56.23
2024-09-12,734.25,754.95,734.25,750.15,602011.0,51.27
2024-09-13,755.8,775.25,750.0,762.95,957585.0,53.36
2024-09-16,762.95,767.5,750.1,759.45,537075.0,46.75
2024-09-17,758.1,762.0,751.15,756.4,488625.0,61.48
2024-09-18,752.4,764.95,744.0,749.9,454808.0,60.08
2024-09-19,757.5,758.45,727.05,734.4,602014.0,55.3
2024-09-20,738.5,789.0,737.05,776.7,1379940.0,61.31
2024-09-23,765.95,779.0,750.75,772.4,1237977.0,57.79
2024-09-24,774.9,791.5,771.75,785.55,864085.0,47.37
2024-09-25,785.55,803.0,780.75,790.1,1381221.0,54.93
2024-09-26,791.0,791.0,763.6,781.8,642483.0,47.76
2024-09-27,779.55,797.0,772.45,779.45,646535.0,40.27
2024-09-30,779.45,794.0,771.2,790.5,731782.0,49.93
2024-10-01,793.0,793.7,762.8,767.4,1140106.0,60.27
2024-10-02,793.0,793.7,762.8,767.4,1140106.0,60.27
2024-10-03,757.0,774.9,753.0,771.55,551400.0,46.52
2024-10-04,771.5,782.8,752.0,778.5,633436.0,50.59
2024-10-07,778.5,782.7,752.0,758.5,505113.0,50.6
2024-10-08,752.0,769.0,735.1,751.75,754713.0,54.22
2024-10-09,752.05,759.1,742.0,743.55,358491.0,57.52
2024-10-10,752.5,760.85,739.3,756.05,522093.0,51.67
2024-10-11,755.05,772.0,749.55,754.45,455277.0,54.37
2024-10-14,754.45,762.95,747.05,752.05,247587.0,43.34
2024-10-15,754.0,761.35,748.0,757.1,283961.0,52.55
2024-10-16,758.0,767.9,756.85,763.75,651733.0,71.28
2024-10-17,770.0,771.0,747.05,760.5,652188.0,44.3
2024-10-18,750.0,750.0,730.5,742.95,1263109.0,74.68
2024-10-21,735.7,742.25,693.35,698.85,1893671.0,66.59
2024-10-22,703.15,703.15,648.05,653.5,1667082.0,63.14
2024-10-23,651.85,667.5,631.85,658.95,1358289.0,55.41
2024-10-24,660.95,668.25,648.05,663.1,635524.0,47.76
2024-10-25,668.4,668.4,637.4,663.95,692052.0,50.98
2024-10-28,664.45,675.3,646.85,669.5,583057.0,48.85
2024-10-29,672.0,687.45,655.45,683.5,377255.0,47.01
2024-10-30,677.05,692.15,673.0,679.05,706980.0,65.28
2024-10-31,680.0,689.0,671.8,675.3,304839.0,46.19
2024-11-01,678.0,684.15,675.3,682.25,41185.0,50.11
2024-11-04,690.0,692.0,675.45,684.0,417866.0,59.14
2024-11-05,682.5,704.0,681.1,689.9,776202.0,64.18
2024-11-06,695.4,718.0,688.8,716.55,942838.0,73.42
2024-11-07,718.35,727.9,705.15,723.05,463871.0,50.86
2024-11-08,718.95,721.05,700.1,710.3,279109.0,50.75
2024-11-11,710.3,711.85,696.05,705.05,325821.0,56.25
2024-11-12,706.0,718.9,690.1,698.1,606328.0,40.69
2024-11-13,692.0,706.25,686.7,692.1,509872.0,51.17
2024-11-14,692.1,704.1,687.0,694.55,477721.0,50.4
2024-11-18,693.8,708.05,682.1,688.95,684545.0,54.35
2024-11-19,684.7,694.5,676.2,686.0,533314.0,51.9
2024-11-20,684.7,694.5,676.2,686.0,533314.0,51.9
2024-11-21,680.0,683.1,653.8,655.35,908796.0,54.83
2024-11-22,655.8,677.0,655.55,671.55,369544.0,42.14
2024-11-25,678.8,685.6,663.6,672.35,1421495.0,60.67
2024-11-26,666.8,691.6,664.85,688.7,292292.0,52.33
2024-11-27,688.05,690.7,674.05,686.15,231014.0,46.61
2024-11-28,687.5,702.95,679.0,696.0,549298.0,49.41
2024-11-29,695.8,698.65,676.0,683.2,690263.0,60.48
2024-12-02,679.4,694.8,675.2,691.75,352981.0,43.23
2024-12-03,695.0,725.0,694.0,716.05,1177977.0,42.84
2024-12-04,719.65,741.7,715.1,734.0,1269127.0,49.24
2024-12-05,735.0,738.8,709.1,728.85,1199492.0,59.08
2024-12-06,723.0,744.7,721.65,741.6,493516.0,43.81
2024-12-09,743.95,750.55,736.65,747.05,692792.0,48.77
2024-12-10,746.8,753.65,738.25,746.65,850485.0,59.92
2024-12-11,745.5,754.0,742.6,747.1,338549.0,54.68
2024-12-12,747.2,755.5,740.9,752.65,526407.0,51.87
2024-12-13,754.95,762.0,738.7,760.3,548032.0,41.22
2024-12-16,762.5,763.95,745.0,750.2,381856.0,47.48
2024-12-17,743.8,753.0,738.0,743.5,659526.0,54.23
2024-12-18,740.0,746.7,726.7,739.0,530052.0,47.52
2024-12-19,722.05,746.0,715.8,739.2,597690.0,40.92
2024-12-20,745.95,746.9,716.6,719.8,768129.0,52.12
2024-12-23,719.5,730.7,710.0,728.0,995444.0,65.82
2024-12-24,728.05,736.8,712.8,730.05,1505466.0,70.49
2024-12-25,728.05,736.8,712.8,730.05,1505466.0,70.49
2024-12-26,726.45,738.35,719.6,733.85,526487.0,49.72
2024-12-27,732.35,742.8,730.9,736.0,389564.0,39.07
2024-12-30,735.95,739.7,677.35,686.9,2206187.0,65.53
2024-12-31,680.7,704.0,680.2,699.2,1157663.0,58.2
2025-01-01,701.5,701.5,684.05,696.85,658449.0,55.24
2025-01-02,697.95,698.95,680.55,684.4,533696.0,54.42
2025-01-03,683.85,691.0,675.4,677.6,716146.0,50.61
2025-01-06,683.8,684.7,660.9,664.15,734080.0,53.88
2025-01-07,665.6,674.0,656.05,669.0,501442.0,46.66
2025-01-08,667.7,669.0,641.55,645.45,686188.0,51.17
2025-01-09,636.0,648.0,628.85,632.15,985284.0,48.32
2025-01-10,631.2,638.15,622.5,625.55,767759.0,54.65
2025-01-13,616.0,628.6,596.85,606.4,1247593.0,55.92
2025-01-14,606.45,633.5,606.45,625.45,1503398.0,47.68
2025-01-15,628.6,630.95,611.1,615.05,646252.0,54.9
2025-01-16,621.55,628.9,618.5,625.4,489611.0,63.07
2025-01-17,623.0,638.0,620.6,634.35,390412.0,48.19
2025-01-20,638.0,638.0,620.2,627.55,317755.0,43.13
2025-01-21,627.55,635.0,621.6,633.05,548196.0,53.85
2025-01-22,633.0,635.0,612.4,633.4,739631.0,50.78
2025-01-23,631.8,651.9,628.7,639.75,530397.0,27.01
2025-01-24,643.1,645.0,624.0,634.1,597376.0,51.63
2025-01-27,626.0,629.3,613.5,622.6,634776.0,51.06
2025-01-28,622.6,633.7,605.7,614.85,535070.0,42.36
2025-01-29,615.3,639.6,611.85,637.7,321064.0,27.52
2025-01-30,625.2,654.9,603.6,648.85,1257556.0,19.81
2025-01-31,645.7,658.0,635.25,653.3,1327550.0,65.95
2025-02-03,618.05,620.9,582.95,595.0,2710741.0,50.93
2025-02-04,600.0,625.25,600.0,622.55,1250230.0,46.06
2025-02-05,620.75,646.65,620.75,634.7,924052.0,59.2
2025-02-06,637.65,643.05,631.65,636.2,396119.0,41.89
2025-02-07,636.0,648.0,625.65,642.1,617202.0,44.7
2025-02-10,632.0,639.9,623.2,633.25,634219.0,46.01
2025-02-11,622.1,630.0,598.2,608.45,701167.0,46.73
2025-02-12,608.4,616.4,590.35,603.15,821399.0,37.55
2025-02-13,603.15,618.0,597.7,608.75,574170.0,54.96
2025-02-14,614.5,621.7,575.0,584.85,926123.0,38.42
2025-02-17,583.95,595.4,568.05,590.3,836735.0,41.31
2025-02-18,590.5,592.9,572.1,582.75,912024.0,49.29
2025-02-19,577.5,605.45,577.5,602.55,800758.0,43.23
2025-02-20,602.55,620.15,598.0,618.7,750166.0,64.48
2025-02-21,620.0,634.15,610.35,625.6,771847.0,36.83
2025-02-24,612.1,620.0,607.1,615.9,453142.0,41.28
2025-02-25,611.1,615.9,595.15,599.4,674270.0,36.71
2025-02-27,600.0,604.0,582.15,596.55,688833.0,44.95
2025-02-28,595.0,595.0,573.5,584.85,1185041.0,46.56
2025-03-03,588.0,598.55,574.1,594.85,594375.0,36.86
2025-03-04,588.05,600.75,577.3,594.35,598247.0,39.92
2025-03-05,591.0,623.0,591.0,613.45,720449.0,50.33
2025-03-06,625.45,656.0,622.65,651.9,2201055.0,27.79
2025-03-07,648.2,664.8,645.2,654.6,1255285.0,40.95
2025-03-10,653.0,664.0,635.0,640.6,1056815.0,52.77
2025-03-11,635.0,650.8,632.0,649.35,758105.0,48.36
2025-03-12,649.95,654.75,624.5,637.1,639506.0,37.58
2025-03-13,637.25,641.95,621.0,632.3,631852.0,50.44
2025-03-17,627.0,645.0,626.95,641.6,511027.0,33.18
2025-03-18,644.95,651.7,634.0,647.85,563405.0,48.62
2025-03-19,655.5,664.15,650.0,655.35,795167.0,53.15
2025-03-20,660.95,660.95,644.05,654.05,536492.0,53.37
2025-03-21,659.85,659.9,618.25,625.7,1785191.0,44.75
2025-03-24,632.0,635.7,589.9,591.35,4439971.0,42.54
2025-03-25,594.0,598.45,582.5,588.15,1268830.0,31.16
2025-03-26,590.0,601.75,587.0,595.15,2977737.0,66.48
2025-03-27,592.9,594.0,576.6,581.95,2101949.0,60.47
2025-03-28,586.9,591.7,577.9,581.6,1256369.0,52.54
2025-04-01,581.6,591.4,574.0,576.55,1146903.0,52.56
2025-04-02,581.75,591.0,569.0,589.9,901482.0,41.47
2025-04-03,585.0,597.95,583.55,594.6,632728.0,51.31
2025-04-04,593.1,593.1,547.25,551.7,1448645.0,46.05
2025-04-07,496.6,530.0,496.6,516.65,2106941.0,51.99
2025-04-08,539.0,539.0,507.45,523.35,1376588.0,47.25
2025-04-09,519.0,524.25,504.0,512.6,862653.0,38.4
2025-04-11,530.0,548.95,521.2,542.05,1122799.0,43.53
2025-04-15,548.0,560.95,547.0,557.8,1443113.0,63.77
2025-04-16,561.0,565.25,553.0,558.7,1006680.0,59.33
2025-04-17,561.6,569.25,554.65,561.45,820538.0,41.97
2025-04-21,563.0,571.5,556.5,569.35,874174.0,46.88
2025-04-22,578.0,584.25,575.1,581.1,1093248.0,42.34
2025-04-23,581.9,589.0,565.95,575.4,1139476.0,48.72
2025-04-24,579.0,579.0,570.0,571.95,780045.0,47.02
2025-04-25,570.0,575.7,552.2,559.4,943949.0,40.75
2025-04-28,558.4,561.5,551.05,559.7,771341.0,47.93
2025-04-29,561.0,569.35,554.3,566.55,542774.0,45.37
2025-04-30,565.1,585.0,565.1,583.1,2228152.0,53.23
2025-05-02,579.95,591.9,575.2,588.25,1052613.0,32.46
2025-05-05,585.0,589.0,579.0,586.0,565402.0,40.12
2025-05-06,586.0,598.0,583.0,588.3,789810.0,40.48
2025-05-07,570.0,598.95,568.1,595.35,617710.0,39.44
2025-05-08,596.5,610.95,580.0,588.25,1085479.0,39.04
2025-05-09,575.0,604.7,575.0,579.6,1640241.0,40.31
2025-05-12,592.1,612.3,592.1,610.0,2102812.0,53.23
2025-05-13,614.9,632.2,610.3,624.85,1343692.0,40.61
2025-05-14,628.9,659.0,628.05,653.45,1932705.0,45.4
2025-05-15,659.0,662.0,646.45,649.15,910836.0,46.8
2025-05-16,655.0,665.5,649.35,663.1,558685.0,41.78
2025-05-19,664.05,667.9,653.15,660.35,500760.0,34.66
2025-05-20,663.7,668.25,640.55,641.75,928118.0,47.33
2025-05-21,645.1,652.0,636.4,643.4,646291.0,55.89
2025-05-22,643.0,651.95,635.5,639.45,605686.0,52.85
2025-05-23,640.0,651.4,635.5,649.85,331915.0,34.12
2025-05-26,651.0,665.95,643.0,657.85,590440.0,43.41
2025-05-27,652.25,658.5,643.95,647.85,442275.0,40.89
2025-05-28,645.0,654.3,642.35,647.05,607175.0,49.6
2025-05-29,656.0,674.0,656.0,669.2,1333101.0,35.07
2025-05-30,673.0,678.0,640.0,644.75,1854098.0,58.65
2025-06-02,641.8,645.0,633.35,643.05,491403.0,50.94
2025-06-03,645.0,668.3,644.85,663.9,1246826.0,38.8
2025-06-04,663.75,665.0,650.0,655.95,990203.0,17.15
2025-06-05,657.5,677.0,650.5,673.5,911823.0,31.19
2025-06-06,677.0,696.0,676.5,694.7,1992900.0,33.49
2025-06-09,700.25,733.55,695.2,716.35,2320038.0,34.27
2025-06-10,716.0,729.05,715.05,726.1,1566902.0,60.68
2025-06-11,726.0,734.35,716.15,720.6,1038655.0,63.0
2025-06-12,721.6,733.0,715.65,723.75,1314200.0,62.42
2025-06-13,702.25,716.75,702.25,712.05,668579.0,61.94
2025-06-16,712.15,714.85,698.65,701.95,853755.0,59.77
2025-06-17,701.95,706.75,685.85,687.15,684839.0,50.84
2025-06-18,690.0,690.0,666.0,671.05,679540.0,43.47
2025-06-19,674.6,679.2,652.2,657.25,372684.0,29.12
2025-06-20,657.05,671.65,653.5,670.2,1243186.0,56.78
2025-06-23,665.5,691.5,658.2,687.0,669982.0,25.78
2025-06-24,692.5,697.35,673.0,677.65,668392.0,27.7
2025-06-25,683.65,683.65,670.0,673.6,1761215.0,71.75
2025-06-26,673.6,699.8,673.0,694.05,1859912.0,60.92
2025-06-27,697.0,706.0,688.1,690.05,1240548.0,45.55
2025-06-30,694.9,708.8,691.55,705.1,1153906.0,66.38
2025-07-01,709.8,711.5,696.85,707.0,744732.0,46.02
2025-07-02,707.95,717.9,699.8,703.6,824951.0,42.7
2025-07-03,707.0,717.5,694.0,697.85,801535.0,35.63
2025-07-04,699.9,699.9,674.0,679.9,912582.0,39.95
2025-07-07,680.05,681.9,671.1,675.45,246217.0,42.52
2025-07-08,675.45,687.0,673.55,684.3,435586.0,50.43
2025-07-09,684.25,684.9,671.1,681.2,574935.0,36.08
2025-07-10,687.0,695.4,677.25,681.8,501498.0,30.55
2025-07-11,681.8,687.4,680.5,684.5,445106.0,59.92
2025-07-14,683.7,696.0,681.25,691.1,1020435.0,67.3
2025-07-15,687.95,694.4,685.6,688.05,368020.0,52.72
2025-07-16,688.05,689.5,675.0,675.9,404758.0,47.56
2025-07-17,681.9,683.35,672.65,678.85,654272.0,56.02
2025-07-18,681.55,699.4,675.15,676.55,963022.0,20.94
2025-07-21,681.0,704.0,679.9,697.85,1586538.0,38.29
2025-07-22,702.7,702.7,685.0,688.9,343160.0,33.27
2025-07-23,690.3,691.8,672.15,675.8,424347.0,42.02
2025-07-24,678.0,684.8,661.25,664.2,470627.0,40.91
2025-07-25,664.2,671.5,653.85,656.05,393070.0,51.08
2025-07-28,655.0,668.3,653.0,659.75,440404.0,37.25
2025-07-29,659.9,690.0,653.8,677.85,2128200.0,37.47
2025-07-30,681.95,683.3,674.45,681.1,305202.0,50.64
2025-07-31,674.5,698.0,668.7,694.1,1174268.0,51.8
2025-08-01,694.0,708.5,682.5,706.05,1295136.0,53.88
2025-08-04,708.9,734.45,706.4,728.05,1372933.0,42.05
2025-08-05,729.5,736.2,722.0,725.65,625573.0,33.8
2025-08-06,731.95,741.0,702.15,734.0,1387988.0,39.33
2025-08-07,734.0,734.0,680.5,724.6,2756783.0,30.73
2025-08-08,720.95,720.95,678.0,683.4,1863449.0,33.34
2025-08-11,677.0,693.2,674.2,678.3,771011.0,36.81
2025-08-12,676.0,715.55,675.25,713.15,1356611.0,30.55
2025-08-13,717.0,732.9,711.7,721.75,945121.0,34.89
2025-08-14,718.1,731.0,716.1,729.9,465289.0,44.67
2025-08-18,733.0,751.45,730.0,747.4,821857.0,40.17
2025-08-19,750.0,763.05,747.0,757.9,726113.0,33.3
2025-08-20,756.6,776.95,756.0,765.05,782841.0,44.24
2025-08-21,769.5,796.0,768.15,774.3,2062329.0,33.04
2025-08-22,774.3,784.25,769.0,777.55,883978.0,47.57
2025-08-25,777.55,818.2,775.05,796.45,3922228.0,41.66
2025-08-26,791.0,814.5,790.05,795.25,2315097.0,53.35
2025-08-28,795.05,818.95,782.0,806.45,2350479.0,58.27
2025-08-29,810.35,810.7,751.0,762.95,1854221.0,26.48
2025-09-01,764.55,769.8,737.35,755.35,977579.0,24.66
2025-09-02,755.9,769.0,743.1,761.25,682881.0,34.0
2025-09-03,766.25,776.0,753.5,760.65,1458000.0,54.46
2025-09-04,768.2,769.05,738.1,746.9,1529299.0,59.21
2025-09-05,748.95,765.0,739.9,755.7,462538.0,24.17
2025-09-08,755.7,763.0,744.9,748.7,447186.0,33.14
2025-09-09,752.05,774.9,741.7,769.05,583233.0,43.34
2025-09-10,768.0,783.9,759.95,778.3,742471.0,42.14
2025-09-11,778.45,783.5,756.5,761.2,580007.0,41.27
2025-09-12,764.9,765.2,736.7,740.95,659789.0,53.97
2025-09-15,740.95,753.5,733.1,750.2,509874.0,44.66
2025-09-16,754.0,758.75,747.0,753.7,504873.0,59.8
2025-09-17,754.1,762.5,748.5,760.6,366553.0,34.67
2025-09-18,765.0,765.55,757.1,762.2,380220.0,45.09
2025-09-19,766.0,790.0,756.0,778.95,1110327.0,56.8
2025-09-22,781.55,791.5,770.0,787.55,557784.0,37.8
2025-09-23,787.55,804.0,787.0,801.0,750145.0,46.77
2025-09-24,805.0,812.8,793.4,799.45,939115.0,51.73
2025-09-25,795.95,804.55,778.0,784.45,484089.0,50.47
2025-09-26,781.2,796.4,781.2,789.15,370954.0,40.74
2025-09-29,792.9,792.9,733.95,737.7,972440.0,44.09
2025-09-30,740.3,750.55,729.85,737.75,956510.0,49.91
2025-10-01,741.6,766.0,741.6,762.4,608271.0,43.62
2025-10-03,766.0,794.0,760.95,788.25,1433232.0,49.72
2025-10-06,786.8,787.0,758.2,761.0,524470.0,42.29
2025-10-07,760.0,768.0,752.3,758.0,343760.0,41.55
2025-10-08,758.8,759.4,744.5,753.6,425019.0,43.59
2025-10-09,754.0,772.0,751.5,770.15,496466.0,47.52
2025-10-10,775.0,779.5,766.65,772.7,318963.0,47.67
2025-10-13,772.7,778.0,763.75,774.0,252859.0,42.96
2025-10-14,775.05,786.5,772.55,775.55,369540.0,51.41
2025-10-15,776.2,793.0,775.55,783.85,471408.0,60.67
2025-10-16,785.0,812.0,779.65,808.9,696824.0,44.31
2025-10-17,808.0,815.7,788.85,791.6,545274.0,41.81
2025-10-20,793.1,801.2,782.4,784.85,263421.0,49.79
2025-10-21,792.8,799.8,788.9,797.5,70314.0,47.19
2025-10-22,792.8,799.8,788.9,797.5,70314.0,47.19
2025-10-23,803.0,806.6,790.75,800.3,265784.0,38.47
2025-10-24,804.0,814.9,799.8,802.05,726394.0,58.22
2025-10-27,798.1,813.85,791.0,811.3,718712.0,64.06
2025-10-28,814.8,818.0,800.5,803.7,389521.0,48.23
2025-10-29,803.65,826.0,799.15,803.7,1046440.0,48.07
2025-10-30,803.85,808.35,771.4,782.7,803400.0,46.24
2025-10-31,782.7,782.95,751.3,753.7,760455.0,59.38
2025-11-03,754.0,765.6,746.5,750.4,781632.0,61.58
2025-11-04,754.95,755.6,735.6,738.4,653621.0,64.8
2025-11-05,754.95,755.6,735.6,738.4,653621.0,64.8
2025-11-06,738.4,745.2,727.2,729.8,603187.0,67.89
2025-11-07,725.0,738.0,715.5,731.75,478710.0,47.13
2025-11-10,736.4,738.5,716.1,722.75,628730.0,55.47
2025-11-11,745.0,755.2,731.0,740.95,1953898.0,43.2
2025-11-12,748.45,748.45,726.1,728.25,578463.0,62.04
2025-11-13,733.1,751.9,731.35,738.9,939291.0,46.6
2025-11-14,742.6,748.8,736.15,738.05,424102.0,56.06
2025-11-17,741.6,752.0,729.4,749.2,540614.0,53.36
2025-11-18,749.2,760.95,749.0,751.0,519171.0,52.64
2025-11-19,754.0,774.0,751.8,771.3,527606.0,55.2
2025-11-20,775.8,776.4,759.9,768.35,330562.0,50.43
2025-11-21,768.0,768.0,749.0,752.5,221887.0,42.28
2025-11-24,751.95,770.65,734.15,754.5,1867350.0,66.94
2025-11-25,747.95,753.65,737.25,746.55,720587.0,67.62
2025-11-26,749.7,772.7,746.1,764.15,710467.0,54.33
2025-11-27,768.0,776.0,764.15,772.45,321521.0,55.55
2025-11-28,776.0,776.0,763.55,771.05,315897.0,59.59
2025-12-01,775.85,775.85,748.1,755.0,526896.0,60.3
2025-12-02,758.7,764.0,755.5,760.75,448602.0,62.98
2025-12-03,761.8,762.2,744.25,748.4,385328.0,61.76
2025-12-04,752.4,758.0,745.6,747.85,283865.0,61.77
2025-12-05,747.7,759.6,744.05,755.4,220049.0,48.5
2025-12-08,758.9,769.9,752.65,766.85,438568.0,49.51
2025-12-09,768.0,775.0,748.0,773.95,538870.0,46.81
2025-12-10,772.55,790.55,770.95,784.8,532974.0,48.1
2025-12-11,784.8,796.85,764.5,778.0,651346.0,39.41
2025-12-12,778.0,792.0,776.0,785.65,500929.0,59.4
2025-12-15,785.65,799.1,779.45,797.05,467338.0,61.33
2025-12-16,799.0,802.5,792.2,800.1,516166.0,60.18
2025-12-17,800.0,800.05,782.0,789.4,242743.0,47.63
2025-12-18,790.0,800.0,785.7,798.1,310840.0,46.62
2025-12-19,799.0,804.9,785.6,802.2,472683.0,58.22
2025-12-22,805.0,806.0,790.0,792.6,241787.0,54.73
2025-12-23,794.0,803.0,787.1,797.35,347649.0,48.77
2025-12-24,803.05,803.05,791.0,794.65,324545.0,54.31
2025-12-25,803.05,803.05,791.0,794.65,324545.0,54.31
2025-12-26,794.5,799.45,787.35,792.05,167964.0,48.99
2025-12-29,792.0,798.1,776.1,795.1,330463.0,48.72
2025-12-30,795.1,848.05,786.95,836.0,2773011.0,47.33
2025-12-31,838.15,867.0,831.0,839.25,2213969.0,32.85
2026-01-01,834.0,857.9,828.05,853.75,627100.0,40.13
2026-01-02,853.75,865.1,847.0,855.4,658245.0,47.75
2026-01-05,859.4,870.0,857.0,865.65,622857.0,52.51
2026-01-06,870.0,871.2,856.5,860.9,563558.0,64.28
2026-01-07,863.15,884.0,848.15,855.0,713444.0,39.29
2026-01-08,857.25,862.9,801.1,805.8,822468.0,46.03
2026-01-09,803.7,807.0,766.65,772.15,1102234.0,50.05
2026-01-12,770.0,781.9,748.55,772.35,739046.0,49.78
2026-01-13,776.7,809.8,776.7,784.4,1783303.0,32.73
2026-01-14,780.4,799.25,769.55,794.1,752362.0,58.79
2026-01-15,780.4,799.25,769.55,794.1,752362.0,58.79
2026-01-16,801.15,815.9,792.7,813.3,745507.0,55.95
2026-01-19,808.0,816.0,801.6,804.25,465560.0,61.79
2026-01-20,804.25,811.7,753.3,759.5,784258.0,60.2
2026-01-21,758.0,758.75,735.0,749.95,507681.0,48.08
2026-01-22,764.0,784.0,753.65,756.95,953053.0,52.6
2026-01-23,764.0,764.0,741.0,745.95,378056.0,47.81
2026-01-26,764.0,764.0,741.0,745.95,378056.0,47.81
2026-01-27,750.0,831.5,730.2,810.05,1538290.0,28.4
2026-01-28,811.0,815.4,801.8,809.0,512643.0,41.1
2026-01-29,813.95,835.95,804.95,810.1,597453.0,50.35
2026-01-30,809.9,830.0,769.65,822.55,1630943.0,46.58
2026-02-02,790.0,812.0,767.95,804.55,648429.0,49.05
2026-02-03,819.45,819.5,798.4,809.35,441719.0,35.79
2026-02-04,810.0,813.4,775.0,782.1,594701.0,53.89
2026-02-05,785.0,786.2,775.0,777.5,209862.0,45.78
2026-02-06,774.5,788.0,768.55,784.9,225894.0,45.3
2026-02-09,790.0,798.4,782.4,790.25,396944.0,49.39
2026-02-10,793.2,795.6,785.2,787.6,178880.0,49.12
2026-02-11,793.4,804.7,784.45,799.85,435160.0,57.95
2026-02-12,802.0,802.95,791.0,799.6,336774.0,63.31
2026-02-13,797.05,798.0,760.25,764.2,413859.0,47.95
2026-02-16,766.05,769.7,752.5,756.25,309997.0,43.5
2026-02-17,756.3,761.0,734.0,740.25,889653.0,42.9
2026-02-18,741.55,769.95,740.1,758.3,815866.0,37.79
2026-02-19,764.45,764.45,739.95,745.95,495286.0,47.31
2026-02-20,743.05,766.8,738.6,761.3,928207.0,69.35
2026-02-23,762.05,799.6,757.65,795.2,1952324.0,52.16
2026-02-24,796.0,814.95,788.0,793.65,1700672.0,58.25
2026-02-25,797.0,808.3,789.5,803.4,825590.0,62.83
2026-02-26,806.05,811.45,790.65,809.15,907547.0,65.76
2026-02-27,809.5,813.75,771.25,776.35,1703092.0,65.93
2026-03-02,740.0,793.3,740.0,783.35,1696464.0,57.26
2026-03-03,740.0,793.3,740.0,783.35,1696464.0,57.26
2026-03-04,774.95,774.95,743.6,754.95,1177309.0,58.9
2026-03-05,754.85,771.75,750.05,768.95,1134103.0,57.49
2026-03-06,767.95,768.85,750.0,752.25,742434.0,58.47
2026-03-09,740.0,746.1,701.1,709.0,1037160.0,48.07
2026-03-10,720.0,728.15,709.0,721.5,874829.0,52.54
2026-03-11,723.15,747.75,718.6,736.55,872925.0,57.57
2026-03-12,734.0,755.8,716.9,746.65,963730.0,53.96
2026-03-13,744.0,744.7,700.1,707.45,673769.0,52.76
2026-03-16,706.9,715.95,674.15,709.9,1358176.0,42.92
2026-03-17,707.45,735.8,694.15,730.85,974047.0,39.4
2026-03-18,735.9,738.65,720.3,734.75,587612.0,41.88
2026-03-19,724.0,724.8,704.0,707.8,423342.0,45.51
2026-03-20,712.7,744.95,712.7,721.95,623699.0,58.65
2026-03-23,720.45,721.0,691.5,695.7,591700.0,51.43
2026-03-24,703.9,721.7,703.9,717.45,609436.0,52.51
2026-03-25,722.1,740.85,718.0,724.2,841403.0,59.87
2026-03-26,722.1,740.85,718.0,724.2,841403.0,59.87
2026-03-27,722.8,727.7,698.5,711.35,1187748.0,56.77
2026-03-30,708.1,737.5,697.05,710.95,1444365.0,38.44
2026-03-31,708.1,737.5,697.05,710.95,1444365.0,38.44
2026-04-01,734.95,734.95,701.0,704.85,1200897.0,56.3
2026-04-02,704.85,722.85,690.15,717.8,841259.0,40.82
2026-04-03,704.85,722.85,690.15,717.8,841259.0,40.82
2026-04-06,717.8,730.75,713.35,725.0,885053.0,49.1
2026-04-07,720.0,736.9,716.0,720.5,565074.0,55.62
2026-04-08,739.5,764.65,735.0,753.4,582752.0,42.24
2026-04-09,757.0,764.7,748.0,757.1,823506.0,52.1
2026-04-10,764.0,784.9,762.0,780.85,787124.0,67.93
2026-04-13,769.0,783.95,760.7,765.2,965953.0,57.33
2026-04-14,769.0,783.95,760.7,765.2,965953.0,57.33
2026-04-15,780.0,788.0,768.25,781.6,770504.0,49.44
2026-04-16,785.0,793.8,778.2,789.45,841147.0,47.08
2026-04-17,792.0,793.95,784.05,788.2,495365.0,50.72
2026-04-20,791.0,794.4,778.45,789.9,587141.0,43.97
2026-04-21,792.2,801.8,788.0,789.4,340443.0,54.15
2026-04-22,791.0,793.45,782.05,784.5,572829.0,61.15
2026-04-23,789.0,789.0,770.5,775.8,574833.0,55.57
2026-04-24,777.3,784.75,763.55,766.3,945281.0,79.6
2026-04-27,769.5,787.9,765.15,770.4,662158.0,56.71
2026-04-28,776.65,788.0,770.65,773.85,682722.0,44.28
2026-04-29,776.15,788.1,768.55,782.4,469987.0,45.66
2026-04-30,782.4,784.3,763.7,767.4,392091.0,56.01
2026-05-01,782.4,784.3,763.7,767.4,392091.0,56.01
2026-05-04,774.0,789.35,772.0,778.4,363179.0,50.29
2026-05-05,788.0,788.0,754.85,779.4,903965.0,31.53
2026-05-06,781.95,787.4,760.05,766.3,795050.0,55.75
2026-05-07,767.15,773.75,763.0,766.6,483323.0,61.57
2026-05-08,771.7,773.8,750.3,754.8,409968.0,59.93
2026-05-11,754.8,757.0,727.5,741.3,753623.0,54.99
2026-05-12,741.25,745.25,724.3,732.1,497367.0,53.42
2026-05-13,732.1,743.7,722.45,725.25,350097.0,44.1
2026-05-14,730.4,751.5,725.6,748.7,820264.0,68.74
2026-05-15,749.55,759.25,742.9,749.5,336372.0,50.54
2026-05-18,747.95,751.6,726.0,748.65,322526.0,48.34
2026-05-19,748.5,748.5,736.1,739.2,500400.0,61.61
2026-05-20,735.0,745.0,725.25,736.95,409839.0,64.0
2026-05-21,742.0,743.75,732.1,736.75,296812.0,57.13
2026-05-22,739.0,745.0,735.0,736.65,276313.0,53.85
2026-05-25,739.5,743.55,729.0,731.9,422483.0,60.61
2026-05-26,731.4,734.35,722.55,727.75,658402.0,53.21
2026-05-27,728.1,736.1,720.0,722.2,466816.0,52.02
2026-05-28,728.1,736.1,720.0,722.2,466816.0,52.02
2026-05-29,727.0,727.2,676.05,685.1,3368094.0,72.91
2026-06-01,688.0,708.25,688.0,695.9,649897.0,52.65
2026-06-02,696.0,696.0,672.15,686.3,760710.0,47.77
2026-06-03,686.75,689.85,662.9,681.65,1058062.0,42.55
2026-06-04,681.65,705.9,674.55,696.75,819006.0,49.5
2026-06-05,696.0,709.8,687.0,690.65,701459.0,44.8
2026-06-08,685.55,685.55,654.05,665.7,425699.0,41.36
2026-06-09,668.0,672.55,662.1,665.55,540517.0,54.05
2026-06-10,667.75,671.25,659.8,661.9,410281.0,60.5
2026-06-11,661.5,683.85,652.25,679.35,658450.0,41.34
2026-06-12,685.0,698.0,678.0,694.55,528913.0,51.06
2026-06-15,702.0,714.5,697.3,701.15,646299.0,56.33
2026-06-16,707.0,716.45,698.95,709.85,547760.0,57.85
2026-06-17,709.85,732.4,707.85,727.9,699561.0,55.91
2026-06-18,727.9,728.9,704.0,707.0,881575.0,56.39
2026-06-19,709.0,709.0,690.45,696.7,1001225.0,52.3
2026-06-22,696.7,711.2,696.7,708.8,574126.0,61.08
2026-06-23,709.0,709.9,689.8,691.4,392523.0,61.58
2026-06-24,692.95,699.8,684.0,695.0,395997.0,56.39
2026-06-25,699.9,699.9,689.0,695.05,525017.0,55.18
2026-06-26,699.9,699.9,689.0,695.05,525017.0,55.18
2026-06-29,694.95,704.5,674.35,683.15,1432350.0,56.64
2026-06-30,684.0,706.5,683.15,692.65,918505.0,62.04
2026-07-01,693.0,695.7,678.5,681.9,705266.0,67.05
2026-07-02,685.0,696.6,677.6,691.45,556858.0,57.99
2026-07-03,698.55,711.5,691.5,698.15,477461.0,43.5
2026-07-06,698.15,706.0,691.5,702.25,688364.0,66.77
2026-07-07,706.1,707.4,692.6,695.45,548788.0,48.57
2026-07-08,690.15,697.2,690.0,695.75,562598.0,69.25
2026-07-09,699.9,715.0,694.7,709.6,530976.0,55.63
2026-07-10,714.5,725.35,712.0,716.4,680019.0,49.92
2026-07-13,703.3,716.65,701.1,703.35,571627.0,63.41
2026-07-14,705.0,723.0,700.0,721.8,534904.0,56.64
2026-07-15,721.0,731.8,718.0,724.25,470218.0,63.94
2026-07-16,725.7,741.75,716.45,737.5,741762.0,60.04
2026-07-17,737.95,741.7,732.4,737.5,474444.0,57.18
2026-07-20,733.9,740.75,726.1,730.75,588710.0,70.92
2026-07-21,744.05,755.0,737.3,739.05,718947.0,51.96
2026-07-22,744.2,744.2,732.05,738.4,181572.0,50.08
2026-07-23,733.5,738.0,723.65,735.85,208548.0,54.2
2026-07-24,731.9,731.9,712.65,714.25,313931.0,42.42
2026-07-27,720.0,726.75,710.1,724.0,338590.0,55.66
2026-07-28,724.0,732.8,717.0,724.3,585587.0,61.72
2026-07-29,733.0,739.4,725.65,728.5,250436.0,52.91
2026-07-30,732.5,739.0,726.35,737.75,287292.0,64.95
2026-07-31,745.85,745.85,725.0,734.8,351429.0,47.23
2026-08-03,734.8,740.0,719.95,731.7,382465.0,42.32
2026-08-04,736.05,741.0,726.35,735.65,785405.0,53.71
2026-08-05,739.5,753.0,729.4,744.5,1102716.0,60.24
2026-08-06,746.0,747.6,730.0,732.5,359503.0,62.52
2026-08-07,732.5,738.5,731.3,734.65,139854.0,59.82
2026-08-10,737.85,741.95,730.0,732.75,191977.0,56.38
2026-08-11,735.0,735.0,720.05,725.1,327591.0,55.11
2026-08-12,728.0,742.2,712.5,737.9,486337.0,54.45
2026-08-13,737.0,743.2,733.2,735.4,178766.0,56.67
2026-08-14,736.1,741.35,733.65,737.85,273090.0,70.54
2026-08-19,730.0,734.2,722.8,724.0,182939.0,57.93
2026-08-20,729.9,731.2,716.0,718.4,238908.0,58.83
2026-08-21,718.4,720.0,700.0,701.35,338384.0,61.93
2026-08-24,706.75,710.85,699.75,702.4,278881.0,58.54
2026-08-25,702.9,707.25,696.65,701.4,161234.0,55.97
2026-08-26,705.7,715.5,698.15,712.95,322891.0,57.17
2026-08-27,713.1,714.0,702.05,705.0,276256.0,54.11
2026-08-28,704.0,707.55,697.0,705.15,307596.0,53.53
2026-08-31,705.15,714.8,696.05,702.15,994727.0,68.47
2026-09-01,700.5,738.65,700.5,734.0,1070564.0,42.25
