,Open,High,Low,Close,Volume,DeliveryPct
2016-08-22,999.9,1013.6,988.0,991.05,152728.0,
2016-08-23,991.5,1006.6,991.5,999.15,105965.0,
2016-08-24,997.5,1001.35,984.0,986.15,71835.0,
2016-08-25,1002.0,1006.0,986.15,990.3,144537.0,
2016-08-26,992.2,996.0,982.0,986.2,65331.0,
2016-08-29,985.0,992.6,975.0,984.3,84803.0,
2016-08-30,986.0,997.95,983.3,988.95,104714.0,
2016-08-31,990.1,998.1,984.0,988.5,97321.0,
2016-09-01,1011.9,1020.8,989.0,992.55,250894.0,
2016-09-02,995.9,1002.0,987.05,998.95,242600.0,
2016-09-06,995.5,1005.8,994.1,996.4,72165.0,
2016-09-07,999.9,1001.5,980.1,981.7,132976.0,
2016-09-08,988.0,996.1,978.55,987.7,136515.0,
2016-09-09,989.5,995.0,950.0,951.7,344009.0,
2016-09-12,943.9,944.0,925.0,929.35,164854.0,
2016-09-14,929.35,969.8,929.0,955.7,231995.0,
2016-09-15,956.5,979.9,951.0,972.7,135453.0,
2016-09-16,980.0,992.05,961.0,976.7,295338.0,
2016-09-19,979.95,995.0,979.95,988.1,151592.0,
2016-09-20,994.0,1040.0,992.0,1011.85,1004441.0,
2016-09-21,1008.0,1038.9,1005.05,1028.0,352851.0,
2016-09-22,1041.0,1056.9,1014.5,1050.45,412343.0,
2016-09-23,1058.95,1079.0,1042.0,1048.15,441599.0,
2016-09-26,1060.0,1083.7,1034.0,1069.8,513605.0,
2016-09-27,1090.0,1182.1,1074.0,1150.25,2975201.0,
2016-09-28,1160.0,1267.7,1160.0,1250.5,2621422.0,
2016-09-29,1288.0,1399.0,1266.0,1309.05,5220531.0,
2016-09-30,1330.0,1378.0,1283.1,1351.25,1992050.0,
2016-10-03,1395.0,1420.0,1353.6,1368.95,1290136.0,
2016-10-04,1373.0,1377.0,1315.5,1326.25,934232.0,
2016-10-05,1331.2,1349.9,1302.85,1311.15,450614.0,
2016-10-06,1316.0,1321.65,1248.75,1263.55,640525.0,
2016-10-07,1270.0,1324.0,1247.15,1297.25,901687.0,
2016-10-10,1302.0,1333.0,1276.0,1321.85,548663.0,
2016-10-13,1301.0,1335.0,1290.0,1320.25,654698.0,
2016-10-14,1324.0,1354.0,1322.15,1345.15,655524.0,
2016-10-17,1350.0,1364.7,1335.0,1355.8,414790.0,
2016-10-18,1364.0,1376.35,1352.0,1362.8,310965.0,
2016-10-19,1362.8,1367.8,1304.5,1312.1,308580.0,
2016-10-20,1320.0,1326.4,1295.15,1303.1,199464.0,
2016-10-21,1305.0,1318.5,1287.0,1292.25,249589.0,
2016-10-24,1300.0,1310.9,1293.0,1298.55,123997.0,
2016-10-25,1299.95,1300.0,1270.5,1274.45,136689.0,
2016-10-26,1295.0,1322.9,1292.1,1299.1,291522.0,
2016-10-27,1298.9,1302.9,1245.75,1265.6,182321.0,
2016-10-28,1268.45,1295.0,1265.1,1285.75,122911.0,
2016-11-01,1307.0,1310.0,1255.55,1263.4,103048.0,
2016-11-02,1262.0,1289.0,1245.25,1252.25,245409.0,
2016-11-03,1259.95,1394.7,1259.95,1320.65,1226635.0,
2016-11-04,1329.9,1354.0,1280.1,1332.7,542095.0,
2016-11-07,1355.15,1385.6,1335.0,1351.05,371985.0,
2016-11-08,1361.8,1364.5,1321.2,1328.1,173369.0,
2016-11-09,1230.0,1300.0,1151.25,1286.1,470597.0,
2016-11-10,1312.05,1399.75,1312.05,1374.7,876843.0,
2016-11-11,1360.0,1370.0,1290.25,1301.8,462470.0,
2016-11-15,1305.3,1309.8,1214.0,1223.95,298162.0,
2016-11-16,1247.0,1325.0,1231.0,1291.75,631292.0,
2016-11-17,1296.0,1320.0,1282.2,1307.8,356286.0,
2016-11-18,1306.0,1310.15,1287.0,1295.2,211371.0,
2016-11-21,1307.0,1308.8,1210.0,1218.15,304341.0,
2016-11-22,1250.0,1256.9,1215.55,1235.6,286665.0,
2016-11-23,1255.0,1269.0,1231.75,1239.6,267631.0,
2016-11-24,1228.1,1245.0,1224.05,1238.8,190692.0,
2016-11-25,1250.0,1253.8,1236.0,1241.45,134691.0,
2016-11-28,1247.7,1282.8,1243.5,1248.75,208582.0,
2016-11-29,1254.9,1262.1,1221.0,1227.4,203852.0,
2016-11-30,1238.0,1244.9,1213.0,1215.95,369198.0,
2016-12-01,1217.05,1250.0,1207.1,1212.95,155199.0,
2016-12-02,1208.9,1215.0,1182.1,1196.75,203317.0,
2016-12-05,1195.9,1211.65,1185.35,1198.5,155411.0,
2016-12-06,1205.9,1257.0,1202.95,1237.7,302620.0,
2016-12-07,1250.0,1275.0,1240.35,1268.05,328463.0,
2016-12-08,1278.45,1300.0,1270.0,1299.45,298080.0,
2016-12-09,1308.65,1413.0,1250.0,1329.85,4239446.0,
2016-12-12,1331.7,1360.0,1314.0,1342.0,557777.0,
2016-12-13,1348.0,1355.0,1337.0,1346.95,253169.0,
2016-12-14,1354.0,1354.0,1290.1,1302.5,246310.0,
2016-12-15,1288.0,1333.9,1284.0,1312.75,345264.0,
2016-12-16,1325.1,1326.0,1292.1,1312.6,232536.0,
2016-12-19,1308.95,1319.9,1288.15,1293.85,131569.0,
2016-12-20,1294.0,1304.0,1268.0,1274.55,114831.0,
2016-12-21,1280.5,1285.95,1260.25,1265.0,116782.0,
2016-12-22,1263.0,1263.0,1238.2,1243.85,153945.0,
2016-12-23,1238.0,1279.0,1235.1,1253.25,148595.0,
2016-12-26,1241.3,1249.0,1202.25,1210.95,147023.0,
2016-12-27,1213.0,1233.0,1209.05,1221.25,125371.0,
2016-12-28,1226.15,1267.3,1226.15,1259.15,287346.0,
2016-12-29,1271.7,1288.0,1245.2,1264.7,420957.0,
2016-12-30,1269.0,1277.0,1260.1,1267.5,207012.0,
2017-01-02,1270.0,1274.3,1233.1,1250.5,168892.0,
2017-01-03,1255.0,1274.0,1245.6,1250.85,218619.0,
2017-01-04,1254.0,1302.0,1248.0,1280.8,509331.0,
2017-01-05,1290.05,1305.0,1265.65,1271.35,269483.0,
2017-01-06,1279.0,1279.0,1247.05,1253.2,184138.0,
2017-01-09,1261.0,1262.1,1243.1,1247.7,139561.0,
2017-01-10,1254.4,1256.0,1240.0,1243.15,233113.0,
2017-01-11,1245.0,1252.8,1233.2,1240.15,256441.0,
2017-01-12,1243.7,1248.1,1220.15,1222.7,220557.0,
2017-01-13,1230.85,1243.0,1184.0,1201.4,938993.0,
2017-01-16,1218.9,1220.0,1180.2,1187.0,535124.0,
2017-01-17,1186.0,1190.0,1146.0,1179.3,766758.0,
2017-01-18,1184.0,1219.8,1184.0,1208.4,610024.0,
2017-01-19,1208.0,1224.95,1200.0,1208.05,268665.0,
2017-01-20,1225.7,1234.0,1186.0,1194.45,434593.0,
2017-01-23,1190.3,1209.85,1185.0,1188.6,232389.0,
2017-01-24,1190.35,1191.0,1172.1,1178.75,230061.0,
2017-01-25,1180.0,1190.05,1177.75,1181.2,169766.0,
2017-01-27,1185.0,1224.0,1172.0,1202.0,596826.0,
2017-01-30,1203.85,1214.0,1186.65,1194.35,151398.0,
2017-01-31,1196.0,1198.75,1170.0,1173.25,185023.0,
2017-02-01,1174.45,1200.0,1163.15,1177.65,325543.0,
2017-02-02,1191.0,1215.0,1191.0,1199.2,425261.0,
2017-02-03,1210.0,1244.5,1191.25,1199.7,1015095.0,
2017-02-06,1206.8,1206.8,1173.6,1176.45,233255.0,
2017-02-07,1177.65,1182.4,1146.15,1149.2,238589.0,
2017-02-08,1153.8,1159.65,1122.2,1130.0,279652.0,
2017-02-09,1135.0,1139.0,1102.55,1106.0,545879.0,
2017-02-10,1109.9,1114.9,1086.1,1090.0,438861.0,
2017-02-13,1102.0,1158.0,1098.9,1152.85,1125941.0,
2017-02-14,1155.05,1158.95,1126.0,1129.9,354446.0,
2017-02-15,1131.2,1138.55,1088.0,1099.05,364002.0,
2017-02-16,1103.8,1127.0,1100.05,1114.15,325541.0,
2017-02-17,1124.0,1139.8,1116.0,1123.1,385220.0,
2017-02-20,1127.6,1135.95,1120.0,1123.3,164829.0,
2017-02-21,1128.45,1128.45,1110.05,1120.65,258076.0,
2017-02-22,1124.0,1135.0,1118.0,1122.95,191012.0,
2017-02-23,1124.5,1144.8,1122.1,1140.45,236344.0,
2017-02-27,1143.65,1143.65,1115.1,1118.2,90375.0,
2017-02-28,1119.95,1125.5,1110.2,1118.25,130185.0,
2017-03-01,1120.7,1163.55,1119.7,1137.65,474237.0,
2017-03-02,1139.75,1147.6,1118.2,1124.7,196836.0,
2017-03-03,1120.0,1124.0,1111.2,1115.5,100089.0,
2017-03-06,1120.0,1123.65,1101.0,1103.35,128211.0,
2017-03-07,1118.0,1118.0,1095.0,1101.25,126553.0,
2017-03-08,1103.85,1116.0,1100.5,1112.9,112199.0,
2017-03-09,1110.9,1113.0,1090.0,1095.55,110957.0,
2017-03-10,1103.95,1112.0,1085.8,1091.15,155867.0,
2017-03-14,1110.0,1116.95,1094.5,1097.25,105021.0,
2017-03-15,1103.95,1134.0,1100.1,1117.45,335317.0,
2017-03-16,1123.45,1131.9,1117.25,1122.1,96824.0,
2017-03-17,1125.9,1129.1,1115.0,1118.9,96997.0,
2017-03-20,1125.0,1149.9,1125.0,1137.35,271233.0,
2017-03-21,1141.05,1149.0,1116.0,1128.45,169068.0,
2017-03-22,1120.05,1185.0,1120.05,1176.05,657677.0,
2017-03-23,1186.95,1223.8,1181.5,1219.95,728435.0,
2017-03-24,1223.0,1232.0,1202.15,1218.3,405040.0,
2017-03-27,1220.0,1233.0,1204.0,1226.3,250525.0,
2017-03-28,1225.0,1231.15,1199.05,1203.35,117162.0,
2017-03-29,1206.0,1224.0,1190.1,1192.7,241175.0,
2017-03-30,1195.0,1219.9,1195.0,1212.9,102003.0,
2017-03-31,1207.2,1219.8,1201.25,1205.05,72686.0,
2017-04-03,1215.05,1215.05,1180.0,1196.0,124993.0,
2017-04-05,1204.0,1208.0,1177.0,1184.15,141929.0,
2017-04-06,1186.4,1210.7,1174.0,1194.45,236295.0,
2017-04-07,1188.8,1246.0,1186.45,1220.75,521336.0,
2017-04-10,1233.15,1244.0,1217.85,1238.3,256336.0,
2017-04-11,1244.9,1258.85,1211.5,1226.95,297148.0,
2017-04-12,1219.0,1248.0,1215.0,1240.8,231018.0,
2017-04-13,1240.0,1245.0,1206.0,1210.1,178380.0,
2017-04-17,1214.2,1214.2,1180.0,1182.15,155055.0,
2017-04-18,1184.8,1212.0,1141.95,1149.05,417553.0,
2017-04-19,1153.45,1158.45,1125.0,1134.25,328920.0,
2017-04-20,1150.0,1177.05,1136.1,1142.55,369783.0,
2017-04-21,1149.7,1157.45,1118.0,1122.1,244095.0,
2017-04-24,1129.65,1187.0,1128.0,1161.35,595959.0,
2017-04-25,1172.75,1199.6,1160.05,1163.05,501586.0,
2017-04-26,1173.0,1230.8,1163.4,1217.7,1253467.0,
2017-04-27,1243.0,1248.0,1201.0,1217.55,913722.0,
2017-04-28,1219.45,1239.0,1212.0,1215.65,684491.0,
2017-05-02,1219.9,1220.2,1182.5,1184.65,225123.0,
2017-05-03,1189.4,1190.45,1150.0,1154.5,427716.0,
2017-05-04,1159.95,1175.1,1148.2,1154.8,363716.0,
2017-05-05,1135.0,1141.8,1100.0,1120.5,813567.0,
2017-05-08,1136.0,1137.0,1107.65,1112.1,308575.0,
2017-05-09,1115.0,1142.4,1114.4,1129.75,283000.0,
2017-05-10,1133.85,1140.0,1125.2,1128.15,112471.0,
2017-05-11,1125.05,1137.5,1118.0,1123.4,255026.0,
2017-05-12,1127.0,1127.0,1101.0,1104.4,228624.0,
2017-05-15,1108.0,1113.0,1067.25,1073.7,330584.0,
2017-05-16,1075.15,1093.7,1061.15,1076.9,530835.0,
2017-05-17,1077.0,1085.9,1066.2,1068.7,178099.0,
2017-05-18,1061.0,1068.0,996.6,1003.55,625823.0,
2017-05-19,1007.4,1020.0,981.0,992.2,630594.0,
2017-05-22,996.7,998.95,972.15,977.1,419648.0,
2017-05-23,983.9,984.7,958.55,968.45,417784.0,
2017-05-24,976.0,976.0,930.1,935.9,275357.0,
2017-05-25,937.0,1000.0,936.85,992.5,771765.0,
2017-05-26,1001.5,1007.85,987.0,993.4,372344.0,
2017-05-29,995.0,1004.9,975.0,977.5,239091.0,
2017-05-30,976.55,984.5,967.1,975.55,169463.0,
2017-05-31,978.6,1016.45,975.25,1004.1,315742.0,
2017-06-01,1009.75,1019.75,990.5,1005.4,309670.0,
2017-06-02,1005.1,1014.9,1000.0,1006.8,164116.0,
2017-06-05,1006.8,1039.6,1006.8,1025.85,374548.0,
2017-06-06,1028.1,1033.0,1007.0,1012.0,115647.0,
2017-06-07,1015.0,1035.0,1014.7,1030.1,155176.0,
2017-06-08,1030.0,1034.5,1017.0,1019.8,204694.0,
2017-06-09,1013.1,1070.4,1013.1,1052.4,465489.0,
2017-06-12,1064.0,1078.0,1055.0,1064.8,354242.0,
2017-06-13,1068.95,1083.55,1043.65,1048.45,795395.0,
2017-06-14,1065.0,1085.5,1052.9,1070.05,676883.0,
2017-06-15,1069.7,1090.0,1065.5,1078.7,360200.0,
2017-06-16,1080.0,1118.0,1080.0,1112.15,839308.0,
2017-06-19,1115.9,1135.0,1102.25,1118.4,420954.0,
2017-06-20,1118.5,1124.0,1088.0,1092.85,348977.0,
2017-06-21,1098.5,1112.85,1088.3,1099.25,210889.0,
2017-06-22,1127.0,1135.0,1096.65,1102.35,450340.0,
2017-06-23,1108.7,1130.8,1071.0,1080.95,199497.0,
2017-06-27,1087.0,1087.85,1055.05,1062.85,151949.0,
2017-06-28,1062.85,1075.8,1047.0,1060.95,213727.0,
2017-06-29,1062.0,1090.0,1062.0,1075.7,276022.0,
2017-06-30,1072.0,1093.25,1068.0,1088.3,174653.0,
2017-07-03,1094.0,1107.0,1078.5,1084.9,288999.0,
2017-07-04,1080.1,1101.0,1080.1,1093.2,188556.0,
2017-07-05,1095.0,1109.0,1094.65,1101.7,194154.0,
2017-07-06,1101.7,1110.0,1091.0,1102.95,139773.0,
2017-07-07,1095.3,1103.95,1087.9,1091.6,144591.0,
2017-07-10,1100.0,1100.0,1081.7,1085.7,22376.0,
2017-07-11,1086.25,1116.65,1086.25,1097.55,287139.0,
2017-07-12,1092.5,1096.65,1081.55,1091.35,295992.0,
2017-07-13,1095.0,1112.0,1075.1,1078.55,464451.0,
2017-07-14,1076.0,1111.0,1076.0,1096.65,446187.0,
2017-07-17,1098.0,1106.2,1086.6,1092.1,208158.0,
2017-07-18,1092.8,1110.1,1091.4,1099.9,228603.0,
2017-07-19,1106.0,1116.35,1097.9,1107.05,148543.0,
2017-07-20,1103.7,1112.0,1100.0,1102.65,114820.0,
2017-07-21,1103.95,1136.5,1095.05,1127.75,512863.0,
2017-07-24,1136.0,1169.0,1125.15,1165.55,503287.0,
2017-07-25,1171.9,1182.0,1152.1,1156.45,323602.0,
2017-07-26,1145.0,1157.7,1137.0,1140.9,248201.0,
2017-07-27,1140.0,1149.25,1108.15,1115.1,327974.0,
2017-07-28,1115.0,1122.8,1097.35,1103.8,295391.0,
2017-07-31,1104.0,1130.0,1090.0,1120.85,353822.0,
2017-08-01,1122.1,1127.8,1109.7,1111.9,116372.0,
2017-08-02,1110.0,1125.95,1095.35,1116.25,479371.0,
2017-08-03,1103.3,1115.0,1100.2,1107.7,201151.0,
2017-08-04,1107.75,1126.75,1106.0,1118.75,242734.0,
2017-08-07,1120.0,1123.65,1111.0,1115.1,109217.0,
2017-08-08,1117.0,1133.0,1111.7,1118.3,239421.0,
2017-08-09,1118.0,1127.0,1076.9,1091.95,317043.0,
2017-08-10,1089.8,1091.0,1015.1,1049.15,329526.0,
2017-08-11,1017.65,1049.55,1002.0,1040.55,288910.0,
2017-08-14,1039.0,1072.4,1038.5,1061.6,400337.0,
2017-08-16,1056.05,1084.5,1050.8,1074.3,312441.0,
2017-08-17,1070.1,1088.5,1062.0,1066.35,247679.0,
2017-08-18,1031.0,1044.35,1022.55,1030.0,352062.0,
2017-08-21,1028.0,1034.9,992.7,997.6,420987.0,
2017-08-22,1005.0,1005.0,980.1,982.6,178253.0,
2017-08-23,994.0,1013.0,990.15,1009.85,208516.0,
2017-08-24,1009.85,1027.7,995.1,1022.0,193028.0,
2017-08-28,1023.6,1052.6,1023.6,1049.3,275308.0,
2017-08-29,1050.0,1064.0,1035.5,1059.75,257007.0,
2017-08-30,1061.0,1071.5,1055.05,1061.65,147876.0,
2017-08-31,1061.65,1066.0,1044.7,1051.5,210947.0,
2017-09-01,1047.0,1080.7,1041.0,1071.25,180620.0,
2017-09-04,1071.25,1086.0,1065.0,1070.7,180168.0,
2017-09-05,1070.0,1083.0,1062.05,1075.75,144553.0,
2017-09-06,1078.0,1107.0,1072.45,1091.6,499157.0,
2017-09-07,1099.8,1134.0,1096.2,1111.75,267961.0,
2017-09-08,1120.85,1127.2,1098.0,1106.45,124147.0,
2017-09-11,1109.0,1123.3,1104.85,1112.85,167859.0,
2017-09-12,1114.9,1149.0,1113.15,1139.95,253108.0,
2017-09-13,1145.0,1153.0,1111.6,1117.1,184396.0,
2017-09-14,1116.7,1127.7,1105.0,1110.25,206776.0,
2017-09-15,1109.0,1117.25,1092.6,1100.3,190180.0,
2017-09-18,1100.0,1126.0,1100.0,1112.3,289335.0,
2017-09-19,1115.0,1115.0,1102.4,1107.6,71417.0,
2017-09-20,1108.0,1118.2,1095.0,1099.3,125221.0,
2017-09-21,1095.5,1103.95,1076.1,1087.7,126437.0,
2017-09-22,1085.1,1105.4,1069.3,1085.5,257425.0,
2017-09-25,1080.0,1085.0,1051.9,1057.15,249975.0,
2017-09-26,1050.0,1072.5,1037.35,1059.0,449620.0,
2017-09-27,1061.0,1064.95,1017.6,1024.5,187912.0,
2017-09-28,1023.0,1032.0,999.1,1019.3,349326.0,
2017-09-29,1029.0,1058.95,1027.0,1039.15,179719.0,
2017-10-03,1065.0,1066.8,1044.0,1060.4,196148.0,
2017-10-04,1061.9,1074.15,1052.1,1056.25,127909.0,
2017-10-05,1056.25,1066.9,1042.35,1047.55,90134.0,
2017-10-06,1050.0,1078.45,1050.0,1063.7,186904.0,
2017-10-09,1070.0,1090.0,1064.15,1072.15,219229.0,
2017-10-10,1078.9,1113.95,1058.85,1106.2,395337.0,
2017-10-11,1114.9,1129.0,1094.1,1103.3,342268.0,
2017-10-12,1110.9,1137.8,1105.35,1128.7,346879.0,
2017-10-13,1135.45,1159.8,1116.9,1133.55,628814.0,
2017-10-16,1159.85,1159.85,1112.5,1130.95,479116.0,
2017-10-17,1144.6,1157.8,1124.3,1128.95,610183.0,
2017-10-18,1122.0,1130.3,1102.0,1112.5,140596.0,
2017-10-19,1113.95,1120.0,1081.2,1095.6,69988.0,
2017-10-23,1090.25,1111.9,1080.5,1090.35,325357.0,
2017-10-24,1091.5,1103.9,1082.65,1088.75,185641.0,
2017-10-25,1095.0,1099.75,1039.05,1043.0,393901.0,
2017-10-26,1046.0,1069.0,1030.7,1052.95,497656.0,
2017-10-27,1054.0,1074.9,1053.35,1067.4,210230.0,
2017-10-30,1067.4,1078.0,1054.5,1056.5,178355.0,
2017-10-31,1057.0,1066.85,1045.05,1053.8,205124.0,
2017-11-01,1062.7,1064.0,1040.0,1043.85,180885.0,
2017-11-02,1046.0,1051.75,1017.0,1019.6,530442.0,
2017-11-03,1024.0,1025.0,1005.7,1012.0,454719.0,
2017-11-06,1018.0,1025.7,1012.2,1015.9,179301.0,
2017-11-07,1016.0,1022.0,990.0,993.05,290739.0,
2017-11-08,1000.0,1005.0,975.0,979.25,269501.0,
2017-11-09,984.0,991.0,975.8,979.65,164547.0,
2017-11-10,979.95,979.95,952.5,965.35,370571.0,
2017-11-13,974.1,974.1,946.2,951.1,283814.0,
2017-11-14,951.1,959.1,944.0,948.55,192142.0,
2017-11-15,950.0,955.55,928.9,934.0,292054.0,
2017-11-16,940.0,949.6,925.0,928.85,337266.0,
2017-11-17,938.95,967.4,935.25,948.6,453385.0,
2017-11-20,951.0,982.4,950.0,973.75,417422.0,
2017-11-21,981.1,981.1,957.15,961.75,224655.0,
2017-11-22,966.0,968.0,951.1,954.45,182759.0,
2017-11-23,954.45,958.6,945.1,950.0,172453.0,
2017-11-24,955.9,962.9,945.85,948.45,229979.0,
2017-11-27,953.7,976.0,947.2,970.5,337440.0,
2017-11-28,971.5,992.5,971.45,983.6,403249.0,
2017-11-29,990.0,994.5,972.7,976.8,224169.0,
2017-11-30,975.0,985.0,954.0,957.8,356151.0,
2017-12-01,958.95,974.95,953.0,960.0,257004.0,
2017-12-04,961.0,970.0,932.35,936.45,168152.0,
2017-12-05,944.0,944.95,900.0,908.1,584740.0,
2017-12-06,908.0,920.0,896.7,906.45,344489.0,
2017-12-07,909.0,967.0,909.0,951.1,734923.0,
2017-12-08,964.7,984.0,953.0,976.45,529284.0,
2017-12-11,979.95,984.95,965.8,980.0,289526.0,
2017-12-12,975.0,983.9,962.5,966.8,198024.0,
2017-12-13,968.0,998.25,966.95,988.15,954046.0,
2017-12-14,992.95,996.45,972.5,978.6,440449.0,
2017-12-15,979.0,992.7,973.15,978.15,345719.0,
2017-12-18,975.65,984.25,943.45,970.35,312166.0,
2017-12-19,970.0,980.0,955.15,960.3,508756.0,
2017-12-20,969.4,970.8,957.75,962.5,585783.0,
2017-12-21,963.0,967.95,955.0,957.65,364206.0,
2017-12-22,960.0,964.8,940.0,944.15,813209.0,
2017-12-26,950.1,960.8,944.5,946.9,499719.0,
2017-12-27,949.9,954.5,941.1,944.1,236351.0,
2017-12-28,949.0,949.25,932.0,938.65,550833.0,
2017-12-29,947.0,950.0,909.05,911.55,1039964.0,
2018-01-01,914.9,928.0,907.0,920.05,601516.0,
2018-01-02,922.0,927.95,904.5,908.45,442172.0,
2018-01-03,911.05,920.0,905.7,910.55,315350.0,
2018-01-04,914.2,929.95,914.2,925.2,637710.0,
2018-01-05,925.0,928.8,917.0,919.15,184212.0,
2018-01-08,924.4,954.0,921.0,950.5,742779.0,
2018-01-09,954.0,958.2,931.75,938.9,515124.0,
2018-01-10,955.0,955.0,939.05,940.0,631952.0,
2018-01-11,943.0,948.9,932.7,934.95,448710.0,
2018-01-12,938.0,945.8,924.0,941.8,285162.0,
2018-01-15,947.9,948.0,928.5,930.45,262622.0,
2018-01-16,931.25,939.8,875.1,895.95,766022.0,
2018-01-17,871.0,874.2,835.0,851.9,2310891.0,
2018-01-18,862.1,864.85,830.2,842.95,1273819.0,
2018-01-19,837.55,848.0,833.0,836.6,409607.0,
2018-01-22,837.0,854.55,833.95,840.85,1611225.0,
2018-01-23,854.5,854.5,840.05,842.2,370371.0,
2018-01-24,844.9,844.9,828.45,834.25,328772.0,
2018-01-25,838.95,840.95,818.8,823.45,509320.0,
2018-01-29,824.8,828.3,797.0,799.95,621498.0,
2018-01-30,799.95,801.05,768.05,770.5,844539.0,
2018-01-31,788.0,788.0,770.15,775.7,791384.0,
2018-02-01,777.95,796.55,770.5,778.05,943117.0,
2018-02-02,778.0,778.05,729.5,736.35,772034.0,
2018-02-05,732.0,732.0,697.4,716.1,695728.0,
2018-02-06,695.0,707.0,671.75,701.0,961359.0,
2018-02-07,708.0,733.0,703.0,728.8,688806.0,
2018-02-08,738.0,745.65,733.0,738.7,390355.0,
2018-02-09,724.0,729.85,704.2,721.65,266631.0,
2018-02-12,735.0,752.4,730.15,740.9,426459.0,
2018-02-14,753.95,763.0,747.25,757.5,426941.0,
2018-02-15,760.0,767.35,741.0,742.8,363231.0,
2018-02-16,747.0,752.1,727.25,742.6,452544.0,
2018-02-19,749.0,764.9,742.5,759.85,676883.0,
2018-02-20,760.0,762.4,750.95,754.35,267124.0,
2018-02-21,759.0,763.8,752.1,761.0,353586.0,
2018-02-22,759.0,759.4,741.15,744.7,519871.0,
2018-02-23,746.8,761.6,735.0,752.65,400322.0,
2018-02-26,757.0,762.5,751.45,755.55,263561.0,
2018-02-27,756.0,772.3,746.45,766.25,392133.0,
2018-02-28,759.9,784.5,759.5,780.15,600135.0,
2018-03-01,779.4,785.0,768.3,770.6,193320.0,
2018-03-05,769.95,776.45,764.2,773.85,228654.0,
2018-03-06,775.0,783.4,751.7,762.65,313791.0,
2018-03-07,755.0,762.3,740.6,745.05,290989.0,
2018-03-08,745.0,754.4,736.65,744.05,232152.0,
2018-03-09,752.85,753.0,740.0,742.45,184598.0,
2018-03-12,745.0,748.9,726.6,736.3,311030.0,
2018-03-13,736.1,753.9,733.35,750.8,250257.0,
2018-03-14,755.0,767.0,751.05,761.2,397180.0,
2018-03-15,764.9,834.5,761.2,825.1,2115657.0,
2018-03-16,830.9,831.95,803.65,807.8,835610.0,
2018-03-19,815.0,816.9,758.3,765.3,538044.0,
2018-03-20,762.0,772.9,730.85,762.2,418083.0,
2018-03-21,769.7,789.0,758.5,761.35,439526.0,
2018-03-22,765.0,769.65,742.5,743.95,304139.0,
2018-03-23,730.0,735.7,698.5,706.5,1273864.0,
2018-03-26,698.0,698.0,672.0,688.75,1298844.0,
2018-03-27,699.0,704.9,682.2,686.5,637336.0,
2018-03-28,679.8,682.3,665.1,667.35,648127.0,
2018-04-02,678.0,706.0,672.15,702.65,416150.0,
2018-04-03,699.85,739.0,695.15,732.75,726770.0,
2018-04-04,732.7,747.0,721.0,723.25,551805.0,
2018-04-05,733.7,745.0,730.0,741.2,303790.0,
2018-04-06,736.1,759.95,736.1,754.35,294597.0,
2018-04-09,757.6,771.65,754.0,758.75,270308.0,
2018-04-10,760.0,766.5,732.85,743.0,411229.0,
2018-04-11,745.0,752.9,735.5,739.15,363098.0,
2018-04-12,742.0,746.0,730.0,740.0,297329.0,
2018-04-13,745.0,772.8,745.0,759.5,786197.0,
2018-04-16,758.8,781.0,751.2,770.65,921715.0,
2018-04-17,774.9,776.45,763.1,764.65,404957.0,
2018-04-18,765.0,770.4,745.25,750.55,475357.0,
2018-04-19,754.7,775.0,750.9,770.85,475614.0,
2018-04-20,767.0,792.65,759.15,785.25,708845.0,
2018-04-23,784.95,792.75,778.15,785.55,315660.0,
2018-04-24,785.95,798.0,781.55,786.45,328040.0,
2018-04-25,789.0,789.95,758.0,768.9,403371.0,
2018-04-26,769.9,771.2,750.15,762.1,499331.0,
2018-04-27,765.9,808.0,765.8,794.15,1027313.0,
2018-04-30,818.0,818.0,776.0,779.05,811701.0,
2018-05-02,779.0,782.95,747.8,757.35,377443.0,
2018-05-03,760.0,761.55,739.0,749.8,377723.0,
2018-05-04,749.8,760.25,748.0,751.05,414702.0,
2018-05-07,771.9,771.9,750.0,765.6,558450.0,
2018-05-08,768.0,778.85,762.0,766.8,333214.0,
2018-05-09,768.05,792.0,768.05,787.95,594547.0,
2018-05-10,791.85,791.85,761.55,765.15,258191.0,
2018-05-11,767.9,775.6,755.5,766.0,268328.0,
2018-05-14,771.0,788.9,766.0,776.85,434035.0,
2018-05-15,775.9,797.45,766.5,783.95,446700.0,
2018-05-16,782.0,794.5,777.0,790.3,438412.0,
2018-05-17,792.4,800.05,781.2,785.65,276407.0,
2018-05-18,787.0,790.95,748.25,752.2,394454.0,
2018-05-21,754.0,759.55,735.0,739.3,249054.0,
2018-05-22,736.5,743.9,720.95,733.9,383624.0,
2018-05-23,735.6,745.0,720.0,722.95,339958.0,
2018-05-24,725.0,729.8,708.3,717.75,493809.0,
2018-05-25,740.2,844.6,737.7,817.8,5201346.0,
2018-05-28,817.0,873.4,807.0,854.85,2215612.0,
2018-05-29,848.9,856.4,827.3,834.2,779953.0,
2018-05-30,822.25,840.0,819.25,827.5,570830.0,
2018-05-31,830.0,863.0,815.2,856.3,1177930.0,
2018-06-01,861.9,866.8,833.0,839.9,811827.0,
2018-06-04,835.1,845.1,803.55,810.5,531697.0,
2018-06-05,809.95,821.9,790.0,809.95,603981.0,
2018-06-06,814.8,829.75,800.0,824.4,375507.0,
2018-06-07,827.45,837.2,821.0,825.0,260571.0,
2018-06-08,823.0,838.7,817.6,830.0,225615.0,
2018-06-11,831.0,844.8,824.05,829.8,331765.0,
2018-06-12,828.0,846.0,828.0,833.35,281457.0,
2018-06-13,837.0,844.0,815.0,819.05,386090.0,
2018-06-14,818.5,823.2,811.3,820.9,291245.0,
2018-06-15,820.9,828.85,802.1,808.0,260320.0,
2018-06-18,808.0,808.0,786.5,793.4,282641.0,
2018-06-19,789.8,791.75,766.2,776.1,325572.0,
2018-06-20,776.0,785.1,771.25,780.45,260324.0,
2018-06-21,789.95,792.0,758.0,762.2,441728.0,
2018-06-22,761.9,774.3,754.15,770.25,305234.0,
2018-06-25,767.65,777.75,754.1,759.6,296652.0,
2018-06-26,759.8,761.0,747.15,756.65,262960.0,
2018-06-27,758.0,758.0,736.35,741.5,355304.0,
2018-06-28,737.05,738.85,722.55,726.55,565438.0,
2018-06-29,729.65,737.45,724.5,731.05,267298.0,
2018-07-02,735.0,735.0,714.5,719.15,250536.0,
2018-07-03,721.0,759.0,711.6,749.75,719332.0,
2018-07-04,753.8,753.8,735.0,737.6,257019.0,
2018-07-05,737.95,745.8,723.15,737.45,292710.0,
2018-07-06,737.05,763.0,731.6,754.0,406933.0,
2018-07-09,754.0,767.85,754.0,759.25,217735.0,
2018-07-10,759.0,773.9,757.3,770.2,150670.0,
2018-07-11,782.0,816.1,768.0,793.55,1230910.0,
2018-07-12,794.0,820.05,793.55,803.8,849754.0,
2018-07-13,803.8,831.0,803.8,812.2,663419.0,
2018-07-16,810.0,811.0,772.05,779.45,385707.0,
2018-07-17,775.0,836.0,775.0,829.55,825420.0,
2018-07-18,823.0,829.45,802.55,812.95,760104.0,
2018-07-19,814.95,819.35,800.5,807.55,348328.0,
2018-07-20,809.7,810.95,787.25,798.45,358583.0,
2018-07-23,775.5,789.95,745.6,768.6,1072466.0,
2018-07-24,769.0,779.6,758.55,769.4,451700.0,
2018-07-25,770.0,843.0,770.0,823.65,2070031.0,
2018-07-26,818.0,844.9,812.3,838.25,869751.0,
2018-07-27,833.05,843.9,822.2,829.3,472715.0,
2018-07-30,826.9,839.9,824.05,832.85,293477.0,
2018-07-31,840.0,886.45,828.05,881.9,1510005.0,
2018-08-01,885.0,894.0,865.5,871.6,709863.0,
2018-08-02,871.1,901.9,855.5,888.35,812285.0,
2018-08-03,895.0,896.85,885.0,888.8,412232.0,
2018-08-06,890.0,917.95,887.05,891.05,696631.0,
2018-08-07,891.0,898.2,869.65,884.8,383828.0,
2018-08-08,880.4,888.0,870.7,875.3,174545.0,
2018-08-09,878.8,887.95,867.2,879.15,279845.0,
2018-08-10,875.95,879.8,848.0,852.45,323857.0,
2018-08-13,852.95,862.4,837.05,852.6,338990.0,
2018-08-14,854.9,869.5,847.0,854.8,365200.0,
2018-08-16,851.0,873.9,849.15,857.45,377750.0,
2018-08-17,860.8,867.7,846.95,855.0,262552.0,
2018-08-20,851.35,868.3,848.15,854.15,300454.0,
2018-08-21,854.1,880.9,853.0,869.55,541156.0,
2018-08-23,866.0,866.0,831.0,837.95,545392.0,
2018-08-24,835.0,845.0,827.15,833.7,377002.0,
2018-08-27,834.9,853.0,834.9,842.8,341041.0,
2018-08-28,844.0,846.75,828.0,830.0,307275.0,
2018-08-29,832.95,840.45,816.95,820.5,358516.0,
2018-08-30,818.2,828.85,814.05,823.3,461912.0,
2018-08-31,828.0,838.9,821.1,828.1,296206.0,
2018-09-03,833.0,843.3,820.9,824.9,214249.0,
2018-09-04,824.9,827.8,771.0,775.9,512263.0,
2018-09-05,779.8,788.35,765.0,782.75,468393.0,
2018-09-06,789.0,792.4,765.0,769.65,472038.0,
2018-09-07,768.9,781.5,764.0,772.35,254719.0,
2018-09-10,772.8,801.9,772.8,791.1,781407.0,
2018-09-11,798.7,803.85,770.05,772.15,641004.0,
2018-09-12,774.4,794.95,768.0,789.4,571872.0,
2018-09-14,804.95,808.5,795.1,800.35,652228.0,
2018-09-17,798.0,819.5,792.1,810.75,750472.0,
2018-09-18,813.0,813.4,780.0,783.5,485714.0,
2018-09-19,809.9,821.5,795.7,808.5,1707901.0,
2018-09-21,810.0,815.9,691.65,753.3,1184191.0,
2018-09-24,758.0,758.4,712.0,716.75,648720.0,
2018-09-25,717.1,751.15,710.2,730.65,762340.0,
2018-09-26,733.1,763.0,726.9,752.25,373752.0,
2018-09-27,752.7,757.15,706.3,710.9,560885.0,
2018-09-28,715.8,725.9,675.0,688.45,1059348.0,
2018-10-01,665.0,708.5,650.0,705.85,718438.0,
2018-10-03,706.0,736.0,688.0,710.75,501247.0,
2018-10-04,699.0,711.9,678.0,696.65,676987.0,
2018-10-05,690.0,701.55,665.0,672.2,821793.0,
2018-10-08,662.0,690.95,660.05,683.3,624028.0,
2018-10-09,681.0,693.55,661.7,668.85,688366.0,
2018-10-10,669.0,702.25,669.0,696.85,524389.0,
2018-10-11,679.1,752.6,667.0,745.95,917478.0,
2018-10-12,748.0,756.95,735.7,745.7,779338.0,
2018-10-15,744.0,757.3,714.5,729.25,506711.0,
2018-10-16,731.25,816.45,731.25,799.8,1745735.0,
2018-10-17,805.0,809.45,767.5,781.75,1073374.0,
2018-10-19,779.8,792.3,750.4,774.7,556388.0,
2018-10-22,784.0,794.5,729.25,735.85,637070.0,
2018-10-23,727.0,747.45,720.15,741.85,648451.0,
2018-10-24,757.8,833.9,730.3,819.05,1914114.0,
2018-10-25,810.0,828.95,697.0,701.35,5303390.0,
2018-10-26,710.4,748.0,677.5,724.4,2231691.0,
2018-10-29,730.2,736.0,701.4,718.3,853504.0,
2018-10-30,715.0,723.9,708.0,710.85,581016.0,
2018-10-31,710.0,717.4,685.45,702.4,1467753.0,
2018-11-01,704.0,726.5,702.0,713.8,534543.0,
2018-11-02,719.55,723.4,703.55,705.95,478082.0,
2018-11-05,704.8,715.7,695.0,702.75,437824.0,
2018-11-06,704.4,713.3,695.5,701.9,341155.0,
2018-11-07,706.95,710.9,703.1,706.1,103260.0,
2018-11-09,706.95,717.65,701.65,707.6,297072.0,
2018-11-12,709.9,716.5,705.0,707.35,319204.0,
2018-11-13,707.9,714.5,697.6,710.8,324156.0,
2018-11-14,711.55,715.8,693.95,697.25,333836.0,
2018-11-15,699.8,714.1,688.1,712.8,478657.0,
2018-11-16,715.0,725.65,698.0,703.25,459061.0,
2018-11-19,707.4,717.9,703.55,715.65,242449.0,
2018-11-20,713.0,724.45,705.0,706.95,311629.0,
2018-11-21,708.0,712.6,700.85,707.0,242281.0,
2018-11-22,711.0,713.7,696.5,698.9,225693.0,
2018-11-26,704.3,710.0,696.25,705.4,248449.0,
2018-11-27,704.0,716.55,703.35,713.05,253325.0,
2018-11-28,719.0,721.5,702.0,704.1,271316.0,
2018-11-29,709.0,711.75,698.15,706.45,706541.0,
2018-11-30,713.5,744.6,712.0,734.1,1189901.0,
2018-12-03,741.8,741.8,722.95,730.1,571522.0,
2018-12-04,729.0,736.25,717.0,726.75,326158.0,
2018-12-05,723.0,729.35,715.25,718.85,351768.0,
2018-12-06,718.2,732.0,705.55,710.8,642165.0,
2018-12-07,714.0,725.35,709.0,711.85,285590.0,
2018-12-10,707.0,715.75,691.75,694.95,484180.0,
2018-12-11,692.5,702.7,688.1,695.5,283941.0,
2018-12-12,705.1,732.0,704.05,724.4,547036.0,
2018-12-13,735.05,737.45,721.1,725.65,297715.0,
2018-12-14,724.9,732.0,719.15,723.95,198874.0,
2018-12-17,721.35,731.8,720.0,722.9,177476.0,
2018-12-18,719.65,744.7,719.0,739.75,490591.0,
2018-12-19,745.05,751.05,729.9,732.05,628209.0,
2018-12-20,731.0,736.55,726.0,729.25,219649.0,
2018-12-21,731.0,734.7,710.1,720.0,460363.0,
2018-12-24,718.6,729.0,712.3,714.4,340469.0,
2018-12-26,714.0,717.95,703.1,711.0,283452.0,
2018-12-27,713.3,731.75,711.05,723.15,499166.0,
2018-12-28,723.0,737.5,723.0,733.35,199513.0,
2018-12-31,733.35,746.75,729.3,735.0,249072.0,
2019-01-01,736.3,742.7,731.0,734.95,158798.0,
2019-01-02,734.7,737.0,716.0,725.5,197061.0,
2019-01-03,725.0,737.0,719.25,722.45,222886.0,
2019-01-04,722.0,728.2,714.0,725.4,206996.0,
2019-01-07,726.0,736.0,718.25,724.15,355498.0,
2019-01-08,724.0,751.75,720.3,742.75,625160.0,
2019-01-09,745.0,756.9,738.05,750.45,697779.0,
2019-01-10,748.6,755.0,741.0,751.35,205786.0,
2019-01-11,751.0,757.7,738.5,754.25,278995.0,
2019-01-14,755.0,764.0,745.85,758.65,367226.0,
2019-01-15,764.2,778.0,758.15,763.15,880213.0,
2019-01-16,773.25,773.25,746.25,752.2,1322705.0,
2019-01-17,757.5,757.8,744.55,750.6,393951.0,
2019-01-18,750.0,751.0,735.0,742.2,207639.0,
2019-01-21,741.95,743.05,729.95,735.6,372328.0,
2019-01-22,735.1,743.0,730.75,739.3,270873.0,
2019-01-23,738.15,742.95,723.65,729.8,304692.0,
2019-01-24,733.0,733.0,713.55,718.2,200547.0,
2019-01-25,715.2,724.8,708.0,710.45,275389.0,
2019-01-28,709.7,713.95,701.05,708.0,235934.0,
2019-01-29,708.8,712.95,703.75,710.65,114534.0,
2019-01-30,706.5,722.4,706.5,716.35,197110.0,
2019-01-31,718.6,720.0,701.25,703.8,427460.0,
2019-02-01,708.4,721.35,704.4,712.55,200163.0,
2019-02-04,708.0,719.7,702.0,716.75,286357.0,
2019-02-05,713.2,714.45,693.0,698.1,182612.0,
2019-02-06,702.0,703.55,683.05,693.0,419171.0,
2019-02-07,691.1,705.55,691.1,696.55,229552.0,
2019-02-08,701.0,701.0,684.0,692.25,186060.0,
2019-02-11,688.75,695.3,681.45,688.0,179822.0,
2019-02-12,685.15,707.0,682.0,696.85,410815.0,
2019-02-13,696.5,703.6,668.0,671.05,516945.0,
2019-02-14,663.6,682.65,663.6,678.6,180034.0,
2019-02-15,675.1,679.35,660.6,667.8,129834.0,
2019-02-18,667.8,667.8,648.5,653.15,280152.0,
2019-02-19,651.0,676.35,643.5,664.95,371265.0,
2019-02-20,666.15,674.55,661.35,670.65,138696.0,
2019-02-21,670.0,677.6,669.35,673.65,147116.0,
2019-02-22,676.0,684.95,673.5,677.65,187865.0,
2019-02-25,673.0,685.0,670.75,678.0,147689.0,
2019-02-26,670.1,675.85,650.0,668.1,538876.0,
2019-02-27,677.6,680.1,660.15,662.4,277722.0,
2019-02-28,667.0,667.05,651.8,654.0,362812.0,
2019-03-01,659.0,682.7,659.0,676.2,920765.0,
2019-03-05,676.95,734.35,676.2,731.45,1006400.0,
2019-03-06,729.95,755.0,715.0,746.4,865640.0,
2019-03-07,743.5,746.65,730.2,734.7,203780.0,
2019-03-08,727.5,745.0,716.3,727.7,591420.0,
2019-03-11,730.2,745.45,729.6,743.1,240898.0,
2019-03-12,745.0,781.0,743.0,775.75,1202421.0,
2019-03-13,777.0,800.9,770.05,779.65,806494.0,
2019-03-14,779.0,785.45,768.8,779.45,236955.0,
2019-03-15,778.0,797.0,773.35,785.45,563690.0,
2019-03-18,786.45,803.75,778.5,784.05,407787.0,
2019-03-19,783.7,809.0,782.5,802.7,486869.0,
2019-03-20,798.0,820.5,796.85,815.95,768166.0,
2019-03-22,817.8,824.0,792.0,794.6,314470.0,
2019-03-25,790.0,795.0,781.7,793.05,113867.0,
2019-03-26,795.8,797.5,773.5,782.8,362008.0,
2019-03-27,782.0,798.75,781.25,789.3,376624.0,
2019-03-28,784.0,814.3,783.1,807.2,536218.0,
2019-03-29,806.4,817.15,791.9,806.6,326091.0,
2019-04-01,810.0,829.85,801.65,805.15,387849.0,
2019-04-02,808.0,808.8,789.0,792.15,223235.0,
2019-04-03,792.9,808.9,780.0,784.3,316831.0,
2019-04-04,783.95,790.5,775.3,782.8,186060.0,
2019-04-05,785.5,786.5,768.7,775.55,339106.0,
2019-04-08,777.95,782.95,765.15,769.25,276038.0,
2019-04-09,774.75,774.75,761.3,766.3,691255.0,
2019-04-10,766.05,784.0,761.25,767.95,553288.0,
2019-04-11,772.5,792.0,766.0,788.15,300991.0,
2019-04-12,790.35,801.0,783.05,797.45,379504.0,
2019-04-15,799.8,806.5,792.1,795.2,145212.0,
2019-04-16,795.0,811.0,786.3,808.35,343906.0,
2019-04-18,808.9,813.15,778.0,780.5,240866.0,
2019-04-22,782.4,789.65,767.95,776.7,263112.0,
2019-04-23,778.0,782.95,768.5,772.75,202147.0,
2019-04-24,770.6,786.45,770.15,784.45,145159.0,
2019-04-25,782.5,805.9,782.25,800.8,569934.0,
2019-04-26,808.0,848.35,790.15,839.2,2408638.0,
2019-04-30,850.0,866.0,829.45,859.0,1992493.0,
2019-05-02,866.95,877.45,848.25,854.05,854663.0,
2019-05-03,855.2,864.0,845.2,850.95,504241.0,
2019-05-06,848.0,866.0,843.0,853.6,393544.0,
2019-05-07,860.95,866.0,837.6,840.45,279061.0,
2019-05-08,838.1,848.0,825.05,828.55,354723.0,
2019-05-09,828.55,836.0,819.7,827.35,268782.0,
2019-05-10,829.95,834.4,815.25,818.75,193939.0,
2019-05-13,818.5,823.6,800.0,803.1,228376.0,
2019-05-14,800.1,834.5,799.35,827.25,327154.0,
2019-05-15,831.9,833.0,806.55,815.3,371439.0,
2019-05-16,810.0,830.95,807.0,827.95,144818.0,
2019-05-17,827.95,835.3,819.45,830.85,195448.0,
2019-05-20,835.3,856.05,831.5,845.35,311281.0,
2019-05-21,838.75,853.8,821.55,827.15,184411.0,
2019-05-22,834.7,838.8,822.7,833.65,175185.0,
2019-05-23,839.85,848.0,805.1,810.0,265829.0,
2019-05-24,812.0,849.95,812.0,844.95,491905.0,
2019-05-27,844.7,855.8,838.5,845.2,490014.0,
2019-05-28,845.0,852.6,836.0,839.45,157154.0,
2019-05-29,837.45,839.0,816.0,824.7,170024.0,
2019-05-30,830.5,832.0,813.9,816.45,281206.0,
2019-05-31,818.0,830.65,781.0,810.25,586864.0,
2019-06-03,806.05,826.9,806.05,821.55,213552.0,
2019-06-04,822.0,828.45,808.2,815.95,140306.0,
2019-06-06,817.0,829.0,798.05,801.4,240932.0,
2019-06-07,804.95,816.8,796.35,803.5,221882.0,
2019-06-10,808.8,813.95,798.25,804.45,170185.0,
2019-06-11,800.1,827.95,800.1,819.7,343440.0,
2019-06-12,819.75,821.05,788.2,797.3,287834.0,
2019-06-13,796.6,811.65,796.6,810.15,253708.0,
2019-06-14,812.0,815.0,791.0,793.4,229060.0,
2019-06-17,799.45,801.0,786.65,789.85,194671.0,
2019-06-18,790.9,804.0,782.65,787.2,197255.0,
2019-06-19,796.25,806.0,793.95,799.65,263199.0,
2019-06-20,803.0,821.3,792.5,819.4,282829.0,
2019-06-21,816.2,820.0,797.35,800.95,216166.0,
2019-06-24,803.2,807.35,786.8,788.9,265776.0,
2019-06-25,789.0,803.0,789.0,801.35,221861.0,
2019-06-26,803.0,829.0,803.0,825.65,380428.0,
2019-06-27,829.0,840.5,821.3,833.15,337447.0,
2019-06-28,831.0,839.7,823.35,831.85,214617.0,
2019-07-01,833.0,846.4,831.05,839.7,410682.0,
2019-07-02,842.0,855.0,838.55,852.6,261454.0,
2019-07-03,853.0,872.0,852.0,860.85,350251.0,
2019-07-04,866.2,873.3,860.6,864.8,235296.0,
2019-07-05,865.7,884.95,844.7,848.05,438855.0,
2019-07-08,853.0,853.0,805.5,816.3,247119.0,
2019-07-09,814.05,834.35,796.2,827.15,207525.0,
2019-07-10,827.15,834.0,812.8,816.05,183116.0,
2019-07-11,816.0,832.8,806.25,830.1,214267.0,
2019-07-12,828.0,837.8,816.5,831.95,215561.0,
2019-07-15,831.0,834.75,812.1,819.0,149407.0,
2019-07-16,820.0,850.0,808.45,813.95,658171.0,
2019-07-17,820.55,882.0,820.55,854.05,3860872.0,
2019-07-18,855.25,877.8,841.3,871.15,1136811.0,
2019-07-19,869.05,874.3,849.35,856.2,578220.0,
2019-07-22,856.25,880.0,843.0,877.1,782323.0,
2019-07-23,879.0,896.0,845.4,854.4,1225864.0,
2019-07-24,857.0,867.8,829.75,831.45,533929.0,
2019-07-25,836.6,841.0,823.2,835.9,352594.0,
2019-07-26,839.0,849.0,816.3,844.85,532164.0,
2019-07-29,841.05,842.0,806.05,810.15,336669.0,
2019-07-30,814.25,819.0,778.65,790.15,637074.0,
2019-07-31,791.0,821.7,780.4,813.3,500102.0,
2019-08-01,809.7,817.35,785.65,799.0,244139.0,
2019-08-02,796.7,815.75,780.0,805.95,593790.0,
2019-08-05,795.9,811.0,785.55,791.05,249054.0,
2019-08-06,793.8,831.7,791.05,826.05,607417.0,
2019-08-07,817.15,835.9,808.2,811.25,311635.0,
2019-08-08,814.0,823.95,801.9,817.05,227472.0,
2019-08-09,818.0,856.15,817.95,845.6,490717.0,
2019-08-13,846.9,849.5,817.25,820.6,374708.0,
2019-08-14,834.0,855.0,818.25,851.85,435281.0,
2019-08-16,852.0,857.15,838.65,850.35,384117.0,
2019-08-19,851.0,868.0,851.0,866.15,347942.0,
2019-08-20,865.8,865.8,840.0,858.35,405043.0,
2019-08-21,857.4,857.4,835.55,838.85,192996.0,
2019-08-22,838.85,851.8,825.35,838.35,320484.0,
2019-08-23,836.6,857.3,818.7,849.6,269363.0,23.83
2019-09-30,829.0,840.5,821.3,833.15,337447.0,18.85
2019-10-01,966.0,978.0,927.05,947.75,601266.0,30.76
2019-10-02,966.0,978.0,927.05,947.75,601266.0,30.76
2019-10-03,951.0,968.0,940.35,956.5,369189.0,20.68
2019-10-04,969.0,969.0,929.0,936.55,340497.0,27.68
2019-10-07,941.9,974.95,927.85,962.25,450162.0,20.73
2019-10-08,941.9,974.95,927.85,962.25,450162.0,20.73
2019-10-09,957.6,970.0,943.3,964.4,322172.0,31.43
2019-10-10,954.65,1014.8,953.9,1008.9,980815.0,24.26
2019-10-11,1010.0,1019.8,990.0,1003.9,1017426.0,48.23
2019-10-14,1003.9,1012.0,985.55,992.45,552014.0,27.54
2019-10-15,997.9,1022.8,992.0,1015.65,1261305.0,34.0
2019-10-16,1070.9,1110.0,1018.0,1027.85,5235582.0,21.24
2019-10-17,1025.0,1037.0,999.25,1005.05,1305331.0,27.52
2019-10-18,1006.0,1088.0,1006.0,1068.85,2100971.0,23.56
2019-10-21,1006.0,1088.0,1006.0,1068.85,2100971.0,23.56
2019-10-22,1066.0,1127.75,1046.1,1119.0,1584859.0,32.06
2019-10-23,1120.0,1200.0,1120.0,1169.65,2029887.0,22.21
2019-10-24,1170.0,1185.0,1122.0,1128.15,807572.0,22.98
2019-10-25,1130.5,1170.0,1120.0,1138.25,830771.0,17.98
2019-10-28,1150.8,1159.85,1130.8,1145.4,115317.0,27.03
2019-10-29,1150.0,1172.0,1137.3,1166.8,587423.0,26.48
2019-10-30,1166.0,1215.0,1150.0,1156.1,1383603.0,24.08
2019-10-31,1163.25,1176.7,1132.75,1138.45,393008.0,28.07
2019-11-01,1143.4,1200.0,1141.1,1187.0,611406.0,38.27
2019-11-04,1195.0,1220.0,1172.0,1180.55,802428.0,26.65
2019-11-05,1180.65,1189.0,1140.0,1149.0,541301.0,37.95
2019-11-06,1146.1,1147.15,1107.0,1117.45,634311.0,31.69
2019-11-07,1119.7,1133.0,1087.0,1100.65,565593.0,32.42
2019-11-08,1100.0,1124.0,1090.15,1107.15,653307.0,42.95
2019-11-11,1110.0,1139.7,1092.55,1132.35,387229.0,22.03
2019-11-12,1110.0,1139.7,1092.55,1132.35,387229.0,22.03
2019-11-13,1132.5,1180.0,1125.0,1173.45,674303.0,33.92
2019-11-14,1179.95,1180.75,1139.95,1150.5,267002.0,34.67
2019-11-15,1156.25,1169.85,1141.1,1150.3,240927.0,34.24
2019-11-18,1157.45,1189.0,1152.25,1184.85,376117.0,46.92
2019-11-19,1171.0,1217.0,1163.3,1174.3,753584.0,25.16
2019-11-20,1175.0,1189.9,1150.2,1157.25,325678.0,22.0
2019-11-21,1159.0,1168.75,1135.0,1145.7,242481.0,36.15
2019-11-22,1151.8,1162.7,1137.65,1143.5,191301.0,30.29
2019-11-25,1145.0,1167.95,1139.0,1155.35,385204.0,25.89
2019-11-26,1157.15,1205.0,1147.85,1186.65,501450.0,60.05
2019-11-27,1187.0,1190.05,1161.0,1164.05,219970.0,35.8
2019-11-28,1165.75,1175.25,1158.0,1166.35,131790.0,28.14
2019-11-29,1167.85,1184.4,1144.0,1176.4,268431.0,40.26
2019-12-02,1179.0,1181.8,1150.0,1152.85,195990.0,47.08
2019-12-03,1155.0,1174.5,1144.0,1171.3,241972.0,35.0
2019-12-04,1164.9,1164.9,1140.0,1147.2,178299.0,36.86
2019-12-05,1147.5,1165.0,1141.3,1145.3,197035.0,49.51
2019-12-06,1148.0,1154.75,1130.0,1138.4,140091.0,47.32
2019-12-09,1130.0,1138.65,1100.05,1103.3,231065.0,42.86
2019-12-10,1109.65,1110.95,1094.8,1097.0,147557.0,41.47
2019-12-11,1118.0,1121.95,1090.0,1106.4,483212.0,48.4
2019-12-12,1111.05,1128.05,1100.0,1111.65,364904.0,50.95
2019-12-13,1112.0,1118.0,1104.4,1112.2,171987.0,45.12
2019-12-16,1119.0,1140.0,1100.1,1129.25,212926.0,41.03
2019-12-17,1136.25,1149.95,1130.85,1147.2,221458.0,39.03
2019-12-18,1145.0,1160.5,1139.45,1158.7,142444.0,33.52
2019-12-19,1164.9,1168.0,1151.6,1158.55,204275.0,51.39
2019-12-20,1159.95,1159.95,1133.0,1147.0,207627.0,63.34
2019-12-23,1140.0,1155.0,1138.1,1145.5,118408.0,49.04
2019-12-24,1149.15,1161.0,1138.5,1152.65,122603.0,32.7
2019-12-25,1149.15,1161.0,1138.5,1152.65,122603.0,32.7
2019-12-26,1146.0,1169.8,1146.0,1159.1,177026.0,29.28
2019-12-27,1160.0,1192.0,1153.0,1186.55,258001.0,38.22
2019-12-30,1190.2,1198.8,1161.05,1183.4,202347.0,22.67
2019-12-31,1180.0,1183.95,1165.0,1168.05,73887.0,32.8
2020-01-01,1169.45,1188.0,1169.45,1181.65,104402.0,21.85
2020-01-02,1181.65,1193.95,1167.0,1190.05,191628.0,46.58
2020-01-03,1190.0,1277.95,1185.0,1237.55,1336455.0,30.06
2020-01-06,1233.0,1254.6,1200.0,1208.45,441544.0,22.08
2020-01-07,1218.95,1303.9,1215.0,1288.45,1378712.0,32.88
2020-01-08,1267.7,1289.0,1239.0,1279.55,1032303.0,27.92
2020-01-09,1292.0,1312.9,1280.1,1293.8,962650.0,39.34
2020-01-10,1315.0,1367.7,1301.0,1356.05,1122452.0,27.49
2020-01-13,1350.0,1350.0,1302.55,1322.9,437733.0,22.86
2020-01-14,1325.0,1366.0,1316.0,1356.2,711124.0,47.85
2020-01-15,1356.2,1384.9,1335.0,1375.75,476258.0,35.64
2020-01-16,1378.5,1398.85,1345.75,1371.2,388340.0,44.12
2020-01-17,1370.0,1399.0,1360.0,1377.75,301791.0,31.0
2020-01-20,1381.1,1404.7,1373.0,1387.0,482408.0,58.29
2020-01-21,1395.0,1443.0,1392.0,1400.0,935374.0,22.85
2020-01-22,1407.95,1419.0,1378.05,1383.25,215886.0,24.83
2020-01-23,1388.9,1388.9,1363.0,1378.45,179761.0,29.2
2020-01-24,1380.0,1409.0,1360.0,1364.4,234666.0,27.02
2020-01-27,1369.4,1371.25,1325.0,1330.6,198997.0,36.74
2020-01-28,1334.7,1386.0,1334.65,1376.75,371874.0,27.65
2020-01-29,1389.15,1398.15,1370.0,1379.0,157626.0,21.15
2020-01-30,1381.0,1384.95,1231.4,1276.15,2579228.0,33.25
2020-01-31,1295.0,1298.0,1235.8,1246.45,918741.0,24.86
2020-02-03,1204.2,1228.0,1170.0,1181.65,452353.0,21.3
2020-02-04,1189.0,1265.0,1188.95,1259.75,483753.0,33.54
2020-02-05,1264.0,1319.7,1236.0,1310.05,529901.0,36.76
2020-02-06,1312.2,1320.0,1275.2,1286.75,239364.0,29.06
2020-02-07,1288.0,1288.0,1260.0,1263.65,193570.0,36.49
2020-02-10,1268.0,1269.65,1226.5,1234.5,153874.0,39.47
2020-02-11,1246.0,1246.0,1201.0,1208.5,256257.0,51.74
2020-02-12,1218.0,1262.0,1212.7,1237.7,426423.0,32.14
2020-02-13,1244.45,1268.4,1236.0,1260.75,248504.0,39.99
2020-02-14,1268.25,1280.0,1254.0,1272.95,227045.0,29.67
2020-02-17,1279.75,1279.75,1255.0,1267.1,130535.0,32.29
2020-02-18,1266.7,1305.0,1257.5,1297.05,403539.0,38.33
2020-02-19,1300.0,1349.0,1290.65,1336.15,492773.0,29.99
2020-02-20,1340.0,1372.45,1337.85,1357.55,370982.0,34.32
2020-02-21,1340.0,1372.45,1337.85,1357.55,370982.0,34.32
2020-02-24,1358.0,1398.6,1316.4,1328.4,468473.0,34.71
2020-02-25,1335.0,1369.8,1321.25,1332.3,277751.0,43.03
2020-02-26,1340.0,1375.0,1315.2,1358.3,202087.0,36.05
2020-02-27,1366.75,1379.8,1325.0,1347.7,408395.0,30.02
2020-02-28,1301.0,1334.0,1270.0,1277.75,352419.0,47.63
2020-03-02,1300.15,1325.0,1224.3,1253.5,196764.0,42.58
2020-03-03,1265.0,1333.0,1247.7,1318.3,438529.0,40.91
2020-03-04,1318.3,1347.0,1270.0,1316.05,345559.0,25.08
2020-03-05,1322.4,1328.6,1286.4,1300.7,221583.0,39.18
2020-03-06,1270.0,1313.4,1255.0,1301.85,212318.0,30.63
2020-03-09,1257.05,1285.0,1215.0,1223.15,417895.0,56.68
2020-03-10,1257.05,1285.0,1215.0,1223.15,417895.0,56.68
2020-03-11,1223.2,1270.0,1223.2,1238.0,238165.0,37.46
2020-03-12,1202.0,1203.0,1052.0,1171.35,632153.0,55.18
2020-03-13,1093.05,1170.0,960.0,1124.6,292286.0,47.51
2020-03-16,1080.0,1109.8,1027.1,1097.85,222919.0,40.92
2020-03-17,1097.85,1163.0,1048.0,1054.35,346326.0,37.4
2020-03-18,1075.0,1080.0,843.5,1043.35,360574.0,58.9
2020-03-19,972.0,985.95,920.0,939.85,473707.0,43.44
2020-03-20,939.85,1049.0,936.95,1039.95,299636.0,37.14
2020-03-23,835.55,967.2,835.55,871.35,195119.0,52.84
2020-03-24,898.0,939.85,850.75,864.15,371054.0,61.3
2020-03-25,846.0,1028.0,815.0,937.7,545956.0,61.58
2020-03-26,950.0,1007.0,871.0,933.3,566905.0,18.35
2020-03-27,948.05,1097.95,948.05,1035.8,924631.0,42.6
2020-03-30,1000.0,1046.35,980.0,1034.85,227736.0,38.44
2020-03-31,1075.0,1149.9,1048.85,1124.25,1369271.0,78.15
2020-04-01,1106.45,1109.0,1016.35,1022.85,190657.0,34.54
2020-04-02,1106.45,1109.0,1016.35,1022.85,190657.0,34.54
2020-04-03,1034.7,1034.7,981.85,986.9,223205.0,50.35
2020-04-06,1034.7,1034.7,981.85,986.9,223205.0,50.35
2020-04-07,1010.0,1041.1,992.6,1005.5,378443.0,59.82
2020-04-08,1018.0,1063.4,985.0,1012.65,574326.0,41.94
2020-04-09,1025.0,1029.0,991.05,998.7,550849.0,67.88
2020-04-10,1025.0,1029.0,991.05,998.7,550849.0,67.88
2020-04-13,1000.0,1052.3,985.75,1033.6,368823.0,43.06
2020-04-15,1020.5,1090.0,1015.0,1026.1,313816.0,37.01
2020-04-16,1026.1,1084.3,1016.25,1051.5,180080.0,24.29
2020-04-17,1080.0,1140.0,1065.1,1111.0,614914.0,29.38
2020-04-20,1123.0,1163.0,1091.0,1150.2,379096.0,31.11
2020-04-21,1085.0,1099.95,1001.0,1022.6,595692.0,34.33
2020-04-22,1009.0,1022.6,951.1,990.75,1256184.0,54.14
2020-04-23,1011.0,1073.0,1011.0,1058.6,737957.0,37.07
2020-04-24,1058.0,1086.8,1010.05,1073.45,663988.0,25.92
2020-04-27,1080.0,1124.5,1075.0,1107.3,335288.0,32.74
2020-04-28,1122.0,1134.65,1080.2,1095.75,371766.0,41.49
2020-04-29,1100.0,1108.0,1040.0,1044.8,302218.0,41.43
2020-04-30,1070.0,1125.0,1056.45,1067.6,729312.0,40.27
2020-05-01,1070.0,1125.0,1056.45,1067.6,729312.0,40.27
2020-05-04,1030.0,1093.0,1020.0,1085.15,339966.0,32.11
2020-05-05,1095.0,1125.0,1041.0,1061.7,423292.0,33.68
2020-05-06,1065.0,1091.0,1054.95,1085.75,163838.0,30.71
2020-05-07,1080.8,1120.0,1080.8,1108.75,226143.0,24.35
2020-05-08,1120.0,1147.95,1112.0,1121.05,249851.0,36.45
2020-05-11,1129.0,1133.95,1105.25,1116.15,230527.0,40.19
2020-05-12,1114.8,1125.4,1100.85,1110.55,113635.0,28.88
2020-05-13,1136.0,1140.0,1104.0,1107.6,148839.0,38.79
2020-05-14,1107.0,1125.0,1104.7,1111.5,146562.0,56.29
2020-05-15,1119.9,1172.0,1112.0,1156.7,427236.0,32.06
2020-05-18,1164.0,1164.95,1103.0,1115.2,193494.0,41.93
2020-05-19,1122.8,1135.0,1105.0,1120.2,160353.0,44.93
2020-05-20,1122.6,1150.0,1109.0,1119.85,279064.0,27.49
2020-05-21,1120.0,1139.05,1112.65,1130.05,101357.0,39.48
2020-05-22,1130.0,1147.2,1111.05,1130.7,145884.0,45.42
2020-05-25,1130.0,1147.2,1111.05,1130.7,145884.0,45.42
2020-05-26,1130.0,1210.0,1127.0,1200.9,386073.0,26.07
2020-05-27,1210.0,1291.0,1208.45,1283.85,439235.0,28.82
2020-05-28,1286.1,1294.0,1242.0,1265.05,236157.0,48.68
2020-05-29,1255.0,1344.0,1240.0,1328.05,566324.0,49.98
2020-06-01,1344.75,1368.65,1297.65,1301.65,583498.0,57.63
2020-06-02,1307.0,1342.0,1282.85,1299.15,545780.0,39.63
2020-06-03,1310.0,1333.0,1278.05,1287.8,485094.0,76.23
2020-06-04,1295.4,1298.5,1213.25,1220.3,304537.0,40.18
2020-06-05,1227.0,1244.0,1201.0,1210.35,203761.0,34.43
2020-06-08,1230.0,1234.0,1183.55,1199.8,275085.0,44.73
2020-06-09,1205.0,1221.0,1178.0,1193.35,414585.0,45.34
2020-06-10,1202.45,1212.3,1190.25,1203.0,235803.0,62.51
2020-06-11,1200.15,1222.0,1195.15,1200.55,271957.0,44.96
2020-06-12,1180.0,1238.45,1172.3,1214.7,465377.0,39.22
2020-06-15,1221.0,1274.4,1219.0,1266.4,479365.0,36.57
2020-06-16,1278.85,1285.0,1241.95,1253.85,270327.0,30.74
2020-06-17,1250.0,1286.0,1246.55,1261.0,209638.0,22.16
2020-06-18,1264.0,1276.25,1261.85,1267.2,83950.0,38.62
2020-06-19,1275.0,1282.95,1262.35,1274.0,189657.0,49.44
2020-06-22,1281.65,1281.65,1247.4,1252.05,118687.0,43.86
2020-06-23,1258.95,1261.15,1235.0,1237.55,178699.0,35.47
2020-06-24,1249.7,1260.0,1220.0,1225.45,126771.0,31.61
2020-06-25,1217.0,1234.25,1201.45,1229.0,127282.0,48.57
2020-06-26,1237.8,1251.4,1230.0,1239.75,348691.0,66.22
2020-06-29,1241.9,1269.95,1225.25,1258.05,197142.0,44.97
2020-06-30,1269.0,1292.4,1243.0,1283.9,387329.0,21.34
2020-07-01,1267.0,1285.0,1252.0,1276.65,191324.0,42.73
2020-07-02,1275.0,1300.0,1264.3,1277.95,210837.0,25.76
2020-07-03,1283.9,1306.0,1271.1,1286.4,370793.0,14.16
2020-07-06,1286.4,1309.95,1275.0,1279.3,258394.0,39.65
2020-07-07,1298.0,1304.0,1285.1,1299.5,207313.0,47.91
2020-07-08,1290.0,1335.0,1290.0,1297.3,343819.0,43.57
2020-07-09,1299.0,1313.55,1282.1,1302.65,303080.0,65.58
2020-07-10,1300.0,1339.8,1296.0,1324.6,471789.0,36.32
2020-07-13,1332.0,1334.9,1295.0,1318.95,121325.0,25.86
2020-07-14,1315.0,1329.0,1280.25,1291.35,143761.0,32.49
2020-07-15,1296.2,1306.2,1285.05,1288.6,60062.0,32.29
2020-07-16,1288.6,1317.0,1282.15,1309.6,87005.0,32.85
2020-07-17,1315.0,1357.0,1304.5,1345.1,174949.0,41.19
2020-07-20,1355.0,1457.0,1355.0,1440.85,611077.0,26.58
2020-07-21,1452.0,1525.0,1432.0,1500.2,796019.0,25.14
2020-07-22,1510.0,1530.0,1430.0,1505.0,411992.0,23.1
2020-07-23,1511.0,1524.7,1443.0,1455.4,246391.0,40.98
2020-07-24,1456.0,1513.8,1445.2,1504.6,432489.0,32.26
2020-07-27,1515.0,1641.0,1475.15,1561.35,1671596.0,15.61
2020-07-28,1588.0,1729.7,1579.65,1698.55,1353678.0,17.97
2020-07-29,1729.7,1792.0,1645.75,1663.9,2008867.0,14.32
2020-07-30,1680.0,1723.9,1625.0,1642.95,531595.0,14.95
2020-07-31,1653.05,1719.75,1603.0,1686.4,547347.0,23.95
2020-08-03,1697.6,1724.8,1637.15,1658.8,444685.0,21.46
2020-08-04,1661.0,1822.0,1650.0,1799.05,1279990.0,19.42
2020-08-05,1827.9,1838.95,1740.05,1749.45,836968.0,27.01
2020-08-06,1756.0,1774.8,1680.1,1689.7,533494.0,28.9
2020-08-07,1695.0,1716.4,1660.1,1671.6,417984.0,43.39
2020-08-10,1676.0,1735.0,1650.0,1694.1,359013.0,19.94
2020-08-11,1701.2,1749.95,1691.0,1713.0,373432.0,26.31
2020-08-12,1700.0,1738.45,1685.0,1712.35,285915.0,26.82
2020-08-13,1719.9,1729.75,1675.25,1685.15,219806.0,37.66
2020-08-14,1690.0,1705.0,1650.0,1657.8,275197.0,33.52
2020-08-17,1681.35,1681.35,1572.7,1591.2,529500.0,43.51
2020-08-18,1602.7,1647.7,1588.0,1640.85,309715.0,23.81
2020-08-19,1654.0,1715.15,1646.5,1705.6,495404.0,34.34
2020-08-20,1698.8,1720.0,1688.85,1702.7,214636.0,27.92
2020-08-21,1700.0,1748.0,1693.05,1712.3,266912.0,33.21
2020-08-24,1723.95,1729.2,1701.0,1708.05,163050.0,26.36
2020-08-25,1720.8,1733.0,1675.0,1694.75,225755.0,31.65
2020-08-26,1700.0,1723.9,1692.5,1699.3,142957.0,32.31
2020-08-27,1703.0,1706.55,1671.0,1675.95,160322.0,45.56
2020-08-28,1680.0,1700.0,1651.05,1693.0,245602.0,51.37
2020-08-31,1698.8,1703.0,1555.55,1598.4,431509.0,58.44
2020-09-01,1601.1,1605.0,1540.0,1550.75,321062.0,67.41
2020-09-02,1552.3,1590.0,1535.0,1554.0,616113.0,55.94
2020-09-03,1569.9,1648.0,1546.15,1575.0,699310.0,27.49
2020-09-04,1563.0,1633.0,1547.2,1606.5,392243.0,22.87
2020-09-07,1620.0,1635.0,1570.0,1581.75,171375.0,27.79
2020-09-08,1582.0,1590.0,1541.45,1548.5,240460.0,52.32
2020-09-09,1545.75,1585.1,1520.0,1527.9,305439.0,29.37
2020-09-10,1532.0,1555.0,1521.0,1535.8,245634.0,64.86
2020-09-11,1543.7,1566.3,1535.1,1554.85,127622.0,31.98
2020-09-14,1595.0,1859.0,1595.0,1749.1,2177803.0,30.16
2020-09-15,1768.8,1768.8,1685.75,1701.05,415446.0,31.98
2020-09-16,1711.8,1738.0,1675.0,1685.95,272094.0,23.22
2020-09-17,1675.0,1790.0,1651.0,1760.35,603592.0,18.36
2020-09-18,1768.0,1783.45,1723.0,1743.55,261523.0,22.01
2020-09-21,1745.05,1751.4,1612.0,1626.55,295106.0,40.46
2020-09-22,1615.0,1660.0,1540.0,1617.15,355741.0,23.17
2020-09-23,1640.05,1664.25,1568.15,1595.95,231594.0,26.21
2020-09-24,1599.0,1643.35,1559.6,1631.6,286931.0,29.17
2020-09-25,1632.0,1675.35,1612.55,1636.75,290558.0,29.59
2020-09-28,1637.05,1817.85,1625.2,1786.6,1116448.0,46.06
2020-09-29,1790.0,1835.8,1756.0,1788.4,448892.0,16.31
2020-09-30,1788.3,1801.2,1710.0,1722.8,256728.0,31.28
2020-10-01,1747.0,1775.0,1717.0,1742.4,240405.0,33.02
2020-10-02,1747.0,1775.0,1717.0,1742.4,240405.0,33.02
2020-10-05,1734.0,1788.8,1728.6,1753.35,314579.0,40.81
2020-10-06,1754.0,1773.95,1735.0,1743.75,125790.0,30.49
2020-10-07,1750.0,1751.85,1721.5,1732.25,99655.0,44.41
2020-10-08,1737.0,1743.85,1690.0,1707.1,160910.0,54.03
2020-10-09,1717.0,1736.0,1708.4,1716.5,119731.0,41.78
2020-10-12,1721.0,1755.0,1696.0,1741.65,139886.0,33.72
2020-10-13,1736.0,1774.8,1722.6,1750.6,223441.0,33.85
2020-10-14,1740.0,1789.15,1740.0,1764.55,199877.0,47.74
2020-10-15,1777.0,1780.0,1710.0,1723.85,127966.0,37.03
2020-10-16,1727.0,1748.7,1705.1,1741.2,95064.0,35.09
2020-10-19,1757.8,1802.0,1749.0,1761.65,316580.0,29.04
2020-10-20,1768.3,1797.0,1758.0,1787.15,85669.0,45.37
2020-10-21,1800.0,1875.0,1751.0,1766.3,642794.0,18.94
2020-10-22,1759.0,1822.8,1725.6,1803.45,208986.0,44.74
2020-10-23,1804.5,1837.6,1792.1,1800.05,208480.0,29.12
2020-10-26,1809.05,1875.0,1792.1,1805.85,302635.0,24.92
2020-10-27,1800.5,1835.1,1771.05,1797.9,148849.0,23.85
2020-10-28,1799.0,1828.0,1752.0,1766.55,208432.0,46.64
2020-10-29,1701.0,1762.4,1665.1,1672.1,1107034.0,76.13
2020-10-30,1688.0,1719.0,1683.05,1701.0,193591.0,25.82
2020-11-02,1690.1,1706.8,1665.0,1675.3,96132.0,48.22
2020-11-03,1685.0,1707.05,1651.0,1658.05,159999.0,53.24
2020-11-04,1660.0,1671.35,1627.0,1634.4,430234.0,72.5
2020-11-05,1645.0,1696.5,1641.0,1686.55,337150.0,76.81
2020-11-06,1705.0,1747.7,1700.05,1728.25,249664.0,24.01
2020-11-09,1743.95,1747.0,1695.5,1703.7,116974.0,38.1
2020-11-10,1715.0,1719.0,1650.0,1660.65,164549.0,47.32
2020-11-11,1672.25,1693.45,1655.05,1686.3,98130.0,19.33
2020-11-12,1692.0,1694.0,1652.0,1660.45,92516.0,41.44
2020-11-13,1667.1,1689.0,1652.0,1679.35,120755.0,27.43
2020-11-16,1690.0,1690.0,1680.0,1683.6,19105.0,57.43
2020-11-17,1670.0,1681.6,1651.0,1655.45,175735.0,54.43
2020-11-18,1656.0,1672.75,1635.65,1639.3,177730.0,51.16
2020-11-19,1635.0,1653.05,1605.1,1618.1,168202.0,44.4
2020-11-20,1624.0,1635.0,1605.0,1610.05,157598.0,49.73
2020-11-23,1614.8,1620.0,1585.0,1587.05,260563.0,54.09
2020-11-24,1588.0,1649.0,1588.0,1613.0,269067.0,38.2
2020-11-25,1629.0,1656.0,1601.9,1628.05,263726.0,42.69
2020-11-26,1625.0,1644.9,1604.85,1612.7,251597.0,55.3
2020-11-27,1618.1,1643.0,1608.1,1614.95,211016.0,43.16
2020-11-30,1618.1,1643.0,1608.1,1614.95,211016.0,43.16
2020-12-01,1622.0,1623.95,1588.0,1592.25,245398.0,61.92
2020-12-02,1594.95,1598.8,1550.5,1567.7,277605.0,64.69
2020-12-03,1581.0,1596.75,1568.0,1571.15,192950.0,51.09
2020-12-04,1574.25,1583.0,1560.0,1566.05,156315.0,62.5
2020-12-07,1560.0,1594.85,1551.9,1563.6,228560.0,46.86
2020-12-08,1565.0,1615.0,1565.0,1594.2,365203.0,37.37
2020-12-09,1601.1,1700.0,1592.75,1680.15,1346553.0,33.05
2020-12-10,1695.0,1713.5,1650.0,1689.2,456217.0,35.27
2020-12-11,1689.2,1700.0,1655.0,1668.0,221117.0,33.85
2020-12-14,1678.0,1710.4,1663.0,1702.4,313099.0,26.06
2020-12-15,1714.55,1718.85,1692.0,1708.95,391653.0,49.09
2020-12-16,1711.0,1730.0,1696.0,1705.8,229649.0,39.33
2020-12-17,1705.8,1751.1,1702.0,1713.3,268322.0,32.64
2020-12-18,1717.9,1724.0,1691.65,1703.25,113437.0,34.55
2020-12-21,1704.0,1724.0,1633.25,1652.1,396092.0,69.85
2020-12-22,1654.0,1668.8,1622.45,1650.2,157239.0,60.17
2020-12-23,1650.95,1690.0,1650.95,1672.45,459495.0,78.49
2020-12-24,1678.0,1742.0,1678.0,1731.7,326932.0,37.75
2020-12-25,1678.0,1742.0,1678.0,1731.7,326932.0,37.75
2020-12-28,1744.9,1779.9,1733.0,1744.3,355431.0,28.84
2020-12-29,1750.0,1769.9,1724.0,1757.7,129388.0,42.54
2020-12-30,1760.1,1775.0,1739.3,1756.2,163291.0,34.75
2020-12-31,1764.0,1764.0,1715.0,1730.7,89347.0,63.13
2021-01-01,1740.0,1755.0,1728.55,1748.25,76577.0,35.81
2021-01-04,1757.0,1794.7,1746.9,1784.3,215222.0,35.66
2021-01-05,1780.0,1797.7,1746.45,1768.35,183057.0,47.62
2021-01-06,1773.0,1782.5,1710.0,1739.8,172471.0,42.25
2021-01-07,1758.0,1773.95,1736.0,1750.45,242573.0,70.03
2021-01-08,1762.0,1762.0,1706.8,1715.45,195953.0,65.92
2021-01-11,1730.0,1747.65,1703.0,1711.5,320464.0,77.7
2021-01-12,1710.0,1716.95,1682.0,1686.5,162875.0,67.01
2021-01-13,1690.0,1703.95,1687.3,1690.45,191015.0,63.56
2021-01-14,1699.0,1730.0,1675.25,1690.9,199851.0,32.91
2021-01-15,1695.0,1697.95,1664.9,1676.25,111449.0,46.09
2021-01-18,1674.9,1675.0,1626.05,1638.4,116888.0,49.21
2021-01-19,1640.8,1657.0,1632.05,1646.4,87713.0,39.38
2021-01-20,1649.7,1690.25,1649.7,1673.15,118558.0,26.12
2021-01-21,1678.3,1715.0,1663.0,1680.25,215157.0,31.9
2021-01-22,1688.0,1698.0,1663.0,1674.8,189367.0,38.52
2021-01-25,1680.0,1689.95,1650.0,1665.35,118182.0,58.49
2021-01-26,1680.0,1689.95,1650.0,1665.35,118182.0,58.49
2021-01-27,1665.35,1681.05,1625.0,1651.65,182008.0,48.71
2021-01-28,1645.0,1682.0,1630.0,1672.35,175330.0,53.89
2021-01-29,1672.35,1689.1,1638.05,1643.45,114242.0,48.74
2021-02-01,1649.8,1664.0,1590.0,1598.25,244606.0,61.27
2021-02-02,1625.1,1626.65,1602.25,1610.95,278261.0,80.75
2021-02-03,1614.95,1627.55,1572.0,1574.7,453462.0,71.18
2021-02-04,1582.0,1605.85,1575.05,1582.35,156839.0,41.22
2021-02-05,1599.95,1617.95,1572.0,1585.25,198076.0,30.75
2021-02-08,1594.0,1596.15,1541.0,1554.3,318777.0,61.92
2021-02-09,1558.0,1586.0,1540.0,1550.95,284597.0,48.83
2021-02-10,1552.0,1559.0,1491.2,1495.8,773408.0,64.44
2021-02-11,1498.0,1533.5,1485.5,1492.35,532553.0,75.21
2021-02-12,1500.0,1575.0,1500.0,1564.6,728680.0,47.04
2021-02-15,1583.0,1594.6,1528.35,1535.9,270890.0,39.72
2021-02-16,1549.95,1588.0,1511.9,1535.45,456825.0,57.82
2021-02-17,1535.0,1542.05,1495.25,1502.7,345921.0,61.01
2021-02-18,1508.0,1518.85,1490.4,1501.15,220514.0,54.86
2021-02-19,1502.95,1519.3,1494.95,1501.4,155337.0,51.17
2021-02-22,1501.0,1521.95,1478.5,1489.9,177677.0,41.72
2021-02-23,1499.0,1514.0,1490.1,1501.45,118410.0,51.51
2021-02-24,1507.95,1531.55,1500.5,1519.05,150085.0,60.08
2021-02-25,1530.0,1531.5,1505.5,1520.0,149375.0,50.57
2021-02-26,1501.05,1524.0,1491.0,1511.85,215860.0,61.2
2021-03-01,1520.0,1534.5,1498.0,1503.95,194963.0,60.77
2021-03-02,1518.0,1521.0,1496.0,1502.65,210276.0,64.42
2021-03-03,1510.0,1567.4,1508.1,1542.55,390228.0,40.03
2021-03-04,1538.0,1559.9,1531.3,1535.8,124243.0,39.63
2021-03-05,1536.1,1538.1,1505.0,1508.6,116981.0,49.7
2021-03-08,1515.0,1557.7,1506.3,1533.35,281087.0,49.93
2021-03-09,1540.0,1544.35,1500.0,1515.65,160702.0,54.93
2021-03-10,1525.0,1532.95,1505.1,1516.4,165787.0,52.66
2021-03-11,1525.0,1532.95,1505.1,1516.4,165787.0,52.66
2021-03-12,1526.0,1546.95,1505.5,1522.25,295044.0,61.25
2021-03-15,1527.0,1549.9,1515.55,1539.7,276240.0,62.68
2021-03-16,1538.1,1597.8,1532.9,1580.9,551861.0,49.86
2021-03-17,1585.0,1633.9,1585.0,1605.8,582354.0,33.21
2021-03-18,1628.0,1633.75,1577.0,1587.1,771073.0,71.89
2021-03-19,1574.0,1619.9,1545.0,1604.75,250163.0,38.47
2021-03-22,1607.95,1639.5,1596.55,1612.45,274525.0,31.17
2021-03-23,1615.0,1620.0,1525.7,1555.1,312331.0,59.41
2021-03-24,1560.95,1563.4,1526.0,1546.05,291115.0,49.71
2021-03-25,1546.05,1546.05,1506.1,1519.95,270308.0,74.61
2021-03-26,1530.0,1574.0,1514.05,1567.85,122784.0,33.63
2021-03-29,1530.0,1574.0,1514.05,1567.85,122784.0,33.63
2021-03-30,1570.0,1579.15,1525.0,1529.45,131205.0,51.99
2021-03-31,1530.5,1544.95,1505.0,1512.95,142728.0,60.4
2021-04-01,1520.95,1544.9,1506.85,1518.05,156833.0,50.09
2021-04-02,1520.95,1544.9,1506.85,1518.05,156833.0,50.09
2021-04-05,1521.9,1528.8,1443.05,1451.0,353676.0,62.01
2021-04-06,1456.0,1483.95,1432.3,1464.4,311861.0,44.4
2021-04-07,1465.8,1501.0,1465.8,1484.6,224982.0,52.52
2021-04-08,1494.0,1526.7,1490.0,1505.0,276755.0,58.62
2021-04-09,1509.0,1544.0,1507.0,1516.5,197959.0,29.21
2021-04-12,1505.1,1510.0,1438.0,1489.4,247001.0,40.8
2021-04-13,1495.0,1502.75,1458.0,1472.9,141922.0,42.13
2021-04-14,1495.0,1502.75,1458.0,1472.9,141922.0,42.13
2021-04-15,1475.0,1481.0,1453.0,1474.9,73651.0,35.3
2021-04-16,1500.0,1504.15,1471.7,1494.85,157842.0,39.1
2021-04-19,1475.0,1508.0,1456.05,1491.85,259475.0,46.34
2021-04-20,1505.5,1528.0,1440.0,1460.95,260438.0,38.9
2021-04-21,1505.5,1528.0,1440.0,1460.95,260438.0,38.9
2021-04-22,1468.0,1479.0,1452.0,1455.95,177031.0,49.03
2021-04-23,1458.9,1468.95,1451.05,1459.05,126316.0,49.64
2021-04-26,1472.0,1491.8,1455.0,1483.15,225397.0,52.62
2021-04-27,1496.1,1549.9,1495.1,1537.95,470863.0,28.37
2021-04-28,1549.0,1551.95,1521.85,1530.45,182650.0,28.98
2021-04-29,1545.0,1554.5,1527.0,1532.1,131478.0,40.89
2021-04-30,1520.0,1534.45,1471.0,1476.25,252288.0,65.93
2021-05-03,1481.15,1509.0,1470.0,1493.2,100218.0,32.23
2021-05-04,1504.9,1509.0,1475.0,1486.55,98251.0,34.5
2021-05-05,1494.7,1494.7,1473.2,1479.65,71579.0,54.27
2021-05-06,1489.0,1489.0,1465.05,1479.2,90430.0,40.51
2021-05-07,1487.9,1524.8,1481.0,1501.65,264473.0,30.08
2021-05-10,1523.0,1600.0,1506.2,1590.05,875749.0,34.98
2021-05-11,1584.9,1615.8,1560.0,1567.35,460226.0,24.73
2021-05-12,1570.0,1589.6,1542.3,1556.25,176487.0,63.9
2021-05-13,1570.0,1589.6,1542.3,1556.25,176487.0,63.9
2021-05-14,1569.7,1574.8,1510.25,1517.55,146719.0,45.17
2021-05-17,1535.0,1600.05,1528.2,1553.7,427531.0,22.64
2021-05-18,1567.5,1625.0,1555.3,1612.9,529833.0,37.62
2021-05-19,1611.0,1633.3,1608.0,1615.25,250498.0,40.11
2021-05-20,1626.2,1645.0,1618.95,1625.95,259598.0,41.66
2021-05-21,1643.0,1664.85,1615.0,1626.85,292476.0,34.75
2021-05-24,1545.55,1604.0,1545.55,1587.0,396145.0,31.79
2021-05-25,1578.2,1600.9,1537.0,1542.95,302352.0,46.69
2021-05-26,1554.0,1561.5,1515.1,1519.45,405968.0,44.85
2021-05-27,1532.0,1572.0,1520.05,1553.2,214723.0,43.76
2021-05-28,1564.0,1564.0,1540.05,1549.75,153545.0,50.65
2021-05-31,1554.8,1554.8,1530.05,1549.0,157433.0,62.19
2021-06-01,1554.0,1564.95,1530.0,1555.7,122198.0,45.43
2021-06-02,1565.0,1574.35,1535.1,1542.45,172641.0,39.75
2021-06-03,1550.0,1566.95,1548.05,1559.75,109925.0,43.1
2021-06-04,1560.0,1582.0,1550.45,1575.25,146671.0,52.95
2021-06-07,1588.0,1636.25,1577.55,1610.3,268166.0,49.63
2021-06-08,1620.0,1628.8,1591.0,1620.25,132588.0,45.09
2021-06-09,1625.0,1626.9,1565.0,1570.85,461230.0,76.01
2021-06-10,1577.9,1587.1,1566.35,1582.7,60233.0,44.4
2021-06-11,1585.0,1598.8,1561.85,1568.0,106129.0,46.61
2021-06-14,1574.0,1575.0,1547.65,1554.75,106801.0,57.64
2021-06-15,1564.9,1566.2,1542.75,1546.15,112972.0,62.6
2021-06-16,1546.2,1558.45,1535.2,1537.75,67099.0,49.3
2021-06-17,1537.75,1537.75,1485.0,1492.45,305595.0,66.1
2021-06-18,1499.7,1504.75,1472.0,1493.75,161803.0,51.89
2021-06-21,1484.9,1509.75,1471.3,1492.4,269751.0,52.59
2021-06-22,1510.0,1524.85,1492.55,1496.0,192594.0,52.6
2021-06-23,1508.0,1510.5,1478.75,1488.8,87644.0,53.97
2021-06-24,1491.9,1526.3,1489.0,1513.85,174781.0,46.13
2021-06-25,1516.6,1527.0,1498.0,1519.85,101751.0,42.6
2021-06-28,1520.0,1529.8,1503.75,1511.2,100629.0,39.36
2021-06-29,1511.65,1526.0,1498.05,1507.9,82687.0,46.87
2021-06-30,1531.0,1536.1,1513.05,1521.55,79555.0,49.83
2021-07-01,1522.0,1523.9,1505.0,1512.35,103347.0,69.99
2021-07-02,1515.1,1521.0,1508.0,1515.3,60496.0,45.71
2021-07-05,1520.0,1576.3,1510.0,1538.6,292661.0,23.51
2021-07-06,1540.15,1549.85,1516.0,1519.25,123708.0,48.62
2021-07-07,1519.0,1534.0,1500.05,1505.0,207981.0,51.26
2021-07-08,1510.2,1529.0,1495.4,1519.5,145010.0,46.7
2021-07-09,1515.0,1515.0,1485.0,1501.1,126148.0,46.96
2021-07-12,1510.0,1515.05,1480.0,1482.9,229775.0,58.97
2021-07-13,1490.0,1615.0,1483.0,1600.1,1882151.0,25.22
2021-07-14,1610.1,1650.0,1578.0,1606.45,1593228.0,23.16
2021-07-15,1619.0,1710.0,1588.6,1698.7,1914233.0,22.99
2021-07-16,1707.05,1747.9,1671.35,1717.5,1220821.0,23.7
2021-07-19,1692.0,1847.9,1681.25,1777.7,2764674.0,18.17
2021-07-20,1780.0,1795.0,1702.25,1712.7,690121.0,31.81
2021-07-21,1780.0,1795.0,1702.25,1712.7,690121.0,31.81
2021-07-22,1726.0,1735.7,1665.4,1677.6,382869.0,34.94
2021-07-23,1683.0,1691.0,1638.0,1643.6,261298.0,35.7
2021-07-26,1617.95,1724.0,1596.4,1695.25,1076615.0,16.32
2021-07-27,1703.7,1730.0,1658.0,1674.15,550927.0,28.75
2021-07-28,1680.0,1680.3,1611.0,1635.1,401610.0,49.25
2021-07-29,1635.0,1650.0,1604.6,1610.25,224067.0,32.08
2021-07-30,1615.0,1634.0,1595.0,1603.25,212934.0,35.74
2021-08-02,1612.65,1616.4,1586.9,1591.95,232684.0,41.45
2021-08-03,1595.0,1607.65,1576.0,1580.5,182279.0,46.89
2021-08-04,1592.0,1595.15,1546.85,1570.85,251464.0,38.78
2021-08-05,1578.75,1624.0,1541.0,1611.65,368846.0,27.31
2021-08-06,1612.0,1633.8,1596.25,1606.95,271600.0,33.57
2021-08-09,1619.8,1620.05,1566.0,1571.2,143458.0,44.48
2021-08-10,1584.0,1604.9,1523.2,1530.4,452958.0,55.94
2021-08-11,1538.0,1542.15,1489.2,1520.5,250629.0,36.97
2021-08-12,1528.0,1535.0,1503.1,1509.95,316793.0,50.3
2021-08-13,1517.7,1526.55,1492.0,1502.95,310063.0,55.09
2021-08-16,1504.15,1512.8,1479.5,1493.25,444345.0,69.46
2021-08-17,1495.9,1500.0,1478.0,1482.85,227965.0,47.18
2021-08-18,1484.0,1543.75,1483.0,1504.5,573170.0,36.63
2021-08-19,1484.0,1543.75,1483.0,1504.5,573170.0,36.63
2021-08-20,1489.0,1504.9,1480.0,1493.85,242694.0,38.28
2021-08-23,1502.0,1513.95,1465.1,1478.7,143944.0,39.82
2021-08-24,1479.1,1491.9,1450.0,1462.65,360444.0,63.69
2021-08-25,1473.9,1492.0,1460.05,1466.75,395030.0,43.31
2021-08-26,1465.15,1524.0,1465.15,1498.6,893730.0,28.63
2021-08-27,1508.0,1525.0,1485.5,1491.25,862614.0,38.61
2021-08-30,1499.0,1563.0,1498.95,1520.3,1291910.0,38.78
2021-08-31,1536.0,1552.0,1503.0,1517.55,646102.0,26.61
2021-09-01,1524.4,1527.1,1491.0,1501.05,472154.0,43.32
2021-09-02,1506.5,1557.0,1502.05,1544.9,673067.0,36.61
2021-09-03,1559.5,1625.0,1555.0,1592.9,2132511.0,30.87
2021-09-06,1607.0,1680.0,1585.05,1643.7,2177443.0,22.71
2021-09-07,1646.05,1679.7,1608.5,1638.9,1096202.0,21.54
2021-09-08,1648.0,1666.9,1617.0,1627.8,582565.0,27.53
2021-09-09,1631.0,1669.0,1625.0,1661.5,832470.0,29.49
2021-09-10,1631.0,1669.0,1625.0,1661.5,832470.0,29.49
2021-09-13,1664.0,1667.3,1623.3,1629.3,460450.0,35.95
2021-09-14,1632.0,1642.0,1611.0,1613.5,500442.0,40.73
2021-09-15,1612.0,1628.6,1595.0,1609.35,389595.0,20.64
2021-09-16,1602.1,1674.0,1602.1,1640.25,1274055.0,24.04
2021-09-17,1652.9,1655.05,1582.2,1596.15,614108.0,37.16
2021-09-20,1587.85,1616.0,1575.15,1593.55,922811.0,44.65
2021-09-21,1585.0,1643.0,1578.05,1637.45,791205.0,43.15
2021-09-22,1637.0,1644.8,1614.0,1618.9,270592.0,36.14
2021-09-23,1620.5,1659.35,1611.6,1629.55,537920.0,33.59
2021-09-24,1630.0,1692.7,1617.8,1659.3,1529465.0,26.87
2021-09-27,1678.9,1730.0,1661.05,1718.25,1481097.0,25.49
2021-09-28,1737.0,1744.35,1656.75,1679.1,1004959.0,33.68
2021-09-29,1656.0,1682.3,1647.95,1665.75,294001.0,29.35
2021-09-30,1667.0,1702.85,1645.55,1658.65,592261.0,28.67
2021-10-01,1651.0,1678.0,1647.0,1671.85,319469.0,28.24
2021-10-04,1680.9,1709.15,1674.05,1688.35,383850.0,35.27
2021-10-05,1687.0,1724.9,1682.0,1687.8,525237.0,31.45
2021-10-06,1687.0,1767.85,1677.5,1719.9,1569239.0,20.47
2021-10-07,1742.0,1888.0,1720.0,1819.9,2255836.0,21.82
2021-10-08,1908.9,1984.0,1836.8,1922.55,4668415.0,14.06
2021-10-11,1960.0,2087.6,1941.2,2032.7,3330243.0,13.83
2021-10-12,2046.0,2124.0,2001.0,2055.95,2499613.0,16.6
2021-10-13,2060.95,2080.0,2018.3,2026.35,678790.0,21.78
2021-10-14,2026.35,2135.0,2015.0,2067.75,1461713.0,13.48
2021-10-15,2026.35,2135.0,2015.0,2067.75,1461713.0,13.48
2021-10-18,2020.05,2067.0,1925.65,1978.25,1932333.0,16.0
2021-10-19,2003.9,2059.75,1927.0,1943.2,1093812.0,20.88
2021-10-20,1935.05,1966.5,1895.0,1927.9,599867.0,17.72
2021-10-21,1940.5,1953.9,1862.0,1879.4,546599.0,30.91
2021-10-22,1890.0,1922.85,1782.95,1793.75,850075.0,40.35
2021-10-25,1701.0,1741.55,1656.95,1672.6,1263153.0,21.37
2021-10-26,1665.0,1727.1,1640.4,1712.0,1240982.0,24.87
2021-10-27,1730.0,1733.0,1676.05,1696.2,581680.0,44.69
2021-10-28,1704.8,1704.8,1645.05,1652.55,570244.0,53.07
2021-10-29,1637.0,1722.25,1632.2,1703.75,666891.0,30.27
2021-11-01,1704.95,1752.95,1700.45,1722.25,582431.0,25.9
2021-11-02,1725.65,1770.0,1724.0,1753.15,386401.0,29.28
2021-11-03,1751.15,1793.05,1750.25,1760.5,598035.0,22.02
2021-11-04,1751.15,1793.05,1750.25,1760.5,598035.0,22.02
2021-11-05,1765.0,1788.8,1763.05,1776.15,95205.0,37.7
2021-11-08,1777.7,1835.4,1760.5,1828.6,600203.0,26.15
2021-11-09,1832.8,1846.1,1811.35,1838.75,237622.0,26.6
2021-11-10,1831.0,1980.0,1826.25,1934.55,2084656.0,15.97
2021-11-11,1942.0,1965.55,1903.0,1952.8,437226.0,17.49
2021-11-12,1955.0,1969.85,1925.0,1948.65,315841.0,24.39
2021-11-15,1951.3,2010.0,1951.3,1970.0,873468.0,22.54
2021-11-16,2004.85,2021.95,1928.0,1936.5,1018906.0,21.22
2021-11-17,1929.8,1936.0,1861.4,1871.9,447845.0,36.23
2021-11-18,1869.05,1880.85,1789.1,1812.05,519962.0,22.34
2021-11-19,1869.05,1880.85,1789.1,1812.05,519962.0,22.34
2021-11-22,1816.0,1830.0,1718.05,1725.8,574566.0,31.98
2021-11-23,1724.95,1768.45,1706.0,1745.0,484059.0,21.41
2021-11-24,1750.0,1764.25,1705.0,1713.0,398659.0,43.63
2021-11-25,1710.05,1725.3,1692.0,1720.35,467830.0,36.88
2021-11-26,1701.0,1719.5,1660.2,1665.2,289907.0,28.36
2021-11-29,1666.0,1677.0,1607.55,1631.3,411241.0,33.65
2021-11-30,1645.0,1690.0,1580.0,1599.05,504982.0,44.43
2021-12-01,1620.0,1621.45,1577.6,1586.7,472206.0,42.1
2021-12-02,1592.0,1660.0,1552.1,1642.85,1292589.0,36.73
2021-12-03,1660.0,1666.8,1615.0,1620.35,791403.0,24.16
2021-12-06,1629.0,1662.0,1588.5,1597.0,874200.0,24.69
2021-12-07,1618.0,1637.45,1600.15,1623.25,318460.0,17.78
2021-12-08,1640.0,1755.9,1631.0,1703.9,2473823.0,17.32
2021-12-09,1716.0,1758.0,1701.05,1746.55,948558.0,22.06
2021-12-10,1747.0,1779.8,1730.25,1735.9,841579.0,22.6
2021-12-13,1750.0,1771.4,1722.55,1734.3,657754.0,29.58
2021-12-14,1725.0,1808.85,1715.25,1787.65,1024635.0,20.43
2021-12-15,1804.0,1833.95,1750.35,1758.55,1634262.0,17.39
2021-12-16,1764.25,1779.7,1687.05,1709.25,686911.0,27.26
2021-12-17,1709.0,1709.0,1635.0,1640.05,584540.0,29.23
2021-12-20,1604.05,1609.95,1498.6,1553.95,930708.0,27.13
2021-12-21,1565.0,1596.0,1540.05,1554.4,469614.0,25.19
2021-12-22,1591.0,1632.5,1562.65,1608.95,705832.0,19.33
2021-12-23,1616.0,1625.65,1590.55,1594.65,317407.0,26.92
2021-12-24,1600.0,1614.65,1575.0,1581.75,248701.0,21.0
2021-12-27,1577.95,1608.0,1560.1,1591.05,224242.0,20.41
2021-12-28,1615.0,1642.0,1605.0,1623.45,490073.0,21.97
2021-12-29,1628.0,1634.05,1600.0,1602.4,211874.0,31.39
2021-12-30,1609.75,1609.75,1564.0,1568.65,345443.0,46.25
2021-12-31,1570.0,1596.0,1570.0,1582.8,276595.0,39.93
2022-01-03,1586.0,1623.0,1586.0,1617.7,418212.0,48.83
2022-01-04,1620.0,1644.4,1605.15,1625.95,433836.0,21.99
2022-01-05,1620.0,1633.05,1598.65,1609.2,364277.0,42.76
2022-01-06,1594.0,1628.65,1590.2,1615.55,353395.0,20.14
2022-01-07,1633.45,1633.45,1606.0,1613.4,216641.0,27.78
2022-01-10,1617.75,1624.9,1601.15,1604.85,399532.0,44.49
2022-01-11,1608.0,1610.0,1578.0,1587.85,347850.0,36.51
2022-01-12,1600.0,1606.0,1574.65,1581.85,257091.0,52.05
2022-01-13,1590.5,1627.0,1583.15,1611.75,592708.0,28.79
2022-01-14,1610.0,1655.95,1601.6,1625.3,762999.0,25.61
2022-01-17,1632.0,1638.5,1611.3,1616.1,202898.0,34.3
2022-01-18,1619.8,1626.75,1560.15,1567.55,387355.0,36.6
2022-01-19,1567.7,1594.0,1549.9,1579.85,426572.0,28.67
2022-01-20,1575.1,1597.0,1565.0,1569.25,243226.0,33.52
2022-01-21,1556.0,1577.15,1527.1,1533.15,372057.0,44.75
2022-01-24,1534.5,1539.6,1462.0,1477.8,546015.0,35.17
2022-01-25,1473.8,1550.9,1465.3,1533.85,671339.0,31.17
2022-01-26,1473.8,1550.9,1465.3,1533.85,671339.0,31.17
2022-01-27,1520.0,1561.0,1515.0,1554.95,715431.0,46.07
2022-01-28,1577.0,1608.9,1552.0,1557.85,502216.0,36.92
2022-01-31,1560.0,1579.15,1530.1,1537.6,399431.0,30.02
2022-02-01,1544.85,1564.9,1515.0,1535.2,444745.0,29.58
2022-02-02,1547.0,1564.9,1536.0,1540.95,389678.0,50.01
2022-02-03,1534.0,1535.85,1458.0,1467.2,1282971.0,44.59
2022-02-04,1460.0,1467.5,1421.0,1427.85,1709407.0,28.86
2022-02-07,1424.95,1424.95,1385.2,1399.25,906789.0,28.98
2022-02-08,1407.95,1434.0,1395.05,1424.7,491958.0,21.3
2022-02-09,1432.2,1458.8,1430.05,1444.1,426870.0,25.35
2022-02-10,1452.0,1462.0,1423.0,1452.3,303268.0,34.32
2022-02-11,1439.1,1443.0,1406.6,1410.7,398727.0,44.85
2022-02-14,1389.0,1415.0,1362.05,1373.45,386143.0,29.15
2022-02-15,1374.0,1400.35,1335.95,1384.9,517877.0,31.5
2022-02-16,1396.8,1449.9,1367.0,1421.75,696772.0,26.51
2022-02-17,1421.0,1446.9,1410.0,1417.55,358136.0,15.62
2022-02-18,1412.0,1431.85,1399.1,1401.95,242667.0,31.36
2022-02-21,1395.0,1409.9,1371.25,1376.15,350381.0,30.9
2022-02-22,1325.0,1348.65,1285.0,1315.75,1372498.0,44.77
2022-02-23,1327.0,1337.15,1288.05,1293.45,473025.0,31.47
2022-02-24,1249.0,1249.0,1165.0,1179.05,1712462.0,39.85
2022-02-25,1220.0,1269.9,1201.0,1263.1,844213.0,29.02
2022-02-28,1247.1,1277.95,1228.65,1272.25,373324.0,17.02
2022-03-01,1247.1,1277.95,1228.65,1272.25,373324.0,17.02
2022-03-02,1272.0,1398.7,1250.85,1366.3,1940344.0,24.86
2022-03-03,1397.9,1397.9,1347.15,1359.05,527498.0,29.78
2022-03-04,1341.15,1346.0,1256.1,1264.75,1449865.0,35.61
2022-03-07,1244.75,1289.15,1225.0,1253.95,1453853.0,41.66
2022-03-08,1269.85,1269.85,1207.6,1237.35,1897416.0,40.21
2022-03-09,1254.9,1267.5,1239.0,1262.75,1039370.0,47.79
2022-03-10,1297.0,1339.45,1273.5,1328.75,1232720.0,18.47
2022-03-11,1324.5,1419.65,1316.7,1388.65,2064491.0,17.45
2022-03-14,1395.8,1427.2,1389.5,1406.1,875466.0,18.86
2022-03-15,1419.0,1419.0,1351.5,1369.9,700302.0,29.82
2022-03-16,1380.4,1418.8,1380.4,1412.8,749522.0,37.53
2022-03-17,1421.5,1433.95,1408.55,1426.65,549522.0,40.33
2022-03-18,1421.5,1433.95,1408.55,1426.65,549522.0,40.33
2022-03-21,1430.0,1455.0,1413.6,1439.3,619881.0,31.05
2022-03-22,1446.0,1448.65,1410.0,1419.5,486754.0,51.21
2022-03-23,1423.6,1439.0,1395.0,1401.8,290000.0,40.94
2022-03-24,1400.0,1425.0,1400.0,1422.7,248408.0,30.3
2022-03-25,1440.0,1487.8,1424.65,1443.2,1745667.0,14.61
2022-03-28,1451.6,1451.6,1420.05,1429.25,333774.0,28.99
2022-03-29,1440.0,1446.5,1415.0,1421.7,325455.0,34.18
2022-03-30,1430.0,1445.0,1425.0,1434.35,276833.0,43.87
2022-03-31,1438.0,1443.35,1410.0,1415.45,307344.0,44.27
2022-04-01,1415.0,1454.0,1415.0,1443.45,318300.0,27.95
2022-04-04,1451.0,1465.0,1442.6,1451.5,300127.0,30.44
2022-04-05,1455.0,1487.0,1452.25,1461.55,609678.0,30.62
2022-04-06,1462.65,1493.8,1460.0,1469.85,423900.0,33.27
2022-04-07,1470.0,1485.75,1451.05,1460.8,271513.0,31.46
2022-04-08,1463.15,1474.3,1457.0,1467.85,147809.0,36.96
2022-04-11,1468.75,1470.0,1436.45,1440.25,220640.0,30.64
2022-04-12,1448.0,1448.0,1404.25,1412.25,215199.0,33.83
2022-04-13,1423.15,1431.45,1381.65,1402.2,325801.0,28.24
2022-04-14,1423.15,1431.45,1381.65,1402.2,325801.0,28.24
2022-04-15,1423.15,1431.45,1381.65,1402.2,325801.0,28.24
2022-04-18,1396.0,1398.5,1367.15,1381.0,164929.0,39.94
2022-04-19,1390.0,1398.05,1321.4,1338.3,469976.0,64.25
2022-04-20,1345.0,1366.75,1327.0,1343.25,180019.0,29.02
2022-04-21,1352.0,1395.5,1352.0,1387.0,360029.0,29.75
2022-04-22,1375.05,1409.85,1375.05,1384.15,218461.0,20.44
2022-04-25,1379.8,1379.8,1346.35,1359.35,214010.0,33.45
2022-04-26,1369.95,1383.9,1360.25,1367.2,147424.0,34.48
2022-04-27,1360.0,1365.0,1341.0,1349.9,95207.0,29.27
2022-04-28,1363.0,1389.95,1325.0,1385.85,294741.0,21.14
2022-04-29,1388.0,1439.0,1387.0,1430.2,971611.0,42.2
2022-05-02,1423.95,1438.85,1382.2,1430.6,559009.0,40.93
2022-05-03,1423.95,1438.85,1382.2,1430.6,559009.0,40.93
2022-05-04,1434.9,1443.0,1350.05,1358.45,226196.0,34.12
2022-05-05,1370.1,1375.0,1303.55,1308.9,288004.0,29.02
2022-05-06,1294.0,1294.0,1255.0,1269.5,340959.0,28.93
2022-05-09,1260.0,1260.0,1218.05,1242.0,289412.0,40.08
2022-05-10,1235.9,1248.95,1195.0,1201.05,251782.0,41.54
2022-05-11,1209.95,1211.7,1162.55,1194.35,302712.0,36.78
2022-05-12,1189.0,1189.0,1150.0,1159.0,268207.0,42.76
2022-05-13,1165.1,1198.5,1145.1,1150.9,487442.0,44.5
2022-05-16,1150.0,1199.0,1143.0,1178.1,332591.0,28.96
2022-05-17,1239.0,1275.0,1165.2,1211.9,2350505.0,15.7
2022-05-18,1220.0,1307.0,1214.0,1291.1,1538744.0,14.04
2022-05-19,1245.0,1282.0,1245.0,1272.55,464841.0,27.43
2022-05-20,1289.8,1316.95,1272.65,1294.2,465309.0,22.13
2022-05-23,1298.0,1308.95,1278.9,1287.0,277198.0,30.07
2022-05-24,1288.0,1288.8,1266.3,1276.3,186597.0,32.15
2022-05-25,1283.65,1286.45,1231.65,1241.1,183374.0,26.3
2022-05-26,1244.0,1275.95,1210.35,1261.15,362750.0,22.52
2022-05-27,1265.2,1275.2,1250.1,1263.35,163556.0,30.76
2022-05-30,1274.0,1300.0,1270.55,1295.5,220059.0,38.33
2022-05-31,1299.0,1392.0,1290.0,1371.65,883925.0,19.49
2022-06-01,1372.0,1378.95,1328.0,1338.6,346210.0,17.23
2022-06-02,1330.0,1346.75,1321.1,1337.55,137735.0,20.65
2022-06-03,1341.4,1373.45,1336.0,1343.05,255403.0,24.25
2022-06-06,1339.15,1344.9,1317.15,1332.0,144139.0,34.11
2022-06-07,1327.9,1331.7,1298.3,1308.95,105244.0,20.4
2022-06-08,1308.0,1332.2,1300.35,1314.35,110976.0,17.79
2022-06-09,1310.0,1340.0,1300.15,1315.5,195666.0,15.4
2022-06-10,1305.0,1315.0,1277.05,1296.4,167515.0,25.03
2022-06-13,1281.6,1284.35,1236.85,1244.65,165130.0,31.02
2022-06-14,1240.0,1279.0,1238.75,1262.8,178230.0,26.04
2022-06-15,1267.95,1284.75,1264.05,1280.35,130475.0,30.63
2022-06-16,1294.95,1307.2,1235.35,1240.8,216119.0,29.92
2022-06-17,1229.0,1265.0,1208.0,1217.7,275899.0,35.7
2022-06-20,1229.0,1229.0,1152.9,1170.6,306189.0,40.54
2022-06-21,1192.05,1255.45,1171.0,1246.85,617930.0,12.62
2022-06-22,1246.0,1259.65,1221.1,1226.95,226833.0,10.65
2022-06-23,1236.0,1261.0,1216.4,1235.35,132410.0,17.77
2022-06-24,1245.6,1284.35,1245.6,1276.65,210289.0,24.02
2022-06-27,1300.0,1306.35,1272.45,1282.0,168357.0,22.39
2022-06-28,1278.7,1279.0,1247.3,1273.75,177586.0,9.96
2022-06-29,1260.0,1312.8,1254.45,1274.45,396538.0,13.87
2022-06-30,1324.0,1333.25,1265.0,1307.95,1794931.0,12.67
2022-07-01,1305.95,1324.45,1275.5,1286.0,433916.0,13.21
2022-07-04,1285.95,1303.0,1280.0,1285.75,125101.0,17.1
2022-07-05,1286.0,1319.0,1286.0,1303.7,303379.0,30.71
2022-07-06,1303.65,1336.5,1292.9,1310.45,348333.0,21.81
2022-07-07,1318.0,1330.0,1305.0,1310.15,166213.0,17.82
2022-07-08,1320.0,1327.8,1299.05,1303.9,185545.0,24.1
2022-07-11,1302.0,1317.0,1294.85,1312.65,136280.0,26.62
2022-07-12,1309.0,1353.5,1303.8,1335.6,424792.0,19.99
2022-07-13,1349.85,1349.85,1321.45,1327.85,171172.0,28.19
2022-07-14,1330.0,1342.0,1317.65,1337.05,165021.0,27.98
2022-07-15,1338.3,1349.95,1327.0,1343.75,148668.0,28.41
2022-07-18,1345.5,1362.0,1342.6,1356.4,154988.0,33.74
2022-07-19,1353.0,1367.8,1347.85,1363.95,211207.0,34.04
2022-07-20,1379.0,1410.0,1366.5,1406.25,536465.0,33.06
2022-07-21,1414.9,1433.3,1412.1,1426.1,677605.0,41.71
2022-07-22,1428.0,1431.75,1409.05,1422.3,236683.0,43.09
2022-07-25,1421.4,1421.4,1400.1,1403.15,167970.0,37.57
2022-07-26,1400.8,1407.3,1392.1,1394.7,112435.0,30.8
2022-07-27,1394.7,1402.95,1391.5,1397.2,129148.0,18.15
2022-07-28,1404.0,1404.0,1383.5,1388.1,280963.0,49.19
2022-07-29,1404.0,1412.45,1385.0,1396.9,237385.0,44.02
2022-08-01,1403.0,1403.0,1317.05,1322.6,930192.0,40.52
2022-08-02,1322.9,1334.45,1310.1,1320.05,362140.0,29.47
2022-08-03,1320.1,1327.95,1311.0,1318.0,227390.0,34.33
2022-08-04,1326.0,1326.1,1291.45,1300.05,218861.0,40.24
2022-08-05,1305.0,1316.8,1282.7,1287.7,209331.0,34.2
2022-08-10,1285.1,1292.1,1276.1,1279.9,168211.0,53.38
2022-08-11,1286.0,1321.75,1283.0,1314.6,622423.0,46.46
2022-08-12,1320.0,1326.45,1312.25,1318.85,264964.0,49.89
2022-08-15,1320.0,1326.45,1312.25,1318.85,264964.0,49.89
2022-08-16,1325.0,1345.0,1305.0,1313.3,554983.0,51.0
2022-08-17,1320.0,1335.6,1317.7,1328.5,427790.0,59.7
2022-08-18,1328.5,1352.85,1320.05,1346.1,462545.0,35.0
2022-08-19,1350.0,1370.0,1311.2,1320.1,883951.0,29.1
2022-08-22,1320.0,1320.0,1270.0,1276.0,429354.0,41.21
2022-08-23,1269.0,1314.25,1267.0,1307.9,408104.0,45.71
2022-08-24,1307.7,1313.35,1290.0,1295.4,238076.0,36.37
2022-08-25,1300.0,1315.3,1285.0,1289.5,388540.0,44.78
2022-08-26,1295.0,1305.7,1279.0,1281.65,208295.0,45.1
2022-08-29,1253.0,1279.0,1251.0,1257.6,191012.0,42.51
2022-08-30,1271.0,1299.95,1262.0,1289.25,450183.0,50.81
2022-08-31,1271.0,1299.95,1262.0,1289.25,450183.0,50.81
2022-09-01,1279.25,1299.0,1276.75,1287.2,182259.0,48.54
2022-09-02,1292.7,1295.0,1275.0,1277.25,136060.0,45.61
2022-09-05,1288.0,1288.0,1261.0,1272.0,166319.0,42.52
2022-09-06,1274.0,1287.5,1265.0,1266.5,200137.0,45.59
2022-09-07,1266.5,1291.95,1260.0,1273.0,323610.0,37.67
2022-09-08,1280.0,1288.4,1266.45,1270.75,206284.0,46.49
2022-09-09,1275.0,1278.7,1246.55,1266.45,444384.0,39.68
2022-09-12,1269.9,1279.9,1266.5,1269.85,254943.0,63.91
2022-09-13,1275.0,1308.8,1271.5,1286.0,472659.0,44.09
2022-09-14,1270.0,1279.8,1260.95,1276.35,320078.0,38.64
2022-09-15,1279.0,1299.0,1271.3,1292.9,288459.0,44.16
2022-09-16,1286.0,1299.0,1240.8,1248.0,618254.0,44.18
2022-09-19,1247.9,1253.0,1212.2,1226.2,320684.0,52.49
2022-09-20,1235.0,1305.0,1235.0,1284.25,1201462.0,30.6
2022-09-21,1286.0,1311.0,1284.25,1288.9,659726.0,33.83
2022-09-22,1282.0,1302.0,1261.0,1294.65,477667.0,48.33
2022-09-23,1294.65,1294.65,1246.3,1261.95,367734.0,46.47
2022-09-26,1258.0,1258.0,1220.05,1238.25,304269.0,46.2
2022-09-27,1240.0,1242.3,1197.0,1201.1,352331.0,34.71
2022-09-28,1199.95,1208.0,1156.0,1164.8,753707.0,40.07
2022-09-29,1175.9,1197.8,1163.25,1180.85,409196.0,39.34
2022-09-30,1185.5,1222.0,1184.95,1218.75,304797.0,41.69
2022-10-03,1241.0,1260.6,1220.1,1247.1,613863.0,33.95
2022-10-04,1260.0,1277.0,1252.7,1274.0,405066.0,52.52
2022-10-05,1260.0,1277.0,1252.7,1274.0,405066.0,52.52
2022-10-06,1276.5,1320.5,1276.0,1315.75,570726.0,44.63
2022-10-07,1314.9,1338.0,1299.95,1330.9,444063.0,46.34
2022-10-10,1319.45,1326.35,1308.05,1322.65,285539.0,56.2
2022-10-11,1321.7,1328.25,1299.5,1303.55,143912.0,37.18
2022-10-12,1296.3,1328.5,1295.6,1325.25,406451.0,65.0
2022-10-13,1325.25,1330.8,1310.0,1318.1,226789.0,61.34
2022-10-14,1328.4,1348.0,1306.95,1311.25,328673.0,26.86
2022-10-17,1302.0,1319.15,1296.1,1304.7,110331.0,34.81
2022-10-18,1311.25,1323.9,1298.4,1313.35,208053.0,43.77
2022-10-19,1319.95,1347.0,1314.9,1336.65,232131.0,32.61
2022-10-20,1325.0,1342.25,1320.0,1329.4,118809.0,24.31
2022-10-21,1330.1,1343.9,1312.55,1317.8,146108.0,35.69
2022-10-24,1370.0,1388.0,1352.25,1369.05,381964.0,44.1
2022-10-25,1377.9,1502.0,1376.0,1495.25,5138996.0,17.97
2022-10-26,1377.9,1502.0,1376.0,1495.25,5138996.0,17.97
2022-10-27,1505.0,1521.1,1470.6,1512.75,1284122.0,17.65
2022-10-28,1513.25,1514.0,1483.7,1507.55,465648.0,33.25
2022-10-31,1512.0,1539.8,1512.0,1536.35,538668.0,31.21
2022-11-01,1539.0,1542.4,1510.05,1517.0,307801.0,32.04
2022-11-02,1515.0,1519.9,1482.3,1492.05,276986.0,23.68
2022-11-03,1486.0,1515.0,1460.05,1502.8,317179.0,27.35
2022-11-04,1503.0,1513.4,1490.35,1498.35,121051.0,27.32
2022-11-07,1510.0,1549.85,1502.95,1535.6,568964.0,41.34
2022-11-08,1510.0,1549.85,1502.95,1535.6,568964.0,41.34
2022-11-09,1544.55,1554.0,1509.25,1518.55,275531.0,45.33
2022-11-10,1511.0,1526.6,1490.0,1494.15,167675.0,44.42
2022-11-11,1506.8,1539.0,1506.8,1526.5,378786.0,52.11
2022-11-14,1522.0,1532.55,1497.9,1514.8,203473.0,39.64
2022-11-15,1522.0,1564.5,1510.6,1539.7,500169.0,28.98
2022-11-16,1540.75,1564.4,1514.15,1524.6,352246.0,41.18
2022-11-17,1525.0,1532.0,1507.05,1520.6,115022.0,36.92
2022-11-18,1524.95,1526.9,1480.6,1497.55,400171.0,45.67
2022-11-21,1491.8,1519.3,1491.8,1503.5,149559.0,30.64
2022-11-22,1504.9,1512.2,1485.75,1506.1,108173.0,31.45
2022-11-23,1515.0,1553.0,1505.05,1543.15,521008.0,30.3
2022-11-24,1546.95,1577.5,1532.1,1537.3,634544.0,23.79
2022-11-25,1537.3,1563.9,1534.0,1560.85,260044.0,41.52
2022-11-28,1562.6,1578.0,1558.75,1572.5,212209.0,40.65
2022-11-29,1580.0,1589.2,1556.5,1567.6,242306.0,37.83
2022-11-30,1565.0,1566.6,1552.0,1562.35,164554.0,37.62
2022-12-01,1569.8,1583.0,1565.2,1573.85,205275.0,38.33
2022-12-02,1565.0,1579.0,1549.55,1560.05,248109.0,36.98
2022-12-05,1560.0,1586.0,1557.8,1569.45,214363.0,27.17
2022-12-06,1565.0,1577.45,1555.05,1560.3,202317.0,36.33
2022-12-07,1561.0,1588.25,1561.0,1566.5,329462.0,30.85
2022-12-08,1566.0,1605.0,1565.0,1581.7,521270.0,41.43
2022-12-09,1588.95,1599.6,1547.65,1564.9,341094.0,41.62
2022-12-12,1557.1,1586.85,1556.65,1582.95,148432.0,32.95
2022-12-13,1584.0,1650.0,1582.95,1644.35,1365939.0,33.02
2022-12-14,1651.95,1669.0,1638.75,1660.1,417942.0,35.7
2022-12-15,1658.0,1665.85,1640.0,1647.6,253369.0,54.11
2022-12-16,1632.0,1664.95,1629.15,1644.3,564573.0,54.9
2022-12-19,1642.9,1664.8,1634.15,1658.55,221580.0,39.72
2022-12-20,1650.0,1697.1,1638.85,1644.15,932620.0,38.81
2022-12-21,1650.0,1660.0,1575.65,1594.05,267906.0,31.29
2022-12-22,1594.95,1601.9,1570.5,1577.7,202652.0,39.54
2022-12-23,1574.95,1574.95,1531.55,1545.05,351559.0,44.3
2022-12-26,1540.1,1583.85,1521.1,1572.75,120760.0,32.25
2022-12-27,1572.75,1587.85,1546.55,1556.8,118608.0,28.64
2022-12-28,1557.9,1564.95,1542.9,1554.1,88756.0,21.52
2022-12-29,1540.0,1559.95,1535.0,1551.1,87416.0,25.18
2022-12-30,1554.05,1576.3,1551.0,1554.2,90741.0,25.68
2023-01-02,1501.0,1504.8,1441.5,1457.7,1284725.0,18.82
2023-01-03,1468.05,1492.3,1454.2,1478.0,1092835.0,61.03
2023-01-04,1485.0,1485.7,1460.0,1478.6,310012.0,44.84
2023-01-05,1479.9,1491.55,1452.45,1461.95,178780.0,29.88
2023-01-06,1461.95,1480.45,1435.25,1444.0,171806.0,36.05
2023-01-09,1451.25,1464.5,1428.0,1437.85,141548.0,36.21
2023-01-10,1440.0,1468.45,1433.2,1456.7,179428.0,37.62
2023-01-11,1456.7,1486.0,1456.2,1481.75,254561.0,44.82
2023-01-12,1483.5,1517.1,1480.3,1508.6,394549.0,52.6
2023-01-13,1516.55,1610.0,1513.35,1604.7,1723640.0,16.31
2023-01-16,1586.0,1607.0,1571.0,1598.4,633514.0,12.02
2023-01-17,1595.0,1633.6,1585.0,1623.8,488240.0,17.11
2023-01-18,1628.0,1628.05,1598.1,1616.4,373728.0,21.0
2023-01-19,1615.1,1637.05,1586.4,1601.05,540007.0,19.26
2023-01-20,1600.1,1613.45,1566.0,1574.0,139411.0,24.18
2023-01-23,1581.85,1584.45,1551.0,1564.1,114363.0,26.46
2023-01-24,1564.0,1575.0,1549.05,1564.5,147371.0,45.51
2023-01-25,1564.0,1576.45,1517.55,1541.1,171458.0,22.7
2023-01-26,1564.0,1576.45,1517.55,1541.1,171458.0,22.7
2023-01-27,1541.1,1548.7,1492.15,1498.1,122214.0,42.11
2023-01-30,1498.0,1514.2,1485.1,1507.4,175238.0,51.51
2023-01-31,1514.0,1521.55,1487.65,1514.6,210920.0,48.87
2023-02-01,1521.15,1531.45,1478.5,1490.4,230840.0,48.03
2023-02-02,1475.25,1531.6,1452.6,1469.9,253562.0,44.65
2023-02-03,1479.95,1516.75,1469.85,1509.0,214112.0,38.27
2023-02-06,1452.1,1475.0,1395.5,1425.15,845249.0,32.14
2023-02-07,1425.0,1425.1,1390.05,1392.95,337554.0,31.5
2023-02-08,1402.0,1405.0,1370.0,1403.0,326483.0,29.72
2023-02-09,1398.05,1422.3,1387.15,1410.0,189203.0,28.77
2023-02-10,1407.0,1434.95,1401.05,1426.9,232459.0,31.55
2023-02-13,1430.0,1437.0,1410.05,1415.2,242039.0,55.67
2023-02-14,1415.2,1424.3,1382.0,1405.6,180620.0,37.48
2023-02-15,1405.0,1413.4,1344.25,1348.55,498624.0,29.57
2023-02-16,1351.8,1399.9,1351.8,1388.1,310010.0,24.73
2023-02-17,1388.05,1391.75,1370.0,1379.95,147083.0,31.37
2023-02-20,1380.0,1409.45,1371.0,1378.5,203501.0,14.62
2023-02-21,1378.5,1395.0,1364.1,1376.75,117381.0,17.98
2023-02-22,1376.05,1383.95,1356.0,1380.45,153968.0,38.0
2023-02-23,1385.95,1393.0,1362.05,1381.35,195312.0,46.51
2023-02-24,1388.25,1388.25,1367.9,1371.2,120125.0,35.68
2023-02-27,1371.2,1393.65,1364.65,1385.15,145839.0,21.25
2023-02-28,1388.15,1416.5,1382.55,1402.65,224437.0,21.95
2023-03-01,1409.7,1434.9,1405.55,1431.45,250382.0,24.33
2023-03-02,1417.05,1434.85,1372.25,1424.3,485585.0,16.99
2023-03-03,1438.5,1467.75,1425.05,1446.4,310820.0,23.76
2023-03-06,1460.0,1479.95,1455.25,1458.2,188059.0,25.07
2023-03-07,1460.0,1479.95,1455.25,1458.2,188059.0,25.07
2023-03-08,1450.0,1480.55,1446.1,1477.65,126400.0,30.02
2023-03-09,1481.95,1514.0,1471.6,1476.25,315757.0,21.66
2023-03-10,1465.0,1487.0,1460.0,1479.05,119409.0,27.01
2023-03-13,1486.5,1491.1,1457.4,1479.8,158512.0,35.06
2023-03-14,1485.0,1497.2,1466.05,1476.85,224403.0,29.07
2023-03-15,1487.15,1504.0,1486.1,1496.2,140567.0,41.61
2023-03-16,1500.0,1505.0,1482.85,1486.6,163136.0,48.22
2023-03-17,1498.45,1502.9,1481.5,1488.2,153207.0,40.09
2023-03-20,1493.95,1494.0,1465.25,1481.4,338175.0,80.96
2023-03-21,1485.75,1507.45,1481.45,1501.0,154038.0,34.7
2023-03-22,1504.85,1536.95,1504.85,1518.4,201841.0,24.33
2023-03-23,1519.05,1522.0,1496.9,1505.15,186544.0,51.39
2023-03-24,1508.65,1509.2,1444.0,1475.25,315007.0,27.43
2023-03-27,1476.1,1495.0,1471.55,1484.4,123922.0,26.93
2023-03-28,1484.4,1493.0,1459.0,1471.25,150533.0,25.61
2023-03-29,1470.0,1513.05,1465.0,1499.9,270832.0,20.48
2023-03-30,1470.0,1513.05,1465.0,1499.9,270832.0,20.48
2023-03-31,1500.0,1520.0,1500.0,1516.5,93487.0,43.59
2023-04-03,1517.0,1541.8,1508.45,1512.65,141021.0,42.73
2023-04-04,1517.0,1541.8,1508.45,1512.65,141021.0,42.73
2023-04-05,1519.85,1519.85,1470.0,1474.35,324353.0,58.08
2023-04-06,1474.35,1499.0,1451.6,1494.75,154161.0,31.31
2023-04-07,1474.35,1499.0,1451.6,1494.75,154161.0,31.31
2023-04-10,1494.75,1525.0,1485.65,1515.55,139391.0,34.59
2023-04-11,1520.0,1523.0,1460.0,1464.6,255093.0,40.45
2023-04-12,1466.0,1504.45,1457.7,1480.95,362018.0,43.84
2023-04-13,1487.95,1497.85,1465.0,1466.95,152266.0,38.7
2023-04-14,1487.95,1497.85,1465.0,1466.95,152266.0,38.7
2023-04-17,1467.0,1478.6,1457.2,1474.65,189067.0,47.11
2023-04-18,1476.3,1492.05,1446.0,1450.5,181274.0,44.84
2023-04-19,1454.95,1460.45,1435.1,1442.4,131756.0,22.0
2023-04-20,1445.1,1455.85,1437.65,1451.4,130948.0,33.61
2023-04-21,1454.0,1461.8,1449.05,1457.75,110244.0,21.45
2023-04-24,1464.95,1472.55,1450.0,1462.4,137235.0,26.43
2023-04-25,1464.0,1492.95,1455.8,1487.65,250470.0,33.6
2023-04-26,1480.0,1481.5,1372.0,1394.45,1145904.0,33.21
2023-04-27,1394.05,1409.0,1387.25,1392.15,531971.0,58.48
2023-04-28,1400.0,1406.95,1388.55,1399.4,444194.0,72.44
2023-05-01,1400.0,1406.95,1388.55,1399.4,444194.0,72.44
2023-05-02,1399.4,1412.85,1390.5,1396.2,223790.0,26.98
2023-05-03,1400.0,1400.7,1367.0,1372.5,356310.0,42.49
2023-05-04,1374.95,1397.2,1368.2,1392.9,244013.0,32.82
2023-05-05,1392.9,1403.4,1375.95,1380.0,161383.0,28.13
2023-05-08,1380.3,1388.7,1371.0,1373.7,157663.0,38.89
2023-05-09,1379.7,1383.6,1365.55,1370.7,250603.0,70.79
2023-05-10,1372.0,1374.95,1352.55,1359.7,163640.0,35.22
2023-05-11,1375.95,1385.9,1363.55,1371.5,224586.0,37.61
2023-05-12,1372.0,1389.6,1355.2,1357.05,200367.0,32.59
2023-05-15,1358.15,1387.45,1342.95,1382.25,359713.0,43.34
2023-05-16,1389.5,1389.5,1365.0,1366.9,160722.0,41.67
2023-05-17,1376.15,1379.1,1333.85,1342.3,238415.0,47.19
2023-05-18,1349.0,1383.4,1348.05,1354.8,285908.0,28.59
2023-05-19,1359.95,1365.65,1330.0,1351.4,205807.0,36.69
2023-05-22,1286.05,1347.0,1285.05,1320.15,1132357.0,29.34
2023-05-23,1336.95,1405.35,1336.95,1388.45,1759937.0,25.83
2023-05-24,1380.05,1392.95,1350.6,1355.2,389853.0,43.25
2023-05-25,1355.2,1368.45,1343.75,1346.85,327173.0,49.58
2023-05-26,1348.55,1370.0,1345.0,1367.5,179797.0,35.24
2023-05-29,1373.0,1428.9,1372.1,1392.2,666609.0,28.17
2023-05-30,1395.0,1454.45,1395.0,1447.35,947925.0,32.22
2023-05-31,1447.3,1463.7,1441.05,1455.25,308665.0,32.55
2023-06-01,1461.8,1478.0,1453.0,1475.5,225942.0,43.93
2023-06-02,1470.0,1477.15,1444.55,1461.55,188109.0,37.78
2023-06-05,1465.05,1489.9,1461.65,1469.15,287787.0,57.12
2023-06-06,1469.5,1489.75,1459.25,1469.8,195861.0,34.63
2023-06-07,1477.5,1499.9,1469.0,1497.4,196621.0,47.79
2023-06-08,1499.5,1567.85,1496.0,1540.25,1012751.0,34.13
2023-06-09,1532.05,1574.0,1532.0,1549.5,486896.0,25.39
2023-06-12,1558.0,1571.65,1542.05,1568.2,194841.0,33.49
2023-06-13,1568.2,1586.35,1558.55,1582.45,243590.0,39.75
2023-06-14,1582.45,1596.0,1564.45,1589.2,225995.0,31.84
2023-06-15,1594.0,1594.0,1539.3,1549.35,262525.0,21.45
2023-06-16,1551.0,1625.0,1551.0,1601.55,586145.0,30.06
2023-06-19,1601.55,1608.65,1561.0,1571.25,317057.0,45.95
2023-06-20,1567.0,1593.5,1558.0,1573.0,133203.0,33.93
2023-06-21,1590.0,1633.05,1582.65,1614.85,559311.0,41.22
2023-06-22,1614.85,1644.0,1591.0,1622.1,518808.0,51.42
2023-06-23,1619.0,1625.8,1517.1,1566.05,605597.0,18.65
2023-06-26,1542.0,1665.0,1542.0,1633.4,885436.0,22.66
2023-06-27,1633.4,1633.4,1594.15,1626.25,383967.0,31.38
2023-06-28,1627.0,1655.7,1606.0,1642.3,396614.0,29.58
2023-06-29,1627.0,1655.7,1606.0,1642.3,396614.0,29.58
2023-06-30,1478.1,1525.7,1411.4,1500.4,5379337.0,19.92
2023-07-03,1499.0,1515.0,1477.0,1507.6,970816.0,26.24
2023-07-04,1507.6,1516.8,1480.55,1491.95,443863.0,27.33
2023-07-05,1504.85,1532.5,1495.0,1519.0,496161.0,34.23
2023-07-06,1512.0,1670.9,1512.0,1628.6,3610308.0,15.2
2023-07-07,1619.55,1619.55,1566.0,1596.65,994062.0,20.32
2023-07-10,1600.0,1614.9,1570.45,1576.55,266942.0,28.95
2023-07-11,1589.65,1597.95,1561.05,1579.5,200022.0,29.85
2023-07-12,1584.0,1637.45,1583.0,1603.15,649031.0,23.32
2023-07-13,1605.0,1633.45,1564.85,1570.5,513309.0,35.63
2023-07-14,1588.0,1597.0,1550.8,1556.65,543858.0,60.04
2023-07-17,1565.7,1610.8,1560.0,1598.05,291059.0,23.57
2023-07-18,1599.0,1599.0,1565.25,1586.95,204593.0,26.8
2023-07-19,1581.0,1626.2,1581.0,1614.55,495674.0,43.78
2023-07-20,1620.95,1628.0,1597.25,1625.15,234364.0,37.44
2023-07-21,1615.2,1659.9,1596.05,1621.45,781703.0,18.56
2023-07-24,1619.0,1696.95,1611.05,1656.35,631689.0,38.36
2023-07-25,1660.05,1673.9,1635.55,1665.3,365282.0,25.88
2023-07-26,1672.0,1721.0,1659.1,1666.35,675702.0,20.94
2023-07-27,1669.0,1684.85,1646.5,1659.15,428452.0,39.68
2023-07-28,1664.0,1685.45,1632.6,1670.5,393360.0,40.74
2023-07-31,1649.05,1679.8,1635.0,1661.2,575992.0,30.37
2023-08-01,1663.7,1683.15,1630.5,1635.05,348322.0,55.32
2023-08-02,1626.0,1633.8,1575.0,1590.05,316355.0,32.55
2023-08-03,1584.7,1614.9,1578.05,1600.4,181252.0,39.51
2023-08-04,1605.95,1641.25,1592.05,1633.9,317086.0,49.85
2023-08-07,1643.0,1643.0,1616.0,1627.15,181962.0,46.07
2023-08-08,1627.2,1634.0,1590.0,1600.35,200361.0,34.18
2023-08-09,1600.4,1633.75,1597.05,1617.4,134102.0,41.7
2023-08-10,1617.0,1617.0,1570.0,1577.8,323612.0,55.14
2023-08-11,1585.0,1589.85,1569.05,1575.1,105173.0,35.45
2023-08-14,1576.0,1594.6,1548.6,1590.85,129753.0,34.28
2023-08-15,1576.0,1594.6,1548.6,1590.85,129753.0,34.28
2023-08-16,1594.95,1597.2,1571.2,1591.85,83605.0,24.53
2023-08-17,1593.0,1604.15,1573.9,1576.7,107262.0,39.82
2023-08-18,1575.0,1576.9,1545.0,1549.9,158204.0,34.31
2023-08-21,1558.1,1566.75,1538.0,1549.65,150707.0,50.47
2023-08-22,1560.0,1575.0,1547.0,1563.35,199665.0,48.96
2023-08-23,1563.35,1588.85,1563.35,1583.55,130278.0,41.66
2023-08-24,1597.0,1605.0,1585.0,1591.8,123342.0,26.81
2023-08-25,1585.0,1616.35,1575.05,1578.5,168665.0,22.51
2023-08-28,1581.05,1614.4,1579.3,1604.2,184799.0,50.8
2023-08-29,1605.0,1633.4,1595.75,1608.25,206449.0,34.94
2023-08-30,1621.0,1640.5,1611.0,1629.05,246330.0,44.57
2023-08-31,1639.95,1717.7,1635.05,1688.25,1345454.0,26.33
2023-09-01,1687.85,1844.4,1676.0,1824.0,2070446.0,28.48
2023-09-04,1824.1,1875.65,1810.0,1815.45,537887.0,23.62
2023-09-05,1825.0,1842.9,1765.55,1796.0,407405.0,29.58
2023-09-06,1800.0,1809.0,1773.05,1794.7,209542.0,28.75
2023-09-07,1798.7,1798.7,1761.15,1789.95,234264.0,32.76
2023-09-08,1791.95,1817.7,1785.25,1807.6,268295.0,29.0
2023-09-11,1793.15,1794.85,1752.0,1786.85,445655.0,34.68
2023-09-12,1787.0,1809.0,1716.05,1724.1,415138.0,41.9
2023-09-13,1724.1,1770.0,1715.0,1754.9,228787.0,21.05
2023-09-14,1764.9,1782.6,1746.0,1774.8,137687.0,24.13
2023-09-15,1769.0,1826.0,1768.65,1779.65,552036.0,36.91
2023-09-18,1781.0,1785.05,1738.6,1744.3,290344.0,42.57
2023-09-19,1781.0,1785.05,1738.6,1744.3,290344.0,42.57
2023-09-20,1739.9,1744.0,1702.0,1719.55,205646.0,40.52
2023-09-21,1751.85,1818.95,1740.0,1749.45,1503313.0,22.98
2023-09-22,1763.0,1797.0,1724.05,1783.55,792123.0,46.25
2023-09-25,1785.0,1952.2,1775.0,1902.3,3782787.0,20.1
2023-09-26,1914.0,1963.0,1898.05,1901.6,1207467.0,23.94
2023-09-27,1901.9,1960.0,1895.85,1937.0,1162155.0,16.83
2023-09-28,1971.0,2114.4,1940.0,2096.55,7390137.0,9.71
2023-09-29,1970.0,2139.95,1913.25,2049.7,9450888.0,11.17
2023-10-02,1970.0,2139.95,1913.25,2049.7,9450888.0,11.17
2023-10-03,2038.0,2045.7,1948.3,1956.65,2677334.0,15.92
2023-10-04,1957.0,1976.75,1920.55,1929.4,1838495.0,16.07
2023-10-05,1948.9,1965.0,1913.15,1949.25,1210718.0,27.35
2023-10-06,1954.0,2050.0,1948.6,2039.6,3955839.0,13.22
2023-10-09,2104.95,2150.0,2051.05,2078.95,6054481.0,14.66
2023-10-10,2095.45,2119.0,2072.1,2099.8,1137686.0,18.15
2023-10-11,2136.0,2179.45,2127.0,2156.55,2521671.0,21.57
2023-10-12,2160.0,2167.1,2091.0,2099.95,1267306.0,20.24
2023-10-13,2095.0,2134.9,2080.85,2109.95,866370.0,16.04
2023-10-16,2109.95,2215.0,2103.05,2197.15,3460814.0,23.31
2023-10-17,2200.0,2208.0,2167.0,2194.65,861498.0,32.85
2023-10-18,2155.0,2208.0,2150.0,2193.95,945115.0,26.36
2023-10-19,2184.8,2205.0,2161.65,2184.5,564665.0,35.55
2023-10-20,2182.15,2339.0,2173.3,2320.0,2711049.0,22.21
2023-10-23,2309.05,2417.2,2202.5,2212.7,3333976.0,10.65
2023-10-24,2309.05,2417.2,2202.5,2212.7,3333976.0,10.65
2023-10-25,2265.5,2282.95,2205.1,2228.95,1642001.0,27.28
2023-10-26,2228.0,2254.35,2162.35,2234.05,1311699.0,25.52
2023-10-27,2255.0,2293.6,2224.95,2243.3,1233420.0,24.69
2023-10-30,2243.3,2285.4,2216.6,2278.35,500622.0,18.84
2023-10-31,2290.0,2363.4,2276.4,2330.9,1669188.0,22.32
2023-11-01,2355.0,2406.9,2337.85,2387.85,1353736.0,20.01
2023-11-02,2403.0,2447.1,2392.0,2425.6,1157666.0,25.4
2023-11-03,2449.0,2600.0,2422.0,2545.55,1547098.0,22.51
2023-11-06,2555.0,2584.7,2522.4,2566.15,1019770.0,19.84
2023-11-07,2560.0,2636.0,2530.0,2623.65,914200.0,14.04
2023-11-08,2628.0,2666.0,2590.45,2623.45,967411.0,15.47
2023-11-09,2561.65,2645.15,2457.0,2475.3,2191712.0,16.92
2023-11-10,2452.0,2654.0,2430.05,2603.9,3662702.0,14.29
2023-11-13,2664.05,2785.0,2618.1,2774.7,2059017.0,14.89
2023-11-14,2664.05,2785.0,2618.1,2774.7,2059017.0,14.89
2023-11-15,2800.0,2952.55,2725.2,2907.0,3994944.0,11.85
2023-11-16,2915.0,3030.0,2885.0,2966.6,2053927.0,21.62
2023-11-17,2934.0,2970.0,2852.3,2871.35,1749746.0,22.36
2023-11-20,2871.35,2927.6,2841.05,2878.65,982159.0,14.44
2023-11-21,2893.6,2939.6,2888.15,2905.9,660175.0,23.33
2023-11-22,2914.95,2915.0,2843.75,2856.9,631012.0,24.87
2023-11-23,2864.0,2948.9,2848.0,2926.3,944732.0,22.56
2023-11-24,2928.0,2979.95,2913.3,2927.35,1071660.0,30.36
2023-11-27,2928.0,2979.95,2913.3,2927.35,1071660.0,30.36
2023-11-28,2930.0,3169.55,2930.0,3129.65,3876385.0,14.38
2023-11-29,3137.15,3219.0,3065.05,3095.45,1630180.0,23.46
2023-11-30,3111.0,3214.0,3045.05,3195.35,2300838.0,21.43
2023-12-01,3210.0,3252.95,3110.0,3125.15,1348248.0,21.69
2023-12-04,3185.0,3189.5,3063.75,3090.15,1030593.0,21.37
2023-12-05,3105.75,3215.0,3090.0,3187.75,1134686.0,18.26
2023-12-06,3200.0,3219.9,3161.0,3173.5,618950.0,22.87
2023-12-07,3185.0,3325.0,3165.0,3310.7,1678152.0,20.47
2023-12-08,3321.0,3344.0,3168.75,3181.55,967336.0,19.96
2023-12-11,3203.5,3280.0,3192.8,3251.95,705874.0,22.36
2023-12-12,3269.0,3308.0,3211.0,3227.85,775764.0,29.57
2023-12-13,3248.0,3277.9,3193.6,3266.4,618088.0,29.07
2023-12-14,3290.0,3311.0,3232.0,3254.05,827543.0,41.22
2023-12-15,3284.95,3290.0,3246.25,3273.2,478954.0,41.82
2023-12-18,3280.0,3281.4,3212.0,3226.1,409585.0,30.06
2023-12-19,3250.0,3276.6,3185.2,3193.25,334975.0,31.26
2023-12-20,3220.0,3339.95,3090.0,3111.4,1122898.0,16.87
2023-12-21,3090.0,3239.4,3059.25,3217.85,790111.0,15.79
2023-12-22,3250.05,3256.3,3140.0,3163.85,579036.0,23.72
2023-12-25,3250.05,3256.3,3140.0,3163.85,579036.0,23.72
2023-12-26,3163.85,3189.0,3123.5,3144.15,329585.0,18.39
2023-12-27,3165.0,3233.95,3144.0,3188.3,755796.0,18.59
2023-12-28,3204.9,3220.0,3165.45,3183.8,448177.0,19.82
2023-12-29,3200.0,3228.0,3167.2,3199.85,372822.0,18.16
2024-01-01,3195.0,3209.0,3144.0,3169.45,326803.0,36.99
2024-01-02,3170.05,3231.9,3110.0,3178.05,638190.0,19.98
2024-01-03,3184.9,3189.5,3140.05,3177.55,331804.0,31.64
2024-01-04,3185.0,3239.75,3160.0,3181.55,394809.0,38.67
2024-01-05,3207.0,3220.0,3102.05,3144.45,461142.0,35.73
2024-01-08,3154.0,3193.5,3145.0,3160.7,216428.0,30.93
2024-01-09,3190.0,3190.0,3062.4,3077.7,435472.0,43.63
2024-01-10,3090.0,3113.4,3038.0,3061.55,415242.0,51.43
2024-01-11,3080.0,3169.8,3075.0,3162.4,409263.0,35.52
2024-01-12,3188.0,3188.0,2992.85,3059.8,767817.0,30.25
2024-01-15,3084.0,3193.25,3055.15,3158.95,711128.0,24.62
2024-01-16,3157.95,3185.0,3110.5,3163.0,279567.0,18.3
2024-01-17,3130.0,3225.0,3120.0,3148.0,466334.0,23.56
2024-01-18,3148.0,3233.9,3050.0,3193.35,633898.0,20.95
2024-01-19,3218.8,3220.05,3168.0,3200.9,269418.0,23.33
2024-01-22,3216.0,3243.0,3168.9,3207.4,296045.0,45.44
2024-01-23,3230.0,3232.4,2992.05,3032.25,889244.0,47.61
2024-01-24,3032.25,3184.0,2958.0,3164.65,1058232.0,32.5
2024-01-25,3184.15,3234.0,3110.05,3221.1,581218.0,25.64
2024-01-26,3184.15,3234.0,3110.05,3221.1,581218.0,25.64
2024-01-29,3250.0,3433.3,3226.45,3415.4,1332758.0,30.01
2024-01-30,3438.0,3452.0,3337.95,3345.4,378188.0,27.72
2024-01-31,3350.0,3421.0,3342.05,3414.05,302050.0,35.98
2024-02-01,3402.05,3474.45,3359.05,3449.95,523206.0,25.06
2024-02-02,3480.0,3681.8,3455.0,3655.1,1285834.0,34.16
2024-02-05,3684.8,3892.0,3610.0,3850.05,1416753.0,31.02
2024-02-06,3878.0,3878.0,3721.0,3809.3,766442.0,41.67
2024-02-07,3833.0,3938.8,3785.0,3803.75,763646.0,36.51
2024-02-08,3824.1,3898.1,3785.0,3880.2,686140.0,41.14
2024-02-09,3900.2,3990.0,3752.1,3829.9,700501.0,18.72
2024-02-12,3785.0,3785.0,3455.55,3488.95,1372099.0,16.9
2024-02-13,3488.85,3569.85,3370.0,3418.35,1203322.0,15.21
2024-02-14,3393.3,3416.65,3292.0,3357.9,1007306.0,37.99
2024-02-15,3398.0,3498.0,3351.45,3454.05,557746.0,19.97
2024-02-16,3488.0,3626.05,3435.7,3584.75,796661.0,18.93
2024-02-19,3614.0,3724.95,3593.05,3708.9,592782.0,22.5
2024-02-20,3715.0,3766.0,3691.05,3708.05,450944.0,23.23
2024-02-21,3733.55,3756.0,3635.65,3653.95,515145.0,35.91
2024-02-22,3687.0,3687.0,3606.55,3668.0,343942.0,35.54
2024-02-23,3687.4,3715.0,3636.0,3676.95,211545.0,28.23
2024-02-26,3679.95,3705.0,3623.75,3663.6,239475.0,23.3
2024-02-27,3664.9,3749.9,3652.5,3720.25,655889.0,27.33
2024-02-28,3731.7,3758.0,3650.0,3660.05,342279.0,19.35
2024-02-29,3677.9,3788.9,3640.0,3763.8,546431.0,26.72
2024-03-01,3835.0,3877.85,3800.05,3819.75,722853.0,25.41
2024-03-04,3840.0,3844.0,3691.05,3707.7,269358.0,33.16
2024-03-05,3708.0,3736.75,3565.0,3575.95,336655.0,35.04
2024-03-06,3598.35,3598.35,3458.0,3515.4,534523.0,42.8
2024-03-07,3540.0,3625.0,3495.0,3616.95,542988.0,41.24
2024-03-08,3540.0,3625.0,3495.0,3616.95,542988.0,41.24
2024-03-11,3616.95,3628.35,3511.1,3532.75,213718.0,30.62
2024-03-12,3555.5,3576.95,3430.8,3446.35,348176.0,36.91
2024-03-13,3446.35,3493.7,3175.0,3210.6,762374.0,45.49
2024-03-14,3210.1,3265.85,3155.1,3216.15,595219.0,33.31
2024-03-15,3183.3,3277.45,3075.25,3258.55,787839.0,23.11
2024-03-18,3220.0,3273.95,3150.0,3195.1,583559.0,36.14
2024-03-19,3208.0,3233.7,3170.25,3178.55,323315.0,24.12
2024-03-20,3200.0,3231.0,3174.0,3205.15,364861.0,47.06
2024-03-21,3233.3,3300.7,3225.05,3279.55,421781.0,36.65
2024-03-22,3277.0,3360.85,3260.05,3336.85,419006.0,30.32
2024-03-25,3277.0,3360.85,3260.05,3336.85,419006.0,30.32
2024-03-26,3316.25,3382.0,3308.9,3361.9,367194.0,47.08
2024-03-27,3393.95,3410.0,3330.05,3356.8,266292.0,31.78
2024-03-28,3365.25,3394.65,3315.6,3349.6,331733.0,32.05
2024-03-29,3365.25,3394.65,3315.6,3349.6,331733.0,32.05
2024-04-01,3330.0,3577.0,3310.0,3562.2,763281.0,25.35
2024-04-02,3540.05,3598.0,3540.05,3575.9,338825.0,32.65
2024-04-03,3565.0,3586.9,3501.2,3573.9,380237.0,20.93
2024-04-04,3596.05,3645.0,3528.15,3590.5,692363.0,18.68
2024-04-05,3590.05,3600.0,3535.0,3563.7,228265.0,33.1
2024-04-08,3595.0,3635.0,3572.05,3597.0,414622.0,51.55
2024-04-09,3629.95,3742.5,3575.05,3732.1,998650.0,30.5
2024-04-10,3781.9,3986.15,3747.2,3903.95,2976414.0,23.83
2024-04-11,3781.9,3986.15,3747.2,3903.95,2976414.0,23.83
2024-04-12,3884.05,4072.6,3807.0,3818.25,2420397.0,22.04
2024-04-15,3795.0,3809.65,3660.2,3727.05,1379871.0,33.0
2024-04-16,3700.0,3802.05,3662.35,3745.0,783497.0,19.42
2024-04-17,3700.0,3802.05,3662.35,3745.0,783497.0,19.42
2024-04-18,3776.5,3939.0,3765.3,3890.4,1371020.0,20.12
2024-04-19,3870.0,3892.35,3780.6,3792.15,717960.0,20.95
2024-04-22,3855.0,3959.0,3822.0,3903.25,1087777.0,25.48
2024-04-23,3930.0,4048.05,3917.7,4022.1,1902890.0,35.9
2024-04-24,3900.0,3913.3,3713.3,3839.45,3552250.0,20.99
2024-04-25,3855.0,4185.0,3824.85,4160.85,4495144.0,13.48
2024-04-26,4160.85,4270.0,4145.05,4167.8,1384923.0,14.42
2024-04-29,4160.0,4169.95,3897.55,4066.4,2093052.0,18.01
2024-04-30,4100.0,4146.4,4082.2,4109.0,692773.0,19.45
2024-05-01,4100.0,4146.4,4082.2,4109.0,692773.0,19.45
2024-05-02,4115.9,4149.7,4072.9,4081.3,356478.0,29.47
2024-05-03,4117.0,4121.1,3987.15,4009.45,408485.0,30.78
2024-05-06,4038.0,4103.9,3951.05,4047.3,512125.0,21.19
2024-05-07,4069.6,4069.6,3822.5,3912.7,577348.0,25.58
2024-05-08,3912.7,3952.3,3885.0,3903.95,349266.0,23.23
2024-05-09,3903.95,3930.0,3733.2,3759.05,427559.0,33.56
2024-05-10,3777.0,3857.55,3745.5,3819.5,371277.0,28.34
2024-05-13,3835.9,3875.9,3683.25,3849.2,422627.0,17.44
2024-05-14,3864.0,3880.95,3825.7,3863.55,173908.0,25.92
2024-05-15,3895.0,3963.8,3872.0,3900.45,373350.0,29.87
2024-05-16,3940.0,3955.0,3873.2,3924.35,253158.0,33.97
2024-05-17,3959.8,4039.4,3906.9,4024.7,438737.0,28.74
2024-05-20,4020.0,4074.0,4010.9,4042.5,82226.0,52.88
2024-05-21,4050.0,4050.0,3830.0,3838.25,840776.0,36.07
2024-05-22,3878.0,3878.0,3738.0,3776.05,560957.0,31.53
2024-05-23,3799.65,3799.85,3677.05,3757.2,702441.0,34.68
2024-05-24,3758.0,3833.85,3742.0,3756.2,424982.0,27.29
2024-05-27,3769.95,3854.0,3720.6,3808.2,552950.0,29.61
2024-05-28,3840.0,3882.95,3755.05,3774.55,543313.0,28.64
2024-05-29,3779.7,3809.0,3710.7,3748.7,328175.0,29.4
2024-05-30,3739.0,3739.0,3594.0,3606.45,591127.0,31.76
2024-05-31,3648.0,3676.0,3600.0,3631.35,330568.0,32.48
2024-06-03,3809.0,3814.95,3637.0,3647.3,907531.0,55.17
2024-06-04,3647.7,3647.7,2917.85,3219.0,2683005.0,42.38
2024-06-05,3289.95,3544.7,3175.5,3507.45,1063618.0,32.34
2024-06-06,3551.8,3581.0,3472.5,3484.85,623408.0,46.88
2024-06-07,3484.85,3656.2,3465.8,3631.8,598130.0,24.69
2024-06-10,3649.95,3696.1,3612.15,3645.5,256270.0,28.37
2024-06-11,3647.2,3744.7,3633.35,3698.95,469422.0,32.11
2024-06-12,3711.6,3844.6,3705.6,3793.15,684154.0,29.45
2024-06-13,3799.95,3895.0,3799.95,3880.5,579644.0,29.45
2024-06-14,3898.05,3956.0,3832.95,3909.9,477709.0,31.99
2024-06-17,3898.05,3956.0,3832.95,3909.9,477709.0,31.99
2024-06-18,3948.6,3948.6,3861.0,3914.1,239803.0,29.15
2024-06-19,3928.0,3956.05,3860.0,3868.45,192670.0,32.53
2024-06-20,3878.0,3878.0,3815.2,3851.05,205916.0,36.65
2024-06-21,3851.05,3900.9,3785.75,3808.85,292229.0,33.67
2024-06-24,3810.1,3852.0,3726.3,3828.4,282096.0,33.98
2024-06-25,3849.0,3979.9,3812.05,3941.6,672592.0,34.63
2024-06-26,3950.0,3955.85,3797.0,3805.05,391854.0,39.52
2024-06-27,3805.05,3884.0,3711.6,3862.6,711819.0,33.37
2024-06-28,3875.0,4043.0,3870.15,3923.9,1025491.0,22.85
2024-07-01,3939.95,3939.95,3877.3,3900.95,254696.0,22.75
2024-07-02,3888.2,3910.8,3809.0,3874.85,466344.0,45.51
2024-07-03,3880.0,3945.0,3871.15,3934.25,332470.0,30.43
2024-07-04,3934.25,3981.0,3864.0,3936.7,331081.0,29.09
2024-07-05,3936.7,4014.8,3901.0,3984.3,479737.0,34.5
2024-07-08,3998.9,4000.0,3900.3,3946.9,257252.0,42.37
2024-07-09,3939.85,4036.6,3803.3,3878.3,650121.0,32.23
2024-07-10,3860.0,3869.4,3680.0,3717.95,1656236.0,53.22
2024-07-11,3725.0,3776.9,3700.6,3759.4,368803.0,42.53
2024-07-12,3780.0,3807.0,3730.0,3771.35,549537.0,55.76
2024-07-15,3772.0,3936.35,3767.75,3904.85,657168.0,38.59
2024-07-16,3904.85,3974.0,3878.0,3950.55,406252.0,42.89
2024-07-17,3904.85,3974.0,3878.0,3950.55,406252.0,42.89
2024-07-18,3950.55,4093.05,3888.0,4067.85,716346.0,32.11
2024-07-19,4025.0,4039.95,3805.3,3824.15,1139709.0,42.81
2024-07-22,3815.4,3870.0,3763.05,3805.8,481512.0,48.54
2024-07-23,3810.05,3965.0,3620.3,3916.35,919312.0,23.88
2024-07-24,3900.0,4153.45,3885.0,4066.6,1507246.0,28.73
2024-07-25,4049.85,4203.0,4021.0,4183.8,733753.0,33.62
2024-07-26,4185.0,4244.0,4104.55,4140.0,540453.0,27.21
2024-07-29,4175.0,4288.9,4155.4,4202.5,882407.0,20.32
2024-07-30,4225.0,4324.9,4190.25,4202.15,902442.0,33.03
2024-07-31,4203.05,4346.85,4125.0,4289.7,1357158.0,38.75
2024-08-01,4328.0,4400.0,4267.35,4380.55,731209.0,36.78
2024-08-02,4269.0,4379.95,4232.3,4330.4,537096.0,32.17
2024-08-05,4151.55,4299.9,4130.75,4198.85,752232.0,31.71
2024-08-06,4250.0,4303.8,4130.05,4148.65,346248.0,22.93
2024-08-07,4225.0,4299.0,4170.05,4288.3,245749.0,23.32
2024-08-08,4276.0,4353.9,4160.35,4213.0,600310.0,16.9
2024-08-09,4310.0,4433.1,4281.15,4377.95,1475632.0,38.76
2024-08-12,4390.0,4465.0,4345.0,4427.7,576311.0,27.97
2024-08-13,4427.0,4427.0,4345.95,4357.55,242129.0,35.16
2024-08-14,4368.0,4401.7,4302.0,4379.55,327694.0,38.15
2024-08-15,4368.0,4401.7,4302.0,4379.55,327694.0,38.15
2024-08-16,4379.55,4669.0,4379.05,4636.35,1183924.0,27.56
2024-08-19,4630.0,4784.4,4630.0,4771.8,647628.0,23.8
2024-08-20,4787.0,4914.8,4759.25,4774.35,925059.0,32.78
2024-08-21,4774.8,4821.0,4746.65,4798.35,255804.0,24.03
2024-08-22,4803.95,4833.6,4763.2,4778.85,358954.0,49.95
2024-08-23,4790.9,4935.4,4741.55,4858.2,571515.0,20.77
2024-08-26,4890.9,4935.0,4860.5,4881.35,304933.0,31.58
2024-08-27,4895.0,4910.0,4836.5,4855.45,173192.0,25.24
2024-08-28,4875.9,5010.0,4863.05,4978.7,658881.0,26.47
2024-08-29,4965.0,5019.0,4923.15,5004.75,364672.0,23.52
2024-08-30,5040.0,5234.6,4990.0,5182.8,961029.0,17.0
2024-09-02,5209.85,5268.0,5142.05,5165.75,368788.0,20.1
2024-09-03,5169.0,5222.0,5125.6,5207.6,252062.0,43.2
2024-09-04,5174.95,5364.9,5150.0,5351.95,707129.0,20.87
2024-09-05,5325.0,5422.2,5322.3,5395.85,393168.0,19.92
2024-09-06,5375.0,5419.0,5304.1,5377.05,325558.0,27.72
2024-09-09,5359.95,5382.1,5211.6,5261.3,306456.0,38.6
2024-09-10,5288.0,5311.8,5217.1,5230.0,228209.0,40.04
2024-09-11,5230.0,5338.4,5225.05,5295.8,353119.0,33.16
2024-09-12,5325.0,5408.9,5252.0,5273.55,317630.0,31.28
2024-09-13,5305.0,5350.0,5282.0,5308.8,216088.0,29.88
2024-09-16,5328.0,5718.65,5320.0,5592.7,1571426.0,17.17
2024-09-17,5593.1,5707.7,5541.0,5653.35,691980.0,20.79
2024-09-18,5669.9,5966.55,5660.15,5807.1,1709406.0,15.58
2024-09-19,5828.7,5899.0,5547.0,5722.9,856508.0,21.62
2024-09-20,5754.0,5834.65,5745.65,5804.15,407689.0,32.99
2024-09-23,5815.0,5899.0,5745.8,5874.55,389707.0,29.24
2024-09-24,5856.1,6014.4,5790.0,5879.35,410310.0,19.87
2024-09-25,6000.0,6035.45,5750.35,5778.35,865156.0,17.67
2024-09-26,5800.0,5813.45,5630.0,5715.65,387467.0,31.36
2024-09-27,5715.65,5796.5,5646.15,5702.9,183007.0,31.74
2024-09-30,5718.0,5771.9,5642.0,5660.3,207090.0,40.99
2024-10-01,5700.0,5879.55,5700.0,5828.6,359425.0,25.76
2024-10-02,5700.0,5879.55,5700.0,5828.6,359425.0,25.76
2024-10-03,5750.0,5977.2,5740.0,5784.7,470204.0,26.92
2024-10-04,5795.0,5949.85,5692.9,5805.15,482350.0,27.52
2024-10-07,5857.95,5881.0,5677.45,5771.65,318040.0,36.67
2024-10-08,5771.7,6031.0,5760.3,6002.45,521875.0,41.56
2024-10-09,6049.95,6134.95,5958.55,6101.4,419485.0,41.61
2024-10-10,6127.5,6219.0,6119.45,6193.15,387207.0,39.6
2024-10-11,6223.9,6441.95,6204.9,6410.55,588320.0,33.11
2024-10-14,6443.8,6536.0,6395.0,6504.5,393197.0,30.16
2024-10-15,6533.95,6547.75,6424.4,6511.0,432285.0,52.54
2024-10-16,6450.0,6590.0,6401.0,6428.3,471577.0,29.57
2024-10-17,6438.7,6479.85,6318.55,6341.45,316181.0,20.06
2024-10-18,6305.0,6605.95,6280.55,6561.15,534592.0,34.88
2024-10-21,6645.65,6680.0,6434.95,6629.0,958948.0,22.22
2024-10-22,6640.0,6698.4,6395.0,6431.05,568826.0,25.79
2024-10-23,6416.0,6809.45,6416.0,6686.05,659515.0,26.92
2024-10-24,6700.0,6734.0,6503.2,6649.3,486409.0,34.61
2024-10-25,6646.4,6679.35,6340.0,6487.55,536368.0,34.58
2024-10-28,6499.0,6604.95,6386.05,6565.4,376002.0,29.38
2024-10-29,6587.9,6870.0,6496.05,6824.75,842278.0,40.85
2024-10-30,6850.0,6864.75,6222.0,6390.35,1085926.0,20.61
2024-10-31,6405.5,6541.6,6345.7,6515.9,658025.0,41.25
2024-11-01,6540.05,6617.85,6363.3,6489.35,64995.0,28.79
2024-11-04,6485.05,6485.05,6215.45,6457.25,653085.0,38.71
2024-11-05,6400.0,6580.0,6137.0,6538.8,974680.0,26.5
2024-11-06,6538.0,6599.1,6402.0,6456.75,373353.0,36.52
2024-11-07,6465.0,6520.0,6311.9,6422.6,322044.0,26.96
2024-11-08,6450.0,6530.0,6376.7,6413.1,234608.0,28.73
2024-11-11,6381.15,6480.0,6330.0,6405.05,181391.0,47.36
2024-11-12,6420.0,6447.45,6076.8,6104.35,403189.0,44.73
2024-11-13,6001.5,6145.0,5910.65,5949.15,361849.0,42.9
2024-11-14,5959.95,6115.0,5920.2,5950.65,223201.0,35.02
2024-11-18,5940.0,6000.0,5820.8,5909.3,342360.0,49.98
2024-11-19,5950.0,6154.0,5930.15,6106.35,386284.0,43.3
2024-11-20,5950.0,6154.0,5930.15,6106.35,386284.0,43.3
2024-11-21,6140.0,6248.0,6033.0,6166.5,389872.0,35.13
2024-11-22,6195.0,6249.95,6159.8,6196.0,160161.0,42.25
2024-11-25,6256.3,6305.6,6100.0,6116.1,324955.0,56.29
2024-11-26,6116.1,6159.8,6017.0,6033.6,242880.0,51.05
2024-11-27,6036.9,6137.95,6006.3,6113.25,183559.0,37.4
2024-11-28,6159.6,6224.0,6062.25,6103.65,232613.0,45.21
2024-11-29,6060.1,6235.0,6054.2,6185.35,242679.0,49.3
2024-12-02,6225.0,6381.95,6205.0,6323.0,304359.0,43.52
2024-12-03,6322.0,6361.6,6139.5,6216.5,262434.0,41.89
2024-12-04,6264.95,6331.75,6180.0,6315.75,236134.0,44.74
2024-12-05,6331.0,6517.55,6291.4,6488.25,527294.0,41.92
2024-12-06,6529.9,7048.6,6425.8,6920.0,1279137.0,22.1
2024-12-09,6974.7,7010.0,6810.1,6849.4,397200.0,35.03
2024-12-10,6869.0,6869.0,6630.0,6676.1,352297.0,49.13
2024-12-11,6705.55,6751.0,6644.55,6706.45,283785.0,51.51
2024-12-12,6740.0,6843.95,6656.0,6674.05,275063.0,38.77
2024-12-13,6650.0,6656.0,6439.0,6569.35,281374.0,38.98
2024-12-16,6588.0,6742.0,6523.55,6706.75,255534.0,37.77
2024-12-17,6706.75,6790.0,6655.0,6750.55,225616.0,41.58
2024-12-18,6730.0,6789.9,6571.1,6698.0,209082.0,37.05
2024-12-19,6575.0,6724.7,6499.25,6686.35,202080.0,35.68
2024-12-20,6700.0,6700.0,6327.7,6397.4,280507.0,37.15
2024-12-23,6400.05,6461.4,6300.9,6373.3,218318.0,38.66
2024-12-24,6375.0,6475.0,6301.0,6342.35,151325.0,27.84
2024-12-25,6375.0,6475.0,6301.0,6342.35,151325.0,27.84
2024-12-26,6369.9,6380.5,6286.45,6352.65,171743.0,41.51
2024-12-27,6352.65,6432.6,6325.15,6341.2,154256.0,39.25
2024-12-30,6341.2,6432.2,6292.5,6341.35,267005.0,45.12
2024-12-31,6301.0,6339.0,6192.05,6234.1,303054.0,44.86
2025-01-01,6240.0,6299.2,6180.5,6286.1,163387.0,41.92
2025-01-02,6308.0,6350.0,6211.05,6339.35,161467.0,40.16
2025-01-03,6339.35,6413.4,6140.0,6160.85,281020.0,39.51
2025-01-06,6171.0,6199.85,5795.15,5813.35,351287.0,36.79
2025-01-07,5826.95,6056.8,5736.6,6025.15,355119.0,31.53
2025-01-08,6025.15,6025.55,5835.15,5938.5,312982.0,42.68
2025-01-09,5929.05,5998.8,5842.0,5856.5,168723.0,43.99
2025-01-10,5852.6,5864.0,5622.35,5635.85,267025.0,47.08
2025-01-13,5501.05,5689.0,5496.8,5566.6,552543.0,47.54
2025-01-14,5575.05,5725.0,5575.05,5694.05,341931.0,53.12
2025-01-15,5710.0,6012.3,5710.0,5957.05,550299.0,25.61
2025-01-16,6010.75,6187.95,6010.75,6102.95,353142.0,33.65
2025-01-17,6102.95,6122.6,5971.4,6034.9,236653.0,30.93
2025-01-20,6070.0,6085.2,5937.0,6026.9,224559.0,36.85
2025-01-21,5950.0,5950.0,5301.3,5504.95,2045958.0,25.7
2025-01-22,5559.9,5753.9,5450.0,5724.35,1540736.0,26.39
2025-01-23,5724.35,5950.0,5701.1,5860.0,611014.0,27.19
2025-01-24,5860.0,5909.95,5712.3,5739.5,347757.0,38.38
2025-01-27,5699.8,5699.8,5520.5,5584.7,406169.0,29.51
2025-01-28,5664.65,5674.95,5388.1,5531.15,554032.0,31.24
2025-01-29,5550.0,5730.0,5515.5,5701.9,336054.0,29.89
2025-01-30,5758.9,5760.0,5581.6,5599.3,366712.0,40.05
2025-01-31,5600.0,5757.0,5587.55,5732.95,277503.0,29.69
2025-02-03,5700.0,5718.4,5577.05,5681.15,199882.0,41.24
2025-02-04,5725.0,5900.0,5640.0,5857.7,311531.0,42.41
2025-02-05,5901.4,6125.0,5901.4,6096.6,515476.0,33.17
2025-02-06,6100.0,6189.9,6004.25,6022.1,243777.0,23.93
2025-02-07,6000.7,6113.3,5955.0,6001.75,216509.0,27.69
2025-02-10,6001.75,6013.5,5748.05,5785.4,185166.0,37.74
2025-02-11,5781.0,5785.4,5418.0,5491.5,431477.0,43.9
2025-02-12,5513.0,5669.95,5350.2,5547.95,481804.0,43.81
2025-02-13,5589.8,5759.7,5545.55,5610.9,250997.0,27.2
2025-02-14,5659.85,5670.0,5381.1,5443.7,244194.0,30.14
2025-02-17,5430.3,5575.0,5285.65,5550.5,271684.0,23.11
2025-02-18,5527.5,5568.25,5360.0,5438.4,379403.0,46.2
2025-02-19,5438.4,5678.95,5377.0,5636.5,348577.0,26.92
2025-02-20,5634.0,5738.8,5601.5,5689.25,300653.0,35.47
2025-02-21,5670.0,5775.1,5500.45,5588.65,316241.0,30.26
2025-02-24,5523.35,5579.95,5469.0,5541.35,211980.0,30.48
2025-02-25,5541.35,5620.0,5479.75,5497.55,291435.0,42.73
2025-02-27,5519.5,5519.9,5328.05,5371.95,470666.0,51.18
2025-02-28,5333.4,5389.8,4945.75,4991.65,778948.0,41.08
2025-03-03,5000.05,5041.8,4693.6,4715.15,876082.0,48.14
2025-03-04,4625.1,4705.2,4552.1,4616.1,679875.0,37.12
2025-03-05,4600.05,4754.6,4528.85,4703.6,553302.0,33.02
2025-03-06,4754.0,4813.0,4639.95,4662.7,341857.0,25.56
2025-03-07,4641.2,4769.0,4626.75,4664.05,379704.0,32.0
2025-03-10,4664.05,4739.8,4490.0,4520.55,381754.0,42.84
2025-03-11,4452.35,4707.1,4408.15,4686.4,493778.0,29.58
2025-03-12,4724.9,4795.0,4656.1,4773.45,344841.0,25.53
2025-03-13,4775.0,4850.0,4640.0,4808.45,394489.0,21.71
2025-03-17,4850.0,5056.3,4804.0,4960.0,842165.0,19.45
2025-03-18,5010.0,5134.5,4975.0,5113.95,425976.0,25.62
2025-03-19,5120.0,5225.9,5090.7,5207.85,541820.0,25.3
2025-03-20,5249.65,5448.2,5160.1,5384.1,736624.0,29.03
2025-03-21,5383.9,5489.95,5364.1,5464.1,370131.0,19.86
2025-03-24,5490.0,5539.0,5375.2,5392.9,344019.0,27.82
2025-03-25,5420.0,5436.6,5141.0,5156.15,400541.0,27.2
2025-03-26,5166.15,5204.85,5077.0,5141.9,424481.0,36.61
2025-03-27,5147.95,5283.05,5105.1,5245.85,421964.0,22.38
2025-03-28,5300.0,5491.0,5267.75,5311.75,811402.0,13.99
2025-04-01,5349.95,5431.4,5215.35,5227.9,496789.0,38.34
2025-04-02,5249.95,5430.0,5185.95,5372.5,470022.0,24.32
2025-04-03,5369.0,5369.5,5214.0,5334.6,239962.0,20.3
2025-04-04,5334.05,5340.9,5012.0,5026.8,337935.0,32.72
2025-04-07,4535.0,5030.0,4535.0,4989.6,694994.0,32.49
2025-04-08,5110.45,5279.1,5110.45,5199.4,697493.0,33.44
2025-04-09,5199.4,5249.05,5069.85,5221.05,403937.0,33.56
2025-04-11,5325.45,5458.0,5260.0,5441.45,436937.0,29.45
2025-04-15,5550.0,5617.0,5476.5,5581.5,469793.0,29.64
2025-04-16,5600.0,5664.0,5538.5,5628.0,386275.0,32.49
2025-04-17,5628.0,5741.0,5603.5,5668.5,530485.0,40.93
2025-04-21,5700.0,5958.0,5648.0,5942.0,732240.0,35.99
2025-04-22,6000.0,6089.0,5942.0,5977.5,567756.0,34.99
2025-04-23,6000.0,6213.5,5909.0,6138.0,492531.0,23.87
2025-04-24,6160.0,6270.0,6113.0,6225.5,404674.0,25.05
2025-04-25,6256.0,6350.0,5922.0,6052.5,670041.0,26.24
2025-04-28,6065.0,6214.5,6060.5,6171.0,283573.0,19.95
2025-04-29,6201.5,6322.0,6201.5,6227.5,336200.0,35.37
2025-04-30,6200.0,6225.0,6086.5,6128.0,179375.0,31.96
2025-05-02,6151.0,6417.0,6151.0,6266.5,780819.0,24.09
2025-05-05,6315.0,6331.0,6205.0,6265.0,291790.0,24.03
2025-05-06,6294.0,6336.0,5980.0,6000.0,412309.0,47.53
2025-05-07,5950.0,6217.5,5950.0,6057.0,595724.0,39.97
2025-05-08,6119.0,6224.5,5951.0,6004.5,623980.0,36.85
2025-05-09,5820.0,5841.0,5600.0,5670.5,1496526.0,34.27
2025-05-12,5924.5,6134.0,5778.5,6061.5,944834.0,30.88
2025-05-13,6045.0,6048.0,5915.0,5937.5,571040.0,36.25
2025-05-14,5985.0,6229.5,5918.0,6202.5,867421.0,40.61
2025-05-15,6242.0,6283.5,6154.5,6204.5,401156.0,33.46
2025-05-16,6250.0,6508.5,6210.0,6450.0,738179.0,31.45
2025-05-19,6450.0,6558.0,6345.5,6476.5,457933.0,25.01
2025-05-20,6534.5,6541.0,6310.5,6334.5,339225.0,30.02
2025-05-21,6375.0,6435.0,6294.5,6370.5,249385.0,17.85
2025-05-22,6381.0,6409.0,6252.0,6370.0,328276.0,20.64
2025-05-23,6399.5,6550.0,6315.0,6492.5,444188.0,23.55
2025-05-26,6520.0,6563.0,6418.5,6457.0,267519.0,23.46
2025-05-27,6469.5,6472.5,6390.5,6423.5,177772.0,24.47
2025-05-28,6450.0,6517.0,6422.0,6464.0,211806.0,26.03
2025-05-29,6465.0,6665.0,6464.5,6572.5,590932.0,38.62
2025-05-30,6592.0,6706.0,6580.0,6602.0,376452.0,31.84
2025-06-02,6610.0,6771.5,6561.0,6699.0,502799.0,21.09
2025-06-03,6749.5,6946.0,6725.5,6832.5,656764.0,29.56
2025-06-04,6895.5,6970.5,6785.5,6870.5,562623.0,23.64
2025-06-05,6925.0,7145.0,6896.0,7099.0,657268.0,30.57
2025-06-06,7140.5,7531.0,7109.0,7418.0,1665660.0,23.09
2025-06-09,7568.5,7983.5,7521.5,7955.5,2526757.0,18.19
2025-06-10,7994.0,8008.5,7752.5,7890.5,1002432.0,19.81
2025-06-11,7900.0,7945.0,7567.5,7676.0,965462.0,24.44
2025-06-12,7560.0,7684.5,7477.0,7511.0,800082.0,21.37
2025-06-13,7372.0,7688.5,7372.0,7557.5,877387.0,17.28
2025-06-16,7622.0,7847.5,7613.5,7827.5,1101267.0,18.85
2025-06-17,7842.0,8021.5,7752.5,7925.5,1151450.0,23.59
2025-06-18,7944.0,8029.5,7873.0,7936.5,785421.0,22.9
2025-06-19,7970.0,7970.0,7736.0,7763.5,645453.0,26.85
2025-06-20,7767.0,8107.5,7705.5,8085.0,1007130.0,22.65
2025-06-23,8050.0,8343.0,8035.5,8292.0,954872.0,20.24
2025-06-24,8350.0,8365.0,8056.0,8216.0,857317.0,18.09
2025-06-25,8325.0,8808.0,8284.5,8662.0,2781460.0,13.04
2025-06-26,8664.0,8888.0,8600.0,8839.0,1139514.0,27.35
2025-06-27,8860.0,9075.0,8790.5,8856.5,1736728.0,18.01
2025-06-30,8875.5,9036.0,8875.5,8944.0,677789.0,26.61
2025-07-01,8976.5,9115.0,8860.0,9060.5,1007590.0,29.02
2025-07-02,9070.0,9108.5,8900.5,8935.0,664773.0,43.93
2025-07-03,8937.0,9074.5,8937.0,9002.5,649067.0,40.61
2025-07-04,9030.0,9030.0,8821.0,8884.5,512742.0,42.67
2025-07-07,8888.0,8920.0,8725.0,8746.5,531817.0,48.88
2025-07-08,8777.0,8825.5,8370.5,8496.0,990988.0,29.98
2025-07-09,8520.0,8575.0,8413.0,8442.0,802866.0,54.61
2025-07-10,8472.0,8520.0,8298.5,8331.5,653546.0,48.84
2025-07-11,8301.0,8320.0,8022.5,8048.0,703899.0,39.83
2025-07-14,8075.0,8314.0,8068.0,8209.0,692083.0,32.49
2025-07-15,8280.0,8355.0,8215.5,8322.0,411363.0,26.51
2025-07-16,8323.0,8400.5,8263.0,8380.5,521821.0,50.65
2025-07-17,8421.0,8443.0,8225.0,8259.5,346386.0,36.14
2025-07-18,8259.0,8268.5,8115.0,8235.0,265621.0,23.68
2025-07-21,8239.0,8325.0,8161.0,8249.0,356644.0,34.37
2025-07-22,8305.0,8343.5,8136.0,8153.5,540533.0,53.48
2025-07-23,8190.0,8275.0,8055.0,8261.5,393558.0,36.48
2025-07-24,8260.0,8271.5,8135.5,8242.5,300326.0,41.25
2025-07-25,8165.0,8235.0,8008.0,8040.0,306073.0,36.14
2025-07-28,8020.0,8020.0,7703.0,7731.5,459623.0,29.57
2025-07-29,7724.0,7864.5,7614.0,7839.5,469132.0,37.0
2025-07-30,7888.0,7908.5,7763.0,7787.0,268980.0,32.2
2025-07-31,7745.5,7846.0,7650.0,7693.0,297154.0,38.23
2025-08-01,7694.0,7720.0,7534.5,7595.5,383086.0,22.56
2025-08-04,7809.5,8060.0,7757.0,7977.5,1376194.0,18.85
2025-08-05,7981.0,7981.0,7680.0,7877.0,882130.0,22.33
2025-08-06,7898.0,7898.0,7725.0,7743.0,342792.0,22.84
2025-08-07,7714.5,7899.5,7701.0,7885.0,405677.0,32.54
2025-08-08,7900.0,7909.5,7655.5,7712.5,323672.0,38.72
2025-08-11,7724.0,7966.5,7692.5,7947.0,333961.0,24.94
2025-08-12,7965.0,8230.0,7914.5,8151.5,765567.0,33.32
2025-08-13,8223.5,8365.0,8196.5,8339.0,446820.0,23.31
2025-08-14,8360.0,8387.5,8076.0,8148.5,440420.0,22.64
2025-08-18,8300.0,8439.5,8250.5,8309.0,408805.0,29.69
2025-08-19,8310.0,8339.5,8165.0,8295.0,405089.0,27.75
2025-08-20,8295.0,8303.5,8195.0,8224.0,222774.0,31.61
2025-08-21,8250.0,8254.0,7892.5,7927.0,680912.0,36.35
2025-08-22,7928.0,8080.0,7923.0,7960.0,470289.0,30.87
2025-08-25,8000.0,8079.5,7953.5,8003.0,305299.0,34.3
2025-08-26,8000.0,8000.0,7672.5,7692.0,492826.0,34.32
2025-08-28,7692.0,7715.5,7383.0,7401.5,455408.0,33.01
2025-08-29,7387.0,7463.0,7304.0,7390.0,644963.0,41.53
2025-09-01,7444.0,7819.5,7438.0,7793.0,673651.0,20.54
2025-09-02,7831.5,7849.0,7635.0,7645.5,504393.0,19.81
2025-09-03,7693.5,7720.0,7528.0,7707.5,429971.0,30.84
2025-09-04,7760.5,7789.5,7608.0,7643.5,414502.0,43.69
2025-09-05,7681.5,7744.5,7575.5,7605.5,253775.0,22.18
2025-09-08,7605.5,7745.0,7573.5,7631.5,324772.0,39.12
2025-09-09,7650.0,7666.5,7480.0,7611.5,388218.0,25.04
2025-09-10,7669.5,7779.0,7581.0,7619.0,343685.0,26.23
2025-09-11,7629.5,7638.0,7526.0,7570.5,444291.0,42.61
2025-09-12,7550.5,7811.0,7550.5,7728.5,479589.0,35.24
2025-09-15,7772.0,7898.5,7737.0,7756.5,355575.0,38.93
2025-09-16,7760.0,7769.5,7607.0,7645.5,498845.0,58.04
2025-09-17,7683.0,8035.0,7683.0,7918.5,1288895.0,35.47
2025-09-18,7969.0,8020.0,7931.0,7999.0,451691.0,28.58
2025-09-19,8000.0,8107.0,7935.0,8051.5,876864.0,39.39
2025-09-22,8049.0,8125.5,7950.5,7989.5,377442.0,32.96
2025-09-23,7989.5,8060.0,7870.0,8038.5,321812.0,27.48
2025-09-24,8055.0,8118.0,7922.5,7955.5,435912.0,42.49
2025-09-25,7990.5,8095.5,7926.0,8023.0,328104.0,38.65
2025-09-26,8024.0,8089.5,7861.0,7920.5,390552.0,39.91
2025-09-29,7998.0,8075.0,7916.5,7940.0,427876.0,50.23
2025-09-30,7979.0,7983.0,7725.5,7796.0,362738.0,37.9
2025-10-01,7811.5,8015.0,7756.5,7998.5,376094.0,37.07
2025-10-03,8038.0,8214.5,7980.0,8145.0,480878.0,30.09
2025-10-06,8200.0,8275.0,8154.5,8192.0,323883.0,36.74
2025-10-07,8260.0,8330.0,8153.0,8209.0,337619.0,30.95
2025-10-08,8210.0,8273.0,8130.0,8189.0,225672.0,28.34
2025-10-09,8189.0,8748.5,8178.5,8706.0,1303330.0,25.47
2025-10-10,8706.0,8889.0,8615.0,8688.5,845205.0,31.24
2025-10-13,8700.0,8988.0,8700.0,8937.5,1147752.0,30.89
2025-10-14,9014.0,9460.0,9014.0,9397.5,2000223.0,22.95
2025-10-15,9560.0,9617.0,9425.0,9541.0,1015096.0,32.78
2025-10-16,9565.0,9585.5,9270.5,9330.5,840487.0,33.33
2025-10-17,9350.0,9492.5,9294.5,9328.5,604588.0,27.94
2025-10-20,9403.0,9411.0,9110.5,9195.0,493316.0,34.96
2025-10-21,9250.5,9275.0,9162.0,9187.0,73191.0,27.04
2025-10-22,9250.5,9275.0,9162.0,9187.0,73191.0,27.04
2025-10-23,9152.5,9348.0,9041.5,9259.0,593427.0,33.54
2025-10-24,9240.0,9258.0,8975.5,9003.5,417480.0,33.81
2025-10-27,9004.0,9335.0,8983.5,9305.5,635453.0,27.04
2025-10-28,9319.5,9328.0,9070.0,9116.5,581850.0,26.54
2025-10-29,9150.0,9198.0,9004.5,9175.5,419900.0,30.23
2025-10-30,9150.5,9173.5,9061.0,9101.5,194394.0,29.95
2025-10-31,9170.0,9310.0,9130.0,9243.5,479616.0,25.0
2025-11-03,9288.0,9624.0,9275.0,9526.5,809953.0,33.06
2025-11-04,9625.0,9625.0,9303.5,9325.5,465869.0,39.6
2025-11-05,9625.0,9625.0,9303.5,9325.5,465869.0,39.6
2025-11-06,9385.0,9405.0,9173.5,9250.5,462012.0,37.24
2025-11-07,9045.0,9505.0,8810.5,9430.5,1263077.0,23.72
2025-11-10,9420.0,9585.5,9327.5,9530.5,477313.0,26.02
2025-11-11,9550.5,9764.0,9431.0,9495.0,723848.0,28.14
2025-11-12,9550.0,9599.0,9378.5,9432.0,471381.0,31.83
2025-11-13,9485.0,9723.0,9465.0,9597.0,617697.0,19.84
2025-11-14,9575.0,9744.0,9439.5,9666.5,442979.0,22.58
2025-11-17,9718.0,9795.0,9640.0,9698.0,366759.0,23.76
2025-11-18,9748.0,9748.0,9607.0,9665.0,342564.0,28.43
2025-11-19,9665.0,9839.0,9650.0,9799.0,477308.0,31.14
2025-11-20,9866.0,9975.0,9810.0,9858.5,537216.0,33.92
2025-11-21,9825.0,9850.0,9649.5,9683.0,398161.0,38.44
2025-11-24,9710.5,9889.5,9655.0,9865.5,449855.0,35.48
2025-11-25,9900.0,9955.0,9816.0,9867.0,301328.0,25.02
2025-11-26,9888.0,10311.0,9881.0,10283.0,810234.0,26.14
2025-11-27,10310.5,10471.5,10258.5,10424.5,568790.0,24.13
2025-11-28,10430.0,10460.0,9951.0,10073.5,918982.0,31.76
2025-12-01,10200.0,10308.0,10137.0,10210.0,427516.0,31.71
2025-12-02,10214.0,10350.0,10180.0,10219.0,325994.0,39.88
2025-12-03,10225.0,10348.0,10037.0,10138.0,494222.0,39.32
2025-12-04,10219.0,10308.0,9982.0,10121.0,682735.0,29.1
2025-12-05,10134.0,10359.0,10134.0,10343.0,396553.0,33.16
2025-12-08,10389.0,10516.0,10141.0,10183.0,494878.0,35.9
2025-12-09,10185.0,10377.0,9950.0,10358.0,520130.0,40.93
2025-12-10,10370.0,10398.0,9768.0,9864.0,481705.0,43.63
2025-12-11,9845.0,10056.0,9750.0,9938.0,479946.0,28.98
2025-12-12,10020.0,10188.0,9972.0,10162.0,443958.0,35.95
2025-12-15,10162.0,10260.0,10085.0,10186.0,258617.0,28.74
2025-12-16,10186.0,10230.0,10012.0,10164.0,348740.0,26.57
2025-12-17,10164.0,10219.0,9980.0,10025.0,278240.0,33.88
2025-12-18,10120.0,10247.0,9950.0,10172.0,378276.0,28.64
2025-12-19,10220.0,10365.0,10181.0,10307.0,471633.0,43.4
2025-12-22,10400.0,10847.0,10314.0,10821.0,723069.0,25.22
2025-12-23,10859.0,10928.0,10737.0,10828.0,499546.0,31.65
2025-12-24,10842.0,10934.0,10802.0,10825.0,296705.0,31.99
2025-12-25,10842.0,10934.0,10802.0,10825.0,296705.0,31.99
2025-12-26,10887.0,11110.0,10808.0,11052.0,408344.0,27.05
2025-12-29,11140.0,11219.0,10900.0,10937.0,456467.0,25.04
2025-12-30,10850.0,11038.0,10812.0,10889.0,564954.0,48.38
2025-12-31,11050.0,11198.0,10985.0,11136.0,437650.0,29.29
2026-01-01,11160.0,11160.0,10966.0,10989.0,264671.0,38.64
2026-01-02,2230.0,2278.0,2190.0,2216.0,3418580.0,44.25
2026-01-05,2225.0,2232.0,2176.0,2199.0,1638124.0,37.98
2026-01-06,2212.0,2270.0,2190.0,2246.0,2414137.0,40.62
2026-01-07,2251.0,2315.0,2236.0,2305.0,2484262.0,35.73
2026-01-08,2310.0,2338.0,2224.0,2231.0,2773533.0,44.78
2026-01-09,2224.0,2258.0,2174.0,2191.0,2446798.0,40.07
2026-01-12,2201.0,2249.0,2193.0,2235.0,1905600.0,35.37
2026-01-13,2249.0,2303.0,2239.0,2293.0,2810584.0,44.93
2026-01-14,2304.0,2445.0,2284.0,2417.0,5300087.0,39.84
2026-01-15,2304.0,2445.0,2284.0,2417.0,5300087.0,39.84
2026-01-16,2450.0,2499.0,2423.0,2446.0,3433035.0,35.89
2026-01-19,2455.0,2486.0,2418.0,2429.0,3253397.0,50.53
2026-01-20,2450.0,2454.0,2342.0,2373.0,4028731.0,44.92
2026-01-21,2380.0,2425.0,2306.0,2320.0,3776728.0,37.24
2026-01-22,2375.0,2411.0,2245.0,2314.0,4401399.0,38.39
2026-01-23,2337.0,2355.0,2272.0,2282.0,2959911.0,43.77
2026-01-26,2337.0,2355.0,2272.0,2282.0,2959911.0,43.77
2026-01-27,2385.0,2446.0,2301.0,2418.0,6439930.0,29.75
2026-01-28,2488.0,2605.0,2459.0,2593.0,7308758.0,38.23
2026-01-29,2650.0,2705.0,2628.0,2686.0,5308326.0,46.53
2026-01-30,2684.0,2684.0,2490.0,2528.0,7639727.0,50.19
2026-02-02,2212.7,2350.0,2125.5,2321.8,8631439.0,33.97
2026-02-03,2500.0,2553.9,2391.0,2434.1,10210272.0,44.71
2026-02-04,2460.0,2557.0,2450.0,2543.3,4065299.0,30.89
2026-02-05,2475.0,2477.9,2393.0,2410.4,5412056.0,42.32
2026-02-06,2380.0,2396.9,2327.9,2380.4,4957750.0,50.32
2026-02-09,2430.0,2457.1,2391.0,2434.9,3235535.0,38.7
2026-02-10,2447.0,2494.5,2435.0,2470.7,3096524.0,41.5
2026-02-11,2470.0,2470.0,2350.1,2372.8,6371079.0,46.82
2026-02-12,2376.0,2447.4,2339.6,2441.9,3463494.0,33.65
2026-02-13,2380.0,2404.4,2321.2,2340.6,3459271.0,32.01
2026-02-16,2240.0,2358.2,2168.0,2339.7,5065061.0,26.53
2026-02-17,2338.8,2344.6,2271.4,2283.2,3230251.0,42.7
2026-02-18,2281.2,2348.8,2280.0,2341.3,3261320.0,48.71
2026-02-19,2400.9,2436.0,2352.1,2361.2,3671027.0,25.66
2026-02-20,2372.1,2423.0,2366.2,2395.9,2937437.0,39.32
2026-02-23,2427.0,2450.0,2384.0,2396.2,1635978.0,27.5
2026-02-24,2385.0,2410.9,2373.0,2395.8,1777072.0,39.37
2026-02-25,2414.9,2484.9,2400.2,2449.2,2689531.0,41.72
2026-02-26,2456.4,2468.0,2377.5,2458.9,2765633.0,26.41
2026-02-27,2455.2,2482.0,2432.5,2443.3,2538434.0,45.06
2026-03-02,2427.0,2534.3,2425.3,2501.2,5390946.0,40.99
2026-03-03,2427.0,2534.3,2425.3,2501.2,5390946.0,40.99
2026-03-04,2494.2,2497.7,2432.6,2478.5,2931485.0,33.22
2026-03-05,2498.1,2572.1,2498.1,2553.5,3764228.0,44.7
2026-03-06,2562.0,2590.7,2522.8,2533.9,1832576.0,34.03
2026-03-09,2479.0,2587.9,2451.1,2577.1,4232863.0,28.28
2026-03-10,2605.0,2623.9,2562.1,2578.2,3351851.0,43.58
2026-03-11,2580.0,2608.0,2520.4,2531.6,2043024.0,41.52
2026-03-12,2512.7,2539.9,2466.9,2526.1,2510419.0,41.46
2026-03-13,2520.0,2544.0,2465.0,2498.8,2434350.0,40.3
2026-03-16,2474.0,2577.0,2440.8,2555.6,3474374.0,34.1
2026-03-17,2579.9,2681.0,2570.0,2671.8,4027322.0,34.76
2026-03-18,2680.0,2702.7,2575.1,2603.1,5748986.0,40.79
2026-03-19,2556.5,2624.4,2520.4,2530.4,4095995.0,41.75
2026-03-20,2550.0,2558.9,2396.8,2414.5,5214539.0,38.81
2026-03-23,2400.0,2402.5,2260.0,2314.4,6653727.0,48.05
2026-03-24,2383.8,2426.0,2291.0,2419.0,4100132.0,29.67
2026-03-25,2469.0,2497.7,2450.0,2465.1,3400803.0,40.26
2026-03-26,2469.0,2497.7,2450.0,2465.1,3400803.0,40.26
2026-03-27,2427.9,2487.0,2390.8,2398.2,7840574.0,60.6
2026-03-30,2371.2,2416.0,2345.0,2389.4,3743842.0,45.76
2026-03-31,2371.2,2416.0,2345.0,2389.4,3743842.0,45.76
2026-04-01,2449.9,2508.0,2440.3,2469.7,3749070.0,46.95
2026-04-02,2425.0,2449.0,2360.0,2443.0,2870777.0,39.25
2026-04-03,2425.0,2449.0,2360.0,2443.0,2870777.0,39.25
2026-04-06,2437.2,2570.0,2422.3,2549.0,3640729.0,37.92
2026-04-07,2525.0,2559.7,2485.0,2541.9,3664426.0,39.01
2026-04-08,2650.8,2655.0,2570.0,2596.3,4126660.0,36.39
2026-04-09,2600.0,2681.8,2576.5,2657.5,3860778.0,38.0
2026-04-10,2680.0,2708.8,2622.9,2669.4,3165287.0,37.14
2026-04-13,2650.0,2776.4,2629.0,2765.6,4807666.0,37.37
2026-04-14,2650.0,2776.4,2629.0,2765.6,4807666.0,37.37
2026-04-15,2844.9,2889.0,2812.2,2851.1,4612212.0,42.2
2026-04-16,2881.0,2903.0,2840.0,2862.2,3431999.0,48.37
2026-04-17,2884.0,2884.0,2780.0,2856.1,3924484.0,40.11
2026-04-20,2862.0,2895.0,2845.7,2859.1,2053838.0,40.7
2026-04-21,2857.0,2865.7,2815.2,2825.6,2126934.0,45.97
2026-04-22,2830.0,2834.8,2768.5,2783.2,2904468.0,47.24
2026-04-23,2771.0,2852.0,2765.5,2791.4,1914246.0,34.12
2026-04-24,2791.6,2813.3,2756.0,2760.9,2338789.0,45.7
2026-04-27,2786.5,2834.5,2773.8,2830.0,1697920.0,49.3
2026-04-28,2835.0,2915.0,2833.1,2898.0,1771034.0,38.36
2026-04-29,2911.9,2980.9,2862.0,2968.3,2698924.0,37.98
2026-04-30,2975.0,2985.1,2925.7,2971.5,2414520.0,44.91
2026-05-01,2975.0,2985.1,2925.7,2971.5,2414520.0,44.91
2026-05-04,3000.0,3041.0,2870.4,2912.9,2390500.0,34.13
2026-05-05,2920.0,2926.0,2867.0,2902.5,1752968.0,35.92
2026-05-06,2939.8,2989.4,2911.0,2973.2,1999829.0,42.85
2026-05-07,2989.4,3058.0,2962.5,3042.6,2366069.0,47.78
2026-05-08,3069.0,3136.0,3022.4,3097.8,3775007.0,41.13
2026-05-11,3120.0,3219.6,3042.5,3187.9,6246307.0,26.31
2026-05-12,3200.0,3256.0,3146.3,3156.9,4305796.0,42.32
2026-05-13,3249.0,3265.0,3131.0,3204.2,4279384.0,43.68
2026-05-14,3219.3,3364.0,3210.0,3339.1,3838705.0,34.18
2026-05-15,3366.5,3423.0,3350.0,3391.0,3403551.0,39.12
2026-05-18,3348.2,3369.0,3306.2,3348.4,2862332.0,41.75
2026-05-19,3363.9,3447.4,3331.5,3414.7,2730028.0,34.18
2026-05-20,3398.6,3451.9,3369.2,3441.7,2257155.0,47.13
2026-05-21,3470.0,3480.0,3308.0,3322.8,3460281.0,44.79
2026-05-22,3333.3,3357.3,3257.3,3269.9,2710869.0,37.31
2026-05-25,3300.0,3345.0,3240.0,3313.9,2400665.0,41.26
2026-05-26,3329.0,3347.0,3290.0,3307.3,1955204.0,46.66
2026-05-27,3312.0,3322.7,3150.8,3158.5,2992806.0,46.31
2026-05-28,3312.0,3322.7,3150.8,3158.5,2992806.0,46.31
2026-05-29,3169.8,3177.0,2906.2,2954.5,17655814.0,56.79
2026-06-01,2967.0,2987.5,2875.7,2890.5,3492170.0,42.98
2026-06-02,2890.0,2905.7,2823.8,2878.7,4613055.0,48.24
2026-06-03,2886.0,2904.2,2797.5,2833.6,3605952.0,39.98
2026-06-04,2837.0,2913.0,2810.1,2893.5,3710305.0,52.66
2026-06-05,2910.0,2931.9,2751.0,2795.0,4709089.0,38.56
2026-06-08,2721.0,2850.0,2707.0,2823.8,3497131.0,36.17
2026-06-09,2852.0,2915.0,2795.3,2824.8,3778873.0,39.67
2026-06-10,2830.0,2830.0,2732.4,2743.8,2377745.0,41.37
2026-06-11,2715.0,2795.0,2709.9,2778.8,1827023.0,44.83
2026-06-12,2822.0,2858.0,2781.2,2853.0,1876623.0,41.27
2026-06-15,2909.0,2909.0,2810.2,2895.6,3912641.0,45.38
2026-06-16,2900.9,2903.9,2833.0,2885.4,2264594.0,39.28
2026-06-17,2885.0,2909.9,2810.0,2857.3,3414894.0,44.9
2026-06-18,2857.3,2870.1,2800.0,2817.2,2627105.0,37.87
2026-06-19,2804.0,2814.4,2761.8,2803.8,2642248.0,46.87
2026-06-22,2822.0,2882.7,2822.0,2870.4,1811097.0,42.69
2026-06-23,2859.9,2875.8,2808.9,2831.0,2083582.0,50.46
2026-06-24,2820.0,2870.0,2802.1,2840.6,1700264.0,44.99
2026-06-25,2819.9,2882.0,2808.0,2831.7,3043053.0,45.87
2026-06-26,2819.9,2882.0,2808.0,2831.7,3043053.0,45.87
2026-06-29,2822.0,2940.0,2809.0,2914.5,8791691.0,68.56
2026-06-30,2914.0,2934.5,2828.4,2837.2,3486024.0,56.25
2026-07-01,2858.5,2993.0,2855.0,2962.0,5251828.0,41.58
2026-07-02,2985.5,3038.0,2915.0,2923.2,3333640.0,37.18
2026-07-03,2949.4,2949.4,2800.0,2814.0,3916977.0,49.48
2026-07-06,2800.0,2805.0,2715.0,2723.1,3744659.0,45.0
2026-07-07,2730.0,2734.0,2577.5,2643.2,5896736.0,50.31
2026-07-08,2600.0,2766.0,2595.0,2742.0,4929261.0,39.85
2026-07-09,2755.6,2839.0,2749.4,2785.4,2578842.0,36.16
2026-07-10,2800.0,2820.0,2745.3,2770.7,2473000.0,44.26
2026-07-13,2773.0,2816.2,2763.1,2782.1,1211933.0,40.06
2026-07-14,2780.0,2899.0,2779.0,2891.3,3673525.0,46.56
2026-07-15,2921.0,2942.1,2881.6,2892.6,1703478.0,45.29
2026-07-16,2898.0,2903.2,2810.0,2815.5,1430775.0,50.86
2026-07-17,2810.0,2819.0,2729.0,2747.5,2000089.0,61.39
2026-07-20,2749.0,2845.0,2739.3,2818.0,1718268.0,42.79
2026-07-21,2810.3,2861.5,2795.0,2801.2,1326654.0,48.34
2026-07-22,2808.1,2832.4,2755.2,2803.9,980174.0,38.44
2026-07-23,2783.5,2811.0,2726.0,2752.6,1512380.0,44.69
2026-07-24,2735.0,2747.3,2706.0,2730.0,1157955.0,39.63
2026-07-27,2740.4,2766.9,2733.1,2755.1,932313.0,49.08
2026-07-28,2739.5,2764.8,2700.0,2713.4,1135493.0,56.67
2026-07-29,2731.0,2777.9,2699.2,2717.5,1061461.0,47.94
2026-07-30,2731.7,2731.7,2662.5,2677.0,1374388.0,43.9
2026-07-31,2685.0,2704.7,2668.4,2692.2,999020.0,45.7
2026-08-03,2700.0,2710.0,2630.1,2642.1,2108978.0,49.14
2026-08-04,2655.7,2699.0,2637.0,2680.0,1513020.0,46.79
2026-08-05,2678.0,2678.0,2565.5,2598.6,5561921.0,39.37
2026-08-06,2620.5,2667.4,2617.2,2640.0,2085783.0,48.4
2026-08-07,2633.2,2684.5,2621.0,2638.0,1444759.0,39.74
2026-08-10,2640.0,2789.0,2603.2,2759.3,4554692.0,46.27
2026-08-11,2779.5,2895.0,2742.6,2895.0,4190150.0,40.89
2026-08-12,2965.0,2987.9,2880.1,2970.1,6169318.0,44.37
2026-08-13,2980.5,3023.7,2929.0,2970.0,2857150.0,42.94
2026-08-14,2970.0,2977.4,2911.5,2911.5,1478383.0,49.57
2026-08-19,3060.0,3068.0,2960.1,2973.0,3238717.0,49.84
2026-08-20,3020.0,3133.2,3006.0,3126.0,3923221.0,34.09
2026-08-21,3145.1,3211.4,3132.0,3185.0,3473999.0,43.15
2026-08-24,3200.0,3289.7,3180.1,3268.0,3395697.0,39.13
2026-08-25,3290.0,3308.7,3254.3,3280.0,2029898.0,34.3
2026-08-26,3300.0,3355.0,3243.3,3350.0,2328150.0,42.56
2026-08-27,3330.0,3362.0,3270.8,3273.0,2087896.0,48.89
