,Open,High,Low,Close,Volume,DeliveryPct
2016-08-22,45.85,47.25,45.55,46.1,1017698.0,
2016-08-23,46.25,47.0,45.0,46.75,591733.0,
2016-08-24,47.65,47.9,46.7,46.9,1250002.0,
2016-08-25,47.15,47.2,45.7,45.9,403645.0,
2016-08-26,46.0,46.35,44.9,45.1,324937.0,
2016-08-29,45.05,45.4,44.15,44.6,305925.0,
2016-08-30,44.95,45.65,44.75,45.0,394729.0,
2016-08-31,45.05,46.25,44.9,45.3,520052.0,
2016-09-01,45.45,45.7,44.15,44.4,320340.0,
2016-09-02,44.7,46.0,44.25,45.1,406997.0,
2016-09-06,45.65,45.65,44.8,45.05,321039.0,
2016-09-07,45.3,46.6,44.85,46.15,825317.0,
2016-09-08,46.2,47.45,45.95,46.2,633634.0,
2016-09-09,46.3,46.95,45.45,46.2,530446.0,
2016-09-12,45.05,45.65,44.75,44.9,300693.0,
2016-09-14,44.85,46.0,44.55,45.4,420144.0,
2016-09-15,47.05,48.8,46.35,47.0,1469414.0,
2016-09-16,47.4,47.9,46.0,46.2,614698.0,
2016-09-19,46.5,47.1,45.2,46.45,514936.0,
2016-09-20,46.15,46.75,45.35,46.4,452292.0,
2016-09-21,47.2,47.95,46.6,46.9,1283855.0,
2016-09-22,46.5,47.15,46.45,46.65,346829.0,
2016-09-23,46.55,47.6,46.5,46.6,437464.0,
2016-09-26,46.35,47.25,46.1,46.35,492651.0,
2016-09-27,46.65,47.4,46.0,46.15,545275.0,
2016-09-28,46.3,48.3,46.15,47.05,1783458.0,
2016-09-29,47.25,48.2,43.0,43.5,1308655.0,
2016-09-30,43.8,44.5,43.65,44.1,413768.0,
2016-10-03,44.55,45.55,44.5,45.0,436206.0,
2016-10-04,45.4,45.8,44.9,45.4,305820.0,
2016-10-05,45.4,46.15,44.9,45.45,372773.0,
2016-10-06,45.6,45.85,44.9,45.2,395430.0,
2016-10-07,44.75,45.55,44.7,45.2,549178.0,
2016-10-10,45.4,45.85,45.05,45.25,359887.0,
2016-10-13,45.0,45.0,44.1,44.4,281115.0,
2016-10-14,44.75,45.05,44.35,44.55,262682.0,
2016-10-17,44.55,44.95,44.05,44.25,298738.0,
2016-10-18,44.65,45.9,44.4,45.25,534831.0,
2016-10-19,45.1,45.5,44.8,45.15,340572.0,
2016-10-20,45.35,45.85,45.2,45.6,360721.0,
2016-10-21,45.8,46.25,45.35,45.6,398258.0,
2016-10-24,45.8,46.5,45.4,45.5,375295.0,
2016-10-25,45.7,48.6,45.15,47.95,2077901.0,
2016-10-26,47.8,47.95,46.2,46.55,696307.0,
2016-10-27,46.4,46.8,45.65,45.9,414805.0,
2016-10-28,46.1,48.25,45.7,47.05,779120.0,
2016-11-01,46.65,51.4,46.65,49.8,3271829.0,
2016-11-02,48.9,54.6,48.15,52.4,7521275.0,
2016-11-03,52.75,55.2,51.4,51.85,3110105.0,
2016-11-04,52.2,52.45,48.25,48.7,1665909.0,
2016-11-07,49.85,51.7,48.85,49.05,980345.0,
2016-11-08,49.5,50.3,45.05,47.7,882755.0,
2016-11-09,42.5,47.0,38.2,45.2,1076541.0,
2016-11-10,46.0,49.45,46.0,47.7,768848.0,
2016-11-11,47.15,47.15,45.5,45.8,556764.0,
2016-11-15,45.95,46.25,43.0,43.5,472091.0,
2016-11-16,44.8,45.45,43.0,43.5,390565.0,
2016-11-17,43.1,43.95,42.5,42.8,275251.0,
2016-11-18,42.8,43.65,42.4,43.0,265365.0,
2016-11-21,43.5,43.5,41.6,41.85,278983.0,
2016-11-22,42.5,42.9,41.0,41.4,277843.0,
2016-11-23,42.5,42.5,41.4,42.2,244582.0,
2016-11-24,41.9,45.6,41.75,44.5,1185168.0,
2016-11-25,45.15,46.2,44.75,45.45,710236.0,
2016-11-28,45.45,47.2,44.8,46.45,676945.0,
2016-11-29,46.3,47.1,45.55,46.0,335538.0,
2016-11-30,45.65,46.35,45.25,45.9,305014.0,
2016-12-01,45.9,53.7,45.7,52.3,6917120.0,
2016-12-02,51.0,51.65,48.8,49.05,1803318.0,
2016-12-05,49.1,50.65,48.2,49.45,1109392.0,
2016-12-06,49.55,50.5,49.25,49.75,830454.0,
2016-12-07,50.0,56.65,50.0,55.05,12364015.0,
2016-12-08,55.9,56.75,53.7,54.55,3890747.0,
2016-12-09,52.5,53.5,51.0,51.25,3374927.0,
2016-12-12,51.05,53.4,50.7,52.65,1791016.0,
2016-12-13,52.65,53.4,51.3,51.45,713398.0,
2016-12-14,51.6,51.9,50.0,50.15,633937.0,
2016-12-15,49.85,51.5,49.5,50.0,651394.0,
2016-12-16,50.35,50.6,49.2,49.35,518642.0,
2016-12-19,49.65,49.65,48.15,48.3,411781.0,
2016-12-20,48.6,51.15,48.1,49.35,2019896.0,
2016-12-21,49.5,50.4,48.7,48.85,729723.0,
2016-12-22,49.0,49.85,48.1,48.55,954895.0,
2016-12-23,48.55,52.7,48.15,51.4,4494314.0,
2016-12-26,50.95,55.5,50.9,52.45,5900414.0,
2016-12-27,53.25,54.4,51.6,52.35,2253049.0,
2016-12-28,53.25,54.25,52.3,52.75,2181884.0,
2016-12-29,53.25,53.35,51.6,52.35,950639.0,
2016-12-30,52.35,54.4,52.3,52.8,1589330.0,
2017-01-02,52.85,63.35,52.2,61.7,16020706.0,
2017-01-03,63.95,64.3,60.1,61.75,16219589.0,
2017-01-04,62.0,63.5,61.25,61.75,4921797.0,
2017-01-05,62.45,65.45,61.55,64.05,7469342.0,
2017-01-06,64.25,64.35,62.0,62.25,2708652.0,
2017-01-09,62.15,71.85,62.15,70.6,23384027.0,
2017-01-10,70.05,70.7,67.3,69.05,9152556.0,
2017-01-11,69.1,71.5,69.05,69.3,4246109.0,
2017-01-12,69.65,73.9,68.6,71.55,14091594.0,
2017-01-13,71.6,72.3,70.3,70.7,4148507.0,
2017-01-16,70.4,72.4,69.7,70.8,2994940.0,
2017-01-17,70.6,71.5,69.25,69.8,2242635.0,
2017-01-18,69.8,70.95,68.55,68.85,2433051.0,
2017-01-19,69.0,69.55,67.6,67.8,2150561.0,
2017-01-20,67.7,68.3,64.55,64.8,2112787.0,
2017-01-23,65.0,67.4,64.8,66.0,2162207.0,
2017-01-24,66.45,67.0,65.55,65.95,1511188.0,
2017-01-25,66.6,67.65,66.05,66.75,3052511.0,
2017-01-27,67.0,67.3,65.5,66.0,1351802.0,
2017-01-30,66.1,66.2,63.9,64.35,912389.0,
2017-01-31,64.45,64.5,62.5,62.75,1167630.0,
2017-02-01,62.7,66.75,62.5,64.25,3001609.0,
2017-02-02,64.4,65.9,63.9,64.35,1552948.0,
2017-02-03,64.75,65.5,63.8,64.2,1029363.0,
2017-02-06,64.55,65.6,64.05,64.25,984356.0,
2017-02-07,64.35,65.35,63.2,63.5,893704.0,
2017-02-08,63.85,64.6,63.15,63.55,1025429.0,
2017-02-09,63.9,64.5,63.15,63.35,676882.0,
2017-02-10,63.85,64.95,63.15,63.7,1711107.0,
2017-02-13,64.15,64.65,62.75,63.1,711895.0,
2017-02-14,65.15,68.0,65.15,66.3,3427454.0,
2017-02-15,66.9,67.2,63.7,64.15,1228716.0,
2017-02-16,64.5,64.9,63.2,64.3,1012053.0,
2017-02-17,64.75,65.25,63.6,63.8,764970.0,
2017-02-20,64.0,65.0,63.55,64.1,834429.0,
2017-02-21,64.5,65.6,63.85,65.05,1734580.0,
2017-02-22,65.1,65.5,64.05,64.2,554188.0,
2017-02-23,64.45,64.45,63.05,63.25,800640.0,
2017-02-27,62.65,64.4,62.65,63.2,793889.0,
2017-02-28,63.45,63.95,62.75,63.0,511565.0,
2017-03-01,63.1,66.0,63.1,64.75,1757158.0,
2017-03-02,65.35,65.75,63.5,63.65,961400.0,
2017-03-03,63.65,64.1,62.75,63.15,500164.0,
2017-03-06,64.0,65.7,63.65,63.85,1144148.0,
2017-03-07,64.2,64.25,62.1,62.25,567034.0,
2017-03-08,62.6,62.9,59.45,60.25,1043663.0,
2017-03-09,60.45,60.6,58.65,58.9,736397.0,
2017-03-10,59.4,59.75,58.0,58.2,390897.0,
2017-03-14,59.6,59.95,58.5,58.85,499427.0,
2017-03-15,59.25,63.1,59.05,61.5,2079803.0,
2017-03-16,62.2,64.9,61.8,64.0,3882458.0,
2017-03-17,64.2,64.4,62.25,62.45,1431947.0,
2017-03-20,62.5,62.9,61.6,61.7,593248.0,
2017-03-21,62.15,62.75,60.55,61.05,575550.0,
2017-03-22,60.2,60.9,59.55,59.8,510480.0,
2017-03-23,60.2,65.25,60.15,63.25,2747547.0,
2017-03-24,63.6,65.8,63.2,64.05,2523165.0,
2017-03-27,64.0,64.35,62.2,62.55,739583.0,
2017-03-28,62.9,63.8,61.5,61.7,721063.0,
2017-03-29,62.1,62.25,60.85,60.95,705189.0,
2017-03-30,61.15,61.95,61.0,61.3,538196.0,
2017-03-31,61.6,63.6,61.35,61.95,1175855.0,
2017-04-03,62.4,63.45,62.0,62.8,596392.0,
2017-04-05,63.1,65.5,62.85,64.6,1916571.0,
2017-04-06,64.55,66.25,64.15,65.05,1571190.0,
2017-04-07,64.8,65.15,63.15,63.55,877489.0,
2017-04-10,64.2,64.45,63.0,63.3,453896.0,
2017-04-11,63.7,65.35,63.3,64.05,829879.0,
2017-04-12,64.1,64.45,62.25,62.7,692854.0,
2017-04-13,62.7,64.25,62.35,63.4,993626.0,
2017-04-17,63.05,64.3,62.7,63.3,841774.0,
2017-04-18,63.75,65.8,63.5,63.7,2000052.0,
2017-04-19,63.8,64.75,63.1,63.55,647670.0,
2017-04-20,63.95,64.4,63.25,63.65,753564.0,
2017-04-21,64.1,67.9,63.8,67.1,4547149.0,
2017-04-24,69.9,71.0,68.3,68.85,4083116.0,
2017-04-25,69.5,69.8,67.0,68.05,1427260.0,
2017-04-26,68.75,69.85,65.7,66.85,1441740.0,
2017-04-27,67.2,67.4,65.8,66.1,540710.0,
2017-04-28,66.5,67.2,65.2,65.85,868087.0,
2017-05-02,66.4,68.25,66.4,67.55,1434741.0,
2017-05-03,67.95,69.8,66.55,68.15,2085440.0,
2017-05-04,68.3,68.7,66.5,66.85,912721.0,
2017-05-05,67.0,67.0,64.5,64.8,1004137.0,
2017-05-08,65.25,65.95,64.85,65.2,606603.0,
2017-05-09,65.6,67.3,64.9,66.1,793414.0,
2017-05-10,66.5,67.65,65.75,66.15,803648.0,
2017-05-11,66.15,66.75,64.8,65.1,634487.0,
2017-05-12,65.0,65.45,64.0,64.4,585208.0,
2017-05-15,64.5,66.9,64.25,66.45,1376048.0,
2017-05-16,66.9,66.95,65.1,65.3,561675.0,
2017-05-17,65.45,65.75,64.65,64.9,536061.0,
2017-05-18,64.2,66.5,63.6,64.05,1470793.0,
2017-05-19,64.45,65.2,63.0,63.15,513440.0,
2017-05-22,63.45,63.85,62.0,62.15,343894.0,
2017-05-23,62.4,62.4,59.05,59.5,635811.0,
2017-05-24,60.0,60.4,56.1,56.45,705625.0,
2017-05-25,56.7,57.35,55.55,56.9,582024.0,
2017-05-26,57.0,59.3,56.05,58.8,633201.0,
2017-05-29,59.55,60.9,58.8,59.1,740684.0,
2017-05-30,56.9,56.9,55.0,55.95,831877.0,
2017-05-31,55.8,57.3,55.75,56.2,492534.0,
2017-06-01,56.05,57.1,55.85,56.3,384905.0,
2017-06-02,56.6,56.95,56.1,56.5,474041.0,
2017-06-05,56.9,57.7,56.35,56.75,554039.0,
2017-06-06,56.75,57.1,55.1,55.3,678485.0,
2017-06-07,55.8,57.0,55.35,55.85,449572.0,
2017-06-08,56.05,64.85,55.35,62.95,10173817.0,
2017-06-09,62.8,63.3,61.0,61.75,2132712.0,
2017-06-12,61.1,62.4,60.4,60.95,1065984.0,
2017-06-13,60.95,62.35,60.6,60.95,1183051.0,
2017-06-14,61.35,62.9,60.9,61.8,1218384.0,
2017-06-15,61.95,63.75,61.65,62.25,2138731.0,
2017-06-16,62.25,63.25,60.75,60.95,944686.0,
2017-06-19,61.7,62.15,60.75,61.0,657161.0,
2017-06-20,61.0,61.35,59.05,59.75,683428.0,
2017-06-21,59.7,60.3,59.25,59.4,519096.0,
2017-06-22,59.25,61.65,59.25,59.55,1169875.0,
2017-06-23,59.75,59.9,56.45,56.8,819867.0,
2017-06-27,57.3,57.75,55.55,56.1,532891.0,
2017-06-28,56.1,57.2,56.1,56.4,578390.0,
2017-06-29,56.75,57.55,56.65,57.1,555084.0,
2017-06-30,56.8,57.5,56.45,56.8,438062.0,
2017-07-03,56.9,58.2,56.9,57.45,521994.0,
2017-07-04,57.7,59.15,57.05,57.25,832654.0,
2017-07-05,58.85,60.65,58.5,59.2,1770452.0,
2017-07-06,59.55,60.7,59.05,59.45,850567.0,
2017-07-07,59.3,59.95,58.85,59.05,503875.0,
2017-07-10,59.4,60.25,59.15,59.45,175783.0,
2017-07-11,59.75,60.75,59.35,59.55,888972.0,
2017-07-12,59.8,60.25,59.0,59.2,442212.0,
2017-07-13,59.5,59.8,58.35,58.65,460242.0,
2017-07-14,58.8,59.0,57.7,57.9,356347.0,
2017-07-17,58.1,58.95,57.55,57.8,399671.0,
2017-07-18,57.7,59.65,57.45,58.05,779367.0,
2017-07-19,58.3,59.35,57.15,58.3,484438.0,
2017-07-20,58.6,59.2,58.1,58.3,469825.0,
2017-07-21,58.55,59.1,57.7,57.95,381672.0,
2017-07-24,57.95,59.1,57.9,58.1,522478.0,
2017-07-25,58.2,58.75,57.8,57.9,308199.0,
2017-07-26,58.0,62.0,58.0,61.7,3226885.0,
2017-07-27,64.5,66.2,62.1,62.45,7388546.0,
2017-07-28,62.1,63.05,61.1,61.8,904029.0,
2017-07-31,62.25,62.4,61.1,61.25,582099.0,
2017-08-01,61.05,62.45,60.3,60.55,663310.0,
2017-08-02,60.5,60.95,59.25,59.55,474203.0,
2017-08-03,59.7,59.8,57.55,57.8,465539.0,
2017-08-04,58.1,59.75,57.15,58.65,758147.0,
2017-08-07,59.15,59.45,57.9,58.1,350689.0,
2017-08-08,58.3,59.75,57.35,57.8,584148.0,
2017-08-09,58.2,58.55,56.85,57.05,414635.0,
2017-08-10,58.85,59.95,54.65,55.45,1531757.0,
2017-08-11,54.75,56.0,53.5,54.15,595395.0,
2017-08-14,55.4,56.0,55.05,55.45,473620.0,
2017-08-16,55.45,56.75,55.2,56.45,341805.0,
2017-08-17,56.8,58.45,56.5,57.05,497369.0,
2017-08-18,56.55,57.75,55.95,56.3,475642.0,
2017-08-21,56.7,58.0,55.4,55.75,430175.0,
2017-08-22,56.5,56.75,54.85,55.15,303461.0,
2017-08-23,55.8,56.15,55.05,55.45,339382.0,
2017-08-24,55.8,56.3,55.3,55.7,264580.0,
2017-08-28,55.7,57.0,55.7,56.35,348108.0,
2017-08-29,56.05,56.9,55.25,55.5,490900.0,
2017-08-30,56.0,56.75,56.0,56.3,448849.0,
2017-08-31,56.45,58.3,56.1,57.2,810916.0,
2017-09-01,57.3,59.35,57.3,58.2,1065835.0,
2017-09-04,58.65,59.05,57.6,58.2,562483.0,
2017-09-05,58.3,59.5,58.3,58.75,700613.0,
2017-09-06,58.2,59.85,58.2,59.05,710007.0,
2017-09-07,59.2,62.3,58.45,60.8,1811915.0,
2017-09-08,61.35,62.5,59.55,60.0,835567.0,
2017-09-11,60.15,61.0,58.8,59.35,579823.0,
2017-09-12,59.65,62.25,59.3,60.35,1178694.0,
2017-09-13,60.6,60.9,58.75,59.1,414577.0,
2017-09-14,59.4,60.7,58.55,59.8,758818.0,
2017-09-15,59.25,60.45,58.8,59.1,523559.0,
2017-09-18,59.5,60.65,59.0,59.7,821954.0,
2017-09-19,60.1,61.8,59.6,60.35,1355136.0,
2017-09-20,60.8,64.3,59.85,62.35,2282367.0,
2017-09-21,62.75,63.55,61.1,62.75,1025290.0,
2017-09-22,62.65,62.65,59.0,59.25,628024.0,
2017-09-25,59.4,59.5,56.3,56.65,610556.0,
2017-09-26,56.55,58.2,56.5,57.35,453250.0,
2017-09-27,57.9,57.9,55.5,55.75,322940.0,
2017-09-28,55.3,56.8,55.3,56.05,427401.0,
2017-09-29,56.5,57.4,55.95,56.1,358069.0,
2017-10-03,56.7,57.0,56.05,56.15,359336.0,
2017-10-04,56.4,57.7,56.4,56.9,377614.0,
2017-10-05,57.05,59.65,57.0,58.1,877168.0,
2017-10-06,58.6,61.2,58.45,60.0,1235589.0,
2017-10-09,60.1,60.6,59.3,59.4,522787.0,
2017-10-10,59.4,61.3,59.3,59.9,799664.0,
2017-10-11,60.95,65.4,60.5,63.25,5442734.0,
2017-10-12,67.4,67.4,62.65,63.0,4098334.0,
2017-10-13,63.35,63.45,60.9,61.25,1065896.0,
2017-10-16,61.7,62.0,60.3,60.45,669038.0,
2017-10-17,60.3,61.65,60.3,60.6,747546.0,
2017-10-18,60.7,61.65,60.15,60.35,711486.0,
2017-10-19,60.45,60.5,59.45,59.7,153610.0,
2017-10-23,60.0,60.7,59.1,59.5,715469.0,
2017-10-24,59.35,60.3,59.05,59.2,712279.0,
2017-10-25,59.65,61.4,58.6,60.65,1327775.0,
2017-10-26,60.8,63.0,59.9,61.85,1904130.0,
2017-10-27,62.35,65.65,61.8,65.3,3283751.0,
2017-10-30,66.5,66.5,64.2,64.5,3585447.0,
2017-10-31,64.5,64.5,63.25,63.4,657202.0,
2017-11-01,63.8,71.65,63.75,70.7,15004485.0,
2017-11-02,70.75,77.95,69.45,74.5,21548828.0,
2017-11-03,75.25,75.4,72.1,73.15,5514502.0,
2017-11-06,73.0,87.5,72.0,86.9,29206472.0,
2017-11-07,98.0,101.7,94.1,96.3,33064199.0,
2017-11-08,96.7,96.7,86.7,86.7,8728663.0,
2017-11-09,88.0,90.2,82.25,87.95,10498875.0,
2017-11-10,86.5,88.2,84.0,84.95,4618133.0,
2017-11-13,88.1,88.1,82.65,83.0,2844782.0,
2017-11-14,83.55,83.75,77.85,78.65,2940234.0,
2017-11-15,78.55,79.6,72.55,74.25,4786678.0,
2017-11-16,75.0,81.65,73.5,80.7,7353907.0,
2017-11-17,82.75,84.3,80.25,81.0,4659074.0,
2017-11-20,80.35,83.3,78.1,80.55,4127987.0,
2017-11-21,80.9,82.95,78.6,79.05,2957878.0,
2017-11-22,79.7,81.1,78.25,78.7,2158346.0,
2017-11-23,79.0,80.25,77.75,77.95,1682576.0,
2017-11-24,78.15,79.55,76.65,76.85,1852490.0,
2017-11-27,77.0,79.9,76.25,78.85,3156398.0,
2017-11-28,79.2,81.7,78.0,78.6,3291437.0,
2017-11-29,78.9,79.4,77.0,77.3,1374439.0,
2017-11-30,77.1,78.3,74.45,74.85,1672875.0,
2017-12-01,75.35,77.2,74.1,74.65,1323035.0,
2017-12-04,75.9,76.5,72.5,72.9,1474547.0,
2017-12-05,72.4,73.2,71.3,71.65,1989758.0,
2017-12-06,71.2,72.0,69.05,69.7,1242013.0,
2017-12-07,70.65,73.35,70.65,71.85,2149185.0,
2017-12-08,72.1,73.9,71.15,71.35,2804690.0,
2017-12-11,71.8,72.6,71.05,71.2,1114865.0,
2017-12-12,71.15,72.9,69.9,70.45,2358011.0,
2017-12-13,70.8,73.4,70.0,70.8,3408810.0,
2017-12-14,72.2,73.4,71.0,71.65,2037007.0,
2017-12-15,72.55,72.8,71.1,71.35,1035817.0,
2017-12-18,70.85,71.7,68.05,70.85,1607119.0,
2017-12-19,71.5,72.0,71.25,71.65,1046109.0,
2017-12-20,72.0,74.25,71.5,71.85,3761657.0,
2017-12-21,72.05,72.6,71.6,71.8,1195582.0,
2017-12-22,72.05,73.8,71.55,71.95,2641994.0,
2017-12-26,72.1,72.45,71.3,71.4,961057.0,
2017-12-27,71.6,75.95,71.6,73.4,8081730.0,
2017-12-28,74.0,77.15,73.9,75.2,7068237.0,
2017-12-29,75.9,76.4,72.9,73.3,2910693.0,
2018-01-01,73.6,74.5,72.75,72.95,2515869.0,
2018-01-02,73.3,73.45,70.6,71.05,2339009.0,
2018-01-03,71.25,73.5,71.2,71.5,3309857.0,
2018-01-04,72.0,73.15,70.9,71.2,3074552.0,
2018-01-05,71.55,72.5,70.45,70.85,2201857.0,
2018-01-08,71.1,71.9,70.25,70.55,2151961.0,
2018-01-09,70.75,71.4,69.05,69.3,2488369.0,
2018-01-10,69.5,70.3,68.0,68.25,2509828.0,
2018-01-11,68.4,69.45,68.1,68.45,1666718.0,
2018-01-12,68.9,69.45,67.25,67.9,1499980.0,
2018-01-15,68.35,68.85,67.85,67.95,1116952.0,
2018-01-16,68.3,68.65,65.7,66.05,1364761.0,
2018-01-17,66.0,67.45,64.35,66.4,1697650.0,
2018-01-18,66.75,67.6,64.1,64.75,1644131.0,
2018-01-19,64.85,65.15,63.6,64.2,1017824.0,
2018-01-22,64.85,66.2,64.3,64.8,2612083.0,
2018-01-23,65.15,66.4,64.3,64.85,1981944.0,
2018-01-24,64.85,64.85,62.6,62.85,1296198.0,
2018-01-25,63.0,63.75,62.45,62.65,1089770.0,
2018-01-29,62.9,63.3,61.15,61.3,827588.0,
2018-01-30,60.95,61.65,60.0,60.6,1275963.0,
2018-01-31,60.5,61.95,60.25,61.35,2075608.0,
2018-02-01,61.5,62.45,59.55,59.95,1227956.0,
2018-02-02,58.7,59.3,55.25,56.1,1541768.0,
2018-02-05,55.0,55.8,52.55,54.6,1745868.0,
2018-02-06,50.7,52.9,49.9,52.45,1527928.0,
2018-02-07,53.7,54.65,53.15,53.65,1163087.0,
2018-02-08,54.0,56.25,53.8,55.95,1901636.0,
2018-02-09,54.0,57.4,53.35,56.75,1844345.0,
2018-02-12,57.5,59.5,57.25,58.6,1274780.0,
2018-02-14,57.75,58.4,56.75,57.05,1463711.0,
2018-02-15,58.5,58.95,55.5,56.0,1406216.0,
2018-02-16,56.5,56.8,54.45,54.95,618242.0,
2018-02-19,55.2,55.4,52.55,53.05,739029.0,
2018-02-20,52.95,53.75,52.35,53.0,604389.0,
2018-02-21,53.2,53.45,51.9,52.05,566438.0,
2018-02-22,51.5,52.7,51.25,52.05,732443.0,
2018-02-23,52.25,52.65,52.05,52.25,850244.0,
2018-02-26,52.7,53.25,52.45,52.65,760386.0,
2018-02-27,53.0,53.4,51.9,52.15,737811.0,
2018-02-28,51.4,53.35,51.4,52.05,817057.0,
2018-03-01,52.1,52.6,51.3,51.5,485819.0,
2018-03-05,51.65,51.7,50.0,50.55,676310.0,
2018-03-06,51.0,51.7,48.45,49.35,845102.0,
2018-03-07,49.2,49.2,46.1,46.55,1106942.0,
2018-03-08,47.0,47.15,45.5,46.2,873603.0,
2018-03-09,46.65,46.65,45.7,45.85,678369.0,
2018-03-12,46.25,48.95,46.15,48.15,1537478.0,
2018-03-13,48.1,52.3,48.0,51.6,2461587.0,
2018-03-14,51.6,53.1,51.1,51.75,1205139.0,
2018-03-15,55.6,62.1,55.6,62.1,11671555.0,
2018-03-16,66.5,70.5,65.3,67.2,24072078.0,
2018-03-19,67.8,69.4,63.55,66.15,9131856.0,
2018-03-20,65.95,65.95,62.7,64.05,5379120.0,
2018-03-21,64.05,64.65,61.25,61.85,2487093.0,
2018-03-22,61.8,61.85,57.2,57.65,2465577.0,
2018-03-23,55.0,56.1,53.7,54.55,2487128.0,
2018-03-26,55.5,60.0,55.5,59.1,7139028.0,
2018-03-27,59.5,60.9,57.15,57.65,1996013.0,
2018-03-28,57.0,57.0,55.2,55.55,840712.0,
2018-04-02,56.0,57.6,55.75,56.9,799837.0,
2018-04-03,56.4,62.55,56.35,61.0,4869911.0,
2018-04-04,61.6,61.6,58.6,59.1,1575149.0,
2018-04-05,60.15,61.25,59.4,60.3,1037569.0,
2018-04-06,60.9,66.4,60.3,64.15,6296258.0,
2018-04-09,64.1,64.7,63.0,63.5,1629397.0,
2018-04-10,64.1,66.4,63.5,64.75,2840215.0,
2018-04-11,65.0,65.3,63.2,64.05,1517072.0,
2018-04-12,64.0,65.5,63.0,63.4,1875804.0,
2018-04-13,63.6,64.75,62.25,62.85,981848.0,
2018-04-16,62.15,63.25,61.3,62.1,942067.0,
2018-04-17,63.5,65.45,63.5,64.15,2268233.0,
2018-04-18,64.65,64.7,62.35,62.85,840196.0,
2018-04-19,63.15,68.8,63.1,66.15,10667565.0,
2018-04-20,65.8,65.8,63.8,64.6,1640404.0,
2018-04-23,65.0,66.8,65.0,66.05,1820954.0,
2018-04-24,66.0,66.5,64.75,65.1,1446048.0,
2018-04-25,66.0,70.5,65.1,67.3,8130787.0,
2018-04-26,67.6,68.7,66.35,66.65,1537563.0,
2018-04-27,66.95,68.0,65.65,65.95,1566762.0,
2018-04-30,66.35,67.15,64.8,65.05,1102776.0,
2018-05-02,65.0,65.8,62.6,63.05,1092990.0,
2018-05-03,40.05,47.0,40.05,45.8,3094002.0,
2018-05-04,45.9,46.0,43.5,44.35,988377.0,
2018-05-07,44.25,44.35,42.75,43.25,659257.0,
2018-05-08,43.35,44.25,42.0,43.05,1449689.0,
2018-05-09,42.95,43.6,42.4,43.05,600783.0,
2018-05-10,42.8,43.1,41.5,41.85,615023.0,
2018-05-11,41.95,43.2,41.0,41.35,1434451.0,
2018-05-14,41.4,41.55,39.7,39.85,1198860.0,
2018-05-15,39.7,40.8,38.35,38.75,820119.0,
2018-05-16,38.75,38.75,37.5,37.75,860785.0,
2018-05-17,37.5,37.95,36.5,36.7,1132973.0,
2018-05-18,36.7,36.85,34.2,35.25,960442.0,
2018-05-21,34.2,34.75,33.4,33.75,1152063.0,
2018-05-22,33.5,34.5,32.8,33.9,1227188.0,
2018-05-23,33.55,35.55,33.55,34.7,1747441.0,
2018-05-24,34.9,35.5,33.9,34.25,924497.0,
2018-05-25,34.5,34.85,34.25,34.55,679666.0,
2018-05-28,34.8,35.7,34.7,35.4,951666.0,
2018-05-29,35.8,37.15,35.55,36.6,1762943.0,
2018-05-30,36.45,37.1,35.9,36.1,1009309.0,
2018-05-31,36.3,36.85,35.0,35.15,547399.0,
2018-06-01,35.3,35.7,34.0,34.2,576973.0,
2018-06-04,34.5,34.65,33.15,33.3,607213.0,
2018-06-05,33.5,33.5,31.5,31.7,763356.0,
2018-06-06,31.95,32.6,30.95,32.35,1094112.0,
2018-06-07,32.7,33.45,32.45,33.1,1022632.0,
2018-06-08,33.0,34.1,32.6,33.4,1103283.0,
2018-06-11,33.45,34.1,33.45,33.7,613494.0,
2018-06-12,33.55,39.1,33.55,38.35,7194242.0,
2018-06-13,38.0,38.3,36.4,36.85,3030624.0,
2018-06-14,37.2,39.85,36.55,39.0,8171416.0,
2018-06-15,38.8,39.15,37.4,37.55,2024045.0,
2018-06-18,37.2,39.7,36.7,38.75,5008274.0,
2018-06-19,38.2,40.25,37.2,38.35,2763476.0,
2018-06-20,38.5,38.9,37.5,38.35,2510054.0,
2018-06-21,38.9,39.0,37.3,37.7,1892636.0,
2018-06-22,37.55,37.7,36.4,36.8,1159566.0,
2018-06-25,36.65,37.2,35.75,35.95,1090543.0,
2018-06-26,35.5,36.45,34.55,34.75,1150283.0,
2018-06-27,34.65,35.05,32.7,33.4,1439259.0,
2018-06-28,33.3,33.85,32.6,32.8,1265400.0,
2018-06-29,33.0,33.9,32.65,33.55,1713306.0,
2018-07-02,33.9,33.9,32.4,32.9,882157.0,
2018-07-03,33.3,33.4,32.7,32.85,919587.0,
2018-07-04,32.85,33.8,32.65,33.05,1556249.0,
2018-07-05,33.1,33.4,32.2,32.45,1005649.0,
2018-07-06,32.55,34.8,32.45,33.9,3054490.0,
2018-07-09,34.2,34.75,33.75,34.1,1215785.0,
2018-07-10,35.0,35.6,34.5,34.95,1946822.0,
2018-07-11,34.75,35.0,33.8,34.2,992597.0,
2018-07-12,34.35,35.35,33.85,34.25,1656241.0,
2018-07-13,34.4,34.45,33.15,33.45,1007829.0,
2018-07-16,33.45,33.65,31.8,32.05,1099678.0,
2018-07-17,31.9,32.35,31.3,31.95,838426.0,
2018-07-18,32.2,32.6,31.2,31.4,813824.0,
2018-07-19,31.5,31.75,30.7,31.05,734668.0,
2018-07-20,31.35,31.35,30.6,30.7,717374.0,
2018-07-23,31.0,32.1,30.6,31.65,1497924.0,
2018-07-24,31.8,33.4,31.65,32.95,1726070.0,
2018-07-25,33.1,33.65,32.3,32.5,1130152.0,
2018-07-26,32.6,32.7,32.05,32.35,680710.0,
2018-07-27,32.45,33.45,32.25,33.15,1315443.0,
2018-07-30,33.3,34.1,32.9,33.55,1455932.0,
2018-07-31,33.7,34.2,33.25,33.85,1063468.0,
2018-08-01,34.0,34.65,33.35,33.8,1804721.0,
2018-08-02,33.6,34.45,33.1,33.9,1160298.0,
2018-08-03,34.1,34.6,33.7,33.85,1157881.0,
2018-08-06,34.05,34.25,33.4,33.6,908138.0,
2018-08-07,34.0,35.15,33.9,34.25,2735732.0,
2018-08-08,34.4,34.55,33.5,33.6,721927.0,
2018-08-09,33.7,34.0,33.1,33.65,842921.0,
2018-08-10,33.8,34.05,33.15,33.2,747202.0,
2018-08-13,33.0,33.35,32.4,33.0,722664.0,
2018-08-14,33.4,33.95,32.8,33.3,957097.0,
2018-08-16,32.4,32.95,32.0,32.2,977019.0,
2018-08-17,32.2,33.2,32.2,32.6,1090501.0,
2018-08-20,32.7,33.35,32.55,32.9,1293636.0,
2018-08-21,32.95,33.15,32.45,32.55,786116.0,
2018-08-23,32.6,32.8,32.1,32.2,616031.0,
2018-08-24,32.1,32.8,31.65,32.05,939322.0,
2018-08-27,32.3,32.65,32.1,32.2,772355.0,
2018-08-28,32.3,32.45,31.25,31.55,812901.0,
2018-08-29,32.6,33.15,31.8,32.2,1908911.0,
2018-08-30,32.35,32.85,32.2,32.4,833412.0,
2018-08-31,32.5,32.8,31.95,32.25,791259.0,
2018-09-03,32.25,32.55,32.05,32.25,868820.0,
2018-09-04,32.25,32.5,31.6,31.75,810637.0,
2018-09-05,31.75,31.8,30.7,30.9,833164.0,
2018-09-06,31.1,31.25,30.7,30.95,649385.0,
2018-09-07,31.1,32.25,30.65,31.7,1346727.0,
2018-09-10,31.7,31.7,30.95,31.1,649075.0,
2018-09-11,32.7,33.1,31.55,31.85,2716212.0,
2018-09-12,31.7,31.8,30.55,31.15,853502.0,
2018-09-14,31.35,31.7,31.1,31.25,708909.0,
2018-09-17,31.15,32.25,30.8,31.5,1225005.0,
2018-09-18,31.75,35.75,31.7,32.85,5214253.0,
2018-09-19,33.15,33.25,32.0,32.1,1066439.0,
2018-09-21,32.4,32.5,28.55,31.3,2181905.0,
2018-09-24,32.0,32.0,30.05,30.4,999467.0,
2018-09-25,30.5,30.5,29.05,29.55,1076829.0,
2018-09-26,29.9,30.1,28.65,29.25,928101.0,
2018-09-27,29.25,29.55,28.6,28.65,735612.0,
2018-09-28,28.8,29.05,26.65,27.3,987473.0,
2018-10-01,27.25,27.25,25.5,26.7,966353.0,
2018-10-03,26.85,27.7,26.25,26.95,1569388.0,
2018-10-04,26.45,26.95,26.1,26.6,928906.0,
2018-10-05,26.6,26.75,25.55,25.9,682155.0,
2018-10-08,26.0,26.25,24.75,25.25,860454.0,
2018-10-09,25.45,25.45,24.05,24.3,948359.0,
2018-10-10,24.5,25.9,24.4,25.5,1521433.0,
2018-10-11,24.25,30.6,24.25,30.1,7734207.0,
2018-10-12,30.75,31.9,29.65,31.1,5939703.0,
2018-10-15,32.85,32.85,31.3,31.7,4330488.0,
2018-10-16,31.45,32.3,30.9,31.1,1334788.0,
2018-10-17,31.6,31.65,29.1,29.25,1186467.0,
2018-10-19,28.95,29.7,28.0,28.25,930326.0,
2018-10-22,28.2,28.35,27.1,27.3,704715.0,
2018-10-23,27.15,28.9,26.65,27.65,1401106.0,
2018-10-24,28.05,28.35,27.25,27.9,1006212.0,
2018-10-25,27.45,27.6,27.0,27.25,685548.0,
2018-10-26,27.35,27.7,26.8,27.05,848754.0,
2018-10-29,27.25,27.7,26.75,27.4,954066.0,
2018-10-30,27.5,28.45,27.25,27.95,829517.0,
2018-10-31,28.7,29.0,28.1,28.6,1223759.0,
2018-11-01,28.65,30.2,28.35,29.55,1712761.0,
2018-11-02,29.8,30.8,29.25,29.6,1561112.0,
2018-11-05,29.65,30.4,29.35,30.1,1131523.0,
2018-11-06,30.25,30.3,29.35,29.7,877567.0,
2018-11-07,29.9,30.5,29.7,30.1,551449.0,
2018-11-09,30.6,31.0,30.0,30.55,1054416.0,
2018-11-12,30.75,30.9,29.8,30.0,824151.0,
2018-11-13,31.0,32.3,31.0,31.5,3540133.0,
2018-11-14,31.5,31.85,30.4,30.5,925859.0,
2018-11-15,30.55,30.55,29.6,29.95,771831.0,
2018-11-16,30.0,30.95,29.8,30.35,890174.0,
2018-11-19,30.5,30.5,29.95,30.1,697488.0,
2018-11-20,29.95,31.3,29.7,30.8,2251617.0,
2018-11-21,30.4,30.8,29.8,29.95,851831.0,
2018-11-22,30.2,30.25,29.5,29.65,748266.0,
2018-11-26,29.85,29.85,28.7,29.05,805696.0,
2018-11-27,29.0,29.5,28.9,29.1,518180.0,
2018-11-28,29.25,29.6,28.85,28.95,544983.0,
2018-11-29,29.1,29.1,28.2,28.5,602024.0,
2018-11-30,28.7,28.85,28.4,28.65,621406.0,
2018-12-03,28.85,28.85,27.65,28.05,1087530.0,
2018-12-04,27.9,28.6,27.9,28.35,772965.0,
2018-12-05,28.3,29.1,27.65,28.15,1329120.0,
2018-12-06,27.8,28.0,27.0,27.3,622057.0,
2018-12-07,27.5,27.6,26.7,26.85,567922.0,
2018-12-10,26.95,26.95,26.05,26.25,553824.0,
2018-12-11,25.75,27.1,25.7,26.7,633010.0,
2018-12-12,27.15,28.1,27.0,27.8,1230329.0,
2018-12-13,28.1,28.75,27.65,28.0,1146615.0,
2018-12-14,27.8,28.1,27.55,27.75,463378.0,
2018-12-17,28.45,30.5,28.45,29.35,5301341.0,
2018-12-18,29.35,29.75,29.1,29.45,1446919.0,
2018-12-19,29.75,30.0,29.3,29.5,1025134.0,
2018-12-20,29.3,30.7,29.15,29.85,1783831.0,
2018-12-21,29.8,30.45,29.25,29.4,1054733.0,
2018-12-24,29.4,29.8,28.9,29.15,740077.0,
2018-12-26,29.1,29.6,28.55,29.35,961543.0,
2018-12-27,30.7,31.2,29.9,30.1,3044152.0,
2018-12-28,30.15,30.5,29.85,30.0,1285584.0,
2018-12-31,30.15,31.4,30.15,30.9,5039323.0,
2019-01-01,31.0,31.35,30.55,30.9,1990963.0,
2019-01-02,30.85,31.0,29.9,30.25,952424.0,
2019-01-03,30.25,30.75,29.9,30.05,866287.0,
2019-01-04,30.25,30.25,29.3,29.65,646332.0,
2019-01-07,30.0,30.3,29.5,29.65,840198.0,
2019-01-08,29.95,29.95,29.15,29.35,437535.0,
2019-01-09,29.55,29.65,28.5,28.9,623357.0,
2019-01-10,28.8,29.2,28.6,29.0,503542.0,
2019-01-11,29.8,30.1,29.25,29.5,1079545.0,
2019-01-14,29.5,29.65,29.1,29.5,477976.0,
2019-01-15,29.55,29.75,29.1,29.2,502446.0,
2019-01-16,29.25,29.9,28.95,29.15,800503.0,
2019-01-17,29.1,29.3,28.65,28.85,462998.0,
2019-01-18,29.0,29.0,28.35,28.6,385138.0,
2019-01-21,28.5,28.85,28.25,28.4,395753.0,
2019-01-22,28.4,28.4,27.65,28.0,422463.0,
2019-01-23,28.05,28.65,27.85,28.05,600213.0,
2019-01-24,28.15,28.25,27.65,27.9,442641.0,
2019-01-25,27.8,28.15,26.9,27.1,508498.0,
2019-01-28,27.15,27.15,26.2,26.45,498166.0,
2019-01-29,26.4,26.55,26.05,26.25,550900.0,
2019-01-30,26.4,26.75,26.0,26.4,635284.0,
2019-01-31,26.9,27.05,26.3,26.75,638601.0,
2019-02-01,26.9,27.2,26.15,26.45,638158.0,
2019-02-04,26.5,26.6,25.65,25.85,485823.0,
2019-02-05,26.1,26.1,24.65,25.0,483760.0,
2019-02-06,25.0,25.4,24.05,24.9,621902.0,
2019-02-07,25.0,25.3,24.55,24.85,392125.0,
2019-02-08,24.9,25.0,24.25,24.5,426150.0,
2019-02-11,24.6,24.8,23.85,24.2,493628.0,
2019-02-12,24.35,24.75,23.95,24.5,656691.0,
2019-02-13,24.65,24.7,24.05,24.25,367372.0,
2019-02-14,24.2,28.65,24.1,27.7,2251239.0,
2019-02-15,27.7,27.7,26.05,26.35,1574572.0,
2019-02-18,26.4,26.5,25.35,25.55,499249.0,
2019-02-19,25.3,26.4,25.15,25.7,913772.0,
2019-02-20,25.55,26.15,25.55,25.85,472780.0,
2019-02-21,25.85,26.4,25.65,26.1,677114.0,
2019-02-22,26.15,26.85,26.1,26.7,1003677.0,
2019-02-25,26.6,26.75,26.1,26.4,699389.0,
2019-02-26,25.45,25.8,25.15,25.45,717642.0,
2019-02-27,25.55,26.05,24.8,25.15,844322.0,
2019-02-28,25.25,25.6,25.1,25.25,425946.0,
2019-03-01,25.5,26.9,25.5,26.65,1589658.0,
2019-03-05,26.7,29.2,26.25,28.95,2800936.0,
2019-03-06,29.75,29.85,28.7,28.85,3860169.0,
2019-03-07,28.8,29.0,28.0,28.15,932426.0,
2019-03-08,28.05,28.7,27.8,28.2,996352.0,
2019-03-11,28.2,29.0,28.15,28.75,868991.0,
2019-03-12,29.2,29.45,28.5,28.7,1095254.0,
2019-03-13,28.7,28.7,28.05,28.1,607506.0,
2019-03-14,28.15,28.3,27.7,28.0,538014.0,
2019-03-15,28.15,28.2,27.05,27.35,814429.0,
2019-03-18,27.3,28.75,27.0,28.0,1222057.0,
2019-03-19,27.9,29.55,27.4,28.75,3571766.0,
2019-03-20,28.8,28.8,27.85,27.95,826133.0,
2019-03-22,28.35,28.4,27.75,27.95,1239940.0,
2019-03-25,27.5,27.8,27.3,27.35,569288.0,
2019-03-26,28.15,28.65,27.8,27.95,1563126.0,
2019-03-27,28.0,28.25,27.5,27.8,1072223.0,
2019-03-28,27.95,28.25,27.85,27.95,648505.0,
2019-03-29,28.7,28.9,27.85,28.0,1199345.0,
2019-04-01,28.3,28.75,28.1,28.3,921690.0,
2019-04-02,28.4,28.55,27.8,28.1,654934.0,
2019-04-03,28.3,29.3,27.8,29.0,2563066.0,
2019-04-04,29.6,29.6,28.2,28.35,1975464.0,
2019-04-05,28.4,28.7,28.1,28.45,732965.0,
2019-04-08,28.6,28.6,27.9,28.2,859077.0,
2019-04-09,28.2,28.3,27.65,28.0,678747.0,
2019-04-10,27.8,28.4,27.8,27.9,732280.0,
2019-04-11,28.05,28.05,27.75,27.9,430496.0,
2019-04-12,28.25,28.6,27.9,28.1,1238545.0,
2019-04-15,28.2,28.6,27.95,28.15,1079080.0,
2019-04-16,28.15,28.45,27.9,28.0,486298.0,
2019-04-18,28.05,28.1,27.45,27.6,504373.0,
2019-04-22,27.3,27.3,26.85,27.0,544591.0,
2019-04-23,27.0,27.2,26.7,26.9,618029.0,
2019-04-24,27.3,27.6,27.0,27.2,1009650.0,
2019-04-25,27.15,27.2,26.65,26.8,480603.0,
2019-04-26,26.85,26.95,26.4,26.6,431885.0,
2019-04-30,26.6,26.6,25.95,26.3,453240.0,
2019-05-02,26.0,26.35,25.6,25.75,713763.0,
2019-05-03,25.75,25.95,25.55,25.7,458945.0,
2019-05-06,25.4,25.9,25.2,25.6,330259.0,
2019-05-07,25.5,25.7,25.2,25.3,265841.0,
2019-05-08,25.05,25.2,24.7,24.75,397481.0,
2019-05-09,24.65,24.85,24.55,24.7,328350.0,
2019-05-10,24.7,25.05,24.55,24.75,313731.0,
2019-05-13,24.9,24.9,24.05,24.15,207122.0,
2019-05-14,24.3,24.55,23.7,24.2,316864.0,
2019-05-15,24.35,24.45,23.85,23.95,264832.0,
2019-05-16,23.85,24.3,23.7,24.0,379198.0,
2019-05-17,24.0,24.35,23.7,23.9,386932.0,
2019-05-20,25.0,26.95,24.35,25.6,1421484.0,
2019-05-21,25.8,25.8,24.75,25.15,365644.0,
2019-05-22,25.3,25.35,24.75,25.2,396068.0,
2019-05-23,25.5,26.4,25.15,25.3,786430.0,
2019-05-24,25.35,26.5,25.25,26.2,1188444.0,
2019-05-27,26.25,27.5,26.25,27.3,1021486.0,
2019-05-28,27.5,28.1,26.95,27.7,1123138.0,
2019-05-29,27.75,27.9,26.9,27.15,595893.0,
2019-05-30,27.3,27.9,26.9,27.45,1077935.0,
2019-05-31,27.4,27.4,26.2,26.25,681275.0,
2019-06-03,26.2,26.25,25.55,25.65,222427.0,
2019-06-04,25.6,26.7,25.4,26.25,840923.0,
2019-06-06,26.2,26.2,25.75,25.85,264027.0,
2019-06-07,25.9,25.9,25.3,25.5,273227.0,
2019-06-10,25.6,25.7,25.0,25.2,287685.0,
2019-06-11,25.2,25.55,24.8,25.15,545487.0,
2019-06-12,25.2,25.3,24.85,24.95,407869.0,
2019-06-13,25.0,25.0,24.4,24.6,311412.0,
2019-06-14,24.45,24.7,24.15,24.2,216603.0,
2019-06-17,24.2,24.3,23.7,23.95,268616.0,
2019-06-18,24.15,24.15,23.5,23.7,337814.0,
2019-06-19,23.85,23.9,22.65,22.9,432176.0,
2019-06-20,23.0,23.65,22.3,23.3,418836.0,
2019-06-21,23.4,23.75,23.2,23.35,304617.0,
2019-06-24,23.35,23.6,23.1,23.2,197063.0,
2019-06-25,23.05,23.95,22.7,23.65,774598.0,
2019-06-26,24.0,24.9,24.0,24.6,1203790.0,
2019-06-27,24.5,25.35,24.45,24.7,450033.0,
2019-06-28,24.95,25.3,24.4,24.85,886395.0,
2019-07-01,25.1,25.15,24.5,24.6,304196.0,
2019-07-02,24.65,24.7,24.05,24.2,328624.0,
2019-07-03,24.3,25.0,24.05,24.7,685934.0,
2019-07-04,25.15,25.25,24.7,24.85,544494.0,
2019-07-05,24.9,25.0,23.85,23.95,502028.0,
2019-07-08,23.5,23.5,22.85,22.9,399510.0,
2019-07-09,22.7,23.3,22.55,23.05,293141.0,
2019-07-10,23.0,23.4,22.5,22.65,286352.0,
2019-07-11,22.85,23.0,22.55,22.7,380272.0,
2019-07-12,22.7,23.1,22.6,22.85,351056.0,
2019-07-15,23.0,23.0,22.45,22.6,224198.0,
2019-07-16,22.7,22.8,22.4,22.65,155160.0,
2019-07-17,22.6,22.95,22.45,22.55,241906.0,
2019-07-18,22.55,22.65,22.2,22.25,282415.0,
2019-07-19,22.3,22.4,21.55,21.65,309357.0,
2019-07-22,21.65,21.65,20.7,20.85,368750.0,
2019-07-23,20.9,21.15,20.6,20.8,326771.0,
2019-07-24,20.8,20.9,20.15,20.35,370194.0,
2019-07-25,20.8,20.9,20.45,20.55,372530.0,
2019-07-26,20.5,20.7,20.15,20.6,260690.0,
2019-07-29,20.7,20.9,20.15,20.45,237387.0,
2019-07-30,20.5,21.15,19.75,19.95,520384.0,
2019-07-31,19.8,20.15,19.35,19.95,460633.0,
2019-08-01,19.95,20.2,19.25,19.45,496643.0,
2019-08-02,19.25,19.45,18.8,19.1,381859.0,
2019-08-05,18.85,18.85,17.9,18.15,371515.0,
2019-08-06,17.65,18.6,17.65,18.45,349140.0,
2019-08-07,18.45,18.75,18.05,18.3,339385.0,
2019-08-08,18.2,19.75,18.2,19.2,649495.0,
2019-08-09,19.4,19.65,18.75,19.0,312648.0,
2019-08-13,19.1,19.15,18.3,18.4,248798.0,
2019-08-14,18.6,19.4,18.3,18.95,330232.0,
2019-08-16,19.35,21.4,19.1,20.8,2033247.0,
2019-08-19,20.8,21.35,20.05,20.2,558489.0,
2019-08-20,20.25,20.35,19.15,19.2,364759.0,
2019-08-21,19.2,19.7,18.5,18.85,581551.0,
2019-08-22,18.55,18.95,17.6,18.0,412287.0,
2019-08-23,17.85,18.65,17.2,17.8,753967.0,43.1
2019-09-30,24.5,25.35,24.45,24.7,450033.0,44.4
2019-10-01,16.65,17.6,16.15,16.45,1266603.0,34.61
2019-10-02,16.65,17.6,16.15,16.45,1266603.0,34.61
2019-10-03,16.2,16.3,15.1,15.75,814545.0,40.69
2019-10-04,16.0,16.5,15.8,16.25,990643.0,28.05
2019-10-07,16.45,16.5,15.45,15.65,622464.0,45.47
2019-10-08,16.45,16.5,15.45,15.65,622464.0,45.47
2019-10-09,15.65,15.8,15.25,15.4,420819.0,45.37
2019-10-10,15.4,15.5,14.95,15.1,612338.0,47.72
2019-10-11,15.15,15.3,14.75,14.95,744898.0,51.23
2019-10-14,15.0,15.0,14.4,14.45,545628.0,55.85
2019-10-15,14.25,14.5,14.15,14.3,566006.0,60.14
2019-10-16,14.15,16.4,14.15,15.7,3181261.0,23.11
2019-10-17,15.85,16.25,15.3,15.6,1242264.0,28.64
2019-10-18,15.55,18.7,15.55,18.25,7999452.0,18.8
2019-10-21,15.55,18.7,15.55,18.25,7999452.0,18.8
2019-10-22,18.25,18.75,17.3,17.35,1748146.0,39.72
2019-10-23,17.5,17.7,16.7,17.4,717399.0,32.69
2019-10-24,18.3,18.7,17.6,17.75,1401231.0,32.89
2019-10-25,17.95,17.95,17.1,17.25,812029.0,20.23
2019-10-28,17.4,18.2,17.35,17.75,321235.0,65.99
2019-10-29,18.35,18.7,18.0,18.35,1745008.0,43.59
2019-10-30,18.7,19.2,18.45,18.75,2311675.0,35.88
2019-10-31,18.9,19.55,18.85,19.15,1355284.0,47.24
2019-11-01,19.3,19.7,18.65,19.4,1588906.0,34.09
2019-11-04,19.5,19.95,19.1,19.6,1795905.0,30.98
2019-11-05,19.65,19.7,18.7,19.05,890580.0,38.13
2019-11-06,19.4,19.4,18.75,18.9,856927.0,30.28
2019-11-07,18.95,19.85,18.75,19.1,1400691.0,25.74
2019-11-08,19.0,19.15,18.3,18.65,896940.0,33.62
2019-11-11,19.8,19.8,19.15,19.55,1777699.0,29.52
2019-11-12,19.8,19.8,19.15,19.55,1777699.0,29.52
2019-11-13,19.5,19.7,18.8,19.05,954084.0,42.23
2019-11-14,18.45,18.5,17.5,17.75,987111.0,49.94
2019-11-15,17.75,18.0,17.3,17.75,686307.0,38.7
2019-11-18,18.0,18.3,17.85,18.05,501910.0,34.94
2019-11-19,18.1,18.75,18.05,18.45,1064559.0,40.98
2019-11-20,18.6,19.8,18.3,18.9,3338374.0,20.36
2019-11-21,19.0,19.0,18.15,18.2,852881.0,47.4
2019-11-22,18.25,18.35,17.8,18.1,684207.0,27.42
2019-11-25,18.0,19.1,18.0,18.4,1630147.0,22.81
2019-11-26,18.4,18.7,18.05,18.1,519000.0,42.26
2019-11-27,18.1,18.25,17.8,18.0,436244.0,47.36
2019-11-28,18.15,18.3,17.8,17.95,384528.0,45.57
2019-11-29,18.0,18.4,17.9,18.0,549099.0,41.03
2019-12-02,18.1,18.25,17.9,17.95,488310.0,36.42
2019-12-03,18.0,18.2,17.65,17.75,471338.0,46.25
2019-12-04,17.75,17.95,17.5,17.65,421724.0,46.33
2019-12-05,17.75,18.1,17.6,17.95,432118.0,48.75
2019-12-06,20.8,21.5,19.75,20.0,12712702.0,19.36
2019-12-09,19.75,19.75,18.65,18.75,1573429.0,30.11
2019-12-10,18.75,18.8,17.8,17.9,930742.0,44.72
2019-12-11,17.65,17.9,17.3,17.5,642723.0,49.96
2019-12-12,17.75,18.1,17.7,17.9,512279.0,45.06
2019-12-13,18.2,18.3,17.6,18.0,709168.0,42.77
2019-12-16,18.2,18.6,17.85,18.35,847954.0,54.53
2019-12-17,18.6,19.8,18.6,19.45,2313739.0,37.02
2019-12-18,19.8,22.9,19.5,20.4,6822456.0,27.55
2019-12-19,20.5,20.65,19.4,19.55,1130486.0,41.9
2019-12-20,19.4,19.75,18.75,19.05,1088122.0,32.93
2019-12-23,19.05,19.45,18.85,19.05,758963.0,38.49
2019-12-24,19.2,19.2,18.9,18.95,353747.0,58.11
2019-12-25,19.2,19.2,18.9,18.95,353747.0,58.11
2019-12-26,19.0,19.15,18.6,18.75,681047.0,41.63
2019-12-27,18.75,19.4,18.7,19.1,582329.0,49.25
2019-12-30,19.0,19.05,18.6,18.75,497275.0,64.5
2019-12-31,18.85,19.15,18.7,18.75,631562.0,42.02
2020-01-01,18.85,19.05,18.65,18.75,384009.0,35.67
2020-01-02,18.9,21.1,18.75,20.2,7788468.0,18.59
2020-01-03,20.1,20.4,19.45,19.55,1520774.0,42.28
2020-01-06,19.4,19.4,18.7,18.8,686732.0,57.42
2020-01-07,19.05,19.3,18.8,18.9,534848.0,46.83
2020-01-08,18.5,21.9,18.45,20.75,12781759.0,17.72
2020-01-09,21.05,21.3,20.2,20.3,2011204.0,38.63
2020-01-10,20.45,21.2,20.25,20.4,1468824.0,31.99
2020-01-13,20.45,20.95,20.25,20.65,1277401.0,31.81
2020-01-14,20.65,20.8,20.2,20.35,610623.0,42.8
2020-01-15,20.4,21.2,20.2,20.8,1460806.0,39.31
2020-01-16,21.4,24.35,21.2,23.35,14362138.0,22.64
2020-01-17,23.45,23.5,22.3,22.55,1695228.0,41.64
2020-01-20,22.9,23.4,22.3,22.6,1408851.0,41.88
2020-01-21,22.55,22.75,22.05,22.15,790875.0,44.69
2020-01-22,22.3,22.5,21.45,21.8,1170772.0,37.92
2020-01-23,21.65,22.7,21.25,22.15,1613646.0,28.79
2020-01-24,22.3,23.15,22.0,22.2,1504995.0,35.62
2020-01-27,22.3,22.45,21.6,21.7,891051.0,40.56
2020-01-28,21.65,21.9,20.9,21.05,850921.0,46.25
2020-01-29,21.3,21.7,21.1,21.35,736206.0,32.32
2020-01-30,21.5,21.5,20.7,20.85,630812.0,43.84
2020-01-31,21.0,21.15,20.15,20.3,745756.0,45.81
2020-02-03,19.4,19.45,18.8,19.15,767700.0,49.23
2020-02-04,19.3,20.05,19.2,19.35,703854.0,35.44
2020-02-05,19.55,20.25,19.3,19.85,960808.0,32.3
2020-02-06,20.1,20.85,20.05,20.15,802088.0,38.8
2020-02-07,20.3,20.7,19.0,19.9,1043699.0,32.43
2020-02-10,20.05,20.1,19.15,19.45,626030.0,49.38
2020-02-11,19.5,20.2,19.25,19.5,921070.0,28.48
2020-02-12,20.4,22.5,20.1,21.7,10461797.0,17.5
2020-02-13,21.6,21.6,20.75,20.85,1034165.0,32.28
2020-02-14,20.9,21.25,20.2,20.4,730025.0,40.79
2020-02-17,20.25,20.4,19.25,19.35,1225161.0,45.03
2020-02-18,19.3,19.5,18.75,19.3,729120.0,42.96
2020-02-19,19.7,19.8,19.2,19.55,802162.0,37.82
2020-02-20,19.55,20.15,19.25,19.4,947375.0,31.16
2020-02-21,19.55,20.15,19.25,19.4,947375.0,31.16
2020-02-24,19.2,19.6,18.9,19.0,505399.0,61.51
2020-02-25,19.0,19.45,18.6,19.05,689790.0,36.04
2020-02-26,19.3,19.3,18.5,18.55,501345.0,52.39
2020-02-27,18.75,18.75,18.0,18.15,623466.0,50.25
2020-02-28,17.7,17.7,17.0,17.05,745217.0,54.75
2020-03-02,17.25,17.85,17.05,17.25,657616.0,49.77
2020-03-03,17.3,17.55,16.8,17.05,617827.0,53.11
2020-03-04,17.1,17.5,16.35,16.6,552376.0,48.27
2020-03-05,16.7,17.05,16.3,16.65,647486.0,39.89
2020-03-06,16.0,16.0,15.2,15.5,692279.0,50.93
2020-03-09,14.6,15.0,14.15,14.35,899144.0,62.37
2020-03-10,14.6,15.0,14.15,14.35,899144.0,62.37
2020-03-11,14.6,14.95,13.9,14.15,868259.0,45.3
2020-03-12,13.9,13.9,12.9,13.0,833901.0,57.61
2020-03-13,12.45,13.65,10.5,13.0,1826112.0,40.12
2020-03-16,12.7,13.0,12.15,12.5,581685.0,61.29
2020-03-17,12.5,12.85,12.25,12.5,505504.0,54.91
2020-03-18,12.75,12.8,11.7,12.15,499489.0,56.2
2020-03-19,11.9,12.0,11.3,11.65,545367.0,48.73
2020-03-20,11.8,12.6,11.6,12.0,695738.0,48.3
2020-03-23,11.0,11.3,10.2,10.6,568204.0,59.02
2020-03-24,11.05,11.25,10.4,10.95,493055.0,52.09
2020-03-25,10.7,11.05,10.5,10.9,259781.0,58.0
2020-03-26,11.25,11.5,9.9,11.05,758941.0,52.32
2020-03-27,11.25,13.25,11.25,12.4,2018268.0,36.48
2020-03-30,12.5,12.5,11.75,12.15,533645.0,49.76
2020-03-31,12.45,12.6,12.1,12.3,457148.0,57.95
2020-04-01,12.55,12.6,12.2,12.3,374211.0,50.45
2020-04-02,12.55,12.6,12.2,12.3,374211.0,50.45
2020-04-03,12.6,12.6,12.05,12.15,341926.0,51.13
2020-04-06,12.6,12.6,12.05,12.15,341926.0,51.13
2020-04-07,12.5,12.75,12.25,12.65,576932.0,51.15
2020-04-08,12.6,14.1,12.35,13.2,1021295.0,34.71
2020-04-09,13.5,13.75,13.25,13.55,663565.0,41.29
2020-04-10,13.5,13.75,13.25,13.55,663565.0,41.29
2020-04-13,13.95,13.95,13.3,13.6,699887.0,48.39
2020-04-15,13.75,14.65,13.7,13.8,1268659.0,37.05
2020-04-16,13.8,14.2,13.55,14.1,427088.0,55.96
2020-04-17,14.4,15.0,14.1,14.65,1593057.0,29.71
2020-04-20,14.95,15.1,14.65,14.85,835128.0,47.46
2020-04-21,14.6,14.6,14.0,14.25,465505.0,53.07
2020-04-22,14.15,14.5,14.0,14.25,481536.0,32.13
2020-04-23,14.4,14.75,14.15,14.25,584999.0,34.41
2020-04-24,14.9,15.8,14.8,15.3,3882264.0,29.39
2020-04-27,15.5,15.9,14.7,14.75,956873.0,46.7
2020-04-28,14.8,15.2,14.6,14.75,455792.0,60.99
2020-04-29,14.85,14.95,14.55,14.75,534991.0,41.65
2020-04-30,14.95,15.2,14.6,14.7,794289.0,58.56
2020-05-01,14.95,15.2,14.6,14.7,794289.0,58.56
2020-05-04,14.1,14.35,13.55,14.15,455895.0,57.02
2020-05-05,14.25,14.5,14.0,14.05,341994.0,46.0
2020-05-06,14.05,14.35,13.65,13.95,439025.0,40.77
2020-05-07,13.65,13.95,13.65,13.85,185819.0,56.88
2020-05-08,14.15,14.2,13.7,13.8,304295.0,61.29
2020-05-11,13.85,14.2,13.7,13.8,211890.0,56.64
2020-05-12,13.8,13.9,13.2,13.4,387362.0,55.25
2020-05-13,14.0,14.7,13.65,14.45,1107164.0,45.58
2020-05-14,14.1,14.65,14.0,14.2,678252.0,33.43
2020-05-15,14.3,14.4,14.0,14.05,527483.0,29.77
2020-05-18,14.9,15.4,14.1,14.4,2305691.0,30.22
2020-05-19,14.75,14.8,14.0,14.1,534743.0,37.81
2020-05-20,13.85,14.25,13.8,13.95,392016.0,50.7
2020-05-21,14.05,14.25,14.0,14.05,241358.0,46.45
2020-05-22,13.95,14.1,13.85,14.0,282761.0,46.14
2020-05-25,13.95,14.1,13.85,14.0,282761.0,46.14
2020-05-26,14.0,14.2,13.05,13.85,456472.0,52.02
2020-05-27,14.6,15.65,14.4,15.1,4834846.0,26.36
2020-05-28,15.35,15.8,14.75,15.15,2283136.0,40.16
2020-05-29,14.85,15.25,14.8,15.1,754542.0,38.91
2020-06-01,15.2,15.75,15.1,15.45,1898459.0,37.22
2020-06-02,15.55,15.95,15.25,15.4,1225589.0,43.48
2020-06-03,15.6,16.35,15.45,15.6,1973723.0,43.45
2020-06-04,15.5,15.95,15.1,15.25,1035909.0,44.11
2020-06-05,15.45,16.25,15.4,15.95,2362450.0,37.81
2020-06-08,16.4,16.9,16.1,16.25,2201069.0,45.4
2020-06-09,17.5,17.8,16.65,17.0,3099206.0,40.3
2020-06-10,17.1,17.25,16.7,16.85,1087981.0,42.59
2020-06-11,16.75,17.8,16.2,16.3,1805236.0,41.92
2020-06-12,15.55,16.2,15.5,16.05,1152576.0,38.7
2020-06-15,16.3,16.5,15.75,16.25,992416.0,41.54
2020-06-16,16.45,16.6,15.55,15.9,1015735.0,40.3
2020-06-17,15.95,16.05,15.65,15.75,432087.0,34.72
2020-06-18,16.45,17.6,16.25,17.2,4830273.0,27.42
2020-06-19,17.3,17.75,16.9,17.2,1775699.0,39.81
2020-06-22,17.25,17.65,17.0,17.2,1737527.0,38.59
2020-06-23,17.25,17.6,17.2,17.3,1152503.0,41.8
2020-06-24,17.45,17.85,16.75,16.9,2343958.0,31.76
2020-06-25,16.95,17.45,16.8,17.15,884517.0,29.16
2020-06-26,17.35,17.45,16.9,17.05,935765.0,39.67
2020-06-29,16.9,17.1,16.65,16.8,615206.0,46.93
2020-06-30,16.95,17.2,16.75,16.8,540290.0,41.8
2020-07-01,16.95,17.45,16.6,16.95,1146368.0,26.77
2020-07-02,17.1,17.4,17.0,17.15,1270886.0,31.96
2020-07-03,17.8,17.95,17.15,17.3,2661605.0,37.11
2020-07-06,17.4,18.85,17.25,18.45,6816920.0,23.81
2020-07-07,18.6,18.65,18.0,18.05,2153545.0,39.64
2020-07-08,18.05,21.65,17.75,21.6,20304668.0,24.08
2020-07-09,21.55,21.6,19.65,19.95,10792857.0,31.13
2020-07-10,20.0,21.25,19.6,19.95,7082614.0,21.91
2020-07-13,20.15,20.85,19.85,20.0,2986283.0,25.86
2020-07-14,19.9,19.9,18.75,18.85,2234807.0,35.28
2020-07-15,19.0,19.6,18.4,18.6,1333541.0,29.46
2020-07-16,19.0,19.0,18.05,18.25,1466378.0,27.13
2020-07-17,18.5,19.9,18.3,19.2,3169844.0,24.07
2020-07-20,19.25,19.75,19.1,19.25,1386995.0,28.59
2020-07-21,19.35,20.15,18.8,19.05,2299933.0,22.21
2020-07-22,19.2,19.45,18.75,18.9,1153381.0,24.63
2020-07-23,19.4,19.65,19.15,19.45,2178310.0,27.44
2020-07-24,19.2,19.4,18.8,18.9,1291308.0,32.14
2020-07-27,19.1,19.2,18.45,18.6,827653.0,38.56
2020-07-28,18.65,19.2,18.65,18.75,1615749.0,17.77
2020-07-29,18.85,19.55,18.75,19.0,1461473.0,30.41
2020-07-30,19.1,19.45,18.3,18.5,981845.0,32.81
2020-07-31,18.6,18.95,18.1,18.2,889306.0,42.14
2020-08-03,18.15,18.6,17.8,18.1,917390.0,31.75
2020-08-04,18.25,18.45,18.0,18.05,734962.0,37.85
2020-08-05,18.2,18.5,18.1,18.2,1156406.0,34.02
2020-08-06,18.25,18.45,18.05,18.05,524896.0,47.83
2020-08-07,18.05,19.6,18.05,18.7,1808703.0,25.65
2020-08-10,18.9,19.15,18.4,18.55,810457.0,39.08
2020-08-11,18.7,19.25,18.6,18.7,1281867.0,28.37
2020-08-12,18.65,20.0,18.5,19.25,3463229.0,24.0
2020-08-13,19.2,19.85,19.1,19.3,1704615.0,35.66
2020-08-14,19.4,19.85,18.8,18.9,1337868.0,40.49
2020-08-17,19.15,19.35,18.9,19.0,705817.0,39.82
2020-08-18,19.2,20.7,19.1,20.5,4710235.0,36.58
2020-08-19,20.45,21.3,19.95,20.7,5030575.0,29.75
2020-08-20,20.3,21.9,20.2,21.1,4876837.0,33.19
2020-08-21,21.2,21.75,20.4,20.65,2635772.0,41.18
2020-08-24,20.8,21.35,19.75,19.95,1780247.0,38.84
2020-08-25,20.15,20.35,19.65,19.85,1235255.0,32.34
2020-08-26,20.0,20.15,19.8,19.85,898352.0,38.64
2020-08-27,19.95,20.05,19.6,19.65,727586.0,44.69
2020-08-28,19.7,20.3,19.55,19.65,1398676.0,32.57
2020-08-31,19.85,19.9,18.25,18.65,1328667.0,51.76
2020-09-01,18.7,18.95,18.3,18.55,644108.0,52.61
2020-09-02,18.6,19.05,18.55,18.7,415460.0,38.47
2020-09-03,18.7,19.2,18.6,18.7,453185.0,36.87
2020-09-04,18.55,18.7,18.4,18.5,541533.0,32.51
2020-09-07,18.5,18.7,18.15,18.2,793795.0,42.88
2020-09-08,18.25,18.4,17.75,17.9,524317.0,36.72
2020-09-09,17.7,17.8,17.35,17.5,490088.0,51.11
2020-09-10,17.6,18.15,17.55,18.0,673017.0,27.92
2020-09-11,18.2,18.45,17.95,18.1,398248.0,31.69
2020-09-14,18.2,19.15,17.95,18.25,1621595.0,23.14
2020-09-15,18.15,18.45,18.0,18.05,696633.0,33.25
2020-09-16,18.2,18.3,18.05,18.1,457215.0,44.49
2020-09-17,18.4,18.55,18.1,18.2,1110034.0,22.09
2020-09-18,18.25,18.35,17.95,18.1,463037.0,39.91
2020-09-21,18.1,18.2,16.9,17.2,511028.0,39.75
2020-09-22,17.3,17.5,16.6,16.8,433414.0,42.04
2020-09-23,17.0,17.5,16.65,16.85,478791.0,26.79
2020-09-24,16.65,16.65,16.0,16.15,323905.0,36.69
2020-09-25,16.35,16.6,15.7,16.35,505599.0,33.06
2020-09-28,16.5,16.95,16.2,16.6,376254.0,49.94
2020-09-29,16.75,16.85,16.4,16.55,270142.0,39.46
2020-09-30,16.55,16.7,16.15,16.2,331872.0,44.37
2020-10-01,16.3,16.65,16.2,16.35,220896.0,45.57
2020-10-02,16.3,16.65,16.2,16.35,220896.0,45.57
2020-10-05,16.5,16.6,16.2,16.3,241667.0,48.56
2020-10-06,16.4,17.25,16.4,16.7,622740.0,39.31
2020-10-07,16.55,16.9,16.4,16.5,243692.0,30.69
2020-10-08,16.5,16.75,16.4,16.45,286325.0,37.25
2020-10-09,16.45,16.75,16.15,16.2,298937.0,34.71
2020-10-12,16.35,16.55,16.1,16.4,413296.0,38.48
2020-10-13,16.3,16.45,16.15,16.2,178056.0,35.16
2020-10-14,16.15,16.25,15.9,16.05,195528.0,44.15
2020-10-15,16.1,16.35,15.8,15.85,295516.0,35.51
2020-10-16,16.25,16.75,16.15,16.3,436453.0,32.75
2020-10-19,16.25,16.5,16.2,16.3,317088.0,22.03
2020-10-20,16.35,17.25,16.25,16.45,1298848.0,20.31
2020-10-21,16.5,16.85,16.2,16.35,526306.0,22.28
2020-10-22,16.3,16.55,16.2,16.3,282245.0,48.64
2020-10-23,16.4,16.75,16.35,16.5,624034.0,30.85
2020-10-26,16.65,16.65,16.15,16.25,318839.0,47.57
2020-10-27,16.3,16.35,16.1,16.1,253230.0,45.08
2020-10-28,16.15,16.15,15.95,16.0,209305.0,52.62
2020-10-29,15.9,16.05,15.8,15.8,191388.0,46.89
2020-10-30,15.8,16.1,15.75,15.8,218640.0,31.05
2020-11-02,15.85,16.1,15.75,16.0,323185.0,46.48
2020-11-03,16.85,17.35,16.15,16.35,1352483.0,27.01
2020-11-04,16.3,16.5,16.15,16.2,223334.0,31.82
2020-11-05,16.3,16.55,16.2,16.25,459715.0,31.71
2020-11-06,16.35,16.55,16.2,16.25,509478.0,39.83
2020-11-09,16.4,16.55,16.2,16.3,287000.0,47.19
2020-11-10,16.3,16.85,16.2,16.6,867520.0,31.96
2020-11-11,16.7,17.2,16.65,16.85,1023122.0,38.94
2020-11-12,16.85,17.05,16.5,16.6,514438.0,29.08
2020-11-13,16.9,17.85,16.85,17.15,2208880.0,28.65
2020-11-16,17.35,17.5,17.05,17.25,201218.0,63.42
2020-11-17,17.5,19.1,17.25,18.55,5323233.0,24.34
2020-11-18,18.55,18.55,17.9,18.0,1157346.0,38.41
2020-11-19,17.95,18.15,17.6,17.75,1221249.0,32.01
2020-11-20,17.75,18.15,17.65,17.75,664264.0,42.23
2020-11-23,17.85,17.9,17.3,17.65,524494.0,52.15
2020-11-24,17.6,18.25,17.6,17.85,1050186.0,31.22
2020-11-25,17.85,18.5,17.75,17.8,1093344.0,38.36
2020-11-26,17.95,19.15,17.75,18.9,1758359.0,40.88
2020-11-27,18.9,19.75,18.45,18.7,3752053.0,23.86
2020-11-30,18.9,19.75,18.45,18.7,3752053.0,23.86
2020-12-01,18.8,19.3,18.6,19.0,2260785.0,30.9
2020-12-02,19.2,19.45,19.0,19.25,2348651.0,32.12
2020-12-03,20.0,21.85,19.55,21.0,13191960.0,22.64
2020-12-04,21.25,21.45,16.8,19.6,3710228.0,31.82
2020-12-07,19.7,20.45,19.6,20.1,1700588.0,37.13
2020-12-08,20.2,20.45,19.6,19.9,1126363.0,49.24
2020-12-09,20.1,21.0,19.95,20.45,2886362.0,26.01
2020-12-10,20.45,21.9,19.7,21.15,3901363.0,30.39
2020-12-11,21.8,23.2,21.4,22.05,9382019.0,30.09
2020-12-14,22.35,26.2,21.6,25.95,24918135.0,17.75
2020-12-15,25.7,25.7,23.6,24.1,7485723.0,28.24
2020-12-16,24.45,25.75,24.3,24.75,10422918.0,17.02
2020-12-17,24.65,26.4,24.35,25.1,7353604.0,22.54
2020-12-18,25.15,25.45,23.9,24.2,2458295.0,37.0
2020-12-21,24.1,24.45,21.2,21.95,2590203.0,40.06
2020-12-22,22.0,22.8,20.35,21.75,2804674.0,24.25
2020-12-23,21.9,23.65,21.9,23.35,2918796.0,23.5
2020-12-24,23.6,24.25,22.55,23.05,3053822.0,26.22
2020-12-25,23.6,24.25,22.55,23.05,3053822.0,26.22
2020-12-28,23.4,23.55,22.95,23.2,1291143.0,26.73
2020-12-29,23.4,26.4,22.6,25.75,17875835.0,15.38
2020-12-30,25.6,27.75,24.6,27.15,19717790.0,16.93
2020-12-31,27.0,27.7,26.05,26.45,6437709.0,25.05
2021-01-01,26.65,28.4,26.3,28.0,7633078.0,37.45
2021-01-04,30.5,31.0,29.55,30.0,12929974.0,40.93
2021-01-05,29.9,30.9,29.1,30.2,5958231.0,30.55
2021-01-06,30.2,30.7,28.8,29.4,4351168.0,32.4
2021-01-07,29.75,30.35,29.35,29.55,2998862.0,30.08
2021-01-08,29.55,29.85,28.5,28.65,2082927.0,47.98
2021-01-11,28.85,31.3,27.4,30.8,10966785.0,25.96
2021-01-12,30.6,33.2,30.1,32.15,23633405.0,18.84
2021-01-13,32.4,32.9,30.2,31.7,6354372.0,29.59
2021-01-14,31.9,33.0,31.2,32.0,5310856.0,31.08
2021-01-15,32.0,32.2,30.9,31.3,2664089.0,28.26
2021-01-18,31.1,31.3,29.65,29.9,2432053.0,31.51
2021-01-19,30.2,30.8,30.2,30.35,1431527.0,30.29
2021-01-20,30.5,31.1,30.1,30.2,1784634.0,27.23
2021-01-21,30.25,30.5,29.05,29.4,1651299.0,39.61
2021-01-22,29.3,29.7,27.85,28.1,2145331.0,32.09
2021-01-25,28.35,28.55,26.65,26.9,1833403.0,27.41
2021-01-26,28.35,28.55,26.65,26.9,1833403.0,27.41
2021-01-27,28.0,29.5,28.0,28.9,8513102.0,13.01
2021-01-28,28.95,29.35,28.1,28.85,2440254.0,27.04
2021-01-29,29.1,29.6,28.05,28.45,2062540.0,24.0
2021-02-01,28.6,29.35,28.1,29.0,2607944.0,28.92
2021-02-02,29.45,30.15,29.1,29.3,2387392.0,34.22
2021-02-03,29.45,29.6,28.65,28.95,1321027.0,35.76
2021-02-04,29.5,29.9,29.1,29.35,1545465.0,34.99
2021-02-05,29.65,29.7,28.6,28.75,1505760.0,35.75
2021-02-08,28.95,30.35,28.55,29.4,3677262.0,23.97
2021-02-09,29.4,30.1,28.85,29.05,2298493.0,24.65
2021-02-10,29.1,29.8,28.7,29.0,2368675.0,20.89
2021-02-11,28.95,29.55,28.55,28.9,1172176.0,29.27
2021-02-12,29.0,29.2,28.3,28.6,1323850.0,29.08
2021-02-15,28.75,28.8,27.9,28.1,897893.0,37.98
2021-02-16,28.25,28.35,27.2,27.65,1479267.0,27.23
2021-02-17,27.55,29.15,27.5,28.25,2161770.0,22.13
2021-02-18,28.35,31.2,28.35,30.2,9700276.0,23.18
2021-02-19,30.2,32.25,30.05,30.35,6827892.0,22.6
2021-02-22,30.4,33.0,30.15,31.05,10291279.0,17.91
2021-02-23,31.4,35.0,30.05,33.95,18327786.0,21.56
2021-02-24,34.8,36.0,34.05,34.9,16574267.0,23.52
2021-02-25,36.35,37.7,35.8,36.55,17963890.0,19.28
2021-02-26,35.5,42.3,35.05,39.85,40380510.0,12.2
2021-03-01,40.9,47.8,40.6,47.8,34964471.0,20.45
2021-03-02,50.0,52.55,45.2,50.65,37338236.0,22.59
2021-03-03,51.0,51.95,47.15,47.75,8771954.0,38.38
2021-03-04,47.0,48.2,45.8,46.1,5930168.0,31.14
2021-03-05,45.9,48.6,45.9,47.1,10436687.0,17.98
2021-03-08,47.5,47.65,44.85,45.25,4461527.0,36.92
2021-03-09,45.65,45.95,41.15,41.65,6792115.0,37.59
2021-03-10,42.0,45.8,41.9,45.8,9716745.0,27.38
2021-03-11,42.0,45.8,41.9,45.8,9716745.0,27.38
2021-03-12,47.0,47.0,43.05,44.0,4924604.0,40.41
2021-03-15,44.3,47.0,42.25,45.9,6238477.0,24.42
2021-03-16,46.25,46.45,44.2,44.6,2701171.0,32.06
2021-03-17,44.5,44.75,41.8,42.35,2659041.0,40.12
2021-03-18,44.1,45.55,41.8,43.3,7352969.0,23.5
2021-03-19,42.65,42.75,40.2,42.05,4220629.0,20.65
2021-03-22,42.4,43.75,41.65,42.8,3028211.0,22.41
2021-03-23,42.8,45.8,42.75,45.35,7357437.0,26.57
2021-03-24,46.9,47.45,45.1,45.55,9833201.0,32.31
2021-03-25,45.75,45.75,42.0,42.75,4302951.0,29.59
2021-03-26,43.3,43.8,42.4,42.65,2411246.0,30.67
2021-03-29,43.3,43.8,42.4,42.65,2411246.0,30.67
2021-03-30,44.95,44.95,43.35,43.55,2270043.0,34.55
2021-03-31,43.0,43.5,42.15,42.35,1925913.0,35.31
2021-04-01,42.7,46.55,42.5,46.55,7247068.0,31.57
2021-04-02,42.7,46.55,42.5,46.55,7247068.0,31.57
2021-04-05,46.1,46.35,43.4,44.35,4693938.0,38.31
2021-04-06,44.6,45.2,43.55,43.85,3176018.0,30.52
2021-04-07,43.8,45.05,43.7,44.2,2097985.0,29.77
2021-04-08,44.7,46.25,44.3,44.75,4913380.0,21.33
2021-04-09,44.6,45.1,43.55,43.85,2087128.0,33.64
2021-04-12,43.0,43.0,39.8,40.25,3069399.0,41.16
2021-04-13,40.2,42.1,39.9,41.5,2785813.0,22.47
2021-04-14,40.2,42.1,39.9,41.5,2785813.0,22.47
2021-04-15,41.45,41.95,40.3,41.1,2135332.0,23.18
2021-04-16,41.5,43.15,41.5,42.05,3378384.0,24.75
2021-04-19,38.6,39.55,37.95,38.8,3695223.0,28.5
2021-04-20,39.6,40.1,38.25,38.7,3058952.0,19.82
2021-04-21,39.6,40.1,38.25,38.7,3058952.0,19.82
2021-04-22,38.1,38.3,37.3,37.8,2504339.0,32.34
2021-04-23,37.75,40.7,37.3,39.1,6198601.0,15.4
2021-04-26,39.3,39.7,38.55,38.8,2193577.0,26.96
2021-04-27,39.05,43.3,38.9,42.2,9990369.0,18.5
2021-04-28,42.55,42.95,41.0,41.2,4552301.0,27.91
2021-04-29,41.4,41.8,40.0,40.4,2656502.0,26.92
2021-04-30,39.85,42.1,39.3,40.85,3115420.0,24.03
2021-05-03,41.0,43.5,40.6,42.75,6945466.0,29.1
2021-05-04,43.25,44.35,41.85,42.15,5542498.0,25.06
2021-05-05,42.4,43.3,42.1,42.6,2521824.0,23.44
2021-05-06,42.9,43.7,42.3,42.65,4448936.0,19.43
2021-05-07,42.9,46.8,42.65,46.1,19679398.0,23.49
2021-05-10,46.7,49.5,46.5,48.55,15197163.0,28.29
2021-05-11,46.95,55.55,46.35,54.35,35112759.0,19.92
2021-05-12,55.2,61.3,54.05,56.05,46551953.0,19.3
2021-05-13,55.2,61.3,54.05,56.05,46551953.0,19.3
2021-05-14,57.0,58.4,52.2,52.85,16853707.0,18.04
2021-05-17,53.35,56.45,51.55,55.35,12424985.0,16.86
2021-05-18,56.15,58.15,54.6,55.0,15064266.0,15.88
2021-05-19,54.85,55.75,53.05,53.85,5536349.0,27.58
2021-05-20,54.0,55.35,52.25,53.75,5526257.0,18.85
2021-05-21,54.15,54.65,52.65,53.0,3546599.0,30.56
2021-05-24,53.3,54.75,51.9,53.0,4723326.0,23.74
2021-05-25,53.0,60.4,53.0,59.2,31417922.0,19.5
2021-05-26,59.7,62.2,58.6,59.55,17710087.0,24.82
2021-05-27,59.7,60.3,57.05,57.5,5794927.0,29.2
2021-05-28,58.0,58.7,55.0,55.45,5788355.0,31.54
2021-05-31,55.5,61.0,54.25,60.1,17509544.0,21.58
2021-06-01,60.6,60.85,57.55,57.95,9383034.0,23.17
2021-06-02,57.8,59.6,57.5,58.15,6765485.0,20.03
2021-06-03,58.6,59.35,57.2,57.5,6288575.0,23.04
2021-06-04,57.5,61.4,56.7,58.9,15433607.0,17.53
2021-06-07,59.35,60.7,58.6,60.1,10755961.0,29.07
2021-06-08,62.0,63.95,60.65,61.45,23037687.0,28.23
2021-06-09,61.75,62.3,58.1,58.6,10527835.0,29.45
2021-06-10,60.5,61.7,59.35,59.9,9000563.0,25.5
2021-06-11,60.3,60.55,58.7,59.05,6267201.0,28.85
2021-06-14,59.05,59.25,55.9,58.2,4603219.0,24.93
2021-06-15,58.2,60.6,57.55,59.8,6929078.0,30.31
2021-06-16,61.4,61.7,57.25,58.65,14711832.0,25.94
2021-06-17,58.45,60.15,57.5,58.65,6821916.0,15.85
2021-06-18,58.95,59.75,53.2,56.45,8141295.0,17.61
2021-06-21,55.35,57.35,53.8,55.85,6363426.0,22.45
2021-06-22,56.3,59.2,56.2,56.75,8845335.0,16.25
2021-06-23,57.2,57.8,55.85,56.2,4544338.0,24.13
2021-06-24,56.5,56.95,55.5,55.7,2730010.0,29.36
2021-06-25,55.95,56.7,55.35,55.55,3252261.0,25.5
2021-06-28,55.95,56.1,54.5,54.65,3206179.0,37.66
2021-06-29,54.5,55.3,54.4,54.65,2839214.0,36.3
2021-06-30,55.0,58.95,54.65,56.6,19673971.0,17.59
2021-07-01,56.65,57.0,54.6,54.85,3782416.0,34.92
2021-07-02,55.0,55.4,54.1,54.35,3261336.0,30.36
2021-07-05,54.7,55.6,53.75,53.95,4825819.0,33.2
2021-07-06,53.95,54.75,53.25,53.45,4314645.0,33.46
2021-07-07,53.45,55.4,53.4,54.05,4433620.0,24.28
2021-07-08,54.3,56.2,53.9,54.7,8084587.0,20.94
2021-07-09,54.55,54.9,53.65,53.8,3602482.0,35.14
2021-07-12,54.2,55.5,53.25,53.65,3869081.0,20.67
2021-07-13,54.1,54.45,53.35,53.65,2190674.0,26.57
2021-07-14,53.8,54.0,53.1,53.3,1963792.0,32.17
2021-07-15,53.3,53.95,52.4,52.65,2967588.0,29.47
2021-07-16,52.55,53.3,51.85,52.05,2420400.0,35.09
2021-07-19,51.65,52.6,51.15,51.35,2274600.0,34.1
2021-07-20,51.5,51.75,49.1,49.5,2943993.0,28.6
2021-07-21,51.5,51.75,49.1,49.5,2943993.0,28.6
2021-07-22,49.95,50.9,49.8,50.15,3018171.0,21.7
2021-07-23,50.0,50.55,48.25,48.7,2394622.0,29.45
2021-07-26,48.7,48.75,47.35,47.6,2631927.0,31.15
2021-07-27,47.65,53.45,47.65,52.85,15546424.0,15.41
2021-07-28,53.25,53.25,50.25,51.0,5714249.0,20.74
2021-07-29,50.9,53.45,50.4,50.65,7437402.0,19.54
2021-07-30,50.5,51.75,50.15,50.45,3514403.0,20.93
2021-08-02,50.3,51.4,49.25,49.5,3984834.0,26.84
2021-08-03,49.75,50.1,49.1,49.3,1980128.0,28.76
2021-08-04,49.65,50.05,47.75,48.4,2398164.0,24.89
2021-08-05,48.4,48.75,46.0,46.95,3801445.0,17.29
2021-08-06,47.25,49.55,47.1,48.35,5007345.0,10.43
2021-08-09,48.55,48.9,46.6,47.1,2789844.0,18.55
2021-08-10,47.1,47.25,43.7,44.5,3979018.0,19.35
2021-08-11,44.8,44.8,41.5,42.85,4244231.0,21.38
2021-08-12,42.95,47.4,42.85,46.7,5479318.0,17.17
2021-08-13,47.0,47.15,45.35,45.85,2688654.0,20.62
2021-08-16,45.85,46.55,44.55,45.0,2266307.0,19.06
2021-08-17,44.4,45.0,43.05,43.3,1720648.0,24.94
2021-08-18,43.3,43.75,42.1,42.5,1452911.0,25.57
2021-08-19,43.3,43.75,42.1,42.5,1452911.0,25.57
2021-08-20,41.95,43.75,41.05,41.55,2516798.0,19.82
2021-08-23,41.95,42.15,39.05,39.5,2974672.0,24.8
2021-08-24,39.45,42.4,39.2,41.6,3383109.0,20.77
2021-08-25,41.75,45.45,41.65,44.6,8559262.0,13.78
2021-08-26,44.5,45.7,43.1,43.7,3476780.0,14.18
2021-08-27,43.2,46.4,43.0,44.85,4930883.0,17.08
2021-08-30,44.95,45.2,44.3,44.5,1877099.0,25.94
2021-08-31,44.8,45.35,43.5,44.0,1603211.0,22.64
2021-09-01,43.9,44.35,43.65,43.85,1228029.0,23.83
2021-09-02,43.95,47.5,43.6,46.7,9004616.0,19.51
2021-09-03,47.0,47.2,45.75,46.05,1570225.0,35.35
2021-09-06,46.05,47.15,45.5,45.9,1305454.0,30.75
2021-09-07,45.9,47.35,45.1,46.5,2004864.0,25.17
2021-09-08,46.8,46.95,46.0,46.35,1418698.0,26.19
2021-09-09,46.1,46.45,45.5,45.75,776844.0,39.42
2021-09-10,46.1,46.45,45.5,45.75,776844.0,39.42
2021-09-13,45.7,46.85,45.4,45.9,2194941.0,18.14
2021-09-14,45.9,46.8,45.85,46.0,1277882.0,28.13
2021-09-15,46.05,47.3,45.6,45.85,2438554.0,42.78
2021-09-16,46.05,46.4,45.6,45.7,1051168.0,41.13
2021-09-17,46.15,47.3,44.45,44.9,3993596.0,20.84
2021-09-20,43.05,44.6,43.0,43.15,1423252.0,34.83
2021-09-21,43.45,43.8,42.5,43.2,1052383.0,23.4
2021-09-22,43.55,44.15,42.75,43.4,1521658.0,19.14
2021-09-23,43.75,44.45,43.45,43.6,969818.0,30.94
2021-09-24,43.95,44.3,43.0,43.1,863790.0,36.38
2021-09-27,43.45,47.0,43.2,44.55,6827957.0,22.45
2021-09-28,44.9,45.25,43.9,44.25,1423416.0,35.93
2021-09-29,43.85,48.25,43.75,45.25,9729067.0,23.2
2021-09-30,45.6,46.25,44.7,44.9,2140415.0,38.11
2021-10-01,44.7,45.8,44.55,45.1,1746645.0,33.2
2021-10-04,45.45,46.5,44.8,45.0,4171308.0,31.94
2021-10-05,45.1,46.25,44.9,45.5,3033279.0,29.3
2021-10-06,45.85,47.15,45.0,45.25,4679991.0,25.56
2021-10-07,45.6,45.85,44.95,45.15,1672605.0,39.67
2021-10-08,45.35,45.6,44.6,44.7,2122459.0,29.62
2021-10-11,45.05,45.5,44.35,44.9,2257396.0,38.07
2021-10-12,45.2,46.15,44.7,45.35,3357151.0,29.28
2021-10-13,45.4,47.15,45.35,45.9,4426197.0,35.45
2021-10-14,46.1,48.65,46.1,47.1,9025720.0,30.09
2021-10-15,46.1,48.65,46.1,47.1,9025720.0,30.09
2021-10-18,47.5,51.9,47.45,51.15,15708271.0,31.4
2021-10-19,51.45,51.75,46.55,47.55,6895519.0,38.82
2021-10-20,47.2,47.25,45.3,45.6,3454232.0,35.08
2021-10-21,45.75,47.3,45.3,46.15,2813514.0,23.06
2021-10-22,46.4,47.2,45.3,45.65,1982885.0,28.96
2021-10-25,45.75,45.9,42.85,43.8,2110669.0,30.95
2021-10-26,43.95,45.2,43.85,44.25,1702702.0,30.86
2021-10-27,44.5,45.15,44.0,44.3,1378884.0,30.22
2021-10-28,43.65,44.2,41.8,42.45,1971848.0,39.47
2021-10-29,42.55,43.1,41.1,41.95,1813080.0,27.28
2021-11-01,42.5,43.0,42.1,42.55,1058465.0,30.12
2021-11-02,42.95,43.65,42.6,42.9,992951.0,30.53
2021-11-03,43.15,43.85,42.7,42.85,931594.0,30.41
2021-11-04,43.15,43.85,42.7,42.85,931594.0,30.41
2021-11-05,43.15,43.65,43.1,43.35,235550.0,61.16
2021-11-08,44.2,44.2,43.05,43.35,866293.0,39.24
2021-11-09,43.4,44.35,43.25,43.55,1006839.0,30.14
2021-11-10,43.4,43.85,42.8,42.9,991189.0,42.93
2021-11-11,43.0,43.2,42.5,42.65,659448.0,40.18
2021-11-12,42.9,43.15,41.75,42.1,861258.0,47.33
2021-11-15,42.25,42.35,41.25,41.5,605455.0,48.96
2021-11-16,41.4,42.2,41.15,41.5,892471.0,31.66
2021-11-17,41.5,41.7,41.1,41.25,586989.0,40.91
2021-11-18,41.45,41.45,40.0,40.25,1055854.0,41.28
2021-11-19,41.45,41.45,40.0,40.25,1055854.0,41.28
2021-11-22,40.35,40.5,38.05,38.85,1288344.0,40.39
2021-11-23,38.85,40.1,38.1,39.8,1253060.0,28.61
2021-11-24,40.15,41.35,39.95,40.75,928036.0,40.92
2021-11-25,40.75,40.75,39.7,40.25,744276.0,40.1
2021-11-26,39.5,40.4,38.5,38.65,1230874.0,36.66
2021-11-29,38.65,38.75,34.0,37.1,1666688.0,25.56
2021-11-30,36.7,40.85,36.7,39.15,4647583.0,13.58
2021-12-01,39.6,39.9,38.95,39.6,968490.0,25.03
2021-12-02,39.95,39.95,39.1,39.55,866123.0,32.11
2021-12-03,39.75,40.5,39.55,40.25,967172.0,37.42
2021-12-06,40.6,44.2,40.0,42.6,9810286.0,19.0
2021-12-07,44.55,46.9,44.45,45.15,12674924.0,21.14
2021-12-08,45.15,45.45,43.3,43.5,4497709.0,24.87
2021-12-09,43.5,44.25,42.9,43.65,1919048.0,24.96
2021-12-10,43.85,44.65,43.15,44.3,2595156.0,24.71
2021-12-13,44.6,45.35,43.2,43.45,1902573.0,29.75
2021-12-14,43.1,43.8,43.0,43.15,735880.0,34.46
2021-12-15,43.5,46.35,42.8,45.1,5525241.0,22.36
2021-12-16,45.5,45.9,43.65,43.95,2831243.0,28.75
2021-12-17,43.75,43.75,42.1,42.3,1289643.0,35.02
2021-12-20,41.85,41.85,40.05,40.25,1568702.0,35.61
2021-12-21,40.7,43.2,40.7,41.6,2364188.0,19.12
2021-12-22,42.0,43.15,41.8,42.8,1144889.0,27.21
2021-12-23,43.0,47.8,43.0,47.0,24749338.0,15.35
2021-12-24,47.7,48.65,47.0,47.6,16712253.0,18.38
2021-12-27,47.25,47.25,45.9,46.1,4037222.0,26.35
2021-12-28,46.5,46.95,45.25,45.65,2670092.0,28.79
2021-12-29,45.6,45.9,44.55,44.8,2070989.0,32.14
2021-12-30,44.7,45.4,44.1,44.35,1725820.0,29.46
2021-12-31,44.5,44.8,44.05,44.25,1482072.0,32.79
2022-01-03,44.9,45.45,44.5,45.1,2137120.0,38.29
2022-01-04,45.7,45.75,44.65,44.9,2205654.0,29.2
2022-01-05,44.95,46.15,44.6,45.15,3406856.0,23.26
2022-01-06,44.8,45.25,44.2,44.8,1432697.0,30.86
2022-01-07,44.8,45.25,44.25,44.4,1294410.0,45.97
2022-01-10,44.75,46.15,44.6,45.35,2471891.0,31.68
2022-01-11,45.65,46.45,44.75,45.05,3594286.0,24.39
2022-01-12,45.4,45.45,44.5,44.6,1509402.0,38.86
2022-01-13,44.9,45.55,44.4,44.85,2348334.0,29.27
2022-01-14,44.7,45.45,44.5,44.8,1787425.0,29.02
2022-01-17,45.0,49.8,44.85,49.0,16342113.0,31.93
2022-01-18,49.3,49.85,46.0,46.85,9133390.0,24.43
2022-01-19,46.75,48.85,46.45,48.0,6252810.0,21.41
2022-01-20,48.1,51.55,48.05,50.4,13653872.0,31.08
2022-01-21,49.9,51.9,48.45,49.55,8902540.0,39.41
2022-01-24,48.65,50.6,46.3,47.5,8388230.0,34.55
2022-01-25,47.55,49.9,46.1,49.55,7777353.0,24.9
2022-01-26,47.55,49.9,46.1,49.55,7777353.0,24.9
2022-01-27,49.4,53.45,48.55,52.55,20279632.0,28.63
2022-01-28,56.5,57.25,54.7,55.6,36595611.0,25.32
2022-01-31,56.8,64.7,53.65,61.1,70522403.0,18.12
2022-02-01,61.2,61.2,56.8,57.25,22765419.0,26.2
2022-02-02,57.7,59.1,56.3,56.8,9635559.0,29.09
2022-02-03,56.45,57.05,54.6,54.9,6808290.0,34.78
2022-02-04,55.1,57.1,54.3,55.0,8605059.0,21.64
2022-02-07,54.9,55.4,52.8,53.2,3995000.0,36.8
2022-02-08,53.25,53.65,51.0,51.55,6839685.0,22.57
2022-02-09,51.55,54.65,51.4,53.95,10948409.0,17.36
2022-02-10,53.8,54.05,52.0,52.3,5087802.0,25.49
2022-02-11,51.8,52.25,50.05,50.75,4147939.0,30.09
2022-02-14,49.4,49.6,46.5,47.05,4333685.0,30.77
2022-02-15,47.95,48.7,46.2,48.4,4759327.0,19.56
2022-02-16,48.9,52.5,48.65,51.2,9692193.0,16.01
2022-02-17,51.35,51.6,49.3,49.75,4338200.0,18.91
2022-02-18,49.5,50.55,47.75,48.4,3425565.0,23.89
2022-02-21,48.0,48.3,46.25,46.55,3655717.0,23.06
2022-02-22,44.95,46.0,44.5,45.2,4106979.0,20.87
2022-02-23,45.95,47.25,45.55,46.35,2950352.0,18.39
2022-02-24,43.5,44.65,41.05,41.75,5298139.0,27.29
2022-02-25,42.75,45.4,42.75,44.9,3609208.0,26.88
2022-02-28,44.1,46.5,43.6,46.25,3177602.0,20.39
2022-03-01,44.1,46.5,43.6,46.25,3177602.0,20.39
2022-03-02,45.4,46.95,45.3,45.95,2287814.0,31.86
2022-03-03,46.0,47.9,46.0,46.8,5066174.0,18.54
2022-03-04,46.15,46.9,45.3,45.5,2497829.0,24.68
2022-03-07,44.95,44.95,43.85,44.35,1970647.0,26.93
2022-03-08,44.75,46.15,43.8,45.15,3100933.0,18.79
2022-03-09,45.15,48.85,45.15,47.8,5665002.0,23.67
2022-03-10,48.8,49.2,46.95,47.25,3047491.0,30.87
2022-03-11,47.25,49.15,47.25,48.35,3830579.0,20.66
2022-03-14,48.2,48.85,47.55,47.95,2036590.0,27.21
2022-03-15,47.9,49.7,47.3,47.7,4131786.0,19.04
2022-03-16,48.0,48.8,47.0,47.25,2321215.0,29.56
2022-03-17,47.75,48.15,47.3,47.45,1652962.0,29.5
2022-03-18,47.75,48.15,47.3,47.45,1652962.0,29.5
2022-03-21,47.75,47.95,46.5,46.6,1625668.0,41.86
2022-03-22,46.7,47.0,45.8,46.05,1680588.0,30.28
2022-03-23,46.35,46.8,45.55,45.75,1380031.0,31.11
2022-03-24,45.7,45.7,44.55,44.85,1656351.0,46.94
2022-03-25,45.15,47.35,45.05,45.85,4189775.0,26.39
2022-03-28,46.2,46.2,44.1,44.35,2395503.0,28.68
2022-03-29,44.75,45.65,44.1,44.75,3091302.0,28.5
2022-03-30,45.35,46.35,44.25,44.5,2861127.0,31.13
2022-03-31,44.9,45.15,44.0,44.1,1668821.0,43.8
2022-04-01,44.35,46.15,44.25,45.7,2397817.0,29.49
2022-04-04,46.0,47.25,45.95,46.7,2364174.0,34.41
2022-04-05,47.1,48.35,46.9,47.75,3539604.0,30.88
2022-04-06,47.75,53.9,47.35,53.3,14713592.0,23.39
2022-04-07,53.5,53.55,50.5,50.9,8303082.0,24.86
2022-04-08,51.2,52.75,50.35,51.55,6089550.0,17.15
2022-04-11,51.25,52.1,50.75,51.1,2154491.0,28.16
2022-04-12,51.25,53.7,49.4,52.4,10085997.0,19.37
2022-04-13,52.5,52.9,51.5,51.7,2847977.0,22.0
2022-04-14,52.5,52.9,51.5,51.7,2847977.0,22.0
2022-04-15,52.5,52.9,51.5,51.7,2847977.0,22.0
2022-04-18,51.6,53.7,49.65,52.55,6615881.0,19.06
2022-04-19,52.65,55.3,51.5,52.75,12045248.0,20.4
2022-04-20,52.8,54.1,52.1,52.45,4649890.0,22.04
2022-04-21,52.85,53.7,52.45,52.7,3354160.0,23.51
2022-04-22,52.5,54.5,51.95,52.4,5369135.0,27.68
2022-04-25,49.0,49.85,48.0,48.3,6437482.0,26.65
2022-04-26,49.05,49.4,47.4,47.65,2620361.0,30.77
2022-04-27,47.65,48.0,46.0,46.3,2674201.0,35.25
2022-04-28,46.5,47.0,45.5,45.75,2066797.0,35.67
2022-04-29,46.0,46.95,44.8,45.1,2089332.0,31.86
2022-05-02,45.0,45.0,44.1,44.6,1351123.0,31.12
2022-05-03,45.0,45.0,44.1,44.6,1351123.0,31.12
2022-05-04,44.95,45.45,43.05,43.3,2149449.0,32.2
2022-05-05,44.0,44.65,43.05,43.3,1653375.0,29.31
2022-05-06,42.1,43.5,41.25,42.6,1989082.0,32.78
2022-05-09,42.85,43.35,41.55,42.0,1706913.0,29.05
2022-05-10,42.45,43.2,40.0,41.1,1377872.0,28.21
2022-05-11,41.9,42.0,39.25,40.2,2446024.0,26.47
2022-05-12,40.0,40.0,38.2,38.6,1812965.0,30.54
2022-05-13,38.85,39.9,38.45,38.6,2220492.0,30.78
2022-05-16,38.9,41.5,38.65,40.05,2689460.0,15.35
2022-05-17,40.35,42.1,40.0,41.05,2344981.0,26.65
2022-05-18,41.25,42.4,40.8,41.35,2095426.0,24.12
2022-05-19,40.5,41.15,39.85,40.15,1395393.0,27.16
2022-05-20,40.85,42.6,40.85,42.0,2641879.0,24.65
2022-05-23,42.25,42.25,40.15,40.35,1350153.0,40.07
2022-05-24,40.25,40.7,39.6,39.85,1003288.0,24.28
2022-05-25,40.0,40.4,38.5,38.65,1033473.0,32.29
2022-05-26,39.15,39.45,37.0,39.1,1208666.0,26.07
2022-05-27,39.4,39.85,39.15,39.55,833644.0,21.49
2022-05-30,39.95,41.05,39.7,40.4,852775.0,31.81
2022-05-31,40.4,41.9,40.05,41.05,1770375.0,24.75
2022-06-01,40.95,42.0,40.75,41.25,1058458.0,28.37
2022-06-02,41.3,41.95,41.05,41.5,769885.0,28.67
2022-06-03,42.0,42.45,40.5,40.8,1127867.0,29.38
2022-06-06,40.95,41.15,39.85,40.8,988052.0,20.9
2022-06-07,40.9,40.9,40.0,40.1,602159.0,35.89
2022-06-08,40.4,40.6,39.6,40.1,1122659.0,24.63
2022-06-09,39.9,40.3,39.75,40.05,553427.0,28.66
2022-06-10,39.7,40.0,39.35,39.45,481816.0,36.16
2022-06-13,38.3,38.8,37.5,37.7,755079.0,49.09
2022-06-14,37.2,38.45,37.1,37.25,809388.0,30.75
2022-06-15,37.4,38.2,37.0,37.15,590091.0,38.57
2022-06-16,37.95,37.95,34.7,35.05,1013256.0,44.14
2022-06-17,35.05,35.3,34.0,34.2,1083058.0,31.19
2022-06-20,34.25,34.7,31.0,32.05,1416210.0,34.23
2022-06-21,32.55,35.75,32.45,34.4,2650140.0,16.32
2022-06-22,34.45,34.75,33.65,33.8,614881.0,27.65
2022-06-23,34.15,34.5,33.55,34.15,753272.0,33.26
2022-06-24,34.5,40.6,34.5,39.85,9631301.0,13.8
2022-06-27,39.4,40.85,38.35,39.15,6560374.0,14.68
2022-06-28,38.6,39.4,38.0,38.45,1687409.0,20.05
2022-06-29,38.0,41.8,37.8,39.85,8539546.0,11.85
2022-06-30,39.7,40.8,38.8,39.2,1433417.0,21.21
2022-07-01,39.4,40.35,38.9,39.5,1476769.0,17.63
2022-07-04,40.2,40.2,38.9,39.15,791189.0,25.19
2022-07-05,41.0,43.0,40.1,40.65,12806725.0,11.17
2022-07-06,40.35,40.85,39.25,40.2,2412512.0,16.25
2022-07-07,40.55,41.25,40.25,40.95,1733473.0,24.79
2022-07-08,41.25,41.65,40.15,40.5,1581701.0,27.42
2022-07-11,39.0,41.2,39.0,39.8,4043806.0,28.57
2022-07-12,39.7,40.05,39.0,39.3,1621835.0,26.36
2022-07-13,39.65,39.8,38.85,39.2,956696.0,29.76
2022-07-14,39.5,39.5,38.4,38.65,806587.0,34.82
2022-07-15,38.7,38.9,37.5,38.2,870963.0,35.53
2022-07-18,38.3,39.35,38.3,39.0,908015.0,31.67
2022-07-19,38.9,39.5,38.7,38.95,827354.0,36.51
2022-07-20,39.5,39.7,38.7,38.85,920293.0,39.77
2022-07-21,39.05,39.2,38.75,38.95,702204.0,36.13
2022-07-22,39.05,39.7,38.75,38.9,793388.0,33.08
2022-07-25,39.2,39.2,38.1,38.3,484122.0,39.48
2022-07-26,38.55,39.3,38.1,38.5,1050712.0,25.47
2022-07-27,38.3,40.5,38.3,39.55,3196809.0,22.11
2022-07-28,39.75,39.85,39.05,39.4,943889.0,42.88
2022-07-29,39.7,41.9,39.6,40.15,2624554.0,29.64
2022-08-01,40.15,40.6,40.0,40.25,850494.0,40.44
2022-08-02,40.2,40.9,40.1,40.4,1153644.0,31.56
2022-08-03,40.7,40.7,39.5,39.7,608757.0,43.02
2022-08-04,39.9,40.65,38.75,39.35,1393581.0,34.47
2022-08-05,39.2,39.65,39.1,39.2,750905.0,45.8
2022-08-10,39.5,40.15,39.2,39.4,1046014.0,33.47
2022-08-11,39.6,40.65,39.35,39.85,1234316.0,32.09
2022-08-12,39.85,40.75,39.6,40.05,2136870.0,38.47
2022-08-15,39.85,40.75,39.6,40.05,2136870.0,38.47
2022-08-16,40.35,42.9,40.0,41.25,3790758.0,30.44
2022-08-17,41.5,41.55,40.5,40.75,1058702.0,39.9
2022-08-18,40.8,42.85,40.7,41.8,3547095.0,25.03
2022-08-19,41.95,42.0,40.5,41.15,1214859.0,38.16
2022-08-22,40.75,41.0,39.7,39.9,1197672.0,33.43
2022-08-23,39.5,40.7,39.5,39.95,1307507.0,30.24
2022-08-24,40.0,41.5,39.9,41.05,1713232.0,30.84
2022-08-25,41.35,42.0,41.15,41.25,1410196.0,39.92
2022-08-26,41.5,42.8,41.5,42.2,2858814.0,34.17
2022-08-29,41.5,44.8,40.6,44.1,6259100.0,25.07
2022-08-30,44.85,45.9,44.3,44.6,4087794.0,36.14
2022-08-31,44.85,45.9,44.3,44.6,4087794.0,36.14
2022-09-01,41.85,42.8,41.1,41.85,4082594.0,42.36
2022-09-02,42.0,42.6,41.55,41.75,1702433.0,31.64
2022-09-05,42.0,42.3,41.5,41.65,1220366.0,36.91
2022-09-06,41.95,42.3,41.15,41.55,1143167.0,30.18
2022-09-07,41.4,42.45,41.05,41.85,1901480.0,24.97
2022-09-08,38.35,40.2,37.3,38.5,10236992.0,40.23
2022-09-09,38.5,38.7,37.2,37.5,4062024.0,47.47
2022-09-12,37.25,37.4,36.65,37.0,3468036.0,38.64
2022-09-13,37.25,38.45,37.25,38.05,2775575.0,30.89
2022-09-14,37.9,38.45,37.35,38.2,1637075.0,33.86
2022-09-15,38.55,38.75,38.0,38.1,1515474.0,41.66
2022-09-16,38.25,38.4,37.2,37.35,1568032.0,35.18
2022-09-19,37.35,37.6,36.8,36.95,943272.0,36.06
2022-09-20,37.15,37.55,36.8,37.05,802881.0,43.5
2022-09-21,37.3,37.35,36.7,36.85,607663.0,34.93
2022-09-22,36.9,37.05,36.15,36.5,1227412.0,35.42
2022-09-23,36.7,36.95,35.25,35.65,1182310.0,36.08
2022-09-26,35.8,35.85,33.7,34.0,1477573.0,35.32
2022-09-27,34.25,35.5,33.9,35.1,1934710.0,24.93
2022-09-28,35.15,35.15,34.0,34.1,657508.0,35.21
2022-09-29,34.5,34.9,34.0,34.1,557600.0,29.97
2022-09-30,34.3,34.85,33.1,34.45,1261708.0,26.61
2022-10-03,34.65,34.65,33.2,33.7,806003.0,45.5
2022-10-04,34.1,34.6,34.0,34.25,871613.0,33.44
2022-10-05,34.1,34.6,34.0,34.25,871613.0,33.44
2022-10-06,34.45,35.95,34.0,35.2,1767364.0,25.59
2022-10-07,35.4,36.95,34.9,36.35,3065780.0,13.27
2022-10-10,35.8,36.3,35.35,35.65,909261.0,29.34
2022-10-11,35.85,36.05,34.5,34.85,946630.0,35.03
2022-10-12,35.0,36.5,34.5,35.9,1114622.0,31.48
2022-10-13,36.0,36.05,34.9,35.55,1733122.0,16.24
2022-10-14,35.85,36.8,34.85,35.2,2383016.0,19.9
2022-10-17,35.0,35.1,34.35,34.9,700298.0,26.16
2022-10-18,35.1,35.95,34.9,35.2,1443754.0,17.2
2022-10-19,35.4,35.85,34.8,35.0,1418309.0,19.25
2022-10-20,35.0,35.3,34.65,35.05,622299.0,26.48
2022-10-21,35.25,35.45,34.25,34.5,947916.0,35.0
2022-10-24,34.95,35.05,34.7,34.85,172982.0,72.57
2022-10-25,35.05,35.7,34.65,35.2,928532.0,33.11
2022-10-26,35.05,35.7,34.65,35.2,928532.0,33.11
2022-10-27,35.8,35.8,34.95,35.1,770612.0,29.82
2022-10-28,35.3,35.45,34.0,34.35,847202.0,49.31
2022-10-31,34.5,34.7,34.15,34.45,689059.0,40.2
2022-11-01,34.5,34.85,34.2,34.4,707557.0,43.31
2022-11-02,34.35,35.1,34.25,34.65,812425.0,35.84
2022-11-03,34.5,37.4,34.35,36.25,5654972.0,22.5
2022-11-04,36.45,37.2,35.8,36.55,3008739.0,22.63
2022-11-07,36.55,36.85,36.0,36.2,1094854.0,47.32
2022-11-08,36.55,36.85,36.0,36.2,1094854.0,47.32
2022-11-09,36.45,37.8,35.8,36.7,2722617.0,28.47
2022-11-10,36.65,37.35,36.3,36.7,1325792.0,32.22
2022-11-11,37.1,38.6,36.9,38.25,4587171.0,35.13
2022-11-14,38.8,38.85,36.0,37.55,3415751.0,21.33
2022-11-15,37.75,37.8,36.05,36.2,1908491.0,48.64
2022-11-16,36.25,36.5,35.35,35.55,1422591.0,41.12
2022-11-17,35.75,36.75,35.55,36.1,2224501.0,31.9
2022-11-18,36.3,37.15,35.75,36.15,1838453.0,24.13
2022-11-21,36.25,36.35,35.6,35.75,864461.0,37.18
2022-11-22,35.95,36.1,35.25,35.35,662299.0,42.52
2022-11-23,35.45,38.4,35.3,37.45,8504067.0,22.59
2022-11-24,37.6,38.5,37.05,37.65,3038599.0,26.27
2022-11-25,37.75,39.1,37.55,38.25,3553674.0,42.18
2022-11-28,38.45,42.5,38.2,41.8,22542708.0,22.12
2022-11-29,41.75,42.75,40.85,41.4,12313012.0,24.64
2022-11-30,41.55,43.45,41.05,41.9,15792397.0,17.64
2022-12-01,42.05,42.3,41.0,41.2,3079637.0,34.43
2022-12-02,41.35,42.6,41.1,41.95,3864481.0,28.52
2022-12-05,42.2,42.45,41.4,41.6,2874730.0,38.82
2022-12-06,41.55,42.7,41.05,41.3,2922252.0,25.61
2022-12-07,41.4,41.6,40.05,40.45,2091723.0,32.59
2022-12-08,40.05,40.95,39.65,40.0,2271926.0,29.68
2022-12-09,40.3,40.95,39.0,39.4,2307562.0,31.54
2022-12-12,39.55,40.15,38.85,39.85,1727264.0,29.12
2022-12-13,40.0,41.7,40.0,40.6,2841606.0,28.4
2022-12-14,40.95,42.0,40.55,41.2,3360314.0,32.82
2022-12-15,41.35,42.85,40.9,41.5,5311389.0,30.92
2022-12-16,41.45,42.3,40.4,40.7,2737555.0,24.83
2022-12-19,40.95,41.7,40.2,41.35,2440041.0,23.28
2022-12-20,41.35,41.9,40.3,40.8,1713761.0,25.74
2022-12-21,41.15,41.35,37.9,38.8,2757633.0,40.25
2022-12-22,39.0,39.2,36.15,36.75,2152467.0,44.47
2022-12-23,36.5,36.6,33.1,33.5,2864505.0,37.73
2022-12-26,33.5,35.95,33.1,35.65,2502746.0,27.91
2022-12-27,36.0,36.95,35.3,36.6,2179317.0,25.56
2022-12-28,36.8,38.85,36.4,37.9,3053540.0,29.22
2022-12-29,37.8,37.8,36.85,37.15,1297507.0,32.11
2022-12-30,37.45,38.45,37.45,37.8,1476485.0,22.95
2023-01-02,38.05,38.8,37.65,38.5,1790172.0,25.52
2023-01-03,38.7,39.15,38.3,38.5,1601653.0,24.43
2023-01-04,38.7,38.7,37.35,37.6,926539.0,31.43
2023-01-05,37.85,38.0,34.6,37.15,5722345.0,14.92
2023-01-06,35.15,36.5,35.15,35.95,3512380.0,30.78
2023-01-09,35.95,36.75,35.95,36.3,1217285.0,30.23
2023-01-10,36.3,36.3,35.6,35.8,801860.0,34.97
2023-01-11,36.05,36.2,35.65,35.9,1389861.0,25.15
2023-01-12,35.75,36.1,35.6,35.85,665193.0,28.84
2023-01-13,35.95,36.2,35.5,35.65,1088467.0,39.35
2023-01-16,35.7,35.95,35.45,35.5,805421.0,41.27
2023-01-17,35.8,35.85,35.4,35.55,449341.0,45.22
2023-01-18,35.85,36.0,35.6,35.75,640533.0,40.03
2023-01-19,35.3,36.1,35.3,35.6,725502.0,37.19
2023-01-20,35.6,35.95,35.0,35.1,745608.0,50.68
2023-01-23,35.25,35.4,34.45,34.55,702859.0,52.35
2023-01-24,34.8,35.0,34.0,34.05,785822.0,55.34
2023-01-25,34.2,34.35,33.7,33.95,605923.0,42.98
2023-01-26,34.2,34.35,33.7,33.95,605923.0,42.98
2023-01-27,34.1,34.2,32.75,33.65,1104000.0,44.16
2023-01-30,33.65,34.0,32.9,33.2,800534.0,35.42
2023-01-31,33.4,34.4,33.15,34.2,655066.0,29.75
2023-02-01,34.7,34.75,33.0,33.4,945866.0,33.35
2023-02-02,33.2,33.8,32.85,33.2,772159.0,34.07
2023-02-03,33.7,33.7,32.55,32.8,622379.0,39.08
2023-02-06,32.85,33.1,32.4,32.8,470582.0,37.37
2023-02-07,32.8,33.1,32.55,32.65,456656.0,49.06
2023-02-08,32.8,33.0,32.45,32.8,616967.0,42.85
2023-02-09,33.15,33.7,32.8,33.25,795129.0,35.31
2023-02-10,33.35,33.5,33.05,33.3,460153.0,44.11
2023-02-13,33.3,33.4,32.25,32.5,573370.0,57.73
2023-02-14,32.6,33.1,32.0,32.35,560319.0,35.4
2023-02-15,32.4,32.6,32.2,32.35,341714.0,37.51
2023-02-16,32.55,32.95,32.4,32.85,489578.0,50.43
2023-02-17,32.9,34.1,32.65,33.6,1853961.0,25.25
2023-02-20,33.65,33.8,32.7,32.95,682591.0,34.08
2023-02-21,33.25,33.25,32.55,32.85,536077.0,46.06
2023-02-22,32.95,32.95,32.15,32.2,341372.0,47.16
2023-02-23,32.3,32.35,31.8,31.9,404961.0,50.23
2023-02-24,32.05,32.25,31.5,31.6,413159.0,48.61
2023-02-27,31.5,32.15,30.45,30.55,769159.0,53.64
2023-02-28,30.5,31.1,30.1,30.85,639001.0,36.51
2023-03-01,30.9,31.9,30.9,31.75,668149.0,38.16
2023-03-02,31.95,32.1,31.3,31.4,393924.0,46.92
2023-03-03,31.4,32.25,31.4,31.85,668128.0,40.94
2023-03-06,31.95,32.35,30.15,31.35,818361.0,42.65
2023-03-07,31.95,32.35,30.15,31.35,818361.0,42.65
2023-03-08,31.55,32.2,31.35,32.0,760433.0,38.87
2023-03-09,32.0,32.55,31.7,31.95,736787.0,41.26
2023-03-10,31.75,31.9,31.4,31.6,424538.0,48.56
2023-03-13,31.6,31.8,30.4,30.5,739221.0,56.52
2023-03-14,30.6,30.7,30.0,30.1,546351.0,57.94
2023-03-15,30.2,30.75,29.55,29.75,922872.0,48.19
2023-03-16,29.6,29.75,28.4,29.4,1092882.0,43.58
2023-03-17,29.7,30.3,29.25,29.55,676640.0,42.05
2023-03-20,29.55,32.0,29.0,31.0,6723370.0,14.0
2023-03-21,31.0,31.5,30.1,30.55,1563436.0,24.05
2023-03-22,30.75,31.15,30.05,30.55,944494.0,31.96
2023-03-23,30.55,30.6,29.75,29.95,808288.0,35.03
2023-03-24,30.0,30.4,28.75,28.95,896702.0,47.72
2023-03-27,28.95,29.1,27.5,27.85,1035551.0,56.98
2023-03-28,27.9,28.05,26.4,26.55,992546.0,58.75
2023-03-29,26.85,28.25,26.5,28.0,2172935.0,42.46
2023-03-30,26.85,28.25,26.5,28.0,2172935.0,42.46
2023-03-31,28.25,28.7,27.8,27.9,858121.0,53.1
2023-04-03,28.4,29.35,28.1,28.95,907580.0,41.21
2023-04-04,28.4,29.35,28.1,28.95,907580.0,41.21
2023-04-05,29.0,29.9,28.9,29.45,633077.0,37.62
2023-04-06,29.35,30.2,29.1,29.85,721458.0,40.21
2023-04-07,29.35,30.2,29.1,29.85,721458.0,40.21
2023-04-10,29.85,30.15,29.6,29.9,486069.0,41.47
2023-04-11,30.0,30.2,29.65,30.0,501699.0,40.06
2023-04-12,30.0,30.25,29.65,29.95,456463.0,44.79
2023-04-13,30.0,30.25,29.65,30.0,468898.0,42.15
2023-04-14,30.0,30.25,29.65,30.0,468898.0,42.15
2023-04-17,30.2,30.3,29.75,29.95,416391.0,52.39
2023-04-18,30.05,30.95,30.05,30.2,493383.0,45.12
2023-04-19,30.25,30.6,29.8,30.05,415744.0,45.1
2023-04-20,30.0,30.25,29.0,29.15,1143353.0,64.45
2023-04-21,29.2,29.3,28.8,28.95,554557.0,54.89
2023-04-24,29.0,29.65,28.8,29.2,683011.0,36.84
2023-04-25,29.2,30.15,29.2,30.0,1101513.0,41.98
2023-04-26,30.05,33.9,29.5,32.7,24401441.0,10.93
2023-04-27,32.7,32.7,31.7,31.85,2600679.0,29.26
2023-04-28,32.05,32.75,26.3,28.25,15030369.0,27.77
2023-05-01,32.05,32.75,26.3,28.25,15030369.0,27.77
2023-05-02,28.45,28.9,27.55,28.25,4986556.0,37.01
2023-05-03,28.35,29.55,28.25,28.65,4172008.0,24.03
2023-05-04,28.9,31.95,28.7,30.9,21460926.0,12.22
2023-05-05,31.0,31.45,30.5,30.7,3037843.0,26.25
2023-05-08,31.15,31.35,30.45,30.7,1852950.0,29.56
2023-05-09,30.85,31.05,30.0,30.35,1171834.0,38.31
2023-05-10,30.2,30.5,29.8,30.25,690573.0,37.2
2023-05-11,30.35,31.35,30.35,30.75,1554045.0,37.02
2023-05-12,30.6,30.9,30.2,30.35,658398.0,38.89
2023-05-15,30.35,30.5,30.1,30.2,651954.0,40.63
2023-05-16,30.4,30.8,30.15,30.2,998647.0,31.84
2023-05-17,30.3,30.55,30.0,30.05,650706.0,42.28
2023-05-18,30.3,30.5,29.75,30.0,714285.0,48.13
2023-05-19,30.0,30.1,29.55,29.75,572449.0,45.39
2023-05-22,29.85,30.15,29.5,29.65,667863.0,44.24
2023-05-23,29.7,30.1,29.6,29.65,705218.0,40.78
2023-05-24,29.8,30.1,29.5,29.7,599051.0,43.35
2023-05-25,29.85,29.95,29.55,29.7,528725.0,49.13
2023-05-26,29.7,30.95,29.7,30.4,3077171.0,27.18
2023-05-29,30.45,30.65,29.85,29.95,1054044.0,46.08
2023-05-30,30.0,30.55,29.95,30.2,764701.0,41.72
2023-05-31,30.0,30.15,29.8,29.95,589601.0,54.44
2023-06-01,30.05,30.35,29.9,30.0,609482.0,43.62
2023-06-02,30.1,30.65,30.1,30.35,1069021.0,43.91
2023-06-05,30.6,31.05,30.25,30.65,1351380.0,36.26
2023-06-06,30.85,30.85,30.4,30.45,819413.0,37.92
2023-06-07,30.45,32.2,30.45,31.55,6514627.0,32.17
2023-06-08,31.7,32.9,31.3,32.15,6145512.0,32.02
2023-06-09,32.25,32.9,31.5,32.05,2772491.0,33.76
2023-06-12,32.15,32.25,31.75,31.9,918629.0,43.38
2023-06-13,31.9,31.95,31.6,31.75,843827.0,45.83
2023-06-14,31.75,32.05,31.4,31.5,1372156.0,32.93
2023-06-15,31.5,31.6,31.0,31.1,973926.0,57.61
2023-06-16,31.15,32.9,31.15,32.2,4193236.0,37.05
2023-06-19,32.45,32.8,32.1,32.3,1646418.0,48.82
2023-06-20,32.3,34.1,32.0,33.7,6635665.0,33.57
2023-06-21,33.85,34.65,33.1,33.25,4849406.0,35.42
2023-06-22,33.35,33.65,32.6,32.85,1297877.0,41.6
2023-06-23,33.0,33.0,31.75,31.9,1550855.0,37.18
2023-06-26,32.05,32.15,31.75,31.9,771690.0,40.72
2023-06-27,31.95,32.45,31.65,31.75,929205.0,33.62
2023-06-28,31.9,32.2,31.55,31.7,672916.0,46.75
2023-06-29,31.9,32.2,31.55,31.7,672916.0,46.75
2023-06-30,31.8,32.2,31.5,31.55,941645.0,48.65
2023-07-03,31.7,31.9,31.3,31.7,1702659.0,39.87
2023-07-04,31.8,32.3,31.75,31.9,1157149.0,34.7
2023-07-05,31.95,34.5,31.9,33.4,15013440.0,16.16
2023-07-06,33.6,33.75,32.85,33.0,2934996.0,30.11
2023-07-07,33.15,33.15,32.25,32.45,1759420.0,34.58
2023-07-10,32.45,32.8,32.0,32.15,1158446.0,43.11
2023-07-11,32.3,32.9,32.15,32.45,1610317.0,32.08
2023-07-12,32.7,32.75,32.0,32.1,946337.0,45.99
2023-07-13,32.15,33.85,32.1,33.0,5273013.0,27.3
2023-07-14,33.0,34.5,32.65,34.25,5120147.0,36.54
2023-07-17,34.6,35.55,34.1,34.7,5613563.0,42.49
2023-07-18,35.05,35.05,33.75,33.9,2595833.0,35.4
2023-07-19,34.1,34.5,33.3,33.45,1624050.0,41.68
2023-07-20,33.6,33.75,33.1,33.15,1150401.0,40.5
2023-07-21,33.05,34.4,32.8,34.15,2577352.0,29.5
2023-07-24,34.15,34.6,33.6,33.7,1717033.0,35.22
2023-07-25,33.75,34.1,33.05,33.35,1640792.0,40.01
2023-07-26,33.35,34.15,33.35,33.6,1576904.0,36.15
2023-07-27,33.85,36.5,33.65,35.85,25293814.0,20.31
2023-07-28,35.95,36.2,35.05,35.15,4780040.0,27.63
2023-07-31,35.05,38.3,33.9,38.05,25524116.0,22.42
2023-08-01,38.15,39.3,37.6,38.35,12823773.0,21.57
2023-08-02,38.2,38.3,35.85,36.45,6147256.0,33.02
2023-08-03,36.45,38.25,36.2,37.75,7140517.0,21.43
2023-08-04,37.75,38.65,37.55,37.85,3494990.0,34.25
2023-08-07,37.85,38.1,37.25,37.5,2427255.0,32.9
2023-08-08,37.4,37.4,35.6,36.2,3927822.0,35.81
2023-08-09,36.05,38.5,35.95,38.15,7740611.0,27.71
2023-08-10,38.2,39.0,37.55,37.7,3985010.0,31.18
2023-08-11,37.9,40.25,37.65,38.5,10946768.0,28.6
2023-08-14,38.5,39.4,37.1,38.55,4444318.0,31.28
2023-08-15,38.5,39.4,37.1,38.55,4444318.0,31.28
2023-08-16,38.55,40.4,38.3,39.6,7794932.0,28.63
2023-08-17,39.7,40.2,38.6,38.85,4389829.0,34.3
2023-08-18,38.8,39.5,37.55,37.85,2487119.0,38.58
2023-08-21,38.05,39.3,38.0,38.55,2225202.0,33.12
2023-08-22,38.55,40.35,38.55,39.5,10353599.0,19.11
2023-08-23,39.85,44.25,39.7,43.5,68157292.0,12.99
2023-08-24,44.0,44.2,42.3,42.45,12927514.0,26.64
2023-08-25,42.4,42.5,40.9,41.5,7284957.0,21.93
2023-08-28,41.8,43.65,41.5,42.85,10977671.0,18.38
2023-08-29,42.9,43.1,42.2,42.4,3361503.0,32.5
2023-08-30,42.5,43.35,42.35,42.6,2995743.0,33.1
2023-08-31,42.85,43.15,41.85,42.1,2608584.0,31.75
2023-09-01,42.0,44.3,41.9,43.75,8170017.0,38.8
2023-09-04,44.15,52.5,44.15,52.5,56761416.0,26.62
2023-09-05,54.0,63.0,53.55,63.0,120363182.0,15.3
2023-09-06,66.45,69.3,63.85,67.5,72034683.0,21.68
2023-09-07,67.0,70.35,64.65,68.75,30920286.0,28.78
2023-09-08,69.0,69.35,64.5,65.4,18493488.0,45.41
2023-09-11,65.95,67.75,64.55,64.9,14191604.0,38.99
2023-09-12,66.1,66.1,58.45,58.45,19012785.0,38.92
2023-09-13,56.9,60.3,54.8,59.35,10043139.0,30.56
2023-09-14,60.75,65.25,59.55,61.35,16806606.0,26.88
2023-09-15,61.55,63.1,60.25,61.6,8229782.0,37.01
2023-09-18,61.85,61.85,59.4,59.85,3470509.0,52.47
2023-09-19,61.85,61.85,59.4,59.85,3470509.0,52.47
2023-09-20,59.5,60.5,58.55,59.05,2711700.0,39.83
2023-09-21,59.0,60.2,57.4,57.9,3693448.0,39.03
2023-09-22,57.7,59.05,55.8,57.4,4091341.0,34.08
2023-09-25,57.6,62.0,57.55,59.6,8677792.0,39.04
2023-09-26,60.1,60.4,58.0,58.3,3036767.0,40.7
2023-09-27,58.5,58.75,57.45,57.85,2057373.0,42.03
2023-09-28,58.0,59.0,57.3,57.85,2067973.0,39.24
2023-09-29,58.3,59.3,57.6,58.4,2615470.0,32.01
2023-10-02,58.3,59.3,57.6,58.4,2615470.0,32.01
2023-10-03,58.75,61.3,58.4,59.65,7031721.0,36.86
2023-10-04,59.85,60.0,57.7,58.75,2784293.0,31.85
2023-10-05,59.5,59.7,57.75,58.45,1939888.0,32.0
2023-10-06,58.15,59.45,58.15,59.0,2235871.0,38.36
2023-10-09,54.0,58.0,54.0,56.0,5652566.0,23.6
2023-10-10,56.5,58.95,56.4,58.3,4112411.0,26.95
2023-10-11,58.7,61.5,58.55,58.85,6605574.0,27.91
2023-10-12,59.35,70.6,58.75,70.55,131859767.0,16.64
2023-10-13,70.9,79.95,70.6,74.6,130063224.0,14.09
2023-10-16,76.9,84.95,76.0,83.2,140351298.0,11.42
2023-10-17,87.2,89.2,85.0,87.1,46509081.0,24.26
2023-10-18,82.95,82.95,78.4,78.4,24994755.0,38.46
2023-10-19,70.6,70.6,70.6,70.6,2118223.0,99.84
2023-10-20,65.0,66.65,63.55,63.55,54655222.0,29.13
2023-10-23,62.1,62.5,60.4,60.4,9044648.0,47.15
2023-10-24,62.1,62.5,60.4,60.4,9044648.0,47.15
2023-10-25,58.6,58.7,57.4,57.4,3916109.0,44.06
2023-10-26,54.55,54.55,54.55,54.55,708776.0,85.89
2023-10-27,52.6,56.6,51.85,51.9,36308608.0,26.36
2023-10-30,51.6,54.45,49.7,54.45,14945724.0,32.62
2023-10-31,55.7,57.15,54.75,55.15,14393380.0,38.74
2023-11-01,55.9,56.45,52.95,53.6,4178062.0,44.83
2023-11-02,54.55,55.25,53.6,54.3,3495297.0,39.3
2023-11-03,54.85,54.85,53.2,53.55,3374604.0,57.67
2023-11-06,54.3,56.2,53.3,53.95,6805025.0,35.82
2023-11-07,54.2,54.85,52.85,53.4,3441459.0,50.58
2023-11-08,54.05,54.2,52.6,52.75,3201007.0,63.58
2023-11-09,53.5,53.6,51.55,51.8,2529921.0,61.02
2023-11-10,51.8,52.8,51.25,51.7,2332960.0,46.16
2023-11-13,54.1,54.1,52.55,52.9,2527196.0,46.97
2023-11-14,54.1,54.1,52.55,52.9,2527196.0,46.97
2023-11-15,53.0,53.45,51.8,52.15,3795846.0,58.96
2023-11-16,52.25,53.05,52.1,52.25,1856185.0,52.28
2023-11-17,52.25,53.0,51.6,51.85,2829292.0,52.55
2023-11-20,52.45,52.5,51.35,51.45,1648516.0,59.63
2023-11-21,52.2,53.1,51.5,52.15,3680630.0,39.31
2023-11-22,52.7,54.7,52.2,52.45,10616908.0,33.11
2023-11-23,52.5,53.35,51.2,51.75,2685101.0,57.05
2023-11-24,52.0,52.5,51.25,51.45,2334173.0,52.31
2023-11-27,52.0,52.5,51.25,51.45,2334173.0,52.31
2023-11-28,51.5,51.75,50.6,50.8,2162001.0,63.92
2023-11-29,51.0,51.3,50.0,50.15,2834075.0,54.47
2023-11-30,50.15,51.1,49.9,50.3,2078869.0,55.0
2023-12-01,50.5,52.65,50.35,51.55,6347252.0,41.74
2023-12-04,52.5,52.9,51.5,51.7,3109918.0,49.62
2023-12-05,52.05,52.2,50.85,51.1,3529168.0,49.55
2023-12-06,51.55,51.6,50.5,50.7,2679590.0,59.25
2023-12-07,50.95,55.75,50.7,55.75,20570516.0,46.26
2023-12-08,57.4,61.0,57.0,58.55,28171467.0,34.74
2023-12-11,59.3,59.3,56.35,57.55,6874377.0,42.59
2023-12-12,58.2,61.8,57.0,59.95,19897399.0,29.42
2023-12-13,60.4,62.9,59.7,60.5,14696309.0,29.16
2023-12-14,61.5,62.2,59.6,60.1,6003896.0,43.37
2023-12-15,60.5,61.5,60.05,60.25,4193248.0,43.06
2023-12-18,60.3,61.85,58.85,60.85,5305856.0,33.96
2023-12-19,61.5,61.55,60.0,60.45,3628793.0,43.05
2023-12-20,61.0,61.3,55.8,56.4,7315732.0,39.82
2023-12-21,56.0,58.2,53.95,57.85,3799738.0,31.32
2023-12-22,58.0,59.55,57.85,58.7,3330984.0,37.71
2023-12-25,58.0,59.55,57.85,58.7,3330984.0,37.71
2023-12-26,58.95,61.9,58.65,59.75,8894438.0,25.98
2023-12-27,60.45,60.8,59.15,60.25,3804923.0,43.31
2023-12-28,60.6,60.8,59.3,59.4,2626880.0,41.0
2023-12-29,60.2,60.75,59.5,59.8,2898042.0,40.57
2024-01-01,60.55,61.5,60.0,60.2,3479993.0,42.47
2024-01-02,60.55,60.75,58.8,60.0,3189108.0,37.04
2024-01-03,60.0,60.6,59.35,59.6,2074733.0,46.76
2024-01-04,59.8,65.45,59.7,64.7,29130370.0,34.16
2024-01-05,65.6,66.7,62.7,63.7,12013445.0,44.2
2024-01-08,63.7,69.95,61.7,67.05,23223954.0,37.99
2024-01-09,67.8,68.45,65.35,66.2,7663659.0,37.93
2024-01-10,66.4,68.4,66.0,66.7,6085118.0,33.5
2024-01-11,66.75,69.1,65.65,67.55,9795146.0,33.59
2024-01-12,67.95,68.95,66.8,67.15,6020462.0,40.33
2024-01-15,67.45,71.1,65.9,69.25,16079714.0,30.64
2024-01-16,69.3,70.75,66.5,68.1,10206790.0,30.35
2024-01-17,67.2,71.0,66.2,67.9,9343459.0,25.53
2024-01-18,67.9,69.35,65.0,67.7,5992243.0,28.4
2024-01-19,68.3,69.9,67.7,68.1,4976008.0,37.1
2024-01-22,68.6,74.9,68.5,74.9,22022757.0,40.54
2024-01-23,77.15,79.0,67.45,68.95,13241956.0,43.94
2024-01-24,69.5,75.8,66.7,75.65,15542706.0,38.69
2024-01-25,75.8,78.5,74.0,75.3,13281031.0,39.0
2024-01-26,75.8,78.5,74.0,75.3,13281031.0,39.0
2024-01-29,76.7,82.8,75.3,80.75,23091824.0,35.87
2024-01-30,81.95,82.95,78.7,79.25,8561945.0,47.79
2024-01-31,79.7,83.5,78.85,80.85,8915572.0,37.35
2024-02-01,81.4,82.05,78.85,79.75,5729381.0,37.23
2024-02-02,80.7,86.4,80.5,84.15,18512232.0,38.65
2024-02-05,86.0,92.55,86.0,92.2,23105868.0,41.59
2024-02-06,96.0,100.7,93.65,98.7,24901957.0,33.34
2024-02-07,100.55,101.9,93.8,94.95,11445785.0,48.61
2024-02-08,96.2,96.25,90.2,90.2,6810428.0,61.12
2024-02-09,85.7,88.6,85.7,85.7,2000449.0,64.67
2024-02-12,82.05,84.0,81.45,81.45,4350695.0,47.75
2024-02-13,77.4,77.4,77.4,77.4,633580.0,92.11
2024-02-14,73.55,78.8,73.55,76.75,12227608.0,30.59
2024-02-15,79.0,80.55,78.5,80.55,1186957.0,82.48
2024-02-16,80.45,80.7,76.55,78.3,6692807.0,43.47
2024-02-19,81.8,82.2,80.9,82.2,1898790.0,48.51
2024-02-20,85.85,86.3,84.15,86.25,8934066.0,38.8
2024-02-21,87.45,90.45,83.25,84.9,7223242.0,45.87
2024-02-22,86.0,87.1,81.1,83.7,3329796.0,35.45
2024-02-23,84.8,85.75,82.2,82.6,2373442.0,48.72
2024-02-26,82.9,83.35,80.35,80.65,2120114.0,53.11
2024-02-27,80.6,80.8,77.9,78.15,1998242.0,57.0
2024-02-28,78.55,82.05,76.4,77.5,4077073.0,40.76
2024-02-29,77.9,78.45,74.65,77.3,9611216.0,82.56
2024-03-01,79.15,80.8,77.7,78.05,1998585.0,49.67
2024-03-04,79.05,79.4,77.2,77.5,1240565.0,54.19
2024-03-05,77.6,80.95,77.1,80.65,3280597.0,52.32
2024-03-06,79.3,80.6,76.65,76.65,2534163.0,60.81
2024-03-07,76.15,77.8,75.5,75.65,1514410.0,53.68
2024-03-08,76.15,77.8,75.5,75.65,1514410.0,53.68
2024-03-11,75.85,76.95,71.9,72.0,2120249.0,54.52
2024-03-12,72.65,72.7,68.5,69.6,2678198.0,59.07
2024-03-13,69.7,71.65,66.15,66.15,2435968.0,54.79
2024-03-14,63.85,69.4,62.85,68.85,3959654.0,43.02
2024-03-15,69.0,70.15,65.4,67.05,2428721.0,41.53
2024-03-18,65.7,68.25,64.6,66.1,2269547.0,46.67
2024-03-19,66.1,67.5,63.1,63.6,1685151.0,54.71
2024-03-20,64.2,64.9,62.15,62.95,1039024.0,49.17
2024-03-21,64.0,66.05,64.0,66.05,2462031.0,50.22
2024-03-22,66.4,67.45,64.6,66.3,2417006.0,50.88
2024-03-25,66.4,67.45,64.6,66.3,2417006.0,50.88
2024-03-26,66.5,67.4,64.1,64.6,2043014.0,61.05
2024-03-27,64.6,67.8,64.55,66.3,2988934.0,54.23
2024-03-28,66.8,69.25,66.15,66.45,2150351.0,57.94
2024-03-29,66.8,69.25,66.15,66.45,2150351.0,57.94
2024-04-01,67.0,69.75,66.9,69.75,2046894.0,53.58
2024-04-02,70.8,73.2,70.1,73.2,1973665.0,58.56
2024-04-03,73.2,76.85,72.7,76.85,2235441.0,53.73
2024-04-04,78.65,80.6,74.15,75.45,5865922.0,50.58
2024-04-05,76.05,78.35,72.55,77.35,5272594.0,32.29
2024-04-08,78.9,78.9,76.0,76.5,2382480.0,44.96
2024-04-09,76.8,78.35,74.45,75.35,2503453.0,37.84
2024-04-10,75.6,78.5,74.4,76.55,3371293.0,37.28
2024-04-11,75.6,78.5,74.4,76.55,3371293.0,37.28
2024-04-12,76.0,76.85,74.8,75.55,1515968.0,45.66
2024-04-15,71.0,73.55,70.0,71.65,2665623.0,43.74
2024-04-16,70.85,74.1,70.55,72.3,1683671.0,35.44
2024-04-17,70.85,74.1,70.55,72.3,1683671.0,35.44
2024-04-18,73.3,73.85,70.5,70.95,1516575.0,50.24
2024-04-19,70.0,72.5,68.45,70.85,2237168.0,25.39
2024-04-22,72.0,73.25,71.6,72.55,1282891.0,39.41
2024-04-23,73.0,76.7,72.55,74.85,4235972.0,30.13
2024-04-24,75.7,77.1,73.3,75.35,2860590.0,35.51
2024-04-25,75.25,76.15,74.45,74.7,1656547.0,44.97
2024-04-26,75.0,78.5,74.5,76.55,6657810.0,33.89
2024-04-29,76.55,78.0,75.5,75.75,2294505.0,53.01
2024-04-30,75.95,76.3,73.9,74.1,1793331.0,62.91
2024-05-01,75.95,76.3,73.9,74.1,1793331.0,62.91
2024-05-02,74.5,76.3,73.25,74.8,1873956.0,36.19
2024-05-03,75.4,75.7,73.55,74.0,1558619.0,48.16
2024-05-06,74.6,74.75,71.4,72.35,1481164.0,41.39
2024-05-07,72.4,73.25,70.0,70.45,1538305.0,39.5
2024-05-08,70.2,71.8,69.6,70.8,1316908.0,35.42
2024-05-09,70.95,71.5,68.3,68.9,1139920.0,45.1
2024-05-10,69.0,70.05,67.05,69.0,1515222.0,26.64
2024-05-13,70.0,70.1,67.0,69.05,1421762.0,32.35
2024-05-14,69.55,71.9,69.3,71.55,1713388.0,41.36
2024-05-15,71.85,74.25,71.6,72.9,2833703.0,32.73
2024-05-16,73.3,73.6,71.3,71.85,1367873.0,46.94
2024-05-17,72.3,75.55,72.0,74.85,3466070.0,39.23
2024-05-20,74.8,76.0,74.8,75.5,683811.0,66.38
2024-05-21,76.0,77.45,74.5,75.45,4422288.0,38.5
2024-05-22,76.0,78.35,74.8,75.75,3814454.0,35.62
2024-05-23,76.2,77.5,75.0,75.45,2139083.0,41.46
2024-05-24,75.5,75.5,73.65,73.9,3112013.0,47.87
2024-05-27,74.15,75.6,73.25,73.4,1785803.0,48.32
2024-05-28,73.6,74.1,70.65,71.75,1924560.0,47.51
2024-05-29,72.5,72.55,70.65,71.9,1566461.0,35.01
2024-05-30,71.9,72.4,70.0,70.25,1395455.0,51.36
2024-05-31,70.35,71.25,69.5,70.3,1332169.0,42.57
2024-06-03,75.1,75.1,72.35,73.25,2447937.0,56.91
2024-06-04,73.25,73.45,65.95,68.0,3355525.0,50.58
2024-06-05,68.05,69.25,63.0,67.6,2199151.0,42.1
2024-06-06,68.25,70.4,67.25,67.9,3058725.0,49.04
2024-06-07,70.0,71.1,68.6,70.15,2885516.0,30.97
2024-06-10,70.8,73.35,70.0,71.46,3223194.0,30.57
2024-06-11,72.09,75.0,71.19,73.42,4877107.0,29.33
2024-06-12,73.96,79.79,73.15,77.97,22128968.0,26.87
2024-06-13,78.65,79.14,76.11,77.26,5160479.0,36.51
2024-06-14,77.02,78.4,76.0,76.25,3575580.0,38.52
2024-06-17,77.02,78.4,76.0,76.25,3575580.0,38.52
2024-06-18,76.84,85.82,75.56,83.83,37956780.0,20.4
2024-06-19,84.6,87.5,83.0,83.41,22155669.0,30.99
2024-06-20,83.4,86.48,82.55,83.0,8361122.0,28.87
2024-06-21,83.3,83.83,80.5,80.94,5392309.0,36.32
2024-06-24,81.0,86.31,79.82,83.69,13869952.0,22.97
2024-06-25,84.38,84.7,82.2,82.44,3239371.0,35.04
2024-06-26,82.9,83.02,81.34,81.63,2912417.0,31.39
2024-06-27,81.4,82.22,77.82,78.87,3298393.0,42.67
2024-06-28,79.48,80.87,78.5,78.96,2471639.0,32.47
2024-07-01,79.2,80.35,77.51,78.27,2669545.0,36.96
2024-07-02,78.47,80.37,76.96,79.26,3097603.0,25.26
2024-07-03,79.68,91.0,79.51,85.66,79300731.0,14.71
2024-07-04,85.9,88.1,83.91,85.79,15853825.0,23.14
2024-07-05,86.0,87.57,84.8,85.21,9207098.0,30.03
2024-07-08,85.21,87.0,83.1,83.36,6644255.0,34.43
2024-07-09,84.19,85.8,82.7,84.34,4155848.0,26.74
2024-07-10,84.69,85.21,80.37,82.69,4498448.0,31.07
2024-07-11,82.94,87.32,82.4,85.82,10954816.0,28.83
2024-07-12,87.0,93.85,86.24,88.61,44404178.0,25.72
2024-07-15,89.5,98.5,86.5,95.02,57084361.0,27.08
2024-07-16,95.65,96.05,90.4,90.97,14638041.0,36.93
2024-07-17,95.65,96.05,90.4,90.97,14638041.0,36.93
2024-07-18,91.19,94.3,87.74,90.7,15293230.0,22.56
2024-07-19,90.65,91.86,85.52,86.08,10170998.0,27.17
2024-07-22,85.0,90.71,84.1,87.74,10942418.0,16.92
2024-07-23,87.74,88.2,80.15,85.5,9730978.0,22.64
2024-07-24,85.78,102.6,84.96,102.6,89095985.0,22.11
2024-07-25,103.0,123.12,102.6,120.91,154350289.0,11.46
2024-07-26,128.5,131.8,105.1,106.82,104930531.0,21.61
2024-07-29,107.9,109.4,104.0,105.03,30063860.0,24.17
2024-07-30,105.05,116.33,105.05,111.41,66070426.0,15.68
2024-07-31,112.71,113.6,108.63,111.16,18813295.0,18.68
2024-08-01,111.66,112.48,106.5,109.05,14145822.0,23.68
2024-08-02,107.0,108.4,104.31,107.23,11195465.0,21.13
2024-08-05,102.25,104.85,98.5,99.03,16220305.0,32.97
2024-08-06,101.64,105.5,98.17,98.84,19843811.0,16.55
2024-08-07,102.65,103.4,99.2,101.32,10905396.0,19.17
2024-08-08,101.0,104.73,100.3,101.24,13276045.0,18.3
2024-08-09,102.24,103.45,97.4,100.38,9169644.0,21.91
2024-08-12,98.1,103.35,95.6,101.83,15117269.0,18.27
2024-08-13,102.0,108.35,100.47,103.29,26532019.0,17.48
2024-08-14,103.8,104.4,99.13,100.02,9726487.0,23.97
2024-08-15,103.8,104.4,99.13,100.02,9726487.0,23.97
2024-08-16,101.0,101.91,99.41,99.8,5092148.0,25.67
2024-08-19,100.0,106.8,99.56,104.33,18320988.0,17.41
2024-08-20,105.0,105.52,102.27,103.39,8490723.0,20.31
2024-08-21,103.69,105.54,102.67,103.8,7374048.0,22.68
2024-08-22,104.23,106.32,103.1,103.94,8610415.0,22.14
2024-08-23,104.0,105.62,102.65,103.39,5336556.0,27.68
2024-08-26,103.0,103.49,100.33,100.89,6824364.0,30.47
2024-08-27,101.0,102.77,100.31,101.53,5460207.0,22.51
2024-08-28,101.74,105.24,101.5,102.46,11194770.0,22.57
2024-08-29,102.9,103.28,100.73,101.64,3615473.0,24.58
2024-08-30,102.05,103.48,100.45,100.94,4831027.0,24.88
2024-09-02,101.4,101.65,99.32,99.78,3444730.0,31.66
2024-09-03,99.78,100.97,98.7,99.19,3644629.0,37.61
2024-09-04,98.0,99.8,97.2,97.89,3154593.0,32.43
2024-09-05,98.4,99.75,97.75,98.15,2569343.0,31.09
2024-09-06,98.3,98.86,95.1,95.42,2916781.0,36.48
2024-09-09,95.6,95.7,92.4,94.19,3594436.0,30.24
2024-09-10,94.37,96.93,94.37,96.21,3808121.0,21.25
2024-09-11,96.21,97.15,93.14,93.47,2421453.0,35.67
2024-09-12,94.0,94.77,92.72,94.3,2577755.0,33.45
2024-09-13,94.8,96.45,94.21,95.12,2642959.0,23.8
2024-09-16,95.75,97.3,94.21,95.25,2314452.0,23.83
2024-09-17,95.69,96.16,93.9,94.07,1750181.0,35.49
2024-09-18,94.1,94.6,91.82,92.18,1739511.0,40.75
2024-09-19,92.2,93.3,88.5,90.01,2632442.0,31.42
2024-09-20,90.35,92.24,89.75,91.33,2317438.0,26.34
2024-09-23,91.9,96.0,90.28,94.34,4203125.0,25.64
2024-09-24,94.29,94.57,91.5,91.88,1783928.0,46.81
2024-09-25,91.88,92.25,90.61,91.18,1497645.0,37.25
2024-09-26,90.99,91.32,89.51,89.91,1255010.0,41.09
2024-09-27,90.5,92.67,89.24,89.73,2857555.0,32.54
2024-09-30,90.13,90.7,89.1,89.59,1843442.0,36.95
2024-10-01,90.0,91.17,89.6,90.04,1416125.0,33.94
2024-10-02,90.0,91.17,89.6,90.04,1416125.0,33.94
2024-10-03,87.0,89.49,86.1,86.69,2204079.0,43.5
2024-10-04,86.05,87.59,83.95,85.76,2085339.0,25.9
2024-10-07,86.3,87.24,80.72,81.11,2891630.0,42.28
2024-10-08,80.05,85.54,80.05,85.15,3284221.0,21.66
2024-10-09,85.85,86.83,84.46,85.0,2340592.0,31.9
2024-10-10,85.58,86.39,84.21,84.67,1114354.0,34.74
2024-10-11,85.2,85.92,84.25,85.06,910419.0,28.77
2024-10-14,85.75,86.5,83.25,83.73,1117129.0,46.31
2024-10-15,83.82,85.13,83.2,83.59,979417.0,33.67
2024-10-16,83.5,85.4,83.22,84.45,1282587.0,30.18
2024-10-17,84.5,84.79,81.4,81.71,990234.0,48.9
2024-10-18,81.74,85.3,80.1,82.3,3230111.0,21.93
2024-10-21,82.5,82.89,78.84,79.25,1689713.0,37.38
2024-10-22,79.25,79.25,74.91,75.3,2252466.0,33.35
2024-10-23,75.69,77.35,73.4,76.66,1875315.0,22.17
2024-10-24,76.25,78.1,75.3,76.11,1759206.0,19.87
2024-10-25,76.49,76.99,72.16,73.41,1986150.0,27.33
2024-10-28,73.35,75.67,72.81,74.83,1803422.0,27.69
2024-10-29,74.95,76.39,74.05,75.38,1443992.0,24.05
2024-10-30,75.55,79.35,75.55,78.64,2249237.0,23.59
2024-10-31,78.9,80.34,77.55,78.8,1208897.0,28.53
2024-11-01,79.11,80.1,79.0,79.84,469437.0,43.99
2024-11-04,80.3,80.31,77.0,77.17,1080123.0,35.07
2024-11-05,77.11,78.55,76.23,77.87,1340472.0,21.35
2024-11-06,78.06,81.67,78.06,80.75,2098963.0,30.07
2024-11-07,81.0,82.55,80.22,80.81,1786875.0,30.42
2024-11-08,81.15,82.0,78.0,78.47,2168953.0,22.59
2024-11-11,78.46,79.79,77.12,78.01,1320734.0,28.75
2024-11-12,78.67,85.44,77.79,79.42,20548489.0,8.98
2024-11-13,79.17,79.38,74.79,75.44,3450330.0,25.93
2024-11-14,75.99,77.04,74.77,75.35,2302889.0,19.63
2024-11-18,76.7,76.7,73.81,75.54,2450103.0,15.24
2024-11-19,76.7,77.87,74.61,75.27,1957858.0,22.22
2024-11-20,76.7,77.87,74.61,75.27,1957858.0,22.22
2024-11-21,75.26,75.26,73.11,73.62,1715867.0,24.7
2024-11-22,73.71,74.79,73.12,74.4,1407048.0,21.12
2024-11-25,76.09,77.78,75.4,76.42,2244910.0,21.08
2024-11-26,77.19,78.83,76.56,77.89,1980821.0,25.25
2024-11-27,78.35,80.35,77.31,78.17,3071653.0,30.86
2024-11-28,78.69,81.13,78.33,79.34,2679721.0,24.07
2024-11-29,79.35,79.78,77.49,78.62,1346514.0,30.2
2024-12-02,78.62,82.44,77.39,81.46,7015340.0,18.95
2024-12-03,81.95,82.6,79.61,80.49,2412798.0,38.24
2024-12-04,80.49,81.75,79.8,79.97,1729035.0,35.33
2024-12-05,80.8,82.22,79.85,80.18,3671119.0,30.91
2024-12-06,80.59,85.88,80.2,83.78,11372771.0,20.96
2024-12-09,84.01,85.3,81.28,82.01,3762545.0,34.66
2024-12-10,82.59,83.99,79.71,82.35,6141815.0,37.72
2024-12-11,83.6,83.7,80.71,81.13,2187355.0,40.53
2024-12-12,81.46,82.08,80.12,80.81,1387616.0,36.53
2024-12-13,80.5,80.53,78.33,79.55,1855380.0,32.66
2024-12-16,79.57,81.19,77.5,77.72,2012771.0,44.39
2024-12-17,77.9,78.73,77.71,78.04,1659556.0,34.54
2024-12-18,78.04,78.49,76.34,76.76,1478298.0,27.76
2024-12-19,75.7,78.21,75.01,75.78,1934452.0,22.87
2024-12-20,76.05,76.59,74.02,74.3,1046770.0,38.95
2024-12-23,74.5,74.87,72.6,72.96,1050334.0,32.62
2024-12-24,72.87,73.73,72.5,72.79,958687.0,31.95
2024-12-25,72.87,73.73,72.5,72.79,958687.0,31.95
2024-12-26,73.08,74.49,72.3,72.45,1523540.0,22.62
2024-12-27,72.6,75.1,71.95,73.2,2441268.0,17.23
2024-12-30,73.2,73.58,71.5,71.75,1275324.0,28.87
2024-12-31,71.5,72.9,71.06,72.56,1154840.0,28.08
2025-01-01,72.99,74.35,72.65,74.03,1204555.0,31.28
2025-01-02,74.01,74.9,73.15,74.0,1155586.0,25.9
2025-01-03,74.0,75.46,74.0,74.5,1469476.0,30.42
2025-01-06,74.6,74.8,69.39,69.72,1668042.0,42.76
2025-01-07,70.0,71.25,69.67,70.94,1115031.0,29.61
2025-01-08,71.0,80.75,69.82,76.22,50812526.0,5.44
2025-01-09,76.22,76.45,73.75,74.46,5656151.0,12.5
2025-01-10,73.77,73.99,70.0,70.22,3098559.0,24.84
2025-01-13,69.46,70.57,66.4,66.85,2814196.0,26.0
2025-01-14,67.0,69.26,66.89,68.92,1748481.0,22.07
2025-01-15,70.1,70.1,68.14,68.82,1427192.0,25.23
2025-01-16,70.0,70.9,69.01,70.08,1390323.0,26.95
2025-01-17,70.0,74.37,69.35,71.47,3565991.0,16.51
2025-01-20,73.0,73.21,71.24,72.07,1343581.0,23.11
2025-01-21,72.99,74.65,70.7,71.39,2934791.0,17.76
2025-01-22,71.39,71.4,68.51,69.59,1642460.0,21.92
2025-01-23,69.59,71.3,69.11,69.59,1815324.0,14.45
2025-01-24,68.9,70.5,68.49,69.18,1466681.0,21.0
2025-01-27,68.6,68.61,65.85,66.71,1675562.0,30.76
2025-01-28,67.7,68.38,63.4,64.81,1691955.0,24.11
2025-01-29,65.0,67.45,65.0,67.22,1259283.0,22.93
2025-01-30,67.44,69.14,67.01,67.6,1126627.0,25.39
2025-01-31,67.5,69.92,66.87,69.36,1449856.0,23.04
2025-02-03,66.51,67.69,66.0,66.27,628794.0,35.18
2025-02-04,67.94,68.09,66.43,67.08,668147.0,35.22
2025-02-05,67.5,69.85,67.5,68.29,1581615.0,26.12
2025-02-06,68.3,68.8,67.5,67.73,624012.0,35.56
2025-02-07,67.51,67.74,66.5,66.71,705707.0,35.34
2025-02-10,66.6,66.97,65.45,65.9,642556.0,35.59
2025-02-11,65.6,65.77,63.1,63.8,1078671.0,39.95
2025-02-12,63.05,63.48,59.55,61.53,1927024.0,27.93
2025-02-13,61.53,63.17,61.5,61.66,1001733.0,33.47
2025-02-14,60.25,61.0,57.0,57.64,2638242.0,31.17
2025-02-17,56.68,58.05,55.0,56.2,2824772.0,38.01
2025-02-18,53.36,56.52,53.36,54.25,2050716.0,19.55
2025-02-19,54.02,56.95,53.84,56.12,1514770.0,31.54
2025-02-20,55.5,58.0,55.25,57.75,1120907.0,27.94
2025-02-21,58.0,59.32,56.0,56.45,1546382.0,29.96
2025-02-24,56.4,56.4,54.6,54.98,990410.0,39.33
2025-02-25,54.56,55.79,53.5,53.6,1138311.0,38.18
2025-02-27,53.81,54.15,50.51,50.9,1401905.0,42.12
2025-02-28,48.01,51.0,48.01,49.28,1796035.0,26.31
2025-03-03,49.51,50.35,46.5,48.82,2021038.0,28.69
2025-03-04,48.49,50.72,48.04,50.15,1439470.0,27.27
2025-03-05,50.15,52.65,49.75,51.82,1333376.0,30.2
2025-03-06,52.9,55.9,52.5,54.06,3002949.0,19.62
2025-03-07,54.2,56.44,53.85,55.22,1978527.0,25.56
2025-03-10,55.0,56.7,52.31,52.61,1439414.0,34.62
2025-03-11,51.01,53.8,50.99,51.58,949083.0,32.3
2025-03-12,52.85,52.98,50.51,50.76,1149824.0,30.22
2025-03-13,51.06,51.46,50.11,50.41,955211.0,41.55
2025-03-17,50.6,50.96,49.21,49.46,1091262.0,38.03
2025-03-18,50.4,51.57,49.83,50.72,1878079.0,37.69
2025-03-19,51.18,54.99,51.15,53.56,2692023.0,27.34
2025-03-20,54.0,54.99,53.05,53.87,2082085.0,34.34
2025-03-21,53.05,55.75,53.05,54.84,2019006.0,35.19
2025-03-24,55.33,57.5,55.2,55.9,2177914.0,39.44
2025-03-25,56.19,56.38,53.43,53.69,1605335.0,44.28
2025-03-26,53.67,55.5,52.3,52.49,2933227.0,28.35
2025-03-27,52.45,59.39,51.19,54.08,16165378.0,16.01
2025-03-28,54.36,55.52,52.01,52.18,2738668.0,42.54
2025-04-01,51.49,54.4,51.37,53.96,2058103.0,19.59
2025-04-02,54.01,55.9,52.59,54.26,2429988.0,24.48
2025-04-03,53.72,54.86,52.75,54.56,1310214.0,27.31
2025-04-04,54.0,54.44,50.8,51.55,2038968.0,43.32
2025-04-07,44.5,49.05,44.5,48.41,2485780.0,32.44
2025-04-08,50.8,51.45,49.31,49.89,1750319.0,21.51
2025-04-09,50.25,50.25,48.01,48.95,875657.0,36.44
2025-04-11,50.47,50.9,49.76,50.36,1022782.0,28.15
2025-04-15,51.0,52.9,50.92,52.76,1820113.0,36.55
2025-04-16,53.2,54.6,52.6,53.62,2166308.0,28.38
2025-04-17,53.72,54.6,53.3,53.79,1279044.0,34.64
2025-04-21,54.15,55.3,53.67,54.91,1524334.0,37.08
2025-04-22,55.2,56.37,54.71,55.74,1742336.0,43.93
2025-04-23,55.75,56.7,54.8,55.83,1489009.0,34.5
2025-04-24,55.8,65.7,55.5,61.85,50705153.0,8.25
2025-04-25,61.61,61.68,57.74,58.28,8872622.0,15.31
2025-04-28,58.1,58.77,56.9,58.12,4312881.0,15.95
2025-04-29,56.44,59.36,56.44,57.31,3376273.0,17.35
2025-04-30,57.48,57.48,55.8,56.19,2056297.0,20.99
2025-05-02,56.33,56.85,55.12,55.41,2136611.0,24.16
2025-05-05,55.41,57.11,55.23,56.43,1823993.0,22.33
2025-05-06,56.43,56.82,53.3,53.67,1620353.0,33.12
2025-05-07,52.0,54.28,52.0,53.89,1495839.0,19.13
2025-05-08,54.08,55.21,52.02,52.87,1129064.0,26.17
2025-05-09,50.5,52.77,50.5,52.28,1667683.0,26.04
2025-05-12,54.3,56.8,54.3,56.38,2526864.0,29.04
2025-05-13,56.85,57.7,55.85,56.88,1479229.0,27.81
2025-05-14,57.33,60.8,57.16,59.42,5977889.0,25.15
2025-05-15,59.6,60.5,59.0,60.09,2399539.0,23.35
2025-05-16,60.16,62.5,60.05,61.77,4644290.0,29.16
2025-05-19,62.0,63.55,61.19,61.59,3412964.0,34.16
2025-05-20,61.59,62.97,60.29,61.08,2486613.0,24.78
2025-05-21,61.0,62.9,60.35,61.9,2704381.0,19.33
2025-05-22,61.9,62.49,60.51,61.21,1960480.0,25.53
2025-05-23,61.48,66.43,60.69,63.68,15942800.0,15.48
2025-05-26,64.0,65.33,63.81,64.08,3427990.0,27.1
2025-05-27,64.2,64.3,63.2,63.88,2287605.0,26.09
2025-05-28,64.0,72.47,63.92,69.42,62446260.0,9.39
2025-05-29,70.7,83.3,70.7,81.11,201711846.0,8.32
2025-05-30,84.48,88.19,80.0,85.77,122328454.0,11.04
2025-06-02,84.4,84.4,77.3,78.03,23464250.0,23.07
2025-06-03,78.75,79.02,76.55,77.07,8525619.0,22.33
2025-06-04,76.94,79.3,73.38,78.05,10239415.0,28.81
2025-06-05,78.25,78.3,76.0,76.2,3650988.0,38.46
2025-06-23,66.12,70.74,66.1,70.03,1582637.0,52.32
2025-06-24,70.8,71.5,68.92,69.24,1230241.0,48.06
2025-06-25,69.35,72.2,69.35,71.31,1531402.0,45.26
2025-06-26,72.0,72.64,70.5,71.19,1095290.0,41.39
2025-06-27,71.87,71.87,70.5,70.61,913565.0,51.37
2025-06-30,70.99,73.65,70.3,72.77,2149729.0,47.54
2025-07-01,73.0,73.47,71.5,72.0,1019450.0,46.82
2025-07-02,72.5,72.5,70.83,70.96,651335.0,53.51
2025-07-03,71.6,71.6,69.69,70.34,710970.0,45.62
2025-07-04,71.35,71.35,69.61,70.03,703879.0,51.44
2025-07-07,70.0,70.94,68.9,69.66,631092.0,44.23
2025-07-08,69.99,70.94,69.0,69.36,484726.0,47.95
2025-07-09,69.64,70.64,69.0,69.13,457348.0,53.13
2025-07-10,69.9,70.35,68.1,68.78,741273.0,49.84
2025-07-11,68.78,69.59,67.8,67.96,683772.0,56.68
2025-07-14,68.15,68.5,67.02,67.88,534161.0,48.18
2025-07-15,68.09,69.74,68.01,68.5,510331.0,47.99
2025-07-16,68.55,69.48,68.5,68.66,547154.0,50.59
2025-07-17,69.11,69.2,68.1,68.28,420045.0,56.72
2025-07-18,68.64,68.87,67.55,68.1,575305.0,46.69
2025-07-21,68.2,72.0,67.52,70.68,4624082.0,25.44
2025-07-22,71.8,72.8,70.1,70.29,1677112.0,41.94
2025-07-23,70.64,70.64,68.7,69.17,734595.0,49.0
2025-07-24,69.49,69.56,68.35,68.68,445927.0,56.67
2025-07-25,68.0,68.5,66.71,67.13,631197.0,60.23
2025-07-28,67.0,67.24,64.5,65.34,692929.0,55.02
2025-07-29,64.65,66.98,64.3,66.01,571232.0,43.55
2025-07-30,66.29,66.95,65.45,65.59,249194.0,56.72
2025-07-31,64.0,65.15,63.56,64.63,426295.0,52.09
2025-08-01,64.4,69.47,64.4,66.27,1730537.0,26.03
2025-08-04,65.65,67.75,65.25,65.6,542779.0,43.61
2025-08-05,66.0,66.55,65.5,65.71,458788.0,43.56
2025-08-06,66.1,66.3,64.71,64.9,376036.0,49.98
2025-08-07,64.94,65.8,62.22,64.42,761011.0,32.28
2025-08-08,64.8,64.9,63.05,63.26,466187.0,45.78
2025-08-11,63.26,63.5,61.81,62.81,639046.0,49.16
2025-08-12,62.15,63.19,61.9,62.01,575802.0,46.53
2025-08-13,62.31,63.18,62.3,62.69,495666.0,36.97
2025-08-14,62.69,63.08,62.0,62.13,269250.0,43.94
2025-08-18,62.5,63.62,62.5,63.01,410180.0,51.05
2025-08-19,63.01,66.51,63.01,65.3,1908035.0,24.93
2025-08-20,65.89,66.09,64.8,65.49,575443.0,35.67
2025-08-21,66.0,66.7,64.66,65.07,553671.0,45.35
2025-08-22,65.2,65.32,64.02,64.13,325970.0,50.31
2025-08-25,65.8,65.8,63.7,63.83,445908.0,46.57
2025-08-26,63.83,63.9,62.0,62.21,315058.0,58.35
2025-08-28,62.1,63.24,60.8,61.38,731683.0,28.77
2025-08-29,61.39,61.94,60.2,60.79,463731.0,49.96
2025-09-01,60.79,62.55,60.79,62.23,729319.0,40.32
2025-09-02,62.39,63.92,62.2,62.87,758308.0,34.88
2025-09-03,62.87,65.6,62.81,64.53,1011210.0,32.99
2025-09-04,65.0,65.28,63.2,63.38,546510.0,39.78
2025-09-05,63.25,67.2,62.96,64.54,2787836.0,21.74
2025-09-08,65.1,67.2,64.36,65.22,1675775.0,30.51
2025-09-09,65.69,65.85,64.12,64.47,763542.0,33.35
2025-09-10,64.65,66.28,64.56,65.05,656831.0,33.85
2025-09-11,65.03,66.77,64.3,64.85,1427909.0,29.35
2025-09-12,65.17,65.56,64.35,64.84,510506.0,47.32
2025-09-15,65.1,68.6,65.1,66.27,2463164.0,31.94
2025-09-16,66.73,66.8,65.74,66.09,666376.0,40.47
2025-09-17,66.61,67.61,65.84,66.09,975845.0,34.0
2025-09-18,66.45,67.41,66.0,66.34,687204.0,40.29
2025-09-19,66.44,69.19,65.92,67.39,3248981.0,28.32
2025-09-22,68.24,73.88,67.21,70.96,23127727.0,16.26
2025-09-23,71.45,71.45,69.21,70.14,2664107.0,30.26
2025-09-24,70.4,70.59,67.9,68.25,1791976.0,34.82
2025-09-25,68.85,71.38,67.5,68.19,7343678.0,17.79
2025-09-26,68.0,68.1,65.13,65.51,1576222.0,39.46
2025-09-29,65.6,66.39,64.2,64.66,1500545.0,28.16
2025-09-30,65.5,65.54,64.25,64.74,1065603.0,36.66
2025-10-01,65.7,65.88,64.0,65.41,1048830.0,31.55
2025-10-03,65.9,70.5,65.58,69.63,9126195.0,18.13
2025-10-06,70.1,71.75,69.0,70.05,3641740.0,28.08
2025-10-07,70.2,70.4,68.1,68.37,1694314.0,37.01
2025-10-08,69.8,73.7,68.54,70.71,18465242.0,15.5
2025-10-09,70.26,72.53,69.81,71.72,4806908.0,20.92
2025-10-10,71.8,73.24,70.05,70.55,3487469.0,23.94
2025-10-13,69.89,70.19,68.71,69.18,1623214.0,29.04
2025-10-14,69.0,69.76,67.0,67.61,1607527.0,35.09
2025-10-15,67.65,69.29,67.08,68.04,1728950.0,26.48
2025-10-16,68.04,69.25,67.85,68.1,1185466.0,33.14
2025-10-17,68.1,69.24,67.39,68.13,1641302.0,29.62
2025-10-20,68.2,68.47,66.61,67.64,1133448.0,32.91
2025-10-21,67.81,68.99,67.81,68.3,342983.0,47.83
2025-10-22,67.81,68.99,67.81,68.3,342983.0,47.83
2025-10-23,68.49,68.85,67.16,67.4,969908.0,45.89
2025-10-24,67.6,68.86,66.8,67.38,1188094.0,33.12
2025-10-27,67.1,67.67,66.8,67.04,865987.0,34.12
2025-10-28,67.2,67.72,66.64,66.8,897630.0,34.75
2025-10-29,66.8,71.45,66.7,68.75,11497532.0,15.66
2025-10-30,68.4,70.35,68.12,69.62,3162048.0,26.89
2025-10-31,69.3,69.69,68.4,68.73,1040608.0,38.87
2025-11-03,69.0,70.66,67.53,68.01,4187572.0,23.95
2025-11-04,67.1,68.52,67.1,67.54,1215928.0,35.8
2025-11-05,67.1,68.52,67.1,67.54,1215928.0,35.8
2025-11-06,67.2,67.73,65.72,66.08,1260438.0,40.76
2025-11-07,65.9,66.0,64.51,65.32,1125025.0,26.5
2025-11-10,65.65,67.16,65.48,66.03,1302641.0,22.82
2025-11-11,67.7,67.7,65.66,66.4,1627996.0,22.89
2025-11-12,66.6,67.04,66.28,66.58,718519.0,44.74
2025-11-13,66.57,68.2,66.0,66.79,1460277.0,32.62
2025-11-14,67.0,67.5,65.39,65.65,1012814.0,41.38
2025-11-17,65.5,66.57,65.3,65.44,659339.0,39.7
2025-11-18,65.45,65.78,64.5,64.62,707348.0,43.98
2025-11-19,64.55,64.72,63.72,64.3,667929.0,45.81
2025-11-20,64.35,65.7,63.8,63.97,922512.0,27.9
2025-11-21,64.03,64.08,62.1,62.42,624203.0,56.23
2025-11-24,63.08,63.08,60.0,60.18,930065.0,49.98
2025-11-25,60.8,61.35,60.1,60.28,748645.0,32.81
2025-11-26,61.01,61.62,60.5,61.29,850913.0,39.8
2025-11-27,61.84,62.4,60.7,60.87,721522.0,41.07
2025-11-28,60.81,61.5,60.25,60.52,677746.0,32.87
2025-12-01,60.99,60.99,52.5,59.68,845986.0,48.56
2025-12-02,59.5,59.82,59.0,59.27,530698.0,41.73
2025-12-03,59.27,59.75,57.74,58.35,818400.0,49.72
2025-12-04,59.0,59.0,57.51,57.7,693692.0,45.69
2025-12-05,57.51,57.98,56.2,56.53,836796.0,45.6
2025-12-08,56.54,56.7,54.05,54.49,932140.0,45.3
2025-12-09,54.0,54.7,51.23,53.67,4289641.0,39.02
2025-12-10,53.67,58.18,53.06,55.11,22402971.0,6.98
2025-12-11,54.3,56.21,53.36,53.97,3136718.0,19.33
2025-12-12,54.5,55.97,53.71,55.3,4468197.0,12.97
2025-12-15,53.37,56.43,53.37,55.87,2017414.0,22.99
2025-12-16,55.9,56.0,54.0,54.88,914780.0,34.85
2025-12-17,54.75,55.65,53.6,54.04,936118.0,37.98
2025-12-18,54.04,54.4,53.09,54.14,1254725.0,26.65
2025-12-19,54.14,55.5,54.14,55.26,1026012.0,38.61
2025-12-22,55.45,57.15,55.45,56.48,1607668.0,34.62
2025-12-23,56.76,58.98,56.44,57.22,3436377.0,25.55
2025-12-24,57.2,59.5,57.1,57.53,3215013.0,29.86
2025-12-25,57.2,59.5,57.1,57.53,3215013.0,29.86
2025-12-26,57.75,65.4,57.25,64.24,71880168.0,6.94
2025-12-29,66.2,71.95,66.0,70.67,107487017.0,6.83
2025-12-30,69.5,69.5,66.56,67.54,26268679.0,9.53
2025-12-31,67.25,69.03,66.5,67.23,6473162.0,17.53
2026-01-01,67.0,67.01,65.5,65.71,2965343.0,23.67
2026-01-02,65.39,71.0,65.39,67.3,17631214.0,14.47
2026-01-05,67.7,69.2,66.66,67.48,4050320.0,21.11
2026-01-06,67.7,67.98,66.0,66.64,2747373.0,24.85
2026-01-07,66.3,70.47,65.9,67.98,9444859.0,14.43
2026-01-08,67.55,68.32,65.0,65.76,3630878.0,21.33
2026-01-09,65.39,65.74,62.12,63.1,3400564.0,22.92
2026-01-12,63.33,63.99,61.61,63.52,3408212.0,18.72
2026-01-13,64.14,64.82,62.64,63.55,2705091.0,15.74
2026-01-14,63.9,72.7,63.86,71.58,119531400.0,7.25
2026-01-15,63.9,72.7,63.86,71.58,119531400.0,7.25
2026-01-16,70.8,70.8,68.03,68.87,14544426.0,13.55
2026-01-19,68.67,71.23,67.5,68.66,10906781.0,13.0
2026-01-20,68.49,68.66,64.73,65.14,6803679.0,18.44
2026-01-21,65.25,67.6,64.0,65.85,11664696.0,8.56
2026-01-22,66.45,66.65,64.2,64.93,3755777.0,20.27
2026-01-23,65.23,65.93,62.85,63.83,5024975.0,19.53
2026-01-26,65.23,65.93,62.85,63.83,5024975.0,19.53
2026-01-27,64.96,66.03,62.95,64.49,4935086.0,14.57
2026-01-28,64.7,69.94,64.7,67.71,21213521.0,12.22
2026-01-29,68.33,70.45,67.54,68.99,11846228.0,15.99
2026-01-30,68.48,68.48,64.76,65.1,6018447.0,30.33
2026-02-02,62.98,63.59,60.37,62.87,3308733.0,20.39
2026-02-03,65.31,65.48,63.13,63.95,2732691.0,28.29
2026-02-04,64.0,66.24,63.32,64.99,2947508.0,22.78
2026-02-05,64.82,65.1,63.0,63.13,1952224.0,32.62
2026-02-06,63.14,64.79,62.32,64.12,2038443.0,23.51
2026-02-09,64.85,66.69,63.89,66.06,4732230.0,24.46
2026-02-10,65.8,67.3,65.31,66.17,3014794.0,30.47
2026-02-11,66.3,67.11,65.25,66.11,1904720.0,31.83
2026-02-12,66.29,66.29,65.0,65.57,1459497.0,28.92
2026-02-13,65.21,65.21,63.52,63.87,1299376.0,34.68
2026-02-16,64.0,64.4,63.1,63.33,928319.0,32.36
2026-02-17,63.5,64.45,63.12,63.53,1062070.0,29.24
2026-02-18,63.83,64.26,63.01,63.33,1148779.0,33.43
2026-02-19,63.55,63.81,62.15,62.74,1131046.0,38.03
2026-02-20,62.89,62.91,61.78,62.07,970957.0,35.24
2026-02-23,62.57,62.84,61.28,61.56,958395.0,38.77
2026-02-24,61.36,61.9,60.65,61.68,1018842.0,27.11
2026-02-25,62.0,62.84,61.45,62.22,1219994.0,26.71
2026-02-26,62.5,62.64,60.9,61.33,1144187.0,42.89
2026-02-27,61.25,63.95,60.8,61.82,3135913.0,15.59
2026-03-02,60.02,60.15,57.81,58.54,2522429.0,34.37
2026-03-03,60.02,60.15,57.81,58.54,2522429.0,34.37
2026-03-04,58.15,58.15,55.56,55.9,1657955.0,34.61
2026-03-05,56.09,57.44,55.71,56.85,1566225.0,28.44
2026-03-06,57.0,57.86,56.49,57.04,876932.0,29.55
2026-03-09,56.0,56.35,53.74,54.62,1426132.0,40.8
2026-03-10,55.47,56.19,55.06,55.94,976984.0,35.96
2026-03-11,56.0,57.19,55.11,55.45,1484156.0,35.62
2026-03-12,55.25,56.83,53.76,55.63,1357349.0,28.92
2026-03-13,55.62,55.62,53.02,53.29,1213227.0,41.61
2026-03-16,53.0,53.43,51.78,52.55,1291748.0,32.37
2026-03-17,52.6,53.5,52.34,53.16,1153699.0,23.56
2026-03-18,53.2,63.79,53.2,62.67,125707075.0,4.68
2026-03-19,61.63,62.48,59.5,60.44,18293140.0,9.43
2026-03-20,60.5,62.77,58.15,60.04,10856978.0,11.73
2026-03-23,58.0,58.3,55.34,55.72,4706995.0,21.2
2026-03-24,56.55,57.7,54.9,56.71,3969899.0,20.64
2026-03-25,57.04,58.44,56.51,57.02,1764106.0,35.49
2026-03-26,57.04,58.44,56.51,57.02,1764106.0,35.49
2026-03-27,57.04,57.05,54.4,55.16,3144788.0,35.24
2026-03-30,54.1,54.49,50.1,52.1,2488490.0,35.17
2026-03-31,54.1,54.49,50.1,52.1,2488490.0,35.17
2026-04-01,52.1,55.66,52.1,55.18,3546617.0,28.51
2026-04-02,51.87,55.76,51.87,55.36,2991171.0,16.72
2026-04-03,51.87,55.76,51.87,55.36,2991171.0,16.72
2026-04-06,55.9,56.65,54.58,56.33,2693902.0,14.77
2026-04-07,56.0,59.39,55.93,56.78,4540922.0,21.36
2026-04-08,59.68,59.68,58.0,58.69,2678858.0,39.41
2026-04-09,58.69,59.95,58.27,58.76,2178302.0,26.17
2026-04-10,59.07,61.0,58.8,59.25,3421299.0,28.77
2026-04-13,58.0,59.5,57.13,58.99,1969911.0,24.75
2026-04-14,58.0,59.5,57.13,58.99,1969911.0,24.75
2026-04-15,60.83,61.0,59.95,60.53,2214322.0,30.4
2026-04-16,60.97,63.7,60.65,61.91,6521016.0,21.49
2026-04-17,62.18,71.64,62.0,68.32,97336372.0,6.8
2026-04-20,68.8,68.92,66.15,66.67,5017717.0,25.16
2026-04-21,66.5,67.45,65.1,65.37,3159869.0,33.96
2026-04-22,65.4,70.3,65.29,67.67,14821192.0,12.46
2026-04-23,67.7,68.1,66.26,66.9,2849418.0,24.56
2026-04-24,66.8,67.57,65.1,65.4,2026124.0,28.53
2026-04-27,65.8,67.45,65.8,66.67,2362739.0,23.46
2026-04-28,67.0,68.07,65.8,66.01,2678230.0,26.81
2026-04-29,66.27,66.75,65.17,65.52,1320178.0,36.1
2026-04-30,65.1,65.4,63.74,64.78,1386892.0,31.06
2026-05-01,65.1,65.4,63.74,64.78,1386892.0,31.06
2026-05-04,65.2,65.98,64.6,65.22,1376098.0,33.33
2026-05-05,64.65,67.22,64.65,65.97,1657597.0,28.89
2026-05-06,66.41,66.75,65.14,66.53,1605866.0,36.72
2026-05-07,66.82,68.3,66.2,66.82,3551641.0,33.81
2026-05-08,66.99,69.34,66.83,67.79,4884361.0,33.22
2026-05-11,67.8,69.0,65.67,66.7,2974612.0,31.47
2026-05-12,66.7,66.89,63.01,63.56,1968330.0,36.99
2026-05-13,63.25,65.4,63.25,64.8,1977951.0,24.59
2026-05-14,65.2,65.56,63.8,64.17,1548893.0,25.96
2026-05-15,64.38,64.49,62.65,62.99,1104091.0,40.66
2026-05-18,62.5,62.66,60.31,61.87,1323195.0,35.57
2026-05-19,62.01,67.44,61.89,65.03,11940397.0,7.41
2026-05-20,64.2,64.59,62.95,63.93,1738930.0,24.5
2026-05-21,64.13,64.84,63.7,64.02,1230889.0,30.43
2026-05-22,64.02,65.99,63.28,64.31,2749299.0,16.11
2026-05-25,64.78,65.67,64.57,64.86,1797317.0,31.64
2026-05-26,64.78,66.46,64.66,65.04,2405995.0,27.29
2026-05-27,65.11,67.23,65.11,65.99,2934441.0,28.58
2026-05-28,65.11,67.23,65.11,65.99,2934441.0,28.58
2026-05-29,66.19,66.43,64.31,64.88,1768441.0,40.4
2026-06-01,65.4,65.64,63.43,64.04,1279304.0,29.72
2026-06-02,63.76,65.4,62.87,64.81,1541903.0,23.02
2026-06-03,65.71,66.74,63.72,65.18,2257611.0,24.44
2026-06-04,64.76,71.28,64.54,68.31,45721223.0,11.85
2026-06-05,68.79,69.21,67.26,68.03,4893997.0,24.09
2026-06-08,66.61,67.09,65.0,65.35,2440979.0,38.38
2026-06-09,65.7,67.38,65.42,66.88,2566646.0,27.31
2026-06-10,66.79,67.03,64.35,64.69,1693956.0,47.92
2026-06-11,64.61,64.61,62.9,63.07,1470121.0,42.06
2026-06-12,63.89,71.35,63.75,68.06,86049979.0,6.07
2026-06-15,70.0,72.19,68.2,70.19,27495624.0,19.36
2026-06-16,70.0,77.59,69.35,75.74,114146838.0,9.25
2026-06-17,75.74,78.35,74.03,76.03,31851770.0,17.07
2026-06-18,76.03,78.0,74.23,74.95,20107909.0,15.61
2026-06-19,74.68,75.75,74.06,74.55,6629184.0,22.77
2026-06-22,75.0,77.17,74.5,75.18,8082179.0,26.03
2026-06-23,75.37,76.16,72.74,73.31,6995212.0,27.61
2026-06-24,73.3,74.42,71.55,72.08,4529113.0,28.46
2026-06-25,72.35,72.87,68.3,68.63,5597870.0,35.13
2026-06-26,72.35,72.87,68.3,68.63,5597870.0,35.13
2026-06-29,68.3,68.76,66.4,66.75,4540805.0,35.4
2026-06-30,67.0,69.18,66.53,68.05,6672021.0,26.69
2026-07-01,68.24,69.82,67.4,67.73,3686717.0,26.54
2026-07-02,68.0,68.98,67.49,67.75,1969390.0,29.28
2026-07-03,68.0,68.75,67.0,67.14,1914669.0,38.25
2026-07-06,67.1,67.39,66.01,66.26,1246057.0,44.68
2026-07-07,66.2,66.7,64.82,65.23,2011972.0,36.86
2026-07-08,64.75,67.05,62.67,63.43,5433986.0,26.06
2026-07-09,63.59,64.92,63.42,64.16,1803455.0,28.18
2026-07-10,64.5,66.94,64.5,65.1,3811709.0,19.79
2026-07-13,64.58,65.28,63.94,64.95,1238645.0,32.11
2026-07-14,64.55,64.8,63.95,64.19,1217455.0,35.23
2026-07-15,64.19,65.62,64.19,64.55,1494198.0,25.56
2026-07-16,64.55,64.74,63.8,64.2,1169220.0,29.31
2026-07-17,64.11,64.11,63.2,63.52,1094121.0,39.57
2026-07-20,63.0,63.99,62.75,63.66,1250495.0,31.29
2026-07-21,63.64,64.0,63.06,63.33,821159.0,33.42
2026-07-22,63.3,63.44,62.15,62.27,996045.0,42.05
2026-07-23,62.15,63.15,61.62,61.94,1557218.0,26.98
2026-07-24,61.0,61.8,60.21,61.52,1489504.0,46.84
2026-07-27,61.84,62.69,61.39,61.66,1108364.0,44.19
2026-07-28,61.74,61.74,60.5,60.59,818740.0,50.68
2026-07-29,60.71,61.8,60.45,61.25,1415410.0,50.31
2026-07-30,61.1,61.15,59.9,60.09,1060338.0,56.98
2026-07-31,60.3,62.78,60.02,62.66,3112811.0,34.77
2026-08-03,62.93,64.57,62.55,63.65,1667788.0,42.87
2026-08-04,63.65,64.65,63.63,63.65,1304788.0,41.79
2026-08-05,64.0,64.64,63.63,63.78,1102599.0,38.16
2026-08-06,64.59,65.33,64.0,64.05,1385858.0,36.78
2026-08-07,64.2,65.09,63.75,63.98,1009089.0,36.55
2026-08-10,64.0,65.42,63.3,63.95,2320097.0,30.62
2026-08-11,64.0,65.57,63.7,64.98,1722907.0,51.09
2026-08-12,65.8,66.2,64.01,64.43,1977239.0,27.97
2026-08-13,64.2,65.01,63.7,63.89,718713.0,41.7
2026-08-14,64.1,64.99,64.0,64.35,1263041.0,45.68
2026-08-19,63.44,63.67,61.55,62.15,703075.0,53.31
2026-08-20,62.84,67.58,62.75,66.27,42448877.0,8.83
2026-08-21,66.6,67.49,64.61,65.38,4097244.0,21.61
2026-08-24,64.94,65.53,64.4,64.61,1292281.0,40.27
2026-08-25,64.84,65.45,63.58,63.9,1677272.0,37.52
2026-08-26,64.06,64.74,63.58,64.02,1381619.0,25.59
2026-08-27,64.41,64.6,63.3,63.51,906339.0,40.56
