,Open,High,Low,Close,Volume,DeliveryPct
2016-08-22,847.7,847.7,830.55,841.0,151192.0,
2016-08-23,842.0,848.0,832.5,836.1,6908.0,
2016-08-24,844.2,850.0,832.75,849.35,13836.0,
2016-08-25,844.0,850.0,835.0,838.35,35604.0,
2016-08-26,842.05,846.0,831.0,842.35,6606.0,
2016-08-29,844.0,849.9,832.0,837.85,8195.0,
2016-08-30,843.35,847.6,832.6,836.75,9984.0,
2016-08-31,836.75,849.75,818.55,823.5,104267.0,
2016-09-01,827.0,845.0,819.0,836.25,710182.0,
2016-09-02,839.45,849.0,829.3,832.4,23050.0,
2016-09-06,832.55,843.0,832.35,839.25,20586.0,
2016-09-07,846.5,848.0,835.0,838.7,40110.0,
2016-09-08,839.0,846.05,835.0,840.95,131925.0,
2016-09-09,841.0,841.0,826.0,831.4,15853.0,
2016-09-12,828.55,843.4,817.0,836.65,16507.0,
2016-09-14,836.1,849.9,828.75,846.35,51183.0,
2016-09-15,840.05,850.0,835.1,847.2,43388.0,
2016-09-16,839.05,878.95,839.0,861.9,103600.0,
2016-09-19,856.6,872.0,851.5,862.35,111553.0,
2016-09-20,870.0,870.0,854.1,862.5,53274.0,
2016-09-21,853.25,868.0,851.55,858.5,25357.0,
2016-09-22,860.5,864.2,842.5,852.95,8804.0,
2016-09-23,865.0,869.0,850.55,859.55,82032.0,
2016-09-26,860.0,860.0,845.2,857.85,14934.0,
2016-09-27,862.65,868.0,853.0,858.05,78750.0,
2016-09-28,860.6,862.45,845.05,850.25,4796.0,
2016-09-29,858.9,867.0,833.5,862.3,46347.0,
2016-09-30,865.2,867.9,836.5,849.95,42869.0,
2016-10-03,851.85,869.95,845.15,864.75,26087.0,
2016-10-04,858.55,907.0,855.2,892.2,53521.0,
2016-10-05,893.5,955.0,888.05,940.8,229152.0,
2016-10-06,950.0,1012.8,940.8,983.85,357259.0,
2016-10-07,990.0,1004.0,931.05,936.3,63596.0,
2016-10-10,935.0,935.0,910.1,916.55,70993.0,
2016-10-13,916.05,919.15,872.3,898.9,157145.0,
2016-10-14,900.0,900.55,881.0,885.6,12002.0,
2016-10-17,887.1,888.85,856.05,861.3,24645.0,
2016-10-18,863.6,893.0,846.3,860.4,115314.0,
2016-10-19,865.0,903.0,856.1,891.95,158740.0,
2016-10-20,910.0,910.0,877.5,898.4,21449.0,
2016-10-21,895.6,900.0,883.0,898.95,8610.0,
2016-10-24,909.15,909.15,875.5,879.95,8073.0,
2016-10-25,879.95,888.75,868.0,880.85,7731.0,
2016-10-26,871.0,895.0,871.0,880.1,401925.0,
2016-10-27,883.35,909.8,852.25,898.2,158544.0,
2016-10-28,900.95,914.0,884.0,901.95,99412.0,
2016-11-01,913.9,1025.0,896.1,970.55,139227.0,
2016-11-02,970.0,988.9,940.0,945.3,60419.0,
2016-11-03,941.25,969.3,941.05,945.25,21280.0,
2016-11-04,945.5,949.8,884.1,914.55,33478.0,
2016-11-07,917.05,949.45,880.0,896.3,32001.0,
2016-11-08,910.8,929.2,885.05,913.65,40779.0,
2016-11-09,862.0,922.95,840.0,909.35,41482.0,
2016-11-10,926.8,926.8,902.8,910.55,21761.0,
2016-11-11,920.95,923.0,890.05,892.5,8377.0,
2016-11-15,875.0,884.95,864.6,869.35,256404.0,
2016-11-16,877.95,889.5,855.0,884.6,92314.0,
2016-11-17,889.0,895.0,871.0,872.75,3597.0,
2016-11-18,876.05,899.0,862.05,890.25,22688.0,
2016-11-21,884.8,939.9,875.15,928.0,42855.0,
2016-11-22,929.95,964.0,920.05,954.35,51930.0,
2016-11-23,958.65,967.95,925.5,934.0,67716.0,
2016-11-24,934.0,934.0,919.0,920.65,4214.0,
2016-11-25,925.0,925.0,907.55,909.95,30976.0,
2016-11-28,915.55,917.95,888.55,899.6,62724.0,
2016-11-29,903.1,911.45,895.0,896.6,5777.0,
2016-11-30,905.5,906.95,892.0,897.6,37614.0,
2016-12-01,892.0,905.0,888.7,899.9,94363.0,
2016-12-02,891.05,899.45,880.1,884.95,7120.0,
2016-12-05,888.0,891.9,867.5,875.5,3321.0,
2016-12-06,879.95,879.95,868.0,870.85,7459.0,
2016-12-07,872.7,878.0,858.0,863.65,36442.0,
2016-12-08,879.8,879.8,860.1,870.7,30775.0,
2016-12-09,868.65,868.65,855.1,856.7,10226.0,
2016-12-12,860.0,864.0,847.35,859.0,7564.0,
2016-12-13,857.1,863.45,848.5,852.6,12471.0,
2016-12-14,849.0,877.45,843.2,847.9,29399.0,
2016-12-15,849.0,865.45,838.0,855.55,12196.0,
2016-12-16,854.9,885.0,848.05,871.85,46704.0,
2016-12-19,881.0,881.0,843.0,845.1,19468.0,
2016-12-20,842.7,848.5,837.0,838.6,9121.0,
2016-12-21,846.95,849.0,820.15,826.05,53354.0,
2016-12-22,826.05,844.95,810.1,818.3,20430.0,
2016-12-23,821.15,845.45,816.05,826.25,13913.0,
2016-12-26,825.2,950.0,822.05,884.6,28612.0,
2016-12-27,891.0,949.0,860.3,909.45,112134.0,
2016-12-28,900.0,924.9,886.45,918.7,78593.0,
2016-12-29,919.0,921.0,902.0,909.65,32645.0,
2016-12-30,911.0,920.0,881.55,895.9,27700.0,
2017-01-02,899.9,904.3,882.45,890.25,76160.0,
2017-01-03,891.2,911.0,860.2,884.35,20918.0,
2017-01-04,884.9,884.95,855.1,860.45,25594.0,
2017-01-05,858.9,870.0,855.65,861.55,25347.0,
2017-01-06,867.95,889.0,862.0,874.45,141123.0,
2017-01-09,866.0,868.0,852.3,858.15,53985.0,
2017-01-10,864.0,865.0,845.45,849.15,29301.0,
2017-01-11,857.65,858.95,842.6,848.05,116330.0,
2017-01-12,851.05,860.0,849.35,850.4,127716.0,
2017-01-13,850.05,855.0,842.0,849.2,38930.0,
2017-01-16,856.55,856.55,845.3,851.2,4082.0,
2017-01-17,852.35,867.7,846.2,862.0,14832.0,
2017-01-18,862.0,887.4,857.65,879.7,27662.0,
2017-01-19,882.0,887.95,871.1,879.75,30118.0,
2017-01-20,879.75,879.75,852.7,858.8,21547.0,
2017-01-23,862.7,868.95,852.85,862.45,8220.0,
2017-01-24,864.15,870.25,848.95,851.15,12788.0,
2017-01-25,850.95,864.0,807.5,848.2,31433.0,
2017-01-27,851.5,858.0,845.0,851.85,6732.0,
2017-01-30,859.0,879.0,844.0,863.45,161164.0,
2017-01-31,856.0,858.0,819.0,824.0,45830.0,
2017-02-01,830.0,844.2,820.4,833.5,59326.0,
2017-02-02,842.9,850.25,825.0,829.2,76813.0,
2017-02-03,828.0,839.8,828.0,835.0,20356.0,
2017-02-06,831.3,841.35,828.0,833.2,18687.0,
2017-02-07,825.1,839.95,825.1,836.15,44069.0,
2017-02-08,835.55,839.95,831.0,836.7,17284.0,
2017-02-09,841.3,841.5,827.85,831.7,6761.0,
2017-02-10,831.7,863.0,830.3,858.85,26811.0,
2017-02-13,861.0,863.95,842.25,849.8,3964.0,
2017-02-14,852.0,862.0,835.05,857.0,9186.0,
2017-02-15,860.0,860.0,831.55,833.75,13437.0,
2017-02-16,834.5,846.9,833.8,838.7,3354.0,
2017-02-17,843.8,849.7,838.2,840.55,2691.0,
2017-02-20,841.75,841.75,831.15,835.6,89214.0,
2017-02-21,839.3,841.8,832.4,834.8,18476.0,
2017-02-22,843.95,844.0,834.75,839.3,6201.0,
2017-02-23,840.45,857.9,835.05,852.9,86781.0,
2017-02-27,855.0,857.85,840.15,854.3,37147.0,
2017-02-28,855.95,862.0,843.5,856.85,12919.0,
2017-03-01,852.0,856.05,843.85,846.0,6393.0,
2017-03-02,852.6,852.6,843.95,845.0,50395.0,
2017-03-03,844.05,847.45,835.25,839.4,35631.0,
2017-03-06,839.4,847.0,821.0,824.55,11738.0,
2017-03-07,825.0,837.75,820.0,826.05,20657.0,
2017-03-08,818.0,828.0,818.0,823.15,15205.0,
2017-03-09,816.05,824.35,810.2,822.9,51396.0,
2017-03-10,820.0,826.45,815.0,820.15,20271.0,
2017-03-14,822.1,833.95,808.3,815.3,63184.0,
2017-03-15,815.1,829.65,804.1,821.9,27968.0,
2017-03-16,829.8,840.9,824.65,837.8,130258.0,
2017-03-17,837.05,844.0,827.15,840.0,430440.0,
2017-03-20,845.0,845.0,825.0,830.8,14529.0,
2017-03-21,828.15,840.0,826.95,839.5,15496.0,
2017-03-22,835.45,839.95,830.55,837.55,8840.0,
2017-03-23,833.45,837.45,822.75,826.9,32380.0,
2017-03-24,829.0,832.1,813.0,817.8,22059.0,
2017-03-27,818.1,821.05,806.2,808.35,20316.0,
2017-03-28,805.0,821.95,805.0,810.65,146535.0,
2017-03-29,819.95,819.95,804.3,808.85,58489.0,
2017-03-30,811.05,815.0,806.0,811.6,72144.0,
2017-03-31,813.95,814.0,796.3,801.2,557913.0,
2017-04-03,801.2,827.5,796.2,820.15,46864.0,
2017-04-05,817.5,867.95,811.1,842.95,78457.0,
2017-04-06,839.95,848.75,835.55,839.5,58296.0,
2017-04-07,840.0,881.55,831.6,840.8,339359.0,
2017-04-10,850.0,858.0,844.35,854.45,33151.0,
2017-04-11,849.15,855.0,848.2,854.9,20386.0,
2017-04-12,854.7,855.0,831.0,837.15,12458.0,
2017-04-13,840.9,854.0,835.3,841.0,14383.0,
2017-04-17,841.0,849.4,830.15,836.55,422520.0,
2017-04-18,839.9,847.45,834.0,838.3,16848.0,
2017-04-19,830.0,840.5,822.05,826.4,15342.0,
2017-04-20,826.4,835.7,812.3,815.4,19998.0,
2017-04-21,817.7,823.4,808.0,810.3,22704.0,
2017-04-24,814.25,833.6,810.3,825.15,17535.0,
2017-04-25,827.1,833.0,811.0,812.3,24719.0,
2017-04-26,818.65,820.0,801.1,804.55,30386.0,
2017-04-27,808.9,828.0,803.3,824.25,28332.0,
2017-04-28,823.7,838.8,820.05,835.55,40671.0,
2017-05-02,838.0,849.0,827.3,845.75,45511.0,
2017-05-03,849.5,849.5,840.15,847.95,16318.0,
2017-05-04,845.05,847.9,838.05,844.9,29089.0,
2017-05-05,844.35,850.0,822.05,842.05,7857.0,
2017-05-08,842.0,847.15,837.0,843.75,10745.0,
2017-05-09,841.2,859.0,836.9,846.55,60188.0,
2017-05-10,849.0,852.1,838.5,849.1,29532.0,
2017-05-11,845.35,850.0,838.2,844.4,13505.0,
2017-05-12,843.1,847.9,832.3,836.5,7116.0,
2017-05-15,829.5,874.8,827.25,855.5,60924.0,
2017-05-16,855.0,869.9,841.35,861.1,36584.0,
2017-05-17,859.8,886.0,851.25,877.35,59095.0,
2017-05-18,861.0,877.6,855.1,871.4,16414.0,
2017-05-19,858.35,866.9,841.65,850.15,16933.0,
2017-05-22,847.7,876.0,842.0,848.55,15409.0,
2017-05-23,854.25,856.0,849.9,854.45,25846.0,
2017-05-24,859.6,859.6,836.0,845.45,264857.0,
2017-05-25,841.1,861.85,841.1,852.5,4632.0,
2017-05-26,858.65,875.15,855.4,871.1,15391.0,
2017-05-29,860.4,918.9,851.5,890.2,152434.0,
2017-05-30,890.0,918.2,876.05,912.65,162893.0,
2017-05-31,903.5,918.0,903.5,914.1,401306.0,
2017-06-01,919.0,923.25,899.3,908.6,104913.0,
2017-06-02,905.45,912.3,889.05,910.1,32601.0,
2017-06-05,901.15,959.9,901.15,946.0,372914.0,
2017-06-06,950.0,1074.0,950.0,1052.75,608354.0,
2017-06-07,1054.75,1128.0,1027.2,1087.0,565237.0,
2017-06-08,1082.9,1082.9,1026.05,1038.5,119193.0,
2017-06-09,1044.0,1057.3,1029.5,1038.9,101835.0,
2017-06-12,1040.0,1061.8,1012.05,1022.9,95864.0,
2017-06-13,1025.0,1048.9,996.05,1019.2,336951.0,
2017-06-14,1029.0,1041.55,1006.8,1031.2,107772.0,
2017-06-15,1025.0,1037.0,1001.4,1008.35,93251.0,
2017-06-16,1008.4,1018.95,1001.65,1010.0,34778.0,
2017-06-19,1019.9,1023.15,997.5,999.25,29624.0,
2017-06-20,1001.75,1011.95,985.4,990.35,80673.0,
2017-06-21,990.8,995.45,967.0,975.4,89841.0,
2017-06-22,975.4,1021.55,975.0,988.4,176582.0,
2017-06-23,985.0,993.35,942.0,985.75,89362.0,
2017-06-27,989.45,998.0,958.4,985.1,104374.0,
2017-06-28,977.1,1000.0,968.9,990.3,74430.0,
2017-06-29,992.8,1021.0,975.5,993.0,117974.0,
2017-06-30,994.95,1049.0,980.7,1034.15,122218.0,
2017-07-03,1040.0,1059.5,1018.3,1035.25,74412.0,
2017-07-04,1031.2,1037.45,1013.0,1018.15,29377.0,
2017-07-05,1031.5,1031.5,1010.0,1024.55,29598.0,
2017-07-06,1030.0,1056.0,1015.0,1040.75,81541.0,
2017-07-07,1032.0,1050.0,1020.05,1044.55,38420.0,
2017-07-10,1023.7,1049.0,1005.4,1039.35,5348.0,
2017-07-11,1038.25,1069.7,1035.25,1041.75,70684.0,
2017-07-12,1057.0,1058.5,1032.1,1042.9,23812.0,
2017-07-13,1030.0,1055.0,1030.0,1046.05,22953.0,
2017-07-14,1046.3,1050.95,1007.3,1014.7,31317.0,
2017-07-17,1016.0,1035.0,1012.0,1024.2,27215.0,
2017-07-18,1025.9,1025.95,1002.1,1013.1,25312.0,
2017-07-19,1017.95,1035.0,1010.55,1032.2,9989.0,
2017-07-20,1029.1,1033.55,1011.1,1018.25,14326.0,
2017-07-21,1021.4,1024.95,1005.0,1011.0,22283.0,
2017-07-24,1012.0,1028.8,976.65,986.4,476212.0,
2017-07-25,992.0,1030.0,988.1,997.4,130698.0,
2017-07-26,997.95,1008.5,976.0,981.15,24038.0,
2017-07-27,983.0,998.15,981.6,990.4,77520.0,
2017-07-28,991.7,998.2,985.0,993.25,98285.0,
2017-07-31,999.0,1004.9,989.05,993.9,52983.0,
2017-08-01,994.0,997.0,981.6,984.8,18065.0,
2017-08-02,985.1,1009.0,975.0,999.25,55311.0,
2017-08-03,1000.0,1006.9,986.1,998.6,105641.0,
2017-08-04,992.7,1089.7,985.0,1034.6,37101.0,
2017-08-07,1034.6,1047.0,1030.0,1038.0,37780.0,
2017-08-08,1035.0,1046.0,1022.45,1040.6,15471.0,
2017-08-09,1035.3,1044.9,1021.65,1037.1,120570.0,
2017-08-10,1035.0,1036.0,985.65,991.45,39422.0,
2017-08-11,991.1,991.1,947.3,956.25,60293.0,
2017-08-14,955.0,983.55,955.0,969.05,11004.0,
2017-08-16,969.05,975.1,947.65,953.9,431369.0,
2017-08-17,963.5,964.55,954.0,957.2,28654.0,
2017-08-18,955.0,959.6,933.7,952.35,15546.0,
2017-08-21,952.35,953.3,922.0,936.6,62905.0,
2017-08-22,940.0,944.95,927.5,940.75,74358.0,
2017-08-23,935.6,952.6,935.1,945.55,47092.0,
2017-08-24,959.0,959.0,931.6,936.55,9351.0,
2017-08-28,940.0,949.5,935.0,946.8,22588.0,
2017-08-29,949.85,949.9,926.7,934.05,13727.0,
2017-08-30,940.0,944.95,924.85,940.25,105786.0,
2017-08-31,940.0,974.95,937.65,962.25,59108.0,
2017-09-01,966.0,969.95,943.75,950.95,19926.0,
2017-09-04,964.0,964.0,940.05,953.35,4508.0,
2017-09-05,962.0,1011.0,950.45,959.0,131683.0,
2017-09-06,967.0,967.0,950.0,960.0,893582.0,
2017-09-07,963.95,986.0,958.15,968.25,31566.0,
2017-09-08,968.25,991.0,963.3,983.2,13384.0,
2017-09-11,1005.5,1024.9,957.1,967.35,88240.0,
2017-09-12,980.3,1010.0,958.0,995.9,38548.0,
2017-09-13,1005.0,1056.0,987.0,1028.15,497995.0,
2017-09-14,1022.3,1125.0,1013.05,1106.85,545139.0,
2017-09-15,1110.0,1250.0,1052.85,1189.65,376272.0,
2017-09-18,1219.0,1231.95,1125.15,1146.1,199192.0,
2017-09-19,1170.0,1185.0,1113.95,1136.2,77416.0,
2017-09-20,1150.0,1197.2,1082.0,1092.6,182378.0,
2017-09-21,1096.95,1112.7,1040.15,1093.0,177574.0,
2017-09-22,1120.0,1120.15,1051.0,1063.6,58339.0,
2017-09-25,1053.0,1067.25,1005.6,1012.2,65970.0,
2017-09-26,1000.0,1084.0,1000.0,1060.65,56317.0,
2017-09-27,1066.0,1086.85,1010.15,1029.1,205881.0,
2017-09-28,1037.45,1093.0,1033.95,1081.8,126569.0,
2017-09-29,1085.0,1126.9,1068.05,1105.6,95147.0,
2017-10-03,1116.45,1141.35,1065.8,1078.85,56233.0,
2017-10-04,1085.95,1097.95,1060.5,1069.6,69848.0,
2017-10-05,1065.0,1077.65,1053.85,1063.3,14367.0,
2017-10-06,1070.0,1078.9,1054.05,1064.1,16296.0,
2017-10-09,1053.25,1068.0,1043.5,1048.3,21964.0,
2017-10-10,1055.0,1058.9,1040.05,1045.95,12681.0,
2017-10-11,1050.0,1057.55,1025.0,1034.6,10456.0,
2017-10-12,1030.05,1061.0,1012.1,1054.1,65278.0,
2017-10-13,1056.5,1083.95,1044.95,1074.45,59153.0,
2017-10-16,1084.0,1124.0,1056.0,1111.0,50543.0,
2017-10-17,1115.0,1130.5,1101.9,1123.75,25343.0,
2017-10-18,1125.0,1127.4,1095.15,1107.7,10310.0,
2017-10-19,1111.0,1131.0,1090.0,1105.05,4927.0,
2017-10-23,1120.0,1120.0,1081.2,1109.15,11439.0,
2017-10-24,1116.0,1116.0,1095.0,1107.65,5492.0,
2017-10-25,1106.85,1142.0,1083.7,1097.75,439471.0,
2017-10-26,1091.0,1114.5,1088.3,1093.25,9185.0,
2017-10-27,1100.0,1127.9,1090.05,1117.1,34469.0,
2017-10-30,1110.0,1145.0,1110.0,1136.35,22817.0,
2017-10-31,1144.9,1188.95,1114.1,1136.75,167444.0,
2017-11-01,1170.0,1210.0,1145.1,1197.1,110275.0,
2017-11-02,1195.0,1245.0,1156.0,1231.2,66902.0,
2017-11-03,1230.0,1230.0,1179.5,1195.7,27200.0,
2017-11-06,1210.0,1210.0,1171.05,1179.0,10507.0,
2017-11-07,1184.0,1252.9,1146.2,1226.05,59662.0,
2017-11-08,1220.0,1232.85,1170.05,1212.3,89635.0,
2017-11-09,1221.0,1221.0,1190.5,1216.2,22917.0,
2017-11-10,1214.55,1217.95,1180.0,1196.65,12702.0,
2017-11-13,1176.15,1206.95,1175.0,1180.35,8468.0,
2017-11-14,1169.0,1217.95,1150.0,1171.2,37903.0,
2017-11-15,1171.9,1194.5,1148.05,1166.6,26858.0,
2017-11-16,1174.6,1184.0,1162.0,1172.85,10800.0,
2017-11-17,1182.1,1190.0,1151.3,1182.2,21666.0,
2017-11-20,1199.0,1218.95,1165.15,1207.6,25109.0,
2017-11-21,1207.0,1220.0,1177.5,1201.15,67310.0,
2017-11-22,1196.0,1213.85,1192.05,1204.9,11394.0,
2017-11-23,1213.0,1228.95,1195.15,1204.85,25387.0,
2017-11-24,1197.0,1230.0,1180.0,1218.4,57991.0,
2017-11-27,1218.4,1218.4,1198.0,1207.9,20920.0,
2017-11-28,1209.0,1347.95,1180.0,1266.7,136780.0,
2017-11-29,1299.9,1328.9,1236.5,1266.4,108369.0,
2017-11-30,1274.0,1328.3,1237.05,1269.5,202513.0,
2017-12-01,1288.0,1319.85,1261.05,1289.8,133310.0,
2017-12-04,1300.0,1309.95,1260.15,1274.55,41487.0,
2017-12-05,1256.9,1273.75,1252.85,1263.35,84831.0,
2017-12-06,1286.9,1286.9,1240.15,1249.5,11228.0,
2017-12-07,1264.0,1266.4,1226.0,1231.8,15408.0,
2017-12-08,1240.0,1249.8,1220.05,1229.1,15364.0,
2017-12-11,1237.0,1239.4,1198.05,1207.85,59105.0,
2017-12-12,1211.5,1244.5,1184.65,1236.6,139395.0,
2017-12-13,1236.0,1240.0,1212.05,1228.85,21791.0,
2017-12-14,1230.45,1239.9,1210.0,1231.35,67974.0,
2017-12-15,1239.0,1240.0,1222.1,1235.0,35131.0,
2017-12-18,1230.0,1280.0,1200.8,1278.85,90944.0,
2017-12-19,1285.0,1313.0,1270.0,1300.0,686339.0,
2017-12-20,1310.0,1330.0,1269.05,1275.9,331329.0,
2017-12-21,1276.0,1299.85,1275.0,1279.35,11304.0,
2017-12-22,1280.0,1295.0,1275.0,1285.35,18045.0,
2017-12-26,1289.0,1293.95,1270.3,1276.65,9931.0,
2017-12-27,1284.45,1309.0,1274.5,1296.1,18022.0,
2017-12-28,1301.0,1374.8,1277.9,1312.55,102394.0,
2017-12-29,1321.0,1432.9,1300.9,1390.6,169944.0,
2018-01-01,1394.7,1413.0,1365.0,1380.75,32084.0,
2018-01-02,1390.0,1392.45,1315.1,1345.0,38654.0,
2018-01-03,1350.0,1388.9,1346.05,1358.35,28424.0,
2018-01-04,1398.0,1398.0,1355.0,1377.3,7837.0,
2018-01-05,1386.0,1434.45,1373.9,1414.5,201861.0,
2018-01-08,1414.5,1414.5,1386.0,1394.8,48519.0,
2018-01-09,1394.8,1394.8,1364.45,1373.05,17708.0,
2018-01-10,1371.0,1431.0,1370.1,1411.4,81600.0,
2018-01-11,1420.0,1420.0,1373.15,1384.75,51291.0,
2018-01-12,1393.95,1416.0,1388.8,1399.65,53009.0,
2018-01-15,1419.7,1422.9,1355.0,1362.3,46979.0,
2018-01-16,1365.0,1434.0,1341.15,1404.75,81349.0,
2018-01-17,1405.0,1419.0,1372.75,1381.55,27316.0,
2018-01-18,1402.4,1402.4,1355.05,1364.9,37708.0,
2018-01-19,1384.95,1414.95,1371.3,1406.55,25262.0,
2018-01-22,1410.0,1460.0,1395.0,1415.05,146417.0,
2018-01-23,1406.0,1428.65,1380.0,1389.8,18152.0,
2018-01-24,1387.35,1403.9,1365.9,1380.2,75308.0,
2018-01-25,1398.55,1400.05,1370.05,1390.75,36361.0,
2018-01-29,1390.75,1400.0,1371.0,1389.5,31766.0,
2018-01-30,1398.0,1399.6,1360.0,1370.0,15147.0,
2018-01-31,1370.0,1395.0,1336.3,1351.55,260048.0,
2018-02-01,1351.0,1351.0,1316.15,1326.85,69890.0,
2018-02-02,1362.0,1390.0,1292.0,1369.3,1246502.0,
2018-02-05,1310.0,1320.2,1266.4,1285.5,102516.0,
2018-02-06,1240.0,1240.0,1160.1,1208.55,366026.0,
2018-02-07,1212.0,1220.1,1160.05,1172.85,175105.0,
2018-02-08,1198.0,1259.8,1176.0,1240.0,473758.0,
2018-02-09,1230.0,1324.8,1189.8,1293.5,186014.0,
2018-02-12,1280.05,1299.7,1230.45,1245.6,13548.0,
2018-02-14,1259.0,1270.35,1243.9,1251.25,162975.0,
2018-02-15,1249.9,1261.0,1216.05,1231.95,28649.0,
2018-02-16,1249.85,1249.85,1206.05,1226.75,27113.0,
2018-02-19,1220.0,1224.25,1206.05,1212.4,77001.0,
2018-02-20,1207.95,1225.5,1192.0,1221.15,145659.0,
2018-02-21,1212.25,1221.2,1163.5,1174.55,65482.0,
2018-02-22,1183.95,1183.95,1138.0,1149.95,179348.0,
2018-02-23,1159.8,1204.8,1155.65,1197.25,51735.0,
2018-02-26,1205.0,1300.0,1183.7,1234.6,173655.0,
2018-02-27,1241.0,1259.5,1239.05,1252.45,139419.0,
2018-02-28,1256.0,1309.0,1221.3,1282.1,75260.0,
2018-03-01,1274.0,1316.0,1262.4,1299.3,24971.0,
2018-03-05,1287.0,1292.4,1254.9,1268.4,10113.0,
2018-03-06,1258.0,1292.0,1210.05,1232.35,26114.0,
2018-03-07,1238.0,1238.0,1202.5,1209.5,5939.0,
2018-03-08,1217.0,1250.05,1193.0,1204.45,13553.0,
2018-03-09,1219.0,1298.8,1205.5,1269.9,34196.0,
2018-03-12,1270.05,1284.65,1220.35,1228.5,51348.0,
2018-03-13,1234.75,1259.3,1225.2,1250.75,9091.0,
2018-03-14,1245.0,1299.0,1236.55,1286.0,529457.0,
2018-03-15,1279.0,1282.9,1254.05,1263.55,139299.0,
2018-03-16,1262.0,1305.0,1250.1,1285.5,84190.0,
2018-03-19,1290.0,1298.3,1242.25,1255.6,209528.0,
2018-03-20,1269.0,1275.1,1241.6,1272.65,25182.0,
2018-03-21,1276.0,1285.95,1255.0,1267.35,173186.0,
2018-03-22,1280.0,1280.0,1245.15,1247.6,164782.0,
2018-03-23,1240.0,1240.0,1225.15,1230.5,45591.0,
2018-03-26,1233.0,1233.0,1185.3,1198.9,69887.0,
2018-03-27,1205.0,1231.85,1182.0,1192.9,27126.0,
2018-03-28,1190.0,1190.0,1157.5,1175.4,139637.0,
2018-04-02,1175.35,1214.95,1160.15,1207.15,27606.0,
2018-04-03,1224.9,1270.0,1221.1,1230.85,48466.0,
2018-04-04,1238.0,1241.5,1210.95,1220.05,13403.0,
2018-04-05,1230.0,1242.25,1185.0,1202.35,26373.0,
2018-04-06,1210.0,1229.75,1195.05,1202.1,17939.0,
2018-04-09,1203.0,1211.9,1197.05,1207.55,6328.0,
2018-04-10,1214.4,1240.0,1202.5,1215.1,32008.0,
2018-04-11,1219.0,1233.55,1213.0,1227.05,13440.0,
2018-04-12,1227.05,1240.9,1221.0,1239.5,37118.0,
2018-04-13,1246.95,1255.0,1223.8,1245.9,46287.0,
2018-04-16,1238.65,1246.2,1212.05,1220.95,44711.0,
2018-04-17,1221.6,1248.65,1214.15,1243.9,17758.0,
2018-04-18,1249.95,1249.95,1212.1,1227.5,18192.0,
2018-04-19,1230.0,1234.0,1215.0,1221.7,43136.0,
2018-04-20,1229.15,1229.2,1195.1,1204.75,59879.0,
2018-04-23,1206.0,1218.0,1199.1,1212.6,246076.0,
2018-04-24,1212.8,1240.35,1211.05,1233.5,23141.0,
2018-04-25,1235.0,1241.0,1213.05,1221.85,20515.0,
2018-04-26,1222.3,1230.0,1214.0,1222.25,8565.0,
2018-04-27,1226.15,1229.95,1201.0,1205.8,15917.0,
2018-04-30,1215.0,1250.0,1196.05,1240.85,21040.0,
2018-05-02,1230.65,1250.0,1215.0,1238.15,66204.0,
2018-05-03,1222.6,1237.15,1204.6,1207.95,12087.0,
2018-05-04,1205.0,1220.15,1195.0,1205.6,16669.0,
2018-05-07,1205.6,1250.0,1191.0,1220.6,25336.0,
2018-05-08,1216.0,1224.7,1179.55,1213.35,75285.0,
2018-05-09,1206.0,1234.9,1190.0,1225.1,14301.0,
2018-05-10,1230.5,1237.15,1211.1,1229.15,15635.0,
2018-05-11,1221.75,1253.0,1206.85,1242.55,18292.0,
2018-05-14,1240.0,1240.0,1200.0,1206.55,29226.0,
2018-05-15,1202.85,1228.9,1157.0,1189.2,202377.0,
2018-05-16,1195.0,1196.15,1173.0,1180.95,52712.0,
2018-05-17,1188.0,1190.1,1169.95,1174.3,222203.0,
2018-05-18,1170.8,1243.9,1152.5,1198.65,83375.0,
2018-05-21,1195.0,1209.4,1172.2,1185.0,32839.0,
2018-05-22,1180.4,1182.85,1152.0,1174.45,218666.0,
2018-05-23,1175.0,1180.0,1162.8,1170.0,36010.0,
2018-05-24,1170.0,1184.5,1169.75,1177.85,4227.0,
2018-05-25,1175.85,1182.95,1144.05,1169.5,56067.0,
2018-05-28,1172.5,1198.0,1131.5,1169.1,112642.0,
2018-05-29,1175.05,1270.0,1162.55,1252.25,86062.0,
2018-05-30,1211.5,1310.0,1209.6,1297.05,259770.0,
2018-05-31,1300.0,1324.8,1246.0,1269.75,101684.0,
2018-06-01,1260.2,1263.0,1200.0,1216.9,54398.0,
2018-06-04,1221.2,1248.7,1182.85,1198.95,320547.0,
2018-06-05,1186.0,1204.95,1175.2,1199.0,175344.0,
2018-06-06,1200.0,1225.0,1180.05,1211.55,31110.0,
2018-06-07,1208.6,1223.65,1195.6,1214.25,103694.0,
2018-06-08,1226.0,1226.0,1191.05,1200.15,80711.0,
2018-06-11,1205.0,1220.0,1182.85,1198.35,26637.0,
2018-06-12,1197.8,1256.85,1191.0,1234.75,69959.0,
2018-06-13,1242.2,1249.9,1215.0,1219.65,35455.0,
2018-06-14,1212.0,1258.7,1205.2,1249.7,52354.0,
2018-06-15,1259.0,1278.0,1219.7,1247.8,54488.0,
2018-06-18,1239.7,1239.7,1184.0,1200.7,136460.0,
2018-06-19,1198.95,1205.0,1166.15,1190.05,80444.0,
2018-06-20,1197.2,1201.8,1191.65,1199.75,61368.0,
2018-06-21,1198.6,1209.2,1161.0,1190.0,61618.0,
2018-06-22,1190.0,1220.35,1180.0,1199.4,74178.0,
2018-06-25,1199.0,1220.0,1155.6,1170.55,34400.0,
2018-06-26,1181.0,1287.0,1181.0,1210.7,544065.0,
2018-06-27,1204.0,1210.0,1165.1,1181.8,57817.0,
2018-06-28,1179.0,1179.0,1135.0,1147.9,88979.0,
2018-06-29,1148.0,1192.85,1126.15,1186.35,242754.0,
2018-07-02,1186.35,1219.8,1147.9,1194.7,111696.0,
2018-07-03,1213.0,1213.0,1155.0,1169.75,51303.0,
2018-07-04,1169.95,1186.75,1152.35,1163.65,114142.0,
2018-07-05,1172.35,1243.4,1154.45,1230.25,202406.0,
2018-07-06,1231.0,1252.05,1198.85,1216.9,137549.0,
2018-07-09,1230.0,1258.7,1215.0,1250.45,129895.0,
2018-07-10,1262.0,1324.85,1250.45,1302.5,181448.0,
2018-07-11,1297.45,1375.0,1285.3,1329.25,353034.0,
2018-07-12,1339.2,1344.4,1292.4,1313.8,40448.0,
2018-07-13,1314.0,1337.45,1271.25,1288.1,44423.0,
2018-07-16,1316.0,1316.0,1230.0,1246.35,52174.0,
2018-07-17,1253.0,1290.0,1251.0,1267.6,52630.0,
2018-07-18,1265.0,1360.0,1250.0,1349.2,238321.0,
2018-07-19,1323.85,1339.0,1282.35,1298.15,48908.0,
2018-07-20,1294.0,1294.0,1250.15,1267.0,77436.0,
2018-07-23,1269.5,1379.0,1262.0,1340.5,221503.0,
2018-07-24,1349.0,1415.0,1335.0,1353.8,348957.0,
2018-07-25,1363.95,1500.0,1363.95,1473.65,373532.0,
2018-07-26,1461.0,1464.0,1358.1,1395.15,233864.0,
2018-07-27,1403.95,1405.55,1379.05,1397.4,171869.0,
2018-07-30,1403.0,1403.0,1305.0,1349.85,852389.0,
2018-07-31,1350.0,1384.9,1334.25,1366.9,121591.0,
2018-08-01,1370.0,1380.0,1340.6,1373.5,45089.0,
2018-08-02,1380.0,1380.0,1352.4,1362.85,28583.0,
2018-08-03,1370.0,1402.0,1346.8,1365.1,103939.0,
2018-08-06,1375.3,1404.85,1373.3,1398.25,116804.0,
2018-08-07,1409.9,1479.65,1397.0,1459.0,117589.0,
2018-08-08,1450.0,1508.0,1438.0,1482.25,138398.0,
2018-08-09,1481.0,1514.8,1461.05,1469.55,86477.0,
2018-08-10,1480.55,1498.8,1470.05,1486.4,29450.0,
2018-08-13,1486.4,1486.4,1461.45,1470.9,39121.0,
2018-08-14,1460.0,1484.7,1456.0,1475.8,44599.0,
2018-08-16,1472.0,1478.0,1420.0,1427.6,38113.0,
2018-08-17,1435.0,1494.8,1432.0,1486.9,134835.0,
2018-08-20,1490.0,1495.9,1470.0,1480.9,19561.0,
2018-08-21,1489.8,1535.0,1453.0,1515.35,79177.0,
2018-08-23,1531.0,1634.8,1520.0,1606.65,239581.0,
2018-08-24,1600.0,1620.0,1564.05,1569.85,61411.0,
2018-08-27,1581.6,1656.0,1535.0,1595.85,401522.0,
2018-08-28,1550.0,1589.8,1519.95,1546.4,300904.0,
2018-08-29,1555.0,1618.8,1540.15,1576.0,592639.0,
2018-08-30,1559.0,1580.0,1540.0,1564.2,51880.0,
2018-08-31,1574.0,1678.0,1560.5,1638.0,220002.0,
2018-09-03,1643.0,1692.0,1638.0,1661.0,153618.0,
2018-09-04,1666.65,1697.9,1658.1,1668.65,270214.0,
2018-09-05,1677.0,1677.0,1630.25,1643.8,117396.0,
2018-09-06,1657.0,1669.8,1621.15,1636.95,59667.0,
2018-09-07,1634.85,1640.0,1590.35,1626.4,181568.0,
2018-09-10,1639.7,1653.8,1600.0,1608.5,256431.0,
2018-09-11,1617.0,1640.7,1597.0,1623.1,90471.0,
2018-09-12,1612.15,1658.5,1585.0,1597.35,53994.0,
2018-09-14,1609.3,1650.0,1603.35,1631.05,40215.0,
2018-09-17,1630.0,1630.0,1556.0,1571.15,36907.0,
2018-09-18,1569.9,1587.0,1521.15,1533.4,41411.0,
2018-09-19,1530.25,1540.0,1400.1,1486.45,269747.0,
2018-09-21,1511.0,1584.8,1409.5,1531.1,247557.0,
2018-09-24,1530.0,1578.0,1506.1,1533.6,102383.0,
2018-09-25,1545.1,1545.1,1505.1,1519.0,82095.0,
2018-09-26,1528.2,1549.8,1504.0,1523.3,42938.0,
2018-09-27,1529.85,1529.85,1432.5,1461.1,52962.0,
2018-09-28,1468.7,1500.0,1379.55,1423.15,341238.0,
2018-10-01,1431.7,1465.0,1369.25,1423.85,81945.0,
2018-10-03,1432.4,1440.0,1365.0,1392.95,41967.0,
2018-10-04,1362.0,1429.0,1310.65,1375.4,205787.0,
2018-10-05,1350.0,1465.0,1341.25,1433.35,61975.0,
2018-10-08,1438.0,1525.0,1387.95,1404.95,129407.0,
2018-10-09,1415.0,1481.35,1362.5,1437.7,174243.0,
2018-10-10,1449.25,1490.0,1405.0,1428.75,82714.0,
2018-10-11,1400.8,1474.95,1381.9,1450.2,48004.0,
2018-10-12,1455.0,1509.9,1455.0,1484.0,30001.0,
2018-10-15,1530.0,1583.4,1510.05,1525.8,73091.0,
2018-10-16,1535.3,1580.0,1523.05,1557.3,34511.0,
2018-10-17,1566.7,1599.0,1474.7,1501.4,92451.0,
2018-10-19,1500.0,1547.1,1431.05,1517.1,70103.0,
2018-10-22,1526.3,1526.3,1441.0,1458.9,352883.0,
2018-10-23,1430.0,1511.8,1430.0,1493.1,27267.0,
2018-10-24,1502.1,1594.8,1478.25,1561.6,382951.0,
2018-10-25,1552.2,1625.0,1508.0,1607.5,62785.0,
2018-10-26,1591.4,1610.0,1545.0,1597.05,442565.0,
2018-10-29,1599.0,1624.8,1575.1,1589.5,225371.0,
2018-10-30,1575.0,1620.0,1533.15,1581.05,110355.0,
2018-10-31,1562.2,1594.0,1562.2,1578.95,45587.0,
2018-11-01,1566.05,1575.0,1466.5,1491.25,71213.0,
2018-11-02,1500.0,1514.0,1452.0,1470.55,96358.0,
2018-11-05,1456.0,1482.0,1387.15,1409.75,109044.0,
2018-11-06,1415.2,1429.5,1362.05,1375.95,1799217.0,
2018-11-07,1385.0,1412.7,1380.6,1394.75,17384.0,
2018-11-09,1382.05,1422.85,1367.4,1407.3,104976.0,
2018-11-12,1415.0,1415.0,1364.0,1369.25,23198.0,
2018-11-13,1368.0,1392.45,1356.8,1384.2,43338.0,
2018-11-14,1390.0,1396.9,1365.25,1377.6,9243.0,
2018-11-15,1370.95,1400.0,1362.25,1380.15,35510.0,
2018-11-16,1385.0,1403.95,1312.0,1370.6,1329384.0,
2018-11-19,1369.0,1392.0,1366.8,1385.05,73702.0,
2018-11-20,1384.5,1408.0,1370.0,1400.3,91149.0,
2018-11-21,1391.8,1415.0,1391.8,1401.75,21054.0,
2018-11-22,1401.75,1413.9,1385.15,1393.35,38785.0,
2018-11-26,1401.8,1477.6,1388.55,1454.9,181541.0,
2018-11-27,1457.7,1542.7,1457.6,1479.55,259426.0,
2018-11-28,1488.75,1527.0,1483.0,1489.35,79900.0,
2018-11-29,1490.25,1565.5,1490.25,1548.65,130759.0,
2018-11-30,1547.7,1585.0,1535.0,1545.6,163640.0,
2018-12-03,1557.9,1635.0,1554.55,1611.2,310499.0,
2018-12-04,1616.0,1687.9,1611.65,1629.15,426911.0,
2018-12-05,1629.0,1629.05,1549.95,1579.35,127512.0,
2018-12-06,1565.0,1612.0,1541.2,1551.9,88028.0,
2018-12-07,1560.0,1568.55,1500.25,1514.95,155435.0,
2018-12-10,1498.0,1498.0,1410.8,1429.6,65879.0,
2018-12-11,1386.0,1586.4,1386.0,1549.15,220434.0,
2018-12-12,1555.0,1585.0,1524.0,1566.95,254862.0,
2018-12-13,1572.0,1580.95,1535.2,1555.9,135750.0,
2018-12-14,1538.0,1580.0,1529.55,1564.45,93436.0,
2018-12-17,1564.45,1620.0,1545.75,1593.0,374472.0,
2018-12-18,1581.0,1677.0,1555.0,1569.9,239990.0,
2018-12-19,1570.0,1620.0,1540.2,1596.4,469425.0,
2018-12-20,1574.0,1586.75,1547.95,1563.8,134868.0,
2018-12-21,1576.0,1602.5,1555.6,1576.15,117209.0,
2018-12-24,1568.0,1586.0,1548.0,1557.5,37836.0,
2018-12-26,1566.8,1566.8,1501.35,1516.8,66909.0,
2018-12-27,1519.95,1521.05,1475.25,1485.65,94754.0,
2018-12-28,1500.0,1506.95,1445.15,1454.25,114552.0,
2018-12-31,1469.45,1469.45,1432.1,1440.65,95188.0,
2019-01-01,1427.1,1457.45,1427.1,1439.0,76834.0,
2019-01-02,1444.0,1448.4,1395.95,1430.45,89499.0,
2019-01-03,1431.0,1503.0,1431.0,1490.35,280109.0,
2019-01-04,1487.0,1579.0,1482.35,1557.05,234395.0,
2019-01-07,1568.5,1638.0,1553.55,1622.0,542045.0,
2019-01-08,1632.1,1673.7,1594.45,1619.4,507004.0,
2019-01-09,1613.9,1648.0,1603.0,1628.7,114138.0,
2019-01-10,1634.9,1719.95,1573.15,1586.0,397172.0,
2019-01-11,1599.0,1644.0,1583.0,1595.55,192116.0,
2019-01-14,1604.95,1653.65,1587.65,1640.3,297706.0,
2019-01-15,1655.0,1697.85,1632.05,1679.55,361595.0,
2019-01-16,1675.0,1736.3,1662.0,1677.35,292846.0,
2019-01-17,1687.7,1709.75,1615.55,1622.85,170950.0,
2019-01-18,1635.0,1660.0,1558.0,1579.4,212390.0,
2019-01-21,1601.0,1630.0,1507.0,1544.7,223229.0,
2019-01-22,1554.35,1649.0,1512.0,1632.15,271657.0,
2019-01-23,1633.0,1770.0,1633.0,1729.05,465772.0,
2019-01-24,1739.0,1790.0,1676.9,1715.6,614949.0,
2019-01-25,1720.15,1750.0,1670.55,1691.05,206606.0,
2019-01-28,1694.0,1701.6,1641.0,1673.6,250359.0,
2019-01-29,1665.0,1750.0,1651.9,1689.3,336334.0,
2019-01-30,1699.85,1718.0,1661.0,1705.25,658955.0,
2019-01-31,1662.0,1758.0,1662.0,1747.35,227402.0,
2019-02-01,1750.0,1783.95,1710.05,1730.35,159969.0,
2019-02-04,1727.0,1749.9,1721.6,1727.75,324757.0,
2019-02-05,1730.2,1775.15,1702.95,1760.95,451354.0,
2019-02-06,1749.9,1758.7,1728.05,1738.0,83000.0,
2019-02-07,1743.0,1780.0,1739.95,1758.15,259682.0,
2019-02-08,1758.6,1778.0,1748.1,1768.15,63809.0,
2019-02-11,1760.0,1793.0,1682.7,1708.65,417511.0,
2019-02-12,1703.95,1719.95,1604.3,1622.95,178731.0,
2019-02-13,1629.0,1670.0,1600.05,1654.35,153888.0,
2019-02-14,1652.85,1698.0,1635.25,1683.6,59644.0,
2019-02-15,1677.6,1720.0,1661.0,1696.35,93680.0,
2019-02-18,1695.8,1695.8,1629.2,1663.55,83326.0,
2019-02-19,1667.55,1667.55,1593.05,1611.45,54663.0,
2019-02-20,1628.95,1778.8,1612.15,1710.05,255592.0,
2019-02-21,1715.0,1734.85,1661.1,1692.9,212912.0,
2019-02-22,1700.0,1715.0,1620.85,1644.6,158648.0,
2019-02-25,1660.0,1676.75,1637.0,1662.8,52550.0,
2019-02-26,1648.15,1762.55,1626.05,1734.45,285894.0,
2019-02-27,1740.0,1845.0,1701.9,1809.8,443598.0,
2019-02-28,1805.0,1834.0,1776.0,1789.65,257815.0,
2019-03-01,1777.05,1810.0,1777.05,1796.4,139277.0,
2019-03-05,1830.0,1830.0,1750.0,1763.65,110478.0,
2019-03-06,1771.75,1783.55,1720.0,1733.5,656487.0,
2019-03-07,1748.0,1748.0,1689.6,1706.8,131094.0,
2019-03-08,1713.5,1799.0,1700.0,1781.9,265858.0,
2019-03-11,1793.7,1820.0,1783.0,1799.4,212692.0,
2019-03-12,1799.4,1863.95,1785.05,1840.9,824057.0,
2019-03-13,1860.0,1918.0,1840.05,1899.45,446490.0,
2019-03-14,1901.0,1916.5,1853.3,1893.35,132442.0,
2019-03-15,1885.3,1916.0,1845.0,1867.75,369280.0,
2019-03-18,1864.9,1879.9,1822.4,1834.9,247151.0,
2019-03-19,1848.9,1909.0,1843.15,1898.45,345210.0,
2019-03-20,1897.05,1920.0,1873.05,1906.15,278421.0,
2019-03-22,1882.05,1915.0,1882.0,1901.5,155779.0,
2019-03-25,1904.0,1930.0,1880.0,1904.15,566032.0,
2019-03-26,1916.0,1919.0,1872.55,1883.15,236301.0,
2019-03-27,1894.65,1898.6,1850.05,1870.0,183837.0,
2019-03-28,1892.9,1900.0,1864.25,1870.15,144626.0,
2019-03-29,1867.1,1876.45,1825.5,1842.55,83952.0,
2019-04-01,1842.95,1888.0,1808.0,1835.8,141706.0,
2019-04-02,1849.95,1852.95,1801.0,1807.65,119929.0,
2019-04-03,1817.5,1876.0,1817.5,1851.2,553227.0,
2019-04-04,1862.75,1870.0,1810.0,1851.25,199575.0,
2019-04-05,1858.0,1865.0,1815.05,1832.9,43776.0,
2019-04-08,1830.0,1867.0,1777.0,1856.6,424958.0,
2019-04-09,1859.6,1930.0,1832.0,1884.15,315644.0,
2019-04-10,1895.9,1937.65,1865.85,1914.55,241905.0,
2019-04-11,1920.2,1926.5,1893.55,1906.85,98025.0,
2019-04-12,1910.0,1930.95,1891.2,1899.5,117554.0,
2019-04-15,1914.95,1943.9,1905.0,1937.45,170455.0,
2019-04-16,1948.0,1956.2,1915.0,1938.65,206981.0,
2019-04-18,1940.0,1948.15,1894.05,1905.45,113174.0,
2019-04-22,1914.8,1934.0,1882.0,1895.75,64409.0,
2019-04-23,1900.0,1945.0,1857.75,1932.15,117877.0,
2019-04-24,1941.0,2056.6,1915.1,2013.9,164560.0,
2019-04-25,2002.0,2010.0,1951.55,1972.65,106468.0,
2019-04-26,1979.0,2000.0,1880.0,1904.5,275291.0,
2019-04-30,1908.9,1978.0,1865.05,1933.25,192278.0,
2019-05-02,1935.0,1979.75,1920.1,1953.65,192745.0,
2019-05-03,1965.8,1998.7,1954.1,1987.2,120881.0,
2019-05-06,1984.0,1998.2,1961.05,1984.9,123312.0,
2019-05-07,1985.0,1996.7,1955.0,1961.0,30009.0,
2019-05-08,1959.5,1985.0,1945.0,1952.65,47629.0,
2019-05-09,1951.3,1951.55,1889.0,1909.1,281334.0,
2019-05-10,1923.7,1984.0,1914.0,1942.85,336107.0,
2019-05-13,1935.4,1938.1,1911.55,1920.55,214786.0,
2019-05-14,1920.0,1920.0,1878.25,1898.25,112227.0,
2019-05-15,1914.9,1918.0,1896.05,1904.85,79372.0,
2019-05-16,1917.2,1921.45,1887.0,1894.35,105373.0,
2019-05-17,1896.1,1919.95,1804.0,1812.95,307597.0,
2019-05-20,1825.0,1860.0,1802.0,1827.2,246188.0,
2019-05-21,1849.0,1908.0,1845.0,1875.5,250076.0,
2019-05-22,1875.5,1940.0,1850.0,1923.8,212768.0,
2019-05-23,1945.0,1949.9,1884.0,1903.5,283380.0,
2019-05-24,1927.95,1989.8,1893.55,1967.15,158096.0,
2019-05-27,1960.05,1974.7,1895.3,1929.95,231080.0,
2019-05-28,1922.25,2001.35,1895.0,1972.25,276515.0,
2019-05-29,2009.0,2065.0,1945.0,2049.9,465188.0,
2019-05-30,2045.0,2189.95,2014.0,2162.45,484242.0,
2019-05-31,2145.0,2286.85,2035.0,2053.3,617142.0,
2019-06-03,2056.0,2443.9,2020.0,2310.75,833745.0,
2019-06-04,2280.0,2299.0,2201.0,2253.4,445102.0,
2019-06-06,2242.0,2395.9,2232.0,2304.9,719108.0,
2019-06-07,2310.9,2345.95,2300.0,2315.2,217085.0,
2019-06-10,2349.8,2350.0,2264.0,2278.45,183793.0,
2019-06-11,2283.0,2325.0,2250.4,2265.8,149581.0,
2019-06-12,2273.0,2273.0,2202.35,2212.0,125754.0,
2019-06-13,2207.15,2249.75,2159.05,2189.55,156710.0,
2019-06-14,2191.0,2224.8,2167.0,2190.7,187568.0,
2019-06-17,2204.35,2265.0,2197.7,2217.55,209987.0,
2019-06-18,2231.4,2255.0,2085.0,2106.05,170300.0,
2019-06-19,2120.0,2210.0,1944.05,2012.05,417878.0,
2019-06-20,2019.0,2096.0,1970.0,2070.55,199892.0,
2019-06-21,2088.9,2175.9,2075.0,2120.05,377271.0,
2019-06-24,2133.3,2192.0,2133.3,2174.7,75991.0,
2019-06-25,2188.25,2253.95,2154.05,2219.25,183421.0,
2019-06-26,2215.0,2240.0,2190.05,2215.85,286357.0,
2019-06-27,2223.5,2235.0,2180.0,2206.1,93159.0,
2019-06-28,2211.0,2263.5,2080.1,2247.15,406284.0,
2019-07-01,2250.0,2260.85,2193.25,2244.0,76584.0,
2019-07-02,2236.0,2299.55,2185.0,2286.7,184864.0,
2019-07-03,2295.0,2323.0,2251.35,2273.6,143377.0,
2019-07-04,2288.9,2310.0,2260.0,2290.3,116118.0,
2019-07-05,2287.0,2296.8,2245.2,2256.7,60061.0,
2019-07-08,2247.9,2324.9,2142.7,2237.45,288953.0,
2019-07-09,2269.0,2307.9,2211.55,2223.15,100464.0,
2019-07-10,2230.0,2265.95,2212.35,2225.0,59993.0,
2019-07-11,2238.9,2319.0,2231.45,2306.25,118794.0,
2019-07-12,2315.0,2339.8,2180.1,2195.35,282808.0,
2019-07-15,2201.15,2247.0,2184.05,2233.05,155229.0,
2019-07-16,2233.0,2275.85,2210.0,2257.4,84333.0,
2019-07-17,2246.0,2267.6,2220.0,2242.8,82061.0,
2019-07-18,2239.0,2259.0,2210.1,2215.75,41448.0,
2019-07-19,2226.0,2240.0,2125.0,2151.6,136534.0,
2019-07-22,2157.0,2221.95,2068.0,2186.2,192938.0,
2019-07-23,2198.3,2198.95,2156.15,2165.85,103474.0,
2019-07-24,2175.0,2178.7,2140.0,2145.8,73461.0,
2019-07-25,2169.0,2261.95,2154.65,2245.15,280344.0,
2019-07-26,2240.0,2288.65,2210.0,2226.6,106476.0,
2019-07-29,2225.0,2260.0,2210.05,2233.75,84863.0,
2019-07-30,2240.0,2270.0,2215.0,2229.85,99597.0,
2019-07-31,2227.0,2260.0,2196.05,2244.9,121431.0,
2019-08-01,2243.9,2254.45,2210.0,2217.15,162793.0,
2019-08-02,2210.0,2214.85,2173.05,2185.4,93771.0,
2019-08-05,2179.0,2214.95,2146.05,2153.45,113513.0,
2019-08-06,2144.0,2188.0,2141.0,2151.05,51960.0,
2019-08-07,2159.8,2195.0,2148.6,2153.4,43883.0,
2019-08-08,2157.0,2183.0,2150.05,2174.8,105269.0,
2019-08-09,2176.0,2249.95,2175.0,2206.9,95097.0,
2019-08-13,2222.0,2222.0,2142.7,2177.6,126107.0,
2019-08-14,2199.9,2207.95,2118.0,2179.4,180909.0,
2019-08-16,2170.0,2200.9,2170.0,2187.7,242818.0,
2019-08-19,2179.05,2250.0,2159.05,2179.7,204959.0,
2019-08-20,2179.75,2190.0,2116.5,2162.8,295695.0,
2019-08-21,2151.0,2185.0,2130.0,2139.3,115135.0,
2019-08-22,2140.0,2150.95,2039.0,2053.45,442685.0,
2019-08-23,2015.0,2025.05,1905.2,1939.35,272625.0,62.12
2019-09-30,2223.5,2235.0,2180.0,2206.1,93159.0,58.32
2019-10-01,2031.0,2077.0,2001.0,2064.0,187763.0,50.49
2019-10-02,2031.0,2077.0,2001.0,2064.0,187763.0,50.49
2019-10-03,2079.95,2159.0,2075.0,2122.0,193061.0,53.39
2019-10-04,2135.25,2326.4,2135.2,2270.25,615716.0,26.67
2019-10-07,2267.0,2398.15,2238.2,2334.7,508478.0,27.98
2019-10-08,2267.0,2398.15,2238.2,2334.7,508478.0,27.98
2019-10-09,2309.0,2422.0,2292.95,2392.8,567484.0,38.44
2019-10-10,2400.0,2407.75,2270.0,2283.65,333197.0,45.28
2019-10-11,2283.65,2313.95,2227.05,2259.45,245375.0,43.52
2019-10-14,2259.95,2294.1,2220.2,2265.2,153260.0,46.89
2019-10-15,2273.0,2369.0,2253.05,2314.25,287728.0,50.15
2019-10-16,2328.0,2359.95,2240.35,2258.65,346697.0,63.89
2019-10-17,2272.75,2298.0,2263.1,2285.7,394123.0,79.93
2019-10-18,2299.9,2357.55,2286.0,2299.95,251040.0,50.87
2019-10-21,2299.9,2357.55,2286.0,2299.95,251040.0,50.87
2019-10-22,2304.9,2448.0,2285.35,2397.75,302674.0,50.74
2019-10-23,2406.0,2412.75,2315.0,2349.35,588409.0,82.5
2019-10-24,2363.55,2374.0,2300.0,2306.95,125998.0,52.83
2019-10-25,2318.0,2318.0,2245.4,2264.75,133698.0,59.02
2019-10-28,2265.0,2315.0,2265.0,2305.55,16243.0,31.49
2019-10-29,2300.0,2430.0,2300.0,2406.95,493438.0,57.18
2019-10-30,2414.9,2482.6,2370.6,2431.9,192918.0,47.22
2019-10-31,2432.0,2597.4,2406.5,2569.0,332587.0,38.59
2019-11-01,2551.0,2669.8,2528.5,2616.3,363926.0,38.18
2019-11-04,2617.8,2617.8,2511.65,2527.4,188911.0,43.17
2019-11-05,2539.9,2562.0,2444.05,2492.0,217982.0,59.01
2019-11-06,2494.0,2570.35,2474.2,2524.1,143394.0,38.32
2019-11-07,2524.1,2546.15,2461.95,2491.55,291505.0,48.33
2019-11-08,2600.0,2625.0,2483.7,2515.05,931637.0,59.97
2019-11-11,2521.0,2639.1,2516.0,2563.5,586456.0,61.32
2019-11-12,2521.0,2639.1,2516.0,2563.5,586456.0,61.32
2019-11-13,2601.05,2685.0,2571.3,2599.9,909659.0,73.78
2019-11-14,2609.9,2680.0,2585.0,2610.5,413709.0,65.5
2019-11-15,2626.8,2664.5,2595.55,2638.5,287259.0,65.44
2019-11-18,2649.0,2740.0,2649.0,2727.25,460687.0,40.97
2019-11-19,2726.2,2726.2,2580.0,2638.95,474474.0,49.84
2019-11-20,2636.0,2673.75,2531.0,2591.2,472792.0,64.23
2019-11-21,2607.3,2619.95,2553.0,2576.5,343752.0,51.72
2019-11-22,2598.9,2629.95,2568.6,2605.0,427477.0,61.18
2019-11-25,2602.0,2660.0,2579.8,2631.7,481235.0,55.57
2019-11-26,2639.0,2689.0,2500.0,2590.95,7089080.0,74.48
2019-11-27,2501.95,2567.0,2479.65,2548.15,424648.0,48.3
2019-11-28,2549.9,2564.4,2524.0,2542.9,162653.0,56.38
2019-11-29,2547.85,2664.0,2534.05,2633.75,424688.0,49.93
2019-12-02,2613.1,2613.1,2490.1,2514.15,381042.0,53.41
2019-12-03,2522.0,2560.0,2511.0,2553.05,180429.0,44.74
2019-12-04,2540.9,2562.45,2368.0,2446.0,404442.0,41.35
2019-12-05,2459.7,2496.0,2435.55,2449.4,178654.0,42.84
2019-12-06,2469.0,2488.0,2435.45,2444.45,308261.0,62.04
2019-12-09,2459.65,2528.85,2459.65,2485.6,201575.0,39.57
2019-12-10,2493.8,2525.0,2480.05,2499.45,110843.0,48.67
2019-12-11,2498.9,2621.65,2486.25,2563.65,275314.0,57.7
2019-12-12,2579.65,2588.0,2506.05,2525.75,180504.0,59.05
2019-12-13,2539.0,2688.9,2530.6,2621.5,434263.0,49.61
2019-12-16,2650.0,2670.4,2612.05,2642.65,155783.0,46.35
2019-12-17,2640.0,2678.0,2583.3,2606.1,259859.0,58.29
2019-12-18,2616.0,2641.85,2585.0,2629.8,217623.0,52.64
2019-12-19,2613.4,2613.4,2555.0,2592.75,154438.0,46.25
2019-12-20,2575.05,2672.0,2561.0,2642.3,409465.0,56.06
2019-12-23,2637.7,2645.0,2576.0,2592.55,163173.0,64.22
2019-12-24,2592.65,2600.05,2552.25,2563.55,92401.0,49.9
2019-12-25,2592.65,2600.05,2552.25,2563.55,92401.0,49.9
2019-12-26,2573.55,2579.55,2511.0,2528.95,84567.0,40.05
2019-12-27,2541.9,2584.4,2532.0,2566.75,135784.0,59.23
2019-12-30,2580.0,2580.0,2527.65,2543.85,99912.0,56.37
2019-12-31,2548.0,2571.0,2521.95,2530.05,234166.0,70.16
2020-01-01,2533.3,2590.0,2530.0,2565.6,60629.0,31.83
2020-01-02,2550.0,2564.45,2521.15,2535.2,188017.0,67.38
2020-01-03,2535.2,2580.0,2533.05,2567.45,125129.0,38.76
2020-01-06,2567.45,2567.45,2501.1,2519.85,82905.0,52.81
2020-01-07,2522.0,2578.0,2522.0,2539.6,115734.0,53.6
2020-01-08,2525.0,2554.0,2523.8,2549.7,89006.0,59.21
2020-01-09,2560.2,2570.0,2535.0,2558.8,82953.0,63.03
2020-01-10,2552.0,2567.45,2521.0,2548.8,135834.0,63.78
2020-01-13,2564.65,2568.0,2478.0,2529.35,795516.0,10.22
2020-01-14,2509.0,2552.0,2505.6,2545.85,153823.0,71.39
2020-01-15,2540.0,2558.0,2493.45,2521.9,147296.0,59.81
2020-01-16,2536.8,2620.0,2470.0,2580.85,325358.0,58.73
2020-01-17,2555.0,2615.0,2555.0,2600.45,155575.0,53.13
2020-01-20,2605.0,2620.0,2569.15,2591.7,55731.0,51.95
2020-01-21,2600.0,2675.0,2525.05,2567.9,272694.0,38.61
2020-01-22,2569.8,2574.4,2504.7,2531.8,243217.0,68.11
2020-01-23,2538.8,2604.0,2530.35,2591.5,159299.0,53.61
2020-01-24,2603.95,2757.45,2597.6,2708.05,811434.0,71.4
2020-01-27,2708.0,2750.0,2671.1,2700.0,221109.0,33.51
2020-01-28,2701.0,2805.1,2701.0,2765.35,456036.0,54.4
2020-01-29,2780.0,2849.85,2780.0,2832.85,252841.0,50.26
2020-01-30,2845.0,2880.0,2785.0,2824.55,198937.0,56.04
2020-01-31,2842.15,2935.0,2825.05,2847.65,245742.0,41.7
2020-02-03,2676.1,2924.25,2675.6,2811.1,492976.0,44.74
2020-02-04,2799.8,2993.1,2799.8,2961.75,454397.0,42.85
2020-02-05,2978.3,3024.0,2935.0,2987.3,279347.0,30.37
2020-02-06,2980.0,3095.2,2960.0,3071.3,248941.0,32.01
2020-02-07,3090.4,3130.0,3040.0,3078.3,100880.0,30.91
2020-02-10,3097.5,3128.0,2980.0,3013.75,137020.0,45.26
2020-02-11,3032.55,3058.0,2961.05,2999.35,745408.0,9.5
2020-02-12,3013.95,3048.95,2933.0,2955.75,298776.0,42.2
2020-02-13,2938.0,2939.95,2829.65,2864.75,262928.0,52.33
2020-02-14,2864.75,2967.0,2820.0,2850.15,195067.0,47.81
2020-02-17,2836.0,2850.0,2772.0,2819.6,132540.0,61.74
2020-02-18,2815.95,2911.05,2751.1,2787.1,252278.0,39.23
2020-02-19,2832.0,2901.15,2808.8,2849.95,225705.0,41.07
2020-02-20,2855.05,2890.0,2825.0,2840.45,135848.0,43.28
2020-02-21,2855.05,2890.0,2825.0,2840.45,135848.0,43.28
2020-02-24,2839.55,2839.55,2694.55,2709.15,226097.0,61.67
2020-02-25,2761.0,2810.0,2631.05,2649.6,326428.0,40.31
2020-02-26,2648.95,2698.0,2550.0,2610.3,280229.0,48.21
2020-02-27,2591.0,2665.0,2555.0,2567.2,260503.0,44.27
2020-02-28,2495.0,2650.0,2323.3,2593.35,502208.0,43.71
2020-03-02,2648.0,2750.0,2628.0,2685.25,462205.0,48.84
2020-03-03,2715.2,2805.0,2714.5,2788.8,369971.0,45.06
2020-03-04,2780.0,2802.55,2640.0,2654.35,400834.0,51.1
2020-03-05,2625.3,2738.0,2558.15,2704.25,357343.0,26.86
2020-03-06,2599.0,2670.0,2550.0,2648.3,245608.0,53.79
2020-03-09,2575.0,2598.2,2520.0,2530.7,243496.0,61.19
2020-03-10,2575.0,2598.2,2520.0,2530.7,243496.0,61.19
2020-03-11,2505.0,2607.5,2465.5,2548.2,341397.0,50.72
2020-03-12,2478.0,2479.0,2350.0,2364.15,385192.0,60.9
2020-03-13,2132.0,2350.0,2131.55,2292.45,525548.0,56.83
2020-03-16,2231.0,2272.1,2172.65,2182.95,257214.0,54.1
2020-03-17,2181.0,2199.95,2069.2,2101.9,394723.0,57.42
2020-03-18,2101.35,2169.5,1970.0,1983.85,341971.0,62.63
2020-03-19,1831.0,2069.8,1740.0,1977.95,409973.0,52.12
2020-03-20,1950.5,2072.0,1856.65,1951.6,395592.0,53.68
2020-03-23,1800.0,1848.4,1581.1,1691.25,540755.0,65.81
2020-03-24,1676.0,1860.0,1674.35,1772.85,356952.0,58.8
2020-03-25,1750.0,1859.5,1700.0,1828.3,489231.0,69.17
2020-03-26,1929.0,2193.95,1855.5,2028.3,415481.0,49.03
2020-03-27,2149.0,2196.0,1980.0,2050.45,482477.0,73.86
2020-03-30,2000.1,2160.0,1900.0,2145.8,512193.0,51.32
2020-03-31,2162.0,2167.25,2017.95,2035.05,832574.0,83.35
2020-04-01,2048.0,2100.6,1981.35,2013.95,335312.0,64.26
2020-04-02,2048.0,2100.6,1981.35,2013.95,335312.0,64.26
2020-04-03,2028.0,2054.1,1931.0,2006.65,310860.0,63.62
2020-04-06,2028.0,2054.1,1931.0,2006.65,310860.0,63.62
2020-04-07,2050.0,2407.95,2050.0,2358.1,285527.0,50.35
2020-04-08,2310.0,2403.85,2202.0,2253.85,373732.0,32.73
2020-04-09,2290.0,2340.55,2205.0,2241.95,209573.0,42.04
2020-04-10,2290.0,2340.55,2205.0,2241.95,209573.0,42.04
2020-04-13,2222.0,2359.9,2140.5,2161.3,320698.0,37.96
2020-04-15,2215.0,2418.0,2186.0,2361.95,691806.0,57.52
2020-04-16,2370.3,2420.0,2326.0,2348.45,579119.0,56.14
2020-04-17,2410.0,2524.0,2410.0,2486.55,516656.0,42.28
2020-04-20,2495.0,2545.85,2369.0,2444.85,619686.0,40.53
2020-04-21,2400.05,2461.0,2363.0,2387.15,227001.0,29.63
2020-04-22,2370.0,2507.45,2370.0,2496.65,326276.0,31.78
2020-04-23,2510.1,2556.0,2410.0,2462.85,427987.0,48.51
2020-04-24,2420.0,2454.95,2303.0,2327.1,272699.0,47.95
2020-04-27,2360.25,2404.9,2302.15,2322.75,193767.0,34.07
2020-04-28,2370.0,2417.6,2289.3,2392.25,312743.0,41.65
2020-04-29,2420.75,2499.75,2405.45,2434.75,487683.0,40.1
2020-04-30,2472.45,2577.5,2419.0,2547.6,334287.0,35.78
2020-05-01,2472.45,2577.5,2419.0,2547.6,334287.0,35.78
2020-05-04,2488.0,2547.55,2461.15,2500.75,280623.0,39.33
2020-05-05,2535.15,2659.0,2525.75,2591.55,596326.0,24.41
2020-05-06,2608.15,2675.0,2583.0,2646.85,482619.0,27.43
2020-05-07,2659.9,2680.0,2560.0,2593.3,358207.0,39.02
2020-05-08,2608.0,2742.15,2583.3,2697.95,563873.0,46.04
2020-05-11,2679.6,2718.65,2550.1,2570.95,398413.0,33.82
2020-05-12,2570.0,2623.85,2500.0,2525.45,322142.0,29.22
2020-05-13,2649.0,2650.0,2575.0,2616.15,315595.0,37.13
2020-05-14,2611.3,2712.5,2577.15,2695.8,314207.0,32.96
2020-05-15,2699.0,2699.0,2575.05,2591.65,286553.0,41.76
2020-05-18,2590.0,2590.0,2205.0,2403.9,1010512.0,30.42
2020-05-19,2449.9,2512.25,2415.0,2462.6,819856.0,36.75
2020-05-20,2440.05,2456.1,2316.3,2397.05,771383.0,25.67
2020-05-21,2412.05,2490.0,2405.0,2456.05,358529.0,16.89
2020-05-22,2410.0,2448.1,2366.0,2423.3,253231.0,22.99
2020-05-25,2410.0,2448.1,2366.0,2423.3,253231.0,22.99
2020-05-26,2423.5,2456.95,2377.0,2395.1,241083.0,19.66
2020-05-27,2398.7,2440.4,2335.0,2431.9,343527.0,21.91
2020-05-28,2457.25,2588.0,2434.2,2570.9,587301.0,37.45
2020-05-29,2570.9,2780.0,2526.05,2683.8,604880.0,36.33
2020-06-01,2705.15,2755.2,2606.05,2681.55,429176.0,21.3
2020-06-02,2688.05,2704.7,2580.0,2602.55,352597.0,27.09
2020-06-03,2628.0,2647.2,2532.55,2570.95,650421.0,47.82
2020-06-04,2540.0,2579.3,2483.2,2514.0,795526.0,39.33
2020-06-05,2540.45,2540.95,2472.9,2500.1,480448.0,53.63
2020-06-08,2529.0,2679.9,2520.0,2662.95,638891.0,30.31
2020-06-09,2685.2,2722.9,2640.0,2703.15,1519933.0,66.63
2020-06-10,2720.0,2778.85,2687.0,2746.8,730231.0,25.54
2020-06-11,2755.0,2769.95,2680.0,2740.1,461148.0,35.44
2020-06-12,2650.0,2844.75,2650.0,2820.5,719697.0,23.14
2020-06-15,2799.85,2809.45,2755.1,2786.35,432744.0,43.47
2020-06-16,2839.95,2875.0,2762.0,2813.45,518217.0,12.59
2020-06-17,2805.1,2825.0,2763.05,2798.9,438379.0,61.05
2020-06-18,2788.0,2799.0,2738.4,2758.9,263110.0,34.84
2020-06-19,2765.05,2798.0,2620.75,2677.95,598562.0,47.14
2020-06-22,2677.95,2804.9,2665.0,2769.25,445962.0,20.65
2020-06-23,2730.05,2985.0,2730.05,2954.7,1183291.0,23.97
2020-06-24,2935.0,2940.0,2664.5,2712.05,746283.0,29.34
2020-06-25,2712.05,2818.0,2660.0,2747.65,1461978.0,40.67
2020-06-26,2738.0,2812.0,2735.8,2756.3,442421.0,35.72
2020-06-29,2736.75,2779.15,2736.75,2764.35,279737.0,52.94
2020-06-30,2789.0,2799.0,2750.1,2761.85,263890.0,49.03
2020-07-01,2755.0,2778.9,2725.0,2758.9,282709.0,48.66
2020-07-02,2760.0,2820.0,2760.0,2789.5,258306.0,23.31
2020-07-03,2817.35,2828.95,2761.4,2768.9,123880.0,25.05
2020-07-06,2784.95,2810.95,2772.0,2782.7,253000.0,65.96
2020-07-07,2772.05,2945.0,2772.05,2913.1,485575.0,28.43
2020-07-08,2913.1,2928.35,2831.85,2856.65,180244.0,19.54
2020-07-09,2870.0,2934.8,2849.1,2862.55,155089.0,16.0
2020-07-10,2860.0,2914.0,2838.9,2872.4,217229.0,14.61
2020-07-13,2910.0,2925.0,2822.75,2834.2,160296.0,31.84
2020-07-14,2840.0,2906.8,2814.95,2895.7,226203.0,27.7
2020-07-15,2906.0,3060.0,2906.0,3036.65,753307.0,18.87
2020-07-16,3045.0,3075.0,2982.3,3037.85,507703.0,28.04
2020-07-17,3040.0,3150.0,3011.25,3110.3,238099.0,29.83
2020-07-20,3110.0,3317.8,3109.95,3255.45,796663.0,46.98
2020-07-21,3280.0,3298.6,3194.0,3206.2,338625.0,19.95
2020-07-22,3200.25,3237.9,3147.55,3188.45,327728.0,51.21
2020-07-23,3190.0,3294.0,3171.0,3272.3,296998.0,23.87
2020-07-24,3240.0,3309.75,3139.55,3165.8,315851.0,34.65
2020-07-27,3190.35,3229.85,3090.0,3112.3,363287.0,32.74
2020-07-28,3133.0,3185.35,3104.05,3129.65,353509.0,31.81
2020-07-29,3139.9,3170.0,3110.0,3140.2,171813.0,34.1
2020-07-30,3168.0,3209.65,3128.3,3174.35,301764.0,35.31
2020-07-31,3215.0,3269.95,3174.45,3194.45,342812.0,19.16
2020-08-03,3210.45,3248.0,3140.0,3158.65,164204.0,30.54
2020-08-04,3189.95,3222.3,3112.15,3186.1,173397.0,27.2
2020-08-05,3260.0,3420.0,3260.0,3353.45,1102586.0,25.62
2020-08-06,3387.0,3440.5,3294.0,3319.0,715294.0,34.66
2020-08-07,3348.0,3367.0,3275.1,3312.9,284416.0,24.27
2020-08-10,3320.0,3584.4,3320.0,3526.1,605175.0,25.98
2020-08-11,3534.75,3535.25,3380.0,3390.95,447906.0,33.21
2020-08-12,3414.9,3415.3,3233.5,3244.65,727262.0,45.71
2020-08-13,3274.9,3329.55,3242.05,3272.25,503127.0,46.31
2020-08-14,3240.15,3328.0,3240.15,3246.15,334544.0,29.43
2020-08-17,3292.25,3313.75,3242.0,3271.85,203240.0,36.99
2020-08-18,3300.0,3345.0,3250.0,3276.65,296386.0,43.05
2020-08-19,3309.8,3350.55,3282.05,3294.0,427467.0,51.04
2020-08-20,3299.95,3319.6,3247.25,3269.75,246606.0,26.21
2020-08-21,3311.0,3320.1,3220.0,3239.3,383507.0,57.16
2020-08-24,3276.35,3276.35,3224.0,3238.8,368765.0,64.8
2020-08-25,3230.0,3299.0,3228.0,3285.25,239635.0,27.19
2020-08-26,3310.0,3313.65,3242.5,3251.2,415172.0,69.69
2020-08-27,3275.0,3310.0,3251.05,3277.35,218136.0,36.53
2020-08-28,3296.0,3405.0,3275.0,3389.95,387742.0,19.09
2020-08-31,3398.9,3421.5,3240.5,3263.65,495889.0,45.87
2020-09-01,3295.0,3348.0,3242.5,3303.0,192574.0,24.46
2020-09-02,3323.0,3498.9,3308.4,3473.75,731658.0,21.24
2020-09-03,3493.2,3555.0,3413.9,3434.15,343427.0,16.66
2020-09-04,3385.0,3451.0,3310.2,3337.9,400301.0,13.52
2020-09-07,3379.1,3386.35,3275.5,3292.95,397881.0,33.04
2020-09-08,3390.0,3433.95,3290.0,3314.1,1322728.0,9.76
2020-09-09,3303.0,3306.0,3240.0,3279.7,392008.0,27.98
2020-09-10,3293.0,3430.0,3240.25,3386.7,633300.0,31.22
2020-09-11,3420.0,3434.8,3343.05,3384.85,667957.0,27.35
2020-09-14,3384.85,3455.0,3381.0,3434.1,405815.0,27.65
2020-09-15,3450.0,3559.2,3410.3,3533.55,637063.0,25.03
2020-09-16,3560.7,3581.7,3505.0,3539.8,497563.0,23.48
2020-09-17,3540.0,3618.05,3497.45,3516.9,911718.0,29.38
2020-09-18,3516.9,3578.8,3438.85,3487.3,643181.0,43.42
2020-09-21,3475.0,3583.55,3361.1,3402.7,530360.0,20.5
2020-09-22,3370.35,3420.0,3275.4,3349.35,508068.0,22.14
2020-09-23,3350.0,3479.95,3323.0,3388.7,662544.0,20.04
2020-09-24,3376.0,3450.0,3330.0,3375.75,641604.0,28.86
2020-09-25,3400.0,3492.4,3400.0,3450.15,458103.0,23.6
2020-09-28,3495.0,3614.8,3450.2,3575.55,873537.0,27.3
2020-09-29,3600.0,3703.1,3599.95,3633.45,931340.0,15.55
2020-09-30,3649.0,3688.0,3615.0,3634.7,405973.0,25.57
2020-10-01,3660.0,3672.95,3586.55,3609.15,289433.0,23.03
2020-10-02,3660.0,3672.95,3586.55,3609.15,289433.0,23.03
2020-10-05,3611.0,3649.0,3471.4,3487.85,398024.0,42.5
2020-10-06,3526.65,3599.0,3450.0,3461.15,405209.0,36.93
2020-10-07,3480.0,3480.0,3415.25,3459.6,377768.0,48.41
2020-10-08,3495.0,3520.0,3431.85,3460.65,443172.0,34.52
2020-10-09,3490.0,3505.0,3446.7,3456.9,173804.0,35.23
2020-10-12,3479.95,3545.55,3458.8,3479.15,376427.0,35.5
2020-10-13,3492.3,3655.0,3490.0,3579.4,1107621.0,21.9
2020-10-14,3560.0,3785.9,3560.0,3740.55,1332196.0,19.84
2020-10-15,3767.0,3767.0,3569.0,3607.8,745323.0,20.21
2020-10-16,3617.0,3659.95,3556.75,3600.3,418182.0,13.21
2020-10-19,3632.75,3632.75,3461.2,3476.2,485460.0,39.53
2020-10-20,3477.0,3515.0,3442.35,3474.45,387138.0,19.55
2020-10-21,3497.0,3534.0,3440.0,3492.75,305401.0,15.37
2020-10-22,3494.0,3514.25,3362.65,3397.95,480176.0,26.54
2020-10-23,3414.0,3674.7,3401.35,3645.15,1276112.0,17.76
2020-10-26,3645.15,3645.15,3500.0,3510.55,593961.0,12.12
2020-10-27,3531.0,3589.1,3475.0,3577.8,468076.0,19.65
2020-10-28,3576.0,3653.95,3500.1,3562.4,380513.0,10.72
2020-10-29,3539.2,3638.0,3502.0,3602.45,513459.0,16.81
2020-10-30,3625.6,3735.0,3501.0,3548.95,1368453.0,28.77
2020-11-02,3565.0,3629.2,3525.0,3551.65,407137.0,26.6
2020-11-03,3590.0,3618.0,3536.3,3549.05,235074.0,29.11
2020-11-04,3580.0,3650.0,3557.3,3610.1,444345.0,22.08
2020-11-05,3640.0,3668.85,3605.0,3624.05,292333.0,48.08
2020-11-06,3630.0,3669.95,3526.2,3595.75,656830.0,44.24
2020-11-09,3625.0,3652.0,3550.0,3632.3,316639.0,23.44
2020-11-10,3655.0,3669.0,3402.0,3536.7,660177.0,31.3
2020-11-11,3460.0,3588.95,3450.2,3544.25,773981.0,31.09
2020-11-12,3559.0,3725.0,3525.7,3676.8,955899.0,26.84
2020-11-13,3650.6,3875.9,3640.55,3859.95,1011384.0,18.48
2020-11-16,3865.0,3910.0,3845.0,3884.4,151994.0,14.69
2020-11-17,3847.0,3948.2,3801.2,3925.25,940379.0,37.62
2020-11-18,3930.0,3988.6,3875.0,3964.3,1025324.0,45.65
2020-11-19,3950.0,3959.0,3784.0,3834.2,526642.0,39.3
2020-11-20,3834.2,4058.0,3815.1,3980.4,1247883.0,32.45
2020-11-23,4025.0,4073.2,3955.0,4058.45,520320.0,21.33
2020-11-24,4045.5,4089.95,4029.15,4047.9,300428.0,30.83
2020-11-25,4050.0,4091.0,4001.3,4041.8,280117.0,26.66
2020-11-26,4035.0,4196.95,4010.95,4179.5,475718.0,13.51
2020-11-27,4165.3,4375.75,4131.0,4306.35,1433840.0,49.89
2020-11-30,4165.3,4375.75,4131.0,4306.35,1433840.0,49.89
2020-12-01,4380.5,4426.5,4180.0,4206.8,468632.0,33.52
2020-12-02,4247.0,4247.0,4135.2,4205.0,582161.0,39.89
2020-12-03,4205.0,4256.4,4141.15,4157.75,456183.0,39.84
2020-12-04,4166.1,4245.0,4166.1,4236.0,272479.0,20.12
2020-12-07,4230.0,4334.25,4225.05,4315.85,347398.0,32.31
2020-12-08,4301.0,4342.95,4243.45,4269.15,184150.0,32.13
2020-12-09,4300.0,4437.0,4289.0,4383.35,618066.0,25.83
2020-12-10,4373.0,4624.0,4353.35,4591.15,1138363.0,20.8
2020-12-11,4595.0,4739.9,4475.1,4521.35,847430.0,29.23
2020-12-14,4560.0,4695.0,4481.0,4672.55,657862.0,17.25
2020-12-15,4660.0,4726.8,4616.0,4639.05,620457.0,28.15
2020-12-16,4675.0,4710.0,4590.0,4601.15,449230.0,37.54
2020-12-17,4601.15,4665.0,4530.8,4560.75,329104.0,36.19
2020-12-18,4599.95,4672.6,4557.65,4644.25,478806.0,34.61
2020-12-21,4662.9,4709.2,4403.7,4479.85,504405.0,26.47
2020-12-22,4465.1,4630.0,4366.95,4624.65,520388.0,22.86
2020-12-23,4600.0,4679.0,4581.1,4665.6,334482.0,23.96
2020-12-24,4640.0,4700.0,4608.7,4623.35,254033.0,33.82
2020-12-25,4640.0,4700.0,4608.7,4623.35,254033.0,33.82
2020-12-28,4650.0,4684.8,4617.45,4629.35,255459.0,24.27
2020-12-29,4640.0,4754.95,4632.0,4703.25,515364.0,14.0
2020-12-30,4717.0,4792.0,4673.7,4777.7,507298.0,18.68
2020-12-31,4775.0,4825.0,4704.0,4757.9,504055.0,29.61
2021-01-01,4780.0,4800.0,4742.0,4754.7,152551.0,29.4
2021-01-04,4760.25,4850.0,4737.55,4832.65,703591.0,9.62
2021-01-05,4880.0,5549.25,4815.2,5494.4,2470023.0,8.85
2021-01-06,5500.0,5880.0,5181.05,5259.8,4159539.0,10.63
2021-01-07,5359.0,5419.95,5235.15,5311.25,956013.0,7.72
2021-01-08,5344.0,5450.0,5288.55,5412.2,728189.0,24.25
2021-01-11,5434.0,5518.9,5336.0,5478.9,551748.0,18.95
2021-01-12,5426.0,5532.75,5334.55,5369.7,348712.0,20.13
2021-01-13,5420.0,5421.1,5173.45,5259.55,562001.0,31.74
2021-01-14,5269.0,5310.1,5150.0,5180.05,434005.0,25.81
2021-01-15,5180.1,5314.0,4991.65,5013.6,682212.0,24.2
2021-01-18,5040.0,5059.95,4857.05,4896.4,495402.0,22.09
2021-01-19,4937.9,4996.6,4857.7,4927.4,962892.0,69.93
2021-01-20,4920.0,5227.0,4915.0,5169.6,1445710.0,9.17
2021-01-21,5220.0,5375.0,5125.0,5207.75,875862.0,20.34
2021-01-22,5250.0,5375.8,5245.0,5342.0,818668.0,32.28
2021-01-25,5388.0,5444.95,4968.85,4985.85,1009839.0,28.57
2021-01-26,5388.0,5444.95,4968.85,4985.85,1009839.0,28.57
2021-01-27,5025.0,5125.8,4677.0,4707.65,1532567.0,29.31
2021-01-28,4660.0,4739.2,4501.0,4536.75,996714.0,32.34
2021-01-29,4625.0,4679.6,4330.0,4364.0,1194841.0,38.74
2021-02-01,4400.0,4666.6,4211.0,4549.6,1511637.0,32.34
2021-02-02,4649.7,4909.3,4516.2,4861.5,1246121.0,26.17
2021-02-03,4910.0,4950.0,4776.5,4810.05,706931.0,18.69
2021-02-04,4790.0,4864.2,4717.0,4790.05,375358.0,24.45
2021-02-05,4849.95,4913.4,4740.0,4817.65,438250.0,17.89
2021-02-08,4863.95,5135.45,4850.0,5058.55,1114452.0,13.22
2021-02-09,5050.0,5137.95,4924.55,4969.4,503977.0,19.3
2021-02-10,4968.05,5177.0,4877.1,5119.65,954475.0,12.09
2021-02-11,5150.0,5464.7,5150.0,5418.7,1219873.0,17.02
2021-02-12,5434.0,5509.95,5315.0,5373.8,733837.0,15.61
2021-02-15,5350.0,5588.9,5235.15,5520.85,965042.0,15.96
2021-02-16,5537.4,5551.1,5002.2,5095.2,1802188.0,25.74
2021-02-17,5120.0,5125.0,4828.0,4916.7,1714916.0,29.64
2021-02-18,4976.0,5358.6,4952.6,5306.9,2100219.0,15.45
2021-02-19,5230.0,5270.0,5110.55,5170.15,865446.0,17.39
2021-02-22,5154.0,5160.0,4958.0,4993.65,693436.0,17.5
2021-02-23,5170.0,5250.0,5013.95,5071.15,944296.0,9.16
2021-02-24,5071.15,5129.4,4909.0,4936.55,458435.0,29.0
2021-02-25,4995.0,5060.65,4945.0,4958.45,626352.0,32.23
2021-02-26,4900.0,4965.0,4754.4,4910.35,701448.0,29.74
2021-03-01,4920.0,5018.7,4875.45,4909.8,368985.0,28.14
2021-03-02,4959.0,5038.0,4870.55,4962.45,519520.0,26.73
2021-03-03,5100.0,5100.0,5000.0,5050.7,500510.0,23.31
2021-03-04,4955.0,5039.0,4951.95,4985.0,295251.0,29.44
2021-03-05,4925.15,5008.05,4917.05,4945.2,222002.0,22.37
2021-03-08,4951.1,5010.65,4885.0,4893.85,236781.0,29.66
2021-03-09,4950.0,4984.0,4774.0,4864.0,519772.0,39.96
2021-03-10,4922.6,4970.0,4827.2,4869.8,518654.0,46.45
2021-03-11,4922.6,4970.0,4827.2,4869.8,518654.0,46.45
2021-03-12,4861.0,4967.0,4788.0,4803.6,712241.0,37.63
2021-03-15,4850.95,4850.95,4645.0,4769.15,393771.0,23.73
2021-03-16,4800.0,4875.0,4775.0,4824.7,353291.0,19.97
2021-03-17,4800.0,4844.0,4735.0,4761.7,296665.0,18.85
2021-03-18,4812.0,4812.0,4415.0,4480.05,987509.0,28.67
2021-03-19,4424.6,4648.2,4308.05,4602.3,1007775.0,25.74
2021-03-22,4698.0,4729.0,4620.0,4678.3,468117.0,16.19
2021-03-23,4660.1,4834.45,4660.1,4773.6,617592.0,19.62
2021-03-24,4710.0,4771.45,4652.1,4682.6,331424.0,14.88
2021-03-25,4672.0,4673.15,4371.35,4402.8,736050.0,37.18
2021-03-26,4482.0,4499.0,4391.45,4470.95,488842.0,22.51
2021-03-29,4482.0,4499.0,4391.45,4470.95,488842.0,22.51
2021-03-30,4480.05,4531.35,4023.9,4158.45,1748909.0,46.09
2021-03-31,4269.0,4386.65,4250.0,4280.55,1155243.0,17.84
2021-04-01,4300.95,4324.2,4170.0,4263.05,780736.0,32.19
2021-04-02,4300.95,4324.2,4170.0,4263.05,780736.0,32.19
2021-04-05,4270.45,4467.8,4202.45,4433.4,1259614.0,28.41
2021-04-06,4453.2,4520.9,4404.05,4500.0,675760.0,31.13
2021-04-07,4475.0,4714.2,4434.15,4691.4,1236704.0,24.24
2021-04-08,4730.0,4920.0,4696.55,4842.0,1408872.0,21.05
2021-04-09,4850.0,4867.8,4740.0,4791.4,675704.0,29.91
2021-04-12,4650.0,4776.05,4503.0,4751.1,863443.0,19.65
2021-04-13,4780.0,4800.0,4520.0,4556.85,594178.0,21.47
2021-04-14,4780.0,4800.0,4520.0,4556.85,594178.0,21.47
2021-04-15,4560.0,4618.8,4372.55,4580.5,754385.0,26.53
2021-04-16,4591.0,4730.0,4565.0,4674.15,580976.0,14.25
2021-04-19,4500.0,4788.0,4451.6,4696.5,737044.0,13.39
2021-04-20,4675.0,4830.0,4655.0,4777.0,801310.0,13.03
2021-04-21,4675.0,4830.0,4655.0,4777.0,801310.0,13.03
2021-04-22,4799.95,4846.0,4704.3,4827.55,598002.0,18.86
2021-04-23,4771.0,4948.8,4770.0,4876.3,965038.0,17.5
2021-04-26,4919.95,4958.5,4843.0,4892.3,536668.0,21.69
2021-04-27,4892.3,4972.4,4860.9,4950.05,398963.0,22.51
2021-04-28,5044.15,5098.5,4975.1,5020.85,905515.0,26.18
2021-04-29,5049.75,5055.05,4925.05,5008.95,474872.0,24.25
2021-04-30,4945.55,5043.85,4866.0,4914.7,286271.0,25.95
2021-05-03,4880.0,4899.0,4825.0,4864.95,372170.0,50.59
2021-05-04,4866.0,4911.0,4752.05,4788.5,343667.0,45.09
2021-05-05,4800.0,4861.0,4672.0,4838.8,577970.0,38.13
2021-05-06,4879.0,4879.0,4722.0,4758.45,425636.0,38.77
2021-05-07,4765.15,4797.05,4653.0,4677.3,454832.0,53.91
2021-05-10,4670.0,4718.45,4605.15,4619.0,315650.0,37.52
2021-05-11,4619.0,4619.0,4476.55,4484.05,507012.0,46.78
2021-05-12,4480.2,4482.0,4340.0,4354.65,713604.0,44.24
2021-05-13,4480.2,4482.0,4340.0,4354.65,713604.0,44.24
2021-05-14,4420.0,4450.0,4280.0,4291.65,658377.0,36.6
2021-05-17,4300.0,4328.9,4240.0,4256.5,652695.0,55.5
2021-05-18,4300.0,4490.0,4278.95,4447.65,1187973.0,35.46
2021-05-19,4455.0,4526.8,4383.0,4399.7,565568.0,31.98
2021-05-20,4400.0,4459.05,4345.1,4394.75,468511.0,45.89
2021-05-21,4450.0,4496.85,4312.05,4333.7,796681.0,51.04
2021-05-24,4371.0,4422.85,4318.0,4356.0,523800.0,41.46
2021-05-25,4357.0,4404.0,4325.35,4346.3,488083.0,55.68
2021-05-26,4358.0,4539.0,4320.9,4520.5,1069130.0,25.03
2021-05-27,4551.0,4576.3,4450.0,4484.45,1557424.0,72.26
2021-05-28,4484.45,4549.75,4451.0,4461.75,494066.0,44.7
2021-05-31,4474.95,4484.05,4332.15,4345.45,776347.0,54.1
2021-06-01,4362.1,4449.9,4356.0,4427.8,528074.0,27.32
2021-06-02,4400.0,4592.0,4400.0,4527.6,569079.0,46.68
2021-06-03,4600.0,4628.9,4535.0,4579.85,637093.0,26.57
2021-06-04,4540.0,4615.55,4527.2,4571.4,430604.0,35.36
2021-06-07,4565.0,4699.0,4564.1,4661.7,659745.0,39.13
2021-06-08,4660.0,4703.45,4625.1,4658.8,395089.0,45.76
2021-06-09,4641.0,4715.0,4536.0,4677.35,750841.0,48.01
2021-06-10,4700.5,4747.9,4662.7,4732.55,375774.0,42.08
2021-06-11,4732.1,4740.0,4675.0,4688.9,345349.0,47.88
2021-06-14,4668.0,4718.0,4580.1,4684.3,228354.0,30.87
2021-06-15,4712.0,4910.0,4700.0,4896.5,1138759.0,18.2
2021-06-16,4910.0,4999.0,4876.0,4896.65,747954.0,18.2
2021-06-17,4825.0,4960.0,4825.0,4948.05,535237.0,31.99
2021-06-18,4975.0,5048.0,4841.0,4998.75,1043645.0,29.48
2021-06-21,4948.0,5014.0,4809.95,4977.7,1020831.0,25.37
2021-06-22,4969.0,4976.95,4850.0,4872.9,909172.0,33.7
2021-06-23,4880.0,4922.9,4760.0,4782.75,455304.0,34.9
2021-06-24,4800.0,4823.65,4728.7,4788.8,311488.0,26.77
2021-06-25,4800.0,4975.0,4765.55,4954.2,501640.0,37.5
2021-06-28,4960.0,5010.0,4909.55,4978.1,258294.0,30.1
2021-06-29,4975.0,5007.85,4916.15,4952.85,222913.0,30.25
2021-06-30,4954.05,5001.0,4903.1,4915.75,213128.0,43.45
2021-07-01,4930.05,5350.0,4930.05,5317.15,3526542.0,17.4
2021-07-02,5316.75,5390.0,5226.5,5365.1,952931.0,12.97
2021-07-05,5485.0,5629.0,5423.55,5476.65,1642250.0,17.39
2021-07-06,5499.85,5568.95,5384.05,5409.4,662422.0,18.02
2021-07-07,5411.0,5441.9,5301.0,5332.55,419271.0,31.9
2021-07-08,5417.5,5515.0,5330.0,5377.4,1087206.0,13.31
2021-07-09,5380.0,5449.0,5365.0,5381.9,362042.0,14.77
2021-07-12,5431.9,5432.9,5375.0,5400.15,239267.0,21.33
2021-07-13,5430.0,5430.0,5132.3,5156.95,1159753.0,23.77
2021-07-14,5157.0,5239.85,5157.0,5206.5,508243.0,18.24
2021-07-15,5229.0,5270.75,5180.0,5210.7,300194.0,25.2
2021-07-16,5232.0,5268.0,5080.0,5102.55,402208.0,28.67
2021-07-19,5100.0,5170.0,5018.0,5122.75,332799.0,23.33
2021-07-20,5140.0,5219.95,5066.95,5190.7,383996.0,29.12
2021-07-21,5140.0,5219.95,5066.95,5190.7,383996.0,29.12
2021-07-22,5250.0,5253.95,5155.4,5225.35,338726.0,36.71
2021-07-23,5258.0,5359.75,5120.0,5142.55,1379814.0,19.9
2021-07-26,5175.0,5179.95,5011.0,5085.95,867199.0,50.06
2021-07-27,5101.0,5214.35,5100.0,5180.8,693909.0,46.92
2021-07-28,5230.0,5268.0,5080.0,5255.3,502662.0,39.52
2021-07-29,5258.85,5287.7,5187.35,5208.9,361282.0,45.63
2021-07-30,5220.85,5277.25,5182.0,5214.8,444423.0,54.25
2021-08-02,5250.0,5349.0,5204.9,5301.7,431776.0,40.78
2021-08-03,5310.0,5400.0,5262.0,5367.1,290175.0,39.46
2021-08-04,5350.0,5414.9,5300.0,5351.3,272963.0,40.37
2021-08-05,5390.0,5390.0,5301.0,5347.95,160162.0,31.74
2021-08-06,5347.8,5399.45,5307.0,5390.75,219146.0,40.96
2021-08-09,5390.75,5390.75,5305.05,5325.15,228678.0,48.08
2021-08-10,5350.75,5498.8,5310.05,5462.6,662617.0,44.66
2021-08-11,5479.0,5485.0,5182.05,5375.05,528131.0,28.32
2021-08-12,5384.0,5438.7,5335.0,5426.65,191711.0,28.88
2021-08-13,5417.0,5494.0,5409.0,5428.55,182129.0,39.41
2021-08-16,5464.95,5474.95,5328.5,5445.8,232732.0,21.92
2021-08-17,5415.8,5478.75,5345.25,5455.25,285996.0,35.48
2021-08-18,5455.25,5604.0,5419.0,5482.1,547793.0,26.12
2021-08-19,5455.25,5604.0,5419.0,5482.1,547793.0,26.12
2021-08-20,5450.0,5469.0,5351.0,5392.35,147435.0,27.12
2021-08-23,5402.1,5517.95,5310.0,5489.1,287811.0,24.96
2021-08-24,5500.0,5800.0,5500.0,5760.8,1263196.0,23.3
2021-08-25,5824.0,5899.0,5757.0,5795.95,745120.0,21.99
2021-08-26,5795.95,5874.9,5742.0,5796.55,283878.0,30.46
2021-08-27,5796.6,5981.95,5755.0,5895.65,390889.0,23.82
2021-08-30,5895.65,6088.15,5895.6,6063.0,524368.0,28.5
2021-08-31,6071.1,6217.2,5992.45,6182.35,606196.0,45.12
2021-09-01,6181.0,6265.25,6103.8,6215.0,378180.0,38.52
2021-09-02,6190.0,6299.0,6190.0,6286.7,287747.0,36.72
2021-09-03,6295.0,6295.0,6130.0,6184.1,344996.0,43.39
2021-09-06,6183.0,6245.0,6155.45,6218.9,253732.0,37.37
2021-09-07,6219.0,6281.25,6139.8,6183.75,211424.0,36.43
2021-09-08,6200.0,6749.95,6200.0,6715.25,2748731.0,9.65
2021-09-09,6700.0,6777.8,6585.55,6684.85,625275.0,19.13
2021-09-10,6700.0,6777.8,6585.55,6684.85,625275.0,19.13
2021-09-13,6680.0,6680.1,6555.0,6604.35,284550.0,32.17
2021-09-14,6647.0,6932.8,6601.65,6722.5,1273267.0,21.51
2021-09-15,6719.95,6719.95,6600.0,6667.2,378880.0,38.67
2021-09-16,6725.0,6985.0,6711.0,6858.2,914989.0,28.88
2021-09-17,6870.0,6935.0,6565.25,6614.7,563009.0,46.0
2021-09-20,6614.7,6775.0,6560.0,6595.45,497418.0,28.64
2021-09-21,6601.0,6770.0,6595.6,6727.0,452843.0,20.7
2021-09-22,6800.0,6870.0,6750.0,6797.65,284589.0,25.31
2021-09-23,6858.85,6900.0,6797.25,6836.95,350913.0,53.01
2021-09-24,6850.0,6888.0,6643.0,6651.5,310339.0,45.23
2021-09-27,6705.0,6789.8,6567.7,6718.05,227099.0,26.46
2021-09-28,6710.0,6786.0,6622.0,6755.45,243206.0,38.27
2021-09-29,6675.0,6676.8,6411.0,6441.8,644462.0,46.24
2021-09-30,6460.0,6502.95,6380.05,6431.4,336350.0,46.46
2021-10-01,6445.0,6524.0,6400.0,6428.65,331594.0,47.84
2021-10-04,6486.55,6587.25,6425.0,6544.6,285726.0,53.69
2021-10-05,6560.0,6564.95,6427.0,6492.8,309234.0,59.18
2021-10-06,6562.0,6651.9,6525.0,6565.45,394228.0,43.72
2021-10-07,6619.0,6620.45,6532.1,6600.85,221706.0,49.79
2021-10-08,6655.0,6878.55,6631.0,6670.95,633366.0,29.07
2021-10-11,6744.0,6746.05,6482.5,6632.25,216362.0,31.26
2021-10-12,6632.25,6675.0,6560.1,6660.95,180116.0,50.08
2021-10-13,6699.0,6840.0,6660.0,6805.9,308452.0,46.67
2021-10-14,6830.0,7180.0,6819.85,7008.85,675707.0,27.6
2021-10-15,6830.0,7180.0,6819.85,7008.85,675707.0,27.6
2021-10-18,7008.85,7131.6,6950.0,7019.5,220828.0,33.14
2021-10-19,7266.0,7465.4,6621.3,6931.55,854356.0,20.32
2021-10-20,6979.8,7088.9,6705.0,6917.0,506746.0,32.97
2021-10-21,6986.15,7041.9,6590.6,6729.55,296735.0,30.52
2021-10-22,6775.0,6850.0,6225.0,6289.65,556318.0,32.9
2021-10-25,6270.0,6289.0,5870.95,5955.7,669605.0,40.12
2021-10-26,5932.9,6150.0,5903.05,6069.65,246269.0,34.25
2021-10-27,6148.9,6257.95,6081.75,6216.45,310037.0,39.47
2021-10-28,6270.0,6270.0,6091.1,6140.55,189847.0,35.66
2021-10-29,6178.0,6230.0,6045.15,6075.35,208118.0,31.14
2021-11-01,6107.3,6325.95,6101.85,6296.15,294471.0,30.41
2021-11-02,6296.15,6329.5,6125.0,6135.95,439175.0,73.94
2021-11-03,6190.0,6239.45,6011.0,6048.9,326224.0,51.7
2021-11-04,6190.0,6239.45,6011.0,6048.9,326224.0,51.7
2021-11-05,6100.0,6139.0,6100.0,6114.35,33007.0,39.85
2021-11-08,6171.0,6209.0,6062.0,6156.05,220858.0,51.08
2021-11-09,6200.0,6240.0,6110.0,6219.15,381714.0,50.39
2021-11-10,6219.15,6267.3,6120.1,6131.75,171145.0,46.16
2021-11-11,6147.8,6170.0,6032.0,6147.6,143814.0,35.49
2021-11-12,6169.0,6432.15,6120.05,6406.5,513495.0,33.48
2021-11-15,6469.9,6549.0,6320.0,6342.7,445466.0,32.07
2021-11-16,6348.0,6580.0,6330.0,6533.45,519430.0,27.38
2021-11-17,6538.0,6637.15,6490.1,6545.0,386339.0,28.61
2021-11-18,6597.0,6696.0,6371.0,6485.9,471710.0,30.37
2021-11-19,6597.0,6696.0,6371.0,6485.9,471710.0,30.37
2021-11-22,6521.0,6561.45,5959.2,6071.9,588081.0,32.61
2021-11-23,6030.0,6034.6,5840.0,5996.2,528429.0,31.05
2021-11-24,6100.0,6133.95,5912.05,5968.9,405940.0,33.7
2021-11-25,6016.9,6020.9,5910.0,5952.85,243081.0,47.26
2021-11-26,5952.85,6020.0,5825.0,5859.7,375759.0,41.3
2021-11-29,5810.0,5977.2,5636.25,5845.9,328561.0,34.87
2021-11-30,5855.0,5961.2,5740.0,5805.05,577615.0,61.43
2021-12-01,5885.0,6005.0,5835.7,5948.45,282745.0,39.52
2021-12-02,5980.0,5988.7,5847.0,5878.35,288235.0,56.72
2021-12-03,5894.5,5919.95,5791.5,5815.2,363258.0,55.88
2021-12-06,5830.0,5868.5,5605.55,5644.45,245053.0,45.03
2021-12-07,5683.0,5729.0,5565.4,5686.05,437561.0,53.58
2021-12-08,5705.0,5793.2,5703.2,5739.8,266155.0,50.58
2021-12-09,5733.7,5758.9,5656.0,5736.0,338538.0,46.62
2021-12-10,5678.0,5717.85,5636.0,5646.0,283981.0,59.43
2021-12-13,5691.15,5694.0,5455.55,5490.0,626711.0,68.15
2021-12-14,5485.0,5505.0,5316.55,5366.05,743041.0,62.99
2021-12-15,5370.0,5510.0,5326.8,5478.4,516741.0,41.66
2021-12-16,5517.0,5545.0,5435.05,5512.15,305894.0,41.25
2021-12-17,5522.0,5522.0,5364.55,5414.95,289476.0,47.51
2021-12-20,5355.0,5355.0,5082.6,5142.7,395856.0,41.62
2021-12-21,5190.2,5250.0,5141.0,5178.4,224874.0,44.22
2021-12-22,5237.9,5300.0,5191.55,5284.55,154245.0,36.5
2021-12-23,5330.0,5400.0,5290.0,5386.15,203252.0,43.22
2021-12-24,5435.05,5435.05,5366.7,5399.55,158197.0,39.1
2021-12-27,5395.0,5426.3,5302.55,5415.0,110785.0,35.6
2021-12-28,5445.7,5508.0,5420.0,5465.55,165966.0,43.25
2021-12-29,5450.0,5492.8,5422.55,5463.3,126028.0,47.71
2021-12-30,5474.95,5494.0,5411.0,5467.4,167406.0,51.84
2021-12-31,5440.0,5631.5,5440.0,5576.7,253658.0,36.63
2022-01-03,5620.0,5697.0,5576.7,5632.95,215031.0,36.06
2022-01-04,5680.1,5680.1,5551.0,5609.15,188812.0,43.06
2022-01-05,5610.0,5644.0,5515.55,5617.95,241715.0,39.58
2022-01-06,5551.0,5590.0,5482.0,5571.35,189812.0,44.23
2022-01-07,5635.0,5668.4,5577.05,5634.65,194634.0,38.39
2022-01-10,5634.65,5649.95,5532.0,5557.15,175116.0,55.4
2022-01-11,5507.0,5672.8,5501.75,5638.2,371471.0,44.26
2022-01-12,5680.0,5696.8,5532.0,5633.05,509208.0,47.42
2022-01-13,5645.0,5645.05,5556.0,5590.8,182195.0,49.01
2022-01-14,5570.0,5748.0,5499.95,5696.25,488131.0,43.55
2022-01-17,5760.4,5761.65,5615.45,5652.35,355347.0,42.77
2022-01-18,5674.0,5690.0,5266.55,5345.45,445327.0,45.53
2022-01-19,5375.0,5375.0,5000.35,5016.7,1214319.0,59.92
2022-01-20,5051.0,5088.9,4950.0,5006.3,756608.0,51.21
2022-01-21,5000.0,5000.0,4740.0,4762.6,980952.0,51.13
2022-01-24,4762.6,4765.0,4407.0,4508.6,951138.0,38.44
2022-01-25,4468.8,4652.05,4320.2,4518.6,802218.0,44.39
2022-01-26,4468.8,4652.05,4320.2,4518.6,802218.0,44.39
2022-01-27,4498.0,4498.0,4285.05,4394.15,684253.0,38.76
2022-01-28,4420.25,4581.6,4380.0,4406.1,542782.0,34.03
2022-01-31,4590.0,4993.95,4550.0,4900.8,2070228.0,19.33
2022-02-01,4998.5,5049.0,4855.95,5000.25,1023298.0,35.02
2022-02-02,4996.0,5140.0,4951.2,5115.1,472225.0,30.5
2022-02-03,5070.0,5109.95,4960.0,4995.5,375267.0,31.15
2022-02-04,4960.0,4999.0,4832.2,4844.9,440333.0,44.35
2022-02-07,4848.9,4903.3,4758.05,4796.55,274867.0,35.59
2022-02-08,4800.0,4917.4,4755.15,4775.2,353243.0,25.38
2022-02-09,4820.9,4957.8,4820.9,4913.1,386362.0,28.64
2022-02-10,4960.0,5020.35,4841.05,4888.5,264005.0,46.19
2022-02-11,4800.0,4840.0,4580.0,4595.65,925735.0,32.69
2022-02-14,4397.0,4569.25,4302.5,4511.4,381197.0,26.13
2022-02-15,4548.0,4700.0,4505.0,4682.55,383315.0,27.16
2022-02-16,4729.95,4729.95,4565.55,4580.15,369031.0,39.73
2022-02-17,4594.95,4632.1,4525.0,4547.9,347195.0,37.96
2022-02-18,4515.0,4535.9,4383.5,4427.65,525570.0,36.23
2022-02-21,4380.0,4556.5,4353.3,4442.65,536184.0,16.87
2022-02-22,4386.65,4510.0,4322.0,4460.8,536466.0,30.29
2022-02-23,4524.0,4527.0,4395.0,4411.8,332088.0,36.02
2022-02-24,4335.0,4359.6,4240.15,4280.35,678797.0,50.69
2022-02-25,4307.0,4536.95,4307.0,4450.65,358043.0,20.84
2022-02-28,4400.0,4489.45,4345.2,4454.3,455842.0,39.54
2022-03-01,4400.0,4489.45,4345.2,4454.3,455842.0,39.54
2022-03-02,4435.0,4598.95,4410.1,4568.55,615529.0,44.91
2022-03-03,4600.3,4675.0,4570.0,4589.3,312990.0,37.02
2022-03-04,4568.0,4579.95,4325.0,4339.85,523575.0,37.09
2022-03-07,4295.0,4349.0,4208.45,4287.9,328664.0,38.35
2022-03-08,4307.0,4395.0,4280.0,4386.1,234055.0,35.36
2022-03-09,4449.0,4609.95,4385.0,4563.7,349101.0,40.85
2022-03-10,4680.0,4723.85,4582.2,4616.35,301521.0,39.66
2022-03-11,4570.2,4629.0,4501.0,4615.0,228294.0,38.08
2022-03-14,4583.1,4650.0,4504.8,4526.7,236354.0,43.51
2022-03-15,4500.0,4539.65,4381.0,4442.3,465134.0,49.46
2022-03-16,4500.0,4513.0,4401.0,4474.5,513358.0,53.5
2022-03-17,4550.0,4695.0,4498.0,4578.65,1005292.0,54.23
2022-03-18,4550.0,4695.0,4498.0,4578.65,1005292.0,54.23
2022-03-21,4619.0,4760.0,4590.0,4643.1,622999.0,29.73
2022-03-22,4655.95,4791.95,4560.3,4760.45,663502.0,25.27
2022-03-23,4798.0,4810.0,4605.0,4626.25,682694.0,34.27
2022-03-24,4600.0,4635.5,4515.0,4529.95,475967.0,51.6
2022-03-25,4573.2,4595.0,4470.05,4495.3,384965.0,34.97
2022-03-28,4514.9,4520.0,4354.55,4392.6,598260.0,46.92
2022-03-29,4421.05,4517.45,4421.05,4493.7,262839.0,35.89
2022-03-30,4540.0,4630.0,4530.25,4619.35,429379.0,49.85
2022-03-31,4600.0,4640.0,4495.0,4509.45,326941.0,46.17
2022-04-01,4531.95,4615.0,4471.45,4598.75,180891.0,37.01
2022-04-04,4598.75,4702.1,4598.0,4685.15,227505.0,41.61
2022-04-05,4709.0,4805.0,4659.0,4745.55,446930.0,41.15
2022-04-06,4721.0,4780.0,4680.2,4728.85,337986.0,53.82
2022-04-07,4749.95,4849.0,4691.0,4818.05,461245.0,33.6
2022-04-08,4881.85,4881.85,4793.05,4850.15,230800.0,33.36
2022-04-11,4849.0,4917.55,4803.05,4883.1,300858.0,43.59
2022-04-12,4879.95,4880.0,4730.0,4786.9,272330.0,47.21
2022-04-13,4785.0,4800.0,4733.0,4753.85,118618.0,39.4
2022-04-14,4785.0,4800.0,4733.0,4753.85,118618.0,39.4
2022-04-15,4785.0,4800.0,4733.0,4753.85,118618.0,39.4
2022-04-18,4724.0,4734.0,4606.0,4666.55,232396.0,43.52
2022-04-19,4726.5,4776.9,4550.0,4611.95,252753.0,49.49
2022-04-20,4615.5,4709.0,4597.4,4643.05,170473.0,38.85
2022-04-21,4699.0,4699.0,4600.0,4632.05,241755.0,53.28
2022-04-22,4603.25,4694.95,4575.0,4656.05,287197.0,35.05
2022-04-25,4620.3,4635.9,4485.0,4502.45,204531.0,33.47
2022-04-26,4560.0,4596.45,4517.9,4539.1,209186.0,52.28
2022-04-27,4500.0,4555.0,4464.0,4480.4,244291.0,56.06
2022-04-28,4545.0,4680.0,4481.4,4663.25,346027.0,39.57
2022-04-29,4670.0,4864.6,4633.35,4651.25,517298.0,20.11
2022-05-02,4600.0,4682.75,4501.3,4530.05,255911.0,35.09
2022-05-03,4600.0,4682.75,4501.3,4530.05,255911.0,35.09
2022-05-04,4536.7,4574.0,4188.05,4225.4,904997.0,40.18
2022-05-05,4334.0,4334.0,4058.2,4127.9,867636.0,28.78
2022-05-06,4050.0,4050.0,3752.2,3898.05,1348791.0,26.4
2022-05-09,3870.0,3898.2,3760.35,3820.7,528279.0,27.7
2022-05-10,3802.0,3888.05,3685.0,3704.05,547949.0,37.26
2022-05-11,3749.0,3855.25,3642.0,3670.2,625181.0,19.35
2022-05-12,3670.0,3670.0,3500.0,3539.5,504365.0,41.98
2022-05-13,3600.0,3645.4,3444.1,3465.5,600628.0,40.28
2022-05-16,3506.0,3620.0,3448.05,3547.2,376951.0,22.16
2022-05-17,3610.0,3663.85,3503.0,3641.25,571232.0,37.74
2022-05-18,3649.0,3692.0,3566.5,3604.05,352269.0,31.83
2022-05-19,3500.0,3531.7,3395.0,3402.05,462714.0,45.68
2022-05-20,3494.0,3501.95,3410.0,3489.9,541631.0,53.28
2022-05-23,3499.0,3557.65,3462.45,3520.4,387169.0,39.55
2022-05-24,3545.0,3545.0,3435.0,3502.45,408995.0,39.49
2022-05-25,3509.95,3536.95,3320.0,3375.25,691176.0,45.49
2022-05-26,3410.0,3568.75,3313.0,3549.7,583822.0,30.58
2022-05-27,3606.0,3725.0,3587.05,3693.3,556491.0,13.66
2022-05-30,3760.0,3876.85,3720.0,3805.15,536609.0,23.18
2022-05-31,3805.0,4185.65,3775.05,4164.4,2501052.0,32.89
2022-06-01,4195.0,4225.0,4030.1,4080.3,781430.0,22.47
2022-06-02,4065.0,4065.0,3892.0,3923.05,690294.0,28.04
2022-06-03,3976.3,4021.05,3800.0,3829.2,780012.0,42.67
2022-06-06,3829.15,3829.15,3668.1,3711.85,629845.0,29.6
2022-06-07,3685.3,3698.95,3590.0,3622.8,744626.0,39.42
2022-06-08,3610.0,3710.0,3555.2,3697.25,587598.0,17.09
2022-06-09,3643.0,3800.0,3615.15,3780.65,444898.0,23.42
2022-06-10,3736.35,3779.0,3618.15,3680.9,579489.0,25.58
2022-06-13,3501.0,3636.5,3501.0,3614.05,422975.0,33.48
2022-06-14,3614.0,3620.95,3535.05,3607.6,430368.0,26.75
2022-06-15,3623.95,3677.8,3600.45,3643.75,228374.0,24.02
2022-06-16,3680.55,3718.0,3574.2,3611.25,516775.0,45.18
2022-06-17,3616.4,3647.75,3530.0,3598.25,577354.0,42.39
2022-06-20,3630.0,3630.0,3547.0,3595.7,234442.0,31.72
2022-06-21,3624.25,3684.4,3583.7,3675.0,381742.0,38.02
2022-06-22,3641.1,3660.0,3531.6,3646.65,402408.0,36.26
2022-06-23,3680.0,3769.95,3650.0,3756.85,398848.0,35.62
2022-06-24,3788.15,3960.0,3770.0,3919.6,800551.0,18.85
2022-06-27,3986.95,3986.95,3880.4,3925.75,316755.0,22.64
2022-06-28,3920.0,3959.9,3854.15,3912.1,261281.0,23.7
2022-06-29,3870.0,3880.0,3750.0,3779.75,458375.0,38.02
2022-06-30,3790.0,3799.0,3645.6,3758.8,726996.0,35.18
2022-07-01,3771.9,3774.0,3606.0,3726.5,413841.0,19.01
2022-07-04,3726.5,3844.05,3726.5,3826.2,254653.0,18.79
2022-07-05,3844.0,3939.9,3793.85,3825.1,416507.0,19.89
2022-07-06,3809.0,3928.3,3775.0,3907.05,297563.0,24.39
2022-07-07,3921.0,3950.0,3883.05,3927.05,221050.0,29.98
2022-07-08,3939.0,3990.0,3896.05,3978.65,241102.0,27.62
2022-07-11,3921.55,3953.0,3826.0,3920.75,297050.0,24.57
2022-07-12,3872.2,3898.95,3815.0,3828.3,259066.0,30.37
2022-07-13,3829.0,3908.8,3822.05,3882.05,236897.0,27.82
2022-07-14,3885.0,3908.0,3811.1,3840.05,164894.0,25.1
2022-07-15,3853.0,3874.9,3775.0,3803.65,130921.0,13.92
2022-07-18,3855.95,4011.0,3831.0,3973.3,243949.0,23.6
2022-07-19,3980.0,4144.0,3963.75,4129.4,1043219.0,19.57
2022-07-20,4223.95,4223.95,4110.25,4131.0,312357.0,19.38
2022-07-21,4131.0,4170.0,4062.0,4152.3,331936.0,37.25
2022-07-22,4175.0,4184.0,4082.05,4104.55,195443.0,28.49
2022-07-25,4104.55,4104.55,3988.9,4024.55,233628.0,24.43
2022-07-26,4063.25,4063.25,3850.0,3868.55,318414.0,22.57
2022-07-27,3883.1,3930.0,3823.45,3916.8,266821.0,15.37
2022-07-28,3950.0,4100.0,3938.3,4086.15,377156.0,27.89
2022-07-29,4100.0,4353.95,4095.0,4336.4,654730.0,26.73
2022-08-01,4364.7,4396.8,4304.7,4341.0,385907.0,28.27
2022-08-02,4327.0,4445.25,4305.25,4404.75,479968.0,27.4
2022-08-03,4388.0,4460.0,4282.3,4301.55,404403.0,28.86
2022-08-04,4339.0,4389.95,4170.9,4258.05,521927.0,35.16
2022-08-05,4290.0,4329.6,4255.55,4310.05,323901.0,37.55
2022-08-10,4305.7,4312.45,4191.9,4240.05,386633.0,25.21
2022-08-11,4298.0,4430.0,4282.25,4401.6,489417.0,29.73
2022-08-12,4430.0,4579.0,4411.0,4433.25,1519858.0,22.68
2022-08-15,4430.0,4579.0,4411.0,4433.25,1519858.0,22.68
2022-08-16,4460.0,4494.75,4380.2,4428.75,457775.0,33.26
2022-08-17,4437.0,4518.0,4385.05,4481.8,453157.0,32.36
2022-08-18,4498.0,4513.0,4405.0,4467.15,232292.0,25.51
2022-08-19,4468.0,4523.7,4411.0,4454.45,363809.0,23.59
2022-08-22,4430.0,4430.0,4190.0,4244.05,737898.0,30.8
2022-08-23,4155.0,4299.95,4085.0,4262.55,534014.0,20.23
2022-08-24,4280.0,4442.95,4232.2,4421.2,509445.0,25.96
2022-08-25,4460.0,4541.9,4430.0,4503.05,482311.0,28.09
2022-08-26,4525.0,4624.9,4422.05,4436.45,625701.0,24.99
2022-08-29,4201.6,4350.0,4142.0,4157.6,1038408.0,31.09
2022-08-30,4200.0,4370.0,4200.0,4344.3,798592.0,37.37
2022-08-31,4200.0,4370.0,4200.0,4344.3,798592.0,37.37
2022-09-01,4260.0,4320.0,4201.2,4257.65,423069.0,49.69
2022-09-02,4297.65,4344.5,4242.0,4252.35,368578.0,48.97
2022-09-05,4279.9,4299.0,4236.8,4255.45,180532.0,35.88
2022-09-06,4276.75,4278.85,4168.0,4185.85,300795.0,37.52
2022-09-07,4145.0,4209.0,4141.0,4194.75,270888.0,43.2
2022-09-08,4235.0,4254.0,4190.05,4201.85,283044.0,47.95
2022-09-09,4248.0,4320.15,4176.0,4284.35,634123.0,58.95
2022-09-12,4290.0,4348.0,4289.05,4305.65,260093.0,40.39
2022-09-13,4342.0,4392.0,4322.05,4366.55,247252.0,43.88
2022-09-14,4235.0,4279.95,4201.55,4235.0,276611.0,40.75
2022-09-15,4275.0,4292.5,4165.0,4197.9,256798.0,30.56
2022-09-16,4199.0,4207.35,4101.15,4121.65,741509.0,63.56
2022-09-19,4159.9,4159.9,3966.0,4015.5,379208.0,23.96
2022-09-20,4068.0,4130.0,4041.1,4065.95,241242.0,34.61
2022-09-21,4067.0,4110.0,4025.0,4072.25,295376.0,42.7
2022-09-22,4072.2,4080.0,3985.0,4038.3,209936.0,19.42
2022-09-23,4068.85,4068.85,3889.6,3898.65,436542.0,36.83
2022-09-26,3880.0,3880.0,3694.8,3705.85,627471.0,51.01
2022-09-27,3720.0,3905.65,3715.0,3877.15,607531.0,30.37
2022-09-28,3850.0,3920.0,3811.05,3879.25,280022.0,21.51
2022-09-29,3900.0,3930.55,3831.0,3906.15,327996.0,39.13
2022-09-30,3885.0,3890.0,3815.45,3860.6,485538.0,67.58
2022-10-03,3847.0,3903.95,3795.8,3804.6,271897.0,43.48
2022-10-04,3879.0,3958.0,3866.35,3947.45,362509.0,48.28
2022-10-05,3879.0,3958.0,3866.35,3947.45,362509.0,48.28
2022-10-06,3967.2,4060.0,3956.05,4009.4,509478.0,56.06
2022-10-07,4009.95,4009.95,3915.0,3920.2,256191.0,49.21
2022-10-10,3849.0,3864.15,3770.0,3815.75,497538.0,35.22
2022-10-11,3852.0,3884.5,3741.0,3763.7,310479.0,35.56
2022-10-12,3770.0,3809.15,3721.65,3781.0,241106.0,36.79
2022-10-13,3775.0,3795.95,3735.0,3776.15,162946.0,31.07
2022-10-14,3850.2,3890.0,3751.1,3763.05,263993.0,30.38
2022-10-17,3764.0,3812.0,3720.0,3789.5,178904.0,27.45
2022-10-18,3825.0,3876.6,3795.2,3860.3,246241.0,32.33
2022-10-19,3869.0,3919.0,3845.0,3865.25,219629.0,33.92
2022-10-20,3846.35,3987.6,3820.0,3974.85,304646.0,26.1
2022-10-21,3990.0,3997.0,3808.85,3822.15,407110.0,36.51
2022-10-24,3890.0,3898.8,3850.0,3857.2,33290.0,37.22
2022-10-25,3857.0,3905.45,3797.2,3806.0,414747.0,57.36
2022-10-26,3857.0,3905.45,3797.2,3806.0,414747.0,57.36
2022-10-27,3855.0,3949.9,3832.0,3927.1,508891.0,41.35
2022-10-28,3852.0,3909.0,3788.0,3821.3,271153.0,33.58
2022-10-31,3845.0,3928.0,3844.9,3921.7,228116.0,34.03
2022-11-01,3926.0,4016.0,3924.7,4000.75,241057.0,34.6
2022-11-02,3999.0,4036.6,3964.0,3987.75,196563.0,36.69
2022-11-03,3938.9,3967.6,3885.55,3931.75,212956.0,27.48
2022-11-04,3930.0,3939.9,3880.0,3891.65,131025.0,30.0
2022-11-07,3911.15,3985.0,3896.0,3942.65,193420.0,32.14
2022-11-08,3911.15,3985.0,3896.0,3942.65,193420.0,32.14
2022-11-09,3940.65,3964.85,3870.0,3882.8,225706.0,45.61
2022-11-10,3882.8,3894.55,3785.1,3815.15,156386.0,31.93
2022-11-11,3909.95,4127.95,3900.1,4100.2,1187322.0,21.73
2022-11-14,4125.0,4400.0,4118.0,4360.85,2104229.0,19.81
2022-11-15,4349.7,4349.7,4145.0,4154.7,886015.0,19.4
2022-11-16,4160.0,4207.65,4117.6,4147.8,399012.0,27.05
2022-11-17,4140.0,4140.05,3901.0,3907.55,1076159.0,34.58
2022-11-18,3928.0,3950.6,3845.0,3894.75,640889.0,23.25
2022-11-21,3890.0,3944.8,3850.0,3878.35,404216.0,19.19
2022-11-22,3890.0,3892.0,3816.55,3853.6,280372.0,34.04
2022-11-23,3872.9,3932.95,3836.9,3848.1,406608.0,29.71
2022-11-24,3870.0,3899.75,3836.05,3862.05,304952.0,36.46
2022-11-25,3881.4,3964.8,3843.0,3954.6,334846.0,29.26
2022-11-28,3947.0,3999.95,3931.0,3940.1,271316.0,44.29
2022-11-29,3940.0,4009.6,3939.4,3961.15,253576.0,36.38
2022-11-30,3953.0,3999.0,3913.0,3993.6,503820.0,54.14
2022-12-01,4040.0,4059.95,3998.45,4029.35,544643.0,38.73
2022-12-02,4029.35,4054.6,4011.0,4042.6,201288.0,36.84
2022-12-05,4051.0,4073.95,3997.2,4056.45,336839.0,27.06
2022-12-06,4040.0,4097.0,4037.9,4053.15,248968.0,33.94
2022-12-07,4048.0,4066.0,3954.0,3970.45,249381.0,41.65
2022-12-08,3973.0,4038.95,3955.0,4015.35,246407.0,42.88
2022-12-09,4028.0,4045.0,3996.05,4015.0,416740.0,73.64
2022-12-12,4006.0,4066.45,3873.2,4049.95,529180.0,27.11
2022-12-13,4064.0,4210.0,4059.0,4160.0,709644.0,34.93
2022-12-14,4188.6,4214.0,4126.65,4198.8,395290.0,53.19
2022-12-15,4180.0,4180.0,4097.0,4139.7,366245.0,52.94
2022-12-16,4095.0,4173.8,4040.05,4136.2,353766.0,38.96
2022-12-19,4096.3,4235.75,4065.15,4193.3,352505.0,28.03
2022-12-20,4182.0,4249.0,4125.0,4227.55,286043.0,38.86
2022-12-21,4230.0,4295.0,4087.0,4146.35,516059.0,28.83
2022-12-22,4156.0,4264.1,4025.0,4095.2,464354.0,11.43
2022-12-23,4057.8,4057.8,3822.6,3845.6,392026.0,17.68
2022-12-26,3851.0,3907.45,3815.2,3898.2,314422.0,19.33
2022-12-27,3929.95,3965.0,3873.05,3934.05,359224.0,14.09
2022-12-28,3921.5,3982.0,3905.0,3933.35,141593.0,18.1
2022-12-29,3933.85,3938.0,3895.1,3920.6,185725.0,36.78
2022-12-30,3959.95,3980.0,3909.55,3932.05,278765.0,11.06
2023-01-02,3935.0,3951.85,3881.0,3911.5,153683.0,20.08
2023-01-03,3912.5,3960.0,3895.65,3917.0,209480.0,51.22
2023-01-04,3921.0,3927.0,3812.0,3827.05,286638.0,39.72
2023-01-05,3847.0,3847.2,3700.0,3718.95,507840.0,29.44
2023-01-06,3720.0,3728.0,3665.05,3687.05,221464.0,26.13
2023-01-09,3705.5,3748.85,3637.05,3671.3,285422.0,31.8
2023-01-10,3681.95,3704.7,3620.0,3687.15,276208.0,25.42
2023-01-11,3687.15,3715.0,3612.35,3655.6,244816.0,35.86
2023-01-12,3673.9,3764.95,3655.5,3716.6,436042.0,35.15
2023-01-13,3732.3,3741.45,3652.0,3732.3,218359.0,31.88
2023-01-16,3751.0,3772.0,3704.0,3760.05,273665.0,31.63
2023-01-17,3776.0,3783.35,3695.0,3729.85,189312.0,35.73
2023-01-18,3730.0,3759.0,3711.0,3748.85,134398.0,33.35
2023-01-19,3735.0,3735.0,3662.0,3716.15,184782.0,23.08
2023-01-20,3716.0,3729.95,3662.0,3670.55,159873.0,35.05
2023-01-23,3685.4,3759.85,3661.0,3746.2,189393.0,39.35
2023-01-24,3749.0,3783.7,3706.05,3726.5,261614.0,40.83
2023-01-25,3728.0,3728.0,3618.85,3668.25,293762.0,41.6
2023-01-26,3728.0,3728.0,3618.85,3668.25,293762.0,41.6
2023-01-27,3682.95,3766.85,3600.0,3643.85,208836.0,26.35
2023-01-30,3640.0,3774.9,3640.0,3727.75,233840.0,33.16
2023-01-31,3731.0,3738.45,3631.65,3670.95,287905.0,49.03
2023-02-01,3721.15,3721.15,3553.95,3630.0,270656.0,44.36
2023-02-02,3601.0,3684.55,3592.0,3645.45,402609.0,55.64
2023-02-03,3659.25,3724.0,3612.0,3657.05,232291.0,38.12
2023-02-06,3650.0,3727.9,3630.7,3665.6,318216.0,53.72
2023-02-07,3670.0,3715.0,3660.0,3676.55,161027.0,49.5
2023-02-08,3686.1,3818.0,3682.0,3787.45,736521.0,54.71
2023-02-09,3810.0,3838.6,3720.9,3824.4,346492.0,29.16
2023-02-10,3824.45,3855.15,3751.6,3813.8,228798.0,28.44
2023-02-13,3749.0,3751.05,3351.0,3463.85,2581821.0,24.8
2023-02-14,3464.0,3544.0,3380.0,3517.95,883075.0,11.98
2023-02-15,3505.0,3584.4,3479.0,3576.1,432401.0,30.35
2023-02-16,3598.0,3640.0,3544.05,3589.0,486478.0,40.06
2023-02-17,3551.0,3600.0,3498.0,3515.0,282129.0,32.56
2023-02-20,3532.6,3558.7,3475.5,3510.2,321907.0,43.25
2023-02-21,3510.0,3600.0,3500.0,3574.65,287003.0,30.26
2023-02-22,3550.0,3550.0,3482.0,3503.05,327838.0,47.04
2023-02-23,3510.0,3539.0,3433.5,3503.85,382474.0,44.15
2023-02-24,3506.0,3567.5,3506.0,3555.7,176154.0,33.22
2023-02-27,3528.0,3547.45,3485.9,3519.7,175650.0,40.47
2023-02-28,3535.0,3564.75,3472.35,3491.7,400273.0,60.38
2023-03-01,3503.0,3537.0,3488.25,3510.85,174845.0,34.83
2023-03-02,3518.0,3528.0,3482.45,3504.1,208246.0,48.18
2023-03-03,3532.0,3558.0,3492.0,3515.65,185933.0,38.52
2023-03-06,3529.0,3575.0,3529.0,3552.1,179141.0,42.35
2023-03-07,3529.0,3575.0,3529.0,3552.1,179141.0,42.35
2023-03-08,3524.05,3525.0,3417.05,3501.6,397153.0,29.81
2023-03-09,3510.15,3564.95,3501.0,3511.7,261768.0,43.1
2023-03-10,3461.0,3478.75,3429.05,3456.9,188345.0,38.72
2023-03-13,3451.25,3461.5,3410.1,3425.5,283132.0,36.61
2023-03-14,3429.95,3443.3,3308.2,3375.8,357696.0,42.34
2023-03-15,3400.0,3420.5,3342.0,3381.45,222511.0,46.61
2023-03-16,3380.0,3445.75,3345.0,3425.85,247863.0,51.38
2023-03-17,3430.0,3508.8,3430.0,3490.45,287323.0,38.31
2023-03-20,3355.0,3520.0,3355.0,3445.5,214517.0,22.1
2023-03-21,3465.5,3479.9,3401.25,3459.55,185803.0,32.09
2023-03-22,3486.9,3543.8,3477.3,3511.65,236533.0,19.26
2023-03-23,3501.6,3545.0,3486.7,3518.1,134604.0,33.14
2023-03-24,3529.0,3549.0,3460.3,3475.6,153160.0,25.29
2023-03-27,3474.45,3575.1,3470.0,3565.55,351029.0,43.22
2023-03-28,3554.0,3610.9,3554.0,3573.45,374211.0,45.2
2023-03-29,3573.0,3618.0,3555.05,3602.1,257832.0,44.44
2023-03-30,3573.0,3618.0,3555.05,3602.1,257832.0,44.44
2023-03-31,3615.0,3890.0,3606.0,3723.55,330696.0,48.85
2023-04-03,3747.0,3753.95,3678.85,3695.75,133426.0,29.98
2023-04-04,3747.0,3753.95,3678.85,3695.75,133426.0,29.98
2023-04-05,3655.0,3752.6,3654.95,3742.0,214697.0,47.54
2023-04-06,3724.95,3763.0,3693.3,3743.55,123542.0,31.69
2023-04-07,3724.95,3763.0,3693.3,3743.55,123542.0,31.69
2023-04-10,3743.55,3746.0,3715.0,3735.15,118460.0,57.34
2023-04-11,3723.0,3765.0,3723.0,3756.55,98545.0,53.83
2023-04-12,3760.0,3880.0,3750.0,3860.3,310003.0,41.86
2023-04-13,3846.0,3860.8,3796.05,3820.45,217138.0,57.93
2023-04-14,3846.0,3860.8,3796.05,3820.45,217138.0,57.93
2023-04-17,3778.0,3778.0,3603.95,3664.15,349558.0,35.76
2023-04-18,3674.95,3718.0,3657.15,3704.55,136275.0,36.08
2023-04-19,3683.7,3699.95,3606.0,3613.7,123947.0,29.86
2023-04-20,3634.15,3656.7,3599.05,3606.7,210995.0,60.7
2023-04-21,3624.0,3637.25,3595.0,3627.45,110995.0,50.56
2023-04-24,3630.0,3677.0,3592.3,3670.6,139603.0,49.8
2023-04-25,3679.0,3680.95,3635.0,3667.2,93368.0,38.64
2023-04-26,3661.0,3691.45,3637.6,3652.35,103768.0,44.84
2023-04-27,3651.9,3725.0,3646.25,3715.35,158247.0,38.99
2023-04-28,3737.0,3792.65,3718.1,3776.2,163743.0,38.37
2023-05-01,3737.0,3792.65,3718.1,3776.2,163743.0,38.37
2023-05-02,3775.2,3819.65,3745.05,3804.3,148846.0,46.41
2023-05-03,3800.0,3809.5,3772.0,3792.4,114442.0,52.47
2023-05-04,3780.0,3839.8,3758.05,3802.8,104863.0,27.87
2023-05-05,3795.25,3834.8,3780.0,3816.35,81628.0,30.91
2023-05-08,3811.0,3952.0,3811.0,3892.65,232761.0,31.24
2023-05-09,3918.0,3948.0,3876.0,3906.3,203127.0,41.71
2023-05-10,3913.0,3959.95,3890.3,3920.15,149850.0,41.54
2023-05-11,3925.0,3932.5,3864.9,3887.95,159066.0,43.33
2023-05-12,3888.9,3925.0,3842.3,3882.8,176231.0,39.49
2023-05-15,3880.0,4005.3,3870.05,3975.15,462609.0,40.14
2023-05-16,3975.15,3979.55,3920.0,3933.3,134002.0,45.87
2023-05-17,3955.35,3955.35,3780.0,3836.2,237383.0,31.44
2023-05-18,3860.0,3870.0,3702.95,3743.15,329601.0,53.11
2023-05-19,3773.05,3857.4,3732.7,3829.05,393715.0,35.23
2023-05-22,3829.05,3896.0,3806.65,3888.8,296437.0,49.76
2023-05-23,3895.0,3980.2,3892.05,3953.7,272129.0,39.78
2023-05-24,3919.0,3942.7,3850.55,3878.1,154817.0,34.27
2023-05-25,3888.6,3927.8,3830.0,3900.35,200152.0,25.97
2023-05-26,3918.7,4250.0,3735.0,4197.75,1685253.0,12.68
2023-05-29,4149.95,4295.0,4101.0,4207.1,1166166.0,36.82
2023-05-30,4220.0,4220.0,4054.4,4065.25,491864.0,38.22
2023-05-31,4065.0,4165.0,4033.0,4073.85,1396470.0,61.55
2023-06-01,4100.0,4281.95,4095.05,4218.65,829850.0,20.65
2023-06-02,4104.0,4305.0,4104.0,4266.35,669918.0,28.43
2023-06-05,4220.0,4299.9,4123.75,4136.9,652777.0,44.56
2023-06-06,4136.8,4198.0,4081.75,4116.3,373510.0,30.61
2023-06-07,4148.0,4200.0,4130.0,4184.35,248613.0,36.58
2023-06-08,4190.0,4191.05,4104.9,4120.9,182652.0,38.59
2023-06-09,4131.3,4225.0,4082.9,4143.1,456101.0,33.28
2023-06-12,4165.0,4284.55,4156.75,4268.6,586325.0,22.61
2023-06-13,4275.5,4354.95,4264.85,4334.9,400440.0,30.44
2023-06-14,4334.9,4364.7,4290.85,4309.8,295156.0,49.69
2023-06-15,4324.8,4358.55,4280.0,4321.5,256902.0,44.83
2023-06-16,4349.95,4445.0,4331.05,4416.9,753231.0,40.75
2023-06-19,4416.9,4479.0,4400.15,4441.65,283761.0,31.29
2023-06-20,4444.0,4460.0,4400.5,4455.7,185999.0,41.68
2023-06-21,4460.0,4505.0,4442.55,4474.1,232516.0,44.55
2023-06-22,4470.0,4473.75,4312.5,4404.35,470393.0,35.04
2023-06-23,4390.0,4399.95,4282.25,4306.9,242192.0,30.51
2023-06-26,4300.0,4421.95,4270.15,4407.6,261675.0,29.95
2023-06-27,4420.95,4454.0,4375.0,4391.8,225231.0,36.45
2023-06-28,4405.0,4504.25,4404.6,4431.7,250255.0,30.2
2023-06-29,4405.0,4504.25,4404.6,4431.7,250255.0,30.2
2023-06-30,4432.0,4493.95,4416.0,4483.65,172175.0,41.66
2023-07-03,4483.0,4510.0,4451.0,4476.4,210877.0,51.63
2023-07-04,4487.95,4565.0,4409.25,4431.9,333479.0,31.02
2023-07-05,4434.0,4532.0,4390.55,4441.05,258706.0,29.43
2023-07-06,4444.35,4484.45,4380.0,4467.85,140464.0,35.77
2023-07-07,4405.0,4456.4,4397.6,4404.9,147255.0,41.48
2023-07-10,4410.0,4433.05,4325.05,4331.85,104613.0,40.75
2023-07-11,4369.9,4442.0,4351.0,4402.4,303639.0,58.35
2023-07-12,4410.05,4473.45,4366.15,4460.7,252215.0,38.05
2023-07-13,4473.05,4646.0,4465.1,4625.5,550506.0,40.54
2023-07-14,4650.0,4737.85,4611.0,4720.8,396697.0,29.24
2023-07-17,4725.0,4768.75,4654.65,4733.4,405493.0,52.94
2023-07-18,4733.0,4733.05,4660.6,4689.95,171815.0,45.02
2023-07-19,4700.0,4709.9,4670.0,4679.5,111345.0,41.43
2023-07-20,4683.0,4707.4,4623.8,4652.75,149124.0,37.51
2023-07-21,4590.0,4659.0,4540.0,4648.55,273203.0,49.45
2023-07-24,4635.0,4659.0,4560.05,4568.05,127463.0,44.5
2023-07-25,4575.0,4624.0,4567.35,4613.4,364115.0,82.93
2023-07-26,4639.8,4674.0,4524.2,4540.3,167108.0,42.53
2023-07-27,4545.0,4600.0,4535.9,4570.75,91328.0,42.09
2023-07-28,4570.0,4624.75,4546.85,4579.2,124290.0,40.83
2023-07-31,4603.25,4644.0,4570.0,4587.1,229292.0,55.83
2023-08-01,4580.0,4661.2,4580.0,4655.75,172501.0,59.64
2023-08-02,4655.0,4656.95,4520.2,4571.75,213078.0,43.13
2023-08-03,4540.25,4566.75,4471.3,4537.7,228110.0,54.26
2023-08-04,4540.0,4934.8,4540.0,4886.7,1138757.0,21.13
2023-08-07,4890.0,4984.5,4808.55,4825.8,407775.0,20.66
2023-08-08,4837.0,4865.85,4690.0,4714.9,259909.0,37.42
2023-08-09,4739.0,4766.4,4680.05,4690.35,221949.0,40.29
2023-08-10,4680.0,4723.7,4618.0,4649.6,212623.0,44.76
2023-08-11,4660.0,4694.0,4415.65,4460.8,811995.0,35.84
2023-08-14,4425.0,4427.25,4221.0,4304.25,617132.0,38.36
2023-08-15,4425.0,4427.25,4221.0,4304.25,617132.0,38.36
2023-08-16,4290.0,4334.9,4270.4,4323.8,208240.0,36.8
2023-08-17,4345.0,4354.0,4291.0,4298.9,145818.0,42.79
2023-08-18,4296.0,4296.0,4177.7,4189.5,325969.0,46.76
2023-08-21,4208.0,4219.15,4166.05,4187.0,211267.0,61.53
2023-08-22,4209.9,4213.55,4169.05,4174.5,157223.0,56.07
2023-08-23,4194.0,4195.0,4146.35,4152.0,229479.0,62.95
2023-08-24,4174.95,4279.0,4152.65,4249.1,383996.0,42.72
2023-08-25,4220.0,4239.55,4172.3,4206.8,215964.0,54.47
2023-08-28,4209.95,4230.55,4153.55,4178.9,212515.0,53.94
2023-08-29,4194.95,4285.0,4190.0,4261.35,251351.0,45.27
2023-08-30,4300.05,4414.9,4286.5,4369.65,666415.0,21.31
2023-08-31,4396.95,4396.95,4305.0,4331.5,349014.0,49.64
2023-09-01,4331.95,4396.0,4308.95,4372.35,115255.0,23.4
2023-09-04,4395.15,4448.5,4329.6,4438.0,318825.0,43.14
2023-09-05,4438.0,4490.0,4416.95,4477.4,279380.0,41.64
2023-09-06,4477.35,4520.0,4452.65,4492.75,183516.0,40.73
2023-09-07,4492.75,4492.75,4435.95,4450.45,114699.0,46.68
2023-09-08,4480.7,4489.85,4430.05,4477.75,190981.0,55.28
2023-09-11,4467.0,4578.8,4461.35,4509.45,215380.0,43.91
2023-09-12,4525.0,4539.95,4422.65,4515.8,261919.0,47.06
2023-09-13,4485.5,4487.85,4335.0,4396.05,327697.0,41.22
2023-09-14,4412.15,4458.0,4381.05,4430.35,221694.0,53.6
2023-09-15,4402.1,4508.95,4370.0,4484.6,824454.0,66.66
2023-09-18,4484.05,4539.0,4435.1,4490.9,175625.0,41.83
2023-09-19,4484.05,4539.0,4435.1,4490.9,175625.0,41.83
2023-09-20,4440.15,4498.95,4425.1,4464.9,447637.0,67.41
2023-09-21,4430.0,4485.65,4393.05,4439.95,174814.0,55.42
2023-09-22,4435.0,4455.0,4272.0,4300.35,388783.0,42.54
2023-09-25,4300.35,4303.4,4236.6,4260.65,225725.0,53.98
2023-09-26,4240.0,4278.0,4218.8,4238.45,312246.0,66.51
2023-09-27,4242.95,4277.85,4229.95,4239.15,204508.0,47.54
2023-09-28,4260.0,4272.95,4157.05,4177.0,686533.0,77.57
2023-09-29,4183.0,4196.0,4134.0,4165.3,449502.0,63.26
2023-10-02,4183.0,4196.0,4134.0,4165.3,449502.0,63.26
2023-10-03,4142.05,4149.9,4100.0,4114.5,380058.0,70.49
2023-10-04,4098.0,4100.0,4005.0,4058.65,665902.0,68.39
2023-10-05,4055.1,4220.0,4051.05,4209.05,576826.0,42.27
2023-10-06,4229.95,4230.0,4183.0,4212.9,168914.0,34.84
2023-10-09,4151.0,4230.0,4130.35,4213.6,267209.0,69.67
2023-10-10,4220.45,4249.0,4192.0,4234.35,207771.0,65.78
2023-10-11,4259.0,4309.0,4225.55,4265.3,253952.0,51.88
2023-10-12,4265.95,4295.0,4230.4,4239.9,115861.0,44.8
2023-10-13,4209.05,4214.1,4105.0,4137.3,313234.0,51.34
2023-10-16,4123.3,4149.85,4103.15,4125.25,163976.0,52.64
2023-10-17,4131.95,4164.0,4116.3,4127.55,321335.0,63.96
2023-10-18,4150.0,4229.0,4150.0,4204.5,527387.0,53.97
2023-10-19,4200.0,4216.0,4142.6,4178.95,173799.0,53.42
2023-10-20,4177.95,4240.0,4151.0,4203.0,128991.0,38.36
2023-10-23,4205.0,4214.85,4060.0,4072.75,189507.0,43.05
2023-10-24,4205.0,4214.85,4060.0,4072.75,189507.0,43.05
2023-10-25,4080.0,4111.0,4032.0,4080.65,159650.0,42.46
2023-10-26,4040.0,4080.65,3972.05,4048.85,263110.0,56.26
2023-10-27,4050.0,4112.0,4024.0,4081.5,98089.0,41.55
2023-10-30,4097.0,4114.7,4057.35,4078.45,280927.0,64.93
2023-10-31,4113.85,4129.0,4065.05,4084.25,235896.0,66.75
2023-11-01,4092.0,4147.4,4079.15,4096.65,111026.0,26.2
2023-11-02,4150.95,4188.65,4115.1,4139.15,134296.0,31.75
2023-11-03,4156.05,4270.0,4156.05,4250.35,291059.0,52.89
2023-11-06,4270.0,4355.0,4256.0,4311.55,271944.0,44.07
2023-11-07,4321.05,4423.6,4292.55,4340.05,603768.0,33.96
2023-11-08,4394.0,4540.0,4360.0,4505.8,506871.0,32.88
2023-11-09,4505.0,4602.85,4456.1,4569.1,376261.0,47.76
2023-11-10,4530.0,4538.3,4483.0,4510.8,119732.0,25.97
2023-11-13,4513.95,4526.75,4472.55,4512.75,111992.0,40.74
2023-11-14,4513.95,4526.75,4472.55,4512.75,111992.0,40.74
2023-11-15,4571.5,4756.05,4525.15,4743.6,545292.0,36.66
2023-11-16,4722.0,4782.0,4651.0,4760.0,381885.0,41.47
2023-11-17,4738.0,4835.8,4718.15,4805.3,246567.0,51.4
2023-11-20,4805.0,4839.25,4732.1,4765.35,159446.0,34.57
2023-11-21,4778.15,4803.65,4725.05,4739.05,139907.0,47.68
2023-11-22,4735.1,4774.0,4708.0,4741.45,84769.0,40.39
2023-11-23,4741.45,4775.0,4610.0,4617.15,161852.0,45.24
2023-11-24,4617.15,4633.6,4581.1,4596.9,83298.0,46.86
2023-11-27,4617.15,4633.6,4581.1,4596.9,83298.0,46.86
2023-11-28,4595.0,4606.15,4538.3,4550.0,162661.0,66.89
2023-11-29,4560.05,4668.75,4541.35,4547.65,329934.0,48.59
2023-11-30,4560.0,4634.0,4526.0,4611.0,255885.0,53.4
2023-12-01,4649.0,4651.0,4520.5,4572.9,238806.0,52.45
2023-12-04,4600.0,4644.15,4570.35,4596.35,301801.0,37.99
2023-12-05,4600.0,4730.0,4583.4,4692.7,267812.0,52.56
2023-12-06,4734.8,4819.7,4717.3,4758.0,244203.0,30.04
2023-12-07,4760.0,4849.0,4670.0,4805.65,245197.0,34.36
2023-12-08,4840.8,4842.25,4681.5,4745.65,269968.0,56.76
2023-12-11,4760.65,4955.0,4732.9,4882.95,605082.0,30.48
2023-12-12,4887.5,4997.0,4770.0,4788.05,364573.0,32.63
2023-12-13,4791.0,4834.3,4705.0,4813.65,196424.0,37.14
2023-12-14,4850.0,5233.45,4850.0,5152.65,1183841.0,29.49
2023-12-15,5160.0,5235.0,5100.0,5220.85,553951.0,42.7
2023-12-18,5230.95,5275.0,5140.1,5195.15,340544.0,47.29
2023-12-19,5165.0,5319.05,5165.0,5206.85,387018.0,36.24
2023-12-20,5211.0,5267.9,4965.0,4997.45,420009.0,49.22
2023-12-21,4969.05,5053.45,4884.1,5005.1,350756.0,51.7
2023-12-22,5055.2,5088.0,4966.55,5006.5,306931.0,46.77
2023-12-25,5055.2,5088.0,4966.55,5006.5,306931.0,46.77
2023-12-26,5050.0,5119.2,5015.05,5078.9,145022.0,22.77
2023-12-27,5098.95,5178.0,5085.1,5154.3,221253.0,34.68
2023-12-28,5177.7,5190.6,5122.6,5149.1,187646.0,55.81
2023-12-29,5161.95,5175.1,5100.0,5140.15,160542.0,48.46
2024-01-01,5175.0,5195.95,5117.5,5149.5,106346.0,48.21
2024-01-02,5145.05,5175.0,5058.9,5126.2,287607.0,67.66
2024-01-03,5030.0,5148.4,5030.0,5088.0,159354.0,45.48
2024-01-04,5125.0,5141.2,5056.55,5085.5,132168.0,52.25
2024-01-05,5085.05,5290.0,5085.05,5246.15,571151.0,39.86
2024-01-08,5295.0,5303.2,5126.65,5145.05,217738.0,33.89
2024-01-09,5200.0,5264.9,5165.9,5194.65,244775.0,57.57
2024-01-10,5213.0,5299.1,5189.05,5243.4,346884.0,56.02
2024-01-11,5240.05,5287.5,5159.55,5171.65,136417.0,45.72
2024-01-12,5215.55,5387.8,5209.0,5308.3,448934.0,35.65
2024-01-15,5320.0,5404.4,5243.15,5343.1,480582.0,71.8
2024-01-16,5312.1,5334.95,5186.0,5212.4,217195.0,45.07
2024-01-17,5194.9,5243.6,5133.45,5174.2,330783.0,59.97
2024-01-18,5140.1,5183.95,4983.2,5108.85,333250.0,52.46
2024-01-19,5115.05,5183.35,5030.0,5097.95,266283.0,62.63
2024-01-22,5150.0,5187.65,5010.0,5026.05,45235.0,32.25
2024-01-23,5099.95,5099.95,4912.05,4946.1,259129.0,56.38
2024-01-24,4910.0,5031.9,4862.2,5021.95,196697.0,48.41
2024-01-25,5044.95,5075.0,4935.0,4982.55,226741.0,71.41
2024-01-26,5044.95,5075.0,4935.0,4982.55,226741.0,71.41
2024-01-29,4996.1,5048.8,4927.55,4975.25,412804.0,68.05
2024-01-30,4970.0,5023.3,4872.05,4892.7,202501.0,53.81
2024-01-31,4885.0,5050.0,4872.0,5031.65,308427.0,61.66
2024-02-01,5200.0,5200.0,5048.45,5062.0,290940.0,36.03
2024-02-02,5100.0,5215.0,5092.0,5177.15,221142.0,43.91
2024-02-05,5209.9,5289.2,5141.25,5183.45,405725.0,71.38
2024-02-06,5225.0,5370.0,5178.25,5355.75,429105.0,59.24
2024-02-07,5370.0,5419.8,5338.35,5399.15,267773.0,53.64
2024-02-08,5418.0,5509.4,5392.5,5498.0,313465.0,58.74
2024-02-09,5510.55,5538.85,5419.9,5492.6,358435.0,46.59
2024-02-12,5545.0,5545.0,5377.75,5387.2,120644.0,42.13
2024-02-13,5386.1,5444.35,5260.6,5341.6,252090.0,27.71
2024-02-14,5424.8,5424.8,5031.35,5112.55,645089.0,38.5
2024-02-15,5112.55,5177.85,5066.0,5163.35,227501.0,49.06
2024-02-16,5180.2,5298.9,5180.2,5270.75,187545.0,50.76
2024-02-19,5276.0,5380.0,5220.0,5338.45,258086.0,58.48
2024-02-20,5310.1,5388.0,5282.0,5316.6,188305.0,51.34
2024-02-21,5334.95,5360.0,5211.0,5235.75,124388.0,46.84
2024-02-22,5287.7,5352.0,5239.95,5340.35,187613.0,57.29
2024-02-23,5360.0,5437.95,5317.35,5337.15,137993.0,47.61
2024-02-26,5301.1,5328.2,5207.3,5256.95,165164.0,49.11
2024-02-27,5230.1,5428.05,5230.1,5345.45,212412.0,41.11
2024-02-28,5370.0,5415.4,5300.05,5314.9,162401.0,50.04
2024-02-29,5310.0,5347.0,5211.55,5267.75,520127.0,66.88
2024-03-01,5287.6,5332.45,5191.6,5284.25,155335.0,41.39
2024-03-04,5280.0,5361.75,5145.6,5157.6,368866.0,28.37
2024-03-05,5169.0,5170.0,5012.9,5022.55,286538.0,58.28
2024-03-06,5017.45,5141.95,5005.0,5075.95,444366.0,46.22
2024-03-07,5080.0,5130.0,5026.0,5088.5,334871.0,73.85
2024-03-08,5080.0,5130.0,5026.0,5088.5,334871.0,73.85
2024-03-11,5120.25,5190.0,5000.1,5161.05,432746.0,68.37
2024-03-12,5161.05,5243.2,5124.4,5154.1,243980.0,51.35
2024-03-13,5160.0,5236.95,5044.25,5107.2,432451.0,54.29
2024-03-14,5072.5,5220.0,4969.55,5203.15,260941.0,66.2
2024-03-15,5161.3,5280.0,5161.3,5241.2,274014.0,55.61
2024-03-18,5241.15,5280.0,5178.25,5196.35,205541.0,64.04
2024-03-19,5170.05,5215.45,5069.3,5095.0,142022.0,56.12
2024-03-20,5052.0,5129.0,5052.0,5101.45,193337.0,56.02
2024-03-21,5131.0,5318.95,5130.0,5302.55,297803.0,44.61
2024-03-22,5292.3,5292.3,5068.05,5243.1,383811.0,40.82
2024-03-25,5292.3,5292.3,5068.05,5243.1,383811.0,40.82
2024-03-26,5243.1,5292.25,5152.2,5217.0,160867.0,55.06
2024-03-27,5219.9,5544.3,5205.25,5475.55,758554.0,32.26
2024-03-28,5481.0,5631.8,5415.0,5592.0,573245.0,46.83
2024-03-29,5481.0,5631.8,5415.0,5592.0,573245.0,46.83
2024-04-01,5600.0,5802.3,5592.05,5709.15,399617.0,43.79
2024-04-02,5698.1,5733.1,5637.5,5656.0,164343.0,56.06
2024-04-03,5629.95,5656.85,5579.5,5614.0,134620.0,56.26
2024-04-04,5639.95,5747.9,5617.7,5628.2,250557.0,43.92
2024-04-05,5624.0,5728.45,5606.15,5674.65,111223.0,38.85
2024-04-08,5830.0,6243.7,5830.0,6225.4,1701833.0,15.47
2024-04-09,6224.0,6355.0,6167.05,6229.9,643809.0,22.23
2024-04-10,6205.0,6234.9,6047.95,6083.45,259729.0,33.69
2024-04-11,6205.0,6234.9,6047.95,6083.45,259729.0,33.69
2024-04-12,6080.0,6100.0,5942.75,5973.55,386057.0,53.0
2024-04-15,5850.0,5920.0,5814.35,5826.85,297974.0,46.14
2024-04-16,5810.0,5827.85,5733.5,5746.6,176833.0,53.13
2024-04-17,5810.0,5827.85,5733.5,5746.6,176833.0,53.13
2024-04-18,5790.0,5822.8,5698.5,5717.75,179077.0,43.68
2024-04-19,5687.0,5723.25,5622.0,5712.1,268853.0,58.62
2024-04-22,5761.4,5884.95,5680.25,5800.35,258822.0,29.33
2024-04-23,5839.9,5900.2,5801.05,5827.1,240671.0,65.47
2024-04-24,5852.7,5905.0,5827.7,5875.85,229875.0,54.75
2024-04-25,5855.0,5940.0,5820.0,5906.1,265996.0,68.55
2024-04-26,5907.0,5999.9,5880.1,5896.85,155320.0,46.23
2024-04-29,5920.0,6118.15,5908.2,6068.9,457452.0,39.04
2024-04-30,6117.0,6140.0,6032.95,6053.75,202766.0,48.49
2024-05-01,6117.0,6140.0,6032.95,6053.75,202766.0,48.49
2024-05-02,6035.0,6101.9,5818.0,6061.25,160608.0,59.17
2024-05-03,6084.15,6100.0,5943.0,5997.85,181263.0,59.84
2024-05-06,6047.0,6054.0,5961.0,5986.15,98959.0,41.51
2024-05-07,5983.0,5993.95,5838.8,5885.3,187688.0,51.67
2024-05-08,5885.3,6030.0,5831.0,6000.05,131853.0,40.8
2024-05-09,5980.2,6136.5,5926.9,5952.05,266299.0,39.36
2024-05-10,5955.0,6050.0,5865.15,6027.4,280514.0,49.65
2024-05-13,5965.5,6106.45,5905.0,6057.0,218002.0,50.52
2024-05-14,6055.0,6117.75,6003.2,6017.3,179878.0,44.02
2024-05-15,6020.0,6027.3,5867.15,5941.6,159527.0,43.53
2024-05-16,5999.0,6000.0,5610.05,5866.75,450051.0,26.2
2024-05-17,6050.0,6338.1,6005.4,6222.0,1542851.0,21.49
2024-05-20,6250.0,6271.85,5910.9,6200.3,33917.0,25.02
2024-05-21,6220.0,6475.0,6203.55,6405.15,679524.0,54.05
2024-05-22,6405.15,6465.0,6347.0,6399.65,798556.0,76.93
2024-05-23,6429.95,6545.0,6315.5,6444.45,396561.0,46.66
2024-05-24,6444.45,6540.0,6285.25,6336.15,385497.0,62.65
2024-05-27,6359.9,6415.45,6205.0,6257.85,250758.0,42.73
2024-05-28,6277.0,6347.85,6061.6,6081.65,230665.0,45.19
2024-05-29,6008.05,6041.6,5907.5,5921.2,367451.0,56.02
2024-05-30,5895.05,5915.5,5740.0,5755.45,381469.0,61.2
2024-05-31,5775.0,5800.0,5660.0,5697.1,838393.0,67.58
2024-06-03,6088.0,6088.0,5678.45,5715.4,411883.0,63.83
2024-06-04,5754.0,5754.0,5250.0,5634.7,381365.0,47.14
2024-06-05,5570.0,6050.1,5569.4,5995.55,552001.0,70.54
2024-06-06,6100.0,6164.45,6000.8,6125.2,416434.0,60.9
2024-06-07,6145.0,6359.95,6121.0,6229.8,422855.0,48.47
2024-06-10,6250.0,6281.75,6148.1,6226.95,297829.0,63.52
2024-06-11,6240.0,6328.95,6197.0,6221.15,238057.0,61.39
2024-06-12,6240.75,6318.0,6220.0,6250.5,379069.0,63.08
2024-06-13,6285.0,6366.0,6246.45,6266.7,223143.0,53.46
2024-06-14,6280.0,6303.5,6172.0,6242.95,256060.0,55.68
2024-06-17,6280.0,6303.5,6172.0,6242.95,256060.0,55.68
2024-06-18,6125.0,6358.0,6125.0,6186.65,268475.0,61.79
2024-06-19,6224.0,6275.4,6102.8,6241.75,242632.0,55.91
2024-06-20,6241.75,6335.75,6194.2,6282.9,190134.0,60.02
2024-06-21,6332.95,6495.0,6332.95,6384.7,344667.0,34.34
2024-06-24,6380.0,6610.0,6293.75,6594.1,434026.0,28.32
2024-06-25,6594.65,6707.65,6480.05,6648.6,427437.0,51.25
2024-06-26,6630.0,6780.0,6610.25,6747.95,305033.0,49.85
2024-06-27,6747.95,6765.15,6673.45,6733.6,193585.0,51.42
2024-06-28,6739.0,6819.95,6700.0,6785.85,306062.0,60.82
2024-07-01,6750.1,6969.0,6750.1,6937.35,336811.0,60.65
2024-07-02,6964.85,6964.85,6642.0,6746.6,579880.0,54.72
2024-07-03,6789.9,6837.95,6730.3,6811.6,214380.0,56.73
2024-07-04,6801.0,6854.0,6725.1,6736.45,74283.0,31.09
2024-07-05,6770.05,6828.95,6712.55,6809.5,72666.0,36.31
2024-07-08,6874.5,6956.4,6818.8,6857.45,203968.0,45.02
2024-07-09,6857.0,7063.0,6830.1,6944.6,364932.0,41.74
2024-07-10,6941.0,6986.25,6750.0,6781.7,228088.0,49.73
2024-07-11,6784.95,6855.9,6569.1,6613.9,271979.0,58.64
2024-07-12,6643.7,6919.55,6640.5,6861.5,624064.0,34.8
2024-07-15,6870.0,6975.0,6808.1,6838.25,169783.0,36.98
2024-07-16,6899.0,6899.95,6741.25,6812.0,120091.0,39.15
2024-07-17,6899.0,6899.95,6741.25,6812.0,120091.0,39.15
2024-07-18,6814.9,6985.0,6814.9,6932.25,316129.0,46.94
2024-07-19,6952.25,7069.95,6781.85,6827.6,223073.0,41.16
2024-07-22,6824.95,7017.05,6763.85,6929.65,293634.0,63.3
2024-07-23,6929.65,6987.5,6706.8,6895.25,175448.0,55.3
2024-07-24,6855.0,7014.0,6829.9,6947.35,237904.0,59.27
2024-07-25,6900.0,7030.9,6826.45,7013.6,143654.0,64.19
2024-07-26,7040.0,7210.0,7007.6,7187.4,360586.0,62.35
2024-07-29,7244.95,7260.5,7080.05,7097.95,175403.0,54.96
2024-07-30,7108.95,7136.6,6988.95,7009.8,138825.0,58.02
2024-07-31,7029.0,7107.55,7006.05,7027.25,246265.0,74.31
2024-08-01,7055.0,7090.0,6865.55,6904.45,224933.0,58.0
2024-08-02,6880.0,7327.75,6844.8,7220.5,1435112.0,33.52
2024-08-05,7000.05,7143.95,6810.1,6973.75,333411.0,39.44
2024-08-06,7000.0,7125.0,6782.0,6803.95,170593.0,38.13
2024-08-07,6900.0,7083.9,6839.25,7048.65,568931.0,76.91
2024-08-08,7045.0,7051.05,6892.05,6912.6,109028.0,37.13
2024-08-09,7015.85,7250.0,6964.2,7214.5,433960.0,20.02
2024-08-12,7300.0,7300.0,7070.25,7178.7,274611.0,36.26
2024-08-13,7219.8,7295.0,7039.05,7098.35,231157.0,47.58
2024-08-14,7100.0,7319.0,7068.15,7236.75,311421.0,48.64
2024-08-15,7100.0,7319.0,7068.15,7236.75,311421.0,48.64
2024-08-16,7335.0,7440.0,7225.0,7417.85,333170.0,31.97
2024-08-19,7417.85,7463.15,7361.1,7393.45,124200.0,51.42
2024-08-20,7393.45,7433.25,7363.0,7407.75,229642.0,64.82
2024-08-21,7407.75,7433.9,7375.05,7407.6,96442.0,56.44
2024-08-22,7445.0,7570.05,7322.0,7444.45,212238.0,29.71
2024-08-23,7444.45,7447.4,7314.05,7392.6,163630.0,51.27
2024-08-26,7387.65,7539.05,7387.65,7498.9,275612.0,57.4
2024-08-27,7498.9,7533.65,7456.05,7493.95,106441.0,51.01
2024-08-28,7493.95,7640.65,7472.8,7622.65,242400.0,44.89
2024-08-29,7599.05,7700.0,7551.0,7682.9,192226.0,44.69
2024-08-30,7682.9,7725.0,7620.05,7678.8,281864.0,63.11
2024-09-02,7679.95,7746.5,7512.55,7566.8,266423.0,54.79
2024-09-03,7580.0,7644.0,7430.0,7445.45,128590.0,49.06
2024-09-04,7358.95,7455.7,7264.05,7435.4,158723.0,45.91
2024-09-05,7489.5,7506.65,7412.05,7475.0,122075.0,50.8
2024-09-06,7485.45,7500.75,7389.7,7424.9,133817.0,52.35
2024-09-09,7331.0,7487.9,7296.45,7418.6,132825.0,50.26
2024-09-10,7475.0,7544.3,7430.0,7476.7,132567.0,52.69
2024-09-11,7499.95,7777.0,7477.75,7669.75,450733.0,45.9
2024-09-12,7724.95,7807.9,7620.0,7788.6,170489.0,35.49
2024-09-13,7825.0,7830.0,7692.8,7729.05,100746.0,47.72
2024-09-16,7729.05,7943.0,7715.0,7903.8,241061.0,38.59
2024-09-17,7903.8,7964.75,7765.0,7805.25,127025.0,54.86
2024-09-18,7805.25,7809.95,7570.05,7741.55,125970.0,35.15
2024-09-19,7901.0,8151.0,7755.0,7902.1,892802.0,28.52
2024-09-20,7891.0,8126.95,7830.0,8106.2,414689.0,43.07
2024-09-23,8111.5,8260.35,8111.3,8146.15,196147.0,35.24
2024-09-24,8196.15,8258.0,8050.65,8084.3,187330.0,60.78
2024-09-25,8139.95,8139.95,7888.0,7936.2,222187.0,57.48
2024-09-26,8000.0,8017.45,7834.1,7947.7,211609.0,52.16
2024-09-27,8050.35,8227.05,8000.45,8170.75,405988.0,58.5
2024-09-30,8113.7,8214.2,8027.6,8100.7,194222.0,45.19
2024-10-01,8144.8,8250.0,8140.6,8195.95,169606.0,41.64
2024-10-02,8144.8,8250.0,8140.6,8195.95,169606.0,41.64
2024-10-03,8099.95,8180.0,8010.65,8123.0,115577.0,34.59
2024-10-04,8120.0,8308.9,8098.8,8198.65,428267.0,47.29
2024-10-07,8308.9,8308.9,7910.05,7986.45,378784.0,51.55
2024-10-08,8045.75,8306.9,7988.05,8270.05,243531.0,54.22
2024-10-09,8310.0,8472.0,8300.0,8392.45,170590.0,40.32
2024-10-10,8430.0,8439.45,8260.0,8295.2,95579.0,51.47
2024-10-11,8295.2,8390.8,8259.75,8363.3,143526.0,54.78
2024-10-14,8389.95,8399.25,8239.0,8286.15,146216.0,57.53
2024-10-15,8334.95,8373.0,8229.85,8288.4,158751.0,66.58
2024-10-16,8244.85,8280.0,8135.0,8182.35,123378.0,46.57
2024-10-17,8182.35,8229.95,7959.9,7979.6,274035.0,58.12
2024-10-18,7990.0,8110.2,7910.7,8088.85,140631.0,44.84
2024-10-21,8117.0,8159.75,7911.9,7949.35,110284.0,49.48
2024-10-22,7958.9,7978.0,7621.5,7649.05,151289.0,46.32
2024-10-23,7620.0,7946.9,7551.0,7830.7,336096.0,49.98
2024-10-24,7830.7,7848.6,7658.4,7716.55,121805.0,55.25
2024-10-25,7740.0,7759.95,7434.05,7597.65,367115.0,61.64
2024-10-28,7600.05,7850.0,7600.05,7692.65,126798.0,47.82
2024-10-29,7690.45,7737.65,7483.05,7699.15,170380.0,44.98
2024-10-30,7680.1,7856.45,7628.1,7679.4,172230.0,48.74
2024-10-31,7650.75,7727.3,7406.55,7440.95,298159.0,66.93
2024-11-01,7440.95,7494.95,7440.95,7468.45,10734.0,30.31
2024-11-04,7450.0,7747.35,7370.55,7722.75,380105.0,34.77
2024-11-05,7722.75,7745.0,7600.0,7640.9,175691.0,48.98
2024-11-06,7660.0,8012.1,7655.05,7997.0,313283.0,42.39
2024-11-07,8024.0,8045.85,7790.0,7903.0,167867.0,46.41
2024-11-08,7897.0,7910.0,7502.15,7654.6,579365.0,27.01
2024-11-11,7670.0,8100.0,7596.8,7951.5,565432.0,19.21
2024-11-12,7945.0,8035.0,7802.75,7821.3,162887.0,30.92
2024-11-13,7820.0,7820.0,7588.0,7614.95,169525.0,44.06
2024-11-14,7615.0,7842.05,7550.0,7768.2,187611.0,35.06
2024-11-18,7848.6,7875.8,7491.1,7589.65,286979.0,47.61
2024-11-19,7600.8,7749.0,7588.4,7625.1,156589.0,44.63
2024-11-20,7600.8,7749.0,7588.4,7625.1,156589.0,44.63
2024-11-21,7588.05,7600.05,7491.0,7515.35,147742.0,57.51
2024-11-22,7699.4,8029.6,7670.0,7999.95,987000.0,25.44
2024-11-25,8016.0,8310.0,8016.0,8195.3,533685.0,53.96
2024-11-26,8234.0,8338.0,8151.0,8247.55,259049.0,40.22
2024-11-27,8250.0,8364.0,8226.65,8342.8,241424.0,52.6
2024-11-28,8324.0,8404.65,8176.0,8201.95,255063.0,51.37
2024-11-29,8208.2,8297.65,8113.2,8255.3,283741.0,54.62
2024-12-02,8240.0,8481.4,8229.15,8447.2,308278.0,49.28
2024-12-03,8497.15,8519.8,8356.35,8472.5,293052.0,62.89
2024-12-04,8457.0,8525.0,8386.4,8445.55,346259.0,65.06
2024-12-05,8498.95,8656.3,8472.55,8521.55,430053.0,47.0
2024-12-06,8584.0,8584.0,8437.7,8483.9,210018.0,63.19
2024-12-09,8485.0,8531.9,8401.0,8418.85,261859.0,66.72
2024-12-10,8423.95,8537.9,8410.9,8519.6,188264.0,58.93
2024-12-11,8520.0,8589.85,8477.7,8557.05,248407.0,71.5
2024-12-12,8599.9,8778.65,8573.0,8614.3,341125.0,41.29
2024-12-13,8612.0,8716.85,8475.5,8702.4,147630.0,43.31
2024-12-16,8724.95,8860.0,8688.05,8808.95,342983.0,67.6
2024-12-17,8755.0,8947.45,8755.0,8853.85,278257.0,55.94
2024-12-18,8850.0,8899.0,8802.05,8873.95,88813.0,54.38
2024-12-19,8652.0,8780.0,8620.0,8697.05,148087.0,56.9
2024-12-20,8775.0,8894.9,8456.95,8494.95,342795.0,46.98
2024-12-23,8505.9,8719.0,8505.55,8624.8,167345.0,47.69
2024-12-24,8620.05,8689.25,8523.05,8673.05,234046.0,68.66
2024-12-25,8620.05,8689.25,8523.05,8673.05,234046.0,68.66
2024-12-26,8700.0,8727.4,8639.5,8667.5,199449.0,54.25
2024-12-27,8667.5,8775.35,8619.75,8637.45,122498.0,58.13
2024-12-30,8637.45,8994.95,8574.65,8712.75,1113653.0,70.73
2024-12-31,8600.0,8749.0,8435.0,8677.25,265298.0,54.51
2025-01-01,8687.95,8774.8,8601.1,8730.4,67573.0,39.4
2025-01-02,8730.0,8940.0,8710.05,8878.95,285246.0,49.21
2025-01-03,8909.0,9085.0,8880.0,9025.5,402651.0,43.06
2025-01-06,9120.0,9128.9,8742.6,8815.75,230920.0,41.2
2025-01-07,8780.5,8814.0,8362.85,8438.65,557458.0,42.36
2025-01-08,8449.0,8469.95,8127.05,8237.1,532886.0,60.54
2025-01-09,8237.05,8257.15,7916.15,7949.3,408217.0,64.32
2025-01-10,7915.0,8064.25,7822.25,7835.7,408517.0,58.94
2025-01-13,7665.0,7754.6,7210.7,7253.15,610561.0,52.9
2025-01-14,7310.0,7548.9,7290.55,7457.75,374627.0,53.11
2025-01-15,7499.0,7513.5,7305.0,7455.15,450827.0,62.18
2025-01-16,7461.65,7758.3,7461.65,7628.55,209517.0,39.49
2025-01-17,7660.0,7780.0,7601.65,7748.15,252290.0,48.98
2025-01-20,7756.0,7848.8,7649.65,7770.3,167763.0,48.37
2025-01-21,7679.0,7688.0,7425.0,7457.45,404299.0,53.21
2025-01-22,7517.4,7523.4,7137.05,7234.5,489126.0,68.11
2025-01-23,7185.0,7608.0,7185.0,7535.5,262099.0,38.36
2025-01-24,7525.5,7564.0,7430.15,7447.05,137875.0,45.39
2025-01-27,7397.0,7397.0,6940.1,7009.55,553609.0,66.43
2025-01-28,7091.3,7211.95,6942.5,7148.25,425140.0,55.35
2025-01-29,7155.1,7495.0,7155.1,7445.15,209571.0,46.41
2025-01-30,7445.15,7683.2,7445.15,7628.9,343735.0,48.49
2025-01-31,7628.9,7750.0,7620.0,7723.7,287398.0,64.3
2025-02-03,7740.1,7890.0,7659.8,7719.55,226196.0,51.66
2025-02-04,7800.0,7837.9,7634.9,7706.9,270089.0,67.49
2025-02-05,7735.0,7988.0,7712.55,7941.15,547553.0,31.32
2025-02-06,8100.0,8185.0,8003.05,8051.2,580894.0,30.94
2025-02-07,8065.55,8120.0,7780.05,7860.1,206052.0,36.64
2025-02-10,7884.0,8000.0,7701.0,7794.9,163982.0,51.02
2025-02-11,7800.0,7855.9,7498.3,7542.05,222351.0,53.33
2025-02-12,7542.55,7649.95,7398.05,7578.3,328554.0,56.66
2025-02-13,7580.0,7707.3,7555.0,7641.4,319187.0,72.96
2025-02-14,7635.0,7668.2,7435.05,7485.5,162168.0,53.77
2025-02-17,7400.1,7407.4,7226.75,7338.9,338979.0,50.18
2025-02-18,7349.5,7584.75,7346.6,7558.9,134391.0,38.7
2025-02-19,7560.0,7653.95,7474.5,7595.05,169539.0,58.98
2025-02-20,7560.0,7703.65,7545.4,7673.45,261479.0,74.92
2025-02-21,7628.0,7831.95,7514.9,7537.1,185814.0,47.53
2025-02-24,7455.0,7465.0,7134.7,7151.8,522971.0,63.23
2025-02-25,7128.55,7374.9,7089.6,7323.65,430736.0,52.79
2025-02-27,7275.0,7444.0,7271.05,7381.25,287469.0,56.89
2025-02-28,7200.7,7264.9,6901.0,6992.65,981103.0,56.71
2025-03-03,6973.5,7068.8,6811.1,6962.2,261566.0,44.35
2025-03-04,6861.5,6869.55,6662.45,6762.15,246222.0,49.79
2025-03-05,6720.75,6859.0,6700.0,6789.9,407219.0,59.67
2025-03-06,6814.0,7029.85,6814.0,6906.35,314308.0,48.53
2025-03-07,6900.0,6979.0,6764.0,6833.85,184318.0,46.26
2025-03-10,6833.85,6908.5,6570.0,6588.1,275667.0,49.68
2025-03-11,6510.0,6746.85,6422.55,6697.1,414543.0,60.02
2025-03-12,6710.0,6770.3,6349.55,6507.2,470145.0,55.96
2025-03-13,6527.0,6599.95,6375.0,6382.55,288873.0,60.79
2025-03-17,6421.05,6525.0,6352.85,6479.65,199526.0,51.15
2025-03-18,6501.4,6701.3,6488.3,6686.05,299363.0,50.55
2025-03-19,6695.55,6800.95,6538.2,6749.4,388829.0,55.19
2025-03-20,6820.0,6890.15,6702.8,6850.3,258940.0,53.76
2025-03-21,6869.0,6936.45,6729.4,6916.0,376830.0,59.14
2025-03-24,6997.0,7160.0,6930.35,7100.85,312348.0,60.8
2025-03-25,7180.0,7429.9,7038.15,7145.7,632080.0,37.45
2025-03-26,7181.1,7213.05,7000.0,7044.35,242807.0,57.13
2025-03-27,7000.0,7249.95,6956.05,7214.6,419626.0,60.68
2025-03-28,7220.0,7313.75,7112.0,7181.4,477210.0,60.86
2025-04-01,7181.4,7181.4,6778.5,6804.9,261413.0,42.87
2025-04-02,6775.0,6969.85,6756.55,6928.65,323449.0,47.91
2025-04-03,6880.0,6891.95,6619.9,6734.4,440990.0,46.65
2025-04-04,6716.0,6716.0,6325.1,6396.6,343564.0,53.44
2025-04-07,5785.0,6427.95,5785.0,6374.8,318856.0,39.33
2025-04-08,6459.95,6710.0,6338.0,6642.65,529905.0,37.71
2025-04-09,6575.25,6575.25,6316.15,6406.75,420164.0,46.28
2025-04-11,6650.0,6650.0,6453.8,6545.3,373594.0,59.21
2025-04-15,6776.5,6812.5,6620.5,6735.5,252887.0,54.93
2025-04-16,6749.0,6790.5,6606.5,6776.0,172323.0,42.92
2025-04-17,6744.5,6764.0,6561.5,6734.5,255078.0,40.44
2025-04-21,6790.0,7032.0,6774.5,6939.0,274572.0,33.99
2025-04-22,6939.0,7030.0,6892.0,6953.5,182119.0,46.74
2025-04-23,7010.0,7125.0,6951.0,7085.5,331725.0,48.59
2025-04-24,7080.0,7231.5,7031.5,7154.0,329525.0,48.85
2025-04-25,7215.0,7250.0,6980.5,7038.5,212327.0,42.62
2025-04-28,7005.0,7093.5,6926.5,6977.5,226835.0,61.39
2025-04-29,6998.0,7092.0,6914.0,7059.0,118647.0,41.14
2025-04-30,7059.0,7155.0,6965.0,7069.5,270729.0,58.77
2025-05-02,7069.0,7215.0,7037.0,7141.5,163113.0,49.88
2025-05-05,7141.5,7213.0,7114.0,7170.0,78868.0,51.13
2025-05-06,7204.0,7268.0,6954.5,6984.5,86355.0,36.97
2025-05-07,1387.5,1400.5,1368.5,1385.0,523664.0,36.72
2025-05-08,1384.5,1400.0,1341.5,1355.5,309901.0,31.66
2025-05-09,1319.0,1400.0,1319.0,1375.0,661030.0,46.49
2025-05-12,1404.5,1502.5,1392.0,1476.0,1346700.0,36.9
2025-05-13,1480.0,1490.5,1450.5,1464.5,869690.0,53.86
2025-05-14,1471.0,1475.0,1427.5,1454.0,631213.0,56.58
2025-05-15,1461.0,1510.0,1447.0,1504.0,945324.0,60.34
2025-05-16,1512.0,1525.0,1497.5,1509.5,695066.0,53.92
2025-05-19,1509.5,1515.0,1453.0,1467.0,811543.0,42.29
2025-05-20,1475.0,1490.0,1432.5,1438.5,783253.0,60.05
2025-05-21,1444.0,1479.0,1440.5,1475.5,672018.0,57.29
2025-05-22,1470.0,1478.5,1450.0,1461.0,593809.0,62.43
2025-05-23,1463.5,1495.0,1447.5,1489.0,759901.0,58.18
2025-05-26,1495.0,1497.0,1468.0,1473.5,682762.0,64.5
2025-05-27,1487.0,1487.0,1425.0,1452.5,1599274.0,28.74
2025-05-28,1455.0,1455.0,1405.5,1433.0,2163499.0,49.64
2025-05-29,1445.0,1456.0,1417.0,1448.0,933946.0,53.01
2025-05-30,1450.0,1460.0,1415.0,1427.5,2388902.0,66.45
2025-06-02,1411.0,1438.9,1400.0,1430.8,1199774.0,59.41
2025-06-03,1431.0,1439.7,1415.0,1425.3,725977.0,62.63
2025-06-04,1420.0,1425.3,1396.1,1410.6,1169720.0,62.47
2025-06-05,1414.9,1481.0,1408.8,1474.4,2207902.0,53.54
2025-06-06,1468.1,1510.6,1468.0,1507.2,1460702.0,65.02
2025-06-09,1510.0,1541.2,1502.4,1519.7,1213694.0,55.18
2025-06-10,1524.0,1550.0,1510.5,1534.9,803990.0,55.11
2025-06-11,1537.0,1539.9,1502.9,1505.9,1787307.0,75.51
2025-06-12,1513.2,1523.0,1462.4,1468.4,872560.0,49.44
2025-06-13,1450.0,1464.7,1435.0,1459.8,707752.0,56.12
2025-06-16,1457.0,1492.0,1452.1,1488.4,814202.0,63.67
2025-06-17,1492.0,1500.2,1470.8,1475.4,579070.0,61.86
2025-06-18,1471.0,1492.1,1460.9,1467.6,462408.0,47.0
2025-06-19,1466.1,1483.1,1458.0,1469.3,681928.0,56.02
2025-06-20,1470.0,1511.4,1469.3,1505.1,2392646.0,68.85
2025-06-23,1490.0,1496.8,1467.9,1482.2,804202.0,54.69
2025-06-24,1496.0,1531.4,1496.0,1505.5,1050554.0,56.94
2025-06-25,1520.9,1534.4,1503.0,1509.6,1007044.0,61.8
2025-06-26,1517.0,1524.0,1484.2,1516.4,980202.0,55.03
2025-06-27,1511.1,1537.2,1492.4,1508.1,5582731.0,78.73
2025-06-30,1522.6,1530.0,1478.5,1488.3,1279001.0,58.93
2025-07-01,1488.3,1496.0,1446.5,1449.5,1499855.0,71.56
2025-07-02,1453.1,1463.8,1430.9,1451.9,1091998.0,61.83
2025-07-03,1459.0,1467.8,1441.0,1445.2,995080.0,63.73
2025-07-04,1451.9,1488.8,1446.0,1486.4,1069466.0,51.92
2025-07-07,1485.0,1489.0,1404.1,1431.1,2352128.0,46.06
2025-07-08,1431.0,1471.0,1431.0,1458.9,1922385.0,56.44
2025-07-09,1456.0,1460.5,1432.0,1447.1,1232488.0,69.25
2025-07-10,1425.9,1435.0,1411.2,1420.1,1335773.0,53.92
2025-07-11,1420.0,1421.6,1371.1,1375.2,2206874.0,58.57
2025-07-14,1375.5,1402.9,1354.0,1399.0,3466969.0,74.42
2025-07-15,1397.0,1407.3,1379.8,1403.2,1554292.0,67.54
2025-07-16,1404.0,1407.0,1386.0,1393.4,708852.0,64.26
2025-07-17,1400.4,1402.7,1377.1,1379.3,653294.0,67.12
2025-07-18,1384.0,1393.4,1358.1,1364.8,1994386.0,70.58
2025-07-21,1364.8,1414.8,1363.2,1399.8,1061489.0,60.52
2025-07-22,1404.0,1467.5,1404.0,1458.8,4076845.0,45.69
2025-07-23,1460.0,1481.0,1459.1,1475.0,1600050.0,64.08
2025-07-24,1468.1,1485.0,1450.6,1457.2,683571.0,60.71
2025-07-25,1451.0,1451.0,1427.0,1436.5,1043310.0,67.19
2025-07-28,1430.0,1431.9,1384.4,1409.5,1778107.0,71.55
2025-07-29,1419.1,1419.1,1375.1,1409.4,1203324.0,51.49
2025-07-30,1390.0,1406.1,1364.7,1395.6,2075877.0,57.16
2025-07-31,1380.0,1400.0,1370.0,1392.3,1082367.0,61.31
2025-08-01,1395.0,1399.9,1364.2,1367.9,432220.0,55.32
2025-08-04,1369.0,1377.4,1359.0,1370.9,2890882.0,81.0
2025-08-05,1372.0,1372.5,1333.0,1341.7,3593587.0,79.89
2025-08-06,1341.7,1345.0,1311.5,1322.4,1704636.0,72.34
2025-08-07,1315.0,1371.0,1311.2,1361.7,1124107.0,46.02
2025-08-08,1361.0,1369.5,1322.3,1332.0,1636607.0,48.91
2025-08-11,1307.9,1341.9,1287.1,1320.6,4245522.0,67.79
2025-08-12,1332.0,1352.5,1311.2,1321.2,2051386.0,58.58
2025-08-13,1325.0,1331.3,1312.5,1325.9,1533006.0,76.54
2025-08-14,1329.0,1385.5,1319.5,1365.4,6756189.0,68.44
2025-08-18,1390.0,1400.1,1350.1,1353.6,1159319.0,54.37
2025-08-19,1359.5,1385.0,1343.6,1380.8,1022673.0,58.63
2025-08-20,1365.0,1398.9,1365.0,1395.5,1593082.0,64.1
2025-08-21,1400.0,1437.8,1387.1,1412.8,2432234.0,60.17
2025-08-22,1418.0,1418.0,1375.2,1380.6,1083516.0,62.32
2025-08-25,1387.5,1420.3,1385.6,1406.1,1646990.0,54.53
2025-08-26,1403.0,1411.2,1384.1,1395.7,1437602.0,69.68
2025-08-28,1410.0,1411.9,1376.0,1386.0,830602.0,65.79
2025-08-29,1390.0,1395.0,1354.5,1358.1,1215734.0,68.07
2025-09-01,1358.1,1377.8,1346.2,1371.7,773237.0,51.21
2025-09-02,1376.6,1390.4,1351.0,1364.5,559228.0,50.44
2025-09-03,1374.1,1374.9,1356.6,1366.4,600553.0,69.76
2025-09-04,1368.9,1380.5,1324.4,1331.8,1350218.0,67.74
2025-09-05,1342.8,1365.5,1329.5,1347.0,967418.0,42.31
2025-09-08,1347.0,1352.9,1325.1,1337.0,515700.0,48.7
2025-09-09,1347.3,1377.2,1340.8,1349.5,1229455.0,47.09
2025-09-10,1358.7,1398.9,1353.8,1385.8,1177741.0,45.56
2025-09-11,1382.5,1383.0,1355.1,1371.9,681007.0,57.66
2025-09-12,1375.1,1380.5,1355.2,1360.6,593993.0,55.65
2025-09-15,1360.0,1374.8,1346.3,1362.8,849889.0,56.93
2025-09-16,1371.0,1371.0,1343.0,1352.4,2612615.0,75.57
2025-09-17,1362.5,1401.9,1360.3,1375.0,2281760.0,51.48
2025-09-18,1380.0,1391.3,1371.8,1384.8,1051506.0,60.41
2025-09-19,1388.0,1388.0,1371.2,1376.1,1100226.0,78.86
2025-09-22,1370.0,1426.0,1365.2,1417.7,2045289.0,60.94
2025-09-23,1422.8,1433.6,1389.0,1393.9,1526034.0,58.77
2025-09-24,1391.0,1405.6,1375.0,1385.3,1082692.0,67.16
2025-09-25,1385.3,1385.4,1351.7,1358.6,1099888.0,63.06
2025-09-26,1358.6,1365.7,1310.0,1316.2,1236310.0,59.58
2025-09-29,1317.9,1332.1,1299.2,1315.8,1577060.0,64.94
2025-09-30,1312.1,1316.6,1299.8,1309.3,1322833.0,69.52
2025-10-01,1309.3,1340.0,1303.2,1338.6,1081395.0,52.57
2025-10-03,1341.0,1342.7,1320.0,1333.9,785507.0,69.67
2025-10-06,1334.0,1393.9,1328.0,1379.9,891973.0,50.05
2025-10-07,1379.9,1390.1,1369.0,1383.6,397410.0,58.88
2025-10-08,1383.6,1388.0,1363.8,1367.5,548172.0,60.93
2025-10-09,1390.0,1393.0,1332.6,1346.5,2141013.0,57.42
2025-10-10,1352.5,1353.3,1331.0,1333.1,462385.0,52.21
2025-10-13,1330.1,1337.1,1317.3,1333.5,529298.0,58.99
2025-10-14,1345.5,1345.5,1320.0,1322.3,825533.0,73.32
2025-10-15,1327.9,1342.8,1326.3,1334.8,584131.0,69.95
2025-10-16,1339.7,1362.9,1333.3,1348.5,595870.0,57.56
2025-10-17,1345.2,1347.0,1323.0,1328.3,904220.0,74.69
2025-10-20,1335.8,1339.0,1308.2,1311.5,692834.0,71.73
2025-10-21,1324.0,1326.0,1312.0,1317.0,52958.0,47.28
2025-10-22,1324.0,1326.0,1312.0,1317.0,52958.0,47.28
2025-10-23,1325.0,1391.5,1322.4,1379.8,2925254.0,57.73
2025-10-24,1380.0,1419.9,1373.8,1377.8,2376373.0,54.57
2025-10-27,1384.6,1391.2,1359.8,1364.7,487437.0,55.24
2025-10-28,1375.7,1393.2,1367.3,1385.7,1412055.0,58.35
2025-10-29,1390.0,1408.2,1383.0,1389.1,1035864.0,55.71
2025-10-30,1389.2,1389.3,1373.4,1384.1,765573.0,65.3
2025-10-31,1384.1,1394.0,1375.0,1378.3,507529.0,65.98
2025-11-03,1375.0,1375.0,1339.1,1359.6,941920.0,53.94
2025-11-04,1366.2,1366.2,1326.5,1338.7,606779.0,62.76
2025-11-05,1366.2,1366.2,1326.5,1338.7,606779.0,62.76
2025-11-06,1325.1,1350.1,1317.3,1326.8,855886.0,61.66
2025-11-07,1321.0,1358.3,1302.1,1345.4,1077290.0,59.48
2025-11-10,1340.0,1353.0,1330.8,1342.4,689807.0,58.33
2025-11-11,1349.0,1349.7,1327.0,1341.0,565605.0,63.34
2025-11-12,1347.6,1382.5,1341.3,1376.4,1917141.0,38.93
2025-11-13,1382.5,1384.0,1331.6,1347.3,1870419.0,50.23
2025-11-14,1345.0,1354.9,1311.5,1323.5,1323927.0,65.38
2025-11-17,1329.0,1337.9,1321.0,1332.2,803936.0,55.45
2025-11-18,1332.2,1333.6,1311.1,1324.9,561417.0,54.51
2025-11-19,1324.9,1364.0,1318.0,1362.2,862715.0,56.98
2025-11-20,1374.0,1374.0,1356.8,1365.4,729780.0,66.34
2025-11-21,1364.0,1364.0,1333.0,1340.4,792639.0,63.77
2025-11-24,1340.9,1365.6,1332.8,1346.3,1774967.0,64.07
2025-11-25,1351.9,1351.9,1325.2,1332.0,608562.0,68.04
2025-11-26,1330.0,1354.2,1325.3,1341.5,590377.0,62.24
2025-11-27,1347.0,1348.0,1315.6,1339.4,977874.0,50.27
2025-11-28,1339.4,1339.4,1320.1,1330.2,655737.0,65.07
2025-12-01,1326.4,1369.0,1326.4,1365.1,939714.0,58.88
2025-12-02,1375.0,1402.8,1354.2,1386.6,2136679.0,37.72
2025-12-03,1374.0,1389.8,1361.5,1377.2,628631.0,50.51
2025-12-04,1371.4,1401.0,1371.3,1396.2,1390101.0,65.29
2025-12-05,1396.9,1398.8,1382.2,1388.7,437945.0,55.04
2025-12-08,1386.7,1391.0,1361.6,1372.1,668131.0,55.17
2025-12-09,1351.6,1379.8,1344.3,1376.3,836641.0,60.34
2025-12-10,1365.5,1379.0,1337.5,1342.8,550667.0,57.56
2025-12-11,1340.0,1356.9,1326.0,1343.5,986073.0,59.57
2025-12-12,1343.7,1379.9,1343.5,1377.7,594311.0,60.01
2025-12-15,1362.6,1371.7,1345.3,1361.6,932411.0,59.62
2025-12-16,1352.5,1365.2,1342.0,1346.9,673471.0,66.66
2025-12-17,1340.0,1366.0,1335.0,1338.2,336409.0,57.38
2025-12-18,1338.2,1347.9,1325.4,1333.7,429181.0,59.63
2025-12-19,1333.9,1345.1,1322.6,1340.8,1059063.0,63.8
2025-12-22,1345.2,1359.4,1340.0,1345.6,388453.0,70.35
2025-12-23,1348.8,1369.3,1333.6,1365.6,484906.0,57.39
2025-12-24,1365.6,1389.0,1362.0,1366.8,560418.0,52.54
2025-12-25,1365.6,1389.0,1362.0,1366.8,560418.0,52.54
2025-12-26,1364.5,1374.0,1359.5,1365.8,371678.0,58.81
2025-12-29,1365.8,1377.5,1350.0,1359.5,327396.0,60.14
2025-12-30,1359.1,1359.1,1330.0,1335.0,443272.0,60.97
2025-12-31,1336.5,1347.3,1331.3,1333.6,808514.0,72.26
2026-01-01,1340.6,1348.0,1329.1,1340.9,249766.0,44.02
2026-01-02,1345.0,1373.5,1335.4,1367.7,323120.0,46.35
2026-01-05,1370.0,1370.9,1333.7,1343.2,664124.0,64.09
2026-01-06,1347.0,1357.0,1325.8,1335.8,701865.0,59.72
2026-01-07,1340.1,1388.7,1339.0,1359.4,2475123.0,54.26
2026-01-08,1366.0,1368.0,1333.0,1337.4,1070292.0,64.22
2026-01-09,1337.4,1343.7,1314.0,1320.3,420573.0,48.8
2026-01-12,1321.1,1327.6,1297.9,1312.9,562354.0,48.86
2026-01-13,1318.6,1335.0,1305.7,1332.4,680921.0,53.75
2026-01-14,1321.0,1332.4,1302.1,1305.8,1122841.0,66.89
2026-01-15,1321.0,1332.4,1302.1,1305.8,1122841.0,66.89
2026-01-16,1306.9,1332.4,1304.0,1329.1,768381.0,53.49
2026-01-19,1320.5,1324.9,1305.4,1317.4,590870.0,62.77
2026-01-20,1311.1,1324.2,1299.3,1304.6,965514.0,68.34
2026-01-21,1290.0,1342.2,1268.9,1332.9,2016669.0,53.08
2026-01-22,1360.0,1388.0,1295.7,1319.5,1290603.0,45.28
2026-01-23,1325.2,1330.7,1296.6,1300.9,458295.0,49.85
2026-01-26,1325.2,1330.7,1296.6,1300.9,458295.0,49.85
2026-01-27,1300.9,1313.9,1260.4,1279.0,1843448.0,59.75
2026-01-28,1280.0,1305.2,1265.0,1299.9,1272598.0,62.17
2026-01-29,1299.9,1301.8,1261.0,1268.3,1625728.0,64.58
2026-01-30,1255.7,1258.8,1242.2,1249.4,2685297.0,69.07
2026-02-02,1250.0,1257.8,1211.0,1237.3,2434794.0,48.98
2026-02-03,1265.0,1305.6,1246.7,1250.7,2093182.0,62.61
2026-02-04,1231.1,1231.1,1162.0,1188.0,4194622.0,51.52
2026-02-05,1188.0,1190.0,1151.6,1166.0,1433736.0,59.12
2026-02-06,1166.0,1169.9,1118.6,1130.4,4100917.0,72.09
2026-02-09,1139.8,1184.4,1131.0,1177.3,1385586.0,46.92
2026-02-10,1181.2,1204.8,1170.6,1194.3,1984470.0,59.73
2026-02-11,1204.5,1204.5,1167.0,1171.7,1456481.0,49.37
2026-02-12,1161.0,1161.5,1128.7,1149.3,1776803.0,55.28
2026-02-13,1138.8,1179.9,1104.2,1141.1,3638049.0,35.9
2026-02-16,1122.0,1151.9,1116.6,1125.2,1106994.0,54.4
2026-02-17,1124.2,1143.0,1115.5,1129.7,999467.0,46.58
2026-02-18,1135.0,1135.0,1096.3,1119.3,2108227.0,49.12
2026-02-19,1119.3,1128.5,1090.0,1094.4,1363289.0,45.53
2026-02-20,1094.4,1098.8,1065.0,1074.8,1770081.0,52.41
2026-02-23,1070.7,1084.9,1054.4,1069.7,2983262.0,70.18
2026-02-24,1064.0,1064.0,1006.1,1017.9,3314462.0,54.93
2026-02-25,1018.4,1049.1,1018.4,1043.2,2557686.0,64.56
2026-02-26,1044.0,1059.7,1037.2,1051.0,1180849.0,57.72
2026-02-27,1056.0,1065.9,1020.0,1029.6,2485232.0,67.6
2026-03-02,994.0,1025.7,992.2,998.5,2665892.0,74.5
2026-03-03,994.0,1025.7,992.2,998.5,2665892.0,74.5
2026-03-04,988.8,1008.0,985.0,999.7,1770489.0,56.87
2026-03-05,1008.0,1021.2,996.2,1015.3,2499934.0,63.83
2026-03-06,1010.4,1021.6,978.0,980.1,1548231.0,60.56
2026-03-09,966.0,987.0,948.4,979.3,1324838.0,53.41
2026-03-10,987.4,988.0,965.6,976.6,817884.0,52.65
2026-03-11,976.6,978.9,951.4,956.5,770663.0,45.78
2026-03-12,947.0,957.1,937.9,955.4,2942812.0,69.33
2026-03-13,948.9,970.1,947.3,952.4,889051.0,49.21
2026-03-16,950.0,955.3,932.2,949.6,2203285.0,60.57
2026-03-17,949.6,973.4,930.5,963.1,2216153.0,59.97
2026-03-18,960.0,1006.0,958.7,994.9,1721809.0,45.1
2026-03-19,978.1,984.7,965.6,970.6,1356584.0,55.28
2026-03-20,974.5,1003.5,971.1,978.2,1956522.0,55.34
2026-03-23,970.0,979.8,954.3,974.7,1489512.0,59.23
2026-03-24,985.0,996.9,962.0,987.4,1408155.0,53.6
2026-03-25,996.0,1030.1,990.0,998.0,1878359.0,53.94
2026-03-26,996.0,1030.1,990.0,998.0,1878359.0,53.94
2026-03-27,989.0,1012.5,983.0,991.4,10369509.0,75.07
2026-03-30,974.1,1009.4,951.3,967.7,2967583.0,46.2
2026-03-31,974.1,1009.4,951.3,967.7,2967583.0,46.2
2026-04-01,984.9,997.5,965.25,985.25,2137122.0,58.36
2026-04-02,976.85,998.9,960.0,993.8,1647880.0,52.84
2026-04-03,976.85,998.9,960.0,993.8,1647880.0,52.84
2026-04-06,998.75,1004.95,980.05,994.3,1355458.0,53.21
2026-04-07,986.1,1009.15,978.2,1005.75,1573502.0,63.99
2026-04-08,1040.0,1040.0,1018.15,1032.7,1747493.0,59.97
2026-04-09,1030.0,1030.0,985.7,1002.4,3794166.0,42.64
2026-04-10,1004.9,1004.9,966.8,990.9,3704112.0,49.66
2026-04-13,979.4,1003.95,968.75,994.65,1105874.0,45.81
2026-04-14,979.4,1003.95,968.75,994.65,1105874.0,45.81
2026-04-15,1003.0,1030.95,1003.0,1028.05,1440167.0,51.29
2026-04-16,1033.05,1056.45,1031.55,1047.7,1321938.0,56.91
2026-04-17,1050.9,1057.5,1040.15,1054.55,1032427.0,54.27
2026-04-20,1054.55,1080.7,1048.2,1067.9,1203100.0,58.23
2026-04-21,1071.0,1080.9,1065.25,1077.7,619652.0,55.56
2026-04-22,1066.0,1077.6,1044.1,1052.7,2100144.0,59.84
2026-04-23,1041.7,1044.95,1014.3,1018.05,2088219.0,55.93
2026-04-24,1015.0,1016.3,979.35,984.95,2114591.0,55.94
2026-04-27,991.2,1023.5,990.95,1000.9,1333360.0,45.82
2026-04-28,1000.6,1014.75,991.45,1004.6,1477347.0,62.55
2026-04-29,1011.8,1021.05,986.3,991.65,2058896.0,60.89
2026-04-30,991.65,995.0,968.25,972.85,1347139.0,62.15
2026-05-01,991.65,995.0,968.25,972.85,1347139.0,62.15
2026-05-04,976.15,991.25,967.65,976.65,724113.0,45.21
2026-05-05,977.0,988.6,959.0,963.95,987377.0,56.69
2026-05-06,970.05,989.0,962.25,981.4,1896598.0,64.63
2026-05-07,988.05,996.0,968.7,981.85,1114882.0,43.93
2026-05-08,981.85,988.8,973.3,978.35,1597738.0,58.17
2026-05-11,978.35,980.95,956.95,961.2,1864026.0,61.98
2026-05-12,958.3,958.3,928.6,930.9,1803634.0,58.3
2026-05-13,930.9,940.9,920.2,927.85,2370054.0,58.68
2026-05-14,926.05,951.8,921.5,937.75,1119252.0,48.05
2026-05-15,938.0,954.9,925.55,928.1,1577568.0,67.89
2026-05-18,922.5,934.1,914.8,925.95,3644001.0,72.97
2026-05-19,926.0,959.45,926.0,933.65,1411851.0,59.9
2026-05-20,926.0,954.0,918.6,942.25,1512310.0,66.22
2026-05-21,941.0,951.3,921.5,926.25,2267419.0,62.33
2026-05-22,932.0,985.0,920.1,960.95,9364081.0,26.89
2026-05-25,964.45,969.35,908.3,938.5,9279351.0,51.63
2026-05-26,938.5,987.0,937.1,980.7,4782697.0,45.28
2026-05-27,987.05,1014.3,979.25,1005.65,2690729.0,50.18
2026-05-28,987.05,1014.3,979.25,1005.65,2690729.0,50.18
2026-05-29,1027.9,1047.8,982.5,995.0,8551128.0,65.0
2026-06-01,1005.0,1018.1,996.85,1004.05,1885527.0,56.58
2026-06-02,995.0,1020.6,980.5,1015.7,2238097.0,55.23
2026-06-03,1010.1,1020.0,989.4,1006.05,2369632.0,53.18
2026-06-04,995.0,1022.35,992.35,1008.85,934260.0,48.69
2026-06-05,1018.9,1019.9,985.35,988.45,1456438.0,52.97
2026-06-08,977.25,1008.15,972.25,999.2,1328261.0,44.81
2026-06-09,1011.85,1011.85,972.4,982.6,915803.0,46.8
2026-06-10,982.6,986.95,965.0,971.25,1186017.0,62.59
2026-06-11,960.5,970.9,949.05,963.8,878016.0,51.83
2026-06-12,970.0,983.9,962.0,972.2,1035001.0,60.49
2026-06-15,989.9,1001.4,977.1,982.45,1077227.0,55.57
2026-06-16,988.0,1003.95,985.35,997.65,1165372.0,56.77
2026-06-17,1016.0,1027.0,1003.25,1017.05,1499058.0,53.28
2026-06-18,1029.0,1029.0,994.1,1006.8,1289480.0,45.76
2026-06-19,987.85,988.5,955.0,984.25,2539070.0,56.58
2026-06-22,985.0,999.6,981.4,984.55,1305758.0,66.67
2026-06-23,1010.0,1024.8,993.0,1011.6,4328910.0,27.81
2026-06-24,1015.15,1023.5,995.4,1009.8,2053511.0,38.58
2026-06-25,1019.5,1019.9,976.3,978.85,4379956.0,70.98
2026-06-26,1019.5,1019.9,976.3,978.85,4379956.0,70.98
2026-06-29,988.75,997.5,983.45,986.8,1396899.0,60.24
2026-06-30,993.5,995.95,970.0,978.0,1437793.0,56.23
2026-07-01,975.0,998.5,974.6,993.55,1002221.0,61.07
2026-07-02,996.95,1044.0,996.95,1026.15,2206568.0,40.35
2026-07-03,1038.0,1055.1,1027.25,1034.65,2016558.0,51.83
2026-07-06,1034.65,1035.25,1012.8,1025.15,1226901.0,54.43
2026-07-07,1032.0,1167.15,1029.0,1159.45,16707549.0,25.64
2026-07-08,1172.0,1217.8,1172.0,1179.0,10975945.0,36.64
2026-07-09,1173.05,1217.75,1168.35,1201.85,4748967.0,50.28
2026-07-10,1215.0,1229.1,1201.1,1204.05,2000844.0,50.85
2026-07-13,1191.0,1206.75,1180.3,1191.05,1659497.0,52.97
2026-07-14,1190.7,1199.85,1175.75,1187.95,712150.0,42.3
2026-07-15,1187.5,1205.9,1175.0,1185.95,1057048.0,51.89
2026-07-16,1191.75,1210.8,1184.2,1207.0,1096469.0,53.43
2026-07-17,1213.3,1220.5,1182.05,1187.25,1669004.0,62.7
2026-07-20,1185.0,1205.65,1181.55,1191.5,3300086.0,69.39
2026-07-21,1194.0,1223.5,1193.95,1207.7,4113918.0,58.26
2026-07-22,1209.0,1209.0,1183.8,1189.3,1736169.0,58.59
2026-07-23,1188.0,1188.0,1155.7,1169.95,857055.0,47.68
2026-07-24,1150.0,1177.5,1140.0,1165.5,1248750.0,50.81
2026-07-27,1171.45,1203.0,1171.45,1194.3,2342436.0,54.96
2026-07-28,1200.0,1252.55,1198.0,1236.15,3902008.0,44.22
2026-07-29,1249.9,1268.9,1237.15,1247.85,1977359.0,56.05
2026-07-30,1248.9,1265.45,1236.0,1244.05,1007603.0,60.65
2026-07-31,1236.0,1236.0,1204.1,1226.25,1990511.0,60.56
2026-08-03,1231.8,1268.8,1231.8,1268.8,937278.0,54.45
2026-08-04,1274.5,1276.8,1251.7,1260.0,1053721.0,57.83
2026-08-05,1265.9,1277.9,1230.5,1242.0,1282107.0,54.0
2026-08-06,1245.0,1257.0,1229.5,1240.0,1210220.0,61.32
2026-08-07,1236.9,1244.0,1222.6,1225.3,747939.0,50.91
2026-08-10,1240.1,1298.5,1236.7,1282.0,5801604.0,39.4
2026-08-11,1297.0,1391.0,1291.1,1360.0,9948602.0,38.07
2026-08-12,1360.1,1364.0,1329.6,1339.0,1787437.0,54.68
2026-08-13,1339.0,1369.4,1336.5,1357.3,1173878.0,49.21
2026-08-14,1365.0,1367.1,1337.0,1343.0,1048678.0,64.46
2026-08-19,1355.0,1378.4,1351.5,1378.4,826319.0,37.92
2026-08-20,1385.3,1390.1,1355.3,1360.9,1278109.0,54.69
2026-08-21,1367.8,1367.8,1345.2,1350.1,600356.0,53.63
2026-08-24,1348.0,1360.0,1336.7,1349.0,1123288.0,66.67
2026-08-25,1345.7,1350.0,1328.1,1350.0,970768.0,53.84
2026-08-26,1349.2,1350.9,1322.0,1323.5,805875.0,65.84
