,Open,High,Low,Close,Volume,DeliveryPct
2016-08-22,645.0,655.0,637.2,644.45,45323.0,
2016-08-23,648.0,654.95,641.0,647.9,39072.0,
2016-08-24,651.0,651.0,639.1,641.95,39903.0,
2016-08-25,642.0,645.0,633.55,640.35,51973.0,
2016-08-26,644.0,644.0,625.5,630.95,88079.0,
2016-08-29,635.5,635.5,600.9,608.05,113656.0,
2016-08-30,617.1,625.15,607.0,619.25,75906.0,
2016-08-31,623.4,626.95,615.55,622.45,60410.0,
2016-09-01,627.5,636.0,618.0,625.25,42083.0,
2016-09-02,620.0,628.85,613.3,618.5,111238.0,
2016-09-06,623.35,627.85,612.0,621.3,117108.0,
2016-09-07,626.95,626.95,610.0,613.4,92801.0,
2016-09-08,610.4,617.4,602.0,605.7,112208.0,
2016-09-09,619.7,638.0,610.5,616.3,148168.0,
2016-09-12,618.8,622.8,610.0,617.1,94739.0,
2016-09-14,620.0,622.95,617.0,619.95,118913.0,
2016-09-15,621.45,621.45,615.05,619.0,49779.0,
2016-09-16,623.0,623.2,607.8,612.6,275659.0,
2016-09-19,619.9,620.0,607.3,613.45,49492.0,
2016-09-20,614.0,620.0,603.55,605.9,98294.0,
2016-09-21,613.35,613.35,598.1,601.15,74356.0,
2016-09-22,602.0,603.95,600.0,601.45,389974.0,
2016-09-23,602.0,604.95,591.8,595.45,130763.0,
2016-09-26,596.9,606.0,596.9,602.2,51011.0,
2016-09-27,602.05,609.1,602.0,604.5,130105.0,
2016-09-28,604.5,625.7,603.95,624.3,89427.0,
2016-09-29,628.0,633.0,607.0,618.95,177957.0,
2016-09-30,612.0,646.7,606.1,640.1,95801.0,
2016-10-03,642.0,645.0,635.35,640.15,63697.0,
2016-10-04,645.25,669.0,636.7,661.4,121193.0,
2016-10-05,666.0,707.0,666.0,695.7,491344.0,
2016-10-06,692.8,697.4,675.0,687.0,128867.0,
2016-10-07,693.25,693.25,665.2,674.9,54358.0,
2016-10-10,677.0,697.0,669.0,676.1,187650.0,
2016-10-13,674.9,694.0,665.05,677.7,121826.0,
2016-10-14,690.0,694.0,676.0,686.65,120473.0,
2016-10-17,685.0,698.05,680.0,685.3,63527.0,
2016-10-18,690.0,695.0,685.0,690.65,87175.0,
2016-10-19,685.1,700.0,685.1,694.85,87720.0,
2016-10-20,695.0,702.0,678.5,684.75,86158.0,
2016-10-21,690.0,690.0,672.25,676.5,47616.0,
2016-10-24,674.0,675.0,652.25,659.9,110965.0,
2016-10-25,665.0,665.0,653.0,658.45,37018.0,
2016-10-26,664.95,664.95,655.0,658.6,29824.0,
2016-10-27,660.0,667.0,648.35,661.15,31549.0,
2016-10-28,662.0,664.85,641.0,644.8,61815.0,
2016-11-01,650.35,665.4,646.25,663.9,45511.0,
2016-11-02,659.85,667.0,653.75,664.3,46395.0,
2016-11-03,661.0,663.0,645.1,653.65,56338.0,
2016-11-04,654.05,658.7,643.0,648.95,35482.0,
2016-11-07,655.0,663.3,649.0,656.2,30490.0,
2016-11-08,663.2,664.9,652.95,662.9,31819.0,
2016-11-09,642.4,659.8,625.0,656.4,81277.0,
2016-11-10,656.4,657.9,630.0,633.85,78412.0,
2016-11-11,638.9,648.25,631.0,640.05,44218.0,
2016-11-15,640.0,640.0,606.0,613.45,186406.0,
2016-11-16,618.05,623.4,603.0,605.5,92941.0,
2016-11-17,614.0,614.0,602.3,606.65,109768.0,
2016-11-18,608.0,618.0,596.0,598.75,154057.0,
2016-11-21,603.0,605.5,584.75,590.55,98389.0,
2016-11-22,595.0,600.55,585.0,590.6,49995.0,
2016-11-23,597.0,597.0,583.15,589.85,44372.0,
2016-11-24,597.5,602.1,588.1,597.1,113066.0,
2016-11-25,601.0,605.0,592.3,603.3,1363182.0,
2016-11-28,614.0,614.0,600.0,602.7,93984.0,
2016-11-29,603.0,606.0,598.6,602.1,118888.0,
2016-11-30,607.0,610.0,604.0,609.35,223362.0,
2016-12-01,607.35,608.0,601.5,605.9,60058.0,
2016-12-02,605.9,605.9,590.7,596.65,31596.0,
2016-12-05,596.7,603.9,584.05,593.65,58429.0,
2016-12-06,594.65,603.0,588.0,599.75,19717.0,
2016-12-07,604.45,604.45,591.55,600.05,33693.0,
2016-12-08,600.05,604.35,591.0,601.9,68068.0,
2016-12-09,604.4,604.4,598.2,600.65,43634.0,
2016-12-12,600.65,602.0,596.0,600.2,15869.0,
2016-12-13,601.9,601.9,597.85,599.75,86498.0,
2016-12-14,601.85,603.05,596.5,601.1,76025.0,
2016-12-15,603.95,616.25,590.0,606.35,121813.0,
2016-12-16,617.1,621.9,609.0,614.4,74804.0,
2016-12-19,619.0,620.0,606.0,607.85,27423.0,
2016-12-20,612.6,612.6,599.05,604.9,85492.0,
2016-12-21,605.95,613.8,601.35,609.9,27832.0,
2016-12-22,610.05,614.0,600.0,603.35,74736.0,
2016-12-23,607.0,607.5,600.0,601.2,28362.0,
2016-12-26,602.0,604.95,591.6,600.85,32025.0,
2016-12-27,604.9,604.9,590.0,598.4,52854.0,
2016-12-28,601.95,621.3,599.95,614.1,51857.0,
2016-12-29,615.0,628.0,612.95,624.55,62254.0,
2016-12-30,629.0,634.9,612.15,616.5,81638.0,
2017-01-02,617.1,630.85,614.0,622.85,34008.0,
2017-01-03,622.85,630.0,620.0,627.8,17330.0,
2017-01-04,625.0,661.5,623.0,646.85,128208.0,
2017-01-05,653.0,654.85,635.0,645.3,40964.0,
2017-01-06,645.0,647.8,631.55,639.9,50055.0,
2017-01-09,639.95,643.85,633.25,636.05,28313.0,
2017-01-10,635.0,636.0,631.45,634.5,20983.0,
2017-01-11,635.0,638.0,624.5,633.3,27689.0,
2017-01-12,635.0,644.65,632.0,634.95,36781.0,
2017-01-13,645.0,645.0,621.4,634.4,77508.0,
2017-01-16,632.65,638.5,617.5,620.6,81951.0,
2017-01-17,624.05,632.9,617.0,628.15,38191.0,
2017-01-18,628.8,637.0,620.0,633.0,59361.0,
2017-01-19,635.05,637.8,630.15,633.8,80622.0,
2017-01-20,632.05,636.35,621.2,631.1,48061.0,
2017-01-23,616.05,627.0,601.0,612.35,187689.0,
2017-01-24,621.8,621.8,610.0,619.1,190222.0,
2017-01-25,626.85,626.85,610.3,616.35,106308.0,
2017-01-27,617.05,619.75,601.15,605.9,161871.0,
2017-01-30,605.9,611.35,599.0,600.9,128782.0,
2017-01-31,602.1,602.1,590.0,594.55,176168.0,
2017-02-01,599.8,599.8,580.0,586.0,110233.0,
2017-02-02,590.0,598.0,586.0,597.1,52909.0,
2017-02-03,599.0,600.0,590.55,598.25,44777.0,
2017-02-06,599.5,604.0,596.0,599.9,42685.0,
2017-02-07,600.0,603.8,595.0,601.25,55741.0,
2017-02-08,605.0,605.7,597.55,604.55,62130.0,
2017-02-09,608.7,618.0,586.4,615.85,149798.0,
2017-02-10,619.0,620.85,607.0,612.5,51488.0,
2017-02-13,607.5,627.8,607.5,623.5,56328.0,
2017-02-14,627.0,630.0,621.0,627.95,47600.0,
2017-02-15,626.95,626.95,610.0,622.0,34463.0,
2017-02-16,615.5,633.0,615.5,629.8,42631.0,
2017-02-17,631.0,631.0,626.0,629.45,42165.0,
2017-02-20,630.0,630.5,626.4,630.2,36872.0,
2017-02-21,631.35,634.85,629.05,632.2,78564.0,
2017-02-22,634.9,634.9,615.05,630.65,118658.0,
2017-02-23,630.0,634.2,621.0,623.8,15906.0,
2017-02-27,625.05,632.5,615.5,629.5,33839.0,
2017-02-28,627.7,649.0,623.05,636.35,155610.0,
2017-03-01,644.7,645.0,626.25,640.4,140198.0,
2017-03-02,645.0,645.0,626.35,638.3,43488.0,
2017-03-03,634.95,644.0,627.95,640.8,38084.0,
2017-03-06,641.5,642.0,621.5,624.05,34323.0,
2017-03-07,624.05,632.9,610.65,622.4,69428.0,
2017-03-08,616.35,626.2,614.0,616.35,33855.0,
2017-03-09,621.85,624.75,614.95,620.25,31587.0,
2017-03-10,620.0,623.9,611.0,613.95,27305.0,
2017-03-14,623.95,631.25,615.7,624.8,50961.0,
2017-03-15,625.0,636.0,619.0,633.85,107010.0,
2017-03-16,633.9,636.0,625.95,633.05,71733.0,
2017-03-17,631.2,640.0,625.0,637.9,80687.0,
2017-03-20,630.5,635.0,625.15,629.85,57005.0,
2017-03-21,634.0,634.0,621.35,625.65,80778.0,
2017-03-22,623.0,628.75,611.5,614.7,155671.0,
2017-03-23,620.0,620.0,602.55,604.6,549849.0,
2017-03-24,602.1,608.5,600.55,602.5,326555.0,
2017-03-27,606.0,606.0,590.15,595.7,96363.0,
2017-03-28,601.95,601.95,591.0,595.35,364207.0,
2017-03-29,607.0,612.8,599.0,600.9,220977.0,
2017-03-30,595.55,601.5,595.55,599.8,240132.0,
2017-03-31,600.0,602.9,590.15,595.7,271364.0,
2017-04-03,602.1,602.1,585.95,588.4,128790.0,
2017-04-05,587.95,591.2,580.1,582.75,227951.0,
2017-04-06,586.0,586.0,575.1,577.15,184876.0,
2017-04-07,580.0,580.0,568.55,569.5,158551.0,
2017-04-10,569.5,569.5,559.0,564.55,286476.0,
2017-04-11,563.25,565.95,559.0,564.0,438479.0,
2017-04-12,568.7,573.8,564.0,566.45,92354.0,
2017-04-13,566.5,569.6,562.0,565.25,81037.0,
2017-04-17,570.0,579.45,564.15,567.3,104512.0,
2017-04-18,569.0,572.0,565.1,567.95,76137.0,
2017-04-19,573.95,573.95,561.0,563.6,205073.0,
2017-04-20,561.05,570.95,561.05,567.95,69438.0,
2017-04-21,574.75,574.75,563.0,564.9,84778.0,
2017-04-24,563.0,570.0,562.0,564.15,120325.0,
2017-04-25,563.1,571.9,563.05,568.1,136594.0,
2017-04-26,570.0,585.0,566.6,580.85,684797.0,
2017-04-27,589.0,593.75,580.0,581.1,207379.0,
2017-04-28,594.0,594.0,584.05,585.7,278151.0,
2017-05-02,589.8,593.8,583.1,586.55,296519.0,
2017-05-03,587.95,588.95,573.0,574.5,233308.0,
2017-05-04,576.0,586.9,570.0,582.4,284080.0,
2017-05-05,575.5,588.0,575.5,584.2,161778.0,
2017-05-08,584.2,588.8,580.0,583.0,50743.0,
2017-05-09,587.9,587.9,575.9,579.25,83822.0,
2017-05-10,579.25,585.95,579.25,584.1,156810.0,
2017-05-11,587.0,587.0,580.25,584.35,111616.0,
2017-05-12,583.0,589.95,580.35,585.7,514252.0,
2017-05-15,589.8,589.8,580.3,584.2,120212.0,
2017-05-16,584.15,585.85,580.0,584.85,206196.0,
2017-05-17,586.0,586.0,581.0,585.0,51373.0,
2017-05-18,582.05,587.0,573.6,584.0,164305.0,
2017-05-19,584.0,584.0,573.0,577.45,54087.0,
2017-05-22,577.45,581.0,577.0,579.7,42692.0,
2017-05-23,578.0,580.0,565.15,576.45,158191.0,
2017-05-24,578.0,582.75,573.1,580.75,78635.0,
2017-05-25,581.95,584.9,575.05,583.8,33629.0,
2017-05-26,585.0,587.45,580.05,585.35,40664.0,
2017-05-29,585.0,585.05,575.0,579.55,28252.0,
2017-05-30,577.0,606.0,569.35,600.6,146310.0,
2017-05-31,603.95,627.0,603.95,606.45,1813640.0,
2017-06-01,607.0,614.8,606.0,608.05,72395.0,
2017-06-02,609.75,613.7,593.9,608.65,98163.0,
2017-06-05,609.0,610.9,584.3,601.55,99914.0,
2017-06-06,602.0,634.0,602.0,621.5,493320.0,
2017-06-07,626.7,640.9,622.65,631.35,532359.0,
2017-06-08,639.0,641.35,632.05,637.75,164361.0,
2017-06-09,639.9,639.9,621.05,632.1,71474.0,
2017-06-12,632.1,660.0,630.3,656.15,240436.0,
2017-06-13,658.0,664.9,653.1,661.5,126325.0,
2017-06-14,655.0,664.65,648.05,655.05,96652.0,
2017-06-15,650.1,663.5,645.0,660.55,259115.0,
2017-06-16,662.7,676.95,662.65,669.95,278339.0,
2017-06-19,671.45,685.2,671.45,678.65,167010.0,
2017-06-20,681.0,688.85,673.0,681.9,102155.0,
2017-06-21,685.0,686.95,675.2,681.9,58429.0,
2017-06-22,683.8,684.0,647.0,656.7,1503938.0,
2017-06-23,661.0,665.0,652.6,660.7,157760.0,
2017-06-27,665.8,665.8,640.0,644.6,80790.0,
2017-06-28,645.65,659.9,641.0,650.8,42454.0,
2017-06-29,651.0,671.95,651.0,663.5,80467.0,
2017-06-30,660.95,692.0,660.95,682.15,210941.0,
2017-07-03,688.0,689.25,665.0,669.4,111982.0,
2017-07-04,671.05,685.0,667.0,678.35,72978.0,
2017-07-05,695.0,695.0,673.35,684.75,226548.0,
2017-07-06,689.9,689.9,670.35,673.6,53967.0,
2017-07-07,673.6,679.4,665.0,667.6,32748.0,
2017-07-10,650.0,677.0,650.0,663.7,13510.0,
2017-07-11,667.5,676.0,659.0,663.15,58036.0,
2017-07-12,662.8,667.5,656.8,659.8,30990.0,
2017-07-13,660.05,664.4,651.8,654.15,46059.0,
2017-07-14,651.3,660.0,647.0,652.1,44597.0,
2017-07-17,653.0,655.45,645.5,652.8,30284.0,
2017-07-18,650.1,661.0,641.3,659.8,49165.0,
2017-07-19,664.95,664.95,652.55,663.2,42034.0,
2017-07-20,663.2,675.0,651.1,655.2,57439.0,
2017-07-21,669.0,669.0,653.0,658.5,77885.0,
2017-07-24,664.0,664.0,632.0,634.5,893331.0,
2017-07-25,641.5,646.0,635.0,644.45,80093.0,
2017-07-26,647.7,655.0,634.0,638.65,59679.0,
2017-07-27,636.0,652.8,632.0,647.2,75070.0,
2017-07-28,644.0,648.5,643.4,644.95,92534.0,
2017-07-31,650.0,651.95,640.05,646.6,111197.0,
2017-08-01,650.9,651.75,641.7,644.0,259947.0,
2017-08-02,644.0,648.9,636.05,646.35,27930.0,
2017-08-03,642.15,647.5,632.0,634.9,92849.0,
2017-08-04,632.15,643.0,632.15,637.9,50863.0,
2017-08-07,638.0,638.0,620.05,621.6,39710.0,
2017-08-08,620.0,624.05,610.55,615.55,68090.0,
2017-08-09,605.55,620.0,604.0,605.95,56075.0,
2017-08-10,612.5,619.45,599.8,615.05,87123.0,
2017-08-11,610.85,613.75,601.2,610.5,32306.0,
2017-08-14,619.85,619.85,602.6,610.35,42224.0,
2017-08-16,612.0,639.45,610.0,625.2,230601.0,
2017-08-17,625.2,631.65,611.05,616.85,30206.0,
2017-08-18,610.0,625.9,610.0,623.3,29770.0,
2017-08-21,630.0,631.55,625.0,628.15,49171.0,
2017-08-22,629.0,629.0,616.4,620.05,49151.0,
2017-08-23,621.1,625.0,611.2,619.1,204235.0,
2017-08-24,625.0,625.0,605.8,616.65,397981.0,
2017-08-28,623.0,635.1,608.0,628.8,35063.0,
2017-08-29,625.0,629.0,618.5,620.5,145510.0,
2017-08-30,618.25,626.7,615.15,616.6,33218.0,
2017-08-31,616.0,625.0,612.5,622.4,68761.0,
2017-09-01,622.4,624.5,612.0,621.85,32373.0,
2017-09-04,624.5,624.5,610.2,612.15,23456.0,
2017-09-05,610.05,615.9,605.7,611.3,41368.0,
2017-09-06,610.0,612.4,598.0,599.7,47349.0,
2017-09-07,599.7,622.9,599.7,617.0,113092.0,
2017-09-08,617.0,619.7,610.2,613.9,20658.0,
2017-09-11,619.7,619.7,606.25,609.05,35047.0,
2017-09-12,618.0,625.0,610.75,622.4,39185.0,
2017-09-13,626.0,626.0,612.15,617.15,47623.0,
2017-09-14,620.0,624.0,610.4,620.1,80052.0,
2017-09-15,620.0,638.95,618.0,630.25,93100.0,
2017-09-18,630.5,648.0,630.5,634.15,80764.0,
2017-09-19,635.0,636.75,626.15,629.25,18053.0,
2017-09-20,626.0,639.8,626.0,633.25,62228.0,
2017-09-21,635.0,642.0,633.6,640.15,44659.0,
2017-09-22,639.45,644.0,634.5,642.2,57028.0,
2017-09-25,642.0,644.0,621.55,637.4,32536.0,
2017-09-26,631.55,660.0,631.55,651.3,69725.0,
2017-09-27,653.2,661.7,646.5,649.35,53159.0,
2017-09-28,650.0,652.85,640.0,643.7,14949.0,
2017-09-29,650.0,671.55,646.95,669.8,112538.0,
2017-10-03,668.2,685.0,652.25,663.05,49562.0,
2017-10-04,663.1,669.95,629.0,633.25,88717.0,
2017-10-05,637.0,644.0,634.1,639.85,66067.0,
2017-10-06,635.05,654.9,635.05,648.75,28702.0,
2017-10-09,641.15,659.2,641.15,649.05,38447.0,
2017-10-10,646.15,665.0,646.15,661.45,74282.0,
2017-10-11,661.45,666.75,651.55,658.15,158717.0,
2017-10-12,662.5,665.0,652.55,655.05,208939.0,
2017-10-13,660.0,666.0,655.0,658.2,45312.0,
2017-10-16,659.05,668.5,650.0,664.95,57901.0,
2017-10-17,670.4,680.0,657.6,660.0,173492.0,
2017-10-18,657.1,662.5,651.1,652.6,198048.0,
2017-10-19,660.0,670.0,660.0,666.95,27343.0,
2017-10-23,664.05,670.0,651.65,667.7,184779.0,
2017-10-24,667.7,668.0,651.0,655.6,45011.0,
2017-10-25,660.0,665.0,652.0,656.75,55467.0,
2017-10-26,660.0,663.0,650.4,657.0,56084.0,
2017-10-27,662.5,664.7,652.1,653.65,72522.0,
2017-10-30,654.05,664.9,641.15,645.4,104824.0,
2017-10-31,651.0,654.8,644.45,651.8,59697.0,
2017-11-01,658.95,660.35,655.0,657.9,55915.0,
2017-11-02,660.0,664.85,652.5,654.75,59438.0,
2017-11-03,661.95,661.95,647.0,654.85,41898.0,
2017-11-06,648.25,660.4,646.0,649.2,44888.0,
2017-11-07,648.25,662.0,645.25,651.0,77893.0,
2017-11-08,650.0,661.0,641.0,649.0,68843.0,
2017-11-09,647.0,665.0,647.0,663.05,55817.0,
2017-11-10,663.1,665.0,642.1,649.4,63600.0,
2017-11-13,650.0,658.25,640.1,644.1,68175.0,
2017-11-14,641.85,652.85,641.85,644.35,186885.0,
2017-11-15,640.0,650.0,640.0,644.95,23341.0,
2017-11-16,645.1,653.35,638.55,642.9,25802.0,
2017-11-17,648.8,654.7,643.8,646.0,65445.0,
2017-11-20,648.0,655.0,646.0,649.5,34188.0,
2017-11-21,653.5,664.9,646.0,653.05,124313.0,
2017-11-22,652.0,659.35,650.1,654.45,33870.0,
2017-11-23,653.05,658.9,653.0,654.65,25495.0,
2017-11-24,656.0,658.65,647.0,651.05,38148.0,
2017-11-27,651.0,662.0,646.2,653.9,83319.0,
2017-11-28,650.05,656.9,644.6,646.0,35644.0,
2017-11-29,647.7,657.5,642.45,650.0,59777.0,
2017-11-30,650.0,656.5,646.0,654.25,112287.0,
2017-12-01,652.0,663.95,650.0,654.4,194791.0,
2017-12-04,659.9,661.8,646.25,652.05,34608.0,
2017-12-05,657.5,657.5,646.0,648.2,30434.0,
2017-12-06,646.0,650.0,643.5,649.0,35734.0,
2017-12-07,652.0,655.95,638.0,647.2,92713.0,
2017-12-08,647.2,650.0,642.0,646.3,54042.0,
2017-12-11,648.0,651.0,645.0,649.05,34153.0,
2017-12-12,647.05,650.5,645.7,645.85,121946.0,
2017-12-13,646.05,653.35,640.0,641.7,55884.0,
2017-12-14,640.3,650.8,640.0,649.55,30491.0,
2017-12-15,641.55,650.35,641.55,648.65,46375.0,
2017-12-18,640.0,650.0,638.0,648.15,14476.0,
2017-12-19,647.0,656.4,647.0,654.4,60966.0,
2017-12-20,656.0,657.0,646.0,647.15,37850.0,
2017-12-21,647.05,653.4,647.05,649.5,75985.0,
2017-12-22,650.0,651.5,648.0,649.9,62768.0,
2017-12-26,652.0,699.75,649.0,692.4,395920.0,
2017-12-27,688.25,705.0,676.25,680.9,307369.0,
2017-12-28,679.2,717.0,679.2,697.4,320056.0,
2017-12-29,706.0,723.05,699.8,718.0,210920.0,
2018-01-01,720.0,726.0,705.05,711.8,101524.0,
2018-01-02,717.0,719.35,702.35,709.15,218408.0,
2018-01-03,705.1,709.95,693.65,696.0,53701.0,
2018-01-04,697.05,714.5,694.1,708.5,246895.0,
2018-01-05,710.0,725.4,709.95,719.6,382387.0,
2018-01-08,722.0,730.0,710.2,718.6,252901.0,
2018-01-09,721.8,748.2,718.1,742.6,486024.0,
2018-01-10,746.9,750.0,736.0,743.85,419518.0,
2018-01-11,752.9,755.0,746.1,751.5,352401.0,
2018-01-12,754.95,784.1,750.9,779.6,441130.0,
2018-01-15,777.0,792.0,743.25,746.45,154430.0,
2018-01-16,750.0,770.0,745.9,754.15,300220.0,
2018-01-17,758.15,784.9,755.0,770.25,244373.0,
2018-01-18,767.25,776.05,744.85,752.3,90333.0,
2018-01-19,747.0,774.9,747.0,769.1,143252.0,
2018-01-22,772.7,818.0,753.85,788.9,716817.0,
2018-01-23,796.85,817.6,790.0,793.75,238518.0,
2018-01-24,796.8,801.0,776.0,789.95,277289.0,
2018-01-25,783.0,795.5,777.1,790.65,336861.0,
2018-01-29,800.0,815.0,770.0,782.1,809556.0,
2018-01-30,789.0,795.95,774.0,780.55,205287.0,
2018-01-31,781.05,799.8,778.55,787.85,646927.0,
2018-02-01,787.85,792.5,770.0,784.15,274247.0,
2018-02-02,786.0,802.75,650.0,784.3,261413.0,
2018-02-05,746.3,784.45,746.3,770.4,66014.0,
2018-02-06,758.7,790.95,730.0,784.6,258039.0,
2018-02-07,784.6,790.0,750.2,758.85,53521.0,
2018-02-08,758.0,799.8,758.0,794.1,409554.0,
2018-02-09,779.0,800.9,770.0,796.3,130234.0,
2018-02-12,798.9,800.0,780.0,783.3,78955.0,
2018-02-14,786.45,800.0,785.55,793.75,67204.0,
2018-02-15,799.0,799.9,770.1,775.4,58023.0,
2018-02-16,782.0,783.9,760.0,764.35,48859.0,
2018-02-19,763.05,768.6,741.0,749.45,60968.0,
2018-02-20,754.95,755.6,742.0,749.55,66034.0,
2018-02-21,751.25,778.8,747.05,759.05,76259.0,
2018-02-22,767.7,799.45,764.0,782.35,348034.0,
2018-02-23,783.1,827.8,783.1,821.8,818220.0,
2018-02-26,832.0,875.0,823.95,867.65,843558.0,
2018-02-27,866.0,878.0,835.55,847.3,607962.0,
2018-02-28,836.65,860.0,820.1,855.25,276190.0,
2018-03-01,854.9,864.0,829.85,834.8,97931.0,
2018-03-05,831.0,834.0,814.95,821.05,133943.0,
2018-03-06,834.0,848.6,822.8,834.2,165157.0,
2018-03-07,829.0,851.0,822.7,836.15,155853.0,
2018-03-08,841.65,848.6,820.2,833.8,70307.0,
2018-03-09,836.05,841.55,817.0,820.35,80582.0,
2018-03-12,833.15,836.7,822.8,826.5,377461.0,
2018-03-13,825.0,867.0,820.5,849.95,508220.0,
2018-03-14,849.2,852.0,832.05,840.1,101739.0,
2018-03-15,848.7,857.7,840.0,844.35,61678.0,
2018-03-16,845.0,849.8,805.0,816.0,80629.0,
2018-03-19,810.25,818.8,789.0,802.3,82012.0,
2018-03-20,792.35,813.0,792.35,811.2,76588.0,
2018-03-21,815.0,825.0,792.0,799.8,83364.0,
2018-03-22,801.1,806.5,774.95,787.9,167786.0,
2018-03-23,769.0,816.0,763.55,782.95,133452.0,
2018-03-26,792.05,805.0,770.0,779.05,94797.0,
2018-03-27,779.9,803.75,779.0,784.1,115906.0,
2018-03-28,720.0,734.25,688.0,694.05,1429238.0,
2018-04-02,705.0,714.5,683.0,687.25,385939.0,
2018-04-03,689.05,701.0,670.1,674.2,250698.0,
2018-04-04,679.0,685.05,656.5,676.75,308545.0,
2018-04-05,689.0,689.0,670.0,675.3,167552.0,
2018-04-06,675.45,688.0,670.0,681.0,120329.0,
2018-04-09,685.9,686.9,669.5,674.25,324715.0,
2018-04-10,674.0,686.7,670.05,671.4,234592.0,
2018-04-11,671.45,676.0,657.0,662.6,168014.0,
2018-04-12,664.8,679.1,660.6,673.35,120109.0,
2018-04-13,675.35,696.95,673.55,688.6,199836.0,
2018-04-16,680.15,687.7,677.3,684.6,184823.0,
2018-04-17,684.9,687.75,682.0,685.1,54132.0,
2018-04-18,685.15,692.5,671.0,676.65,319402.0,
2018-04-19,676.65,711.45,671.0,699.8,243560.0,
2018-04-20,695.0,740.95,695.0,733.95,492208.0,
2018-04-23,732.8,780.6,732.8,746.75,530189.0,
2018-04-24,748.0,761.9,712.75,726.3,294017.0,
2018-04-25,726.65,775.0,726.65,768.45,1267348.0,
2018-04-26,776.9,779.55,765.1,775.05,418780.0,
2018-04-27,780.9,781.0,748.0,775.35,186183.0,
2018-04-30,780.95,825.0,767.0,807.65,668133.0,
2018-05-02,810.0,813.8,761.1,774.9,156919.0,
2018-05-03,781.55,804.0,761.95,779.75,175709.0,
2018-05-04,783.95,795.0,762.0,775.85,127583.0,
2018-05-07,785.0,788.9,773.35,780.7,115328.0,
2018-05-08,781.1,786.05,765.0,769.9,96143.0,
2018-05-09,770.0,781.95,770.0,778.75,92447.0,
2018-05-10,780.0,787.8,756.1,776.0,114890.0,
2018-05-11,776.0,809.75,772.6,804.0,456752.0,
2018-05-14,800.0,815.0,793.0,797.8,151585.0,
2018-05-15,807.8,807.8,780.0,783.45,56593.0,
2018-05-16,784.35,812.0,784.0,801.6,386554.0,
2018-05-17,798.35,839.0,798.35,806.45,540809.0,
2018-05-18,809.9,814.8,783.05,794.4,121235.0,
2018-05-21,796.95,805.0,775.0,802.6,124751.0,
2018-05-22,802.6,830.0,790.0,823.55,153977.0,
2018-05-23,824.75,851.1,820.25,827.35,443470.0,
2018-05-24,833.95,868.0,831.0,843.4,364165.0,
2018-05-25,847.0,860.0,828.0,836.1,175950.0,
2018-05-28,841.95,842.35,792.6,808.2,117867.0,
2018-05-29,808.0,838.0,808.0,833.95,101887.0,
2018-05-30,830.0,837.85,816.25,828.95,67227.0,
2018-05-31,836.0,836.0,772.7,788.05,111631.0,
2018-06-01,804.75,825.0,774.95,787.75,187169.0,
2018-06-04,796.0,800.6,770.0,775.05,61251.0,
2018-06-05,777.0,779.3,733.25,759.35,158873.0,
2018-06-06,760.05,779.0,741.05,758.5,66678.0,
2018-06-07,760.1,779.35,760.0,768.55,101185.0,
2018-06-08,766.65,777.0,756.5,766.85,148863.0,
2018-06-11,762.05,802.0,762.05,792.95,114309.0,
2018-06-12,794.8,829.0,793.35,827.2,196342.0,
2018-06-13,821.1,833.95,806.0,809.95,69784.0,
2018-06-14,813.0,825.0,805.9,823.1,105051.0,
2018-06-15,823.0,832.55,805.75,811.3,73779.0,
2018-06-18,812.2,825.0,806.25,812.3,132256.0,
2018-06-19,811.4,843.4,809.75,826.7,262029.0,
2018-06-20,827.0,835.05,802.2,814.6,79813.0,
2018-06-21,814.6,833.4,812.9,823.4,123869.0,
2018-06-22,823.55,844.95,822.35,831.8,214981.0,
2018-06-25,830.0,842.6,814.1,826.7,160343.0,
2018-06-26,826.75,830.0,814.0,823.05,51853.0,
2018-06-27,825.9,830.0,781.35,799.75,102322.0,
2018-06-28,803.35,804.75,780.0,782.8,42760.0,
2018-06-29,786.65,815.0,786.55,811.45,63461.0,
2018-07-02,817.9,822.0,790.0,800.75,67754.0,
2018-07-03,795.0,819.0,795.0,808.0,289107.0,
2018-07-04,812.45,837.0,806.75,829.3,241475.0,
2018-07-05,829.2,830.05,815.05,820.45,69194.0,
2018-07-06,820.0,840.0,820.0,836.55,111456.0,
2018-07-09,840.35,874.0,827.1,851.65,312420.0,
2018-07-10,858.0,872.35,850.05,856.95,254986.0,
2018-07-11,859.6,865.0,832.85,844.05,126385.0,
2018-07-12,846.3,858.0,827.6,844.15,719382.0,
2018-07-13,845.0,849.25,811.05,819.4,130788.0,
2018-07-16,824.85,845.0,801.0,811.25,403266.0,
2018-07-17,811.9,838.0,811.3,823.65,157235.0,
2018-07-18,829.8,839.0,823.9,834.3,248073.0,
2018-07-19,836.95,836.95,815.0,826.15,117885.0,
2018-07-20,825.95,837.0,808.5,824.05,137069.0,
2018-07-23,827.05,847.9,825.4,841.0,98077.0,
2018-07-24,846.9,860.0,842.5,848.45,113423.0,
2018-07-25,854.25,870.0,833.6,838.45,179087.0,
2018-07-26,841.8,869.0,838.0,847.8,121951.0,
2018-07-27,847.8,851.95,817.05,834.55,265001.0,
2018-07-30,865.0,871.6,817.0,827.85,351341.0,
2018-07-31,819.95,843.15,816.8,835.45,125374.0,
2018-08-01,835.5,842.8,828.15,831.2,87966.0,
2018-08-02,832.0,840.0,810.7,831.3,97089.0,
2018-08-03,828.05,840.0,828.05,834.1,107894.0,
2018-08-06,840.0,867.7,840.0,855.1,668756.0,
2018-08-07,861.0,868.4,844.0,861.85,138374.0,
2018-08-08,866.75,875.0,838.05,842.25,388141.0,
2018-08-09,847.3,857.5,833.5,840.35,115772.0,
2018-08-10,840.05,854.0,840.05,849.35,75151.0,
2018-08-13,849.0,856.4,842.0,851.8,149455.0,
2018-08-14,853.75,889.9,852.25,868.05,397625.0,
2018-08-16,868.85,882.45,865.0,867.8,242688.0,
2018-08-17,879.0,881.7,863.25,871.75,224125.0,
2018-08-20,873.15,876.15,867.2,871.15,110690.0,
2018-08-21,873.0,875.25,846.0,848.6,182430.0,
2018-08-23,848.6,874.95,848.6,872.6,213774.0,
2018-08-24,875.95,875.95,860.25,863.85,197534.0,
2018-08-27,868.0,868.0,844.0,848.45,103594.0,
2018-08-28,852.0,865.95,840.1,847.15,103216.0,
2018-08-29,849.0,859.55,836.0,839.7,196371.0,
2018-08-30,842.0,853.75,836.1,842.0,104231.0,
2018-08-31,844.2,844.2,816.75,827.6,229016.0,
2018-09-03,834.0,850.0,827.0,837.15,101505.0,
2018-09-04,848.95,858.0,836.0,839.55,245654.0,
2018-09-05,842.9,845.8,799.0,804.0,295881.0,
2018-09-06,810.5,853.75,810.05,846.45,443527.0,
2018-09-07,853.0,874.0,852.0,869.6,347666.0,
2018-09-10,867.2,915.0,863.15,885.0,610705.0,
2018-09-11,895.0,903.95,865.2,877.3,262856.0,
2018-09-12,882.3,887.0,837.35,841.35,272391.0,
2018-09-14,848.1,867.15,841.6,847.75,205192.0,
2018-09-17,850.0,858.5,845.1,847.85,86895.0,
2018-09-18,846.0,855.0,828.0,832.0,149390.0,
2018-09-19,838.6,838.6,817.65,824.75,126973.0,
2018-09-21,830.7,840.0,795.35,811.55,193843.0,
2018-09-24,815.2,840.0,802.0,814.95,123513.0,
2018-09-25,815.25,829.6,795.25,809.5,99724.0,
2018-09-26,811.35,828.65,782.6,792.8,183466.0,
2018-09-27,796.45,810.0,775.0,779.3,156300.0,
2018-09-28,783.0,798.65,771.25,788.4,254902.0,
2018-10-01,783.5,787.95,752.0,758.2,212997.0,
2018-10-03,763.0,763.0,717.5,739.95,338067.0,
2018-10-04,732.9,735.0,710.45,716.9,267290.0,
2018-10-05,716.9,725.0,708.05,713.3,220943.0,
2018-10-08,713.0,738.35,707.75,716.9,278447.0,
2018-10-09,717.0,729.9,711.55,713.75,136409.0,
2018-10-10,719.1,719.1,685.5,694.75,421647.0,
2018-10-11,680.0,696.0,670.05,686.15,146851.0,
2018-10-12,690.0,721.0,685.25,688.55,80147.0,
2018-10-15,692.6,718.75,672.6,675.3,369677.0,
2018-10-16,679.5,698.05,679.5,692.05,205478.0,
2018-10-17,699.85,707.75,684.0,686.15,98229.0,
2018-10-19,684.0,696.0,658.0,660.85,121297.0,
2018-10-22,602.2,629.0,536.0,559.55,2486433.0,
2018-10-23,575.8,577.0,538.2,553.65,902299.0,
2018-10-24,559.9,579.45,555.15,572.55,381120.0,
2018-10-25,567.0,567.0,548.25,559.15,232609.0,
2018-10-26,559.0,562.35,549.0,556.7,201355.0,
2018-10-29,566.5,566.5,549.0,551.7,173990.0,
2018-10-30,555.65,563.0,550.35,555.2,173904.0,
2018-10-31,558.0,583.0,553.9,566.4,415599.0,
2018-11-01,569.0,569.0,558.0,559.2,275336.0,
2018-11-02,562.95,566.45,557.2,560.25,150650.0,
2018-11-05,560.25,566.5,555.0,563.15,123794.0,
2018-11-06,566.15,566.15,557.8,559.35,110230.0,
2018-11-07,564.05,570.0,562.05,567.8,21867.0,
2018-11-09,567.8,570.45,557.35,559.2,146749.0,
2018-11-12,563.9,567.9,549.0,550.4,129246.0,
2018-11-13,549.8,549.9,532.3,539.35,317614.0,
2018-11-14,544.75,549.7,535.3,544.3,140091.0,
2018-11-15,546.8,546.8,535.1,537.75,147280.0,
2018-11-16,538.0,559.75,533.1,552.25,163005.0,
2018-11-19,563.55,563.55,540.0,558.75,120868.0,
2018-11-20,557.0,558.0,543.25,551.35,152419.0,
2018-11-21,550.5,551.45,536.4,540.7,169614.0,
2018-11-22,544.0,560.8,541.0,554.05,198375.0,
2018-11-26,554.95,570.0,543.25,564.3,134927.0,
2018-11-27,563.7,567.45,558.0,565.0,389434.0,
2018-11-28,565.0,610.0,565.0,602.1,794634.0,
2018-11-29,603.65,608.95,580.0,596.4,281846.0,
2018-11-30,597.9,610.0,582.05,605.55,199348.0,
2018-12-03,608.1,613.9,601.95,604.4,203815.0,
2018-12-04,602.15,614.0,602.15,608.2,97466.0,
2018-12-05,607.7,610.2,601.15,605.6,203801.0,
2018-12-06,604.95,607.15,600.0,604.55,86623.0,
2018-12-07,601.1,614.65,601.1,612.15,74075.0,
2018-12-10,602.0,609.95,591.4,595.25,89756.0,
2018-12-11,594.0,630.0,590.0,610.05,165444.0,
2018-12-12,614.95,627.0,605.0,615.15,348961.0,
2018-12-13,619.0,629.35,611.0,617.05,110174.0,
2018-12-14,619.9,619.9,607.05,613.1,104322.0,
2018-12-17,608.0,612.45,603.0,609.0,64825.0,
2018-12-18,609.0,618.0,607.5,616.2,48231.0,
2018-12-19,620.0,620.9,609.7,616.8,135732.0,
2018-12-20,612.0,617.25,608.0,611.75,200556.0,
2018-12-21,611.0,615.95,609.0,611.3,80992.0,
2018-12-24,621.0,632.0,611.1,624.55,290619.0,
2018-12-26,625.0,634.5,615.0,629.85,340245.0,
2018-12-27,631.0,634.0,626.05,630.05,171096.0,
2018-12-28,630.05,642.0,622.35,630.45,335609.0,
2018-12-31,634.8,635.5,620.0,622.65,223468.0,
2019-01-01,628.0,629.5,624.0,626.1,51296.0,
2019-01-02,621.05,644.35,620.0,625.2,205680.0,
2019-01-03,613.35,625.0,606.6,613.55,388186.0,
2019-01-04,616.05,619.65,571.7,577.3,721076.0,
2019-01-07,586.5,586.5,568.35,570.2,230558.0,
2019-01-08,572.0,580.0,565.4,570.15,116342.0,
2019-01-09,570.3,572.5,562.0,565.05,133830.0,
2019-01-10,565.05,569.35,559.0,562.3,105368.0,
2019-01-11,562.5,563.35,542.2,547.6,195258.0,
2019-01-14,553.0,558.0,548.45,551.45,430309.0,
2019-01-15,551.6,556.0,546.05,549.3,678102.0,
2019-01-16,551.5,559.0,549.05,551.75,135328.0,
2019-01-17,552.9,565.4,547.5,549.9,156763.0,
2019-01-18,551.0,555.0,547.25,550.75,53366.0,
2019-01-21,554.0,556.0,540.05,544.95,541836.0,
2019-01-22,544.0,550.9,538.55,544.85,179889.0,
2019-01-23,546.95,565.5,541.0,544.7,365389.0,
2019-01-24,551.95,560.0,546.25,551.9,334939.0,
2019-01-25,555.0,564.1,551.9,561.95,580614.0,
2019-01-28,562.95,575.0,561.0,564.95,381234.0,
2019-01-29,586.0,595.0,572.0,583.4,1791816.0,
2019-01-30,587.0,608.8,585.25,601.85,557488.0,
2019-01-31,605.0,609.7,599.95,602.1,553721.0,
2019-02-01,603.0,621.9,603.0,618.8,249875.0,
2019-02-04,613.95,647.8,607.35,639.85,376544.0,
2019-02-05,640.25,650.6,638.8,644.65,217213.0,
2019-02-06,643.0,675.1,633.55,658.25,424596.0,
2019-02-07,658.25,663.55,645.0,648.1,98692.0,
2019-02-08,647.8,647.8,631.3,636.15,92684.0,
2019-02-11,635.9,644.25,631.85,638.05,123510.0,
2019-02-12,637.8,659.8,635.0,644.4,194669.0,
2019-02-13,643.9,649.1,636.2,642.9,69209.0,
2019-02-14,642.8,669.9,640.3,654.9,123863.0,
2019-02-15,646.05,665.0,638.1,643.15,94441.0,
2019-02-18,644.9,647.7,635.95,640.05,61114.0,
2019-02-19,640.05,649.65,639.0,640.6,60229.0,
2019-02-20,640.0,644.85,618.0,622.7,199582.0,
2019-02-21,629.9,638.35,618.1,627.35,245779.0,
2019-02-22,624.1,636.8,600.0,601.6,431909.0,
2019-02-25,606.9,614.8,592.35,601.35,252048.0,
2019-02-26,591.1,633.9,591.1,630.35,303836.0,
2019-02-27,628.0,662.0,625.0,644.35,302288.0,
2019-02-28,648.1,657.95,648.1,655.2,155505.0,
2019-03-01,658.8,674.0,657.0,669.05,197831.0,
2019-03-05,669.0,684.0,667.1,682.55,238103.0,
2019-03-06,683.45,689.9,663.5,669.55,67221.0,
2019-03-07,670.5,681.1,637.05,641.95,119009.0,
2019-03-08,643.95,653.5,639.8,648.75,62745.0,
2019-03-11,650.1,683.0,650.1,676.6,214562.0,
2019-03-12,684.0,691.0,677.45,688.6,243120.0,
2019-03-13,690.1,695.85,650.05,655.5,176427.0,
2019-03-14,660.0,682.95,660.0,672.95,110075.0,
2019-03-15,679.0,694.0,655.1,667.9,414754.0,
2019-03-18,665.9,672.8,655.0,657.85,132115.0,
2019-03-19,662.85,665.85,645.0,647.35,174748.0,
2019-03-20,651.9,665.15,637.05,638.9,117634.0,
2019-03-22,640.0,649.45,629.0,630.75,116733.0,
2019-03-25,630.0,649.75,630.0,634.65,126798.0,
2019-03-26,640.95,650.0,635.0,636.35,112485.0,
2019-03-27,641.45,649.0,620.0,624.0,197279.0,
2019-03-28,629.0,644.0,628.55,636.8,102698.0,
2019-03-29,641.25,651.25,629.0,629.55,178310.0,
2019-04-01,637.0,649.0,627.15,628.85,128709.0,
2019-04-02,634.75,642.0,627.0,630.0,161156.0,
2019-04-03,633.85,639.9,626.0,627.35,121814.0,
2019-04-04,631.0,633.1,615.0,617.55,180069.0,
2019-04-05,622.05,628.55,621.5,626.65,106740.0,
2019-04-08,629.9,632.9,625.05,627.55,149685.0,
2019-04-09,633.0,640.0,620.05,624.65,288336.0,
2019-04-10,628.0,634.7,623.0,625.2,141492.0,
2019-04-11,628.85,633.4,619.25,622.7,142547.0,
2019-04-12,622.5,630.0,608.35,610.85,225619.0,
2019-04-15,616.5,619.8,604.0,606.25,263996.0,
2019-04-16,610.8,619.0,610.05,615.9,214979.0,
2019-04-18,619.7,630.0,618.7,629.0,263539.0,
2019-04-22,628.05,642.0,624.3,634.8,254188.0,
2019-04-23,636.0,642.0,633.15,638.55,196107.0,
2019-04-24,641.7,642.0,629.0,638.55,157662.0,
2019-04-25,641.75,642.7,633.0,640.65,138974.0,
2019-04-26,639.95,641.8,631.1,640.0,138688.0,
2019-04-30,630.0,642.0,622.1,636.25,252946.0,
2019-05-02,632.5,633.0,616.0,628.35,163090.0,
2019-05-03,625.5,629.95,616.15,620.5,168740.0,
2019-05-06,616.0,630.0,609.95,627.55,117449.0,
2019-05-07,632.0,632.0,618.85,621.85,185702.0,
2019-05-08,620.0,622.0,606.25,609.05,94890.0,
2019-05-09,605.25,619.0,605.25,610.45,96450.0,
2019-05-10,613.4,615.3,606.5,608.55,66411.0,
2019-05-13,609.0,615.95,607.05,608.6,63442.0,
2019-05-14,611.55,629.8,608.0,618.5,151869.0,
2019-05-15,624.95,624.95,605.3,608.5,94306.0,
2019-05-16,609.0,611.2,605.0,606.45,87059.0,
2019-05-17,606.8,610.7,601.4,605.75,56139.0,
2019-05-20,616.0,616.0,603.65,605.75,62096.0,
2019-05-21,608.9,612.0,605.0,610.05,65725.0,
2019-05-22,610.0,610.0,600.25,605.5,104451.0,
2019-05-23,605.5,610.0,602.0,604.1,102727.0,
2019-05-24,604.1,606.15,594.1,599.6,69698.0,
2019-05-27,601.0,606.0,598.75,599.8,58508.0,
2019-05-28,600.0,601.0,573.0,577.85,180329.0,
2019-05-29,581.95,583.8,574.0,575.75,70277.0,
2019-05-30,577.0,580.0,575.1,577.9,59536.0,
2019-05-31,582.3,583.9,577.35,581.95,117106.0,
2019-06-03,580.5,597.0,578.0,584.5,121999.0,
2019-06-04,587.9,597.0,585.05,593.85,93834.0,
2019-06-06,597.95,603.7,588.0,599.5,148355.0,
2019-06-07,600.0,615.95,595.1,611.3,185263.0,
2019-06-10,615.0,618.0,605.6,609.15,101744.0,
2019-06-11,610.3,646.15,610.3,633.5,290604.0,
2019-06-12,632.9,636.5,630.5,633.0,94925.0,
2019-06-13,628.1,634.0,621.0,624.3,156405.0,
2019-06-14,621.55,633.75,621.55,630.0,104317.0,
2019-06-17,631.0,639.4,615.55,618.05,44988.0,
2019-06-18,618.0,638.0,618.0,635.5,106249.0,
2019-06-19,639.65,640.0,626.35,631.5,74997.0,
2019-06-20,633.95,636.0,625.0,628.65,53999.0,
2019-06-21,633.45,634.95,625.35,629.95,42548.0,
2019-06-24,634.95,635.5,625.0,628.3,83391.0,
2019-06-25,624.5,630.95,611.8,614.4,205843.0,
2019-06-26,618.95,626.8,610.0,613.5,46146.0,
2019-06-27,618.9,620.5,611.2,615.2,130115.0,
2019-06-28,620.0,620.8,612.0,617.4,18410.0,
2019-07-01,620.0,621.95,611.55,616.15,20453.0,
2019-07-02,610.25,621.0,609.0,611.7,30153.0,
2019-07-03,611.7,619.0,607.3,615.8,40008.0,
2019-07-04,615.2,624.3,610.65,620.6,49544.0,
2019-07-05,621.8,634.75,619.25,627.2,357156.0,
2019-07-08,624.0,629.5,612.05,613.9,126050.0,
2019-07-09,618.65,627.0,610.25,615.4,31031.0,
2019-07-10,619.25,619.9,611.35,616.2,25507.0,
2019-07-11,616.2,619.45,607.8,609.9,15316.0,
2019-07-12,612.3,625.0,609.05,622.6,29281.0,
2019-07-15,624.0,624.7,615.75,621.35,13477.0,
2019-07-16,620.0,620.0,614.3,616.25,40339.0,
2019-07-17,606.4,624.3,606.4,611.15,26898.0,
2019-07-18,612.0,617.1,606.35,608.05,28872.0,
2019-07-19,608.05,611.8,575.0,577.2,179053.0,
2019-07-22,578.0,584.9,562.55,574.7,293631.0,
2019-07-23,573.0,581.0,572.0,578.05,29005.0,
2019-07-24,576.05,580.0,553.75,561.6,92285.0,
2019-07-25,564.05,584.1,560.0,562.0,42173.0,
2019-07-26,554.6,569.0,535.5,564.3,85693.0,
2019-07-29,558.0,564.5,533.0,534.95,93139.0,
2019-07-30,535.1,536.9,468.75,503.7,980835.0,
2019-07-31,502.0,525.0,493.25,520.55,344880.0,
2019-08-01,525.0,525.1,504.75,517.95,129194.0,
2019-08-02,517.95,533.95,505.0,529.4,42066.0,
2019-08-05,523.0,531.75,512.0,514.55,44642.0,
2019-08-06,515.0,538.0,509.45,531.25,53454.0,
2019-08-07,532.5,539.4,522.1,528.05,26401.0,
2019-08-08,529.0,539.5,528.05,536.3,17538.0,
2019-08-09,543.5,559.0,532.3,538.05,39977.0,
2019-08-13,540.0,540.0,530.0,531.7,19983.0,
2019-08-14,530.0,533.95,511.05,518.7,47206.0,
2019-08-16,513.55,518.0,503.0,510.95,67546.0,
2019-08-19,511.05,536.55,510.0,531.7,32207.0,
2019-08-20,526.35,564.0,526.35,554.7,70659.0,
2019-08-21,554.95,556.0,538.0,543.4,270153.0,
2019-08-22,538.0,585.0,531.75,571.3,133954.0,
2019-08-23,571.0,576.25,527.05,541.1,133440.0,39.48
2019-09-30,618.9,620.5,611.2,615.2,130115.0,83.77
2019-10-01,575.95,578.5,556.0,561.0,28267.0,53.67
2019-10-02,575.95,578.5,556.0,561.0,28267.0,53.67
2019-10-03,561.05,566.0,556.0,557.55,27794.0,58.45
2019-10-04,560.0,580.0,551.0,557.35,19999.0,43.35
2019-10-07,556.85,585.0,546.65,575.85,66426.0,24.48
2019-10-08,556.85,585.0,546.65,575.85,66426.0,24.48
2019-10-09,580.5,582.0,554.45,574.45,47020.0,59.24
2019-10-10,578.3,578.3,566.0,567.35,14688.0,71.84
2019-10-11,566.85,578.0,560.0,575.8,20416.0,60.68
2019-10-14,564.0,590.0,551.5,584.35,69811.0,46.79
2019-10-15,592.8,593.65,577.25,588.3,41612.0,73.14
2019-10-16,595.0,603.4,585.1,600.2,166291.0,84.37
2019-10-17,593.35,619.0,593.35,606.75,117182.0,53.03
2019-10-18,610.0,629.0,597.15,622.55,83147.0,65.29
2019-10-21,610.0,629.0,597.15,622.55,83147.0,65.29
2019-10-22,620.0,635.0,608.5,618.75,75143.0,55.83
2019-10-23,620.0,633.0,601.0,602.6,109834.0,76.12
2019-10-24,604.0,624.0,600.65,608.65,49209.0,43.46
2019-10-25,612.0,614.7,583.95,602.55,109689.0,56.79
2019-10-28,609.95,609.95,595.2,599.4,3596.0,58.95
2019-10-29,600.0,610.0,590.5,604.1,19554.0,57.61
2019-10-30,607.0,610.0,600.0,602.05,36397.0,63.83
2019-10-31,609.0,634.5,601.0,619.6,336975.0,81.55
2019-11-01,624.0,624.6,612.55,614.2,236005.0,95.35
2019-11-04,621.55,623.0,582.7,598.1,84780.0,54.25
2019-11-05,610.0,610.0,590.15,598.9,503651.0,90.84
2019-11-06,597.9,602.5,587.5,602.0,46359.0,70.87
2019-11-07,600.15,616.0,600.15,612.1,96462.0,51.71
2019-11-08,610.0,622.0,602.25,615.05,118527.0,77.37
2019-11-11,610.15,621.0,607.05,616.85,89285.0,83.99
2019-11-12,610.15,621.0,607.05,616.85,89285.0,83.99
2019-11-13,627.7,627.7,618.0,624.65,126521.0,85.14
2019-11-14,622.0,674.0,620.0,665.35,440577.0,24.11
2019-11-15,666.05,672.0,633.85,652.65,175381.0,52.19
2019-11-18,653.7,678.0,635.05,647.75,228434.0,48.6
2019-11-19,651.95,670.0,651.95,660.1,90993.0,52.52
2019-11-20,665.0,668.0,660.1,665.3,54531.0,57.13
2019-11-21,665.0,690.0,665.0,687.4,257443.0,57.29
2019-11-22,688.05,700.0,665.0,672.45,190486.0,27.22
2019-11-25,671.95,677.0,667.15,672.6,89583.0,68.63
2019-11-26,674.7,689.3,656.2,675.2,366359.0,79.4
2019-11-27,682.0,684.0,663.25,676.2,195368.0,83.67
2019-11-28,676.0,683.0,670.75,679.4,45039.0,53.98
2019-11-29,684.95,687.0,679.65,684.35,82197.0,64.27
2019-12-02,684.95,688.9,672.35,681.2,27725.0,44.1
2019-12-03,681.05,686.35,669.25,675.8,33719.0,52.42
2019-12-04,670.0,690.0,665.5,685.8,51351.0,54.32
2019-12-05,686.0,689.85,675.0,688.45,52674.0,65.59
2019-12-06,677.0,691.0,677.0,690.4,85966.0,63.73
2019-12-09,697.0,697.0,679.2,681.65,39810.0,56.02
2019-12-10,676.4,684.65,669.25,674.85,49078.0,67.75
2019-12-11,673.55,679.95,671.0,676.5,71071.0,80.55
2019-12-12,675.3,679.9,669.5,671.5,93150.0,84.55
2019-12-13,671.95,675.0,665.0,672.75,148551.0,88.95
2019-12-16,665.0,677.0,665.0,673.1,134961.0,89.21
2019-12-17,666.7,676.35,666.7,673.15,98502.0,84.47
2019-12-18,680.95,698.7,671.1,674.9,162040.0,49.83
2019-12-19,674.9,692.0,672.5,686.85,53005.0,29.38
2019-12-20,682.1,690.0,676.0,684.15,152083.0,80.72
2019-12-23,677.45,681.0,663.1,670.8,125693.0,60.28
2019-12-24,668.0,679.7,666.8,669.65,60633.0,68.02
2019-12-25,668.0,679.7,666.8,669.65,60633.0,68.02
2019-12-26,674.65,675.0,666.0,669.55,123111.0,87.86
2019-12-27,673.95,681.0,664.85,678.15,50146.0,70.81
2019-12-30,681.9,686.35,666.0,671.95,27939.0,56.45
2019-12-31,675.0,677.7,670.0,674.15,18517.0,56.05
2020-01-01,677.85,709.95,675.3,706.4,235944.0,46.64
2020-01-02,708.0,728.8,707.4,713.4,217432.0,31.55
2020-01-03,716.0,716.0,692.0,694.6,52485.0,43.59
2020-01-06,690.0,690.0,677.0,683.15,51634.0,59.05
2020-01-07,694.95,694.95,681.0,683.2,43925.0,58.76
2020-01-08,681.95,686.1,669.35,683.7,36631.0,47.05
2020-01-09,694.0,694.0,683.0,685.6,27524.0,66.11
2020-01-10,692.0,698.6,683.0,688.35,48064.0,62.22
2020-01-13,693.95,697.35,674.3,682.9,45165.0,47.95
2020-01-14,683.0,691.05,680.4,684.05,20618.0,55.27
2020-01-15,685.05,712.0,685.0,708.4,162774.0,59.0
2020-01-16,712.0,715.0,691.85,700.05,70330.0,70.06
2020-01-17,712.5,712.5,700.5,703.35,46129.0,56.81
2020-01-20,707.9,712.0,691.0,702.25,91858.0,83.92
2020-01-21,695.15,727.0,695.05,714.1,199359.0,57.24
2020-01-22,716.0,736.0,716.0,726.15,256461.0,54.29
2020-01-23,733.6,740.0,718.45,738.75,88635.0,52.34
2020-01-24,738.75,738.75,723.05,729.75,77532.0,55.54
2020-01-27,722.5,729.75,703.2,721.65,128165.0,55.09
2020-01-28,725.0,732.7,710.0,722.5,46726.0,59.18
2020-01-29,728.6,737.0,694.15,700.9,63087.0,65.76
2020-01-30,695.25,707.45,680.6,689.15,42050.0,47.3
2020-01-31,694.95,716.0,689.0,700.95,239329.0,76.02
2020-02-03,703.0,715.5,690.65,708.6,34753.0,43.43
2020-02-04,709.0,725.45,708.35,716.95,86885.0,75.31
2020-02-05,724.9,724.9,700.1,714.2,159860.0,80.21
2020-02-06,704.0,709.0,700.0,705.5,74456.0,69.54
2020-02-07,713.75,713.75,696.05,709.7,16190.0,51.32
2020-02-10,710.0,714.45,698.55,701.1,182928.0,87.53
2020-02-11,707.95,708.0,685.1,699.9,56954.0,63.74
2020-02-12,708.7,708.7,688.2,700.1,115743.0,86.81
2020-02-13,690.1,707.95,690.1,701.15,75056.0,85.31
2020-02-14,700.95,702.65,696.6,701.25,68816.0,71.34
2020-02-17,694.15,704.85,694.15,701.1,193928.0,93.51
2020-02-18,700.0,713.6,695.85,706.6,68611.0,73.24
2020-02-19,705.15,722.0,696.55,718.6,38479.0,64.54
2020-02-20,714.95,721.55,710.0,717.15,41425.0,66.49
2020-02-21,714.95,721.55,710.0,717.15,41425.0,66.49
2020-02-24,719.0,734.0,711.1,721.45,82096.0,65.43
2020-02-25,719.0,724.9,704.35,713.5,55178.0,73.28
2020-02-26,702.0,723.6,702.0,717.6,45465.0,58.48
2020-02-27,708.15,725.55,696.15,713.1,76654.0,69.58
2020-02-28,706.1,706.1,671.0,696.4,89776.0,70.54
2020-03-02,700.0,720.0,686.0,698.75,84741.0,57.73
2020-03-03,699.0,713.8,692.4,708.0,47768.0,65.46
2020-03-04,707.95,713.75,688.0,704.7,46490.0,53.55
2020-03-05,705.1,711.25,693.95,706.35,44374.0,65.03
2020-03-06,694.0,707.8,686.25,698.6,39436.0,57.91
2020-03-09,696.9,708.9,685.0,687.15,87714.0,74.32
2020-03-10,696.9,708.9,685.0,687.15,87714.0,74.32
2020-03-11,685.95,699.95,680.0,686.35,53807.0,55.47
2020-03-12,671.0,676.0,630.05,647.6,110029.0,62.07
2020-03-13,581.15,662.85,518.1,653.45,93798.0,65.87
2020-03-16,635.25,635.25,587.5,602.7,481142.0,91.5
2020-03-17,591.0,601.95,581.0,595.0,127203.0,80.37
2020-03-18,599.9,599.9,565.5,571.75,36032.0,44.36
2020-03-19,557.0,557.0,507.65,527.35,132424.0,68.12
2020-03-20,527.35,555.0,487.9,510.85,46234.0,51.25
2020-03-23,480.0,504.55,420.05,469.3,67922.0,59.44
2020-03-24,503.95,563.0,463.0,502.25,89090.0,67.89
2020-03-25,502.25,524.95,476.05,515.45,18074.0,55.49
2020-03-26,520.0,568.9,520.0,547.5,70455.0,72.31
2020-03-27,548.1,575.0,520.0,540.3,22998.0,65.14
2020-03-30,540.0,555.0,505.0,549.35,44058.0,64.91
2020-03-31,549.5,565.0,541.0,550.95,26254.0,63.1
2020-04-01,550.95,558.75,532.2,542.6,38340.0,60.34
2020-04-02,550.95,558.75,532.2,542.6,38340.0,60.34
2020-04-03,554.95,554.95,498.0,514.1,117779.0,79.13
2020-04-06,554.95,554.95,498.0,514.1,117779.0,79.13
2020-04-07,520.05,539.85,499.15,508.95,72115.0,71.91
2020-04-08,511.95,519.2,505.0,511.1,33921.0,70.52
2020-04-09,513.05,529.45,503.95,513.85,107990.0,86.66
2020-04-10,513.05,529.45,503.95,513.85,107990.0,86.66
2020-04-13,514.0,514.0,490.0,510.1,49136.0,57.57
2020-04-15,521.8,525.0,500.3,505.05,59487.0,53.01
2020-04-16,507.0,507.3,492.65,495.5,54215.0,68.77
2020-04-17,510.0,522.0,490.0,491.95,61833.0,71.44
2020-04-20,504.0,508.95,485.0,487.95,77752.0,66.28
2020-04-21,485.0,488.8,471.0,473.9,82142.0,67.25
2020-04-22,484.5,486.95,471.0,484.8,38381.0,44.79
2020-04-23,488.8,492.85,475.1,480.65,83216.0,58.24
2020-04-24,483.0,485.0,467.65,468.3,54836.0,65.05
2020-04-27,472.0,475.15,465.2,468.95,51535.0,53.56
2020-04-28,474.0,478.0,464.2,473.55,417753.0,89.81
2020-04-29,477.95,478.0,468.1,473.5,73359.0,74.61
2020-04-30,479.35,494.0,470.0,474.5,322637.0,85.66
2020-05-01,479.35,494.0,470.0,474.5,322637.0,85.66
2020-05-04,470.0,475.95,460.0,463.75,66907.0,53.1
2020-05-05,470.0,479.35,462.0,467.55,106077.0,43.34
2020-05-06,481.7,515.0,472.35,504.6,774051.0,14.89
2020-05-07,508.0,533.0,507.0,529.65,278219.0,31.79
2020-05-08,535.0,551.0,518.0,526.65,146197.0,37.4
2020-05-11,531.2,543.55,515.0,528.55,191279.0,67.15
2020-05-12,522.1,530.0,517.0,521.9,127983.0,77.76
2020-05-13,542.0,544.8,528.0,537.85,84057.0,59.91
2020-05-14,533.95,541.7,515.0,524.75,70479.0,52.69
2020-05-15,524.7,528.0,510.0,521.1,87726.0,68.63
2020-05-18,524.6,531.9,513.2,515.55,134048.0,69.71
2020-05-19,519.0,521.45,515.15,518.65,77322.0,85.36
2020-05-20,520.0,526.25,516.0,520.05,250499.0,92.44
2020-05-21,525.2,530.0,516.0,521.85,423040.0,95.03
2020-05-22,519.7,529.8,516.35,524.75,55688.0,57.7
2020-05-25,519.7,529.8,516.35,524.75,55688.0,57.7
2020-05-26,528.9,530.0,520.9,524.55,37165.0,65.93
2020-05-27,526.35,529.9,521.2,526.1,582241.0,94.1
2020-05-28,525.25,550.7,525.05,535.55,263748.0,62.4
2020-05-29,535.0,540.35,524.15,525.55,101115.0,58.63
2020-06-01,530.0,559.0,528.55,551.4,98808.0,52.77
2020-06-02,551.0,574.8,545.0,560.05,105843.0,32.22
2020-06-03,561.3,568.45,560.0,560.25,60064.0,68.66
2020-06-04,560.6,574.0,560.0,570.05,200919.0,41.62
2020-06-05,571.9,573.5,560.5,572.05,91753.0,56.35
2020-06-08,575.0,585.0,573.7,581.45,74653.0,54.36
2020-06-09,575.55,584.7,573.0,581.9,37219.0,45.37
2020-06-10,582.0,589.75,581.0,588.3,47449.0,61.49
2020-06-11,593.65,593.65,585.45,590.1,189706.0,90.05
2020-06-12,573.0,587.2,572.35,585.2,28551.0,51.55
2020-06-15,583.0,598.15,582.05,591.95,60744.0,71.86
2020-06-16,599.0,599.7,576.1,579.5,57736.0,56.11
2020-06-17,572.05,596.0,572.05,593.45,24615.0,40.41
2020-06-18,593.45,595.0,580.0,584.7,26645.0,47.74
2020-06-19,585.1,614.85,572.25,601.6,184197.0,63.76
2020-06-22,604.0,619.0,600.1,616.1,96941.0,61.41
2020-06-23,608.05,619.0,605.0,616.2,46402.0,52.59
2020-06-24,609.0,615.95,601.85,612.1,71263.0,60.05
2020-06-25,614.95,622.05,605.0,609.6,47035.0,47.74
2020-06-26,610.0,635.5,606.0,627.25,171838.0,47.1
2020-06-29,634.9,636.2,622.5,631.9,51488.0,60.38
2020-06-30,638.95,641.15,631.0,635.1,64782.0,61.79
2020-07-01,638.0,646.0,630.5,638.25,45304.0,53.41
2020-07-02,636.0,649.0,632.0,642.4,107629.0,31.38
2020-07-03,645.0,645.1,628.0,641.35,51519.0,52.41
2020-07-06,640.1,654.3,639.15,651.35,90249.0,50.8
2020-07-07,652.5,682.0,650.1,679.55,157279.0,59.33
2020-07-08,671.6,733.3,670.15,721.15,202810.0,43.34
2020-07-09,722.55,751.0,715.85,742.5,172991.0,32.93
2020-07-10,745.0,750.0,701.0,731.75,131531.0,45.67
2020-07-13,730.0,734.0,700.0,724.8,95797.0,46.29
2020-07-14,722.0,743.0,712.0,736.55,94282.0,53.98
2020-07-15,747.0,778.0,740.8,764.65,307926.0,39.26
2020-07-16,770.0,799.95,745.6,755.75,241361.0,33.92
2020-07-17,750.95,763.85,734.35,753.5,200764.0,39.28
2020-07-20,757.85,766.0,751.0,756.65,58555.0,46.4
2020-07-21,753.85,761.95,743.0,748.0,52180.0,38.56
2020-07-22,751.1,759.75,708.0,714.9,104966.0,65.66
2020-07-23,724.0,737.2,711.8,731.0,66345.0,23.44
2020-07-24,731.0,775.0,725.05,771.25,290932.0,31.39
2020-07-27,844.0,919.4,844.0,855.7,1936847.0,35.69
2020-07-28,858.25,898.95,839.95,886.75,899199.0,46.55
2020-07-29,885.0,893.0,861.05,887.8,350658.0,44.85
2020-07-30,891.0,923.0,885.0,915.3,563958.0,35.86
2020-07-31,924.0,930.0,893.75,918.1,294493.0,40.67
2020-08-03,916.0,983.4,908.0,975.8,403550.0,60.03
2020-08-04,980.0,999.0,935.0,952.85,161905.0,41.79
2020-08-05,959.9,973.45,938.1,945.1,103646.0,67.94
2020-08-06,950.0,975.0,929.95,963.7,170511.0,76.07
2020-08-07,965.0,1006.8,960.05,1000.25,226800.0,62.23
2020-08-10,950.25,1025.0,930.05,985.9,309659.0,55.65
2020-08-11,997.95,997.95,957.75,976.15,188307.0,60.83
2020-08-12,976.15,977.5,962.85,970.1,115638.0,68.09
2020-08-13,961.0,1005.45,961.0,998.3,154387.0,47.72
2020-08-14,1007.2,1007.2,977.4,987.25,116051.0,64.59
2020-08-17,998.0,998.95,980.15,986.95,50668.0,63.11
2020-08-18,998.0,1004.95,984.35,1000.2,98870.0,59.71
2020-08-19,1003.05,1011.0,1001.0,1002.65,125422.0,81.01
2020-08-20,1000.0,1022.0,997.0,1005.25,75136.0,60.74
2020-08-21,1009.55,1050.0,1006.1,1039.9,166401.0,52.5
2020-08-24,1050.0,1128.0,1045.4,1090.15,454023.0,33.77
2020-08-25,1104.0,1112.95,1023.95,1038.45,284680.0,55.19
2020-08-26,1048.0,1074.0,1030.2,1052.45,129523.0,46.77
2020-08-27,1060.0,1070.95,1045.0,1049.6,72934.0,58.59
2020-08-28,1060.0,1060.0,1010.0,1018.2,236297.0,67.08
2020-08-31,1038.0,1040.0,950.0,958.25,283206.0,66.26
2020-09-01,956.5,992.0,956.5,961.85,114641.0,51.18
2020-09-02,968.0,1028.0,968.0,1012.45,89205.0,39.94
2020-09-03,1023.5,1053.2,996.55,1021.2,141396.0,38.26
2020-09-04,997.2,1010.0,974.65,986.3,167885.0,69.6
2020-09-07,990.0,999.9,964.4,981.05,55860.0,37.12
2020-09-08,986.0,1025.0,985.0,993.45,95316.0,32.69
2020-09-09,993.0,993.0,960.0,982.7,65617.0,44.32
2020-09-10,983.0,1003.75,983.0,988.15,35333.0,42.83
2020-09-11,993.7,1023.9,991.5,1011.05,114667.0,32.95
2020-09-14,1025.9,1187.95,1025.9,1154.1,764554.0,37.59
2020-09-15,1168.0,1240.0,1140.4,1168.6,393272.0,32.13
2020-09-16,1182.0,1190.0,1131.1,1166.85,204184.0,47.65
2020-09-17,1160.0,1183.0,1142.35,1171.75,191379.0,53.75
2020-09-18,1180.0,1200.0,1157.25,1191.15,188650.0,59.33
2020-09-21,1187.0,1203.0,1142.55,1160.7,221051.0,53.85
2020-09-22,1166.1,1195.0,1092.25,1178.05,179534.0,50.6
2020-09-23,1178.0,1244.0,1145.0,1225.45,357568.0,30.16
2020-09-24,1215.0,1219.0,1162.2,1180.8,144035.0,45.22
2020-09-25,1184.0,1230.0,1181.0,1219.65,135509.0,36.79
2020-09-28,1225.0,1323.95,1225.0,1274.55,737104.0,65.69
2020-09-29,1284.75,1380.0,1266.0,1333.2,826110.0,52.21
2020-09-30,1358.45,1385.85,1330.0,1341.25,177946.0,31.32
2020-10-01,1342.05,1354.95,1288.0,1303.75,206017.0,65.93
2020-10-02,1342.05,1354.95,1288.0,1303.75,206017.0,65.93
2020-10-05,1318.0,1340.85,1303.75,1327.65,304627.0,68.6
2020-10-06,1331.2,1339.6,1291.0,1296.9,152354.0,56.75
2020-10-07,1300.1,1304.45,1247.0,1260.25,172498.0,64.91
2020-10-08,1285.85,1339.9,1281.0,1316.05,554876.0,53.89
2020-10-09,1316.0,1325.0,1300.0,1303.65,116113.0,62.17
2020-10-12,1324.45,1324.45,1291.6,1302.35,153086.0,67.2
2020-10-13,1310.4,1364.0,1297.95,1344.3,416588.0,39.24
2020-10-14,1359.9,1390.0,1351.0,1369.1,353291.0,43.19
2020-10-15,1377.8,1390.6,1260.35,1290.25,492439.0,55.76
2020-10-16,1325.0,1333.0,1200.0,1296.8,270011.0,37.3
2020-10-19,1314.95,1330.0,1063.4,1257.5,119847.0,50.89
2020-10-20,1257.0,1262.25,1201.5,1207.4,201265.0,63.96
2020-10-21,1213.95,1245.0,1178.0,1207.6,120811.0,50.83
2020-10-22,1207.2,1229.95,1170.0,1179.5,160137.0,59.1
2020-10-23,1189.8,1210.0,1156.0,1172.35,154911.0,53.29
2020-10-26,1189.0,1220.0,1178.0,1189.4,307540.0,65.48
2020-10-27,1200.0,1200.25,1170.5,1183.15,178010.0,59.64
2020-10-28,1183.15,1190.0,1152.0,1160.7,103314.0,69.92
2020-10-29,1145.2,1193.0,1138.9,1171.35,116033.0,71.18
2020-10-30,1160.0,1190.75,1145.6,1158.65,89195.0,60.66
2020-11-02,1124.0,1148.5,1103.15,1128.9,117885.0,64.6
2020-11-03,1135.2,1143.95,1107.5,1114.7,66502.0,61.32
2020-11-04,1114.7,1150.85,1114.05,1131.0,60537.0,64.26
2020-11-05,1150.0,1156.85,1136.3,1147.45,49624.0,71.34
2020-11-06,1154.9,1172.2,1128.1,1145.55,49219.0,61.64
2020-11-09,1168.0,1170.0,1146.75,1160.45,40041.0,59.22
2020-11-10,1169.8,1169.8,1111.35,1121.3,92606.0,71.0
2020-11-11,1121.3,1126.75,1105.1,1116.45,89133.0,69.74
2020-11-12,1115.05,1164.9,1110.05,1157.05,208366.0,70.74
2020-11-13,1161.8,1180.0,1128.15,1142.25,149653.0,68.27
2020-11-16,1170.0,1170.0,1145.0,1165.6,21660.0,65.06
2020-11-17,1174.8,1198.0,1155.25,1168.3,284824.0,77.97
2020-11-18,1178.8,1178.8,1130.0,1139.25,122757.0,66.31
2020-11-19,1141.85,1149.85,1128.0,1133.8,89832.0,63.9
2020-11-20,1144.9,1160.0,1137.85,1145.6,136488.0,67.69
2020-11-23,1147.8,1160.0,1122.0,1156.15,64633.0,59.42
2020-11-24,1164.8,1233.95,1163.0,1213.15,190833.0,60.84
2020-11-25,1237.45,1248.2,1181.65,1206.2,156567.0,48.42
2020-11-26,1202.4,1225.0,1180.1,1199.65,176915.0,84.49
2020-11-27,1214.0,1215.1,1190.0,1193.35,271790.0,81.63
2020-11-30,1214.0,1215.1,1190.0,1193.35,271790.0,81.63
2020-12-01,1198.0,1220.0,1164.75,1207.65,287308.0,86.03
2020-12-02,1234.0,1234.0,1200.0,1211.1,106344.0,57.14
2020-12-03,1224.0,1240.0,1206.2,1232.9,170690.0,76.18
2020-12-04,1238.95,1242.65,1211.85,1219.1,248680.0,84.78
2020-12-07,1220.0,1227.6,1208.75,1219.8,87447.0,78.32
2020-12-08,1225.0,1225.0,1188.0,1200.8,97332.0,70.07
2020-12-09,1185.0,1210.0,1185.0,1205.15,147438.0,85.71
2020-12-10,1212.0,1240.0,1202.0,1236.3,93507.0,59.9
2020-12-11,1236.3,1324.85,1236.0,1314.1,306212.0,59.44
2020-12-14,1320.0,1343.95,1272.2,1283.95,118883.0,73.55
2020-12-15,1284.0,1322.0,1259.25,1305.4,139904.0,71.21
2020-12-16,1305.4,1325.0,1289.55,1305.6,72320.0,73.11
2020-12-17,1316.2,1317.2,1286.0,1304.7,51685.0,65.47
2020-12-18,1323.0,1343.0,1292.05,1306.45,192956.0,67.55
2020-12-21,1306.45,1340.0,1288.5,1309.8,258336.0,64.32
2020-12-22,1300.0,1399.0,1250.0,1377.1,177994.0,40.87
2020-12-23,1395.0,1468.85,1393.05,1454.45,544661.0,42.7
2020-12-24,1455.0,1472.0,1415.4,1449.45,145244.0,46.08
2020-12-25,1455.0,1472.0,1415.4,1449.45,145244.0,46.08
2020-12-28,1473.0,1500.0,1450.05,1472.85,132362.0,38.0
2020-12-29,1480.0,1521.85,1455.0,1490.05,194333.0,32.52
2020-12-30,1465.05,1539.0,1465.05,1532.4,286715.0,49.86
2020-12-31,1531.0,1549.0,1500.0,1517.15,94972.0,41.43
2021-01-01,1510.0,1534.0,1477.8,1497.55,182691.0,71.7
2021-01-04,1505.0,1525.0,1488.1,1519.8,186983.0,63.49
2021-01-05,1534.0,1575.0,1512.0,1550.45,334159.0,34.72
2021-01-06,1579.3,1599.0,1512.65,1540.85,149093.0,51.5
2021-01-07,1559.95,1559.95,1511.0,1520.2,261213.0,79.61
2021-01-08,1533.0,1580.0,1525.2,1570.9,190956.0,68.3
2021-01-11,1595.0,1649.0,1573.35,1612.7,324902.0,52.81
2021-01-12,1630.0,1632.7,1592.75,1626.95,132112.0,51.68
2021-01-13,1630.0,1665.6,1606.2,1646.1,405375.0,69.99
2021-01-14,1660.0,1681.0,1611.2,1672.75,203153.0,74.84
2021-01-15,1700.0,1700.0,1609.15,1629.1,226845.0,77.22
2021-01-18,1629.1,1634.3,1550.55,1592.45,127327.0,54.29
2021-01-19,1599.4,1620.0,1555.45,1578.25,87263.0,41.59
2021-01-20,1593.5,1658.0,1581.95,1633.5,152876.0,53.46
2021-01-21,1640.9,1649.7,1572.0,1597.9,119978.0,57.74
2021-01-22,1586.5,1596.95,1503.75,1544.0,147064.0,48.07
2021-01-25,1565.0,1585.0,1491.0,1539.0,80082.0,28.84
2021-01-26,1565.0,1585.0,1491.0,1539.0,80082.0,28.84
2021-01-27,1530.0,1536.1,1506.05,1513.85,113144.0,52.63
2021-01-28,1510.0,1515.0,1487.45,1499.25,87090.0,75.19
2021-01-29,1558.0,1558.0,1482.25,1524.25,317938.0,71.14
2021-02-01,1532.05,1565.0,1505.95,1546.65,84908.0,52.18
2021-02-02,1564.4,1601.6,1563.25,1572.05,102586.0,53.04
2021-02-03,1579.95,1709.25,1537.8,1657.45,256790.0,60.46
2021-02-04,1674.9,1739.0,1630.05,1694.1,499869.0,79.08
2021-02-05,1695.0,1725.0,1660.0,1700.5,189863.0,61.88
2021-02-08,1714.0,1780.0,1701.2,1774.75,193090.0,48.58
2021-02-09,1779.7,1799.0,1691.0,1707.8,113157.0,40.74
2021-02-10,1722.6,1778.0,1710.0,1772.55,97149.0,35.89
2021-02-11,1772.55,1850.0,1735.5,1761.55,280917.0,21.68
2021-02-12,1773.0,1801.5,1766.05,1794.65,72233.0,36.61
2021-02-15,1804.0,1820.6,1780.0,1787.55,61093.0,45.46
2021-02-16,1790.0,1797.85,1731.05,1738.9,49554.0,55.92
2021-02-17,1744.4,1756.9,1695.0,1709.35,93571.0,65.75
2021-02-18,1713.0,1737.35,1671.45,1689.25,106707.0,65.5
2021-02-19,1682.0,1699.45,1661.0,1672.2,113381.0,81.77
2021-02-22,1662.0,1679.5,1631.0,1653.15,67523.0,60.66
2021-02-23,1659.0,1712.95,1622.85,1651.75,139338.0,66.44
2021-02-24,1675.0,1687.95,1631.0,1662.5,78461.0,87.35
2021-02-25,1671.3,1674.45,1613.25,1644.1,257621.0,68.78
2021-02-26,1606.0,1688.9,1595.0,1656.55,107261.0,55.29
2021-03-01,1680.0,1704.35,1641.05,1687.15,153308.0,56.21
2021-03-02,1699.85,1732.5,1656.35,1708.4,195570.0,57.68
2021-03-03,1728.95,1728.95,1683.0,1691.55,188143.0,62.0
2021-03-04,1677.9,1696.2,1661.15,1690.15,200182.0,73.85
2021-03-05,1688.85,1688.85,1669.55,1683.85,78262.0,71.62
2021-03-08,1683.0,1717.45,1680.05,1700.95,105126.0,67.43
2021-03-09,1702.5,1724.0,1695.6,1707.9,62597.0,64.96
2021-03-10,1726.0,1819.5,1697.5,1793.2,389996.0,51.84
2021-03-11,1726.0,1819.5,1697.5,1793.2,389996.0,51.84
2021-03-12,1813.9,1844.0,1763.0,1782.65,160530.0,39.35
2021-03-15,1780.0,1792.6,1734.05,1769.95,69775.0,34.57
2021-03-16,1770.0,1920.0,1752.0,1891.9,332150.0,46.62
2021-03-17,1898.85,1909.95,1810.0,1826.55,119675.0,43.83
2021-03-18,1850.0,1896.0,1813.25,1848.65,114629.0,49.86
2021-03-19,1815.25,1969.0,1792.5,1942.2,320291.0,50.11
2021-03-22,1997.0,1997.0,1901.65,1963.7,135155.0,35.67
2021-03-23,1965.25,1980.2,1890.8,1935.5,184339.0,57.78
2021-03-24,1934.0,1935.0,1851.35,1894.3,140311.0,39.16
2021-03-25,1909.95,1925.0,1761.05,1804.6,120863.0,39.1
2021-03-26,1814.95,1832.95,1770.25,1821.65,124376.0,53.73
2021-03-29,1814.95,1832.95,1770.25,1821.65,124376.0,53.73
2021-03-30,1827.6,1940.0,1822.65,1922.6,140717.0,51.41
2021-03-31,1915.0,1936.0,1887.25,1922.05,168891.0,71.51
2021-04-01,1929.0,1978.0,1921.9,1953.25,138155.0,43.3
2021-04-02,1929.0,1978.0,1921.9,1953.25,138155.0,43.3
2021-04-05,1953.0,1986.4,1910.7,1958.8,155602.0,57.31
2021-04-06,1958.8,1991.45,1914.05,1937.8,133708.0,62.16
2021-04-07,1934.95,1965.85,1906.05,1962.15,271264.0,72.68
2021-04-08,1982.85,2023.65,1975.25,2012.8,284333.0,66.22
2021-04-09,2010.0,2099.0,2002.05,2077.0,305840.0,42.26
2021-04-12,2044.0,2044.0,1964.0,2022.85,192050.0,68.95
2021-04-13,2025.0,2055.0,1918.4,1944.3,136754.0,42.86
2021-04-14,2025.0,2055.0,1918.4,1944.3,136754.0,42.86
2021-04-15,1930.1,1968.0,1885.95,1955.5,251425.0,65.96
2021-04-16,1955.5,1988.95,1941.3,1961.7,122813.0,53.86
2021-04-19,1930.0,1955.95,1877.0,1931.0,62461.0,41.5
2021-04-20,1970.6,1970.6,1890.95,1906.7,66515.0,59.85
2021-04-21,1970.6,1970.6,1890.95,1906.7,66515.0,59.85
2021-04-22,1900.0,1920.65,1857.6,1873.55,122725.0,70.29
2021-04-23,1873.55,1923.95,1860.0,1875.0,42532.0,37.82
2021-04-26,1877.0,1941.45,1862.55,1935.6,60882.0,35.96
2021-04-27,1953.0,2003.6,1917.5,1951.6,158609.0,55.15
2021-04-28,1980.0,1985.0,1925.05,1960.85,48111.0,36.6
2021-04-29,1990.0,2014.95,1926.0,2002.5,257815.0,60.5
2021-04-30,2050.0,2184.9,2022.6,2038.3,1047889.0,22.81
2021-05-03,2000.0,2240.0,1986.45,2150.2,756340.0,27.84
2021-05-04,2200.0,2240.0,2162.75,2202.8,222858.0,30.85
2021-05-05,2203.2,2294.95,2181.35,2252.95,289757.0,38.65
2021-05-06,2250.0,2263.5,2182.2,2201.3,224852.0,34.05
2021-05-07,2209.0,2268.0,2183.55,2258.7,301158.0,54.44
2021-05-10,2280.0,2323.7,2250.4,2306.35,287162.0,47.41
2021-05-11,2280.0,2340.95,2105.6,2308.75,132435.0,31.07
2021-05-12,2318.0,2338.0,2173.35,2212.55,150443.0,43.99
2021-05-13,2318.0,2338.0,2173.35,2212.55,150443.0,43.99
2021-05-14,2228.0,2307.0,2183.9,2278.45,171699.0,37.51
2021-05-17,2310.0,2424.0,2260.0,2404.4,295925.0,48.28
2021-05-18,2417.0,2423.0,2311.55,2331.4,151385.0,38.99
2021-05-19,2333.0,2442.25,2330.8,2408.45,176395.0,23.44
2021-05-20,2407.0,2423.8,2309.5,2332.75,106277.0,39.63
2021-05-21,2355.0,2407.8,2332.0,2389.2,150099.0,45.46
2021-05-24,2390.1,2460.0,2354.6,2429.15,172264.0,26.92
2021-05-25,2450.15,2510.0,2435.0,2499.35,193085.0,40.88
2021-05-26,2510.0,2546.7,2464.25,2515.0,157116.0,40.55
2021-05-27,2530.0,2568.0,2475.05,2528.05,219181.0,43.96
2021-05-28,2544.0,2554.95,2460.0,2482.3,87794.0,39.97
2021-05-31,2513.0,2555.0,2458.6,2542.95,217341.0,38.97
2021-06-01,2543.0,2560.0,2481.05,2494.1,99984.0,46.31
2021-06-02,2509.45,2513.0,2461.4,2477.65,130591.0,60.0
2021-06-03,2498.0,2512.0,2395.0,2412.55,134574.0,52.64
2021-06-04,2412.0,2470.0,2404.1,2462.3,115343.0,42.78
2021-06-07,2466.0,2490.0,2440.0,2461.2,95883.0,53.98
2021-06-08,2462.9,2539.25,2451.95,2513.0,128740.0,32.17
2021-06-09,2550.0,2555.0,2460.8,2488.1,98436.0,48.87
2021-06-10,2516.0,2533.3,2492.6,2518.7,111672.0,58.94
2021-06-11,2533.0,2548.85,2480.0,2520.25,220050.0,82.75
2021-06-14,2510.0,2554.0,2480.0,2524.45,128289.0,44.29
2021-06-15,2526.7,2556.0,2520.0,2542.2,116026.0,54.55
2021-06-16,2540.0,2587.0,2511.35,2527.85,137918.0,28.86
2021-06-17,2524.9,2574.6,2512.8,2555.85,133376.0,63.01
2021-06-18,2575.0,2586.9,2505.0,2540.0,218281.0,58.74
2021-06-21,2499.95,2578.0,2495.05,2565.35,60481.0,46.96
2021-06-22,2570.0,2634.0,2554.45,2582.25,97342.0,42.05
2021-06-23,2599.95,2619.2,2540.0,2560.55,87400.0,59.78
2021-06-24,2558.0,2604.0,2545.75,2575.15,90397.0,56.22
2021-06-25,2599.0,2657.7,2585.0,2621.05,104645.0,33.05
2021-06-28,2653.0,2739.3,2628.25,2702.25,227225.0,61.47
2021-06-29,2707.9,2849.95,2707.9,2812.5,306439.0,26.31
2021-06-30,2844.9,2988.0,2827.8,2938.85,714480.0,63.23
2021-07-01,2970.6,3016.1,2927.0,2960.4,303893.0,47.73
2021-07-02,2962.0,2996.95,2905.0,2929.5,143110.0,38.65
2021-07-05,2959.0,2959.0,2892.95,2903.7,86206.0,40.54
2021-07-06,2900.0,2975.0,2900.0,2913.6,75850.0,44.93
2021-07-07,2915.1,2939.0,2777.0,2812.9,247506.0,62.81
2021-07-08,2831.9,2880.0,2785.3,2799.05,135167.0,65.73
2021-07-09,2800.0,2836.65,2746.1,2775.1,195158.0,73.41
2021-07-12,2800.0,2828.0,2740.55,2774.15,99130.0,55.75
2021-07-13,2780.0,2794.45,2725.05,2755.15,166787.0,66.97
2021-07-14,2755.2,2814.9,2755.2,2786.65,289432.0,56.96
2021-07-15,2814.9,2878.0,2808.55,2845.75,324528.0,55.0
2021-07-16,2890.0,2895.0,2811.0,2841.7,145448.0,55.38
2021-07-19,2839.3,2845.75,2793.0,2821.05,105393.0,61.15
2021-07-20,2821.05,2854.25,2785.0,2805.65,120761.0,56.17
2021-07-21,2821.05,2854.25,2785.0,2805.65,120761.0,56.17
2021-07-22,2820.0,2872.3,2813.15,2828.6,241575.0,66.96
2021-07-23,3060.0,3130.0,2925.0,3039.15,1837843.0,20.5
2021-07-26,3036.95,3298.0,2973.65,3250.25,1033196.0,23.77
2021-07-27,3247.0,3247.0,3137.0,3163.1,353672.0,32.96
2021-07-28,3160.0,3182.05,3080.85,3098.0,211409.0,53.51
2021-07-29,3125.0,3178.85,3090.0,3123.0,156704.0,36.26
2021-07-30,3147.0,3198.0,3088.9,3143.2,152268.0,42.01
2021-08-02,3174.85,3192.1,3113.25,3137.15,77996.0,48.65
2021-08-03,3164.0,3167.95,3035.3,3065.6,122500.0,52.13
2021-08-04,3087.0,3117.55,2981.9,3058.65,405330.0,70.97
2021-08-05,3083.0,3179.95,3055.35,3085.0,457541.0,41.89
2021-08-06,3103.45,3145.0,3102.3,3118.4,227594.0,68.41
2021-08-09,3138.5,3159.1,3115.4,3130.55,178102.0,75.25
2021-08-10,3141.0,3195.0,3127.25,3160.55,301257.0,65.7
2021-08-11,3167.0,3185.85,3085.0,3095.55,287709.0,68.62
2021-08-12,3111.05,3178.0,3098.65,3167.45,129752.0,51.04
2021-08-13,3183.3,3188.0,3101.0,3124.45,143693.0,61.06
2021-08-16,3140.0,3160.0,3061.45,3113.95,176894.0,61.98
2021-08-17,3115.05,3268.0,3115.05,3211.9,513459.0,47.85
2021-08-18,3238.05,3255.0,3200.0,3214.45,207237.0,50.37
2021-08-19,3238.05,3255.0,3200.0,3214.45,207237.0,50.37
2021-08-20,3248.0,3248.0,3152.2,3181.7,216525.0,50.95
2021-08-23,3182.0,3225.0,3162.0,3214.4,223706.0,50.57
2021-08-24,3208.0,3286.95,3190.0,3215.2,275167.0,52.52
2021-08-25,3234.0,3275.0,3205.55,3226.35,203310.0,58.51
2021-08-26,3237.0,3244.4,3180.0,3214.35,133896.0,60.76
2021-08-27,3214.35,3265.0,3192.45,3253.5,202773.0,62.73
2021-08-30,3270.0,3337.55,3270.0,3323.35,363223.0,39.14
2021-08-31,3337.55,3358.85,3290.0,3322.05,202938.0,59.78
2021-09-01,3370.0,3465.0,3310.0,3333.05,298549.0,38.7
2021-09-02,3351.0,3415.0,3321.0,3382.95,146994.0,41.17
2021-09-03,3400.0,3465.0,3371.0,3441.35,411343.0,60.36
2021-09-06,3468.0,3550.0,3435.65,3531.7,304948.0,49.26
2021-09-07,3550.0,3578.0,3492.0,3514.05,202103.0,63.69
2021-09-08,3522.0,3535.0,3452.0,3462.8,169039.0,56.7
2021-09-09,3465.95,3525.0,3465.1,3495.5,129416.0,68.89
2021-09-10,3465.95,3525.0,3465.1,3495.5,129416.0,68.89
2021-09-13,3505.75,3650.0,3505.75,3587.7,269344.0,56.94
2021-09-14,3610.95,3630.55,3570.0,3587.6,172292.0,64.06
2021-09-15,3607.0,3683.8,3592.0,3653.7,297497.0,61.28
2021-09-16,3674.4,3707.0,3654.35,3695.4,140799.0,53.87
2021-09-17,3718.0,3758.8,3525.3,3538.0,285480.0,56.27
2021-09-20,3543.9,3619.0,3510.0,3531.85,257751.0,58.28
2021-09-21,3532.0,3620.0,3520.0,3580.35,207233.0,52.28
2021-09-22,3605.0,3810.0,3600.05,3717.05,367873.0,45.22
2021-09-23,3749.85,3838.75,3731.0,3772.0,174589.0,39.97
2021-09-24,3825.0,3833.0,3725.45,3754.4,246921.0,61.57
2021-09-27,3771.3,3798.95,3585.0,3607.8,179237.0,54.49
2021-09-28,3639.3,3639.3,3440.45,3511.45,357905.0,58.46
2021-09-29,3499.0,3575.0,3429.4,3542.75,279216.0,55.27
2021-09-30,3631.0,3763.05,3631.0,3716.3,378801.0,36.51
2021-10-01,3710.3,3759.9,3605.0,3643.25,320996.0,36.87
2021-10-04,3670.0,3725.3,3649.95,3714.3,329407.0,65.5
2021-10-05,3713.0,3790.0,3600.0,3751.05,356654.0,50.39
2021-10-06,3779.0,3792.95,3700.6,3721.4,105922.0,48.03
2021-10-07,3774.9,3822.0,3734.0,3811.85,275086.0,56.2
2021-10-08,3821.0,4068.95,3821.0,4012.5,788573.0,27.24
2021-10-11,4039.95,4050.0,3901.05,3947.55,230141.0,35.55
2021-10-12,3950.0,3994.85,3875.05,3891.05,193857.0,52.08
2021-10-13,3920.0,4027.4,3876.0,4002.35,242026.0,41.49
2021-10-14,4095.0,4290.0,4093.45,4212.0,655709.0,34.94
2021-10-15,4095.0,4290.0,4093.45,4212.0,655709.0,34.94
2021-10-18,4250.0,4287.25,4101.0,4128.5,248680.0,48.91
2021-10-19,4148.4,4390.0,4101.15,4191.95,708892.0,35.0
2021-10-20,4199.0,4284.0,3961.2,4225.3,363080.0,38.53
2021-10-21,4225.3,4243.95,3990.0,4036.75,431127.0,38.04
2021-10-22,4044.9,4090.0,3672.7,3871.9,747540.0,47.58
2021-10-25,3906.0,4074.65,3673.3,3959.7,510384.0,37.0
2021-10-26,3959.7,4080.0,3841.0,3929.55,369160.0,39.5
2021-10-27,4100.0,4165.0,3955.65,4038.05,861761.0,27.86
2021-10-28,4055.0,4100.0,3957.0,3988.5,376396.0,71.9
2021-10-29,3998.0,4037.95,3901.0,3923.7,208711.0,56.58
2021-11-01,3954.3,4098.6,3860.2,4050.9,222990.0,38.55
2021-11-02,4050.9,4126.45,4038.05,4072.3,171038.0,60.74
2021-11-03,4083.0,4083.0,3985.2,4003.0,66801.0,42.96
2021-11-04,4083.0,4083.0,3985.2,4003.0,66801.0,42.96
2021-11-05,4049.5,4070.95,4009.95,4049.35,26542.0,44.88
2021-11-08,4061.0,4120.0,3993.3,4104.1,304742.0,47.69
2021-11-09,4122.0,4175.0,4090.45,4137.35,188712.0,55.97
2021-11-10,4131.5,4199.0,4100.0,4154.2,127934.0,34.84
2021-11-11,4154.2,4168.65,4100.0,4130.55,89594.0,35.63
2021-11-12,4144.25,4180.0,4115.0,4146.95,203202.0,68.27
2021-11-15,4155.0,4274.7,4142.0,4255.85,262416.0,46.87
2021-11-16,4260.05,4319.0,4245.0,4301.2,296522.0,51.87
2021-11-17,4300.0,4340.7,4270.0,4316.45,180212.0,54.46
2021-11-18,4348.0,4439.85,4105.4,4161.45,472096.0,25.36
2021-11-19,4348.0,4439.85,4105.4,4161.45,472096.0,25.36
2021-11-22,4161.45,4161.45,3955.05,4102.35,215889.0,38.51
2021-11-23,4078.65,4204.95,4000.0,4177.75,149286.0,39.78
2021-11-24,4176.9,4199.95,4070.5,4107.2,159435.0,36.26
2021-11-25,4134.0,4134.0,4040.05,4064.3,229451.0,66.34
2021-11-26,4060.0,4100.0,3887.45,3909.1,149389.0,40.6
2021-11-29,3800.0,4037.5,3750.0,4012.25,236495.0,51.8
2021-11-30,4052.35,4259.0,4030.0,4138.8,491621.0,33.27
2021-12-01,4140.0,4225.0,4110.0,4206.95,174181.0,41.73
2021-12-02,4210.05,4430.1,4200.6,4392.6,490444.0,39.02
2021-12-03,4416.75,4434.8,4315.7,4336.25,274942.0,41.35
2021-12-06,4336.25,4346.45,4225.05,4240.7,140404.0,46.4
2021-12-07,4267.0,4298.3,4130.3,4176.35,205072.0,41.08
2021-12-08,4214.0,4378.8,4208.1,4286.85,360063.0,30.56
2021-12-09,4326.25,4354.45,4281.0,4338.15,220100.0,30.81
2021-12-10,4335.15,4358.9,4290.0,4337.6,118701.0,40.49
2021-12-13,4360.0,4550.0,4359.0,4413.0,549763.0,34.91
2021-12-14,4448.0,4459.5,4325.3,4407.9,332551.0,25.02
2021-12-15,4420.0,4450.0,4335.0,4383.45,196594.0,37.52
2021-12-16,4400.0,4560.0,4400.0,4503.7,383025.0,25.07
2021-12-17,4560.0,4752.1,4551.05,4640.15,1318322.0,27.58
2021-12-20,4670.0,4670.0,4352.3,4417.55,448076.0,38.37
2021-12-21,4499.8,4556.95,4385.05,4430.3,646775.0,42.33
2021-12-22,4447.0,4579.5,4432.5,4539.6,313158.0,46.69
2021-12-23,4570.0,4678.0,4520.05,4629.7,270852.0,46.04
2021-12-24,4691.0,4788.8,4602.5,4618.05,365104.0,24.22
2021-12-27,4623.0,4639.85,4534.85,4622.55,187910.0,32.78
2021-12-28,4650.0,4680.0,4616.05,4647.1,145722.0,53.35
2021-12-29,4645.0,4683.95,4616.45,4648.25,158112.0,55.71
2021-12-30,4661.9,4860.0,4633.1,4810.6,488967.0,27.61
2021-12-31,4858.7,4925.0,4801.0,4904.35,349314.0,21.76
2022-01-03,4940.0,4987.5,4800.5,4872.1,303353.0,30.05
2022-01-04,4880.0,4904.95,4815.05,4836.2,182164.0,45.04
2022-01-05,4837.05,4837.9,4671.65,4678.95,369971.0,55.22
2022-01-06,4601.0,4601.0,4502.1,4534.15,446679.0,54.38
2022-01-07,4559.0,4579.9,4510.3,4545.1,223128.0,48.82
2022-01-10,4569.0,4596.6,4455.0,4493.85,344420.0,67.28
2022-01-11,4500.0,4539.45,4476.1,4491.95,179558.0,57.55
2022-01-12,4538.0,4538.0,4475.0,4485.5,278914.0,74.56
2022-01-13,4514.0,4542.7,4426.05,4518.35,237941.0,47.61
2022-01-14,4529.95,4529.95,4425.25,4445.55,187224.0,53.85
2022-01-17,4414.95,4431.85,4328.8,4377.85,329315.0,57.41
2022-01-18,4352.1,4460.0,4309.25,4349.0,273428.0,48.46
2022-01-19,4300.15,4326.5,4191.4,4267.25,320150.0,52.29
2022-01-20,4270.0,4371.6,4182.9,4246.7,387661.0,47.4
2022-01-21,4257.0,4499.45,4246.0,4301.6,947066.0,27.27
2022-01-24,4282.0,4358.25,4020.0,4066.15,530418.0,54.86
2022-01-25,4060.0,4200.85,3800.05,4144.05,467057.0,41.13
2022-01-26,4060.0,4200.85,3800.05,4144.05,467057.0,41.13
2022-01-27,4134.95,4160.05,3993.6,4066.8,586873.0,49.16
2022-01-28,4100.0,4360.25,4077.8,4287.0,459200.0,42.61
2022-01-31,4381.05,4438.8,4290.0,4400.1,297942.0,51.87
2022-02-01,4461.0,4542.05,4393.25,4496.7,342898.0,52.08
2022-02-02,4522.0,4534.0,4393.1,4436.15,234787.0,52.98
2022-02-03,4430.0,4430.0,4320.0,4342.65,128734.0,43.02
2022-02-04,4326.25,4342.95,4236.05,4296.25,114605.0,31.78
2022-02-07,4307.0,4316.5,4203.0,4232.7,113568.0,42.84
2022-02-08,4237.0,4274.0,4140.0,4163.4,126001.0,45.8
2022-02-09,4198.4,4392.4,4171.0,4366.5,241640.0,36.97
2022-02-10,4400.0,4456.1,4323.9,4413.0,258539.0,43.21
2022-02-11,4305.0,4339.1,4164.9,4196.25,240633.0,49.11
2022-02-14,3970.0,4160.4,3902.0,3943.9,405561.0,46.86
2022-02-15,3980.0,4175.0,3952.1,4157.85,378142.0,34.8
2022-02-16,4169.0,4219.65,4000.0,4020.65,232646.0,38.22
2022-02-17,4060.0,4060.0,3892.55,3913.1,220048.0,34.95
2022-02-18,3870.0,3944.1,3839.55,3858.4,196160.0,40.56
2022-02-21,3825.0,3971.95,3718.65,3837.4,404138.0,32.48
2022-02-22,3699.0,3949.9,3651.05,3927.0,325252.0,30.95
2022-02-23,3977.55,4013.9,3905.45,3959.65,276786.0,54.21
2022-02-24,3805.0,3918.6,3731.15,3776.1,449967.0,50.61
2022-02-25,3850.0,4000.0,3800.0,3873.65,291339.0,51.71
2022-02-28,3850.0,3958.85,3752.05,3937.8,382748.0,60.17
2022-03-01,3850.0,3958.85,3752.05,3937.8,382748.0,60.17
2022-03-02,3914.0,3978.95,3875.0,3885.8,215194.0,61.0
2022-03-03,3967.0,4113.15,3935.05,4092.85,504588.0,43.99
2022-03-04,4080.0,4159.85,3993.25,4072.2,407505.0,54.66
2022-03-07,3950.05,4180.6,3950.05,4144.5,289564.0,38.57
2022-03-08,4150.0,4220.0,4112.0,4196.15,328769.0,52.12
2022-03-09,4220.0,4295.0,4156.5,4239.0,267445.0,39.26
2022-03-10,4277.2,4315.55,4180.0,4279.55,178034.0,36.45
2022-03-11,4260.0,4371.1,4227.0,4358.65,171875.0,33.29
2022-03-14,4351.05,4497.7,4339.5,4475.1,213604.0,40.76
2022-03-15,4550.0,4555.0,4291.05,4326.9,505864.0,51.89
2022-03-16,4400.0,4465.4,4358.15,4428.45,214369.0,44.88
2022-03-17,4488.0,4500.05,4424.9,4484.95,952232.0,63.53
2022-03-18,4488.0,4500.05,4424.9,4484.95,952232.0,63.53
2022-03-21,4457.3,4642.0,4402.9,4430.7,545924.0,46.96
2022-03-22,4432.0,4574.0,4364.25,4541.8,345308.0,42.53
2022-03-23,4558.0,4569.3,4441.05,4490.8,254432.0,54.1
2022-03-24,4484.0,4650.0,4451.35,4639.75,337362.0,46.94
2022-03-25,4665.0,4723.0,4610.0,4675.95,283302.0,39.91
2022-03-28,4689.9,4694.85,4557.05,4631.45,260792.0,55.31
2022-03-29,4644.0,4799.0,4635.0,4758.0,411767.0,55.62
2022-03-30,4774.55,4839.9,4740.15,4787.2,315754.0,55.92
2022-03-31,4790.0,4875.0,4735.0,4765.3,227529.0,48.04
2022-04-01,4789.9,4789.9,4675.0,4722.75,369290.0,72.68
2022-04-04,4735.0,4812.3,4735.0,4791.5,226085.0,57.3
2022-04-05,4800.0,4954.0,4800.0,4915.7,466626.0,51.45
2022-04-06,4899.0,4948.45,4852.1,4874.7,173004.0,49.64
2022-04-07,4874.7,4886.8,4689.65,4705.9,257065.0,61.02
2022-04-08,4770.0,4781.0,4665.1,4710.9,315012.0,59.14
2022-04-11,4700.0,4701.0,4488.05,4515.4,364835.0,57.25
2022-04-12,4515.9,4544.9,4331.2,4382.75,289985.0,54.11
2022-04-13,4430.0,4463.8,4303.45,4329.95,205426.0,45.98
2022-04-14,4430.0,4463.8,4303.45,4329.95,205426.0,45.98
2022-04-15,4430.0,4463.8,4303.45,4329.95,205426.0,45.98
2022-04-18,4280.0,4328.95,4203.0,4215.35,313446.0,53.51
2022-04-19,4269.5,4352.5,4124.85,4174.05,271274.0,42.67
2022-04-20,4185.0,4257.7,3943.1,3985.75,427862.0,45.84
2022-04-21,4035.0,4059.0,3976.0,4011.85,269958.0,56.81
2022-04-22,3990.0,4140.0,3957.0,4027.4,248978.0,31.59
2022-04-25,4000.0,4032.0,3950.0,4007.35,287718.0,50.49
2022-04-26,4031.0,4099.9,4014.25,4056.9,253032.0,66.7
2022-04-27,4010.35,4125.2,3897.55,4076.95,205919.0,37.3
2022-04-28,4290.0,4410.0,4035.0,4308.65,1286413.0,19.71
2022-04-29,4351.75,4394.4,4281.55,4320.65,373451.0,34.63
2022-05-02,4285.0,4310.0,4130.8,4147.3,192522.0,27.48
2022-05-03,4285.0,4310.0,4130.8,4147.3,192522.0,27.48
2022-05-04,4149.95,4241.15,4085.25,4112.1,161582.0,41.52
2022-05-05,4150.0,4183.45,4120.0,4154.0,185259.0,47.75
2022-05-06,4043.0,4089.95,3886.85,4061.0,375018.0,37.63
2022-05-09,4000.0,4120.05,3904.05,3992.15,216520.0,33.78
2022-05-10,3990.0,4080.1,3925.9,3951.2,193325.0,51.62
2022-05-11,3984.9,3993.8,3737.05,3837.1,271887.0,34.39
2022-05-12,3799.9,3847.95,3675.05,3701.0,218944.0,36.94
2022-05-13,3725.0,3845.0,3567.25,3594.25,321784.0,40.56
2022-05-16,3624.9,3694.8,3540.05,3602.7,178662.0,33.02
2022-05-17,3635.2,3750.0,3622.0,3725.95,287848.0,40.56
2022-05-18,3759.0,3924.9,3743.05,3857.65,502027.0,40.66
2022-05-19,3741.0,3804.0,3592.05,3616.35,389145.0,47.15
2022-05-20,3684.0,3719.0,3622.0,3698.85,205483.0,30.69
2022-05-23,3717.0,3857.8,3690.05,3785.25,200406.0,32.26
2022-05-24,3799.95,3816.75,3600.0,3617.85,141008.0,34.12
2022-05-25,3615.05,3644.95,3281.0,3413.15,624142.0,35.56
2022-05-26,3440.0,3500.0,3323.05,3445.3,341272.0,28.35
2022-05-27,3470.0,3622.45,3451.0,3546.2,325344.0,33.61
2022-05-30,3605.0,3795.95,3605.0,3757.65,517755.0,41.82
2022-05-31,3757.0,3797.9,3707.75,3759.9,210454.0,43.88
2022-06-01,3780.9,3826.25,3718.55,3739.15,296907.0,46.54
2022-06-02,3715.0,3804.3,3692.05,3787.55,119153.0,33.46
2022-06-03,3827.0,4000.0,3788.6,3800.95,332200.0,34.04
2022-06-06,3760.0,3789.0,3708.05,3740.85,190749.0,47.34
2022-06-07,3725.0,3745.0,3655.05,3701.85,147614.0,36.85
2022-06-08,3660.0,3713.95,3582.0,3614.2,233764.0,42.33
2022-06-09,3582.0,3633.95,3568.4,3601.2,191526.0,68.78
2022-06-10,3578.75,3578.75,3478.75,3494.8,148512.0,38.65
2022-06-13,3382.0,3409.5,3309.0,3324.9,138155.0,44.44
2022-06-14,3300.0,3408.8,3277.05,3364.75,204027.0,35.32
2022-06-15,3399.9,3424.85,3355.0,3402.95,113942.0,35.72
2022-06-16,3490.0,3490.0,3230.9,3248.95,264752.0,29.21
2022-06-17,3225.0,3238.9,3106.0,3187.3,348590.0,35.36
2022-06-20,3217.65,3217.65,3102.0,3144.85,167336.0,34.37
2022-06-21,3198.35,3346.0,3150.0,3312.1,189493.0,19.3
2022-06-22,3270.05,3274.0,3160.5,3217.55,159685.0,29.21
2022-06-23,3230.0,3405.0,3230.0,3367.6,280810.0,33.62
2022-06-24,3415.9,3445.65,3250.25,3261.05,260392.0,25.12
2022-06-27,3359.0,3485.0,3325.0,3457.05,690153.0,22.09
2022-06-28,3400.0,3534.55,3363.35,3523.3,265049.0,25.18
2022-06-29,3475.0,3525.0,3435.1,3501.6,220316.0,35.05
2022-06-30,3523.65,3550.0,3386.0,3401.8,193799.0,31.9
2022-07-01,3385.0,3422.25,3270.05,3314.0,234003.0,48.54
2022-07-04,3324.9,3343.0,3185.0,3259.1,304314.0,38.03
2022-07-05,3269.0,3355.2,3250.0,3253.95,240229.0,35.42
2022-07-06,3272.3,3374.3,3251.05,3356.35,207780.0,34.9
2022-07-07,3387.0,3491.1,3360.0,3381.95,296554.0,38.49
2022-07-08,3423.2,3459.35,3373.0,3397.8,198760.0,13.34
2022-07-11,3330.0,3368.0,3230.1,3284.15,247214.0,25.68
2022-07-12,3247.0,3368.0,3240.45,3330.25,223625.0,25.58
2022-07-13,3340.1,3397.0,3308.25,3318.6,146620.0,35.28
2022-07-14,3380.0,3380.0,3118.05,3172.2,393548.0,43.22
2022-07-15,3197.6,3230.5,3111.3,3141.85,277574.0,39.73
2022-07-18,3174.75,3258.0,3164.2,3250.7,464232.0,53.3
2022-07-19,3244.95,3342.0,3196.25,3328.05,400297.0,43.14
2022-07-20,3400.0,3540.0,3351.0,3514.55,572689.0,32.12
2022-07-21,3515.0,3610.0,3455.0,3563.0,536746.0,27.9
2022-07-22,3705.0,3747.0,3593.55,3632.75,1433362.0,13.26
2022-07-25,3625.0,3678.9,3580.0,3606.55,558130.0,51.0
2022-07-26,3609.8,3609.8,3322.0,3333.95,698137.0,33.0
2022-07-27,3340.0,3402.95,3291.25,3383.35,541482.0,28.61
2022-07-28,3440.0,3533.0,3400.0,3520.3,514183.0,29.52
2022-07-29,3560.0,3665.6,3550.0,3632.85,536702.0,39.36
2022-08-01,3665.95,3673.15,3606.05,3655.2,366245.0,53.86
2022-08-02,3650.0,3680.0,3610.0,3623.55,310779.0,47.1
2022-08-03,3600.0,3736.95,3571.15,3721.85,578190.0,37.98
2022-08-04,3774.0,3845.2,3691.05,3769.15,774615.0,30.89
2022-08-05,3804.65,3838.9,3762.0,3792.45,360961.0,43.23
2022-08-10,3746.1,3784.0,3615.05,3643.4,317435.0,44.31
2022-08-11,3725.55,3828.5,3709.2,3731.3,319682.0,24.67
2022-08-12,3747.0,3747.0,3670.05,3723.4,205508.0,52.74
2022-08-15,3747.0,3747.0,3670.05,3723.4,205508.0,52.74
2022-08-16,3777.0,3777.0,3706.9,3727.95,128334.0,36.87
2022-08-17,3759.8,3865.0,3727.95,3796.85,336729.0,36.67
2022-08-18,3789.0,3893.55,3754.95,3833.6,315219.0,36.25
2022-08-19,3843.0,3923.0,3741.7,3763.7,394544.0,36.15
2022-08-22,3739.0,3739.0,3671.15,3692.9,166584.0,37.9
2022-08-23,3600.0,3695.95,3567.75,3623.85,313812.0,34.82
2022-08-24,3649.25,3692.4,3582.05,3608.6,256479.0,41.89
2022-08-25,3639.1,3673.5,3520.05,3542.2,224519.0,43.21
2022-08-26,3584.0,3618.0,3505.05,3525.55,193122.0,30.72
2022-08-29,3380.05,3471.9,3355.15,3426.85,358927.0,51.29
2022-08-30,3459.15,3537.95,3430.4,3517.95,214804.0,32.72
2022-08-31,3459.15,3537.95,3430.4,3517.95,214804.0,32.72
2022-09-01,3508.8,3508.8,3390.0,3399.95,442574.0,63.9
2022-09-02,3434.0,3442.45,3392.3,3414.45,432929.0,72.5
2022-09-05,3428.9,3444.0,3386.05,3402.3,194167.0,46.88
2022-09-06,3418.0,3428.8,3338.5,3351.65,347410.0,57.33
2022-09-07,3345.0,3350.0,3279.05,3301.25,611217.0,58.88
2022-09-08,3356.65,3394.6,3270.0,3279.1,313396.0,45.84
2022-09-09,3320.0,3406.9,3284.05,3393.25,330103.0,22.02
2022-09-12,3433.5,3478.5,3406.0,3421.9,334257.0,35.53
2022-09-13,3458.0,3469.95,3385.0,3399.15,180485.0,53.93
2022-09-14,3255.0,3334.05,3249.95,3300.3,360584.0,49.58
2022-09-15,3320.0,3338.2,3235.5,3246.75,239618.0,51.65
2022-09-16,3240.0,3264.0,3150.0,3161.1,342597.0,57.58
2022-09-19,3181.0,3204.35,3125.5,3163.0,142014.0,29.08
2022-09-20,3200.0,3250.0,3172.2,3180.2,307344.0,62.5
2022-09-21,3178.0,3231.55,3131.1,3179.0,248403.0,27.48
2022-09-22,3152.5,3217.35,3125.5,3200.55,298636.0,45.43
2022-09-23,3219.0,3260.0,3135.0,3148.0,198385.0,31.14
2022-09-26,3138.0,3235.2,3092.05,3176.75,372720.0,38.77
2022-09-27,3189.95,3225.0,3135.1,3175.7,241607.0,43.97
2022-09-28,3160.0,3232.15,3131.0,3202.1,198684.0,45.37
2022-09-29,3240.0,3300.0,3162.4,3223.6,632590.0,49.62
2022-09-30,3220.0,3294.0,3172.4,3241.2,386234.0,48.35
2022-10-03,3230.0,3241.2,3175.8,3199.35,165839.0,40.28
2022-10-04,3245.0,3325.0,3233.45,3298.9,421337.0,42.28
2022-10-05,3245.0,3325.0,3233.45,3298.9,421337.0,42.28
2022-10-06,3372.0,3570.45,3342.9,3552.75,1276258.0,31.8
2022-10-07,3535.0,3552.7,3478.0,3489.25,572966.0,48.51
2022-10-10,3448.0,3584.0,3426.0,3563.2,376648.0,39.99
2022-10-11,3590.0,3639.5,3517.4,3541.9,445522.0,45.5
2022-10-12,3550.0,3624.5,3540.0,3597.35,257600.0,39.67
2022-10-13,3600.0,3622.75,3502.5,3516.65,196847.0,37.63
2022-10-14,3580.0,3684.0,3565.0,3647.4,535415.0,34.12
2022-10-17,3625.0,3669.95,3595.0,3628.65,213085.0,32.01
2022-10-18,3668.0,3723.0,3640.0,3689.9,315877.0,35.85
2022-10-19,3701.0,3728.95,3654.9,3662.55,225762.0,30.96
2022-10-20,3639.0,3717.0,3585.0,3706.6,339883.0,24.25
2022-10-21,3710.0,3730.0,3641.05,3665.7,238133.0,45.5
2022-10-24,3715.0,3760.0,3681.4,3708.0,73562.0,44.27
2022-10-25,3725.0,3853.95,3705.55,3829.3,463767.0,38.12
2022-10-26,3725.0,3853.95,3705.55,3829.3,463767.0,38.12
2022-10-27,3836.0,3865.0,3733.0,3768.95,239672.0,39.74
2022-10-28,3760.0,3760.0,3612.5,3621.5,206433.0,30.57
2022-10-31,3657.0,3723.7,3651.5,3693.05,151484.0,34.53
2022-11-01,3716.0,3778.2,3702.05,3764.55,159900.0,39.41
2022-11-02,3770.0,3781.95,3720.0,3751.75,219096.0,50.56
2022-11-03,3700.0,3790.0,3672.0,3755.35,181570.0,29.64
2022-11-04,3760.0,3772.6,3666.0,3697.95,200026.0,45.08
2022-11-07,3721.0,3758.4,3700.15,3732.95,150522.0,39.63
2022-11-08,3721.0,3758.4,3700.15,3732.95,150522.0,39.63
2022-11-09,3750.0,3773.8,3700.0,3711.0,160849.0,49.38
2022-11-10,3698.45,3706.75,3642.15,3664.55,124600.0,48.61
2022-11-11,3750.0,3859.4,3682.55,3747.9,651625.0,34.44
2022-11-14,3750.0,3847.0,3747.9,3834.8,214611.0,35.36
2022-11-15,3834.8,3855.0,3755.0,3818.85,157155.0,37.23
2022-11-16,3818.85,3908.55,3774.0,3812.45,411314.0,32.68
2022-11-17,3790.0,3804.8,3729.35,3776.1,184226.0,36.2
2022-11-18,3770.0,3839.55,3667.0,3734.55,265266.0,37.96
2022-11-21,3730.0,3730.0,3617.8,3659.4,262770.0,39.49
2022-11-22,3651.0,3721.95,3625.9,3712.1,185268.0,40.73
2022-11-23,3745.0,3761.45,3694.0,3734.65,183252.0,33.07
2022-11-24,3750.0,3900.0,3737.1,3888.3,395882.0,40.61
2022-11-25,3888.3,3979.0,3878.25,3970.8,481263.0,27.74
2022-11-28,3970.8,4081.85,3950.05,4027.95,462196.0,33.79
2022-11-29,4028.0,4053.3,3978.05,4034.75,256284.0,38.59
2022-11-30,4037.85,4172.0,4032.55,4154.7,413840.0,36.36
2022-12-01,4181.0,4424.9,4180.0,4323.9,1384641.0,36.49
2022-12-02,4330.0,4398.0,4312.85,4345.25,491080.0,40.78
2022-12-05,4310.3,4327.9,4217.25,4263.7,304928.0,35.5
2022-12-06,4231.0,4241.25,4125.0,4135.15,236513.0,28.86
2022-12-07,4125.0,4128.95,4026.0,4058.55,261532.0,27.02
2022-12-08,4059.0,4118.95,4016.0,4102.15,205736.0,30.38
2022-12-09,4118.0,4144.95,3938.05,3955.6,326938.0,28.63
2022-12-12,3937.0,4068.0,3891.0,4052.7,310979.0,21.59
2022-12-13,4060.1,4095.0,3991.0,4079.6,329014.0,47.86
2022-12-14,4111.1,4215.0,4101.3,4197.2,504667.0,36.12
2022-12-15,4205.0,4225.0,4092.25,4103.5,191775.0,25.24
2022-12-16,4072.0,4072.0,3952.65,3968.35,404601.0,38.52
2022-12-19,3981.0,3986.85,3871.05,3961.35,264896.0,32.41
2022-12-20,3916.0,3946.0,3855.75,3912.2,259699.0,38.58
2022-12-21,3946.0,3981.3,3871.05,3908.9,268558.0,26.29
2022-12-22,3949.0,3965.95,3881.9,3897.4,212817.0,29.71
2022-12-23,3850.0,3870.0,3784.05,3834.35,225790.0,27.63
2022-12-26,3820.0,3848.5,3789.95,3810.7,165548.0,26.3
2022-12-27,3859.0,3927.95,3822.0,3915.95,166223.0,17.89
2022-12-28,3911.0,3911.0,3831.0,3860.1,157833.0,19.86
2022-12-29,3837.3,3873.7,3805.0,3827.6,276237.0,42.31
2022-12-30,3895.0,3947.85,3860.0,3870.9,264688.0,27.93
2023-01-02,3888.95,4045.0,3850.0,4027.95,445934.0,28.21
2023-01-03,4030.0,4091.35,4020.05,4048.9,394689.0,25.22
2023-01-04,4040.0,4068.9,3890.4,3928.95,399254.0,36.5
2023-01-05,3942.0,3965.65,3882.0,3929.45,225406.0,31.6
2023-01-06,3925.0,3939.95,3840.0,3851.9,301637.0,47.15
2023-01-09,3898.95,4004.0,3875.0,3994.85,296054.0,30.13
2023-01-10,4000.0,4000.0,3906.45,3963.1,173187.0,19.04
2023-01-11,3950.0,4034.8,3907.2,3926.45,251115.0,27.2
2023-01-12,3946.1,4008.45,3934.0,3978.2,216903.0,27.06
2023-01-13,4034.95,4084.5,3905.0,4005.9,596422.0,17.16
2023-01-16,4025.5,4073.9,3962.4,3974.15,241012.0,19.55
2023-01-17,3994.05,4016.7,3963.0,3976.7,202216.0,40.01
2023-01-18,3988.05,4017.9,3907.45,3959.6,278357.0,37.67
2023-01-19,3950.0,4278.0,3920.0,4258.15,2162206.0,15.25
2023-01-20,4238.05,4359.95,4236.0,4323.5,738210.0,16.44
2023-01-23,4330.0,4680.0,4272.05,4593.15,1263514.0,22.11
2023-01-24,4585.9,4678.8,4539.45,4588.3,1076409.0,16.8
2023-01-25,4529.7,4615.0,4516.35,4594.0,480661.0,28.69
2023-01-26,4529.7,4615.0,4516.35,4594.0,480661.0,28.69
2023-01-27,4592.0,4705.0,4551.0,4576.95,752871.0,37.95
2023-01-30,4590.0,4663.9,4543.05,4614.9,301399.0,18.76
2023-01-31,4627.0,4749.0,4512.55,4687.55,530065.0,50.29
2023-02-01,4701.0,4744.0,4603.35,4684.35,426462.0,40.15
2023-02-02,4715.0,4888.0,4715.0,4824.4,643711.0,36.75
2023-02-03,4840.0,4880.0,4786.25,4851.0,330668.0,30.78
2023-02-06,4845.05,4950.0,4775.0,4839.0,432467.0,36.85
2023-02-07,4838.0,4874.6,4802.5,4820.6,154432.0,27.98
2023-02-08,4850.0,4924.85,4824.35,4833.8,246421.0,29.46
2023-02-09,4828.05,4893.95,4780.0,4824.85,185521.0,27.11
2023-02-10,4820.0,4900.0,4780.0,4890.7,225054.0,35.11
2023-02-13,4893.0,4893.0,4695.8,4721.8,360450.0,27.93
2023-02-14,4735.0,4832.75,4729.0,4751.55,325848.0,16.5
2023-02-15,4758.85,4848.9,4712.05,4830.95,235688.0,17.09
2023-02-16,4875.0,4984.25,4855.4,4939.75,476664.0,26.81
2023-02-17,4906.05,4940.0,4850.0,4910.35,224598.0,39.27
2023-02-20,4919.95,5095.0,4895.8,5062.05,698793.0,23.78
2023-02-21,5085.0,5135.0,4958.85,4968.0,406669.0,19.49
2023-02-22,4906.0,5074.0,4892.0,5039.5,386046.0,20.55
2023-02-23,5059.0,5073.85,4951.0,4971.0,322005.0,34.77
2023-02-24,4980.4,4998.0,4883.55,4895.0,307475.0,32.34
2023-02-27,4874.65,4874.65,4738.55,4821.5,359937.0,34.37
2023-02-28,4866.15,4875.0,4744.8,4793.1,236414.0,37.66
2023-03-01,4800.0,4935.0,4761.55,4908.1,274370.0,33.3
2023-03-02,4889.95,4917.6,4842.0,4860.35,172339.0,29.61
2023-03-03,4900.0,4948.9,4841.5,4866.15,189073.0,23.45
2023-03-06,4899.95,4950.0,4858.6,4878.0,206848.0,34.92
2023-03-07,4899.95,4950.0,4858.6,4878.0,206848.0,34.92
2023-03-08,4850.0,4905.95,4785.05,4891.65,253049.0,34.94
2023-03-09,4914.8,4918.4,4808.0,4817.6,121941.0,33.73
2023-03-10,4760.0,4777.8,4686.05,4749.4,396452.0,44.7
2023-03-13,4768.5,4798.2,4602.0,4622.05,286778.0,42.68
2023-03-14,4625.0,4625.0,4450.9,4533.1,780952.0,55.05
2023-03-15,4574.95,4594.4,4495.5,4524.8,299207.0,55.37
2023-03-16,4520.0,4584.0,4462.0,4480.7,267466.0,34.95
2023-03-17,4543.2,4660.0,4530.9,4651.95,544661.0,34.13
2023-03-20,4620.0,4656.25,4500.3,4557.95,234834.0,35.78
2023-03-21,4570.05,4581.75,4450.55,4476.55,277319.0,34.94
2023-03-22,4535.0,4568.35,4484.05,4492.55,258286.0,29.03
2023-03-23,4465.05,4467.6,4367.05,4426.7,466387.0,43.51
2023-03-24,4450.0,4550.0,4316.0,4324.8,459946.0,34.24
2023-03-27,4346.45,4442.45,4300.1,4367.1,325335.0,33.26
2023-03-28,4379.0,4448.35,4356.45,4425.05,189022.0,26.37
2023-03-29,4417.0,4555.5,4387.1,4541.8,394439.0,47.61
2023-03-30,4417.0,4555.5,4387.1,4541.8,394439.0,47.61
2023-03-31,4581.85,4650.0,4533.0,4609.5,591127.0,60.12
2023-04-03,4630.0,4634.2,4462.0,4533.55,327490.0,42.42
2023-04-04,4630.0,4634.2,4462.0,4533.55,327490.0,42.42
2023-04-05,4534.0,4574.95,4470.1,4550.55,246942.0,26.63
2023-04-06,4526.0,4583.0,4508.8,4547.3,232981.0,33.99
2023-04-07,4526.0,4583.0,4508.8,4547.3,232981.0,33.99
2023-04-10,4548.0,4583.5,4491.0,4569.75,132523.0,27.94
2023-04-11,4569.0,4569.0,4491.3,4512.5,183969.0,36.81
2023-04-12,4514.65,4564.0,4500.0,4543.6,185390.0,45.99
2023-04-13,4516.5,4540.0,4351.0,4391.75,622154.0,49.55
2023-04-14,4516.5,4540.0,4351.0,4391.75,622154.0,49.55
2023-04-17,4200.0,4225.0,3962.05,4204.55,1323898.0,35.42
2023-04-18,4244.95,4382.0,4180.0,4355.6,656221.0,26.06
2023-04-19,4369.95,4390.0,4283.0,4317.4,367600.0,31.99
2023-04-20,4339.9,4374.05,4270.0,4290.05,200831.0,17.41
2023-04-21,4300.0,4348.5,4225.0,4301.35,243354.0,21.51
2023-04-24,4340.0,4468.95,4335.05,4442.3,719217.0,22.08
2023-04-25,4395.0,4498.0,4364.35,4472.2,764971.0,10.74
2023-04-26,4408.05,4545.5,4351.3,4472.2,583786.0,21.91
2023-04-27,4469.8,4631.9,4445.0,4583.2,453725.0,18.09
2023-04-28,4598.0,4769.8,4590.05,4737.25,584752.0,24.56
2023-05-01,4598.0,4769.8,4590.05,4737.25,584752.0,24.56
2023-05-02,4757.0,4822.45,4730.45,4750.9,273054.0,24.73
2023-05-03,4720.0,4749.4,4671.0,4677.95,279559.0,41.06
2023-05-04,4685.65,4718.0,4620.0,4669.25,248605.0,34.8
2023-05-05,4669.0,4716.6,4627.75,4639.75,210638.0,34.09
2023-05-08,4673.0,4695.95,4636.0,4674.25,190163.0,40.94
2023-05-09,4700.0,4766.0,4681.3,4695.1,274423.0,31.96
2023-05-10,4726.0,4726.0,4657.5,4671.8,141399.0,38.21
2023-05-11,4717.0,4725.7,4648.9,4667.2,230208.0,44.08
2023-05-12,4679.0,4718.3,4626.75,4651.9,209608.0,43.01
2023-05-15,4660.0,4701.45,4617.0,4691.35,155642.0,39.03
2023-05-16,4715.0,4814.0,4675.0,4718.0,330323.0,34.81
2023-05-17,4725.75,4813.45,4684.0,4804.35,356831.0,35.5
2023-05-18,4846.95,4854.2,4735.3,4748.25,180362.0,30.75
2023-05-19,4785.0,4896.0,4765.4,4888.2,508919.0,37.05
2023-05-22,4900.0,5056.25,4890.0,5041.1,433771.0,27.57
2023-05-23,5040.0,5096.0,4940.0,4950.05,339022.0,34.3
2023-05-24,4935.0,5059.95,4895.35,4966.7,402580.0,30.84
2023-05-25,4990.0,5043.0,4966.15,5026.5,220280.0,32.63
2023-05-26,5066.0,5160.0,5031.4,5088.95,586129.0,31.93
2023-05-29,5133.65,5133.65,5031.25,5039.25,246803.0,39.77
2023-05-30,5043.85,5101.5,5026.15,5072.35,215994.0,33.67
2023-05-31,5068.45,5159.0,5050.0,5138.4,330284.0,43.6
2023-06-01,5158.0,5201.0,5094.25,5173.5,283454.0,36.64
2023-06-02,5200.0,5278.95,5175.0,5226.5,383230.0,51.94
2023-06-05,5268.0,5276.0,5191.5,5209.45,106367.0,26.86
2023-06-06,5098.0,5098.0,4905.0,4981.05,759668.0,28.27
2023-06-07,5000.0,5039.0,4970.0,5018.55,229124.0,26.95
2023-06-08,5040.0,5040.0,4915.0,4926.15,216000.0,39.6
2023-06-09,4939.95,4946.0,4820.0,4886.75,374362.0,37.48
2023-06-12,4920.05,5002.0,4839.0,4983.7,276496.0,36.9
2023-06-13,5011.95,5085.0,4985.0,5040.2,360095.0,39.65
2023-06-14,4928.0,4987.35,4862.0,4964.25,517393.0,26.32
2023-06-15,4950.0,5010.0,4906.0,4984.25,372058.0,47.91
2023-06-16,5005.0,5005.0,4931.0,4958.75,250192.0,45.38
2023-06-19,4940.05,4980.0,4910.95,4943.1,212753.0,45.24
2023-06-20,4950.0,4975.0,4905.75,4969.05,196462.0,50.55
2023-06-21,4999.9,5000.0,4928.0,4937.4,195989.0,52.14
2023-06-22,4917.0,4936.95,4856.05,4869.9,213145.0,45.95
2023-06-23,4858.95,4858.95,4781.35,4804.85,164604.0,31.17
2023-06-26,4794.75,4927.75,4771.0,4906.15,222718.0,48.26
2023-06-27,4855.25,4931.9,4855.25,4891.9,180714.0,42.8
2023-06-28,4909.45,4928.35,4860.0,4875.9,227244.0,53.74
2023-06-29,4909.45,4928.35,4860.0,4875.9,227244.0,53.74
2023-06-30,4888.0,5038.65,4878.05,5011.05,480084.0,47.52
2023-07-03,5055.0,5055.0,4850.0,4861.75,489416.0,41.07
2023-07-04,4874.9,4888.0,4822.0,4867.4,224970.0,33.3
2023-07-05,4835.1,4869.15,4818.05,4856.3,412181.0,38.33
2023-07-06,4859.8,4898.0,4803.0,4889.3,231970.0,54.06
2023-07-07,4890.0,4919.95,4807.25,4829.55,212125.0,36.68
2023-07-10,4829.55,4860.0,4725.05,4748.2,227709.0,43.71
2023-07-11,4720.0,4763.2,4680.0,4717.9,243899.0,44.58
2023-07-12,4720.0,4740.0,4646.45,4694.85,400140.0,42.11
2023-07-13,4698.95,4877.0,4690.05,4760.1,613523.0,42.97
2023-07-14,4818.8,4939.0,4774.0,4924.0,712319.0,51.14
2023-07-17,4947.95,5089.0,4911.0,4962.25,561219.0,36.74
2023-07-18,4999.55,5032.1,4921.0,4983.4,288857.0,25.98
2023-07-19,5006.95,5149.0,4925.15,5138.7,1042433.0,45.98
2023-07-20,5149.8,5157.65,5009.4,5043.75,321195.0,34.73
2023-07-21,4890.0,4950.0,4716.0,4749.6,1277966.0,39.97
2023-07-24,4769.95,4818.7,4701.1,4773.9,291720.0,27.28
2023-07-25,4808.5,4808.5,4659.1,4682.95,501061.0,56.31
2023-07-26,4682.95,4717.45,4642.75,4664.15,435282.0,51.65
2023-07-27,4673.05,4744.0,4647.35,4720.35,465366.0,59.41
2023-07-28,4742.9,4762.95,4682.5,4696.8,254821.0,44.58
2023-07-31,4735.0,4758.0,4691.1,4744.05,256317.0,51.38
2023-08-01,4744.05,4835.5,4713.8,4809.55,399381.0,49.63
2023-08-02,4800.0,4800.35,4670.45,4717.0,366878.0,47.0
2023-08-03,4708.0,4716.55,4634.35,4691.2,229382.0,43.82
2023-08-04,4725.0,4810.0,4710.3,4785.75,325905.0,45.49
2023-08-07,4800.0,4904.75,4772.0,4882.1,362352.0,41.92
2023-08-08,4870.0,4949.95,4843.0,4856.95,302803.0,40.33
2023-08-09,4877.0,4888.15,4796.25,4849.65,242292.0,33.07
2023-08-10,4841.0,4875.0,4821.0,4844.5,183265.0,43.61
2023-08-11,4858.0,4947.0,4853.3,4892.55,397803.0,40.8
2023-08-14,4892.55,4950.0,4841.0,4938.1,262601.0,40.35
2023-08-15,4892.55,4950.0,4841.0,4938.1,262601.0,40.35
2023-08-16,4947.9,5000.0,4876.6,4972.3,389634.0,41.31
2023-08-17,4973.0,4997.0,4898.0,4914.2,185746.0,53.65
2023-08-18,4909.0,4924.95,4758.0,4851.7,243423.0,35.22
2023-08-21,4884.0,5032.85,4853.95,5010.7,423595.0,28.26
2023-08-22,5039.7,5065.15,5005.35,5029.7,340691.0,52.48
2023-08-23,5037.0,5076.0,4987.8,5005.1,188983.0,39.99
2023-08-24,5025.0,5148.85,5011.15,5119.95,436066.0,28.12
2023-08-25,5100.0,5175.0,5024.05,5137.9,420276.0,41.83
2023-08-28,5149.95,5190.0,5034.6,5047.55,298980.0,28.31
2023-08-29,5075.0,5118.8,5041.3,5106.35,232983.0,51.59
2023-08-30,5140.0,5200.0,5120.2,5185.9,273751.0,44.48
2023-08-31,5198.55,5391.0,5182.15,5370.7,693445.0,35.78
2023-09-01,5300.0,5572.9,5300.0,5543.3,648068.0,39.84
2023-09-04,5568.0,5800.0,5551.25,5782.55,714851.0,26.44
2023-09-05,5800.0,5939.45,5718.25,5925.7,673495.0,40.05
2023-09-06,5925.0,5970.85,5861.2,5957.45,512362.0,30.03
2023-09-07,5939.8,5989.1,5914.3,5939.8,288015.0,42.05
2023-09-08,5875.8,5997.95,5851.0,5971.05,342740.0,40.36
2023-09-11,5974.0,6035.0,5915.0,5936.15,423473.0,45.6
2023-09-12,5988.3,5988.3,5826.45,5839.9,302359.0,35.72
2023-09-13,5786.8,5826.5,5714.05,5779.5,355274.0,37.57
2023-09-14,5815.0,5952.6,5774.0,5939.15,362520.0,33.98
2023-09-15,5986.0,5986.0,5894.05,5965.65,195112.0,31.92
2023-09-18,5979.0,5985.0,5820.6,5838.9,296021.0,38.46
2023-09-19,5979.0,5985.0,5820.6,5838.9,296021.0,38.46
2023-09-20,5838.0,5838.75,5744.5,5786.65,446726.0,54.61
2023-09-21,5774.9,5848.85,5711.8,5755.05,314630.0,29.94
2023-09-22,5775.0,5859.75,5706.05,5849.35,258771.0,32.86
2023-09-25,5890.0,5957.6,5768.0,5917.35,523407.0,29.89
2023-09-26,5913.7,5944.7,5838.75,5859.05,185094.0,38.72
2023-09-27,5900.0,5917.95,5828.05,5838.8,180807.0,49.38
2023-09-28,5848.75,5869.5,5671.7,5736.95,326864.0,41.42
2023-09-29,5730.0,5848.25,5607.65,5796.7,550901.0,29.89
2023-10-02,5730.0,5848.25,5607.65,5796.7,550901.0,29.89
2023-10-03,5774.85,5809.0,5715.35,5728.05,260378.0,41.03
2023-10-04,5699.1,5717.9,5630.0,5692.65,418559.0,56.03
2023-10-05,5729.0,5780.0,5695.05,5739.35,235078.0,37.86
2023-10-06,5780.0,5799.0,5690.0,5748.05,185406.0,28.11
2023-10-09,5734.95,5791.0,5576.8,5595.85,448744.0,51.6
2023-10-10,5618.0,5798.95,5600.0,5757.15,447686.0,48.04
2023-10-11,5804.95,5885.0,5745.4,5760.95,437015.0,38.67
2023-10-12,5784.0,5845.0,5712.55,5771.45,315465.0,28.26
2023-10-13,5720.0,5805.0,5685.05,5765.45,422662.0,46.77
2023-10-16,5784.85,5807.05,5715.2,5760.9,427991.0,54.39
2023-10-17,5805.0,5814.9,5701.3,5711.65,344974.0,56.48
2023-10-18,5714.7,5790.0,5625.75,5715.75,492320.0,51.11
2023-10-19,5750.0,5948.95,5705.0,5848.95,782282.0,23.65
2023-10-20,5848.95,5945.0,5806.75,5907.3,409833.0,33.14
2023-10-23,5906.05,5939.8,5775.8,5806.25,470853.0,26.57
2023-10-24,5906.05,5939.8,5775.8,5806.25,470853.0,26.57
2023-10-25,5834.25,5935.0,5821.9,5898.55,531909.0,25.69
2023-10-26,5840.0,5895.0,5680.0,5866.55,459145.0,39.53
2023-10-27,5900.0,6145.5,5870.0,6083.75,948305.0,25.44
2023-10-30,6137.35,6138.0,6041.25,6067.9,409498.0,23.1
2023-10-31,6100.0,6200.0,6068.2,6160.2,452711.0,28.77
2023-11-01,6175.0,6258.0,6130.6,6211.0,394463.0,29.0
2023-11-02,6260.0,6280.0,6174.1,6225.45,264762.0,38.54
2023-11-03,6250.0,6318.0,6230.95,6286.15,492689.0,63.51
2023-11-06,6305.0,6346.5,6220.0,6246.0,354427.0,31.55
2023-11-07,6246.0,6259.95,6127.6,6226.15,275087.0,27.73
2023-11-08,6287.95,6299.8,6220.5,6288.4,178373.0,30.29
2023-11-09,6314.95,6329.0,6257.1,6319.7,184010.0,48.09
2023-11-10,6299.0,6310.0,6231.45,6246.15,170878.0,51.1
2023-11-13,6246.0,6287.45,6142.9,6236.1,378039.0,44.75
2023-11-14,6246.0,6287.45,6142.9,6236.1,378039.0,44.75
2023-11-15,6338.6,6396.85,6239.15,6263.8,781902.0,48.77
2023-11-16,6289.95,6411.0,6262.3,6396.25,423673.0,39.7
2023-11-17,6438.0,6480.35,6363.0,6386.85,335498.0,44.73
2023-11-20,6409.0,6499.95,6388.55,6480.5,479401.0,32.58
2023-11-21,6500.0,6576.0,6433.05,6465.6,471699.0,45.32
2023-11-22,6453.95,6615.0,6425.05,6594.0,403953.0,28.53
2023-11-23,6614.8,6624.65,6366.0,6378.85,559477.0,41.46
2023-11-24,6410.0,6473.9,6326.7,6390.35,514807.0,40.08
2023-11-27,6410.0,6473.9,6326.7,6390.35,514807.0,40.08
2023-11-28,6425.0,6440.0,6276.0,6319.1,570088.0,42.01
2023-11-29,6374.95,6475.0,6366.0,6442.7,437669.0,48.28
2023-11-30,6487.0,6510.0,6330.3,6399.95,7264052.0,57.05
2023-12-01,6445.0,6483.35,6390.0,6433.3,207847.0,42.15
2023-12-04,6501.0,6525.0,6396.7,6441.45,396407.0,54.85
2023-12-05,6470.0,6499.0,6270.8,6379.95,352814.0,53.59
2023-12-06,6414.9,6485.0,6322.05,6335.8,223890.0,41.99
2023-12-07,6370.0,6373.6,6289.3,6308.85,210255.0,54.81
2023-12-08,6350.0,6536.0,6314.35,6464.5,511246.0,32.27
2023-12-11,6500.0,6540.0,6462.0,6527.05,318228.0,50.84
2023-12-12,6550.0,6664.95,6500.0,6527.45,442046.0,42.64
2023-12-13,6554.0,6569.55,6426.25,6521.7,166972.0,46.92
2023-12-14,6596.0,6897.15,6581.7,6859.3,757543.0,44.57
2023-12-15,6899.0,7400.25,6865.8,7224.85,1461431.0,28.19
2023-12-18,7224.85,7246.45,7075.7,7146.55,398884.0,29.77
2023-12-19,7190.0,7190.0,6965.25,7064.3,396500.0,42.77
2023-12-20,7125.0,7274.2,6957.0,6996.6,385763.0,27.39
2023-12-21,6940.0,7175.0,6918.95,7162.6,283900.0,21.49
2023-12-22,7200.05,7490.95,7155.0,7431.35,630521.0,24.57
2023-12-25,7200.05,7490.95,7155.0,7431.35,630521.0,24.57
2023-12-26,7450.0,7455.0,7325.0,7358.55,306361.0,31.8
2023-12-27,7375.0,7485.0,7352.05,7395.8,306811.0,36.24
2023-12-28,7420.0,7560.0,7371.0,7519.05,335610.0,39.44
2023-12-29,7519.05,7519.05,7363.65,7389.4,264806.0,40.77
2024-01-01,7425.0,7425.0,7301.15,7317.9,140396.0,39.96
2024-01-02,7355.0,7363.95,7244.7,7329.05,195144.0,31.72
2024-01-03,7300.0,7325.0,7160.35,7287.55,254382.0,36.63
2024-01-04,7312.0,7414.95,7218.15,7265.2,300194.0,49.77
2024-01-05,7270.0,7398.0,7260.0,7350.75,261555.0,41.66
2024-01-08,7365.0,7385.4,7210.1,7286.35,182858.0,42.45
2024-01-09,7404.95,7414.2,7275.0,7292.0,156254.0,28.48
2024-01-10,7310.0,7403.35,7237.4,7381.3,181428.0,45.13
2024-01-11,7410.0,7500.0,7371.0,7390.95,252490.0,43.61
2024-01-12,7510.95,7744.9,7480.0,7655.05,501426.0,34.06
2024-01-15,7760.0,7880.0,7639.8,7666.8,331525.0,25.79
2024-01-16,7699.9,7699.9,7535.0,7619.4,144302.0,44.89
2024-01-17,7535.0,7745.0,7525.0,7712.4,317583.0,48.53
2024-01-18,7789.0,7897.6,7555.25,7763.15,448755.0,32.7
2024-01-19,7890.0,7910.0,7743.3,7865.75,360110.0,38.37
2024-01-22,7930.0,7965.0,7860.0,7921.55,136060.0,23.98
2024-01-23,8239.0,8713.7,8120.05,8254.4,1413439.0,18.61
2024-01-24,8398.0,8509.95,8246.2,8475.8,435814.0,26.98
2024-01-25,8500.0,8541.0,8277.35,8378.75,262203.0,35.91
2024-01-26,8500.0,8541.0,8277.35,8378.75,262203.0,35.91
2024-01-29,8450.0,8655.0,8360.95,8637.6,516476.0,47.52
2024-01-30,8693.0,8830.0,8336.5,8373.85,383157.0,27.17
2024-01-31,8332.35,8448.0,8258.15,8353.15,364971.0,49.71
2024-02-01,8425.0,8425.0,8203.1,8295.75,129065.0,34.97
2024-02-02,8378.7,8515.7,8355.1,8502.6,210686.0,44.85
2024-02-05,8525.0,8591.05,8430.9,8553.6,298375.0,20.82
2024-02-06,8599.9,8719.5,8536.0,8642.0,222616.0,32.74
2024-02-07,8653.8,8692.1,8605.05,8650.9,100876.0,33.26
2024-02-08,8700.0,8700.0,8555.0,8629.85,112870.0,43.26
2024-02-09,8679.0,8699.5,8570.15,8638.75,159345.0,49.4
2024-02-12,8692.0,8764.2,8610.05,8704.75,575921.0,21.74
2024-02-13,8675.0,8708.7,8515.9,8697.5,155753.0,35.27
2024-02-14,8618.05,8664.2,8520.0,8617.05,185351.0,45.08
2024-02-15,8659.85,8774.85,8659.85,8725.25,184154.0,50.42
2024-02-16,8780.0,8900.0,8687.15,8869.55,197048.0,42.63
2024-02-19,8900.0,8900.0,8712.75,8736.3,299559.0,37.65
2024-02-20,8736.3,8799.0,8650.0,8700.9,143111.0,50.38
2024-02-21,8725.0,8736.9,8490.0,8519.9,146451.0,35.89
2024-02-22,8574.95,8625.5,8505.0,8560.15,192083.0,56.16
2024-02-23,8655.0,8744.0,8620.0,8652.3,153596.0,41.76
2024-02-26,8650.0,8650.0,8300.05,8425.4,738421.0,19.94
2024-02-27,8485.0,8530.0,8409.0,8518.8,177605.0,41.04
2024-02-28,8539.95,8540.0,8359.6,8408.35,110671.0,39.15
2024-02-29,8405.0,8680.0,8307.9,8630.35,301217.0,58.1
2024-03-01,8630.4,8727.1,8570.85,8599.0,184683.0,63.74
2024-03-04,8575.0,8598.0,8435.0,8471.15,319713.0,49.14
2024-03-05,8460.0,8466.0,8235.1,8248.35,205946.0,42.19
2024-03-06,8246.0,8386.15,8025.1,8365.15,325175.0,37.62
2024-03-07,8370.0,8419.95,8305.0,8372.1,161717.0,53.1
2024-03-08,8370.0,8419.95,8305.0,8372.1,161717.0,53.1
2024-03-11,8439.95,8439.95,8194.65,8234.55,328141.0,39.78
2024-03-12,8237.8,8340.0,8085.0,8210.8,228731.0,45.01
2024-03-13,8249.0,8315.0,8051.1,8127.35,252035.0,39.33
2024-03-14,8000.0,8351.75,7926.15,8308.6,224916.0,45.38
2024-03-15,8282.2,8454.85,8180.0,8432.45,385423.0,67.74
2024-03-18,8406.0,8422.4,8105.0,8179.35,490292.0,40.91
2024-03-19,8140.0,8140.0,7945.0,7979.45,281428.0,54.82
2024-03-20,7982.95,8052.0,7911.0,8002.45,176468.0,55.62
2024-03-21,8054.95,8248.7,8054.95,8204.85,273190.0,47.33
2024-03-22,7979.95,8085.0,7862.0,7971.4,516790.0,36.34
2024-03-25,7979.95,8085.0,7862.0,7971.4,516790.0,36.34
2024-03-26,7995.0,8128.85,7955.3,8074.8,300936.0,50.41
2024-03-27,8100.0,8128.0,8020.0,8099.65,222658.0,68.43
2024-03-28,4069.0,4096.65,3947.45,3984.55,747068.0,45.2
2024-03-29,4069.0,4096.65,3947.45,3984.55,747068.0,45.2
2024-04-01,4069.9,4076.4,3932.0,3996.65,841783.0,51.9
2024-04-02,3989.0,3989.0,3951.1,3970.25,296000.0,55.79
2024-04-03,3970.2,3994.85,3931.25,3972.9,610324.0,65.48
2024-04-04,4028.0,4085.05,3977.4,4029.5,856395.0,60.27
2024-04-05,4045.0,4046.0,3970.0,3996.75,324838.0,45.93
2024-04-08,4005.95,4010.8,3731.65,3903.8,764262.0,33.43
2024-04-09,3930.0,3988.0,3891.1,3956.85,282366.0,45.47
2024-04-10,3959.95,3979.35,3940.0,3958.75,138002.0,45.85
2024-04-11,3959.95,3979.35,3940.0,3958.75,138002.0,45.85
2024-04-12,3967.15,4040.0,3960.0,3977.95,328754.0,43.59
2024-04-15,3970.0,3993.1,3905.0,3952.75,294122.0,26.02
2024-04-16,3940.0,3977.05,3850.0,3858.25,324666.0,48.25
2024-04-17,3940.0,3977.05,3850.0,3858.25,324666.0,48.25
2024-04-18,3929.0,3959.75,3821.55,3843.9,417993.0,47.29
2024-04-19,3833.05,3909.95,3790.0,3884.7,364067.0,51.14
2024-04-22,3882.0,3882.0,3316.0,3508.5,3702690.0,34.88
2024-04-23,3550.0,3559.1,3470.75,3529.05,1623128.0,46.87
2024-04-24,3550.0,3556.45,3460.0,3466.4,1165495.0,61.24
2024-04-25,3463.1,3478.7,3415.5,3430.35,615599.0,49.9
2024-04-26,3430.35,3519.0,3391.0,3397.45,761753.0,40.87
2024-04-29,3402.1,3437.0,3357.0,3373.8,769877.0,58.84
2024-04-30,3341.0,3411.95,3341.0,3368.6,595315.0,57.76
2024-05-01,3341.0,3411.95,3341.0,3368.6,595315.0,57.76
2024-05-02,3400.0,3428.9,3365.0,3407.7,432230.0,54.87
2024-05-03,3426.6,3445.35,3361.0,3366.85,345291.0,46.11
2024-05-06,3371.0,3434.4,3371.0,3395.7,340457.0,35.41
2024-05-07,3415.0,3415.0,3321.0,3361.9,283529.0,41.4
2024-05-08,3365.1,3395.35,3318.0,3387.8,275816.0,41.8
2024-05-09,3370.1,3423.1,3345.0,3357.55,260033.0,30.65
2024-05-10,3330.0,3402.9,3254.0,3367.5,574026.0,38.5
2024-05-13,3352.0,3409.0,3271.4,3396.9,490848.0,31.76
2024-05-14,3400.0,3429.9,3361.0,3424.0,328633.0,46.84
2024-05-15,3421.0,3490.0,3413.0,3481.45,694250.0,61.56
2024-05-16,3520.0,3551.3,3482.05,3528.45,521947.0,41.24
2024-05-17,3540.05,3559.75,3512.8,3540.15,330396.0,51.79
2024-05-20,3543.95,3555.05,3510.0,3527.3,23853.0,48.73
2024-05-21,3527.0,3527.3,3465.5,3513.9,522945.0,73.01
2024-05-22,3510.0,3534.0,3489.5,3499.3,351341.0,68.46
2024-05-23,3510.1,3587.0,3500.0,3568.4,358239.0,40.26
2024-05-24,3575.0,3588.65,3527.05,3555.2,184591.0,47.97
2024-05-27,3585.0,3784.4,3560.0,3736.7,1556306.0,27.9
2024-05-28,3750.0,3796.95,3672.75,3690.65,425532.0,40.14
2024-05-29,3685.0,3700.0,3622.75,3649.85,254189.0,43.61
2024-05-30,3640.0,3640.0,3501.1,3517.05,394086.0,55.33
2024-05-31,3531.0,3544.95,3400.0,3410.5,898926.0,60.83
2024-06-03,3510.5,3510.5,3375.0,3425.85,855315.0,48.77
2024-06-04,3430.0,3455.0,3232.05,3351.85,1165302.0,53.96
2024-06-05,3360.95,3610.0,3360.0,3566.95,678737.0,47.87
2024-06-06,3625.0,3714.8,3612.0,3694.35,314456.0,37.06
2024-06-07,3740.0,3873.45,3732.0,3850.25,1005726.0,41.63
2024-06-10,3855.0,3888.0,3678.0,3745.5,1482160.0,49.93
2024-06-11,3788.0,3791.2,3725.5,3733.85,586636.0,51.87
2024-06-12,3740.95,3810.0,3740.95,3770.5,509955.0,57.34
2024-06-13,3809.0,3834.3,3779.7,3790.7,493209.0,58.49
2024-06-14,3805.8,3805.8,3735.05,3772.8,555850.0,47.23
2024-06-17,3805.8,3805.8,3735.05,3772.8,555850.0,47.23
2024-06-18,3773.0,3891.75,3773.0,3847.55,479189.0,45.33
2024-06-19,3870.0,3896.4,3765.0,3842.55,381743.0,39.48
2024-06-20,3842.55,3912.95,3827.55,3898.35,313508.0,42.65
2024-06-21,3950.0,4102.3,3926.65,3944.45,1287631.0,37.44
2024-06-24,3939.95,4031.2,3892.95,3968.1,650360.0,23.85
2024-06-25,3999.9,4008.9,3951.7,3974.2,152461.0,40.54
2024-06-26,3985.0,3999.9,3940.0,3950.9,268164.0,51.58
2024-06-27,3950.9,4057.0,3902.85,4031.6,644155.0,41.66
2024-06-28,4040.05,4285.0,4025.0,4241.45,1252644.0,51.19
2024-07-01,4245.0,4548.95,4227.2,4496.15,1748520.0,22.84
2024-07-02,4496.0,4554.0,4423.0,4501.75,704120.0,31.56
2024-07-03,4544.95,4622.1,4482.1,4593.4,627211.0,24.33
2024-07-04,4625.0,4760.0,4600.0,4750.9,911163.0,26.13
2024-07-05,4769.85,4845.7,4718.0,4771.25,649373.0,31.93
2024-07-08,4779.8,4784.95,4566.25,4586.3,971949.0,41.39
2024-07-09,4587.8,4679.0,4587.8,4637.75,362291.0,29.41
2024-07-10,4677.9,4677.9,4533.1,4558.55,535137.0,62.81
2024-07-11,4594.9,4636.95,4520.5,4618.1,378000.0,44.71
2024-07-12,4700.0,4928.95,4629.2,4808.5,1368072.0,30.14
2024-07-15,4875.0,4875.0,4768.25,4794.5,531936.0,41.0
2024-07-16,4800.0,4873.15,4762.65,4820.45,365068.0,40.94
2024-07-17,4800.0,4873.15,4762.65,4820.45,365068.0,40.94
2024-07-18,4828.0,4916.95,4739.55,4896.15,555572.0,32.35
2024-07-19,4799.85,4799.85,4535.0,4583.45,1923719.0,27.49
2024-07-22,4583.45,4804.1,4492.0,4759.0,1177493.0,30.69
2024-07-23,4752.0,4847.0,4555.8,4810.15,875195.0,33.05
2024-07-24,4791.0,4837.45,4760.0,4818.5,275627.0,34.55
2024-07-25,4740.0,4815.0,4695.0,4717.05,413931.0,42.93
2024-07-26,4720.0,4833.0,4720.0,4772.95,189950.0,32.13
2024-07-29,4823.65,4845.0,4755.0,4778.6,438646.0,45.92
2024-07-30,4787.0,4798.95,4727.9,4776.6,165048.0,43.42
2024-07-31,4822.2,4964.8,4790.0,4832.3,731474.0,32.54
2024-08-01,4879.95,4883.45,4755.15,4796.45,253525.0,39.88
2024-08-02,4745.0,4785.9,4626.95,4636.35,354246.0,45.79
2024-08-05,4444.0,4588.0,4409.1,4536.6,486624.0,26.72
2024-08-06,4510.0,4636.35,4479.7,4499.45,276547.0,32.85
2024-08-07,4560.0,4693.95,4534.0,4676.15,380357.0,39.02
2024-08-08,4659.15,4699.0,4600.0,4611.4,293069.0,46.92
2024-08-09,4650.0,4741.9,4635.0,4699.05,332736.0,60.87
2024-08-12,4660.0,4746.7,4600.0,4675.9,569506.0,43.7
2024-08-13,4690.0,4780.0,4670.5,4712.55,303146.0,37.76
2024-08-14,4745.0,4788.0,4681.35,4764.1,286749.0,35.83
2024-08-15,4745.0,4788.0,4681.35,4764.1,286749.0,35.83
2024-08-16,4850.0,4938.8,4825.05,4857.15,490714.0,43.91
2024-08-19,4905.0,4922.0,4818.9,4874.5,477064.0,28.09
2024-08-20,4920.0,4996.9,4905.05,4935.15,390175.0,37.81
2024-08-21,4935.0,4949.3,4890.0,4912.6,167202.0,53.35
2024-08-22,4945.0,4997.7,4922.55,4959.75,264975.0,51.2
2024-08-23,4960.0,4968.0,4855.0,4882.5,253145.0,45.84
2024-08-26,4960.0,5044.7,4930.0,4993.4,878677.0,31.63
2024-08-27,5005.0,5068.45,4900.0,4909.55,394026.0,41.73
2024-08-28,4925.0,5050.0,4840.1,4997.95,648876.0,39.04
2024-08-29,4982.0,5095.3,4958.95,5077.95,374732.0,38.94
2024-08-30,5090.0,5264.95,5065.8,5170.85,1385111.0,55.75
2024-09-02,5214.5,5270.0,5176.05,5206.8,592833.0,38.84
2024-09-03,5206.8,5322.65,5187.1,5290.65,454305.0,42.14
2024-09-04,5249.65,5268.85,5146.65,5249.75,425122.0,49.99
2024-09-05,5289.0,5289.0,5230.2,5264.65,219198.0,49.72
2024-09-06,5295.0,5333.15,5174.65,5189.95,282134.0,38.11
2024-09-09,5199.0,5255.95,5131.55,5168.75,414969.0,23.77
2024-09-10,5247.95,5314.75,5211.0,5274.2,343692.0,41.74
2024-09-11,5306.95,5370.95,5264.55,5290.05,308030.0,34.21
2024-09-12,5350.0,5368.95,5267.0,5306.7,306026.0,45.6
2024-09-13,5358.0,5387.85,5295.0,5359.9,285311.0,44.36
2024-09-16,5370.0,5384.1,5285.65,5301.0,288431.0,27.95
2024-09-17,5301.0,5405.25,5275.05,5355.95,267752.0,37.84
2024-09-18,5320.0,5356.75,5115.0,5179.7,485667.0,30.46
2024-09-19,5250.0,5362.45,5153.2,5283.55,653730.0,33.77
2024-09-20,5325.15,5439.9,5312.0,5355.05,682525.0,49.9
2024-09-23,5322.0,5406.9,5317.0,5329.5,352574.0,28.78
2024-09-24,5325.0,5419.45,5280.2,5389.0,377128.0,46.94
2024-09-25,5389.0,5392.45,5310.0,5323.1,230951.0,53.9
2024-09-26,5360.0,5447.7,5302.7,5426.45,461259.0,46.63
2024-09-27,5510.0,5585.95,5425.65,5437.0,510714.0,33.62
2024-09-30,5420.0,5494.0,5388.05,5450.4,404261.0,55.21
2024-10-01,5478.8,5499.0,5440.95,5487.75,148956.0,45.87
2024-10-02,5478.8,5499.0,5440.95,5487.75,148956.0,45.87
2024-10-03,5401.1,5455.95,5189.0,5250.25,440650.0,44.72
2024-10-04,5260.25,5369.0,5078.5,5141.3,1121466.0,49.28
2024-10-07,5141.3,5276.0,5106.2,5230.15,491981.0,28.22
2024-10-08,5264.0,5325.9,5163.25,5308.65,362753.0,52.54
2024-10-09,5328.7,5382.0,5290.0,5334.1,224194.0,47.52
2024-10-10,5368.9,5397.6,5212.0,5241.1,242697.0,53.2
2024-10-11,5210.0,5490.2,5202.35,5469.55,715281.0,39.03
2024-10-14,5477.0,5638.95,5457.05,5616.7,446076.0,25.35
2024-10-15,5689.95,5689.95,5591.0,5630.9,412806.0,41.12
2024-10-16,5630.0,5668.35,5525.0,5543.85,262790.0,41.21
2024-10-17,5564.9,5595.0,5475.0,5536.0,250036.0,42.12
2024-10-18,5530.0,5541.0,5403.1,5506.15,177195.0,30.22
2024-10-21,5508.0,5560.0,5205.0,5247.65,498478.0,31.04
2024-10-22,5252.0,5318.0,5136.0,5158.2,328921.0,42.07
2024-10-23,5209.3,5798.7,5194.6,5718.75,2690817.0,21.11
2024-10-24,5693.45,5736.75,5541.9,5691.2,568209.0,18.82
2024-10-25,5748.2,5760.0,5609.0,5670.9,518325.0,34.14
2024-10-28,5655.0,5737.95,5625.05,5666.5,332890.0,35.42
2024-10-29,5698.0,5700.0,5590.05,5670.5,217939.0,47.49
2024-10-30,5671.0,5731.2,5600.9,5617.85,260384.0,39.91
2024-10-31,5625.0,5625.0,5300.05,5372.5,867619.0,37.14
2024-11-01,5405.0,5589.95,5361.35,5389.0,44938.0,35.35
2024-11-04,5387.0,5464.9,5298.0,5358.5,509193.0,30.25
2024-11-05,5302.0,5442.0,5302.0,5420.2,262919.0,43.44
2024-11-06,5470.0,5745.8,5443.15,5717.65,690288.0,34.81
2024-11-07,5755.0,5799.25,5655.45,5737.4,517587.0,51.13
2024-11-08,5757.35,5830.0,5653.7,5668.7,376081.0,35.84
2024-11-11,5690.0,5750.0,5610.8,5721.65,277838.0,40.91
2024-11-12,5750.0,5765.0,5656.25,5680.15,250857.0,50.94
2024-11-13,5690.0,5700.0,5589.0,5640.6,283558.0,51.05
2024-11-14,5670.0,5783.9,5660.0,5713.8,379197.0,47.37
2024-11-18,5728.8,5755.0,5582.0,5646.1,411485.0,49.78
2024-11-19,5655.0,5798.15,5632.05,5710.3,361445.0,46.5
2024-11-20,5655.0,5798.15,5632.05,5710.3,361445.0,46.5
2024-11-21,5668.95,5792.0,5654.15,5725.5,443952.0,48.73
2024-11-22,5780.0,5868.75,5752.2,5796.25,688598.0,53.11
2024-11-25,5875.0,5947.0,5805.45,5917.7,960293.0,65.57
2024-11-26,5940.0,6011.75,5921.3,5968.95,334966.0,37.75
2024-11-27,5968.95,6042.0,5900.9,5910.9,313105.0,44.94
2024-11-28,5932.0,5938.8,5802.05,5820.65,299071.0,47.9
2024-11-29,5842.8,5933.95,5810.85,5905.65,333871.0,58.62
2024-12-02,5905.65,5975.0,5853.65,5932.4,278981.0,63.31
2024-12-03,5940.0,6048.15,5856.0,6041.3,443857.0,55.63
2024-12-04,6079.95,6079.95,5963.5,6011.35,336960.0,57.38
2024-12-05,6130.6,6148.0,6075.45,6101.75,618889.0,50.43
2024-12-06,6090.0,6188.95,6065.0,6174.25,328550.0,50.21
2024-12-09,6178.8,6276.9,6178.8,6234.25,530525.0,58.47
2024-12-10,6200.7,6383.45,6200.7,6345.35,601991.0,55.46
2024-12-11,6358.0,6372.5,6262.0,6359.75,221150.0,43.38
2024-12-12,6407.65,6509.0,6390.0,6435.95,642487.0,37.85
2024-12-13,6420.05,6492.7,6345.0,6477.65,233247.0,39.62
2024-12-16,6492.95,6520.45,6438.2,6508.6,218943.0,56.38
2024-12-17,6515.0,6575.0,6484.1,6549.35,317724.0,53.72
2024-12-18,6540.0,6597.0,6514.05,6548.25,194969.0,48.23
2024-12-19,6352.0,6699.8,6331.0,6674.2,785692.0,51.81
2024-12-20,6748.0,6788.9,6353.0,6368.7,553867.0,37.75
2024-12-23,6413.15,6491.5,6368.7,6403.15,256100.0,46.96
2024-12-24,6437.9,6439.95,6275.85,6350.9,224656.0,50.86
2024-12-25,6437.9,6439.95,6275.85,6350.9,224656.0,50.86
2024-12-26,6364.95,6412.8,6299.3,6395.8,153355.0,47.42
2024-12-27,6400.0,6422.8,6356.1,6393.6,143250.0,42.61
2024-12-30,6410.05,6768.8,6288.95,6637.7,2234552.0,64.36
2024-12-31,6490.0,6523.15,6273.8,6457.7,573708.0,32.31
2025-01-01,6457.65,6502.05,6344.0,6436.8,189395.0,25.74
2025-01-02,6435.0,6513.0,6400.0,6481.15,249756.0,44.46
2025-01-03,6499.0,6527.85,6311.7,6405.95,246196.0,41.08
2025-01-06,6405.95,6488.85,6267.5,6311.15,314015.0,54.94
2025-01-07,6319.95,6404.4,6300.0,6334.3,367951.0,68.4
2025-01-08,6330.0,6333.25,6092.1,6230.2,454176.0,51.31
2025-01-09,6223.35,6296.0,6142.7,6179.35,377541.0,49.82
2025-01-10,6175.1,6410.0,6175.1,6319.65,705635.0,44.76
2025-01-13,6289.25,6306.65,5985.1,6003.4,540037.0,60.15
2025-01-14,6047.5,6069.0,5850.0,5880.1,839681.0,65.64
2025-01-15,5940.0,6219.4,5914.8,6111.25,1295234.0,59.55
2025-01-16,6155.2,6215.0,6051.1,6071.6,284470.0,54.93
2025-01-17,6095.0,6095.0,5930.35,5961.2,281302.0,47.84
2025-01-20,5994.0,6152.4,5840.0,6090.9,500440.0,50.61
2025-01-21,6095.4,6143.75,5881.7,5896.7,281341.0,45.99
2025-01-22,5750.0,5872.5,5445.0,5683.15,1209268.0,43.35
2025-01-23,5790.0,6359.1,5783.15,6287.7,2738505.0,28.92
2025-01-24,6287.7,6501.0,6230.05,6360.65,1433020.0,39.13
2025-01-27,6298.8,6312.4,6017.85,6061.25,571171.0,32.0
2025-01-28,6000.0,6059.0,5871.25,5910.3,681360.0,42.2
2025-01-29,5970.0,6310.0,5970.0,6275.95,724783.0,32.84
2025-01-30,6310.0,6338.6,6025.5,6056.7,454129.0,25.9
2025-01-31,6080.4,6137.2,5964.0,6032.6,354309.0,46.91
2025-02-03,5830.0,6107.95,5477.55,6076.75,557306.0,38.08
2025-02-04,6128.85,6253.95,6008.05,6111.9,440631.0,38.41
2025-02-05,6157.65,6246.7,6120.0,6189.45,342294.0,53.58
2025-02-06,6240.0,6295.0,6210.5,6228.6,270778.0,50.39
2025-02-07,6230.0,6303.95,6190.0,6254.1,246917.0,35.66
2025-02-10,6280.0,6284.9,5956.1,5993.9,265630.0,43.29
2025-02-11,6026.35,6038.4,5783.85,5828.35,255594.0,44.13
2025-02-12,5839.95,5860.0,5683.05,5705.2,283805.0,44.78
2025-02-13,5721.95,5788.25,5618.0,5663.3,233733.0,45.83
2025-02-14,5700.0,5728.85,5490.1,5562.7,370089.0,48.14
2025-02-17,5562.7,5562.7,5388.5,5531.3,331116.0,42.69
2025-02-18,5594.25,5814.0,5562.1,5797.25,836676.0,27.52
2025-02-19,5787.9,5969.65,5739.1,5899.8,509368.0,50.12
2025-02-20,5848.8,5949.95,5838.2,5917.9,215467.0,55.64
2025-02-21,5925.0,5937.4,5680.0,5710.3,335451.0,52.48
2025-02-24,5628.0,5690.0,5465.7,5639.8,649930.0,41.52
2025-02-25,5520.0,5670.0,5470.0,5508.1,338075.0,40.39
2025-02-27,5525.0,5550.3,5400.0,5473.25,354670.0,44.5
2025-02-28,5370.0,5472.6,5149.2,5303.9,1607716.0,51.95
2025-03-03,5303.9,5354.85,5105.0,5292.55,505746.0,43.19
2025-03-04,5186.7,5225.2,5085.05,5153.0,527077.0,48.47
2025-03-05,5085.05,5466.0,5085.05,5391.1,890952.0,40.23
2025-03-06,5431.2,5492.7,5267.9,5303.25,701133.0,53.0
2025-03-07,5270.0,5323.15,5168.0,5278.8,370208.0,38.83
2025-03-10,5279.45,5309.0,5120.0,5167.0,233490.0,39.55
2025-03-11,5105.0,5267.0,4989.95,5239.95,405424.0,33.66
2025-03-12,5232.0,5273.4,5033.0,5185.2,542214.0,45.28
2025-03-13,5170.2,5241.35,5075.0,5125.75,401647.0,40.24
2025-03-17,5125.75,5218.35,5034.8,5167.3,840748.0,52.91
2025-03-18,5160.0,5428.0,5101.0,5309.3,864903.0,40.83
2025-03-19,5302.0,5328.05,5152.05,5280.6,672425.0,48.38
2025-03-20,5340.0,5385.0,5184.6,5194.05,621056.0,51.92
2025-03-21,5104.65,5323.0,5028.2,5275.55,789021.0,50.8
2025-03-24,5306.0,5508.4,5232.25,5421.3,569197.0,47.43
2025-03-25,5499.0,5633.0,5435.15,5558.3,827076.0,36.13
2025-03-26,5574.0,5623.6,5477.8,5517.0,416614.0,42.33
2025-03-27,5440.6,5669.0,5440.6,5641.45,593246.0,45.18
2025-03-28,5665.0,5700.45,5466.5,5513.75,317428.0,41.45
2025-04-01,5494.0,5509.65,5189.8,5211.55,453706.0,38.76
2025-04-02,5253.65,5411.95,5218.75,5317.5,525175.0,49.02
2025-04-03,5120.4,5145.0,4771.55,4793.35,2581937.0,34.34
2025-04-04,4750.0,4772.35,4498.6,4609.95,2694235.0,50.34
2025-04-07,4148.95,4630.0,4148.95,4573.55,1802134.0,35.71
2025-04-08,4718.55,4920.0,4576.35,4595.3,1299383.0,44.01
2025-04-09,4518.55,4535.15,4341.45,4402.75,1279395.0,57.88
2025-04-11,4525.0,4584.9,4413.0,4544.6,1076005.0,43.04
2025-04-15,4641.5,4728.0,4562.0,4716.0,583389.0,40.91
2025-04-16,4716.0,4737.0,4647.5,4705.5,389526.0,35.7
2025-04-17,4650.0,4855.0,4555.0,4836.0,632950.0,29.74
2025-04-21,4818.5,5006.0,4715.0,4900.5,743849.0,27.53
2025-04-22,4863.0,5025.0,4863.0,4961.0,461798.0,30.91
2025-04-23,5050.0,5249.0,5033.0,5163.5,1465607.0,44.06
2025-04-24,5272.0,5387.5,5131.0,5156.5,2537811.0,27.31
2025-04-25,5233.0,5329.0,5138.0,5273.5,1391012.0,26.13
2025-04-28,5293.5,5315.0,5172.5,5287.0,605942.0,39.87
2025-04-29,5258.5,5444.0,5252.0,5404.0,733031.0,40.16
2025-04-30,5400.0,5433.5,5277.0,5321.5,568446.0,50.42
2025-05-02,5332.0,5487.0,5332.0,5425.5,622744.0,36.99
2025-05-05,5490.0,5568.0,5459.5,5533.0,402811.0,42.11
2025-05-06,5560.0,5630.5,5405.0,5425.0,368401.0,37.4
2025-05-07,5325.0,5518.0,5310.5,5504.0,411265.0,43.95
2025-05-08,5555.0,5585.0,5450.0,5469.5,330638.0,40.16
2025-05-09,5315.5,5488.0,5315.5,5443.0,299463.0,36.71
2025-05-12,5640.0,5929.0,5556.5,5876.5,936725.0,42.73
2025-05-13,5955.0,5955.0,5748.0,5761.0,620746.0,48.7
2025-05-14,5799.0,5817.5,5640.0,5758.5,495296.0,36.8
2025-05-15,5770.0,5798.5,5552.0,5653.5,1002976.0,38.31
2025-05-16,5667.0,5708.0,5625.0,5699.0,410772.0,49.11
2025-05-19,5650.0,5732.0,5605.5,5669.5,287926.0,41.81
2025-05-20,5718.0,5815.0,5619.0,5647.0,554900.0,42.51
2025-05-21,5690.0,5715.0,5575.0,5670.0,256723.0,44.11
2025-05-22,5625.0,5685.5,5487.0,5582.5,530747.0,39.19
2025-05-23,5610.0,5733.0,5595.5,5662.0,279220.0,31.88
2025-05-26,5690.0,5705.5,5632.5,5691.0,176868.0,41.64
2025-05-27,5700.0,5725.0,5614.0,5645.5,346050.0,47.91
2025-05-28,5699.0,5716.0,5571.0,5584.0,237413.0,42.19
2025-05-29,5645.0,5725.0,5628.0,5670.0,319452.0,35.03
2025-05-30,5676.0,5694.5,5590.0,5638.0,568563.0,61.6
2025-06-02,5632.0,5635.0,5449.0,5519.0,465790.0,45.69
2025-06-03,5562.0,5630.0,5475.5,5485.0,327547.0,54.89
2025-06-04,5500.0,5528.0,5469.0,5504.0,245070.0,64.09
2025-06-05,5515.0,5646.5,5486.0,5623.0,386683.0,45.74
2025-06-06,5622.0,5693.0,5556.0,5676.5,252969.0,43.68
2025-06-09,5725.0,5815.0,5694.0,5790.5,335979.0,47.68
2025-06-10,5815.0,6050.0,5801.5,5946.0,908647.0,30.97
2025-06-11,5960.5,5993.5,5904.5,5965.5,346228.0,49.3
2025-06-12,5970.0,5995.0,5837.5,5922.0,428130.0,43.07
2025-06-13,5760.0,5965.5,5736.0,5882.5,301316.0,39.94
2025-06-16,5911.0,6041.5,5841.0,6019.0,540382.0,55.37
2025-06-17,6045.0,6145.0,6004.0,6068.0,672714.0,42.11
2025-06-18,6065.0,6128.0,6010.0,6025.5,265478.0,40.2
2025-06-19,6039.0,6041.5,5867.5,5898.5,419777.0,44.7
2025-06-20,5900.0,6130.0,5895.5,6106.5,662959.0,58.98
2025-06-23,6066.0,6155.0,6044.5,6080.0,442534.0,43.38
2025-06-24,6180.0,6180.0,6060.0,6082.5,358910.0,47.97
2025-06-25,6138.0,6176.5,6090.0,6108.5,292512.0,52.69
2025-06-26,6140.0,6140.0,6006.0,6055.5,555658.0,56.08
2025-06-27,6065.0,6133.0,5984.5,6010.5,1074099.0,76.95
2025-06-30,6025.0,6084.0,5985.0,6041.5,362533.0,63.67
2025-07-01,6059.5,6097.5,5987.0,6038.5,412381.0,71.81
2025-07-02,6039.5,6113.0,5975.5,6014.5,320897.0,49.13
2025-07-03,6039.5,6088.0,5921.0,5950.5,222105.0,44.36
2025-07-04,5965.0,5975.0,5838.5,5896.0,153281.0,36.84
2025-07-07,5885.0,5895.0,5805.0,5840.5,289291.0,62.24
2025-07-08,5845.5,5950.0,5735.0,5784.0,360059.0,34.51
2025-07-09,5791.0,5803.5,5711.0,5724.0,276308.0,41.93
2025-07-10,5748.0,5748.0,5637.0,5680.5,287650.0,38.94
2025-07-11,5600.0,5665.0,5560.0,5578.5,261377.0,39.07
2025-07-14,5550.0,5625.0,5500.0,5605.0,263267.0,51.53
2025-07-15,5629.0,5665.0,5565.5,5581.5,526331.0,62.54
2025-07-16,5600.0,5625.0,5561.5,5592.5,461144.0,65.19
2025-07-17,5614.5,5614.5,5475.0,5494.5,408609.0,62.42
2025-07-18,5503.0,5629.5,5415.0,5547.5,780185.0,49.94
2025-07-21,5560.0,5806.0,5560.0,5779.0,688971.0,44.43
2025-07-22,5825.0,5849.0,5703.5,5713.5,376423.0,47.48
2025-07-23,5732.0,5774.5,5567.5,5605.5,456892.0,52.17
2025-07-24,5525.0,5525.0,5086.0,5174.0,3549027.0,39.68
2025-07-25,5174.0,5247.5,5116.5,5150.5,836047.0,41.58
2025-07-28,5149.5,5209.5,5087.0,5149.5,506242.0,43.41
2025-07-29,5142.0,5206.5,5091.5,5176.5,406100.0,51.97
2025-07-30,5185.0,5195.5,5099.5,5162.5,365158.0,43.73
2025-07-31,5100.0,5195.0,5082.0,5160.5,549977.0,47.82
2025-08-01,5135.0,5160.5,5040.0,5061.5,329351.0,54.71
2025-08-04,5055.0,5187.5,5017.5,5177.5,468127.0,54.07
2025-08-05,5177.5,5202.0,5113.5,5191.5,404213.0,62.63
2025-08-06,5192.0,5196.0,5036.0,5047.0,414065.0,56.38
2025-08-07,5025.0,5195.0,5008.5,5182.5,469097.0,49.14
2025-08-08,5187.0,5193.5,5085.5,5105.5,250504.0,52.34
2025-08-11,5090.5,5201.0,5066.0,5171.0,322296.0,54.86
2025-08-12,5214.5,5290.0,5180.0,5232.5,553305.0,45.52
2025-08-13,5275.0,5277.5,5202.0,5247.5,242009.0,49.75
2025-08-14,5265.0,5330.0,5247.5,5289.0,506273.0,53.14
2025-08-18,5324.0,5329.5,5219.0,5232.5,376172.0,68.2
2025-08-19,5245.5,5265.5,5180.0,5236.5,450569.0,71.2
2025-08-20,5200.0,5370.0,5200.0,5345.0,628849.0,50.68
2025-08-21,5360.0,5373.0,5275.0,5347.5,307013.0,56.48
2025-08-22,5370.0,5420.0,5330.5,5369.0,477641.0,50.23
2025-08-25,5401.0,5509.5,5381.0,5450.0,639042.0,42.5
2025-08-26,5410.0,5475.0,5355.0,5376.5,460418.0,56.84
2025-08-28,5400.0,5400.0,5287.5,5313.5,316243.0,62.17
2025-08-29,5308.5,5329.5,5228.0,5305.5,487634.0,59.79
2025-09-01,5335.5,5434.0,5315.5,5420.0,155910.0,41.29
2025-09-02,5425.5,5449.0,5375.5,5402.5,260470.0,64.69
2025-09-03,5391.0,5406.5,5301.5,5367.0,263011.0,56.8
2025-09-04,5374.0,5412.5,5269.0,5293.5,208090.0,53.68
2025-09-05,5300.0,5332.5,5090.0,5132.0,720110.0,40.26
2025-09-08,5132.0,5169.0,5002.5,5011.0,482061.0,56.6
2025-09-09,5024.5,5136.0,5024.5,5131.0,479409.0,49.83
2025-09-10,5150.5,5430.0,5150.5,5419.0,825208.0,32.05
2025-09-11,5419.0,5450.5,5309.5,5407.5,604933.0,57.4
2025-09-12,5440.0,5449.0,5362.0,5411.0,197972.0,41.35
2025-09-15,5461.0,5466.5,5331.5,5363.5,299865.0,52.14
2025-09-16,5369.5,5555.0,5352.5,5490.5,579399.0,61.18
2025-09-17,5534.5,5690.0,5515.5,5535.5,818900.0,36.65
2025-09-18,5578.5,5644.0,5526.0,5567.5,517640.0,43.98
2025-09-19,5550.5,5593.5,5476.0,5506.0,659556.0,69.67
2025-09-22,5350.0,5360.5,5187.0,5271.0,1437841.0,44.89
2025-09-23,5275.5,5296.5,5194.5,5240.5,450288.0,42.55
2025-09-24,5211.0,5229.5,5132.0,5191.5,608045.0,52.97
2025-09-25,5180.0,5237.5,5079.0,5102.5,353200.0,42.44
2025-09-26,5090.0,5099.5,4936.5,4951.0,364067.0,49.46
2025-09-29,4980.0,4980.0,4854.0,4870.5,597302.0,64.09
2025-09-30,4877.5,4917.0,4785.0,4822.5,831690.0,62.35
2025-10-01,4859.6,4974.9,4803.5,4955.4,285409.0,38.82
2025-10-03,4975.0,5077.1,4953.7,5068.8,362977.0,48.66
2025-10-06,5094.0,5235.0,5090.0,5189.3,499790.0,46.9
2025-10-07,5200.0,5290.0,5176.0,5271.2,260970.0,36.61
2025-10-08,5262.0,5335.0,5209.1,5263.6,327033.0,41.01
2025-10-09,5270.0,5355.0,5254.1,5345.3,233688.0,46.7
2025-10-10,5380.0,5403.5,5280.0,5357.7,277817.0,35.8
2025-10-13,5327.9,5338.6,5202.0,5329.7,291416.0,42.74
2025-10-14,5360.0,5438.0,5287.4,5337.9,406572.0,42.97
2025-10-15,5522.0,5738.4,5465.5,5724.6,3470286.0,30.45
2025-10-16,5722.1,5850.0,5703.2,5841.5,940813.0,45.64
2025-10-17,5800.0,5825.0,5725.0,5755.7,469353.0,40.38
2025-10-20,5783.4,5859.9,5768.7,5844.7,373324.0,56.32
2025-10-21,5825.0,5860.0,5785.0,5800.1,33872.0,42.33
2025-10-22,5825.0,5860.0,5785.0,5800.1,33872.0,42.33
2025-10-23,5910.0,5977.0,5816.8,5835.9,906223.0,48.14
2025-10-24,5843.9,5929.3,5800.0,5826.0,383009.0,45.71
2025-10-27,5880.0,5900.0,5845.1,5878.1,232662.0,41.54
2025-10-28,5782.0,5874.8,5782.0,5826.9,425499.0,57.32
2025-10-29,5830.0,5915.5,5815.4,5891.1,307900.0,50.62
2025-10-30,5891.1,5967.0,5881.0,5961.7,241544.0,55.69
2025-10-31,5961.7,5965.0,5875.1,5916.6,336904.0,64.34
2025-11-03,5920.0,5940.0,5853.0,5931.0,135144.0,51.19
2025-11-04,5920.0,5955.0,5814.5,5858.5,338741.0,66.49
2025-11-05,5920.0,5955.0,5814.5,5858.5,338741.0,66.49
2025-11-06,5926.5,5926.5,5796.5,5842.0,341274.0,59.91
2025-11-07,5842.0,5842.0,5699.0,5781.0,279260.0,56.05
2025-11-10,5789.0,5889.0,5766.5,5864.5,304472.0,51.04
2025-11-11,5899.5,6040.0,5880.5,6031.0,766563.0,46.36
2025-11-12,6045.5,6168.0,6045.5,6134.5,505785.0,54.19
2025-11-13,6135.0,6185.5,6077.5,6137.0,301945.0,58.85
2025-11-14,6100.0,6136.5,6034.0,6101.0,198063.0,48.97
2025-11-17,6129.0,6135.0,6069.0,6116.5,239271.0,63.64
2025-11-18,6110.0,6125.0,6062.0,6079.5,255511.0,70.77
2025-11-19,6080.0,6342.0,6076.0,6316.0,874803.0,33.74
2025-11-20,6316.0,6419.0,6315.0,6350.5,481898.0,47.37
2025-11-21,6324.5,6370.0,6262.5,6296.5,342405.0,58.25
2025-11-24,6300.0,6426.5,6297.0,6374.5,1378541.0,66.31
2025-11-25,6421.5,6421.5,6324.0,6370.5,225848.0,45.2
2025-11-26,6404.5,6421.5,6360.0,6415.0,167018.0,57.04
2025-11-27,6425.0,6478.0,6383.5,6432.0,445809.0,67.48
2025-11-28,6440.0,6455.0,6318.5,6353.0,208808.0,57.62
2025-12-01,6375.5,6425.0,6331.0,6406.0,199542.0,52.48
2025-12-02,6390.0,6447.0,6337.5,6393.5,253320.0,51.98
2025-12-03,6393.5,6408.0,6295.0,6331.0,342367.0,66.79
2025-12-04,6380.0,6528.5,6334.0,6452.0,668828.0,50.78
2025-12-05,6453.0,6531.5,6428.0,6520.5,204572.0,44.86
2025-12-08,6551.0,6553.0,6311.0,6347.0,354529.0,54.27
2025-12-09,6336.5,6358.0,6217.0,6302.0,482730.0,52.96
2025-12-10,6321.5,6373.0,6013.5,6033.5,518858.0,59.2
2025-12-11,6041.5,6229.5,6019.0,6204.0,578216.0,49.69
2025-12-12,6240.0,6357.0,6204.0,6336.5,311443.0,43.13
2025-12-15,6321.0,6336.5,6259.0,6297.5,185159.0,49.06
2025-12-16,6260.0,6310.0,6190.0,6263.0,235762.0,52.23
2025-12-17,6240.0,6348.5,6232.5,6282.5,194752.0,41.22
2025-12-18,6260.0,6339.5,6230.0,6318.5,167343.0,40.05
2025-12-19,6382.5,6417.0,6290.5,6358.0,261141.0,43.64
2025-12-22,6370.0,6595.5,6365.5,6563.5,359560.0,44.08
2025-12-23,6580.0,6599.0,6448.0,6489.0,215867.0,42.3
2025-12-24,6487.0,6487.0,6338.5,6352.5,200947.0,52.65
2025-12-25,6487.0,6487.0,6338.5,6352.5,200947.0,52.65
2025-12-26,6353.0,6399.5,6275.0,6300.5,287268.0,58.15
2025-12-29,6300.0,6324.5,6207.5,6228.5,250243.0,55.75
2025-12-30,6205.5,6279.0,6126.5,6183.0,1231316.0,76.04
2025-12-31,6205.0,6286.5,6177.5,6272.0,229337.0,54.47
2026-01-01,6285.0,6299.0,6213.5,6282.5,113350.0,29.62
2026-01-02,6285.0,6329.0,6229.0,6289.5,147711.0,40.37
2026-01-05,6289.5,6300.0,6110.5,6204.0,307929.0,43.56
2026-01-06,6204.0,6294.0,6177.5,6249.0,173690.0,48.16
2026-01-07,6206.0,6542.5,6206.0,6513.5,633821.0,44.1
2026-01-08,6520.0,6598.0,6412.0,6444.5,354203.0,48.09
2026-01-09,6436.0,6468.0,6350.0,6417.0,337174.0,53.72
2026-01-12,6417.0,6418.0,6287.0,6325.5,268990.0,38.39
2026-01-13,6340.0,6424.5,6278.0,6357.5,228016.0,46.88
2026-01-14,6325.0,6350.0,6230.0,6274.0,327713.0,50.16
2026-01-15,6325.0,6350.0,6230.0,6274.0,327713.0,50.16
2026-01-16,6309.5,6477.0,6309.5,6403.0,531116.0,46.41
2026-01-19,6395.0,6467.5,6250.0,6438.0,383374.0,39.98
2026-01-20,6419.5,6491.0,6300.0,6342.5,573688.0,44.2
2026-01-21,6330.0,6392.0,6027.5,6242.0,2130647.0,41.79
2026-01-22,6336.0,6394.0,6176.0,6320.5,455070.0,44.64
2026-01-23,6360.0,6360.0,6105.5,6155.0,499112.0,52.2
2026-01-26,6360.0,6360.0,6105.5,6155.0,499112.0,52.2
2026-01-27,6125.0,6238.5,6060.0,6216.0,491985.0,48.37
2026-01-28,6199.0,6299.5,6079.5,6213.0,372879.0,44.55
2026-01-29,6202.5,6213.0,5993.5,6070.0,637802.0,52.77
2026-01-30,6026.5,6085.0,5979.5,6035.0,486262.0,65.59
2026-02-02,6119.5,6120.0,5992.0,6082.5,180834.0,52.05
2026-02-03,6400.0,6552.5,6241.5,6278.5,353120.0,51.68
2026-02-04,6060.0,6060.0,5798.0,5986.0,1427211.0,40.18
2026-02-05,5961.0,6009.5,5910.0,5980.5,1381637.0,75.11
2026-02-06,5937.0,5960.5,5741.0,5852.0,601645.0,37.99
2026-02-09,5881.5,5929.5,5830.0,5875.0,328310.0,48.59
2026-02-10,5875.0,5948.0,5776.0,5872.5,347608.0,43.53
2026-02-11,5900.0,5900.0,5700.0,5724.0,741167.0,60.07
2026-02-12,5650.0,5659.0,5431.0,5452.0,1360770.0,57.99
2026-02-13,5210.0,5540.0,5210.0,5479.0,1806431.0,45.24
2026-02-16,5485.0,5597.0,5440.5,5582.0,501990.0,47.0
2026-02-17,5586.5,5735.0,5523.5,5628.0,834096.0,42.09
2026-02-18,5628.5,5628.5,5447.0,5521.0,592720.0,34.25
2026-02-19,5550.0,5597.0,5244.0,5266.0,1036955.0,46.31
2026-02-20,5235.0,5274.0,5070.0,5092.0,1666625.0,38.03
2026-02-23,5090.0,5120.0,4916.0,4977.5,835461.0,40.5
2026-02-24,4875.0,4918.0,4585.0,4662.0,2771545.0,41.11
2026-02-25,4792.0,4941.0,4690.0,4731.0,1573003.0,35.57
2026-02-26,4765.0,4933.0,4746.5,4781.5,1104877.0,30.88
2026-02-27,4823.0,4925.0,4712.0,4733.0,1144899.0,53.91
2026-03-02,4600.0,4787.5,4449.1,4673.4,637428.0,37.11
2026-03-03,4600.0,4787.5,4449.1,4673.4,637428.0,37.11
2026-03-04,4590.0,4750.0,4566.2,4709.1,707053.0,40.24
2026-03-05,4775.0,4775.0,4587.0,4641.7,614996.0,37.02
2026-03-06,4648.4,4830.0,4643.4,4777.5,1246702.0,51.11
2026-03-09,4680.0,4872.1,4650.1,4783.1,724632.0,38.61
2026-03-10,4857.5,4857.5,4745.0,4827.9,498481.0,46.11
2026-03-11,4850.0,4895.0,4731.0,4747.7,799637.0,63.23
2026-03-12,4725.0,4750.0,4628.0,4714.4,584369.0,45.48
2026-03-13,4698.0,4730.0,4567.1,4638.8,499196.0,37.23
2026-03-16,4640.0,4848.9,4552.0,4638.8,325857.0,34.81
2026-03-17,4689.0,4689.0,4496.3,4529.4,685749.0,33.25
2026-03-18,4525.6,4775.0,4525.6,4698.6,757503.0,22.72
2026-03-19,4601.0,4659.4,4575.0,4602.8,446961.0,41.77
2026-03-20,4680.1,4745.8,4675.0,4716.7,654131.0,44.94
2026-03-23,4688.8,4800.4,4639.3,4724.5,1065192.0,36.2
2026-03-24,4804.0,4927.7,4708.0,4913.7,1086416.0,46.77
2026-03-25,4930.0,4958.8,4845.0,4928.8,783039.0,34.95
2026-03-26,4930.0,4958.8,4845.0,4928.8,783039.0,34.95
2026-03-27,4880.0,4987.4,4851.1,4899.8,872749.0,43.57
2026-03-30,4855.0,4929.5,4825.0,4877.2,1293604.0,46.66
2026-03-31,4855.0,4929.5,4825.0,4877.2,1293604.0,46.66
2026-04-01,5000.0,5125.0,4922.9,5049.1,686833.0,38.14
2026-04-02,4970.1,5267.0,4963.9,5227.7,964640.0,37.35
2026-04-03,4970.1,5267.0,4963.9,5227.7,964640.0,37.35
2026-04-06,5234.0,5343.7,5209.6,5309.4,606786.0,33.25
2026-04-07,5303.5,5438.5,5213.5,5386.2,544032.0,33.24
2026-04-08,5485.0,5485.0,5323.3,5373.9,923213.0,39.53
2026-04-09,5369.1,5489.0,5271.1,5471.1,600754.0,35.51
2026-04-10,5470.7,5470.7,5302.5,5427.1,904088.0,40.22
2026-04-13,5319.5,5408.8,5317.0,5377.4,460222.0,39.62
2026-04-14,5319.5,5408.8,5317.0,5377.4,460222.0,39.62
2026-04-15,5450.0,5599.8,5448.1,5488.5,512159.0,42.34
2026-04-16,5540.4,5605.4,5466.0,5500.5,615320.0,38.91
2026-04-17,5470.0,5505.0,5380.3,5446.5,841855.0,33.29
2026-04-20,5451.0,5512.3,5287.1,5325.2,1021416.0,48.64
2026-04-21,5344.0,5370.0,5263.7,5329.9,1010633.0,52.36
2026-04-22,5217.8,5262.0,5033.9,5073.3,2183080.0,44.73
2026-04-23,5081.0,5119.4,5011.0,5065.2,600435.0,29.48
2026-04-24,5062.1,5090.0,4734.0,4747.3,1280422.0,39.14
2026-04-27,4764.9,4846.6,4751.2,4817.5,845578.0,52.14
2026-04-28,4827.6,4852.0,4745.2,4803.5,759673.0,50.57
2026-04-29,4825.0,4909.4,4790.0,4805.8,628484.0,48.36
2026-04-30,4805.8,4829.9,4761.5,4800.0,542790.0,52.25
2026-05-01,4805.8,4829.9,4761.5,4800.0,542790.0,52.25
2026-05-04,4815.2,4844.8,4745.7,4788.1,486694.0,49.08
2026-05-05,4770.0,4858.7,4743.1,4816.3,499615.0,49.84
2026-05-06,4880.0,5037.6,4850.0,5014.0,799823.0,36.41
2026-05-07,5030.0,5074.4,4911.5,4984.0,512165.0,51.73
2026-05-08,4990.0,5137.0,4960.0,5113.6,633097.0,40.28
2026-05-11,5124.9,5173.3,5080.0,5098.1,339705.0,46.65
2026-05-12,5073.8,5073.8,4841.0,4877.1,697635.0,41.84
2026-05-13,4855.0,4914.0,4815.8,4845.0,310545.0,32.87
2026-05-14,4831.0,4831.0,4577.0,4628.8,758017.0,34.59
2026-05-15,4633.0,4797.0,4630.0,4702.1,766506.0,40.52
2026-05-18,4678.6,4977.9,4665.0,4944.1,572955.0,27.44
2026-05-19,4961.5,5187.7,4961.5,5066.3,912186.0,32.37
2026-05-20,5040.1,5149.0,4986.3,5084.1,552055.0,42.92
2026-05-21,5084.1,5110.0,4995.0,5019.0,282141.0,31.66
2026-05-22,5038.0,5050.1,4925.0,4970.3,459525.0,40.98
2026-05-25,5030.0,5077.0,4971.5,5038.0,328328.0,39.45
2026-05-26,5038.0,5137.3,5021.0,5105.8,456026.0,32.14
2026-05-27,5100.0,5134.4,5064.3,5098.4,206977.0,43.51
2026-05-28,5100.0,5134.4,5064.3,5098.4,206977.0,43.51
2026-05-29,5150.0,5278.0,5150.0,5194.3,1393236.0,49.01
2026-06-01,5238.0,5498.0,5226.5,5402.0,1017776.0,39.25
2026-06-02,5440.5,5612.0,5415.0,5470.5,1368824.0,42.81
2026-06-03,5380.0,5380.0,5076.0,5097.5,768497.0,35.98
2026-06-04,5050.0,5186.5,4978.0,5121.5,380369.0,29.33
2026-06-05,5199.0,5233.5,5011.0,5038.5,423726.0,37.2
2026-06-08,4958.0,5090.0,4911.0,5065.0,396122.0,35.97
2026-06-09,5145.0,5145.0,4961.0,5018.0,438124.0,38.25
2026-06-10,5023.0,5070.0,4917.0,4928.0,254180.0,41.49
2026-06-11,4805.5,4932.0,4732.5,4874.0,746944.0,28.31
2026-06-12,4920.0,4945.5,4794.0,4811.0,410246.0,41.3
2026-06-15,4885.0,4914.0,4845.5,4890.5,519726.0,45.93
2026-06-16,4930.0,5048.5,4906.0,5016.5,676099.0,28.32
2026-06-17,5050.0,5105.0,5017.0,5045.0,365334.0,36.92
2026-06-18,5019.0,5028.5,4896.0,4940.5,675007.0,32.87
2026-06-19,4700.0,4844.5,4602.0,4829.0,1504523.0,37.27
2026-06-22,4838.0,4919.0,4838.0,4860.5,318876.0,31.32
2026-06-23,4763.0,4895.0,4763.0,4836.5,335308.0,34.4
2026-06-24,4847.5,4976.5,4822.0,4928.5,591029.0,34.59
2026-06-25,4935.0,4970.0,4827.0,4841.5,383578.0,40.03
2026-06-26,4935.0,4970.0,4827.0,4841.5,383578.0,40.03
2026-06-29,4500.0,4512.0,4265.0,4298.5,6170867.0,44.95
2026-06-30,4331.0,4347.0,4244.5,4326.5,1513736.0,40.82
2026-07-01,4343.8,4403.0,4311.7,4330.2,964797.0,43.04
2026-07-02,4384.0,4592.9,4381.5,4580.6,1859078.0,36.92
2026-07-03,4670.0,4766.0,4640.4,4682.7,1551490.0,36.79
2026-07-06,4704.8,4735.0,4650.8,4715.8,642181.0,52.13
2026-07-07,4730.0,4901.9,4730.0,4884.8,1301127.0,43.02
2026-07-08,4884.8,4910.0,4737.0,4769.5,662309.0,37.77
2026-07-09,4765.0,4858.9,4705.0,4829.9,465088.0,25.15
2026-07-10,4926.4,5065.4,4903.0,5053.9,1205108.0,40.72
2026-07-13,5000.4,5218.8,4975.0,5192.4,1033379.0,29.73
2026-07-14,5189.9,5257.0,5111.1,5129.1,567112.0,38.96
2026-07-15,5080.0,5172.9,5012.9,5075.8,516067.0,40.4
2026-07-16,5075.8,5210.0,5050.0,5059.3,426991.0,35.51
2026-07-17,5120.9,5195.7,5090.0,5183.9,532124.0,40.39
2026-07-20,5183.9,5238.0,5166.0,5188.7,367933.0,47.8
2026-07-21,5168.0,5299.9,5165.0,5219.0,408127.0,29.02
2026-07-22,5195.0,5195.0,5067.2,5098.8,385227.0,37.55
2026-07-23,5095.0,5119.5,4990.0,5001.9,502970.0,54.73
2026-07-24,4974.1,5217.8,4965.1,5200.5,732328.0,28.45
2026-07-27,5249.0,5339.5,5237.0,5268.2,557415.0,35.85
2026-07-28,5335.8,5515.0,5335.8,5428.4,1045445.0,31.78
2026-07-29,5510.4,5589.0,5460.0,5483.3,563293.0,38.12
2026-07-30,5483.3,5698.0,5468.4,5514.7,1194100.0,32.21
2026-07-31,5458.7,5580.0,5263.4,5549.0,1471276.0,41.86
2026-08-03,5533.5,5575.0,5319.5,5575.0,1344826.0,29.06
2026-08-04,5590.0,5599.0,5462.5,5499.0,464955.0,27.86
2026-08-05,5539.0,5579.0,5493.0,5520.0,367409.0,46.4
2026-08-06,5520.0,5572.0,5459.5,5459.5,239382.0,45.37
2026-08-07,5470.0,5594.0,5448.5,5475.0,507690.0,39.51
2026-08-10,5475.0,5543.5,5425.0,5474.0,422612.0,51.75
2026-08-11,5474.0,5544.0,5430.5,5536.0,339035.0,45.64
2026-08-12,5530.0,5530.0,5390.0,5474.0,347580.0,45.81
2026-08-13,5470.5,5529.0,5406.0,5523.0,237282.0,44.35
2026-08-14,5549.0,5618.5,5447.0,5580.0,633514.0,40.26
2026-08-19,5520.0,5577.0,5475.5,5510.0,474744.0,30.63
2026-08-20,5572.0,5706.0,5534.0,5674.0,701333.0,35.05
2026-08-21,5685.0,5722.0,5602.0,5667.5,355144.0,41.7
2026-08-24,5693.5,5725.0,5646.0,5694.0,368840.0,39.82
2026-08-25,5687.0,5687.0,5570.5,5655.0,358275.0,36.52
2026-08-26,5655.0,5705.0,5590.5,5590.5,186654.0,31.39
2026-08-27,5640.0,5679.5,5597.0,5654.0,191424.0,36.08
2026-08-28,5677.0,5910.0,5677.0,5875.0,957631.0,36.58
2026-08-31,5855.5,5855.5,5593.0,5594.5,1111705.0,46.29
2026-09-01,5621.5,5852.5,5603.0,5800.0,592977.0,25.58
2026-09-02,5700.0,5738.0,5640.5,5690.0,610391.0,48.57
