,Open,High,Low,Close,Volume,DeliveryPct
2016-08-22,237.9,240.75,234.5,237.45,2111544.0,
2016-08-23,237.65,240.2,236.5,239.15,2444523.0,
2016-08-24,238.4,242.55,237.5,241.7,3206624.0,
2016-08-25,244.55,246.45,236.3,238.55,6471249.0,
2016-08-26,119.35,120.05,115.3,115.75,3688741.0,
2016-08-29,116.0,116.8,112.2,114.35,4425508.0,
2016-08-30,114.9,115.5,113.7,114.75,2058575.0,
2016-08-31,114.8,124.5,114.7,123.7,11032897.0,
2016-09-01,124.25,124.9,120.6,121.4,7060695.0,
2016-09-02,121.6,123.35,119.4,122.9,4076650.0,
2016-09-06,123.4,123.9,121.7,122.85,3811474.0,
2016-09-07,122.7,125.35,122.3,123.95,3609256.0,
2016-09-08,123.95,127.1,123.7,126.7,3278600.0,
2016-09-09,126.95,127.65,124.0,124.85,2894612.0,
2016-09-12,122.85,122.85,118.0,118.35,4414025.0,
2016-09-14,119.4,121.0,118.6,120.0,5529485.0,
2016-09-15,119.25,120.65,117.7,118.95,1319345.0,
2016-09-16,119.4,121.4,117.9,118.35,4847500.0,
2016-09-19,119.0,120.3,118.1,119.9,2670728.0,
2016-09-20,119.4,121.95,119.4,120.85,2699462.0,
2016-09-21,121.5,122.95,120.3,120.6,4032165.0,
2016-09-22,121.7,123.5,121.7,122.75,2976040.0,
2016-09-23,123.3,124.2,122.1,122.65,3296934.0,
2016-09-26,122.0,123.6,121.0,121.75,2494508.0,
2016-09-27,121.8,122.4,118.3,119.85,3773152.0,
2016-09-28,120.0,120.75,118.35,119.05,4581589.0,
2016-09-29,119.9,120.7,112.3,114.0,5128509.0,
2016-09-30,114.4,120.65,113.95,120.3,4601244.0,
2016-10-03,120.5,123.15,120.5,122.35,2567455.0,
2016-10-04,123.2,126.3,122.1,125.7,6135694.0,
2016-10-05,126.5,127.6,124.9,126.45,4722711.0,
2016-10-06,127.1,127.4,123.05,123.75,5112008.0,
2016-10-07,124.0,125.3,121.85,123.05,2668875.0,
2016-10-10,123.9,124.55,121.5,121.95,2172677.0,
2016-10-13,122.65,125.35,120.2,123.45,4708792.0,
2016-10-14,124.0,124.45,121.4,122.3,1307994.0,
2016-10-17,122.7,125.4,121.8,122.95,3493217.0,
2016-10-18,123.5,124.45,121.45,123.6,3539897.0,
2016-10-19,123.95,125.1,122.3,122.85,3519362.0,
2016-10-20,123.9,125.0,123.1,123.95,1275051.0,
2016-10-21,124.9,127.9,123.4,127.65,4559437.0,
2016-10-24,128.9,130.4,126.5,127.3,4192135.0,
2016-10-25,128.2,128.35,125.75,126.4,1942847.0,
2016-10-26,126.35,128.2,124.0,124.65,2227331.0,
2016-10-27,124.6,125.2,121.3,124.3,5758201.0,
2016-10-28,124.35,125.7,123.0,124.1,2491793.0,
2016-11-01,124.6,124.95,121.6,122.2,2661206.0,
2016-11-02,120.9,120.9,118.0,118.2,1575225.0,
2016-11-03,117.85,119.4,115.2,115.6,2282480.0,
2016-11-04,115.6,115.75,110.55,113.85,2989498.0,
2016-11-07,116.0,117.25,114.8,115.2,2103401.0,
2016-11-08,115.4,116.4,113.8,114.6,1710886.0,
2016-11-09,110.0,117.65,103.15,116.4,4852876.0,
2016-11-10,118.4,123.4,118.4,121.45,3826357.0,
2016-11-11,119.9,122.85,117.5,118.25,4429038.0,
2016-11-15,119.6,120.9,115.2,116.1,4897189.0,
2016-11-16,118.1,121.9,116.5,117.7,4351833.0,
2016-11-17,118.5,121.9,117.0,120.95,2966847.0,
2016-11-18,122.05,125.75,121.35,125.05,5150155.0,
2016-11-21,126.05,126.05,118.1,118.55,3342490.0,
2016-11-22,119.15,125.45,119.15,124.35,3516669.0,
2016-11-23,126.0,127.45,123.0,126.95,3368746.0,
2016-11-24,126.1,127.7,124.2,127.3,14299449.0,
2016-11-25,128.0,132.95,127.4,132.6,7270682.0,
2016-11-28,133.4,133.8,128.9,129.8,4043370.0,
2016-11-29,129.95,132.7,129.9,131.7,3760205.0,
2016-11-30,132.0,135.6,131.5,134.2,5304808.0,
2016-12-01,134.6,135.7,132.8,133.6,2502376.0,
2016-12-02,132.0,133.25,130.25,131.45,3193167.0,
2016-12-05,131.0,131.4,127.55,129.55,3211226.0,
2016-12-06,130.0,131.45,129.0,129.85,1548277.0,
2016-12-07,130.0,132.9,127.25,129.15,2609455.0,
2016-12-08,131.45,133.8,130.4,132.65,2048697.0,
2016-12-09,133.5,136.4,133.5,135.2,3400498.0,
2016-12-12,135.2,135.4,130.65,131.7,1874890.0,
2016-12-13,131.65,132.75,129.4,130.95,2258493.0,
2016-12-14,131.4,131.95,127.0,127.85,4985017.0,
2016-12-15,127.3,129.85,126.0,128.2,1615247.0,
2016-12-16,129.0,129.05,125.1,125.5,2362240.0,
2016-12-19,125.0,130.05,123.6,127.4,4851716.0,
2016-12-20,128.65,130.3,124.8,128.55,4471781.0,
2016-12-21,131.0,131.25,127.0,127.3,2568003.0,
2016-12-22,127.0,127.5,123.85,124.75,1382420.0,
2016-12-23,124.5,124.85,118.9,119.7,3177057.0,
2016-12-26,118.5,118.8,115.1,115.65,1851369.0,
2016-12-27,115.5,117.65,112.9,117.15,3050826.0,
2016-12-28,117.5,123.25,117.35,119.8,4674926.0,
2016-12-29,119.35,122.0,118.5,120.7,4795398.0,
2016-12-30,121.3,123.5,121.1,121.95,1379616.0,
2017-01-02,122.95,124.3,120.65,124.0,1673821.0,
2017-01-03,124.0,125.9,123.2,125.2,1360151.0,
2017-01-04,125.2,126.2,123.1,123.65,1852228.0,
2017-01-05,124.15,129.1,124.0,128.5,2487056.0,
2017-01-06,128.0,131.9,127.5,129.45,8102822.0,
2017-01-09,129.95,130.95,129.35,130.6,3117622.0,
2017-01-10,131.6,132.8,128.05,129.2,4938633.0,
2017-01-11,129.55,133.4,129.55,132.35,3718794.0,
2017-01-12,132.0,137.0,132.0,136.05,6574963.0,
2017-01-13,137.25,137.3,134.25,136.75,4796731.0,
2017-01-16,136.2,138.85,136.0,138.35,4070377.0,
2017-01-17,138.6,139.5,135.55,137.0,3485769.0,
2017-01-18,137.3,137.6,133.0,133.4,4520701.0,
2017-01-19,133.6,134.85,132.1,132.7,3932244.0,
2017-01-20,132.1,134.2,129.85,130.55,4094233.0,
2017-01-23,131.2,134.5,130.65,133.7,3083400.0,
2017-01-24,132.5,135.0,129.6,134.45,3850307.0,
2017-01-25,135.45,139.8,133.6,138.7,11183195.0,
2017-01-27,139.1,140.25,137.1,138.25,6972671.0,
2017-01-30,137.4,139.2,134.2,135.1,2809899.0,
2017-01-31,134.4,134.95,129.3,130.15,13073410.0,
2017-02-01,130.9,136.3,130.25,135.65,8622644.0,
2017-02-02,135.3,136.85,134.1,134.45,4820447.0,
2017-02-03,134.5,137.3,134.5,136.1,4485967.0,
2017-02-06,136.55,137.15,134.95,135.75,2812065.0,
2017-02-07,135.9,139.55,131.0,131.9,6422967.0,
2017-02-08,132.7,135.65,131.7,134.6,4862277.0,
2017-02-09,135.75,137.7,133.8,135.45,4765498.0,
2017-02-10,136.3,137.0,134.4,135.2,3625290.0,
2017-02-13,135.3,136.0,130.9,134.45,5732261.0,
2017-02-14,135.0,135.3,131.3,132.0,4084925.0,
2017-02-15,131.8,132.9,127.0,127.55,4187371.0,
2017-02-16,127.25,131.9,126.45,131.45,3925665.0,
2017-02-17,132.5,132.8,130.5,130.85,3262148.0,
2017-02-20,131.25,134.0,131.15,133.5,5080948.0,
2017-02-21,134.4,136.8,134.4,136.1,4640261.0,
2017-02-22,137.3,141.9,136.5,137.45,14111681.0,
2017-02-23,138.35,138.35,134.25,134.85,10133797.0,
2017-02-27,135.6,137.7,135.4,135.95,5372194.0,
2017-02-28,136.0,138.2,135.2,136.0,6135992.0,
2017-03-01,136.6,139.7,136.5,137.2,7034760.0,
2017-03-02,138.0,138.9,134.6,135.65,4833745.0,
2017-03-03,135.3,136.65,133.55,135.25,3740647.0,
2017-03-06,135.8,140.15,135.8,137.85,6999857.0,
2017-03-07,138.5,139.7,136.1,136.95,5734623.0,
2017-03-08,137.25,137.65,132.8,133.05,6507143.0,
2017-03-09,132.55,133.8,129.95,131.8,6317100.0,
2017-03-10,132.8,134.1,130.5,130.7,4147479.0,
2017-03-14,134.5,135.7,132.45,133.75,6446339.0,
2017-03-15,133.9,136.5,133.5,135.1,4684650.0,
2017-03-16,136.3,138.7,136.0,137.1,5989246.0,
2017-03-17,138.0,142.0,137.75,141.4,11926009.0,
2017-03-20,142.95,148.0,140.85,145.75,16948781.0,
2017-03-21,146.85,146.95,142.6,143.6,7429659.0,
2017-03-22,142.2,146.15,141.7,143.95,16852476.0,
2017-03-23,144.9,145.7,142.75,143.05,9438160.0,
2017-03-24,144.7,148.35,144.6,145.15,11985664.0,
2017-03-27,143.7,144.6,141.0,142.15,6421432.0,
2017-03-28,142.25,147.6,141.15,144.4,9235856.0,
2017-03-29,147.9,148.4,145.2,147.25,8548385.0,
2017-03-30,142.3,144.45,141.5,142.7,16351458.0,
2017-03-31,143.5,147.15,143.5,145.9,8277704.0,
2017-04-03,147.0,148.35,145.5,147.7,5308576.0,
2017-04-05,147.7,154.8,147.3,154.35,8914054.0,
2017-04-06,154.0,156.7,152.75,154.95,7524750.0,
2017-04-07,153.7,154.9,151.3,152.35,5016648.0,
2017-04-10,152.8,153.75,149.7,152.4,3626870.0,
2017-04-11,152.0,168.9,151.7,163.8,34663466.0,
2017-04-12,164.4,165.95,159.4,161.95,16046931.0,
2017-04-13,161.0,164.2,161.0,162.7,6495810.0,
2017-04-17,162.0,168.85,153.1,157.05,20726138.0,
2017-04-18,157.3,160.8,154.8,155.65,6161548.0,
2017-04-19,154.5,159.15,153.9,155.75,6629479.0,
2017-04-20,157.5,158.95,154.55,155.6,5578716.0,
2017-04-21,156.9,157.5,154.8,156.55,4367021.0,
2017-04-24,156.9,158.9,155.85,158.45,4770301.0,
2017-04-25,159.95,161.85,158.1,161.0,8124230.0,
2017-04-26,161.2,161.75,156.25,157.7,3465408.0,
2017-04-27,157.7,160.1,157.15,158.0,7765215.0,
2017-04-28,157.5,160.55,157.05,160.0,4685026.0,
2017-05-02,160.5,164.4,159.75,163.6,7225104.0,
2017-05-03,164.5,164.5,160.25,160.9,3892801.0,
2017-05-04,160.9,165.0,160.6,164.4,5929637.0,
2017-05-05,163.9,167.1,160.2,162.65,6682728.0,
2017-05-08,162.9,166.05,161.2,164.75,5241844.0,
2017-05-09,165.0,168.15,163.7,166.55,9161059.0,
2017-05-10,167.3,168.4,165.15,166.35,3951696.0,
2017-05-11,165.5,166.45,160.25,161.6,6245036.0,
2017-05-12,162.5,163.55,159.05,160.0,4911843.0,
2017-05-15,159.5,162.75,159.5,160.05,4483027.0,
2017-05-16,161.1,162.5,160.25,161.2,4753976.0,
2017-05-17,160.5,164.0,160.45,161.7,4783539.0,
2017-05-18,160.1,160.5,155.45,156.1,5118034.0,
2017-05-19,156.4,158.1,153.0,154.55,2378889.0,
2017-05-22,155.8,156.85,149.35,150.5,4696364.0,
2017-05-23,150.3,152.9,145.35,150.05,3899323.0,
2017-05-24,150.0,151.7,144.75,146.15,3728552.0,
2017-05-25,147.05,148.4,141.05,141.5,11886942.0,
2017-05-26,142.0,145.6,138.25,143.55,8797218.0,
2017-05-29,143.6,144.4,134.75,135.5,9947540.0,
2017-05-30,129.25,139.0,122.2,136.85,53163367.0,
2017-05-31,137.3,138.5,130.55,133.55,11808690.0,
2017-06-01,133.0,134.5,129.75,130.65,7471899.0,
2017-06-02,131.45,131.85,125.95,127.8,9319833.0,
2017-06-05,128.2,128.3,125.1,125.6,6801243.0,
2017-06-06,125.6,128.9,124.5,127.75,8312981.0,
2017-06-07,128.6,129.0,126.15,127.15,8778093.0,
2017-06-08,127.75,130.9,126.1,128.8,7598770.0,
2017-06-09,128.95,129.0,127.35,128.4,5050974.0,
2017-06-12,128.3,132.4,127.65,131.7,6161717.0,
2017-06-13,132.45,133.35,129.65,130.45,8515572.0,
2017-06-14,130.0,131.0,128.65,130.0,8643144.0,
2017-06-15,130.7,131.5,129.65,130.6,5286584.0,
2017-06-16,129.25,134.75,129.25,132.0,6197919.0,
2017-06-19,132.05,134.0,131.4,133.35,3328439.0,
2017-06-20,133.0,133.5,131.35,132.05,5064919.0,
2017-06-21,131.85,131.95,129.65,130.15,6345061.0,
2017-06-22,130.0,131.3,128.25,129.05,5705256.0,
2017-06-23,129.0,129.1,121.65,122.35,10498577.0,
2017-06-27,121.35,123.25,117.2,121.9,9183368.0,
2017-06-28,121.35,125.5,120.7,124.4,5290827.0,
2017-06-29,124.45,125.7,121.55,121.9,3916183.0,
2017-06-30,121.75,123.9,120.15,122.7,3693173.0,
2017-07-03,124.2,125.3,121.6,124.9,3478691.0,
2017-07-04,125.5,125.8,122.1,122.55,3205708.0,
2017-07-05,122.05,124.3,122.05,123.9,1744296.0,
2017-07-06,123.9,127.0,123.2,125.45,4406042.0,
2017-07-07,126.25,128.0,125.1,125.85,3611201.0,
2017-07-10,128.0,128.0,125.8,126.7,2498150.0,
2017-07-11,126.9,127.45,123.0,123.2,4379076.0,
2017-07-12,123.6,127.35,123.55,126.15,6944044.0,
2017-07-13,128.0,128.25,125.1,126.05,4837178.0,
2017-07-14,125.8,125.8,122.6,123.95,9462059.0,
2017-07-17,124.15,125.5,123.2,124.75,10104910.0,
2017-07-18,123.7,124.95,122.5,122.95,3691304.0,
2017-07-19,123.45,124.1,122.35,123.45,3035995.0,
2017-07-20,123.7,127.55,123.25,126.9,6532165.0,
2017-07-21,127.5,129.25,126.8,128.8,8158812.0,
2017-07-24,128.15,128.8,125.65,127.65,4001304.0,
2017-07-25,127.65,128.0,124.35,124.7,5097962.0,
2017-07-26,124.95,125.4,122.5,122.8,6629773.0,
2017-07-27,123.05,124.45,121.0,121.45,2884452.0,
2017-07-28,122.0,123.85,121.0,123.4,2414240.0,
2017-07-31,123.95,124.75,123.0,124.4,2007125.0,
2017-08-01,124.65,126.1,121.9,122.25,7924110.0,
2017-08-02,122.65,123.05,121.2,122.2,2734227.0,
2017-08-03,122.25,128.3,121.85,126.3,10375986.0,
2017-08-04,127.95,129.15,126.75,128.45,7080822.0,
2017-08-07,129.25,137.45,129.0,136.7,9487982.0,
2017-08-08,138.2,139.65,133.25,135.65,7920726.0,
2017-08-09,135.95,138.35,133.0,134.1,5511396.0,
2017-08-10,132.5,134.2,122.65,124.55,17380728.0,
2017-08-11,117.5,121.25,115.3,117.65,14095760.0,
2017-08-14,118.3,120.3,116.65,119.0,4953340.0,
2017-08-16,119.0,120.3,116.3,118.5,4413072.0,
2017-08-17,118.45,128.35,118.2,125.6,12306883.0,
2017-08-18,123.0,126.6,121.6,123.1,6426342.0,
2017-08-21,123.15,124.9,118.0,118.5,6041053.0,
2017-08-22,120.0,120.9,116.1,116.75,5779706.0,
2017-08-23,117.95,121.25,117.55,120.65,3782929.0,
2017-08-24,120.65,122.2,119.5,121.4,3991035.0,
2017-08-28,121.95,123.9,121.2,122.6,4443434.0,
2017-08-29,120.75,123.0,120.2,120.7,3147013.0,
2017-08-30,122.25,124.8,121.4,123.5,3697716.0,
2017-08-31,123.65,124.15,120.7,122.1,11605720.0,
2017-09-01,122.45,124.1,122.25,123.7,2504089.0,
2017-09-04,122.5,123.9,120.7,122.3,4007612.0,
2017-09-05,122.95,123.55,121.85,122.65,1430925.0,
2017-09-06,122.0,126.0,121.7,124.85,4063776.0,
2017-09-07,125.7,125.75,122.8,123.1,4075776.0,
2017-09-08,124.6,124.6,122.7,123.5,3250772.0,
2017-09-11,124.4,127.4,124.05,126.85,5217004.0,
2017-09-12,127.45,128.0,125.3,127.1,2379068.0,
2017-09-13,127.4,131.9,126.8,128.6,7510434.0,
2017-09-14,128.6,134.3,128.6,130.8,7349641.0,
2017-09-15,130.35,132.4,130.1,130.7,6956369.0,
2017-09-18,131.65,132.8,130.8,131.25,2342784.0,
2017-09-19,131.95,135.2,130.1,134.55,5327001.0,
2017-09-20,136.25,136.35,132.85,133.3,4667233.0,
2017-09-21,133.5,134.25,129.5,132.1,4093423.0,
2017-09-22,131.4,131.4,125.35,125.9,3457697.0,
2017-09-25,126.45,129.3,124.05,128.8,4796474.0,
2017-09-26,129.15,129.95,124.7,126.4,4289848.0,
2017-09-27,126.35,126.65,119.65,120.8,4630665.0,
2017-09-28,121.2,124.5,120.15,122.0,6466312.0,
2017-09-29,122.95,123.8,121.15,121.9,3350982.0,
2017-10-03,122.0,125.0,122.0,124.55,3334829.0,
2017-10-04,124.2,125.4,123.1,124.65,2615808.0,
2017-10-05,124.65,126.25,124.05,124.9,2165484.0,
2017-10-06,124.9,125.95,124.45,125.2,2818329.0,
2017-10-09,124.35,125.1,122.1,123.15,3700618.0,
2017-10-10,123.2,124.4,122.2,123.45,3134030.0,
2017-10-11,123.25,124.65,120.65,121.2,3727777.0,
2017-10-12,121.2,121.95,118.85,119.95,8278941.0,
2017-10-13,119.4,125.7,119.0,123.7,8013030.0,
2017-10-16,124.4,124.95,122.0,123.25,3539998.0,
2017-10-17,123.85,128.8,122.8,128.2,7733423.0,
2017-10-18,128.4,132.7,127.75,131.75,8371472.0,
2017-10-19,131.9,132.05,129.55,130.25,938783.0,
2017-10-23,130.25,133.6,129.2,132.4,5906170.0,
2017-10-24,132.9,132.9,130.5,132.2,3254846.0,
2017-10-25,133.05,142.15,131.85,141.4,13459086.0,
2017-10-26,142.45,147.2,141.6,143.65,18662904.0,
2017-10-27,144.3,149.65,144.15,145.4,8320953.0,
2017-10-30,145.5,147.7,142.9,144.5,4036312.0,
2017-10-31,144.6,144.65,138.25,139.25,7123462.0,
2017-11-01,140.25,142.3,138.05,140.0,6995076.0,
2017-11-02,140.7,146.6,140.05,145.4,10831469.0,
2017-11-03,146.35,148.2,138.4,142.05,23489355.0,
2017-11-06,142.55,143.1,136.3,137.85,15661485.0,
2017-11-07,138.9,140.0,135.0,135.95,9768979.0,
2017-11-08,136.8,139.85,135.85,137.45,11981667.0,
2017-11-09,138.0,139.4,136.0,137.85,5815643.0,
2017-11-10,131.8,131.8,125.55,126.7,9561742.0,
2017-11-13,127.2,129.5,124.2,127.4,7314560.0,
2017-11-14,127.7,128.4,124.85,125.3,4065317.0,
2017-11-15,124.9,124.9,120.9,121.95,11219121.0,
2017-11-16,122.4,126.0,122.4,125.25,5764486.0,
2017-11-17,127.15,130.45,125.8,126.3,8723144.0,
2017-11-20,126.0,128.4,125.2,127.2,5347451.0,
2017-11-21,127.4,129.45,127.2,128.15,4906721.0,
2017-11-22,128.5,128.95,126.6,127.95,3578904.0,
2017-11-23,127.85,129.5,126.85,128.35,4102100.0,
2017-11-24,127.7,128.4,126.6,127.3,1707628.0,
2017-11-27,127.0,127.95,126.5,127.5,1866833.0,
2017-11-28,127.15,127.4,124.1,124.35,5667444.0,
2017-11-29,124.6,125.6,123.0,123.65,5401007.0,
2017-11-30,122.65,124.5,120.3,120.85,12194660.0,
2017-12-01,121.7,122.9,118.6,119.1,5769482.0,
2017-12-04,119.6,121.15,118.35,120.75,4312145.0,
2017-12-05,121.05,121.2,118.6,119.3,5341144.0,
2017-12-06,119.5,120.9,118.05,118.35,3624892.0,
2017-12-07,118.75,119.55,118.0,119.0,3842471.0,
2017-12-08,120.45,121.4,119.9,120.95,4018321.0,
2017-12-11,121.75,121.8,119.55,120.35,3283529.0,
2017-12-12,120.45,120.75,115.75,116.05,8850796.0,
2017-12-13,115.8,117.0,115.0,115.25,6632127.0,
2017-12-14,115.95,116.95,114.85,116.3,6383069.0,
2017-12-15,117.5,118.4,117.1,117.6,3977139.0,
2017-12-18,117.5,120.2,112.7,118.95,7602302.0,
2017-12-19,125.0,125.5,120.45,121.0,12167736.0,
2017-12-20,121.0,121.6,120.15,120.9,3645773.0,
2017-12-21,121.35,122.9,120.7,121.25,6727255.0,
2017-12-22,121.5,122.4,120.2,120.95,4363778.0,
2017-12-26,121.0,123.3,120.8,122.25,6346957.0,
2017-12-27,122.25,123.0,120.8,121.4,3027510.0,
2017-12-28,121.9,121.9,119.25,119.85,5958794.0,
2017-12-29,120.4,122.5,120.1,121.75,4736779.0,
2018-01-01,121.4,125.5,121.3,123.8,6640773.0,
2018-01-02,124.95,125.7,122.25,123.65,5576051.0,
2018-01-03,124.5,124.75,123.05,123.75,3126273.0,
2018-01-04,124.25,125.95,123.75,125.3,4371234.0,
2018-01-05,125.5,126.4,124.4,125.05,3271513.0,
2018-01-08,125.25,126.95,124.8,126.7,3575815.0,
2018-01-09,126.6,128.3,125.75,126.5,3735576.0,
2018-01-10,126.5,127.25,124.1,124.8,2433431.0,
2018-01-11,124.7,128.6,124.1,127.85,5302788.0,
2018-01-12,129.25,129.25,124.7,126.2,4300004.0,
2018-01-15,126.35,126.95,124.4,124.6,2868911.0,
2018-01-16,124.55,125.5,120.2,121.0,4442672.0,
2018-01-17,120.8,122.35,118.15,122.0,4157893.0,
2018-01-18,122.25,123.1,118.65,119.25,4511605.0,
2018-01-19,119.4,122.05,119.05,120.2,5320281.0,
2018-01-22,121.0,121.0,119.1,120.0,2963447.0,
2018-01-23,120.0,122.0,120.0,121.0,3762017.0,
2018-01-24,121.0,122.5,120.05,121.5,5027861.0,
2018-01-25,121.25,121.85,118.25,118.75,5378184.0,
2018-01-29,119.4,119.8,117.2,117.6,2880079.0,
2018-01-30,117.45,118.75,116.75,117.35,2998357.0,
2018-01-31,117.1,118.5,115.0,116.8,5522906.0,
2018-02-01,118.0,119.0,115.3,117.0,6983235.0,
2018-02-02,115.1,116.5,110.05,110.95,10086451.0,
2018-02-05,110.8,113.95,107.1,112.35,5860031.0,
2018-02-06,108.0,110.8,105.4,108.55,7313821.0,
2018-02-07,110.4,110.95,108.1,109.4,4438692.0,
2018-02-08,110.3,111.95,109.35,110.15,3906768.0,
2018-02-09,108.9,109.8,108.1,109.3,3653807.0,
2018-02-12,110.55,112.1,109.6,111.25,4612747.0,
2018-02-14,111.0,112.85,109.85,111.25,4691167.0,
2018-02-15,111.5,111.75,108.2,108.85,4075392.0,
2018-02-16,109.1,109.75,106.35,107.15,5078197.0,
2018-02-19,107.5,108.2,105.2,106.6,3019040.0,
2018-02-20,106.6,107.1,104.8,105.7,3041262.0,
2018-02-21,106.3,106.4,103.3,104.6,5085209.0,
2018-02-22,104.55,106.6,103.95,104.65,7970917.0,
2018-02-23,105.2,108.25,104.7,107.8,5622029.0,
2018-02-26,108.6,112.05,108.0,110.35,8082628.0,
2018-02-27,110.55,110.9,107.05,107.4,5554775.0,
2018-02-28,106.5,106.65,105.0,105.1,6866804.0,
2018-03-01,104.7,105.6,102.1,102.45,5933557.0,
2018-03-05,101.45,102.15,101.1,101.75,6369449.0,
2018-03-06,101.0,101.55,98.3,99.0,7225144.0,
2018-03-07,98.4,98.45,95.1,95.3,7854861.0,
2018-03-08,94.9,94.95,89.3,91.9,12409532.0,
2018-03-09,92.0,94.5,91.9,93.1,7680222.0,
2018-03-12,93.4,93.85,86.1,88.25,12617836.0,
2018-03-13,89.2,91.85,86.2,89.85,12792730.0,
2018-03-14,88.65,89.3,86.1,86.7,16406495.0,
2018-03-15,86.4,88.75,86.25,88.05,10005593.0,
2018-03-16,88.4,90.45,87.5,88.0,15307224.0,
2018-03-19,88.05,88.7,84.65,87.7,12226065.0,
2018-03-20,87.05,89.6,86.8,88.95,9470767.0,
2018-03-21,89.5,91.25,88.1,89.0,8462253.0,
2018-03-22,89.4,89.4,86.6,86.8,4815269.0,
2018-03-23,85.05,85.55,83.3,85.15,6746446.0,
2018-03-26,85.0,87.25,84.3,86.95,5264676.0,
2018-03-27,88.5,90.05,88.0,88.4,8603279.0,
2018-03-28,87.4,87.4,85.15,85.65,10381168.0,
2018-04-02,85.1,87.75,85.1,87.1,4255672.0,
2018-04-03,86.6,88.25,86.15,87.85,3559037.0,
2018-04-04,88.45,89.45,85.6,86.05,6746709.0,
2018-04-05,86.95,88.6,86.75,88.1,4762849.0,
2018-04-06,88.0,89.95,87.7,89.6,3209240.0,
2018-04-09,90.0,90.55,88.85,89.7,2659550.0,
2018-04-10,89.9,90.1,87.9,88.3,3384134.0,
2018-04-11,88.4,89.25,87.2,88.75,3296682.0,
2018-04-12,88.8,89.2,86.5,87.1,4714218.0,
2018-04-13,87.1,87.7,86.0,86.35,3824970.0,
2018-04-16,85.8,87.8,85.45,87.5,2414450.0,
2018-04-17,88.0,88.4,86.5,87.35,2317447.0,
2018-04-18,87.5,87.7,86.25,86.4,1948745.0,
2018-04-19,86.4,86.9,85.7,85.9,2798394.0,
2018-04-20,85.8,86.65,85.2,85.35,2801817.0,
2018-04-23,85.55,86.55,85.25,85.65,2489151.0,
2018-04-24,85.7,86.25,85.0,85.1,3612251.0,
2018-04-25,85.2,85.95,84.6,85.05,2641577.0,
2018-04-26,85.05,85.4,82.65,82.95,7626649.0,
2018-04-27,83.25,86.8,83.25,86.3,5397328.0,
2018-04-30,87.1,88.35,86.45,87.95,3112734.0,
2018-05-02,88.4,90.15,85.3,85.7,7334954.0,
2018-05-03,85.4,86.05,83.5,85.0,5325682.0,
2018-05-04,84.5,86.4,83.2,84.2,5960916.0,
2018-05-07,85.0,86.65,84.75,85.9,4456218.0,
2018-05-08,86.0,86.7,84.2,84.4,5632054.0,
2018-05-09,84.75,85.45,84.5,84.9,2932023.0,
2018-05-10,84.85,85.3,83.1,83.3,5588217.0,
2018-05-11,83.6,83.7,82.3,82.85,3265886.0,
2018-05-14,83.0,83.5,79.1,79.6,6706897.0,
2018-05-15,79.9,79.9,76.05,76.4,11614977.0,
2018-05-16,75.5,77.95,74.5,76.55,6503176.0,
2018-05-17,76.7,78.15,75.7,76.75,6620909.0,
2018-05-18,77.0,77.35,73.8,74.15,7934696.0,
2018-05-21,73.8,75.05,72.6,73.2,4828854.0,
2018-05-22,73.25,74.0,72.2,73.5,3825238.0,
2018-05-23,73.6,74.4,71.75,72.2,7068789.0,
2018-05-24,71.6,75.9,71.05,75.5,11391187.0,
2018-05-25,75.95,78.6,74.0,75.55,28326076.0,
2018-05-28,76.9,82.2,76.3,80.55,22449752.0,
2018-05-29,79.9,81.6,78.7,80.45,13892815.0,
2018-05-30,79.6,81.05,78.6,79.25,8200108.0,
2018-05-31,79.5,81.35,78.55,80.55,57225598.0,
2018-06-01,81.15,83.8,79.25,82.4,18651473.0,
2018-06-04,83.1,83.75,80.8,82.0,13067692.0,
2018-06-05,81.55,82.15,76.75,79.0,10093342.0,
2018-06-06,78.75,81.0,78.0,80.7,6393933.0,
2018-06-07,80.95,83.7,80.75,83.2,9389219.0,
2018-06-08,82.5,83.55,81.6,82.4,5640275.0,
2018-06-11,83.15,85.6,82.5,84.5,12453087.0,
2018-06-12,84.2,84.6,82.9,84.1,5442096.0,
2018-06-13,84.1,85.95,83.75,84.1,8638005.0,
2018-06-14,83.8,84.8,83.35,84.15,5850541.0,
2018-06-15,84.2,84.3,81.95,82.55,6475054.0,
2018-06-18,82.6,82.7,80.35,80.7,3569342.0,
2018-06-19,80.7,81.7,79.7,79.95,4627429.0,
2018-06-20,80.1,82.75,79.35,82.2,5944661.0,
2018-06-21,83.2,83.45,80.75,81.35,9063335.0,
2018-06-22,80.8,82.35,80.5,82.1,4165427.0,
2018-06-25,82.1,82.35,80.2,80.6,3689796.0,
2018-06-26,80.15,81.25,79.2,80.55,3394847.0,
2018-06-27,80.5,80.9,75.0,75.6,6675251.0,
2018-06-28,75.2,76.9,73.4,73.8,8315149.0,
2018-06-29,74.15,78.1,74.1,77.3,7094203.0,
2018-07-02,77.55,77.7,73.65,74.15,7778159.0,
2018-07-03,74.1,74.65,73.05,73.8,7217413.0,
2018-07-04,73.6,74.05,72.0,72.55,6494021.0,
2018-07-05,72.55,73.5,71.6,72.15,5111161.0,
2018-07-06,72.3,75.2,72.15,74.2,5288375.0,
2018-07-09,74.75,75.3,74.0,74.5,2910612.0,
2018-07-10,75.0,76.3,74.55,75.7,4485070.0,
2018-07-11,76.0,76.65,74.4,75.35,6177210.0,
2018-07-12,75.5,75.8,73.15,73.35,5872309.0,
2018-07-13,74.0,74.0,70.1,70.6,7327378.0,
2018-07-16,71.45,71.45,67.9,68.25,6299351.0,
2018-07-17,68.2,72.0,67.5,71.35,5878386.0,
2018-07-18,71.45,72.3,69.0,69.75,5757398.0,
2018-07-19,70.55,72.65,69.3,71.05,6725001.0,
2018-07-20,71.25,72.35,69.6,71.2,4574756.0,
2018-07-23,71.4,71.9,69.3,70.7,4231378.0,
2018-07-24,71.5,77.15,71.1,76.5,13698703.0,
2018-07-25,77.2,78.35,74.75,78.05,8331978.0,
2018-07-26,78.2,82.75,77.4,80.5,17778586.0,
2018-07-27,81.0,84.5,79.3,84.25,11285427.0,
2018-07-30,84.9,86.5,83.9,85.65,12117690.0,
2018-07-31,85.5,87.85,84.2,87.3,10746849.0,
2018-08-01,87.6,88.8,85.1,86.65,7639816.0,
2018-08-02,86.0,86.7,84.35,85.45,5608020.0,
2018-08-03,86.0,87.7,85.1,85.65,5293078.0,
2018-08-06,85.75,87.25,84.7,86.05,4741375.0,
2018-08-07,86.1,86.55,83.5,84.6,7201180.0,
2018-08-08,84.7,84.95,80.8,81.8,6857393.0,
2018-08-09,81.8,87.3,81.8,87.0,10123120.0,
2018-08-10,87.65,88.0,85.15,86.75,10331191.0,
2018-08-13,85.75,85.75,82.45,82.8,6213390.0,
2018-08-14,82.0,84.0,82.0,83.25,3696821.0,
2018-08-16,82.5,83.8,80.6,81.0,4948353.0,
2018-08-17,81.6,83.7,81.3,82.5,5990433.0,
2018-08-20,82.9,84.2,82.0,82.25,8953631.0,
2018-08-21,82.5,83.95,81.8,82.1,7625378.0,
2018-08-23,82.3,82.55,79.5,79.9,6665321.0,
2018-08-24,80.0,80.5,78.5,79.95,4676294.0,
2018-08-27,80.6,85.85,80.25,84.9,15880611.0,
2018-08-28,84.5,84.5,81.15,81.7,9032272.0,
2018-08-29,81.8,87.15,81.75,84.65,14006991.0,
2018-08-30,84.6,86.0,83.65,85.3,7625837.0,
2018-08-31,85.55,86.8,83.5,84.4,6139521.0,
2018-09-03,84.85,86.9,84.2,84.75,5907830.0,
2018-09-04,84.85,85.3,81.25,81.55,5733416.0,
2018-09-05,82.0,83.9,81.15,83.6,7433240.0,
2018-09-06,84.0,87.8,83.3,87.05,10669340.0,
2018-09-07,86.75,88.4,84.8,86.75,10750034.0,
2018-09-10,87.4,90.7,86.1,88.35,16899903.0,
2018-09-11,89.15,90.35,80.25,81.2,32445948.0,
2018-09-12,81.2,83.25,79.55,82.35,19545820.0,
2018-09-14,83.75,85.7,83.3,84.9,10255042.0,
2018-09-17,84.95,86.25,83.4,85.15,9389180.0,
2018-09-18,84.75,85.6,81.05,82.15,10772973.0,
2018-09-19,82.85,83.9,82.0,83.45,8755663.0,
2018-09-21,83.85,84.25,72.9,80.8,22086682.0,
2018-09-24,81.0,81.25,77.45,79.05,12242251.0,
2018-09-25,79.1,81.5,78.05,80.85,9720054.0,
2018-09-26,81.8,83.2,80.6,82.8,8598650.0,
2018-09-27,82.6,82.75,78.35,79.1,11974891.0,
2018-09-28,80.1,80.7,74.35,76.1,7907093.0,
2018-10-01,76.25,80.35,74.15,79.5,7188285.0,
2018-10-03,79.0,83.3,78.0,79.75,7763671.0,
2018-10-04,78.75,79.95,77.0,78.4,8026775.0,
2018-10-05,78.1,78.3,75.55,75.85,7018035.0,
2018-10-08,75.15,77.55,72.25,74.2,8036993.0,
2018-10-09,74.5,75.75,72.55,74.15,5761068.0,
2018-10-10,74.5,79.3,74.5,77.5,8281066.0,
2018-10-11,74.5,77.55,74.0,75.25,6563155.0,
2018-10-12,76.0,80.0,76.0,78.7,5548867.0,
2018-10-15,78.95,83.75,78.35,82.05,8963447.0,
2018-10-16,82.05,82.8,81.35,82.45,2883390.0,
2018-10-17,83.45,84.0,79.45,80.05,4784941.0,
2018-10-19,79.0,82.35,78.95,82.0,6219806.0,
2018-10-22,82.5,82.95,80.6,81.05,3171525.0,
2018-10-23,80.5,82.2,80.1,81.6,3647506.0,
2018-10-24,82.5,83.9,81.2,83.25,4992672.0,
2018-10-25,82.65,85.95,76.1,84.15,68994919.0,
2018-10-26,81.7,85.0,81.35,84.25,6738745.0,
2018-10-29,84.25,92.4,83.3,91.7,16637154.0,
2018-10-30,92.3,93.75,90.3,91.55,9572677.0,
2018-10-31,91.8,96.15,91.0,95.5,9630188.0,
2018-11-01,96.0,97.55,93.1,94.75,11414771.0,
2018-11-02,95.15,97.0,92.6,93.6,12997517.0,
2018-11-05,91.4,95.1,91.4,94.75,8547961.0,
2018-11-06,94.45,99.55,93.8,97.95,17592570.0,
2018-11-07,98.3,98.9,97.7,98.25,1147255.0,
2018-11-09,98.45,104.2,98.0,103.65,14160471.0,
2018-11-12,103.45,104.25,100.25,100.6,7773442.0,
2018-11-13,100.0,103.65,98.9,102.6,11399996.0,
2018-11-14,102.5,104.65,102.2,103.95,6005262.0,
2018-11-15,103.75,108.55,102.6,107.85,11736829.0,
2018-11-16,108.0,108.15,97.85,101.35,24623461.0,
2018-11-19,101.0,103.55,98.15,102.35,12756615.0,
2018-11-20,101.6,106.1,101.5,102.7,11936029.0,
2018-11-21,102.0,105.5,101.5,104.35,7946289.0,
2018-11-22,104.3,104.4,98.85,99.35,7764812.0,
2018-11-26,99.35,102.95,99.35,101.65,9717640.0,
2018-11-27,101.4,103.7,100.1,101.8,7822175.0,
2018-11-28,101.55,102.15,90.85,92.35,19895046.0,
2018-11-29,93.0,95.75,89.6,91.95,27146305.0,
2018-11-30,92.6,94.3,86.0,86.45,19234712.0,
2018-12-03,85.95,98.5,85.8,97.15,39946967.0,
2018-12-04,96.5,98.55,94.5,97.45,17615637.0,
2018-12-05,95.35,97.1,91.55,92.3,13124871.0,
2018-12-06,90.5,92.5,89.1,90.05,11453150.0,
2018-12-07,86.5,93.3,85.8,89.85,45342209.0,
2018-12-10,87.0,88.1,83.1,84.4,24484567.0,
2018-12-11,83.3,89.9,83.2,88.05,23765655.0,
2018-12-12,88.2,89.05,84.75,85.1,14299905.0,
2018-12-13,85.55,89.2,85.15,86.15,20065622.0,
2018-12-14,86.0,93.15,85.4,90.7,33182291.0,
2018-12-17,91.05,93.6,90.55,91.8,17005411.0,
2018-12-18,91.85,97.2,91.35,96.55,23388370.0,
2018-12-19,96.45,98.75,95.8,96.55,13254103.0,
2018-12-20,96.4,100.0,95.85,98.45,17104516.0,
2018-12-21,99.2,100.0,97.5,98.1,11473597.0,
2018-12-24,99.0,101.9,98.15,100.5,15367729.0,
2018-12-26,100.5,100.9,98.2,100.0,10756178.0,
2018-12-27,100.5,103.45,99.2,100.6,28127479.0,
2018-12-28,101.0,106.8,100.7,105.1,14558155.0,
2018-12-31,105.25,108.0,104.4,107.35,10352909.0,
2019-01-01,106.8,107.75,106.0,107.4,7046635.0,
2019-01-02,106.75,107.7,103.5,104.05,7598420.0,
2019-01-03,104.05,107.9,103.9,105.95,11854241.0,
2019-01-04,106.5,107.6,106.05,106.95,8264213.0,
2019-01-07,107.15,109.15,105.5,106.65,9048707.0,
2019-01-08,106.7,109.5,106.55,108.9,6117245.0,
2019-01-09,108.9,109.6,107.1,108.25,7259996.0,
2019-01-10,108.25,110.3,107.4,108.05,8814468.0,
2019-01-11,108.0,108.7,107.0,107.5,5921339.0,
2019-01-14,107.5,107.9,106.3,106.8,3832933.0,
2019-01-15,107.3,108.6,106.7,108.3,3666816.0,
2019-01-16,108.3,108.8,106.6,107.05,5624064.0,
2019-01-17,107.6,109.6,106.65,107.0,10302573.0,
2019-01-18,107.65,107.75,105.0,107.3,6625811.0,
2019-01-21,107.0,107.3,104.1,105.1,3045458.0,
2019-01-22,104.5,105.0,100.65,101.05,7860531.0,
2019-01-23,101.05,103.65,100.8,101.95,6581006.0,
2019-01-24,102.0,105.4,101.95,104.75,5386754.0,
2019-01-25,104.85,105.85,102.35,103.2,4554861.0,
2019-01-28,103.2,103.25,98.3,100.75,5655057.0,
2019-01-29,100.9,102.4,99.7,100.55,6698347.0,
2019-01-30,101.0,101.8,99.6,100.6,6197600.0,
2019-01-31,101.4,104.4,99.95,103.55,14186583.0,
2019-02-01,103.6,105.1,101.6,104.25,5088501.0,
2019-02-04,103.55,103.6,100.1,100.95,5446277.0,
2019-02-05,101.85,101.85,99.2,100.7,8295732.0,
2019-02-06,100.55,103.3,100.1,101.5,8176091.0,
2019-02-07,101.5,105.75,101.1,105.15,6833816.0,
2019-02-08,104.5,105.0,100.6,100.9,7388803.0,
2019-02-11,100.7,102.25,98.0,99.5,10251370.0,
2019-02-12,99.9,101.5,99.25,99.75,8039012.0,
2019-02-13,99.9,103.2,99.9,100.55,6540063.0,
2019-02-14,100.5,102.1,99.0,100.85,12404884.0,
2019-02-15,101.45,104.2,99.45,103.2,12628355.0,
2019-02-18,102.85,105.05,102.3,103.55,8197041.0,
2019-02-19,103.55,108.7,103.55,107.45,11266191.0,
2019-02-20,108.15,109.75,107.15,108.8,7847205.0,
2019-02-21,109.0,112.0,107.75,110.45,12576391.0,
2019-02-22,110.0,111.6,109.7,111.2,5388165.0,
2019-02-25,111.4,112.45,110.1,111.1,9408448.0,
2019-02-26,110.0,112.5,108.4,112.0,8625442.0,
2019-02-27,111.55,113.5,110.55,112.3,7505414.0,
2019-02-28,112.0,113.75,111.45,112.15,15497599.0,
2019-03-01,112.95,114.2,112.1,113.45,5956969.0,
2019-03-05,113.15,116.85,112.9,116.3,7973113.0,
2019-03-06,117.0,118.6,113.65,114.65,6359536.0,
2019-03-07,115.1,115.2,111.9,112.3,5317424.0,
2019-03-08,112.15,112.3,106.8,108.8,12403960.0,
2019-03-11,109.35,112.2,108.15,111.75,5158235.0,
2019-03-12,112.0,113.9,110.1,110.8,4314370.0,
2019-03-13,110.1,112.8,107.55,111.25,9150414.0,
2019-03-14,111.35,112.9,109.55,111.2,4858744.0,
2019-03-15,111.0,112.8,110.1,111.9,7501440.0,
2019-03-18,112.2,115.7,111.75,114.8,7358563.0,
2019-03-19,115.5,123.3,115.3,120.4,20958616.0,
2019-03-20,120.0,120.4,113.5,114.2,18440963.0,
2019-03-22,114.85,115.7,112.1,113.1,17045051.0,
2019-03-25,111.95,121.6,111.55,119.05,25882505.0,
2019-03-26,119.05,122.6,117.45,118.6,19446963.0,
2019-03-27,119.5,119.85,117.0,117.65,9817690.0,
2019-03-28,117.8,119.7,116.35,117.5,10370591.0,
2019-03-29,118.65,124.3,117.35,123.1,19554546.0,
2019-04-01,122.9,124.0,119.0,119.9,11325849.0,
2019-04-02,119.8,123.8,119.25,121.85,9925565.0,
2019-04-03,122.0,123.45,119.1,119.8,7064968.0,
2019-04-04,120.0,121.0,117.85,119.6,6069279.0,
2019-04-05,120.0,122.5,120.0,121.7,4862938.0,
2019-04-08,121.8,123.3,118.55,119.0,5749722.0,
2019-04-09,118.9,121.1,117.1,120.45,4944186.0,
2019-04-10,120.4,121.0,118.5,120.2,6193243.0,
2019-04-11,120.2,120.9,117.75,119.1,3331323.0,
2019-04-12,119.4,121.75,119.4,121.1,4669888.0,
2019-04-15,121.1,122.45,120.2,121.5,3989261.0,
2019-04-16,122.0,122.0,118.2,119.2,3415979.0,
2019-04-18,120.0,120.75,118.2,118.75,3852648.0,
2019-04-22,118.45,118.75,115.1,115.45,3719651.0,
2019-04-23,115.5,117.6,115.25,116.7,3399351.0,
2019-04-24,117.0,119.4,115.4,119.0,5157275.0,
2019-04-25,118.65,120.7,117.45,117.9,11542456.0,
2019-04-26,117.65,118.8,113.05,115.2,4325549.0,
2019-04-30,114.9,116.45,113.9,115.6,7320434.0,
2019-05-02,115.5,116.0,113.95,114.2,5435435.0,
2019-05-03,114.2,115.15,113.5,114.3,6014120.0,
2019-05-06,113.55,114.85,113.0,114.0,4156754.0,
2019-05-07,114.6,115.0,110.25,110.6,3047815.0,
2019-05-08,110.1,111.15,107.3,107.7,3830606.0,
2019-05-09,107.7,108.85,106.35,108.45,3429963.0,
2019-05-10,108.0,108.8,106.95,108.25,3179439.0,
2019-05-13,107.65,110.2,106.5,107.2,3138988.0,
2019-05-14,106.25,107.6,104.8,106.6,5545784.0,
2019-05-15,107.05,108.25,106.3,107.15,3256121.0,
2019-05-16,107.05,110.2,106.0,109.25,3961319.0,
2019-05-17,109.35,109.85,107.6,109.05,3173234.0,
2019-05-20,111.95,119.25,111.15,116.85,6115726.0,
2019-05-21,117.4,117.4,110.35,111.55,7289663.0,
2019-05-22,112.0,113.75,110.0,113.4,4480748.0,
2019-05-23,115.1,117.55,110.8,111.4,5689554.0,
2019-05-24,112.0,116.2,111.35,115.4,4552060.0,
2019-05-27,115.0,120.45,114.5,119.1,4131763.0,
2019-05-28,119.05,119.5,116.9,117.9,4525992.0,
2019-05-29,117.8,125.3,117.2,121.05,26149040.0,
2019-05-30,122.7,123.45,120.55,122.95,15136847.0,
2019-05-31,123.4,124.9,121.6,124.3,9433702.0,
2019-06-03,124.0,128.2,122.85,127.65,9341526.0,
2019-06-04,127.6,131.4,127.35,129.65,9846438.0,
2019-06-06,129.8,136.2,129.55,131.85,17687084.0,
2019-06-07,132.45,135.0,130.6,134.3,9443732.0,
2019-06-10,135.1,136.0,130.65,131.75,9475586.0,
2019-06-11,132.25,134.2,131.2,133.4,4667420.0,
2019-06-12,132.6,134.2,130.0,131.9,6339205.0,
2019-06-13,132.05,133.95,130.55,133.25,6037752.0,
2019-06-14,133.25,133.95,131.85,132.6,3409679.0,
2019-06-17,131.7,132.3,127.3,128.65,4004645.0,
2019-06-18,128.55,132.65,128.55,129.55,4839419.0,
2019-06-19,130.5,132.55,128.5,130.7,5276424.0,
2019-06-20,130.05,131.4,128.3,130.75,3965511.0,
2019-06-21,129.85,132.0,129.3,130.5,4507525.0,
2019-06-24,130.1,132.4,130.1,131.65,4190778.0,
2019-06-25,131.7,135.2,131.05,134.3,6965215.0,
2019-06-26,134.0,136.9,133.85,136.45,6059131.0,
2019-06-27,136.65,138.15,134.8,135.85,10109810.0,
2019-06-28,135.5,138.75,133.55,134.2,66228576.0,
2019-07-01,134.0,135.25,128.1,129.2,7404051.0,
2019-07-02,128.1,131.1,128.1,130.4,5394809.0,
2019-07-03,130.5,134.1,129.65,133.5,5725246.0,
2019-07-04,133.3,135.0,131.85,133.05,3114144.0,
2019-07-05,133.0,135.25,130.0,131.25,5310048.0,
2019-07-08,130.4,130.4,125.05,127.5,5733956.0,
2019-07-09,126.6,130.3,120.0,128.35,25330094.0,
2019-07-10,127.05,129.7,124.45,124.95,5361715.0,
2019-07-11,125.0,127.45,123.9,126.2,5353338.0,
2019-07-12,127.35,128.05,122.4,124.7,88833178.0,
2019-07-15,124.6,125.4,122.8,125.05,3872338.0,
2019-07-16,124.9,127.9,124.1,125.75,4627230.0,
2019-07-17,125.7,126.55,124.0,125.15,3207741.0,
2019-07-18,125.0,125.5,119.3,121.0,6714830.0,
2019-07-19,120.15,124.0,118.4,119.25,12576779.0,
2019-07-22,119.6,121.95,115.0,120.9,6583193.0,
2019-07-23,120.9,121.9,116.35,116.95,6217941.0,
2019-07-24,117.2,117.75,111.6,112.05,6132563.0,
2019-07-25,112.0,113.15,110.3,112.2,13949637.0,
2019-07-26,112.4,114.0,111.7,112.6,6131932.0,
2019-07-29,112.05,113.65,109.1,109.75,11168360.0,
2019-07-30,110.9,112.6,107.45,108.55,9168215.0,
2019-07-31,108.0,111.0,106.5,109.75,7890024.0,
2019-08-01,109.1,109.4,105.4,106.4,6653271.0,
2019-08-02,106.45,110.25,105.5,107.75,12801681.0,
2019-08-05,106.8,106.8,102.7,104.2,5551478.0,
2019-08-06,104.05,108.25,104.05,107.3,5630259.0,
2019-08-07,107.5,108.85,105.1,105.45,7676998.0,
2019-08-08,105.8,109.95,105.6,109.0,9065261.0,
2019-08-09,109.0,112.5,108.6,109.3,8247906.0,
2019-08-13,110.0,110.1,103.25,104.05,7982804.0,
2019-08-14,104.85,107.35,103.8,106.25,5707522.0,
2019-08-16,105.4,110.4,104.5,109.7,6662327.0,
2019-08-19,109.9,110.55,107.85,108.3,5034196.0,
2019-08-20,108.2,108.2,104.7,106.4,3980037.0,
2019-08-21,106.05,106.15,99.75,102.0,7502708.0,
2019-08-22,101.3,102.7,100.0,101.7,6912159.0,
2019-08-23,101.5,104.1,97.7,101.85,7278097.0,27.98
2019-09-30,136.65,138.15,134.8,135.85,10109810.0,66.57
2019-10-01,99.5,102.4,93.2,95.8,13137217.0,30.34
2019-10-02,99.5,102.4,93.2,95.8,13137217.0,30.34
2019-10-03,93.8,96.8,93.55,95.1,11327793.0,27.62
2019-10-04,95.65,97.95,94.05,95.05,7572521.0,26.85
2019-10-07,95.0,96.0,93.0,94.65,5883792.0,39.73
2019-10-08,95.0,96.0,93.0,94.65,5883792.0,39.73
2019-10-09,94.65,95.95,92.9,94.6,9440072.0,55.17
2019-10-10,94.45,95.65,92.1,92.6,9707713.0,54.07
2019-10-11,92.65,93.3,90.45,91.5,8389070.0,42.61
2019-10-14,91.55,96.1,91.55,93.45,10733205.0,42.47
2019-10-15,93.9,94.85,92.1,94.25,5275305.0,38.91
2019-10-16,94.6,96.25,94.1,96.0,8583737.0,48.98
2019-10-17,96.0,96.4,93.15,95.15,6824967.0,18.5
2019-10-18,95.2,98.5,94.9,98.1,7416468.0,26.07
2019-10-21,95.2,98.5,94.9,98.1,7416468.0,26.07
2019-10-22,98.2,103.15,97.8,101.5,9962584.0,47.47
2019-10-23,101.35,105.65,99.5,104.45,9303421.0,40.1
2019-10-24,105.0,105.4,103.15,104.45,7147440.0,42.49
2019-10-25,105.0,106.6,103.05,106.1,5519811.0,45.94
2019-10-28,107.0,107.0,105.0,105.6,453430.0,28.72
2019-10-29,105.6,107.9,104.1,107.1,5001810.0,36.04
2019-10-30,107.15,108.45,105.5,106.75,4393393.0,23.0
2019-10-31,106.9,110.25,105.8,109.15,8087320.0,40.72
2019-11-01,109.0,112.1,108.15,111.1,5487898.0,31.27
2019-11-04,111.6,113.95,111.5,112.4,6145866.0,39.97
2019-11-05,112.5,113.25,110.05,111.9,4674551.0,36.41
2019-11-06,110.25,111.95,109.05,111.0,6655768.0,40.17
2019-11-07,111.05,115.0,110.8,113.35,6239807.0,27.61
2019-11-08,113.55,113.9,110.65,111.05,4512934.0,24.17
2019-11-11,110.5,113.4,109.85,112.8,2823968.0,26.5
2019-11-12,110.5,113.4,109.85,112.8,2823968.0,26.5
2019-11-13,113.0,113.6,110.3,110.55,4236165.0,25.62
2019-11-14,110.55,112.75,108.1,111.9,6251547.0,26.74
2019-11-15,111.5,112.35,109.75,111.15,3149616.0,18.21
2019-11-18,111.7,119.45,111.0,117.6,14204199.0,19.72
2019-11-19,118.2,119.45,116.8,118.45,7157750.0,17.94
2019-11-20,118.9,119.9,117.4,117.95,5693791.0,22.04
2019-11-21,117.5,117.7,113.8,114.9,3941839.0,23.38
2019-11-22,114.6,118.8,114.4,118.25,5519005.0,31.01
2019-11-25,118.5,119.65,117.1,118.45,4002718.0,29.51
2019-11-26,118.95,119.1,115.0,116.8,4232735.0,39.12
2019-11-27,116.95,116.95,113.0,115.1,5327764.0,40.14
2019-11-28,115.05,117.45,113.75,116.9,3988808.0,34.53
2019-11-29,116.8,117.25,113.7,114.5,3377192.0,19.78
2019-12-02,114.9,115.15,112.4,113.6,4978701.0,44.38
2019-12-03,112.75,114.35,112.35,113.85,5558569.0,55.27
2019-12-04,113.0,115.15,112.55,114.55,3549914.0,46.88
2019-12-05,114.5,117.0,113.7,114.9,5088209.0,34.73
2019-12-06,114.8,115.7,107.2,109.85,11219295.0,31.04
2019-12-09,109.25,113.05,108.0,111.65,6138198.0,22.95
2019-12-10,111.65,113.0,110.55,111.5,2799930.0,15.48
2019-12-11,111.5,114.5,111.0,114.2,2919827.0,22.2
2019-12-12,114.25,115.8,113.3,115.5,4879227.0,54.55
2019-12-13,116.0,116.5,114.5,115.5,3425318.0,49.0
2019-12-16,115.0,116.0,114.3,114.7,2733833.0,42.33
2019-12-17,114.1,115.2,113.25,114.75,4153587.0,43.47
2019-12-18,114.7,115.6,112.4,113.3,2218119.0,25.04
2019-12-19,113.1,114.5,112.3,113.35,1374919.0,15.59
2019-12-20,113.15,114.35,112.8,113.3,2270825.0,37.27
2019-12-23,113.0,113.95,111.4,111.85,2896269.0,43.13
2019-12-24,111.9,113.15,111.65,111.95,2774151.0,44.33
2019-12-25,111.9,113.15,111.65,111.95,2774151.0,44.33
2019-12-26,111.95,112.65,110.8,111.1,4834531.0,47.44
2019-12-27,111.5,115.95,111.25,115.05,5283764.0,37.42
2019-12-30,115.3,115.6,113.0,114.2,1815107.0,18.44
2019-12-31,114.4,118.8,112.6,117.9,14907807.0,55.34
2020-01-01,117.65,118.85,117.25,118.4,4243195.0,25.2
2020-01-02,118.7,120.3,118.1,119.85,2825976.0,17.6
2020-01-03,119.55,121.25,118.1,118.75,3218434.0,19.2
2020-01-06,117.3,118.1,111.8,112.9,4876125.0,36.17
2020-01-07,114.0,118.8,114.0,116.95,5495135.0,25.31
2020-01-08,114.1,116.6,113.6,116.05,3736437.0,25.78
2020-01-09,117.2,119.9,116.65,119.5,3356743.0,34.86
2020-01-10,120.0,122.8,119.6,121.65,4727024.0,31.83
2020-01-13,122.35,125.4,121.85,125.0,5983829.0,37.78
2020-01-14,124.95,124.95,122.25,122.75,3338713.0,30.46
2020-01-15,122.9,125.5,121.2,124.65,4457519.0,33.99
2020-01-16,124.65,125.05,122.2,123.35,2021597.0,23.04
2020-01-17,123.0,123.4,121.6,121.95,1900992.0,23.0
2020-01-20,116.95,117.3,111.7,112.35,16284063.0,36.35
2020-01-21,112.1,112.65,106.2,106.65,13825454.0,36.28
2020-01-22,106.85,111.9,103.85,108.85,44317545.0,47.88
2020-01-23,109.0,116.15,108.1,113.1,93638290.0,67.96
2020-01-24,115.55,118.35,114.2,116.35,13764798.0,36.23
2020-01-27,115.45,118.7,115.0,115.85,6742629.0,26.44
2020-01-28,116.3,117.4,111.9,116.0,11549591.0,34.75
2020-01-29,116.7,119.5,116.6,118.1,11566055.0,50.12
2020-01-30,118.5,120.3,116.55,119.5,10608180.0,49.82
2020-01-31,120.0,120.2,114.75,116.65,9455973.0,41.81
2020-02-03,110.45,114.6,108.35,113.95,6376289.0,36.76
2020-02-04,115.0,117.0,114.6,116.05,4706293.0,33.0
2020-02-05,117.3,124.55,117.3,122.9,14069624.0,32.37
2020-02-06,123.65,124.5,121.7,123.7,7232172.0,34.95
2020-02-07,122.95,126.0,122.6,125.35,6417744.0,34.09
2020-02-10,125.65,127.5,124.85,125.75,6107164.0,27.3
2020-02-11,126.65,128.0,124.25,125.35,4617984.0,26.13
2020-02-12,124.5,127.35,121.65,126.65,16717668.0,20.21
2020-02-13,126.5,127.2,122.1,126.05,14373889.0,41.34
2020-02-14,126.4,130.7,126.0,126.65,13977719.0,41.15
2020-02-17,127.4,130.15,125.65,126.45,7987532.0,43.67
2020-02-18,126.05,128.25,123.15,127.65,7190254.0,42.7
2020-02-19,128.5,130.6,127.25,129.6,5611653.0,29.02
2020-02-20,129.25,133.4,128.35,132.25,8741766.0,31.91
2020-02-21,129.25,133.4,128.35,132.25,8741766.0,31.91
2020-02-24,131.65,133.15,129.0,129.4,6075291.0,35.34
2020-02-25,130.0,130.95,127.45,128.85,4289748.0,21.76
2020-02-26,127.9,130.25,126.75,127.2,7187251.0,35.51
2020-02-27,127.45,127.85,122.2,125.1,12270327.0,48.44
2020-02-28,112.0,112.0,108.65,109.45,18767230.0,41.52
2020-03-02,110.2,114.3,110.1,111.6,11356547.0,37.83
2020-03-03,112.2,114.85,110.35,113.25,16973247.0,60.8
2020-03-04,113.25,114.6,111.05,113.55,9045800.0,45.28
2020-03-05,114.0,115.5,112.7,113.05,4899636.0,31.15
2020-03-06,109.0,112.1,108.0,110.5,7606458.0,49.08
2020-03-09,107.0,108.35,102.7,104.3,5930234.0,30.92
2020-03-10,107.0,108.35,102.7,104.3,5930234.0,30.92
2020-03-11,103.0,106.25,102.0,102.8,7329599.0,40.11
2020-03-12,98.0,98.85,86.5,90.4,7613471.0,37.44
2020-03-13,84.5,103.95,82.8,102.45,12877904.0,39.3
2020-03-16,96.45,97.5,91.45,92.3,4392558.0,25.58
2020-03-17,92.6,99.2,89.3,90.25,8893656.0,34.31
2020-03-18,92.4,95.3,88.1,93.6,8947375.0,30.84
2020-03-19,90.0,94.35,84.3,89.1,7675504.0,27.96
2020-03-20,91.4,94.8,88.15,91.75,5924163.0,20.36
2020-03-23,84.5,86.5,78.5,81.4,4417506.0,47.18
2020-03-24,84.4,86.8,78.75,79.5,6543474.0,35.12
2020-03-25,79.95,86.9,79.0,86.25,4677801.0,41.8
2020-03-26,86.05,94.2,83.0,92.4,6775133.0,29.85
2020-03-27,92.9,96.75,86.35,88.25,4978809.0,29.7
2020-03-30,87.8,92.55,85.15,88.75,3676724.0,17.61
2020-03-31,91.0,94.25,89.6,91.95,3269743.0,31.35
2020-04-01,91.6,94.2,87.8,88.9,5204010.0,52.61
2020-04-02,91.6,94.2,87.8,88.9,5204010.0,52.61
2020-04-03,89.3,90.4,85.7,86.25,3154844.0,30.03
2020-04-06,89.3,90.4,85.7,86.25,3154844.0,30.03
2020-04-07,89.0,90.4,86.5,89.4,3908629.0,34.52
2020-04-08,89.0,94.65,88.0,91.1,4906216.0,20.74
2020-04-09,91.5,92.85,89.1,90.7,4224347.0,32.47
2020-04-10,91.5,92.85,89.1,90.7,4224347.0,32.47
2020-04-13,91.0,91.4,86.85,88.3,3453484.0,19.63
2020-04-15,88.5,91.8,86.7,88.45,7944539.0,37.8
2020-04-16,88.0,91.2,87.0,89.9,4994942.0,36.53
2020-04-17,91.85,97.8,91.15,93.65,11222829.0,29.45
2020-04-20,94.6,95.0,88.7,89.3,6761750.0,30.64
2020-04-21,87.95,88.85,86.35,87.45,3465704.0,29.57
2020-04-22,87.35,87.7,85.3,87.1,4724481.0,32.4
2020-04-23,88.0,92.5,87.6,91.8,5517990.0,32.5
2020-04-24,90.7,94.35,89.6,91.05,7988485.0,39.7
2020-04-27,91.5,92.65,90.2,91.9,3560256.0,37.35
2020-04-28,91.6,92.85,90.2,90.75,3842267.0,28.63
2020-04-29,92.0,97.4,91.4,94.85,13212772.0,18.16
2020-04-30,95.85,96.6,93.1,95.4,7003472.0,16.26
2020-05-01,95.85,96.6,93.1,95.4,7003472.0,16.26
2020-05-04,93.2,93.2,90.1,91.3,3625888.0,35.12
2020-05-05,91.95,93.85,90.35,90.7,7496284.0,51.56
2020-05-06,90.7,91.4,88.4,89.9,5726081.0,35.6
2020-05-07,89.5,90.75,87.0,87.35,4633480.0,41.92
2020-05-08,88.05,88.85,83.35,84.05,7313903.0,40.99
2020-05-11,84.9,86.15,82.0,84.05,7671514.0,31.02
2020-05-12,83.25,83.65,81.65,82.7,4773617.0,35.43
2020-05-13,88.0,92.2,84.7,89.65,18353966.0,21.03
2020-05-14,90.0,92.7,85.3,85.8,13480091.0,23.72
2020-05-15,85.2,86.6,84.0,84.15,6642222.0,27.8
2020-05-18,84.15,84.7,80.3,81.25,5857828.0,28.86
2020-05-19,82.7,82.85,79.5,80.3,5019349.0,25.93
2020-05-20,80.7,81.6,79.8,81.0,5222207.0,23.91
2020-05-21,81.2,81.4,78.85,79.1,5406458.0,45.88
2020-05-22,78.0,78.45,74.7,74.85,10245618.0,40.92
2020-05-25,78.0,78.45,74.7,74.85,10245618.0,40.92
2020-05-26,75.1,76.2,74.55,75.1,3794176.0,35.32
2020-05-27,75.9,77.15,74.15,76.9,9031431.0,46.83
2020-05-28,76.5,78.15,75.65,77.3,6493682.0,30.41
2020-05-29,76.5,79.4,74.35,75.2,26504406.0,71.92
2020-06-01,76.2,82.95,75.85,81.7,22903430.0,32.02
2020-06-02,82.5,84.2,81.4,82.5,8410584.0,34.4
2020-06-03,82.7,84.9,81.3,81.95,11927844.0,40.6
2020-06-04,82.25,83.25,80.45,80.75,4907062.0,27.02
2020-06-05,81.0,87.2,81.0,86.05,14129141.0,28.67
2020-06-08,87.75,89.45,84.95,85.6,11134628.0,31.24
2020-06-09,86.5,86.7,82.5,82.85,9269861.0,29.51
2020-06-10,83.4,85.8,81.55,85.4,10206643.0,28.92
2020-06-11,85.5,87.0,82.45,82.85,11515344.0,26.55
2020-06-12,80.0,84.0,79.4,83.6,11059886.0,21.21
2020-06-15,83.5,84.35,81.75,82.6,9183256.0,20.54
2020-06-16,83.95,86.65,81.7,82.8,12202030.0,20.38
2020-06-17,82.2,85.8,81.3,83.75,12712530.0,21.7
2020-06-18,83.4,85.85,82.6,85.6,9662761.0,27.54
2020-06-19,86.5,86.85,84.8,85.2,9019039.0,44.16
2020-06-22,86.0,91.3,85.4,90.6,20965775.0,31.28
2020-06-23,91.35,91.5,89.0,89.2,9897142.0,34.53
2020-06-24,90.0,91.95,87.0,87.95,10500702.0,26.49
2020-06-25,86.7,91.7,86.4,90.0,13560829.0,25.83
2020-06-26,91.2,91.6,89.15,90.1,5561175.0,29.19
2020-06-29,89.8,89.85,86.65,87.15,3635612.0,27.56
2020-06-30,87.7,88.5,82.9,84.0,10983744.0,37.32
2020-07-01,84.65,85.5,83.55,84.65,5254933.0,23.54
2020-07-02,85.7,85.9,84.35,85.0,4047123.0,24.28
2020-07-03,85.7,85.85,83.85,84.2,4568669.0,28.33
2020-07-06,84.55,88.5,84.3,87.7,19166233.0,35.58
2020-07-07,87.7,87.95,85.4,85.65,7508044.0,38.04
2020-07-08,86.0,86.7,84.3,84.5,9513916.0,35.48
2020-07-09,85.3,85.9,84.1,84.65,4929794.0,29.43
2020-07-10,84.65,84.85,82.7,83.6,5957247.0,25.55
2020-07-13,84.15,84.55,82.35,83.4,4630049.0,26.75
2020-07-14,83.9,83.95,80.25,80.55,9874811.0,40.89
2020-07-15,81.4,82.2,79.0,79.55,8021446.0,38.11
2020-07-16,79.95,81.6,78.85,81.25,5274795.0,27.78
2020-07-17,81.5,82.5,81.3,82.0,5151016.0,40.15
2020-07-20,82.8,83.65,82.4,82.75,4086188.0,30.02
2020-07-21,83.8,85.5,82.45,85.2,9608186.0,37.84
2020-07-22,85.75,86.5,84.0,84.95,8349694.0,20.41
2020-07-23,85.0,85.6,84.4,84.85,2994954.0,31.96
2020-07-24,84.4,84.75,82.1,82.7,4843889.0,28.18
2020-07-27,82.35,83.1,81.0,81.4,3773532.0,26.43
2020-07-28,81.5,82.35,80.3,81.3,4948520.0,35.77
2020-07-29,81.7,86.05,80.7,83.7,13197255.0,34.07
2020-07-30,83.95,85.2,81.1,82.05,6165848.0,29.75
2020-07-31,82.5,82.65,80.7,80.85,5160866.0,47.34
2020-08-03,81.0,82.25,80.55,81.05,4568066.0,36.82
2020-08-04,81.8,82.5,81.0,81.25,2971815.0,37.05
2020-08-05,81.5,83.35,81.45,82.75,6140349.0,27.03
2020-08-06,83.0,86.8,82.7,86.25,12776868.0,33.27
2020-08-07,86.75,87.9,84.95,85.45,7515012.0,29.3
2020-08-10,87.85,89.95,86.75,89.5,10639229.0,43.78
2020-08-11,89.6,91.35,88.95,90.05,13996030.0,62.88
2020-08-12,89.75,91.9,88.5,91.65,9108053.0,41.84
2020-08-13,92.05,96.65,89.15,95.35,24355631.0,24.64
2020-08-14,95.95,96.0,90.45,91.25,14908919.0,32.07
2020-08-17,92.1,94.15,90.8,93.3,6778301.0,28.73
2020-08-18,93.7,94.25,92.75,93.6,4330030.0,31.51
2020-08-19,93.6,98.05,93.6,96.9,19494376.0,28.43
2020-08-20,96.4,103.95,95.75,101.5,22760943.0,22.41
2020-08-21,102.5,103.45,100.3,101.05,8531635.0,35.82
2020-08-24,101.95,102.35,97.5,97.95,8251628.0,38.85
2020-08-25,98.55,102.25,97.1,99.0,12444121.0,32.34
2020-08-26,99.75,101.1,98.5,99.0,8306256.0,38.49
2020-08-27,99.0,100.4,96.55,97.5,8311789.0,39.38
2020-08-28,97.8,101.15,97.65,98.2,13539588.0,48.69
2020-08-31,99.0,99.9,93.15,94.05,10039076.0,42.38
2020-09-01,95.0,98.0,94.55,97.35,6954114.0,32.0
2020-09-02,97.85,97.85,94.2,96.75,6698075.0,24.12
2020-09-03,96.75,98.0,95.4,95.9,3431979.0,26.66
2020-09-04,94.7,96.6,92.2,92.5,9071216.0,42.29
2020-09-07,92.95,93.5,91.3,92.3,5279343.0,13.35
2020-09-08,92.65,92.8,89.35,89.85,4727688.0,27.54
2020-09-09,89.0,90.0,87.4,89.35,7844337.0,34.63
2020-09-10,90.0,91.8,88.75,91.3,5613330.0,30.12
2020-09-11,91.2,92.7,90.65,92.15,5479623.0,27.09
2020-09-14,94.0,94.25,91.55,92.1,7614598.0,36.54
2020-09-15,92.1,93.35,92.1,92.95,4418266.0,35.87
2020-09-16,93.25,95.2,93.0,94.75,7362971.0,47.26
2020-09-17,94.45,95.95,93.65,94.7,6483475.0,31.56
2020-09-18,95.45,95.45,92.2,93.4,8354861.0,51.65
2020-09-21,94.0,94.0,87.85,88.5,8450957.0,35.91
2020-09-22,88.5,88.8,85.9,87.35,9559540.0,39.69
2020-09-23,88.0,88.35,85.1,86.2,6425626.0,26.58
2020-09-24,85.0,85.95,82.05,82.55,5692707.0,29.97
2020-09-25,83.25,85.75,82.8,85.35,5100322.0,33.6
2020-09-28,86.6,89.4,85.5,87.95,5345095.0,39.44
2020-09-29,88.7,89.1,87.0,88.25,4765429.0,23.6
2020-09-30,88.65,88.75,85.9,86.2,4248626.0,15.28
2020-10-01,86.8,88.95,86.65,88.65,4005502.0,25.77
2020-10-02,86.8,88.95,86.65,88.65,4005502.0,25.77
2020-10-05,89.0,90.45,86.8,87.3,4278512.0,23.55
2020-10-06,87.85,88.35,86.8,87.25,3571497.0,29.75
2020-10-07,87.4,87.65,86.05,86.4,2728018.0,25.99
2020-10-08,86.95,89.45,85.85,86.85,6078831.0,25.92
2020-10-09,86.8,88.75,86.55,87.0,4137029.0,27.29
2020-10-12,87.15,88.5,85.3,86.0,3192842.0,24.74
2020-10-13,86.0,86.0,83.85,84.5,4724241.0,34.4
2020-10-14,84.0,86.5,83.5,86.2,5680809.0,35.19
2020-10-15,85.5,87.0,84.25,84.7,3505346.0,21.75
2020-10-16,84.35,85.75,84.25,85.05,3357802.0,16.32
2020-10-19,85.5,87.6,84.8,87.25,6287081.0,38.73
2020-10-20,87.3,88.2,86.6,87.55,3531893.0,11.37
2020-10-21,87.6,89.1,86.85,88.4,4173291.0,16.41
2020-10-22,88.4,90.2,87.95,89.95,4741293.0,26.55
2020-10-23,90.15,90.9,89.6,90.0,2471667.0,18.87
2020-10-26,89.5,90.65,87.2,87.85,3193515.0,17.42
2020-10-27,88.0,89.2,85.9,88.5,3297759.0,22.36
2020-10-28,88.1,88.6,85.0,85.8,5059626.0,30.3
2020-10-29,85.0,86.05,84.4,85.2,3143731.0,35.91
2020-10-30,85.55,87.45,84.8,87.1,8144902.0,28.28
2020-11-02,87.85,92.1,86.95,91.35,7259066.0,40.16
2020-11-03,91.2,91.95,90.35,91.5,3271925.0,27.04
2020-11-04,90.95,91.8,89.65,91.15,3316822.0,26.84
2020-11-05,91.9,93.95,91.1,93.6,3969657.0,34.27
2020-11-06,93.75,97.25,93.1,95.7,8381844.0,35.62
2020-11-09,97.05,99.1,95.65,98.5,7976808.0,50.94
2020-11-10,98.7,99.7,96.5,97.95,9038018.0,34.46
2020-11-11,98.15,99.45,97.2,99.15,6878862.0,27.17
2020-11-12,99.25,101.8,98.05,101.1,9550934.0,26.65
2020-11-13,102.7,103.55,98.7,103.0,11744658.0,25.67
2020-11-16,103.0,103.8,102.05,102.5,1069201.0,49.68
2020-11-17,103.1,104.65,101.65,104.0,7094651.0,39.61
2020-11-18,103.2,105.8,102.9,104.55,6348761.0,38.73
2020-11-19,103.5,106.9,103.1,104.7,8260631.0,27.25
2020-11-20,104.9,105.6,102.8,103.5,5610692.0,30.73
2020-11-23,104.0,105.5,103.7,104.05,4650263.0,34.12
2020-11-24,104.5,105.55,103.65,104.75,6820160.0,35.03
2020-11-25,105.0,107.6,104.7,105.45,8599626.0,36.28
2020-11-26,105.6,109.7,105.05,109.1,12337061.0,23.08
2020-11-27,110.0,110.5,107.35,108.2,10136011.0,43.73
2020-11-30,110.0,110.5,107.35,108.2,10136011.0,43.73
2020-12-01,108.8,109.35,106.95,108.85,4439030.0,32.46
2020-12-02,109.25,110.05,108.25,109.7,3919017.0,37.03
2020-12-03,109.7,116.0,109.6,114.45,10708194.0,37.59
2020-12-04,114.7,118.25,114.4,115.5,13517459.0,46.98
2020-12-07,116.4,118.4,115.1,118.05,4936947.0,35.24
2020-12-08,118.95,119.5,115.2,115.95,5812006.0,35.64
2020-12-09,116.65,122.85,116.25,118.4,16976245.0,24.07
2020-12-10,117.0,117.2,110.3,114.55,14813851.0,26.3
2020-12-11,115.0,119.1,114.9,117.35,7682112.0,30.8
2020-12-14,118.1,122.6,117.7,121.35,9589424.0,24.58
2020-12-15,120.6,121.6,117.9,120.9,6855697.0,29.34
2020-12-16,121.85,123.4,119.5,120.25,5714254.0,25.91
2020-12-17,120.0,120.9,118.0,118.45,3620919.0,35.11
2020-12-18,118.45,119.4,115.65,117.5,7895760.0,51.04
2020-12-21,116.95,117.55,105.75,110.2,7541575.0,31.15
2020-12-22,109.35,111.65,105.6,111.1,17094401.0,65.45
2020-12-23,112.2,115.25,111.05,113.55,6476618.0,15.88
2020-12-24,114.0,116.65,113.5,114.15,4496131.0,20.29
2020-12-25,114.0,116.65,113.5,114.15,4496131.0,20.29
2020-12-28,115.0,117.65,114.45,116.85,3865782.0,26.53
2020-12-29,117.5,117.8,114.8,116.25,3680355.0,24.65
2020-12-30,116.0,116.45,113.6,114.55,3906421.0,29.52
2020-12-31,113.65,115.65,113.5,114.3,4518128.0,42.3
2021-01-01,114.8,116.0,114.1,115.05,3818700.0,41.08
2021-01-04,116.0,119.15,115.5,118.55,5623411.0,32.17
2021-01-05,118.0,119.45,116.5,118.6,6273763.0,26.23
2021-01-06,119.7,120.3,117.2,118.75,5847952.0,24.74
2021-01-07,120.0,121.1,118.7,119.3,5381657.0,34.64
2021-01-08,120.7,121.85,119.75,120.95,6738729.0,32.7
2021-01-11,121.75,121.9,118.4,119.75,4198241.0,27.11
2021-01-12,119.65,122.2,119.0,121.45,5873583.0,37.1
2021-01-13,122.8,123.15,118.5,121.1,5563836.0,23.14
2021-01-14,121.95,122.7,120.65,120.9,2859467.0,19.11
2021-01-15,121.5,124.4,120.0,121.4,11088193.0,20.23
2021-01-18,122.1,122.1,116.3,117.4,7611740.0,35.45
2021-01-19,117.9,122.8,117.9,122.3,7769571.0,36.76
2021-01-20,122.0,122.85,120.4,121.45,4272263.0,30.65
2021-01-21,121.95,122.4,118.0,118.7,4176545.0,38.09
2021-01-22,118.55,119.05,115.05,115.65,5931555.0,32.98
2021-01-25,116.15,116.9,112.55,114.25,5322968.0,21.99
2021-01-26,116.15,116.9,112.55,114.25,5322968.0,21.99
2021-01-27,114.0,114.25,111.0,111.55,5101492.0,27.46
2021-01-28,110.0,111.95,108.9,110.1,7276232.0,27.11
2021-01-29,111.1,112.9,109.3,109.8,5874191.0,23.51
2021-02-01,111.2,117.1,108.45,116.4,7132451.0,28.27
2021-02-02,117.55,121.0,117.1,118.95,5872278.0,34.89
2021-02-03,120.25,125.95,118.8,124.95,10862840.0,33.6
2021-02-04,125.5,127.4,124.95,126.85,7014155.0,30.21
2021-02-05,127.75,132.2,125.4,126.15,12652086.0,22.98
2021-02-08,126.5,128.45,126.3,128.1,6044291.0,33.08
2021-02-09,128.0,128.5,125.2,125.95,5335432.0,38.7
2021-02-10,125.95,128.25,125.25,127.15,7931113.0,33.12
2021-02-11,127.1,128.4,126.1,127.5,6265809.0,25.85
2021-02-12,128.0,128.15,125.3,126.45,4868928.0,22.24
2021-02-15,127.15,132.0,126.65,131.1,11622876.0,35.84
2021-02-16,132.45,135.9,131.9,133.7,8526216.0,25.49
2021-02-17,132.95,133.75,129.55,130.0,7009615.0,39.65
2021-02-18,130.75,132.95,129.9,131.0,8284927.0,49.89
2021-02-19,131.5,131.7,123.0,124.3,9242042.0,37.7
2021-02-22,124.55,126.65,120.6,121.65,5680695.0,37.04
2021-02-23,121.9,124.4,119.75,121.8,6195403.0,38.27
2021-02-24,122.8,125.7,122.4,124.4,3099798.0,52.87
2021-02-25,125.5,130.95,124.75,129.75,10842652.0,36.21
2021-02-26,127.75,127.75,123.45,124.0,8603748.0,30.81
2021-03-01,125.4,127.5,123.2,126.85,7275527.0,45.04
2021-03-02,127.95,131.65,127.55,129.6,7525391.0,24.36
2021-03-03,130.0,134.35,129.55,133.55,7643071.0,45.7
2021-03-04,132.4,138.7,132.0,133.7,17466298.0,34.77
2021-03-05,132.95,132.95,127.45,128.55,9324501.0,39.45
2021-03-08,129.45,135.0,129.15,133.75,9572482.0,30.78
2021-03-09,135.3,135.8,131.0,132.45,7227225.0,39.68
2021-03-10,133.6,135.45,133.0,134.4,5184523.0,30.42
2021-03-11,133.6,135.45,133.0,134.4,5184523.0,30.42
2021-03-12,136.25,140.5,134.5,137.7,25608930.0,28.49
2021-03-15,139.7,140.1,134.5,136.85,16044441.0,42.76
2021-03-16,138.0,139.65,137.2,138.9,8352065.0,40.18
2021-03-17,139.5,139.9,135.0,135.7,8175296.0,51.08
2021-03-18,136.95,138.8,130.35,132.0,14668468.0,52.63
2021-03-19,123.0,124.65,119.45,123.5,26315676.0,40.89
2021-03-22,123.5,124.45,121.05,121.45,5071374.0,39.63
2021-03-23,121.5,122.7,118.0,120.6,11934744.0,41.98
2021-03-24,119.45,120.9,116.5,116.85,8767220.0,48.43
2021-03-25,116.45,117.1,112.7,113.6,8488100.0,42.29
2021-03-26,114.0,116.65,113.75,114.55,9417088.0,39.1
2021-03-29,114.0,116.65,113.75,114.55,9417088.0,39.1
2021-03-30,116.4,116.4,110.2,111.1,12662131.0,62.69
2021-03-31,111.5,114.85,111.2,113.75,6736768.0,30.97
2021-04-01,114.6,114.8,113.45,114.4,4394808.0,29.25
2021-04-02,114.6,114.8,113.45,114.4,4394808.0,29.25
2021-04-05,114.0,114.35,109.7,111.45,10498788.0,53.87
2021-04-06,111.85,115.75,111.05,114.35,10028307.0,37.05
2021-04-07,114.3,117.15,114.0,116.55,6608224.0,50.19
2021-04-08,116.8,118.95,114.75,115.15,8471455.0,43.03
2021-04-09,115.2,116.8,113.2,113.9,5422387.0,48.3
2021-04-12,112.0,112.0,104.1,104.75,12912590.0,44.62
2021-04-13,106.4,110.3,105.05,109.95,6332151.0,35.35
2021-04-14,106.4,110.3,105.05,109.95,6332151.0,35.35
2021-04-15,108.0,111.6,108.0,109.45,6390488.0,41.54
2021-04-16,109.35,110.0,108.5,109.1,3028316.0,35.95
2021-04-19,105.9,106.4,104.4,105.1,3154591.0,35.08
2021-04-20,106.5,108.3,104.75,105.55,2592866.0,25.8
2021-04-21,106.5,108.3,104.75,105.55,2592866.0,25.8
2021-04-22,104.6,106.9,104.6,106.4,2726234.0,28.02
2021-04-23,105.95,108.6,105.7,106.8,3315877.0,23.9
2021-04-26,107.2,108.0,106.6,106.95,3002608.0,50.49
2021-04-27,107.45,108.85,105.9,108.5,6809612.0,45.59
2021-04-28,109.45,109.45,107.65,107.95,4146451.0,43.28
2021-04-29,109.3,110.55,106.9,107.15,5466744.0,40.33
2021-04-30,106.05,110.65,105.65,108.4,6948975.0,32.42
2021-05-03,108.0,108.25,106.1,106.95,4550685.0,42.3
2021-05-04,107.25,111.75,106.95,107.8,12461870.0,38.93
2021-05-05,108.65,110.0,108.25,109.15,4899083.0,19.23
2021-05-06,109.8,110.45,108.6,108.85,5237830.0,36.37
2021-05-07,109.8,111.8,109.1,110.9,5270886.0,32.89
2021-05-10,111.85,114.8,111.1,114.35,6876726.0,36.18
2021-05-11,112.9,117.45,112.3,117.0,11176061.0,34.58
2021-05-12,118.15,119.25,114.5,115.25,7682321.0,31.85
2021-05-13,118.15,119.25,114.5,115.25,7682321.0,31.85
2021-05-14,116.25,117.1,113.2,113.45,4645651.0,32.55
2021-05-17,114.9,115.95,113.5,115.6,5209731.0,36.81
2021-05-18,116.55,118.25,116.0,116.4,4424148.0,34.72
2021-05-19,116.3,118.2,115.7,116.45,3214701.0,28.36
2021-05-20,117.45,117.85,115.0,117.0,5371363.0,28.06
2021-05-21,118.0,120.25,117.8,118.85,10974303.0,24.63
2021-05-24,119.45,120.5,119.0,119.35,4127310.0,28.5
2021-05-25,120.0,120.35,118.65,118.95,2953618.0,30.09
2021-05-26,119.45,119.5,117.9,118.0,2607444.0,44.53
2021-05-27,118.45,118.45,116.25,117.1,10693299.0,50.91
2021-05-28,118.4,121.85,117.55,120.5,10895627.0,47.16
2021-05-31,121.1,121.75,120.0,120.3,4718491.0,34.8
2021-06-01,120.4,121.25,118.2,119.15,3091376.0,31.42
2021-06-02,119.45,121.85,119.45,121.6,3923882.0,40.49
2021-06-03,121.75,122.3,120.2,120.75,2754727.0,40.35
2021-06-04,121.0,123.85,120.8,122.2,6991327.0,33.05
2021-06-07,122.95,126.0,121.5,125.75,8393705.0,40.11
2021-06-08,126.15,126.95,124.25,124.75,7912205.0,48.77
2021-06-09,125.15,133.0,124.5,129.4,24567695.0,21.98
2021-06-10,130.2,131.85,128.1,130.75,10710244.0,30.88
2021-06-11,132.3,132.75,129.65,130.5,5599022.0,39.97
2021-06-14,130.9,130.9,126.0,129.55,4730773.0,36.29
2021-06-15,130.0,132.9,127.5,127.85,16081389.0,26.01
2021-06-16,129.0,132.9,128.6,129.25,18689058.0,17.7
2021-06-17,128.7,128.7,126.4,127.0,8153963.0,49.48
2021-06-18,127.2,127.85,123.05,124.35,12978891.0,55.77
2021-06-21,123.05,124.75,122.4,124.4,6002982.0,37.84
2021-06-22,125.5,126.2,123.5,123.7,5022909.0,50.91
2021-06-23,124.55,126.25,122.95,123.15,6092579.0,36.18
2021-06-24,123.5,123.85,121.55,122.5,5233446.0,52.48
2021-06-25,124.0,124.25,122.25,123.5,2688528.0,36.48
2021-06-28,124.2,125.85,123.4,124.15,5822409.0,32.59
2021-06-29,124.4,125.35,123.5,124.05,3821959.0,41.9
2021-06-30,124.4,130.3,122.6,128.8,27357259.0,26.78
2021-07-01,129.5,129.55,121.5,121.95,23050917.0,38.09
2021-07-02,122.45,123.0,120.6,121.05,5550796.0,31.47
2021-07-05,121.9,123.45,121.25,123.15,6017396.0,35.15
2021-07-06,123.15,124.1,121.3,121.5,3335347.0,35.84
2021-07-07,122.25,122.25,120.6,121.75,2418174.0,29.93
2021-07-08,121.75,123.95,120.8,121.4,3565754.0,31.42
2021-07-09,121.6,121.9,120.5,121.65,4585735.0,53.82
2021-07-12,122.7,124.8,122.35,123.5,5046637.0,41.2
2021-07-13,123.9,124.6,123.5,124.25,2854050.0,48.19
2021-07-14,124.4,125.45,123.4,123.9,2423761.0,39.1
2021-07-15,123.9,127.4,123.7,125.7,7960713.0,37.75
2021-07-16,126.25,128.05,124.75,127.55,5742893.0,42.41
2021-07-19,127.0,130.2,125.5,127.1,8553431.0,46.93
2021-07-20,126.65,128.5,125.1,127.55,7147940.0,43.14
2021-07-21,126.65,128.5,125.1,127.55,7147940.0,43.14
2021-07-22,127.95,129.85,127.9,128.85,5739430.0,51.86
2021-07-23,129.3,129.75,128.15,128.45,3603743.0,44.74
2021-07-26,128.4,129.0,127.1,127.8,2173511.0,36.58
2021-07-27,127.9,128.25,123.5,123.85,3804996.0,32.93
2021-07-28,123.95,126.85,122.65,125.55,5880351.0,39.45
2021-07-29,126.15,128.35,125.65,127.6,3321168.0,44.29
2021-07-30,127.35,131.9,127.35,129.95,7590366.0,40.98
2021-08-02,131.0,134.0,130.1,133.6,9750167.0,40.92
2021-08-03,133.95,134.9,131.4,132.0,5828205.0,36.38
2021-08-04,132.85,133.2,130.0,130.8,3742573.0,36.99
2021-08-05,130.55,132.95,128.45,131.75,6361298.0,27.27
2021-08-06,131.0,135.7,131.0,133.55,11662628.0,44.22
2021-08-09,133.55,134.6,130.7,131.4,2902311.0,30.97
2021-08-10,132.0,133.1,127.5,128.3,5054616.0,36.79
2021-08-11,128.6,129.45,125.05,128.9,4078203.0,39.67
2021-08-12,129.3,132.4,128.65,129.65,9907419.0,29.12
2021-08-13,130.85,130.85,127.2,128.35,6815260.0,28.99
2021-08-16,128.0,132.45,128.0,132.2,7059173.0,24.74
2021-08-17,132.15,132.15,127.6,128.55,4741798.0,23.03
2021-08-18,129.0,130.6,128.0,128.2,3168403.0,27.4
2021-08-19,129.0,130.6,128.0,128.2,3168403.0,27.4
2021-08-20,127.0,128.45,124.05,124.4,4037976.0,35.58
2021-08-23,125.0,126.7,122.3,123.15,5093362.0,41.49
2021-08-24,123.15,125.7,122.85,125.25,2416643.0,27.65
2021-08-25,125.0,127.15,124.75,125.85,2777090.0,31.77
2021-08-26,125.85,126.8,124.1,124.65,2657392.0,29.8
2021-08-27,124.75,126.8,124.75,126.3,2281604.0,38.35
2021-08-30,127.4,130.8,127.0,129.8,4893573.0,46.52
2021-08-31,127.3,129.75,127.3,129.05,4697193.0,39.45
2021-09-01,129.1,130.2,127.8,129.3,4150692.0,47.15
2021-09-02,129.0,129.9,127.55,128.3,2331332.0,40.05
2021-09-03,128.5,130.75,127.9,128.55,2971252.0,26.95
2021-09-06,129.05,129.8,127.65,128.35,3936119.0,55.19
2021-09-07,128.35,128.75,125.8,127.55,2803582.0,25.57
2021-09-08,127.7,132.95,126.85,132.2,7015784.0,40.58
2021-09-09,132.8,136.9,132.2,135.2,12500381.0,35.51
2021-09-10,132.8,136.9,132.2,135.2,12500381.0,35.51
2021-09-13,135.0,139.65,133.6,138.7,11796301.0,44.82
2021-09-14,139.0,140.6,137.7,138.25,8280445.0,44.06
2021-09-15,138.6,140.8,137.25,137.45,7348375.0,35.1
2021-09-16,137.6,138.4,135.2,136.35,4454838.0,38.78
2021-09-17,136.9,139.5,135.15,138.3,12305024.0,56.12
2021-09-20,136.5,138.2,132.5,133.45,4894867.0,34.03
2021-09-21,133.45,134.5,130.85,133.4,3808229.0,22.51
2021-09-22,133.4,136.45,133.4,135.0,2867668.0,29.43
2021-09-23,135.4,139.55,135.4,138.25,5909114.0,33.51
2021-09-24,138.7,139.9,134.5,135.15,3610642.0,30.78
2021-09-27,136.3,136.9,134.55,135.75,2675749.0,42.8
2021-09-28,136.45,144.65,136.2,143.1,24428879.0,26.19
2021-09-29,143.45,148.15,140.35,144.25,14522007.0,24.54
2021-09-30,145.45,146.4,141.0,142.1,7490532.0,41.36
2021-10-01,141.9,142.1,138.2,139.9,6161694.0,35.9
2021-10-04,141.4,142.35,140.15,141.85,4516157.0,32.34
2021-10-05,142.25,144.85,141.55,142.45,5720158.0,44.13
2021-10-06,143.2,143.8,139.1,139.75,3950299.0,37.96
2021-10-07,140.65,142.8,140.2,141.05,3563922.0,43.33
2021-10-08,141.5,141.65,138.75,139.8,2749949.0,37.28
2021-10-11,140.65,144.0,140.2,142.05,5918474.0,44.9
2021-10-12,142.35,142.85,140.5,141.95,3620099.0,56.16
2021-10-13,144.0,145.7,142.25,142.7,9985176.0,43.9
2021-10-14,143.55,153.0,142.65,148.95,32341697.0,39.54
2021-10-15,143.55,153.0,142.65,148.95,32341697.0,39.54
2021-10-18,151.2,153.75,149.6,150.8,13822669.0,44.32
2021-10-19,151.85,151.85,143.25,144.15,6537785.0,38.63
2021-10-20,144.25,144.3,138.75,140.45,8055405.0,42.34
2021-10-21,141.25,142.7,139.05,142.0,5865843.0,51.16
2021-10-22,142.75,142.75,135.75,137.1,6992311.0,33.56
2021-10-25,137.3,138.0,135.1,136.45,4906111.0,45.77
2021-10-26,136.45,140.0,135.75,137.2,6902462.0,50.15
2021-10-27,138.8,141.7,138.05,139.95,6344489.0,37.5
2021-10-28,140.5,140.5,133.55,134.2,11612368.0,56.95
2021-10-29,134.5,135.85,131.0,133.1,7012332.0,49.4
2021-11-01,134.25,135.55,133.2,135.15,3628815.0,42.61
2021-11-02,135.8,137.65,135.1,135.7,5035723.0,48.4
2021-11-03,136.5,138.5,135.0,135.8,4768828.0,38.23
2021-11-04,136.5,138.5,135.0,135.8,4768828.0,38.23
2021-11-05,137.0,137.5,136.1,137.05,462636.0,63.76
2021-11-08,137.0,140.7,136.9,140.35,3172209.0,40.48
2021-11-09,141.35,141.75,138.4,139.05,3714156.0,37.47
2021-11-10,139.0,140.9,138.15,140.25,5184711.0,54.84
2021-11-11,140.55,140.6,136.0,139.5,5877540.0,32.24
2021-11-12,140.5,142.3,136.5,138.1,4692840.0,38.87
2021-11-15,138.45,138.7,134.8,135.05,3148972.0,49.54
2021-11-16,135.1,135.9,132.6,133.05,2348516.0,46.08
2021-11-17,132.75,134.0,131.55,131.85,3476936.0,48.26
2021-11-18,131.75,132.9,129.15,129.45,3110565.0,42.94
2021-11-19,131.75,132.9,129.15,129.45,3110565.0,42.94
2021-11-22,128.6,129.9,125.75,126.05,5476536.0,42.94
2021-11-23,126.3,127.95,125.1,126.5,6532390.0,54.84
2021-11-24,125.0,126.4,123.7,124.1,6664120.0,44.08
2021-11-25,124.5,124.9,122.3,123.75,5662771.0,45.77
2021-11-26,123.0,123.55,118.7,119.05,5564597.0,43.58
2021-11-29,119.5,119.7,115.3,116.45,4166434.0,25.82
2021-11-30,116.7,119.85,115.8,116.3,5231194.0,40.51
2021-12-01,117.35,119.8,117.3,119.5,3949104.0,38.57
2021-12-02,119.5,121.9,118.6,121.55,3360962.0,38.42
2021-12-03,122.25,122.95,121.0,121.2,2825330.0,46.5
2021-12-06,121.25,122.45,120.1,120.55,3072305.0,49.01
2021-12-07,121.6,123.6,120.8,122.65,2677431.0,32.42
2021-12-08,124.0,124.0,122.8,123.3,2610358.0,43.07
2021-12-09,123.9,124.85,123.05,124.5,3286202.0,48.45
2021-12-10,123.5,124.15,122.35,123.15,4366995.0,57.84
2021-12-13,124.4,125.8,122.85,123.25,4354668.0,39.34
2021-12-14,122.95,124.0,122.0,123.85,3253445.0,44.36
2021-12-15,123.75,124.9,122.15,122.35,2330939.0,34.2
2021-12-16,123.0,123.4,119.9,120.95,2894119.0,31.42
2021-12-17,120.85,120.85,117.9,119.15,4805792.0,63.66
2021-12-20,118.4,118.4,113.05,115.0,3973060.0,39.73
2021-12-21,116.0,117.3,115.15,116.05,2269398.0,37.87
2021-12-22,116.5,117.3,115.45,117.05,3355413.0,55.2
2021-12-23,117.5,120.6,117.5,120.4,3150315.0,37.94
2021-12-24,121.0,121.4,117.8,118.05,1700026.0,36.4
2021-12-27,117.85,119.4,116.55,119.2,2177603.0,24.4
2021-12-28,119.9,120.65,119.4,120.15,1602221.0,40.78
2021-12-29,120.0,120.85,118.95,119.35,1040873.0,35.58
2021-12-30,119.3,119.35,117.55,118.0,1311335.0,41.27
2021-12-31,117.9,120.55,117.9,119.75,1635831.0,39.18
2022-01-03,120.0,123.25,119.75,122.8,3492097.0,40.47
2022-01-04,122.6,124.35,122.15,123.35,3804610.0,42.1
2022-01-05,123.75,124.35,123.1,123.8,1907740.0,46.79
2022-01-06,122.85,124.45,122.6,124.15,2064720.0,52.84
2022-01-07,124.45,126.2,123.25,123.8,4744765.0,36.35
2022-01-10,124.35,126.2,124.0,125.85,2778901.0,42.64
2022-01-11,126.0,126.8,124.75,125.7,2555764.0,48.01
2022-01-12,126.2,126.6,124.6,125.8,2494745.0,59.48
2022-01-13,126.0,128.2,125.6,127.35,4711914.0,51.87
2022-01-14,127.5,128.2,126.6,127.25,2836575.0,53.08
2022-01-17,127.4,127.95,126.3,126.95,1508435.0,35.61
2022-01-18,127.5,128.15,123.5,124.05,2338768.0,46.28
2022-01-19,123.7,125.8,123.05,124.5,1822098.0,33.98
2022-01-20,124.65,125.65,123.9,125.0,1249518.0,31.11
2022-01-21,124.7,124.8,120.0,120.85,2831467.0,45.89
2022-01-24,120.3,120.9,116.35,117.45,4756401.0,45.45
2022-01-25,117.45,119.5,116.25,118.25,7800819.0,45.22
2022-01-26,117.45,119.5,116.25,118.25,7800819.0,45.22
2022-01-27,117.9,119.7,116.9,118.95,6994642.0,44.18
2022-01-28,119.7,122.65,118.75,119.15,7474359.0,41.61
2022-01-31,120.2,122.45,118.55,121.7,11221369.0,43.98
2022-02-01,122.2,123.2,119.75,122.0,4101985.0,40.95
2022-02-02,122.7,124.35,122.35,123.05,7250803.0,63.44
2022-02-03,123.45,123.7,121.6,121.9,4793109.0,65.62
2022-02-04,122.05,122.4,119.25,119.9,5249504.0,57.89
2022-02-07,120.4,120.75,118.6,120.0,3977530.0,46.77
2022-02-08,120.2,120.7,116.8,118.1,10081872.0,44.78
2022-02-09,118.6,120.75,117.9,120.3,9470932.0,63.02
2022-02-10,120.9,123.8,120.4,123.15,7913066.0,51.39
2022-02-11,121.95,124.15,120.15,121.3,16233602.0,42.02
2022-02-14,120.65,121.4,116.7,117.2,9013271.0,52.07
2022-02-15,118.0,119.9,115.1,119.75,6838665.0,33.62
2022-02-16,120.45,122.9,120.1,120.6,6839685.0,42.57
2022-02-17,121.0,121.6,118.6,119.0,5214824.0,52.11
2022-02-18,118.65,120.4,118.0,118.35,5244710.0,47.24
2022-02-21,117.15,119.5,116.8,118.5,5557215.0,36.44
2022-02-22,117.0,117.6,115.3,117.2,6234959.0,47.0
2022-02-23,117.7,119.65,117.6,118.45,4141972.0,44.8
2022-02-24,116.0,116.95,111.1,111.55,11457862.0,51.6
2022-02-25,110.85,111.75,108.0,108.45,12886946.0,35.88
2022-02-28,108.0,110.15,106.9,109.85,5205679.0,44.01
2022-03-01,108.0,110.15,106.9,109.85,5205679.0,44.01
2022-03-02,108.75,111.45,108.3,109.55,3763643.0,40.62
2022-03-03,110.2,111.9,109.7,110.0,4092107.0,37.41
2022-03-04,109.25,110.35,107.8,109.05,4606383.0,37.99
2022-03-07,107.75,107.85,104.4,106.0,5622313.0,45.31
2022-03-08,106.0,108.95,105.7,108.5,5302221.0,50.89
2022-03-09,108.75,111.45,108.7,110.95,5559007.0,46.46
2022-03-10,112.3,113.4,110.5,111.45,5653693.0,50.4
2022-03-11,111.0,113.25,110.65,112.45,5074291.0,42.3
2022-03-14,112.7,113.15,110.4,111.95,4310492.0,40.32
2022-03-15,112.2,113.2,110.1,110.85,5523170.0,52.54
2022-03-16,112.0,113.1,111.65,112.45,5301088.0,52.48
2022-03-17,113.15,116.95,112.7,116.35,13175289.0,56.87
2022-03-18,113.15,116.95,112.7,116.35,13175289.0,56.87
2022-03-21,116.8,116.8,115.0,115.35,2387087.0,38.26
2022-03-22,115.35,116.6,113.9,116.45,4339965.0,42.9
2022-03-23,117.0,117.1,115.75,116.0,2903814.0,50.32
2022-03-24,115.5,116.8,115.3,116.25,2044853.0,50.78
2022-03-25,116.8,116.8,114.75,114.95,2226676.0,53.19
2022-03-28,114.95,115.1,113.0,113.8,2483435.0,41.33
2022-03-29,114.5,114.6,111.6,112.25,3327284.0,52.52
2022-03-30,113.5,113.5,111.75,112.85,5736772.0,62.42
2022-03-31,113.45,113.75,112.3,112.6,3603166.0,54.23
2022-04-01,112.5,116.5,112.5,116.2,3922352.0,45.61
2022-04-04,116.55,119.7,116.35,119.0,6720698.0,52.49
2022-04-05,119.75,121.1,118.75,120.3,3653887.0,41.05
2022-04-06,119.65,123.45,119.3,121.9,8169380.0,40.89
2022-04-07,121.25,124.8,121.25,122.3,8002968.0,41.85
2022-04-08,122.95,123.1,121.7,121.85,2662175.0,41.62
2022-04-11,121.7,122.45,120.2,120.75,4864317.0,58.8
2022-04-12,120.2,120.8,117.5,118.15,3931251.0,43.76
2022-04-13,118.55,119.35,117.5,118.2,1915184.0,46.5
2022-04-14,118.55,119.35,117.5,118.2,1915184.0,46.5
2022-04-15,118.55,119.35,117.5,118.2,1915184.0,46.5
2022-04-18,117.85,119.6,116.15,119.0,2878258.0,36.39
2022-04-19,119.4,121.3,117.1,118.7,5283892.0,41.66
2022-04-20,118.8,119.3,116.85,117.9,3223238.0,39.69
2022-04-21,118.9,119.6,118.35,119.0,4149400.0,65.3
2022-04-22,118.4,119.4,118.3,118.85,2353294.0,52.2
2022-04-25,118.1,118.2,115.3,115.9,3137678.0,44.07
2022-04-26,117.2,119.45,116.35,118.95,4842276.0,56.7
2022-04-27,117.75,119.35,117.75,118.7,8885459.0,73.77
2022-04-28,119.2,120.2,117.75,118.8,5892788.0,55.98
2022-04-29,119.2,120.5,117.35,117.75,2881218.0,40.57
2022-05-02,116.75,117.4,115.9,116.85,2334609.0,35.5
2022-05-03,116.75,117.4,115.9,116.85,2334609.0,35.5
2022-05-04,117.05,117.75,113.55,113.85,4568645.0,59.81
2022-05-05,114.6,115.8,113.0,113.2,2472687.0,47.34
2022-05-06,112.3,113.25,110.65,112.75,3035634.0,36.48
2022-05-09,111.9,113.25,110.35,112.0,3460644.0,34.36
2022-05-10,112.0,113.4,110.05,110.4,2739804.0,48.0
2022-05-11,110.6,111.15,107.0,108.05,4347363.0,53.05
2022-05-12,107.0,107.85,105.0,106.4,3785754.0,50.59
2022-05-13,107.45,108.3,105.0,105.3,3894396.0,52.02
2022-05-16,106.65,107.0,104.25,105.7,4182025.0,43.38
2022-05-17,106.5,109.65,106.05,109.45,2076269.0,40.1
2022-05-18,109.7,110.65,108.9,109.1,2392771.0,44.75
2022-05-19,107.65,108.55,107.0,107.95,2145172.0,45.37
2022-05-20,108.6,109.6,108.05,108.85,2146331.0,47.54
2022-05-23,109.65,109.95,107.55,108.7,2321810.0,34.68
2022-05-24,109.7,109.7,107.3,107.7,2162978.0,48.69
2022-05-25,107.75,108.65,106.7,107.0,3406185.0,45.11
2022-05-26,107.8,110.0,104.55,108.25,5150922.0,35.76
2022-05-27,109.2,109.75,107.9,109.05,2441012.0,41.71
2022-05-30,110.35,111.15,109.5,110.9,2484247.0,50.83
2022-05-31,110.5,111.95,110.4,111.35,2178121.0,48.89
2022-06-01,111.8,111.8,110.3,111.0,5302910.0,71.15
2022-06-02,110.9,113.35,110.25,112.9,3690716.0,69.93
2022-06-03,113.6,113.8,111.3,111.6,3323245.0,48.38
2022-06-06,111.5,111.6,108.25,110.2,2878791.0,43.24
2022-06-07,109.5,110.4,109.1,109.65,1592080.0,39.72
2022-06-08,110.0,111.65,109.4,110.75,2256154.0,29.58
2022-06-09,109.6,109.8,108.3,108.55,2374671.0,56.25
2022-06-10,107.75,108.1,106.95,107.7,2018618.0,48.14
2022-06-13,106.4,106.75,104.25,104.8,3200220.0,57.33
2022-06-14,104.0,105.95,102.35,102.6,3746977.0,41.06
2022-06-15,103.45,103.7,101.8,102.05,3041916.0,59.67
2022-06-16,103.0,104.0,99.45,99.75,4220890.0,53.97
2022-06-17,99.7,100.25,98.25,98.9,4489251.0,52.91
2022-06-20,99.8,99.9,97.1,98.3,5497269.0,48.2
2022-06-21,98.6,102.9,98.6,102.55,3319789.0,37.93
2022-06-22,102.7,103.0,100.55,100.85,2804614.0,39.28
2022-06-23,101.3,102.85,100.65,102.1,1977318.0,30.01
2022-06-24,102.8,103.25,102.15,102.55,3234342.0,53.12
2022-06-27,103.5,104.5,103.05,104.35,2442000.0,43.01
2022-06-28,103.75,104.35,103.15,103.95,2010603.0,44.49
2022-06-29,103.5,104.15,102.5,103.85,1715783.0,30.43
2022-06-30,103.8,105.25,103.45,104.45,2979150.0,35.12
2022-07-01,104.3,106.1,103.2,105.9,2843672.0,38.94
2022-07-04,106.2,107.75,105.7,107.55,1671651.0,31.66
2022-07-05,107.7,108.5,106.85,107.05,2254935.0,44.36
2022-07-06,107.05,107.35,105.7,106.6,3831121.0,67.97
2022-07-07,108.0,108.1,106.8,107.7,2860688.0,70.33
2022-07-08,108.1,109.15,107.55,108.95,2164854.0,47.43
2022-07-11,108.6,110.6,108.55,110.4,1994881.0,46.15
2022-07-12,110.5,110.7,109.1,110.15,1572753.0,39.49
2022-07-13,110.2,110.55,108.45,108.9,1727090.0,44.09
2022-07-14,109.0,109.15,107.3,107.95,1257510.0,43.38
2022-07-15,108.15,108.55,106.35,107.4,1351964.0,45.49
2022-07-18,108.15,109.9,107.55,109.7,2629290.0,49.72
2022-07-19,109.7,112.6,109.7,112.35,4441005.0,43.95
2022-07-20,113.55,113.55,110.95,111.35,2293565.0,38.73
2022-07-21,111.35,112.05,111.0,111.7,2803196.0,65.08
2022-07-22,112.2,112.45,111.1,111.3,1700122.0,47.07
2022-07-25,111.0,113.35,111.0,113.15,3032360.0,48.42
2022-07-26,113.7,114.4,112.05,112.45,3645232.0,45.95
2022-07-27,111.9,114.25,111.85,113.9,2787808.0,49.67
2022-07-28,114.35,115.0,113.8,114.65,2830884.0,53.36
2022-07-29,114.8,116.4,114.65,115.95,2863948.0,48.01
2022-08-01,116.55,117.5,115.9,117.1,3245678.0,61.47
2022-08-02,117.45,120.0,117.1,119.7,4545933.0,59.7
2022-08-03,119.15,119.9,117.55,119.45,4674333.0,64.19
2022-08-04,119.7,120.25,117.65,118.7,1930889.0,40.16
2022-08-05,118.7,119.65,118.6,118.75,2424531.0,56.71
2022-08-10,117.7,118.8,117.45,118.35,3175114.0,45.24
2022-08-11,119.2,119.9,118.3,119.35,2750121.0,59.63
2022-08-12,119.5,122.45,119.1,120.75,6341947.0,44.98
2022-08-15,119.5,122.45,119.1,120.75,6341947.0,44.98
2022-08-16,121.3,121.75,119.85,120.1,4179239.0,63.23
2022-08-17,120.1,121.3,117.9,118.9,5556981.0,53.57
2022-08-18,119.35,120.1,117.35,118.6,3864394.0,48.16
2022-08-19,119.4,120.15,118.2,118.95,2996378.0,50.53
2022-08-22,118.5,118.5,117.05,117.8,2609575.0,50.49
2022-08-23,117.1,118.7,117.05,118.05,3793521.0,64.72
2022-08-24,118.9,119.35,117.95,118.2,5852114.0,73.65
2022-08-25,118.5,121.45,118.45,120.2,6637297.0,67.51
2022-08-26,121.1,121.85,120.3,120.5,5155790.0,69.95
2022-08-29,119.0,119.5,117.75,118.6,7728221.0,73.79
2022-08-30,119.3,120.15,118.75,119.6,8103902.0,73.05
2022-08-31,119.3,120.15,118.75,119.6,8103902.0,73.05
2022-09-01,117.9,118.95,116.8,117.45,5303710.0,56.82
2022-09-02,118.0,118.7,115.7,115.9,3456067.0,60.58
2022-09-05,116.0,116.7,114.25,114.45,5260654.0,70.68
2022-09-06,114.55,116.95,113.6,116.5,21995115.0,68.06
2022-09-07,116.35,118.65,116.35,117.65,7502302.0,42.02
2022-09-08,118.2,118.6,116.2,116.65,6039031.0,57.66
2022-09-09,118.1,118.2,114.6,116.15,7303226.0,43.82
2022-09-12,116.5,117.55,114.85,115.6,4960858.0,57.62
2022-09-13,116.05,116.4,114.95,115.5,8999335.0,75.72
2022-09-14,114.5,115.85,114.35,115.0,6678376.0,59.79
2022-09-15,115.95,118.95,114.9,118.55,10590909.0,57.6
2022-09-16,118.5,118.85,112.2,113.9,16752177.0,67.09
2022-09-19,114.1,114.65,112.5,112.8,5706399.0,61.72
2022-09-20,113.6,114.8,112.95,113.35,6711119.0,61.73
2022-09-21,113.1,113.75,111.8,112.85,4366379.0,52.23
2022-09-22,112.1,113.35,111.25,112.2,6617933.0,61.79
2022-09-23,112.35,112.65,109.6,110.2,5478864.0,59.63
2022-09-26,109.1,109.95,106.05,106.5,6371416.0,52.7
2022-09-27,106.85,107.25,105.55,106.5,4424543.0,51.26
2022-09-28,106.1,106.6,104.9,105.2,5324088.0,55.94
2022-09-29,106.35,106.35,103.8,104.75,4485890.0,49.66
2022-09-30,104.25,105.2,103.65,104.6,6910471.0,57.93
2022-10-03,104.85,105.75,103.1,103.85,3825262.0,54.81
2022-10-04,104.9,105.35,104.5,105.0,4723852.0,69.62
2022-10-05,104.9,105.35,104.5,105.0,4723852.0,69.62
2022-10-06,106.95,106.95,105.05,105.65,7270940.0,61.97
2022-10-07,105.8,106.15,104.5,104.95,3172126.0,48.22
2022-10-10,104.25,104.75,103.3,104.25,3625277.0,56.61
2022-10-11,104.4,104.6,102.4,102.65,4066390.0,68.15
2022-10-12,102.85,103.0,102.05,102.6,5344957.0,58.94
2022-10-13,102.6,103.25,101.5,101.95,4925016.0,68.98
2022-10-14,103.5,103.5,101.9,102.05,2615849.0,57.84
2022-10-17,102.05,102.05,100.85,101.8,4140869.0,58.9
2022-10-18,102.35,104.4,101.5,104.15,7956793.0,66.75
2022-10-19,104.85,105.6,104.0,104.25,4534719.0,58.06
2022-10-20,103.8,105.75,103.45,105.55,3593695.0,66.15
2022-10-21,105.8,106.2,104.8,105.45,5504412.0,75.4
2022-10-24,106.5,106.8,105.95,106.25,714694.0,77.05
2022-10-25,106.3,106.55,105.0,106.2,7082766.0,67.46
2022-10-26,106.3,106.55,105.0,106.2,7082766.0,67.46
2022-10-27,106.5,110.95,105.9,109.9,13738386.0,55.63
2022-10-28,110.4,114.1,109.25,113.8,10199041.0,58.51
2022-10-31,114.15,115.5,113.0,115.25,8248485.0,59.76
2022-11-01,115.0,117.3,114.85,115.9,8082440.0,64.77
2022-11-02,115.85,116.6,114.5,116.1,3797247.0,50.86
2022-11-03,115.7,117.05,115.2,116.8,3036255.0,48.5
2022-11-04,117.1,117.5,116.15,116.95,3380760.0,67.28
2022-11-07,117.55,119.2,117.1,119.0,6529972.0,44.0
2022-11-08,117.55,119.2,117.1,119.0,6529972.0,44.0
2022-11-09,119.7,120.0,117.6,118.25,3262890.0,57.77
2022-11-10,118.0,118.25,116.4,116.8,8080813.0,50.62
2022-11-11,118.5,121.7,117.85,120.3,14059041.0,63.25
2022-11-14,121.0,121.6,120.05,120.75,3635017.0,57.21
2022-11-15,121.05,122.0,119.5,120.75,5229801.0,57.55
2022-11-16,120.8,121.65,119.8,120.5,5172178.0,71.82
2022-11-17,120.35,124.8,120.15,123.05,13662868.0,64.95
2022-11-18,123.5,125.4,122.45,124.85,12096125.0,62.81
2022-11-21,125.4,126.35,123.6,125.05,7470157.0,58.54
2022-11-22,125.65,125.9,124.4,125.5,8716305.0,77.23
2022-11-23,125.4,126.2,124.75,125.05,5903766.0,70.41
2022-11-24,122.45,130.0,122.15,129.1,15240082.0,40.66
2022-11-25,129.9,136.95,128.05,136.5,24479971.0,45.48
2022-11-28,136.25,139.15,133.8,134.6,9439253.0,39.52
2022-11-29,135.0,135.7,132.1,134.5,6895284.0,39.42
2022-11-30,135.0,136.4,134.1,135.9,6100266.0,52.75
2022-12-01,136.65,139.1,134.65,138.5,6874203.0,50.9
2022-12-02,139.5,139.7,137.0,139.3,5261924.0,41.94
2022-12-05,139.5,140.9,137.85,138.15,6833200.0,64.87
2022-12-06,137.8,139.0,136.55,137.95,3394897.0,50.81
2022-12-07,137.4,143.2,137.4,142.0,14351900.0,41.99
2022-12-08,142.8,144.9,141.85,144.55,9060124.0,62.26
2022-12-09,145.55,146.9,140.85,141.9,7218043.0,44.06
2022-12-12,142.15,145.6,140.6,145.25,5716191.0,46.68
2022-12-13,145.95,146.0,143.05,145.0,5552701.0,49.69
2022-12-14,145.3,147.8,145.3,146.25,6539562.0,53.19
2022-12-15,146.6,147.2,142.9,143.5,5389306.0,54.97
2022-12-16,143.4,143.5,139.05,141.6,6743762.0,50.81
2022-12-19,141.85,144.9,140.95,144.3,4257703.0,47.22
2022-12-20,144.3,144.65,140.6,141.7,5688745.0,58.58
2022-12-21,142.25,142.95,136.55,137.6,5286761.0,48.67
2022-12-22,139.2,139.55,135.75,137.25,6461434.0,40.42
2022-12-23,136.3,136.7,131.05,131.8,8018288.0,49.48
2022-12-26,131.75,137.15,130.5,136.3,5422454.0,40.38
2022-12-27,137.1,137.8,135.05,136.5,2872557.0,38.38
2022-12-28,136.5,139.0,136.3,137.7,2877548.0,37.23
2022-12-29,137.0,138.95,136.2,138.4,3594193.0,45.16
2022-12-30,139.35,143.2,138.25,141.15,5277547.0,35.63
2023-01-02,142.45,150.55,141.15,149.7,13657303.0,39.73
2023-01-03,150.9,157.8,149.65,156.0,30696297.0,26.97
2023-01-04,157.0,157.1,151.7,154.5,14214008.0,37.09
2023-01-05,154.5,158.0,152.6,156.9,11390782.0,46.65
2023-01-06,157.65,160.8,154.2,157.15,21314945.0,42.66
2023-01-09,159.1,161.8,157.85,159.3,15993509.0,48.4
2023-01-10,160.0,160.0,153.65,155.1,10481587.0,44.51
2023-01-11,154.6,155.25,150.2,151.8,11156443.0,38.31
2023-01-12,152.35,152.95,147.35,149.25,9893243.0,30.88
2023-01-13,149.25,153.75,147.5,152.75,10335562.0,38.18
2023-01-16,153.25,154.95,149.85,150.5,7390220.0,31.57
2023-01-17,151.0,152.4,148.5,149.95,7673614.0,26.53
2023-01-18,150.3,152.0,149.8,151.7,5661773.0,47.32
2023-01-19,151.5,152.75,150.35,152.05,4888841.0,42.66
2023-01-20,152.5,152.7,150.0,150.4,4604156.0,35.61
2023-01-23,150.85,152.0,150.5,151.0,2526337.0,41.3
2023-01-24,151.4,151.8,148.85,149.35,2669892.0,37.67
2023-01-25,149.35,149.4,142.4,143.45,16020537.0,50.0
2023-01-26,149.35,149.4,142.4,143.45,16020537.0,50.0
2023-01-27,143.65,144.0,133.05,136.1,17440386.0,36.5
2023-01-30,136.45,139.8,134.1,135.75,7320674.0,32.77
2023-01-31,136.85,142.0,134.55,141.45,9501416.0,48.69
2023-02-01,142.0,144.25,134.7,136.35,7854818.0,42.19
2023-02-02,135.9,140.05,134.2,138.45,4900051.0,31.85
2023-02-03,139.0,141.85,135.65,141.5,5885945.0,33.14
2023-02-06,141.65,143.8,141.4,143.4,2878065.0,40.22
2023-02-07,143.25,145.85,142.15,143.3,5464542.0,42.28
2023-02-08,143.6,144.0,141.75,143.6,2315839.0,43.4
2023-02-09,143.6,145.85,141.0,145.35,4575492.0,44.21
2023-02-10,145.05,146.55,144.75,145.8,2253572.0,35.5
2023-02-13,145.5,146.45,139.55,141.35,7730299.0,48.36
2023-02-14,142.9,144.35,136.7,143.6,10422666.0,24.86
2023-02-15,143.55,149.25,142.95,148.35,6427779.0,38.1
2023-02-16,148.5,151.25,147.75,150.25,6202606.0,34.98
2023-02-17,149.6,150.6,147.65,148.5,2901156.0,35.14
2023-02-20,149.3,149.4,146.8,147.25,3601393.0,42.4
2023-02-21,147.5,151.9,147.0,149.6,5681867.0,28.87
2023-02-22,149.15,149.15,144.8,146.35,5416298.0,33.21
2023-02-23,146.35,148.6,145.05,147.55,4677848.0,43.83
2023-02-24,145.0,146.0,142.85,144.7,4283544.0,38.29
2023-02-27,144.0,145.0,139.9,143.4,3682043.0,33.49
2023-02-28,143.0,146.0,142.15,145.4,5613323.0,58.03
2023-03-01,145.65,150.05,144.4,149.45,4562532.0,43.9
2023-03-02,149.85,151.6,148.5,150.35,4288494.0,39.65
2023-03-03,151.15,155.5,150.7,155.15,8101353.0,41.86
2023-03-06,156.25,162.0,155.15,161.75,11987085.0,41.79
2023-03-07,156.25,162.0,155.15,161.75,11987085.0,41.79
2023-03-08,161.25,169.6,160.95,168.4,19715015.0,44.52
2023-03-09,169.45,170.6,166.55,168.15,13023751.0,40.94
2023-03-10,167.0,168.5,164.55,167.05,7983167.0,42.76
2023-03-13,167.9,168.25,162.6,163.45,7303742.0,46.64
2023-03-14,163.05,164.5,160.6,161.05,8334483.0,38.88
2023-03-15,162.55,164.5,160.3,160.85,6066749.0,44.18
2023-03-16,160.1,160.4,155.1,158.15,8678550.0,36.25
2023-03-17,159.1,160.0,153.05,155.9,14793445.0,39.45
2023-03-20,154.1,155.1,149.6,150.85,8877659.0,41.65
2023-03-21,152.0,154.7,149.8,154.15,7056148.0,33.64
2023-03-22,154.5,156.35,153.5,154.1,4406016.0,31.52
2023-03-23,155.0,155.2,151.55,152.35,5895246.0,39.35
2023-03-24,151.0,152.1,147.3,148.15,4656997.0,35.81
2023-03-27,146.5,150.3,146.2,148.9,7189295.0,37.66
2023-03-28,149.0,150.0,145.4,146.7,3812086.0,40.51
2023-03-29,146.5,151.55,145.7,151.15,4503118.0,37.38
2023-03-30,146.5,151.55,145.7,151.15,4503118.0,37.38
2023-03-31,151.55,153.55,150.65,151.75,6181930.0,54.78
2023-04-03,152.45,156.0,151.65,155.05,6140663.0,44.13
2023-04-04,152.45,156.0,151.65,155.05,6140663.0,44.13
2023-04-05,156.0,157.45,152.8,156.7,5064582.0,42.28
2023-04-06,156.0,158.1,153.9,157.35,7883419.0,48.25
2023-04-07,156.0,158.1,153.9,157.35,7883419.0,48.25
2023-04-10,158.0,166.85,156.75,166.4,13377897.0,35.27
2023-04-11,167.0,169.5,165.35,169.2,8313168.0,36.61
2023-04-12,168.55,170.1,165.4,165.9,6863425.0,38.45
2023-04-13,165.0,165.3,159.4,161.6,9703929.0,40.06
2023-04-14,165.0,165.3,159.4,161.6,9703929.0,40.06
2023-04-17,160.7,165.9,159.85,165.4,8993538.0,38.45
2023-04-18,166.4,168.2,160.55,161.75,18948778.0,38.44
2023-04-19,161.95,164.65,161.0,161.55,6616433.0,36.07
2023-04-20,161.55,163.0,159.7,160.0,3885667.0,38.04
2023-04-21,160.2,160.25,156.35,156.7,5541581.0,38.45
2023-04-24,157.0,161.4,155.8,160.8,6578957.0,44.27
2023-04-25,161.5,164.4,161.05,162.2,7118333.0,29.7
2023-04-26,162.2,165.75,161.5,165.35,9213633.0,43.87
2023-04-27,165.9,166.45,163.3,164.85,8798861.0,67.27
2023-04-28,164.95,170.3,164.85,169.9,14809357.0,54.56
2023-05-01,164.95,170.3,164.85,169.9,14809357.0,54.56
2023-05-02,171.1,175.35,169.95,173.6,21543413.0,52.83
2023-05-03,173.95,175.25,170.05,170.45,10413965.0,42.78
2023-05-04,171.0,177.45,170.95,174.4,10382525.0,36.42
2023-05-05,174.4,176.3,168.35,168.85,10043579.0,39.14
2023-05-08,168.8,172.95,168.4,170.75,5785580.0,40.55
2023-05-09,171.4,172.45,166.2,166.5,9199634.0,49.01
2023-05-10,167.75,167.95,164.25,165.3,9484903.0,56.68
2023-05-11,166.0,168.6,163.65,164.6,9679853.0,45.99
2023-05-12,162.15,165.2,158.65,164.65,22450063.0,44.31
2023-05-15,165.25,172.0,164.3,171.15,12142121.0,45.92
2023-05-16,172.2,174.35,166.65,167.3,18604245.0,56.66
2023-05-17,168.0,168.8,163.0,164.35,11594204.0,50.51
2023-05-18,165.65,168.6,164.15,164.85,9509302.0,37.26
2023-05-19,165.0,166.55,163.3,165.65,6348109.0,40.79
2023-05-22,165.65,166.95,164.1,166.3,6642266.0,40.49
2023-05-23,166.7,167.7,165.3,165.75,6000329.0,19.86
2023-05-24,165.75,166.9,164.7,166.5,4279187.0,38.86
2023-05-25,166.45,171.0,166.05,170.6,9463504.0,44.23
2023-05-26,171.8,173.0,168.75,170.45,3855560.0,35.33
2023-05-29,173.8,177.2,172.15,174.3,12923369.0,36.17
2023-05-30,174.95,181.65,173.75,181.15,15495553.0,44.24
2023-05-31,180.9,183.45,179.55,182.4,11030532.0,48.75
2023-06-01,182.0,183.9,181.8,183.2,6403213.0,53.76
2023-06-02,184.0,191.0,183.35,190.45,19369171.0,38.27
2023-06-05,191.55,197.5,190.45,193.65,15595565.0,41.33
2023-06-06,194.4,197.2,191.65,194.5,10567472.0,35.54
2023-06-07,195.45,197.25,195.0,196.45,6298160.0,53.6
2023-06-08,196.2,199.15,194.85,196.85,8465643.0,46.02
2023-06-09,198.0,199.5,195.65,198.7,6323263.0,42.96
2023-06-12,199.45,203.0,198.8,202.15,6765017.0,33.2
2023-06-13,202.55,204.15,198.0,203.05,11349466.0,35.4
2023-06-14,204.4,204.4,199.75,201.05,10438154.0,53.71
2023-06-15,200.5,203.3,199.3,200.9,8432262.0,52.44
2023-06-16,196.85,198.4,194.25,197.1,9861048.0,49.79
2023-06-19,197.1,199.55,195.75,197.25,7397549.0,50.07
2023-06-20,197.75,204.5,196.5,203.95,7781286.0,49.97
2023-06-21,204.75,211.9,204.2,208.8,16604952.0,44.82
2023-06-22,208.95,209.4,201.0,203.25,9326013.0,42.54
2023-06-23,202.95,204.0,198.85,200.15,7258270.0,38.95
2023-06-26,200.25,203.65,198.1,199.85,7424746.0,50.33
2023-06-27,201.2,208.95,200.9,207.85,15237777.0,50.83
2023-06-28,208.75,219.3,208.0,217.8,25675597.0,47.38
2023-06-29,208.75,219.3,208.0,217.8,25675597.0,47.38
2023-06-30,220.0,220.25,214.3,215.9,13561395.0,54.51
2023-07-03,216.95,223.35,215.5,219.75,10227371.0,39.48
2023-07-04,219.85,223.8,216.55,221.25,11898079.0,38.48
2023-07-05,222.0,225.35,221.1,223.3,7708297.0,51.99
2023-07-06,223.25,226.65,222.15,223.65,7187154.0,51.52
2023-07-07,223.5,224.25,218.85,221.3,7226033.0,40.12
2023-07-10,221.3,225.45,217.6,224.5,9469488.0,41.95
2023-07-11,224.55,230.4,224.5,227.1,22017028.0,53.7
2023-07-12,227.7,230.05,225.6,227.25,9500728.0,53.22
2023-07-13,228.2,228.65,222.0,224.65,8495280.0,55.27
2023-07-14,226.0,226.4,222.9,224.6,6206024.0,48.15
2023-07-17,225.0,226.9,222.5,223.4,6350877.0,44.63
2023-07-18,223.4,226.25,220.05,221.7,11430982.0,42.74
2023-07-19,222.0,227.0,220.65,226.4,7651184.0,50.73
2023-07-20,227.0,228.5,225.05,226.2,5594049.0,52.03
2023-07-21,225.9,228.35,224.85,227.0,5645236.0,54.46
2023-07-24,230.0,244.0,229.15,239.75,22346371.0,32.15
2023-07-25,241.95,243.45,235.4,238.25,11801735.0,45.02
2023-07-26,238.5,244.5,236.9,242.7,9630578.0,45.33
2023-07-27,244.95,255.15,243.1,253.35,21043456.0,36.6
2023-07-28,254.3,260.15,252.1,255.85,13107446.0,29.86
2023-07-31,256.0,262.0,254.0,261.4,11389062.0,42.83
2023-08-01,262.15,263.15,256.55,258.85,8969904.0,37.97
2023-08-02,258.0,264.35,249.55,256.3,12897629.0,28.96
2023-08-03,255.0,261.95,253.25,260.15,11082737.0,34.94
2023-08-04,260.15,262.9,257.15,258.6,8195058.0,39.66
2023-08-07,258.55,267.95,257.7,266.85,15673718.0,48.98
2023-08-08,270.0,276.8,260.05,269.0,30634867.0,37.39
2023-08-09,269.95,271.15,265.35,270.05,10187822.0,43.83
2023-08-10,270.05,270.9,263.55,267.05,10308401.0,55.74
2023-08-11,271.5,272.55,261.6,264.05,19807328.0,47.84
2023-08-14,262.9,268.5,257.95,264.05,13095211.0,39.01
2023-08-15,262.9,268.5,257.95,264.05,13095211.0,39.01
2023-08-16,263.0,266.95,260.6,264.2,8611451.0,47.81
2023-08-17,264.15,271.85,263.65,270.85,18261763.0,52.6
2023-08-18,270.75,274.4,265.2,268.5,12782606.0,43.07
2023-08-21,269.7,271.95,266.6,270.05,11693150.0,54.68
2023-08-22,271.4,277.2,270.1,273.1,12666246.0,41.23
2023-08-23,274.0,275.25,271.65,273.35,8628839.0,51.39
2023-08-24,275.45,276.55,270.2,270.7,8349667.0,42.52
2023-08-25,271.5,274.4,264.3,270.05,14712361.0,45.52
2023-08-28,271.4,272.95,268.3,272.05,16539232.0,55.86
2023-08-29,273.0,273.8,268.5,270.0,17289883.0,62.04
2023-08-30,272.7,274.3,271.1,272.85,15595914.0,68.93
2023-08-31,274.0,276.8,256.35,260.2,164551399.0,75.31
2023-09-01,256.8,261.75,250.55,257.4,25508836.0,49.3
2023-09-04,258.95,264.75,256.9,264.2,13959805.0,55.61
2023-09-05,264.15,265.05,260.55,262.1,14419281.0,57.41
2023-09-06,262.1,262.1,254.8,257.5,10458275.0,52.7
2023-09-07,258.9,273.0,257.0,271.85,19245292.0,41.45
2023-09-08,273.25,306.9,271.0,305.1,66232926.0,17.11
2023-09-11,309.9,313.9,302.8,306.2,26022898.0,28.03
2023-09-12,308.8,308.8,282.0,282.9,25657739.0,30.18
2023-09-13,283.85,287.9,275.6,278.2,18283366.0,37.33
2023-09-14,282.0,283.45,274.8,279.55,16183428.0,36.76
2023-09-15,281.1,285.65,276.2,279.4,13472361.0,44.02
2023-09-18,280.1,288.7,278.8,287.4,17422070.0,40.15
2023-09-19,280.1,288.7,278.8,287.4,17422070.0,40.15
2023-09-20,289.0,293.3,285.3,286.9,19317559.0,46.5
2023-09-21,229.6,236.25,225.25,229.7,19969152.0,33.5
2023-09-22,231.0,239.6,230.4,238.4,19853464.0,38.81
2023-09-25,239.35,241.15,236.55,238.2,10640362.0,38.13
2023-09-26,238.2,239.15,232.9,234.4,10324176.0,35.96
2023-09-27,236.15,254.1,235.45,249.65,41395652.0,25.21
2023-09-28,249.75,250.35,243.45,244.9,17882450.0,33.78
2023-09-29,248.5,254.25,247.2,251.9,20556307.0,25.56
2023-10-02,248.5,254.25,247.2,251.9,20556307.0,25.56
2023-10-03,251.0,254.0,247.5,250.95,20505684.0,47.23
2023-10-04,250.95,252.2,240.75,243.9,11248912.0,30.06
2023-10-05,246.5,246.85,239.85,240.55,6991188.0,33.19
2023-10-06,242.6,248.25,238.25,246.3,10502776.0,27.26
2023-10-09,243.0,245.25,239.0,240.25,12865038.0,35.0
2023-10-10,242.3,251.25,240.1,249.95,21120310.0,49.87
2023-10-11,253.0,255.5,247.9,250.0,16901311.0,50.1
2023-10-12,251.15,253.8,248.0,248.45,8856652.0,44.13
2023-10-13,248.0,252.55,246.85,250.15,6963745.0,37.9
2023-10-16,251.0,258.2,250.5,251.9,15828545.0,40.08
2023-10-17,253.95,254.75,250.5,251.4,7959854.0,39.95
2023-10-18,251.1,253.55,244.1,245.85,8849737.0,32.44
2023-10-19,244.5,250.75,242.2,249.05,10354590.0,36.83
2023-10-20,248.8,250.35,244.3,247.5,9772348.0,36.4
2023-10-23,247.5,250.95,240.6,244.15,16263512.0,32.07
2023-10-24,247.5,250.95,240.6,244.15,16263512.0,32.07
2023-10-25,245.9,247.6,234.45,237.2,12354938.0,33.36
2023-10-26,235.0,236.0,225.5,230.35,19102624.0,37.93
2023-10-27,234.5,241.0,232.2,237.55,8633736.0,25.2
2023-10-30,238.15,239.6,233.35,238.95,8589899.0,34.34
2023-10-31,240.9,247.7,239.75,246.6,11247490.0,36.9
2023-11-01,246.95,249.2,237.85,242.2,11485017.0,29.43
2023-11-02,245.15,259.8,245.0,257.65,31788640.0,31.6
2023-11-03,259.85,262.85,256.75,261.7,13074986.0,43.81
2023-11-06,263.95,264.65,257.8,260.75,15066704.0,53.41
2023-11-07,261.7,266.35,259.7,263.05,12712137.0,36.61
2023-11-08,264.95,265.9,260.0,263.55,7008956.0,41.22
2023-11-09,267.0,280.5,265.45,277.3,46645094.0,35.39
2023-11-10,276.35,288.9,276.05,287.7,26451061.0,27.56
2023-11-13,297.0,319.8,293.75,307.5,56941773.0,21.96
2023-11-14,297.0,319.8,293.75,307.5,56941773.0,21.96
2023-11-15,309.0,317.95,302.0,310.4,29545189.0,31.99
2023-11-16,310.0,315.75,306.0,310.3,16593003.0,38.91
2023-11-17,311.25,317.95,310.05,316.25,15707486.0,32.18
2023-11-20,316.95,325.5,315.45,324.25,19353142.0,24.6
2023-11-21,326.6,328.65,315.6,319.55,22453701.0,36.98
2023-11-22,320.0,323.6,317.2,319.95,9908872.0,39.96
2023-11-23,321.5,323.0,317.5,320.75,7050700.0,33.12
2023-11-24,316.75,318.4,312.15,314.95,8179159.0,34.47
2023-11-27,316.75,318.4,312.15,314.95,8179159.0,34.47
2023-11-28,314.95,322.0,309.55,320.55,12393794.0,39.23
2023-11-29,322.05,329.8,318.6,328.1,13325273.0,43.56
2023-11-30,328.1,338.25,325.7,334.9,42144243.0,67.34
2023-12-01,340.0,368.35,337.0,365.15,51298211.0,22.62
2023-12-04,382.0,386.25,370.95,371.7,33279982.0,30.95
2023-12-05,373.0,379.4,369.7,377.25,16714263.0,26.42
2023-12-06,379.1,387.9,375.8,378.6,15204248.0,31.8
2023-12-07,380.0,381.9,374.5,377.1,9186451.0,42.38
2023-12-08,378.7,390.7,378.1,384.6,22241955.0,32.52
2023-12-11,386.0,393.0,381.2,389.55,11743284.0,31.8
2023-12-12,391.35,392.75,385.1,389.7,9651220.0,39.75
2023-12-13,392.05,424.0,391.3,421.8,47230397.0,20.94
2023-12-14,425.6,428.75,415.55,423.1,22525232.0,29.15
2023-12-15,423.3,426.3,410.0,412.3,19759589.0,46.43
2023-12-18,412.3,416.7,405.75,411.8,14104514.0,32.75
2023-12-19,413.9,414.75,402.05,408.75,10528820.0,26.55
2023-12-20,410.2,412.0,376.95,381.85,22211254.0,36.49
2023-12-21,376.0,391.85,368.35,388.85,23330278.0,29.83
2023-12-22,392.0,396.5,381.55,386.9,13356416.0,30.83
2023-12-25,392.0,396.5,381.55,386.9,13356416.0,30.83
2023-12-26,388.0,399.0,385.2,392.25,13629896.0,31.33
2023-12-27,394.6,395.65,382.55,384.8,11269286.0,44.87
2023-12-28,386.7,393.05,383.8,384.9,12371827.0,51.34
2023-12-29,388.0,389.0,379.5,382.6,10589854.0,36.76
2024-01-01,383.9,400.0,381.0,395.05,15293334.0,28.43
2024-01-02,395.0,395.25,382.75,389.65,11799148.0,27.9
2024-01-03,389.0,401.3,385.0,393.1,13107047.0,30.48
2024-01-04,397.8,409.0,397.1,405.75,19291259.0,32.49
2024-01-05,407.7,408.35,398.1,404.0,7735119.0,37.81
2024-01-08,405.8,412.7,401.4,405.75,8020666.0,26.85
2024-01-09,409.4,411.8,391.05,393.8,12629573.0,32.58
2024-01-10,396.0,396.0,380.8,390.5,12513678.0,27.85
2024-01-11,392.5,402.2,391.65,395.5,8305839.0,39.71
2024-01-12,397.0,402.75,393.1,401.8,8217329.0,44.71
2024-01-15,403.0,412.35,399.55,409.5,10263830.0,36.1
2024-01-16,409.8,413.95,394.7,400.45,11079183.0,29.9
2024-01-17,395.0,402.45,390.0,392.55,8845319.0,39.27
2024-01-18,393.05,396.5,379.2,392.7,11680203.0,30.77
2024-01-19,397.0,413.6,396.15,412.35,16111152.0,41.08
2024-01-22,415.0,425.3,413.7,418.9,16664726.0,27.65
2024-01-23,430.0,430.3,382.5,395.55,28172910.0,36.72
2024-01-24,399.0,422.95,390.05,421.75,26232960.0,32.14
2024-01-25,424.95,425.65,414.15,419.0,12426317.0,42.35
2024-01-26,424.95,425.65,414.15,419.0,12426317.0,42.35
2024-01-29,422.95,448.45,421.6,446.75,38320305.0,35.4
2024-01-30,450.0,453.7,440.75,444.9,18743455.0,45.18
2024-01-31,442.3,445.3,437.1,443.25,12612238.0,51.47
2024-02-01,447.0,449.5,439.45,445.75,12778899.0,47.42
2024-02-02,448.1,461.5,448.1,450.8,13316207.0,35.12
2024-02-05,454.8,464.5,447.8,458.15,15932526.0,36.41
2024-02-06,461.3,461.3,445.1,454.0,9403608.0,37.55
2024-02-07,451.0,469.9,451.0,469.0,11983832.0,36.46
2024-02-08,470.95,477.8,464.15,468.55,14788511.0,27.09
2024-02-09,463.0,463.0,406.75,428.85,56589108.0,32.62
2024-02-12,429.0,435.25,412.95,424.15,30349202.0,37.88
2024-02-13,419.9,426.7,414.6,420.5,14073386.0,25.62
2024-02-14,416.0,437.95,411.05,434.6,11114379.0,38.27
2024-02-15,437.05,438.4,430.05,435.45,6467934.0,35.28
2024-02-16,437.8,437.8,427.1,433.7,8544311.0,45.93
2024-02-19,433.75,442.95,430.0,431.15,5880131.0,32.45
2024-02-20,426.5,430.8,422.1,426.1,6734331.0,40.15
2024-02-21,426.0,430.0,411.0,412.4,7818084.0,48.07
2024-02-22,412.0,417.2,399.65,415.6,12734235.0,33.27
2024-02-23,417.5,419.5,411.25,412.9,6086377.0,38.51
2024-02-26,411.85,416.5,405.65,411.45,14668409.0,19.62
2024-02-27,407.3,410.95,394.15,401.5,16060760.0,52.89
2024-02-28,401.35,401.5,387.4,389.5,11522019.0,49.24
2024-02-29,389.0,403.45,388.35,400.7,18634970.0,49.06
2024-03-01,401.5,415.9,401.5,413.25,10009056.0,38.41
2024-03-04,416.95,422.6,410.55,421.55,10217240.0,49.71
2024-03-05,419.9,425.65,416.5,417.35,7545389.0,46.11
2024-03-06,424.9,432.3,414.0,424.2,19232334.0,34.28
2024-03-07,424.5,433.35,424.5,429.75,12256331.0,36.27
2024-03-08,424.5,433.35,424.5,429.75,12256331.0,36.27
2024-03-11,429.75,433.9,424.35,432.55,16623737.0,49.84
2024-03-12,434.0,435.05,423.35,429.05,15842050.0,49.73
2024-03-13,429.85,429.95,392.35,397.6,18357786.0,44.59
2024-03-14,397.0,407.4,390.8,399.75,18459269.0,54.98
2024-03-15,399.75,401.0,370.3,381.0,29682116.0,51.33
2024-03-18,377.05,387.75,371.4,374.85,12079910.0,33.84
2024-03-19,375.1,376.8,360.1,362.55,15002148.0,38.79
2024-03-20,364.9,367.0,351.7,361.5,13037554.0,33.93
2024-03-21,368.6,388.5,368.0,386.75,22051088.0,28.31
2024-03-22,384.35,394.8,379.0,391.65,13733411.0,29.86
2024-03-25,384.35,394.8,379.0,391.65,13733411.0,29.86
2024-03-26,385.55,396.0,385.55,394.95,10930109.0,49.27
2024-03-27,397.0,400.15,380.25,384.5,28752085.0,74.92
2024-03-28,384.55,394.2,384.55,390.25,12411711.0,61.84
2024-03-29,384.55,394.2,384.55,390.25,12411711.0,61.84
2024-04-01,395.0,404.8,393.05,401.2,9276678.0,43.36
2024-04-02,402.95,408.45,395.35,407.55,8003458.0,37.78
2024-04-03,405.0,418.2,402.85,417.25,10346790.0,48.27
2024-04-04,420.1,426.9,412.0,415.0,14146848.0,42.75
2024-04-05,415.0,418.65,408.0,416.8,7609006.0,38.62
2024-04-08,419.0,420.45,409.25,410.35,9705827.0,54.5
2024-04-09,412.0,414.35,400.35,402.75,8624425.0,42.18
2024-04-10,403.0,410.9,403.0,406.65,6580214.0,46.61
2024-04-11,403.0,410.9,403.0,406.65,6580214.0,46.61
2024-04-12,405.9,410.0,402.0,403.0,7368214.0,47.27
2024-04-15,395.0,399.85,387.6,392.4,7965565.0,38.3
2024-04-16,388.2,399.4,385.0,396.55,10543004.0,44.67
2024-04-17,388.2,399.4,385.0,396.55,10543004.0,44.67
2024-04-18,398.25,407.25,393.05,395.45,7589176.0,42.66
2024-04-19,392.95,400.4,385.1,398.65,8788592.0,39.26
2024-04-22,402.2,408.25,400.25,404.35,7457201.0,35.73
2024-04-23,406.7,406.85,398.05,399.1,7401920.0,55.2
2024-04-24,401.0,405.45,398.25,402.05,6066000.0,48.84
2024-04-25,400.3,408.0,399.0,407.05,7978814.0,52.74
2024-04-26,409.5,412.0,405.1,406.15,10419494.0,47.51
2024-04-29,409.8,416.25,406.15,415.5,9486965.0,51.4
2024-04-30,419.4,447.45,416.5,441.55,53552269.0,32.28
2024-05-01,419.4,447.45,416.5,441.55,53552269.0,32.28
2024-05-02,448.15,476.75,443.15,467.85,55752960.0,34.71
2024-05-03,471.0,485.5,468.15,480.45,28996180.0,28.88
2024-05-06,456.5,458.85,416.55,437.8,66897875.0,25.97
2024-05-07,440.0,441.0,415.3,421.55,25818752.0,26.93
2024-05-08,421.0,445.45,421.0,440.9,29249669.0,21.47
2024-05-09,439.6,441.35,416.5,418.05,15867846.0,33.87
2024-05-10,423.0,425.3,407.7,417.65,14527463.0,26.19
2024-05-13,419.0,421.3,402.95,416.5,13617829.0,32.12
2024-05-14,419.7,426.2,416.6,421.6,12097891.0,39.74
2024-05-15,423.6,441.4,422.7,436.55,29319985.0,20.29
2024-05-16,443.0,457.0,439.05,454.8,35263613.0,32.59
2024-05-17,457.3,469.3,454.0,468.1,16122079.0,36.2
2024-05-20,470.75,472.8,464.1,465.95,2287885.0,43.94
2024-05-21,465.1,471.1,460.2,469.1,10578500.0,37.9
2024-05-22,471.4,471.4,458.0,464.6,8295209.0,41.92
2024-05-23,465.0,475.0,461.6,467.25,12732877.0,45.34
2024-05-24,469.5,499.4,465.4,491.65,33498606.0,26.5
2024-05-27,499.0,521.3,496.0,513.2,33290103.0,23.4
2024-05-28,517.5,521.3,500.3,517.15,21588367.0,26.55
2024-05-29,512.95,524.35,508.65,510.1,18529334.0,34.29
2024-05-30,510.0,516.0,497.05,500.45,14291676.0,40.61
2024-05-31,505.0,512.25,479.5,492.45,31653901.0,42.9
2024-06-03,535.9,559.0,520.0,554.8,44287988.0,32.25
2024-06-04,544.9,544.9,416.1,426.75,108815947.0,31.66
2024-06-05,444.7,450.85,395.2,447.15,52169722.0,28.04
2024-06-06,455.0,490.85,454.0,472.3,48961426.0,29.83
2024-06-07,473.0,485.65,461.05,483.55,32944221.0,37.66
2024-06-10,486.0,495.7,477.0,485.8,20853211.0,28.78
2024-06-11,485.8,488.9,476.1,486.45,20122639.0,39.67
2024-06-12,487.0,498.25,484.05,492.05,23440337.0,51.95
2024-06-13,496.5,505.85,492.6,503.55,22583735.0,44.92
2024-06-14,506.1,511.85,500.3,510.05,13048015.0,36.85
2024-06-17,506.1,511.85,500.3,510.05,13048015.0,36.85
2024-06-18,512.5,512.6,504.5,507.75,12494967.0,47.7
2024-06-19,508.95,511.9,494.4,499.25,8911856.0,32.74
2024-06-20,495.0,495.0,477.8,481.35,25848843.0,38.65
2024-06-21,487.0,493.35,481.0,482.3,14067512.0,35.34
2024-06-24,481.0,489.45,472.6,487.75,14749233.0,35.71
2024-06-25,488.0,490.55,480.0,483.7,13567964.0,38.22
2024-06-26,481.55,486.35,479.15,480.05,10636903.0,55.06
2024-06-27,478.0,491.75,476.45,479.75,15956471.0,43.68
2024-06-28,481.0,488.6,479.75,485.1,8405233.0,43.37
2024-07-01,493.05,503.0,486.55,501.25,16866460.0,39.45
2024-07-02,502.3,506.8,495.6,502.65,26068619.0,53.27
2024-07-03,513.5,533.25,510.5,531.05,33571765.0,29.42
2024-07-04,536.8,544.75,530.7,533.65,17103459.0,34.1
2024-07-05,534.0,539.45,529.35,534.25,10395660.0,42.86
2024-07-08,538.0,559.75,536.4,549.75,20739673.0,34.21
2024-07-09,552.5,556.5,541.55,550.15,13179449.0,34.58
2024-07-10,552.0,567.6,535.0,560.8,23340064.0,27.85
2024-07-11,565.85,573.8,559.8,570.6,10824586.0,27.47
2024-07-12,573.6,580.0,548.05,555.15,13831121.0,33.66
2024-07-15,560.9,566.35,553.45,558.0,12094299.0,44.13
2024-07-16,559.0,561.65,546.0,549.55,7358534.0,44.2
2024-07-17,559.0,561.65,546.0,549.55,7358534.0,44.2
2024-07-18,548.0,556.85,534.05,547.6,12703877.0,36.95
2024-07-19,544.0,552.0,532.0,533.7,10053221.0,32.91
2024-07-22,528.0,547.7,526.2,544.6,8561902.0,43.02
2024-07-23,546.5,551.85,505.0,523.55,22524978.0,31.36
2024-07-24,523.55,537.25,520.05,525.1,9022966.0,36.27
2024-07-25,521.0,527.3,514.75,525.05,6448853.0,35.35
2024-07-26,529.95,541.35,521.1,538.95,9126406.0,42.37
2024-07-29,539.0,554.85,537.0,552.85,11024457.0,34.82
2024-07-30,553.8,562.5,547.25,554.7,10069484.0,33.24
2024-07-31,555.25,558.7,551.0,556.8,6337213.0,46.05
2024-08-01,552.05,559.5,541.5,542.85,10651189.0,58.99
2024-08-02,535.0,539.8,525.35,526.3,11584967.0,43.79
2024-08-05,505.1,524.15,490.7,498.05,23854293.0,41.09
2024-08-06,506.0,527.6,471.35,474.05,27196447.0,33.07
2024-08-07,494.5,501.7,478.0,492.45,24072515.0,33.05
2024-08-08,495.0,503.4,486.35,492.15,13999802.0,35.85
2024-08-09,499.6,508.85,495.05,500.65,10489233.0,34.31
2024-08-12,499.9,503.45,490.7,496.65,5783366.0,33.75
2024-08-13,491.0,497.9,481.0,482.65,10669859.0,40.97
2024-08-14,485.0,488.25,478.85,484.65,7413761.0,44.76
2024-08-15,485.0,488.25,478.85,484.65,7413761.0,44.76
2024-08-16,493.5,505.15,489.05,504.25,10378455.0,50.0
2024-08-19,507.0,512.95,503.15,504.95,5700618.0,42.25
2024-08-20,508.9,522.65,504.15,521.2,12169319.0,40.84
2024-08-21,521.2,524.3,511.6,515.65,7836483.0,46.93
2024-08-22,518.8,519.05,514.25,517.5,4109631.0,45.82
2024-08-23,520.5,523.0,513.5,514.8,5850297.0,41.37
2024-08-26,520.15,521.55,511.5,514.4,4077934.0,43.53
2024-08-27,515.0,538.0,512.25,536.45,19377943.0,33.91
2024-08-28,538.5,545.5,531.55,539.25,11607989.0,34.38
2024-08-29,546.0,556.5,540.45,554.45,19514561.0,31.28
2024-08-30,554.8,560.0,547.1,549.55,10222982.0,49.93
2024-09-02,552.6,554.05,540.1,547.15,5741792.0,37.77
2024-09-03,547.0,561.8,540.15,558.85,9786096.0,36.67
2024-09-04,548.5,556.4,546.0,555.3,6377748.0,33.74
2024-09-05,557.0,566.4,555.35,558.25,8554799.0,38.56
2024-09-06,555.0,558.85,541.55,545.3,9565966.0,44.79
2024-09-09,541.0,544.45,513.2,523.6,20183113.0,40.77
2024-09-10,528.5,528.5,508.55,510.75,14833993.0,45.39
2024-09-11,511.0,515.5,499.3,501.4,7623569.0,34.01
2024-09-12,505.45,509.45,494.0,506.3,12346929.0,44.31
2024-09-13,510.7,511.3,497.0,499.5,7734239.0,46.98
2024-09-16,503.0,503.2,488.3,491.05,7632924.0,40.36
2024-09-17,490.0,490.45,476.85,482.45,14392518.0,48.57
2024-09-18,489.0,500.5,486.35,492.05,15330542.0,28.48
2024-09-19,495.75,501.0,462.7,480.7,15783626.0,29.32
2024-09-20,483.7,488.3,476.75,481.9,13890094.0,47.52
2024-09-23,485.0,494.5,482.4,491.2,6327029.0,41.01
2024-09-24,490.0,493.55,486.05,489.95,8389458.0,47.83
2024-09-25,491.0,491.35,480.4,483.45,9526068.0,57.78
2024-09-26,485.0,485.0,475.15,480.45,8617212.0,50.73
2024-09-27,478.8,495.95,478.6,493.85,11361968.0,50.05
2024-09-30,492.0,498.85,486.1,488.05,8142211.0,42.68
2024-10-01,490.0,505.05,489.0,494.1,12786542.0,28.01
2024-10-02,490.0,505.05,489.0,494.1,12786542.0,28.01
2024-10-03,487.85,491.75,464.5,467.55,19202233.0,49.74
2024-10-04,467.55,469.65,457.65,463.35,11408576.0,31.74
2024-10-07,467.0,469.8,437.0,438.65,16775124.0,41.76
2024-10-08,436.5,469.0,432.4,465.85,18224193.0,33.18
2024-10-09,467.45,477.5,467.45,470.8,9023720.0,32.14
2024-10-10,474.95,481.35,471.0,471.95,7209670.0,43.57
2024-10-11,469.6,472.6,462.75,467.85,5568364.0,34.95
2024-10-14,469.95,478.95,466.8,473.6,5758201.0,42.65
2024-10-15,478.0,482.0,474.0,476.75,6280066.0,39.55
2024-10-16,476.9,483.2,476.35,479.2,5929705.0,44.41
2024-10-17,480.0,480.95,467.45,469.45,5208293.0,40.02
2024-10-18,468.8,473.75,457.3,472.7,7642993.0,43.33
2024-10-21,473.5,474.45,460.1,463.95,4850471.0,46.64
2024-10-22,462.0,465.2,441.05,442.4,10178704.0,35.41
2024-10-23,442.0,446.25,426.55,438.35,10169698.0,31.43
2024-10-24,437.0,455.7,436.05,453.1,9477665.0,48.09
2024-10-25,454.0,458.0,431.0,438.1,8904455.0,32.21
2024-10-28,441.0,458.0,440.5,450.65,11251735.0,39.59
2024-10-29,453.0,474.0,446.2,472.15,13329768.0,45.47
2024-10-30,472.15,474.25,462.75,463.65,9061400.0,46.01
2024-10-31,464.4,465.95,449.15,454.95,6917895.0,45.3
2024-11-01,460.0,460.75,456.1,459.1,901996.0,47.2
2024-11-04,463.0,463.0,442.9,451.05,9325508.0,46.36
2024-11-05,450.0,464.85,436.65,461.5,9875420.0,24.24
2024-11-06,464.0,469.4,459.35,467.55,7221536.0,39.43
2024-11-07,467.5,469.4,460.55,462.0,5072697.0,49.59
2024-11-08,461.9,462.1,447.6,449.4,5816760.0,36.19
2024-11-11,454.25,489.4,454.25,481.85,29014155.0,19.67
2024-11-12,485.0,486.65,465.5,467.15,12030749.0,36.9
2024-11-13,469.1,472.0,453.3,461.45,12532360.0,24.16
2024-11-14,463.15,467.65,451.8,454.7,8930823.0,29.51
2024-11-18,461.95,468.4,456.15,459.2,9440643.0,34.29
2024-11-19,470.0,479.5,467.05,471.4,16795032.0,31.48
2024-11-20,470.0,479.5,467.05,471.4,16795032.0,31.48
2024-11-21,470.95,470.95,432.8,453.35,29932392.0,35.84
2024-11-22,458.5,479.5,454.6,477.95,16196571.0,33.78
2024-11-25,490.0,505.35,480.0,481.5,22624407.0,49.11
2024-11-26,485.0,492.3,482.2,484.4,8322135.0,36.23
2024-11-27,487.55,494.85,481.8,491.1,6332307.0,36.37
2024-11-28,492.4,501.1,491.3,494.0,9185839.0,37.97
2024-11-29,495.7,499.4,490.5,495.3,7808841.0,50.03
2024-12-02,494.0,497.45,490.0,495.75,5868905.0,47.08
2024-12-03,496.8,504.25,494.15,501.15,6421930.0,45.29
2024-12-04,502.9,516.7,502.5,510.0,10064890.0,41.03
2024-12-05,511.95,514.15,501.4,512.2,6481631.0,40.71
2024-12-06,514.9,523.9,512.0,513.75,10442708.0,43.68
2024-12-09,515.0,521.95,514.0,515.35,8490785.0,45.03
2024-12-10,517.7,521.1,513.85,517.15,5999627.0,51.79
2024-12-11,517.0,520.0,511.25,513.0,5559349.0,56.39
2024-12-12,514.4,514.4,507.1,507.75,3709754.0,43.42
2024-12-13,507.0,507.35,490.5,504.25,4617836.0,27.13
2024-12-16,505.8,513.3,505.1,507.1,3621956.0,42.41
2024-12-17,506.5,513.25,496.55,498.4,7148005.0,43.76
2024-12-18,496.3,498.4,483.0,487.1,5353446.0,43.89
2024-12-19,479.9,483.75,469.75,480.45,6612923.0,36.91
2024-12-20,481.0,482.5,451.0,453.3,18725117.0,60.05
2024-12-23,459.95,460.5,449.2,456.5,5194191.0,35.63
2024-12-24,458.3,459.8,440.0,451.2,3378648.0,40.63
2024-12-25,458.3,459.8,440.0,451.2,3378648.0,40.63
2024-12-26,453.0,464.25,451.65,463.25,5751347.0,29.33
2024-12-27,465.0,466.75,450.8,452.05,3933285.0,46.12
2024-12-30,453.95,455.5,436.0,440.45,31939693.0,74.67
2024-12-31,441.8,449.9,441.2,448.5,6078911.0,48.2
2025-01-01,450.0,450.45,443.55,448.3,2624150.0,31.14
2025-01-02,448.5,460.6,447.0,459.35,7550076.0,52.17
2025-01-03,463.5,474.85,460.3,464.8,12857999.0,33.05
2025-01-06,468.3,468.3,443.55,446.5,6541592.0,41.89
2025-01-07,448.85,451.8,442.6,446.3,4817004.0,49.79
2025-01-08,446.3,447.9,430.2,434.9,7504204.0,45.34
2025-01-09,435.5,436.9,420.25,421.95,6771171.0,46.03
2025-01-10,421.0,422.4,401.4,404.2,9418630.0,39.52
2025-01-13,397.1,408.35,387.0,389.3,11102746.0,38.28
2025-01-14,395.45,419.4,393.6,417.4,16819358.0,42.45
2025-01-15,424.3,432.85,419.45,427.55,11942821.0,41.75
2025-01-16,434.5,440.75,432.7,435.4,11304640.0,52.09
2025-01-17,435.95,439.0,429.8,433.45,5109364.0,39.02
2025-01-20,436.9,442.0,431.2,436.9,4692710.0,40.59
2025-01-21,436.95,439.45,425.6,427.9,5673560.0,41.81
2025-01-22,427.0,428.0,412.35,420.6,7990557.0,42.95
2025-01-23,418.65,423.85,415.5,421.25,5201731.0,41.77
2025-01-24,421.3,423.7,407.1,408.4,5521223.0,46.15
2025-01-27,404.2,404.9,387.0,389.7,6919950.0,45.49
2025-01-28,400.0,400.75,379.65,386.35,12499818.0,43.87
2025-01-29,387.5,403.8,385.75,399.1,8257720.0,36.86
2025-01-30,403.0,416.95,401.6,413.7,12173193.0,45.63
2025-01-31,415.85,424.4,407.05,422.5,7617498.0,49.06
2025-02-03,400.0,400.0,378.2,385.2,12764889.0,42.5
2025-02-04,396.0,405.8,392.3,405.1,10384731.0,47.23
2025-02-05,406.95,414.9,406.35,412.6,7661250.0,53.92
2025-02-06,414.85,417.4,401.5,405.55,9100754.0,46.36
2025-02-07,404.0,419.8,398.0,409.65,16988216.0,39.19
2025-02-10,408.65,412.1,393.85,396.55,7130175.0,53.51
2025-02-11,398.05,399.85,374.0,375.5,13932310.0,56.9
2025-02-12,375.95,384.25,362.25,373.85,18493994.0,30.75
2025-02-13,377.0,390.3,376.1,384.5,15685551.0,44.34
2025-02-14,385.75,389.65,367.85,371.3,9111445.0,41.47
2025-02-17,370.9,378.8,357.25,372.35,9524354.0,37.43
2025-02-18,374.0,376.9,361.25,375.5,9358375.0,45.31
2025-02-19,373.85,385.55,369.5,384.45,10253709.0,41.03
2025-02-20,382.0,394.9,378.8,391.7,8995688.0,42.43
2025-02-21,391.7,396.95,385.05,389.7,6385575.0,31.15
2025-02-24,383.5,387.5,380.9,382.85,8201863.0,62.76
2025-02-25,385.25,387.45,381.05,381.95,6037957.0,56.75
2025-02-27,382.0,387.6,377.0,378.1,9653923.0,56.9
2025-02-28,373.5,375.1,360.65,364.3,23690515.0,63.81
2025-03-03,367.6,382.0,363.5,379.7,11923586.0,33.43
2025-03-04,374.8,386.9,371.5,383.3,9721898.0,42.04
2025-03-05,381.5,398.0,381.5,395.75,10048929.0,49.09
2025-03-06,405.0,408.8,400.1,405.75,7589546.0,48.23
2025-03-07,404.5,408.0,398.0,401.1,8363854.0,56.57
2025-03-10,400.5,407.0,393.0,394.25,7710492.0,53.9
2025-03-11,388.0,401.65,384.7,399.4,5838218.0,37.9
2025-03-12,402.0,403.85,388.9,396.1,6139396.0,31.99
2025-03-13,397.05,399.0,387.8,388.35,7418570.0,52.79
2025-03-17,388.35,396.35,386.35,389.7,6963936.0,56.3
2025-03-18,393.9,404.3,392.45,401.9,5852682.0,51.36
2025-03-19,400.95,405.8,398.7,403.9,6805771.0,46.64
2025-03-20,406.0,410.95,398.1,402.35,5519039.0,43.67
2025-03-21,401.0,410.95,400.0,407.8,7418546.0,54.71
2025-03-24,411.7,428.4,411.1,425.5,11643524.0,45.4
2025-03-25,430.0,432.85,417.0,419.25,7814328.0,37.59
2025-03-26,422.0,423.4,408.65,410.5,5336807.0,40.53
2025-03-27,410.0,423.25,409.1,421.0,7153843.0,38.3
2025-03-28,420.95,428.45,412.6,414.25,8470283.0,48.09
2025-04-01,410.0,417.7,401.7,404.7,6298784.0,44.27
2025-04-02,408.0,416.45,398.9,415.85,6384707.0,45.59
2025-04-03,410.0,424.35,410.0,421.35,5378877.0,40.29
2025-04-04,421.0,422.65,403.45,406.85,6089301.0,36.46
2025-04-07,374.0,396.7,371.9,395.05,11041175.0,34.97
2025-04-08,400.0,413.3,395.1,398.55,12900567.0,50.54
2025-04-09,399.9,399.9,389.0,393.85,6339983.0,37.57
2025-04-11,401.0,405.35,398.1,400.75,5867624.0,41.24
2025-04-15,411.2,427.0,407.7,425.55,9433755.0,41.52
2025-04-16,426.0,430.4,420.5,423.8,5962450.0,30.21
2025-04-17,423.0,426.5,417.0,423.7,6171410.0,44.44
2025-04-21,425.0,438.9,424.1,436.25,7625622.0,42.61
2025-04-22,436.25,444.1,430.55,438.15,8222555.0,41.64
2025-04-23,439.7,441.0,423.5,433.1,7558664.0,35.32
2025-04-24,432.55,436.45,428.45,434.2,6093751.0,55.85
2025-04-25,434.0,436.7,410.75,415.05,8782826.0,43.53
2025-04-28,415.05,425.6,412.3,419.55,6646961.0,56.49
2025-04-29,420.65,427.9,412.9,413.5,5520460.0,52.31
2025-04-30,413.5,415.15,405.0,407.4,5430500.0,45.83
2025-05-02,407.0,416.5,403.7,406.3,6633553.0,47.23
2025-05-05,410.2,413.75,407.0,410.4,3849153.0,41.23
2025-05-06,410.4,411.9,393.4,395.4,5473528.0,51.52
2025-05-07,393.4,405.7,392.2,404.3,5827411.0,35.19
2025-05-08,405.5,409.6,387.0,390.3,8406346.0,52.1
2025-05-09,387.4,391.65,381.1,385.9,8952332.0,50.89
2025-05-12,401.0,415.0,400.0,413.95,6534063.0,43.48
2025-05-13,412.0,416.3,409.05,412.35,5902455.0,50.59
2025-05-14,413.25,419.75,403.15,405.5,12063302.0,55.84
2025-05-15,405.3,408.95,401.55,407.1,9174908.0,65.37
2025-05-16,408.0,423.2,407.5,417.75,13040115.0,47.77
2025-05-19,419.0,424.5,418.0,419.2,6144525.0,48.79
2025-05-20,420.2,422.5,405.05,406.25,7787229.0,60.78
2025-05-21,407.0,420.95,401.75,412.7,16780984.0,29.26
2025-05-22,413.0,413.8,403.0,406.6,11486658.0,42.34
2025-05-23,407.1,409.7,402.5,405.8,6801449.0,46.58
2025-05-26,408.0,414.55,407.2,412.5,4774997.0,46.25
2025-05-27,412.35,414.6,408.3,413.1,5189625.0,47.17
2025-05-28,413.1,417.75,410.3,411.75,3574669.0,42.03
2025-05-29,414.0,415.05,408.5,413.5,3763771.0,40.6
2025-05-30,412.0,415.9,404.5,405.95,10039873.0,72.32
2025-06-02,406.0,411.7,404.1,409.35,4041431.0,51.32
2025-06-03,410.0,415.7,405.0,407.25,4671387.0,46.34
2025-06-04,408.0,409.9,402.25,404.8,4366667.0,53.1
2025-06-05,407.0,411.85,406.5,407.9,3695619.0,47.69
2025-06-06,407.9,421.5,404.2,418.4,11031104.0,47.61
2025-06-09,422.9,432.6,421.3,431.0,9586201.0,48.46
2025-06-10,434.55,434.55,427.7,431.45,4964863.0,43.33
2025-06-11,431.45,436.2,425.45,428.65,4662364.0,43.92
2025-06-12,427.0,429.2,413.75,415.75,7636464.0,60.27
2025-06-13,401.0,408.05,401.0,406.45,7340189.0,47.34
2025-06-16,406.65,408.25,397.2,406.55,4875821.0,34.88
2025-06-17,406.55,411.55,402.2,403.1,4437622.0,50.81
2025-06-18,403.0,406.0,394.2,397.05,4637176.0,43.68
2025-06-19,395.3,398.85,388.6,390.35,5562987.0,52.59
2025-06-20,398.5,415.0,397.35,409.05,40786410.0,26.31
2025-06-23,404.3,414.2,403.5,410.9,5128511.0,29.4
2025-06-24,417.0,420.8,412.9,413.7,5682297.0,42.22
2025-06-25,417.95,417.95,410.55,412.9,5208380.0,55.44
2025-06-26,415.0,421.0,413.6,420.25,4936949.0,44.57
2025-06-27,424.0,427.8,419.35,421.55,5893639.0,41.26
2025-06-30,424.4,429.9,422.3,427.4,8309295.0,58.62
2025-07-01,429.65,429.65,418.15,423.65,5986456.0,42.72
2025-07-02,423.0,425.15,416.5,418.4,5958682.0,57.78
2025-07-03,419.5,422.45,414.85,415.45,4471741.0,48.82
2025-07-04,415.7,419.65,412.2,413.25,4544818.0,58.56
2025-07-07,413.65,414.7,409.75,411.5,3269596.0,48.44
2025-07-08,411.5,420.95,411.05,419.8,4918959.0,49.95
2025-07-09,420.0,421.8,415.3,417.75,3945567.0,50.13
2025-07-10,425.75,432.45,422.3,429.45,26178377.0,48.22
2025-07-11,431.8,438.35,427.7,430.95,14700458.0,40.73
2025-07-14,429.85,432.0,421.1,425.2,4986863.0,43.65
2025-07-15,425.2,430.45,423.7,425.1,3974226.0,51.28
2025-07-16,425.0,426.9,421.65,423.75,3701435.0,50.43
2025-07-17,423.75,424.85,420.25,424.1,4052726.0,57.81
2025-07-18,424.1,426.85,418.1,420.45,5218834.0,57.56
2025-07-21,419.05,420.6,414.25,419.8,4051980.0,57.94
2025-07-22,420.2,423.7,414.15,414.7,3407343.0,58.14
2025-07-23,416.75,420.0,411.3,419.15,3652329.0,47.83
2025-07-24,419.15,423.35,416.25,422.15,2781973.0,38.76
2025-07-25,422.15,423.4,413.7,415.1,4213376.0,47.17
2025-07-28,414.85,417.0,404.4,405.15,3493261.0,50.85
2025-07-29,403.0,411.5,401.35,410.6,4343591.0,57.49
2025-07-30,410.7,414.2,408.6,411.9,2147122.0,43.9
2025-07-31,406.6,412.6,403.35,409.95,3924392.0,46.03
2025-08-01,408.1,409.2,403.0,403.85,2424645.0,54.83
2025-08-04,404.0,414.4,403.1,413.75,3031304.0,43.28
2025-08-05,415.0,416.5,410.7,413.5,3014252.0,51.15
2025-08-06,413.55,419.8,405.5,415.75,10816716.0,40.04
2025-08-07,416.8,416.8,403.6,408.95,8387797.0,52.02
2025-08-08,409.0,409.65,403.45,404.65,6103086.0,54.23
2025-08-11,405.9,419.9,405.45,418.8,9713008.0,54.23
2025-08-12,419.0,424.9,414.55,415.7,6429327.0,57.77
2025-08-13,417.0,419.65,415.25,417.75,3883695.0,63.28
2025-08-14,419.0,419.8,413.9,416.5,3680607.0,60.05
2025-08-18,419.8,419.8,407.5,408.7,6119780.0,47.19
2025-08-19,409.55,413.15,406.5,410.0,5315976.0,52.86
2025-08-20,409.95,411.3,403.0,403.4,7517853.0,57.83
2025-08-21,404.75,408.15,399.3,400.25,6814781.0,53.79
2025-08-22,400.25,402.7,394.4,399.85,6199157.0,49.77
2025-08-25,399.85,401.25,398.4,399.3,3576487.0,55.28
2025-08-26,398.4,399.5,387.65,388.55,8672494.0,69.86
2025-08-28,388.85,389.7,381.0,381.75,6429323.0,57.94
2025-08-29,381.75,383.6,376.0,379.7,7398515.0,54.99
2025-09-01,380.0,391.0,379.75,389.55,3520775.0,47.84
2025-09-02,391.9,395.75,388.2,392.65,4362539.0,42.97
2025-09-03,392.65,395.85,391.7,394.3,3271472.0,52.55
2025-09-04,397.0,397.95,389.25,390.05,2108026.0,46.09
2025-09-05,390.5,396.3,390.5,394.4,2886182.0,38.54
2025-09-08,395.3,398.85,393.5,395.15,2699778.0,45.63
2025-09-09,394.65,397.65,392.5,392.9,2829816.0,63.72
2025-09-10,394.05,400.95,394.0,398.0,4562765.0,55.69
2025-09-11,398.0,402.75,397.5,399.55,2141209.0,41.28
2025-09-12,400.0,401.0,394.8,395.7,2713735.0,51.46
2025-09-15,395.75,404.75,395.75,401.85,4377204.0,48.89
2025-09-16,402.5,404.25,400.65,403.05,3484057.0,62.94
2025-09-17,404.25,406.6,402.75,404.8,5034405.0,48.0
2025-09-18,406.0,411.65,405.75,408.0,4572862.0,38.15
2025-09-19,407.0,410.45,407.0,409.1,4772377.0,66.15
2025-09-22,408.0,411.7,407.1,408.85,3096650.0,56.88
2025-09-23,409.1,415.0,409.1,412.9,4410834.0,52.98
2025-09-24,412.0,414.75,409.6,410.7,2610791.0,54.18
2025-09-25,411.0,412.9,404.0,405.4,2866572.0,66.1
2025-09-26,405.0,406.55,395.0,397.3,4214115.0,61.96
2025-09-29,399.0,407.65,398.5,406.45,3646754.0,65.02
2025-09-30,406.15,411.1,404.5,410.25,4126060.0,61.56
2025-10-01,410.0,426.4,408.35,411.15,13392846.0,51.84
2025-10-03,411.0,414.45,406.4,412.2,6422810.0,59.41
2025-10-06,410.35,413.9,403.7,405.9,3131710.0,48.31
2025-10-07,406.45,409.5,405.9,408.8,1919745.0,54.93
2025-10-08,409.5,409.5,398.35,400.0,4838089.0,53.84
2025-10-09,400.4,403.6,398.1,402.35,2638307.0,53.23
2025-10-10,404.8,408.9,403.0,403.85,2216904.0,49.41
2025-10-13,402.0,404.3,400.5,403.1,2604983.0,64.82
2025-10-14,403.0,404.4,395.55,398.0,6584385.0,64.39
2025-10-15,399.5,407.2,398.5,405.0,5923684.0,67.88
2025-10-16,406.0,408.45,400.8,401.55,4441896.0,64.79
2025-10-17,401.5,401.5,393.5,396.45,7566342.0,59.72
2025-10-20,398.9,401.0,396.5,397.95,4927347.0,57.07
2025-10-21,401.0,401.5,396.95,398.45,661678.0,54.84
2025-10-22,401.0,401.5,396.95,398.45,661678.0,54.84
2025-10-23,403.0,403.8,395.6,396.6,7783176.0,67.29
2025-10-24,396.4,397.45,392.2,393.6,3294561.0,64.03
2025-10-27,396.0,399.5,394.1,396.9,3263341.0,61.05
2025-10-28,397.0,401.9,393.25,394.6,5914973.0,55.74
2025-10-29,396.2,411.0,393.25,408.8,10111788.0,61.22
2025-10-30,410.65,411.1,402.8,405.05,5311440.0,47.23
2025-10-31,405.05,408.75,402.5,403.25,4200882.0,59.38
2025-11-03,403.25,407.0,401.6,403.4,3659563.0,55.78
2025-11-04,402.5,406.1,395.6,396.2,5105933.0,59.23
2025-11-05,402.5,406.1,395.6,396.2,5105933.0,59.23
2025-11-06,396.2,397.95,385.45,386.1,6401150.0,59.98
2025-11-07,386.1,394.7,374.2,380.25,16021457.0,47.11
2025-11-10,378.0,381.65,374.3,377.3,7558172.0,45.64
2025-11-11,378.05,378.4,369.5,375.0,8888268.0,56.42
2025-11-12,376.0,380.45,373.65,375.3,5333409.0,63.3
2025-11-13,375.0,377.45,372.2,372.9,5884580.0,62.26
2025-11-14,373.25,375.45,371.15,374.6,4954031.0,59.5
2025-11-17,375.6,380.2,375.5,376.4,5325450.0,63.47
2025-11-18,379.35,379.35,373.15,374.6,5223085.0,59.15
2025-11-19,374.6,377.0,372.0,373.65,5830083.0,67.43
2025-11-20,374.2,376.4,372.25,372.75,4429516.0,71.88
2025-11-21,372.75,373.45,369.0,369.7,3904024.0,61.02
2025-11-24,370.0,370.9,362.0,362.65,11744103.0,70.74
2025-11-25,363.8,367.0,361.0,361.4,6113266.0,59.55
2025-11-26,359.0,364.7,357.55,362.4,5145168.0,58.23
2025-11-27,362.4,367.65,361.75,365.15,5016640.0,46.12
2025-11-28,364.0,365.15,361.05,362.7,3452880.0,66.95
2025-12-01,364.2,365.85,360.0,360.95,3010315.0,60.1
2025-12-02,356.4,363.3,356.4,360.3,4957405.0,60.8
2025-12-03,361.0,361.8,350.65,351.95,7313684.0,63.51
2025-12-04,352.15,354.65,350.6,352.05,3426935.0,61.74
2025-12-05,351.95,353.95,348.8,352.65,5225025.0,52.94
2025-12-08,353.1,353.45,340.1,342.45,7187288.0,65.64
2025-12-09,341.8,344.0,334.85,342.5,8160700.0,59.41
2025-12-10,344.65,348.95,342.6,343.85,7421279.0,58.79
2025-12-11,344.1,344.5,340.45,342.55,4526067.0,58.3
2025-12-12,344.0,345.0,339.8,344.2,3751220.0,58.22
2025-12-15,344.0,344.0,337.7,341.2,4861434.0,54.5
2025-12-16,340.9,341.65,335.0,336.15,8021854.0,72.54
2025-12-17,336.9,338.75,334.25,335.65,4746519.0,55.44
2025-12-18,334.5,337.3,329.9,335.05,5409972.0,49.76
2025-12-19,335.95,339.25,335.05,338.7,8110376.0,69.12
2025-12-22,340.35,344.6,339.3,343.4,5485124.0,55.13
2025-12-23,344.5,357.0,342.45,354.9,9432271.0,55.37
2025-12-24,356.0,357.0,351.05,352.3,4097578.0,47.84
2025-12-25,356.0,357.0,351.05,352.3,4097578.0,47.84
2025-12-26,352.3,357.9,350.45,354.6,4086038.0,44.63
2025-12-29,354.6,356.1,350.2,351.55,3835579.0,54.7
2025-12-30,351.55,352.0,348.75,349.35,3196377.0,59.37
2025-12-31,349.55,358.55,349.55,355.4,4910584.0,48.16
2026-01-01,358.9,363.95,356.25,363.15,7388994.0,37.27
2026-01-02,365.2,378.8,363.55,375.95,19990998.0,43.01
2026-01-05,378.2,378.9,371.7,375.05,6164496.0,43.39
2026-01-06,376.0,381.5,373.0,376.25,6800656.0,39.03
2026-01-07,376.1,377.65,372.65,376.95,5966190.0,57.49
2026-01-08,376.95,379.5,363.1,365.45,7774241.0,53.82
2026-01-09,363.65,367.1,357.6,358.9,5369561.0,42.72
2026-01-12,357.15,372.85,355.0,371.8,8700735.0,40.91
2026-01-13,373.8,374.9,366.0,369.55,5638105.0,52.53
2026-01-14,369.5,373.3,367.5,371.85,4944952.0,53.58
2026-01-15,369.5,373.3,367.5,371.85,4944952.0,53.58
2026-01-16,373.9,379.15,370.3,375.35,6139589.0,57.09
2026-01-19,374.0,375.8,370.65,372.15,4895367.0,59.34
2026-01-20,370.75,371.3,358.0,360.5,4993397.0,42.75
2026-01-21,359.1,362.2,351.4,357.65,6225235.0,35.33
2026-01-22,360.2,366.35,360.2,364.7,3365970.0,49.31
2026-01-23,365.0,371.1,357.65,358.65,6728741.0,51.48
2026-01-26,365.0,371.1,357.65,358.65,6728741.0,51.48
2026-01-27,358.2,364.2,356.55,361.65,5750519.0,54.37
2026-01-28,362.45,384.15,362.15,383.05,12905737.0,61.38
2026-01-29,385.0,390.75,383.0,386.8,11535966.0,60.58
2026-01-30,384.0,384.45,376.0,379.35,17579735.0,70.46
2026-02-02,383.0,391.0,373.4,385.65,14731376.0,46.46
2026-02-03,404.0,404.0,386.85,392.6,10172106.0,54.72
2026-02-04,392.7,415.9,390.0,414.6,22538378.0,49.22
2026-02-05,415.7,420.4,405.6,415.0,21560718.0,45.54
2026-02-06,412.9,420.4,405.9,419.2,10129279.0,49.62
2026-02-09,425.0,430.4,405.5,415.2,19537837.0,43.74
2026-02-10,416.0,418.55,408.1,413.25,8675871.0,48.65
2026-02-11,413.25,417.0,412.3,415.85,3387714.0,41.91
2026-02-12,418.0,421.0,408.1,410.55,6977349.0,47.3
2026-02-13,407.45,408.0,399.4,400.55,7060981.0,51.08
2026-02-16,400.1,413.25,397.25,411.8,4725398.0,41.16
2026-02-17,411.0,418.0,409.3,416.95,5584350.0,50.01
2026-02-18,419.0,424.0,417.65,420.45,5455712.0,54.89
2026-02-19,420.75,421.25,407.0,409.55,4478620.0,53.81
2026-02-20,405.0,411.0,404.75,410.1,7321729.0,65.42
2026-02-23,412.5,417.5,407.6,411.8,9008749.0,55.62
2026-02-24,410.95,420.25,407.25,419.4,8723019.0,51.2
2026-02-25,421.0,425.25,417.0,423.6,7232299.0,43.47
2026-02-26,423.9,426.9,416.85,420.6,5228533.0,53.87
2026-02-27,420.0,422.05,410.6,413.8,6922370.0,55.16
2026-03-02,400.0,409.9,398.7,406.2,6388337.0,42.92
2026-03-03,400.0,409.9,398.7,406.2,6388337.0,42.92
2026-03-04,400.0,404.0,391.0,396.55,10651800.0,61.36
2026-03-05,398.0,415.85,397.1,413.65,9973521.0,44.26
2026-03-06,414.0,425.15,405.75,407.85,8236742.0,37.39
2026-03-09,395.0,399.6,384.25,392.8,9226515.0,41.58
2026-03-10,398.0,414.9,396.45,412.15,10244278.0,36.15
2026-03-11,410.1,416.95,405.45,406.9,5629884.0,43.72
2026-03-12,403.9,421.35,398.0,415.9,8640995.0,42.43
2026-03-13,414.3,418.25,402.05,405.6,11202358.0,54.28
2026-03-16,404.2,410.0,396.55,406.25,6317752.0,36.69
2026-03-17,406.9,419.35,404.3,418.05,8563553.0,47.64
2026-03-18,420.95,434.95,418.5,432.25,15012423.0,38.84
2026-03-19,423.0,426.65,409.1,411.85,6730692.0,37.65
2026-03-20,415.0,428.5,411.05,412.85,12199222.0,47.0
2026-03-23,402.95,402.95,386.4,398.0,10830695.0,41.0
2026-03-24,408.45,409.65,395.55,398.75,12403753.0,49.35
2026-03-25,402.15,409.2,400.85,403.45,9329612.0,53.32
2026-03-26,402.15,409.2,400.85,403.45,9329612.0,53.32
2026-03-27,402.0,403.95,394.75,396.0,9033117.0,49.15
2026-03-30,391.8,394.95,363.15,379.5,9142669.0,51.97
2026-03-31,391.8,394.95,363.15,379.5,9142669.0,51.97
2026-04-01,393.0,400.1,387.1,397.7,10351420.0,54.96
2026-04-02,391.05,403.95,382.25,402.25,9147188.0,48.62
2026-04-03,391.05,403.95,382.25,402.25,9147188.0,48.62
2026-04-06,402.6,407.55,398.85,405.9,7162794.0,50.83
2026-04-07,405.0,409.15,402.35,407.4,5054496.0,49.67
2026-04-08,423.0,425.8,413.75,417.65,14645774.0,61.18
2026-04-09,418.55,432.8,413.45,428.05,11760659.0,38.64
2026-04-10,431.0,438.8,426.4,434.9,10459717.0,46.1
2026-04-13,422.05,434.2,420.05,433.55,8965276.0,51.4
2026-04-14,422.05,434.2,420.05,433.55,8965276.0,51.4
2026-04-15,438.8,446.5,438.0,444.75,13577979.0,52.71
2026-04-16,447.8,467.0,446.5,458.9,23065922.0,45.93
2026-04-17,460.0,467.2,455.45,464.85,10255394.0,45.57
2026-04-20,464.85,475.2,456.6,472.85,10992233.0,44.25
2026-04-21,474.0,479.0,469.35,471.1,5478143.0,54.3
2026-04-22,469.0,475.75,468.9,470.3,5219754.0,50.28
2026-04-23,467.5,472.3,466.1,469.8,6711033.0,60.15
2026-04-24,469.55,471.15,462.3,469.35,8149142.0,60.24
2026-04-27,471.0,478.35,470.95,474.9,6021520.0,49.61
2026-04-28,471.65,486.5,470.2,481.4,10746434.0,53.72
2026-04-29,477.0,477.9,461.9,464.75,10926068.0,43.98
2026-04-30,464.0,464.7,447.0,448.4,9436314.0,51.12
2026-05-01,464.0,464.7,447.0,448.4,9436314.0,51.12
2026-05-04,452.35,456.15,446.05,448.25,8092056.0,56.98
2026-05-05,448.25,460.25,444.0,456.9,7671690.0,47.69
2026-05-06,459.3,464.85,454.6,463.9,5229630.0,53.78
2026-05-07,464.45,467.4,456.0,457.55,3830694.0,58.44
2026-05-08,458.0,467.25,455.55,461.35,8789899.0,63.92
2026-05-11,457.0,459.45,447.4,448.5,5034155.0,53.21
2026-05-12,448.0,456.8,439.45,440.7,4928790.0,48.9
2026-05-13,440.05,453.9,437.1,446.0,12771382.0,38.15
2026-05-14,449.75,452.95,439.1,451.45,6275043.0,46.6
2026-05-15,451.45,452.35,443.0,445.75,3410695.0,44.09
2026-05-18,443.8,443.8,427.4,429.8,4593536.0,44.03
2026-05-19,429.7,434.45,426.1,431.6,3990614.0,50.53
2026-05-20,430.0,432.45,422.35,429.35,4861888.0,55.37
2026-05-21,435.4,441.65,430.0,431.0,6959709.0,56.55
2026-05-22,432.0,434.2,428.7,430.55,3609645.0,54.7
2026-05-25,438.0,443.65,435.2,438.9,4616153.0,52.25
2026-05-26,440.3,440.9,430.55,433.7,4643484.0,59.54
2026-05-27,432.0,435.65,429.25,433.5,3288554.0,54.57
2026-05-28,432.0,435.65,429.25,433.5,3288554.0,54.57
2026-05-29,435.95,439.25,425.15,428.6,16317068.0,72.07
2026-06-01,431.0,431.9,420.05,421.1,2620603.0,49.74
2026-06-02,416.1,418.0,409.75,413.05,6066023.0,63.08
2026-06-03,413.0,418.55,408.45,416.6,5373519.0,55.13
2026-06-04,416.0,428.9,416.0,424.45,6886255.0,51.1
2026-06-05,425.15,438.5,425.15,431.75,10804549.0,45.14
2026-06-08,426.2,435.4,425.2,428.4,6618546.0,54.91
2026-06-09,430.3,438.0,429.7,435.6,5861502.0,43.1
2026-06-10,435.6,440.65,429.9,431.3,4359935.0,41.7
2026-06-11,429.9,429.9,412.5,413.55,9264298.0,38.2
2026-06-12,418.1,421.6,414.2,421.05,5544060.0,51.9
2026-06-15,426.5,433.7,423.2,424.5,5820085.0,52.99
2026-06-16,426.5,433.95,424.85,427.5,5312213.0,52.98
2026-06-17,429.0,433.5,425.1,431.75,6800575.0,59.39
2026-06-18,432.1,436.65,422.65,429.3,4496589.0,51.37
2026-06-19,429.3,432.0,425.65,431.0,3496218.0,56.03
2026-06-22,433.0,444.8,430.55,440.95,10050117.0,59.43
2026-06-23,443.0,443.0,429.65,430.9,6123525.0,49.42
2026-06-24,431.0,439.0,430.15,437.1,5505436.0,52.16
2026-06-25,440.0,442.75,431.7,432.65,8674187.0,61.44
2026-06-26,440.0,442.75,431.7,432.65,8674187.0,61.44
2026-06-29,430.1,432.45,422.2,424.45,8257412.0,56.76
2026-06-30,425.45,428.55,422.8,424.3,7095981.0,63.33
2026-07-01,426.4,433.8,423.3,430.75,4626021.0,54.56
2026-07-02,432.35,432.35,427.5,430.05,3255339.0,54.61
2026-07-03,433.0,433.0,423.8,425.8,3916062.0,49.6
2026-07-06,422.5,427.8,420.0,421.1,6277060.0,55.62
2026-07-07,421.1,422.45,411.3,413.15,5865910.0,60.78
2026-07-08,408.9,415.9,402.0,403.6,6394399.0,51.21
2026-07-09,403.55,406.25,399.0,404.1,6397782.0,49.39
2026-07-10,406.3,409.8,404.2,406.5,3420598.0,55.15
2026-07-13,403.0,406.0,399.95,405.1,4979432.0,54.93
2026-07-14,405.0,409.95,400.15,409.15,4321273.0,52.62
2026-07-15,412.75,412.85,404.65,405.65,6011087.0,63.17
2026-07-16,407.45,408.6,400.8,401.35,3414601.0,63.56
2026-07-17,402.0,407.55,399.75,404.85,12783074.0,53.26
2026-07-20,403.25,415.0,401.45,413.85,4574238.0,57.18
2026-07-21,414.9,418.35,410.05,414.85,5594822.0,61.31
2026-07-22,414.0,414.3,409.1,412.3,2654166.0,57.54
2026-07-23,410.0,413.65,407.0,410.05,4168118.0,55.33
2026-07-24,406.0,414.15,405.3,411.9,4851080.0,54.69
2026-07-27,412.2,420.7,411.0,420.1,4447916.0,56.9
2026-07-28,420.0,423.5,417.3,419.9,4699114.0,59.91
2026-07-29,419.9,431.4,419.1,427.1,6586258.0,62.66
2026-07-30,427.1,429.1,423.4,426.25,7767894.0,64.02
2026-07-31,423.7,427.1,420.35,424.35,10382221.0,64.92
2026-08-03,425.5,429.25,417.3,421.5,5985708.0,62.67
2026-08-04,420.0,421.8,416.25,420.0,8639728.0,63.51
2026-08-05,422.1,424.0,414.4,418.0,5129023.0,58.3
2026-08-06,416.0,418.0,412.95,418.0,3704243.0,55.97
2026-08-07,417.0,421.15,414.5,420.0,4422078.0,55.98
2026-08-10,412.1,414.65,383.2,385.15,27986683.0,51.83
2026-08-11,386.0,387.0,380.15,381.0,10884187.0,56.11
2026-08-12,381.0,381.65,375.3,376.5,12028949.0,69.15
2026-08-13,377.9,378.95,374.0,378.95,8785489.0,68.47
2026-08-14,376.95,379.8,374.95,376.0,5851335.0,62.96
2026-08-19,374.95,376.4,371.15,374.45,7426828.0,61.58
2026-08-20,374.45,375.1,363.2,363.8,13375984.0,57.32
2026-08-21,363.8,364.95,361.6,363.0,9594279.0,68.54
