,Open,High,Low,Close,Volume,DeliveryPct
2016-08-22,190.5,191.65,186.65,188.0,94274.0,
2016-08-23,188.0,188.45,183.25,185.4,66177.0,
2016-08-24,186.35,186.35,182.25,184.85,134124.0,
2016-08-25,185.1,186.4,183.0,184.15,63618.0,
2016-08-26,184.9,186.3,182.0,182.2,38612.0,
2016-08-29,180.6,183.95,179.05,179.9,82093.0,
2016-08-30,180.3,182.9,175.0,176.35,155977.0,
2016-08-31,176.5,189.5,173.05,186.05,477504.0,
2016-09-01,184.0,190.0,180.25,187.7,199472.0,
2016-09-02,187.0,189.6,184.0,185.65,29054.0,
2016-09-06,189.9,204.5,189.0,202.45,386653.0,
2016-09-07,202.0,204.5,195.5,198.2,104429.0,
2016-09-08,197.95,209.9,197.95,208.7,404546.0,
2016-09-09,208.0,209.75,203.15,207.5,219170.0,
2016-09-12,203.15,207.0,196.65,203.45,117814.0,
2016-09-14,204.8,206.95,190.6,191.9,312055.0,
2016-09-15,191.0,191.25,180.2,181.1,323818.0,
2016-09-16,183.0,203.25,183.0,199.6,743790.0,
2016-09-19,199.8,202.85,195.5,196.85,266310.0,
2016-09-20,196.85,205.05,196.05,202.3,288723.0,
2016-09-21,205.0,208.75,201.0,203.8,491876.0,
2016-09-22,205.9,206.5,204.0,205.2,59825.0,
2016-09-23,205.2,223.8,203.6,217.2,1243060.0,
2016-09-26,215.7,215.8,199.2,200.1,396674.0,
2016-09-27,201.5,208.0,200.9,201.85,413296.0,
2016-09-28,203.0,205.5,198.15,200.0,131577.0,
2016-09-29,201.95,205.0,183.1,189.65,125224.0,
2016-09-30,189.65,197.0,189.65,192.2,86413.0,
2016-10-03,195.95,204.85,192.25,204.0,191420.0,
2016-10-04,204.0,205.8,200.0,201.3,72382.0,
2016-10-05,202.8,208.45,200.05,206.4,162193.0,
2016-10-06,208.4,213.35,205.0,207.2,231228.0,
2016-10-07,208.0,211.3,204.25,210.5,163736.0,
2016-10-10,210.55,210.8,202.1,203.65,59044.0,
2016-10-13,204.9,204.9,195.0,199.05,119309.0,
2016-10-14,199.05,206.8,197.9,203.65,280560.0,
2016-10-17,203.0,203.9,198.8,199.35,38288.0,
2016-10-18,202.0,210.4,185.0,193.5,8605119.0,
2016-10-19,195.4,196.95,186.8,188.9,490912.0,
2016-10-20,190.5,191.9,188.9,189.45,78696.0,
2016-10-21,190.0,190.95,187.7,190.3,49728.0,
2016-10-24,190.0,191.35,188.05,188.95,40958.0,
2016-10-25,188.95,193.75,185.0,192.4,161861.0,
2016-10-26,193.2,194.8,188.15,189.55,1154795.0,
2016-10-27,189.55,192.5,187.8,190.65,83685.0,
2016-10-28,190.0,194.8,189.25,193.9,161950.0,
2016-11-01,192.15,194.9,190.35,192.0,55895.0,
2016-11-02,191.85,191.85,186.0,186.55,45644.0,
2016-11-03,186.6,191.0,185.7,186.75,123082.0,
2016-11-04,189.5,189.5,180.6,181.3,47197.0,
2016-11-07,184.0,187.0,181.3,182.1,33899.0,
2016-11-08,184.85,184.9,180.65,183.3,42020.0,
2016-11-09,163.0,185.8,146.65,177.95,427258.0,
2016-11-10,177.95,182.85,170.1,171.45,185383.0,
2016-11-11,171.0,171.0,158.7,165.95,633236.0,
2016-11-15,166.8,166.8,154.95,156.95,1060773.0,
2016-11-16,160.6,162.45,156.35,158.7,126048.0,
2016-11-17,161.0,163.3,151.15,159.95,197812.0,
2016-11-18,158.0,160.0,153.0,154.45,397205.0,
2016-11-21,153.0,154.2,146.1,147.25,509755.0,
2016-11-22,150.0,160.4,147.55,157.45,227498.0,
2016-11-23,157.0,161.95,155.15,160.75,96999.0,
2016-11-24,160.3,160.85,155.6,157.5,770874.0,
2016-11-25,158.0,159.55,155.1,156.15,54800.0,
2016-11-28,156.95,158.55,154.65,156.1,124663.0,
2016-11-29,157.45,161.45,150.2,157.2,1462910.0,
2016-11-30,157.5,159.75,151.05,152.75,414583.0,
2016-12-01,153.2,154.95,150.35,151.15,69009.0,
2016-12-02,150.8,150.8,146.15,147.7,75092.0,
2016-12-05,147.1,149.9,144.0,145.25,832821.0,
2016-12-06,145.15,146.1,144.0,144.5,252436.0,
2016-12-07,146.4,151.9,146.0,149.2,210192.0,
2016-12-08,145.0,155.0,144.15,151.2,473532.0,
2016-12-09,152.95,154.9,151.75,152.85,297441.0,
2016-12-12,152.85,156.35,150.45,153.05,262618.0,
2016-12-13,154.5,159.4,152.85,158.45,134603.0,
2016-12-14,158.75,169.45,158.0,163.75,503141.0,
2016-12-15,162.95,170.4,160.0,167.95,346752.0,
2016-12-16,168.0,169.0,163.75,167.7,110293.0,
2016-12-19,166.05,169.65,164.15,165.15,56800.0,
2016-12-20,165.95,176.0,165.95,174.15,664196.0,
2016-12-21,174.15,177.6,169.05,173.05,236749.0,
2016-12-22,173.1,174.0,169.5,172.55,139079.0,
2016-12-23,169.0,175.25,169.0,171.95,313968.0,
2016-12-26,171.2,174.0,167.0,168.7,60848.0,
2016-12-27,168.5,169.95,163.15,165.45,26288.0,
2016-12-28,166.35,170.0,165.95,167.9,57746.0,
2016-12-29,167.05,172.75,166.1,169.0,318221.0,
2016-12-30,171.95,172.5,167.0,170.0,117009.0,
2017-01-02,173.9,176.0,167.2,169.0,148754.0,
2017-01-03,169.0,172.85,168.0,169.65,59930.0,
2017-01-04,169.65,172.5,169.65,171.2,103222.0,
2017-01-05,171.2,173.9,171.2,173.2,133863.0,
2017-01-06,173.0,175.5,170.75,172.3,34930.0,
2017-01-09,172.0,183.85,172.0,181.0,247595.0,
2017-01-10,182.0,184.3,174.0,178.05,174004.0,
2017-01-11,178.0,180.85,175.0,175.7,53401.0,
2017-01-12,178.55,178.55,173.75,174.45,25249.0,
2017-01-13,174.1,174.9,172.0,172.55,66946.0,
2017-01-16,172.9,175.0,170.55,171.25,60051.0,
2017-01-17,171.35,174.0,168.5,169.45,61562.0,
2017-01-18,170.35,170.35,164.0,165.55,117253.0,
2017-01-19,165.85,167.35,165.1,165.8,51673.0,
2017-01-20,164.3,170.0,162.0,163.0,206141.0,
2017-01-23,166.8,169.0,161.15,162.8,208532.0,
2017-01-24,165.95,168.1,164.05,166.1,170725.0,
2017-01-25,167.45,167.75,162.55,164.85,423852.0,
2017-01-27,166.3,166.3,156.6,160.05,565409.0,
2017-01-30,160.0,161.9,159.0,159.9,133604.0,
2017-01-31,160.3,167.9,155.95,165.55,304178.0,
2017-02-01,167.0,174.7,163.85,174.25,283689.0,
2017-02-02,174.3,175.55,170.55,171.45,169953.0,
2017-02-03,171.1,171.15,167.1,167.5,119875.0,
2017-02-06,168.05,174.9,168.05,172.9,123520.0,
2017-02-07,171.7,174.1,170.4,171.35,38322.0,
2017-02-08,173.95,177.95,171.2,176.45,473210.0,
2017-02-09,177.2,186.45,176.1,184.4,1116950.0,
2017-02-10,183.6,185.55,181.0,181.9,118334.0,
2017-02-13,182.55,182.9,173.6,176.05,210998.0,
2017-02-14,172.5,172.55,166.7,170.3,549462.0,
2017-02-15,170.0,172.5,166.65,168.85,60312.0,
2017-02-16,169.85,177.5,169.0,176.0,280161.0,
2017-02-17,174.5,175.55,172.0,172.2,158162.0,
2017-02-20,174.7,174.9,170.65,172.7,46323.0,
2017-02-21,173.35,179.5,171.3,176.2,318773.0,
2017-02-22,176.2,176.45,170.1,170.65,179908.0,
2017-02-23,171.1,172.9,170.8,171.85,69630.0,
2017-02-27,172.0,172.35,169.5,169.8,37783.0,
2017-02-28,170.0,172.9,169.35,170.3,65869.0,
2017-03-01,170.55,182.55,168.55,171.9,1159127.0,
2017-03-02,174.9,177.4,172.1,173.9,576596.0,
2017-03-03,171.05,176.5,170.2,171.65,416317.0,
2017-03-06,172.3,173.65,172.0,172.9,79992.0,
2017-03-07,172.05,174.9,170.9,172.85,106398.0,
2017-03-08,172.9,173.75,167.4,167.8,102601.0,
2017-03-09,168.0,169.7,165.15,167.0,35737.0,
2017-03-10,167.95,170.7,164.0,165.4,169286.0,
2017-03-14,168.9,170.2,166.55,168.4,69191.0,
2017-03-15,169.0,180.5,168.25,174.45,1757055.0,
2017-03-16,175.9,182.8,174.0,179.9,496805.0,
2017-03-17,180.45,186.25,177.55,183.7,394629.0,
2017-03-20,186.0,186.0,182.45,185.1,126366.0,
2017-03-21,182.55,202.0,182.55,198.15,903563.0,
2017-03-22,195.5,211.2,192.5,203.9,1092082.0,
2017-03-23,201.5,204.75,196.4,199.4,226186.0,
2017-03-24,201.4,207.55,199.0,201.2,788741.0,
2017-03-27,199.1,205.55,198.3,204.2,216738.0,
2017-03-28,205.0,209.0,202.6,205.3,353148.0,
2017-03-29,207.0,207.45,200.2,203.25,180070.0,
2017-03-30,204.1,221.7,204.0,213.75,1224622.0,
2017-03-31,212.25,222.2,211.2,217.45,610968.0,
2017-04-03,217.0,218.9,212.0,217.0,227661.0,
2017-04-05,216.0,233.6,215.25,224.45,945138.0,
2017-04-06,226.0,231.5,217.15,229.3,885514.0,
2017-04-07,229.0,234.9,215.35,219.4,1360383.0,
2017-04-10,221.0,224.0,205.3,207.95,284711.0,
2017-04-11,209.0,221.5,206.7,217.95,697567.0,
2017-04-12,217.95,226.5,217.5,223.75,1725808.0,
2017-04-13,225.0,233.6,222.85,231.5,373640.0,
2017-04-17,230.05,237.0,223.0,234.5,708271.0,
2017-04-18,236.4,256.9,235.25,245.65,1536781.0,
2017-04-19,246.3,247.75,241.3,244.15,419707.0,
2017-04-20,245.0,245.1,236.35,242.9,504036.0,
2017-04-21,244.0,255.0,242.15,254.05,575968.0,
2017-04-24,259.0,260.45,254.25,259.25,466098.0,
2017-04-25,260.9,283.0,256.2,265.95,1459564.0,
2017-04-26,267.9,268.0,246.1,254.3,812685.0,
2017-04-27,256.4,256.5,244.35,246.3,355291.0,
2017-04-28,245.65,246.2,233.75,235.85,700432.0,
2017-05-02,235.85,244.4,233.05,240.15,964340.0,
2017-05-03,241.5,254.9,241.5,247.25,1390518.0,
2017-05-04,248.85,254.5,247.25,250.05,558986.0,
2017-05-05,250.15,250.9,242.5,244.75,207718.0,
2017-05-08,242.2,256.0,235.0,254.25,649461.0,
2017-05-09,256.0,258.05,248.05,249.75,1046991.0,
2017-05-10,249.5,251.35,241.5,242.55,200203.0,
2017-05-11,245.0,250.05,242.55,246.25,1250570.0,
2017-05-12,247.6,248.2,241.0,242.6,159962.0,
2017-05-15,244.9,247.9,234.15,235.8,387283.0,
2017-05-16,238.2,242.8,238.0,239.8,329985.0,
2017-05-17,239.0,243.5,236.15,238.2,369862.0,
2017-05-18,236.0,237.9,230.8,231.9,529202.0,
2017-05-19,234.4,243.0,233.05,236.6,662642.0,
2017-05-22,238.7,242.0,234.15,235.5,95891.0,
2017-05-23,235.7,238.5,224.55,227.95,197648.0,
2017-05-24,228.05,237.65,228.05,231.3,589405.0,
2017-05-25,230.0,238.0,230.0,236.25,292148.0,
2017-05-26,237.0,239.65,233.8,235.35,113348.0,
2017-05-29,235.1,237.0,225.55,227.75,197877.0,
2017-05-30,229.0,231.9,221.05,223.95,123286.0,
2017-05-31,228.0,250.0,224.2,241.45,1215390.0,
2017-06-01,250.3,252.2,247.0,249.5,1202851.0,
2017-06-02,253.0,253.7,245.0,247.1,259747.0,
2017-06-05,249.9,254.9,245.05,252.3,730844.0,
2017-06-06,254.0,254.0,242.65,246.9,110570.0,
2017-06-07,246.9,250.4,245.3,246.85,184567.0,
2017-06-08,248.9,258.5,242.7,250.75,473786.0,
2017-06-09,250.2,258.1,249.05,253.25,244253.0,
2017-06-12,251.1,259.0,251.05,251.95,246163.0,
2017-06-13,253.0,259.0,252.45,254.5,362594.0,
2017-06-14,254.0,267.5,253.0,264.9,1017298.0,
2017-06-15,267.5,272.4,263.05,267.85,523800.0,
2017-06-16,269.8,274.75,261.5,265.45,324011.0,
2017-06-19,266.8,272.0,263.0,266.95,224380.0,
2017-06-20,268.0,269.0,261.15,263.6,130800.0,
2017-06-21,264.5,268.55,258.6,261.15,205497.0,
2017-06-22,260.4,265.5,256.0,258.0,143138.0,
2017-06-23,258.8,263.75,243.25,246.05,283572.0,
2017-06-27,247.55,251.2,233.65,242.45,284353.0,
2017-06-28,245.95,245.95,237.5,239.55,84774.0,
2017-06-29,241.7,244.0,239.2,240.85,68529.0,
2017-06-30,241.0,255.8,241.0,253.05,340189.0,
2017-07-03,254.0,261.8,253.3,256.3,302643.0,
2017-07-04,256.75,257.95,246.05,247.85,87376.0,
2017-07-05,248.9,253.65,248.75,250.8,77129.0,
2017-07-06,254.0,270.0,254.0,266.9,779004.0,
2017-07-07,266.0,284.75,263.65,282.3,615694.0,
2017-07-10,295.0,295.0,276.3,278.5,51636.0,
2017-07-11,276.7,291.7,275.5,281.0,669363.0,
2017-07-12,280.5,290.0,278.7,282.95,335076.0,
2017-07-13,283.5,285.75,270.35,274.95,346462.0,
2017-07-14,276.6,276.6,264.3,266.05,206906.0,
2017-07-17,266.5,268.45,254.55,256.6,187110.0,
2017-07-18,255.35,255.9,248.15,250.15,147747.0,
2017-07-19,249.1,258.45,249.1,251.85,281353.0,
2017-07-20,253.3,255.0,249.35,250.15,192200.0,
2017-07-21,252.8,254.0,245.7,248.3,225526.0,
2017-07-24,249.6,252.5,246.4,251.0,309778.0,
2017-07-25,251.7,251.9,246.0,249.15,281095.0,
2017-07-26,251.6,271.0,249.2,256.55,1109457.0,
2017-07-27,258.0,264.0,253.55,260.75,207414.0,
2017-07-28,260.0,264.0,254.25,255.85,330766.0,
2017-07-31,257.9,269.7,255.4,268.7,631756.0,
2017-08-01,269.0,273.9,268.0,271.1,301485.0,
2017-08-02,272.0,274.95,267.6,270.9,212565.0,
2017-08-03,269.7,273.8,267.45,273.1,148083.0,
2017-08-04,274.0,276.5,269.2,272.9,454956.0,
2017-08-07,273.9,273.9,262.05,264.85,84948.0,
2017-08-08,265.7,271.95,262.0,263.9,71494.0,
2017-08-09,265.0,275.95,260.8,263.25,285332.0,
2017-08-10,261.7,264.85,243.4,251.35,58814.0,
2017-08-11,249.65,259.55,241.15,254.4,172454.0,
2017-08-14,255.15,268.2,255.0,259.95,138046.0,
2017-08-16,271.0,277.0,266.0,266.6,367783.0,
2017-08-17,270.0,277.2,259.25,262.3,396088.0,
2017-08-18,262.9,268.95,258.25,263.6,140444.0,
2017-08-21,268.15,269.6,256.1,259.7,261333.0,
2017-08-22,263.95,264.5,257.45,258.9,80359.0,
2017-08-23,259.0,261.8,257.1,258.45,54680.0,
2017-08-24,258.6,261.5,256.2,259.0,127886.0,
2017-08-28,264.9,269.5,260.55,263.25,135705.0,
2017-08-29,266.0,267.1,260.5,263.15,112287.0,
2017-08-30,268.0,275.6,265.2,268.6,279588.0,
2017-08-31,268.6,274.8,265.7,273.9,286021.0,
2017-09-01,272.05,275.0,268.8,270.75,128475.0,
2017-09-04,270.75,271.5,262.05,263.55,126584.0,
2017-09-05,263.05,267.2,262.2,263.5,144496.0,
2017-09-06,263.35,264.8,257.5,258.9,135661.0,
2017-09-07,260.0,268.0,259.0,261.55,194167.0,
2017-09-08,262.9,263.8,257.0,257.65,191514.0,
2017-09-11,260.4,263.0,255.8,256.95,102265.0,
2017-09-12,257.85,260.85,253.0,254.75,170426.0,
2017-09-13,257.8,258.2,255.05,257.15,105995.0,
2017-09-14,258.0,259.9,256.05,256.9,45113.0,
2017-09-15,255.95,261.65,251.5,260.6,135993.0,
2017-09-18,261.5,269.2,261.5,266.75,95517.0,
2017-09-19,273.9,284.8,268.55,280.6,776895.0,
2017-09-20,281.0,282.9,270.0,271.55,207596.0,
2017-09-21,273.25,275.35,265.8,270.0,129711.0,
2017-09-22,270.2,277.35,262.4,264.5,162521.0,
2017-09-25,266.0,266.0,246.95,251.2,241677.0,
2017-09-26,251.2,270.0,249.0,267.2,242940.0,
2017-09-27,267.2,274.0,265.0,266.0,1046670.0,
2017-09-28,267.5,270.3,261.35,269.3,73993.0,
2017-09-29,270.0,282.0,270.0,273.25,222971.0,
2017-10-03,271.0,277.9,271.0,273.65,83860.0,
2017-10-04,274.0,279.5,273.5,275.0,249069.0,
2017-10-05,275.0,282.0,273.3,279.35,150500.0,
2017-10-06,280.0,290.0,280.0,288.85,304476.0,
2017-10-09,289.0,305.0,282.65,300.0,1349679.0,
2017-10-10,304.3,306.0,299.0,299.7,209917.0,
2017-10-11,302.4,303.7,287.3,290.15,235579.0,
2017-10-12,290.0,291.0,284.1,287.55,87216.0,
2017-10-13,287.05,293.8,283.6,286.1,341744.0,
2017-10-16,287.4,295.0,281.35,287.05,639068.0,
2017-10-17,288.5,289.05,282.85,286.3,315495.0,
2017-10-18,285.9,286.05,277.75,282.1,144516.0,
2017-10-19,283.5,290.0,280.35,284.95,32055.0,
2017-10-23,284.85,289.4,277.2,279.1,282806.0,
2017-10-24,279.95,295.65,279.6,289.9,429385.0,
2017-10-25,291.9,291.9,280.5,287.05,130554.0,
2017-10-26,287.05,313.05,285.7,307.4,770273.0,
2017-10-27,310.0,310.05,296.35,300.2,106532.0,
2017-10-30,302.9,302.9,293.0,296.1,84452.0,
2017-10-31,296.0,306.9,294.2,304.05,99768.0,
2017-11-01,306.7,317.75,296.0,299.4,413204.0,
2017-11-02,298.0,303.0,294.55,297.85,178205.0,
2017-11-03,293.85,299.35,293.6,297.35,60423.0,
2017-11-06,297.9,304.0,295.3,299.2,212478.0,
2017-11-07,300.5,300.5,280.35,286.2,117708.0,
2017-11-08,287.0,287.15,271.45,275.5,253747.0,
2017-11-09,279.95,283.95,276.6,279.75,231183.0,
2017-11-10,279.75,291.4,275.45,286.95,272978.0,
2017-11-13,290.0,296.0,279.0,290.9,158696.0,
2017-11-14,292.95,296.0,285.4,294.7,179890.0,
2017-11-15,295.0,295.0,281.2,282.5,89235.0,
2017-11-16,283.95,296.7,283.9,294.3,89118.0,
2017-11-17,297.7,310.0,295.8,306.85,320188.0,
2017-11-20,309.8,313.0,301.35,309.4,721302.0,
2017-11-21,311.75,315.0,303.4,306.2,218634.0,
2017-11-22,306.85,329.75,302.25,320.65,676441.0,
2017-11-23,321.9,324.5,306.2,312.6,209665.0,
2017-11-24,312.6,321.05,312.5,316.4,527821.0,
2017-11-27,319.95,319.95,306.3,308.95,172873.0,
2017-11-28,308.95,318.25,307.0,313.15,162643.0,
2017-11-29,312.5,345.6,308.8,326.4,2312092.0,
2017-11-30,319.0,341.9,316.5,330.6,2779417.0,
2017-12-01,335.4,346.8,325.0,334.7,2692153.0,
2017-12-04,330.5,331.45,312.5,315.9,403190.0,
2017-12-05,314.8,317.8,304.1,311.65,579746.0,
2017-12-06,309.95,313.15,301.25,303.65,215315.0,
2017-12-07,304.0,310.55,293.4,304.5,815686.0,
2017-12-08,310.75,316.0,300.55,308.55,1593252.0,
2017-12-11,310.9,311.35,301.0,305.7,424773.0,
2017-12-12,307.55,308.7,294.0,297.25,234512.0,
2017-12-13,300.0,301.9,288.5,293.6,313400.0,
2017-12-14,295.2,298.0,285.1,290.25,296997.0,
2017-12-15,292.6,294.75,288.0,292.5,297684.0,
2017-12-18,291.0,298.95,271.85,294.5,181573.0,
2017-12-19,298.6,302.0,293.05,298.75,186700.0,
2017-12-20,300.0,310.2,296.7,301.9,372765.0,
2017-12-21,302.5,305.8,298.3,300.75,116738.0,
2017-12-22,302.85,305.0,300.0,301.55,106186.0,
2017-12-26,301.75,304.45,297.15,300.7,97712.0,
2017-12-27,316.9,323.5,310.15,320.4,1541369.0,
2017-12-28,320.0,325.0,314.95,321.25,274391.0,
2017-12-29,321.9,333.4,315.0,318.15,413434.0,
2018-01-01,320.5,325.0,312.75,315.65,99704.0,
2018-01-02,318.0,327.15,317.95,321.5,244625.0,
2018-01-03,323.45,325.65,318.0,321.0,137588.0,
2018-01-04,324.0,345.0,324.0,338.6,978071.0,
2018-01-05,338.0,340.0,332.55,335.05,112158.0,
2018-01-08,346.55,350.0,329.3,332.4,405343.0,
2018-01-09,335.0,354.7,330.0,333.75,1349582.0,
2018-01-10,337.55,340.0,332.5,334.05,285749.0,
2018-01-11,336.0,352.0,335.55,345.0,1120340.0,
2018-01-12,347.2,347.25,335.8,337.95,133991.0,
2018-01-15,342.9,346.0,334.05,339.5,383559.0,
2018-01-16,339.05,356.8,335.0,337.75,672879.0,
2018-01-17,337.85,343.65,319.1,320.7,352955.0,
2018-01-18,323.0,325.7,305.85,309.9,163749.0,
2018-01-19,311.9,315.0,302.25,310.8,192892.0,
2018-01-22,310.0,315.9,306.05,313.5,349857.0,
2018-01-23,313.95,325.0,312.9,319.9,383730.0,
2018-01-24,321.6,325.1,311.9,316.4,204347.0,
2018-01-25,320.9,324.0,311.2,313.7,135600.0,
2018-01-29,314.0,327.2,311.4,316.3,261671.0,
2018-01-30,316.05,324.0,311.5,315.9,693689.0,
2018-01-31,315.9,325.0,314.8,322.8,1551929.0,
2018-02-01,324.9,328.9,314.0,327.05,463918.0,
2018-02-02,323.9,323.9,303.65,311.75,372878.0,
2018-02-05,302.0,309.4,299.0,302.25,232467.0,
2018-02-06,289.8,294.8,281.15,288.45,335019.0,
2018-02-07,294.95,296.65,288.05,290.2,400413.0,
2018-02-08,302.5,305.0,287.4,295.7,991569.0,
2018-02-09,294.5,307.0,289.7,301.95,325060.0,
2018-02-12,302.9,313.5,300.45,309.65,434919.0,
2018-02-14,312.8,319.45,309.3,312.3,228692.0,
2018-02-15,315.45,332.0,310.2,324.85,754245.0,
2018-02-16,327.9,329.9,316.35,323.2,213047.0,
2018-02-19,329.0,332.0,318.35,322.05,272008.0,
2018-02-20,323.35,323.45,297.5,302.75,892310.0,
2018-02-21,304.35,312.0,302.0,309.4,868106.0,
2018-02-22,306.7,320.0,304.5,317.85,477359.0,
2018-02-23,317.8,322.4,310.8,314.3,135101.0,
2018-02-26,316.65,334.4,316.65,331.85,514666.0,
2018-02-27,336.4,342.6,322.75,325.05,628545.0,
2018-02-28,324.95,343.15,320.1,335.3,324840.0,
2018-03-01,335.5,342.0,325.65,328.1,174388.0,
2018-03-05,324.65,332.0,317.4,329.75,136659.0,
2018-03-06,330.0,330.0,310.0,314.05,260601.0,
2018-03-07,312.7,312.7,292.0,297.65,441824.0,
2018-03-08,299.5,307.0,291.4,299.4,305326.0,
2018-03-09,302.0,311.75,302.0,304.85,258582.0,
2018-03-12,307.9,308.95,297.0,303.8,148634.0,
2018-03-13,305.85,305.85,293.6,296.25,410590.0,
2018-03-14,295.05,305.65,295.05,303.35,109032.0,
2018-03-15,304.4,305.95,299.0,299.75,84212.0,
2018-03-16,300.9,310.8,294.0,296.8,411056.0,
2018-03-19,297.8,303.0,295.1,299.85,172689.0,
2018-03-20,298.9,298.9,291.0,293.45,139979.0,
2018-03-21,294.8,297.9,283.5,289.35,186775.0,
2018-03-22,288.4,295.0,283.45,288.7,1295979.0,
2018-03-23,281.4,284.75,268.25,279.3,472951.0,
2018-03-26,280.85,301.0,278.5,294.55,295255.0,
2018-03-27,294.9,297.85,288.1,290.3,97814.0,
2018-03-28,289.35,298.0,282.2,291.8,172408.0,
2018-04-02,290.1,299.5,290.1,297.1,103794.0,
2018-04-03,299.0,303.45,293.2,297.0,92622.0,
2018-04-04,294.6,308.0,289.0,293.05,252278.0,
2018-04-05,299.8,305.0,293.3,301.7,78154.0,
2018-04-06,305.5,315.0,305.5,308.3,242496.0,
2018-04-09,310.3,317.65,309.5,312.9,221658.0,
2018-04-10,314.35,315.0,305.35,307.3,146499.0,
2018-04-11,306.15,307.35,300.65,305.5,115416.0,
2018-04-12,304.0,304.3,299.0,300.6,40431.0,
2018-04-13,300.0,304.5,292.0,295.6,199045.0,
2018-04-16,292.0,305.95,292.0,304.85,229650.0,
2018-04-17,307.15,309.15,302.2,304.75,90200.0,
2018-04-18,304.25,306.2,300.0,301.25,749971.0,
2018-04-19,301.6,306.0,301.25,305.05,226166.0,
2018-04-20,304.0,306.9,297.5,303.95,46604.0,
2018-04-23,303.95,310.0,301.55,307.2,264001.0,
2018-04-24,310.5,311.2,300.2,303.25,157574.0,
2018-04-25,302.2,307.0,292.2,294.8,150920.0,
2018-04-26,295.6,297.0,290.5,291.55,133014.0,
2018-04-27,292.6,299.0,290.5,291.85,100355.0,
2018-04-30,293.0,308.0,293.0,305.8,170674.0,
2018-05-02,305.55,305.55,293.6,296.55,82621.0,
2018-05-03,296.75,299.3,291.65,295.25,44312.0,
2018-05-04,294.9,297.25,290.05,291.3,39968.0,
2018-05-07,291.0,297.45,290.15,291.1,55537.0,
2018-05-08,291.1,294.8,290.05,291.0,53217.0,
2018-05-09,291.0,297.0,288.65,292.35,150623.0,
2018-05-10,292.35,296.5,292.35,294.45,55638.0,
2018-05-11,294.85,298.0,291.35,294.35,59867.0,
2018-05-14,292.0,293.9,282.25,284.25,95998.0,
2018-05-15,284.0,284.0,273.0,278.0,870130.0,
2018-05-16,273.35,283.0,273.35,275.85,36744.0,
2018-05-17,280.0,290.0,278.15,281.1,58065.0,
2018-05-18,282.0,286.2,281.0,281.9,64295.0,
2018-05-21,284.5,284.5,274.2,276.7,58472.0,
2018-05-22,273.55,281.4,270.0,271.75,31640.0,
2018-05-23,271.4,280.0,268.1,273.6,38687.0,
2018-05-24,274.25,274.3,268.85,269.9,19627.0,
2018-05-25,272.0,273.95,265.65,269.35,86733.0,
2018-05-28,269.75,278.5,268.45,272.1,36577.0,
2018-05-29,273.95,273.95,259.85,261.05,75921.0,
2018-05-30,262.0,271.7,260.55,262.1,106282.0,
2018-05-31,263.9,264.2,243.5,248.0,244928.0,
2018-06-01,251.8,256.45,237.0,239.05,344582.0,
2018-06-04,240.0,241.0,221.85,228.4,414293.0,
2018-06-05,229.9,235.5,223.8,230.5,276927.0,
2018-06-06,230.5,234.9,225.15,233.05,125663.0,
2018-06-07,231.55,256.5,231.55,254.9,512578.0,
2018-06-08,253.6,259.8,247.1,259.05,286363.0,
2018-06-11,259.4,262.3,259.35,261.0,453048.0,
2018-06-12,260.95,261.8,257.05,261.0,46503.0,
2018-06-13,261.1,268.55,259.4,264.1,131730.0,
2018-06-14,264.25,279.9,263.05,274.95,450302.0,
2018-06-15,277.15,289.95,272.6,275.5,740011.0,
2018-06-18,275.3,275.3,266.35,269.1,64299.0,
2018-06-19,268.0,279.5,263.75,268.45,1193535.0,
2018-06-20,274.0,279.0,272.4,273.8,242487.0,
2018-06-21,274.65,274.95,266.55,268.95,115590.0,
2018-06-22,269.85,269.85,262.0,263.65,49278.0,
2018-06-25,262.0,269.3,255.15,258.35,43527.0,
2018-06-26,257.05,282.5,254.45,278.6,723622.0,
2018-06-27,279.95,289.7,275.05,280.55,553883.0,
2018-06-28,278.0,278.0,267.0,269.0,147208.0,
2018-06-29,269.0,272.65,268.65,270.05,123638.0,
2018-07-02,269.85,281.0,268.55,278.8,85475.0,
2018-07-03,278.95,279.95,268.5,272.9,90783.0,
2018-07-04,273.55,287.35,269.0,282.95,154398.0,
2018-07-05,281.3,281.3,272.0,274.6,120516.0,
2018-07-06,273.95,280.0,271.05,275.6,63407.0,
2018-07-09,278.1,279.8,274.2,276.0,22031.0,
2018-07-10,272.65,279.5,272.65,275.25,59920.0,
2018-07-11,273.05,277.3,268.0,274.0,158163.0,
2018-07-12,272.9,277.0,271.8,273.6,129919.0,
2018-07-13,273.8,273.8,260.1,261.05,90385.0,
2018-07-16,263.9,265.7,248.0,252.6,86300.0,
2018-07-17,250.0,257.0,245.0,253.55,54452.0,
2018-07-18,252.0,253.4,247.55,250.7,38206.0,
2018-07-19,253.6,255.3,248.0,251.05,24780.0,
2018-07-20,251.05,254.7,244.0,249.7,58252.0,
2018-07-23,250.0,259.4,250.0,255.95,34307.0,
2018-07-24,253.2,264.05,253.2,261.9,51635.0,
2018-07-25,264.8,272.95,263.05,267.45,45887.0,
2018-07-26,269.0,270.0,263.15,267.0,47011.0,
2018-07-27,264.0,273.0,264.0,268.5,188352.0,
2018-07-30,263.8,269.8,261.55,264.0,139376.0,
2018-07-31,264.5,266.15,251.0,253.15,249973.0,
2018-08-01,254.8,262.0,253.15,258.85,306750.0,
2018-08-02,260.9,262.8,255.25,257.1,48605.0,
2018-08-03,256.0,258.6,253.5,256.15,212229.0,
2018-08-06,258.8,258.8,252.55,253.95,112454.0,
2018-08-07,257.0,257.0,251.25,252.4,240041.0,
2018-08-08,251.1,253.5,248.15,249.65,243227.0,
2018-08-09,249.65,258.0,248.0,249.25,68637.0,
2018-08-10,249.5,250.15,246.8,248.75,184333.0,
2018-08-13,247.55,254.45,244.65,250.4,36905.0,
2018-08-14,248.7,255.0,248.7,253.75,47597.0,
2018-08-16,251.0,254.5,248.6,251.8,25431.0,
2018-08-17,250.15,253.6,250.0,250.55,26699.0,
2018-08-20,250.65,252.15,248.1,249.45,26235.0,
2018-08-21,249.0,250.25,246.2,246.9,42168.0,
2018-08-23,248.8,250.5,243.0,244.7,65252.0,
2018-08-24,244.0,249.0,240.2,243.95,57304.0,
2018-08-27,247.0,249.7,245.15,246.15,27693.0,
2018-08-28,246.05,247.2,237.8,240.25,77535.0,
2018-08-29,240.4,242.65,232.6,236.4,191082.0,
2018-08-30,236.5,239.8,231.0,232.85,86852.0,
2018-08-31,231.75,240.0,231.0,237.05,96089.0,
2018-09-03,238.9,239.95,234.7,235.8,22319.0,
2018-09-04,235.8,240.0,235.1,237.4,74047.0,
2018-09-05,237.8,237.8,231.0,231.8,33166.0,
2018-09-06,233.5,234.85,230.65,232.15,99376.0,
2018-09-07,236.0,238.75,228.1,230.25,101193.0,
2018-09-10,230.9,231.05,222.8,224.55,54376.0,
2018-09-11,224.0,227.0,220.0,220.8,25843.0,
2018-09-12,219.0,221.5,214.25,218.05,49748.0,
2018-09-14,223.4,239.7,221.0,234.55,137849.0,
2018-09-17,238.0,243.65,234.35,239.45,208888.0,
2018-09-18,240.0,248.7,230.2,232.35,112439.0,
2018-09-19,232.35,238.45,227.0,229.7,62095.0,
2018-09-21,236.0,238.5,215.0,227.3,92730.0,
2018-09-24,227.0,227.0,215.15,217.2,33570.0,
2018-09-25,216.9,229.8,173.8,212.35,901471.0,
2018-09-26,214.0,224.8,206.2,219.5,103129.0,
2018-09-27,224.5,242.0,220.55,233.85,491923.0,
2018-09-28,235.15,235.5,206.2,209.85,267712.0,
2018-10-01,210.5,221.8,201.9,215.3,157091.0,
2018-10-03,210.5,214.15,207.1,210.1,66166.0,
2018-10-04,204.0,205.8,194.0,196.4,206531.0,
2018-10-05,192.45,198.85,192.45,196.15,104502.0,
2018-10-08,196.5,199.7,170.2,175.2,402204.0,
2018-10-09,175.0,175.2,165.5,170.55,467958.0,
2018-10-10,173.0,181.55,165.0,178.55,504222.0,
2018-10-11,170.0,170.0,163.0,169.4,343594.0,
2018-10-12,170.5,181.9,165.6,176.8,1542214.0,
2018-10-15,181.7,187.0,177.6,183.65,192981.0,
2018-10-16,186.9,197.0,184.2,194.1,154572.0,
2018-10-17,194.7,205.0,187.2,196.9,201463.0,
2018-10-19,197.0,200.15,192.05,194.0,386766.0,
2018-10-22,197.0,200.2,191.0,194.45,104580.0,
2018-10-23,194.85,199.4,190.2,192.8,151395.0,
2018-10-24,194.0,196.6,189.5,195.4,63996.0,
2018-10-25,192.3,199.0,184.4,192.1,80864.0,
2018-10-26,193.65,194.15,186.1,187.9,56049.0,
2018-10-29,187.9,190.0,185.0,188.15,98730.0,
2018-10-30,187.95,193.75,184.9,190.95,177804.0,
2018-10-31,191.9,200.0,191.85,194.9,138258.0,
2018-11-01,196.5,198.15,189.0,191.85,362671.0,
2018-11-02,192.5,194.0,186.35,188.05,127259.0,
2018-11-05,188.85,191.9,188.8,190.2,43063.0,
2018-11-06,191.65,191.65,187.0,188.0,22395.0,
2018-11-07,188.1,191.8,187.9,190.8,17873.0,
2018-11-09,191.1,191.1,187.7,189.65,42821.0,
2018-11-12,189.65,191.95,184.85,185.6,51952.0,
2018-11-13,184.1,185.95,180.2,182.8,75039.0,
2018-11-14,181.6,184.95,178.0,180.25,103815.0,
2018-11-15,181.0,182.75,175.95,178.15,70076.0,
2018-11-16,177.2,180.0,175.3,178.6,54636.0,
2018-11-19,179.65,182.45,177.5,179.35,152490.0,
2018-11-20,178.85,179.8,173.1,174.0,67340.0,
2018-11-21,172.65,177.6,172.65,173.9,2079909.0,
2018-11-22,173.0,173.95,170.7,172.45,46990.0,
2018-11-26,172.5,175.25,172.5,173.05,70316.0,
2018-11-27,172.6,176.6,172.0,175.4,93706.0,
2018-11-28,174.05,189.0,173.85,183.2,391020.0,
2018-11-29,183.0,201.5,182.2,198.35,653792.0,
2018-11-30,197.0,220.6,195.0,216.55,1935021.0,
2018-12-03,224.85,224.85,208.0,210.1,311211.0,
2018-12-04,209.0,216.75,203.1,212.45,128600.0,
2018-12-05,214.15,215.0,206.0,207.85,90465.0,
2018-12-06,210.6,210.6,199.0,200.4,124124.0,
2018-12-07,201.0,203.95,198.7,200.85,47103.0,
2018-12-10,200.0,200.0,194.05,198.1,50041.0,
2018-12-11,194.2,201.6,192.0,195.15,46386.0,
2018-12-12,194.2,204.7,194.2,200.1,103903.0,
2018-12-13,201.6,219.0,201.6,215.6,220739.0,
2018-12-14,217.9,222.0,213.65,217.0,149281.0,
2018-12-17,218.6,218.6,203.55,206.65,162592.0,
2018-12-18,204.8,211.0,204.7,206.5,84395.0,
2018-12-19,207.95,211.95,206.5,210.2,179327.0,
2018-12-20,209.8,213.7,208.0,209.05,133089.0,
2018-12-21,209.9,214.0,206.0,207.7,207999.0,
2018-12-24,207.0,209.95,201.3,204.1,34328.0,
2018-12-26,203.0,207.95,199.1,205.35,83876.0,
2018-12-27,209.9,209.9,205.25,207.7,94472.0,
2018-12-28,208.5,215.9,208.0,214.2,146884.0,
2018-12-31,217.85,223.6,216.75,219.9,172310.0,
2019-01-01,221.0,240.95,220.3,235.7,1267018.0,
2019-01-02,238.6,242.4,230.0,231.6,475496.0,
2019-01-03,231.6,236.8,228.35,233.05,183445.0,
2019-01-04,232.95,237.1,230.65,231.9,229635.0,
2019-01-07,233.95,234.95,227.0,229.15,394502.0,
2019-01-08,232.9,232.9,223.6,226.0,272417.0,
2019-01-09,227.0,228.6,218.5,226.1,199561.0,
2019-01-10,228.4,231.45,217.5,220.5,282439.0,
2019-01-11,221.8,221.8,215.35,217.25,82316.0,
2019-01-14,217.25,217.25,207.65,209.1,104149.0,
2019-01-15,209.0,224.5,209.0,215.35,482343.0,
2019-01-16,215.4,223.7,213.5,220.35,263461.0,
2019-01-17,221.0,221.0,214.5,215.25,372823.0,
2019-01-18,216.0,216.25,211.0,211.4,61452.0,
2019-01-21,211.4,212.0,206.0,207.4,65409.0,
2019-01-22,205.35,216.0,205.35,214.35,354394.0,
2019-01-23,216.0,218.85,208.6,213.15,583489.0,
2019-01-24,213.95,217.0,211.25,213.95,107340.0,
2019-01-25,214.25,216.0,202.7,206.25,99342.0,
2019-01-28,206.2,211.1,198.3,203.9,57697.0,
2019-01-29,209.0,212.95,198.1,200.6,105517.0,
2019-01-30,200.05,203.6,196.35,200.95,1485682.0,
2019-01-31,201.55,203.95,196.35,199.9,217205.0,
2019-02-01,203.0,206.95,200.35,200.9,934274.0,
2019-02-04,202.5,203.45,198.1,199.7,129618.0,
2019-02-05,200.1,200.7,198.95,199.15,68150.0,
2019-02-06,199.8,200.7,198.25,199.05,52984.0,
2019-02-07,199.0,201.4,198.05,198.5,97057.0,
2019-02-08,200.0,202.4,198.0,200.75,184837.0,
2019-02-11,200.15,201.5,196.5,200.35,168815.0,
2019-02-12,198.2,203.0,198.2,201.05,195059.0,
2019-02-13,201.0,201.0,198.15,199.95,1338850.0,
2019-02-14,200.0,200.0,193.35,197.05,197387.0,
2019-02-15,195.1,196.6,193.35,194.2,97149.0,
2019-02-18,194.65,206.9,194.6,205.25,474891.0,
2019-02-19,207.7,221.8,207.25,211.8,1100115.0,
2019-02-20,214.6,218.8,209.0,212.25,457310.0,
2019-02-21,210.55,211.95,206.6,207.95,208634.0,
2019-02-22,210.0,214.0,208.1,211.0,469869.0,
2019-02-25,218.95,218.95,208.0,210.05,584566.0,
2019-02-26,202.25,208.35,198.1,204.95,436168.0,
2019-02-27,205.7,208.1,204.15,205.05,415085.0,
2019-02-28,205.8,207.0,200.4,205.9,328467.0,
2019-03-01,206.2,207.95,203.1,204.4,76730.0,
2019-03-05,204.2,205.45,203.15,204.9,124750.0,
2019-03-06,206.8,207.7,203.1,205.25,815269.0,
2019-03-07,205.75,207.9,204.0,204.7,924983.0,
2019-03-08,205.75,205.75,201.0,201.75,163654.0,
2019-03-11,204.6,204.6,200.6,203.1,177505.0,
2019-03-12,204.95,211.0,203.55,205.85,2771263.0,
2019-03-13,207.4,212.9,205.0,207.8,517687.0,
2019-03-14,209.65,212.2,206.4,211.5,3144220.0,
2019-03-15,214.5,221.0,211.8,215.6,844890.0,
2019-03-18,219.15,255.0,218.15,249.95,5968646.0,
2019-03-19,249.5,257.4,240.5,245.2,3525209.0,
2019-03-20,250.0,258.6,246.5,253.3,1487723.0,
2019-03-22,254.3,285.9,250.85,269.05,3529005.0,
2019-03-25,263.65,269.6,258.0,264.25,1210116.0,
2019-03-26,266.85,267.9,257.5,258.45,1307611.0,
2019-03-27,258.0,260.95,246.55,249.25,485106.0,
2019-03-28,249.25,257.1,248.5,250.7,191905.0,
2019-03-29,252.6,255.5,246.8,252.8,200862.0,
2019-04-01,254.0,254.9,240.0,241.25,324474.0,
2019-04-02,243.2,253.0,238.55,249.8,781407.0,
2019-04-03,250.5,259.9,248.5,251.05,4131728.0,
2019-04-04,252.0,258.45,251.4,256.2,1145056.0,
2019-04-05,257.85,259.6,250.5,255.85,4439155.0,
2019-04-08,255.0,265.95,255.0,259.45,635878.0,
2019-04-09,258.65,269.8,252.35,267.75,607316.0,
2019-04-10,268.0,271.0,264.0,268.6,446488.0,
2019-04-11,268.0,275.5,265.0,266.8,315299.0,
2019-04-12,266.2,274.8,265.9,273.35,451247.0,
2019-04-15,274.55,277.0,272.5,276.05,198742.0,
2019-04-16,280.5,284.5,276.3,277.45,261301.0,
2019-04-18,276.0,276.0,260.15,263.2,238654.0,
2019-04-22,262.4,265.0,255.0,260.6,151485.0,
2019-04-23,258.8,273.85,258.8,268.1,451807.0,
2019-04-24,269.4,269.45,260.5,262.5,75731.0,
2019-04-25,262.5,267.9,262.25,264.15,235006.0,
2019-04-26,266.95,266.95,262.7,263.3,236275.0,
2019-04-30,262.0,265.0,254.0,261.25,2631257.0,
2019-05-02,262.0,263.55,257.0,259.2,254640.0,
2019-05-03,259.0,272.5,258.95,265.45,347613.0,
2019-05-06,262.0,265.9,259.1,262.05,37972.0,
2019-05-07,262.0,266.8,258.0,264.15,231659.0,
2019-05-08,259.1,269.8,258.2,266.7,88746.0,
2019-05-09,264.95,266.0,260.15,264.1,63880.0,
2019-05-10,262.55,266.95,262.0,264.2,40680.0,
2019-05-13,264.2,264.2,239.05,244.4,303879.0,
2019-05-14,243.95,248.95,243.5,246.35,138695.0,
2019-05-15,246.75,247.9,242.7,244.2,625393.0,
2019-05-16,244.9,247.0,242.05,244.95,214465.0,
2019-05-17,248.6,258.0,244.85,252.35,667563.0,
2019-05-20,257.9,262.7,256.25,260.6,124244.0,
2019-05-21,260.6,267.0,256.85,265.4,191763.0,
2019-05-22,268.65,269.9,260.05,262.55,153613.0,
2019-05-23,267.95,267.95,257.45,260.65,295965.0,
2019-05-24,262.95,268.5,258.35,264.7,150939.0,
2019-05-27,264.95,282.3,264.1,280.6,679308.0,
2019-05-28,285.55,289.75,281.0,285.6,607943.0,
2019-05-29,287.0,312.5,283.0,302.3,653500.0,
2019-05-30,313.0,313.0,283.4,286.85,637895.0,
2019-05-31,286.35,293.25,280.55,287.8,464447.0,
2019-06-03,293.9,293.9,286.0,288.6,191982.0,
2019-06-04,289.9,293.95,281.8,286.7,492068.0,
2019-06-06,287.7,290.0,282.0,284.15,234129.0,
2019-06-07,285.3,287.05,268.5,271.95,193968.0,
2019-06-10,271.95,279.5,268.55,270.8,162249.0,
2019-06-11,270.95,270.95,264.5,267.45,64831.0,
2019-06-12,264.0,264.85,259.75,262.65,147974.0,
2019-06-13,262.65,266.5,260.45,263.5,75388.0,
2019-06-14,260.6,265.7,256.9,261.75,92599.0,
2019-06-17,261.15,268.3,259.1,264.65,302741.0,
2019-06-18,269.0,269.0,263.5,264.6,89331.0,
2019-06-19,265.0,267.8,263.9,266.0,98195.0,
2019-06-20,266.1,275.4,264.5,270.15,859919.0,
2019-06-21,271.45,275.0,267.5,273.45,279176.0,
2019-06-24,273.85,274.55,266.1,268.75,217798.0,
2019-06-25,266.7,273.5,262.4,265.85,1196163.0,
2019-06-26,265.05,269.65,263.5,265.2,67590.0,
2019-06-27,265.0,283.5,264.5,278.45,686861.0,
2019-06-28,272.9,276.5,267.2,272.35,658373.0,
2019-07-01,268.0,272.65,261.5,265.05,141003.0,
2019-07-02,262.3,272.35,262.0,270.25,348810.0,
2019-07-03,270.0,292.0,269.6,285.05,868451.0,
2019-07-04,285.0,294.0,285.0,287.75,331870.0,
2019-07-05,291.5,291.9,267.25,274.5,321617.0,
2019-07-08,270.4,278.45,252.8,257.0,219452.0,
2019-07-09,258.95,280.85,258.25,275.95,450999.0,
2019-07-10,270.15,277.5,266.7,269.9,184407.0,
2019-07-11,270.35,274.9,268.25,271.0,71335.0,
2019-07-12,271.0,275.95,270.75,272.85,294756.0,
2019-07-15,273.95,274.5,266.2,271.15,43285.0,
2019-07-16,271.95,288.0,267.1,278.55,691847.0,
2019-07-17,280.8,280.9,273.05,276.8,54998.0,
2019-07-18,280.0,280.0,273.0,276.1,67493.0,
2019-07-19,273.55,277.95,271.55,276.1,100742.0,
2019-07-22,277.5,277.5,265.2,267.5,124130.0,
2019-07-23,267.9,270.3,261.05,262.75,121611.0,
2019-07-24,263.45,265.35,252.1,261.3,120705.0,
2019-07-25,261.85,275.0,259.3,268.45,296555.0,
2019-07-26,268.0,268.0,262.4,263.75,61609.0,
2019-07-29,264.95,264.95,257.15,262.3,33037.0,
2019-07-30,263.9,266.5,255.15,257.9,50798.0,
2019-07-31,257.9,257.9,252.15,255.05,53363.0,
2019-08-01,253.5,267.7,243.35,260.65,195224.0,
2019-08-02,252.1,265.0,252.1,259.4,76802.0,
2019-08-05,259.95,267.55,256.05,264.0,157610.0,
2019-08-06,260.0,271.95,260.0,270.25,100961.0,
2019-08-07,270.25,281.3,268.85,278.8,202024.0,
2019-08-08,280.9,288.9,276.2,287.5,214738.0,
2019-08-09,285.75,298.25,281.25,285.85,173897.0,
2019-08-13,282.15,288.15,281.1,282.9,35079.0,
2019-08-14,281.2,286.25,279.95,283.35,33222.0,
2019-08-16,281.5,286.9,276.1,282.2,420836.0,
2019-08-19,280.25,303.9,280.25,297.75,909557.0,
2019-08-20,297.9,301.5,290.35,294.9,237754.0,
2019-08-21,296.3,300.0,283.5,289.5,205852.0,
2019-08-22,288.0,300.4,280.35,293.0,499508.0,
2019-08-23,288.3,296.85,280.5,284.3,164207.0,55.33
2019-09-30,265.0,283.5,264.5,278.45,686861.0,44.77
2019-10-01,288.1,291.75,280.25,284.4,41763.0,44.98
2019-10-02,288.1,291.75,280.25,284.4,41763.0,44.98
2019-10-03,288.6,294.0,284.1,286.25,122035.0,31.68
2019-10-04,289.0,289.65,267.2,271.35,293350.0,50.09
2019-10-07,268.45,290.1,268.45,274.5,554625.0,50.62
2019-10-08,268.45,290.1,268.45,274.5,554625.0,50.62
2019-10-09,271.85,282.55,271.75,278.75,115811.0,35.98
2019-10-10,280.0,282.0,275.0,277.0,46998.0,52.6
2019-10-11,278.0,283.1,274.5,277.05,51962.0,43.33
2019-10-14,275.2,284.5,275.2,280.3,85234.0,53.84
2019-10-15,283.6,292.75,281.8,291.25,397179.0,79.2
2019-10-16,291.95,297.65,288.2,293.85,70080.0,39.15
2019-10-17,293.5,293.85,285.0,286.2,67216.0,43.4
2019-10-18,291.9,301.75,287.0,298.3,72491.0,49.45
2019-10-21,291.9,301.75,287.0,298.3,72491.0,49.45
2019-10-22,295.5,299.3,288.3,291.9,113338.0,63.02
2019-10-23,292.0,326.95,292.0,307.95,1040212.0,40.87
2019-10-24,307.95,320.0,301.05,304.25,234880.0,25.79
2019-10-25,303.2,305.85,298.05,299.8,68124.0,37.27
2019-10-28,300.0,306.0,296.35,301.7,22597.0,24.97
2019-10-29,304.3,306.7,300.05,303.9,68013.0,68.48
2019-10-30,301.4,307.6,289.0,293.2,152200.0,63.06
2019-10-31,296.0,304.85,294.25,302.2,435518.0,71.3
2019-11-01,302.2,314.7,301.25,305.8,169709.0,34.94
2019-11-04,309.9,309.9,299.35,303.55,114512.0,66.36
2019-11-05,307.0,307.0,296.5,299.9,435105.0,90.06
2019-11-06,310.0,316.0,302.5,307.65,949191.0,64.98
2019-11-07,319.0,320.05,303.5,311.8,288926.0,50.09
2019-11-08,311.0,314.6,306.0,310.3,252933.0,72.93
2019-11-11,310.95,312.1,302.0,306.9,68634.0,55.24
2019-11-12,310.95,312.1,302.0,306.9,68634.0,55.24
2019-11-13,309.8,309.8,298.0,300.6,98772.0,49.31
2019-11-14,300.95,301.0,295.5,300.4,66049.0,51.51
2019-11-15,305.0,307.0,285.25,288.45,210709.0,65.56
2019-11-18,289.4,294.5,286.0,290.5,243737.0,68.19
2019-11-19,298.95,301.95,294.4,298.7,303071.0,38.57
2019-11-20,295.5,298.95,294.3,297.45,48610.0,42.83
2019-11-21,297.0,300.0,290.1,292.4,65149.0,64.8
2019-11-22,292.2,293.15,283.65,289.35,673920.0,89.89
2019-11-25,290.0,306.6,290.0,301.9,86561.0,38.95
2019-11-26,304.95,311.0,293.0,295.5,186670.0,49.87
2019-11-27,299.9,339.8,296.3,298.7,316597.0,30.57
2019-11-28,299.65,305.0,298.0,300.85,246290.0,78.66
2019-11-29,300.95,308.5,296.0,303.8,558952.0,87.54
2019-12-02,304.3,331.7,298.0,322.9,496092.0,43.1
2019-12-03,330.3,363.9,322.95,352.9,3093907.0,11.21
2019-12-04,345.0,350.95,328.1,332.85,707873.0,23.49
2019-12-05,335.0,345.0,330.2,333.1,567574.0,17.69
2019-12-06,334.7,338.75,314.45,325.85,297379.0,16.25
2019-12-09,328.9,328.9,308.1,310.1,514068.0,56.45
2019-12-10,312.0,319.65,312.0,314.25,411305.0,62.33
2019-12-11,316.15,317.0,308.35,311.55,335606.0,77.74
2019-12-12,314.5,318.8,307.5,309.6,162285.0,34.79
2019-12-13,310.65,329.65,309.75,324.15,309871.0,24.36
2019-12-16,323.5,324.15,314.0,315.95,156370.0,50.53
2019-12-17,316.9,337.5,316.0,328.05,808716.0,28.92
2019-12-18,331.5,365.8,331.05,360.0,2154869.0,13.59
2019-12-19,358.9,359.0,344.0,348.15,646773.0,35.17
2019-12-20,348.6,361.8,345.0,347.9,461137.0,17.78
2019-12-23,348.35,353.8,340.1,345.3,191025.0,14.93
2019-12-24,346.05,350.0,341.0,346.6,181344.0,18.58
2019-12-25,346.05,350.0,341.0,346.6,181344.0,18.58
2019-12-26,349.45,349.45,330.0,334.35,228603.0,31.62
2019-12-27,333.55,340.0,330.45,336.9,230725.0,29.71
2019-12-30,336.1,339.9,333.9,336.0,78952.0,29.24
2019-12-31,336.0,342.3,334.0,338.35,146059.0,31.71
2020-01-01,338.6,339.55,330.8,333.3,98627.0,36.21
2020-01-02,333.3,335.6,326.35,329.75,120094.0,47.09
2020-01-03,329.3,339.35,325.0,331.0,265572.0,24.81
2020-01-06,329.1,335.0,319.85,321.5,220321.0,47.46
2020-01-07,322.4,328.85,318.4,322.1,329525.0,70.63
2020-01-08,317.0,324.9,311.1,314.05,811404.0,85.05
2020-01-09,318.9,325.05,314.0,316.0,349742.0,55.37
2020-01-10,320.8,339.0,320.15,331.2,761153.0,21.13
2020-01-13,332.9,348.4,332.0,344.4,430948.0,30.67
2020-01-14,346.45,353.6,336.25,339.55,399602.0,41.99
2020-01-15,341.3,362.7,341.3,359.4,776333.0,17.98
2020-01-16,357.4,388.0,357.4,377.45,991900.0,23.56
2020-01-17,380.0,389.0,370.45,375.1,407615.0,29.72
2020-01-20,376.0,426.0,376.0,414.95,3506390.0,13.43
2020-01-21,416.8,417.5,380.0,381.85,1699457.0,30.82
2020-01-22,383.0,391.4,372.35,386.3,1005974.0,19.61
2020-01-23,386.95,402.8,386.95,401.05,1407339.0,32.24
2020-01-24,403.55,405.15,376.0,380.95,596562.0,42.19
2020-01-27,395.0,401.5,386.7,391.1,1165002.0,20.75
2020-01-28,393.5,396.9,378.6,385.0,454320.0,43.44
2020-01-29,386.25,388.75,375.0,376.5,226626.0,35.0
2020-01-30,378.5,382.0,372.1,374.95,207684.0,35.48
2020-01-31,382.0,390.0,378.45,383.3,399518.0,28.78
2020-02-03,342.5,367.8,332.1,352.5,617434.0,24.13
2020-02-04,355.45,368.0,350.0,352.35,335274.0,27.73
2020-02-05,354.9,383.0,354.0,375.5,474406.0,37.86
2020-02-06,377.8,386.25,368.55,381.25,353385.0,35.56
2020-02-07,381.4,381.55,370.0,373.45,135129.0,33.27
2020-02-10,370.15,372.4,358.0,362.0,154310.0,40.6
2020-02-11,363.95,383.5,362.0,379.1,477508.0,44.55
2020-02-12,381.0,381.0,368.1,372.2,136719.0,32.17
2020-02-13,373.75,373.75,362.0,363.35,105565.0,41.61
2020-02-14,365.4,367.9,358.3,365.15,124712.0,31.65
2020-02-17,369.0,369.15,359.8,360.7,73614.0,41.91
2020-02-18,359.8,359.8,341.05,348.35,178175.0,31.92
2020-02-19,354.6,367.7,347.0,364.8,205592.0,35.92
2020-02-20,364.0,372.0,362.6,365.25,134806.0,45.02
2020-02-21,364.0,372.0,362.6,365.25,134806.0,45.02
2020-02-24,365.0,365.7,347.0,350.7,119362.0,56.28
2020-02-25,351.0,360.0,338.5,340.5,182644.0,41.4
2020-02-26,340.0,342.55,329.0,333.6,226089.0,56.59
2020-02-27,330.35,334.4,315.0,316.55,322342.0,54.59
2020-02-28,305.0,308.35,286.2,290.35,291395.0,51.09
2020-03-02,296.55,309.0,292.05,302.65,361534.0,51.64
2020-03-03,305.9,332.0,305.85,318.85,730470.0,24.98
2020-03-04,321.5,325.0,294.05,307.0,279867.0,27.37
2020-03-05,315.0,323.9,291.0,318.25,647646.0,30.71
2020-03-06,296.05,310.0,291.8,302.5,175254.0,38.29
2020-03-09,293.0,310.0,290.0,299.05,232157.0,48.13
2020-03-10,293.0,310.0,290.0,299.05,232157.0,48.13
2020-03-11,298.0,302.1,277.1,281.85,264429.0,40.15
2020-03-12,260.6,262.75,225.5,225.5,680341.0,63.84
2020-03-13,195.0,264.7,184.95,252.9,725962.0,42.44
2020-03-16,242.0,242.7,204.95,209.55,1115006.0,60.95
2020-03-17,211.5,220.0,199.55,210.25,495939.0,50.38
2020-03-18,218.0,218.75,169.0,170.1,815857.0,50.88
2020-03-19,155.0,174.0,153.0,159.35,795564.0,48.6
2020-03-20,166.0,170.8,155.35,157.65,562341.0,48.66
2020-03-23,141.9,169.55,141.9,161.4,420824.0,54.41
2020-03-24,165.15,175.0,160.0,167.9,149709.0,55.87
2020-03-25,163.15,178.0,163.0,172.45,615952.0,92.76
2020-03-26,179.0,189.65,175.0,189.65,102405.0,72.46
2020-03-27,197.0,208.6,180.2,194.45,247024.0,70.56
2020-03-30,189.7,190.0,175.05,176.4,162341.0,72.39
2020-03-31,183.0,183.0,165.05,168.2,274570.0,70.73
2020-04-01,170.0,185.0,163.3,181.3,483143.0,33.49
2020-04-02,170.0,185.0,163.3,181.3,483143.0,33.49
2020-04-03,182.0,189.2,177.05,182.0,155155.0,37.92
2020-04-06,182.0,189.2,177.05,182.0,155155.0,37.92
2020-04-07,183.0,195.3,183.0,193.65,224305.0,70.03
2020-04-08,192.0,198.45,181.1,184.75,116864.0,45.64
2020-04-09,189.95,193.0,178.0,181.85,274466.0,50.39
2020-04-10,189.95,193.0,178.0,181.85,274466.0,50.39
2020-04-13,181.8,181.8,171.0,172.55,110794.0,51.04
2020-04-15,177.2,183.0,172.3,174.3,533809.0,71.8
2020-04-16,174.1,180.0,170.0,176.0,466199.0,72.15
2020-04-17,188.0,188.0,176.3,181.3,466896.0,46.1
2020-04-20,184.7,189.7,178.05,184.95,818262.0,57.03
2020-04-21,179.0,181.8,172.05,178.35,948074.0,76.46
2020-04-22,179.85,188.0,173.4,182.8,1027027.0,49.44
2020-04-23,183.95,184.95,175.5,176.3,600528.0,62.81
2020-04-24,175.45,175.45,167.1,167.95,352645.0,59.3
2020-04-27,169.9,170.75,162.5,163.45,497547.0,69.22
2020-04-28,165.9,172.9,160.65,168.2,892096.0,72.95
2020-04-29,171.0,184.9,170.1,171.75,3919935.0,30.84
2020-04-30,173.95,175.8,172.25,173.95,911204.0,62.8
2020-05-01,173.95,175.8,172.25,173.95,911204.0,62.8
2020-05-04,168.0,169.05,162.1,163.55,295692.0,56.37
2020-05-05,167.0,167.65,162.1,164.3,428982.0,47.76
2020-05-06,165.3,165.9,157.15,161.0,418665.0,50.33
2020-05-07,162.9,166.0,161.25,163.75,270858.0,41.78
2020-05-08,165.0,169.15,154.65,160.15,766336.0,44.46
2020-05-11,166.25,168.0,158.1,159.15,1165920.0,36.97
2020-05-12,156.5,158.0,151.25,153.55,578320.0,54.06
2020-05-13,162.45,162.55,154.1,155.0,755886.0,61.33
2020-05-14,156.95,158.6,154.25,157.0,444876.0,51.77
2020-05-15,160.0,163.5,152.5,153.2,1112409.0,39.17
2020-05-18,151.0,152.9,138.05,139.0,1129643.0,65.67
2020-05-19,141.0,142.75,133.65,134.85,1126578.0,60.48
2020-05-20,135.8,140.5,134.1,137.45,858556.0,54.27
2020-05-21,140.2,144.5,138.1,141.1,891772.0,58.23
2020-05-22,141.8,142.8,136.2,139.4,570327.0,46.58
2020-05-25,141.8,142.8,136.2,139.4,570327.0,46.58
2020-05-26,141.4,141.6,136.75,136.9,454263.0,51.27
2020-05-27,138.9,144.4,136.1,140.45,741030.0,46.86
2020-05-28,141.1,146.5,141.1,145.15,756480.0,39.31
2020-05-29,145.75,159.35,144.0,156.45,1720892.0,47.27
2020-06-01,157.9,161.15,152.15,154.3,800959.0,55.3
2020-06-02,155.0,167.25,152.45,165.1,1578609.0,30.22
2020-06-03,166.0,173.7,163.3,169.15,1295995.0,34.31
2020-06-04,170.0,173.85,161.5,163.95,566140.0,44.95
2020-06-05,162.75,173.5,162.75,170.05,1604951.0,58.94
2020-06-08,172.5,181.9,172.5,179.1,1138913.0,55.84
2020-06-09,180.6,182.85,176.95,181.0,1284082.0,74.11
2020-06-10,181.0,191.4,177.0,190.2,1415423.0,47.38
2020-06-11,190.25,198.8,187.25,190.6,1098248.0,48.21
2020-06-12,180.0,206.9,178.0,200.9,1439591.0,30.92
2020-06-15,201.9,202.7,194.25,196.25,515340.0,50.36
2020-06-16,199.1,203.7,189.05,193.95,767023.0,46.51
2020-06-17,191.0,205.2,189.55,200.5,623958.0,44.3
2020-06-18,205.95,219.6,198.05,209.1,1697064.0,34.33
2020-06-19,209.0,215.8,207.0,210.3,926152.0,42.53
2020-06-22,216.0,216.5,211.5,214.95,421583.0,44.52
2020-06-23,216.45,244.7,214.0,239.6,1855926.0,25.73
2020-06-24,241.0,243.9,214.05,226.8,1011605.0,46.4
2020-06-25,215.0,230.0,215.0,220.9,1101525.0,46.55
2020-06-26,227.0,230.0,221.0,223.95,525171.0,37.85
2020-06-29,224.5,227.0,213.35,214.6,365695.0,58.7
2020-06-30,216.95,221.95,208.05,209.6,510266.0,50.21
2020-07-01,210.9,210.9,205.0,205.55,384436.0,46.45
2020-07-02,206.55,208.9,199.0,201.1,344413.0,35.08
2020-07-03,202.9,208.0,201.1,204.9,763656.0,55.92
2020-07-06,206.65,225.8,205.1,218.35,1427450.0,33.9
2020-07-07,214.0,216.6,210.0,211.05,1094361.0,63.15
2020-07-08,211.05,211.95,198.5,200.0,759761.0,57.57
2020-07-09,204.3,206.45,197.05,199.45,683250.0,39.73
2020-07-10,197.0,201.15,193.5,194.45,499711.0,37.29
2020-07-13,196.0,197.0,187.5,189.15,380984.0,41.63
2020-07-14,189.0,191.6,181.5,185.5,515765.0,38.96
2020-07-15,187.2,189.15,181.05,182.45,456904.0,43.02
2020-07-16,182.55,182.65,167.0,171.15,1075099.0,47.13
2020-07-17,171.35,173.9,168.0,169.6,946432.0,48.73
2020-07-20,170.05,178.8,170.05,175.95,780166.0,30.53
2020-07-21,176.5,184.0,175.9,180.0,747250.0,32.18
2020-07-22,181.4,181.5,173.15,174.25,683717.0,25.47
2020-07-23,174.9,182.0,173.5,181.3,716954.0,38.22
2020-07-24,180.2,182.8,175.1,176.55,398945.0,32.75
2020-07-27,177.8,177.9,171.1,172.55,347445.0,38.11
2020-07-28,176.0,197.35,173.3,193.3,3457713.0,19.29
2020-07-29,194.9,203.0,191.85,194.9,1562481.0,17.7
2020-07-30,196.55,199.9,190.2,195.8,1053099.0,13.86
2020-07-31,195.15,198.5,193.05,196.9,1059771.0,16.53
2020-08-03,195.7,204.0,194.25,200.4,894008.0,39.67
2020-08-04,199.0,207.7,199.0,202.6,1336388.0,20.88
2020-08-05,203.6,205.7,202.5,203.85,497497.0,14.63
2020-08-06,203.8,222.5,201.2,220.85,2784881.0,21.9
2020-08-07,224.2,232.0,222.0,225.1,1620051.0,31.49
2020-08-10,231.0,250.0,227.5,244.9,2267484.0,42.79
2020-08-11,243.9,243.9,234.05,238.55,1224243.0,25.42
2020-08-12,238.4,238.4,230.0,231.7,425099.0,41.95
2020-08-13,232.85,239.4,229.15,231.4,1200015.0,58.22
2020-08-14,233.25,239.0,230.05,232.55,470442.0,26.15
2020-08-17,237.9,241.35,232.55,235.8,442783.0,22.78
2020-08-18,236.6,242.8,233.45,237.55,553032.0,24.38
2020-08-19,239.3,254.8,237.6,250.4,1854441.0,19.32
2020-08-20,248.7,259.0,246.05,256.4,977257.0,28.75
2020-08-21,259.8,261.0,250.0,250.95,470260.0,45.38
2020-08-24,251.0,253.45,240.0,242.2,445640.0,45.27
2020-08-25,244.8,244.8,234.1,235.2,500420.0,41.36
2020-08-26,235.9,241.95,232.5,240.4,651349.0,43.45
2020-08-27,243.0,264.55,242.25,259.85,2669034.0,30.22
2020-08-28,263.0,266.65,256.0,263.05,831759.0,40.87
2020-08-31,283.7,283.7,242.9,247.9,794044.0,34.68
2020-09-01,248.8,259.8,240.15,255.6,455271.0,17.05
2020-09-02,255.5,259.7,250.0,256.3,543461.0,10.53
2020-09-03,257.2,259.95,252.5,256.25,334568.0,17.17
2020-09-04,246.0,253.5,245.0,247.3,328034.0,26.48
2020-09-07,247.35,251.75,240.05,241.25,243564.0,29.09
2020-09-08,241.05,247.0,234.5,235.65,498779.0,15.44
2020-09-09,234.5,234.5,222.0,223.9,591291.0,49.06
2020-09-10,226.75,239.4,224.0,234.65,714925.0,37.34
2020-09-11,235.95,244.8,234.15,242.85,537954.0,15.83
2020-09-14,242.5,265.9,242.45,264.15,1699630.0,44.7
2020-09-15,262.9,262.95,252.7,254.5,444063.0,18.62
2020-09-16,256.4,265.5,255.0,265.0,755596.0,58.05
2020-09-17,264.0,267.7,256.35,263.55,654025.0,32.62
2020-09-18,261.8,267.0,251.6,255.25,495361.0,49.15
2020-09-21,256.55,259.75,235.8,242.25,391466.0,29.53
2020-09-22,244.0,258.0,222.2,232.75,561815.0,19.92
2020-09-23,234.05,251.45,234.05,246.3,685895.0,15.53
2020-09-24,240.0,242.65,230.0,232.25,253871.0,34.96
2020-09-25,235.75,245.9,235.3,244.4,400098.0,19.22
2020-09-28,247.5,255.0,246.2,250.35,330405.0,21.34
2020-09-29,251.8,253.85,241.65,245.4,311726.0,11.84
2020-09-30,245.95,254.0,242.3,251.85,444631.0,43.75
2020-10-01,254.4,265.0,252.15,253.85,783823.0,28.73
2020-10-02,254.4,265.0,252.15,253.85,783823.0,28.73
2020-10-05,256.3,257.7,250.05,252.3,241632.0,36.73
2020-10-06,255.8,260.0,255.4,258.0,474948.0,55.17
2020-10-07,261.5,261.5,256.05,259.55,232471.0,35.13
2020-10-08,259.0,264.6,257.65,259.6,411251.0,52.44
2020-10-09,263.9,265.0,256.4,258.25,285241.0,30.75
2020-10-12,257.9,258.85,246.8,251.15,192960.0,36.34
2020-10-13,251.8,256.65,248.85,253.95,181311.0,22.23
2020-10-14,253.2,262.0,247.1,260.9,461653.0,52.51
2020-10-15,262.0,263.5,244.2,247.95,1078934.0,21.15
2020-10-16,249.8,263.0,245.85,260.4,654860.0,36.22
2020-10-19,270.0,271.0,254.6,258.05,1098992.0,28.48
2020-10-20,253.0,261.95,250.95,259.95,579402.0,35.03
2020-10-21,260.95,262.5,247.35,252.2,1073745.0,35.14
2020-10-22,251.8,262.35,250.3,254.3,1059021.0,31.79
2020-10-23,256.9,259.95,252.1,254.3,645390.0,58.55
2020-10-26,255.55,255.55,249.8,251.45,244489.0,39.18
2020-10-27,250.0,252.0,244.4,246.55,329362.0,26.39
2020-10-28,247.9,249.3,243.05,245.0,192392.0,44.16
2020-10-29,243.9,246.75,241.05,244.55,181466.0,47.51
2020-10-30,244.0,255.9,243.95,250.6,430589.0,36.27
2020-11-02,252.9,254.9,241.2,243.95,367429.0,40.19
2020-11-03,246.85,248.5,245.25,246.35,146149.0,40.82
2020-11-04,248.35,250.9,243.4,247.75,151543.0,37.54
2020-11-05,249.7,256.6,248.6,254.9,408873.0,64.0
2020-11-06,251.5,257.35,251.5,254.8,363469.0,45.73
2020-11-09,255.1,260.5,255.1,259.45,617134.0,56.8
2020-11-10,263.0,265.0,255.55,257.0,381121.0,41.05
2020-11-11,255.45,261.9,254.1,259.4,437576.0,61.53
2020-11-12,259.5,264.9,258.05,260.95,912548.0,36.4
2020-11-13,263.0,263.9,261.0,262.6,571396.0,37.93
2020-11-16,263.9,266.1,263.0,264.35,81992.0,61.79
2020-11-17,266.0,266.0,256.35,260.2,439406.0,43.45
2020-11-18,258.5,274.0,258.3,271.8,1177952.0,46.69
2020-11-19,270.25,289.0,270.25,277.4,1674106.0,33.02
2020-11-20,279.5,281.0,271.25,275.0,504166.0,38.18
2020-11-23,280.0,284.0,272.6,274.3,1206220.0,59.31
2020-11-24,275.95,281.9,273.85,279.25,1088708.0,27.79
2020-11-25,281.45,285.45,275.0,275.45,630702.0,25.27
2020-11-26,276.0,279.5,274.35,275.05,456808.0,71.54
2020-11-27,275.05,277.55,265.1,267.3,738678.0,63.68
2020-11-30,275.05,277.55,265.1,267.3,738678.0,63.68
2020-12-01,270.1,291.0,266.5,289.45,1493498.0,39.72
2020-12-02,289.9,295.35,285.5,290.25,1005268.0,65.77
2020-12-03,292.0,296.7,286.55,289.3,787001.0,67.82
2020-12-04,290.75,291.4,285.4,289.15,214676.0,35.13
2020-12-07,290.8,294.0,287.25,288.7,235369.0,44.44
2020-12-08,290.15,295.2,284.3,286.95,387584.0,51.8
2020-12-09,295.0,300.0,290.0,292.6,815516.0,38.3
2020-12-10,292.6,295.0,285.85,288.1,435589.0,55.34
2020-12-11,289.85,292.0,281.5,287.85,341893.0,43.95
2020-12-14,288.9,289.3,281.0,281.95,396099.0,59.82
2020-12-15,283.0,283.6,271.5,272.4,647446.0,60.26
2020-12-16,273.4,281.4,273.4,279.4,1302713.0,55.58
2020-12-17,280.5,280.55,272.2,274.35,356422.0,43.55
2020-12-18,274.2,279.9,273.1,274.7,287300.0,33.5
2020-12-21,275.0,278.8,255.3,267.35,515600.0,56.18
2020-12-22,267.0,268.55,247.85,255.55,494162.0,37.53
2020-12-23,258.0,270.55,258.0,266.0,422714.0,33.66
2020-12-24,267.45,272.5,265.0,266.75,298498.0,54.74
2020-12-25,267.45,272.5,265.0,266.75,298498.0,54.74
2020-12-28,273.95,275.8,271.0,272.4,263088.0,37.97
2020-12-29,275.0,276.8,267.0,268.2,202067.0,48.7
2020-12-30,270.0,270.9,261.6,264.9,639926.0,62.39
2020-12-31,266.5,270.5,264.5,266.1,306042.0,45.36
2021-01-01,267.45,272.75,265.65,266.8,593761.0,50.06
2021-01-04,269.4,274.0,268.65,272.95,428897.0,55.92
2021-01-05,268.15,280.85,268.15,275.3,545219.0,37.5
2021-01-06,276.8,286.0,275.3,280.9,1263689.0,43.83
2021-01-07,285.95,288.2,281.2,282.6,503751.0,44.31
2021-01-08,285.45,290.2,280.6,286.65,2217568.0,78.33
2021-01-11,293.5,293.5,284.05,290.95,671844.0,46.78
2021-01-12,290.0,305.1,286.15,296.55,1896975.0,53.62
2021-01-13,298.8,304.8,288.2,295.35,978988.0,30.31
2021-01-14,293.1,297.75,292.2,294.6,239284.0,46.91
2021-01-15,294.6,296.8,287.0,289.15,277424.0,58.5
2021-01-18,287.0,288.8,274.5,278.35,536003.0,71.83
2021-01-19,281.15,294.35,281.1,286.05,433320.0,29.35
2021-01-20,287.0,292.0,285.0,290.5,272399.0,63.09
2021-01-21,292.0,292.95,278.2,280.25,514417.0,60.02
2021-01-22,281.4,282.65,271.5,276.15,232045.0,46.4
2021-01-25,280.0,281.95,273.0,278.7,149558.0,40.88
2021-01-26,280.0,281.95,273.0,278.7,149558.0,40.88
2021-01-27,280.0,283.0,275.5,280.7,301322.0,53.11
2021-01-28,278.05,279.8,267.0,269.2,478707.0,56.49
2021-01-29,271.0,273.5,266.0,267.5,527848.0,68.86
2021-02-01,269.0,282.6,268.95,278.8,823543.0,47.74
2021-02-02,283.8,286.8,278.0,284.25,391758.0,63.28
2021-02-03,287.9,293.9,282.6,290.25,441741.0,46.45
2021-02-04,290.85,291.25,282.0,282.7,738709.0,64.37
2021-02-05,285.4,286.25,278.0,281.1,456129.0,56.54
2021-02-08,282.4,288.0,280.05,283.3,230051.0,59.36
2021-02-09,286.0,290.5,281.55,282.65,478569.0,57.24
2021-02-10,284.0,293.5,280.5,291.7,762885.0,39.43
2021-02-11,293.7,293.7,285.0,286.75,490876.0,75.31
2021-02-12,286.0,287.0,280.5,286.3,330179.0,46.13
2021-02-15,289.75,293.0,285.0,291.1,580416.0,63.62
2021-02-16,291.1,293.7,283.2,284.9,421650.0,35.77
2021-02-17,289.95,299.7,285.6,294.95,570937.0,47.24
2021-02-18,297.8,315.0,297.0,311.75,2011887.0,41.87
2021-02-19,312.0,313.0,292.6,297.55,366284.0,42.06
2021-02-22,297.55,301.3,280.0,282.05,409442.0,48.59
2021-02-23,284.9,307.9,283.95,298.4,1680365.0,25.28
2021-02-24,300.7,309.5,297.0,306.85,1253802.0,77.4
2021-02-25,309.0,311.85,301.1,308.15,582885.0,30.91
2021-02-26,299.6,303.5,290.1,298.1,1444646.0,71.5
2021-03-01,300.5,307.65,298.75,303.35,726733.0,71.43
2021-03-02,305.8,309.95,298.1,302.85,1084361.0,42.4
2021-03-03,305.75,308.0,298.5,301.25,894325.0,69.98
2021-03-04,300.05,306.5,297.4,299.55,735360.0,42.51
2021-03-05,298.1,302.25,292.35,295.35,268676.0,45.58
2021-03-08,296.9,304.5,292.1,293.8,835179.0,29.71
2021-03-09,294.0,296.7,284.5,287.8,1011029.0,73.79
2021-03-10,289.95,297.9,288.2,291.15,514187.0,64.45
2021-03-11,289.95,297.9,288.2,291.15,514187.0,64.45
2021-03-12,303.0,303.5,289.45,293.1,1529822.0,68.22
2021-03-15,296.3,296.3,282.1,287.65,504351.0,63.08
2021-03-16,288.2,290.5,272.05,274.65,953315.0,61.34
2021-03-17,276.0,279.5,271.0,276.4,271267.0,37.15
2021-03-18,279.5,283.0,270.0,277.55,368986.0,42.24
2021-03-19,278.6,289.8,269.15,285.6,801846.0,67.55
2021-03-22,286.05,300.5,283.6,299.4,883644.0,41.22
2021-03-23,295.0,305.4,291.5,303.5,698310.0,56.14
2021-03-24,299.5,314.9,295.55,304.35,1123545.0,24.58
2021-03-25,306.95,309.8,292.5,306.35,571583.0,32.55
2021-03-26,308.0,312.5,303.0,308.1,502866.0,33.35
2021-03-29,308.0,312.5,303.0,308.1,502866.0,33.35
2021-03-30,311.15,312.0,294.5,309.15,427081.0,60.27
2021-03-31,305.0,308.4,301.15,305.6,544724.0,72.74
2021-04-01,306.4,310.0,300.25,308.85,427152.0,53.09
2021-04-02,306.4,310.0,300.25,308.85,427152.0,53.09
2021-04-05,306.35,307.1,292.85,299.45,270617.0,49.44
2021-04-06,301.5,313.45,299.0,308.45,380892.0,32.59
2021-04-07,308.8,319.0,305.75,311.05,771051.0,43.34
2021-04-08,313.0,322.6,310.0,311.5,606439.0,37.44
2021-04-09,310.0,325.0,306.35,312.1,454318.0,58.96
2021-04-12,307.5,307.5,287.85,300.9,336990.0,43.86
2021-04-13,295.3,302.7,290.65,301.05,340130.0,51.57
2021-04-14,295.3,302.7,290.65,301.05,340130.0,51.57
2021-04-15,297.0,313.75,289.5,305.95,468213.0,52.37
2021-04-16,305.95,308.6,290.55,295.15,434311.0,52.6
2021-04-19,286.4,288.0,276.6,278.65,389448.0,44.69
2021-04-20,284.0,284.05,273.0,275.1,275581.0,38.24
2021-04-21,284.0,284.05,273.0,275.1,275581.0,38.24
2021-04-22,273.0,279.05,272.0,276.75,308257.0,53.42
2021-04-23,273.0,277.8,271.65,275.75,284124.0,54.86
2021-04-26,278.8,281.0,272.0,274.35,224767.0,45.21
2021-04-27,275.8,277.3,273.8,274.5,128093.0,48.23
2021-04-28,277.4,280.3,275.0,275.65,295161.0,60.27
2021-04-29,280.0,280.0,274.0,276.05,445316.0,77.7
2021-04-30,273.15,275.95,271.0,271.85,349938.0,69.11
2021-05-03,270.4,273.65,263.0,266.65,514167.0,82.98
2021-05-04,268.0,271.9,265.0,267.25,487976.0,82.26
2021-05-05,268.0,273.95,267.85,271.85,268218.0,61.18
2021-05-06,273.9,276.45,270.6,274.1,859716.0,78.51
2021-05-07,274.1,277.4,271.0,272.35,190257.0,50.11
2021-05-10,272.05,274.25,266.7,268.2,204790.0,59.78
2021-05-11,268.6,277.9,268.55,270.55,553907.0,45.95
2021-05-12,273.0,273.0,267.5,268.3,192456.0,63.01
2021-05-13,273.0,273.0,267.5,268.3,192456.0,63.01
2021-05-14,268.6,271.1,266.45,267.0,150560.0,62.57
2021-05-17,267.9,279.0,266.1,270.7,1007560.0,34.99
2021-05-18,274.0,274.0,268.65,269.45,561356.0,58.4
2021-05-19,269.0,272.8,268.85,269.9,366914.0,64.42
2021-05-20,271.95,272.5,267.0,267.5,300473.0,51.85
2021-05-21,270.0,271.05,267.0,267.85,254367.0,60.84
2021-05-24,270.6,270.6,266.1,267.4,340849.0,59.37
2021-05-25,269.35,271.5,266.1,266.55,252451.0,57.28
2021-05-26,268.0,278.4,267.7,274.45,1226381.0,32.59
2021-05-27,276.9,276.9,269.65,270.05,569283.0,54.93
2021-05-28,270.55,275.35,270.5,272.3,1008880.0,71.23
2021-05-31,274.3,275.8,270.65,273.2,778606.0,41.51
2021-06-01,275.45,275.45,270.0,271.95,294995.0,41.32
2021-06-02,272.0,274.3,271.4,273.05,386224.0,59.66
2021-06-03,277.0,293.5,276.0,287.75,2837252.0,24.75
2021-06-04,288.95,295.7,287.05,289.25,768689.0,30.41
2021-06-07,292.2,293.0,287.0,288.1,392207.0,35.42
2021-06-08,290.5,293.95,290.45,291.55,425473.0,43.03
2021-06-09,310.0,317.0,280.35,288.05,5856541.0,23.84
2021-06-10,290.7,299.0,290.05,296.75,1324973.0,33.5
2021-06-11,299.0,302.0,292.55,293.6,521983.0,42.39
2021-06-14,295.0,295.0,282.25,288.75,516289.0,43.7
2021-06-15,290.8,295.0,286.25,287.95,390399.0,49.03
2021-06-16,288.05,292.95,282.25,284.05,457815.0,33.41
2021-06-17,283.0,286.9,280.1,281.1,268060.0,44.77
2021-06-18,283.85,283.85,274.0,282.05,356722.0,41.72
2021-06-21,283.0,292.7,278.85,292.0,709086.0,38.85
2021-06-22,295.0,300.5,284.05,288.4,1259456.0,49.56
2021-06-23,289.9,291.5,285.05,286.15,268518.0,39.61
2021-06-24,286.2,291.65,285.85,289.2,297791.0,49.84
2021-06-25,291.5,293.4,286.0,286.8,362737.0,51.31
2021-06-28,287.85,293.5,285.7,289.4,306760.0,43.07
2021-06-29,290.0,296.2,287.5,291.15,669686.0,45.87
2021-06-30,294.2,294.2,288.1,289.55,285792.0,50.94
2021-07-01,290.0,292.2,284.0,285.05,236334.0,53.3
2021-07-02,286.5,290.95,284.2,284.85,251520.0,42.34
2021-07-05,289.0,290.45,286.0,289.25,393214.0,57.31
2021-07-06,293.1,293.8,286.65,288.2,991399.0,78.92
2021-07-07,289.8,295.85,286.0,287.5,1048545.0,44.3
2021-07-08,289.9,291.1,285.0,289.1,505949.0,44.87
2021-07-09,291.0,299.75,290.45,296.35,1232923.0,43.84
2021-07-12,299.0,306.85,298.0,304.2,2263863.0,51.41
2021-07-13,310.0,313.0,301.6,303.6,1063176.0,51.4
2021-07-14,304.5,305.9,298.8,300.25,383218.0,55.51
2021-07-15,302.0,325.95,300.25,318.35,4206233.0,37.94
2021-07-16,319.0,334.4,311.5,329.65,3058698.0,29.87
2021-07-19,324.4,348.45,322.0,336.5,3879647.0,21.54
2021-07-20,338.0,341.8,324.0,329.05,1133240.0,31.27
2021-07-21,338.0,341.8,324.0,329.05,1133240.0,31.27
2021-07-22,334.6,347.9,331.25,344.4,1638847.0,35.06
2021-07-23,346.65,356.0,340.25,348.8,1642866.0,32.1
2021-07-26,348.65,357.0,338.85,342.55,906269.0,36.87
2021-07-27,344.3,352.0,333.0,336.4,1428393.0,52.49
2021-07-28,339.25,339.6,326.25,330.7,519280.0,32.1
2021-07-29,334.2,342.5,333.8,340.7,792725.0,32.27
2021-07-30,339.0,344.9,335.95,340.65,1480292.0,74.44
2021-08-02,343.7,369.0,342.5,364.4,5278442.0,47.42
2021-08-03,365.1,377.8,365.1,372.05,4456572.0,42.72
2021-08-04,372.25,374.0,362.5,368.2,1007630.0,39.62
2021-08-05,369.45,371.05,356.0,358.1,793756.0,40.42
2021-08-06,358.1,370.75,357.1,360.15,1009817.0,40.29
2021-08-09,361.8,363.25,350.1,352.4,426174.0,40.56
2021-08-10,352.9,361.1,343.65,352.5,1196607.0,41.93
2021-08-11,348.1,372.0,323.65,360.95,2410341.0,27.73
2021-08-12,362.0,367.4,350.55,355.0,610965.0,29.49
2021-08-13,358.0,358.0,336.05,338.8,640859.0,40.76
2021-08-16,339.7,350.25,338.95,345.55,826206.0,31.16
2021-08-17,340.6,350.0,339.0,348.35,353687.0,31.17
2021-08-18,345.1,350.45,337.65,344.6,604292.0,44.36
2021-08-19,345.1,350.45,337.65,344.6,604292.0,44.36
2021-08-20,339.0,342.95,329.0,331.95,675572.0,40.18
2021-08-23,332.1,337.7,315.5,324.0,754732.0,44.01
2021-08-24,327.4,342.4,324.0,339.3,280992.0,35.33
2021-08-25,342.4,349.15,338.4,346.9,1117472.0,81.77
2021-08-26,346.9,354.0,337.45,350.65,584030.0,50.79
2021-08-27,348.2,357.95,348.2,351.7,1066385.0,75.79
2021-08-30,354.85,355.8,346.0,347.8,487332.0,54.42
2021-08-31,349.9,354.35,349.4,352.65,861054.0,51.73
2021-09-01,350.0,383.35,350.0,372.25,3470392.0,44.64
2021-09-02,372.25,386.4,363.95,383.15,2110523.0,34.04
2021-09-03,386.0,436.8,385.8,422.7,10331644.0,19.28
2021-09-06,424.0,501.9,415.65,479.45,10709792.0,13.54
2021-09-07,487.7,487.7,450.0,451.2,5230670.0,31.8
2021-09-08,453.0,455.5,434.0,442.75,1892022.0,41.6
2021-09-09,437.6,441.45,426.15,429.25,1053295.0,53.34
2021-09-10,437.6,441.45,426.15,429.25,1053295.0,53.34
2021-09-13,429.0,442.5,428.0,436.0,1502952.0,60.0
2021-09-14,435.75,444.4,424.2,433.9,969686.0,49.89
2021-09-15,435.0,437.75,425.0,427.65,589163.0,63.33
2021-09-16,430.0,435.8,423.0,425.8,548189.0,56.72
2021-09-17,430.0,442.5,408.0,410.6,2312603.0,40.7
2021-09-20,405.8,415.4,392.0,395.9,1134714.0,42.1
2021-09-21,396.4,427.8,394.0,418.85,5774056.0,23.68
2021-09-22,426.0,446.5,419.0,430.9,4488132.0,33.55
2021-09-23,434.3,467.7,431.8,456.35,5279176.0,26.36
2021-09-24,459.0,473.9,450.65,459.1,3924263.0,26.15
2021-09-27,464.0,503.15,462.5,494.6,4918987.0,34.08
2021-09-28,502.0,507.3,465.6,474.5,3030447.0,25.24
2021-09-29,465.0,482.75,460.15,478.15,2037043.0,19.68
2021-09-30,479.2,496.2,475.9,490.85,1960530.0,29.04
2021-10-01,487.9,489.0,473.65,480.95,1025401.0,38.32
2021-10-04,481.0,492.0,478.0,484.6,879818.0,21.96
2021-10-05,483.0,483.3,475.0,477.0,496062.0,40.44
2021-10-06,479.0,482.0,455.0,457.3,850807.0,44.88
2021-10-07,467.0,494.8,467.0,484.6,2511785.0,24.33
2021-10-08,487.0,491.7,475.15,481.7,1064702.0,39.77
2021-10-11,483.0,502.0,474.05,484.15,2728409.0,28.01
2021-10-12,481.75,487.7,467.8,471.0,1022931.0,40.96
2021-10-13,473.5,475.95,453.5,458.3,1097344.0,42.51
2021-10-14,463.0,471.6,451.2,453.55,879300.0,27.73
2021-10-15,463.0,471.6,451.2,453.55,879300.0,27.73
2021-10-18,456.9,459.3,445.6,450.5,763200.0,54.23
2021-10-19,450.0,454.55,435.4,440.75,1176979.0,36.59
2021-10-20,440.95,445.65,424.0,433.6,937570.0,38.73
2021-10-21,437.5,444.35,416.0,419.35,1487167.0,37.05
2021-10-22,424.0,443.0,421.1,437.95,1527372.0,26.85
2021-10-25,442.85,448.5,417.05,421.0,912762.0,27.02
2021-10-26,420.8,445.45,419.95,441.1,1156595.0,31.62
2021-10-27,444.9,448.4,430.6,432.9,1020590.0,42.93
2021-10-28,436.7,436.7,418.0,421.6,433461.0,37.26
2021-10-29,420.5,442.0,406.1,426.1,1024883.0,18.54
2021-11-01,430.85,442.8,430.0,435.7,999332.0,32.75
2021-11-02,435.0,466.5,435.0,463.6,2686407.0,25.33
2021-11-03,466.0,476.6,462.2,466.0,1362387.0,23.25
2021-11-04,466.0,476.6,462.2,466.0,1362387.0,23.25
2021-11-05,469.7,475.0,466.6,470.2,223691.0,44.46
2021-11-08,474.0,492.0,464.75,487.85,1561090.0,45.32
2021-11-09,489.0,517.0,489.0,514.85,3867720.0,30.75
2021-11-10,514.75,522.0,492.5,514.55,2261928.0,25.84
2021-11-11,515.8,518.8,492.5,495.7,1078907.0,32.62
2021-11-12,484.0,517.0,475.3,510.55,2044647.0,24.4
2021-11-15,514.0,516.25,486.55,490.95,856648.0,35.74
2021-11-16,490.9,501.6,475.8,479.65,834983.0,28.98
2021-11-17,478.5,485.5,461.2,466.25,680539.0,31.85
2021-11-18,468.5,472.15,452.85,466.75,824258.0,28.28
2021-11-19,468.5,472.15,452.85,466.75,824258.0,28.28
2021-11-22,465.0,465.0,440.0,441.6,911920.0,26.19
2021-11-23,436.0,457.05,431.0,441.2,1092859.0,34.06
2021-11-24,440.0,448.0,432.5,435.85,1025963.0,34.2
2021-11-25,435.85,473.95,435.7,467.45,1632423.0,25.14
2021-11-26,463.0,463.0,437.0,440.2,1329017.0,25.48
2021-11-29,440.2,442.0,412.3,416.5,1045694.0,24.52
2021-11-30,415.9,436.8,414.0,421.75,1138369.0,20.4
2021-12-01,425.0,446.95,417.55,442.75,1420390.0,17.27
2021-12-02,437.0,449.9,433.25,446.35,638702.0,17.43
2021-12-03,446.6,451.95,431.0,436.4,451461.0,21.17
2021-12-06,438.2,455.5,433.7,439.0,1129402.0,20.9
2021-12-07,443.0,446.25,438.2,440.75,488579.0,27.86
2021-12-08,444.0,456.4,442.15,451.0,504044.0,27.51
2021-12-09,451.3,470.1,451.3,467.5,808407.0,28.32
2021-12-10,465.0,479.0,447.0,472.7,828179.0,24.24
2021-12-13,474.8,487.0,458.0,460.6,851800.0,34.58
2021-12-14,458.5,466.6,451.0,461.35,493330.0,16.08
2021-12-15,461.95,463.75,448.0,450.1,471463.0,43.89
2021-12-16,453.0,467.4,449.5,455.3,860175.0,33.39
2021-12-17,454.7,458.85,438.25,450.85,2351567.0,80.13
2021-12-20,441.5,454.45,424.35,432.7,857059.0,36.05
2021-12-21,439.25,445.0,430.15,433.85,395804.0,23.81
2021-12-22,435.0,462.1,434.95,456.9,807963.0,35.87
2021-12-23,459.0,474.5,457.4,471.65,980384.0,25.86
2021-12-24,471.65,473.95,458.95,467.4,452767.0,23.43
2021-12-27,462.45,482.4,457.95,477.55,755365.0,41.51
2021-12-28,475.95,486.8,472.45,478.35,780448.0,38.54
2021-12-29,479.2,484.45,469.5,474.2,369089.0,30.01
2021-12-30,476.4,477.65,464.0,466.45,252332.0,30.54
2021-12-31,467.7,479.4,467.7,474.75,309041.0,24.95
2022-01-03,475.0,491.5,470.55,472.45,840412.0,30.06
2022-01-04,474.7,486.0,470.0,472.45,810008.0,43.25
2022-01-05,472.6,476.05,465.45,470.95,334060.0,27.41
2022-01-06,469.0,473.95,460.2,463.95,344516.0,27.68
2022-01-07,467.5,472.7,460.3,462.45,341095.0,25.2
2022-01-10,467.0,474.2,461.5,464.75,606162.0,52.36
2022-01-11,466.95,479.1,455.3,461.7,1351549.0,50.59
2022-01-12,467.55,501.65,466.95,471.15,4424048.0,32.07
2022-01-13,474.6,495.0,467.0,491.4,1524993.0,38.55
2022-01-14,489.6,510.0,479.0,504.45,3965540.0,43.58
2022-01-17,504.5,530.2,504.5,512.45,2699621.0,34.86
2022-01-18,537.1,554.9,522.0,526.65,4939545.0,24.55
2022-01-19,528.0,528.0,505.1,517.8,2255323.0,44.94
2022-01-20,521.5,533.7,510.0,514.2,1255610.0,30.4
2022-01-21,507.2,515.25,498.8,504.7,1236234.0,39.66
2022-01-24,503.0,504.5,451.45,480.75,1935645.0,44.63
2022-01-25,470.0,505.45,469.35,500.35,1279187.0,33.4
2022-01-26,470.0,505.45,469.35,500.35,1279187.0,33.4
2022-01-27,488.0,496.9,478.15,491.95,921118.0,36.54
2022-01-28,496.85,499.45,472.0,478.7,643136.0,30.65
2022-01-31,483.45,497.45,480.05,488.3,646257.0,39.85
2022-02-01,492.0,501.75,479.0,484.3,984060.0,32.4
2022-02-02,488.95,494.8,487.0,491.7,475691.0,47.7
2022-02-03,493.8,498.0,483.55,491.15,391341.0,26.66
2022-02-04,492.5,493.8,467.3,469.95,589399.0,43.07
2022-02-07,467.0,473.85,453.35,458.25,683285.0,59.58
2022-02-08,458.0,466.65,455.5,459.55,490462.0,46.16
2022-02-09,463.0,465.85,458.0,463.2,252056.0,46.44
2022-02-10,464.95,467.5,455.05,460.95,406057.0,44.81
2022-02-11,457.0,462.95,450.0,454.1,496072.0,70.25
2022-02-14,444.55,450.0,432.3,436.95,609391.0,55.83
2022-02-15,436.95,444.7,427.5,439.8,529844.0,42.82
2022-02-16,445.0,453.0,439.5,443.15,554731.0,52.07
2022-02-17,446.0,457.0,442.55,445.75,576086.0,37.53
2022-02-18,444.45,455.4,444.05,445.5,386680.0,42.01
2022-02-21,445.5,451.8,438.95,446.35,801460.0,45.38
2022-02-22,435.0,446.35,425.75,429.4,726924.0,48.7
2022-02-23,437.45,459.6,435.0,450.25,1192777.0,38.91
2022-02-24,432.65,444.1,428.0,433.45,1687387.0,68.64
2022-02-25,438.5,450.35,438.5,440.55,741923.0,64.11
2022-02-28,435.0,457.45,430.5,453.7,853386.0,65.4
2022-03-01,435.0,457.45,430.5,453.7,853386.0,65.4
2022-03-02,441.0,456.7,440.15,442.75,208897.0,46.0
2022-03-03,445.55,451.05,435.35,438.15,342451.0,55.83
2022-03-04,435.0,442.45,427.5,433.35,768102.0,68.18
2022-03-07,426.0,426.15,401.15,405.8,777113.0,62.08
2022-03-08,406.5,420.0,389.0,409.5,800731.0,37.49
2022-03-09,413.1,432.0,407.6,423.2,447485.0,37.03
2022-03-10,430.0,447.95,430.0,432.85,618401.0,41.6
2022-03-11,434.8,436.45,424.75,430.85,346453.0,58.7
2022-03-14,432.9,438.5,418.9,422.35,758321.0,65.69
2022-03-15,424.85,444.5,424.85,436.25,633800.0,34.27
2022-03-16,441.5,465.95,440.05,459.8,937986.0,52.46
2022-03-17,463.95,486.0,463.0,483.2,1421968.0,49.83
2022-03-18,463.95,486.0,463.0,483.2,1421968.0,49.83
2022-03-21,490.0,490.0,471.35,474.8,416564.0,38.11
2022-03-22,471.0,477.2,460.6,470.3,321879.0,45.48
2022-03-23,472.95,481.9,461.1,463.5,291275.0,43.28
2022-03-24,463.8,479.9,456.9,461.55,458066.0,43.31
2022-03-25,465.5,477.8,465.0,475.25,512120.0,45.83
2022-03-28,480.0,499.5,467.6,490.45,1157834.0,38.9
2022-03-29,490.45,496.0,483.35,492.85,472508.0,35.76
2022-03-30,501.0,504.95,475.55,481.35,1167658.0,76.46
2022-03-31,478.1,499.35,478.1,493.8,453002.0,30.9
2022-04-01,492.0,511.85,488.5,505.0,651994.0,37.22
2022-04-04,505.6,506.65,495.9,503.45,539653.0,29.17
2022-04-05,504.65,511.15,496.15,498.25,431683.0,32.51
2022-04-06,498.8,504.5,485.9,488.85,791705.0,38.98
2022-04-07,493.0,502.0,482.2,485.6,712710.0,49.32
2022-04-08,489.95,519.0,488.9,516.4,1410536.0,47.16
2022-04-11,516.4,526.45,494.9,501.6,805159.0,35.71
2022-04-12,504.65,508.2,478.05,490.0,1116450.0,49.95
2022-04-13,495.6,497.5,481.3,483.85,2846879.0,61.98
2022-04-14,495.6,497.5,481.3,483.85,2846879.0,61.98
2022-04-15,495.6,497.5,481.3,483.85,2846879.0,61.98
2022-04-18,483.0,483.0,473.3,479.05,314143.0,36.33
2022-04-19,483.0,502.7,481.2,488.15,1106080.0,39.89
2022-04-20,494.5,502.0,483.45,495.6,675398.0,51.03
2022-04-21,501.7,502.6,489.25,495.55,555377.0,58.76
2022-04-22,491.25,492.75,485.0,487.65,491849.0,61.89
2022-04-25,481.0,484.0,473.6,479.45,646118.0,54.94
2022-04-26,482.0,487.35,473.5,479.05,1142907.0,51.63
2022-04-27,475.3,481.75,473.55,477.6,218234.0,40.18
2022-04-28,477.6,479.6,469.05,474.55,747847.0,73.45
2022-04-29,475.9,487.9,465.5,474.65,1309004.0,71.24
2022-05-02,473.8,481.75,464.3,479.35,325126.0,45.48
2022-05-03,473.8,481.75,464.3,479.35,325126.0,45.48
2022-05-04,479.8,483.0,469.0,478.0,411467.0,56.77
2022-05-05,479.2,483.0,471.25,477.15,464897.0,61.97
2022-05-06,468.0,468.0,454.25,457.7,541754.0,52.58
2022-05-09,454.0,455.9,440.55,446.6,652499.0,67.65
2022-05-10,445.0,451.05,436.0,441.3,356483.0,49.34
2022-05-11,434.0,439.45,413.4,430.4,932890.0,61.32
2022-05-12,429.0,439.0,413.6,431.8,348152.0,56.29
2022-05-13,433.05,448.5,430.4,440.55,838285.0,71.24
2022-05-16,441.15,459.15,433.5,438.3,354645.0,42.97
2022-05-17,436.8,450.0,433.5,447.55,372255.0,51.54
2022-05-18,441.1,448.4,423.85,426.55,396522.0,51.55
2022-05-19,419.85,431.2,414.1,417.75,308746.0,41.99
2022-05-20,424.25,444.4,422.5,441.85,327328.0,37.27
2022-05-23,444.0,459.0,427.55,437.95,448224.0,54.27
2022-05-24,433.8,436.0,426.9,432.7,280807.0,62.38
2022-05-25,433.5,438.85,422.35,430.45,388248.0,56.3
2022-05-26,430.0,435.0,398.05,429.9,522945.0,42.99
2022-05-27,420.0,435.0,410.0,413.95,293044.0,35.17
2022-05-30,419.95,424.4,411.3,413.7,1009185.0,71.05
2022-05-31,416.95,441.0,416.1,429.15,1767282.0,52.03
2022-06-01,431.25,452.0,431.0,446.75,932537.0,40.75
2022-06-02,442.1,450.0,437.15,444.65,811143.0,75.44
2022-06-03,447.7,454.1,434.6,439.05,708170.0,73.53
2022-06-06,440.4,441.25,424.95,436.6,279952.0,44.06
2022-06-07,434.8,436.55,423.5,425.3,118941.0,39.55
2022-06-08,429.5,432.0,417.5,420.05,289524.0,34.82
2022-06-09,420.35,422.4,415.0,420.55,239468.0,57.09
2022-06-10,417.7,422.3,416.25,419.15,103165.0,47.52
2022-06-13,401.7,422.0,401.7,410.0,243255.0,58.04
2022-06-14,403.35,420.0,402.05,408.95,414364.0,63.49
2022-06-15,414.0,429.9,408.85,420.05,231596.0,41.6
2022-06-16,423.1,423.1,402.95,406.6,472270.0,67.04
2022-06-17,404.0,412.95,386.1,410.85,1340229.0,69.52
2022-06-20,412.5,415.75,379.0,386.35,592228.0,52.32
2022-06-21,387.0,407.0,387.0,403.65,289108.0,41.45
2022-06-22,404.1,404.1,386.0,394.1,596986.0,50.09
2022-06-23,394.55,401.65,391.0,397.4,439913.0,50.63
2022-06-24,402.0,402.0,386.6,390.05,598774.0,50.47
2022-06-27,392.7,401.0,391.0,398.05,523978.0,62.02
2022-06-28,398.45,405.15,397.05,401.9,616959.0,66.99
2022-06-29,399.25,402.6,393.2,398.75,389139.0,65.02
2022-06-30,398.0,401.0,385.0,387.15,224878.0,41.52
2022-07-01,385.0,391.75,381.1,387.9,209983.0,27.27
2022-07-04,389.0,396.85,385.05,394.75,346765.0,57.11
2022-07-05,394.0,402.85,387.65,401.1,458089.0,61.23
2022-07-06,399.65,410.9,395.85,409.9,499425.0,65.43
2022-07-07,416.0,428.0,410.0,424.05,572216.0,67.8
2022-07-08,427.2,427.3,417.2,425.0,258437.0,44.61
2022-07-11,420.0,431.65,418.65,430.0,181606.0,41.34
2022-07-12,429.8,437.95,423.65,432.15,259940.0,40.23
2022-07-13,435.4,438.8,417.65,437.75,412614.0,47.15
2022-07-14,437.0,439.85,430.25,436.25,697508.0,80.89
2022-07-15,433.15,438.7,426.7,429.3,354914.0,71.0
2022-07-18,430.9,447.0,427.6,442.9,555159.0,31.98
2022-07-19,442.7,478.0,438.35,463.35,1140556.0,40.78
2022-07-20,463.45,465.45,451.3,455.7,471361.0,46.71
2022-07-21,457.0,462.8,454.15,459.05,264504.0,43.54
2022-07-22,461.3,462.6,441.75,445.7,285801.0,45.08
2022-07-25,446.95,450.3,441.15,446.4,220324.0,46.67
2022-07-26,446.4,447.7,422.65,427.95,238381.0,51.62
2022-07-27,427.4,433.5,420.0,424.55,291268.0,48.55
2022-07-28,427.7,429.5,415.4,418.45,341053.0,52.85
2022-07-29,419.5,427.7,412.0,413.65,309365.0,55.6
2022-08-01,415.0,451.9,413.05,437.25,1100924.0,31.38
2022-08-02,433.0,436.7,420.2,427.8,385842.0,39.5
2022-08-03,426.0,434.8,422.35,425.0,476242.0,46.42
2022-08-04,427.0,431.5,423.0,429.5,214170.0,34.84
2022-08-05,431.9,436.4,428.35,432.25,175366.0,36.75
2022-08-10,424.0,438.7,424.0,435.55,366605.0,41.13
2022-08-11,444.0,459.9,440.4,457.2,1702579.0,64.5
2022-08-12,457.2,474.0,457.2,464.45,1023591.0,55.26
2022-08-15,457.2,474.0,457.2,464.45,1023591.0,55.26
2022-08-16,463.0,469.15,460.3,466.85,243639.0,49.08
2022-08-17,467.0,469.85,453.3,455.35,316884.0,31.14
2022-08-18,455.95,468.0,447.5,462.8,544090.0,48.95
2022-08-19,462.5,469.0,451.7,455.05,386143.0,48.59
2022-08-22,450.1,453.7,442.5,444.95,552209.0,61.47
2022-08-23,440.0,456.9,440.0,455.7,234596.0,49.66
2022-08-24,455.7,467.7,455.7,460.45,255757.0,30.93
2022-08-25,462.0,474.8,461.55,470.7,458822.0,38.16
2022-08-26,473.5,475.35,461.6,463.85,158141.0,35.11
2022-08-29,454.9,459.4,448.85,453.8,161976.0,47.49
2022-08-30,457.9,462.35,450.85,457.4,387139.0,46.93
2022-08-31,457.9,462.35,450.85,457.4,387139.0,46.93
2022-09-01,455.1,494.0,455.1,470.55,2298758.0,26.36
2022-09-02,471.4,486.0,466.6,480.6,940570.0,39.42
2022-09-05,483.6,491.5,481.05,490.15,524949.0,54.49
2022-09-06,490.15,493.8,480.65,483.7,250104.0,39.87
2022-09-07,483.5,487.95,467.15,478.75,475860.0,40.79
2022-09-08,482.9,485.5,468.5,471.55,309880.0,50.46
2022-09-09,474.15,479.0,469.8,474.2,275854.0,31.09
2022-09-12,478.4,482.95,471.0,479.15,468837.0,47.95
2022-09-13,483.9,488.8,481.75,486.5,382669.0,51.87
2022-09-14,478.65,485.7,478.0,483.25,392011.0,60.9
2022-09-15,485.0,498.45,468.0,471.4,755461.0,48.23
2022-09-16,466.0,477.0,454.0,457.9,1010650.0,64.81
2022-09-19,462.5,462.8,448.2,459.3,368216.0,50.32
2022-09-20,464.9,468.75,458.05,460.85,181846.0,43.54
2022-09-21,460.85,469.7,456.75,459.25,384180.0,59.08
2022-09-22,459.25,459.25,446.15,449.85,233150.0,43.54
2022-09-23,449.85,452.0,433.05,434.3,349551.0,64.99
2022-09-26,429.7,449.9,417.6,432.85,1129088.0,78.16
2022-09-27,430.8,443.6,425.0,432.15,386954.0,55.36
2022-09-28,428.7,437.5,425.0,430.35,349792.0,68.78
2022-09-29,434.0,451.85,434.0,448.8,575372.0,64.68
2022-09-30,442.0,456.75,439.35,449.8,189810.0,41.07
2022-10-03,453.9,460.5,445.2,455.9,559573.0,52.57
2022-10-04,459.0,466.0,459.0,464.3,174580.0,59.43
2022-10-05,459.0,466.0,459.0,464.3,174580.0,59.43
2022-10-06,470.0,475.8,468.2,470.3,533825.0,70.08
2022-10-07,471.35,471.35,465.0,467.6,220094.0,77.49
2022-10-10,465.0,465.0,449.3,454.5,972663.0,82.52
2022-10-11,456.7,456.7,435.15,438.65,1037453.0,84.87
2022-10-12,438.65,440.15,427.45,434.0,573361.0,64.68
2022-10-13,434.9,442.4,431.6,439.75,514067.0,84.56
2022-10-14,443.1,447.45,435.5,437.85,91289.0,32.63
2022-10-17,437.45,437.45,425.15,433.05,138555.0,29.31
2022-10-18,435.3,440.0,431.85,433.55,370493.0,80.8
2022-10-19,441.0,450.85,438.3,445.85,1120533.0,48.68
2022-10-20,441.0,446.4,431.9,439.7,139636.0,46.22
2022-10-21,441.0,447.8,440.95,443.3,134281.0,38.91
2022-10-24,446.0,450.0,440.55,445.6,30121.0,53.69
2022-10-25,445.0,446.35,438.5,441.35,165277.0,64.96
2022-10-26,445.0,446.35,438.5,441.35,165277.0,64.96
2022-10-27,446.0,454.7,442.1,449.9,166289.0,43.83
2022-10-28,449.9,453.05,442.1,443.55,128971.0,66.74
2022-10-31,445.0,447.7,440.2,442.0,81235.0,52.94
2022-11-01,443.8,445.0,434.05,443.65,156818.0,49.83
2022-11-02,443.65,452.1,443.2,450.85,142355.0,46.19
2022-11-03,449.9,449.9,441.0,443.15,159527.0,58.82
2022-11-04,443.15,449.0,441.85,447.6,63607.0,50.09
2022-11-07,447.6,465.0,445.05,463.75,286990.0,47.64
2022-11-08,447.6,465.0,445.05,463.75,286990.0,47.64
2022-11-09,467.4,485.0,457.1,459.2,557032.0,30.88
2022-11-10,464.0,467.1,451.9,456.15,234784.0,37.2
2022-11-11,468.0,481.1,462.8,471.6,711456.0,53.89
2022-11-14,473.0,475.95,462.05,467.45,174926.0,33.89
2022-11-15,468.8,468.8,455.8,462.35,123649.0,42.18
2022-11-16,460.5,478.5,460.5,475.4,257287.0,55.4
2022-11-17,475.4,475.4,465.0,472.0,129801.0,56.59
2022-11-18,470.5,474.25,451.0,464.15,188333.0,33.08
2022-11-21,464.0,479.9,460.15,468.6,284819.0,34.45
2022-11-22,468.6,471.7,464.7,468.1,337907.0,89.26
2022-11-23,468.1,470.0,465.0,466.45,47990.0,40.6
2022-11-24,468.8,471.15,456.0,457.35,94341.0,45.42
2022-11-25,459.15,468.0,455.4,460.0,406765.0,82.9
2022-11-28,459.95,465.4,453.0,456.0,177459.0,45.56
2022-11-29,456.7,478.0,452.55,462.75,789611.0,57.4
2022-11-30,462.5,478.0,462.15,474.7,376247.0,41.74
2022-12-01,474.65,500.0,474.5,496.0,1372678.0,51.93
2022-12-02,499.8,511.2,492.0,507.8,1144241.0,35.0
2022-12-05,508.1,511.4,493.0,495.35,456122.0,61.97
2022-12-06,495.0,500.95,482.6,489.75,483181.0,63.8
2022-12-07,493.9,499.9,486.0,488.75,334908.0,46.75
2022-12-08,490.0,492.4,481.55,484.15,138007.0,40.54
2022-12-09,485.85,487.9,466.0,476.65,264582.0,43.61
2022-12-12,473.0,482.3,467.6,480.55,135578.0,45.2
2022-12-13,482.9,484.9,471.0,473.55,128780.0,52.08
2022-12-14,472.55,488.85,470.5,482.0,353350.0,43.59
2022-12-15,484.0,501.85,482.25,489.05,935560.0,30.89
2022-12-16,481.35,496.0,460.15,463.8,555056.0,49.03
2022-12-19,468.0,475.6,463.8,468.45,276822.0,37.57
2022-12-20,469.0,472.5,465.7,468.9,137492.0,55.55
2022-12-21,471.25,473.7,450.55,452.9,238093.0,53.98
2022-12-22,453.2,456.75,440.4,451.05,396383.0,54.08
2022-12-23,447.05,452.95,431.9,441.0,292846.0,59.31
2022-12-26,449.0,459.8,436.3,456.9,232362.0,44.48
2022-12-27,458.25,465.0,450.9,453.55,134581.0,37.2
2022-12-28,450.15,455.3,445.4,447.65,135963.0,45.22
2022-12-29,446.0,454.6,443.55,452.5,114466.0,42.26
2022-12-30,456.6,466.45,453.0,463.55,275917.0,37.14
2023-01-02,465.9,474.5,458.8,469.35,216694.0,43.9
2023-01-03,470.0,474.95,464.95,469.15,203672.0,55.59
2023-01-04,467.6,467.85,460.0,465.5,162668.0,48.25
2023-01-05,466.95,474.8,464.0,473.0,308098.0,52.32
2023-01-06,473.5,474.8,464.4,466.55,191634.0,37.49
2023-01-09,474.0,474.0,458.15,460.6,274963.0,32.8
2023-01-10,461.95,466.65,448.8,451.15,200076.0,41.01
2023-01-11,454.0,454.0,445.1,446.05,283523.0,65.64
2023-01-12,448.3,459.9,446.85,452.15,317107.0,47.74
2023-01-13,452.15,453.95,437.0,443.45,317954.0,43.72
2023-01-16,445.5,447.45,435.1,439.75,489976.0,69.78
2023-01-17,439.95,451.0,439.75,445.2,380249.0,45.47
2023-01-18,445.2,449.7,440.0,441.75,209463.0,49.97
2023-01-19,441.5,449.65,437.75,446.35,157070.0,52.8
2023-01-20,444.6,446.85,441.0,442.7,380432.0,86.85
2023-01-23,441.6,444.9,438.65,440.05,72401.0,48.11
2023-01-24,440.05,441.9,432.5,435.05,131236.0,56.01
2023-01-25,432.3,435.8,429.0,432.4,73979.0,36.46
2023-01-26,432.3,435.8,429.0,432.4,73979.0,36.46
2023-01-27,434.7,438.05,410.0,423.2,594473.0,74.57
2023-01-30,425.4,430.0,414.3,416.45,182056.0,55.93
2023-01-31,418.25,424.9,415.85,419.1,241126.0,53.46
2023-02-01,423.0,431.45,403.35,409.85,321983.0,37.5
2023-02-02,411.0,412.65,401.1,405.75,439588.0,55.16
2023-02-03,406.95,409.0,393.0,395.95,919082.0,84.01
2023-02-06,396.0,405.95,395.0,399.5,228110.0,48.52
2023-02-07,399.0,405.4,396.5,402.8,176595.0,46.78
2023-02-08,404.0,407.95,398.0,406.8,181441.0,47.28
2023-02-09,406.2,407.7,400.45,405.35,153881.0,50.0
2023-02-10,404.65,414.9,404.1,412.35,239157.0,57.21
2023-02-13,412.6,414.0,400.0,400.95,202576.0,50.61
2023-02-14,404.5,404.5,394.85,395.9,238425.0,71.37
2023-02-15,403.6,413.5,401.2,405.8,909051.0,42.92
2023-02-16,412.0,435.5,411.95,419.95,2918641.0,54.91
2023-02-17,422.2,437.0,419.6,433.25,953516.0,42.13
2023-02-20,433.25,439.4,427.55,437.35,493064.0,53.66
2023-02-21,437.85,438.0,411.7,414.35,498040.0,37.59
2023-02-22,416.2,421.95,405.95,414.55,898518.0,27.56
2023-02-23,417.0,417.0,396.0,403.45,1226282.0,52.89
2023-02-24,402.0,407.5,394.5,399.8,2051866.0,84.44
2023-02-27,401.35,404.05,391.0,397.85,751206.0,66.94
2023-02-28,400.0,409.0,399.0,405.95,531556.0,48.46
2023-03-01,406.4,413.75,405.15,406.9,169431.0,39.67
2023-03-02,408.95,408.95,400.5,402.35,505165.0,70.17
2023-03-03,400.0,403.8,395.8,397.6,499165.0,50.39
2023-03-06,400.6,405.85,399.4,402.0,268484.0,58.59
2023-03-07,400.6,405.85,399.4,402.0,268484.0,58.59
2023-03-08,400.0,403.0,395.2,400.95,213654.0,44.71
2023-03-09,403.0,407.35,400.0,404.4,254859.0,43.18
2023-03-10,404.7,405.45,399.0,400.35,126209.0,50.22
2023-03-13,401.7,404.95,392.0,395.2,243028.0,55.49
2023-03-14,396.2,405.45,392.0,394.35,766508.0,78.49
2023-03-15,397.0,404.9,394.5,395.3,180337.0,46.37
2023-03-16,396.4,404.0,392.0,400.25,330942.0,52.01
2023-03-17,404.6,422.5,402.5,419.35,769884.0,39.28
2023-03-20,417.0,430.9,409.2,412.45,788363.0,40.06
2023-03-21,414.9,415.55,407.0,409.45,1346455.0,85.92
2023-03-22,410.4,417.9,407.5,410.55,585903.0,81.21
2023-03-23,410.55,424.0,409.25,419.75,328498.0,31.24
2023-03-24,421.85,421.85,411.6,413.65,74382.0,32.23
2023-03-27,413.65,413.65,401.0,403.85,429884.0,82.39
2023-03-28,402.0,404.7,395.1,399.45,199490.0,45.91
2023-03-29,400.0,409.5,396.95,400.6,164188.0,50.46
2023-03-30,400.0,409.5,396.95,400.6,164188.0,50.46
2023-03-31,404.7,410.75,400.15,403.2,194652.0,47.21
2023-04-03,415.0,418.0,407.55,412.05,170867.0,26.79
2023-04-04,415.0,418.0,407.55,412.05,170867.0,26.79
2023-04-05,411.5,420.0,409.05,414.45,267387.0,57.61
2023-04-06,414.4,423.35,411.0,419.45,558417.0,62.36
2023-04-07,414.4,423.35,411.0,419.45,558417.0,62.36
2023-04-10,424.95,449.0,419.9,445.75,1287942.0,28.31
2023-04-11,449.75,473.2,444.2,460.95,2843465.0,23.79
2023-04-12,464.45,464.45,445.0,447.9,703671.0,43.05
2023-04-13,450.0,453.0,445.05,448.65,311261.0,33.08
2023-04-14,450.0,453.0,445.05,448.65,311261.0,33.08
2023-04-17,448.85,450.8,441.35,448.15,403355.0,55.95
2023-04-18,447.0,453.0,433.6,439.2,650907.0,58.59
2023-04-19,448.55,458.0,445.0,450.7,916149.0,24.64
2023-04-20,452.95,463.0,447.15,458.15,610554.0,47.15
2023-04-21,460.0,465.9,450.25,460.5,834820.0,70.18
2023-04-24,462.0,473.95,456.35,465.3,631772.0,56.06
2023-04-25,467.7,472.6,462.0,470.5,427470.0,58.27
2023-04-26,472.9,489.0,471.1,482.05,760601.0,42.25
2023-04-27,482.1,493.5,478.45,488.4,536919.0,52.01
2023-04-28,492.7,495.45,488.55,490.7,311479.0,51.58
2023-05-01,492.7,495.45,488.55,490.7,311479.0,51.58
2023-05-02,486.5,493.0,481.25,484.25,290260.0,52.51
2023-05-03,486.0,491.0,483.0,488.25,237724.0,48.91
2023-05-04,487.15,496.0,481.25,493.05,715430.0,80.36
2023-05-05,491.0,497.5,483.15,489.65,497218.0,60.36
2023-05-08,488.95,504.45,486.0,491.75,397699.0,49.5
2023-05-09,492.9,493.9,475.25,477.85,422895.0,48.75
2023-05-10,480.5,489.3,477.7,487.35,267415.0,48.92
2023-05-11,488.0,495.0,482.35,489.85,265216.0,42.05
2023-05-12,489.5,494.3,482.7,485.4,329341.0,61.85
2023-05-15,485.4,513.0,485.4,508.85,1460335.0,39.86
2023-05-16,514.2,520.0,500.3,503.75,686557.0,39.48
2023-05-17,503.4,503.4,483.9,491.35,310021.0,27.11
2023-05-18,492.9,493.85,475.3,479.2,348228.0,47.7
2023-05-19,482.0,484.8,473.6,476.85,585423.0,68.38
2023-05-22,476.95,482.85,474.15,476.8,121468.0,42.5
2023-05-23,479.15,501.3,475.5,496.15,782314.0,35.08
2023-05-24,494.7,498.2,486.7,494.8,224389.0,43.29
2023-05-25,492.0,508.9,487.1,502.5,435424.0,51.16
2023-05-26,501.7,501.7,479.0,480.8,648664.0,52.69
2023-05-29,483.0,487.95,472.1,474.9,421969.0,58.11
2023-05-30,477.95,478.0,472.0,474.8,244256.0,53.8
2023-05-31,477.0,485.0,471.3,483.25,973799.0,69.14
2023-06-01,483.0,491.9,481.3,487.55,395141.0,44.84
2023-06-02,489.0,497.0,488.0,490.15,405188.0,44.77
2023-06-05,493.85,520.0,492.2,514.9,1404144.0,45.22
2023-06-06,520.0,524.0,511.85,520.0,926701.0,30.55
2023-06-07,521.95,537.0,514.1,526.1,1503189.0,34.26
2023-06-08,525.05,542.25,525.0,528.05,1122756.0,38.55
2023-06-09,528.05,538.85,524.0,536.75,566922.0,39.13
2023-06-12,541.0,564.9,541.0,562.15,1865026.0,32.57
2023-06-13,565.0,578.5,558.45,574.15,1476807.0,32.0
2023-06-14,574.15,602.3,574.05,597.9,2144718.0,29.95
2023-06-15,594.0,594.0,568.0,570.9,1036830.0,38.72
2023-06-16,570.9,578.85,569.1,575.05,363909.0,32.01
2023-06-19,577.5,578.7,561.5,569.15,435858.0,39.94
2023-06-20,570.9,579.65,562.0,578.0,290412.0,33.74
2023-06-21,581.7,582.6,569.05,575.8,264071.0,48.27
2023-06-22,575.9,580.0,569.2,575.6,289357.0,59.93
2023-06-23,577.7,580.0,569.4,576.7,251634.0,70.37
2023-06-26,576.75,581.85,557.0,578.35,598790.0,36.87
2023-06-27,578.35,589.4,573.2,585.55,366224.0,51.63
2023-06-28,585.55,585.7,573.55,577.8,360660.0,52.68
2023-06-29,585.55,585.7,573.55,577.8,360660.0,52.68
2023-06-30,577.8,583.6,570.1,574.85,381206.0,64.79
2023-07-03,574.9,578.8,569.7,575.0,296897.0,60.83
2023-07-04,573.0,582.8,571.45,575.4,596209.0,81.17
2023-07-05,574.25,580.2,565.0,577.1,292765.0,45.61
2023-07-06,581.0,598.6,580.7,592.0,670265.0,34.25
2023-07-07,595.1,597.0,577.85,581.95,264781.0,41.12
2023-07-10,581.05,593.0,573.1,590.3,311121.0,49.76
2023-07-11,590.0,590.3,577.2,583.1,448184.0,57.99
2023-07-12,594.0,594.0,581.9,585.15,393295.0,44.28
2023-07-13,598.0,616.2,521.2,567.55,15727382.0,44.95
2023-07-14,564.9,582.9,561.15,563.95,2233846.0,72.34
2023-07-17,568.7,568.7,556.0,561.95,942180.0,67.62
2023-07-18,564.0,567.55,556.0,558.8,384678.0,42.55
2023-07-19,560.0,562.5,550.0,552.8,271882.0,53.97
2023-07-20,553.95,556.95,545.3,550.1,273793.0,55.29
2023-07-21,546.0,553.1,537.1,542.4,517149.0,60.13
2023-07-24,545.3,556.8,542.4,548.1,346117.0,47.85
2023-07-25,551.7,562.0,550.25,555.35,372925.0,46.03
2023-07-26,558.3,558.3,548.4,555.1,268170.0,67.58
2023-07-27,559.9,560.45,541.25,545.85,232273.0,43.23
2023-07-28,550.0,597.95,549.35,590.3,4236522.0,22.85
2023-07-31,594.0,599.1,583.0,588.6,1035005.0,44.5
2023-08-01,591.9,592.9,574.2,580.9,453870.0,41.1
2023-08-02,583.0,587.9,570.2,577.25,395984.0,36.59
2023-08-03,577.05,584.0,567.15,571.0,498004.0,50.04
2023-08-04,574.45,580.0,568.55,573.95,208790.0,31.61
2023-08-07,576.05,588.0,572.95,584.3,308919.0,44.14
2023-08-08,588.4,615.0,578.2,601.5,667017.0,53.05
2023-08-09,599.0,599.0,582.1,586.4,433271.0,43.33
2023-08-10,584.05,585.95,552.3,556.45,1209701.0,63.74
2023-08-11,561.8,563.0,552.0,557.65,202226.0,40.65
2023-08-14,555.4,557.95,545.3,553.65,1043731.0,82.25
2023-08-15,555.4,557.95,545.3,553.65,1043731.0,82.25
2023-08-16,549.8,555.0,543.0,547.2,422303.0,70.19
2023-08-17,548.7,558.0,546.05,548.9,234080.0,53.14
2023-08-18,550.85,565.9,546.55,558.9,378906.0,34.82
2023-08-21,555.45,564.8,554.2,557.8,217091.0,51.65
2023-08-22,560.7,569.2,557.95,564.5,341327.0,49.24
2023-08-23,567.5,574.65,565.05,571.0,365627.0,59.84
2023-08-24,574.9,574.95,570.0,570.9,156820.0,47.74
2023-08-25,569.7,571.6,562.7,567.4,197871.0,58.6
2023-08-28,570.75,573.95,567.65,570.1,136904.0,49.59
2023-08-29,570.15,577.05,567.3,572.9,209182.0,40.76
2023-08-30,579.2,626.85,571.95,610.5,1704155.0,47.06
2023-08-31,604.0,679.8,593.55,644.15,1565916.0,50.76
2023-09-01,639.9,691.95,630.4,668.45,1231864.0,45.63
2023-09-04,653.0,670.4,643.6,657.6,490529.0,35.51
2023-09-05,654.0,654.0,638.15,642.25,320637.0,37.61
2023-09-06,643.95,643.95,632.55,634.05,179867.0,47.66
2023-09-07,637.0,639.45,628.0,632.4,150666.0,51.67
2023-09-08,637.0,656.0,631.45,647.8,1157151.0,56.07
2023-09-11,655.0,658.0,641.0,645.4,275081.0,56.79
2023-09-12,645.0,649.05,604.35,607.45,419925.0,44.93
2023-09-13,610.5,623.4,598.05,619.5,1065921.0,79.04
2023-09-14,622.5,634.9,621.55,630.7,161214.0,42.62
2023-09-15,633.0,633.7,616.0,619.9,137256.0,48.85
2023-09-18,619.9,627.4,610.35,613.7,101582.0,45.16
2023-09-19,619.9,627.4,610.35,613.7,101582.0,45.16
2023-09-20,610.25,618.85,593.6,602.55,383776.0,57.41
2023-09-21,599.85,611.65,597.1,604.75,211237.0,62.33
2023-09-22,604.85,610.95,591.25,598.4,200258.0,52.45
2023-09-25,597.85,613.85,591.8,609.65,204801.0,27.26
2023-09-26,609.95,618.15,600.7,604.55,221485.0,48.52
2023-09-27,604.55,611.25,601.15,604.95,127381.0,41.75
2023-09-28,606.0,625.0,598.1,601.85,228635.0,32.22
2023-09-29,603.15,609.7,599.5,602.6,314996.0,24.96
2023-10-02,603.15,609.7,599.5,602.6,314996.0,24.96
2023-10-03,602.0,620.0,592.1,618.1,377953.0,46.41
2023-10-04,620.1,630.85,606.2,626.05,502708.0,42.05
2023-10-05,638.0,677.8,631.1,671.3,3114305.0,31.16
2023-10-06,671.3,683.0,665.1,667.7,1327215.0,53.44
2023-10-09,697.0,700.95,663.85,670.5,2684389.0,45.66
2023-10-10,670.5,796.4,666.95,727.5,9717755.0,14.57
2023-10-11,727.0,755.35,713.3,723.8,4322262.0,28.99
2023-10-12,723.8,729.8,717.35,724.05,587276.0,19.7
2023-10-13,715.95,728.05,711.1,716.05,477912.0,32.35
2023-10-16,725.7,735.0,717.0,721.4,865344.0,39.68
2023-10-17,727.5,729.95,711.1,714.25,299083.0,41.48
2023-10-18,716.9,738.45,712.35,732.75,904831.0,25.8
2023-10-19,728.9,738.9,717.05,734.25,475063.0,28.37
2023-10-20,731.1,754.2,726.1,743.8,1076512.0,50.33
2023-10-23,745.4,757.9,711.0,746.4,1239894.0,57.05
2023-10-24,745.4,757.9,711.0,746.4,1239894.0,57.05
2023-10-25,743.0,809.8,715.05,757.85,3739552.0,25.67
2023-10-26,754.95,819.6,723.15,784.35,1536873.0,34.05
2023-10-27,784.35,787.85,736.05,748.1,1872390.0,33.27
2023-10-30,743.0,763.9,733.75,751.3,670629.0,21.6
2023-10-31,752.45,778.5,736.8,765.7,1020355.0,37.22
2023-11-01,756.0,774.0,738.0,749.85,1297233.0,41.29
2023-11-02,749.85,764.95,742.0,747.1,759721.0,35.85
2023-11-03,751.7,787.0,750.05,780.15,2067814.0,46.26
2023-11-06,780.05,805.5,773.0,800.6,1474546.0,51.55
2023-11-07,800.55,817.5,781.0,791.0,1142035.0,48.69
2023-11-08,830.0,848.0,818.35,832.75,2500450.0,27.5
2023-11-09,836.5,878.0,830.05,868.45,3043326.0,33.34
2023-11-10,865.05,887.4,853.2,873.15,1949702.0,50.64
2023-11-13,864.1,866.6,840.0,843.0,762389.0,39.02
2023-11-14,864.1,866.6,840.0,843.0,762389.0,39.02
2023-11-15,855.1,880.55,852.0,872.65,915985.0,35.04
2023-11-16,876.9,924.9,873.05,912.2,1101486.0,30.4
2023-11-17,910.0,910.0,872.35,878.05,789275.0,35.99
2023-11-20,880.6,908.6,872.1,892.05,1189371.0,41.59
2023-11-21,893.0,914.9,891.0,904.75,562402.0,36.85
2023-11-22,902.5,912.9,895.2,905.7,506903.0,44.69
2023-11-23,903.0,957.4,903.0,916.75,2092379.0,12.95
2023-11-24,924.75,931.0,893.55,925.05,1335321.0,22.17
2023-11-27,924.75,931.0,893.55,925.05,1335321.0,22.17
2023-11-28,932.0,968.0,930.6,956.7,611069.0,30.55
2023-11-29,964.95,966.3,945.0,952.6,360464.0,27.23
2023-11-30,959.7,1050.0,953.45,1002.9,3306553.0,23.65
2023-12-01,1018.55,1048.7,1016.8,1037.8,1625407.0,33.63
2023-12-04,1050.0,1148.15,1022.2,1104.9,3365855.0,22.75
2023-12-05,1107.15,1111.95,1059.35,1080.35,1532927.0,44.29
2023-12-06,1070.6,1105.0,1032.0,1072.25,1746016.0,53.82
2023-12-07,1100.0,1155.0,1071.15,1126.2,1529994.0,36.49
2023-12-08,1132.0,1192.5,1130.0,1186.45,2946858.0,26.65
2023-12-11,1194.0,1198.3,1150.7,1177.45,1533204.0,50.53
2023-12-12,1178.0,1185.25,1081.1,1102.2,2335479.0,46.55
2023-12-13,1113.2,1205.0,1062.1,1166.05,3140457.0,45.61
2023-12-14,1174.8,1231.3,1150.15,1164.6,2484295.0,41.86
2023-12-15,1164.9,1169.6,1105.0,1113.9,1839174.0,45.03
2023-12-18,1132.9,1153.9,1107.3,1139.35,759381.0,53.38
2023-12-19,1142.0,1150.0,1127.4,1134.95,348661.0,38.17
2023-12-20,1138.0,1143.45,1080.0,1108.4,758958.0,65.95
2023-12-21,1065.4,1095.0,1041.05,1064.15,623074.0,52.07
2023-12-22,1074.8,1122.2,1074.8,1114.9,786067.0,53.17
2023-12-25,1074.8,1122.2,1074.8,1114.9,786067.0,53.17
2023-12-26,1115.5,1129.55,1109.0,1121.3,448110.0,74.82
2023-12-27,1120.0,1147.55,1118.0,1141.95,496198.0,72.39
2023-12-28,1149.0,1164.05,1132.25,1150.8,547795.0,73.7
2023-12-29,1155.0,1185.85,1142.0,1178.9,858059.0,71.79
2024-01-01,1162.9,1212.9,1160.0,1188.7,826558.0,75.98
2024-01-02,1180.1,1219.65,1171.4,1201.6,547303.0,56.69
2024-01-03,1194.05,1311.15,1188.0,1258.25,723269.0,54.74
2024-01-04,1244.55,1416.9,1240.0,1355.35,1903112.0,50.29
2024-01-05,1343.15,1383.05,1313.05,1329.65,1476137.0,60.66
2024-01-08,1336.05,1364.55,1311.55,1329.25,1191345.0,61.77
2024-01-09,1326.85,1350.0,1305.3,1335.5,734779.0,63.42
2024-01-10,1385.95,1385.95,1325.0,1364.1,1553858.0,68.24
2024-01-11,1370.0,1410.0,1348.7,1378.2,1206845.0,64.75
2024-01-12,1375.1,1412.0,1355.75,1380.55,955729.0,61.39
2024-01-15,1395.1,1440.0,1335.2,1353.9,1173631.0,60.51
2024-01-16,1365.0,1397.7,1281.5,1322.7,1382518.0,52.56
2024-01-17,1302.0,1311.05,1273.0,1288.9,659790.0,52.9
2024-01-18,1288.9,1318.25,1226.0,1302.1,863090.0,49.05
2024-01-19,1318.8,1324.05,1235.0,1276.2,853862.0,40.29
2024-01-22,1287.5,1317.7,1282.4,1286.7,272214.0,56.09
2024-01-23,1295.6,1299.9,1077.45,1136.45,1523802.0,45.82
2024-01-24,1145.0,1262.25,1065.2,1196.5,2350268.0,47.83
2024-01-25,1180.1,1257.0,1145.05,1204.7,1327051.0,58.67
2024-01-26,1180.1,1257.0,1145.05,1204.7,1327051.0,58.67
2024-01-29,1205.0,1230.25,1162.8,1212.8,1005109.0,58.37
2024-01-30,1215.0,1230.95,1195.35,1216.65,977333.0,68.91
2024-01-31,1228.9,1302.95,1217.0,1265.4,908595.0,62.69
2024-02-01,1265.4,1272.95,1226.3,1241.7,418078.0,51.12
2024-02-02,1248.0,1269.6,1190.35,1211.8,406348.0,50.41
2024-02-05,1180.0,1229.7,1163.0,1200.25,785469.0,45.53
2024-02-06,1200.95,1249.9,1195.8,1222.9,267190.0,54.55
2024-02-07,1237.0,1254.85,1206.95,1226.45,281927.0,53.85
2024-02-08,1224.0,1240.95,1201.05,1212.45,611497.0,73.86
2024-02-09,1212.45,1219.85,1157.5,1202.5,558738.0,62.01
2024-02-12,1203.1,1224.3,1151.15,1175.05,357708.0,53.2
2024-02-13,1140.0,1164.95,1101.0,1143.3,643137.0,59.47
2024-02-14,1050.0,1149.8,1043.3,1100.75,1021950.0,60.76
2024-02-15,1126.95,1140.45,1104.1,1132.5,1092414.0,77.33
2024-02-16,1142.9,1214.0,1125.25,1197.85,650945.0,47.56
2024-02-19,1215.0,1228.45,1151.5,1162.65,650188.0,50.92
2024-02-20,1169.8,1183.9,1133.8,1164.5,642882.0,58.8
2024-02-21,1168.8,1204.1,1166.0,1190.25,837602.0,64.12
2024-02-22,1190.1,1228.85,1189.0,1212.1,645625.0,55.42
2024-02-23,1221.5,1267.0,1210.85,1230.4,1389711.0,72.83
2024-02-26,1223.0,1254.8,1214.0,1222.9,285015.0,51.35
2024-02-27,1216.25,1232.6,1190.0,1209.95,983837.0,77.28
2024-02-28,1209.95,1246.7,1162.0,1229.05,879240.0,55.59
2024-02-29,1201.1,1218.4,1132.7,1166.75,5787071.0,69.75
2024-03-01,1154.3,1185.95,1143.15,1167.45,805788.0,65.87
2024-03-04,1213.0,1213.0,1173.15,1180.0,931156.0,70.5
2024-03-05,1187.0,1202.0,1168.9,1194.6,613674.0,67.6
2024-03-06,1191.9,1211.45,1180.0,1195.35,579147.0,59.77
2024-03-07,1210.0,1246.75,1159.05,1181.15,512742.0,48.51
2024-03-08,1210.0,1246.75,1159.05,1181.15,512742.0,48.51
2024-03-11,1181.15,1189.8,1160.35,1179.65,569650.0,64.62
2024-03-12,1182.85,1202.75,1113.05,1158.4,961616.0,63.96
2024-03-13,1135.2,1159.0,1048.25,1123.0,2104976.0,62.11
2024-03-14,1093.0,1119.45,1061.55,1071.7,1363698.0,65.21
2024-03-15,1066.85,1097.9,1025.0,1043.5,2567838.0,52.07
2024-03-18,1020.0,1038.85,995.0,1005.15,1256250.0,59.39
2024-03-19,1005.0,1014.0,967.3,992.6,830869.0,57.87
2024-03-20,998.0,1045.95,995.0,1036.55,531753.0,52.75
2024-03-21,1047.05,1069.0,1007.2,1048.65,1322879.0,66.51
2024-03-22,1065.5,1119.4,1065.0,1100.5,1096113.0,56.49
2024-03-25,1065.5,1119.4,1065.0,1100.5,1096113.0,56.49
2024-03-26,1119.0,1157.2,1112.05,1150.2,1069965.0,73.01
2024-03-27,1154.9,1197.9,1154.9,1190.75,737202.0,72.52
2024-03-28,1181.0,1193.55,1136.05,1170.0,962594.0,56.48
2024-03-29,1181.0,1193.55,1136.05,1170.0,962594.0,56.48
2024-04-01,1188.0,1274.0,1188.0,1267.05,931780.0,54.05
2024-04-02,1279.75,1344.5,1279.25,1313.65,1813880.0,54.6
2024-04-03,1308.1,1338.35,1271.0,1301.55,790813.0,56.39
2024-04-04,1299.95,1320.0,1262.45,1304.4,803341.0,49.92
2024-04-05,1338.0,1349.8,1283.0,1291.8,794266.0,52.68
2024-04-08,1309.0,1328.0,1262.05,1275.45,1184371.0,55.98
2024-04-09,1295.0,1317.7,1250.0,1258.25,595545.0,52.06
2024-04-10,1265.5,1286.3,1235.25,1248.35,293819.0,55.12
2024-04-11,1265.5,1286.3,1235.25,1248.35,293819.0,55.12
2024-04-12,1238.0,1246.9,1180.0,1190.65,1085911.0,67.07
2024-04-15,1166.0,1238.95,1160.05,1217.45,752583.0,55.51
2024-04-16,1217.8,1243.75,1199.15,1203.15,530342.0,68.87
2024-04-17,1217.8,1243.75,1199.15,1203.15,530342.0,68.87
2024-04-18,1206.05,1249.8,1201.05,1227.15,1086324.0,80.99
2024-04-19,1203.0,1244.0,1195.7,1231.05,448359.0,65.07
2024-04-22,1234.5,1273.0,1231.0,1242.9,1768616.0,90.0
2024-04-23,1251.95,1290.0,1248.45,1287.45,573231.0,69.25
2024-04-24,1295.0,1317.25,1280.9,1311.0,366978.0,68.34
2024-04-25,1309.95,1316.25,1287.0,1310.9,281549.0,57.78
2024-04-26,1291.0,1360.0,1291.0,1354.9,562076.0,71.54
2024-04-29,1362.8,1374.75,1322.3,1327.05,401616.0,60.43
2024-04-30,1331.25,1390.0,1318.6,1380.25,815384.0,55.75
2024-05-01,1331.25,1390.0,1318.6,1380.25,815384.0,55.75
2024-05-02,1375.95,1415.0,1354.35,1400.85,698169.0,57.01
2024-05-03,1411.85,1478.25,1400.5,1460.6,2627902.0,70.27
2024-05-06,1482.0,1566.0,1427.3,1557.5,1891822.0,38.21
2024-05-07,1548.6,1559.0,1421.65,1470.65,1804645.0,33.87
2024-05-08,1470.0,1562.85,1422.0,1546.8,1535933.0,44.79
2024-05-09,1540.0,1541.8,1461.15,1488.55,1244138.0,53.72
2024-05-10,1488.55,1537.25,1426.15,1519.6,1082573.0,40.91
2024-05-13,1480.0,1499.75,1426.95,1482.6,1185236.0,45.53
2024-05-14,1482.6,1539.0,1477.1,1490.3,864669.0,49.42
2024-05-15,1492.45,1557.0,1480.05,1545.05,1072564.0,45.89
2024-05-16,1555.0,1582.4,1515.0,1524.8,1195071.0,56.09
2024-05-17,1530.0,1590.0,1510.05,1561.4,888136.0,39.07
2024-05-20,1566.0,1615.0,1561.55,1600.2,124240.0,44.0
2024-05-21,1600.2,1634.85,1556.35,1598.9,811232.0,41.01
2024-05-22,1599.95,1645.0,1580.0,1603.55,1465733.0,65.52
2024-05-23,1615.0,1676.0,1597.5,1658.5,711000.0,56.71
2024-05-24,1652.05,1674.0,1600.0,1618.45,795315.0,54.02
2024-05-27,1637.9,1649.4,1603.05,1611.5,732570.0,47.36
2024-05-28,1611.5,1633.05,1503.0,1552.05,601868.0,36.76
2024-05-29,1534.6,1600.4,1496.9,1505.1,1570831.0,58.74
2024-05-30,1512.65,1552.0,1506.35,1538.25,941306.0,58.9
2024-05-31,1579.0,1624.9,1561.85,1597.55,1529688.0,25.09
2024-06-03,1675.0,1785.0,1664.1,1735.2,2148632.0,30.85
2024-06-04,1749.8,1749.8,1388.2,1511.75,1835536.0,39.88
2024-06-05,1506.05,1736.3,1386.05,1643.1,2045541.0,42.13
2024-06-06,1698.55,1798.8,1685.0,1759.35,1288450.0,43.78
2024-06-07,1784.0,1822.0,1723.4,1761.0,1175405.0,49.82
2024-06-10,1771.95,1870.0,1767.6,1841.35,1800712.0,50.02
2024-06-11,1877.9,1899.45,1843.55,1872.25,979758.0,41.32
2024-06-12,1867.6,1870.0,1802.35,1847.75,1427538.0,40.94
2024-06-13,1869.95,1910.0,1854.2,1872.6,1025720.0,43.16
2024-06-14,1910.95,1998.0,1901.0,1926.85,1887272.0,29.0
2024-06-17,1910.95,1998.0,1901.0,1926.85,1887272.0,29.0
2024-06-18,1940.0,2000.0,1913.05,1935.15,1509558.0,54.21
2024-06-19,1929.05,1929.05,1837.0,1867.4,1182059.0,55.12
2024-06-20,1882.0,2050.55,1867.15,2013.8,2237306.0,41.72
2024-06-21,1985.0,2038.75,1975.0,1983.2,2424858.0,75.09
2024-06-24,2039.0,2074.8,1942.8,2056.8,1930738.0,38.53
2024-06-25,2066.0,2066.6,1962.0,1989.8,1358629.0,46.61
2024-06-26,2005.5,2025.0,1906.85,1927.05,1490105.0,61.88
2024-06-27,1905.1,1923.65,1815.05,1855.1,1394620.0,54.35
2024-06-28,1863.95,1916.05,1830.2,1892.6,1605160.0,56.63
2024-07-01,1892.95,1893.4,1823.5,1840.4,1143475.0,43.56
2024-07-02,1852.0,1884.5,1817.65,1843.65,1570874.0,54.31
2024-07-03,1856.0,1859.75,1766.0,1799.7,1250173.0,46.49
2024-07-04,1802.2,1825.65,1776.25,1795.35,1016524.0,51.74
2024-07-05,1801.95,1831.5,1784.15,1815.2,1371075.0,68.47
2024-07-08,1820.8,1842.65,1763.1,1778.5,821746.0,46.92
2024-07-09,1777.05,1804.7,1765.0,1782.45,524115.0,53.85
2024-07-10,1795.0,1804.7,1739.45,1786.85,810175.0,41.44
2024-07-11,1800.0,1803.35,1750.0,1767.7,1444574.0,67.93
2024-07-12,1767.7,1810.5,1751.05,1765.15,796464.0,46.62
2024-07-15,1751.0,1788.95,1701.55,1754.65,1030909.0,47.22
2024-07-16,1751.0,1854.7,1751.0,1807.95,2667043.0,40.13
2024-07-17,1751.0,1854.7,1751.0,1807.95,2667043.0,40.13
2024-07-18,1805.0,1832.0,1730.0,1756.6,928449.0,49.39
2024-07-19,1761.0,1795.0,1712.45,1787.5,853776.0,42.6
2024-07-22,1746.05,1793.35,1733.75,1774.3,711527.0,50.77
2024-07-23,1768.0,1834.95,1669.2,1762.25,1357712.0,42.8
2024-07-24,1765.0,1900.0,1755.75,1887.75,1605106.0,43.23
2024-07-25,1887.75,1887.75,1829.85,1850.05,1540843.0,70.95
2024-07-26,1854.95,1917.0,1820.0,1833.45,829213.0,41.69
2024-07-29,1834.6,1904.95,1816.35,1881.2,1161585.0,64.23
2024-07-30,1880.0,1880.95,1837.0,1848.2,557791.0,51.33
2024-07-31,1866.7,1876.95,1805.55,1815.9,753139.0,62.85
2024-08-01,1817.85,1820.0,1748.05,1755.35,949470.0,58.47
2024-08-02,1745.0,1745.0,1670.9,1695.75,1919960.0,66.04
2024-08-05,1651.0,1686.4,1592.35,1623.45,1881878.0,54.01
2024-08-06,1695.0,1714.75,1628.3,1635.85,1246359.0,39.43
2024-08-07,1681.0,1695.0,1632.5,1646.75,706982.0,51.52
2024-08-08,1649.05,1698.5,1649.05,1669.0,955043.0,44.87
2024-08-09,1698.0,1725.0,1666.6,1718.15,662853.0,53.26
2024-08-12,1715.1,1771.0,1693.2,1766.65,826399.0,50.96
2024-08-13,1770.0,1792.95,1726.3,1778.05,1227799.0,52.88
2024-08-14,1788.4,1858.5,1775.6,1787.5,1754791.0,52.69
2024-08-15,1788.4,1858.5,1775.6,1787.5,1754791.0,52.69
2024-08-16,1805.0,1844.9,1790.5,1817.25,981320.0,56.46
2024-08-19,1847.25,1878.5,1836.15,1841.6,798704.0,62.32
2024-08-20,1840.0,1841.6,1761.3,1771.15,763209.0,49.25
2024-08-21,1772.1,1775.0,1728.05,1739.55,811800.0,56.72
2024-08-22,1758.6,1765.55,1715.0,1744.9,656497.0,48.3
2024-08-23,1740.0,1754.55,1668.6,1677.65,1075265.0,65.48
2024-08-26,1681.4,1774.0,1655.0,1761.55,1244073.0,48.48
2024-08-27,1760.0,1771.9,1694.25,1706.3,1752960.0,56.47
2024-08-28,1718.35,1762.9,1697.0,1714.5,1512626.0,52.89
2024-08-29,1730.0,1757.45,1692.35,1725.55,2267184.0,47.78
2024-08-30,1755.0,1871.65,1738.8,1813.15,22806543.0,60.19
2024-09-02,1789.7,1845.0,1776.0,1785.6,1913058.0,59.38
2024-09-03,1785.6,1827.9,1770.1,1786.75,1515507.0,61.17
2024-09-04,1780.05,1881.0,1757.25,1868.65,1592631.0,47.95
2024-09-05,1870.0,1884.9,1765.1,1782.15,1972935.0,53.97
2024-09-06,1815.0,1829.95,1770.0,1819.0,1224053.0,39.95
2024-09-09,1795.0,1828.0,1740.05,1801.05,1793244.0,59.47
2024-09-10,1807.8,1854.0,1771.0,1836.5,1429192.0,58.74
2024-09-11,1830.0,1830.0,1770.1,1789.25,1271510.0,64.56
2024-09-12,1794.0,1919.4,1775.0,1884.9,1751409.0,43.23
2024-09-13,1860.0,1918.5,1844.0,1858.6,1374268.0,39.82
2024-09-16,1851.2,1891.6,1805.0,1834.9,1108831.0,47.29
2024-09-17,1847.7,1972.0,1801.15,1917.4,3853977.0,59.29
2024-09-18,1917.0,1917.0,1855.0,1874.4,797327.0,48.61
2024-09-19,1884.95,1950.95,1846.0,1899.5,1464864.0,44.54
2024-09-20,1889.0,1951.75,1866.9,1878.9,1158294.0,50.02
2024-09-23,1893.9,1919.0,1865.0,1892.4,1017548.0,46.88
2024-09-24,1900.0,1928.8,1847.4,1869.05,1149021.0,58.7
2024-09-25,1850.0,1865.95,1800.0,1840.1,1475358.0,47.0
2024-09-26,1850.0,1915.0,1797.15,1825.95,1608171.0,39.06
2024-09-27,1825.95,1879.8,1781.35,1868.5,1135179.0,60.06
2024-09-30,1838.0,1870.0,1801.0,1845.25,900018.0,43.77
2024-10-01,1832.5,1832.5,1792.55,1817.65,814457.0,47.21
2024-10-02,1832.5,1832.5,1792.55,1817.65,814457.0,47.21
2024-10-03,1781.0,1833.9,1740.0,1755.8,910056.0,54.76
2024-10-04,1744.05,1775.0,1687.1,1750.8,847689.0,37.79
2024-10-07,1735.0,1751.0,1700.55,1739.55,669474.0,47.45
2024-10-08,1705.0,1829.0,1703.4,1816.45,753857.0,50.74
2024-10-09,1816.45,1873.0,1797.05,1858.2,840242.0,62.97
2024-10-10,1870.0,1870.0,1840.05,1862.05,495113.0,55.11
2024-10-11,1860.05,1878.9,1833.45,1854.5,300548.0,50.85
2024-10-14,1864.95,1904.0,1847.05,1855.65,693775.0,47.58
2024-10-15,1865.0,1909.85,1851.55,1902.4,479360.0,50.05
2024-10-16,1899.05,1906.75,1851.05,1864.6,460772.0,63.08
2024-10-17,1836.0,1847.9,1778.55,1793.6,782319.0,49.78
2024-10-18,1750.0,1773.5,1732.0,1766.8,582412.0,42.75
2024-10-21,1773.0,1791.9,1725.05,1752.3,380417.0,52.37
2024-10-22,1737.0,1743.85,1690.45,1718.5,439341.0,46.45
2024-10-23,1699.9,1725.95,1663.25,1720.15,390868.0,47.93
2024-10-24,1736.5,1751.7,1680.25,1692.0,426800.0,53.88
2024-10-25,1685.05,1729.0,1645.2,1706.95,296904.0,38.68
2024-10-28,1695.0,1695.65,1650.0,1655.25,462706.0,55.54
2024-10-29,1664.0,1673.05,1596.05,1604.9,902504.0,62.75
2024-10-30,1575.0,1675.0,1530.0,1646.25,1040037.0,52.59
2024-10-31,1646.95,1657.95,1602.7,1636.45,558521.0,50.53
2024-11-01,1636.45,1671.95,1619.95,1639.75,70555.0,38.99
2024-11-04,1640.0,1654.85,1583.45,1592.05,393884.0,49.89
2024-11-05,1599.4,1611.95,1555.15,1599.7,708228.0,66.18
2024-11-06,1618.0,1713.0,1606.3,1674.05,1165166.0,38.99
2024-11-07,1677.0,1710.05,1640.0,1647.05,385607.0,46.78
2024-11-08,1652.85,1658.0,1573.05,1579.85,668541.0,70.73
2024-11-11,1580.0,1646.0,1557.1,1612.25,674221.0,38.74
2024-11-12,1600.05,1633.0,1580.0,1592.6,403123.0,54.77
2024-11-13,1587.7,1590.55,1505.95,1519.6,861736.0,56.54
2024-11-14,1524.6,1553.0,1508.65,1547.2,615995.0,59.82
2024-11-18,1569.95,1590.0,1527.3,1541.15,562367.0,60.51
2024-11-19,1531.0,1595.0,1526.05,1582.95,654595.0,59.5
2024-11-20,1531.0,1595.0,1526.05,1582.95,654595.0,59.5
2024-11-21,1603.25,1655.05,1580.0,1649.85,741709.0,35.27
2024-11-22,1640.0,1651.9,1598.05,1631.05,441917.0,61.02
2024-11-25,1665.0,1749.95,1645.0,1729.95,1525736.0,55.7
2024-11-26,1744.3,1755.0,1700.05,1706.15,256692.0,42.81
2024-11-27,1654.0,1674.35,1620.0,1629.45,1327672.0,46.07
2024-11-28,1644.0,1690.25,1633.05,1671.55,546347.0,39.66
2024-11-29,1660.0,1668.9,1628.5,1650.55,999199.0,65.86
2024-12-02,1634.7,1735.0,1615.9,1718.25,1253750.0,54.51
2024-12-03,1733.45,1753.85,1715.0,1724.15,550710.0,52.97
2024-12-04,1719.2,1779.3,1711.55,1770.55,753423.0,53.48
2024-12-05,1780.0,1780.0,1718.6,1734.0,378500.0,45.17
2024-12-06,1747.9,1756.65,1725.1,1738.15,313886.0,45.11
2024-12-09,1738.45,1764.75,1732.0,1742.1,307698.0,57.39
2024-12-10,1755.0,1762.95,1722.65,1750.5,393134.0,44.95
2024-12-11,1751.25,1758.0,1725.75,1751.9,279628.0,48.4
2024-12-12,1744.0,1777.35,1735.0,1741.3,664800.0,66.05
2024-12-13,1738.0,1768.95,1710.0,1754.65,781498.0,44.01
2024-12-16,1764.2,1837.4,1760.0,1830.75,2188201.0,31.27
2024-12-17,1831.0,1900.0,1830.75,1854.4,2017891.0,49.03
2024-12-18,1860.0,1895.8,1826.1,1888.05,1237817.0,57.03
2024-12-19,1853.95,1890.0,1843.95,1863.75,652028.0,50.21
2024-12-20,1868.95,1878.55,1760.0,1794.5,2860828.0,64.8
2024-12-23,1777.75,1779.55,1725.65,1755.05,833331.0,48.35
2024-12-24,1762.9,1787.0,1737.0,1751.9,612341.0,42.85
2024-12-25,1762.9,1787.0,1737.0,1751.9,612341.0,42.85
2024-12-26,1745.0,1761.55,1698.45,1751.8,481456.0,37.33
2024-12-27,1745.0,1762.5,1730.3,1752.5,235400.0,46.54
2024-12-30,1751.9,1774.1,1652.0,1675.0,953245.0,57.71
2024-12-31,1678.0,1708.0,1665.6,1694.0,535023.0,54.61
2025-01-01,1688.3,1693.95,1645.5,1653.55,457902.0,36.32
2025-01-02,1666.4,1668.25,1632.05,1662.45,434737.0,47.33
2025-01-03,1662.45,1682.0,1646.7,1656.25,320490.0,59.44
2025-01-06,1660.05,1670.0,1578.2,1594.95,819534.0,59.56
2025-01-07,1590.0,1611.7,1575.0,1583.45,787790.0,57.85
2025-01-08,1577.55,1584.95,1545.1,1568.6,525611.0,49.94
2025-01-09,1570.0,1571.35,1515.55,1521.25,368327.0,45.62
2025-01-10,1532.0,1539.0,1485.65,1492.4,557750.0,41.28
2025-01-13,1450.1,1470.0,1408.1,1426.65,1025557.0,60.35
2025-01-14,1426.0,1451.15,1413.9,1426.3,943578.0,69.04
2025-01-15,1440.0,1451.6,1406.95,1439.35,423470.0,47.3
2025-01-16,1450.0,1497.0,1440.05,1449.85,322369.0,40.22
2025-01-17,1452.0,1484.0,1439.2,1472.2,570227.0,42.4
2025-01-20,1472.9,1484.4,1454.85,1463.5,338038.0,58.85
2025-01-21,1463.5,1481.95,1382.0,1388.9,975343.0,60.35
2025-01-22,1390.0,1391.95,1297.35,1319.3,2838088.0,57.05
2025-01-23,1312.75,1366.15,1305.45,1342.6,1519127.0,61.98
2025-01-24,1344.85,1358.65,1235.0,1255.65,1730028.0,56.15
2025-01-27,1240.0,1256.5,1221.35,1243.85,1664609.0,62.81
2025-01-28,1259.65,1305.0,1211.15,1271.1,1026594.0,46.68
2025-01-29,1271.1,1322.0,1261.25,1318.4,818604.0,49.28
2025-01-30,1320.0,1353.3,1312.2,1342.35,541192.0,34.03
2025-01-31,1283.85,1387.55,1250.15,1359.5,1513344.0,36.68
2025-02-03,1421.0,1457.35,1385.0,1425.15,1116995.0,46.99
2025-02-04,1425.15,1431.95,1402.95,1421.4,953776.0,62.85
2025-02-05,1421.4,1430.0,1372.0,1379.35,1371415.0,63.75
2025-02-06,1386.4,1391.45,1355.55,1366.35,621465.0,60.17
2025-02-07,1366.35,1379.9,1331.0,1347.7,1067338.0,67.41
2025-02-10,1347.35,1348.95,1298.0,1324.85,525607.0,53.9
2025-02-11,1319.0,1322.4,1271.05,1311.15,780980.0,55.71
2025-02-12,1310.0,1310.0,1213.65,1220.15,3308431.0,58.88
2025-02-13,1192.15,1256.05,1192.15,1237.9,2113080.0,53.67
2025-02-14,1236.0,1245.8,1206.35,1227.15,703491.0,56.28
2025-02-17,1202.7,1245.65,1185.5,1240.4,725092.0,45.11
2025-02-18,1245.0,1254.7,1201.1,1217.15,1009231.0,67.33
2025-02-19,1218.1,1248.95,1206.8,1230.05,1279701.0,63.8
2025-02-20,1228.0,1260.0,1197.2,1250.3,1265922.0,58.15
2025-02-21,1245.0,1262.9,1204.0,1216.3,913356.0,61.92
2025-02-24,1209.6,1212.45,1160.0,1186.1,2658937.0,65.27
2025-02-25,1187.85,1208.95,1173.65,1192.0,592872.0,42.31
2025-02-27,1178.95,1179.0,1128.55,1134.55,1523020.0,49.61
2025-02-28,1131.95,1142.15,1083.65,1126.6,1906279.0,64.02
2025-03-03,1110.0,1200.0,1108.15,1184.0,1529756.0,44.01
2025-03-04,1166.05,1193.05,1147.35,1187.95,493473.0,43.27
2025-03-05,1182.0,1215.65,1170.0,1178.15,837734.0,59.72
2025-03-06,1191.0,1194.35,1160.1,1171.65,590033.0,39.89
2025-03-07,1166.0,1171.9,1129.05,1144.85,1135938.0,47.27
2025-03-10,1142.0,1158.65,1114.85,1123.95,494350.0,60.87
2025-03-11,1112.0,1134.4,1099.5,1126.4,1075620.0,67.16
2025-03-12,1138.0,1150.0,1105.05,1118.7,824372.0,50.56
2025-03-13,1129.0,1146.9,1119.05,1129.6,672238.0,47.44
2025-03-17,1139.9,1143.95,1092.0,1099.5,832959.0,52.35
2025-03-18,1105.9,1136.8,1094.9,1132.5,725039.0,57.86
2025-03-19,1135.0,1209.0,1133.0,1200.75,1269783.0,35.57
2025-03-20,1210.45,1234.75,1197.75,1208.25,710546.0,50.59
2025-03-21,1209.65,1258.9,1209.0,1226.15,1131917.0,52.9
2025-03-24,1231.3,1260.55,1215.15,1220.3,727782.0,52.6
2025-03-25,1225.15,1272.0,1212.0,1222.9,1163563.0,52.18
2025-03-26,1230.0,1257.5,1191.0,1196.6,1119059.0,50.76
2025-03-27,1196.5,1218.1,1186.9,1206.05,794090.0,59.96
2025-03-28,1217.9,1222.0,1169.2,1184.4,736620.0,58.98
2025-04-01,1184.4,1199.9,1128.15,1137.35,752560.0,33.85
2025-04-02,1141.4,1188.0,1141.4,1177.6,851071.0,39.79
2025-04-03,1160.05,1192.95,1158.0,1188.5,497898.0,47.53
2025-04-04,1176.05,1182.1,1111.0,1127.05,567401.0,53.66
2025-04-07,1060.0,1084.7,1048.05,1060.3,818992.0,50.96
2025-04-08,1108.0,1108.0,1065.0,1087.05,436959.0,47.68
2025-04-09,1094.1,1094.1,1063.0,1079.45,499026.0,46.9
2025-04-11,1115.5,1126.9,1086.65,1122.85,683548.0,50.44
2025-04-15,1135.0,1203.0,1126.0,1198.5,822076.0,47.23
2025-04-16,1209.4,1218.4,1188.0,1207.4,842256.0,62.59
2025-04-17,1205.0,1232.0,1185.0,1215.2,631616.0,39.54
2025-04-21,1223.3,1274.5,1207.4,1268.6,944564.0,61.27
2025-04-22,1274.8,1313.1,1249.6,1303.9,851596.0,42.38
2025-04-23,1320.2,1354.8,1307.9,1323.8,1397018.0,53.63
2025-04-24,1318.7,1321.9,1285.0,1294.0,780145.0,42.68
2025-04-25,1306.2,1318.0,1238.6,1261.8,478778.0,34.05
2025-04-28,1264.6,1323.7,1249.6,1315.8,949907.0,48.17
2025-04-29,1328.0,1385.0,1325.3,1380.0,2142910.0,41.71
2025-04-30,1386.0,1444.9,1366.0,1375.1,2758228.0,39.68
2025-05-02,1375.0,1399.3,1351.0,1363.0,539529.0,32.84
2025-05-05,1364.6,1398.9,1358.0,1385.5,285524.0,26.1
2025-05-06,1383.0,1394.4,1322.0,1332.0,535916.0,45.6
2025-05-07,1332.0,1346.2,1304.3,1337.0,666927.0,41.03
2025-05-08,1351.0,1356.0,1292.0,1315.5,1039522.0,66.48
2025-05-09,1270.0,1308.1,1255.0,1281.6,400071.0,19.03
2025-05-12,1339.9,1380.0,1325.0,1366.1,610547.0,47.99
2025-05-13,1377.0,1378.8,1339.2,1347.3,638202.0,64.06
2025-05-14,1355.0,1400.0,1352.0,1395.3,499664.0,48.95
2025-05-15,1402.0,1436.0,1375.1,1418.9,730577.0,60.02
2025-05-16,1418.0,1453.0,1398.9,1433.2,620091.0,44.47
2025-05-19,1433.0,1453.7,1416.1,1439.8,518182.0,39.82
2025-05-20,1455.8,1455.8,1412.1,1419.6,592929.0,31.97
2025-05-21,1428.0,1449.9,1424.1,1432.6,333379.0,51.53
2025-05-22,1432.0,1446.2,1402.5,1419.7,430430.0,53.57
2025-05-23,1424.3,1458.4,1420.6,1436.2,519719.0,39.1
2025-05-26,1444.0,1451.0,1410.0,1438.7,317500.0,38.19
2025-05-27,1438.7,1447.9,1411.0,1444.5,340700.0,31.51
2025-05-28,1440.7,1477.8,1433.4,1451.8,574187.0,34.12
2025-05-29,1476.0,1521.9,1472.0,1500.9,2677382.0,53.71
2025-05-30,1505.0,1534.8,1458.7,1466.6,1214112.0,41.68
2025-06-02,1484.0,1543.2,1484.0,1539.6,2297614.0,47.69
2025-06-03,1542.2,1591.8,1532.9,1584.6,2658643.0,65.56
2025-06-04,1594.9,1609.6,1572.5,1581.6,1446823.0,63.1
2025-06-05,1585.0,1650.9,1582.2,1626.1,2168165.0,59.29
2025-06-06,1634.0,1732.4,1627.1,1714.6,2728773.0,51.4
2025-06-09,1754.7,1754.7,1683.1,1708.5,1381170.0,55.88
2025-06-10,1718.0,1729.1,1657.0,1663.6,748209.0,46.37
2025-06-11,1670.3,1689.5,1650.5,1666.5,839825.0,56.72
2025-06-12,1665.0,1670.4,1621.6,1640.2,318907.0,45.41
2025-06-13,1602.0,1661.8,1590.1,1656.1,515025.0,46.34
2025-06-16,1645.0,1706.9,1617.0,1699.3,1067151.0,46.89
2025-06-17,1710.0,1727.0,1687.7,1694.7,920885.0,45.99
2025-06-18,1680.0,1719.9,1676.2,1692.5,361657.0,36.64
2025-06-19,1692.5,1705.0,1665.2,1678.0,559316.0,42.56
2025-06-20,1678.4,1744.8,1675.0,1716.3,1362456.0,60.94
2025-06-23,1698.0,1725.8,1671.5,1719.2,783093.0,37.15
2025-06-24,1734.0,1761.0,1718.5,1728.5,894028.0,33.99
2025-06-25,1740.0,1756.3,1708.1,1748.6,537548.0,43.4
2025-06-26,1755.9,1758.4,1693.1,1699.0,914662.0,54.05
2025-06-27,1699.0,1710.5,1660.1,1665.4,800153.0,59.19
2025-06-30,1680.0,1689.8,1642.1,1657.4,664605.0,53.44
2025-07-01,1670.0,1673.8,1624.4,1637.1,755125.0,59.99
2025-07-02,1639.8,1640.6,1595.4,1601.6,766512.0,63.7
2025-07-03,1605.6,1630.0,1596.5,1600.8,648165.0,50.44
2025-07-04,1604.8,1619.0,1582.0,1613.0,280539.0,36.6
2025-07-07,1619.0,1635.0,1601.4,1630.5,247076.0,46.57
2025-07-08,1639.0,1665.0,1616.3,1659.1,307630.0,36.99
2025-07-09,1661.0,1663.2,1630.9,1650.0,611562.0,38.22
2025-07-10,1663.3,1702.9,1651.0,1696.5,1458403.0,36.58
2025-07-11,1696.5,1713.4,1680.7,1695.0,873858.0,53.12
2025-07-14,1695.0,1734.9,1684.3,1726.3,1241272.0,58.94
2025-07-15,1730.6,1768.0,1708.0,1724.6,1803750.0,64.64
2025-07-16,1730.0,1734.7,1695.5,1718.6,1024940.0,59.8
2025-07-17,1718.0,1797.7,1718.0,1783.2,1954595.0,45.28
2025-07-18,1792.1,1810.2,1772.5,1782.2,1402037.0,46.83
2025-07-21,1782.2,1809.0,1774.3,1806.1,597039.0,52.83
2025-07-22,1806.1,1814.0,1781.1,1793.1,543745.0,62.88
2025-07-23,1770.0,1781.8,1734.7,1753.8,1106000.0,48.67
2025-07-24,1745.9,1751.7,1685.1,1698.0,878175.0,42.45
2025-07-25,1680.0,1705.9,1650.0,1669.1,507144.0,51.48
2025-07-28,1649.1,1652.1,1591.2,1611.3,1539104.0,55.69
2025-07-29,1611.9,1646.0,1608.0,1640.2,1108348.0,62.11
2025-07-30,1621.0,1650.0,1618.8,1624.8,557073.0,42.89
2025-07-31,1609.0,1632.8,1582.5,1626.5,891452.0,47.28
2025-08-01,1626.5,1660.9,1585.0,1596.5,657197.0,46.23
2025-08-04,1603.0,1641.8,1597.8,1632.8,382416.0,42.83
2025-08-05,1635.9,1641.9,1598.2,1608.9,284943.0,31.64
2025-08-06,1620.0,1629.8,1538.3,1604.6,1467226.0,31.52
2025-08-07,1604.8,1634.5,1590.2,1629.5,828095.0,51.13
2025-08-08,1625.0,1630.4,1590.8,1603.6,888624.0,64.82
2025-08-11,1603.7,1659.4,1598.0,1652.8,860108.0,59.56
2025-08-12,1652.8,1658.2,1625.0,1630.8,219448.0,40.14
2025-08-13,1630.1,1645.8,1618.8,1628.9,668089.0,50.89
2025-08-14,1630.0,1639.9,1596.0,1600.9,309115.0,50.04
2025-08-18,1613.1,1650.0,1610.4,1624.7,390765.0,41.84
2025-08-19,1630.0,1641.5,1601.0,1636.4,247327.0,31.43
2025-08-20,1641.0,1646.7,1615.0,1626.6,624869.0,61.19
2025-08-21,1635.0,1687.0,1625.0,1630.6,1198307.0,23.44
2025-08-22,1638.0,1645.0,1627.8,1635.6,231608.0,43.97
2025-08-25,1645.6,1664.6,1639.1,1649.1,383433.0,31.24
2025-08-26,1651.2,1655.0,1599.0,1609.0,416227.0,48.25
2025-08-28,1609.0,1610.0,1566.7,1579.9,743703.0,51.08
2025-08-29,1578.4,1588.0,1547.2,1561.8,866336.0,57.89
2025-09-01,1543.5,1584.8,1540.8,1578.2,634884.0,51.4
2025-09-02,1578.2,1592.0,1559.9,1565.6,659252.0,47.21
2025-09-03,1573.9,1589.6,1553.0,1584.9,1158934.0,65.91
2025-09-04,1595.0,1618.4,1547.2,1554.2,854818.0,48.44
2025-09-05,1560.7,1570.0,1494.6,1510.5,1200337.0,53.03
2025-09-08,1524.6,1549.1,1520.0,1538.6,513985.0,58.04
2025-09-09,1539.9,1550.9,1530.0,1542.7,206951.0,48.94
2025-09-10,1545.0,1576.5,1539.9,1561.9,768844.0,56.91
2025-09-11,1558.9,1575.4,1550.0,1558.9,270773.0,49.54
2025-09-12,1560.0,1568.9,1529.5,1549.7,313249.0,42.79
2025-09-15,1552.0,1603.9,1546.1,1594.2,456122.0,33.35
2025-09-16,1598.0,1632.4,1592.4,1625.2,583755.0,42.77
2025-09-17,1654.0,1662.9,1625.2,1654.3,964467.0,19.63
2025-09-18,1655.0,1670.0,1625.0,1629.0,785568.0,61.36
2025-09-19,1627.0,1634.0,1592.5,1618.7,948281.0,60.76
2025-09-22,1614.0,1649.5,1604.0,1617.4,717449.0,64.26
2025-09-23,1615.5,1625.9,1600.0,1604.9,507009.0,62.97
2025-09-24,1604.9,1630.0,1553.8,1572.7,848538.0,66.99
2025-09-25,1573.0,1576.7,1515.0,1534.5,498730.0,53.05
2025-09-26,1535.9,1543.8,1503.2,1507.4,395032.0,53.21
2025-09-29,1505.1,1540.0,1500.8,1520.8,822518.0,61.86
2025-09-30,1520.8,1527.3,1490.0,1510.1,634738.0,57.27
2025-10-01,1514.0,1545.5,1505.5,1542.1,306384.0,34.12
2025-10-03,1549.1,1554.0,1510.3,1530.1,611466.0,52.94
2025-10-06,1535.3,1551.8,1526.0,1541.3,503225.0,55.18
2025-10-07,1541.5,1551.5,1522.0,1530.6,359058.0,60.84
2025-10-08,1520.0,1534.0,1505.0,1513.8,255887.0,40.0
2025-10-09,1570.0,1618.8,1553.3,1582.9,3660768.0,18.32
2025-10-10,1575.0,1638.0,1572.0,1621.6,1415750.0,40.19
2025-10-13,1615.0,1635.8,1602.1,1614.6,751584.0,52.23
2025-10-14,1629.6,1629.6,1585.4,1603.6,632529.0,55.77
2025-10-15,1600.0,1700.0,1593.4,1676.0,2176330.0,38.16
2025-10-16,1677.2,1714.9,1677.2,1696.9,1021953.0,48.27
2025-10-17,1680.8,1726.0,1680.2,1706.2,866730.0,52.38
2025-10-20,1714.2,1739.0,1693.1,1717.5,467100.0,48.17
2025-10-21,1722.9,1728.4,1706.1,1713.4,33552.0,41.75
2025-10-22,1722.9,1728.4,1706.1,1713.4,33552.0,41.75
2025-10-23,1719.9,1746.1,1707.7,1737.1,708940.0,60.61
2025-10-24,1737.1,1765.7,1728.5,1754.1,676434.0,57.67
2025-10-27,1755.0,1798.7,1754.1,1784.8,1263012.0,65.71
2025-10-28,1784.8,1784.8,1742.9,1758.2,235997.0,41.71
2025-10-29,1758.2,1762.7,1741.6,1753.1,175019.0,48.55
2025-10-30,1758.0,1770.3,1745.1,1755.3,379062.0,60.45
2025-10-31,1755.7,1778.0,1739.5,1744.7,508487.0,63.96
2025-11-03,1737.0,1805.2,1735.4,1780.7,888848.0,67.64
2025-11-04,1780.7,1786.2,1740.4,1746.5,227441.0,43.93
2025-11-05,1780.7,1786.2,1740.4,1746.5,227441.0,43.93
2025-11-06,1754.6,1760.0,1718.2,1725.2,520525.0,61.79
2025-11-07,1725.1,1744.4,1698.0,1738.6,277342.0,45.17
2025-11-10,1744.5,1760.8,1734.5,1750.7,750870.0,76.76
2025-11-11,1756.0,1772.9,1736.0,1758.6,243017.0,41.05
2025-11-12,1766.0,1781.4,1693.0,1701.2,683080.0,50.55
2025-11-13,1721.0,1776.5,1720.0,1755.2,1755417.0,29.15
2025-11-14,1750.0,1758.8,1703.5,1744.9,701183.0,20.63
2025-11-17,1762.3,1778.4,1740.0,1753.2,400973.0,41.43
2025-11-18,1760.0,1764.1,1715.0,1722.3,478489.0,41.94
2025-11-19,1725.1,1738.3,1703.1,1717.3,844878.0,45.41
2025-11-20,1725.0,1729.9,1699.1,1717.2,487889.0,50.4
2025-11-21,1718.0,1735.0,1676.1,1688.5,442988.0,52.68
2025-11-24,1699.4,1711.9,1621.2,1631.3,1138372.0,60.04
2025-11-25,1633.0,1677.9,1622.5,1655.9,947658.0,48.31
2025-11-26,1635.9,1684.4,1635.9,1667.8,679574.0,54.16
2025-11-27,1680.0,1693.0,1657.8,1669.5,203471.0,36.64
2025-11-28,1660.0,1682.6,1657.9,1677.3,251437.0,50.03
2025-12-01,1680.1,1690.2,1643.2,1659.2,271498.0,45.19
2025-12-02,1659.2,1669.9,1625.5,1652.5,260818.0,56.2
2025-12-03,1658.2,1660.0,1630.5,1642.2,140072.0,45.7
2025-12-04,1642.0,1667.1,1629.3,1659.2,188376.0,47.24
2025-12-05,1659.2,1699.9,1652.1,1689.7,428649.0,30.4
2025-12-08,1692.3,1711.8,1594.2,1610.0,1031872.0,62.86
2025-12-09,1600.0,1648.8,1588.1,1632.9,488428.0,39.44
2025-12-10,1643.2,1650.7,1611.8,1618.4,480923.0,49.38
2025-12-11,1618.4,1662.6,1615.4,1652.2,418283.0,42.4
2025-12-12,1645.0,1684.9,1626.3,1660.9,433075.0,37.03
2025-12-15,1655.0,1669.7,1631.1,1655.4,364168.0,54.33
2025-12-16,1655.4,1660.0,1614.2,1627.9,372793.0,48.84
2025-12-17,1631.9,1635.0,1595.7,1607.4,446737.0,66.4
2025-12-18,1601.5,1617.2,1582.0,1600.2,225620.0,48.41
2025-12-19,1614.5,1630.0,1599.5,1624.1,413389.0,43.47
2025-12-22,1639.0,1639.0,1600.0,1603.1,461227.0,62.67
2025-12-23,1619.0,1619.8,1596.0,1604.8,565356.0,38.48
2025-12-24,1612.0,1628.9,1592.9,1618.0,955987.0,32.2
2025-12-25,1612.0,1628.9,1592.9,1618.0,955987.0,32.2
2025-12-26,1602.9,1649.9,1592.3,1609.6,1476794.0,28.84
2025-12-29,1609.6,1612.4,1586.0,1591.0,238886.0,39.31
2025-12-30,1591.9,1592.0,1555.7,1569.6,576889.0,60.81
2025-12-31,1581.4,1600.6,1565.0,1594.8,450701.0,61.43
2026-01-01,1600.0,1615.2,1584.1,1604.1,723300.0,73.57
2026-01-02,1601.0,1622.8,1600.5,1618.8,225652.0,55.38
2026-01-05,1620.0,1675.0,1610.2,1667.1,906033.0,68.55
2026-01-06,1675.4,1676.9,1648.0,1653.2,448673.0,43.88
2026-01-07,1654.0,1657.2,1601.3,1619.5,518308.0,41.4
2026-01-08,1617.0,1640.8,1580.2,1589.4,443237.0,42.11
2026-01-09,1587.0,1592.1,1542.5,1564.1,991051.0,44.42
2026-01-12,1560.0,1562.9,1498.8,1505.1,1414170.0,52.36
2026-01-13,1500.0,1526.8,1495.6,1517.7,965183.0,49.77
2026-01-14,1520.0,1520.8,1476.0,1500.2,948921.0,53.76
2026-01-15,1520.0,1520.8,1476.0,1500.2,948921.0,53.76
2026-01-16,1514.0,1553.3,1511.9,1523.2,886810.0,45.58
2026-01-19,1515.8,1529.8,1483.0,1505.8,623988.0,45.71
2026-01-20,1499.9,1500.0,1405.0,1424.6,2378530.0,57.35
2026-01-21,1424.6,1444.5,1395.7,1439.1,1303375.0,42.92
2026-01-22,1452.0,1452.0,1410.0,1422.6,417800.0,44.36
2026-01-23,1429.8,1429.8,1373.2,1388.8,1453722.0,52.92
2026-01-26,1429.8,1429.8,1373.2,1388.8,1453722.0,52.92
2026-01-27,1395.0,1406.2,1351.2,1392.0,1963109.0,53.18
2026-01-28,1395.0,1439.8,1392.1,1422.0,771987.0,48.31
2026-01-29,1429.0,1441.0,1404.0,1427.5,773567.0,40.82
2026-01-30,1424.1,1470.0,1401.8,1461.5,1053441.0,59.57
2026-02-02,1490.0,1494.5,1446.8,1483.2,710603.0,48.12
2026-02-03,1550.0,1600.1,1512.1,1543.3,928635.0,44.29
2026-02-04,1543.3,1543.4,1495.1,1533.5,444372.0,40.07
2026-02-05,1523.9,1535.0,1487.4,1526.8,667604.0,45.52
2026-02-06,1520.0,1558.4,1507.4,1555.9,408504.0,50.83
2026-02-09,1563.1,1604.7,1560.0,1589.2,424658.0,50.38
2026-02-10,1593.1,1598.0,1574.0,1591.7,271664.0,54.85
2026-02-11,1591.7,1604.5,1571.1,1597.5,358504.0,62.74
2026-02-12,1594.9,1594.9,1560.0,1572.7,439347.0,59.4
2026-02-13,1545.0,1549.9,1482.1,1519.1,2017539.0,54.56
2026-02-16,1495.3,1539.6,1495.3,1527.8,601273.0,58.41
2026-02-17,1516.3,1548.6,1512.0,1525.6,298593.0,49.37
2026-02-18,1529.7,1539.2,1504.4,1529.1,416492.0,53.22
2026-02-19,1537.1,1538.0,1485.0,1492.0,510802.0,61.22
2026-02-20,1478.4,1504.0,1472.0,1487.0,539352.0,53.8
2026-02-23,1491.0,1507.0,1477.6,1488.9,204003.0,42.46
2026-02-24,1477.8,1483.1,1408.4,1425.6,1014229.0,55.44
2026-02-25,1427.0,1468.4,1413.3,1420.7,827326.0,57.23
2026-02-26,1426.9,1440.7,1411.6,1428.5,521650.0,51.69
2026-02-27,1427.1,1436.9,1385.0,1393.0,962243.0,55.65
2026-03-02,1332.0,1387.8,1332.0,1377.3,863734.0,55.02
2026-03-03,1332.0,1387.8,1332.0,1377.3,863734.0,55.02
2026-03-04,1341.7,1363.4,1308.0,1350.8,868953.0,46.72
2026-03-05,1360.0,1383.5,1351.4,1375.6,369602.0,45.16
2026-03-06,1369.9,1377.4,1330.1,1335.5,390136.0,45.52
2026-03-09,1320.0,1324.0,1281.0,1304.6,1112021.0,58.81
2026-03-10,1330.0,1340.0,1300.0,1307.3,961586.0,69.53
2026-03-11,1315.0,1324.6,1266.5,1271.5,1233921.0,54.93
2026-03-12,1269.9,1283.8,1237.4,1252.7,483947.0,49.53
2026-03-13,1250.0,1268.1,1222.0,1257.0,658223.0,43.9
2026-03-16,1257.2,1261.0,1204.0,1250.3,1786830.0,52.44
2026-03-17,1255.0,1275.0,1230.4,1265.8,903233.0,46.53
2026-03-18,1265.8,1329.1,1257.3,1321.4,879843.0,36.49
2026-03-19,1290.6,1305.0,1262.1,1268.0,545663.0,41.72
2026-03-20,1278.9,1304.2,1243.0,1248.2,563584.0,46.62
2026-03-23,1226.0,1235.0,1173.4,1178.6,921668.0,48.67
2026-03-24,1207.7,1217.9,1190.5,1201.5,490182.0,31.06
2026-03-25,1215.0,1250.4,1215.0,1228.1,734311.0,46.7
2026-03-26,1215.0,1250.4,1215.0,1228.1,734311.0,46.7
2026-03-27,1224.0,1227.0,1167.8,1172.8,1244993.0,40.94
2026-03-30,1159.9,1159.9,1115.0,1126.5,1468626.0,43.64
2026-03-31,1159.9,1159.9,1115.0,1126.5,1468626.0,43.64
2026-04-01,1150.0,1168.5,1137.3,1144.9,2010817.0,69.96
2026-04-02,1145.0,1158.6,1090.0,1152.0,2135711.0,52.29
2026-04-03,1145.0,1158.6,1090.0,1152.0,2135711.0,52.29
2026-04-06,1159.0,1199.8,1133.6,1183.2,2407295.0,70.58
2026-04-07,1173.2,1229.7,1156.0,1222.1,2218484.0,48.2
2026-04-08,1300.0,1347.0,1288.3,1320.8,2513824.0,28.47
2026-04-09,1320.2,1341.2,1292.9,1319.4,847595.0,46.27
2026-04-10,1329.1,1353.5,1313.5,1322.4,2399257.0,58.56
2026-04-13,1291.0,1319.0,1261.0,1304.5,1375296.0,56.97
2026-04-14,1291.0,1319.0,1261.0,1304.5,1375296.0,56.97
2026-04-15,1345.0,1349.7,1322.9,1342.4,1608933.0,54.14
2026-04-16,1350.0,1360.0,1313.6,1337.9,1074010.0,43.36
2026-04-17,1341.0,1364.0,1332.4,1356.8,753694.0,47.0
2026-04-20,1348.0,1378.0,1330.2,1373.8,841782.0,56.42
2026-04-21,1374.1,1418.8,1374.1,1402.7,1495027.0,52.99
2026-04-22,1405.2,1423.6,1401.5,1405.5,457584.0,43.77
2026-04-23,1399.8,1414.9,1377.8,1384.2,1479950.0,68.26
2026-04-24,1387.9,1399.4,1344.6,1373.2,568319.0,40.04
2026-04-27,1382.0,1419.0,1380.3,1405.1,460882.0,45.4
2026-04-28,1405.0,1417.8,1394.1,1402.6,453603.0,55.27
2026-04-29,1406.1,1454.5,1406.1,1433.7,391078.0,36.95
2026-04-30,1423.1,1430.0,1397.4,1414.4,301820.0,44.89
2026-05-01,1423.1,1430.0,1397.4,1414.4,301820.0,44.89
2026-05-04,1416.5,1473.2,1416.5,1454.4,432497.0,32.8
2026-05-05,1446.2,1470.6,1426.6,1432.2,326611.0,33.7
2026-05-06,1451.9,1458.9,1428.3,1455.2,696371.0,57.2
2026-05-07,1462.0,1488.7,1435.3,1483.5,616457.0,55.3
2026-05-08,1480.0,1514.7,1477.8,1507.3,918187.0,57.85
2026-05-11,1491.8,1493.9,1448.7,1455.5,670557.0,52.64
2026-05-12,1455.9,1464.2,1375.5,1380.8,835417.0,56.83
2026-05-13,1368.7,1394.3,1357.6,1362.4,599058.0,58.74
2026-05-14,1372.2,1392.6,1341.9,1369.8,368954.0,46.4
2026-05-15,1370.0,1385.5,1330.1,1342.2,233213.0,39.27
2026-05-18,1325.0,1348.5,1297.9,1342.7,514218.0,42.68
2026-05-19,1344.0,1397.6,1325.0,1377.1,399867.0,42.49
2026-05-20,1366.0,1395.0,1340.6,1387.8,359769.0,44.03
2026-05-21,1399.8,1416.0,1373.4,1385.6,1164387.0,62.71
2026-05-22,1408.5,1408.8,1343.5,1388.5,1491323.0,38.26
2026-05-25,1413.7,1421.2,1392.2,1401.4,1227153.0,57.29
2026-05-26,1401.3,1407.6,1381.0,1402.2,633072.0,56.57
2026-05-27,1405.0,1434.0,1395.0,1399.8,616254.0,42.95
2026-05-28,1405.0,1434.0,1395.0,1399.8,616254.0,42.95
2026-05-29,1389.2,1423.0,1353.8,1369.2,1176813.0,59.81
2026-06-01,1377.9,1390.0,1349.9,1358.2,534383.0,48.47
2026-06-02,1354.1,1403.3,1343.8,1395.0,382252.0,37.74
2026-06-03,1399.0,1399.0,1336.2,1345.6,630966.0,49.31
2026-06-04,1330.0,1364.6,1325.0,1356.8,376491.0,30.99
2026-06-05,1368.9,1409.5,1356.9,1381.1,880762.0,38.34
2026-06-08,1365.0,1376.0,1314.2,1327.6,489630.0,35.01
2026-06-09,1339.0,1360.0,1333.3,1354.0,351677.0,39.02
2026-06-10,1347.0,1359.2,1320.0,1328.0,186545.0,43.85
2026-06-11,1312.6,1335.9,1311.0,1325.3,700746.0,68.91
2026-06-12,1354.9,1394.0,1334.1,1387.3,465653.0,42.53
2026-06-15,1415.0,1481.4,1394.0,1472.5,1205499.0,52.52
2026-06-16,1478.0,1527.9,1461.1,1521.1,1398862.0,52.7
2026-06-17,1510.0,1526.8,1492.0,1521.5,914420.0,57.46
2026-06-18,1511.8,1535.9,1495.0,1527.7,1015957.0,54.91
2026-06-19,1500.0,1504.8,1473.0,1497.3,810768.0,55.11
2026-06-22,1504.3,1525.8,1493.6,1512.5,788586.0,57.06
2026-06-23,1500.0,1580.6,1500.0,1512.7,1985946.0,41.98
2026-06-24,1505.0,1545.0,1498.0,1541.1,754199.0,45.16
2026-06-25,1548.1,1576.7,1548.1,1556.3,735188.0,52.01
2026-06-26,1548.1,1576.7,1548.1,1556.3,735188.0,52.01
2026-06-29,1572.0,1572.0,1523.2,1539.4,354382.0,36.41
2026-06-30,1548.1,1576.3,1540.3,1564.6,645307.0,46.98
2026-07-01,1579.9,1630.0,1564.8,1625.3,1058054.0,41.42
2026-07-02,1643.5,1682.5,1635.7,1674.1,1774100.0,54.64
2026-07-03,1682.0,1698.9,1647.8,1668.0,1047148.0,53.1
2026-07-06,1683.0,1718.5,1666.9,1703.5,1573068.0,57.24
2026-07-07,1715.0,1715.0,1659.4,1673.3,1493106.0,70.69
2026-07-08,1657.1,1689.0,1617.8,1635.3,1043090.0,47.31
2026-07-09,1628.0,1683.2,1628.0,1673.9,742651.0,52.03
2026-07-10,1694.0,1741.5,1652.9,1733.2,871915.0,39.65
2026-07-13,1715.1,1730.5,1687.6,1724.3,802548.0,52.13
2026-07-14,1715.0,1729.9,1684.0,1693.6,872609.0,51.07
2026-07-15,1699.1,1716.0,1682.7,1686.0,335239.0,51.44
2026-07-16,1690.0,1692.1,1630.3,1641.7,1167882.0,56.35
2026-07-17,1641.7,1697.9,1633.3,1693.0,1057341.0,63.29
2026-07-20,1690.7,1691.4,1660.0,1669.1,371030.0,42.14
2026-07-21,1669.1,1712.2,1662.3,1706.9,343361.0,40.49
2026-07-22,1700.0,1709.7,1650.0,1663.1,723434.0,53.54
2026-07-23,1663.0,1674.0,1620.0,1624.0,331670.0,35.08
2026-07-24,1614.9,1618.6,1579.3,1592.8,793038.0,52.11
2026-07-27,1619.0,1649.8,1604.7,1644.6,652716.0,58.25
2026-07-28,1656.8,1689.0,1638.0,1682.3,618576.0,38.54
2026-07-29,1696.0,1702.4,1657.4,1673.0,908875.0,52.67
2026-07-30,1607.1,1631.7,1589.6,1594.8,1018205.0,31.9
2026-07-31,1595.5,1624.4,1585.0,1616.2,671051.0,53.87
2026-08-03,1620.0,1670.0,1610.5,1670.0,349987.0,53.57
2026-08-04,1655.0,1655.0,1576.0,1595.0,614003.0,42.67
2026-08-05,1610.0,1641.9,1591.4,1593.0,383642.0,35.56
2026-08-06,1604.2,1613.6,1570.5,1578.0,746853.0,63.32
2026-08-07,1577.0,1599.8,1565.8,1584.8,475170.0,55.47
2026-08-10,1585.0,1605.5,1561.6,1589.0,299288.0,46.76
2026-08-11,1607.9,1643.5,1574.9,1585.9,1259961.0,52.62
2026-08-12,1592.0,1594.0,1555.3,1590.7,221177.0,32.05
2026-08-13,1591.4,1618.9,1569.0,1618.9,468924.0,51.4
2026-08-14,1620.0,1623.9,1582.4,1592.5,275252.0,51.82
2026-08-19,1595.0,1595.0,1570.0,1581.8,187224.0,38.33
2026-08-20,1588.0,1610.0,1581.0,1585.5,175197.0,42.56
2026-08-21,1592.0,1651.3,1590.0,1631.0,961947.0,36.59
2026-08-24,1631.0,1641.6,1618.1,1635.8,245770.0,41.45
2026-08-25,1631.9,1631.9,1606.2,1623.0,286013.0,32.97
2026-08-26,1620.9,1647.3,1614.0,1615.1,393894.0,40.82
