,Open,High,Low,Close,Volume,DeliveryPct
2016-08-22,413.0,419.0,411.0,414.0,3396.0,
2016-08-23,406.0,421.95,406.0,415.25,8016.0,
2016-08-24,411.0,416.0,410.85,414.65,11814.0,
2016-08-25,411.05,432.0,409.95,415.2,76833.0,
2016-08-26,420.0,422.0,410.0,411.3,38108.0,
2016-08-29,410.25,413.9,400.0,408.9,7347.0,
2016-08-30,413.7,414.35,401.6,406.9,29313.0,
2016-08-31,407.0,414.3,404.0,409.5,26431.0,
2016-09-01,415.5,415.5,393.7,400.2,35748.0,
2016-09-02,405.0,405.55,400.05,403.95,95203.0,
2016-09-06,405.0,409.15,396.7,399.65,20330.0,
2016-09-07,404.9,405.0,382.0,391.45,49856.0,
2016-09-08,392.0,393.95,382.0,388.1,203242.0,
2016-09-09,389.0,391.55,379.05,384.1,27847.0,
2016-09-12,379.95,380.0,365.0,370.95,32105.0,
2016-09-14,385.0,385.0,370.05,377.3,8699.0,
2016-09-15,375.1,380.0,371.0,375.6,8162.0,
2016-09-16,388.0,388.0,378.0,381.15,37447.0,
2016-09-19,389.95,389.95,373.4,382.05,8007.0,
2016-09-20,387.9,388.0,372.6,379.6,30283.0,
2016-09-21,384.95,384.95,374.0,377.65,19652.0,
2016-09-22,376.05,382.0,375.0,375.75,6725.0,
2016-09-23,384.0,384.0,368.35,370.3,19494.0,
2016-09-26,375.0,375.0,361.0,363.4,28401.0,
2016-09-27,369.8,369.8,350.0,354.25,69718.0,
2016-09-28,348.35,359.0,336.25,339.85,86068.0,
2016-09-29,345.0,356.9,336.5,342.2,59953.0,
2016-09-30,337.1,346.3,337.1,344.8,40198.0,
2016-10-03,348.6,358.5,339.0,345.2,69817.0,
2016-10-04,344.05,362.0,344.0,358.1,37081.0,
2016-10-05,362.3,372.0,356.1,362.05,15993.0,
2016-10-06,364.0,367.85,350.25,352.75,125581.0,
2016-10-07,355.0,367.5,355.0,364.8,48752.0,
2016-10-10,379.0,379.0,354.4,358.35,17368.0,
2016-10-13,351.2,361.0,339.3,341.9,21826.0,
2016-10-14,347.0,347.0,337.5,338.75,16744.0,
2016-10-17,342.5,344.05,325.1,332.55,57598.0,
2016-10-18,334.5,344.8,330.55,334.85,13890.0,
2016-10-19,336.55,339.9,319.0,322.4,29801.0,
2016-10-20,325.0,325.0,311.2,316.0,30096.0,
2016-10-21,319.0,319.0,311.0,314.9,19985.0,
2016-10-24,318.0,328.6,310.0,312.05,34256.0,
2016-10-25,320.0,328.5,310.1,323.85,48463.0,
2016-10-26,330.0,344.9,322.0,329.25,62959.0,
2016-10-27,328.0,329.95,322.0,326.55,7642.0,
2016-10-28,325.0,336.0,325.0,334.7,13685.0,
2016-11-01,349.0,349.0,332.55,340.8,31038.0,
2016-11-02,339.0,340.05,322.55,328.25,25432.0,
2016-11-03,324.1,335.85,323.5,331.35,13833.0,
2016-11-04,331.05,334.0,326.1,331.95,30617.0,
2016-11-07,328.5,339.0,328.5,335.55,6184.0,
2016-11-08,335.9,338.0,329.5,331.0,11983.0,
2016-11-09,315.0,323.0,280.0,315.85,29934.0,
2016-11-10,334.75,353.3,334.75,339.1,55629.0,
2016-11-11,337.0,340.0,318.0,324.5,32678.0,
2016-11-15,309.8,316.0,289.5,300.85,96221.0,
2016-11-16,310.0,314.9,290.45,297.1,35727.0,
2016-11-17,308.4,308.4,280.1,287.1,17157.0,
2016-11-18,295.8,295.8,280.0,284.45,17945.0,
2016-11-21,281.1,289.7,257.95,274.5,155858.0,
2016-11-22,268.5,280.15,255.0,275.15,31510.0,
2016-11-23,284.75,320.0,283.95,312.7,56887.0,
2016-11-24,310.0,315.0,299.0,301.85,16072.0,
2016-11-25,309.0,310.0,296.0,300.75,13023.0,
2016-11-28,302.9,314.0,296.3,307.85,7769.0,
2016-11-29,309.0,314.0,301.1,307.7,13894.0,
2016-11-30,311.7,321.7,309.05,316.25,17710.0,
2016-12-01,327.0,327.0,312.15,317.95,10617.0,
2016-12-02,315.0,319.95,304.2,307.0,8547.0,
2016-12-05,309.9,310.55,302.0,304.65,2703.0,
2016-12-06,315.95,315.95,300.55,302.6,12107.0,
2016-12-07,309.8,309.8,297.95,299.45,12906.0,
2016-12-08,308.95,310.3,295.5,300.35,20319.0,
2016-12-09,305.0,310.9,300.05,309.45,13825.0,
2016-12-12,303.35,303.9,298.0,298.65,14860.0,
2016-12-13,307.0,310.4,299.1,303.4,16952.0,
2016-12-14,309.05,309.05,295.55,297.7,3616.0,
2016-12-15,305.4,307.5,296.2,298.15,16472.0,
2016-12-16,304.4,304.4,296.1,297.4,2114.0,
2016-12-19,301.95,313.0,299.0,301.45,12117.0,
2016-12-20,306.0,306.0,298.9,300.3,7780.0,
2016-12-21,300.3,302.45,293.6,299.1,63752.0,
2016-12-22,306.0,306.0,285.55,289.0,18842.0,
2016-12-23,296.4,306.0,286.7,297.55,15894.0,
2016-12-26,304.0,304.95,298.05,299.75,5414.0,
2016-12-27,300.0,300.0,288.05,299.0,9130.0,
2016-12-28,302.0,302.0,290.25,292.0,9030.0,
2016-12-29,295.9,297.0,289.1,290.0,10021.0,
2016-12-30,294.9,303.65,259.5,283.15,62472.0,
2017-01-02,291.35,303.0,291.35,299.95,22889.0,
2017-01-03,300.0,314.7,300.0,310.0,25899.0,
2017-01-04,314.0,341.25,308.5,337.8,99416.0,
2017-01-05,337.0,349.0,332.0,340.85,58806.0,
2017-01-06,340.85,349.0,335.25,342.6,22867.0,
2017-01-09,340.05,345.0,330.0,333.55,17589.0,
2017-01-10,332.0,348.0,332.0,344.9,25576.0,
2017-01-11,342.45,357.4,338.55,355.45,18986.0,
2017-01-12,359.0,363.0,343.55,346.65,54166.0,
2017-01-13,347.65,359.7,340.5,357.85,13319.0,
2017-01-16,358.0,359.0,347.7,350.0,12125.0,
2017-01-17,350.25,353.4,346.5,349.65,21199.0,
2017-01-18,351.15,379.7,349.0,369.15,51508.0,
2017-01-19,369.15,434.4,369.15,395.75,266574.0,
2017-01-20,394.0,395.0,376.6,380.2,29742.0,
2017-01-23,389.0,395.1,378.05,382.75,20537.0,
2017-01-24,386.4,390.0,369.0,375.35,36636.0,
2017-01-25,379.15,396.05,376.5,384.95,136358.0,
2017-01-27,384.4,393.9,378.0,384.0,88633.0,
2017-01-30,386.0,391.0,381.05,387.25,10280.0,
2017-01-31,387.0,390.45,380.0,384.0,45873.0,
2017-02-01,380.55,390.0,380.55,388.25,10712.0,
2017-02-02,386.3,400.1,383.0,386.8,28622.0,
2017-02-03,387.4,392.6,382.0,384.7,20302.0,
2017-02-06,388.0,401.4,384.0,387.35,57199.0,
2017-02-07,391.5,393.2,381.0,388.1,10713.0,
2017-02-08,389.9,410.0,385.6,403.6,27722.0,
2017-02-09,406.45,418.9,403.15,408.35,95875.0,
2017-02-10,406.95,435.0,403.45,427.45,131652.0,
2017-02-13,422.0,434.4,413.3,423.45,74308.0,
2017-02-14,424.0,424.9,414.55,423.05,25875.0,
2017-02-15,424.0,427.75,391.1,410.25,34686.0,
2017-02-16,413.0,413.0,394.1,396.25,32011.0,
2017-02-17,405.95,418.95,401.05,409.7,21165.0,
2017-02-20,411.0,411.0,389.0,401.5,23061.0,
2017-02-21,401.0,425.0,399.2,415.05,69279.0,
2017-02-22,419.95,421.95,405.1,411.5,18522.0,
2017-02-23,412.5,418.0,401.2,403.9,14323.0,
2017-02-27,407.6,407.6,397.55,398.65,13271.0,
2017-02-28,402.65,405.95,395.6,399.35,16830.0,
2017-03-01,401.9,404.0,391.1,393.5,20218.0,
2017-03-02,398.2,404.0,376.4,381.05,38430.0,
2017-03-03,388.85,394.9,376.95,393.8,27833.0,
2017-03-06,396.5,406.75,393.95,402.95,40558.0,
2017-03-07,401.1,405.0,393.0,396.55,24283.0,
2017-03-08,403.0,403.0,387.55,394.0,14215.0,
2017-03-09,398.9,419.0,393.7,409.0,53795.0,
2017-03-10,416.0,416.0,402.8,409.5,13094.0,
2017-03-14,411.6,429.9,402.05,404.7,42189.0,
2017-03-15,407.95,409.15,397.5,400.5,52896.0,
2017-03-16,400.0,417.0,400.0,407.95,55052.0,
2017-03-17,410.1,432.7,409.95,423.4,165882.0,
2017-03-20,424.95,473.0,419.85,462.4,371802.0,
2017-03-21,467.4,480.0,445.5,455.4,95644.0,
2017-03-22,452.1,474.8,443.0,463.75,134760.0,
2017-03-23,459.5,483.8,459.5,478.9,75805.0,
2017-03-24,482.95,497.0,475.85,483.55,163242.0,
2017-03-27,487.9,487.9,470.2,480.3,52414.0,
2017-03-28,479.95,492.3,469.95,471.8,34723.0,
2017-03-29,475.9,477.8,440.05,459.85,70478.0,
2017-03-30,466.75,480.0,465.1,467.55,22186.0,
2017-03-31,470.05,485.0,464.55,479.65,23987.0,
2017-04-03,484.6,505.75,480.1,501.95,119645.0,
2017-04-05,496.0,529.3,496.0,522.25,99417.0,
2017-04-06,524.4,549.95,505.15,518.25,40532.0,
2017-04-07,518.25,528.6,506.8,515.5,30561.0,
2017-04-10,511.9,519.9,503.7,507.8,22721.0,
2017-04-11,509.0,515.5,502.0,506.45,15455.0,
2017-04-12,508.4,509.95,476.15,487.55,53850.0,
2017-04-13,487.55,492.5,481.55,486.9,11805.0,
2017-04-17,483.5,510.0,482.0,495.2,37473.0,
2017-04-18,501.3,502.6,481.5,483.25,14176.0,
2017-04-19,485.0,494.9,478.05,485.55,16371.0,
2017-04-20,484.0,493.1,481.0,482.6,8234.0,
2017-04-21,484.55,499.4,484.0,497.4,30696.0,
2017-04-24,494.2,499.4,490.0,493.75,28927.0,
2017-04-25,500.0,503.45,486.1,492.4,24066.0,
2017-04-26,493.95,495.9,482.55,489.65,34098.0,
2017-04-27,487.6,494.0,483.0,490.7,9366.0,
2017-04-28,488.6,505.4,483.05,496.2,19050.0,
2017-05-02,490.6,505.0,486.55,499.4,14930.0,
2017-05-03,504.0,504.35,490.2,495.05,16084.0,
2017-05-04,501.0,503.9,491.2,494.0,17404.0,
2017-05-05,492.05,499.4,480.55,491.1,26627.0,
2017-05-08,487.15,500.5,481.05,484.55,14022.0,
2017-05-09,483.7,491.05,480.0,481.35,8379.0,
2017-05-10,484.25,488.1,478.25,482.55,13974.0,
2017-05-11,485.0,490.05,482.0,485.25,8676.0,
2017-05-12,485.05,487.8,467.95,474.35,20292.0,
2017-05-15,475.0,479.8,470.0,475.5,23906.0,
2017-05-16,484.95,484.95,465.4,473.05,61342.0,
2017-05-17,475.25,494.95,464.6,487.35,25792.0,
2017-05-18,483.15,486.45,468.75,473.85,17053.0,
2017-05-19,476.05,488.0,462.6,481.2,47999.0,
2017-05-22,490.0,490.0,463.6,465.65,27811.0,
2017-05-23,469.0,469.0,435.0,458.1,53816.0,
2017-05-24,455.15,458.45,430.55,446.6,25898.0,
2017-05-25,448.5,448.9,436.15,445.1,22599.0,
2017-05-26,445.05,470.0,440.0,458.85,39851.0,
2017-05-29,454.05,465.45,449.05,459.65,25633.0,
2017-05-30,453.1,472.9,445.0,460.15,20051.0,
2017-05-31,464.0,470.8,451.0,467.15,9713.0,
2017-06-01,468.0,468.0,453.05,459.3,242002.0,
2017-06-02,463.0,465.0,450.9,455.15,12808.0,
2017-06-05,455.0,459.0,442.05,446.05,7556.0,
2017-06-06,450.0,450.0,438.0,443.3,32722.0,
2017-06-07,442.45,460.75,441.0,458.45,11807.0,
2017-06-08,452.65,460.0,446.05,452.4,52722.0,
2017-06-09,449.2,458.0,446.0,448.25,6769.0,
2017-06-12,440.45,459.9,439.4,447.7,23870.0,
2017-06-13,443.95,474.0,443.95,455.7,36460.0,
2017-06-14,459.95,494.0,458.0,485.05,86915.0,
2017-06-15,492.0,494.45,481.0,483.05,18165.0,
2017-06-16,487.95,492.7,474.2,476.7,10565.0,
2017-06-19,484.8,487.75,475.6,483.7,11494.0,
2017-06-20,487.0,509.0,476.0,494.45,101664.0,
2017-06-21,494.45,504.4,490.05,498.45,43179.0,
2017-06-22,498.6,524.0,495.0,518.9,98530.0,
2017-06-23,524.0,526.0,505.0,511.1,60718.0,
2017-06-27,511.0,517.0,500.0,513.2,35246.0,
2017-06-28,504.1,523.2,502.0,517.5,73547.0,
2017-06-29,517.1,522.9,513.95,519.1,18026.0,
2017-06-30,514.8,525.0,514.8,520.65,10799.0,
2017-07-03,521.05,525.0,510.1,521.85,23705.0,
2017-07-04,528.5,528.5,515.1,516.45,10027.0,
2017-07-05,516.1,539.3,513.4,535.55,61922.0,
2017-07-06,539.3,547.0,525.7,529.55,58212.0,
2017-07-07,524.0,538.45,517.0,523.45,12318.0,
2017-07-10,520.0,532.0,494.0,513.8,3115.0,
2017-07-11,515.0,529.0,508.6,520.4,29988.0,
2017-07-12,528.5,529.4,512.1,526.2,21619.0,
2017-07-13,526.25,544.95,516.55,540.1,59034.0,
2017-07-14,546.0,547.0,518.7,523.5,57212.0,
2017-07-17,523.45,547.9,523.45,540.4,121084.0,
2017-07-18,534.95,543.3,527.5,535.05,73234.0,
2017-07-19,537.95,544.0,531.25,535.05,150052.0,
2017-07-20,526.6,535.75,520.0,524.65,14753.0,
2017-07-21,524.6,529.0,518.2,525.7,25094.0,
2017-07-24,533.55,533.55,521.65,530.1,10970.0,
2017-07-25,524.05,527.0,522.2,525.0,19822.0,
2017-07-26,522.95,539.8,520.75,525.1,20663.0,
2017-07-27,530.9,533.45,526.05,529.2,25152.0,
2017-07-28,524.25,529.95,518.0,521.55,6890.0,
2017-07-31,519.6,536.8,519.6,526.7,7021.0,
2017-08-01,532.95,578.0,528.55,563.7,150631.0,
2017-08-02,562.75,583.0,555.6,573.5,80263.0,
2017-08-03,577.0,581.0,557.0,559.35,45331.0,
2017-08-04,557.05,562.0,555.95,560.45,17925.0,
2017-08-07,560.0,560.5,548.1,555.0,9763.0,
2017-08-08,550.6,564.0,541.0,553.15,16523.0,
2017-08-09,563.95,574.85,548.85,564.2,55487.0,
2017-08-10,564.0,564.0,512.5,526.8,53162.0,
2017-08-11,511.55,536.4,506.0,525.85,33500.0,
2017-08-14,530.0,549.35,530.0,538.1,14719.0,
2017-08-16,538.1,567.0,533.6,563.05,44337.0,
2017-08-17,568.95,569.5,536.75,540.7,19693.0,
2017-08-18,541.5,544.0,532.55,541.9,9317.0,
2017-08-21,548.05,549.45,535.0,541.95,5026.0,
2017-08-22,543.0,550.0,533.1,538.55,8419.0,
2017-08-23,531.0,554.0,531.0,549.65,8162.0,
2017-08-24,549.5,569.0,548.15,563.75,20405.0,
2017-08-28,566.1,566.1,552.05,555.35,12862.0,
2017-08-29,558.0,559.0,550.4,554.5,111828.0,
2017-08-30,560.0,562.35,551.0,554.1,28794.0,
2017-08-31,558.05,560.95,552.05,558.05,24171.0,
2017-09-01,552.05,553.3,540.3,548.05,7842.0,
2017-09-04,555.15,558.0,520.05,540.65,55973.0,
2017-09-05,542.15,558.95,540.0,553.65,33692.0,
2017-09-06,552.9,562.95,545.0,558.65,55657.0,
2017-09-07,565.0,584.4,560.25,570.65,51531.0,
2017-09-08,573.85,580.45,558.3,564.2,49298.0,
2017-09-11,580.9,580.9,555.1,561.4,18940.0,
2017-09-12,561.35,570.0,550.0,561.05,18917.0,
2017-09-13,562.0,569.0,555.25,558.95,37394.0,
2017-09-14,559.95,564.9,543.9,559.75,181664.0,
2017-09-15,559.1,564.95,547.9,553.2,18807.0,
2017-09-18,559.9,559.9,537.3,541.15,50693.0,
2017-09-19,550.0,550.0,534.0,543.9,11573.0,
2017-09-20,549.3,551.9,538.05,545.7,20113.0,
2017-09-21,543.0,552.0,525.2,535.65,41762.0,
2017-09-22,547.95,559.9,532.95,546.45,38572.0,
2017-09-25,545.1,564.4,541.0,558.6,50654.0,
2017-09-26,558.6,564.0,541.5,549.5,13452.0,
2017-09-27,552.0,559.4,542.5,555.7,19749.0,
2017-09-28,553.6,575.0,548.5,569.8,50383.0,
2017-09-29,574.95,617.5,571.05,598.8,74987.0,
2017-10-03,608.0,640.0,608.0,620.8,48632.0,
2017-10-04,628.0,636.0,626.0,632.4,49757.0,
2017-10-05,638.0,667.0,627.0,643.4,83722.0,
2017-10-06,645.1,652.8,630.5,641.7,22426.0,
2017-10-09,642.0,644.25,631.5,634.45,12785.0,
2017-10-10,645.0,683.7,634.0,664.4,123325.0,
2017-10-11,664.0,710.5,655.65,679.6,260579.0,
2017-10-12,671.0,690.1,662.55,678.45,39752.0,
2017-10-13,675.1,714.0,675.1,686.15,93141.0,
2017-10-16,702.95,703.0,675.0,681.85,83797.0,
2017-10-17,675.0,688.65,675.0,679.55,10878.0,
2017-10-18,678.95,698.8,678.65,691.7,20851.0,
2017-10-19,692.0,705.0,680.15,687.65,14278.0,
2017-10-23,687.8,699.0,687.8,692.45,29551.0,
2017-10-24,684.45,696.85,665.1,668.0,25661.0,
2017-10-25,671.25,688.0,668.8,679.95,17420.0,
2017-10-26,679.95,687.5,665.0,680.0,169531.0,
2017-10-27,671.1,714.5,671.1,709.15,56459.0,
2017-10-30,816.0,816.0,744.2,752.05,458382.0,
2017-10-31,751.0,790.0,750.9,760.65,122553.0,
2017-11-01,769.85,777.0,735.05,744.85,41117.0,
2017-11-02,736.5,755.0,730.15,734.0,24585.0,
2017-11-03,750.0,782.55,750.0,763.45,87456.0,
2017-11-06,763.45,773.1,749.05,757.25,30804.0,
2017-11-07,774.0,774.0,730.55,744.7,26070.0,
2017-11-08,768.0,768.0,741.0,744.75,21744.0,
2017-11-09,748.9,756.0,735.0,745.25,17088.0,
2017-11-10,752.0,754.9,735.1,750.9,26384.0,
2017-11-13,765.95,766.4,734.0,742.8,17578.0,
2017-11-14,745.05,751.45,732.0,747.6,14946.0,
2017-11-15,750.0,750.0,715.0,722.8,10040.0,
2017-11-16,724.15,736.1,707.95,731.7,17452.0,
2017-11-17,748.0,748.0,732.8,735.55,11646.0,
2017-11-20,736.4,749.0,722.05,727.75,74273.0,
2017-11-21,729.95,732.05,709.2,714.65,16472.0,
2017-11-22,709.15,729.55,704.95,725.75,14461.0,
2017-11-23,720.0,776.0,719.95,765.3,64572.0,
2017-11-24,771.0,792.2,755.15,766.8,60491.0,
2017-11-27,770.05,781.95,759.05,765.7,13197.0,
2017-11-28,756.6,784.05,751.15,774.65,17403.0,
2017-11-29,779.65,784.45,767.25,778.5,10508.0,
2017-11-30,769.65,769.95,752.0,755.4,10425.0,
2017-12-01,763.4,777.0,742.0,746.05,13723.0,
2017-12-04,747.4,761.0,726.3,749.05,126667.0,
2017-12-05,754.9,764.0,741.2,750.4,45397.0,
2017-12-06,759.4,771.0,750.1,756.9,13376.0,
2017-12-07,759.95,759.95,748.45,753.5,13402.0,
2017-12-08,755.0,823.4,755.0,802.6,212954.0,
2017-12-11,807.0,810.65,781.8,788.7,38309.0,
2017-12-12,794.95,799.0,765.65,775.75,23345.0,
2017-12-13,773.0,784.9,765.8,770.35,45689.0,
2017-12-14,768.0,777.95,762.05,772.6,38224.0,
2017-12-15,784.0,787.4,762.6,771.4,13290.0,
2017-12-18,772.0,803.05,737.0,789.8,31479.0,
2017-12-19,805.0,884.6,762.0,835.4,67730.0,
2017-12-20,835.0,860.0,834.9,842.25,65042.0,
2017-12-21,850.0,850.0,830.2,839.4,13629.0,
2017-12-22,860.0,860.0,827.45,843.3,69265.0,
2017-12-26,849.7,849.7,815.0,823.8,52347.0,
2017-12-27,824.0,854.3,824.0,831.2,19954.0,
2017-12-28,843.75,845.0,830.0,839.1,31846.0,
2017-12-29,848.9,868.95,830.1,860.3,34072.0,
2018-01-01,884.0,884.0,837.9,856.65,32322.0,
2018-01-02,859.0,876.0,830.1,866.15,30099.0,
2018-01-03,866.15,868.85,855.2,859.55,17975.0,
2018-01-04,868.0,868.0,853.65,859.85,9908.0,
2018-01-05,881.15,890.9,855.0,864.35,62850.0,
2018-01-08,872.0,878.0,858.65,867.8,17476.0,
2018-01-09,873.0,874.9,859.55,863.65,17855.0,
2018-01-10,864.0,865.1,852.25,858.7,28469.0,
2018-01-11,871.4,871.4,844.05,849.7,7935.0,
2018-01-12,857.8,863.0,830.55,841.9,13944.0,
2018-01-15,848.5,855.1,834.0,838.35,15381.0,
2018-01-16,848.4,848.4,806.4,832.1,36895.0,
2018-01-17,840.0,840.0,810.0,825.25,7994.0,
2018-01-18,833.5,838.5,780.1,801.15,12667.0,
2018-01-19,801.1,834.9,801.1,825.2,14989.0,
2018-01-22,829.0,846.0,814.0,840.05,12028.0,
2018-01-23,844.0,875.0,821.1,850.65,120173.0,
2018-01-24,849.35,874.6,836.0,850.75,34981.0,
2018-01-25,850.05,859.1,842.45,849.75,77179.0,
2018-01-29,861.0,864.0,800.1,827.05,447609.0,
2018-01-30,808.0,808.0,788.0,795.45,106923.0,
2018-01-31,794.0,805.0,762.05,778.9,55829.0,
2018-02-01,790.0,814.0,757.0,790.4,72145.0,
2018-02-02,790.0,808.0,766.0,772.35,91096.0,
2018-02-05,772.0,779.0,730.1,764.7,34721.0,
2018-02-06,740.0,772.95,720.0,752.1,77625.0,
2018-02-07,773.6,773.95,752.65,765.7,54816.0,
2018-02-08,779.8,804.0,766.9,795.9,18125.0,
2018-02-09,788.0,824.0,769.9,797.65,37710.0,
2018-02-12,803.95,814.0,786.05,800.6,93852.0,
2018-02-14,795.1,824.85,795.1,813.95,31368.0,
2018-02-15,800.0,817.0,786.1,792.7,14677.0,
2018-02-16,792.0,808.0,762.9,770.85,32779.0,
2018-02-19,783.05,783.1,742.0,764.4,24852.0,
2018-02-20,764.9,779.95,764.0,774.75,16339.0,
2018-02-21,780.0,784.3,747.05,751.0,21127.0,
2018-02-22,751.0,757.4,725.55,730.45,38499.0,
2018-02-23,730.45,749.7,714.1,745.15,82030.0,
2018-02-26,755.15,755.15,739.0,744.8,32119.0,
2018-02-27,749.95,751.1,740.3,743.75,5542.0,
2018-02-28,740.0,759.9,720.0,752.0,211909.0,
2018-03-01,758.0,758.5,740.3,745.45,12127.0,
2018-03-05,752.4,753.7,732.1,736.95,10870.0,
2018-03-06,742.0,756.95,721.4,725.0,22965.0,
2018-03-07,715.2,728.2,706.3,713.6,14182.0,
2018-03-08,720.0,734.9,709.25,730.85,24252.0,
2018-03-09,738.95,757.75,724.55,751.2,38320.0,
2018-03-12,759.05,767.8,740.5,751.15,44331.0,
2018-03-13,766.95,766.95,745.2,751.45,131551.0,
2018-03-14,752.0,764.0,744.05,758.1,100838.0,
2018-03-15,757.85,759.9,744.05,750.05,34139.0,
2018-03-16,745.0,755.0,744.0,751.9,10990.0,
2018-03-19,758.4,758.5,731.15,738.45,135997.0,
2018-03-20,731.05,740.0,723.2,734.95,23355.0,
2018-03-21,737.6,768.0,736.25,754.6,25894.0,
2018-03-22,745.35,757.45,704.0,713.3,21208.0,
2018-03-23,700.0,719.0,662.4,707.1,93845.0,
2018-03-26,720.0,739.65,685.2,732.35,67084.0,
2018-03-27,742.0,760.0,716.6,722.5,54997.0,
2018-03-28,717.05,728.85,695.85,702.65,20435.0,
2018-04-02,717.0,780.0,716.95,768.2,35033.0,
2018-04-03,768.0,787.0,754.0,778.8,62647.0,
2018-04-04,795.0,825.0,790.6,813.0,86908.0,
2018-04-05,833.0,849.85,824.05,831.9,67969.0,
2018-04-06,840.0,845.0,816.05,836.95,25910.0,
2018-04-09,842.2,845.0,819.2,834.8,27601.0,
2018-04-10,824.0,837.0,805.0,834.8,38810.0,
2018-04-11,831.0,838.1,823.75,832.35,28298.0,
2018-04-12,839.9,845.0,819.5,831.5,17996.0,
2018-04-13,839.9,843.0,825.0,827.4,34602.0,
2018-04-16,831.5,836.05,826.95,828.75,36927.0,
2018-04-17,835.0,835.0,813.25,823.75,8221.0,
2018-04-18,829.8,830.0,809.5,818.85,18107.0,
2018-04-19,822.0,848.0,821.55,831.2,67524.0,
2018-04-20,835.0,836.0,830.15,833.45,10854.0,
2018-04-23,825.0,838.95,825.0,833.25,12990.0,
2018-04-24,839.9,839.9,806.55,824.35,11429.0,
2018-04-25,829.9,829.9,802.05,810.35,9276.0,
2018-04-26,810.0,824.4,810.0,820.4,15254.0,
2018-04-27,823.1,844.9,823.1,837.9,9791.0,
2018-04-30,842.0,843.75,828.35,836.3,15287.0,
2018-05-02,838.0,838.0,817.0,825.4,33547.0,
2018-05-03,824.0,824.0,812.0,816.8,15412.0,
2018-05-04,810.0,819.95,778.0,786.2,20980.0,
2018-05-07,794.85,794.85,775.4,779.6,17862.0,
2018-05-08,793.95,810.0,772.0,800.65,11655.0,
2018-05-09,805.0,818.0,803.75,814.0,20929.0,
2018-05-10,823.95,824.0,780.0,782.3,9818.0,
2018-05-11,788.6,809.85,781.55,800.9,22516.0,
2018-05-14,799.0,809.9,783.8,797.05,6238.0,
2018-05-15,807.9,807.9,775.0,784.25,13531.0,
2018-05-16,790.2,797.7,774.5,777.4,9192.0,
2018-05-17,784.4,798.0,770.0,790.8,7690.0,
2018-05-18,790.75,798.0,764.75,769.95,28938.0,
2018-05-21,770.3,780.0,695.05,714.35,34878.0,
2018-05-22,722.1,730.0,705.7,717.25,118833.0,
2018-05-23,719.4,745.0,717.25,734.7,35380.0,
2018-05-24,736.9,741.4,724.25,739.5,91894.0,
2018-05-25,738.75,774.0,738.75,769.1,111940.0,
2018-05-28,782.3,792.0,733.0,770.4,73944.0,
2018-05-29,775.0,780.05,768.65,774.5,72798.0,
2018-05-30,770.0,780.0,769.95,772.85,69604.0,
2018-05-31,774.05,779.95,767.0,778.75,11889.0,
2018-06-01,779.95,790.0,770.0,770.75,17117.0,
2018-06-04,770.0,776.9,744.85,764.4,29192.0,
2018-06-05,760.0,762.35,730.55,749.45,108554.0,
2018-06-06,752.0,769.5,738.0,742.35,68346.0,
2018-06-07,743.0,754.0,737.4,743.75,55574.0,
2018-06-08,743.7,747.75,735.1,738.4,9584.0,
2018-06-11,737.9,747.45,711.0,742.0,63875.0,
2018-06-12,739.5,762.15,735.0,759.65,13939.0,
2018-06-13,759.9,759.9,740.5,743.8,112724.0,
2018-06-14,745.55,775.0,742.5,760.2,31967.0,
2018-06-15,760.0,780.0,740.1,764.35,17540.0,
2018-06-18,771.0,771.0,737.05,742.15,10138.0,
2018-06-19,744.75,758.85,736.55,740.8,24035.0,
2018-06-20,744.0,744.9,721.0,727.4,29463.0,
2018-06-21,733.0,737.0,724.0,726.45,81700.0,
2018-06-22,725.0,731.0,721.05,727.7,41394.0,
2018-06-25,727.5,733.9,724.0,728.6,31624.0,
2018-06-26,728.45,728.45,705.0,712.05,3927.0,
2018-06-27,701.05,713.15,656.2,666.7,50126.0,
2018-06-28,670.65,670.65,632.3,640.3,37228.0,
2018-06-29,644.0,683.15,638.35,669.9,18653.0,
2018-07-02,669.9,669.9,647.7,652.8,9718.0,
2018-07-03,652.8,660.0,642.05,648.95,27122.0,
2018-07-04,648.95,650.1,640.35,642.45,6401.0,
2018-07-05,645.15,660.0,610.05,614.45,27524.0,
2018-07-06,619.15,627.4,611.0,620.9,21277.0,
2018-07-09,620.9,669.7,609.75,663.1,55725.0,
2018-07-10,679.0,679.0,658.0,669.9,17377.0,
2018-07-11,665.15,684.0,655.05,680.2,29022.0,
2018-07-12,689.85,692.4,660.05,665.45,20122.0,
2018-07-13,670.0,677.95,655.55,657.1,11432.0,
2018-07-16,657.4,657.4,615.5,619.35,11877.0,
2018-07-17,616.0,648.55,595.5,637.5,17775.0,
2018-07-18,635.6,644.9,608.1,617.05,20608.0,
2018-07-19,622.45,629.95,610.15,620.2,22882.0,
2018-07-20,616.9,622.0,588.15,593.05,37437.0,
2018-07-23,599.6,622.9,590.5,597.8,73799.0,
2018-07-24,600.55,617.7,596.4,607.5,169967.0,
2018-07-25,619.0,653.2,615.6,642.95,80304.0,
2018-07-26,631.0,649.0,626.0,634.5,28419.0,
2018-07-27,640.0,661.65,638.85,651.6,38831.0,
2018-07-30,660.0,684.0,642.5,655.9,76210.0,
2018-07-31,647.0,658.95,644.15,650.8,13479.0,
2018-08-01,652.05,656.1,636.3,650.7,9702.0,
2018-08-02,650.7,659.0,635.0,653.4,13910.0,
2018-08-03,655.75,670.0,648.25,665.4,28994.0,
2018-08-06,675.0,699.0,667.6,675.2,16260.0,
2018-08-07,684.8,684.8,665.0,674.05,10688.0,
2018-08-08,674.05,680.05,665.6,670.1,16292.0,
2018-08-09,670.55,680.0,663.0,664.1,8826.0,
2018-08-10,663.75,663.8,645.0,652.65,7144.0,
2018-08-13,646.1,646.1,620.5,624.7,15517.0,
2018-08-14,632.7,639.8,620.0,629.25,5188.0,
2018-08-16,627.95,649.45,621.65,625.2,18316.0,
2018-08-17,628.75,633.6,616.5,624.65,18802.0,
2018-08-20,622.05,631.35,609.2,613.7,15338.0,
2018-08-21,614.0,633.8,609.6,620.2,16113.0,
2018-08-23,625.3,629.2,607.1,610.3,16967.0,
2018-08-24,614.95,623.9,604.4,615.5,186535.0,
2018-08-27,620.0,630.8,607.15,610.6,9973.0,
2018-08-28,614.0,619.0,610.0,612.05,36947.0,
2018-08-29,613.95,616.5,589.05,597.05,93874.0,
2018-08-30,602.85,613.0,585.4,596.0,27747.0,
2018-08-31,596.0,623.05,596.0,617.45,41284.0,
2018-09-03,627.0,655.0,608.0,640.05,51956.0,
2018-09-04,647.4,647.4,622.7,628.05,7447.0,
2018-09-05,623.75,629.6,609.65,624.55,14838.0,
2018-09-06,624.55,655.0,610.35,615.45,14182.0,
2018-09-07,614.9,646.6,610.0,631.6,23407.0,
2018-09-10,628.05,639.0,620.0,623.6,91677.0,
2018-09-11,623.0,627.55,620.05,620.75,11488.0,
2018-09-12,620.05,640.0,618.15,638.5,14348.0,
2018-09-14,638.0,675.0,638.0,662.75,36309.0,
2018-09-17,661.9,719.0,647.25,695.05,239217.0,
2018-09-18,695.5,708.8,660.0,670.35,37161.0,
2018-09-19,677.0,698.0,661.3,677.65,27113.0,
2018-09-21,695.0,695.0,651.3,676.15,124445.0,
2018-09-24,694.0,694.0,641.05,641.5,12118.0,
2018-09-25,669.8,669.8,605.0,618.45,39297.0,
2018-09-26,625.9,633.0,620.0,624.0,15568.0,
2018-09-27,620.15,637.0,620.0,620.2,10098.0,
2018-09-28,621.75,628.75,575.0,600.75,58597.0,
2018-10-01,594.05,609.7,577.0,603.7,42523.0,
2018-10-03,605.0,623.15,595.8,600.0,24242.0,
2018-10-04,589.8,601.0,575.3,579.7,11284.0,
2018-10-05,578.0,590.75,540.0,550.75,27006.0,
2018-10-08,550.1,571.85,529.8,551.5,30191.0,
2018-10-09,552.2,558.55,525.0,555.4,15334.0,
2018-10-10,554.2,592.0,548.2,580.3,9689.0,
2018-10-11,557.15,589.0,530.4,576.45,11856.0,
2018-10-12,572.65,594.0,568.3,581.05,10114.0,
2018-10-15,589.9,613.7,565.05,596.45,17203.0,
2018-10-16,596.45,610.0,596.0,602.4,8740.0,
2018-10-17,606.6,615.0,580.05,582.5,4951.0,
2018-10-19,582.0,582.0,553.25,560.85,19983.0,
2018-10-22,580.0,580.0,532.05,555.8,17838.0,
2018-10-23,550.0,559.85,535.5,540.6,8425.0,
2018-10-24,539.2,559.45,539.2,549.9,14072.0,
2018-10-25,542.5,557.85,540.0,543.7,5435.0,
2018-10-26,551.7,558.0,536.05,538.05,4266.0,
2018-10-29,546.15,555.0,529.8,551.3,9948.0,
2018-10-30,555.75,569.0,533.65,540.5,20098.0,
2018-10-31,548.3,554.8,530.55,534.2,7830.0,
2018-11-01,539.05,569.3,539.0,564.65,15502.0,
2018-11-02,574.85,594.7,570.1,585.05,23435.0,
2018-11-05,597.0,640.0,580.6,585.05,81833.0,
2018-11-06,586.0,592.85,580.0,586.0,6657.0,
2018-11-07,586.0,599.0,580.2,590.05,1826.0,
2018-11-09,597.85,597.85,585.15,594.3,6893.0,
2018-11-12,594.3,610.0,587.15,596.3,11598.0,
2018-11-13,591.2,602.1,587.2,601.45,4687.0,
2018-11-14,602.0,602.0,580.55,584.45,7788.0,
2018-11-15,577.15,586.6,572.95,576.1,3463.0,
2018-11-16,575.0,586.9,561.05,569.2,14195.0,
2018-11-19,574.85,588.95,570.0,581.4,4365.0,
2018-11-20,589.85,589.85,565.7,568.0,4610.0,
2018-11-21,578.0,578.8,550.6,568.35,7710.0,
2018-11-22,574.85,586.5,555.9,562.2,7595.0,
2018-11-26,566.0,566.8,555.15,560.75,13365.0,
2018-11-27,555.05,564.9,551.55,556.2,12631.0,
2018-11-28,557.55,560.0,541.25,545.65,7754.0,
2018-11-29,554.4,554.4,546.2,548.2,6349.0,
2018-11-30,549.7,575.0,515.0,549.0,1755542.0,
2018-12-03,564.7,567.0,551.3,558.35,58911.0,
2018-12-04,560.05,565.0,544.55,546.25,45146.0,
2018-12-05,543.9,543.9,518.95,526.0,75609.0,
2018-12-06,514.0,537.95,514.0,528.9,19723.0,
2018-12-07,527.0,537.0,519.5,528.2,118298.0,
2018-12-10,527.95,527.95,510.75,515.05,16464.0,
2018-12-11,511.5,524.85,506.05,513.75,104441.0,
2018-12-12,516.05,548.8,516.05,540.55,58458.0,
2018-12-13,540.5,548.0,536.3,541.2,7621.0,
2018-12-14,546.95,547.0,529.55,532.65,11128.0,
2018-12-17,535.05,549.0,533.55,543.4,15312.0,
2018-12-18,543.4,545.35,527.15,530.4,7177.0,
2018-12-19,536.5,537.0,526.0,527.85,16674.0,
2018-12-20,528.25,532.3,520.25,523.2,36855.0,
2018-12-21,525.95,525.95,516.75,517.45,9083.0,
2018-12-24,516.3,525.0,512.55,515.3,7109.0,
2018-12-26,519.8,519.8,508.8,513.15,15355.0,
2018-12-27,518.95,522.95,512.0,512.35,30158.0,
2018-12-28,517.95,517.95,504.65,509.4,20810.0,
2018-12-31,509.5,544.0,509.5,537.6,49351.0,
2019-01-01,530.8,537.6,528.0,530.85,5391.0,
2019-01-02,530.8,534.9,523.25,527.25,5784.0,
2019-01-03,524.0,531.45,523.0,528.6,3979.0,
2019-01-04,529.0,529.0,521.0,524.25,2942.0,
2019-01-07,524.25,531.95,518.0,521.9,11617.0,
2019-01-08,524.0,526.0,514.95,518.15,20353.0,
2019-01-09,519.95,520.0,515.0,516.55,10060.0,
2019-01-10,516.05,520.05,515.5,516.0,10719.0,
2019-01-11,516.05,518.5,514.0,514.9,7532.0,
2019-01-14,515.25,522.45,514.0,515.85,15772.0,
2019-01-15,515.0,528.5,511.2,517.3,11102.0,
2019-01-16,515.0,520.0,514.5,514.95,9320.0,
2019-01-17,513.3,521.0,507.55,510.95,5448.0,
2019-01-18,510.05,517.0,456.0,491.6,83384.0,
2019-01-21,495.0,500.55,489.5,490.05,7729.0,
2019-01-22,490.0,493.95,482.35,490.05,29306.0,
2019-01-23,490.0,492.0,484.95,490.0,9883.0,
2019-01-24,489.55,492.0,469.1,488.75,94186.0,
2019-01-25,485.0,510.85,482.95,501.15,62276.0,
2019-01-28,501.15,510.0,473.3,501.6,17471.0,
2019-01-29,499.75,505.0,495.1,498.2,6997.0,
2019-01-30,498.2,506.75,481.5,489.2,60025.0,
2019-01-31,489.2,495.2,484.6,486.15,38643.0,
2019-02-01,486.05,514.0,483.0,495.6,14171.0,
2019-02-04,505.0,505.4,484.15,485.8,30538.0,
2019-02-05,485.85,489.0,484.85,485.3,57164.0,
2019-02-06,485.05,489.8,471.55,485.45,74197.0,
2019-02-07,485.45,490.0,479.2,485.0,9212.0,
2019-02-08,487.15,488.15,470.5,474.2,160911.0,
2019-02-11,474.65,478.45,460.4,461.85,53014.0,
2019-02-12,460.45,483.4,458.05,462.25,8666.0,
2019-02-13,471.55,471.55,436.1,446.5,18848.0,
2019-02-14,443.05,446.3,432.0,434.6,5005.0,
2019-02-15,427.4,431.0,415.1,419.05,11286.0,
2019-02-18,418.25,431.95,414.3,424.7,15982.0,
2019-02-19,426.0,436.0,424.65,434.2,20889.0,
2019-02-20,434.2,448.3,426.05,444.4,12873.0,
2019-02-21,443.0,459.0,443.0,451.35,8905.0,
2019-02-22,455.05,473.0,453.55,471.1,3859.0,
2019-02-25,475.55,485.0,472.85,482.5,28633.0,
2019-02-26,482.5,495.0,466.25,478.95,42963.0,
2019-02-27,480.4,487.45,470.0,473.35,15329.0,
2019-02-28,476.8,481.0,474.95,479.15,18869.0,
2019-03-01,482.35,493.75,476.2,490.25,8446.0,
2019-03-05,499.5,526.95,487.85,519.95,36998.0,
2019-03-06,519.55,530.0,504.4,524.8,15128.0,
2019-03-07,522.4,537.25,522.0,525.55,307970.0,
2019-03-08,530.0,530.05,510.65,518.15,39582.0,
2019-03-11,523.1,534.9,520.5,531.0,43663.0,
2019-03-12,530.0,538.05,521.2,527.95,25214.0,
2019-03-13,527.9,550.0,527.9,544.35,26651.0,
2019-03-14,547.6,547.95,534.5,536.4,5079.0,
2019-03-15,537.45,546.0,532.0,539.85,58666.0,
2019-03-18,545.05,548.0,531.05,534.6,14018.0,
2019-03-19,545.95,545.95,531.15,532.5,171145.0,
2019-03-20,532.95,533.5,512.0,517.1,181320.0,
2019-03-22,522.0,522.55,514.05,519.1,218824.0,
2019-03-25,502.7,526.0,502.7,518.1,12849.0,
2019-03-26,519.15,524.0,515.45,518.45,8341.0,
2019-03-27,520.55,539.9,517.85,534.75,21385.0,
2019-03-28,533.0,539.0,529.15,535.35,6287.0,
2019-03-29,535.8,538.05,519.9,524.8,9100.0,
2019-04-01,531.35,534.0,525.0,525.55,6008.0,
2019-04-02,518.1,528.85,518.1,521.3,9979.0,
2019-04-03,514.0,530.0,514.0,527.15,6351.0,
2019-04-04,523.6,530.0,520.0,529.65,19876.0,
2019-04-05,529.65,529.65,510.95,519.35,13711.0,
2019-04-08,518.05,530.0,518.05,523.0,7220.0,
2019-04-09,523.8,524.5,510.15,514.85,3834.0,
2019-04-10,518.5,524.9,513.4,517.55,5819.0,
2019-04-11,516.95,526.75,516.35,520.05,2569.0,
2019-04-12,520.05,526.05,513.15,519.75,3702.0,
2019-04-15,517.6,528.9,514.55,526.8,4738.0,
2019-04-16,523.1,527.0,521.2,526.05,1810.0,
2019-04-18,520.25,535.55,517.4,521.25,4438.0,
2019-04-22,521.25,521.25,513.0,513.6,4966.0,
2019-04-23,515.05,520.0,513.1,513.65,21229.0,
2019-04-24,510.05,516.8,506.5,509.7,4745.0,
2019-04-25,510.45,517.05,506.3,510.45,8303.0,
2019-04-26,510.0,517.0,509.95,511.8,4565.0,
2019-04-30,511.25,523.75,502.95,506.05,6536.0,
2019-05-02,508.4,508.4,499.05,500.6,7330.0,
2019-05-03,502.5,517.7,497.0,500.2,24287.0,
2019-05-06,503.05,507.0,463.2,469.8,29808.0,
2019-05-07,471.9,474.9,466.85,471.4,8809.0,
2019-05-08,479.7,482.9,465.85,480.95,39866.0,
2019-05-09,482.8,482.8,475.0,479.2,2690.0,
2019-05-10,479.2,490.0,471.0,480.35,7296.0,
2019-05-13,480.35,483.4,473.0,480.15,8657.0,
2019-05-14,486.3,486.3,467.6,472.95,73902.0,
2019-05-15,468.0,477.65,455.2,462.15,6749.0,
2019-05-16,455.0,474.55,455.0,455.75,2214.0,
2019-05-17,455.75,470.3,449.3,455.5,3146.0,
2019-05-20,488.0,488.0,459.85,466.85,4658.0,
2019-05-21,460.0,472.5,455.55,461.9,7592.0,
2019-05-22,460.3,480.0,460.3,477.6,7757.0,
2019-05-23,470.15,491.15,470.1,476.1,2909.0,
2019-05-24,476.0,499.0,476.0,497.0,4601.0,
2019-05-27,491.8,491.8,470.55,479.6,24022.0,
2019-05-28,479.6,498.8,479.0,490.9,18459.0,
2019-05-29,494.0,518.6,490.1,501.8,48306.0,
2019-05-30,495.05,509.0,490.15,501.65,9101.0,
2019-05-31,508.95,508.95,493.05,499.9,3991.0,
2019-06-03,492.55,509.0,490.15,506.85,12199.0,
2019-06-04,505.0,505.0,486.6,497.0,67799.0,
2019-06-06,493.4,493.4,469.6,484.2,11613.0,
2019-06-07,484.2,488.0,466.75,484.25,5522.0,
2019-06-10,489.0,489.0,455.05,458.15,6088.0,
2019-06-11,458.15,478.95,455.0,457.1,4162.0,
2019-06-12,459.5,464.0,450.1,452.6,3290.0,
2019-06-13,450.3,457.3,442.05,446.55,2538.0,
2019-06-14,446.55,455.05,445.0,446.45,890.0,
2019-06-17,446.45,460.0,430.0,431.75,14042.0,
2019-06-18,450.0,469.95,415.0,427.55,3714.0,
2019-06-19,427.85,431.3,416.55,421.35,3745.0,
2019-06-20,418.65,426.0,407.0,421.6,4829.0,
2019-06-21,421.6,430.05,410.5,418.2,1999.0,
2019-06-24,418.2,428.45,414.0,416.75,3967.0,
2019-06-25,416.75,419.95,408.0,411.8,3528.0,
2019-06-26,411.8,435.0,407.0,431.7,5421.0,
2019-06-27,431.7,449.0,421.5,446.45,7550.0,
2019-06-28,446.45,464.8,427.3,442.95,14482.0,
2019-07-01,438.05,450.0,432.4,435.55,6779.0,
2019-07-02,438.05,453.0,434.45,449.1,5268.0,
2019-07-03,451.0,488.6,451.0,478.4,17760.0,
2019-07-04,475.0,486.15,470.1,474.4,5579.0,
2019-07-05,474.0,484.0,461.1,471.05,9432.0,
2019-07-08,468.85,468.85,442.1,452.05,4339.0,
2019-07-09,443.7,470.95,443.7,459.5,2914.0,
2019-07-10,462.55,462.55,450.1,450.6,4550.0,
2019-07-11,445.0,465.55,445.0,459.3,13823.0,
2019-07-12,450.6,464.0,450.6,460.9,14281.0,
2019-07-15,451.7,482.0,451.7,477.5,35811.0,
2019-07-16,480.95,482.0,473.1,476.4,21602.0,
2019-07-17,476.4,489.8,468.0,488.35,97285.0,
2019-07-18,489.85,493.3,475.0,486.15,79359.0,
2019-07-19,482.8,484.1,470.05,480.15,19866.0,
2019-07-22,475.05,479.95,451.2,466.0,4674.0,
2019-07-23,460.25,472.15,460.25,469.85,4285.0,
2019-07-24,470.0,470.0,454.4,465.0,18381.0,
2019-07-25,457.0,469.0,457.0,467.1,4520.0,
2019-07-26,462.6,469.0,462.0,467.95,8844.0,
2019-07-29,465.25,481.95,457.25,480.55,6692.0,
2019-07-30,481.55,490.0,470.7,475.85,19657.0,
2019-07-31,474.95,474.95,447.95,455.3,14359.0,
2019-08-01,451.0,465.0,443.15,455.25,25553.0,
2019-08-02,451.0,459.2,445.05,455.6,7491.0,
2019-08-05,451.0,454.0,432.0,436.6,167389.0,
2019-08-06,420.4,444.7,420.4,429.85,175928.0,
2019-08-07,424.75,429.95,423.0,425.15,62436.0,
2019-08-08,425.0,448.0,420.4,439.45,2522.0,
2019-08-09,439.45,448.0,425.0,435.9,3088.0,
2019-08-13,425.7,447.75,421.3,443.45,75746.0,
2019-08-14,436.8,438.95,420.1,421.2,38449.0,
2019-08-16,423.0,423.0,402.1,407.3,26131.0,
2019-08-19,405.05,414.9,385.6,388.85,17717.0,
2019-08-20,382.0,390.95,378.0,379.2,3720.0,
2019-08-21,371.05,375.95,341.05,345.3,22101.0,
2019-08-22,342.0,348.75,341.15,343.65,17544.0,
2019-08-23,337.0,344.15,329.55,332.7,19084.0,78.19
2019-09-30,431.7,449.0,421.5,446.45,7550.0,60.16
2019-10-01,308.05,318.0,293.25,296.8,4736.0,55.53
2019-10-02,308.05,318.0,293.25,296.8,4736.0,55.53
2019-10-03,300.0,300.0,285.1,286.45,7902.0,50.09
2019-10-04,286.5,294.15,281.35,283.65,2710.0,46.35
2019-10-07,281.0,292.95,270.5,276.45,6838.0,60.51
2019-10-08,281.0,292.95,270.5,276.45,6838.0,60.51
2019-10-09,280.0,283.55,268.55,271.35,12850.0,73.89
2019-10-10,269.0,273.95,262.2,269.75,21522.0,77.14
2019-10-11,269.05,281.6,267.5,269.65,25219.0,83.28
2019-10-14,275.95,275.95,267.0,268.65,3873.0,36.38
2019-10-15,267.1,283.9,254.85,275.5,19489.0,54.49
2019-10-16,273.0,279.4,263.05,273.0,27057.0,65.65
2019-10-17,265.15,273.0,262.1,266.45,18726.0,57.28
2019-10-18,270.0,273.95,264.0,266.2,20517.0,80.92
2019-10-21,270.0,273.95,264.0,266.2,20517.0,80.92
2019-10-22,274.0,274.0,266.25,271.65,25129.0,91.75
2019-10-23,271.5,308.9,268.0,289.45,397715.0,75.97
2019-10-24,291.95,297.0,280.3,284.0,49763.0,61.26
2019-10-25,289.0,289.0,269.5,270.65,31409.0,79.96
2019-10-28,274.7,282.0,272.45,277.1,6975.0,65.63
2019-10-29,283.0,284.9,271.25,276.6,22918.0,60.23
2019-10-30,280.0,298.7,275.25,286.75,67892.0,50.65
2019-10-31,284.05,295.95,284.05,292.9,63499.0,74.07
2019-11-01,295.25,301.8,287.6,294.25,127699.0,80.41
2019-11-04,298.8,306.0,290.1,302.15,182393.0,59.03
2019-11-05,306.0,316.3,290.0,293.45,216818.0,38.1
2019-11-06,295.0,302.0,291.0,297.1,32237.0,71.61
2019-11-07,300.0,302.0,295.2,297.8,36679.0,63.96
2019-11-08,302.9,302.9,288.0,289.65,193645.0,89.82
2019-11-11,283.05,289.7,275.1,288.2,41405.0,48.08
2019-11-12,283.05,289.7,275.1,288.2,41405.0,48.08
2019-11-13,288.2,290.0,281.1,285.05,20800.0,73.24
2019-11-14,284.7,292.0,280.0,285.35,43471.0,84.7
2019-11-15,287.3,290.0,282.6,285.2,13032.0,68.6
2019-11-18,284.15,294.0,282.4,288.6,26046.0,75.36
2019-11-19,294.4,294.4,290.0,290.85,13661.0,76.77
2019-11-20,292.6,308.3,292.6,305.0,70668.0,61.19
2019-11-21,307.0,309.9,294.1,295.3,14573.0,74.07
2019-11-22,296.0,302.0,295.0,299.8,17063.0,71.99
2019-11-25,300.6,354.5,300.6,334.55,292201.0,42.68
2019-11-26,339.4,350.0,327.0,339.6,131234.0,61.43
2019-11-27,343.0,349.9,330.55,340.3,40982.0,37.2
2019-11-28,339.8,345.95,331.0,342.95,26751.0,66.3
2019-11-29,342.95,369.1,339.0,361.35,124604.0,60.2
2019-12-02,355.3,373.0,355.3,367.5,41123.0,47.65
2019-12-03,369.45,374.9,355.0,357.65,13456.0,63.6
2019-12-04,354.0,361.75,342.2,350.4,22287.0,69.61
2019-12-05,358.8,358.8,342.0,345.4,4340.0,51.89
2019-12-06,342.2,345.7,321.15,328.5,14136.0,56.18
2019-12-09,333.4,333.4,318.85,327.75,4786.0,46.97
2019-12-10,324.0,330.0,316.1,321.35,4649.0,30.31
2019-12-11,323.9,323.9,306.0,311.55,9153.0,68.93
2019-12-12,315.65,337.65,312.0,334.75,25608.0,70.12
2019-12-13,330.0,339.0,326.0,330.15,12114.0,53.12
2019-12-16,321.3,326.0,319.05,320.75,8247.0,70.57
2019-12-17,323.0,332.0,322.4,328.85,3269.0,66.08
2019-12-18,326.35,348.0,326.15,342.2,235062.0,94.4
2019-12-19,343.0,345.3,329.9,334.5,16097.0,36.94
2019-12-20,332.95,338.75,312.95,334.5,22533.0,37.03
2019-12-23,341.0,344.9,325.9,332.25,36758.0,30.25
2019-12-24,332.0,336.0,328.25,331.4,11331.0,49.55
2019-12-25,332.0,336.0,328.25,331.4,11331.0,49.55
2019-12-26,339.8,339.8,331.6,334.15,25600.0,48.93
2019-12-27,334.3,352.05,334.3,344.6,98522.0,44.21
2019-12-30,349.8,372.0,346.0,362.45,37944.0,44.14
2019-12-31,365.35,384.7,363.2,380.9,93723.0,26.8
2020-01-01,380.9,382.0,370.1,373.15,12301.0,41.66
2020-01-02,375.0,392.55,373.5,390.8,45709.0,71.82
2020-01-03,397.75,397.8,378.1,381.4,10840.0,44.77
2020-01-06,375.0,381.05,353.25,357.55,15867.0,48.96
2020-01-07,358.2,370.45,352.35,358.65,12188.0,51.03
2020-01-08,351.0,356.95,340.35,345.85,10263.0,47.8
2020-01-09,356.0,362.8,352.0,358.8,7063.0,52.14
2020-01-10,367.0,367.0,344.1,347.3,11015.0,65.47
2020-01-13,348.0,369.8,347.1,361.75,31621.0,46.77
2020-01-14,356.05,368.65,355.75,357.65,5218.0,56.61
2020-01-15,364.0,399.9,360.25,389.7,83440.0,32.61
2020-01-16,403.0,414.0,390.0,406.55,47877.0,35.05
2020-01-17,414.0,415.0,405.1,409.1,18642.0,39.23
2020-01-20,408.8,415.1,387.0,392.25,7623.0,42.52
2020-01-21,392.3,403.2,381.65,389.15,7116.0,45.97
2020-01-22,389.0,395.95,384.0,384.25,7457.0,48.1
2020-01-23,380.0,398.95,380.0,388.3,6095.0,46.2
2020-01-24,387.65,391.0,375.0,380.25,5013.0,70.08
2020-01-27,378.0,378.0,363.05,368.7,12733.0,56.34
2020-01-28,368.7,399.0,368.7,371.15,26338.0,29.34
2020-01-29,377.95,379.85,366.0,369.3,4214.0,56.88
2020-01-30,369.0,369.0,350.0,353.1,16644.0,77.25
2020-01-31,355.0,360.95,352.05,354.65,3172.0,37.48
2020-02-03,329.7,329.7,306.25,321.9,31823.0,54.53
2020-02-04,327.25,355.0,322.85,353.05,16750.0,45.53
2020-02-05,359.0,374.0,347.55,370.45,30633.0,51.02
2020-02-06,378.8,379.75,337.1,376.05,25562.0,48.48
2020-02-07,374.65,376.15,360.1,367.65,5389.0,54.39
2020-02-10,366.55,370.15,356.0,356.05,8640.0,76.44
2020-02-11,365.7,365.7,356.0,356.0,2545.0,70.96
2020-02-12,359.75,375.0,338.0,342.5,29283.0,41.04
2020-02-13,335.0,339.9,328.05,329.85,17931.0,61.45
2020-02-14,329.85,339.9,324.0,325.3,20875.0,85.14
2020-02-17,326.65,333.65,324.5,325.6,20558.0,77.72
2020-02-18,320.05,339.8,316.0,334.95,10359.0,58.81
2020-02-19,339.7,346.0,330.0,337.0,9142.0,55.93
2020-02-20,341.9,346.5,334.45,342.1,38747.0,87.97
2020-02-21,341.9,346.5,334.45,342.1,38747.0,87.97
2020-02-24,352.2,352.2,328.3,330.3,8763.0,60.73
2020-02-25,334.9,336.15,316.45,328.7,16184.0,68.77
2020-02-26,326.35,328.0,315.6,320.65,26785.0,66.32
2020-02-27,320.15,329.8,316.0,326.6,6343.0,51.73
2020-02-28,311.3,319.25,287.15,291.0,21394.0,66.41
2020-03-02,293.7,304.7,263.1,271.1,16799.0,74.65
2020-03-03,265.1,283.55,265.1,277.7,33289.0,75.58
2020-03-04,268.6,276.6,262.65,273.85,9762.0,66.93
2020-03-05,275.0,279.4,268.2,272.3,21780.0,85.14
2020-03-06,270.55,295.35,256.7,270.6,19865.0,59.36
2020-03-09,270.0,277.0,250.8,267.0,42657.0,66.06
2020-03-10,270.0,277.0,250.8,267.0,42657.0,66.06
2020-03-11,274.9,274.9,256.0,266.0,46382.0,87.58
2020-03-12,256.0,258.75,212.8,221.45,80392.0,76.89
2020-03-13,210.0,234.0,177.2,208.4,53828.0,61.1
2020-03-16,204.15,204.15,181.0,184.85,97930.0,79.94
2020-03-17,185.0,191.95,180.0,182.6,62875.0,86.53
2020-03-18,187.0,189.7,164.35,164.35,66145.0,69.09
2020-03-19,164.35,180.75,151.2,179.55,54896.0,66.25
2020-03-20,177.55,187.95,162.7,171.45,123340.0,67.98
2020-03-23,154.35,160.0,154.35,154.35,12926.0,79.85
2020-03-24,154.55,157.95,138.95,146.5,25914.0,75.79
2020-03-25,140.3,155.0,137.1,151.65,14231.0,78.3
2020-03-26,153.0,163.8,150.1,155.7,8591.0,56.8
2020-03-27,159.9,171.25,141.1,149.2,34352.0,78.87
2020-03-30,148.0,149.95,138.0,148.8,14092.0,68.62
2020-03-31,153.4,156.95,140.3,152.6,20302.0,57.52
2020-04-01,154.8,154.8,137.5,138.9,33243.0,85.26
2020-04-02,154.8,154.8,137.5,138.9,33243.0,85.26
2020-04-03,139.7,144.8,133.45,139.05,39591.0,80.47
2020-04-06,139.7,144.8,133.45,139.05,39591.0,80.47
2020-04-07,145.8,150.8,136.75,148.65,96831.0,90.15
2020-04-08,148.9,162.7,143.1,159.25,28458.0,64.81
2020-04-09,160.0,175.15,158.85,175.15,24454.0,92.19
2020-04-10,160.0,175.15,158.85,175.15,24454.0,92.19
2020-04-13,189.0,192.65,172.1,190.2,126366.0,90.89
2020-04-15,199.7,199.7,193.45,197.4,94144.0,98.92
2020-04-16,202.0,207.25,188.8,207.05,44666.0,85.75
2020-04-17,217.0,217.4,202.15,213.9,58408.0,81.31
2020-04-20,215.0,217.0,203.25,204.85,24463.0,55.18
2020-04-21,195.0,198.0,194.65,194.65,2720.0,98.16
2020-04-22,185.05,195.1,184.95,194.25,16224.0,70.35
2020-04-23,188.6,199.8,188.6,198.45,9203.0,77.02
2020-04-24,195.0,198.9,191.75,192.65,61852.0,99.11
2020-04-27,194.65,196.7,185.1,188.05,6910.0,63.79
2020-04-28,188.05,188.05,182.45,183.95,2460.0,64.88
2020-04-29,189.75,189.75,174.9,180.4,63441.0,91.37
2020-04-30,183.05,189.4,183.05,186.15,11290.0,69.24
2020-05-01,183.05,189.4,183.05,186.15,11290.0,69.24
2020-05-04,185.0,194.4,176.85,176.85,6581.0,88.91
2020-05-05,180.95,180.95,168.05,168.05,19797.0,90.73
2020-05-06,163.0,172.4,160.55,165.95,17860.0,87.12
2020-05-07,166.8,173.0,160.5,163.1,12367.0,81.52
2020-05-08,171.2,171.2,161.05,164.95,9891.0,79.53
2020-05-11,165.1,170.0,162.4,164.85,5255.0,87.78
2020-05-12,164.85,166.1,160.0,163.55,12970.0,93.24
2020-05-13,168.0,171.45,161.3,164.85,19917.0,86.36
2020-05-14,168.0,172.9,161.25,167.65,23465.0,90.43
2020-05-15,173.65,175.9,163.4,170.3,12328.0,72.21
2020-05-18,166.0,175.95,166.0,166.8,2822.0,76.97
2020-05-19,165.0,171.8,163.0,164.4,1689.0,92.78
2020-05-20,169.5,169.5,162.2,164.0,4293.0,59.61
2020-05-21,166.3,166.95,161.2,162.8,3636.0,85.97
2020-05-22,161.5,166.8,154.7,154.85,15826.0,70.2
2020-05-25,161.5,166.8,154.7,154.85,15826.0,70.2
2020-05-26,161.2,161.2,150.2,153.05,5046.0,46.67
2020-05-27,158.0,158.0,151.0,152.5,8316.0,74.09
2020-05-28,153.15,156.95,151.05,155.4,6988.0,72.3
2020-05-29,155.15,162.9,150.4,151.95,23677.0,71.58
2020-06-01,156.9,159.5,152.2,159.5,15287.0,83.71
2020-06-02,167.45,167.45,165.8,167.45,9163.0,89.38
2020-06-03,173.95,175.8,173.9,175.8,40622.0,94.53
2020-06-04,181.3,184.55,175.05,178.35,37786.0,69.04
2020-06-05,188.0,188.0,182.2,185.3,44704.0,80.82
2020-06-08,194.5,204.05,188.05,191.0,58699.0,74.49
2020-06-09,192.25,197.95,179.05,182.0,38966.0,75.63
2020-06-10,177.1,189.8,177.1,180.4,14658.0,70.77
2020-06-11,180.4,183.9,175.9,177.9,12122.0,72.74
2020-06-12,170.1,186.5,170.0,182.7,21024.0,56.51
2020-06-15,185.75,185.95,180.0,182.35,51355.0,19.2
2020-06-16,185.0,186.8,171.5,173.95,73553.0,32.04
2020-06-17,173.95,178.85,171.45,172.75,52114.0,19.63
2020-06-18,172.75,179.45,172.75,175.0,106410.0,25.22
2020-06-19,182.0,182.8,174.3,175.9,75961.0,35.45
2020-06-22,175.55,180.7,173.95,174.55,119243.0,27.83
2020-06-23,178.7,186.0,173.35,180.1,367873.0,47.62
2020-06-24,187.0,198.0,183.55,186.65,461341.0,58.11
2020-06-25,187.9,187.9,173.85,176.9,276062.0,47.07
2020-06-26,177.0,181.0,172.75,173.7,130006.0,32.24
2020-06-29,169.5,169.5,161.65,165.2,134598.0,37.56
2020-06-30,165.2,169.5,162.55,162.9,69603.0,24.69
2020-07-01,163.0,164.8,158.8,160.8,124135.0,46.31
2020-07-02,164.8,164.8,157.25,158.2,114475.0,54.66
2020-07-03,163.7,166.95,159.5,160.75,151678.0,35.12
2020-07-06,162.0,163.75,158.9,159.65,130454.0,39.27
2020-07-07,157.4,178.55,157.4,171.8,221884.0,45.33
2020-07-08,172.65,176.6,162.0,165.4,169763.0,40.9
2020-07-09,167.7,172.05,165.85,166.65,119999.0,35.92
2020-07-10,166.0,167.85,163.3,163.95,70037.0,20.65
2020-07-13,165.0,166.05,160.5,162.05,73948.0,26.68
2020-07-14,161.05,163.3,159.25,161.45,89331.0,19.23
2020-07-15,164.4,169.5,160.4,161.15,124787.0,29.37
2020-07-16,161.75,162.85,156.0,157.25,133169.0,35.57
2020-07-17,159.8,163.95,154.65,158.25,273438.0,55.09
2020-07-20,159.65,159.65,155.0,155.6,124421.0,38.76
2020-07-21,157.95,157.95,149.55,150.4,169396.0,45.88
2020-07-22,151.55,154.7,146.85,148.75,148403.0,32.47
2020-07-23,149.35,151.0,148.55,149.0,116463.0,29.69
2020-07-24,150.0,150.7,148.0,149.35,140769.0,38.6
2020-07-27,153.0,153.0,142.45,143.15,141042.0,36.46
2020-07-28,144.75,149.85,140.5,145.75,163251.0,35.56
2020-07-29,145.75,148.1,142.5,146.0,190864.0,56.22
2020-07-30,147.9,159.5,144.85,147.35,206058.0,30.6
2020-07-31,147.75,150.25,144.0,144.95,112653.0,20.09
2020-08-03,143.0,163.35,143.0,161.95,431834.0,50.79
2020-08-04,163.7,170.0,162.0,167.4,634412.0,59.41
2020-08-05,173.0,183.95,172.05,175.25,760074.0,51.66
2020-08-06,176.5,182.9,175.5,178.5,392180.0,19.37
2020-08-07,180.75,188.65,176.3,181.8,375915.0,39.73
2020-08-10,180.45,184.4,176.2,178.65,140874.0,32.45
2020-08-11,182.55,191.0,180.45,183.3,193074.0,36.3
2020-08-12,182.9,189.0,180.05,186.65,158115.0,24.64
2020-08-13,186.0,204.4,186.0,202.65,380415.0,47.3
2020-08-14,204.75,210.8,195.15,199.25,270722.0,37.61
2020-08-17,197.1,206.5,196.05,203.2,157861.0,20.31
2020-08-18,204.9,214.0,203.25,209.6,188274.0,34.22
2020-08-19,211.5,220.0,204.0,216.1,124899.0,54.57
2020-08-20,212.8,223.0,207.25,215.55,148779.0,58.92
2020-08-21,219.9,237.0,217.0,233.75,260244.0,40.96
2020-08-24,240.0,251.9,240.0,248.7,162872.0,60.37
2020-08-25,252.9,254.9,246.0,252.65,96235.0,52.64
2020-08-26,259.0,259.0,252.0,254.55,66433.0,48.55
2020-08-27,256.75,258.0,243.2,252.95,73388.0,55.26
2020-08-28,254.7,256.0,242.2,248.15,86197.0,51.96
2020-08-31,252.0,253.0,221.2,234.9,113035.0,63.05
2020-09-01,231.8,238.0,215.25,235.2,30992.0,58.89
2020-09-02,239.0,239.0,231.25,235.05,28782.0,26.09
2020-09-03,245.0,252.8,236.1,244.05,55112.0,56.48
2020-09-04,233.95,242.0,233.0,238.4,46448.0,59.21
2020-09-07,237.0,249.0,231.05,244.0,66971.0,41.06
2020-09-08,245.0,245.0,231.1,232.9,58009.0,24.84
2020-09-09,232.95,235.5,230.0,231.45,41164.0,33.86
2020-09-10,232.95,238.3,227.6,230.3,112223.0,12.49
2020-09-11,234.8,236.7,224.2,227.3,132757.0,17.39
2020-09-14,230.35,272.75,230.0,272.75,295345.0,39.08
2020-09-15,283.0,299.65,272.85,276.95,265193.0,26.77
2020-09-16,275.95,275.95,261.7,264.25,114407.0,16.47
2020-09-17,266.9,275.0,259.1,269.5,122188.0,17.88
2020-09-18,272.4,299.0,264.05,291.6,181981.0,27.72
2020-09-21,294.6,305.0,267.1,284.3,143217.0,21.69
2020-09-22,280.1,289.4,261.05,274.85,69406.0,30.77
2020-09-23,284.75,289.0,272.1,282.5,45682.0,32.21
2020-09-24,281.0,281.0,268.0,271.3,46417.0,36.52
2020-09-25,271.3,304.65,271.3,298.7,108088.0,47.79
2020-09-28,297.0,323.75,295.0,320.15,116612.0,58.75
2020-09-29,324.95,332.0,315.2,328.3,90563.0,63.26
2020-09-30,331.65,341.45,323.1,332.35,160769.0,42.99
2020-10-01,336.0,343.9,327.2,337.15,49459.0,55.78
2020-10-02,336.0,343.9,327.2,337.15,49459.0,55.78
2020-10-05,352.7,356.95,341.1,351.5,93583.0,62.3
2020-10-06,356.4,360.0,339.1,355.4,38584.0,48.55
2020-10-07,350.0,363.0,346.95,356.9,34346.0,46.3
2020-10-08,360.0,360.0,342.65,345.8,20055.0,39.57
2020-10-09,346.45,356.0,341.8,352.1,29962.0,61.85
2020-10-12,352.1,354.65,344.0,350.35,21583.0,52.18
2020-10-13,347.05,349.8,325.8,331.3,21876.0,42.81
2020-10-14,325.0,330.95,312.6,320.75,21065.0,46.22
2020-10-15,319.05,339.4,318.05,329.1,71846.0,82.76
2020-10-16,336.0,344.1,332.95,340.6,16857.0,37.75
2020-10-19,336.05,354.95,335.0,346.65,46891.0,48.23
2020-10-20,353.6,354.95,340.2,346.8,56142.0,36.43
2020-10-21,349.0,352.95,341.2,347.2,29346.0,45.66
2020-10-22,350.0,352.0,347.2,349.45,45825.0,30.3
2020-10-23,350.05,355.0,345.0,346.6,36351.0,14.31
2020-10-26,351.0,353.0,345.2,351.55,94722.0,66.89
2020-10-27,352.8,373.7,349.0,369.65,111935.0,60.12
2020-10-28,362.0,377.15,350.1,361.2,52813.0,26.21
2020-10-29,361.2,390.0,349.0,379.65,48823.0,24.83
2020-10-30,380.0,380.7,361.35,374.6,45092.0,22.13
2020-11-02,385.0,385.0,360.55,374.2,49512.0,25.48
2020-11-03,381.0,381.0,371.5,375.25,32656.0,13.08
2020-11-04,370.8,379.7,365.15,369.25,35137.0,17.06
2020-11-05,370.4,378.95,370.4,376.05,38304.0,18.33
2020-11-06,371.15,374.0,365.0,367.05,34565.0,12.46
2020-11-09,369.95,370.0,335.65,343.65,63998.0,36.36
2020-11-10,345.05,352.9,341.25,346.75,66964.0,47.74
2020-11-11,358.7,365.0,345.15,357.5,66339.0,52.07
2020-11-12,365.0,365.0,346.6,356.15,57237.0,41.18
2020-11-13,356.4,359.95,351.05,357.15,37149.0,18.91
2020-11-16,360.15,366.0,356.65,362.75,10302.0,84.7
2020-11-17,365.0,374.0,355.55,365.4,42675.0,24.41
2020-11-18,366.0,369.95,361.05,367.15,38140.0,20.94
2020-11-19,365.05,374.85,355.2,371.15,46625.0,33.85
2020-11-20,367.6,380.0,367.6,374.3,67341.0,47.03
2020-11-23,379.35,380.0,355.3,374.8,66154.0,44.26
2020-11-24,382.5,384.8,371.0,380.0,49826.0,37.16
2020-11-25,387.0,396.0,382.0,389.05,51152.0,34.59
2020-11-26,393.85,418.9,393.85,409.0,163910.0,79.83
2020-11-27,419.0,486.0,419.0,452.65,117956.0,40.39
2020-11-30,419.0,486.0,419.0,452.65,117956.0,40.39
2020-12-01,452.7,475.0,452.7,457.35,116187.0,67.99
2020-12-02,457.35,469.0,456.9,460.0,37693.0,19.84
2020-12-03,475.0,476.0,465.2,472.35,64849.0,39.7
2020-12-04,475.9,479.4,450.2,468.8,46250.0,24.11
2020-12-07,471.95,473.1,465.25,469.95,47882.0,35.4
2020-12-08,473.0,478.8,451.2,474.55,40128.0,24.34
2020-12-09,470.0,479.8,470.0,477.6,36069.0,26.51
2020-12-10,477.35,477.4,461.6,469.3,36908.0,18.87
2020-12-11,478.95,509.9,469.0,485.3,92613.0,24.41
2020-12-14,495.45,495.45,487.65,490.15,11840.0,72.64
2020-12-15,478.0,494.25,478.0,489.05,15194.0,68.43
2020-12-16,489.05,512.95,489.0,500.9,28461.0,73.7
2020-12-17,504.95,519.95,504.95,511.05,26873.0,69.88
2020-12-18,509.0,517.4,483.3,496.65,33557.0,59.41
2020-12-21,494.0,501.45,436.0,464.1,32134.0,67.84
2020-12-22,485.0,485.0,431.65,458.2,28878.0,59.08
2020-12-23,460.0,484.0,451.2,474.0,19524.0,66.8
2020-12-24,494.0,494.0,463.0,468.65,13779.0,59.63
2020-12-25,494.0,494.0,463.0,468.65,13779.0,59.63
2020-12-28,484.9,490.0,471.45,487.95,16872.0,45.26
2020-12-29,489.85,493.55,487.0,490.35,36483.0,91.55
2020-12-30,492.05,495.0,480.0,484.5,6782.0,37.97
2020-12-31,484.65,488.0,472.4,479.15,7014.0,58.81
2021-01-01,486.5,486.5,469.1,473.45,12189.0,57.93
2021-01-04,487.7,487.7,476.15,478.95,18236.0,71.68
2021-01-05,481.65,493.15,481.15,488.3,153432.0,92.02
2021-01-06,494.65,518.0,491.05,510.95,57782.0,67.42
2021-01-07,516.7,577.0,511.5,530.0,158001.0,48.41
2021-01-08,536.9,543.95,518.75,525.35,30401.0,60.7
2021-01-11,530.7,541.45,505.8,532.3,29145.0,52.93
2021-01-12,534.95,579.2,532.3,569.85,182804.0,33.7
2021-01-13,569.0,600.0,569.0,594.05,76180.0,56.32
2021-01-14,594.0,610.0,581.4,585.8,44408.0,61.26
2021-01-15,589.75,607.45,582.2,591.05,35014.0,60.42
2021-01-18,594.65,596.7,575.0,583.35,20818.0,69.6
2021-01-19,583.0,603.1,582.0,584.85,22204.0,81.93
2021-01-20,585.25,588.95,582.1,583.8,13983.0,84.15
2021-01-21,589.0,599.0,581.95,593.95,28741.0,54.19
2021-01-22,584.0,610.0,573.2,578.9,147192.0,56.67
2021-01-25,594.0,598.4,533.5,540.65,26653.0,51.8
2021-01-26,594.0,598.4,533.5,540.65,26653.0,51.8
2021-01-27,541.0,546.5,487.0,498.65,82727.0,57.78
2021-01-28,505.0,557.15,481.1,538.15,61825.0,64.44
2021-01-29,548.0,554.25,505.0,506.65,47938.0,65.55
2021-02-01,496.2,519.4,495.5,500.15,34698.0,63.97
2021-02-02,508.7,528.95,500.25,518.6,45851.0,61.89
2021-02-03,528.0,562.25,527.45,553.55,83314.0,57.84
2021-02-04,556.7,573.9,555.05,560.85,35528.0,55.39
2021-02-05,557.25,564.85,538.0,540.2,13961.0,53.76
2021-02-08,547.0,559.0,532.0,544.85,14691.0,55.33
2021-02-09,548.0,610.0,520.05,531.6,21178.0,43.82
2021-02-10,535.8,540.0,526.05,534.9,10315.0,37.61
2021-02-11,536.7,543.5,525.05,536.75,19086.0,51.65
2021-02-12,526.0,543.95,526.0,532.25,15422.0,53.07
2021-02-15,536.85,542.1,518.35,521.65,37542.0,75.51
2021-02-16,526.0,533.85,524.25,530.65,12427.0,57.58
2021-02-17,531.0,563.1,520.0,553.95,92109.0,57.68
2021-02-18,564.0,564.0,506.7,512.95,72576.0,66.66
2021-02-19,517.1,533.3,495.05,509.35,31874.0,63.76
2021-02-22,512.0,522.8,497.3,505.45,20019.0,61.08
2021-02-23,498.2,549.8,498.2,546.35,196943.0,68.98
2021-02-24,546.35,560.05,532.9,541.9,66298.0,25.11
2021-02-25,549.2,566.0,540.0,548.75,233252.0,47.33
2021-02-26,541.0,561.0,533.65,554.0,241306.0,81.74
2021-03-01,559.4,560.05,547.3,550.05,26579.0,59.43
2021-03-02,549.95,574.4,549.95,565.5,136537.0,47.66
2021-03-03,575.0,601.95,575.0,593.95,216954.0,72.27
2021-03-04,596.0,606.0,575.1,583.75,54194.0,49.51
2021-03-05,580.0,588.85,566.25,577.8,26782.0,61.09
2021-03-08,585.0,595.0,565.2,570.55,22467.0,55.56
2021-03-09,568.0,573.9,550.0,554.3,31656.0,47.93
2021-03-10,558.7,558.7,545.05,547.45,51110.0,57.79
2021-03-11,558.7,558.7,545.05,547.45,51110.0,57.79
2021-03-12,558.4,560.0,544.95,551.6,35451.0,83.77
2021-03-15,580.0,580.0,530.1,534.85,401446.0,96.51
2021-03-16,545.5,545.5,507.0,512.2,78389.0,61.81
2021-03-17,517.5,524.6,498.0,506.25,25520.0,53.41
2021-03-18,519.75,519.75,480.95,511.05,34463.0,61.52
2021-03-19,505.05,520.0,491.2,511.95,28423.0,59.08
2021-03-22,509.95,517.95,505.0,506.8,6618.0,51.36
2021-03-23,502.0,564.7,502.0,553.2,75093.0,40.4
2021-03-24,549.0,550.0,516.05,521.1,27879.0,57.25
2021-03-25,519.9,523.2,500.55,511.1,20028.0,66.69
2021-03-26,514.65,529.0,490.0,495.2,79245.0,77.84
2021-03-29,514.65,529.0,490.0,495.2,79245.0,77.84
2021-03-30,496.0,514.0,486.55,510.2,57489.0,79.96
2021-03-31,500.15,525.0,500.1,522.9,20413.0,69.89
2021-04-01,525.0,535.0,518.05,531.8,15431.0,58.71
2021-04-02,525.0,535.0,518.05,531.8,15431.0,58.71
2021-04-05,539.95,540.0,500.1,512.4,28709.0,40.77
2021-04-06,512.4,558.0,506.25,541.6,65326.0,56.62
2021-04-07,546.0,562.0,537.85,556.05,29421.0,61.14
2021-04-08,556.05,575.55,541.15,556.85,41876.0,61.75
2021-04-09,557.0,563.95,546.65,554.6,13958.0,68.35
2021-04-12,545.0,552.3,508.8,511.7,34655.0,74.55
2021-04-13,501.1,529.6,501.1,515.75,16198.0,53.64
2021-04-14,501.1,529.6,501.1,515.75,16198.0,53.64
2021-04-15,519.05,522.4,502.95,508.65,39868.0,76.8
2021-04-16,512.0,523.3,508.8,512.85,8501.0,43.42
2021-04-19,500.0,510.4,495.0,502.25,16317.0,63.33
2021-04-20,509.35,521.9,505.85,510.4,46432.0,86.47
2021-04-21,509.35,521.9,505.85,510.4,46432.0,86.47
2021-04-22,504.25,523.9,504.25,514.85,7919.0,52.97
2021-04-23,514.1,523.75,505.0,508.3,10282.0,52.31
2021-04-26,529.75,539.0,504.4,522.5,28782.0,32.95
2021-04-27,522.5,584.0,521.45,579.5,132063.0,66.31
2021-04-28,586.0,603.95,581.05,595.7,154695.0,50.97
2021-04-29,600.9,615.05,579.25,588.3,126210.0,36.08
2021-04-30,593.0,595.9,567.0,583.0,67057.0,56.09
2021-05-03,575.0,590.0,571.95,578.85,27192.0,58.52
2021-05-04,579.0,586.4,565.4,574.05,38179.0,58.99
2021-05-05,570.4,588.5,565.0,575.15,25930.0,68.49
2021-05-06,574.0,583.05,567.55,575.75,39904.0,84.66
2021-05-07,574.95,577.75,569.1,573.0,24614.0,82.73
2021-05-10,583.0,644.4,574.95,631.8,1059711.0,41.17
2021-05-11,639.9,659.0,622.05,635.55,472276.0,42.32
2021-05-12,638.7,653.0,632.8,642.3,216710.0,52.83
2021-05-13,638.7,653.0,632.8,642.3,216710.0,52.83
2021-05-14,650.0,661.65,616.0,647.65,405417.0,47.88
2021-05-17,670.0,670.0,640.5,651.5,832322.0,43.48
2021-05-18,649.95,654.9,629.0,634.2,211877.0,56.65
2021-05-19,635.0,642.0,623.4,634.35,168480.0,54.15
2021-05-20,644.55,650.35,628.1,636.4,105909.0,52.54
2021-05-21,636.45,642.15,624.0,627.95,53788.0,55.16
2021-05-24,632.7,640.0,625.6,634.6,121015.0,56.26
2021-05-25,638.0,643.5,618.35,626.2,217535.0,82.77
2021-05-26,637.95,670.0,633.0,667.8,785967.0,53.68
2021-05-27,672.0,674.85,661.95,667.65,466466.0,38.31
2021-05-28,670.0,670.0,653.0,662.35,139699.0,50.85
2021-05-31,663.0,663.9,640.0,646.55,191737.0,79.47
2021-06-01,646.55,652.65,604.0,616.35,120252.0,54.61
2021-06-02,620.0,687.7,620.0,648.05,276182.0,28.38
2021-06-03,648.0,658.0,636.2,644.2,67072.0,52.01
2021-06-04,653.95,674.45,644.05,669.0,152299.0,59.91
2021-06-07,667.0,670.0,658.0,661.35,63797.0,56.85
2021-06-08,662.0,665.0,639.15,649.5,60463.0,53.21
2021-06-09,640.15,663.0,640.15,653.5,319152.0,78.04
2021-06-10,657.5,663.0,646.0,649.9,32793.0,53.93
2021-06-11,656.75,658.4,638.25,648.55,46337.0,51.38
2021-06-14,649.85,649.85,626.0,637.75,28129.0,45.22
2021-06-15,643.75,651.25,635.5,639.65,32363.0,53.04
2021-06-16,641.65,643.55,627.05,629.2,29197.0,61.05
2021-06-17,630.05,650.3,625.0,627.1,43947.0,47.72
2021-06-18,639.0,639.0,605.45,619.2,51393.0,49.9
2021-06-21,611.0,627.55,603.0,616.3,27082.0,46.71
2021-06-22,630.2,649.0,626.3,640.45,49912.0,52.93
2021-06-23,641.15,646.6,618.5,622.75,13868.0,47.81
2021-06-24,627.95,631.05,616.0,618.25,17020.0,51.02
2021-06-25,619.05,634.0,613.45,620.45,40383.0,55.97
2021-06-28,622.0,654.95,621.05,647.45,85268.0,67.42
2021-06-29,643.0,655.2,640.0,648.3,74803.0,66.6
2021-06-30,653.0,672.0,651.0,662.95,144631.0,56.68
2021-07-01,665.0,699.95,664.0,690.9,293940.0,47.82
2021-07-02,701.9,701.9,686.05,693.8,129205.0,40.4
2021-07-05,705.0,729.95,703.15,721.45,298856.0,47.14
2021-07-06,730.0,730.0,707.5,710.5,127821.0,51.3
2021-07-07,719.95,728.0,707.85,722.05,74213.0,52.69
2021-07-08,724.9,729.0,701.55,714.9,50089.0,35.91
2021-07-09,714.9,730.7,700.8,721.8,91683.0,44.24
2021-07-12,728.8,742.75,726.5,736.2,103600.0,57.0
2021-07-13,741.0,749.55,721.05,743.9,188132.0,24.38
2021-07-14,745.0,749.0,732.2,737.2,30968.0,54.92
2021-07-15,737.2,764.9,735.35,748.0,119722.0,48.83
2021-07-16,755.8,755.8,745.0,746.65,63615.0,38.98
2021-07-19,752.0,765.5,744.3,761.2,168944.0,54.3
2021-07-20,765.0,779.8,747.0,770.15,197027.0,42.55
2021-07-21,765.0,779.8,747.0,770.15,197027.0,42.55
2021-07-22,780.25,787.15,767.0,774.8,107598.0,66.06
2021-07-23,778.0,813.0,772.2,796.6,194547.0,48.02
2021-07-26,805.0,832.4,801.05,819.35,513171.0,41.02
2021-07-27,828.4,848.5,819.4,824.0,256737.0,40.38
2021-07-28,824.0,834.95,815.1,823.55,103492.0,44.24
2021-07-29,825.05,843.0,825.05,836.1,182926.0,48.17
2021-07-30,839.75,848.5,821.2,830.55,84089.0,48.09
2021-08-02,834.8,890.0,833.0,873.6,284633.0,39.8
2021-08-03,897.0,912.4,884.5,903.7,163848.0,47.12
2021-08-04,911.9,952.0,903.6,907.95,338756.0,30.78
2021-08-05,912.25,931.0,885.0,928.1,170557.0,29.93
2021-08-06,934.8,942.95,924.0,929.4,105370.0,29.85
2021-08-09,920.1,964.9,920.1,936.5,143238.0,33.71
2021-08-10,943.0,995.0,920.0,927.8,316753.0,38.95
2021-08-11,930.0,948.2,891.45,926.05,156311.0,36.13
2021-08-12,926.05,972.2,926.05,941.9,119636.0,31.83
2021-08-13,946.0,966.65,932.3,935.45,108311.0,23.67
2021-08-16,923.85,964.75,919.5,929.55,147653.0,32.22
2021-08-17,934.0,935.0,915.0,925.7,118136.0,37.48
2021-08-18,925.7,932.5,876.0,891.3,215575.0,67.46
2021-08-19,925.7,932.5,876.0,891.3,215575.0,67.46
2021-08-20,881.0,905.0,862.1,870.6,76106.0,56.88
2021-08-23,880.0,903.95,840.35,865.15,132111.0,44.91
2021-08-24,860.0,904.7,855.8,898.35,67431.0,47.18
2021-08-25,900.0,920.0,898.65,917.65,72384.0,52.74
2021-08-26,929.85,934.35,916.0,929.15,82821.0,58.46
2021-08-27,934.0,938.9,920.0,933.0,85689.0,54.86
2021-08-30,966.1,1043.3,952.65,1026.4,542107.0,37.61
2021-08-31,1030.0,1039.0,978.0,989.95,236075.0,53.96
2021-09-01,1007.0,1007.0,969.5,975.5,147040.0,58.66
2021-09-02,980.3,983.0,966.0,968.25,118292.0,51.13
2021-09-03,1000.0,1010.0,974.55,979.65,134443.0,55.29
2021-09-06,979.65,995.0,965.65,981.2,104658.0,29.85
2021-09-07,982.0,993.1,972.35,977.0,88158.0,21.22
2021-09-08,980.0,1023.7,980.0,994.15,206888.0,39.04
2021-09-09,995.05,1006.1,986.0,991.45,83196.0,46.18
2021-09-10,995.05,1006.1,986.0,991.45,83196.0,46.18
2021-09-13,987.1,1013.2,987.1,992.9,56380.0,47.25
2021-09-14,1000.0,1035.0,1000.0,1018.5,163915.0,54.51
2021-09-15,1034.0,1062.0,1021.0,1045.8,159125.0,37.13
2021-09-16,1077.0,1077.0,1037.0,1039.95,72892.0,49.09
2021-09-17,1049.7,1056.9,1015.0,1046.5,90028.0,45.91
2021-09-20,1027.7,1044.0,983.75,991.55,83094.0,53.68
2021-09-21,991.0,1025.0,970.0,1017.7,87995.0,39.91
2021-09-22,1020.0,1054.65,1019.4,1039.9,138464.0,38.26
2021-09-23,1059.95,1067.95,1035.0,1037.35,77878.0,56.41
2021-09-24,1046.85,1046.85,1020.0,1036.5,144785.0,38.2
2021-09-27,1040.0,1045.0,1029.4,1034.8,196817.0,43.71
2021-09-28,1040.0,1088.7,1024.05,1048.25,283508.0,31.05
2021-09-29,1044.0,1069.0,1034.8,1062.65,179080.0,35.56
2021-09-30,1069.95,1098.75,1069.0,1082.55,136302.0,32.55
2021-10-01,1084.7,1097.7,1065.0,1088.6,157607.0,30.0
2021-10-04,1092.5,1148.55,1092.5,1125.1,184770.0,39.73
2021-10-05,1129.9,1135.0,1101.0,1115.8,120150.0,36.97
2021-10-06,1110.0,1155.0,1103.5,1107.55,207239.0,24.06
2021-10-07,1144.0,1187.1,1124.1,1152.1,316713.0,23.12
2021-10-08,1163.8,1209.9,1157.1,1192.55,354040.0,55.4
2021-10-11,1195.95,1260.0,1160.25,1185.9,686681.0,29.93
2021-10-12,1220.0,1230.0,1191.8,1206.45,249541.0,49.73
2021-10-13,1238.7,1238.7,1183.0,1186.2,202353.0,58.75
2021-10-14,1198.0,1202.7,1155.0,1163.35,151637.0,55.08
2021-10-15,1198.0,1202.7,1155.0,1163.35,151637.0,55.08
2021-10-18,1189.0,1209.0,1155.0,1201.0,304872.0,34.11
2021-10-19,1215.0,1226.9,1186.0,1195.5,183021.0,47.86
2021-10-20,1200.0,1214.0,1177.0,1208.45,128928.0,55.49
2021-10-21,1208.85,1217.35,1182.95,1211.15,168001.0,60.33
2021-10-22,1214.9,1214.9,1183.25,1202.6,106678.0,41.45
2021-10-25,1201.7,1212.9,1160.0,1204.55,212701.0,42.96
2021-10-26,1206.8,1207.0,1185.1,1193.8,79641.0,50.61
2021-10-27,1197.75,1200.0,1155.0,1165.2,171082.0,25.95
2021-10-28,1170.0,1174.95,1112.35,1116.75,79840.0,58.7
2021-10-29,1150.0,1150.0,1084.95,1091.35,111593.0,15.61
2021-11-01,1137.0,1137.0,1075.0,1081.9,46100.0,35.42
2021-11-02,1097.0,1097.0,1065.0,1080.15,97768.0,37.09
2021-11-03,1088.0,1090.0,1043.0,1051.25,76487.0,55.07
2021-11-04,1088.0,1090.0,1043.0,1051.25,76487.0,55.07
2021-11-05,1043.0,1059.85,1043.0,1050.05,20884.0,80.09
2021-11-08,1074.0,1075.0,1030.1,1048.35,106206.0,43.54
2021-11-09,1053.55,1061.9,1039.0,1041.35,104706.0,47.4
2021-11-10,1039.0,1068.0,1030.2,1041.45,58972.0,64.92
2021-11-11,1043.7,1050.05,1000.0,1016.6,122739.0,43.91
2021-11-12,1018.0,1043.0,1011.4,1019.4,157882.0,28.48
2021-11-15,1019.4,1029.7,989.25,997.35,54097.0,61.39
2021-11-16,1004.65,1015.45,987.0,998.65,193574.0,38.62
2021-11-17,998.65,1005.0,980.0,983.5,85548.0,35.37
2021-11-18,984.0,1002.9,950.0,958.35,103484.0,54.59
2021-11-19,984.0,1002.9,950.0,958.35,103484.0,54.59
2021-11-22,960.0,961.45,926.1,934.5,62256.0,62.65
2021-11-23,930.0,962.5,906.85,949.7,51277.0,44.33
2021-11-24,957.0,987.55,954.2,969.05,67402.0,55.3
2021-11-25,970.0,990.0,955.0,975.05,71333.0,60.76
2021-11-26,970.0,970.0,932.5,938.6,69875.0,62.33
2021-11-29,932.55,938.6,889.0,913.8,53666.0,40.18
2021-11-30,901.0,939.9,898.65,901.45,126998.0,66.44
2021-12-01,911.1,923.7,911.1,919.55,18765.0,55.47
2021-12-02,927.45,929.95,913.4,926.4,51738.0,67.02
2021-12-03,934.7,978.25,934.7,965.3,88882.0,34.19
2021-12-06,975.0,984.0,940.0,945.15,108799.0,34.53
2021-12-07,955.0,959.9,935.0,953.0,49054.0,35.2
2021-12-08,967.0,967.0,941.25,945.45,52545.0,40.58
2021-12-09,957.7,957.9,938.0,944.3,57497.0,37.05
2021-12-10,945.0,968.5,943.0,948.05,74259.0,36.81
2021-12-13,963.4,963.4,934.4,937.9,47459.0,48.31
2021-12-14,938.0,951.25,936.2,940.05,44114.0,29.56
2021-12-15,949.0,949.0,916.0,919.1,58532.0,40.97
2021-12-16,925.0,931.95,911.0,919.95,44763.0,29.9
2021-12-17,919.95,926.55,871.55,882.7,67062.0,51.72
2021-12-20,887.0,897.0,851.0,883.7,203970.0,73.55
2021-12-21,899.9,914.7,874.85,885.4,103076.0,44.71
2021-12-22,901.5,925.0,895.1,914.95,122171.0,75.79
2021-12-23,930.0,960.0,921.1,950.15,128494.0,55.32
2021-12-24,965.0,968.1,943.65,947.65,89629.0,59.91
2021-12-27,947.9,955.45,925.0,935.0,64475.0,59.11
2021-12-28,950.0,957.35,932.15,942.5,183873.0,25.14
2021-12-29,947.85,951.15,939.1,943.55,45231.0,45.57
2021-12-30,945.0,951.7,933.6,941.95,43668.0,47.05
2021-12-31,942.0,955.1,942.0,949.7,67783.0,60.3
2022-01-03,967.0,976.85,943.55,948.85,229458.0,55.99
2022-01-04,958.0,960.1,942.2,950.85,92805.0,59.68
2022-01-05,952.4,989.6,945.0,978.3,313603.0,60.69
2022-01-06,974.0,979.8,956.45,973.5,159943.0,54.58
2022-01-07,979.0,1012.75,978.45,994.85,197542.0,50.76
2022-01-10,1008.0,1014.0,987.5,994.5,228556.0,66.66
2022-01-11,995.8,997.0,980.0,989.7,107955.0,57.21
2022-01-12,997.85,997.85,970.65,981.1,96933.0,70.47
2022-01-13,985.0,1009.0,975.0,996.05,241253.0,39.89
2022-01-14,994.9,1045.0,988.5,1033.7,209679.0,51.58
2022-01-17,1049.9,1058.8,1023.5,1046.05,238683.0,50.53
2022-01-18,1060.0,1064.05,996.25,1012.6,553740.0,31.51
2022-01-19,1015.9,1040.0,1002.1,1032.5,171930.0,43.96
2022-01-20,1043.9,1055.0,1018.0,1029.25,184857.0,59.05
2022-01-21,1020.0,1023.0,978.0,999.9,122794.0,49.84
2022-01-24,982.0,989.0,927.5,937.85,120965.0,50.65
2022-01-25,917.1,943.0,904.0,937.1,73615.0,43.57
2022-01-26,917.1,943.0,904.0,937.1,73615.0,43.57
2022-01-27,925.0,953.0,920.05,935.95,93769.0,51.92
2022-01-28,949.45,960.0,934.0,939.6,74036.0,42.19
2022-01-31,969.45,972.0,940.95,954.8,31613.0,40.14
2022-02-01,967.0,967.0,934.0,938.2,58535.0,48.85
2022-02-02,939.0,952.65,939.0,945.35,51077.0,69.92
2022-02-03,949.55,960.0,938.0,958.6,112390.0,70.01
2022-02-04,963.0,968.55,936.5,939.3,122802.0,54.02
2022-02-07,939.3,951.65,926.0,929.25,46316.0,53.31
2022-02-08,929.9,941.45,906.25,925.5,93875.0,50.96
2022-02-09,931.0,939.0,926.0,933.05,60053.0,34.12
2022-02-10,930.15,951.0,927.15,950.3,113308.0,25.08
2022-02-11,940.0,950.0,927.8,934.1,90428.0,24.09
2022-02-14,905.0,924.0,859.0,869.35,104957.0,49.12
2022-02-15,870.0,896.3,851.0,888.5,90712.0,35.67
2022-02-16,900.0,915.0,882.2,898.05,63161.0,33.99
2022-02-17,899.45,917.0,894.55,911.9,41460.0,22.57
2022-02-18,911.0,911.0,888.5,897.4,43919.0,48.22
2022-02-21,888.0,890.15,864.05,869.45,49266.0,52.67
2022-02-22,821.1,851.05,821.1,843.05,77859.0,63.1
2022-02-23,844.0,850.0,833.0,836.65,91727.0,51.05
2022-02-24,835.0,835.0,756.95,763.8,155628.0,48.73
2022-02-25,780.0,807.95,780.0,792.45,123918.0,46.9
2022-02-28,785.2,819.0,776.25,812.55,115168.0,45.93
2022-03-01,785.2,819.0,776.25,812.55,115168.0,45.93
2022-03-02,800.55,830.0,800.55,819.35,74122.0,45.76
2022-03-03,829.0,854.6,828.95,843.8,111723.0,54.41
2022-03-04,840.0,853.7,820.1,829.2,83549.0,47.42
2022-03-07,820.0,820.0,772.8,780.75,107531.0,50.82
2022-03-08,780.75,847.15,775.1,827.8,402469.0,35.49
2022-03-09,844.0,844.0,820.5,828.25,197606.0,40.45
2022-03-10,840.0,855.0,776.6,799.9,186951.0,39.69
2022-03-11,824.0,850.0,813.25,845.0,182162.0,51.37
2022-03-14,171.05,185.0,171.05,181.8,964429.0,43.87
2022-03-15,183.65,197.0,183.05,189.45,797162.0,35.1
2022-03-16,189.8,192.5,182.0,184.5,454851.0,41.09
2022-03-17,190.0,190.0,181.05,182.05,507743.0,50.51
2022-03-18,190.0,190.0,181.05,182.05,507743.0,50.51
2022-03-21,182.2,182.55,172.0,172.6,568205.0,59.53
2022-03-22,173.9,177.75,165.05,169.35,714657.0,62.72
2022-03-23,170.6,171.2,165.55,166.8,458706.0,56.9
2022-03-24,165.55,166.0,162.5,162.95,466813.0,73.17
2022-03-25,164.2,167.75,161.6,164.8,313438.0,50.55
2022-03-28,165.65,165.65,157.5,159.1,433926.0,64.83
2022-03-29,165.0,165.4,159.15,160.95,502314.0,61.36
2022-03-30,164.8,165.25,159.5,160.2,499607.0,69.37
2022-03-31,163.65,163.65,156.1,157.4,275684.0,63.14
2022-04-01,160.4,163.85,159.2,162.2,274767.0,61.33
2022-04-04,167.7,170.0,165.05,169.05,514729.0,62.01
2022-04-05,173.1,182.7,171.0,180.7,1095587.0,42.15
2022-04-06,180.0,188.0,177.0,184.75,759186.0,51.07
2022-04-07,185.4,187.0,177.0,177.9,460915.0,51.26
2022-04-08,179.0,189.95,178.75,187.75,1099674.0,39.77
2022-04-11,188.9,194.05,186.85,189.8,864163.0,53.64
2022-04-12,191.0,192.0,183.3,184.8,360881.0,48.5
2022-04-13,185.9,189.5,185.55,187.2,231247.0,50.58
2022-04-14,185.9,189.5,185.55,187.2,231247.0,50.58
2022-04-15,185.9,189.5,185.55,187.2,231247.0,50.58
2022-04-18,187.0,187.05,180.65,181.3,303355.0,56.27
2022-04-19,181.7,187.3,178.75,180.9,448175.0,58.92
2022-04-20,182.1,186.0,180.4,183.4,799818.0,74.29
2022-04-21,186.0,194.55,184.1,192.25,1238018.0,42.0
2022-04-22,191.5,196.0,188.85,192.05,603980.0,47.83
2022-04-25,190.6,190.6,183.55,184.55,273950.0,63.4
2022-04-26,186.7,192.0,186.35,190.5,404922.0,47.23
2022-04-27,190.5,194.35,186.0,190.15,443031.0,40.85
2022-04-28,192.2,193.2,189.55,190.85,290494.0,53.78
2022-04-29,192.9,194.95,187.75,188.9,375916.0,44.39
2022-05-02,188.0,196.5,182.95,189.65,995735.0,40.23
2022-05-03,188.0,196.5,182.95,189.65,995735.0,40.23
2022-05-04,196.0,198.85,179.05,181.95,1570418.0,37.18
2022-05-05,187.0,188.0,172.8,176.05,367856.0,45.86
2022-05-06,173.0,175.35,168.15,173.45,455256.0,36.79
2022-05-09,174.9,176.8,170.1,172.55,230664.0,42.5
2022-05-10,173.2,175.7,170.0,170.95,278162.0,31.34
2022-05-11,171.25,173.95,161.05,164.3,749815.0,65.56
2022-05-12,160.2,160.6,151.0,152.85,551745.0,53.14
2022-05-13,158.65,162.8,155.65,158.2,290210.0,43.93
2022-05-16,161.0,165.4,159.05,163.95,273928.0,38.14
2022-05-17,165.0,167.6,159.0,162.6,704990.0,47.56
2022-05-18,164.55,169.65,163.65,167.05,385356.0,45.33
2022-05-19,163.0,163.0,160.05,161.2,164832.0,52.75
2022-05-20,164.45,166.9,162.8,166.0,240931.0,58.99
2022-05-23,166.85,168.25,162.5,163.95,239831.0,51.28
2022-05-24,164.9,165.5,158.55,159.7,271112.0,55.19
2022-05-25,159.15,162.3,157.1,157.9,145677.0,45.02
2022-05-26,160.6,162.5,154.15,161.55,158777.0,43.83
2022-05-27,162.7,163.8,159.05,159.9,114004.0,49.83
2022-05-30,160.95,168.8,160.95,165.55,345457.0,47.64
2022-05-31,166.5,170.7,163.95,165.7,275747.0,52.64
2022-06-01,166.85,168.3,161.3,161.9,277284.0,55.11
2022-06-02,160.9,164.6,160.4,162.4,256922.0,60.12
2022-06-03,164.3,168.9,164.0,164.95,246309.0,40.19
2022-06-06,165.75,167.7,161.1,165.9,92312.0,49.4
2022-06-07,164.5,164.75,161.85,163.1,64985.0,47.46
2022-06-08,164.4,164.4,160.5,162.3,295951.0,34.98
2022-06-09,164.4,164.9,161.5,163.75,88373.0,44.61
2022-06-10,162.8,162.8,161.0,161.25,103268.0,63.18
2022-06-13,155.5,158.45,152.8,154.5,209875.0,60.1
2022-06-14,154.4,156.65,152.0,153.45,92969.0,48.12
2022-06-15,153.55,165.0,153.55,162.15,499522.0,36.67
2022-06-16,163.0,169.45,156.8,159.2,655741.0,36.31
2022-06-17,158.7,161.75,155.0,156.05,258403.0,52.99
2022-06-20,156.85,156.85,146.0,147.25,229916.0,56.9
2022-06-21,148.85,152.5,148.05,150.95,132887.0,49.65
2022-06-22,151.4,153.95,148.0,149.25,129817.0,44.7
2022-06-23,149.7,154.0,147.6,153.15,124837.0,39.58
2022-06-24,153.6,159.0,153.6,158.55,246589.0,73.96
2022-06-27,160.95,167.5,159.75,165.3,197007.0,54.69
2022-06-28,165.65,165.9,161.0,164.15,116729.0,55.33
2022-06-29,163.4,164.3,161.6,163.85,93841.0,61.11
2022-06-30,163.05,164.55,160.1,162.0,134782.0,58.31
2022-07-01,162.4,163.0,158.9,162.45,49422.0,46.39
2022-07-04,165.0,167.4,162.05,165.55,204760.0,69.41
2022-07-05,167.55,168.65,160.0,162.35,183376.0,59.43
2022-07-06,167.0,167.0,162.0,163.65,135109.0,59.37
2022-07-07,165.0,165.9,162.85,164.1,194553.0,71.53
2022-07-08,165.35,167.45,162.05,163.25,361647.0,79.34
2022-07-11,164.95,165.35,161.6,164.25,253723.0,77.67
2022-07-12,162.0,166.15,161.5,162.25,247187.0,72.39
2022-07-13,165.0,165.7,158.55,160.25,184397.0,53.12
2022-07-14,161.2,161.85,154.1,155.75,221312.0,60.96
2022-07-15,159.95,159.95,155.1,158.5,123957.0,53.56
2022-07-18,160.3,165.8,157.4,163.4,411640.0,70.93
2022-07-19,164.0,165.05,161.55,162.4,376163.0,83.89
2022-07-20,164.9,167.2,158.6,162.4,838263.0,70.22
2022-07-21,164.9,177.0,164.0,173.2,1702101.0,38.1
2022-07-22,177.5,180.25,175.1,178.4,1221261.0,43.44
2022-07-25,181.0,183.45,178.0,180.85,550098.0,45.34
2022-07-26,181.4,181.4,174.5,175.95,348196.0,51.66
2022-07-27,178.0,179.6,175.0,177.15,288804.0,36.23
2022-07-28,178.5,182.55,177.1,178.95,444823.0,52.97
2022-07-29,180.9,182.0,177.45,178.3,201855.0,58.32
2022-08-01,182.6,185.0,177.55,179.6,588460.0,58.8
2022-08-02,179.4,181.25,178.0,179.3,1251900.0,76.59
2022-08-03,179.5,193.0,179.3,190.6,2113334.0,61.65
2022-08-04,193.0,193.9,184.1,190.8,1042698.0,47.17
2022-08-05,190.65,192.8,188.8,191.05,308438.0,51.63
2022-08-10,190.8,190.9,185.85,187.0,195359.0,52.5
2022-08-11,190.0,190.45,186.0,186.4,261653.0,50.78
2022-08-12,186.9,188.5,185.25,186.05,320855.0,60.6
2022-08-15,186.9,188.5,185.25,186.05,320855.0,60.6
2022-08-16,186.7,188.65,184.75,186.75,609559.0,81.78
2022-08-17,187.0,189.8,185.35,188.5,662385.0,70.75
2022-08-18,189.0,191.55,185.0,186.25,480293.0,52.27
2022-08-19,186.25,191.0,184.15,189.35,749466.0,46.77
2022-08-22,189.9,189.9,185.1,185.7,288196.0,55.22
2022-08-23,183.5,185.55,181.4,181.9,341513.0,65.78
2022-08-24,182.0,186.15,181.5,182.3,146253.0,51.46
2022-08-25,185.0,187.45,183.25,184.15,166050.0,48.04
2022-08-26,184.15,193.75,184.15,191.35,755716.0,48.91
2022-08-29,185.0,198.9,180.0,197.1,1098794.0,50.34
2022-08-30,199.4,206.7,199.1,200.65,2124710.0,45.65
2022-08-31,199.4,206.7,199.1,200.65,2124710.0,45.65
2022-09-01,202.0,210.0,201.5,207.8,1423316.0,47.08
2022-09-02,210.3,212.0,205.0,206.4,769345.0,51.49
2022-09-05,209.6,214.4,205.5,206.85,1033196.0,43.66
2022-09-06,207.15,208.05,193.1,197.45,829026.0,47.6
2022-09-07,194.8,200.85,194.15,199.05,403267.0,43.52
2022-09-08,209.7,209.8,201.7,203.9,1206837.0,33.11
2022-09-09,205.0,205.95,199.5,203.4,451606.0,43.23
2022-09-12,207.4,210.9,203.15,207.35,1297266.0,32.74
2022-09-13,208.7,209.4,206.0,208.0,534335.0,50.44
2022-09-14,205.0,210.85,203.05,207.15,648252.0,47.05
2022-09-15,208.35,208.35,205.1,207.4,703879.0,41.83
2022-09-16,207.9,212.15,202.05,206.8,907871.0,39.96
2022-09-19,208.8,208.8,200.0,203.45,469539.0,37.32
2022-09-20,204.5,205.75,202.5,202.9,287737.0,37.65
2022-09-21,202.85,203.65,188.0,190.8,913370.0,59.44
2022-09-22,190.8,194.95,189.55,193.95,466962.0,40.47
2022-09-23,193.9,194.55,185.95,186.8,359570.0,47.92
2022-09-26,184.45,184.85,175.75,176.6,421723.0,53.16
2022-09-27,177.9,189.7,175.75,186.5,3759643.0,69.21
2022-09-28,188.0,190.0,183.05,187.5,895859.0,40.22
2022-09-29,188.9,192.75,188.5,191.0,449464.0,53.66
2022-09-30,190.4,200.2,188.1,198.6,624918.0,49.91
2022-10-03,198.6,205.0,196.5,204.1,727818.0,54.12
2022-10-04,206.25,207.7,202.1,204.05,389216.0,51.33
2022-10-05,206.25,207.7,202.1,204.05,389216.0,51.33
2022-10-06,207.0,213.5,204.1,207.95,1498226.0,44.71
2022-10-07,211.2,215.0,208.2,211.55,717014.0,38.8
2022-10-10,208.0,218.0,207.1,212.45,1139021.0,41.16
2022-10-11,215.1,216.0,205.45,207.05,454414.0,45.95
2022-10-12,206.9,209.35,203.5,206.75,255173.0,38.02
2022-10-13,204.25,215.9,201.3,210.25,587635.0,46.81
2022-10-14,215.0,227.3,215.0,223.45,4246302.0,43.72
2022-10-17,224.9,231.95,224.2,230.55,2927934.0,37.81
2022-10-18,232.7,235.65,228.5,231.95,1143128.0,59.01
2022-10-19,232.5,236.6,228.6,232.0,1155488.0,46.07
2022-10-20,232.2,235.2,225.15,228.5,771308.0,59.25
2022-10-21,228.5,234.05,224.05,228.95,840614.0,40.24
2022-10-24,237.9,237.9,228.0,232.15,426387.0,73.66
2022-10-25,231.85,231.95,222.25,223.4,641500.0,54.42
2022-10-26,231.85,231.95,222.25,223.4,641500.0,54.42
2022-10-27,229.9,230.25,225.1,226.15,514333.0,41.94
2022-10-28,226.6,228.9,220.05,222.75,427088.0,42.42
2022-10-31,224.2,235.8,223.65,229.6,1571636.0,42.57
2022-11-01,230.7,238.0,228.3,235.9,925005.0,54.78
2022-11-02,236.95,239.4,233.5,236.55,572728.0,48.32
2022-11-03,232.0,239.4,230.0,231.8,789133.0,53.18
2022-11-04,234.0,238.0,232.65,237.35,496477.0,61.2
2022-11-07,239.9,241.0,235.8,237.25,536213.0,48.11
2022-11-08,239.9,241.0,235.8,237.25,536213.0,48.11
2022-11-09,237.25,244.4,235.7,237.4,1262139.0,55.56
2022-11-10,235.0,239.85,233.65,238.65,254374.0,43.13
2022-11-11,241.0,244.5,239.05,241.9,902540.0,57.16
2022-11-14,241.95,244.4,234.8,237.7,621361.0,47.45
2022-11-15,237.95,238.65,230.0,231.4,430980.0,51.13
2022-11-16,231.0,235.9,227.1,228.5,721231.0,50.38
2022-11-17,229.4,231.45,227.8,230.3,191261.0,43.92
2022-11-18,231.25,231.85,223.7,227.15,262100.0,48.43
2022-11-21,226.5,226.9,220.0,221.35,297972.0,48.78
2022-11-22,222.2,228.65,217.55,219.05,430421.0,44.91
2022-11-23,220.15,226.8,218.25,219.45,672562.0,50.21
2022-11-24,220.0,222.6,218.5,219.7,239677.0,56.93
2022-11-25,221.6,223.7,219.55,220.7,235289.0,62.93
2022-11-28,221.5,228.75,220.3,227.8,425723.0,63.34
2022-11-29,228.7,229.5,220.5,221.1,298578.0,58.19
2022-11-30,222.4,225.5,219.4,220.15,264071.0,58.96
2022-12-01,221.3,225.15,221.3,223.75,206019.0,52.98
2022-12-02,224.0,240.9,223.1,237.8,2061024.0,54.72
2022-12-05,241.9,242.0,232.9,234.7,1285668.0,59.47
2022-12-06,234.25,235.0,231.05,232.55,297084.0,55.66
2022-12-07,233.7,233.7,226.5,228.05,169491.0,54.61
2022-12-08,228.05,232.7,227.15,228.4,209451.0,46.14
2022-12-09,229.85,237.75,229.6,233.1,499887.0,49.22
2022-12-12,232.3,250.0,228.35,244.15,880394.0,65.47
2022-12-13,249.25,249.35,240.3,243.5,842955.0,51.8
2022-12-14,244.95,262.0,243.2,256.75,3483668.0,35.94
2022-12-15,258.9,266.9,255.0,256.8,1843315.0,41.37
2022-12-16,257.8,260.7,250.5,252.8,830728.0,45.96
2022-12-19,254.7,269.7,254.55,265.6,1618599.0,46.01
2022-12-20,267.95,274.95,265.1,273.1,1537063.0,48.26
2022-12-21,274.95,274.95,255.35,260.6,1186620.0,46.2
2022-12-22,262.0,266.15,245.3,250.85,978535.0,45.91
2022-12-23,247.9,250.5,230.25,235.85,953690.0,50.49
2022-12-26,235.85,256.45,233.05,253.75,942266.0,38.63
2022-12-27,255.0,259.5,251.1,257.8,345212.0,38.99
2022-12-28,258.95,264.8,254.75,262.85,548503.0,42.09
2022-12-29,261.8,265.65,257.0,261.2,277900.0,50.43
2022-12-30,264.4,265.7,259.75,262.9,436934.0,43.08
2023-01-02,262.6,268.0,262.2,265.15,477273.0,42.87
2023-01-03,265.15,266.45,261.0,261.8,177823.0,54.19
2023-01-04,262.3,265.0,253.95,255.85,407946.0,43.84
2023-01-05,254.0,257.9,249.85,252.3,365254.0,44.31
2023-01-06,252.3,254.7,243.2,247.55,438898.0,48.72
2023-01-09,248.15,259.2,248.1,257.75,313047.0,42.76
2023-01-10,258.9,259.85,253.3,258.2,291937.0,53.88
2023-01-11,258.5,272.0,258.2,270.45,1118535.0,45.13
2023-01-12,272.0,274.05,265.95,268.2,589418.0,48.68
2023-01-13,268.6,270.75,263.15,264.25,233509.0,47.93
2023-01-16,264.25,272.0,264.25,268.15,233448.0,34.36
2023-01-17,269.4,272.0,264.3,270.6,244102.0,55.36
2023-01-18,272.4,278.9,268.3,274.15,798893.0,46.41
2023-01-19,273.95,285.0,273.0,278.3,1543023.0,48.17
2023-01-20,281.0,283.65,264.0,266.2,1666289.0,42.73
2023-01-23,267.55,284.0,262.1,281.5,1468529.0,34.9
2023-01-24,284.0,287.0,271.55,273.75,531217.0,44.96
2023-01-25,273.9,279.45,270.25,273.35,688095.0,46.81
2023-01-26,273.9,279.45,270.25,273.35,688095.0,46.81
2023-01-27,273.9,274.75,256.5,262.7,634049.0,39.74
2023-01-30,262.05,265.55,254.4,258.75,252020.0,45.41
2023-01-31,259.55,276.5,259.55,275.05,624643.0,55.43
2023-02-01,277.2,281.0,259.7,266.85,515011.0,42.93
2023-02-02,269.85,272.0,263.9,265.6,230875.0,38.9
2023-02-03,265.75,272.7,262.95,264.05,275145.0,47.99
2023-02-06,264.9,272.4,261.6,270.35,204388.0,50.41
2023-02-07,271.6,274.5,265.4,267.5,249477.0,55.26
2023-02-08,268.85,271.85,264.9,266.25,152078.0,54.05
2023-02-09,266.9,271.15,262.6,264.25,262565.0,46.69
2023-02-10,264.8,278.5,264.75,270.85,488565.0,48.06
2023-02-13,272.8,288.4,272.15,282.95,1140099.0,47.6
2023-02-14,285.0,285.75,276.2,278.9,332447.0,45.76
2023-02-15,280.2,281.2,270.35,272.45,381305.0,43.88
2023-02-16,273.4,277.95,269.0,272.2,361475.0,50.17
2023-02-17,273.6,283.65,271.1,272.9,429628.0,35.44
2023-02-20,273.0,279.3,273.0,274.5,242143.0,34.49
2023-02-21,274.9,279.85,274.15,276.0,160903.0,44.26
2023-02-22,275.95,278.5,263.0,265.2,417071.0,57.91
2023-02-23,266.55,270.95,260.6,267.1,475703.0,55.31
2023-02-24,267.1,272.75,258.0,259.65,384231.0,49.8
2023-02-27,257.0,260.05,244.7,257.2,718651.0,42.08
2023-02-28,258.0,266.0,252.85,258.55,1344456.0,68.9
2023-03-01,259.7,268.0,259.0,267.35,508756.0,37.77
2023-03-02,265.0,268.25,257.2,257.95,445559.0,56.87
2023-03-03,260.1,269.75,260.1,267.1,615351.0,47.4
2023-03-06,268.4,270.0,266.1,269.25,265641.0,47.32
2023-03-07,268.4,270.0,266.1,269.25,265641.0,47.32
2023-03-08,266.0,281.0,264.65,279.7,657278.0,50.47
2023-03-09,282.5,284.7,274.55,277.7,397811.0,40.49
2023-03-10,272.95,274.5,269.15,273.15,318400.0,50.22
2023-03-13,266.15,271.9,261.15,265.35,761803.0,52.18
2023-03-14,265.35,268.6,261.5,265.5,326257.0,54.72
2023-03-15,273.2,291.0,273.2,281.35,3971823.0,26.7
2023-03-16,287.9,288.9,280.0,284.5,1509371.0,23.94
2023-03-17,290.95,291.5,281.0,284.6,514107.0,36.09
2023-03-20,285.0,285.0,267.65,269.4,801437.0,46.0
2023-03-21,271.6,273.6,267.0,271.45,343920.0,34.51
2023-03-22,272.4,278.85,271.25,277.75,299960.0,50.85
2023-03-23,277.65,279.4,275.3,276.05,197694.0,44.52
2023-03-24,278.0,281.65,271.5,273.0,308980.0,40.13
2023-03-27,274.6,279.35,273.1,276.15,257344.0,47.07
2023-03-28,276.8,281.0,274.8,279.15,274032.0,49.09
2023-03-29,280.0,283.0,278.15,281.8,775336.0,73.49
2023-03-30,280.0,283.0,278.15,281.8,775336.0,73.49
2023-03-31,283.0,287.9,282.2,286.1,390117.0,54.68
2023-04-03,288.3,289.9,280.65,282.7,320201.0,43.3
2023-04-04,288.3,289.9,280.65,282.7,320201.0,43.3
2023-04-05,282.0,285.25,280.45,282.6,188901.0,51.72
2023-04-06,288.0,310.0,287.75,304.7,2656783.0,35.48
2023-04-07,288.0,310.0,287.75,304.7,2656783.0,35.48
2023-04-10,310.0,318.0,302.7,307.55,1404608.0,31.54
2023-04-11,308.8,314.8,307.15,312.35,651103.0,35.41
2023-04-12,314.45,314.7,305.1,307.05,424695.0,54.51
2023-04-13,307.95,312.0,304.5,306.75,417584.0,46.67
2023-04-14,307.95,312.0,304.5,306.75,417584.0,46.67
2023-04-17,305.0,311.0,302.85,309.7,359876.0,42.89
2023-04-18,309.8,315.0,292.9,297.95,558150.0,49.86
2023-04-19,302.35,314.0,300.35,307.4,837749.0,39.05
2023-04-20,309.1,325.0,308.0,324.05,1454278.0,39.84
2023-04-21,324.5,329.6,316.0,318.2,846813.0,39.46
2023-04-24,319.9,326.5,315.05,321.25,513733.0,49.2
2023-04-25,321.35,324.4,317.45,319.5,499601.0,53.5
2023-04-26,318.0,322.35,316.05,317.15,229279.0,47.13
2023-04-27,317.35,328.6,317.2,326.7,472233.0,41.38
2023-04-28,329.4,331.7,310.7,326.0,1074563.0,31.45
2023-05-01,329.4,331.7,310.7,326.0,1074563.0,31.45
2023-05-02,326.0,334.7,324.9,329.4,748215.0,48.68
2023-05-03,330.5,338.95,328.65,331.2,561285.0,48.91
2023-05-04,333.45,340.0,331.4,336.1,391770.0,43.7
2023-05-05,336.0,344.8,330.0,342.55,540737.0,48.89
2023-05-08,345.0,362.95,343.2,347.0,1181715.0,41.29
2023-05-09,349.0,353.55,336.9,340.8,415319.0,40.72
2023-05-10,342.2,346.5,336.15,338.6,317057.0,45.04
2023-05-11,340.4,348.7,337.15,339.45,365477.0,47.8
2023-05-12,341.0,345.0,337.75,340.3,319986.0,40.15
2023-05-15,340.3,349.7,337.2,347.15,408847.0,41.14
2023-05-16,347.95,351.6,341.0,346.2,240754.0,43.75
2023-05-17,347.3,352.0,339.7,346.2,245036.0,37.82
2023-05-18,347.85,370.0,347.05,365.7,982052.0,46.19
2023-05-19,369.3,371.2,355.3,368.5,734116.0,32.56
2023-05-22,371.15,373.95,355.2,357.3,398430.0,43.03
2023-05-23,358.8,363.6,353.25,355.1,287295.0,41.82
2023-05-24,354.0,364.0,350.4,358.6,331588.0,39.11
2023-05-25,360.0,373.35,360.0,364.9,663109.0,36.41
2023-05-26,367.45,372.85,363.7,370.1,433638.0,45.48
2023-05-29,372.5,390.0,369.3,388.3,745310.0,35.78
2023-05-30,389.6,389.6,382.1,384.0,320827.0,48.6
2023-05-31,385.0,392.25,381.0,388.25,484312.0,43.2
2023-06-01,389.8,398.0,377.0,379.05,691108.0,44.22
2023-06-02,381.9,386.0,375.7,377.7,524633.0,42.91
2023-06-05,380.95,386.0,371.5,372.75,364413.0,44.31
2023-06-06,373.4,382.55,365.0,377.25,630266.0,40.8
2023-06-07,379.7,386.3,374.2,377.05,629742.0,50.4
2023-06-08,379.55,387.35,378.0,383.2,516094.0,44.61
2023-06-09,385.5,395.0,381.65,390.45,714531.0,37.61
2023-06-12,392.45,392.9,383.65,385.7,301874.0,54.68
2023-06-13,389.0,416.0,388.35,411.9,1235019.0,38.7
2023-06-14,418.0,429.85,416.0,420.5,1157515.0,35.29
2023-06-15,422.0,422.0,404.25,408.4,826176.0,50.07
2023-06-16,435.0,439.9,416.25,423.9,3081220.0,24.56
2023-06-19,429.35,439.5,425.4,432.0,1152975.0,35.33
2023-06-20,432.5,477.65,430.2,458.95,3594964.0,31.85
2023-06-21,462.0,490.0,459.15,469.45,2535307.0,30.35
2023-06-22,470.0,471.95,453.05,456.3,864178.0,37.62
2023-06-23,458.0,458.0,425.0,429.6,622524.0,46.64
2023-06-26,430.0,453.0,429.85,450.4,481185.0,48.15
2023-06-27,454.4,468.0,445.0,459.9,606905.0,55.76
2023-06-28,464.0,474.9,448.45,449.9,375173.0,45.88
2023-06-29,464.0,474.9,448.45,449.9,375173.0,45.88
2023-06-30,446.0,458.45,437.5,444.7,326863.0,48.87
2023-07-03,447.0,448.4,435.8,438.85,365936.0,54.01
2023-07-04,441.9,454.6,439.0,446.15,270965.0,47.18
2023-07-05,448.15,451.85,441.85,444.4,194251.0,53.73
2023-07-06,444.4,451.4,444.4,448.65,221731.0,51.48
2023-07-07,447.75,451.0,440.75,446.85,174949.0,51.47
2023-07-10,449.0,450.45,436.0,440.1,260618.0,63.85
2023-07-11,440.0,446.75,438.05,443.95,324465.0,69.76
2023-07-12,445.9,469.95,442.5,463.75,702704.0,62.95
2023-07-13,470.0,475.0,440.5,456.6,541825.0,49.95
2023-07-14,459.0,472.5,457.8,467.1,428672.0,54.11
2023-07-17,473.8,487.9,472.0,483.45,684974.0,54.36
2023-07-18,486.0,494.4,476.4,488.75,458842.0,50.85
2023-07-19,491.6,498.9,481.35,496.4,528893.0,55.32
2023-07-20,497.6,504.1,494.25,496.55,687755.0,63.89
2023-07-21,497.9,508.8,481.05,504.7,1861098.0,49.46
2023-07-24,513.0,545.0,510.0,520.75,1285452.0,41.09
2023-07-25,529.9,549.0,528.15,540.65,1075754.0,58.58
2023-07-26,545.0,569.0,544.8,561.3,1120556.0,60.95
2023-07-27,567.65,575.0,548.0,563.65,535250.0,43.15
2023-07-28,563.7,565.65,532.25,542.1,735455.0,50.34
2023-07-31,546.9,564.45,535.65,562.85,508327.0,56.09
2023-08-01,568.0,569.45,553.5,560.85,238366.0,51.27
2023-08-02,560.85,564.95,536.0,548.9,363238.0,45.97
2023-08-03,549.35,560.0,543.9,557.95,246716.0,37.11
2023-08-04,560.75,568.0,556.55,563.15,266207.0,41.97
2023-08-07,566.0,594.6,564.0,589.2,905173.0,60.41
2023-08-08,591.0,594.95,581.1,588.2,301956.0,47.35
2023-08-09,585.65,599.45,563.5,569.65,604079.0,49.71
2023-08-10,571.0,591.45,565.7,570.45,479931.0,49.11
2023-08-11,572.85,584.95,571.0,581.1,243381.0,52.56
2023-08-14,584.05,591.25,577.05,584.8,320916.0,49.18
2023-08-15,584.05,591.25,577.05,584.8,320916.0,49.18
2023-08-16,587.75,599.4,585.6,595.45,590528.0,32.43
2023-08-17,598.45,617.95,598.45,613.05,486715.0,50.1
2023-08-18,616.5,620.2,598.35,603.6,327629.0,55.95
2023-08-21,606.4,649.9,606.4,649.25,1416354.0,58.33
2023-08-22,654.0,690.0,648.0,651.1,1237747.0,54.39
2023-08-23,657.0,664.95,642.05,652.0,614665.0,62.64
2023-08-24,659.3,680.0,659.0,667.6,745336.0,53.46
2023-08-25,670.0,678.0,651.05,654.45,537563.0,50.4
2023-08-28,657.75,669.05,654.8,658.7,410909.0,50.69
2023-08-29,662.0,669.95,649.0,653.6,413217.0,47.13
2023-08-30,658.0,666.9,655.1,657.35,384635.0,48.19
2023-08-31,661.0,745.0,658.5,713.3,1122814.0,60.38
2023-09-01,727.7,752.95,708.0,713.1,903515.0,53.4
2023-09-04,717.45,732.0,708.0,717.3,528732.0,55.94
2023-09-05,721.7,729.95,708.1,720.35,681906.0,57.11
2023-09-06,724.0,729.8,682.2,712.6,720904.0,46.05
2023-09-07,710.0,728.0,706.2,712.95,536023.0,45.93
2023-09-08,716.55,725.55,715.05,720.15,451321.0,49.93
2023-09-11,723.8,740.5,722.05,728.8,508759.0,43.35
2023-09-12,734.8,735.4,597.6,656.2,1584025.0,46.96
2023-09-13,660.0,698.0,620.05,691.85,976841.0,39.45
2023-09-14,697.8,722.35,695.2,713.45,653608.0,54.34
2023-09-15,718.0,724.7,667.9,689.4,4892792.0,71.76
2023-09-18,695.95,705.3,688.15,695.5,279352.0,50.53
2023-09-19,695.95,705.3,688.15,695.5,279352.0,50.53
2023-09-20,691.0,693.65,650.0,653.75,585429.0,54.98
2023-09-21,651.6,659.2,622.8,628.15,455016.0,51.02
2023-09-22,628.2,656.5,628.2,646.1,423290.0,45.36
2023-09-25,643.3,649.35,625.1,638.3,351713.0,47.0
2023-09-26,638.3,653.6,631.1,637.55,203976.0,42.43
2023-09-27,640.75,649.0,627.05,644.5,345357.0,42.07
2023-09-28,647.7,658.0,638.35,643.25,186812.0,46.24
2023-09-29,647.4,654.0,639.0,643.75,168177.0,44.73
2023-10-02,647.4,654.0,639.0,643.75,168177.0,44.73
2023-10-03,647.0,659.95,633.55,641.0,266502.0,45.88
2023-10-04,645.35,645.95,614.1,631.5,272449.0,41.0
2023-10-05,634.65,642.0,626.15,631.05,201272.0,49.19
2023-10-06,634.25,655.0,631.2,652.5,254106.0,62.37
2023-10-09,621.0,643.7,621.0,631.4,164877.0,50.82
2023-10-10,633.75,651.1,633.75,644.1,214639.0,66.62
2023-10-11,647.35,657.8,645.0,649.2,203213.0,60.56
2023-10-12,652.45,675.0,642.1,667.05,324481.0,54.55
2023-10-13,664.85,679.0,657.4,672.15,261261.0,61.32
2023-10-16,678.8,682.5,654.5,657.75,276189.0,63.29
2023-10-17,664.0,685.0,661.5,681.5,374627.0,51.3
2023-10-18,686.6,686.6,659.55,675.25,288812.0,49.19
2023-10-19,675.7,686.7,630.05,648.0,542942.0,42.8
2023-10-20,653.0,662.0,642.0,647.8,295946.0,67.2
2023-10-23,649.55,655.9,612.05,620.25,314533.0,59.01
2023-10-24,649.55,655.9,612.05,620.25,314533.0,59.01
2023-10-25,624.0,649.7,616.0,629.6,406723.0,60.96
2023-10-26,628.95,628.95,583.5,602.55,474721.0,53.52
2023-10-27,611.95,652.05,605.0,617.85,790266.0,62.19
2023-10-30,620.95,638.1,615.0,631.1,440551.0,58.1
2023-10-31,634.3,644.0,626.1,640.15,490977.0,66.88
2023-11-01,640.15,652.75,631.0,643.25,412444.0,56.66
2023-11-02,651.75,667.05,649.0,660.0,764289.0,64.07
2023-11-03,667.4,684.8,661.25,678.2,560428.0,62.26
2023-11-06,683.55,693.0,673.6,681.35,457936.0,59.65
2023-11-07,681.0,693.0,675.05,691.9,791005.0,74.61
2023-11-08,692.9,698.5,685.25,691.0,778944.0,71.76
2023-11-09,675.95,720.0,674.85,687.75,1765945.0,65.33
2023-11-10,693.6,713.9,685.0,703.95,809039.0,56.63
2023-11-13,707.0,707.0,690.35,696.75,368507.0,60.13
2023-11-14,707.0,707.0,690.35,696.75,368507.0,60.13
2023-11-15,705.95,714.7,698.0,710.9,480622.0,62.43
2023-11-16,712.0,720.0,702.5,715.75,432884.0,59.08
2023-11-17,719.3,742.85,664.5,724.5,2301641.0,53.74
2023-11-20,724.85,777.7,724.85,771.8,1275554.0,48.04
2023-11-21,782.0,794.0,756.05,769.7,1095848.0,63.97
2023-11-22,769.75,774.9,755.65,766.65,568210.0,59.59
2023-11-23,768.0,782.25,756.0,760.9,682912.0,69.63
2023-11-24,760.0,764.75,755.0,760.2,327943.0,66.97
2023-11-27,760.0,764.75,755.0,760.2,327943.0,66.97
2023-11-28,760.2,779.0,760.2,768.1,476184.0,67.12
2023-11-29,775.0,797.5,770.1,788.05,439734.0,71.29
2023-11-30,791.0,811.65,787.5,800.45,2399840.0,78.63
2023-12-01,808.5,814.7,791.0,795.6,284935.0,60.54
2023-12-04,808.7,813.95,784.3,789.55,314695.0,55.97
2023-12-05,792.65,794.2,774.2,785.95,348917.0,66.15
2023-12-06,791.6,793.7,769.65,771.6,453423.0,77.67
2023-12-07,771.1,773.1,755.55,761.8,218309.0,70.09
2023-12-08,755.1,766.35,733.2,738.95,392691.0,64.96
2023-12-11,738.95,740.0,723.05,732.85,270732.0,61.76
2023-12-12,738.85,755.55,734.0,736.85,261254.0,59.17
2023-12-13,743.95,751.0,732.0,747.45,288129.0,69.61
2023-12-14,758.0,758.95,734.0,746.0,261548.0,59.08
2023-12-15,751.85,766.95,750.1,760.7,274632.0,51.52
2023-12-18,770.7,771.0,750.0,757.65,480139.0,77.48
2023-12-19,757.35,770.0,748.0,753.7,250053.0,61.1
2023-12-20,758.05,769.55,711.1,715.55,312218.0,62.84
2023-12-21,710.0,729.65,696.15,723.35,287133.0,49.28
2023-12-22,724.15,739.45,716.0,724.4,263498.0,54.5
2023-12-25,724.15,739.45,716.0,724.4,263498.0,54.5
2023-12-26,729.9,733.7,714.5,724.65,201139.0,66.04
2023-12-27,724.7,729.8,713.0,719.35,126805.0,66.26
2023-12-28,724.7,724.7,704.0,709.7,227869.0,68.37
2023-12-29,702.35,729.0,702.0,725.7,206696.0,53.46
2024-01-01,720.0,728.8,710.0,711.7,183636.0,63.56
2024-01-02,711.7,717.95,702.2,704.2,188120.0,63.6
2024-01-03,707.0,722.0,702.0,717.0,153476.0,66.47
2024-01-04,712.0,741.0,712.0,735.8,297146.0,74.47
2024-01-05,741.0,755.7,727.55,738.8,331148.0,61.69
2024-01-08,741.0,792.0,729.35,772.9,1003390.0,54.31
2024-01-09,774.6,787.55,770.1,784.2,564308.0,76.49
2024-01-10,774.65,805.5,765.0,798.25,825192.0,65.0
2024-01-11,798.05,806.0,783.55,794.5,252161.0,69.29
2024-01-12,794.15,796.0,775.05,780.55,298043.0,72.53
2024-01-15,784.0,789.55,769.0,779.9,477546.0,72.16
2024-01-16,786.8,787.8,762.05,776.25,489766.0,60.7
2024-01-17,766.15,786.0,756.35,762.25,377948.0,53.8
2024-01-18,761.2,779.8,730.55,750.0,1032782.0,32.19
2024-01-19,763.0,777.35,747.1,768.8,830188.0,41.89
2024-01-22,780.3,780.3,760.0,763.8,184204.0,59.09
2024-01-23,765.95,778.0,722.0,736.95,632550.0,52.0
2024-01-24,739.0,749.8,723.8,727.55,276427.0,42.82
2024-01-25,731.25,749.0,730.05,736.75,409195.0,54.25
2024-01-26,731.25,749.0,730.05,736.75,409195.0,54.25
2024-01-29,739.65,749.5,733.2,747.5,286952.0,55.02
2024-01-30,752.8,764.75,742.4,748.95,241580.0,52.4
2024-01-31,748.95,766.0,748.95,763.45,245710.0,63.05
2024-02-01,764.95,774.9,747.35,769.85,376818.0,58.24
2024-02-02,777.95,779.85,763.45,771.05,581639.0,69.53
2024-02-05,765.0,778.75,746.75,756.9,596981.0,46.3
2024-02-06,767.25,771.25,736.7,742.45,297906.0,54.94
2024-02-07,741.0,748.0,726.2,735.0,513718.0,55.3
2024-02-08,740.5,744.0,722.75,729.2,179669.0,47.68
2024-02-09,725.2,729.0,696.85,703.3,283654.0,53.72
2024-02-12,724.95,724.95,681.7,707.9,595584.0,32.34
2024-02-13,706.95,738.65,698.0,732.1,306215.0,58.25
2024-02-14,726.9,740.0,718.7,730.5,186242.0,49.34
2024-02-15,730.0,748.0,730.0,739.3,193422.0,53.74
2024-02-16,727.15,727.15,711.5,721.4,468404.0,55.37
2024-02-19,718.05,754.0,716.05,746.25,360633.0,53.09
2024-02-20,754.0,787.0,752.6,761.05,1034772.0,31.06
2024-02-21,763.2,775.0,750.25,757.8,581510.0,55.63
2024-02-22,765.4,765.4,731.15,738.8,333031.0,52.07
2024-02-23,748.0,771.05,747.0,751.1,352386.0,41.96
2024-02-26,757.35,777.0,752.2,764.9,795975.0,65.98
2024-02-27,763.0,805.0,758.05,774.05,1512662.0,51.02
2024-02-28,780.0,788.9,742.0,747.35,749836.0,58.35
2024-02-29,745.2,790.0,741.2,782.15,986757.0,59.8
2024-03-01,790.0,798.45,769.0,774.5,330362.0,43.28
2024-03-04,789.65,790.0,755.05,758.0,290792.0,49.28
2024-03-05,755.0,760.95,735.35,746.0,427149.0,46.82
2024-03-06,749.95,752.0,710.0,721.95,549076.0,58.9
2024-03-07,728.0,738.75,718.6,724.1,369852.0,61.63
2024-03-08,728.0,738.75,718.6,724.1,369852.0,61.63
2024-03-11,724.45,734.2,711.1,729.75,405522.0,65.34
2024-03-12,733.3,733.3,680.7,687.7,386100.0,56.57
2024-03-13,677.4,684.95,612.0,626.85,1404433.0,43.98
2024-03-14,630.4,637.45,602.05,618.75,2017845.0,54.99
2024-03-15,622.0,635.75,611.15,619.35,1692857.0,56.33
2024-03-18,620.0,647.05,612.3,627.0,877021.0,51.52
2024-03-19,631.0,648.45,625.5,637.95,534305.0,56.7
2024-03-20,641.4,674.7,637.95,664.25,634879.0,59.64
2024-03-21,666.1,679.7,660.15,665.25,295727.0,48.51
2024-03-22,665.0,684.0,662.95,681.85,246235.0,61.44
2024-03-25,665.0,684.0,662.95,681.85,246235.0,61.44
2024-03-26,682.75,682.75,650.5,655.7,310781.0,58.29
2024-03-27,662.4,705.2,658.05,695.35,1430516.0,65.78
2024-03-28,695.35,701.75,682.5,691.25,463609.0,37.38
2024-03-29,695.35,701.75,682.5,691.25,463609.0,37.38
2024-04-01,699.0,720.0,696.0,714.2,364583.0,45.21
2024-04-02,715.0,720.55,700.0,716.9,276088.0,52.52
2024-04-03,710.1,717.7,704.15,708.5,338461.0,59.59
2024-04-04,713.7,719.0,702.8,707.9,264044.0,52.75
2024-04-05,711.8,711.9,684.45,690.7,439601.0,55.6
2024-04-08,698.0,714.0,693.0,698.45,349696.0,54.2
2024-04-09,698.45,705.0,685.0,689.1,259709.0,54.11
2024-04-10,689.15,705.2,688.15,690.3,211255.0,53.54
2024-04-11,689.15,705.2,688.15,690.3,211255.0,53.54
2024-04-12,690.3,700.35,686.05,688.9,234821.0,51.59
2024-04-15,673.0,724.1,656.0,706.25,1689665.0,22.63
2024-04-16,707.9,729.8,707.4,725.0,938719.0,30.3
2024-04-17,707.9,729.8,707.4,725.0,938719.0,30.3
2024-04-18,732.0,764.8,726.0,731.4,3423032.0,30.15
2024-04-19,730.05,790.0,717.5,772.55,2612146.0,23.21
2024-04-22,734.0,767.85,720.1,747.45,1992526.0,26.82
2024-04-23,754.7,765.0,736.1,757.35,720062.0,32.25
2024-04-24,760.95,781.95,759.9,768.3,725004.0,35.89
2024-04-25,768.75,778.95,752.0,760.9,328243.0,50.23
2024-04-26,768.0,773.0,756.5,759.9,280798.0,48.03
2024-04-29,765.0,779.9,760.7,764.5,358459.0,34.38
2024-04-30,771.0,771.0,747.0,750.9,505551.0,50.8
2024-05-01,771.0,771.0,747.0,750.9,505551.0,50.8
2024-05-02,759.3,774.0,750.0,757.45,928956.0,24.96
2024-05-03,763.95,766.9,736.0,744.5,543610.0,48.52
2024-05-06,747.8,749.3,697.0,701.75,666777.0,52.08
2024-05-07,706.8,725.4,697.0,722.4,633685.0,34.09
2024-05-08,722.0,722.0,701.1,705.5,322377.0,48.61
2024-05-09,709.05,709.1,683.25,684.95,404220.0,62.15
2024-05-10,693.35,698.6,668.6,693.65,344625.0,47.87
2024-05-13,691.95,709.5,668.0,689.0,311304.0,35.41
2024-05-14,690.7,710.4,688.05,704.85,222045.0,47.46
2024-05-15,710.0,717.2,702.3,715.1,150091.0,44.1
2024-05-16,720.8,722.4,703.2,710.1,162927.0,46.46
2024-05-17,716.6,726.0,713.3,719.25,191394.0,52.64
2024-05-20,722.5,745.0,719.3,739.5,216848.0,49.99
2024-05-21,744.0,744.0,724.1,736.7,397901.0,47.94
2024-05-22,736.7,739.3,719.8,726.3,191771.0,50.03
2024-05-23,732.45,733.0,711.0,715.35,159047.0,56.01
2024-05-24,710.5,716.7,696.05,701.15,541235.0,47.86
2024-05-27,705.2,706.9,690.0,698.15,533582.0,52.2
2024-05-28,700.0,706.1,680.0,685.9,494299.0,53.44
2024-05-29,681.0,686.2,675.0,679.3,776314.0,64.86
2024-05-30,684.0,684.0,668.25,670.0,571694.0,68.1
2024-05-31,679.0,681.3,659.75,666.15,487227.0,58.82
2024-06-03,700.0,721.6,685.0,709.3,936259.0,46.07
2024-06-04,705.0,705.0,611.55,634.25,816349.0,50.59
2024-06-05,640.0,674.5,617.1,666.35,510543.0,51.54
2024-06-06,674.95,709.0,672.0,698.1,514815.0,53.64
2024-06-07,698.85,717.0,698.85,711.4,309846.0,58.82
2024-06-10,715.8,720.95,697.5,700.55,290965.0,61.88
2024-06-11,705.0,722.0,701.2,713.6,321830.0,59.12
2024-06-12,723.0,756.65,716.55,746.2,1409115.0,45.06
2024-06-13,751.95,757.85,744.5,753.4,479574.0,61.17
2024-06-14,753.05,756.95,739.35,745.15,340486.0,68.05
2024-06-17,753.05,756.95,739.35,745.15,340486.0,68.05
2024-06-18,715.0,820.0,715.0,809.3,3723816.0,30.4
2024-06-19,835.05,863.5,820.0,844.3,6131325.0,18.06
2024-06-20,846.0,884.0,832.0,871.95,2778825.0,27.72
2024-06-21,871.2,930.0,860.8,899.1,3511868.0,27.04
2024-06-24,895.0,968.9,884.0,896.8,4422563.0,25.56
2024-06-25,896.8,929.0,885.55,919.15,1751493.0,34.77
2024-06-26,919.95,921.0,898.25,908.9,496239.0,33.74
2024-06-27,898.6,927.95,880.55,884.5,1260581.0,61.38
2024-06-28,888.4,904.0,888.0,890.0,417194.0,41.37
2024-07-01,890.05,918.95,883.95,912.1,580466.0,41.77
2024-07-02,916.0,927.7,906.7,915.75,1374776.0,56.55
2024-07-03,919.8,964.95,909.75,958.95,1827999.0,38.43
2024-07-04,959.0,976.6,946.05,959.2,1708687.0,50.27
2024-07-05,962.0,998.45,945.0,984.15,1486128.0,43.28
2024-07-08,995.45,997.85,942.0,958.35,1761890.0,46.75
2024-07-09,967.95,971.4,917.7,932.1,1035799.0,35.05
2024-07-10,939.0,939.0,890.0,905.85,669656.0,44.24
2024-07-11,915.0,926.1,890.0,893.75,506541.0,46.28
2024-07-12,902.0,947.0,881.65,920.4,1428790.0,30.68
2024-07-15,924.0,925.5,901.1,913.6,669889.0,32.32
2024-07-16,919.95,923.95,900.0,909.95,445125.0,47.85
2024-07-17,919.95,923.95,900.0,909.95,445125.0,47.85
2024-07-18,909.95,914.5,885.0,887.3,539711.0,48.54
2024-07-19,885.0,885.0,845.5,863.45,799844.0,55.49
2024-07-22,850.0,894.0,845.0,889.3,414663.0,39.46
2024-07-23,889.3,900.65,829.75,888.95,655486.0,27.98
2024-07-24,889.0,899.9,875.0,890.95,663220.0,25.19
2024-07-25,878.0,878.95,865.2,874.15,514338.0,44.28
2024-07-26,873.1,875.45,834.2,841.25,722066.0,35.82
2024-07-29,857.0,880.0,835.5,842.05,613517.0,59.08
2024-07-30,845.9,861.85,839.0,857.7,276656.0,43.51
2024-07-31,864.0,864.7,841.4,857.85,510466.0,57.81
2024-08-01,869.9,869.9,842.0,847.8,254334.0,45.82
2024-08-02,841.65,918.4,835.0,887.2,5200543.0,15.44
2024-08-05,872.8,872.85,837.2,844.8,1366196.0,39.44
2024-08-06,860.0,876.65,856.25,860.85,720447.0,38.26
2024-08-07,880.0,939.0,879.35,931.7,4045323.0,38.76
2024-08-08,933.0,953.4,924.35,933.55,1595963.0,31.3
2024-08-09,940.9,946.5,924.5,934.85,586436.0,20.44
2024-08-12,933.5,943.0,913.5,927.75,532511.0,40.17
2024-08-13,927.75,949.8,912.3,925.95,725367.0,35.36
2024-08-14,930.1,949.5,908.0,934.35,1019171.0,45.08
2024-08-15,930.1,949.5,908.0,934.35,1019171.0,45.08
2024-08-16,949.0,957.95,924.9,932.5,508331.0,52.95
2024-08-19,937.95,950.8,935.0,947.95,371457.0,52.61
2024-08-20,955.0,975.0,915.0,924.5,1626436.0,25.65
2024-08-21,921.0,943.65,916.6,927.1,424863.0,45.72
2024-08-22,928.0,961.0,920.05,957.15,1411310.0,49.23
2024-08-23,964.0,979.4,950.1,966.8,1258853.0,36.76
2024-08-26,970.0,970.0,940.5,950.7,494443.0,44.89
2024-08-27,955.2,962.6,938.05,947.85,389262.0,40.24
2024-08-28,957.0,963.0,942.0,948.85,331751.0,51.51
2024-08-29,948.35,979.0,942.0,964.5,974677.0,32.43
2024-08-30,967.5,983.6,956.0,967.95,502176.0,43.51
2024-09-02,975.2,976.45,944.4,958.75,609236.0,48.3
2024-09-03,955.0,1010.95,951.6,977.15,3013769.0,29.65
2024-09-04,970.0,999.9,963.0,993.95,1130409.0,33.22
2024-09-05,999.95,1012.2,982.5,989.8,933258.0,47.83
2024-09-06,990.0,998.6,964.45,968.75,655085.0,48.47
2024-09-09,961.0,982.0,944.95,974.0,520149.0,29.92
2024-09-10,980.0,991.45,964.05,968.85,281109.0,44.05
2024-09-11,969.9,984.0,960.0,971.25,348925.0,53.09
2024-09-12,980.0,985.0,960.45,981.5,265135.0,44.44
2024-09-13,991.65,1023.7,979.05,1009.1,1026232.0,38.56
2024-09-16,1020.45,1035.45,985.0,987.6,584311.0,41.09
2024-09-17,989.0,992.0,972.05,989.5,321331.0,45.3
2024-09-18,991.0,1038.7,972.0,1021.7,1004703.0,41.45
2024-09-19,1015.0,1024.35,984.1,1002.75,482505.0,40.03
2024-09-20,1004.05,1025.0,989.15,1010.2,1474809.0,69.39
2024-09-23,1010.0,1024.9,998.05,1016.0,390647.0,47.64
2024-09-24,1025.0,1025.0,990.05,994.9,236498.0,51.54
2024-09-25,991.05,1008.4,986.65,1001.8,505928.0,63.37
2024-09-26,1006.0,1016.5,996.7,1009.85,211394.0,47.19
2024-09-27,1015.0,1022.0,1003.2,1018.7,361639.0,58.86
2024-09-30,1016.7,1023.3,991.75,1008.95,371817.0,39.37
2024-10-01,1017.3,1018.95,996.3,1011.95,269554.0,38.3
2024-10-02,1017.3,1018.95,996.3,1011.95,269554.0,38.3
2024-10-03,998.75,1013.7,976.55,984.65,388310.0,45.8
2024-10-04,980.0,996.9,947.25,959.3,466749.0,41.98
2024-10-07,965.0,984.0,891.0,906.8,1029828.0,49.05
2024-10-08,888.1,920.7,874.25,916.7,412094.0,42.53
2024-10-09,916.7,934.0,903.55,926.6,506314.0,42.82
2024-10-10,925.0,975.7,923.5,967.4,522349.0,49.36
2024-10-11,966.0,1024.0,965.05,999.3,1635497.0,25.52
2024-10-14,1003.4,1034.0,989.85,1028.15,865423.0,43.9
2024-10-15,1058.3,1064.05,1036.05,1047.9,2014070.0,32.86
2024-10-16,1049.2,1054.85,1012.1,1039.5,595032.0,36.78
2024-10-17,1042.9,1044.1,1016.5,1030.55,339540.0,39.76
2024-10-18,1020.55,1028.5,1000.2,1020.9,329409.0,36.02
2024-10-21,1024.0,1029.9,985.3,992.1,385298.0,46.49
2024-10-22,993.7,993.8,940.05,948.9,529600.0,49.26
2024-10-23,946.0,975.9,940.15,944.7,266369.0,32.19
2024-10-24,945.0,975.0,926.8,948.15,1253337.0,20.27
2024-10-25,952.0,957.9,902.05,906.7,437248.0,33.32
2024-10-28,906.7,916.55,877.3,881.35,343996.0,43.2
2024-10-29,884.85,890.1,860.05,883.65,232989.0,38.31
2024-10-30,892.5,919.75,883.25,909.25,300563.0,36.36
2024-10-31,909.95,933.45,904.1,920.85,258835.0,38.31
2024-11-01,935.0,942.55,926.1,934.55,46942.0,67.38
2024-11-04,938.0,940.05,908.1,914.85,165612.0,40.67
2024-11-05,912.0,925.0,909.1,919.7,148481.0,44.61
2024-11-06,923.45,949.9,919.55,948.55,199938.0,54.74
2024-11-07,948.0,977.0,940.0,961.75,231964.0,38.61
2024-11-08,970.0,979.7,954.35,962.65,247166.0,36.65
2024-11-11,962.65,981.4,956.0,964.9,251246.0,44.2
2024-11-12,964.0,972.3,935.1,943.85,100856.0,43.34
2024-11-13,937.0,938.7,904.75,922.8,225466.0,42.17
2024-11-14,923.0,943.95,923.0,932.7,135410.0,36.61
2024-11-18,934.85,958.4,934.85,940.6,198120.0,29.74
2024-11-19,955.95,983.7,939.65,946.85,627377.0,43.73
2024-11-20,955.95,983.7,939.65,946.85,627377.0,43.73
2024-11-21,947.0,973.9,942.25,963.65,237553.0,34.92
2024-11-22,965.35,982.85,957.85,963.5,254292.0,49.36
2024-11-25,972.0,977.95,963.5,972.95,461599.0,66.22
2024-11-26,977.0,977.0,952.9,966.3,155954.0,36.03
2024-11-27,967.4,981.15,961.4,975.35,123260.0,38.27
2024-11-28,981.0,996.7,968.0,976.9,259539.0,28.66
2024-11-29,975.25,981.9,959.4,966.2,120580.0,45.67
2024-12-02,958.0,975.1,954.3,967.55,286148.0,38.92
2024-12-03,969.9,986.75,955.35,963.8,313560.0,57.54
2024-12-04,966.95,978.65,965.0,969.6,224574.0,52.21
2024-12-05,979.2,981.0,959.3,968.15,317993.0,66.39
2024-12-06,970.0,976.15,965.55,968.7,185423.0,65.24
2024-12-09,965.0,993.9,962.0,974.35,648309.0,60.53
2024-12-10,974.9,978.25,965.0,968.0,170379.0,50.02
2024-12-11,969.9,994.85,965.0,975.6,432791.0,44.63
2024-12-12,980.45,982.0,965.0,973.3,160610.0,47.32
2024-12-13,971.0,971.25,943.0,954.25,241310.0,49.37
2024-12-16,954.0,960.5,938.05,940.95,174350.0,52.95
2024-12-17,941.0,947.85,919.6,921.95,316892.0,65.68
2024-12-18,923.0,927.2,897.05,900.45,491526.0,71.28
2024-12-19,900.0,918.0,894.1,906.1,248248.0,25.5
2024-12-20,907.9,913.95,881.0,891.25,209249.0,57.46
2024-12-23,890.0,928.75,889.7,919.15,412930.0,29.79
2024-12-24,923.95,944.25,900.0,907.65,600901.0,18.56
2024-12-25,923.95,944.25,900.0,907.65,600901.0,18.56
2024-12-26,908.0,911.1,886.1,890.7,124082.0,32.72
2024-12-27,898.75,922.35,888.0,910.95,214433.0,29.77
2024-12-30,929.5,929.5,895.5,901.1,198879.0,34.67
2024-12-31,898.05,907.05,889.0,893.85,154334.0,48.65
2025-01-01,895.95,920.25,895.95,909.2,146516.0,25.44
2025-01-02,916.3,926.95,908.0,914.95,150178.0,47.48
2025-01-03,921.1,928.0,913.7,917.4,362185.0,72.32
2025-01-06,914.0,924.25,900.0,905.85,456823.0,64.17
2025-01-07,908.45,922.7,906.05,913.45,152389.0,53.47
2025-01-08,920.0,923.45,900.0,903.2,595239.0,75.94
2025-01-09,909.55,919.9,895.35,903.7,283541.0,49.1
2025-01-10,904.1,998.0,897.5,957.1,19290089.0,3.99
2025-01-13,959.1,995.0,891.0,917.15,4287010.0,9.3
2025-01-14,927.15,953.3,916.7,938.7,1040130.0,11.91
2025-01-15,948.0,968.8,939.05,950.35,863318.0,35.01
2025-01-16,954.95,999.0,954.95,990.4,999581.0,29.27
2025-01-17,997.0,1014.1,969.2,984.55,929403.0,28.74
2025-01-20,984.55,1020.0,951.1,956.15,2040068.0,41.06
2025-01-21,960.6,967.4,923.3,936.0,600785.0,31.78
2025-01-22,930.0,938.45,875.0,896.1,470423.0,30.49
2025-01-23,896.0,897.35,850.0,855.05,859291.0,35.67
2025-01-24,858.0,864.95,795.5,804.25,834996.0,42.93
2025-01-27,810.0,813.2,754.5,771.15,1127665.0,29.05
2025-01-28,771.0,780.75,723.6,741.6,805545.0,29.16
2025-01-29,742.0,784.0,742.0,774.95,387653.0,18.3
2025-01-30,775.0,788.65,752.55,756.3,274423.0,23.83
2025-01-31,757.45,788.55,752.0,783.9,302763.0,30.96
2025-02-03,785.0,785.0,747.5,750.0,465694.0,49.48
2025-02-04,759.25,774.7,745.0,750.9,479067.0,45.79
2025-02-05,756.0,773.9,748.3,758.7,333709.0,32.39
2025-02-06,763.05,767.85,751.1,758.95,155858.0,33.9
2025-02-07,764.8,764.8,736.0,742.75,212413.0,38.47
2025-02-10,742.75,746.1,701.1,715.45,734886.0,43.79
2025-02-11,716.85,722.0,663.55,671.35,845969.0,55.7
2025-02-12,675.95,676.75,636.5,670.95,944710.0,52.91
2025-02-13,671.45,680.85,660.05,663.1,380115.0,42.63
2025-02-14,667.9,669.0,620.9,632.3,428437.0,42.09
2025-02-17,638.6,683.7,618.1,644.3,3312790.0,17.23
2025-02-18,650.0,661.0,628.75,648.25,614162.0,21.77
2025-02-19,649.05,701.35,645.0,687.6,820752.0,18.23
2025-02-20,682.1,715.9,672.1,699.95,786004.0,33.82
2025-02-21,698.55,733.95,697.85,707.9,614648.0,23.68
2025-02-24,707.9,713.1,692.6,704.95,253589.0,28.16
2025-02-25,712.0,714.6,688.2,692.85,231171.0,32.24
2025-02-27,695.2,700.1,662.35,665.9,291934.0,35.03
2025-02-28,660.0,664.55,636.15,648.0,481756.0,37.57
2025-03-03,650.05,655.5,604.2,639.2,928979.0,46.0
2025-03-04,630.0,683.95,626.85,671.2,1803530.0,16.35
2025-03-05,675.0,712.0,673.6,686.2,1083605.0,19.47
2025-03-06,699.6,708.35,687.25,695.3,354613.0,29.8
2025-03-07,692.0,723.9,686.6,715.95,516360.0,31.05
2025-03-10,720.95,725.4,682.3,691.7,298153.0,28.22
2025-03-11,689.5,690.8,660.3,684.3,437652.0,42.55
2025-03-12,682.0,694.0,674.4,685.35,207275.0,38.7
2025-03-13,690.05,690.65,671.05,686.1,328014.0,62.21
2025-03-17,686.15,706.85,683.65,698.15,256075.0,43.98
2025-03-18,703.65,723.0,700.15,718.1,246157.0,34.96
2025-03-19,725.0,777.15,725.0,757.6,727517.0,46.23
2025-03-20,771.95,778.0,739.0,745.2,389607.0,52.97
2025-03-21,753.1,858.85,747.05,843.9,3406362.0,27.37
2025-03-24,843.9,862.6,817.0,823.8,1039052.0,24.15
2025-03-25,834.4,844.95,800.1,808.15,411213.0,35.86
2025-03-26,807.0,833.95,783.55,788.95,602552.0,30.76
2025-03-27,783.0,796.9,770.05,780.35,675757.0,44.23
2025-03-28,784.95,806.3,766.05,773.3,375090.0,30.84
2025-04-01,778.0,783.9,757.35,775.1,224412.0,30.54
2025-04-02,778.0,780.0,754.0,766.55,242729.0,42.29
2025-04-03,760.0,772.3,739.85,745.4,398708.0,49.65
2025-04-04,749.85,757.95,722.9,729.2,597446.0,55.87
2025-04-07,600.0,720.0,600.0,713.8,447563.0,41.4
2025-04-08,725.0,738.65,719.85,729.25,168386.0,37.61
2025-04-09,720.0,781.7,720.0,740.4,13461163.0,5.76
2025-04-11,751.9,757.5,730.5,737.55,791943.0,20.78
2025-04-15,751.0,765.0,736.3,760.25,504158.0,29.16
2025-04-16,759.9,775.05,756.0,767.95,300117.0,27.78
2025-04-17,765.0,767.2,730.75,736.5,800822.0,36.51
2025-04-21,742.0,746.85,718.05,720.45,961687.0,47.0
2025-04-22,726.0,728.4,691.0,693.4,1575133.0,47.41
2025-04-23,699.65,702.0,673.3,678.55,967323.0,45.42
2025-04-24,678.55,696.05,678.55,687.0,658246.0,24.56
2025-04-25,685.0,687.95,641.75,656.7,849255.0,28.87
2025-04-28,599.95,637.7,590.0,624.75,7087029.0,27.35
2025-04-29,626.0,641.0,610.0,612.4,1276254.0,34.61
2025-04-30,614.95,618.4,592.85,595.15,843382.0,45.06
2025-05-02,595.15,608.5,587.5,597.5,876990.0,33.77
2025-05-05,600.8,610.5,596.45,601.5,466715.0,34.47
2025-05-06,604.7,610.35,587.85,595.5,450041.0,43.57
2025-05-07,586.0,598.2,581.0,585.25,553627.0,37.97
2025-05-08,583.0,597.0,573.0,578.7,467331.0,44.06
2025-05-09,571.7,575.05,553.0,566.25,521614.0,31.65
2025-05-12,588.0,590.95,569.95,571.5,835929.0,54.23
2025-05-13,572.6,584.95,568.0,577.5,590055.0,40.43
2025-05-14,581.6,585.45,577.0,583.0,595885.0,52.2
2025-05-15,586.0,634.4,584.45,623.9,8034865.0,16.5
2025-05-16,626.85,631.6,617.2,623.7,1234387.0,41.63
2025-05-19,626.2,633.55,613.5,615.75,800039.0,52.06
2025-05-20,618.0,623.2,605.25,617.55,599043.0,41.93
2025-05-21,617.55,623.0,609.15,613.4,692789.0,55.9
2025-05-22,613.95,619.0,610.1,615.4,397203.0,46.25
2025-05-23,615.5,619.95,610.55,613.5,320039.0,42.45
2025-05-26,613.6,619.0,610.0,611.4,301698.0,48.23
2025-05-27,611.75,616.0,609.0,610.7,230048.0,47.9
2025-05-28,613.1,615.3,606.1,608.3,303192.0,48.37
2025-05-29,608.0,609.9,587.4,597.0,910575.0,44.69
2025-05-30,601.5,614.6,600.0,606.25,717860.0,45.91
2025-06-02,600.0,617.9,587.0,605.25,3204668.0,69.32
2025-06-03,607.2,614.0,592.75,600.85,1235057.0,58.67
2025-06-04,603.8,603.8,589.0,590.45,935859.0,58.24
2025-06-05,593.0,617.8,590.05,600.5,2305470.0,56.27
2025-06-06,603.95,672.9,603.0,656.75,21565890.0,12.95
2025-06-09,663.0,675.4,642.25,663.95,3294968.0,34.32
2025-06-10,668.0,676.9,661.5,674.1,2006811.0,42.55
2025-06-11,675.0,675.9,657.0,661.1,1341122.0,54.35
2025-06-12,662.5,667.7,645.8,656.2,924837.0,47.31
2025-06-13,638.95,659.9,637.5,649.65,783302.0,42.17
2025-06-16,637.95,649.9,625.35,648.4,1708012.0,50.28
2025-06-17,649.0,656.6,635.5,640.35,608955.0,49.59
2025-06-18,634.95,636.25,625.1,631.3,672758.0,47.49
2025-06-19,632.5,656.5,627.45,638.5,5487314.0,25.1
2025-06-20,642.0,650.6,619.8,627.15,2356187.0,46.12
2025-06-23,619.5,654.5,619.5,632.2,3650279.0,21.26
2025-06-24,637.0,658.1,635.25,646.15,1885552.0,36.68
2025-06-25,647.4,687.3,647.4,681.4,4179562.0,41.68
2025-06-26,685.0,688.2,671.75,680.4,1355779.0,42.52
2025-06-27,681.0,683.2,666.7,668.55,939698.0,42.06
2025-06-30,669.0,691.5,669.0,674.4,1336621.0,38.37
2025-07-01,678.9,685.95,669.0,671.85,838250.0,40.37
2025-07-02,674.3,675.75,659.25,662.05,427081.0,35.86
2025-07-03,662.0,672.0,657.05,664.1,560955.0,37.38
2025-07-04,665.0,673.5,652.45,664.2,491201.0,40.92
2025-07-07,663.0,668.7,652.6,657.2,279815.0,41.56
2025-07-08,652.0,661.95,648.0,652.35,410517.0,41.6
2025-07-09,653.0,668.15,652.95,663.15,449461.0,47.19
2025-07-10,668.85,687.5,660.05,683.25,1532152.0,44.1
2025-07-11,684.9,684.9,657.0,660.95,982537.0,49.08
2025-07-14,656.0,659.3,642.1,648.0,707036.0,36.25
2025-07-15,651.0,679.3,650.55,664.95,941643.0,35.67
2025-07-16,666.0,668.0,646.1,651.35,774865.0,46.41
2025-07-17,654.9,657.25,642.05,644.75,665770.0,41.38
2025-07-18,647.9,650.9,633.0,643.9,586494.0,43.83
2025-07-21,642.45,643.05,635.6,639.25,308681.0,48.37
2025-07-22,641.8,644.4,628.45,629.5,374778.0,51.41
2025-07-23,632.95,633.0,625.2,630.1,304839.0,47.83
2025-07-24,630.7,632.6,619.75,622.7,348061.0,39.26
2025-07-25,622.7,629.0,605.05,624.95,625978.0,46.6
2025-07-28,624.95,626.1,608.2,612.65,459965.0,53.3
2025-07-29,611.0,615.5,597.45,599.45,609233.0,55.84
2025-07-30,602.2,609.4,595.5,598.0,825991.0,66.59
2025-07-31,588.5,592.95,570.25,582.55,989315.0,43.37
2025-08-01,582.5,585.65,562.1,565.75,555894.0,56.26
2025-08-04,559.0,588.65,551.75,579.6,734823.0,29.06
2025-08-05,579.0,586.9,571.0,574.6,313626.0,40.57
2025-08-06,579.6,579.6,556.6,560.55,410029.0,41.91
2025-08-07,560.65,584.0,558.3,577.9,506137.0,36.69
2025-08-08,583.0,592.0,574.95,585.0,469279.0,45.18
2025-08-11,589.75,589.75,564.4,581.15,446895.0,42.6
2025-08-12,581.15,593.0,575.3,584.5,286808.0,48.24
2025-08-13,584.9,594.9,572.1,573.3,495896.0,55.94
2025-08-14,575.0,579.9,562.05,565.2,350538.0,47.83
2025-08-18,575.1,580.6,568.35,578.65,274906.0,50.41
2025-08-19,582.9,587.15,575.3,584.7,319600.0,50.82
2025-08-20,585.1,587.75,574.0,574.7,217559.0,56.01
2025-08-21,579.0,604.0,574.0,576.85,1647580.0,29.7
2025-08-22,577.0,578.5,571.0,572.4,260438.0,48.82
2025-08-25,574.5,577.2,565.05,566.25,245287.0,48.51
2025-08-26,566.25,568.8,555.35,565.1,424939.0,53.0
2025-08-28,563.0,577.45,560.0,572.8,482141.0,46.52
2025-08-29,574.0,574.0,563.5,566.55,423541.0,53.53
2025-09-01,566.55,575.15,564.05,572.65,206677.0,47.46
2025-09-02,574.9,583.35,568.6,578.2,312837.0,43.06
2025-09-03,576.5,580.0,569.6,576.6,209299.0,47.76
2025-09-04,583.5,585.95,567.95,571.0,227855.0,41.66
2025-09-05,572.5,583.4,569.05,570.45,437600.0,64.62
2025-09-08,573.75,602.0,570.9,579.2,1419361.0,32.48
2025-09-09,579.05,584.25,574.1,581.2,230858.0,43.63
2025-09-10,584.0,605.95,581.35,584.85,1183736.0,49.56
2025-09-11,588.9,594.85,581.7,583.15,265714.0,46.47
2025-09-12,585.15,587.5,575.1,576.35,217789.0,61.41
2025-09-15,580.85,586.0,575.8,577.55,412860.0,54.16
2025-09-16,581.5,584.4,573.5,575.15,244476.0,59.28
2025-09-17,579.45,582.8,574.75,576.6,323558.0,64.13
2025-09-18,577.95,585.0,572.25,577.05,388113.0,48.99
2025-09-19,579.7,579.7,564.0,566.8,897969.0,65.61
2025-09-22,569.1,570.4,554.2,555.6,420626.0,65.17
2025-09-23,560.0,565.0,549.2,563.8,405554.0,40.21
2025-09-24,565.0,566.95,555.5,561.75,341705.0,46.35
2025-09-25,561.95,562.5,537.05,539.8,693834.0,48.69
2025-09-26,540.0,543.45,528.35,532.75,436487.0,47.23
2025-09-29,534.8,539.0,513.2,519.85,851002.0,48.27
2025-09-30,527.05,542.9,523.1,539.7,1041604.0,35.58
2025-10-01,544.1,544.95,534.0,539.3,343135.0,48.88
2025-10-03,540.8,561.9,540.55,551.65,693698.0,33.18
2025-10-06,555.0,556.8,546.0,554.75,332682.0,37.77
2025-10-07,554.75,554.75,544.5,549.05,224475.0,39.63
2025-10-08,550.15,553.65,536.05,537.1,237773.0,47.93
2025-10-09,538.0,552.2,536.2,549.9,296840.0,58.76
2025-10-10,549.0,555.0,544.55,552.0,177188.0,41.8
2025-10-13,548.0,563.75,542.65,558.4,1348501.0,72.74
2025-10-14,558.4,563.0,544.6,557.5,324609.0,48.06
2025-10-15,557.5,557.5,548.45,549.95,197936.0,48.08
2025-10-16,552.0,557.55,546.05,552.35,270114.0,40.25
2025-10-17,552.35,553.95,531.65,535.0,411070.0,55.83
2025-10-20,535.05,559.5,532.2,544.25,646472.0,20.8
2025-10-21,550.5,554.9,549.1,551.7,115802.0,56.51
2025-10-22,550.5,554.9,549.1,551.7,115802.0,56.51
2025-10-23,561.0,567.85,552.0,554.2,851166.0,39.71
2025-10-24,554.5,557.7,540.35,542.55,444844.0,53.41
2025-10-27,545.2,547.75,532.05,533.65,438663.0,64.8
2025-10-28,534.7,541.0,532.1,538.9,513212.0,59.67
2025-10-29,540.1,551.5,535.5,545.4,563395.0,53.69
2025-10-30,546.4,550.8,542.25,545.05,185115.0,50.99
2025-10-31,545.05,549.65,538.0,543.0,344812.0,63.06
2025-11-03,541.0,548.95,537.65,542.85,458682.0,73.17
2025-11-04,540.7,544.75,533.0,534.25,224900.0,61.86
2025-11-05,540.7,544.75,533.0,534.25,224900.0,61.86
2025-11-06,532.0,538.3,523.6,534.35,421046.0,60.71
2025-11-07,536.5,536.5,525.0,531.75,273079.0,31.62
2025-11-10,531.75,536.0,526.1,533.9,204044.0,49.97
2025-11-11,534.4,548.95,528.0,543.2,421267.0,42.36
2025-11-12,545.9,546.65,533.15,538.45,231001.0,45.45
2025-11-13,533.0,588.4,522.0,556.1,10680084.0,17.5
2025-11-14,552.55,555.45,543.1,552.7,510829.0,38.62
2025-11-17,550.7,559.4,544.85,556.5,423578.0,49.03
2025-11-18,554.0,554.35,541.1,544.6,311115.0,52.68
2025-11-19,541.9,544.75,535.2,539.0,374352.0,47.86
2025-11-20,539.0,556.0,537.55,540.9,398899.0,35.58
2025-11-21,541.9,545.2,531.2,535.0,283379.0,50.15
2025-11-24,538.7,538.7,516.55,521.15,351400.0,59.76
2025-11-25,517.35,535.65,515.7,531.75,559816.0,49.45
2025-11-26,523.15,544.7,523.15,542.1,260521.0,42.44
2025-11-27,544.0,556.4,540.0,544.25,527700.0,43.38
2025-11-28,543.95,554.9,539.35,550.0,250877.0,44.86
2025-12-01,552.9,553.65,531.25,536.5,391580.0,44.66
2025-12-02,536.0,536.0,520.2,522.45,399762.0,56.42
2025-12-03,522.3,535.5,521.0,534.35,330250.0,40.84
2025-12-04,532.65,536.0,529.3,531.4,130363.0,43.68
2025-12-05,531.0,533.7,525.1,531.35,232556.0,50.13
2025-12-08,532.85,533.3,522.5,524.8,248921.0,53.25
2025-12-09,524.0,534.4,514.5,525.45,239587.0,44.96
2025-12-10,522.1,531.2,517.55,523.0,236119.0,37.44
2025-12-11,523.0,526.8,516.05,519.4,160956.0,48.13
2025-12-12,517.0,524.7,513.0,516.15,329422.0,50.65
2025-12-15,516.95,524.25,512.0,520.55,232131.0,40.94
2025-12-16,518.1,519.15,513.35,514.95,154160.0,56.24
2025-12-17,516.0,520.0,493.35,497.0,397389.0,55.88
2025-12-18,495.0,495.9,476.2,478.35,709702.0,46.38
2025-12-19,480.0,485.45,475.4,477.95,330564.0,48.64
2025-12-22,483.5,511.0,481.1,508.55,1081876.0,22.31
2025-12-23,509.0,528.5,507.2,524.15,728957.0,28.79
2025-12-24,522.45,522.9,515.05,516.75,173449.0,42.39
2025-12-25,522.45,522.9,515.05,516.75,173449.0,42.39
2025-12-26,516.7,523.0,508.55,511.6,256445.0,36.11
2025-12-29,512.1,520.95,509.1,512.9,211026.0,41.12
2025-12-30,511.0,525.0,503.25,507.55,2304385.0,87.58
2025-12-31,513.1,528.8,513.05,523.15,513889.0,43.81
2026-01-01,525.6,526.85,514.0,516.45,140326.0,43.25
2026-01-02,517.25,542.6,516.85,531.4,850441.0,33.5
2026-01-05,531.5,537.0,522.65,528.4,226823.0,57.84
2026-01-06,528.1,528.3,520.15,523.5,286535.0,60.55
2026-01-07,522.5,523.05,513.95,516.6,170991.0,44.18
2026-01-08,515.1,523.25,504.35,508.4,280689.0,46.89
2026-01-09,505.8,512.5,496.7,501.9,267128.0,43.04
2026-01-12,500.0,508.9,484.55,504.35,385478.0,39.65
2026-01-13,506.05,510.0,491.6,496.75,233521.0,45.84
2026-01-14,495.6,512.25,493.5,504.45,343916.0,37.65
2026-01-15,495.6,512.25,493.5,504.45,343916.0,37.65
2026-01-16,503.2,507.6,494.0,496.3,218903.0,59.45
2026-01-19,491.15,504.9,490.05,494.8,232065.0,49.51
2026-01-20,494.8,494.85,482.0,485.35,356597.0,49.91
2026-01-21,485.0,496.5,474.3,493.95,564231.0,49.11
2026-01-22,497.75,517.9,495.0,513.0,398460.0,42.63
2026-01-23,513.0,521.65,506.0,510.5,389553.0,55.03
2026-01-26,513.0,521.65,506.0,510.5,389553.0,55.03
2026-01-27,506.35,516.7,491.1,497.85,312984.0,51.72
2026-01-28,510.1,515.0,494.0,512.6,425291.0,34.49
2026-01-29,513.9,513.95,498.05,507.85,231459.0,45.74
2026-01-30,502.15,519.9,499.9,511.1,437367.0,61.65
2026-02-02,509.25,522.75,486.7,510.55,277382.0,35.43
2026-02-03,560.0,575.0,542.0,562.5,1806262.0,46.42
2026-02-04,562.5,568.8,555.0,560.9,501156.0,48.34
2026-02-05,558.65,566.55,549.95,562.55,308312.0,43.86
2026-02-06,560.55,564.45,550.35,555.85,165983.0,37.88
2026-02-09,562.6,577.95,562.6,572.65,334173.0,46.97
2026-02-10,570.0,583.5,565.0,567.8,328803.0,52.14
2026-02-11,567.0,577.0,560.6,575.7,248803.0,50.4
2026-02-12,575.8,580.0,563.65,578.4,395460.0,55.86
2026-02-13,571.0,578.7,562.05,571.3,413846.0,56.05
2026-02-16,562.4,565.95,558.05,561.25,206700.0,52.15
2026-02-17,561.35,570.0,558.05,567.7,482879.0,72.96
2026-02-18,565.1,568.0,550.05,551.65,306491.0,56.11
2026-02-19,551.0,583.9,547.75,569.05,1465209.0,25.42
2026-02-20,560.1,566.9,549.0,549.95,328198.0,55.15
2026-02-23,554.0,565.0,548.95,553.2,279763.0,44.64
2026-02-24,553.95,558.0,536.0,543.95,176629.0,51.28
2026-02-25,545.3,549.85,536.15,542.6,126289.0,56.82
2026-02-26,542.6,548.5,541.8,545.75,81524.0,52.25
2026-02-27,542.3,555.0,542.0,551.8,252716.0,64.83
2026-03-02,535.0,560.0,522.55,556.05,356731.0,54.41
2026-03-03,535.0,560.0,522.55,556.05,356731.0,54.41
2026-03-04,547.5,552.1,540.55,545.55,190617.0,55.04
2026-03-05,553.75,559.0,548.0,554.4,223353.0,46.96
2026-03-06,551.6,569.9,551.5,565.2,290460.0,58.77
2026-03-09,558.0,559.0,541.1,553.0,226986.0,52.52
2026-03-10,555.0,563.4,552.55,560.9,246634.0,63.42
2026-03-11,560.9,566.15,551.1,554.9,238605.0,54.89
2026-03-12,555.0,564.0,548.0,560.1,509314.0,70.25
2026-03-13,560.1,565.65,534.35,559.25,536631.0,57.02
2026-03-16,559.0,562.3,539.35,554.15,322329.0,53.22
2026-03-17,554.15,559.0,540.25,541.75,217623.0,65.65
2026-03-18,541.95,548.25,529.0,533.75,363801.0,59.04
2026-03-19,529.8,531.1,510.0,517.45,225556.0,48.22
2026-03-20,525.0,525.0,495.95,499.6,360093.0,58.05
2026-03-23,497.55,497.55,460.15,462.7,514309.0,52.16
2026-03-24,475.0,491.25,468.75,481.3,564820.0,43.26
2026-03-25,489.0,517.0,486.2,505.25,773407.0,43.73
2026-03-26,489.0,517.0,486.2,505.25,773407.0,43.73
2026-03-27,500.0,502.3,480.0,487.95,514540.0,58.26
2026-03-30,482.1,488.1,461.35,466.6,747448.0,60.14
2026-03-31,482.1,488.1,461.35,466.6,747448.0,60.14
2026-04-01,485.0,507.25,485.0,501.95,368764.0,36.94
2026-04-02,488.0,509.05,478.25,503.0,241122.0,42.92
2026-04-03,488.0,509.05,478.25,503.0,241122.0,42.92
2026-04-06,496.8,509.95,489.45,507.45,201397.0,34.75
2026-04-07,499.85,510.0,495.55,506.65,160148.0,38.57
2026-04-08,526.85,537.0,517.75,534.5,340123.0,52.17
2026-04-09,534.1,539.15,519.35,531.25,316280.0,56.7
2026-04-10,531.75,547.8,531.75,544.05,243602.0,59.81
2026-04-13,530.55,539.95,523.5,532.8,223841.0,51.01
2026-04-14,530.55,539.95,523.5,532.8,223841.0,51.01
2026-04-15,539.7,547.8,533.0,536.5,357193.0,59.17
2026-04-16,540.05,548.65,524.75,534.25,379962.0,41.1
2026-04-17,534.25,545.0,531.55,535.15,489828.0,66.3
2026-04-20,535.15,536.55,522.6,529.95,290982.0,50.11
2026-04-21,532.7,570.0,529.2,554.15,3289520.0,53.25
2026-04-22,559.5,561.6,550.8,556.95,641325.0,46.36
2026-04-23,554.05,564.6,545.5,551.6,349593.0,43.98
2026-04-24,555.0,558.95,542.0,546.5,376703.0,58.62
2026-04-27,549.05,568.3,547.55,563.2,1757707.0,65.44
2026-04-28,565.0,617.75,565.0,602.3,4577553.0,37.34
2026-04-29,603.0,616.05,592.0,598.85,1358297.0,45.72
2026-04-30,594.0,603.0,586.0,598.3,824502.0,46.63
2026-05-01,594.0,603.0,586.0,598.3,824502.0,46.63
2026-05-04,607.5,614.5,582.75,608.05,1888273.0,34.96
2026-05-05,613.5,632.0,599.0,618.95,2435259.0,42.11
2026-05-06,625.0,628.5,607.8,622.95,945141.0,49.89
2026-05-07,624.9,629.85,620.15,622.0,774713.0,51.55
2026-05-08,623.5,625.0,605.2,610.25,643253.0,60.15
2026-05-11,608.0,629.9,603.1,621.8,1301892.0,50.97
2026-05-12,621.0,621.0,577.5,582.0,804505.0,50.82
2026-05-13,586.0,593.2,580.05,581.9,299705.0,49.44
2026-05-14,584.95,591.0,570.3,581.2,330274.0,45.09
2026-05-15,580.0,583.2,570.1,573.95,263545.0,48.14
2026-05-18,566.05,569.3,551.95,564.8,286238.0,39.4
2026-05-19,558.1,574.9,558.1,568.45,191396.0,50.53
2026-05-20,562.35,563.65,555.0,557.9,252053.0,47.56
2026-05-21,556.0,571.4,556.0,566.2,201297.0,55.21
2026-05-22,566.95,570.0,547.95,555.05,1084512.0,79.82
2026-05-25,556.8,575.8,556.8,571.95,216919.0,50.43
2026-05-26,572.0,584.5,565.5,569.35,314336.0,53.09
2026-05-27,569.1,575.15,561.0,566.1,230577.0,48.44
2026-05-28,569.1,575.15,561.0,566.1,230577.0,48.44
2026-05-29,569.6,584.1,559.6,566.4,698970.0,49.98
2026-06-01,572.5,584.4,567.05,574.75,455787.0,51.85
2026-06-02,568.0,577.85,561.25,569.0,325875.0,51.1
2026-06-03,569.0,569.0,548.8,554.9,321893.0,47.35
2026-06-04,554.9,572.4,553.85,562.65,228480.0,46.09
2026-06-05,562.9,565.25,550.6,554.6,144761.0,53.36
2026-06-08,544.05,551.9,530.1,534.6,191430.0,52.86
2026-06-09,540.0,546.0,532.75,541.8,216690.0,57.49
2026-06-10,544.25,571.5,543.95,556.1,665168.0,37.36
2026-06-11,555.0,569.05,552.85,561.95,391120.0,46.59
2026-06-12,567.1,595.0,567.1,592.2,776746.0,57.97
2026-06-15,606.0,607.0,586.4,589.0,486403.0,57.73
2026-06-16,589.6,593.0,574.0,583.5,476605.0,73.81
2026-06-17,587.5,591.45,578.8,584.0,180560.0,52.33
2026-06-18,586.0,594.3,581.75,589.2,188272.0,50.34
2026-06-19,594.4,595.25,584.45,588.7,210369.0,57.45
2026-06-22,589.15,596.45,587.9,590.55,373704.0,74.82
2026-06-23,590.55,590.55,572.0,574.55,207318.0,62.92
2026-06-24,574.55,577.2,566.45,570.45,368829.0,71.68
2026-06-25,570.45,577.5,562.1,563.7,326029.0,80.95
2026-06-26,570.45,577.5,562.1,563.7,326029.0,80.95
2026-06-29,563.0,570.0,556.7,558.65,101327.0,55.98
2026-06-30,560.4,571.0,557.5,564.9,116252.0,52.27
2026-07-01,566.0,579.15,559.55,562.9,261176.0,46.94
2026-07-02,562.4,580.65,562.4,574.95,261564.0,47.28
2026-07-03,577.0,587.5,573.35,577.35,174049.0,50.13
2026-07-06,580.0,582.0,571.5,574.45,170366.0,53.34
2026-07-07,574.45,580.2,565.0,566.5,164521.0,62.4
2026-07-08,563.5,587.5,560.0,565.0,687987.0,55.37
2026-07-09,564.3,570.5,558.85,560.7,417757.0,66.57
2026-07-10,563.9,571.5,563.8,565.3,514987.0,77.28
2026-07-13,565.0,571.5,562.55,565.5,604904.0,73.01
2026-07-14,562.0,563.0,550.05,553.85,251775.0,59.29
2026-07-15,560.0,575.0,555.3,563.5,2738250.0,65.82
2026-07-16,570.05,594.9,562.0,589.7,12521884.0,55.62
2026-07-17,591.0,591.0,566.0,568.25,2114437.0,53.03
2026-07-20,566.9,568.6,553.25,562.15,937352.0,50.84
2026-07-21,564.0,581.3,562.0,576.3,2247939.0,56.47
2026-07-22,577.0,580.0,570.8,575.7,1008905.0,59.81
2026-07-23,575.8,589.9,571.5,584.0,1492400.0,53.98
2026-07-24,583.0,588.9,569.6,580.7,3245747.0,43.86
2026-07-27,595.0,635.55,595.0,625.45,12147443.0,23.14
2026-07-28,626.0,641.0,620.25,630.65,3100372.0,33.78
2026-07-29,631.6,645.0,626.15,642.25,1688630.0,48.11
2026-07-30,642.25,642.25,623.3,626.4,885269.0,52.72
2026-07-31,630.0,654.65,624.2,651.15,2438978.0,46.51
2026-08-03,659.7,684.7,642.35,681.15,3196714.0,46.5
2026-08-04,684.55,708.8,676.15,688.7,2926912.0,36.39
2026-08-05,698.8,710.0,691.3,706.45,1800207.0,51.83
2026-08-06,710.0,718.6,695.0,700.5,1444907.0,44.72
2026-08-07,693.0,729.0,688.35,726.55,1750097.0,44.95
2026-08-10,730.0,763.5,728.45,736.2,3366616.0,44.63
2026-08-11,738.8,761.8,737.6,751.35,1655288.0,47.72
2026-08-12,755.8,760.0,739.9,743.3,978319.0,49.39
2026-08-13,747.8,748.25,729.35,733.3,555589.0,54.37
2026-08-14,730.0,741.8,728.35,732.6,404732.0,47.71
2026-08-19,761.0,772.8,745.0,749.2,1126629.0,41.0
2026-08-20,750.0,751.35,738.5,745.4,492946.0,48.83
2026-08-21,745.6,748.7,734.1,737.05,507360.0,53.61
2026-08-24,737.05,747.3,725.05,728.5,607562.0,51.44
2026-08-25,726.0,736.15,716.9,721.1,718485.0,61.87
2026-08-26,723.5,741.4,715.85,732.0,838774.0,50.11
2026-08-27,731.9,741.3,713.35,716.65,576114.0,55.46
2026-08-28,720.95,753.0,720.15,751.25,1361521.0,45.71
2026-08-31,764.15,767.25,732.95,743.6,1105931.0,48.11
2026-09-01,747.8,759.0,737.5,753.6,1216792.0,39.88
