,Open,High,Low,Close,Volume,DeliveryPct
2016-08-22,250.35,252.5,238.0,243.95,12650.0,
2016-08-23,242.05,248.5,240.65,243.75,7102.0,
2016-08-24,241.0,250.0,241.0,244.15,4226.0,
2016-08-25,241.35,247.0,232.55,236.3,9321.0,
2016-08-26,240.0,240.0,232.0,232.45,10204.0,
2016-08-29,232.45,237.7,232.45,233.4,7729.0,
2016-08-30,235.5,247.85,235.5,241.75,21143.0,
2016-08-31,241.75,245.8,235.5,236.1,11374.0,
2016-09-01,234.2,247.7,232.6,239.85,44265.0,
2016-09-02,237.55,246.9,237.0,240.6,17468.0,
2016-09-06,241.1,263.0,241.1,252.15,49731.0,
2016-09-07,252.0,255.85,241.5,246.0,12198.0,
2016-09-08,245.05,252.4,243.0,243.7,5706.0,
2016-09-09,247.0,247.5,238.0,240.3,6111.0,
2016-09-12,236.0,241.15,232.2,235.05,5176.0,
2016-09-14,232.0,242.0,232.0,234.05,10526.0,
2016-09-15,230.55,244.9,230.55,233.3,19931.0,
2016-09-16,233.3,242.45,233.3,238.5,10542.0,
2016-09-19,237.0,241.0,234.0,234.3,6683.0,
2016-09-20,232.5,240.0,232.5,237.2,4747.0,
2016-09-21,240.0,241.0,233.25,234.25,6294.0,
2016-09-22,236.35,237.85,232.25,234.8,9468.0,
2016-09-23,236.7,245.0,235.0,238.2,13667.0,
2016-09-26,241.0,241.0,235.05,236.15,3565.0,
2016-09-27,234.65,238.4,232.0,232.85,7212.0,
2016-09-28,232.0,238.8,232.0,233.9,9167.0,
2016-09-29,234.45,236.9,213.95,216.35,13932.0,
2016-09-30,215.5,228.4,215.0,224.0,9040.0,
2016-10-03,226.9,229.9,221.7,226.35,13188.0,
2016-10-04,224.55,228.8,222.0,223.25,10040.0,
2016-10-05,224.0,234.75,224.0,228.4,13973.0,
2016-10-06,228.25,239.4,227.5,234.45,19281.0,
2016-10-07,237.8,237.8,225.0,226.55,25262.0,
2016-10-10,233.15,244.9,228.2,234.15,31463.0,
2016-10-13,233.0,244.05,232.55,233.9,21798.0,
2016-10-14,235.0,243.3,233.0,237.55,12363.0,
2016-10-17,237.55,239.45,232.4,233.45,6754.0,
2016-10-18,237.4,245.0,229.95,241.5,27447.0,
2016-10-19,241.2,246.5,236.2,240.15,5584.0,
2016-10-20,240.0,242.0,235.0,240.0,3891.0,
2016-10-21,240.75,240.75,233.2,234.4,7207.0,
2016-10-24,233.1,245.0,233.05,242.7,47869.0,
2016-10-25,245.0,245.55,239.35,241.8,16103.0,
2016-10-26,244.45,290.15,241.8,290.15,727864.0,
2016-10-27,304.0,304.0,268.65,272.1,347609.0,
2016-10-28,273.7,296.0,270.5,277.05,275397.0,
2016-11-01,283.75,293.7,273.0,282.8,52963.0,
2016-11-02,278.8,280.0,268.3,270.3,25086.0,
2016-11-03,274.55,277.9,255.0,260.8,26425.0,
2016-11-04,263.35,263.35,245.0,246.85,23207.0,
2016-11-07,248.9,263.9,248.9,254.15,12960.0,
2016-11-08,253.95,259.0,247.0,251.5,9336.0,
2016-11-09,212.0,239.85,210.1,236.25,24817.0,
2016-11-10,230.0,242.0,223.05,229.0,45756.0,
2016-11-11,225.0,230.0,218.0,220.55,11066.0,
2016-11-15,224.0,224.55,202.2,206.6,14122.0,
2016-11-16,212.55,217.0,204.15,207.0,6517.0,
2016-11-17,210.0,210.0,195.5,197.6,7431.0,
2016-11-18,203.95,203.95,195.6,200.3,20844.0,
2016-11-21,202.05,202.05,189.05,190.25,8424.0,
2016-11-22,196.05,213.0,181.2,189.05,69311.0,
2016-11-23,192.05,203.5,186.6,196.75,38642.0,
2016-11-24,197.55,202.8,194.0,197.05,26554.0,
2016-11-25,196.15,206.4,196.15,200.35,15482.0,
2016-11-28,201.5,201.5,194.0,196.0,21838.0,
2016-11-29,195.3,207.95,195.3,201.5,31349.0,
2016-11-30,202.4,241.8,201.9,241.8,331824.0,
2016-12-01,249.0,251.6,228.5,231.25,165187.0,
2016-12-02,229.85,242.0,221.25,229.9,121558.0,
2016-12-05,233.4,244.0,230.0,234.1,65442.0,
2016-12-06,237.95,240.0,230.0,230.45,18643.0,
2016-12-07,231.35,234.55,226.1,227.7,10446.0,
2016-12-08,232.95,234.0,224.2,226.15,9228.0,
2016-12-09,226.0,233.15,224.0,226.75,21429.0,
2016-12-12,225.2,228.8,218.25,220.85,11236.0,
2016-12-13,221.05,260.0,220.0,245.85,366011.0,
2016-12-14,244.0,244.0,228.5,230.4,87749.0,
2016-12-15,228.45,238.5,223.05,226.15,43236.0,
2016-12-16,229.8,236.5,225.5,226.95,27839.0,
2016-12-19,228.4,232.5,225.5,229.75,43566.0,
2016-12-20,232.0,243.85,222.4,223.6,185912.0,
2016-12-21,226.9,228.9,222.0,223.0,21983.0,
2016-12-22,223.95,225.3,216.0,217.4,21073.0,
2016-12-23,218.15,221.0,211.65,213.5,41327.0,
2016-12-26,211.05,214.2,201.3,203.25,21443.0,
2016-12-27,204.0,219.0,202.1,209.65,27065.0,
2016-12-28,210.45,216.95,210.45,212.65,12466.0,
2016-12-29,210.95,216.0,206.2,212.5,16791.0,
2016-12-30,214.95,219.0,213.8,215.1,14589.0,
2017-01-02,216.0,219.0,213.1,217.75,13421.0,
2017-01-03,220.5,228.6,217.35,224.8,19702.0,
2017-01-04,227.95,236.85,222.6,232.9,37559.0,
2017-01-05,232.0,236.8,229.65,232.25,26332.0,
2017-01-06,234.65,234.65,226.2,228.45,32883.0,
2017-01-09,228.0,230.2,222.5,223.35,14438.0,
2017-01-10,223.0,229.0,223.0,225.95,14395.0,
2017-01-11,227.55,232.0,225.5,228.8,12319.0,
2017-01-12,230.1,232.4,224.85,225.75,7882.0,
2017-01-13,229.5,241.6,223.05,236.9,52596.0,
2017-01-16,234.45,242.0,232.2,234.75,30222.0,
2017-01-17,234.95,236.8,229.9,231.1,15676.0,
2017-01-18,231.85,234.9,230.2,231.05,8746.0,
2017-01-19,234.5,252.0,231.25,238.2,139042.0,
2017-01-20,237.95,249.9,234.2,237.45,103709.0,
2017-01-23,237.0,243.0,235.1,238.25,18740.0,
2017-01-24,239.05,249.0,237.0,239.45,41220.0,
2017-01-25,240.8,242.5,236.0,236.65,15299.0,
2017-01-27,235.0,235.0,226.2,227.9,36383.0,
2017-01-30,231.0,232.9,228.0,229.15,10659.0,
2017-01-31,228.0,231.0,220.5,222.05,16888.0,
2017-02-01,222.75,225.85,217.25,221.75,15016.0,
2017-02-02,223.2,225.5,217.5,221.4,13946.0,
2017-02-03,224.75,229.0,220.0,222.8,15603.0,
2017-02-06,226.5,228.9,220.1,222.2,10956.0,
2017-02-07,226.5,226.5,218.75,219.75,12397.0,
2017-02-08,224.5,227.5,218.0,221.5,18464.0,
2017-02-09,223.95,230.0,222.05,225.05,18092.0,
2017-02-10,222.2,227.75,221.65,222.35,9226.0,
2017-02-13,224.95,224.95,218.0,219.45,16685.0,
2017-02-14,219.0,220.05,215.5,216.4,11077.0,
2017-02-15,217.9,219.9,211.2,213.75,10998.0,
2017-02-16,216.55,217.3,210.1,211.25,12806.0,
2017-02-17,215.45,215.5,199.7,205.15,53016.0,
2017-02-20,208.0,213.9,205.15,209.35,16359.0,
2017-02-21,209.6,215.55,209.6,212.4,10770.0,
2017-02-22,211.9,216.0,205.0,211.95,20148.0,
2017-02-23,210.4,217.75,210.4,212.55,15240.0,
2017-02-27,210.5,216.0,209.0,209.95,9362.0,
2017-02-28,210.0,212.9,206.0,207.7,20838.0,
2017-03-01,206.2,222.4,206.2,210.6,70893.0,
2017-03-02,212.0,213.95,205.6,206.3,32080.0,
2017-03-03,204.05,211.0,204.05,209.35,10637.0,
2017-03-06,212.0,213.4,208.05,210.4,19964.0,
2017-03-07,211.0,213.75,204.1,206.5,24312.0,
2017-03-08,208.0,209.8,204.0,206.5,20556.0,
2017-03-09,210.0,210.0,204.5,205.8,30044.0,
2017-03-10,207.9,219.9,205.15,206.95,89825.0,
2017-03-14,210.0,214.75,204.0,206.15,67667.0,
2017-03-15,207.5,208.7,204.0,205.85,66784.0,
2017-03-16,206.3,214.1,206.2,212.15,34154.0,
2017-03-17,213.2,214.0,207.0,209.0,16893.0,
2017-03-20,210.0,217.7,208.95,212.4,36722.0,
2017-03-21,212.0,213.15,208.4,210.45,19182.0,
2017-03-22,209.0,209.0,206.1,206.5,35430.0,
2017-03-23,206.6,213.6,206.6,209.25,21788.0,
2017-03-24,209.0,213.55,208.5,209.85,22575.0,
2017-03-27,211.05,213.0,208.5,209.1,18456.0,
2017-03-28,209.0,228.95,209.0,220.4,153025.0,
2017-03-29,222.05,251.8,216.6,242.7,2047670.0,
2017-03-30,243.8,247.7,230.1,233.75,176166.0,
2017-03-31,234.0,244.3,231.2,233.65,59612.0,
2017-04-03,235.0,244.5,234.55,236.95,118683.0,
2017-04-05,237.4,243.0,234.3,239.5,50803.0,
2017-04-06,239.65,239.7,235.1,237.5,19663.0,
2017-04-07,238.95,247.6,238.95,241.55,96313.0,
2017-04-10,241.0,244.85,235.7,237.4,24230.0,
2017-04-11,239.95,267.95,236.05,256.9,444360.0,
2017-04-12,263.0,272.0,252.5,254.15,226375.0,
2017-04-13,255.4,263.45,252.0,253.05,70596.0,
2017-04-17,250.25,255.85,244.05,246.25,30474.0,
2017-04-18,246.15,261.9,244.1,246.35,135977.0,
2017-04-19,247.0,251.0,242.9,245.05,44235.0,
2017-04-20,246.1,253.0,243.55,244.6,35692.0,
2017-04-21,246.15,248.0,240.65,241.7,42947.0,
2017-04-24,243.6,248.85,238.0,243.4,40810.0,
2017-04-25,244.6,251.6,244.6,249.0,53160.0,
2017-04-26,248.55,250.05,239.6,241.75,27070.0,
2017-04-27,241.05,243.9,237.0,239.35,17629.0,
2017-04-28,247.0,248.95,236.0,239.15,37149.0,
2017-05-02,241.55,245.0,236.2,240.6,33227.0,
2017-05-03,242.4,278.0,240.6,261.85,834435.0,
2017-05-04,263.0,264.35,252.1,254.25,88003.0,
2017-05-05,255.35,255.35,241.35,244.6,43797.0,
2017-05-08,246.0,253.5,244.55,246.0,39712.0,
2017-05-09,247.5,259.0,244.2,251.85,84706.0,
2017-05-10,254.15,257.85,248.6,251.3,34385.0,
2017-05-11,251.0,256.65,248.1,248.9,20128.0,
2017-05-12,248.9,259.0,247.65,249.5,27877.0,
2017-05-15,252.95,254.45,246.05,248.3,28906.0,
2017-05-16,249.15,253.0,245.25,246.75,18211.0,
2017-05-17,246.05,251.6,245.15,246.7,16595.0,
2017-05-18,244.0,247.9,240.35,241.65,25308.0,
2017-05-19,243.05,245.95,234.25,236.3,21386.0,
2017-05-22,235.6,245.6,235.25,238.3,25090.0,
2017-05-23,237.1,241.9,230.55,234.9,22631.0,
2017-05-24,232.0,244.5,222.3,225.55,21955.0,
2017-05-25,227.0,236.0,224.05,229.05,13105.0,
2017-05-26,231.1,243.0,231.1,238.0,24264.0,
2017-05-29,235.9,239.65,230.0,230.55,14773.0,
2017-05-30,231.0,237.85,229.55,231.35,12859.0,
2017-05-31,231.1,239.0,231.0,232.1,14854.0,
2017-06-01,230.25,233.9,227.1,230.0,9445.0,
2017-06-02,231.55,237.85,231.0,231.65,11726.0,
2017-06-05,235.0,235.0,230.0,230.7,6778.0,
2017-06-06,228.15,234.9,223.5,226.1,13200.0,
2017-06-07,228.4,229.0,214.6,221.85,34172.0,
2017-06-08,224.4,226.0,219.0,220.05,19445.0,
2017-06-09,220.2,229.85,219.0,228.45,34255.0,
2017-06-12,227.9,234.95,222.55,228.6,26612.0,
2017-06-13,231.0,263.9,228.0,253.05,538286.0,
2017-06-14,251.6,269.9,247.85,260.75,416881.0,
2017-06-15,262.4,283.4,256.25,275.85,500730.0,
2017-06-16,276.4,285.95,260.55,262.55,198785.0,
2017-06-19,263.0,277.8,263.0,275.25,192387.0,
2017-06-20,274.9,277.55,267.05,271.6,85821.0,
2017-06-21,272.7,276.65,270.1,273.5,88850.0,
2017-06-22,273.45,277.5,261.0,262.65,52560.0,
2017-06-23,262.35,264.5,252.1,253.25,64456.0,
2017-06-27,255.0,270.6,250.2,265.95,133159.0,
2017-06-28,267.0,293.9,267.0,283.1,889713.0,
2017-06-29,283.0,291.8,278.7,285.85,373273.0,
2017-06-30,284.6,292.9,281.0,282.55,107153.0,
2017-07-03,283.65,296.0,278.15,281.05,246420.0,
2017-07-04,282.5,286.8,269.2,272.2,88715.0,
2017-07-05,272.15,281.9,271.0,272.8,87204.0,
2017-07-06,274.35,278.5,264.6,267.85,110633.0,
2017-07-07,263.2,315.0,263.2,300.0,1226281.0,
2017-07-10,316.05,331.0,300.0,321.95,238498.0,
2017-07-11,323.0,339.3,310.3,318.85,543862.0,
2017-07-12,322.0,336.0,319.0,332.25,237639.0,
2017-07-13,333.9,347.7,328.0,335.45,410873.0,
2017-07-14,337.6,348.0,320.55,327.4,254049.0,
2017-07-17,329.9,331.05,318.4,321.9,60505.0,
2017-07-18,321.15,329.65,315.95,321.25,91276.0,
2017-07-19,322.9,345.9,322.9,338.35,368485.0,
2017-07-20,336.0,368.7,336.0,360.75,929418.0,
2017-07-21,364.35,374.0,353.9,366.85,314324.0,
2017-07-24,369.9,424.0,364.55,414.6,1608686.0,
2017-07-25,416.85,434.8,412.05,416.4,898556.0,
2017-07-26,418.0,420.3,400.5,404.95,262653.0,
2017-07-27,406.5,410.0,392.5,396.0,148560.0,
2017-07-28,389.0,423.9,382.0,410.6,571229.0,
2017-07-31,412.8,418.0,400.0,402.15,167033.0,
2017-08-01,405.65,411.75,396.05,402.95,132554.0,
2017-08-02,405.7,418.95,401.55,411.7,267796.0,
2017-08-03,411.5,414.75,400.1,406.9,157313.0,
2017-08-04,408.6,426.35,400.0,409.95,468449.0,
2017-08-07,413.0,418.0,403.0,411.4,140447.0,
2017-08-08,414.0,418.0,366.1,379.1,174966.0,
2017-08-09,378.8,389.5,357.6,365.9,172300.0,
2017-08-10,365.0,383.0,353.0,358.85,238438.0,
2017-08-11,355.0,378.4,342.05,371.25,122391.0,
2017-08-14,374.85,382.85,372.0,375.6,97088.0,
2017-08-16,376.2,384.0,371.0,374.4,132174.0,
2017-08-17,376.9,408.05,375.25,403.55,333515.0,
2017-08-18,399.85,406.0,391.45,394.25,74766.0,
2017-08-21,397.8,408.85,393.5,394.75,101272.0,
2017-08-22,399.7,402.5,380.3,390.3,78297.0,
2017-08-23,392.45,400.8,392.0,396.55,43155.0,
2017-08-24,397.9,399.4,390.5,395.55,42298.0,
2017-08-28,397.0,431.85,388.05,426.3,461845.0,
2017-08-29,425.9,438.8,415.0,416.5,408238.0,
2017-08-30,420.25,434.05,420.25,425.45,186834.0,
2017-08-31,428.3,452.7,422.0,443.8,476828.0,
2017-09-01,447.3,458.65,436.55,448.3,368456.0,
2017-09-04,449.0,476.6,441.95,470.3,624821.0,
2017-09-05,474.55,496.0,473.0,491.9,366006.0,
2017-09-06,486.65,509.0,483.05,501.0,397758.0,
2017-09-07,505.5,519.6,504.0,512.6,324961.0,
2017-09-08,516.7,521.8,491.1,501.5,175378.0,
2017-09-11,506.4,511.65,493.0,495.25,153428.0,
2017-09-12,497.55,499.6,479.95,483.55,118978.0,
2017-09-13,487.6,487.6,471.25,473.4,84748.0,
2017-09-14,474.65,509.9,474.0,500.55,346482.0,
2017-09-15,494.9,496.0,476.05,484.05,191543.0,
2017-09-18,486.5,494.95,475.0,478.1,153405.0,
2017-09-19,482.2,485.0,447.2,465.45,216250.0,
2017-09-20,468.95,480.0,461.2,468.55,130907.0,
2017-09-21,470.0,473.85,450.0,456.4,121269.0,
2017-09-22,452.05,455.0,422.0,426.95,172080.0,
2017-09-25,429.9,435.85,403.25,427.7,129918.0,
2017-09-26,430.0,440.0,415.5,431.3,92542.0,
2017-09-27,433.0,448.85,416.15,422.05,103044.0,
2017-09-28,422.05,443.0,421.0,423.1,149996.0,
2017-09-29,427.0,432.35,416.2,418.35,83617.0,
2017-10-03,424.6,427.9,415.0,419.85,45189.0,
2017-10-04,420.05,499.0,416.0,490.35,828479.0,
2017-10-05,497.4,504.9,472.55,479.2,292247.0,
2017-10-06,481.5,515.0,481.5,500.0,365656.0,
2017-10-09,500.0,504.5,485.2,493.9,136451.0,
2017-10-10,493.35,568.7,493.05,557.1,1322236.0,
2017-10-11,560.0,583.8,532.25,540.05,629853.0,
2017-10-12,543.0,581.8,537.1,567.15,655181.0,
2017-10-13,570.85,578.0,558.15,568.2,209108.0,
2017-10-16,570.1,576.0,553.05,562.15,137501.0,
2017-10-17,563.85,615.9,563.25,598.7,847721.0,
2017-10-18,597.5,603.5,581.4,584.75,168969.0,
2017-10-19,587.75,588.8,568.2,575.35,55851.0,
2017-10-23,578.85,617.9,575.6,601.6,420356.0,
2017-10-24,610.0,633.0,600.0,608.35,525215.0,
2017-10-25,640.0,645.0,593.1,612.4,655510.0,
2017-10-26,611.25,654.8,601.0,646.25,762340.0,
2017-10-27,652.5,672.0,646.25,656.25,449336.0,
2017-10-30,659.0,709.85,652.25,679.4,630636.0,
2017-10-31,682.9,694.7,662.5,676.35,228690.0,
2017-11-01,679.8,688.4,667.5,677.6,129567.0,
2017-11-02,681.3,721.0,672.0,712.55,365599.0,
2017-11-03,721.1,740.2,652.25,687.25,901179.0,
2017-11-06,687.0,735.8,670.1,704.55,338679.0,
2017-11-07,696.1,713.25,671.0,674.45,162818.0,
2017-11-08,670.0,687.7,627.0,634.9,330715.0,
2017-11-09,643.65,759.0,643.65,742.1,1587278.0,
2017-11-10,744.0,855.0,743.5,838.35,1867447.0,
2017-11-13,847.85,894.0,847.85,868.75,938348.0,
2017-11-14,871.4,875.0,820.1,839.4,294135.0,
2017-11-15,842.55,842.8,785.1,791.45,249875.0,
2017-11-16,798.6,934.0,794.0,916.45,1439690.0,
2017-11-17,946.25,960.0,862.0,878.7,946312.0,
2017-11-20,875.0,921.7,838.0,902.85,598607.0,
2017-11-21,911.0,917.0,880.1,884.85,225460.0,
2017-11-22,891.95,907.0,869.1,886.25,263010.0,
2017-11-23,892.3,905.0,862.1,870.3,263291.0,
2017-11-24,870.0,879.6,848.0,853.85,161724.0,
2017-11-27,857.9,894.7,857.85,880.7,331712.0,
2017-11-28,891.9,924.8,889.0,894.0,437177.0,
2017-11-29,898.0,916.15,875.0,883.8,162886.0,
2017-11-30,882.0,882.0,851.0,860.6,168848.0,
2017-12-01,868.0,913.6,864.95,873.3,246818.0,
2017-12-04,881.2,888.7,846.1,851.7,163659.0,
2017-12-05,857.0,861.7,832.05,843.8,165443.0,
2017-12-06,850.6,855.0,755.3,785.45,253168.0,
2017-12-07,797.5,824.0,788.3,815.4,251620.0,
2017-12-08,825.4,839.8,790.6,828.7,173576.0,
2017-12-11,835.1,838.0,812.25,825.25,139951.0,
2017-12-12,832.0,832.05,805.1,810.1,111841.0,
2017-12-13,813.0,814.5,783.0,786.0,122134.0,
2017-12-14,783.0,809.9,783.0,800.35,412900.0,
2017-12-15,810.9,823.8,793.0,796.1,193475.0,
2017-12-18,799.0,815.05,775.95,784.45,279819.0,
2017-12-19,793.3,810.0,793.3,802.35,132095.0,
2017-12-20,808.0,819.9,798.0,809.85,114032.0,
2017-12-21,810.0,889.0,802.55,880.65,675451.0,
2017-12-22,896.0,918.0,882.0,889.25,570901.0,
2017-12-26,889.0,893.7,870.1,874.9,157919.0,
2017-12-27,874.0,884.2,853.0,860.5,121936.0,
2017-12-28,864.0,867.0,842.0,848.7,138326.0,
2017-12-29,854.55,854.55,825.25,829.75,90472.0,
2018-01-01,835.0,839.05,811.1,814.65,78887.0,
2018-01-02,820.5,820.5,786.0,792.8,146784.0,
2018-01-03,805.1,876.0,795.45,853.4,385768.0,
2018-01-04,860.0,874.8,831.0,840.25,200421.0,
2018-01-05,840.6,848.75,826.0,832.7,100030.0,
2018-01-08,832.05,841.85,807.8,816.55,147080.0,
2018-01-09,823.0,870.0,812.3,853.7,279136.0,
2018-01-10,857.9,866.0,820.05,829.25,147259.0,
2018-01-11,837.0,851.25,820.0,828.9,119703.0,
2018-01-12,853.0,854.9,828.9,840.0,117518.0,
2018-01-15,854.9,854.9,810.05,827.95,83691.0,
2018-01-16,833.9,852.25,810.2,814.0,171566.0,
2018-01-17,815.0,828.7,802.1,809.8,110478.0,
2018-01-18,817.8,828.0,777.0,788.05,140452.0,
2018-01-19,791.0,799.7,760.1,786.35,132376.0,
2018-01-22,786.35,816.7,786.35,802.6,158344.0,
2018-01-23,813.8,846.5,808.0,829.85,367854.0,
2018-01-24,834.0,837.0,755.0,766.6,808586.0,
2018-01-25,770.0,783.0,752.0,758.2,187603.0,
2018-01-29,765.0,771.9,723.95,732.75,140329.0,
2018-01-30,726.0,726.0,675.05,690.75,189285.0,
2018-01-31,705.0,732.0,705.0,717.0,270958.0,
2018-02-01,718.0,720.0,676.05,684.8,163613.0,
2018-02-02,675.0,699.0,645.0,678.25,392934.0,
2018-02-05,672.0,688.75,662.15,681.9,107489.0,
2018-02-06,660.0,700.0,642.05,684.55,144957.0,
2018-02-07,697.9,706.75,672.05,678.2,118595.0,
2018-02-08,679.0,739.0,679.0,733.7,247886.0,
2018-02-09,718.0,775.45,700.0,762.95,269992.0,
2018-02-12,762.95,778.65,757.1,763.5,113843.0,
2018-02-14,764.0,779.85,758.2,761.8,76724.0,
2018-02-15,762.1,771.5,733.4,740.65,55738.0,
2018-02-16,742.0,750.75,715.0,718.4,74029.0,
2018-02-19,721.0,724.65,669.0,674.7,111363.0,
2018-02-20,674.9,682.0,666.65,676.75,73355.0,
2018-02-21,684.5,684.95,660.2,670.35,69694.0,
2018-02-22,670.0,685.0,664.75,675.3,77571.0,
2018-02-23,682.8,709.7,678.0,695.75,156407.0,
2018-02-26,692.0,719.7,692.0,702.2,98659.0,
2018-02-27,708.4,713.0,695.05,707.1,83496.0,
2018-02-28,700.0,709.0,690.1,704.7,43320.0,
2018-03-01,705.0,714.0,700.55,705.85,49749.0,
2018-03-05,703.0,703.4,680.3,693.1,38684.0,
2018-03-06,699.35,703.1,675.0,678.3,40391.0,
2018-03-07,679.0,679.0,661.0,666.45,43159.0,
2018-03-08,673.95,680.0,653.3,673.75,40250.0,
2018-03-09,673.75,677.35,654.0,660.6,57326.0,
2018-03-12,666.0,673.4,655.1,666.1,53939.0,
2018-03-13,663.1,694.0,663.05,690.0,97898.0,
2018-03-14,687.4,696.25,676.15,685.35,48984.0,
2018-03-15,685.7,709.0,679.45,698.3,75280.0,
2018-03-16,694.0,714.8,685.35,692.6,109849.0,
2018-03-19,695.6,695.6,665.0,677.25,41550.0,
2018-03-20,675.9,675.9,650.0,657.2,75966.0,
2018-03-21,664.95,684.5,660.45,669.3,52458.0,
2018-03-22,667.95,688.0,667.95,671.75,75669.0,
2018-03-23,663.0,668.0,651.1,660.1,63585.0,
2018-03-26,671.0,682.65,651.25,662.1,86094.0,
2018-03-27,668.0,680.0,659.45,669.1,39598.0,
2018-03-28,665.9,668.35,645.0,655.65,35815.0,
2018-04-02,661.8,694.0,661.8,688.0,73658.0,
2018-04-03,678.4,727.0,666.05,718.25,206072.0,
2018-04-04,723.9,743.9,707.45,719.2,145375.0,
2018-04-05,729.95,754.7,726.7,748.3,122351.0,
2018-04-06,745.1,745.1,727.2,735.05,77047.0,
2018-04-09,735.05,758.0,734.45,743.35,65373.0,
2018-04-10,749.8,750.5,733.05,738.4,43103.0,
2018-04-11,744.0,744.0,720.0,725.95,56514.0,
2018-04-12,728.3,752.9,720.0,737.75,80706.0,
2018-04-13,743.95,771.0,736.2,760.35,240073.0,
2018-04-16,761.35,789.0,747.65,764.95,204011.0,
2018-04-17,770.9,770.9,745.1,747.75,72434.0,
2018-04-18,752.7,754.3,726.05,733.15,38838.0,
2018-04-19,739.8,748.7,720.85,742.2,77509.0,
2018-04-20,737.8,759.7,725.0,737.9,94395.0,
2018-04-23,738.0,747.95,729.75,737.15,28546.0,
2018-04-24,733.0,769.9,733.0,757.5,161217.0,
2018-04-25,757.0,758.2,725.0,733.05,52042.0,
2018-04-26,727.0,747.0,727.0,742.9,51758.0,
2018-04-27,745.0,748.85,728.1,732.35,19987.0,
2018-04-30,738.7,739.05,722.0,724.2,23434.0,
2018-05-02,727.0,749.0,710.0,718.4,46575.0,
2018-05-03,724.65,731.8,705.1,713.45,27383.0,
2018-05-04,713.35,727.8,703.0,720.3,73881.0,
2018-05-07,718.0,748.4,718.0,741.65,100368.0,
2018-05-08,748.9,760.0,733.3,738.85,49967.0,
2018-05-09,745.3,769.95,734.15,759.65,157953.0,
2018-05-10,761.0,813.3,758.95,783.3,489750.0,
2018-05-11,791.0,810.0,776.0,796.75,200953.0,
2018-05-14,830.0,872.0,803.1,844.25,774622.0,
2018-05-15,841.0,870.0,801.2,851.5,516596.0,
2018-05-16,825.3,848.8,811.5,822.8,180462.0,
2018-05-17,829.9,853.0,827.95,845.4,207901.0,
2018-05-18,842.2,863.0,835.5,840.65,156410.0,
2018-05-21,838.0,842.0,777.7,792.45,113673.0,
2018-05-22,798.7,804.0,775.0,796.2,150061.0,
2018-05-23,795.0,810.0,790.1,794.5,92246.0,
2018-05-24,800.0,805.0,770.0,776.95,66364.0,
2018-05-25,771.05,807.0,771.05,798.85,123094.0,
2018-05-28,798.85,814.0,798.0,804.5,74018.0,
2018-05-29,803.9,824.0,795.95,814.55,77925.0,
2018-05-30,810.0,838.0,805.1,824.7,86172.0,
2018-05-31,828.0,830.0,804.0,809.25,35374.0,
2018-06-01,809.0,809.0,783.0,789.2,40677.0,
2018-06-04,793.0,795.9,751.0,758.65,85128.0,
2018-06-05,762.2,762.2,711.45,734.05,79032.0,
2018-06-06,751.0,764.0,722.3,758.15,84482.0,
2018-06-07,764.0,780.75,763.5,768.1,44536.0,
2018-06-08,764.9,772.0,752.05,766.85,52136.0,
2018-06-11,762.35,771.75,719.6,734.75,81444.0,
2018-06-12,732.0,747.0,726.5,732.0,45199.0,
2018-06-13,731.9,742.55,724.0,730.45,37398.0,
2018-06-14,729.9,739.0,719.0,735.75,35566.0,
2018-06-15,732.9,735.15,722.1,725.8,24417.0,
2018-06-18,724.8,735.0,715.05,726.65,23229.0,
2018-06-19,725.05,736.25,715.05,720.05,19473.0,
2018-06-20,715.8,729.7,715.55,720.95,13192.0,
2018-06-21,726.9,726.9,698.0,703.45,24904.0,
2018-06-22,704.9,713.85,687.5,706.1,39939.0,
2018-06-25,705.45,712.0,696.15,702.75,27909.0,
2018-06-26,703.0,708.6,687.0,694.15,23105.0,
2018-06-27,694.25,695.05,665.5,679.3,36294.0,
2018-06-28,681.95,681.95,658.95,663.5,22199.0,
2018-06-29,665.0,682.0,660.2,677.0,21885.0,
2018-07-02,680.1,681.0,658.55,664.4,13525.0,
2018-07-03,664.35,667.2,650.0,665.25,33928.0,
2018-07-04,663.55,665.25,647.3,652.95,18720.0,
2018-07-05,653.5,745.0,653.5,722.95,755579.0,
2018-07-06,715.0,721.7,696.25,705.5,121896.0,
2018-07-09,712.55,753.95,709.0,716.7,223496.0,
2018-07-10,722.0,732.0,713.75,719.3,77663.0,
2018-07-11,717.5,724.0,692.85,698.85,31397.0,
2018-07-12,703.0,737.6,700.2,721.7,107405.0,
2018-07-13,722.0,723.5,692.2,703.35,48275.0,
2018-07-16,703.0,703.0,671.0,675.15,48905.0,
2018-07-17,669.9,705.0,667.0,689.65,108502.0,
2018-07-18,692.0,700.85,673.3,683.45,97258.0,
2018-07-19,689.85,689.85,667.8,675.7,37645.0,
2018-07-20,672.05,684.8,668.55,678.0,27808.0,
2018-07-23,683.7,718.0,660.3,679.6,391594.0,
2018-07-24,680.0,692.95,654.0,666.95,100280.0,
2018-07-25,671.55,677.2,650.1,654.35,57471.0,
2018-07-26,654.0,668.7,650.0,654.5,54313.0,
2018-07-27,655.0,662.9,640.55,647.75,36245.0,
2018-07-30,653.75,658.45,643.75,647.05,20306.0,
2018-07-31,647.1,652.05,615.0,628.1,88476.0,
2018-08-01,633.7,649.8,628.0,640.95,42785.0,
2018-08-02,640.95,644.5,625.0,628.4,23829.0,
2018-08-03,629.05,680.0,629.0,669.6,115928.0,
2018-08-06,675.9,688.0,642.9,650.6,69552.0,
2018-08-07,649.8,660.0,635.0,636.85,37853.0,
2018-08-08,639.7,643.0,621.15,625.0,41470.0,
2018-08-09,624.8,639.4,622.6,626.9,39370.0,
2018-08-10,626.9,640.0,623.1,628.25,35949.0,
2018-08-13,629.0,638.0,624.1,631.75,33863.0,
2018-08-14,631.75,646.95,631.75,636.65,32315.0,
2018-08-16,636.65,658.6,631.45,638.05,38295.0,
2018-08-17,640.0,646.05,632.25,634.15,23382.0,
2018-08-20,638.9,641.1,627.2,631.65,19015.0,
2018-08-21,632.7,643.0,624.1,635.7,19630.0,
2018-08-23,640.0,640.0,626.95,630.95,24863.0,
2018-08-24,626.05,634.7,617.0,619.45,28361.0,
2018-08-27,617.0,627.75,612.85,615.8,23173.0,
2018-08-28,617.3,630.95,611.05,617.8,35112.0,
2018-08-29,621.15,626.0,614.0,617.5,17216.0,
2018-08-30,620.0,622.0,601.7,606.55,34844.0,
2018-08-31,607.0,612.05,597.05,600.9,30176.0,
2018-09-03,600.9,608.8,600.7,603.0,18876.0,
2018-09-04,603.05,607.55,581.15,592.6,43070.0,
2018-09-05,599.8,599.8,570.5,580.15,26831.0,
2018-09-06,580.25,586.9,573.6,580.85,20083.0,
2018-09-07,585.0,613.3,575.1,609.2,86422.0,
2018-09-10,618.5,646.9,611.1,625.8,117069.0,
2018-09-11,631.35,636.0,607.65,612.35,36925.0,
2018-09-12,615.95,615.95,593.0,596.95,43886.0,
2018-09-14,608.75,622.45,604.0,611.55,31179.0,
2018-09-17,605.0,622.0,596.35,618.75,69332.0,
2018-09-18,615.3,634.9,613.0,620.8,42305.0,
2018-09-19,625.45,627.95,615.8,621.4,41254.0,
2018-09-21,620.5,627.0,570.0,586.05,37336.0,
2018-09-24,586.0,590.75,532.5,544.8,25980.0,
2018-09-25,544.4,547.35,501.2,519.45,68942.0,
2018-09-26,529.75,536.1,517.3,523.5,25757.0,
2018-09-27,528.0,544.4,521.25,540.95,47235.0,
2018-09-28,550.0,550.0,505.05,518.7,43945.0,
2018-10-01,522.85,522.85,488.0,508.3,55032.0,
2018-10-03,512.0,530.1,500.0,517.15,39516.0,
2018-10-04,514.8,517.0,503.0,509.25,10674.0,
2018-10-05,515.0,515.0,500.0,505.25,11026.0,
2018-10-08,502.05,506.5,470.0,479.5,27125.0,
2018-10-09,485.0,514.8,463.25,497.35,57180.0,
2018-10-10,502.5,533.6,496.45,522.45,55364.0,
2018-10-11,510.0,519.0,490.25,508.9,23633.0,
2018-10-12,514.0,544.0,512.05,530.45,51850.0,
2018-10-15,533.6,539.0,514.95,529.2,48513.0,
2018-10-16,532.6,569.85,528.5,552.05,72335.0,
2018-10-17,563.95,581.0,541.0,547.9,22795.0,
2018-10-19,546.9,547.0,510.0,515.05,30380.0,
2018-10-22,516.05,528.4,490.0,492.85,42183.0,
2018-10-23,489.95,497.0,477.0,482.55,36558.0,
2018-10-24,489.55,504.85,471.0,487.55,40609.0,
2018-10-25,481.9,491.5,474.1,481.3,17804.0,
2018-10-26,484.3,485.9,470.0,473.35,33380.0,
2018-10-29,488.9,493.75,470.0,488.9,25540.0,
2018-10-30,492.9,500.0,478.0,482.5,24107.0,
2018-10-31,486.3,544.8,477.0,525.25,126873.0,
2018-11-01,528.1,572.5,525.1,562.9,110740.0,
2018-11-02,571.0,594.0,568.15,580.0,46438.0,
2018-11-05,619.9,634.8,585.0,600.7,179096.0,
2018-11-06,602.0,620.0,599.85,606.85,94314.0,
2018-11-07,611.9,626.0,587.6,623.35,28027.0,
2018-11-09,623.0,628.35,611.05,616.9,24702.0,
2018-11-12,612.3,619.85,592.0,594.3,29175.0,
2018-11-13,592.0,605.0,583.1,603.8,41827.0,
2018-11-14,608.9,624.4,582.4,602.15,254225.0,
2018-11-15,598.05,605.8,587.55,594.55,33087.0,
2018-11-16,597.8,601.85,577.95,582.05,51031.0,
2018-11-19,583.85,591.95,573.95,577.55,34541.0,
2018-11-20,576.8,582.95,566.4,571.05,29447.0,
2018-11-21,568.0,591.0,561.15,579.15,45214.0,
2018-11-22,581.0,587.0,575.55,578.85,21887.0,
2018-11-26,583.95,583.95,565.05,569.05,15933.0,
2018-11-27,572.0,572.0,555.55,560.15,19481.0,
2018-11-28,561.5,570.0,552.0,556.65,19679.0,
2018-11-29,560.45,585.0,555.9,570.25,39064.0,
2018-11-30,570.25,578.85,566.1,571.65,25295.0,
2018-12-03,572.0,577.45,548.0,559.85,32399.0,
2018-12-04,560.0,574.0,552.4,568.55,16758.0,
2018-12-05,566.9,566.9,555.5,559.1,10790.0,
2018-12-06,560.0,560.05,538.1,541.5,18872.0,
2018-12-07,544.2,557.5,541.0,550.35,24676.0,
2018-12-10,540.0,546.95,528.55,531.9,15072.0,
2018-12-11,527.0,545.9,520.7,540.35,15564.0,
2018-12-12,542.0,567.9,542.0,557.7,27700.0,
2018-12-13,562.0,570.05,557.25,566.1,34353.0,
2018-12-14,568.45,580.95,563.25,575.4,33573.0,
2018-12-17,580.95,599.0,577.95,596.9,46766.0,
2018-12-18,598.95,606.6,597.0,600.65,34810.0,
2018-12-19,604.85,611.4,597.0,602.05,19082.0,
2018-12-20,601.95,608.95,591.6,603.9,11781.0,
2018-12-21,608.65,608.9,593.1,601.5,16231.0,
2018-12-24,607.5,608.95,596.5,597.95,8762.0,
2018-12-26,595.0,599.95,579.0,586.95,8831.0,
2018-12-27,586.0,606.6,585.25,601.85,20899.0,
2018-12-28,603.0,605.45,596.0,599.7,11755.0,
2018-12-31,606.0,606.0,597.55,600.35,7440.0,
2019-01-01,610.0,612.0,598.0,601.4,9061.0,
2019-01-02,594.0,599.95,593.75,596.2,6246.0,
2019-01-03,597.0,600.45,595.0,596.25,5463.0,
2019-01-04,605.9,605.95,586.95,600.5,10401.0,
2019-01-07,601.0,616.8,596.15,598.75,15416.0,
2019-01-08,598.75,603.95,594.65,600.25,4552.0,
2019-01-09,607.7,612.9,595.75,600.0,9308.0,
2019-01-10,598.8,611.0,589.0,601.9,19132.0,
2019-01-11,600.05,610.5,595.5,606.65,12745.0,
2019-01-14,595.1,622.0,595.1,600.4,21927.0,
2019-01-15,609.0,627.65,604.9,618.0,68041.0,
2019-01-16,619.15,629.9,612.0,618.6,27821.0,
2019-01-17,615.5,620.55,605.25,608.6,10965.0,
2019-01-18,604.85,617.0,602.05,615.2,11567.0,
2019-01-21,602.0,628.2,602.0,620.45,21856.0,
2019-01-22,621.0,630.0,611.2,624.9,20979.0,
2019-01-23,623.0,635.0,613.55,617.5,22022.0,
2019-01-24,621.95,624.7,600.05,613.05,25917.0,
2019-01-25,613.05,621.0,600.0,606.0,24722.0,
2019-01-28,610.5,615.0,580.15,590.15,59373.0,
2019-01-29,599.8,603.0,583.95,594.45,14343.0,
2019-01-30,590.0,599.95,588.95,595.5,8519.0,
2019-01-31,598.4,607.0,595.0,602.2,16488.0,
2019-02-01,596.6,602.0,592.55,595.45,12088.0,
2019-02-04,590.1,607.0,585.0,599.2,15692.0,
2019-02-05,592.2,602.0,592.2,597.5,7515.0,
2019-02-06,592.55,602.0,575.0,582.3,10927.0,
2019-02-07,588.15,596.0,584.55,591.95,15693.0,
2019-02-08,583.05,595.9,569.0,573.25,12265.0,
2019-02-11,571.0,571.15,541.85,553.4,23164.0,
2019-02-12,557.1,563.35,545.0,548.9,8711.0,
2019-02-13,555.9,555.9,525.4,535.15,12880.0,
2019-02-14,535.15,540.0,521.75,536.95,15468.0,
2019-02-15,545.5,545.5,528.0,533.2,9608.0,
2019-02-18,533.2,545.0,527.0,532.15,5158.0,
2019-02-19,533.2,536.0,525.05,529.45,8458.0,
2019-02-20,526.55,536.0,526.55,531.15,4566.0,
2019-02-21,528.05,558.85,528.05,547.75,10331.0,
2019-02-22,541.0,565.0,541.0,560.05,11754.0,
2019-02-25,555.0,577.45,550.0,552.3,6108.0,
2019-02-26,550.95,551.0,533.05,542.25,11316.0,
2019-02-27,551.0,565.0,543.95,558.15,22718.0,
2019-02-28,568.7,568.7,546.05,548.55,10165.0,
2019-03-01,548.55,573.9,548.55,565.75,10461.0,
2019-03-05,569.4,616.0,567.5,609.65,38397.0,
2019-03-06,610.0,632.5,606.05,619.5,49460.0,
2019-03-07,624.95,640.0,613.0,619.15,25908.0,
2019-03-08,620.05,637.3,616.85,621.35,24956.0,
2019-03-11,620.0,630.0,616.5,617.6,19858.0,
2019-03-12,619.1,635.0,619.1,624.7,24085.0,
2019-03-13,627.0,629.0,614.0,618.55,8688.0,
2019-03-14,621.65,623.0,600.8,602.95,11536.0,
2019-03-15,600.25,608.7,585.15,592.15,10901.0,
2019-03-18,593.0,616.6,593.0,607.3,57383.0,
2019-03-19,613.2,621.0,609.0,615.2,8372.0,
2019-03-20,621.0,621.0,590.2,593.4,11989.0,
2019-03-22,593.0,599.5,573.0,576.2,17899.0,
2019-03-25,563.05,569.0,546.75,551.55,29203.0,
2019-03-26,556.9,564.0,547.0,558.9,74225.0,
2019-03-27,569.95,570.0,555.5,566.55,14557.0,
2019-03-28,575.0,580.0,568.0,577.85,9076.0,
2019-03-29,589.0,592.95,574.4,589.8,22820.0,
2019-04-01,599.85,606.0,575.0,589.6,31321.0,
2019-04-02,594.7,600.55,589.5,596.9,8912.0,
2019-04-03,593.0,602.7,588.95,590.2,10393.0,
2019-04-04,582.0,603.0,582.0,592.7,9829.0,
2019-04-05,590.05,596.0,589.1,590.8,5453.0,
2019-04-08,592.0,609.4,590.8,605.95,22829.0,
2019-04-09,600.25,606.85,586.0,588.6,19281.0,
2019-04-10,586.0,600.95,586.0,589.15,41455.0,
2019-04-11,589.0,593.0,583.0,587.25,8649.0,
2019-04-12,586.4,599.0,584.2,588.95,13660.0,
2019-04-15,594.7,594.7,584.0,585.8,8819.0,
2019-04-16,591.7,598.05,580.0,583.85,49469.0,
2019-04-18,583.0,585.5,569.0,576.7,10974.0,
2019-04-22,570.7,579.2,566.35,570.35,11039.0,
2019-04-23,574.15,575.95,566.3,572.55,3236.0,
2019-04-24,580.0,587.3,570.3,575.2,14210.0,
2019-04-25,575.9,580.0,562.55,568.45,18595.0,
2019-04-26,568.3,571.75,551.4,561.05,14274.0,
2019-04-30,566.0,570.0,561.95,568.7,9897.0,
2019-05-02,565.0,570.0,550.0,550.45,12534.0,
2019-05-03,551.1,558.25,542.0,543.1,11179.0,
2019-05-06,543.0,544.0,525.55,529.55,20185.0,
2019-05-07,536.9,540.0,526.0,536.55,4950.0,
2019-05-08,537.0,544.5,517.55,522.85,75033.0,
2019-05-09,522.85,545.85,520.7,542.1,74493.0,
2019-05-10,546.0,548.3,535.35,539.15,11172.0,
2019-05-13,542.0,546.6,521.05,526.1,8130.0,
2019-05-14,525.05,533.0,514.85,529.0,9115.0,
2019-05-15,522.1,546.0,522.1,540.8,10344.0,
2019-05-16,540.8,544.0,522.6,532.95,11792.0,
2019-05-17,532.35,538.15,506.65,519.15,12791.0,
2019-05-20,529.0,562.9,522.65,557.55,37919.0,
2019-05-21,557.0,557.0,540.0,541.4,7230.0,
2019-05-22,541.4,558.4,540.0,542.6,12769.0,
2019-05-23,548.1,563.45,526.0,534.35,18546.0,
2019-05-24,535.05,550.0,522.75,547.3,32472.0,
2019-05-27,547.3,568.0,547.0,550.45,12273.0,
2019-05-28,554.0,560.9,553.25,557.3,8774.0,
2019-05-29,560.0,560.35,549.8,553.8,6072.0,
2019-05-30,550.0,556.0,548.5,549.75,8247.0,
2019-05-31,555.55,556.45,546.0,549.45,7513.0,
2019-06-03,556.7,556.7,541.05,545.85,14968.0,
2019-06-04,555.0,561.0,549.05,553.45,18655.0,
2019-06-06,552.85,554.0,547.5,550.05,6382.0,
2019-06-07,550.75,551.0,531.05,541.6,16535.0,
2019-06-10,553.5,554.35,529.95,532.1,8039.0,
2019-06-11,538.6,550.85,532.85,545.75,8841.0,
2019-06-12,548.85,551.25,536.1,540.95,5267.0,
2019-06-13,549.0,549.0,531.1,535.35,4588.0,
2019-06-14,535.35,543.0,535.05,536.4,4711.0,
2019-06-17,535.05,548.9,531.0,540.55,19246.0,
2019-06-18,531.3,545.0,531.3,539.85,10207.0,
2019-06-19,535.0,551.0,525.5,531.6,13288.0,
2019-06-20,530.0,540.0,526.1,530.9,17495.0,
2019-06-21,526.0,538.5,526.0,535.0,4159.0,
2019-06-24,525.0,545.0,525.0,543.4,12716.0,
2019-06-25,537.05,554.0,537.05,547.5,5597.0,
2019-06-26,538.5,565.0,538.5,544.85,11908.0,
2019-06-27,541.3,564.9,541.3,552.4,8007.0,
2019-06-28,553.0,564.7,551.45,562.05,7478.0,
2019-07-01,564.75,564.8,552.0,556.8,2903.0,
2019-07-02,558.0,558.0,547.65,548.3,6945.0,
2019-07-03,543.0,553.6,543.0,549.2,5816.0,
2019-07-04,549.2,560.95,549.2,551.4,7926.0,
2019-07-05,541.1,556.4,525.0,531.15,7885.0,
2019-07-08,531.0,544.15,525.0,526.9,6724.0,
2019-07-09,523.0,552.95,523.0,535.95,13305.0,
2019-07-10,528.0,540.7,527.15,529.45,7028.0,
2019-07-11,533.0,545.0,529.05,540.9,8411.0,
2019-07-12,541.0,550.3,527.05,528.65,13087.0,
2019-07-15,526.05,536.8,524.1,527.4,6181.0,
2019-07-16,523.0,533.35,523.0,529.9,15417.0,
2019-07-17,527.0,534.75,527.0,531.6,30204.0,
2019-07-18,523.0,538.85,523.0,534.5,9247.0,
2019-07-19,535.0,544.3,525.75,530.8,8661.0,
2019-07-22,540.0,545.05,522.15,533.8,15450.0,
2019-07-23,527.0,535.0,525.0,532.65,7466.0,
2019-07-24,525.0,533.95,525.0,529.85,7994.0,
2019-07-25,529.85,534.65,525.05,529.35,9221.0,
2019-07-26,525.0,535.0,525.0,531.35,5358.0,
2019-07-29,523.05,536.85,523.05,534.8,6633.0,
2019-07-30,532.05,534.0,529.15,530.4,12835.0,
2019-07-31,525.05,534.0,525.0,530.75,25522.0,
2019-08-01,525.0,530.25,501.25,509.0,18708.0,
2019-08-02,508.0,508.85,490.0,499.75,9086.0,
2019-08-05,499.7,501.0,491.0,500.25,9721.0,
2019-08-06,495.0,524.9,491.55,497.65,11909.0,
2019-08-07,502.0,514.1,496.25,498.9,11316.0,
2019-08-08,505.0,505.0,490.0,493.3,4268.0,
2019-08-09,490.6,503.0,484.3,499.6,3891.0,
2019-08-13,500.0,511.0,497.0,504.05,16376.0,
2019-08-14,469.0,469.0,403.25,403.25,316448.0,
2019-08-16,374.0,400.95,347.0,356.55,463352.0,
2019-08-19,355.0,374.0,352.0,353.8,58893.0,
2019-08-20,354.1,364.95,314.0,359.45,224789.0,
2019-08-21,355.0,360.15,329.95,334.6,18691.0,
2019-08-22,330.15,349.0,315.0,334.85,30352.0,
2019-08-23,334.0,336.3,324.1,326.55,7185.0,54.82
2019-09-30,541.3,564.9,541.3,552.4,8007.0,69.76
2019-10-01,354.3,355.0,340.2,343.8,7436.0,81.72
2019-10-02,354.3,355.0,340.2,343.8,7436.0,81.72
2019-10-03,340.0,350.0,335.0,341.55,13409.0,78.87
2019-10-04,338.25,356.8,338.25,342.0,4896.0,53.33
2019-10-07,343.0,354.7,331.3,351.8,5887.0,67.74
2019-10-08,343.0,354.7,331.3,351.8,5887.0,67.74
2019-10-09,340.0,353.0,338.05,351.3,4159.0,74.68
2019-10-10,340.3,352.9,340.3,350.25,13090.0,86.74
2019-10-11,336.15,359.0,336.15,355.15,5229.0,71.49
2019-10-14,350.65,363.15,345.25,356.75,40765.0,86.17
2019-10-15,356.3,363.9,340.0,340.7,74319.0,85.72
2019-10-16,342.0,345.05,330.0,331.1,40960.0,75.15
2019-10-17,333.85,338.0,331.25,334.35,29789.0,75.86
2019-10-18,335.75,351.7,331.0,345.05,15617.0,49.59
2019-10-21,335.75,351.7,331.0,345.05,15617.0,49.59
2019-10-22,346.0,348.3,341.1,343.1,10024.0,65.84
2019-10-23,343.15,363.95,339.05,354.1,43929.0,69.92
2019-10-24,360.0,360.0,345.4,349.1,15056.0,82.51
2019-10-25,348.6,351.95,346.8,349.7,10642.0,87.33
2019-10-28,346.0,352.95,342.0,348.0,2673.0,59.63
2019-10-29,344.4,356.75,344.4,351.15,27805.0,91.17
2019-10-30,344.0,353.6,342.2,349.8,7727.0,67.34
2019-10-31,349.0,354.65,335.55,341.7,29225.0,76.38
2019-11-01,338.0,387.1,338.0,377.35,30958.0,47.38
2019-11-04,382.0,430.95,382.0,413.7,83081.0,30.82
2019-11-05,415.7,420.05,392.4,397.8,14947.0,60.19
2019-11-06,397.6,413.7,397.05,400.25,7404.0,54.25
2019-11-07,391.3,422.0,391.3,407.05,9250.0,67.08
2019-11-08,402.15,420.0,402.1,411.0,12463.0,50.49
2019-11-11,416.55,422.0,395.1,401.8,46824.0,39.4
2019-11-12,416.55,422.0,395.1,401.8,46824.0,39.4
2019-11-13,411.95,417.4,402.5,406.5,11667.0,53.89
2019-11-14,400.35,418.9,397.65,413.55,27046.0,58.55
2019-11-15,410.3,443.5,410.3,426.45,118122.0,41.3
2019-11-18,429.45,434.7,415.85,428.25,15155.0,70.85
2019-11-19,432.0,437.0,412.3,418.5,18301.0,62.66
2019-11-20,415.15,424.55,393.85,412.75,24163.0,64.47
2019-11-21,424.7,424.7,406.5,415.65,21743.0,66.69
2019-11-22,413.0,438.0,413.0,416.95,57511.0,30.02
2019-11-25,420.95,420.95,402.0,416.75,10465.0,56.51
2019-11-26,412.4,420.0,401.25,405.85,12441.0,57.08
2019-11-27,409.65,422.0,406.0,407.7,11827.0,41.13
2019-11-28,407.5,416.0,407.0,409.6,5223.0,54.74
2019-11-29,409.0,419.85,401.55,415.05,21227.0,50.3
2019-12-02,409.6,419.5,406.7,417.0,7260.0,58.64
2019-12-03,412.3,425.9,410.55,423.35,21544.0,60.29
2019-12-04,428.45,429.95,420.0,424.45,16666.0,83.73
2019-12-05,424.3,426.7,420.9,424.55,6779.0,86.84
2019-12-06,420.2,434.0,420.2,425.4,5696.0,73.38
2019-12-09,421.1,425.65,412.55,420.7,22448.0,78.18
2019-12-10,420.7,422.3,418.85,421.25,12723.0,94.25
2019-12-11,435.0,435.0,421.65,423.25,4406.0,51.07
2019-12-12,415.0,425.05,415.0,423.55,6711.0,83.92
2019-12-13,433.95,433.95,419.95,426.1,41383.0,96.44
2019-12-16,416.35,431.8,416.35,423.7,9139.0,83.73
2019-12-17,432.15,432.2,422.0,423.95,3221.0,73.77
2019-12-18,425.05,425.9,422.0,424.45,4554.0,63.35
2019-12-19,412.0,426.0,412.0,422.1,12960.0,89.21
2019-12-20,417.95,426.2,417.95,424.65,3867.0,68.99
2019-12-23,430.0,430.0,419.25,422.55,41342.0,86.83
2019-12-24,423.5,425.85,421.5,424.4,23266.0,89.28
2019-12-25,423.5,425.85,421.5,424.4,23266.0,89.28
2019-12-26,420.25,451.0,420.25,432.9,23517.0,45.78
2019-12-27,432.65,433.0,424.65,426.1,9148.0,83.9
2019-12-30,429.8,431.05,421.95,424.6,15826.0,73.47
2019-12-31,421.55,442.0,419.7,430.95,17917.0,64.8
2020-01-01,433.3,440.0,425.25,430.6,6667.0,57.96
2020-01-02,427.9,436.05,426.0,430.8,5122.0,65.56
2020-01-03,427.6,433.3,423.1,425.3,3912.0,80.8
2020-01-06,423.2,424.95,412.3,416.1,11061.0,79.24
2020-01-07,416.0,423.45,411.25,413.7,5112.0,69.7
2020-01-08,410.0,432.9,410.0,414.25,4297.0,66.02
2020-01-09,419.55,427.0,414.2,422.15,12441.0,73.86
2020-01-10,423.7,431.95,421.85,429.65,2004.0,55.59
2020-01-13,424.0,434.75,422.5,426.5,4800.0,70.75
2020-01-14,425.05,448.9,420.3,426.15,15917.0,39.12
2020-01-15,426.1,437.9,425.05,430.4,3529.0,51.69
2020-01-16,431.25,448.0,427.3,445.55,23110.0,64.11
2020-01-17,450.0,451.0,432.45,434.95,9342.0,57.4
2020-01-20,444.4,447.55,429.55,440.1,9056.0,75.73
2020-01-21,431.0,440.0,431.0,435.85,5444.0,50.37
2020-01-22,435.7,437.95,423.0,426.55,7297.0,70.41
2020-01-23,425.3,430.0,423.1,427.2,6394.0,59.85
2020-01-24,437.95,437.95,420.0,424.3,10758.0,60.35
2020-01-27,412.1,424.9,412.1,421.75,2429.0,53.81
2020-01-28,422.9,429.4,417.9,424.05,3018.0,62.89
2020-01-29,424.6,427.25,420.0,423.6,3401.0,76.01
2020-01-30,418.95,431.95,417.85,419.3,4284.0,60.32
2020-01-31,422.3,423.0,417.0,420.25,5443.0,71.71
2020-02-03,387.0,387.0,363.0,365.75,4544.0,62.76
2020-02-04,365.75,393.0,365.75,388.85,24705.0,72.92
2020-02-05,385.0,385.0,374.95,378.4,7402.0,67.7
2020-02-06,370.0,412.5,359.95,399.0,37158.0,83.66
2020-02-07,403.0,404.0,390.1,396.15,4143.0,67.9
2020-02-10,395.0,414.9,395.0,401.3,7628.0,53.0
2020-02-11,395.05,404.0,395.05,400.5,6447.0,84.92
2020-02-12,395.85,405.0,395.0,402.4,8201.0,87.39
2020-02-13,393.7,412.0,385.05,410.05,16326.0,72.61
2020-02-14,413.95,413.95,400.1,401.35,1736.0,79.03
2020-02-17,401.0,410.0,375.0,404.25,8062.0,61.03
2020-02-18,411.95,411.95,390.2,393.95,2511.0,69.49
2020-02-19,388.1,405.0,384.1,397.65,5770.0,72.24
2020-02-20,395.3,395.3,382.0,383.5,7397.0,59.66
2020-02-21,395.3,395.3,382.0,383.5,7397.0,59.66
2020-02-24,380.0,382.9,372.0,374.05,6348.0,68.19
2020-02-25,374.05,378.45,369.05,372.15,2514.0,80.47
2020-02-26,369.1,377.7,359.95,369.0,5102.0,53.23
2020-02-27,367.0,371.05,349.95,366.6,8298.0,76.01
2020-02-28,360.0,360.0,338.05,343.5,7135.0,71.66
2020-03-02,345.05,353.0,343.55,351.1,3008.0,74.07
2020-03-03,345.0,361.75,342.0,347.0,7823.0,78.64
2020-03-04,343.2,350.5,336.0,346.1,19302.0,87.55
2020-03-05,353.5,353.55,332.95,337.5,6565.0,69.58
2020-03-06,332.8,333.35,315.1,326.8,5115.0,67.43
2020-03-09,318.0,324.4,306.0,308.55,9685.0,72.32
2020-03-10,318.0,324.4,306.0,308.55,9685.0,72.32
2020-03-11,306.95,314.95,301.0,304.4,9857.0,78.65
2020-03-12,298.0,302.8,275.25,281.85,6344.0,73.01
2020-03-13,242.0,338.0,230.0,275.6,45553.0,87.02
2020-03-16,246.55,255.0,232.25,235.5,28534.0,77.92
2020-03-17,237.5,245.95,222.2,226.1,20105.0,67.84
2020-03-18,226.0,240.45,218.0,228.65,12015.0,72.09
2020-03-19,203.1,239.9,203.1,235.7,9771.0,69.3
2020-03-20,228.6,240.05,221.6,234.35,7033.0,69.07
2020-03-23,188.3,240.0,187.5,222.25,8872.0,65.24
2020-03-24,224.0,239.0,209.7,232.75,5979.0,75.33
2020-03-25,246.0,246.0,202.65,208.9,21846.0,76.62
2020-03-26,195.0,221.95,195.0,202.0,13157.0,69.13
2020-03-27,202.0,216.6,197.05,199.8,13413.0,71.29
2020-03-30,187.0,208.0,184.85,190.0,21108.0,75.48
2020-03-31,203.85,203.85,181.85,195.25,17461.0,69.27
2020-04-01,209.9,209.9,185.25,204.8,6775.0,56.35
2020-04-02,209.9,209.9,185.25,204.8,6775.0,56.35
2020-04-03,197.0,220.6,192.0,216.35,3952.0,67.03
2020-04-06,197.0,220.6,192.0,216.35,3952.0,67.03
2020-04-07,225.0,233.3,217.05,227.65,4931.0,67.47
2020-04-08,226.0,273.15,220.55,248.9,10477.0,39.15
2020-04-09,256.0,282.0,250.25,254.45,5143.0,42.15
2020-04-10,256.0,282.0,250.25,254.45,5143.0,42.15
2020-04-13,251.9,259.9,245.0,247.1,2272.0,84.88
2020-04-15,258.9,275.0,245.0,256.1,5020.0,54.7
2020-04-16,254.0,268.0,230.05,237.75,11841.0,66.63
2020-04-17,254.95,265.0,238.0,261.0,10634.0,65.46
2020-04-20,252.0,282.0,252.0,276.45,7307.0,51.62
2020-04-21,276.45,280.0,252.5,262.3,4569.0,52.05
2020-04-22,252.0,279.0,252.0,268.8,4223.0,54.18
2020-04-23,271.3,276.75,262.0,272.6,6363.0,75.07
2020-04-24,268.8,272.6,265.1,269.7,5711.0,57.59
2020-04-27,265.05,276.1,252.55,262.15,5641.0,74.15
2020-04-28,255.8,286.0,255.8,272.8,14295.0,58.73
2020-04-29,271.05,279.15,266.85,271.15,2802.0,72.52
2020-04-30,274.85,275.1,269.95,270.5,5460.0,83.39
2020-05-01,274.85,275.1,269.95,270.5,5460.0,83.39
2020-05-04,254.0,269.95,254.0,259.7,3906.0,67.51
2020-05-05,268.75,268.75,255.3,260.55,2953.0,62.28
2020-05-06,269.0,312.0,256.0,257.6,5335.0,59.4
2020-05-07,255.15,269.9,246.1,255.75,5679.0,66.05
2020-05-08,250.25,265.65,238.0,242.75,6902.0,53.07
2020-05-11,238.5,291.3,238.5,290.75,381414.0,14.85
2020-05-12,278.0,284.8,263.6,268.1,98585.0,36.89
2020-05-13,282.75,283.0,263.4,268.05,20398.0,59.94
2020-05-14,256.2,269.5,256.0,262.8,8676.0,64.21
2020-05-15,269.9,269.9,256.1,264.65,4740.0,53.69
2020-05-18,255.0,268.0,255.0,260.8,11327.0,60.68
2020-05-19,260.75,298.0,260.0,269.45,162266.0,16.21
2020-05-20,269.45,318.0,253.3,310.4,584823.0,10.12
2020-05-21,303.0,303.0,286.05,290.6,90011.0,28.33
2020-05-22,290.65,298.0,280.35,286.0,28109.0,27.96
2020-05-25,290.65,298.0,280.35,286.0,28109.0,27.96
2020-05-26,285.55,292.0,280.0,282.2,7385.0,54.07
2020-05-27,283.25,293.0,275.35,282.7,17764.0,34.88
2020-05-28,283.55,291.0,269.85,274.95,36807.0,50.43
2020-05-29,274.95,275.85,267.2,270.45,19092.0,69.46
2020-06-01,275.0,288.8,273.05,275.6,17199.0,41.45
2020-06-02,279.55,284.8,275.0,278.9,11780.0,50.93
2020-06-03,281.0,334.65,279.0,334.65,201903.0,47.1
2020-06-04,358.05,401.55,353.75,401.55,438481.0,40.24
2020-06-05,440.0,441.7,407.0,441.7,411863.0,59.51
2020-06-08,478.7,478.7,401.3,415.75,288532.0,38.42
2020-06-09,416.0,437.0,405.0,427.65,127112.0,43.85
2020-06-10,428.0,434.9,386.3,426.0,64147.0,57.02
2020-06-11,416.1,429.0,414.1,424.85,58542.0,79.15
2020-06-12,405.0,430.0,400.0,423.9,33003.0,62.13
2020-06-15,434.0,435.0,420.35,425.8,30585.0,62.24
2020-06-16,428.0,434.0,425.1,431.0,54382.0,79.52
2020-06-17,437.5,450.0,427.0,430.65,40277.0,54.84
2020-06-18,439.0,439.0,417.25,426.45,12409.0,52.36
2020-06-19,422.0,429.95,420.0,424.8,8222.0,74.64
2020-06-22,424.8,441.0,417.2,431.7,25888.0,73.74
2020-06-23,438.9,440.3,432.0,438.4,24112.0,79.22
2020-06-24,437.1,440.0,431.7,436.05,12833.0,84.74
2020-06-25,422.0,438.9,417.2,434.65,15616.0,94.76
2020-06-26,425.45,435.05,425.25,434.85,24074.0,92.77
2020-06-29,434.05,436.0,425.0,426.75,6912.0,90.48
2020-06-30,429.0,434.0,425.85,426.8,6908.0,83.16
2020-07-01,426.0,427.5,423.25,426.4,3332.0,83.4
2020-07-02,422.0,436.05,422.0,427.05,7361.0,88.21
2020-07-03,432.0,434.0,425.0,426.3,3367.0,67.78
2020-07-06,418.0,435.0,418.0,434.0,8604.0,74.72
2020-07-07,434.0,434.0,406.3,427.5,8289.0,73.56
2020-07-08,425.0,435.0,425.0,432.75,17110.0,59.01
2020-07-09,435.0,435.0,426.0,430.1,5219.0,75.44
2020-07-10,422.0,434.8,420.0,427.35,4221.0,67.71
2020-07-13,424.0,434.9,424.0,426.9,4578.0,67.21
2020-07-14,429.45,434.3,424.15,433.6,17346.0,75.06
2020-07-15,426.05,458.0,426.05,436.6,38887.0,48.65
2020-07-16,436.6,445.0,428.0,435.85,13406.0,58.92
2020-07-17,428.0,437.35,428.0,431.4,3810.0,70.97
2020-07-20,437.4,474.5,437.35,474.5,120964.0,61.41
2020-07-21,490.0,503.0,465.1,470.1,70297.0,51.13
2020-07-22,475.0,488.0,446.65,452.3,25951.0,61.64
2020-07-23,454.0,475.0,442.65,470.35,25896.0,62.29
2020-07-24,470.0,474.95,450.0,459.7,16463.0,63.14
2020-07-27,460.0,488.8,460.0,477.2,65616.0,63.26
2020-07-28,488.45,499.0,481.55,492.1,127799.0,42.22
2020-07-29,491.0,538.0,491.0,515.5,105337.0,47.89
2020-07-30,521.9,528.4,475.0,491.05,56117.0,55.39
2020-07-31,488.0,527.5,475.0,481.55,170592.0,42.22
2020-08-03,490.0,499.9,465.0,468.05,27367.0,73.48
2020-08-04,475.1,485.0,468.2,473.95,32417.0,69.27
2020-08-05,481.95,481.95,456.7,468.4,21366.0,73.16
2020-08-06,465.05,475.35,465.05,467.7,14963.0,79.69
2020-08-07,476.95,476.95,457.05,459.65,16219.0,78.3
2020-08-10,469.5,505.0,452.05,497.7,84413.0,55.81
2020-08-11,499.0,499.0,468.0,474.65,32003.0,74.94
2020-08-12,475.0,475.05,457.55,470.0,13095.0,74.81
2020-08-13,476.0,480.0,466.0,475.5,13935.0,72.09
2020-08-14,478.1,484.15,466.0,471.2,15756.0,90.65
2020-08-17,471.2,484.0,469.1,474.45,22510.0,85.58
2020-08-18,466.55,486.0,466.55,482.1,35089.0,83.49
2020-08-19,494.0,494.0,478.3,484.15,18496.0,82.75
2020-08-20,486.0,486.0,470.0,472.45,24298.0,81.5
2020-08-21,473.0,481.0,468.05,471.85,39315.0,94.25
2020-08-24,484.9,505.0,472.5,493.8,82546.0,70.73
2020-08-25,500.0,518.45,495.0,510.5,67170.0,77.2
2020-08-26,519.9,533.5,510.0,527.95,83338.0,72.8
2020-08-27,539.0,580.7,515.0,551.7,222027.0,42.15
2020-08-28,553.0,569.95,534.0,538.2,39992.0,63.41
2020-08-31,538.25,548.0,490.75,512.45,53380.0,72.49
2020-09-01,502.3,540.0,489.0,499.3,23572.0,64.83
2020-09-02,519.85,525.0,503.1,517.25,23758.0,63.08
2020-09-03,517.55,525.65,508.3,515.95,12081.0,75.96
2020-09-04,506.05,514.9,500.0,502.25,10824.0,85.3
2020-09-07,497.0,513.95,497.0,505.85,9104.0,75.76
2020-09-08,509.7,540.0,506.95,521.05,28838.0,71.83
2020-09-09,512.0,528.0,512.0,523.2,14193.0,80.72
2020-09-10,530.0,555.0,518.0,525.65,89515.0,37.88
2020-09-11,530.0,537.9,521.95,529.35,12698.0,84.58
2020-09-14,530.15,545.25,524.0,532.15,17979.0,65.79
2020-09-15,532.2,556.95,527.5,552.0,55694.0,86.27
2020-09-16,558.95,602.8,553.1,588.9,93254.0,38.39
2020-09-17,580.8,589.8,571.05,573.85,17042.0,55.09
2020-09-18,580.0,582.35,551.65,558.65,8681.0,55.37
2020-09-21,548.45,569.0,539.05,549.6,28157.0,66.08
2020-09-22,539.05,580.2,524.35,541.8,39223.0,84.38
2020-09-23,549.95,557.15,526.75,545.45,7089.0,60.35
2020-09-24,534.0,542.45,522.05,526.8,11369.0,74.3
2020-09-25,538.05,575.0,530.0,563.55,19436.0,46.96
2020-09-28,574.0,583.05,559.95,567.05,18132.0,58.88
2020-09-29,578.0,578.0,553.45,559.8,3168.0,67.87
2020-09-30,553.2,580.0,547.55,560.1,12036.0,44.81
2020-10-01,550.6,569.0,548.55,552.1,7357.0,65.41
2020-10-02,550.6,569.0,548.55,552.1,7357.0,65.41
2020-10-05,547.0,567.7,547.0,551.85,15186.0,70.96
2020-10-06,563.5,563.5,550.85,555.85,3995.0,85.53
2020-10-07,544.8,561.8,540.05,550.45,34528.0,90.49
2020-10-08,550.4,583.05,550.4,559.7,24558.0,40.96
2020-10-09,561.2,590.0,554.0,575.45,27698.0,54.64
2020-10-12,583.0,587.95,555.5,559.5,18497.0,46.68
2020-10-13,559.0,606.9,556.0,595.2,60324.0,33.55
2020-10-14,595.0,620.0,579.05,586.55,51577.0,39.18
2020-10-15,586.55,588.75,556.0,559.55,14273.0,57.44
2020-10-16,562.35,575.0,549.9,556.6,14734.0,66.04
2020-10-19,555.15,579.0,554.0,566.35,7005.0,46.42
2020-10-20,557.0,569.2,555.0,561.0,7205.0,61.37
2020-10-21,559.8,578.0,555.55,571.75,5807.0,65.49
2020-10-22,566.0,583.95,566.0,580.55,8527.0,80.12
2020-10-23,584.95,598.0,573.35,586.95,12868.0,73.29
2020-10-26,589.85,635.0,589.85,605.6,39774.0,42.87
2020-10-27,608.65,629.0,604.35,624.35,30081.0,70.39
2020-10-28,630.0,645.05,613.1,623.7,35821.0,70.85
2020-10-29,663.5,717.45,639.0,682.55,362752.0,21.94
2020-10-30,687.95,708.0,651.1,661.15,58930.0,39.7
2020-11-02,666.45,690.0,649.4,659.15,54851.0,49.34
2020-11-03,670.4,687.0,651.0,679.25,33226.0,51.84
2020-11-04,685.0,738.05,670.0,678.9,189791.0,19.04
2020-11-05,682.3,715.0,680.25,700.2,51709.0,46.46
2020-11-06,703.7,710.0,672.5,681.25,24255.0,52.27
2020-11-09,684.7,728.0,684.7,713.8,77206.0,44.65
2020-11-10,717.4,722.0,695.0,701.25,64021.0,68.77
2020-11-11,704.8,751.0,700.0,742.1,76981.0,53.05
2020-11-12,730.1,816.0,730.1,789.35,204307.0,32.4
2020-11-13,793.3,799.5,772.55,787.6,34957.0,36.32
2020-11-16,793.45,797.45,773.75,784.4,13906.0,38.95
2020-11-17,781.0,794.0,766.7,779.45,23434.0,52.43
2020-11-18,780.8,780.8,759.65,767.55,16821.0,51.5
2020-11-19,766.0,789.3,754.0,776.65,13908.0,58.58
2020-11-20,780.55,780.55,751.35,765.6,22891.0,57.15
2020-11-23,756.5,815.0,753.15,768.45,67370.0,20.17
2020-11-24,774.0,784.75,763.0,767.7,14472.0,53.85
2020-11-25,761.3,772.05,749.0,751.75,12370.0,49.9
2020-11-26,745.1,785.05,745.0,772.0,11423.0,67.0
2020-11-27,770.0,787.95,758.35,782.0,20090.0,70.95
2020-11-30,770.0,787.95,758.35,782.0,20090.0,70.95
2020-12-01,787.0,787.0,764.95,768.1,13683.0,60.51
2020-12-02,761.1,773.2,756.0,766.95,10118.0,56.81
2020-12-03,762.95,771.9,737.65,748.1,33965.0,66.49
2020-12-04,751.85,765.0,727.25,762.45,45640.0,32.28
2020-12-07,775.0,788.0,762.1,769.05,26980.0,49.41
2020-12-08,775.0,775.0,749.7,764.85,14994.0,65.85
2020-12-09,774.8,779.9,749.3,758.8,20131.0,61.02
2020-12-10,758.8,773.3,742.0,767.3,17433.0,49.02
2020-12-11,771.15,771.15,743.5,747.45,14851.0,66.92
2020-12-14,750.35,755.0,720.0,737.1,39453.0,55.33
2020-12-15,730.3,748.7,724.1,741.3,19929.0,62.53
2020-12-16,745.0,746.3,726.25,731.1,32255.0,86.35
2020-12-17,731.0,743.0,731.0,737.4,13758.0,73.72
2020-12-18,735.4,739.9,711.05,724.0,17818.0,64.68
2020-12-21,711.0,747.0,711.0,724.85,30847.0,57.67
2020-12-22,711.0,722.05,696.4,717.65,18192.0,63.71
2020-12-23,717.65,738.2,694.95,725.15,10303.0,59.35
2020-12-24,728.8,762.0,716.1,740.9,37251.0,40.11
2020-12-25,728.8,762.0,716.1,740.9,37251.0,40.11
2020-12-28,754.0,841.75,740.0,807.3,353630.0,20.13
2020-12-29,815.9,824.0,788.5,813.85,61329.0,44.17
2020-12-30,813.85,835.0,788.8,814.8,49529.0,40.16
2020-12-31,814.8,841.0,795.15,835.45,56120.0,54.41
2021-01-01,820.0,870.0,820.0,831.05,82415.0,28.91
2021-01-04,833.0,844.4,817.15,828.9,19400.0,51.82
2021-01-05,828.85,896.1,808.9,875.35,149073.0,40.87
2021-01-06,895.0,898.5,851.0,856.25,53231.0,49.48
2021-01-07,864.7,876.0,855.15,858.05,27398.0,48.72
2021-01-08,857.1,864.4,840.1,849.05,25605.0,35.68
2021-01-11,853.3,858.05,821.0,828.25,30864.0,42.79
2021-01-12,825.45,848.45,818.0,829.45,29155.0,37.18
2021-01-13,833.6,846.95,825.05,830.3,34433.0,37.5
2021-01-14,835.3,838.9,822.0,827.65,10220.0,52.77
2021-01-15,827.25,836.95,816.15,823.0,22472.0,54.32
2021-01-18,816.1,837.6,801.05,820.55,31737.0,54.15
2021-01-19,825.05,871.05,825.05,858.05,61664.0,58.85
2021-01-20,858.0,904.5,846.7,895.5,103390.0,55.25
2021-01-21,903.9,1013.0,901.0,948.35,709603.0,24.67
2021-01-22,949.05,988.7,920.6,958.7,128952.0,42.27
2021-01-25,960.0,992.9,926.4,956.6,86809.0,40.51
2021-01-26,960.0,992.9,926.4,956.6,86809.0,40.51
2021-01-27,958.0,980.0,928.0,940.25,47359.0,49.49
2021-01-28,939.0,978.0,925.95,960.35,57216.0,44.44
2021-01-29,974.0,977.25,927.0,936.95,46804.0,45.16
2021-02-01,940.8,999.0,925.2,990.85,67940.0,54.45
2021-02-02,996.35,1042.0,996.35,1026.95,98603.0,43.99
2021-02-03,1031.9,1071.95,1012.15,1053.85,56047.0,51.8
2021-02-04,1069.9,1069.95,1013.0,1021.35,31666.0,51.16
2021-02-05,1033.25,1043.25,955.05,979.85,62691.0,57.09
2021-02-08,993.25,1013.55,960.05,966.4,39817.0,56.62
2021-02-09,966.0,976.4,957.15,962.2,23931.0,43.06
2021-02-10,967.05,1016.8,967.05,996.2,61361.0,22.53
2021-02-11,1014.0,1039.0,992.3,1026.25,57319.0,55.72
2021-02-12,1035.0,1037.25,1000.4,1016.8,36611.0,26.07
2021-02-15,1020.5,1098.0,1016.8,1070.45,106426.0,41.96
2021-02-16,1073.0,1090.0,1044.75,1053.3,54351.0,33.6
2021-02-17,1057.0,1087.5,1036.95,1062.8,38767.0,29.38
2021-02-18,1052.0,1091.0,1052.0,1070.3,65912.0,21.15
2021-02-19,1078.0,1083.25,1031.0,1044.2,54267.0,21.42
2021-02-22,1030.0,1055.55,991.15,1035.45,44559.0,29.64
2021-02-23,1018.8,1048.75,995.0,1001.85,30880.0,20.7
2021-02-24,1001.0,1069.8,1001.0,1045.35,17253.0,41.45
2021-02-25,1045.0,1074.8,1023.65,1040.45,55850.0,14.9
2021-02-26,1045.0,1069.0,1024.15,1061.2,49560.0,25.15
2021-03-01,1081.9,1092.5,1055.35,1089.1,44120.0,31.33
2021-03-02,1094.0,1124.95,1086.95,1107.15,83102.0,30.83
2021-03-03,1125.0,1271.95,1110.45,1184.2,201775.0,32.85
2021-03-04,1165.15,1221.0,1163.95,1212.95,45004.0,38.34
2021-03-05,1219.0,1242.65,1206.0,1227.5,36004.0,55.48
2021-03-08,1227.5,1473.0,1208.7,1472.55,544187.0,45.37
2021-03-09,1510.0,1528.0,1376.0,1419.55,185001.0,30.71
2021-03-10,1443.1,1461.6,1425.0,1444.4,44655.0,62.44
2021-03-11,1443.1,1461.6,1425.0,1444.4,44655.0,62.44
2021-03-12,1440.0,1630.0,1440.0,1592.45,202689.0,35.09
2021-03-15,1608.8,1678.0,1549.05,1639.8,112794.0,40.21
2021-03-16,1650.0,1740.0,1639.8,1693.8,118071.0,53.06
2021-03-17,1708.9,1710.0,1576.85,1605.3,65850.0,68.56
2021-03-18,1634.0,1634.0,1453.4,1495.4,127692.0,60.01
2021-03-19,1501.0,1539.95,1345.9,1494.35,94232.0,48.69
2021-03-22,1494.0,1559.9,1455.0,1509.25,38880.0,46.07
2021-03-23,1550.0,1614.95,1461.15,1571.7,52022.0,41.29
2021-03-24,1575.0,1585.0,1480.0,1505.15,47923.0,52.13
2021-03-25,1500.95,1508.95,1450.0,1483.4,20074.0,51.4
2021-03-26,1499.0,1554.0,1499.0,1539.4,16999.0,49.41
2021-03-29,1499.0,1554.0,1499.0,1539.4,16999.0,49.41
2021-03-30,1564.0,1620.0,1513.95,1592.55,19820.0,61.07
2021-03-31,1600.0,1620.0,1560.0,1595.15,18361.0,57.71
2021-04-01,1619.0,1741.0,1601.2,1712.3,44110.0,58.47
2021-04-02,1619.0,1741.0,1601.2,1712.3,44110.0,58.47
2021-04-05,1720.0,1728.0,1639.85,1699.95,27193.0,40.81
2021-04-06,1713.25,1821.0,1713.25,1778.65,62797.0,42.9
2021-04-07,1780.0,1851.0,1780.0,1795.05,30108.0,49.48
2021-04-08,1803.25,1808.2,1747.0,1755.8,20643.0,67.98
2021-04-09,1732.0,1756.0,1683.05,1737.9,19613.0,59.56
2021-04-12,1682.0,1757.2,1644.5,1691.75,32565.0,61.1
2021-04-13,1658.0,1750.0,1658.0,1692.25,7811.0,54.42
2021-04-14,1658.0,1750.0,1658.0,1692.25,7811.0,54.42
2021-04-15,1692.25,1734.85,1663.2,1689.4,12483.0,59.11
2021-04-16,1707.25,1820.0,1680.0,1772.7,35193.0,41.1
2021-04-19,1949.95,1949.95,1664.7,1749.0,29104.0,39.74
2021-04-20,1780.0,1814.0,1761.0,1779.9,22023.0,61.59
2021-04-21,1780.0,1814.0,1761.0,1779.9,22023.0,61.59
2021-04-22,1715.0,1830.4,1715.0,1818.55,30558.0,69.62
2021-04-23,1823.95,1830.0,1730.0,1750.4,16129.0,61.76
2021-04-26,1775.0,1804.05,1735.0,1760.25,23282.0,65.56
2021-04-27,1760.25,1809.9,1743.1,1792.1,11475.0,54.43
2021-04-28,1829.0,1897.0,1829.0,1850.05,24748.0,73.38
2021-04-29,1889.0,1889.3,1825.0,1847.6,12806.0,56.19
2021-04-30,1846.95,1869.0,1813.05,1837.75,13334.0,63.59
2021-05-03,1830.0,1895.0,1802.1,1876.4,17571.0,56.7
2021-05-04,1878.0,1924.9,1836.95,1856.1,20731.0,57.43
2021-05-05,1886.0,1948.5,1870.1,1919.7,15708.0,55.76
2021-05-06,1954.95,1955.0,1920.0,1928.35,12875.0,75.72
2021-05-07,1930.0,1990.0,1880.0,1959.5,23109.0,57.76
2021-05-10,2000.0,2024.0,1965.0,1981.9,20320.0,68.96
2021-05-11,1962.1,2044.0,1928.8,1988.85,17423.0,63.43
2021-05-12,2007.25,2029.0,1885.0,1903.85,108336.0,34.76
2021-05-13,2007.25,2029.0,1885.0,1903.85,108336.0,34.76
2021-05-14,1954.0,2000.9,1865.0,1980.8,59184.0,67.8
2021-05-17,2050.0,2178.85,2020.55,2178.85,145899.0,58.94
2021-05-18,2270.0,2396.7,2265.0,2384.35,136603.0,51.34
2021-05-19,2384.0,2444.8,2306.75,2335.45,51505.0,57.91
2021-05-20,2353.3,2434.9,2337.0,2417.15,31974.0,62.62
2021-05-21,2438.8,2538.0,2438.8,2457.2,32540.0,71.01
2021-05-24,2465.0,2490.0,2405.05,2449.25,32496.0,64.84
2021-05-25,2471.25,2547.0,2451.0,2480.35,22473.0,65.43
2021-05-26,2483.7,2500.0,2357.0,2443.8,42320.0,80.32
2021-05-27,2443.8,2493.5,2435.0,2452.25,12949.0,58.6
2021-05-28,2474.8,2574.85,2452.25,2498.05,46108.0,67.24
2021-05-31,2532.3,2622.95,2519.0,2586.9,74477.0,64.53
2021-06-01,2649.0,2694.0,2550.0,2620.0,36328.0,54.18
2021-06-02,2665.0,2679.0,2550.0,2581.4,20031.0,61.52
2021-06-03,2585.9,2630.0,2495.1,2501.8,27665.0,67.68
2021-06-04,2524.85,2524.85,2400.0,2425.8,33636.0,62.12
2021-06-07,2432.0,2480.0,2420.0,2448.7,23289.0,71.68
2021-06-08,2452.0,2510.1,2411.1,2500.35,20591.0,65.48
2021-09-13,3994.0,4132.7,3994.0,4129.8,29138.0,73.28
2021-09-14,4199.95,4224.25,4050.0,4114.2,34253.0,70.63
2021-09-15,4158.25,4230.0,4080.0,4193.65,25148.0,62.45
2022-03-14,4900.0,4900.0,4655.1,4856.4,26536.0,70.65
2022-03-15,4858.0,4880.95,4613.6,4613.6,18362.0,85.76
2022-03-16,4690.0,4690.0,4385.0,4401.45,25661.0,65.44
2022-03-17,4402.05,4521.8,4185.0,4388.8,170931.0,92.45
2022-03-18,4402.05,4521.8,4185.0,4388.8,170931.0,92.45
2022-03-21,4328.0,4436.95,4264.8,4357.35,11961.0,56.37
2022-03-22,4357.35,4520.0,4290.65,4501.4,9634.0,64.78
2022-03-23,4460.0,4559.9,4413.0,4438.5,7194.0,63.05
2022-03-24,4430.0,4525.0,4400.0,4436.55,7998.0,62.97
2022-03-25,4523.0,4523.0,4399.85,4410.6,6109.0,66.25
2022-03-28,4468.0,4468.95,4327.0,4362.35,9396.0,63.4
2022-03-29,4424.0,4424.0,4370.0,4378.5,6103.0,56.33
2022-03-30,4383.05,4597.4,4383.05,4597.4,19565.0,50.03
2022-03-31,4827.25,4827.25,4827.25,4827.25,6864.0,97.86
2022-04-01,5068.6,5068.6,4758.45,4816.2,39565.0,57.23
2022-04-04,4870.0,5025.0,4854.45,5003.2,23864.0,76.02
2022-04-05,5070.0,5070.0,4899.05,4923.3,12004.0,64.61
2022-04-06,5101.0,5143.25,4990.1,5002.6,47242.0,67.35
2022-04-07,5045.0,5049.9,4830.0,4916.25,16234.0,61.97
2022-04-08,4955.0,5000.0,4917.0,4983.3,12565.0,65.98
2022-04-11,5030.0,5030.0,4990.0,4999.45,44005.0,91.31
2022-04-12,5030.0,5030.0,4914.65,4976.85,10296.0,70.57
2022-04-13,5009.0,5010.0,4968.1,5000.55,41831.0,88.24
2022-04-14,5009.0,5010.0,4968.1,5000.55,41831.0,88.24
2022-04-15,5009.0,5010.0,4968.1,5000.55,41831.0,88.24
2022-04-18,5099.0,5099.0,4900.0,4951.05,14735.0,74.64
2022-04-19,5005.0,5005.0,4801.0,4899.95,8334.0,52.95
2022-04-20,4940.0,4946.8,4655.0,4660.2,14583.0,59.11
2022-04-21,4744.0,4774.9,4427.2,4450.15,101880.0,55.24
2022-04-22,4417.9,4549.0,4381.05,4487.95,36585.0,62.5
2022-04-25,4487.95,4590.9,4400.0,4495.6,38311.0,62.24
2022-04-26,454.75,457.95,436.1,449.15,265870.0,53.27
2022-04-27,451.7,457.0,441.2,450.8,94913.0,54.36
2022-04-28,446.3,448.3,431.3,437.9,146059.0,41.19
2022-04-29,440.0,444.45,421.5,423.9,92176.0,58.52
2022-05-02,413.0,445.05,413.0,429.25,422711.0,35.28
2022-05-03,413.0,445.05,413.0,429.25,422711.0,35.28
2022-05-04,428.0,438.0,414.0,417.0,131587.0,57.47
2022-05-05,432.0,432.0,406.4,409.1,74346.0,58.74
2022-05-06,400.0,415.0,393.7,395.1,695798.0,90.65
2022-05-09,395.8,396.0,375.35,394.55,169492.0,59.13
2022-05-10,391.5,403.0,387.7,390.85,88915.0,61.61
2022-05-11,378.1,389.0,371.35,371.55,823340.0,92.0
2022-05-12,367.65,370.75,355.0,361.35,368669.0,84.42
2022-05-13,368.0,379.4,365.95,379.4,518902.0,93.32
2022-05-16,384.0,398.35,379.0,398.35,60156.0,79.54
2022-05-17,415.9,418.25,390.1,414.9,375455.0,55.23
2022-05-18,420.0,430.0,410.5,420.6,161949.0,59.83
2022-05-19,417.6,427.0,402.2,420.2,253142.0,75.25
2022-05-20,423.1,436.0,415.15,433.8,306179.0,90.07
2022-05-23,434.0,440.0,416.05,423.4,315947.0,75.98
2022-05-24,424.0,430.0,410.2,414.7,109490.0,51.43
2022-05-25,415.9,418.95,394.0,394.0,89308.0,59.22
2022-05-26,400.0,408.0,376.95,393.85,111296.0,50.25
2022-05-27,401.0,407.75,394.7,400.7,48608.0,64.46
2022-05-30,400.75,420.7,393.65,413.7,229432.0,58.47
2022-05-31,401.5,434.35,401.5,432.25,529907.0,78.15
2022-06-01,433.0,438.7,416.5,421.3,225097.0,78.48
2022-06-02,418.1,437.4,418.1,429.7,186914.0,49.26
2022-06-03,435.0,435.0,408.5,414.0,109732.0,55.61
2022-06-06,411.0,433.5,400.05,429.85,338347.0,44.97
2022-06-07,424.0,424.7,410.15,412.3,133897.0,55.39
2022-06-08,416.3,419.95,401.1,413.85,118840.0,62.74
2022-06-09,414.0,421.7,403.0,405.2,147043.0,76.23
2022-06-10,402.8,409.95,399.05,405.3,57207.0,62.16
2022-06-13,398.0,400.0,385.0,388.65,112489.0,73.25
2022-06-14,380.6,388.0,380.05,384.7,137791.0,70.9
2022-06-15,384.7,400.0,379.95,386.9,121672.0,48.69
2022-06-16,388.0,394.75,375.6,381.65,147102.0,67.52
2022-06-17,382.5,398.95,372.25,390.9,116792.0,69.63
2022-06-20,390.05,391.95,363.0,370.0,126839.0,66.09
2022-06-21,367.25,394.0,367.25,383.9,143288.0,61.88
2022-06-22,387.5,387.95,353.4,362.2,106193.0,63.27
2022-06-23,362.0,369.0,357.1,363.85,181788.0,77.92
2022-06-24,362.05,369.0,360.35,363.3,88929.0,56.36
2022-06-27,368.6,368.95,350.2,352.65,167540.0,67.59
2022-06-28,350.0,353.55,348.1,352.55,72701.0,59.51
2022-06-29,348.9,372.25,348.75,361.65,147990.0,51.02
2022-06-30,360.2,367.0,359.75,361.95,135618.0,52.16
2022-07-01,362.9,368.95,353.65,360.7,120158.0,48.99
2022-07-04,362.85,378.6,361.8,364.1,85674.0,57.27
2022-07-05,364.2,393.3,364.2,375.9,270542.0,54.27
2022-07-06,371.4,413.45,368.05,404.65,795364.0,49.07
2022-07-07,406.8,410.0,395.1,404.1,177991.0,41.38
2022-07-08,410.0,413.0,399.0,402.8,110474.0,41.55
2022-07-11,402.0,405.5,396.35,400.85,62959.0,56.07
2022-07-12,402.0,402.0,386.0,388.55,96401.0,58.19
2022-07-13,389.0,401.7,389.0,399.15,91789.0,60.49
2022-07-14,400.0,403.95,392.3,396.5,48907.0,56.02
2022-07-15,397.0,412.2,392.8,407.0,213359.0,77.26
2022-07-18,410.95,416.85,402.8,408.95,132114.0,59.56
2022-07-19,407.65,422.75,405.0,420.15,273468.0,77.9
2022-07-20,422.8,423.65,411.3,413.95,69168.0,58.78
2022-07-21,413.0,419.0,403.65,406.4,65417.0,48.42
2022-07-22,409.95,410.45,400.25,401.05,72329.0,59.21
2022-07-25,401.0,410.0,395.75,408.5,113465.0,73.31
2022-07-26,410.4,412.6,401.7,402.95,47598.0,49.01
2022-07-27,402.1,414.0,399.3,405.7,111487.0,71.46
2022-07-28,404.0,410.0,398.55,401.35,104000.0,63.23
2022-07-29,402.95,420.0,400.05,417.6,146279.0,58.69
2022-08-01,417.6,425.0,416.85,418.9,139062.0,65.66
2022-08-02,420.3,430.0,404.5,409.9,653357.0,39.19
2022-08-03,410.1,421.0,410.1,417.6,288600.0,66.41
2022-08-04,416.25,419.9,401.2,405.8,100880.0,53.49
2022-08-05,406.05,413.95,401.0,403.7,84348.0,47.71
2022-08-10,400.0,400.0,391.2,393.9,245380.0,63.25
2022-08-11,395.1,401.5,392.5,395.0,102036.0,72.89
2022-08-12,398.6,407.65,394.05,400.1,117902.0,48.08
2022-08-15,398.6,407.65,394.05,400.1,117902.0,48.08
2022-08-16,403.8,404.3,393.0,394.6,95695.0,61.05
2022-08-17,397.4,410.2,396.0,407.85,142513.0,56.56
2022-08-18,409.4,420.7,408.0,414.2,155914.0,54.32
2022-08-19,414.25,420.45,408.0,413.1,116683.0,58.97
2022-08-22,410.0,415.8,402.1,407.0,154295.0,32.99
2022-08-23,403.55,413.95,403.55,406.85,114017.0,53.34
2022-08-24,409.9,414.95,405.8,408.85,98164.0,38.52
2022-08-25,409.0,414.05,406.05,409.2,142388.0,63.27
2022-08-26,412.0,413.65,403.1,406.4,104314.0,52.19
2022-08-29,400.0,404.9,395.15,400.6,107155.0,54.48
2022-08-30,410.0,449.5,399.0,402.95,597461.0,28.94
2022-08-31,410.0,449.5,399.0,402.95,597461.0,28.94
2022-09-01,398.0,419.65,398.0,415.05,209397.0,37.81
2022-09-02,415.0,424.8,410.0,412.05,183634.0,46.8
2022-09-05,412.05,420.95,410.0,412.1,97277.0,40.38
2022-09-06,412.1,414.95,405.8,409.85,166652.0,38.7
2022-09-07,407.85,418.9,406.35,416.25,142536.0,55.21
2022-09-08,419.4,424.0,414.05,421.85,204609.0,54.51
2022-09-09,425.0,429.0,417.0,425.85,234521.0,61.12
2022-09-12,425.85,429.9,410.1,413.65,148714.0,54.06
2022-09-13,417.9,419.05,411.35,412.9,72944.0,55.15
2022-09-14,401.1,413.0,401.1,409.25,68279.0,57.9
2022-09-15,415.0,415.0,400.1,401.7,158011.0,62.72
2022-09-16,402.0,405.0,383.1,385.7,218669.0,60.42
2022-09-19,383.35,390.0,375.0,379.2,392746.0,61.12
2022-09-20,383.8,383.8,372.5,373.9,210502.0,65.02
2022-09-21,377.6,379.75,365.0,365.95,237884.0,64.65
2022-09-22,366.1,378.95,366.0,374.4,123021.0,52.53
2022-09-23,374.0,375.45,361.0,363.25,154754.0,62.0
2022-09-26,360.0,375.5,346.3,366.3,219894.0,50.01
2022-09-27,374.2,375.0,357.05,369.75,136118.0,45.09
2022-09-28,370.0,371.0,352.9,355.35,115516.0,51.65
2022-09-29,365.0,378.3,358.35,363.95,240653.0,47.41
2022-09-30,366.4,366.4,358.0,360.0,137676.0,58.47
2022-10-03,366.0,370.9,359.0,366.85,126042.0,50.46
2022-10-04,372.0,374.7,363.15,369.55,65504.0,63.99
2022-10-05,372.0,374.7,363.15,369.55,65504.0,63.99
2022-10-06,370.0,373.95,367.05,368.35,99626.0,53.9
2022-10-07,371.35,371.35,365.65,370.0,96797.0,73.77
2022-10-10,368.8,378.95,360.0,377.05,134028.0,58.24
2022-10-11,379.25,379.25,370.05,373.5,113731.0,70.83
2022-10-12,375.0,378.2,366.95,375.35,64842.0,57.65
2022-10-13,379.0,379.0,372.0,377.6,79306.0,60.27
2022-10-14,380.0,383.05,376.0,380.2,89454.0,52.61
2022-10-17,380.0,380.0,366.9,372.75,114539.0,64.02
2022-10-18,375.0,381.25,370.0,379.6,108247.0,55.08
2022-10-19,379.6,379.6,370.1,372.85,65392.0,46.57
2022-10-20,370.1,398.0,368.95,392.45,360220.0,41.45
2022-10-21,396.0,405.0,367.45,373.4,152491.0,42.62
2022-10-24,379.4,384.95,371.15,377.2,41646.0,44.95
2022-10-25,381.8,386.9,375.2,380.3,76049.0,33.24
2022-10-26,381.8,386.9,375.2,380.3,76049.0,33.24
2022-10-27,382.15,384.45,376.55,382.4,47957.0,43.64
2022-10-28,385.9,386.15,373.5,376.15,39209.0,49.57
2022-10-31,384.0,391.1,373.0,375.4,458840.0,26.72
2022-11-01,390.0,403.4,377.25,389.55,841845.0,24.95
2022-11-02,393.45,399.9,389.0,390.15,114489.0,45.16
2022-11-03,390.0,392.75,380.0,382.1,81547.0,48.47
2022-11-04,387.5,387.5,380.0,381.8,58267.0,48.27
2022-11-07,384.9,393.9,381.15,390.65,92192.0,61.05
2022-11-08,384.9,393.9,381.15,390.65,92192.0,61.05
2022-11-09,393.95,402.85,384.3,398.35,367394.0,51.82
2022-11-10,397.95,408.0,391.95,401.3,338810.0,27.24
2022-11-11,408.0,408.0,388.0,391.35,103444.0,47.07
2022-11-14,386.3,391.35,379.3,384.7,124423.0,59.16
2022-11-15,384.7,387.85,380.1,382.9,72316.0,51.8
2022-11-16,382.3,387.45,376.05,381.6,70559.0,50.74
2022-11-17,383.0,383.65,376.0,379.75,46226.0,45.81
2022-11-18,381.15,383.35,375.65,377.15,53610.0,47.68
2022-11-21,378.0,381.0,372.0,372.95,60518.0,52.33
2022-11-22,373.2,376.0,371.0,372.1,61245.0,59.14
2022-11-23,373.0,379.9,370.95,373.9,56525.0,48.34
2022-11-24,379.5,379.5,370.5,374.75,83885.0,32.96
2022-11-25,378.35,379.95,372.0,376.05,128186.0,65.77
2022-11-28,379.65,384.0,375.6,378.4,91582.0,48.48
2022-11-29,381.9,383.0,376.05,378.0,81733.0,59.24
2022-11-30,375.5,384.8,373.65,381.0,79851.0,59.85
2022-12-01,381.0,384.2,376.15,381.25,110846.0,58.01
2022-12-02,382.9,385.2,379.15,381.9,62863.0,57.24
2022-12-05,386.95,388.2,380.2,382.1,64013.0,53.93
2022-12-06,381.5,383.95,379.8,382.1,50519.0,52.06
2022-12-07,381.0,382.5,374.0,375.6,98015.0,58.47
2022-12-08,379.8,381.65,374.35,377.1,73005.0,41.04
2022-12-09,377.1,379.9,367.0,372.7,78113.0,51.56
2022-12-12,375.8,376.95,368.0,369.45,93465.0,71.87
2022-12-13,372.8,372.8,364.1,365.6,95244.0,75.08
2022-12-14,364.1,368.15,360.0,361.4,134627.0,69.28
2022-12-15,360.0,363.35,356.0,358.7,113624.0,64.07
2022-12-16,358.7,383.3,356.3,372.35,259910.0,43.31
2022-12-19,375.8,377.55,370.0,371.5,48248.0,45.37
2022-12-20,374.0,377.8,370.0,375.1,62693.0,59.09
2022-12-21,379.85,379.85,360.3,370.9,121111.0,58.26
2022-12-22,375.0,379.9,361.1,376.4,156457.0,58.17
2022-12-23,378.0,378.0,356.05,359.05,145472.0,51.15
2022-12-26,359.0,372.0,353.7,366.05,55950.0,47.04
2022-12-27,369.8,371.75,364.4,367.4,31380.0,52.42
2022-12-28,369.8,399.0,367.55,395.2,1141266.0,21.33
2022-12-29,396.3,396.7,368.0,372.4,281335.0,48.27
2022-12-30,376.95,394.25,376.9,385.4,143625.0,24.43
2023-01-02,381.5,396.0,380.9,392.8,164892.0,39.12
2023-01-03,393.8,394.55,388.95,389.95,65585.0,55.73
2023-01-04,393.85,393.85,384.05,389.7,81755.0,46.43
2023-01-05,389.9,389.9,373.55,385.95,65517.0,36.44
2023-01-06,388.9,388.9,371.5,373.7,75164.0,62.59
2023-01-09,379.0,379.9,367.3,374.15,64174.0,51.49
2023-01-10,375.0,375.85,366.0,367.1,93463.0,62.43
2023-01-11,368.8,372.5,359.6,361.55,173760.0,58.69
2023-01-12,362.75,368.85,359.0,359.9,141743.0,57.04
2023-01-13,362.8,363.7,357.0,359.2,69747.0,59.5
2023-01-16,358.5,361.75,357.0,359.25,83983.0,58.91
2023-01-17,361.8,362.95,354.0,354.3,158302.0,61.66
2023-01-18,355.55,356.85,351.05,352.95,63472.0,68.15
2023-01-19,351.0,355.7,349.35,349.95,73003.0,63.07
2023-01-20,359.0,364.0,345.0,359.35,303077.0,39.44
2023-01-23,361.9,365.8,328.2,331.75,608400.0,49.69
2023-01-24,333.0,351.4,326.1,331.35,943349.0,25.45
2023-01-25,336.35,363.15,332.65,356.45,1427743.0,14.06
2023-01-26,336.35,363.15,332.65,356.45,1427743.0,14.06
2023-01-27,354.95,361.7,347.05,354.25,248738.0,26.02
2023-01-30,354.25,354.25,333.25,339.2,239399.0,59.45
2023-01-31,338.05,343.5,331.0,339.0,185845.0,52.07
2023-02-01,341.8,349.7,337.0,340.55,174896.0,58.87
2023-02-02,340.1,351.95,338.05,341.85,112299.0,64.8
2023-02-03,343.85,350.0,339.15,346.5,82856.0,56.8
2023-02-06,344.0,350.85,342.3,349.15,75620.0,50.81
2023-02-07,349.0,352.95,346.05,348.85,55213.0,55.31
2023-02-08,348.85,352.75,345.85,347.05,47152.0,51.61
2023-02-09,347.05,348.9,341.3,344.75,33405.0,53.22
2023-02-10,343.0,357.7,343.0,355.3,115818.0,50.94
2023-02-13,352.6,354.95,341.0,343.95,84185.0,53.15
2023-02-14,345.95,347.9,337.8,340.75,52712.0,60.37
2023-02-15,340.8,341.7,332.5,337.05,81883.0,46.35
2023-02-16,344.0,344.0,331.25,332.8,139904.0,63.74
2023-02-17,331.05,336.5,330.1,331.3,60721.0,44.68
2023-02-20,331.0,332.9,326.25,328.4,69381.0,48.73
2023-02-21,327.65,331.75,326.15,328.25,67798.0,46.78
2023-02-22,331.8,331.8,317.45,328.85,131302.0,43.51
2023-02-23,328.85,330.35,322.0,324.6,75103.0,51.19
2023-02-24,323.0,328.05,319.45,324.55,149152.0,57.23
2023-02-27,324.55,331.5,317.4,329.7,112506.0,61.35
2023-02-28,332.4,335.65,324.05,330.3,139613.0,64.93
2023-03-01,330.3,336.0,327.3,332.05,67206.0,48.42
2023-03-02,333.95,335.15,328.4,332.0,57412.0,42.16
2023-03-03,333.8,334.9,328.05,331.2,87715.0,53.91
2023-03-06,333.0,337.05,328.25,331.7,115664.0,57.27
2023-03-07,333.0,337.05,328.25,331.7,115664.0,57.27
2023-03-08,331.9,333.6,326.0,328.35,86220.0,58.45
2023-03-09,328.0,332.95,326.1,327.7,52405.0,49.86
2023-03-10,324.4,336.55,323.3,334.15,90795.0,54.47
2023-03-13,336.75,336.75,320.0,322.4,84881.0,54.89
2023-03-14,320.0,327.4,316.1,321.05,49467.0,45.41
2023-03-15,321.15,327.45,306.75,314.4,87723.0,39.26
2023-03-16,312.95,325.0,310.0,318.0,157304.0,53.43
2023-03-17,320.85,322.95,318.0,319.9,52670.0,60.33
2023-03-20,319.95,323.95,314.3,320.4,71680.0,59.02
2023-03-21,322.9,369.5,320.5,344.45,3729038.0,19.28
2023-03-22,333.0,339.9,327.0,330.4,371760.0,16.48
2023-03-23,328.6,329.7,317.0,319.55,190252.0,34.67
2023-03-24,319.6,333.9,316.05,319.7,359315.0,30.94
2023-03-27,320.0,324.15,308.0,310.35,145417.0,43.95
2023-03-28,311.9,318.25,306.05,314.5,239155.0,39.55
2023-03-29,316.15,332.8,314.0,329.7,215302.0,52.95
2023-03-30,316.15,332.8,314.0,329.7,215302.0,52.95
2023-03-31,325.1,334.9,321.5,331.15,150334.0,66.17
2023-04-03,332.0,332.0,324.75,326.7,169490.0,63.34
2023-04-04,332.0,332.0,324.75,326.7,169490.0,63.34
2023-04-05,328.9,330.95,326.05,328.45,111913.0,68.11
2023-04-06,329.6,329.8,321.1,328.2,119450.0,63.55
2023-04-07,329.6,329.8,321.1,328.2,119450.0,63.55
2023-04-10,329.9,330.8,326.1,329.1,182090.0,66.16
2023-04-11,329.2,329.9,315.55,317.2,231362.0,56.59
2023-04-12,320.8,328.0,317.6,319.6,137111.0,42.96
2023-04-13,321.4,326.5,317.5,318.25,102053.0,50.97
2023-04-14,321.4,326.5,317.5,318.25,102053.0,50.97
2023-04-17,319.05,325.95,316.05,321.45,139712.0,59.83
2023-04-18,320.9,323.35,318.55,320.9,78968.0,42.05
2023-04-19,320.4,328.0,320.4,326.1,134646.0,49.86
2023-04-20,325.5,330.95,320.6,322.35,118168.0,52.44
2023-04-21,323.75,331.0,320.5,322.35,127974.0,41.15
2023-04-24,322.85,325.0,312.5,318.3,107105.0,47.87
2023-04-25,320.2,322.45,315.15,317.85,77021.0,44.54
2023-04-26,319.8,325.0,318.05,323.1,80553.0,51.24
2023-04-27,322.95,329.0,322.95,327.55,99935.0,38.95
2023-04-28,327.95,332.2,326.1,330.1,81500.0,61.66
2023-05-01,327.95,332.2,326.1,330.1,81500.0,61.66
2023-05-02,330.15,334.7,327.45,329.2,90377.0,48.97
2023-05-03,328.05,331.35,325.0,330.35,53412.0,49.04
2023-05-04,330.35,335.8,329.85,333.35,84083.0,55.25
2023-05-05,334.3,334.3,328.7,333.2,75821.0,60.62
2023-05-08,335.6,336.55,330.45,335.0,73852.0,54.48
2023-05-09,336.9,336.9,330.6,332.95,81933.0,65.49
2023-05-10,334.6,334.6,329.1,332.6,62586.0,56.7
2023-05-11,333.95,334.5,329.0,330.9,116053.0,63.3
2023-05-12,330.9,330.9,325.0,326.75,79072.0,58.25
2023-05-15,328.6,331.5,324.7,325.95,80150.0,60.33
2023-05-16,327.55,329.95,321.5,324.15,62524.0,51.88
2023-05-17,322.25,331.95,322.25,329.35,88241.0,64.24
2023-05-18,331.9,331.95,323.0,324.85,65089.0,58.44
2023-05-19,324.85,330.4,315.1,317.65,316729.0,28.92
2023-05-22,318.65,318.65,308.95,311.75,131588.0,57.54
2023-05-23,314.0,317.95,311.45,313.4,85834.0,55.32
2023-05-24,313.75,316.0,305.0,306.55,218122.0,72.66
2023-05-25,308.8,312.95,306.65,307.7,102058.0,61.25
2023-05-26,309.95,312.0,303.25,305.3,200319.0,67.72
2023-05-29,307.5,311.85,304.25,310.6,155622.0,52.09
2023-05-30,311.95,315.5,309.05,314.2,138114.0,70.69
2023-05-31,315.95,332.0,310.55,324.7,432082.0,65.15
2023-06-01,329.55,332.5,313.3,315.2,322807.0,56.22
2023-06-02,317.9,318.8,311.0,314.35,206758.0,66.9
2023-06-05,315.5,319.75,313.0,313.6,227593.0,67.77
2023-06-06,315.15,316.6,309.1,310.35,120542.0,66.44
2023-06-07,313.9,314.0,309.75,311.05,162939.0,64.24
2023-06-08,311.9,314.9,311.05,313.05,181245.0,67.49
2023-06-09,313.85,317.0,309.35,312.55,177521.0,61.08
2023-06-12,314.8,314.8,311.1,312.75,115088.0,75.41
2023-06-13,312.75,317.5,310.5,312.3,243711.0,60.18
2023-06-14,314.95,325.95,310.55,316.75,424338.0,55.03
2023-06-15,318.9,325.95,316.1,323.95,589998.0,68.24
2023-06-16,326.2,353.8,326.2,339.95,1690477.0,31.61
2023-06-19,344.95,354.35,338.15,340.4,550989.0,46.79
2023-06-20,340.4,379.95,340.4,374.65,2009820.0,24.35
2023-06-21,381.9,410.0,380.1,402.8,2839388.0,21.19
2023-06-22,410.0,419.0,397.1,407.05,1534118.0,23.35
2023-06-23,404.7,404.7,386.8,394.1,429383.0,37.85
2023-06-26,396.0,437.0,395.95,423.55,1223420.0,40.63
2023-06-27,429.0,443.9,410.0,416.05,1065581.0,37.53
2023-06-28,421.5,428.8,410.55,416.05,325502.0,32.93
2023-06-29,421.5,428.8,410.55,416.05,325502.0,32.93
2023-06-30,421.0,422.7,404.0,408.0,265256.0,48.83
2023-07-03,410.95,414.4,393.0,401.3,259041.0,53.35
2023-07-04,401.45,428.7,399.55,412.55,640457.0,29.83
2023-07-05,413.0,419.7,402.0,406.8,221042.0,38.81
2023-07-06,409.7,414.4,402.75,404.95,176570.0,49.68
2023-07-07,404.95,413.5,400.1,405.2,239456.0,40.55
2023-07-10,409.4,409.4,400.0,402.95,158133.0,40.76
2023-07-11,403.05,406.9,394.0,396.95,187209.0,50.55
2023-07-12,399.0,402.7,391.05,396.95,214710.0,53.26
2023-07-13,400.75,409.3,394.8,399.3,242123.0,50.55
2023-07-14,403.0,434.85,402.45,428.5,1444083.0,39.53
2023-07-17,433.0,439.0,414.1,425.0,655900.0,48.66
2023-07-18,427.4,460.95,426.85,447.75,2270527.0,23.11
2023-07-19,457.0,489.45,455.25,484.55,2275812.0,22.96
2023-07-20,489.0,489.0,448.0,454.6,1486935.0,37.21
2023-07-21,453.7,459.0,436.0,440.65,1022757.0,31.86
2023-07-24,445.1,464.95,445.1,448.8,738278.0,30.32
2023-07-25,452.25,453.95,430.05,432.5,476884.0,41.83
2023-07-26,435.5,446.95,418.5,423.95,858834.0,38.23
2023-08-10,395.05,408.95,388.0,391.6,109387.0,61.5
2023-08-11,392.0,396.4,385.0,386.45,90275.0,60.77
2023-08-14,382.0,394.85,380.0,390.95,123801.0,54.14
2023-08-15,382.0,394.85,380.0,390.95,123801.0,54.14
2023-08-16,390.95,397.6,384.0,386.1,111500.0,57.12
2023-08-17,388.45,390.0,383.7,385.9,101060.0,56.44
2023-08-18,386.95,401.0,384.65,398.3,239770.0,58.01
2023-08-21,399.95,403.5,392.1,399.05,182163.0,65.75
2023-08-22,399.0,401.65,393.5,397.75,170026.0,64.18
2023-08-23,396.0,401.95,393.55,395.45,154894.0,70.24
2023-08-24,395.15,398.1,387.0,389.6,138935.0,63.81
2023-08-25,389.95,394.8,382.8,385.4,132261.0,60.49
2023-08-28,383.75,389.0,381.0,381.55,90360.0,61.53
2023-08-29,385.55,387.45,379.75,381.2,170802.0,68.68
2023-08-30,383.8,388.8,380.0,382.55,211654.0,57.81
2023-08-31,382.65,399.7,382.65,396.75,305747.0,50.18
2023-09-01,400.0,401.8,390.6,392.3,153189.0,50.65
2023-09-04,394.4,394.4,383.0,386.45,206394.0,54.0
2023-09-05,386.0,389.4,381.05,382.2,200687.0,58.85
2023-09-06,382.55,398.0,382.15,391.05,732673.0,65.76
2023-09-07,399.9,409.95,397.65,402.85,807797.0,50.88
2023-09-08,408.0,409.45,395.1,400.45,487112.0,51.27
2023-09-11,403.3,415.55,395.5,400.25,687393.0,55.57
2023-09-12,401.5,415.0,387.95,398.45,610146.0,37.87
2023-09-13,398.45,407.9,392.1,404.95,273640.0,40.89
2023-09-14,407.45,412.55,401.05,410.15,340511.0,51.68
2023-09-15,413.45,424.75,406.25,410.5,741204.0,50.39
2023-09-18,413.4,420.0,396.15,400.8,589376.0,53.31
2023-09-19,413.4,420.0,396.15,400.8,589376.0,53.31
2023-09-20,399.0,399.65,386.0,390.65,419525.0,51.4
2023-09-21,390.65,393.8,381.0,382.5,289186.0,57.38
2023-09-22,384.5,384.7,361.65,364.2,916322.0,55.77
2023-09-25,367.35,374.65,360.3,362.15,347739.0,46.01
2023-09-26,364.95,368.65,351.0,357.2,360352.0,44.1
2023-09-27,359.35,360.0,350.0,352.65,327504.0,50.97
2023-09-28,355.8,371.2,352.65,368.2,785022.0,36.01
2023-09-29,384.5,393.85,360.0,362.45,1612468.0,27.53
2023-10-02,384.5,393.85,360.0,362.45,1612468.0,27.53
2023-10-03,364.95,368.95,360.1,367.0,293153.0,46.06
2023-10-04,364.95,365.95,355.5,357.4,279985.0,55.79
2023-10-05,360.9,363.45,350.05,352.75,272506.0,52.1
2023-10-06,352.0,359.25,350.85,354.35,266680.0,42.02
2023-10-09,352.8,352.95,343.05,344.9,235743.0,49.8
2023-10-10,346.05,353.8,346.05,350.2,185954.0,45.09
2023-10-11,351.5,359.9,351.5,357.9,243433.0,52.35
2023-10-12,358.1,363.6,358.1,362.1,206810.0,50.37
2023-10-13,363.0,363.9,358.5,360.1,139062.0,55.61
2023-10-16,360.25,367.25,359.0,359.85,207915.0,58.69
2023-10-17,361.1,366.95,359.05,361.7,281426.0,48.61
2023-10-18,362.2,364.95,345.1,348.65,354386.0,56.58
2023-10-19,366.95,366.95,351.0,364.0,620714.0,18.57
2023-10-20,363.4,366.55,357.0,360.3,204632.0,41.64
2023-10-23,362.0,362.1,343.25,345.85,225884.0,47.9
2023-10-24,362.0,362.1,343.25,345.85,225884.0,47.9
2023-10-25,346.85,350.0,330.05,331.7,263488.0,45.97
2023-10-26,331.5,332.9,316.25,330.4,253282.0,48.28
2023-10-27,334.3,344.85,333.0,337.55,196619.0,34.62
2023-10-30,339.85,344.0,329.4,335.15,254309.0,41.38
2023-10-31,335.5,341.95,318.15,322.15,401000.0,57.37
2023-11-01,323.7,328.05,309.6,321.3,2084254.0,36.44
2023-11-02,323.3,341.3,323.3,339.05,908013.0,34.65
2023-11-03,339.45,341.65,331.35,334.85,341111.0,45.08
2023-11-06,336.25,346.0,334.75,344.7,310177.0,55.0
2023-11-07,343.55,345.45,340.3,342.6,192626.0,45.14
2023-11-08,341.8,348.35,337.2,339.95,331759.0,43.89
2023-11-09,341.25,345.0,336.95,338.55,178061.0,45.23
2023-11-10,338.05,343.0,331.9,334.6,189991.0,44.82
2023-11-13,341.95,341.95,335.45,336.55,123993.0,46.45
2023-11-14,341.95,341.95,335.45,336.55,123993.0,46.45
2023-11-15,343.85,343.85,334.8,338.9,306214.0,59.7
2023-11-16,338.9,342.6,337.0,338.95,130132.0,49.93
2023-11-17,338.95,374.75,338.95,372.0,2811527.0,23.27
2023-11-20,375.85,375.85,345.15,360.75,1412557.0,30.03
2023-11-21,363.95,372.95,359.05,369.0,528390.0,41.94
2023-11-22,372.0,378.85,363.85,370.3,765827.0,29.15
2023-11-23,371.0,377.0,368.5,374.2,399303.0,36.25
2023-11-24,374.85,379.8,370.1,374.35,420352.0,37.69
2023-11-27,374.85,379.8,370.1,374.35,420352.0,37.69
2023-11-28,374.05,382.6,360.5,363.0,518478.0,40.02
2023-11-29,366.0,375.95,364.5,373.85,381798.0,45.1
2023-11-30,373.15,377.0,366.2,371.75,345769.0,42.11
2023-12-01,375.0,378.85,370.2,373.15,248358.0,49.19
2023-12-04,375.95,387.9,371.1,373.1,552419.0,42.13
2023-12-05,377.95,382.95,369.35,370.3,530760.0,58.56
2023-12-06,372.45,375.9,370.0,371.1,227418.0,54.82
2023-12-07,372.8,372.8,366.05,369.95,258115.0,47.72
2023-12-08,369.95,380.0,367.0,371.15,383525.0,39.36
2023-12-11,386.0,388.35,378.7,384.5,907934.0,29.7
2023-12-12,386.0,387.45,369.35,372.8,396982.0,38.16
2023-12-13,379.8,379.8,369.0,373.5,223973.0,41.86
2023-12-14,375.8,376.8,370.0,375.7,366289.0,45.3
2023-12-15,378.0,378.0,370.85,371.7,210078.0,52.07
2023-12-18,374.7,374.7,368.9,369.95,212140.0,49.37
2023-12-19,371.05,372.5,365.5,366.35,222376.0,55.71
2023-12-20,366.35,370.85,355.35,358.25,357866.0,51.68
2023-12-21,352.55,362.2,351.25,356.75,260657.0,34.24
2023-12-22,358.3,362.75,346.25,349.35,433660.0,49.57
2023-12-25,358.3,362.75,346.25,349.35,433660.0,49.57
2023-12-26,360.0,373.2,358.45,369.7,957453.0,41.01
2023-12-27,374.0,375.1,367.2,369.7,308336.0,57.4
2023-12-28,372.95,377.9,365.05,376.15,424763.0,59.87
2023-12-29,376.0,376.0,368.2,370.7,326033.0,52.54
2024-01-01,374.7,375.55,368.1,369.75,193230.0,51.34
2024-01-02,371.5,376.0,367.85,373.4,255859.0,51.51
2024-01-03,375.2,379.0,369.55,375.05,396183.0,54.28
2024-01-04,377.75,382.45,373.55,374.5,332298.0,54.87
2024-01-05,379.5,379.9,370.55,373.65,214728.0,47.82
2024-01-08,375.7,376.7,363.05,366.05,314824.0,47.5
2024-01-09,368.85,373.65,363.25,365.45,301913.0,45.55
2024-01-10,366.0,368.9,358.0,361.15,310724.0,43.52
2024-01-11,363.3,365.5,355.0,360.9,470266.0,49.68
2024-01-12,361.55,368.8,361.55,365.25,320369.0,54.17
2024-01-15,367.0,368.4,360.4,366.1,277037.0,57.75
2024-01-16,366.15,366.65,356.0,356.65,373487.0,54.22
2024-01-17,354.9,356.25,349.4,352.25,381855.0,48.78
2024-01-18,350.1,354.8,341.6,342.85,506058.0,51.34
2024-01-19,345.25,350.0,340.05,345.7,366870.0,53.98
2024-01-22,348.5,355.0,347.4,352.85,181058.0,43.22
2024-01-23,352.65,353.9,333.15,335.85,363713.0,44.7
2024-01-24,336.0,338.8,325.85,332.7,565020.0,42.64
2024-01-25,334.95,352.45,334.2,349.1,1261859.0,69.46
2024-01-26,334.95,352.45,334.2,349.1,1261859.0,69.46
2024-01-29,352.5,352.5,342.45,345.45,681609.0,64.9
2024-01-30,346.4,348.2,339.1,344.4,264282.0,45.83
2024-01-31,344.3,352.0,339.5,348.45,297837.0,45.64
2024-02-01,348.45,364.75,347.0,354.65,689603.0,34.5
2024-02-02,355.8,362.0,346.15,349.75,337733.0,47.62
2024-02-05,349.05,361.4,347.75,350.5,394120.0,44.55
2024-02-06,350.4,364.5,346.75,362.15,583138.0,39.52
2024-02-07,365.95,370.0,360.3,368.65,561887.0,46.41
2024-02-08,370.15,371.8,361.25,369.15,271775.0,49.89
2024-02-09,369.55,371.0,352.0,357.65,560127.0,32.69
2024-02-12,357.65,357.7,343.1,348.55,366803.0,48.38
2024-02-13,346.95,358.0,341.0,355.5,288540.0,37.82
2024-02-14,353.2,362.7,351.6,359.4,367094.0,26.23
2024-02-15,360.0,395.45,360.0,390.8,2551827.0,32.02
2024-02-16,390.9,413.0,386.1,406.9,2802837.0,34.76
2024-02-19,407.7,419.4,407.6,412.1,1187844.0,38.03
2024-02-20,412.1,415.8,405.9,407.05,586282.0,52.85
2024-02-21,407.0,417.5,404.05,406.3,703233.0,44.12
2024-02-22,404.0,409.8,401.85,407.85,349878.0,55.76
2024-02-23,407.95,411.05,402.8,405.7,345171.0,53.47
2024-02-26,405.7,423.5,402.7,415.35,1278697.0,46.85
2024-02-27,420.0,429.2,418.0,420.2,946849.0,40.12
2024-02-28,423.8,428.7,409.0,411.95,736158.0,39.87
2024-02-29,412.0,415.8,394.75,402.55,571574.0,50.07
2024-03-01,402.55,412.65,402.0,404.5,350493.0,45.8
2024-03-04,408.05,410.9,399.3,404.15,233565.0,43.11
2024-03-05,404.2,405.8,385.0,391.85,555378.0,54.99
2024-03-06,395.0,396.2,378.1,385.35,324718.0,43.82
2024-03-07,388.6,392.0,383.05,388.45,230928.0,47.03
2024-03-08,388.6,392.0,383.05,388.45,230928.0,47.03
2024-03-11,388.45,388.95,370.0,372.25,306592.0,56.24
2024-03-12,371.7,373.95,361.3,365.55,355041.0,55.78
2024-03-13,365.55,365.85,339.2,345.55,569756.0,55.33
2024-03-14,342.05,356.6,339.0,350.5,389578.0,39.15
2024-03-15,354.9,360.0,346.0,352.15,377357.0,63.86
2024-03-18,352.2,363.6,349.6,356.15,376091.0,64.33
2024-03-19,356.15,364.95,352.0,354.35,143842.0,48.83
2024-03-20,354.4,377.55,353.0,373.2,889818.0,22.41
2024-03-21,375.0,380.45,369.75,371.25,172771.0,30.68
2024-03-22,371.25,373.4,362.2,365.05,210178.0,39.51
2024-03-25,371.25,373.4,362.2,365.05,210178.0,39.51
2024-03-26,363.05,364.55,355.0,359.3,336791.0,51.05
2024-03-27,362.05,362.05,344.3,348.35,609233.0,69.51
2024-03-28,340.25,350.8,340.25,347.35,663298.0,55.9
2024-03-29,340.25,350.8,340.25,347.35,663298.0,55.9
2024-04-01,348.05,361.0,348.05,359.4,274649.0,44.8
2024-04-02,364.0,382.6,360.0,378.9,1257830.0,61.32
2024-04-03,378.9,394.0,376.45,389.95,1056934.0,50.94
2024-04-04,392.9,394.05,382.3,387.2,238138.0,52.04
2024-04-05,387.0,392.85,383.05,390.15,201626.0,44.12
2024-04-08,389.0,401.5,384.25,394.55,597162.0,43.88
2024-04-09,397.65,401.9,386.25,391.0,430025.0,35.88
2024-04-10,390.8,396.45,385.55,394.7,319107.0,61.97
2024-04-11,390.8,396.45,385.55,394.7,319107.0,61.97
2024-04-12,394.7,395.95,385.0,385.95,230662.0,51.68
2024-04-15,377.0,391.95,369.2,388.95,394748.0,44.48
2024-04-16,383.1,416.75,383.1,413.4,2358108.0,34.05
2024-04-17,383.1,416.75,383.1,413.4,2358108.0,34.05
2024-04-18,420.2,432.5,417.1,426.0,1515902.0,38.88
2024-04-19,421.95,431.85,413.0,429.25,721085.0,54.94
2024-04-22,436.0,436.0,423.6,428.3,696359.0,50.36
2024-04-23,424.55,427.9,414.6,425.05,421941.0,57.78
2024-04-24,429.9,438.0,425.05,430.8,641523.0,35.21
2024-04-25,433.75,434.6,424.0,425.1,236484.0,52.79
2024-04-26,428.0,458.0,427.75,443.9,2331565.0,32.1
2024-04-29,438.55,455.4,435.65,438.7,618284.0,40.2
2024-04-30,441.3,444.4,427.55,430.7,241400.0,49.94
2024-05-01,441.3,444.4,427.55,430.7,241400.0,49.94
2024-05-02,431.0,433.55,423.3,424.85,252753.0,54.68
2024-05-03,425.0,432.8,421.1,426.45,277150.0,52.81
2024-05-06,428.65,443.95,423.35,428.85,312019.0,37.26
2024-05-07,428.85,434.95,423.75,431.65,293885.0,62.57
2024-05-08,431.4,437.9,426.0,431.0,215228.0,47.02
2024-05-09,428.2,433.5,423.3,429.4,316997.0,62.41
2024-05-10,427.3,445.5,425.0,434.8,450861.0,35.24
2024-05-13,435.0,438.95,420.4,426.6,200286.0,40.92
2024-05-14,430.85,433.95,427.0,428.5,131595.0,44.96
2024-05-15,427.8,431.95,423.5,424.6,121932.0,50.19
2024-05-16,427.6,431.0,418.35,425.4,434677.0,51.86
2024-05-17,425.0,441.8,424.45,437.35,274788.0,42.83
2024-05-20,439.85,439.85,420.05,431.35,45925.0,56.13
2024-05-21,430.0,431.35,422.65,426.2,168771.0,59.48
2024-05-22,424.1,429.15,407.65,410.85,380579.0,56.5
2024-05-23,411.05,470.5,404.0,466.35,6904199.0,14.09
2024-05-24,470.0,489.0,459.4,478.35,2478899.0,22.36
2024-05-27,480.0,499.0,475.55,482.7,1395732.0,28.1
2024-05-28,489.0,492.3,467.4,475.1,846897.0,35.62
2024-05-29,477.7,501.0,474.0,494.45,1174573.0,38.96
2024-05-30,494.45,509.95,490.0,507.15,1249049.0,48.67
2024-05-31,509.7,512.95,498.1,502.65,557164.0,53.57
2024-06-03,534.95,534.95,515.0,523.8,661417.0,62.55
2024-06-04,522.95,522.95,490.0,502.8,811334.0,65.01
2024-06-05,504.9,507.25,482.55,501.4,323496.0,53.79
2024-06-06,510.0,534.85,503.0,531.35,549763.0,40.88
2024-06-07,539.0,557.95,535.2,553.1,778240.0,42.59
2024-06-10,560.1,569.0,550.1,562.85,633807.0,45.5
2024-06-11,564.9,567.0,556.0,563.0,228483.0,51.91
2024-06-12,564.9,570.7,542.6,550.1,482842.0,45.32
2024-06-13,552.0,559.95,543.9,548.45,194089.0,56.2
2024-06-14,548.45,555.2,545.0,550.7,439979.0,77.86
2024-06-17,548.45,555.2,545.0,550.7,439979.0,77.86
2024-06-18,551.0,564.4,549.5,553.0,235205.0,54.83
2024-06-19,561.3,566.0,544.5,556.8,995734.0,80.57
2024-06-20,560.0,560.0,551.75,555.3,771941.0,88.05
2024-06-21,557.95,581.4,553.65,555.85,721428.0,42.93
2024-06-24,555.85,559.25,540.1,543.55,205174.0,53.92
2024-06-25,546.1,563.6,546.1,552.1,911545.0,77.92
2024-06-26,557.15,560.0,542.55,556.95,490565.0,73.78
2024-06-27,556.95,564.9,551.2,557.0,642985.0,76.02
2024-06-28,559.95,569.0,551.05,555.45,393993.0,62.46
2024-07-01,558.95,570.0,548.3,554.0,505459.0,54.49
2024-07-02,554.7,555.75,543.05,545.5,138124.0,57.13
2024-07-03,547.0,579.0,538.05,548.3,988583.0,47.13
2024-07-04,546.95,553.95,544.2,545.5,175662.0,53.29
2024-07-05,544.45,551.6,543.1,547.85,102724.0,44.89
2024-07-08,547.9,553.2,535.55,540.5,267120.0,56.66
2024-07-09,540.35,551.0,537.0,539.75,248750.0,65.45
2024-07-10,540.0,550.0,515.95,522.4,410974.0,52.73
2024-07-11,522.4,528.85,516.25,518.4,174706.0,51.85
2024-07-12,520.05,530.55,519.05,524.7,206517.0,48.11
2024-07-15,532.5,538.7,521.05,534.5,527050.0,77.71
2024-07-16,535.0,546.0,535.0,539.35,308854.0,60.39
2024-07-17,535.0,546.0,535.0,539.35,308854.0,60.39
2024-07-18,540.0,545.95,527.3,542.3,316793.0,56.14
2024-07-19,533.5,541.9,523.15,529.35,293077.0,72.94
2024-07-22,518.05,534.05,510.6,530.05,157808.0,50.83
2024-07-23,531.0,536.0,516.1,532.9,210525.0,58.87
2024-07-24,532.15,550.0,530.0,541.25,192846.0,42.36
2024-07-25,540.5,548.5,520.2,534.2,171970.0,41.27
2024-07-26,540.5,575.0,537.05,544.95,1574022.0,24.27
2024-07-29,546.7,562.25,543.35,552.95,480627.0,39.54
2024-07-30,553.0,566.0,550.2,559.9,441816.0,77.25
2024-07-31,560.6,573.5,551.55,554.0,369673.0,51.62
2024-08-01,573.5,573.85,534.0,536.9,349515.0,55.95
2024-08-02,528.65,565.55,515.35,520.45,1071133.0,24.33
2024-08-05,507.85,510.45,486.8,492.15,659187.0,64.42
2024-08-06,496.8,520.0,488.75,504.85,483312.0,28.04
2024-08-07,509.8,512.0,488.65,490.0,292365.0,59.6
2024-08-08,491.0,493.95,482.05,490.2,193674.0,44.53
2024-08-09,500.0,500.0,477.0,480.0,240198.0,55.01
2024-08-12,480.5,506.9,477.05,488.45,2788795.0,21.88
2024-08-13,493.0,506.0,488.45,495.9,889566.0,38.66
2024-08-14,496.9,499.05,483.25,492.9,312899.0,40.57
2024-08-15,496.9,499.05,483.25,492.9,312899.0,40.57
2024-08-16,501.95,515.9,497.25,512.4,393219.0,44.94
2024-08-19,517.0,536.8,516.85,528.05,325623.0,46.92
2024-08-20,528.8,534.6,522.75,529.45,194300.0,43.08
2024-08-21,532.1,535.4,523.05,532.6,154636.0,48.92
2024-08-22,537.35,549.35,516.0,524.1,442187.0,44.39
2024-08-23,528.35,533.0,521.6,525.45,238802.0,47.08
2024-08-26,529.2,529.3,507.0,515.2,299638.0,43.45
2024-08-27,515.2,524.0,508.15,517.45,196372.0,52.11
2024-08-28,518.7,533.3,512.95,522.3,263246.0,43.19
2024-08-29,524.8,527.4,510.0,521.6,204551.0,51.69
2024-08-30,522.1,524.05,505.95,508.45,266854.0,59.62
2024-09-02,511.85,514.8,504.75,506.6,187844.0,55.02
2024-09-03,509.9,513.95,501.0,501.5,184065.0,62.39
2024-09-04,499.5,505.05,489.8,497.35,172319.0,49.2
2024-09-05,502.0,504.35,495.1,501.55,129951.0,52.35
2024-09-06,505.0,508.75,497.05,504.7,149071.0,59.17
2024-09-09,501.2,504.0,488.3,501.6,155956.0,50.94
2024-09-10,504.95,527.9,502.35,524.3,285386.0,59.46
2024-09-11,529.0,533.0,518.6,520.55,252382.0,42.62
2024-09-12,527.9,528.3,509.1,517.75,131861.0,46.94
2024-09-13,522.9,525.5,515.1,522.4,110004.0,47.92
2024-09-16,529.0,540.0,517.65,519.65,264285.0,47.76
2024-09-17,521.9,527.0,515.1,518.55,154903.0,44.9
2024-09-18,522.2,525.0,508.75,515.55,128357.0,47.61
2024-09-19,519.3,522.3,505.0,516.05,199889.0,52.18
2024-09-20,515.1,520.0,506.05,517.05,122516.0,46.29
2024-09-23,520.7,523.9,503.65,516.75,261521.0,63.01
2024-09-24,519.6,536.0,516.75,528.95,337848.0,47.06
2024-09-25,532.1,632.0,525.5,614.5,14133321.0,8.06
2024-09-26,595.0,608.8,583.2,589.45,3437916.0,11.21
2024-09-27,584.0,588.25,562.2,566.1,920605.0,29.95
2024-09-30,566.1,642.0,559.6,631.75,15253647.0,6.09
2024-10-01,624.7,688.9,604.0,674.55,9085950.0,8.63
2024-10-02,624.7,688.9,604.0,674.55,9085950.0,8.63
2024-10-03,658.8,675.0,638.55,648.45,4202366.0,14.01
2024-10-04,642.0,649.95,602.0,608.0,1632874.0,20.38
2024-10-07,612.0,625.35,575.55,583.8,1444660.0,22.92
2024-10-08,579.95,649.0,576.9,634.85,5857821.0,14.89
2024-10-09,632.0,649.9,620.0,623.25,1241194.0,28.95
2024-10-10,624.95,626.7,603.0,606.35,706763.0,41.13
2024-10-11,606.75,608.55,584.05,587.65,841365.0,38.32
2024-10-14,589.85,589.85,536.65,550.45,2953322.0,38.31
2024-10-15,555.95,558.45,538.8,552.25,1324059.0,39.37
2024-10-16,552.75,574.7,538.1,567.2,1648146.0,40.68
2024-10-17,570.8,573.5,545.0,546.8,617014.0,36.66
2024-10-18,543.85,543.85,530.0,536.8,643199.0,36.52
2024-10-21,536.55,537.45,503.1,506.6,1197224.0,53.91
2024-10-22,509.75,523.5,495.5,505.35,2114176.0,31.75
2024-10-23,499.9,517.95,485.55,500.95,1188394.0,36.27
2024-10-24,495.95,503.5,495.1,500.8,371336.0,48.86
2024-10-25,499.75,499.75,466.4,485.45,778468.0,42.8
2024-10-28,481.0,485.05,468.0,481.5,707788.0,42.49
2024-10-29,480.0,503.7,480.0,500.2,1417204.0,32.78
2024-10-30,496.1,523.0,493.1,510.2,849674.0,40.31
2024-10-31,511.85,551.9,504.55,538.3,1815674.0,23.53
2024-11-01,540.0,550.0,523.2,533.3,233370.0,38.98
2024-11-04,527.4,539.4,506.35,536.3,848882.0,26.26
2024-11-05,535.9,543.3,506.45,512.5,1738357.0,21.99
2024-11-06,511.55,517.6,494.0,498.95,1166893.0,43.09
2024-11-07,499.65,522.4,497.0,512.5,881574.0,26.58
2024-11-08,512.0,512.0,492.0,494.35,410757.0,43.05
2024-11-11,493.95,493.95,476.2,482.05,581107.0,37.2
2024-11-12,482.9,484.0,470.0,473.1,284819.0,36.08
2024-11-13,470.0,483.95,439.1,475.7,1260328.0,35.71
2024-11-14,477.45,497.05,471.0,488.4,664126.0,30.76
2024-11-18,485.0,485.0,459.0,466.7,483804.0,44.45
2024-11-19,462.0,482.55,462.0,469.8,541218.0,31.24
2024-11-20,462.0,482.55,462.0,469.8,541218.0,31.24
2024-11-21,464.0,465.9,446.35,448.15,491826.0,41.26
2024-11-22,448.2,461.9,446.85,454.5,409767.0,34.53
2024-11-25,461.25,488.75,456.25,474.1,829741.0,28.0
2024-11-26,471.5,499.6,470.0,484.0,851615.0,15.38
2024-11-27,484.0,498.05,481.5,495.8,268780.0,26.79
2024-11-28,495.8,512.4,491.15,498.4,446131.0,36.88
2024-11-29,495.0,515.5,488.0,508.7,534313.0,26.58
2024-12-02,511.5,522.1,503.8,520.05,581953.0,34.42
2024-12-03,524.25,525.05,516.65,518.4,280115.0,45.79
2024-12-04,520.8,531.0,516.0,520.75,538608.0,44.68
2024-12-05,520.9,525.9,514.0,520.9,363149.0,44.56
2024-12-06,520.9,528.5,514.75,516.7,230670.0,39.91
2024-12-09,518.9,520.6,505.0,506.35,201650.0,41.68
2024-12-10,506.35,511.8,498.6,507.8,258370.0,37.01
2024-12-11,511.0,518.95,506.05,515.8,210707.0,39.46
2024-12-12,517.35,518.05,496.85,499.45,294869.0,38.51
2024-12-13,499.85,501.7,492.0,496.55,267466.0,50.32
2024-12-16,500.0,503.0,492.95,495.35,235501.0,55.89
2024-12-17,495.35,510.0,495.1,497.45,378661.0,36.45
2024-12-18,501.05,503.9,492.05,499.85,148353.0,35.43
2024-12-19,497.3,501.0,490.85,498.05,124107.0,51.96
2024-12-20,495.25,501.5,489.5,496.6,345088.0,58.5
2024-12-23,486.95,496.2,470.4,474.25,533583.0,37.16
2024-12-24,477.0,482.6,472.95,477.1,151448.0,33.81
2024-12-25,477.0,482.6,472.95,477.1,151448.0,33.81
2024-12-26,477.1,479.35,462.9,465.0,152919.0,39.02
2024-12-27,465.2,478.2,465.0,467.15,236936.0,33.55
2024-12-30,467.15,475.1,459.8,461.4,801616.0,65.09
2024-12-31,461.45,467.4,450.55,462.8,306729.0,43.46
2025-01-01,460.3,486.0,459.0,480.6,955806.0,24.51
2025-01-02,480.1,484.15,471.6,478.25,318569.0,41.76
2025-01-03,478.25,562.8,478.25,551.1,13619711.0,6.35
2025-01-06,535.0,593.9,532.6,572.45,11828243.0,12.15
2025-01-07,569.95,595.0,556.0,573.35,3063404.0,17.21
2025-01-08,573.8,574.55,543.7,548.45,750845.0,23.61
2025-01-09,555.0,603.8,542.9,552.3,8527311.0,7.6
2025-01-10,562.9,562.9,525.05,529.55,1267280.0,13.09
2025-01-13,521.6,551.4,513.35,522.0,1161251.0,13.0
2025-01-14,519.1,549.7,502.2,541.15,1120498.0,20.2
2025-01-15,545.0,556.0,525.05,531.4,1039670.0,22.25
2025-01-16,536.55,541.7,512.05,515.45,548857.0,33.47
2025-01-17,514.8,529.0,503.55,522.2,631526.0,32.09
2025-01-20,524.2,555.0,522.55,550.05,1660050.0,15.78
2025-01-21,547.0,548.95,531.05,537.3,361541.0,24.95
2025-01-22,536.6,538.15,516.05,529.75,304886.0,20.8
2025-01-23,530.3,530.45,520.0,522.25,162753.0,34.35
2025-01-24,522.2,523.75,504.4,508.85,314148.0,42.43
2025-01-27,504.95,504.95,464.95,470.15,619477.0,34.17
2025-01-28,476.1,494.7,455.2,478.75,812949.0,24.61
2025-01-29,478.9,502.4,477.55,488.75,506187.0,25.88
2025-01-30,489.7,490.0,470.0,471.75,264890.0,39.44
2025-01-31,472.0,484.1,465.85,476.05,289747.0,30.49
2025-02-03,479.95,549.0,472.0,541.75,8742953.0,4.56
2025-02-04,530.0,533.8,516.8,523.65,884145.0,14.02
2025-02-05,524.1,546.15,519.4,526.65,824596.0,19.36
2025-02-06,526.0,541.0,520.9,529.5,436692.0,20.71
2025-02-07,528.9,536.45,522.05,529.45,503342.0,20.64
2025-02-10,529.9,545.9,498.25,537.25,3776698.0,10.17
2025-02-11,531.0,533.7,504.0,517.45,896290.0,16.71
2025-02-12,521.65,528.75,506.65,520.65,642779.0,22.74
2025-02-13,523.0,537.0,513.0,518.5,569074.0,30.06
2025-02-14,516.0,520.0,483.55,486.75,728632.0,44.71
2025-02-17,482.45,492.5,470.25,477.25,499926.0,34.65
2025-02-18,479.65,480.95,465.65,471.55,365015.0,33.26
2025-02-19,471.55,501.45,469.05,498.55,602091.0,42.44
2025-02-20,493.6,507.0,487.8,501.65,324641.0,33.41
2025-02-21,502.35,503.2,493.1,500.05,232749.0,34.86
2025-02-24,496.5,502.35,489.75,497.45,165457.0,28.11
2025-02-25,500.0,504.85,493.2,497.15,202032.0,45.92
2025-02-27,494.05,496.2,474.55,480.55,167667.0,34.7
2025-02-28,470.0,476.55,437.7,443.75,805632.0,48.3
2025-03-03,446.55,459.0,417.4,448.4,707724.0,25.31
2025-03-04,448.05,475.95,433.15,465.4,718178.0,26.22
2025-03-05,470.1,479.2,462.0,477.25,302875.0,37.7
2025-03-06,476.05,484.0,473.0,478.45,284178.0,40.58
2025-03-07,475.95,502.8,474.6,490.9,494598.0,29.65
2025-03-10,490.05,509.9,480.2,486.05,508201.0,15.72
2025-03-11,478.75,494.85,470.45,484.55,380062.0,27.01
2025-03-12,484.55,488.0,473.55,479.0,271081.0,39.22
2025-03-13,481.95,497.85,477.3,495.0,417175.0,41.88
2025-03-17,490.25,499.0,484.85,486.7,327667.0,26.47
2025-03-18,489.9,502.95,486.7,499.7,254640.0,36.56
2025-03-19,498.05,506.6,492.8,502.3,322685.0,55.97
2025-03-20,503.1,525.0,503.1,516.95,762037.0,29.13
2025-03-21,515.15,533.0,505.1,508.25,612446.0,47.16
2025-03-24,517.4,520.95,508.05,514.55,561347.0,61.33
2025-03-25,518.35,524.3,502.5,520.65,591235.0,45.84
2025-03-26,517.25,540.0,503.45,507.55,430472.0,29.45
2025-03-27,507.0,522.0,496.25,512.45,353822.0,40.68
2025-03-28,514.5,522.0,508.05,511.65,225454.0,40.34
2025-04-01,512.5,520.0,509.55,516.25,107531.0,35.42
2025-04-02,513.7,537.0,510.0,514.85,461760.0,29.37
2025-04-03,512.3,518.35,501.5,506.3,279926.0,50.47
2025-04-04,510.1,510.1,487.25,499.65,273435.0,42.66
2025-04-07,440.5,505.0,440.5,490.2,269777.0,30.2
2025-04-08,499.65,502.7,493.15,499.0,293533.0,54.46
2025-04-09,499.95,519.7,498.1,512.35,604654.0,26.96
2025-04-11,520.0,532.8,519.1,524.05,355245.0,41.87
2025-04-15,522.45,540.45,515.75,535.95,432276.0,33.03
2025-04-16,537.25,550.0,530.85,548.05,414452.0,41.84
2025-04-17,545.0,558.0,545.0,554.0,318877.0,39.99
2025-04-21,554.0,561.95,546.0,555.45,409250.0,39.3
2025-04-22,556.0,567.1,555.6,562.2,282965.0,57.25
2025-04-23,570.0,570.0,559.0,565.55,272391.0,39.36
2025-04-24,565.0,569.95,542.05,544.55,235912.0,39.04
2025-04-25,550.7,565.0,530.55,546.0,724848.0,23.15
2025-04-28,540.0,560.5,537.6,556.1,283832.0,30.55
2025-04-29,564.0,564.5,546.8,560.35,224837.0,39.25
2025-04-30,560.35,561.0,520.3,524.05,392183.0,44.4
2025-05-02,524.05,536.25,517.1,532.8,197872.0,31.62
2025-05-05,534.5,542.9,524.2,540.9,267021.0,50.76
2025-05-06,540.0,540.0,519.8,533.1,267293.0,57.53
2025-05-07,520.0,538.75,519.95,534.6,182633.0,40.92
2025-05-08,538.8,552.0,528.05,547.05,436638.0,49.84
2025-05-09,540.0,540.0,526.5,535.25,148969.0,23.35
2025-05-12,543.0,550.5,539.85,543.0,126004.0,46.5
2025-05-13,543.5,545.95,534.3,544.2,163778.0,49.66
2025-05-14,548.0,555.0,540.1,548.15,158573.0,41.79
2025-05-15,543.15,565.0,543.15,555.4,791291.0,31.2
2025-05-16,558.0,558.15,528.45,540.15,841782.0,51.04
2025-05-19,540.25,546.35,530.0,530.9,454935.0,72.66
2025-05-20,533.45,540.0,530.0,537.6,279533.0,66.38
2025-05-21,537.6,538.9,530.0,536.15,169595.0,57.42
2025-05-22,536.1,541.55,530.25,537.65,141360.0,42.39
2025-05-23,536.0,547.55,532.8,543.05,174380.0,51.66
2025-05-26,546.65,558.1,536.85,554.9,336147.0,43.4
2025-05-27,554.05,560.0,541.2,559.15,308372.0,38.32
2025-05-28,560.0,560.0,552.7,554.8,136739.0,39.65
2025-05-29,558.5,558.5,542.45,548.25,159348.0,42.49
2025-05-30,546.8,546.8,537.0,542.55,214308.0,51.11
2025-06-02,540.25,550.0,537.4,546.85,179046.0,47.95
2025-06-03,548.0,556.65,545.2,552.0,294864.0,72.34
2025-06-04,556.1,603.0,555.05,567.5,5961697.0,10.0
2025-06-05,573.0,585.0,573.0,579.9,821384.0,41.47
2025-06-06,582.0,582.5,565.1,573.5,375708.0,43.32
2025-06-09,577.8,579.55,560.35,564.4,247532.0,51.98
2025-06-10,562.6,571.45,556.85,559.5,269112.0,46.69
2025-06-11,558.0,559.0,545.5,548.0,189332.0,46.81
2025-06-12,548.2,554.5,540.05,542.8,157015.0,47.95
2025-06-13,536.55,540.35,529.05,537.15,183119.0,48.75
2025-06-16,537.0,545.9,531.15,543.0,190246.0,38.31
2025-06-17,541.0,552.25,541.0,542.9,212511.0,44.58
2025-06-18,540.0,542.15,522.0,524.2,160330.0,43.03
2025-06-19,524.2,533.0,512.0,513.25,267760.0,51.65
2025-06-20,518.0,521.65,495.65,499.7,934627.0,59.45
2025-06-23,500.0,526.35,495.1,503.65,1250591.0,18.77
2025-06-24,507.5,514.95,500.6,503.45,306741.0,50.53
2025-06-25,506.25,510.4,500.8,502.25,195698.0,47.45
2025-06-26,504.75,507.85,496.5,500.85,191230.0,53.35
2025-06-27,502.45,510.0,500.3,501.8,182303.0,39.88
2025-06-30,503.1,508.55,497.5,498.45,169373.0,54.13
2025-07-01,500.9,503.6,492.1,494.65,220221.0,54.05
2025-07-02,496.0,499.9,490.9,492.5,134369.0,55.09
2025-07-03,496.0,504.45,493.35,497.75,696925.0,41.45
2025-07-04,499.8,503.65,493.05,494.35,220243.0,44.73
2025-07-07,494.35,496.35,486.75,489.55,161236.0,58.54
2025-07-08,490.5,496.0,482.95,493.95,306761.0,29.71
2025-07-09,492.75,504.0,491.5,502.25,275756.0,53.37
2025-07-10,503.9,504.65,498.0,500.45,148793.0,54.24
2025-07-11,502.9,502.9,488.55,490.4,133724.0,49.77
2025-07-14,493.4,493.5,478.9,483.7,169976.0,46.45
2025-07-15,484.0,491.4,481.05,483.5,126683.0,50.36
2025-07-16,485.45,488.0,479.0,480.6,163178.0,54.77
2025-07-17,481.05,488.95,481.05,487.1,131570.0,61.06
2025-07-18,490.95,520.0,490.1,509.5,6492075.0,6.36
2025-07-21,509.5,514.4,501.9,508.1,344573.0,29.95
2025-07-22,507.0,511.45,499.0,501.6,218512.0,37.77
2025-07-23,501.9,503.75,491.55,494.65,159675.0,37.0
2025-07-24,495.0,499.0,490.4,494.15,117925.0,39.26
2025-07-25,494.55,498.6,482.0,485.65,150683.0,45.12
2025-07-28,480.7,485.15,471.5,474.4,126974.0,45.99
2025-07-29,474.9,482.0,466.1,480.7,116976.0,42.23
2025-07-30,484.3,491.85,475.5,483.1,225598.0,26.75
2025-07-31,481.0,498.0,471.0,483.3,556710.0,18.21
2025-08-01,479.85,490.85,471.05,473.55,216514.0,52.28
2025-08-04,471.5,476.55,468.8,471.15,236151.0,60.92
2025-08-05,472.0,483.8,472.0,480.8,168633.0,45.46
2025-08-06,483.2,516.45,479.15,485.6,3936601.0,10.68
2025-08-07,483.0,488.8,476.05,482.95,296622.0,36.49
2025-08-08,484.8,502.7,480.3,495.65,587056.0,31.89
2025-08-11,496.4,504.0,483.5,486.25,217014.0,48.04
2025-08-12,485.15,491.95,478.05,478.75,165188.0,40.39
2025-08-13,480.25,486.9,475.95,480.25,143223.0,42.86
2025-08-14,482.7,484.9,477.1,479.75,244086.0,80.48
2025-08-18,483.1,489.0,481.05,485.75,140592.0,54.54
2025-08-19,488.0,488.0,481.15,482.75,69391.0,47.6
2025-08-20,481.55,488.0,480.0,485.65,95024.0,38.38
2025-08-21,490.0,492.1,480.85,482.4,109101.0,51.8
2025-08-22,482.4,502.85,480.15,489.3,627788.0,27.69
2025-08-25,494.7,498.95,485.05,487.35,172167.0,30.02
2025-08-26,487.05,487.05,475.0,476.95,180541.0,55.19
2025-08-28,475.3,486.05,475.25,479.85,130895.0,49.35
2025-08-29,481.0,485.7,479.05,482.3,146033.0,58.69
2025-09-01,484.25,488.9,479.2,484.7,67434.0,46.17
2025-09-02,484.1,503.4,484.1,491.9,422613.0,36.07
2025-09-03,492.8,499.35,489.0,494.6,111700.0,46.68
2025-09-04,494.6,499.9,488.35,490.9,77394.0,46.61
2025-09-05,494.3,494.3,487.0,490.15,112942.0,62.93
2025-09-08,490.95,512.8,490.9,502.05,566224.0,43.21
2025-09-09,504.3,504.3,497.6,500.0,360625.0,84.74
2025-09-10,502.5,508.25,496.3,499.7,125271.0,45.95
2025-09-11,498.0,502.0,494.25,496.6,58225.0,48.33
2025-09-12,498.6,500.0,491.3,492.75,78977.0,59.06
2025-09-15,492.8,496.1,489.6,490.85,118665.0,63.92
2025-09-16,492.55,496.5,492.1,495.05,56599.0,56.23
2025-09-17,496.5,497.9,490.2,493.7,138692.0,69.14
2025-09-18,499.0,517.7,489.6,492.1,1665292.0,25.56
2025-09-19,491.0,495.0,487.2,490.6,316934.0,63.98
2025-09-22,490.65,493.8,482.35,484.45,109161.0,54.75
2025-09-23,485.05,488.1,475.0,481.8,289384.0,62.84
2025-09-24,481.05,482.6,475.0,476.4,691107.0,80.24
2025-09-25,475.05,478.4,470.8,473.7,509502.0,83.73
2025-09-26,470.2,483.1,467.25,472.25,253644.0,46.88
2025-09-29,472.0,476.1,462.35,464.3,268362.0,65.21
2025-09-30,466.9,471.0,460.1,469.15,116460.0,46.23
2025-10-01,470.55,473.8,466.0,472.95,367945.0,82.95
2025-10-03,475.3,477.55,468.9,472.9,330969.0,76.3
2025-10-06,470.05,472.5,465.05,466.05,148104.0,58.89
2025-10-07,467.3,473.9,461.7,471.45,155307.0,50.14
2025-10-08,471.2,471.6,458.25,460.55,193390.0,57.3
2025-10-09,458.55,459.7,450.5,452.15,141275.0,44.21
2025-10-10,452.25,455.2,449.25,451.75,95833.0,53.02
2025-10-13,462.0,470.85,450.0,458.95,816668.0,37.32
2025-10-14,456.0,462.95,450.1,461.25,147804.0,40.22
2025-10-15,461.45,462.0,454.15,459.0,209990.0,50.95
2025-10-16,462.1,463.0,451.5,457.9,555656.0,72.34
2025-10-17,457.9,459.25,447.4,451.0,222035.0,59.12
2025-10-20,450.9,457.6,449.0,454.65,86976.0,46.17
2025-10-21,456.8,458.3,454.65,455.85,20183.0,57.0
2025-10-22,456.8,458.3,454.65,455.85,20183.0,57.0
2025-10-23,458.9,458.9,450.4,451.8,100722.0,62.9
2025-10-24,451.8,462.0,451.05,457.75,102070.0,48.59
2025-10-27,461.75,461.75,452.0,453.45,95358.0,55.85
2025-10-28,452.15,460.4,451.55,455.15,90494.0,53.31
2025-10-29,457.95,459.6,452.5,458.35,76092.0,46.25
2025-10-30,459.2,462.3,457.05,459.75,61534.0,50.83
2025-10-31,461.65,462.95,453.0,454.9,74719.0,53.82
2025-11-03,457.1,458.0,453.0,456.15,38349.0,54.5
2025-11-04,456.85,460.0,451.0,452.45,65199.0,57.98
2025-11-05,456.85,460.0,451.0,452.45,65199.0,57.98
2025-11-06,437.4,450.5,418.0,426.35,743655.0,52.1
2025-11-07,425.0,426.4,402.8,409.1,501134.0,50.26
2025-11-10,414.5,425.0,409.0,418.95,808180.0,67.27
2025-11-11,406.6,414.45,403.8,407.7,445254.0,64.59
2025-11-12,405.05,410.7,405.05,407.8,416393.0,74.98
2025-11-13,407.0,407.8,395.0,396.8,468727.0,70.65
2025-11-14,397.25,405.85,395.15,399.9,685035.0,61.15
2025-11-17,400.0,403.35,395.0,396.25,596219.0,73.37
2025-11-18,396.25,400.45,394.3,396.55,256237.0,56.97
2025-11-19,397.95,397.95,378.0,388.35,833112.0,51.59
2025-11-20,389.0,392.5,384.1,388.2,356079.0,60.47
2025-11-21,388.0,388.05,374.05,375.0,321315.0,51.47
2025-11-24,375.25,376.5,364.8,370.55,403267.0,59.82
2025-11-25,369.45,375.65,364.15,370.9,338721.0,52.43
2025-11-26,370.0,385.0,370.0,380.4,783617.0,54.8
2025-11-27,382.9,407.2,380.6,399.75,9075196.0,31.84
2025-11-28,397.55,409.9,394.15,397.5,1894929.0,30.62
2025-12-01,397.15,408.0,393.25,395.45,885634.0,47.05
2025-12-02,393.35,394.35,379.05,382.75,1036039.0,41.66
2025-12-03,376.9,386.1,369.9,370.65,586770.0,53.52
2025-12-04,371.95,371.95,366.0,368.15,541953.0,60.91
2025-12-05,368.15,372.8,360.3,370.3,440777.0,46.52
2025-12-08,371.25,371.25,346.25,347.9,1086896.0,53.26
2025-12-09,344.0,363.8,340.3,361.45,1045163.0,48.67
2025-12-10,357.1,375.1,357.1,367.5,517497.0,31.07
2025-12-11,366.05,369.3,362.2,366.9,219708.0,40.8
2025-12-12,367.8,370.0,361.6,365.45,211342.0,47.18
2025-12-15,365.8,381.15,365.45,376.25,964378.0,27.66
2025-12-16,376.0,382.35,372.35,379.35,485348.0,48.33
2025-12-17,384.5,389.8,347.05,354.3,2257592.0,29.27
2025-12-18,354.65,360.0,348.0,349.4,896844.0,43.5
2025-12-19,352.2,352.2,342.4,348.2,452234.0,39.94
2025-12-22,351.0,353.4,346.5,347.65,394497.0,56.92
2025-12-23,349.2,349.4,345.0,347.55,259354.0,52.55
2025-12-24,349.0,356.4,346.2,350.3,409114.0,44.29
2025-12-25,349.0,356.4,346.2,350.3,409114.0,44.29
2025-12-26,350.3,352.05,346.5,350.15,404005.0,64.82
2025-12-29,350.95,361.85,344.5,357.5,1469926.0,48.04
2025-12-30,358.0,361.2,350.05,351.15,614812.0,62.55
2025-12-31,351.95,354.55,347.05,351.0,890261.0,78.72
2026-01-01,352.45,355.3,349.45,350.75,221405.0,43.76
2026-01-02,351.95,359.25,348.2,357.95,403299.0,55.31
2026-01-05,357.45,374.2,354.55,370.4,1030902.0,33.22
2026-01-06,370.0,370.0,352.4,353.65,577053.0,43.19
2026-01-07,354.0,381.3,351.0,377.55,4371926.0,31.75
2026-01-08,375.0,378.7,366.0,367.25,500947.0,38.82
2026-01-09,367.3,371.6,362.5,366.55,407520.0,51.16
2026-01-12,365.0,365.05,349.0,352.95,563610.0,45.19
2026-01-13,356.0,357.9,348.85,351.95,170676.0,46.66
2026-01-14,353.75,353.75,345.15,346.8,449734.0,67.39
2026-01-15,353.75,353.75,345.15,346.8,449734.0,67.39
2026-01-16,347.95,353.15,347.4,348.75,278257.0,55.9
2026-01-19,345.0,350.0,343.55,345.9,325375.0,59.96
2026-01-20,344.25,345.0,331.0,332.75,393339.0,50.64
2026-01-21,330.0,332.1,322.0,323.75,288333.0,33.4
2026-01-22,327.3,334.25,324.15,330.35,464326.0,40.43
2026-01-23,333.9,336.0,325.1,333.75,332695.0,57.81
2026-01-26,333.9,336.0,325.1,333.75,332695.0,57.81
2026-01-27,334.0,334.1,318.65,322.65,285714.0,37.15
2026-01-28,323.65,336.0,323.65,333.3,200618.0,33.75
2026-01-29,335.15,343.0,321.0,329.05,352393.0,45.62
2026-01-30,325.0,339.85,324.15,337.2,234785.0,42.87
2026-02-02,337.15,337.15,323.2,329.3,185513.0,41.87
2026-02-03,340.05,340.05,317.1,327.5,1002587.0,25.79
2026-02-04,329.45,330.55,318.15,326.75,400772.0,38.92
2026-02-05,326.1,335.8,325.8,333.5,490918.0,40.84
2026-02-06,333.05,333.05,323.5,329.0,156242.0,32.01
2026-02-09,329.0,354.8,329.0,350.85,893146.0,22.56
2026-02-10,350.85,357.5,347.8,351.0,247905.0,35.99
2026-02-11,351.0,367.6,347.5,365.4,778260.0,34.48
2026-02-12,365.4,365.6,352.5,354.65,215308.0,45.86
2026-02-13,351.9,353.65,341.25,343.05,152592.0,49.27
2026-02-16,344.85,346.4,336.6,339.05,158176.0,32.78
2026-02-17,339.7,346.7,338.15,343.9,113126.0,42.99
2026-02-18,343.9,348.95,338.3,346.85,153666.0,45.12
2026-02-19,346.85,347.1,339.5,341.4,137505.0,63.92
2026-02-20,341.4,344.85,334.05,343.0,451886.0,65.96
2026-02-23,343.0,344.85,339.75,341.7,229803.0,59.91
2026-02-24,339.9,339.9,326.0,328.0,257120.0,57.37
2026-02-25,328.0,335.0,324.0,332.6,330071.0,46.64
2026-02-26,334.9,335.55,327.0,329.75,144585.0,62.26
2026-02-27,329.75,334.95,323.0,333.0,335149.0,64.6
2026-03-02,320.0,330.2,320.0,328.8,183130.0,51.19
2026-03-03,320.0,330.2,320.0,328.8,183130.0,51.19
2026-03-04,328.0,328.8,314.9,316.65,181924.0,47.34
2026-03-05,316.65,329.9,316.65,328.15,365952.0,58.95
2026-03-06,328.15,331.35,319.75,322.25,272118.0,61.25
2026-03-09,312.15,324.0,307.05,323.1,292800.0,49.12
2026-03-10,326.95,327.95,320.25,326.55,244211.0,78.65
2026-03-11,328.35,333.0,322.55,329.3,305556.0,66.87
2026-03-12,327.85,351.1,319.8,347.55,549782.0,49.72
2026-03-13,341.0,351.9,336.0,342.6,723856.0,51.58
2026-03-16,342.6,370.9,338.8,357.4,2522644.0,17.32
2026-03-17,355.0,357.2,347.85,353.05,311915.0,16.54
2026-03-18,351.0,353.85,344.15,351.8,235224.0,41.58
2026-03-19,349.0,349.0,336.15,337.95,176597.0,39.16
2026-03-20,339.9,345.3,337.55,344.1,269143.0,60.63
2026-03-23,337.6,338.75,330.0,331.1,224918.0,49.59
2026-03-24,336.05,342.5,327.8,339.5,243135.0,26.2
2026-03-25,340.75,344.0,329.15,331.75,311667.0,54.92
2026-03-26,340.75,344.0,329.15,331.75,311667.0,54.92
2026-03-27,331.0,333.25,319.0,330.35,517789.0,63.02
2026-03-30,321.6,332.85,317.1,319.3,327928.0,56.81
2026-03-31,321.6,332.85,317.1,319.3,327928.0,56.81
2026-04-01,332.0,338.0,322.05,327.6,395009.0,57.41
2026-04-02,325.35,325.35,317.5,320.5,325373.0,57.78
2026-04-03,325.35,325.35,317.5,320.5,325373.0,57.78
2026-04-06,327.0,327.0,313.0,319.0,509859.0,43.23
2026-04-07,320.0,320.0,308.8,311.1,371744.0,62.94
2026-04-08,317.4,326.0,315.0,320.95,848726.0,50.94
2026-04-09,323.0,328.95,312.05,317.15,894950.0,50.51
2026-04-10,318.9,337.55,318.9,329.5,837973.0,41.08
2026-04-13,330.0,335.5,322.25,330.8,381555.0,27.04
2026-04-14,330.0,335.5,322.25,330.8,381555.0,27.04
2026-04-15,334.0,348.9,333.8,342.3,732483.0,36.24
2026-04-16,346.0,346.75,337.55,343.1,235745.0,34.14
2026-04-17,344.95,351.0,342.05,343.9,300768.0,39.35
2026-04-20,342.0,346.05,338.05,341.5,188455.0,43.75
2026-04-21,345.0,347.7,339.5,340.3,241300.0,40.92
2026-04-22,341.0,345.0,336.4,344.15,207662.0,43.82
2026-04-23,345.0,351.0,338.9,348.4,783106.0,45.96
2026-04-24,349.0,351.8,340.85,346.75,392524.0,38.84
2026-04-27,346.75,365.0,345.55,359.7,899478.0,44.37
2026-04-28,361.0,364.65,356.15,358.75,216039.0,50.4
2026-04-29,361.95,361.95,348.35,349.5,281141.0,50.67
2026-04-30,349.5,349.5,340.5,343.85,196037.0,46.44
2026-05-01,349.5,349.5,340.5,343.85,196037.0,46.44
2026-05-04,346.9,349.6,342.5,345.1,208580.0,43.53
2026-05-05,346.85,353.25,342.0,344.25,231837.0,25.31
2026-05-06,347.0,352.0,343.05,350.95,165594.0,40.91
2026-05-07,355.5,356.8,349.0,349.85,282493.0,60.01
2026-05-08,349.85,375.0,346.8,360.4,927400.0,31.15
2026-05-11,360.05,360.5,347.8,349.2,359079.0,44.46
2026-05-12,349.0,350.85,330.65,332.8,271428.0,49.64
2026-05-13,335.3,339.15,328.1,335.05,218993.0,38.93
2026-05-14,341.0,396.7,339.35,384.55,38733636.0,6.37
2026-05-15,390.0,443.0,389.0,415.75,95651377.0,3.41
2026-05-18,405.15,409.25,386.5,392.35,10630178.0,6.37
2026-05-19,392.35,401.2,383.6,394.3,3442432.0,13.74
2026-05-20,393.9,423.0,387.0,406.5,10952317.0,6.69
2026-05-21,416.0,416.0,400.2,406.4,2299265.0,10.88
2026-05-22,405.9,414.95,398.3,402.3,1292660.0,15.01
2026-05-25,407.5,407.5,395.1,397.6,899266.0,23.51
2026-05-26,398.0,407.0,394.1,396.05,650709.0,18.69
2026-05-27,398.5,426.8,396.2,417.3,4766077.0,11.22
2026-05-28,398.5,426.8,396.2,417.3,4766077.0,11.22
2026-05-29,420.0,428.0,411.6,424.15,1603546.0,29.34
2026-06-01,444.0,477.5,438.6,459.75,18131508.0,9.18
2026-06-02,457.0,463.45,444.25,457.6,2431156.0,16.88
2026-06-03,457.6,469.9,443.1,462.3,1874240.0,27.07
2026-06-04,459.0,466.6,451.0,452.6,1402779.0,29.4
2026-06-05,457.0,479.0,454.6,476.2,4026582.0,17.47
2026-06-08,465.55,485.0,450.55,456.9,1972391.0,26.92
2026-06-09,458.0,460.15,445.3,449.3,1334143.0,28.8
2026-06-10,449.3,453.45,435.45,438.05,647593.0,22.39
2026-06-11,438.05,457.2,433.25,452.3,1201669.0,17.33
2026-06-12,459.0,469.0,449.0,455.85,1394362.0,27.37
2026-06-15,459.9,468.05,452.15,462.6,890587.0,34.6
2026-06-16,469.8,471.55,459.5,464.55,609168.0,31.71
2026-06-17,464.05,464.05,450.2,453.4,478075.0,32.06
2026-06-18,455.0,460.5,453.4,456.15,347314.0,24.24
2026-06-19,458.75,469.5,456.15,465.9,879079.0,30.56
2026-06-22,468.9,480.85,464.3,477.25,764912.0,29.57
2026-06-23,477.25,489.95,471.1,473.4,999723.0,31.63
2026-06-24,473.5,483.65,461.55,471.1,464528.0,28.45
2026-06-25,472.9,486.65,465.4,480.7,871473.0,30.78
2026-06-26,472.9,486.65,465.4,480.7,871473.0,30.78
2026-06-29,482.0,509.9,475.75,498.9,2529480.0,24.41
2026-06-30,496.0,498.05,489.0,492.8,327193.0,28.64
2026-07-01,493.9,503.9,489.1,492.35,325236.0,32.49
2026-07-02,490.0,499.8,485.55,494.3,303270.0,31.04
2026-07-03,496.6,497.0,482.75,485.75,233968.0,37.52
2026-07-06,487.9,493.0,477.0,488.05,265309.0,31.43
2026-07-07,488.95,490.0,456.1,460.15,460054.0,35.55
2026-07-08,457.9,463.8,443.35,447.2,375053.0,32.63
2026-07-09,450.0,479.9,450.0,476.1,1342190.0,12.61
2026-07-10,477.05,481.05,469.4,479.2,345784.0,34.18
2026-07-13,479.1,503.0,470.15,498.5,822815.0,30.26
2026-07-14,498.95,499.7,481.65,483.5,451661.0,37.38
2026-07-15,487.6,499.0,483.5,490.6,693616.0,46.6
2026-07-16,486.95,495.0,484.15,489.55,481997.0,33.4
2026-07-17,489.5,497.6,482.95,494.85,341267.0,26.95
2026-07-20,493.0,518.55,491.35,514.15,2403122.0,30.99
2026-07-21,511.85,519.8,505.4,516.2,445745.0,30.5
2026-07-22,516.95,517.8,486.95,489.4,398827.0,35.32
2026-07-23,488.0,500.4,485.15,488.75,485491.0,31.95
2026-07-24,485.0,498.3,470.4,496.5,417896.0,30.5
2026-07-27,502.7,518.0,494.2,514.85,625299.0,28.51
2026-07-28,514.45,531.0,508.1,524.25,1374091.0,37.19
2026-07-29,522.0,535.5,517.05,530.45,628097.0,36.12
2026-07-30,530.95,535.9,519.85,521.4,270017.0,33.42
2026-07-31,522.8,531.3,517.3,522.85,257411.0,34.25
2026-08-03,522.85,532.9,508.1,514.2,363206.0,41.73
2026-08-04,511.95,547.5,493.7,542.55,6169224.0,18.79
2026-08-05,547.5,574.5,538.55,557.25,2472015.0,23.8
2026-08-06,561.9,561.9,523.85,528.0,1169148.0,36.18
2026-08-07,525.0,539.95,513.15,519.2,473141.0,38.24
2026-08-10,519.2,532.65,509.25,530.05,408612.0,33.28
2026-08-11,529.0,543.3,525.0,529.1,378968.0,38.54
2026-08-12,529.1,529.5,514.05,516.05,178262.0,42.59
2026-08-13,520.25,541.95,518.0,531.65,646371.0,38.06
2026-08-14,535.65,536.0,515.2,527.3,747795.0,53.63
2026-08-19,514.0,521.6,507.1,508.5,243353.0,44.55
2026-08-20,508.55,523.8,508.55,520.2,279399.0,37.2
2026-08-21,519.0,522.0,504.1,506.55,294119.0,47.19
