,Open,High,Low,Close,Volume,DeliveryPct
2016-08-22,2588.0,2594.45,2536.3,2548.7,1132637.0,
2016-08-23,2544.95,2604.95,2540.2,2601.05,751687.0,
2016-08-24,2589.8,2602.0,2569.05,2572.05,558439.0,
2016-08-25,2580.0,2589.7,2526.0,2551.05,969845.0,
2016-08-26,2559.8,2572.55,2517.2,2524.95,625157.0,
2016-08-29,2534.95,2534.95,2466.75,2500.55,744364.0,
2016-08-30,2510.0,2549.8,2501.25,2544.15,722013.0,
2016-08-31,2550.0,2550.0,2500.85,2511.3,1615834.0,
2016-09-01,2524.9,2534.95,2487.05,2507.5,672868.0,
2016-09-02,2512.0,2519.4,2496.05,2514.8,871165.0,
2016-09-06,2519.9,2520.15,2480.0,2484.05,1119533.0,
2016-09-07,2499.7,2499.7,2423.0,2440.55,1927020.0,
2016-09-08,2360.0,2360.0,2284.75,2322.1,3510758.0,
2016-09-09,2329.7,2366.65,2320.05,2352.45,1371219.0,
2016-09-12,2337.0,2363.95,2324.0,2359.05,1012227.0,
2016-09-14,2362.0,2377.6,2310.0,2328.45,1034929.0,
2016-09-15,2339.95,2342.1,2316.75,2326.95,1409482.0,
2016-09-16,2336.7,2376.0,2320.0,2361.7,2179002.0,
2016-09-19,2365.0,2427.0,2350.0,2411.45,1401273.0,
2016-09-20,2411.0,2416.9,2385.4,2406.5,592276.0,
2016-09-21,2407.7,2424.0,2400.7,2413.4,839010.0,
2016-09-22,2425.25,2428.0,2371.1,2378.0,1428787.0,
2016-09-23,2382.0,2403.85,2371.15,2398.1,900363.0,
2016-09-26,2401.1,2419.1,2395.0,2401.1,876738.0,
2016-09-27,2401.1,2448.0,2401.1,2436.1,1019396.0,
2016-09-28,2431.0,2437.5,2415.2,2423.05,865664.0,
2016-09-29,2435.0,2456.5,2419.6,2437.8,1801979.0,
2016-09-30,2437.05,2449.8,2423.1,2430.8,1087682.0,
2016-10-03,2450.0,2457.65,2401.1,2411.7,909440.0,
2016-10-04,2420.0,2425.05,2398.0,2405.15,890359.0,
2016-10-05,2408.0,2415.4,2376.1,2386.35,588177.0,
2016-10-06,2395.0,2402.4,2372.75,2388.75,1133786.0,
2016-10-07,2388.0,2388.0,2358.2,2367.8,908256.0,
2016-10-10,2369.9,2386.9,2355.05,2380.3,601071.0,
2016-10-13,2363.3,2369.9,2320.9,2328.9,2586667.0,
2016-10-14,2315.0,2387.0,2291.0,2366.2,3870607.0,
2016-10-17,2368.9,2375.8,2344.4,2362.45,1364173.0,
2016-10-18,2376.0,2415.7,2354.8,2400.2,1064316.0,
2016-10-19,2401.0,2410.0,2370.3,2395.1,992529.0,
2016-10-20,2396.9,2409.35,2386.0,2401.15,632927.0,
2016-10-21,2400.0,2431.9,2398.25,2428.65,629830.0,
2016-10-24,2428.2,2434.9,2402.55,2427.7,626595.0,
2016-10-25,2405.0,2414.6,2381.0,2398.45,886233.0,
2016-10-26,2398.6,2402.75,2372.5,2396.25,718565.0,
2016-10-27,2379.7,2429.5,2365.5,2418.1,1470801.0,
2016-10-28,2410.0,2415.1,2388.0,2398.7,876051.0,
2016-11-01,2399.7,2399.7,2334.15,2350.0,1467388.0,
2016-11-02,2341.0,2344.0,2295.0,2304.05,1162538.0,
2016-11-03,2294.0,2335.0,2284.5,2319.45,731655.0,
2016-11-04,2320.0,2336.15,2294.0,2330.55,591876.0,
2016-11-07,2337.9,2344.9,2260.05,2277.05,1024026.0,
2016-11-08,2280.45,2307.0,2260.0,2283.2,966817.0,
2016-11-09,2180.0,2275.0,2142.85,2169.85,2250113.0,
2016-11-10,2204.8,2217.5,2140.8,2155.45,1086213.0,
2016-11-11,2147.05,2147.05,2086.2,2101.15,1199212.0,
2016-11-15,2116.9,2157.55,2051.9,2121.3,3145162.0,
2016-11-16,2145.1,2208.9,2138.0,2189.6,2009979.0,
2016-11-17,2185.0,2208.6,2130.15,2137.2,1252344.0,
2016-11-18,2142.0,2150.0,2104.2,2125.1,1070267.0,
2016-11-21,2126.2,2140.0,2105.0,2132.9,896683.0,
2016-11-22,2132.0,2177.45,2122.05,2135.0,659430.0,
2016-11-23,2149.0,2162.95,2127.2,2156.35,637904.0,
2016-11-24,2154.9,2207.6,2137.0,2188.45,1513117.0,
2016-11-25,2212.0,2307.25,2192.2,2300.35,2138074.0,
2016-11-28,2294.0,2319.45,2251.9,2282.6,962148.0,
2016-11-29,2275.0,2292.0,2252.55,2259.85,721148.0,
2016-11-30,2265.0,2294.75,2242.3,2276.05,1722916.0,
2016-12-01,2277.0,2290.0,2254.05,2263.45,561526.0,
2016-12-02,2258.0,2270.8,2205.2,2221.85,999016.0,
2016-12-05,2229.0,2237.85,2170.0,2186.0,1124763.0,
2016-12-06,2190.0,2203.95,2169.9,2182.35,796722.0,
2016-12-07,2182.2,2184.45,2145.65,2154.55,1032853.0,
2016-12-08,2160.5,2199.0,2160.0,2195.75,1619773.0,
2016-12-09,2205.0,2219.9,2173.3,2195.25,794359.0,
2016-12-12,2194.8,2217.6,2163.0,2208.2,655879.0,
2016-12-13,2218.0,2218.0,2183.0,2200.3,1073767.0,
2016-12-14,2214.0,2224.7,2189.0,2207.6,935183.0,
2016-12-15,2202.0,2272.1,2202.0,2259.3,2147705.0,
2016-12-16,2277.0,2290.0,2252.0,2282.65,993615.0,
2016-12-19,2280.0,2297.7,2261.3,2288.9,667105.0,
2016-12-20,2292.0,2345.0,2287.05,2339.3,1461380.0,
2016-12-21,2343.8,2343.8,2305.6,2313.6,1017451.0,
2016-12-22,2306.0,2325.0,2286.2,2307.7,934150.0,
2016-12-23,2300.0,2317.75,2278.8,2288.1,559477.0,
2016-12-26,2266.0,2301.6,2266.0,2293.1,448704.0,
2016-12-27,2281.5,2330.0,2281.5,2323.4,647346.0,
2016-12-28,2326.7,2349.9,2303.15,2313.4,675209.0,
2016-12-29,2303.0,2359.9,2303.0,2351.7,981758.0,
2016-12-30,2354.9,2378.6,2345.65,2365.55,702874.0,
2017-01-02,2366.6,2375.1,2352.4,2361.35,411566.0,
2017-01-03,2361.25,2371.7,2343.3,2368.25,737662.0,
2017-01-04,2369.7,2388.85,2358.3,2379.5,710033.0,
2017-01-05,2384.0,2389.95,2320.4,2334.4,1108202.0,
2017-01-06,2321.0,2329.35,2257.1,2281.4,1504948.0,
2017-01-09,2275.0,2311.3,2257.0,2303.7,927289.0,
2017-01-10,2304.0,2329.8,2291.5,2315.35,766957.0,
2017-01-11,2315.0,2329.6,2280.2,2324.4,965648.0,
2017-01-12,2324.4,2360.0,2304.0,2344.35,1285187.0,
2017-01-13,2348.0,2357.95,2237.85,2249.3,5117790.0,
2017-01-16,2250.0,2273.9,2228.0,2258.55,1682404.0,
2017-01-17,2254.9,2287.8,2252.8,2278.75,1504978.0,
2017-01-18,2278.0,2298.0,2265.45,2295.1,1568287.0,
2017-01-19,2295.0,2295.15,2282.95,2291.0,1125838.0,
2017-01-20,2287.0,2300.0,2265.0,2285.35,1018623.0,
2017-01-23,2265.0,2313.5,2259.8,2306.7,1159273.0,
2017-01-24,2304.0,2323.0,2290.0,2318.35,1141319.0,
2017-01-25,2322.6,2360.0,2318.05,2353.0,2055824.0,
2017-01-27,2345.05,2378.75,2345.05,2357.8,1435829.0,
2017-01-30,2341.0,2351.95,2318.15,2332.9,1288978.0,
2017-01-31,2320.0,2332.05,2200.05,2229.8,2333402.0,
2017-02-01,2220.0,2239.95,2155.55,2167.9,2432076.0,
2017-02-02,2170.05,2219.0,2153.0,2207.65,3004741.0,
2017-02-03,2209.7,2243.0,2191.0,2232.55,1076686.0,
2017-02-06,2258.0,2258.5,2214.95,2240.75,1204455.0,
2017-02-07,2244.0,2252.6,2226.0,2244.6,907319.0,
2017-02-08,2244.9,2282.6,2244.05,2270.95,1106292.0,
2017-02-09,2275.0,2328.0,2270.2,2317.3,2016601.0,
2017-02-10,2311.0,2424.45,2311.0,2397.95,2891080.0,
2017-02-13,2396.0,2429.0,2382.35,2414.25,1909906.0,
2017-02-14,2419.65,2419.65,2398.0,2406.25,1016664.0,
2017-02-15,2397.0,2428.0,2375.1,2413.7,962486.0,
2017-02-16,2460.0,2478.0,2435.6,2447.75,2087840.0,
2017-02-17,2472.0,2475.6,2402.0,2407.9,1361662.0,
2017-02-20,2425.0,2555.0,2408.1,2502.2,1986974.0,
2017-02-21,2514.0,2525.9,2455.15,2465.35,2750556.0,
2017-02-22,2465.9,2470.0,2400.15,2411.5,2252748.0,
2017-02-23,2415.0,2493.25,2415.0,2481.8,2426676.0,
2017-02-27,2479.1,2502.0,2470.05,2489.85,1069946.0,
2017-02-28,2489.5,2490.0,2450.0,2466.25,1177414.0,
2017-03-01,2479.9,2501.9,2470.0,2479.55,565187.0,
2017-03-02,2486.7,2510.0,2470.05,2501.45,772471.0,
2017-03-03,2492.0,2499.7,2475.4,2494.05,506985.0,
2017-03-06,2480.0,2484.0,2454.55,2472.5,700347.0,
2017-03-07,2482.9,2505.0,2475.05,2499.8,755836.0,
2017-03-08,2502.0,2520.0,2492.2,2512.2,895755.0,
2017-03-09,2514.15,2524.0,2504.05,2519.75,429234.0,
2017-03-10,2519.6,2549.55,2513.95,2542.25,585710.0,
2017-03-14,2556.8,2587.15,2551.05,2567.5,1701147.0,
2017-03-15,2572.0,2572.15,2493.85,2498.3,1511248.0,
2017-03-16,2506.0,2527.0,2506.0,2520.9,785909.0,
2017-03-17,2546.0,2546.0,2509.75,2525.75,1296576.0,
2017-03-20,2525.95,2525.95,2466.0,2480.0,1743770.0,
2017-03-21,2482.0,2492.0,2465.0,2486.7,1686850.0,
2017-03-22,2480.15,2496.0,2469.95,2478.95,944358.0,
2017-03-23,2482.0,2485.05,2447.2,2460.35,1310319.0,
2017-03-24,2469.8,2469.8,2423.3,2427.2,2549907.0,
2017-03-27,2426.95,2440.0,2406.0,2412.05,1090635.0,
2017-03-28,2410.0,2443.4,2410.0,2429.95,576579.0,
2017-03-29,2436.0,2450.8,2425.6,2444.6,858882.0,
2017-03-30,2444.9,2465.0,2435.0,2441.0,1493043.0,
2017-03-31,2438.4,2440.85,2415.0,2431.8,933522.0,
2017-04-03,2435.0,2435.0,2408.2,2411.7,598444.0,
2017-04-05,2419.9,2419.9,2395.0,2401.25,1452784.0,
2017-04-06,2400.0,2410.0,2392.55,2400.05,860352.0,
2017-04-07,2394.9,2433.25,2392.15,2429.05,1138506.0,
2017-04-10,2432.0,2449.0,2405.0,2422.25,1271632.0,
2017-04-11,2417.3,2443.1,2406.0,2419.3,778892.0,
2017-04-12,2422.5,2428.0,2383.0,2393.25,525269.0,
2017-04-13,2400.0,2409.0,2321.05,2328.65,1250236.0,
2017-04-17,2330.4,2332.9,2295.15,2314.85,1135441.0,
2017-04-18,2330.0,2334.2,2302.05,2308.8,865310.0,
2017-04-19,2263.5,2348.7,2252.8,2299.15,2813406.0,
2017-04-20,2305.3,2332.0,2290.95,2325.5,634421.0,
2017-04-21,2329.1,2335.65,2301.0,2310.8,580577.0,
2017-04-24,2300.0,2339.65,2282.5,2328.1,1000010.0,
2017-04-25,2328.0,2344.45,2302.7,2311.5,1574355.0,
2017-04-26,2340.0,2343.95,2303.05,2310.35,1093719.0,
2017-04-27,2306.05,2327.8,2277.65,2302.65,2886593.0,
2017-04-28,2294.0,2298.75,2268.0,2273.15,1270255.0,
2017-05-02,2294.0,2302.0,2280.0,2289.9,1191348.0,
2017-05-03,2295.0,2345.0,2268.5,2337.3,1757203.0,
2017-05-04,2349.95,2350.0,2308.8,2330.1,1354104.0,
2017-05-05,2308.0,2332.5,2302.5,2320.5,841237.0,
2017-05-08,2321.0,2347.4,2317.7,2342.45,535891.0,
2017-05-09,2343.95,2361.0,2332.55,2352.55,895135.0,
2017-05-10,2355.0,2356.15,2316.0,2332.45,603194.0,
2017-05-11,2347.3,2360.0,2322.75,2349.45,1035651.0,
2017-05-12,2343.3,2369.9,2320.05,2360.65,1157223.0,
2017-05-15,2375.1,2377.95,2341.6,2365.1,908802.0,
2017-05-16,2380.0,2435.0,2373.45,2429.15,1800513.0,
2017-05-17,2433.5,2460.75,2423.0,2455.35,1438099.0,
2017-05-18,2450.0,2572.0,2442.25,2536.2,2569297.0,
2017-05-19,2536.2,2540.55,2486.0,2507.15,893022.0,
2017-05-22,2510.0,2553.75,2510.0,2531.35,831970.0,
2017-05-23,2533.2,2564.15,2514.0,2521.7,1374298.0,
2017-05-24,2534.8,2570.0,2529.65,2559.15,1267274.0,
2017-05-25,2577.0,2637.55,2568.0,2624.6,2047047.0,
2017-05-26,2625.0,2626.85,2564.65,2578.25,681275.0,
2017-05-29,2579.0,2596.5,2564.0,2572.85,874645.0,
2017-05-30,2560.0,2575.95,2525.0,2551.1,463817.0,
2017-05-31,2533.0,2572.5,2528.0,2546.6,1251365.0,
2017-06-01,2530.0,2564.0,2530.0,2553.6,540032.0,
2017-06-02,2556.25,2591.85,2552.5,2564.9,677824.0,
2017-06-05,2565.0,2619.9,2560.15,2603.95,750094.0,
2017-06-06,2631.0,2708.95,2630.0,2696.0,2973360.0,
2017-06-07,2697.0,2700.0,2576.55,2615.25,2463888.0,
2017-06-08,2598.0,2604.95,2515.5,2521.6,1665357.0,
2017-06-09,2520.0,2547.4,2486.0,2507.0,1574017.0,
2017-06-12,2497.0,2512.9,2470.4,2487.2,813253.0,
2017-06-13,2465.0,2481.1,2447.0,2451.55,587707.0,
2017-06-14,2455.0,2476.0,2455.0,2470.2,744571.0,
2017-06-15,2469.0,2469.7,2405.0,2411.2,1498599.0,
2017-06-16,2414.95,2435.0,2386.5,2399.7,1225213.0,
2017-06-19,2416.9,2446.35,2405.15,2431.7,822371.0,
2017-06-20,2431.0,2449.0,2380.3,2445.0,835479.0,
2017-06-21,2440.0,2442.15,2397.2,2406.3,828909.0,
2017-06-22,2409.0,2431.0,2385.0,2394.85,2887941.0,
2017-06-23,2399.4,2413.95,2354.0,2361.7,712378.0,
2017-06-27,2350.6,2384.7,2331.6,2342.85,987165.0,
2017-06-28,2349.9,2358.0,2335.0,2350.05,894863.0,
2017-06-29,2359.0,2372.05,2323.1,2333.25,1235913.0,
2017-06-30,2324.4,2377.0,2323.1,2362.35,876924.0,
2017-07-03,2357.4,2383.05,2343.1,2373.6,737978.0,
2017-07-04,2373.3,2380.45,2350.05,2366.85,607567.0,
2017-07-05,2360.8,2365.0,2345.0,2356.0,407928.0,
2017-07-06,2359.0,2361.9,2340.1,2347.55,513394.0,
2017-07-07,2350.0,2356.45,2325.5,2331.95,616045.0,
2017-07-10,2341.0,2444.9,2331.0,2434.95,398392.0,
2017-07-11,2426.0,2514.8,2426.0,2475.8,1768752.0,
2017-07-12,2482.5,2483.3,2430.1,2439.45,1323225.0,
2017-07-13,2445.0,2472.0,2426.6,2446.4,1565980.0,
2017-07-14,2383.0,2425.0,2375.0,2397.45,2254216.0,
2017-07-17,2397.7,2422.1,2382.2,2395.45,1105911.0,
2017-07-18,2396.15,2443.0,2396.15,2408.35,954001.0,
2017-07-19,2415.5,2460.0,2415.1,2449.6,1957788.0,
2017-07-20,2449.25,2456.9,2430.5,2444.7,591252.0,
2017-07-21,2434.9,2500.0,2434.55,2491.2,1074208.0,
2017-07-24,2482.0,2540.0,2482.0,2530.7,1135701.0,
2017-07-25,2525.75,2580.0,2518.4,2571.5,1339416.0,
2017-07-26,2560.0,2575.0,2547.0,2556.0,729913.0,
2017-07-27,2542.2,2584.8,2466.5,2481.7,2127652.0,
2017-07-28,2481.0,2493.05,2442.0,2484.3,691376.0,
2017-07-31,2471.0,2519.0,2463.0,2491.8,1009831.0,
2017-08-01,2500.0,2520.75,2491.0,2501.65,873730.0,
2017-08-02,2500.0,2508.0,2462.0,2473.8,625512.0,
2017-08-03,2480.0,2502.0,2466.45,2489.45,941274.0,
2017-08-04,2490.8,2528.3,2488.0,2522.8,693945.0,
2017-08-07,2516.5,2520.0,2481.2,2503.45,942760.0,
2017-08-08,2512.0,2528.6,2496.3,2503.05,536979.0,
2017-08-09,2500.0,2522.85,2493.3,2512.0,496473.0,
2017-08-10,2509.0,2520.6,2486.35,2511.45,763086.0,
2017-08-11,2499.9,2535.0,2483.0,2496.05,697368.0,
2017-08-14,2503.0,2509.9,2463.0,2469.4,393252.0,
2017-08-16,2484.0,2543.8,2465.2,2492.35,686670.0,
2017-08-17,2500.7,2505.0,2462.1,2485.65,876187.0,
2017-08-18,2474.0,2549.9,2471.4,2513.8,1418678.0,
2017-08-21,2505.5,2549.0,2494.3,2528.8,1152417.0,
2017-08-22,2523.0,2539.5,2492.0,2497.55,565663.0,
2017-08-23,2505.0,2516.8,2473.15,2489.45,781136.0,
2017-08-24,2497.7,2517.95,2486.15,2496.6,811954.0,
2017-08-28,2504.6,2505.4,2461.0,2487.3,1018398.0,
2017-08-29,2482.0,2496.0,2463.95,2470.85,656301.0,
2017-08-30,2481.0,2490.0,2460.1,2484.55,485391.0,
2017-08-31,2485.0,2504.4,2466.65,2496.35,892332.0,
2017-09-01,2480.0,2498.05,2436.55,2456.45,851165.0,
2017-09-04,2453.1,2461.0,2438.0,2456.2,531272.0,
2017-09-05,2460.0,2490.0,2437.05,2484.35,582997.0,
2017-09-06,2468.15,2474.85,2450.0,2453.2,614382.0,
2017-09-07,2458.0,2468.4,2451.05,2460.1,435318.0,
2017-09-08,2453.75,2474.0,2452.55,2470.6,510567.0,
2017-09-11,2471.2,2482.95,2450.0,2454.45,366382.0,
2017-09-12,2473.9,2497.0,2457.0,2488.45,698230.0,
2017-09-13,2500.0,2531.65,2475.2,2489.2,639490.0,
2017-09-14,2482.0,2497.6,2471.9,2486.95,540755.0,
2017-09-15,2499.0,2517.0,2485.0,2506.05,1472036.0,
2017-09-18,2504.95,2518.95,2489.25,2499.05,363300.0,
2017-09-19,2505.0,2505.0,2491.5,2498.25,391377.0,
2017-09-20,2514.0,2514.0,2474.3,2493.55,667321.0,
2017-09-21,2491.05,2541.0,2480.0,2524.9,1219370.0,
2017-09-22,2519.9,2526.9,2492.0,2503.6,1217698.0,
2017-09-25,2496.55,2534.0,2492.75,2510.75,799779.0,
2017-09-26,2510.0,2526.4,2466.0,2474.65,724615.0,
2017-09-27,2490.0,2512.2,2473.75,2495.0,1005178.0,
2017-09-28,2494.7,2514.0,2452.0,2476.45,2166433.0,
2017-09-29,2479.0,2484.0,2421.5,2435.95,992507.0,
2017-10-03,2440.0,2454.3,2427.05,2448.45,961503.0,
2017-10-04,2449.6,2454.0,2425.0,2442.3,650389.0,
2017-10-05,2441.0,2443.45,2424.4,2429.6,842343.0,
2017-10-06,2430.0,2455.0,2428.05,2446.65,694594.0,
2017-10-09,2441.05,2467.95,2441.05,2454.1,886808.0,
2017-10-10,2455.0,2469.95,2451.25,2459.25,611005.0,
2017-10-11,2460.0,2514.45,2456.75,2500.35,763873.0,
2017-10-12,2513.0,2555.0,2507.0,2548.2,2503178.0,
2017-10-13,2548.2,2608.95,2523.0,2558.6,2033160.0,
2017-10-16,2555.05,2590.0,2555.05,2584.4,609295.0,
2017-10-17,2585.0,2614.95,2577.55,2594.55,721508.0,
2017-10-18,2595.0,2613.65,2580.0,2586.6,757072.0,
2017-10-19,2592.0,2595.8,2571.0,2583.9,43411.0,
2017-10-23,2584.0,2629.0,2547.45,2587.9,943044.0,
2017-10-24,2620.0,2620.9,2569.05,2578.4,669510.0,
2017-10-25,2578.5,2614.0,2555.0,2559.9,552553.0,
2017-10-26,2535.1,2569.15,2517.9,2538.85,1503776.0,
2017-10-27,2538.0,2593.15,2530.3,2584.3,704635.0,
2017-10-30,2586.0,2620.0,2581.7,2616.2,568626.0,
2017-10-31,2601.3,2640.0,2601.3,2624.0,796317.0,
2017-11-01,2624.0,2626.85,2578.85,2602.85,370941.0,
2017-11-02,2608.5,2674.0,2606.75,2626.15,734211.0,
2017-11-03,2632.4,2636.7,2602.8,2620.1,333443.0,
2017-11-06,2620.0,2671.8,2611.75,2665.55,688500.0,
2017-11-07,2670.0,2768.0,2666.05,2710.05,1348446.0,
2017-11-08,2723.0,2759.0,2718.25,2735.0,701126.0,
2017-11-09,2750.0,2750.0,2719.3,2736.4,576216.0,
2017-11-10,2722.2,2726.0,2693.35,2708.75,678283.0,
2017-11-13,2702.05,2777.4,2702.05,2758.95,748498.0,
2017-11-14,2756.55,2756.55,2707.5,2714.6,828626.0,
2017-11-15,2706.0,2755.0,2701.35,2705.3,3335417.0,
2017-11-16,2710.0,2763.0,2686.95,2746.65,826741.0,
2017-11-17,2748.1,2748.1,2703.6,2707.3,662732.0,
2017-11-20,2715.0,2726.9,2695.3,2703.45,507249.0,
2017-11-21,2701.0,2701.0,2666.0,2672.95,763870.0,
2017-11-22,2673.0,2709.7,2672.4,2680.65,911312.0,
2017-11-23,2681.0,2693.0,2669.0,2681.25,396735.0,
2017-11-24,2682.0,2702.9,2673.1,2688.05,1143756.0,
2017-11-27,2688.0,2695.9,2662.2,2685.85,928393.0,
2017-11-28,2686.0,2702.4,2670.0,2685.3,455858.0,
2017-11-29,2677.5,2693.0,2650.0,2658.15,723766.0,
2017-11-30,2653.65,2666.95,2623.0,2637.0,2149981.0,
2017-12-01,2635.0,2668.0,2621.5,2629.95,515572.0,
2017-12-04,2622.0,2658.5,2602.95,2632.35,629552.0,
2017-12-05,2631.0,2651.7,2628.15,2635.55,583957.0,
2017-12-06,2636.0,2645.0,2612.85,2633.3,703759.0,
2017-12-07,2632.3,2645.95,2615.0,2617.25,663150.0,
2017-12-08,2618.0,2645.0,2597.0,2601.5,692774.0,
2017-12-11,2608.35,2672.65,2608.35,2661.1,504001.0,
2017-12-12,2661.0,2662.0,2607.4,2612.15,941123.0,
2017-12-13,2611.4,2651.45,2601.0,2628.4,1480729.0,
2017-12-14,2632.0,2632.0,2531.1,2557.8,2752075.0,
2017-12-15,2563.75,2584.45,2536.85,2545.6,1359069.0,
2017-12-18,2537.0,2588.95,2494.35,2580.5,1090332.0,
2017-12-19,2576.0,2597.8,2564.7,2575.3,900976.0,
2017-12-20,2582.0,2592.75,2550.65,2588.95,788785.0,
2017-12-21,2587.0,2608.0,2580.05,2595.7,646824.0,
2017-12-22,2604.0,2663.9,2590.2,2646.75,1832832.0,
2017-12-26,2686.0,2689.75,2631.6,2649.45,1087893.0,
2017-12-27,2649.45,2658.5,2610.5,2619.9,369642.0,
2017-12-28,2608.8,2653.5,2605.65,2626.95,1302544.0,
2017-12-29,2623.1,2708.9,2618.55,2701.2,1304771.0,
2018-01-01,2682.3,2694.8,2635.0,2645.6,675880.0,
2018-01-02,2660.0,2669.6,2620.2,2631.2,960145.0,
2018-01-03,2632.0,2669.0,2631.2,2638.65,628560.0,
2018-01-04,2650.0,2662.0,2640.0,2657.1,456541.0,
2018-01-05,2650.0,2699.5,2650.0,2689.2,576853.0,
2018-01-08,2700.0,2726.85,2681.85,2714.4,621110.0,
2018-01-09,2715.0,2721.0,2676.55,2709.0,1074698.0,
2018-01-10,2711.0,2816.0,2694.65,2806.6,1682925.0,
2018-01-11,2810.0,2821.9,2782.2,2790.5,1260524.0,
2018-01-12,2805.0,2805.0,2740.55,2776.35,1680157.0,
2018-01-15,2777.15,2808.0,2735.05,2746.1,728607.0,
2018-01-16,2756.0,2861.65,2750.55,2850.85,2133876.0,
2018-01-17,2870.0,2925.0,2862.15,2888.95,2140403.0,
2018-01-18,2897.0,2933.0,2868.05,2918.2,1104739.0,
2018-01-19,2930.55,2982.0,2903.65,2959.3,910000.0,
2018-01-22,2961.0,3134.7,2922.0,3116.4,2183555.0,
2018-01-23,3114.95,3142.35,3090.05,3102.0,1619805.0,
2018-01-24,3090.0,3259.05,3082.65,3174.6,2810769.0,
2018-01-25,3175.0,3179.8,3081.0,3121.05,1916922.0,
2018-01-29,3131.4,3225.0,3122.0,3198.85,1570530.0,
2018-01-30,3180.0,3203.8,3143.7,3152.85,787379.0,
2018-01-31,3137.0,3150.0,3098.6,3112.35,1521607.0,
2018-02-01,3124.0,3190.0,3088.8,3138.6,1200315.0,
2018-02-02,3120.0,3190.0,3103.45,3153.65,1228245.0,
2018-02-05,3110.0,3188.0,3076.85,3103.2,1378871.0,
2018-02-06,3010.0,3077.15,2985.0,2997.25,1328653.0,
2018-02-07,3027.0,3031.0,2947.45,2955.05,1090162.0,
2018-02-08,2979.75,3027.6,2959.0,2974.2,1377502.0,
2018-02-09,2950.0,2994.0,2896.65,2971.7,1051229.0,
2018-02-12,2978.3,3023.35,2955.55,2967.3,987281.0,
2018-02-14,2970.0,2974.45,2892.5,2911.8,1423766.0,
2018-02-15,2931.95,2943.0,2905.1,2925.85,1232618.0,
2018-02-16,2923.0,2999.6,2923.0,2933.05,1257878.0,
2018-02-19,2945.0,2953.3,2895.2,2923.6,784112.0,
2018-02-20,2928.0,2985.05,2927.9,2944.75,944534.0,
2018-02-21,2974.0,3062.6,2960.05,3042.3,1544614.0,
2018-02-22,3052.0,3079.0,3022.5,3050.2,1731505.0,
2018-02-23,3050.0,3089.0,2992.1,3075.8,1681250.0,
2018-02-26,3075.0,3089.95,3021.2,3031.7,681941.0,
2018-02-27,3041.0,3078.55,3032.0,3042.35,858900.0,
2018-02-28,3035.0,3063.95,3021.45,3035.05,1353432.0,
2018-03-01,3049.0,3061.2,3020.0,3037.7,859062.0,
2018-03-05,3049.0,3113.65,3032.95,3105.85,1429084.0,
2018-03-06,3122.0,3127.0,3030.15,3042.8,953382.0,
2018-03-07,3070.0,3089.0,3018.5,3027.45,958886.0,
2018-03-08,3054.9,3054.9,2987.5,3003.95,975913.0,
2018-03-09,3005.0,3063.2,2977.2,3034.1,936218.0,
2018-03-12,3043.0,3083.9,3035.5,3052.15,1045670.0,
2018-03-13,2924.9,2939.7,2872.0,2886.8,44033577.0,
2018-03-14,2892.95,2923.05,2875.05,2886.9,1834334.0,
2018-03-15,2895.0,2902.55,2855.6,2869.7,1174453.0,
2018-03-16,2868.8,2872.0,2805.0,2825.7,3598741.0,
2018-03-19,2829.0,2848.0,2820.0,2831.0,1744970.0,
2018-03-20,2820.0,2873.2,2819.0,2864.85,2012492.0,
2018-03-21,2872.5,2884.3,2850.0,2856.75,1953839.0,
2018-03-22,2859.95,2875.95,2822.55,2831.35,1163047.0,
2018-03-23,2802.0,2834.1,2798.05,2818.15,1827061.0,
2018-03-26,2819.0,2827.4,2781.55,2817.0,1482105.0,
2018-03-27,2825.0,2863.0,2823.05,2847.7,1247287.0,
2018-03-28,2835.9,2875.0,2825.0,2849.15,3432827.0,
2018-04-02,2840.0,2914.0,2840.0,2909.65,831494.0,
2018-04-03,2892.1,2929.9,2892.1,2911.25,968645.0,
2018-04-04,2929.45,2934.0,2892.0,2910.9,1420910.0,
2018-04-05,2926.55,2963.75,2920.35,2957.95,904712.0,
2018-04-06,2954.0,2960.0,2926.55,2950.3,564509.0,
2018-04-09,2939.7,2963.5,2915.0,2923.9,617933.0,
2018-04-10,2925.7,2957.25,2925.7,2937.6,592266.0,
2018-04-11,2950.6,3025.0,2945.6,3014.15,1562208.0,
2018-04-12,3010.0,3150.0,3007.95,3139.25,3057180.0,
2018-04-13,3150.0,3240.8,3132.1,3153.3,4089559.0,
2018-04-16,3116.0,3199.95,3110.75,3187.65,3135137.0,
2018-04-17,3187.65,3194.95,3147.2,3166.6,1650862.0,
2018-04-18,3166.0,3193.45,3145.85,3159.1,1216533.0,
2018-04-19,3179.9,3217.2,3165.75,3191.15,2410476.0,
2018-04-20,3250.0,3422.35,3240.0,3402.45,9232831.0,
2018-04-23,3424.0,3557.9,3389.55,3408.65,7592955.0,
2018-04-24,3410.0,3443.15,3342.5,3385.65,4157168.0,
2018-04-25,3385.0,3483.0,3365.05,3470.25,4098287.0,
2018-04-26,3467.0,3560.0,3467.0,3539.25,6067517.0,
2018-04-27,3525.0,3544.0,3420.0,3451.95,2250665.0,
2018-04-30,3451.95,3549.0,3437.6,3532.1,1729279.0,
2018-05-02,3530.5,3532.2,3471.3,3499.75,1579023.0,
2018-05-03,3509.8,3526.0,3470.4,3481.85,1880775.0,
2018-05-04,3492.0,3497.0,3470.0,3480.75,1173622.0,
2018-05-07,3490.0,3490.0,3410.9,3420.95,1742213.0,
2018-05-08,3434.7,3486.5,3396.7,3441.2,1496410.0,
2018-05-09,3440.2,3494.75,3440.2,3489.3,1307525.0,
2018-05-10,3502.95,3511.15,3440.2,3451.25,1929339.0,
2018-05-11,3454.2,3485.0,3442.5,3456.95,1313938.0,
2018-05-14,3457.0,3471.0,3410.8,3433.55,1216947.0,
2018-05-15,3450.0,3495.8,3433.7,3482.4,976445.0,
2018-05-16,3479.95,3509.0,3475.25,3493.9,824225.0,
2018-05-17,3512.95,3533.15,3476.0,3491.8,1484024.0,
2018-05-18,3480.8,3517.7,3458.0,3502.05,937498.0,
2018-05-21,3528.7,3592.0,3518.05,3556.75,1723089.0,
2018-05-22,3558.0,3574.95,3493.7,3508.9,928708.0,
2018-05-23,3525.0,3545.0,3481.0,3495.1,753649.0,
2018-05-24,3510.0,3615.0,3502.35,3603.7,1481158.0,
2018-05-25,3625.0,3674.8,3572.55,3585.8,1884886.0,
2018-05-28,3616.5,3616.5,3486.0,3502.05,1858399.0,
2018-05-29,3529.9,3544.0,3488.0,3523.5,1762656.0,
2018-05-30,3509.05,3533.0,3482.5,3514.1,1889553.0,
2018-05-31,1734.0,1759.05,1726.1,1741.05,5049371.0,
2018-06-01,1754.0,1757.5,1716.3,1732.45,1603856.0,
2018-06-04,1745.0,1749.0,1712.6,1744.25,1681483.0,
2018-06-05,1744.0,1751.9,1711.15,1721.6,2449568.0,
2018-06-06,1723.0,1734.9,1715.2,1725.75,2236512.0,
2018-06-07,1725.0,1749.0,1723.8,1735.55,2414762.0,
2018-06-08,1735.0,1757.3,1735.0,1747.1,2582138.0,
2018-06-11,1747.1,1763.0,1743.0,1749.7,2179378.0,
2018-06-12,1757.0,1785.0,1753.0,1781.0,4608875.0,
2018-06-13,1816.0,1831.65,1798.0,1824.1,5370983.0,
2018-06-14,1830.0,1832.3,1784.0,1787.55,3819998.0,
2018-06-15,1800.0,1847.1,1788.6,1840.05,9183574.0,
2018-06-18,1867.95,1867.95,1822.15,1829.0,4674987.0,
2018-06-19,1822.15,1839.0,1821.0,1824.5,3245034.0,
2018-06-20,1832.0,1836.3,1818.6,1822.45,3107695.0,
2018-06-21,1832.0,1832.0,1817.6,1819.35,2910659.0,
2018-06-22,1827.0,1827.0,1799.55,1809.8,2949458.0,
2018-06-25,1811.9,1822.35,1806.0,1819.25,2083217.0,
2018-06-26,1823.0,1861.0,1821.0,1852.0,4679712.0,
2018-06-27,1860.0,1885.15,1851.25,1858.0,4081208.0,
2018-06-28,1865.0,1871.0,1826.3,1842.7,4888125.0,
2018-06-29,1844.9,1867.4,1842.3,1847.75,3506276.0,
2018-07-02,1852.0,1857.8,1841.1,1851.35,2650290.0,
2018-07-03,1859.95,1879.9,1857.05,1874.05,3242233.0,
2018-07-04,1879.9,1879.9,1857.15,1866.15,2700614.0,
2018-07-05,1873.0,1887.5,1862.1,1880.3,2472571.0,
2018-07-06,1882.85,1921.0,1881.65,1912.95,3713781.0,
2018-07-09,1924.0,1924.4,1876.5,1883.0,6151747.0,
2018-07-10,1898.0,1898.9,1870.75,1875.1,5303302.0,
2018-07-11,1900.0,1998.0,1894.15,1979.9,22903802.0,
2018-07-12,1984.0,1990.9,1960.5,1971.35,6921701.0,
2018-07-13,1975.0,1997.9,1974.0,1981.1,4148185.0,
2018-07-16,1990.0,1996.0,1977.45,1989.2,2582159.0,
2018-07-17,1989.0,2009.0,1981.0,2002.15,3315492.0,
2018-07-18,2005.0,2011.7,1993.05,2000.25,2013869.0,
2018-07-19,2002.1,2010.45,1970.0,1981.4,1746318.0,
2018-07-20,1984.9,2000.0,1984.0,1996.6,1934995.0,
2018-07-23,2001.0,2009.95,1986.0,2005.65,2086201.0,
2018-07-24,2015.0,2015.0,1984.15,1999.0,2038423.0,
2018-07-25,2001.9,2002.0,1968.4,1981.5,1535492.0,
2018-07-26,1974.95,1985.0,1955.1,1964.7,3503036.0,
2018-07-27,1960.85,1964.65,1940.3,1943.75,2033977.0,
2018-07-30,1943.0,1954.7,1931.55,1944.6,1579251.0,
2018-07-31,1942.0,1947.0,1928.0,1940.2,2204803.0,
2018-08-01,1949.95,1981.55,1949.8,1976.5,2425180.0,
2018-08-02,1980.0,1985.0,1945.0,1948.4,1509287.0,
2018-08-03,1956.5,1982.05,1956.5,1979.45,1505131.0,
2018-08-06,1997.0,1998.95,1972.25,1975.55,1532249.0,
2018-08-07,1978.2,1979.15,1960.5,1967.35,1353560.0,
2018-08-08,1972.0,1978.3,1962.0,1974.0,1315062.0,
2018-08-09,1980.0,1980.8,1966.0,1974.35,2060297.0,
2018-08-10,1980.95,1996.5,1972.05,1993.1,2784105.0,
2018-08-13,1997.8,2004.25,1990.0,2000.15,3559575.0,
2018-08-14,1992.0,2024.6,1982.4,2003.55,3311765.0,
2018-08-16,2000.3,2020.05,1995.0,2008.5,2152065.0,
2018-08-17,2013.85,2021.9,2004.0,2012.75,1213731.0,
2018-08-20,2024.0,2024.0,2003.7,2009.95,1587032.0,
2018-08-21,2010.15,2024.0,2004.0,2017.65,1376866.0,
2018-08-23,2022.8,2038.0,2020.3,2035.1,3046791.0,
2018-08-24,2035.1,2046.0,2031.0,2043.0,1570533.0,
2018-08-27,2043.0,2059.0,2035.0,2050.9,1532702.0,
2018-08-28,2055.0,2072.0,2052.0,2069.2,1987983.0,
2018-08-29,2072.5,2076.6,2045.6,2072.0,1525867.0,
2018-08-30,2068.0,2085.0,2065.5,2082.4,2408020.0,
2018-08-31,2082.3,2092.0,2074.0,2078.4,2504554.0,
2018-09-03,2084.8,2090.0,2048.4,2052.9,1439711.0,
2018-09-04,2059.8,2104.75,2056.95,2098.9,4420803.0,
2018-09-05,2100.0,2107.25,2075.05,2079.25,1681106.0,
2018-09-06,2075.0,2081.5,2060.3,2075.3,2238097.0,
2018-09-07,2079.3,2084.0,2065.4,2079.85,1312182.0,
2018-09-10,2084.4,2093.4,2074.25,2080.75,1530539.0,
2018-09-11,2089.0,2089.0,2042.2,2046.25,3679745.0,
2018-09-12,2052.35,2068.9,2040.0,2043.95,2307661.0,
2018-09-14,2044.0,2071.55,2018.15,2065.4,3642038.0,
2018-09-17,2070.0,2077.8,2054.55,2074.15,1033857.0,
2018-09-18,2073.0,2078.8,2057.6,2070.75,1456507.0,
2018-09-19,2071.9,2089.0,2066.85,2077.9,1301268.0,
2018-09-21,2077.0,2121.0,2050.15,2103.15,4508530.0,
2018-09-24,2115.0,2210.5,2098.15,2198.45,3032226.0,
2018-09-25,2204.9,2211.9,2153.8,2183.2,2868778.0,
2018-09-26,2187.0,2199.0,2135.1,2142.15,1970951.0,
2018-09-27,2141.9,2209.7,2135.8,2188.85,3311802.0,
2018-09-28,2178.0,2190.0,2158.85,2183.7,2904371.0,
2018-10-01,2190.9,2275.95,2190.35,2255.55,3772208.0,
2018-10-03,2250.3,2255.0,2155.6,2162.85,3902322.0,
2018-10-04,2156.6,2156.65,2056.35,2064.8,4762419.0,
2018-10-05,2050.0,2120.0,2020.9,2102.65,3417624.0,
2018-10-08,2102.65,2122.2,2048.15,2077.55,2010154.0,
2018-10-09,2080.35,2107.65,2053.2,2091.8,1867130.0,
2018-10-10,2100.0,2105.95,2029.0,2043.6,2749573.0,
2018-10-11,1985.0,2013.0,1941.0,1979.95,4700256.0,
2018-10-12,1978.0,1978.0,1903.0,1918.3,9373289.0,
2018-10-15,1940.0,1955.55,1920.0,1949.5,2638151.0,
2018-10-16,1958.0,1971.9,1935.0,1962.3,2815425.0,
2018-10-17,1970.0,1989.0,1920.0,1929.4,2779207.0,
2018-10-19,1929.0,1929.0,1870.05,1913.2,3428776.0,
2018-10-22,1914.0,1916.0,1886.95,1903.0,1778496.0,
2018-10-23,1888.0,1898.0,1837.0,1843.65,2752811.0,
2018-10-24,1852.05,1874.0,1811.1,1848.5,2735913.0,
2018-10-25,1844.0,1876.9,1825.05,1853.0,2507233.0,
2018-10-26,1853.9,1853.9,1791.1,1799.1,2285970.0,
2018-10-29,1808.7,1877.95,1784.35,1871.0,2609483.0,
2018-10-30,1867.0,1909.4,1845.0,1894.8,2404883.0,
2018-10-31,1900.0,1943.9,1875.45,1938.15,2769190.0,
2018-11-01,1943.65,1944.35,1901.3,1935.75,2769759.0,
2018-11-02,1934.2,1954.6,1905.0,1913.45,1818635.0,
2018-11-05,1910.0,1927.35,1884.75,1890.85,1713366.0,
2018-11-06,1894.0,1937.5,1891.0,1932.7,1398710.0,
2018-11-07,1940.0,1949.0,1937.0,1942.15,144530.0,
2018-11-09,1961.0,1961.95,1905.0,1909.2,2570479.0,
2018-11-12,1908.5,1946.1,1908.5,1914.85,2552008.0,
2018-11-13,1915.0,1939.0,1903.0,1934.95,1418432.0,
2018-11-14,1925.0,1929.9,1870.0,1880.65,2422318.0,
2018-11-15,1864.0,1899.0,1857.6,1872.85,1829123.0,
2018-11-16,1889.0,1899.8,1870.25,1886.6,1829729.0,
2018-11-19,1899.0,1907.35,1864.3,1902.45,1740628.0,
2018-11-20,1902.0,1902.0,1874.2,1878.25,1190182.0,
2018-11-21,1871.0,1871.05,1798.55,1812.0,3840461.0,
2018-11-22,1820.0,1847.6,1809.95,1812.55,3194219.0,
2018-11-26,1819.0,1860.0,1784.5,1846.1,4333177.0,
2018-11-27,1854.0,1897.9,1835.35,1890.25,3344839.0,
2018-11-28,1889.0,1989.0,1882.5,1983.9,5313249.0,
2018-11-29,1997.0,1997.0,1942.55,1960.55,4035441.0,
2018-11-30,1966.0,1991.0,1959.85,1968.25,5268901.0,
2018-12-03,1984.0,1990.0,1968.3,1982.4,1610576.0,
2018-12-04,1983.0,2019.4,1971.0,2010.85,3270615.0,
2018-12-05,2006.0,2018.0,1985.0,2006.75,2501539.0,
2018-12-06,1998.0,2017.0,1979.6,1992.7,2321216.0,
2018-12-07,1985.05,2003.9,1973.0,1995.2,1680420.0,
2018-12-10,1975.0,2011.0,1960.0,1975.8,2010786.0,
2018-12-11,1970.0,2010.0,1961.0,2000.0,2942014.0,
2018-12-12,2001.1,2022.0,1984.95,2016.8,2219993.0,
2018-12-13,2024.0,2029.7,1974.5,1982.6,3748429.0,
2018-12-14,1983.0,1998.95,1975.25,1989.75,2473761.0,
2018-12-17,1999.0,2004.9,1985.0,1994.3,1227921.0,
2018-12-18,1991.9,2002.0,1976.4,1987.85,1768742.0,
2018-12-19,1984.8,1984.8,1960.05,1968.45,2498833.0,
2018-12-20,1953.8,1974.9,1946.0,1954.05,1940277.0,
2018-12-21,1948.0,1950.0,1886.55,1895.8,3729956.0,
2018-12-24,1905.8,1938.9,1905.0,1918.5,1864116.0,
2018-12-26,1921.8,1921.8,1870.25,1889.2,2446614.0,
2018-12-27,1909.0,1941.7,1872.1,1908.95,4968201.0,
2018-12-28,1915.0,1920.0,1893.0,1896.05,2239130.0,
2018-12-31,1908.0,1909.0,1886.15,1893.05,1879740.0,
2019-01-01,1896.0,1910.0,1885.0,1902.8,1094883.0,
2019-01-02,1905.0,1934.45,1900.0,1923.3,2100463.0,
2019-01-03,1919.0,1944.95,1893.1,1899.95,2611668.0,
2019-01-04,1900.0,1901.2,1841.0,1876.85,4280862.0,
2019-01-07,1891.8,1908.8,1881.0,1897.9,1856423.0,
2019-01-08,1905.4,1906.4,1883.3,1893.55,1691756.0,
2019-01-09,1907.4,1919.0,1866.7,1886.95,2414376.0,
2019-01-10,1890.0,1905.0,1872.1,1888.55,3053461.0,
2019-01-11,1870.0,1875.0,1835.0,1842.55,9209862.0,
2019-01-14,1850.0,1851.0,1810.0,1813.25,3615370.0,
2019-01-15,1810.0,1869.35,1808.0,1867.8,7711653.0,
2019-01-16,1870.0,1875.0,1847.0,1870.15,2359280.0,
2019-01-17,1878.0,1898.0,1871.3,1894.3,2625816.0,
2019-01-18,1881.0,1904.2,1876.0,1900.65,1683728.0,
2019-01-21,1902.0,1932.0,1895.45,1908.7,2409803.0,
2019-01-22,1907.1,1918.25,1890.0,1901.9,2457093.0,
2019-01-23,1901.0,1906.1,1870.0,1875.6,2578169.0,
2019-01-24,1884.8,1905.25,1875.0,1901.55,1962927.0,
2019-01-25,1902.0,1935.0,1901.0,1920.8,2327080.0,
2019-01-28,1933.0,1962.0,1925.5,1955.0,2769033.0,
2019-01-29,1962.0,1989.05,1936.65,1982.75,2557626.0,
2019-01-30,1979.6,1989.5,1954.65,1981.4,2429575.0,
2019-01-31,1987.0,2019.75,1985.0,2014.1,4094319.0,
2019-02-01,2009.5,2034.75,1998.1,2029.95,3064163.0,
2019-02-04,2029.95,2055.45,2023.0,2050.25,1590764.0,
2019-02-05,2050.0,2055.0,2028.0,2044.55,1111404.0,
2019-02-06,2049.9,2086.85,2041.05,2074.8,1789812.0,
2019-02-07,2074.75,2097.95,2067.0,2082.9,1339945.0,
2019-02-08,2075.0,2089.5,2051.0,2061.4,1684474.0,
2019-02-11,2060.0,2096.0,2048.9,2065.9,1778730.0,
2019-02-12,2070.0,2070.0,2018.0,2051.6,2422903.0,
2019-02-13,2062.0,2083.0,2050.5,2065.4,2808581.0,
2019-02-14,2060.05,2075.0,2033.05,2044.6,1724085.0,
2019-02-15,2049.0,2052.0,2010.95,2029.7,1930065.0,
2019-02-18,2037.6,2041.95,1962.65,1970.3,2942184.0,
2019-02-19,1970.0,1971.0,1892.0,1904.8,4408554.0,
2019-02-20,1915.0,1933.8,1881.3,1914.75,4645778.0,
2019-02-21,1914.75,1940.0,1897.05,1914.2,4683919.0,
2019-02-22,1917.2,1930.0,1905.1,1925.65,2271955.0,
2019-02-25,1932.5,1990.0,1930.5,1985.15,2934880.0,
2019-02-26,1984.0,2045.15,1972.25,2038.7,6453309.0,
2019-02-27,2040.0,2074.95,2022.0,2058.1,4732082.0,
2019-02-28,2060.0,2071.35,1977.6,1983.45,8454295.0,
2019-03-01,1995.05,2005.0,1980.35,1995.4,4148548.0,
2019-03-05,2005.0,2007.0,1976.6,1988.1,2449622.0,
2019-03-06,1989.3,2015.0,1985.05,1999.6,2635047.0,
2019-03-07,2005.0,2024.05,2000.2,2013.3,2539884.0,
2019-03-08,2025.0,2033.0,2010.05,2022.7,2031071.0,
2019-03-11,2028.9,2033.0,2003.65,2014.8,3111689.0,
2019-03-12,2014.05,2024.8,2003.0,2012.45,2658550.0,
2019-03-13,2013.0,2015.9,1978.6,2000.5,1833163.0,
2019-03-14,2004.95,2007.8,1981.0,1987.4,1905495.0,
2019-03-15,1998.9,2068.95,1991.0,2039.95,5184318.0,
2019-03-18,2043.0,2064.6,2011.0,2022.8,2349915.0,
2019-03-19,2030.0,2030.0,1995.1,2022.8,2373993.0,
2019-03-20,2028.0,2044.8,2000.0,2015.05,3091165.0,
2019-03-22,2015.0,2016.0,1983.3,2005.65,3148149.0,
2019-03-25,2007.8,2007.8,1977.2,1984.25,2429205.0,
2019-03-26,1984.0,1994.95,1958.05,1982.65,2316539.0,
2019-03-27,1994.0,1998.0,1961.0,1967.9,2266166.0,
2019-03-28,1980.0,2014.6,1972.8,2000.3,4054489.0,
2019-03-29,2019.0,2024.9,1983.55,2001.65,2948955.0,
2019-04-01,2010.0,2039.95,2008.25,2031.65,2095740.0,
2019-04-02,2037.1,2086.0,2037.0,2079.3,3719663.0,
2019-04-03,2085.0,2089.6,2058.1,2079.3,2939886.0,
2019-04-04,2078.15,2079.7,2007.4,2014.5,4397518.0,
2019-04-05,2028.65,2054.4,2018.8,2048.3,3152103.0,
2019-04-08,2059.0,2075.0,2032.7,2070.75,2194294.0,
2019-04-09,2070.0,2098.0,2057.65,2091.5,2690970.0,
2019-04-10,2083.0,2085.5,2036.0,2040.25,3313062.0,
2019-04-11,2045.0,2055.0,2013.65,2019.5,3422442.0,
2019-04-12,2038.0,2039.0,2007.0,2014.5,3198471.0,
2019-04-15,2070.0,2119.8,2041.0,2113.3,9189201.0,
2019-04-16,2120.0,2155.95,2115.55,2131.8,5771952.0,
2019-04-18,2149.9,2155.0,2114.2,2150.05,3413728.0,
2019-04-22,2148.0,2176.0,2145.6,2161.45,2007135.0,
2019-04-23,2163.0,2165.5,2134.05,2155.05,2163524.0,
2019-04-24,2158.0,2195.0,2156.1,2183.45,3003071.0,
2019-04-25,2175.0,2205.0,2168.05,2195.0,4211526.0,
2019-04-26,2203.0,2243.95,2193.15,2238.55,2716958.0,
2019-04-30,2238.55,2266.95,2230.1,2260.35,3488395.0,
2019-05-02,2255.0,2259.4,2211.1,2215.4,2457699.0,
2019-05-03,2185.0,2186.05,2125.0,2132.0,3780886.0,
2019-05-06,2110.0,2165.0,2108.5,2157.85,2891422.0,
2019-05-07,2160.05,2184.35,2138.8,2151.95,2201698.0,
2019-05-08,2151.0,2168.0,2130.4,2152.85,1824895.0,
2019-05-09,2145.0,2184.1,2136.1,2172.55,2264162.0,
2019-05-10,2175.0,2192.0,2125.85,2135.8,2039633.0,
2019-05-13,2133.0,2167.0,2121.65,2128.75,1701744.0,
2019-05-14,2135.0,2159.8,2072.35,2092.35,2456110.0,
2019-05-15,2097.0,2124.0,2084.5,2095.4,2346876.0,
2019-05-16,2096.0,2124.0,2077.05,2108.75,1946529.0,
2019-05-17,2112.6,2135.0,2090.0,2095.45,1947908.0,
2019-05-20,2125.0,2151.4,2050.0,2143.95,2625116.0,
2019-05-21,2148.05,2148.7,2102.55,2109.75,1863157.0,
2019-05-22,2110.0,2121.95,2075.0,2081.75,2595795.0,
2019-05-23,2098.0,2115.35,2050.0,2054.05,2541294.0,
2019-05-24,2070.0,2070.0,2032.25,2048.0,2274208.0,
2019-05-27,2054.8,2068.95,2040.1,2055.15,2329820.0,
2019-05-28,2060.0,2097.5,2045.0,2073.75,5872979.0,
2019-05-29,2080.0,2123.7,2077.1,2107.55,3281320.0,
2019-05-30,2123.0,2156.55,2114.4,2146.3,4971725.0,
2019-05-31,2160.0,2204.95,2152.25,2196.55,4265370.0,
2019-06-03,2201.0,2247.65,2185.65,2242.3,3682419.0,
2019-06-04,2224.0,2224.0,2175.0,2183.1,2408658.0,
2019-06-06,2199.0,2199.0,2152.0,2166.1,3735467.0,
2019-06-07,2174.0,2189.8,2142.1,2181.75,2659446.0,
2019-06-10,2196.7,2235.85,2185.5,2231.5,2080593.0,
2019-06-11,2237.0,2263.95,2231.0,2252.8,3048937.0,
2019-06-12,2245.0,2266.9,2219.0,2260.9,2404448.0,
2019-06-13,2264.0,2285.0,2243.05,2254.1,3320916.0,
2019-06-14,2257.25,2263.1,2234.0,2254.5,2131408.0,
2019-06-17,2256.0,2262.0,2241.45,2249.2,1489497.0,
2019-06-18,2244.0,2260.0,2231.2,2250.85,1877447.0,
2019-06-19,2255.0,2276.0,2243.15,2259.9,1652817.0,
2019-06-20,2230.0,2284.0,2212.0,2277.95,2199377.0,
2019-06-21,2285.0,2292.5,2242.0,2249.85,3871804.0,
2019-06-24,2254.15,2280.0,2250.8,2275.5,1382424.0,
2019-06-25,2270.0,2274.45,2250.5,2267.8,1386077.0,
2019-06-26,2265.0,2266.8,2250.0,2254.2,1762224.0,
2019-06-27,2255.0,2264.0,2241.3,2252.55,2813464.0,
2019-06-28,2260.0,2261.95,2222.5,2227.2,2372928.0,
2019-07-01,2235.0,2255.0,2206.6,2239.55,2769940.0,
2019-07-02,2244.9,2257.0,2216.45,2252.1,1771746.0,
2019-07-03,2252.2,2258.8,2232.0,2237.65,1656881.0,
2019-07-04,2234.0,2252.0,2230.1,2242.65,984140.0,
2019-07-05,2247.0,2250.0,2140.0,2163.1,4088470.0,
2019-07-08,2149.0,2188.8,2132.1,2175.4,2788062.0,
2019-07-09,2174.0,2174.4,2104.55,2133.35,3977224.0,
2019-07-10,2080.0,2127.85,2071.3,2108.2,6343581.0,
2019-07-11,2128.0,2129.0,2086.05,2102.55,2400346.0,
2019-07-12,2102.1,2119.75,2093.1,2107.6,1560725.0,
2019-07-15,2125.0,2153.6,2098.0,2145.7,2900415.0,
2019-07-16,2126.0,2132.5,2100.0,2106.0,2735399.0,
2019-07-17,2108.0,2125.0,2092.1,2117.25,1802969.0,
2019-07-18,2116.2,2116.2,2060.0,2065.95,3072096.0,
2019-07-19,2077.0,2097.0,2062.5,2076.95,1953177.0,
2019-07-22,2077.0,2117.45,2068.8,2109.9,1920167.0,
2019-07-23,2127.9,2130.0,2102.4,2112.45,3538588.0,
2019-07-24,2110.0,2120.8,2076.5,2096.8,2413196.0,
2019-07-25,2108.9,2135.0,2092.55,2127.9,2544464.0,
2019-07-26,2129.8,2129.8,2095.0,2109.05,1720592.0,
2019-07-29,2110.8,2142.0,2103.3,2130.0,1647090.0,
2019-07-30,2130.0,2185.0,2120.45,2179.15,2851672.0,
2019-07-31,2171.75,2211.7,2147.15,2205.7,3000677.0,
2019-08-01,2200.0,2217.5,2166.25,2180.05,2375236.0,
2019-08-02,2173.0,2210.0,2165.5,2205.3,2500816.0,
2019-08-05,2199.9,2252.25,2195.6,2248.6,3039682.0,
2019-08-06,2232.8,2251.95,2211.45,2214.9,2885467.0,
2019-08-07,2230.0,2238.5,2207.25,2213.45,2165362.0,
2019-08-08,2228.9,2281.0,2218.9,2258.1,2073298.0,
2019-08-09,2260.0,2267.9,2241.35,2246.25,1744550.0,
2019-08-13,2245.0,2246.25,2194.3,2199.45,1647281.0,
2019-08-14,2181.1,2217.85,2167.4,2204.4,1945002.0,
2019-08-16,2241.4,2241.4,2143.25,2165.1,3755507.0,
2019-08-19,2180.0,2186.0,2157.7,2163.0,974884.0,
2019-08-20,2172.0,2205.0,2166.5,2186.75,1843611.0,
2019-08-21,2184.95,2202.0,2182.25,2186.2,1214408.0,
2019-08-22,2187.0,2235.65,2170.0,2216.0,2131601.0,
2019-08-23,2214.95,2259.9,2213.9,2247.7,2826425.0,52.37
2019-09-30,2255.0,2264.0,2241.3,2252.55,2813464.0,64.51
2019-10-01,2095.95,2095.95,2039.7,2059.95,3342877.0,62.77
2019-10-02,2095.95,2095.95,2039.7,2059.95,3342877.0,62.77
2019-10-03,2070.0,2081.15,2046.15,2060.25,2317618.0,59.93
2019-10-04,2060.6,2087.95,2054.95,2079.35,2163251.0,66.66
2019-10-07,2080.0,2094.5,2041.0,2047.7,2177916.0,53.36
2019-10-08,2080.0,2094.5,2041.0,2047.7,2177916.0,53.36
2019-10-09,2060.0,2060.0,2015.5,2020.1,2066920.0,47.63
2019-10-10,2028.0,2039.05,1997.1,2004.45,2881452.0,33.3
2019-10-11,1931.0,1995.0,1925.0,1986.85,12593069.0,50.21
2019-10-14,1995.0,2032.75,1968.0,2021.0,3510704.0,46.78
2019-10-15,2032.0,2047.0,2022.7,2037.3,2261310.0,61.47
2019-10-16,2038.0,2056.0,2016.0,2046.4,3034082.0,59.09
2019-10-17,2014.0,2038.0,1999.3,2030.95,3818774.0,61.1
2019-10-18,2037.5,2063.9,2025.0,2057.35,3087901.0,64.1
2019-10-21,2037.5,2063.9,2025.0,2057.35,3087901.0,64.1
2019-10-22,2080.0,2111.5,2040.05,2051.4,5552505.0,64.54
2019-10-23,2060.0,2083.85,2052.5,2070.1,2348134.0,57.61
2019-10-24,2084.0,2099.0,2061.3,2082.0,2798671.0,62.7
2019-10-25,2094.0,2130.0,2075.05,2124.95,3954245.0,64.12
2019-10-28,2129.0,2129.0,2108.8,2115.7,224421.0,34.17
2019-10-29,2121.5,2201.7,2121.5,2194.85,5064173.0,72.24
2019-10-30,2225.0,2260.0,2176.85,2252.8,5195136.0,62.75
2019-10-31,2250.0,2284.95,2237.0,2269.65,4879261.0,57.71
2019-11-01,2264.0,2275.0,2195.0,2200.9,4172620.0,57.51
2019-11-04,2207.0,2229.2,2180.9,2193.95,2646411.0,45.58
2019-11-05,2197.0,2211.0,2169.0,2201.85,2693475.0,58.37
2019-11-06,2200.0,2210.8,2179.0,2188.5,2540719.0,56.15
2019-11-07,2204.5,2204.5,2175.2,2185.35,1915598.0,56.53
2019-11-08,2189.6,2189.6,2124.0,2129.95,2788759.0,58.12
2019-11-11,2135.0,2139.0,2091.0,2100.95,2983768.0,57.93
2019-11-12,2135.0,2139.0,2091.0,2100.95,2983768.0,57.93
2019-11-13,2118.0,2183.8,2118.0,2178.6,3823365.0,46.29
2019-11-14,2187.5,2200.0,2146.7,2196.8,2995915.0,39.69
2019-11-15,2196.0,2211.5,2168.75,2174.45,2724180.0,56.11
2019-11-18,2178.4,2187.75,2148.75,2152.6,1611089.0,58.05
2019-11-19,2153.0,2154.65,2105.0,2108.8,2975313.0,61.1
2019-11-20,2121.95,2135.0,2094.5,2108.55,2894129.0,45.67
2019-11-21,2112.0,2126.6,2107.4,2118.1,2052574.0,59.39
2019-11-22,2097.0,2107.0,2060.5,2071.7,3742049.0,57.8
2019-11-25,2074.55,2084.95,2052.2,2081.5,2737010.0,57.08
2019-11-26,2089.85,2097.9,2035.05,2046.65,6561580.0,75.75
2019-11-27,2052.0,2071.7,2046.55,2054.3,2907521.0,69.49
2019-11-28,2067.05,2094.4,2060.0,2077.35,2924429.0,56.47
2019-11-29,2085.0,2085.0,2045.8,2053.25,2064271.0,58.18
2019-12-02,2060.0,2067.7,2016.0,2021.05,3809860.0,66.68
2019-12-03,2027.7,2062.0,2010.0,2051.0,4664774.0,57.34
2019-12-04,2053.0,2082.0,2045.5,2078.5,3334301.0,61.69
2019-12-05,2083.0,2126.8,2068.35,2121.3,3902721.0,53.65
2019-12-06,2124.0,2128.0,2101.0,2123.6,1829461.0,44.57
2019-12-09,2127.95,2127.95,2053.5,2060.45,2244747.0,46.65
2019-12-10,2060.0,2060.85,2003.25,2012.85,4520045.0,50.27
2019-12-11,2025.4,2048.0,2006.75,2041.9,4943024.0,60.78
2019-12-12,2051.1,2083.65,1984.0,2020.9,7137306.0,62.38
2019-12-13,2023.0,2077.4,2007.0,2071.25,5711133.0,39.32
2019-12-16,2096.0,2136.0,2080.3,2126.75,5574177.0,51.17
2019-12-17,2126.5,2169.0,2119.0,2164.95,6059673.0,57.06
2019-12-18,2174.0,2203.45,2153.0,2167.75,8251081.0,54.79
2019-12-19,2179.8,2236.5,2167.55,2229.05,6251505.0,41.12
2019-12-20,2220.0,2246.7,2208.25,2222.9,5548338.0,48.23
2019-12-23,2210.0,2241.95,2210.0,2231.7,2247329.0,52.02
2019-12-24,2239.0,2243.55,2211.15,2215.6,1805896.0,49.43
2019-12-25,2239.0,2243.55,2211.15,2215.6,1805896.0,49.43
2019-12-26,2216.4,2229.0,2195.2,2201.95,1880367.0,44.25
2019-12-27,2208.0,2226.4,2176.0,2198.5,2720261.0,47.27
2019-12-30,2207.0,2225.0,2177.1,2183.2,2288830.0,40.89
2019-12-31,2189.0,2197.0,2157.45,2161.7,1909289.0,43.84
2020-01-01,2168.0,2183.9,2154.0,2167.6,1354908.0,12.14
2020-01-02,2179.95,2179.95,2149.2,2157.65,2380752.0,50.58
2020-01-03,2164.0,2223.0,2164.0,2200.65,4655761.0,39.39
2020-01-06,2205.0,2225.95,2187.9,2200.45,3023209.0,33.08
2020-01-07,2200.5,2214.65,2183.8,2205.85,2429317.0,39.8
2020-01-08,2205.0,2260.0,2202.05,2255.25,5197454.0,44.03
2020-01-09,2248.75,2251.95,2210.0,2214.35,3734173.0,48.36
2020-01-10,2228.0,2234.0,2208.0,2213.55,1915807.0,40.06
2020-01-13,2217.85,2218.95,2184.7,2190.35,2843893.0,52.26
2020-01-14,2195.0,2229.8,2195.0,2206.9,2948452.0,43.29
2020-01-15,2213.0,2231.0,2194.2,2226.9,2620681.0,57.77
2020-01-16,2226.95,2249.0,2215.0,2238.8,3117214.0,55.7
2020-01-17,2240.75,2253.55,2213.0,2219.1,3281059.0,48.87
2020-01-20,2194.9,2242.2,2156.2,2170.35,5817599.0,39.9
2020-01-21,2169.95,2186.55,2158.05,2171.05,1902980.0,45.48
2020-01-22,2181.0,2210.0,2173.7,2206.9,1773686.0,44.1
2020-01-23,2209.8,2217.75,2183.7,2190.95,2069866.0,58.66
2020-01-24,2190.95,2190.95,2170.0,2183.4,1319430.0,46.04
2020-01-27,2189.7,2193.45,2165.0,2169.25,1549101.0,49.79
2020-01-28,2174.0,2187.8,2152.0,2183.75,1743024.0,52.01
2020-01-29,2185.0,2186.95,2150.0,2154.6,2306761.0,56.69
2020-01-30,2160.0,2165.0,2125.0,2137.85,2098567.0,50.34
2020-01-31,2139.4,2144.35,2071.6,2079.05,3287223.0,66.76
2020-02-03,2152.0,2194.7,2093.2,2102.5,4728073.0,53.28
2020-02-04,2129.0,2136.7,2086.6,2107.75,3509339.0,44.72
2020-02-05,2115.0,2156.7,2104.3,2146.55,2439322.0,56.31
2020-02-06,2145.0,2174.2,2115.5,2128.35,2640065.0,48.65
2020-02-07,2139.0,2151.0,2119.0,2136.55,2083442.0,55.28
2020-02-10,2140.9,2167.0,2119.0,2161.95,2383032.0,54.49
2020-02-11,2163.0,2174.8,2147.6,2153.4,1335820.0,45.41
2020-02-12,2151.1,2185.0,2150.0,2170.75,1620407.0,48.85
2020-02-13,2172.95,2197.0,2171.0,2191.95,1645948.0,53.84
2020-02-14,2188.0,2212.0,2171.0,2184.2,1500115.0,44.19
2020-02-17,2196.95,2217.0,2190.2,2203.25,1774724.0,48.95
2020-02-18,2199.95,2221.0,2186.05,2215.75,2486223.0,60.79
2020-02-19,2215.75,2230.0,2190.5,2196.35,1760463.0,60.28
2020-02-20,2204.5,2214.4,2151.25,2156.8,2317278.0,62.45
2020-02-21,2204.5,2214.4,2151.25,2156.8,2317278.0,62.45
2020-02-24,2156.0,2178.95,2106.7,2115.35,3092877.0,60.5
2020-02-25,2115.5,2176.65,2111.0,2156.15,2674567.0,51.68
2020-02-26,2154.0,2163.9,2112.95,2123.6,2686842.0,59.03
2020-02-27,2119.95,2119.95,2086.2,2105.5,2349001.0,52.96
2020-02-28,2068.0,2069.5,1990.0,2000.15,4298076.0,53.62
2020-03-02,2035.0,2053.95,1985.7,2001.3,2667076.0,46.64
2020-03-03,2020.0,2060.0,2012.0,2036.2,2757585.0,50.69
2020-03-04,2056.0,2094.45,2025.0,2083.2,3237002.0,46.26
2020-03-05,2085.7,2147.75,2084.05,2125.05,3937056.0,58.1
2020-03-06,2098.0,2123.65,2071.6,2116.45,2595027.0,48.2
2020-03-09,2075.0,2079.9,1935.0,1972.35,4940982.0,55.45
2020-03-10,2075.0,2079.9,1935.0,1972.35,4940982.0,55.45
2020-03-11,1933.0,1987.3,1920.0,1953.7,6796752.0,67.14
2020-03-12,1904.0,1908.4,1758.35,1769.85,8728972.0,66.7
2020-03-13,1687.9,1820.0,1506.05,1806.3,8029725.0,49.92
2020-03-16,1755.0,1842.25,1675.85,1696.4,7844420.0,63.41
2020-03-17,1730.0,1731.0,1623.15,1658.0,5713269.0,68.13
2020-03-18,1676.8,1713.55,1627.75,1654.4,7259111.0,62.89
2020-03-19,1559.7,1685.45,1546.75,1636.35,5135162.0,48.98
2020-03-20,1630.0,1869.0,1627.0,1797.45,8547645.0,45.25
2020-03-23,1620.0,1750.0,1617.75,1669.7,7003558.0,60.5
2020-03-24,1653.05,1770.0,1632.85,1703.15,6354209.0,55.41
2020-03-25,1700.0,1810.0,1680.0,1750.3,2765527.0,41.69
2020-03-26,1831.6,1832.05,1722.55,1790.95,4556071.0,58.17
2020-03-27,1820.0,1850.0,1750.4,1824.5,4331310.0,53.55
2020-03-30,1766.0,1905.0,1763.55,1778.5,8513608.0,61.25
2020-03-31,1837.4,1855.0,1780.0,1826.1,3927593.0,44.62
2020-04-01,1825.9,1834.75,1702.0,1708.75,4941898.0,53.01
2020-04-02,1825.9,1834.75,1702.0,1708.75,4941898.0,53.01
2020-04-03,1740.0,1740.0,1650.0,1654.2,5735529.0,42.78
2020-04-06,1740.0,1740.0,1650.0,1654.2,5735529.0,42.78
2020-04-07,1710.0,1785.85,1705.0,1775.2,5427965.0,55.64
2020-04-08,1760.0,1806.0,1701.0,1705.45,6285616.0,40.31
2020-04-09,1750.45,1778.8,1731.2,1766.15,5307649.0,50.54
2020-04-10,1750.45,1778.8,1731.2,1766.15,5307649.0,50.54
2020-04-13,1761.0,1787.0,1746.0,1759.25,2990478.0,42.73
2020-04-15,1785.0,1812.0,1727.8,1735.15,4761401.0,44.87
2020-04-16,1709.95,1764.9,1675.05,1716.05,6245583.0,33.78
2020-04-17,1800.0,1851.95,1753.0,1806.2,9895825.0,32.51
2020-04-20,1830.0,1830.0,1802.5,1818.65,3244293.0,43.39
2020-04-21,1765.0,1794.6,1727.7,1737.65,5122606.0,47.97
2020-04-22,1737.65,1790.0,1719.15,1769.5,3829839.0,39.65
2020-04-23,1780.0,1900.0,1760.85,1878.25,5934424.0,35.17
2020-04-24,1840.7,1851.95,1807.8,1818.55,2987150.0,36.94
2020-04-27,1832.3,1875.0,1825.0,1836.6,3374747.0,39.51
2020-04-28,1865.0,1868.0,1832.6,1859.05,2678512.0,41.8
2020-04-29,1874.0,1912.55,1850.05,1905.65,4241579.0,40.2
2020-04-30,1980.0,2032.0,1942.2,2014.45,5915950.0,44.57
2020-05-01,1980.0,2032.0,1942.2,2014.45,5915950.0,44.57
2020-05-04,1966.0,1966.0,1913.65,1930.45,3729409.0,46.98
2020-05-05,1955.1,1977.0,1927.0,1932.75,2905541.0,37.7
2020-05-06,1939.8,1953.7,1893.6,1903.6,3517432.0,32.82
2020-05-07,1910.0,1934.45,1883.35,1891.65,3166784.0,29.72
2020-05-08,1939.1,1939.5,1886.25,1893.4,2686536.0,31.96
2020-05-11,1909.0,1951.4,1909.0,1935.3,2449846.0,30.13
2020-05-12,1933.4,1956.5,1910.25,1949.5,3256630.0,30.46
2020-05-13,1994.0,1994.0,1925.65,1949.65,2656665.0,35.31
2020-05-14,1910.0,1923.1,1891.1,1902.35,2263204.0,41.15
2020-05-15,1916.0,1917.4,1865.2,1892.9,3173682.0,41.34
2020-05-18,1907.0,1952.95,1872.1,1945.6,3727896.0,30.6
2020-05-19,1903.0,1966.45,1903.0,1948.65,3198699.0,35.71
2020-05-20,1950.0,1962.9,1931.7,1953.6,2778505.0,50.32
2020-05-21,1946.0,1998.0,1941.15,1991.2,3400925.0,53.46
2020-05-22,1977.1,2032.0,1961.25,2020.35,3663422.0,38.86
2020-05-25,1977.1,2032.0,1961.25,2020.35,3663422.0,38.86
2020-05-26,2015.0,2024.0,1925.0,1943.0,4575512.0,48.6
2020-05-27,1959.0,2010.0,1941.25,2005.3,3482185.0,33.73
2020-05-28,1988.5,2014.0,1971.3,2004.3,3475788.0,38.75
2020-05-29,1982.0,2002.65,1962.4,1972.35,7237765.0,63.3
2020-06-01,1990.0,2060.0,1981.1,2045.25,3747850.0,33.8
2020-06-02,2060.2,2081.0,2040.05,2047.15,2443886.0,36.74
2020-06-03,2051.85,2063.75,2020.0,2046.15,3699799.0,52.95
2020-06-04,2046.75,2100.0,2046.75,2091.55,4048593.0,37.68
2020-06-05,2091.6,2098.0,2040.3,2048.25,3573299.0,32.77
2020-06-08,2078.25,2095.0,2062.1,2071.75,2957841.0,31.06
2020-06-09,2063.1,2095.5,2060.25,2072.05,2910152.0,44.16
2020-06-10,2077.05,2132.0,2073.5,2108.75,5168494.0,32.07
2020-06-11,2100.0,2105.0,2061.8,2067.65,2269569.0,30.28
2020-06-12,2011.2,2049.2,2011.0,2039.5,2842757.0,40.09
2020-06-15,2039.1,2059.0,2000.95,2029.9,2399028.0,25.91
2020-06-16,2065.0,2073.95,2031.0,2045.8,2146528.0,35.13
2020-06-17,2046.0,2058.85,2026.55,2047.8,2703546.0,47.57
2020-06-18,2045.0,2059.2,2025.2,2038.1,1944471.0,32.16
2020-06-19,2042.0,2090.0,2032.0,2044.6,5681784.0,59.56
2020-06-22,2050.0,2052.25,2019.15,2027.95,3196138.0,43.25
2020-06-23,2027.0,2044.0,2010.0,2035.3,4206122.0,41.21
2020-06-24,2034.0,2064.25,2031.6,2042.2,2560951.0,35.42
2020-06-25,2035.0,2060.0,2009.25,2016.1,3044089.0,44.91
2020-06-26,2025.0,2132.0,2019.95,2118.85,6300912.0,31.51
2020-06-29,2108.0,2127.6,2091.3,2101.65,3076344.0,37.68
2020-06-30,2100.0,2111.9,2075.05,2082.15,3071877.0,41.58
2020-07-01,2079.7,2113.95,2079.5,2092.05,2503466.0,33.13
2020-07-02,2102.0,2165.0,2098.0,2157.15,3758709.0,37.62
2020-07-03,2163.65,2205.0,2160.25,2199.65,4185215.0,34.92
2020-07-06,2205.0,2269.9,2205.0,2263.2,5190366.0,45.85
2020-07-07,2275.0,2302.7,2232.15,2269.9,5630081.0,33.1
2020-07-08,2270.0,2274.4,2207.6,2218.9,2793674.0,39.33
2020-07-09,2229.0,2244.5,2191.05,2204.35,3443998.0,24.57
2020-07-10,2205.25,2249.85,2176.0,2222.35,9610327.0,14.91
2020-07-13,2220.0,2244.95,2210.0,2220.0,2963525.0,31.66
2020-07-14,2210.0,2239.0,2165.0,2171.95,2976749.0,40.74
2020-07-15,2185.0,2260.0,2181.1,2233.9,5569322.0,35.27
2020-07-16,2244.0,2333.0,2220.1,2234.75,8582120.0,36.46
2020-07-17,2237.0,2243.9,2190.05,2200.75,4509143.0,41.6
2020-07-20,2201.0,2226.9,2190.8,2207.9,2952719.0,30.53
2020-07-21,2230.0,2238.65,2201.15,2225.05,2665386.0,44.17
2020-07-22,2231.0,2231.0,2184.2,2190.95,2861698.0,53.89
2020-07-23,2190.95,2190.95,2163.0,2171.2,2265791.0,44.81
2020-07-24,2154.5,2163.0,2125.1,2157.4,3665123.0,38.0
2020-07-27,2165.0,2215.0,2163.5,2206.8,4248837.0,27.03
2020-07-28,2215.0,2320.0,2215.0,2309.75,8092458.0,39.17
2020-07-29,2292.0,2342.0,2246.05,2276.05,6090440.0,22.4
2020-07-30,2285.9,2358.0,2272.25,2279.5,7098913.0,25.63
2020-07-31,2303.15,2334.8,2257.45,2281.4,4723290.0,18.57
2020-08-03,2290.45,2303.85,2230.7,2254.15,4012445.0,47.01
2020-08-04,2259.95,2269.65,2225.05,2249.7,2927953.0,35.81
2020-08-05,2260.0,2300.0,2253.0,2259.5,3800641.0,28.85
2020-08-06,2275.0,2319.5,2265.35,2308.1,4748348.0,29.61
2020-08-07,2308.0,2328.0,2287.0,2295.35,3165495.0,43.78
2020-08-10,2318.0,2325.0,2276.05,2282.8,2929385.0,41.18
2020-08-11,2283.0,2312.0,2275.6,2279.9,2774509.0,42.89
2020-08-12,2288.35,2296.4,2246.55,2257.35,3415766.0,39.54
2020-08-13,2273.0,2300.0,2250.5,2254.45,2695682.0,36.12
2020-08-14,2277.0,2281.3,2233.1,2242.15,2270405.0,44.75
2020-08-17,2263.0,2270.0,2238.25,2253.4,2625670.0,41.04
2020-08-18,2262.8,2289.0,2248.3,2269.75,3493411.0,37.57
2020-08-19,2276.35,2284.6,2252.5,2256.6,2843007.0,46.3
2020-08-20,2257.0,2276.55,2240.05,2252.85,2895265.0,40.82
2020-08-21,2260.0,2271.0,2241.05,2248.6,1975304.0,35.45
2020-08-24,2250.6,2259.95,2230.0,2248.1,2167987.0,34.4
2020-08-25,2245.0,2250.0,2233.55,2242.65,1663454.0,38.26
2020-08-26,2242.0,2259.9,2216.45,2253.5,2618159.0,36.47
2020-08-27,2266.0,2287.35,2241.75,2248.4,3579397.0,34.48
2020-08-28,2268.4,2279.95,2235.1,2238.55,2941156.0,46.23
2020-08-31,2240.0,2276.2,2228.0,2257.25,6018160.0,49.1
2020-09-01,2269.0,2278.0,2241.3,2246.35,3610908.0,43.8
2020-09-02,2247.0,2268.75,2241.65,2265.15,2084152.0,48.2
2020-09-03,2268.0,2324.0,2268.0,2299.5,4654146.0,26.5
2020-09-04,2275.0,2324.25,2262.95,2288.8,5232180.0,39.86
2020-09-07,2289.0,2343.5,2283.35,2327.05,4620416.0,23.32
2020-09-08,2335.95,2390.45,2327.05,2348.2,7454161.0,20.6
2020-09-09,2325.0,2359.0,2320.0,2327.65,3866542.0,35.68
2020-09-10,2335.0,2348.5,2324.3,2331.15,2308813.0,37.27
2020-09-11,2330.95,2383.0,2330.15,2374.1,4145429.0,33.96
2020-09-14,2384.1,2505.75,2381.85,2491.4,7512284.0,29.42
2020-09-15,2491.4,2538.0,2464.6,2491.4,7318773.0,26.05
2020-09-16,2488.95,2507.6,2477.3,2503.0,3074013.0,37.47
2020-09-17,2480.0,2495.75,2450.6,2460.95,4828231.0,52.5
2020-09-18,2485.0,2500.4,2436.4,2449.9,4183256.0,53.81
2020-09-21,2465.0,2504.9,2452.15,2465.3,4598809.0,28.0
2020-09-22,2485.0,2555.0,2458.0,2522.95,7499927.0,21.35
2020-09-23,2510.0,2519.85,2409.0,2467.45,7503152.0,29.2
2020-09-24,2450.0,2450.0,2302.6,2332.25,8425118.0,34.38
2020-09-25,2368.0,2440.0,2352.1,2422.3,8228297.0,21.7
2020-09-28,2440.0,2444.0,2366.0,2426.3,4347177.0,19.24
2020-09-29,2434.85,2511.05,2426.3,2488.4,6995815.0,20.45
2020-09-30,2489.0,2505.0,2460.0,2492.3,3917186.0,38.27
2020-10-01,2510.0,2540.0,2492.3,2523.45,2610338.0,28.65
2020-10-02,2510.0,2540.0,2492.3,2523.45,2610338.0,28.65
2020-10-05,2620.0,2728.1,2603.05,2705.8,17412119.0,14.23
2020-10-06,2736.0,2736.0,2650.1,2714.3,9846376.0,19.2
2020-10-07,2742.0,2770.0,2703.0,2735.95,9656167.0,26.34
2020-10-08,2800.0,2885.0,2800.0,2825.7,19839826.0,14.75
2020-10-09,2810.0,2829.85,2780.0,2812.95,7739375.0,26.06
2020-10-12,2815.5,2854.0,2800.75,2830.0,4623211.0,29.4
2020-10-13,2845.0,2854.9,2812.2,2826.55,4209905.0,31.73
2020-10-14,2842.0,2842.0,2787.55,2809.6,4395979.0,41.25
2020-10-15,2811.0,2827.75,2727.0,2740.6,6629395.0,46.01
2020-10-16,2750.1,2771.65,2731.3,2763.3,5273773.0,43.02
2020-10-19,2774.0,2774.0,2706.6,2711.55,3331194.0,41.13
2020-10-20,2725.0,2759.9,2717.95,2739.0,3406298.0,41.17
2020-10-21,2739.0,2749.0,2663.05,2675.4,4570175.0,52.2
2020-10-22,2661.0,2686.65,2638.1,2671.15,5262311.0,48.55
2020-10-23,2687.8,2702.0,2670.1,2686.8,3499372.0,54.62
2020-10-26,2689.95,2709.95,2670.5,2688.2,2672766.0,33.97
2020-10-27,2699.75,2718.15,2624.1,2630.15,3537594.0,45.16
2020-10-28,2650.0,2655.95,2606.0,2622.2,3569515.0,43.38
2020-10-29,2608.0,2655.0,2600.25,2632.65,3105970.0,34.43
2020-10-30,2636.1,2674.35,2621.6,2664.85,3427003.0,38.95
2020-11-02,2660.0,2664.85,2600.05,2604.6,2571196.0,44.23
2020-11-03,2604.0,2665.0,2601.05,2633.6,2879269.0,35.93
2020-11-04,2610.0,2721.85,2610.0,2653.15,4893928.0,30.96
2020-11-05,2685.0,2710.0,2667.0,2685.7,2816502.0,33.4
2020-11-06,2699.0,2713.25,2681.3,2707.45,3884421.0,53.5
2020-11-09,2731.1,2744.0,2695.1,2726.6,3646592.0,35.8
2020-11-10,2697.2,2713.15,2638.35,2649.6,4760020.0,39.32
2020-11-11,2667.95,2692.8,2643.4,2687.8,3242441.0,39.87
2020-11-12,2686.0,2713.0,2661.75,2671.05,2437505.0,46.55
2020-11-13,2655.75,2664.9,2636.0,2656.85,2548093.0,47.83
2020-11-16,2677.95,2689.0,2660.05,2670.35,298819.0,42.71
2020-11-17,2695.0,2695.0,2650.05,2666.05,2827273.0,51.64
2020-11-18,2661.0,2664.2,2607.05,2626.65,2893762.0,48.56
2020-11-19,2637.0,2676.15,2630.85,2636.9,4167501.0,45.99
2020-11-20,2655.0,2676.0,2627.55,2660.25,2711471.0,39.1
2020-11-23,2690.0,2730.0,2665.0,2724.25,3706418.0,41.41
2020-11-24,2734.4,2743.0,2705.0,2722.05,3120516.0,40.68
2020-11-25,2729.0,2732.95,2688.2,2701.3,3302249.0,54.65
2020-11-26,2686.0,2730.95,2680.0,2720.6,2341099.0,43.56
2020-11-27,2705.0,2717.7,2669.05,2679.65,6086808.0,55.48
2020-11-30,2705.0,2717.7,2669.05,2679.65,6086808.0,55.48
2020-12-01,2679.0,2735.9,2624.45,2726.8,3605017.0,52.05
2020-12-02,2719.0,2754.7,2702.45,2749.55,2509032.0,45.96
2020-12-03,2773.9,2773.9,2700.8,2709.45,2852548.0,55.98
2020-12-04,2710.8,2738.85,2699.0,2727.55,2686527.0,43.95
2020-12-07,2715.0,2744.0,2706.15,2737.7,1996400.0,49.72
2020-12-08,2740.0,2805.55,2732.45,2797.3,4277818.0,48.75
2020-12-09,2815.0,2840.0,2793.15,2810.8,3659996.0,31.9
2020-12-10,2818.0,2827.3,2780.25,2784.3,2127801.0,47.42
2020-12-11,2792.7,2807.7,2764.55,2783.6,1795408.0,45.14
2020-12-14,2802.0,2804.0,2756.25,2797.7,2483658.0,59.89
2020-12-15,2786.0,2794.7,2755.0,2761.55,2365509.0,52.93
2020-12-16,2779.0,2819.8,2760.45,2814.2,2565149.0,52.96
2020-12-17,2811.0,2853.7,2805.0,2838.2,2863460.0,49.7
2020-12-18,2868.0,2898.0,2846.2,2861.0,6076692.0,40.09
2020-12-21,2861.0,2886.5,2785.0,2820.15,2705195.0,32.79
2020-12-22,2834.0,2883.65,2818.65,2872.5,2881737.0,38.99
2020-12-23,2876.05,2919.0,2865.45,2908.75,2790988.0,33.95
2020-12-24,2909.0,2921.35,2883.2,2909.35,1807144.0,31.5
2020-12-25,2909.0,2921.35,2883.2,2909.35,1807144.0,31.5
2020-12-28,2910.0,2949.7,2902.0,2929.4,2108994.0,34.02
2020-12-29,2920.0,2952.0,2920.0,2930.5,1994151.0,46.45
2020-12-30,2934.4,2947.7,2902.0,2909.3,2637968.0,54.64
2020-12-31,2900.0,2905.0,2845.0,2862.75,4040956.0,58.16
2021-01-01,2880.0,2940.0,2879.0,2928.25,2681440.0,18.8
2021-01-04,2950.0,3050.75,2940.95,3039.45,5113293.0,23.12
2021-01-05,3039.6,3114.25,3039.6,3093.0,5801309.0,26.8
2021-01-06,3100.0,3113.5,3037.2,3051.5,3726716.0,28.3
2021-01-07,3075.0,3080.85,3000.25,3032.8,3717827.0,40.1
2021-01-08,3090.0,3128.0,3060.0,3120.9,5879039.0,29.85
2021-01-11,3230.0,3230.0,3146.55,3176.45,9508039.0,33.17
2021-01-12,3176.45,3210.0,3150.0,3174.85,3611458.0,45.88
2021-01-13,3175.0,3177.0,3126.25,3158.95,3572801.0,51.98
2021-01-14,3155.0,3266.5,3120.4,3250.7,6931542.0,44.25
2021-01-15,3235.0,3274.0,3210.0,3233.35,4131692.0,47.42
2021-01-18,3250.0,3256.75,3187.4,3221.75,4160906.0,52.98
2021-01-19,3233.0,3279.0,3232.0,3260.7,2975735.0,47.35
2021-01-20,3270.0,3327.95,3267.1,3308.8,3453446.0,43.38
2021-01-21,3305.0,3309.15,3262.1,3273.85,2778546.0,44.0
2021-01-22,3241.9,3325.0,3241.9,3303.1,3052459.0,46.5
2021-01-25,3308.95,3339.8,3278.65,3291.3,2272887.0,53.18
2021-01-26,3308.95,3339.8,3278.65,3291.3,2272887.0,53.18
2021-01-27,3300.0,3306.45,3227.0,3261.05,2786662.0,50.11
2021-01-28,3230.0,3275.0,3183.8,3196.55,3083938.0,54.77
2021-01-29,3210.05,3216.85,3100.0,3111.35,5445659.0,66.14
2021-02-01,3100.0,3165.0,3044.1,3139.35,3985846.0,53.32
2021-02-02,3174.0,3224.0,3150.0,3203.45,2881837.0,50.7
2021-02-03,3213.0,3236.0,3162.65,3200.05,2505866.0,36.59
2021-02-04,3216.05,3237.85,3176.0,3188.45,2057261.0,48.34
2021-02-05,3198.95,3205.85,3129.0,3157.95,2366135.0,41.96
2021-02-08,3189.5,3226.0,3155.15,3214.1,2526592.0,45.95
2021-02-09,3195.0,3245.8,3164.0,3176.9,2658751.0,49.1
2021-02-10,3185.0,3219.4,3157.3,3213.3,2127983.0,33.52
2021-02-11,3215.0,3219.3,3185.05,3206.0,1165882.0,40.04
2021-02-12,3184.2,3245.5,3182.0,3190.8,2777404.0,31.4
2021-02-15,3209.0,3209.0,3131.55,3139.85,2630853.0,46.18
2021-02-16,3150.0,3167.65,3100.0,3108.8,3435770.0,48.07
2021-02-17,3105.1,3132.85,3045.55,3073.1,3678426.0,41.24
2021-02-18,3065.0,3097.9,3031.0,3057.35,4189909.0,48.74
2021-02-19,3058.0,3087.15,3016.15,3071.85,3725028.0,50.44
2021-02-22,3096.0,3096.0,2943.15,2958.45,5366696.0,52.35
2021-02-23,2970.0,3028.0,2968.0,2980.2,3832829.0,46.2
2021-02-24,2972.0,3003.35,2921.15,2948.1,3774549.0,61.91
2021-02-25,2974.0,3029.9,2968.45,2995.3,4224073.0,50.95
2021-02-26,2960.0,2972.35,2880.0,2894.3,5553153.0,51.51
2021-03-01,2926.0,2965.0,2901.8,2924.2,3265871.0,51.32
2021-03-02,2960.0,3025.0,2948.0,3006.35,3306469.0,42.56
2021-03-03,3035.0,3064.0,2996.9,3059.1,3509857.0,57.9
2021-03-04,3023.0,3081.45,3016.05,3049.7,3916760.0,51.96
2021-03-05,3016.1,3063.2,2996.6,3008.05,3203686.0,43.41
2021-03-08,3016.0,3033.0,2996.0,3006.95,2003125.0,42.07
2021-03-09,3006.95,3066.9,2992.1,3050.95,1942397.0,52.53
2021-03-10,3075.0,3093.2,3060.0,3070.95,3053778.0,53.44
2021-03-11,3075.0,3093.2,3060.0,3070.95,3053778.0,53.44
2021-03-12,3075.0,3117.0,3041.35,3057.95,2938317.0,49.88
2021-03-15,3041.0,3099.0,3041.0,3066.15,3097140.0,54.15
2021-03-16,3060.0,3141.0,3060.0,3110.05,4894756.0,49.87
2021-03-17,3105.0,3155.0,3085.3,3112.95,3838390.0,46.29
2021-03-18,3125.95,3146.45,2987.05,3036.5,3656306.0,45.68
2021-03-19,3030.0,3099.0,3005.0,3050.2,5776626.0,54.33
2021-03-22,3048.7,3139.45,3018.65,3129.65,2821646.0,41.3
2021-03-23,3140.0,3169.0,3122.85,3142.6,3305973.0,48.86
2021-03-24,3111.2,3152.3,3111.15,3121.1,2207104.0,42.17
2021-03-25,3112.2,3130.85,3050.0,3064.85,3179786.0,49.29
2021-03-26,3090.65,3118.0,3043.05,3066.8,3697370.0,40.9
2021-03-29,3090.65,3118.0,3043.05,3066.8,3697370.0,40.9
2021-03-30,3083.0,3188.45,3060.9,3158.55,4694261.0,48.51
2021-03-31,3155.0,3205.0,3132.0,3177.85,3530069.0,35.03
2021-04-01,3191.1,3215.0,3145.0,3165.0,4285076.0,52.66
2021-04-02,3191.1,3215.0,3145.0,3165.0,4285076.0,52.66
2021-04-05,3171.0,3263.0,3151.0,3238.9,5317862.0,47.37
2021-04-06,3275.0,3275.0,3230.0,3264.7,2291562.0,36.42
2021-04-07,3259.0,3277.55,3234.8,3271.4,2491268.0,45.19
2021-04-08,3270.0,3335.0,3266.05,3317.35,2578118.0,38.29
2021-04-09,3354.0,3354.35,3308.0,3322.25,2911129.0,35.85
2021-04-12,3322.25,3338.1,3213.2,3246.55,3791828.0,35.05
2021-04-13,3214.0,3214.0,3073.05,3104.05,8654596.0,35.87
2021-04-14,3214.0,3214.0,3073.05,3104.05,8654596.0,35.87
2021-04-15,3160.3,3237.25,3087.45,3218.95,6062760.0,50.12
2021-04-16,3229.0,3247.0,3182.6,3195.15,3224657.0,43.47
2021-04-19,3169.0,3189.0,3135.1,3161.8,2679106.0,50.05
2021-04-20,3225.0,3225.35,3126.35,3144.55,3141893.0,55.62
2021-04-21,3225.0,3225.35,3126.35,3144.55,3141893.0,55.62
2021-04-22,3148.0,3148.0,3105.25,3118.8,1988980.0,59.92
2021-04-23,3105.0,3119.0,3091.05,3109.5,1615309.0,47.81
2021-04-26,3102.05,3153.0,3088.05,3100.8,2490260.0,54.02
2021-04-27,3106.0,3136.1,3103.0,3132.0,1471417.0,57.75
2021-04-28,3149.95,3151.0,3112.0,3124.1,1639037.0,51.72
2021-04-29,3145.6,3157.35,3105.5,3115.25,1621395.0,51.66
2021-04-30,3099.0,3132.05,3020.0,3035.65,3072305.0,63.23
2021-05-03,3024.9,3055.0,3004.0,3037.0,1545831.0,41.16
2021-05-04,3062.8,3090.0,3035.0,3049.75,1990777.0,45.83
2021-05-05,3070.0,3099.4,3052.4,3095.7,1939289.0,51.74
2021-05-06,3105.5,3134.0,3074.0,3111.45,1791671.0,46.39
2021-05-07,3133.0,3159.85,3111.8,3132.9,1912540.0,49.48
2021-05-10,3145.95,3164.2,3125.0,3145.5,2137153.0,58.87
2021-05-11,3125.0,3128.1,3091.15,3122.6,2415625.0,61.47
2021-05-12,3120.0,3120.0,3070.6,3087.6,1978558.0,61.65
2021-05-13,3120.0,3120.0,3070.6,3087.6,1978558.0,61.65
2021-05-14,3098.5,3098.5,3040.0,3051.5,2043935.0,62.7
2021-05-17,3055.0,3075.2,3036.0,3069.75,2890462.0,60.88
2021-05-18,3100.0,3124.0,3078.0,3088.8,2098538.0,55.13
2021-05-19,3084.0,3118.0,3067.1,3082.0,1986041.0,62.64
2021-05-20,3067.1,3088.8,3052.1,3060.0,2329027.0,64.93
2021-05-21,3061.0,3088.2,3055.1,3080.5,1685566.0,64.39
2021-05-24,3081.5,3105.0,3072.0,3081.5,1652260.0,54.28
2021-05-25,3092.0,3128.25,3082.1,3114.0,1841613.0,48.99
2021-05-26,3120.0,3165.0,3103.8,3158.5,1923753.0,48.71
2021-05-27,3161.95,3217.75,3161.8,3180.0,5959785.0,62.64
2021-05-28,3189.5,3198.0,3135.65,3143.6,1763701.0,53.37
2021-05-31,3150.0,3170.35,3128.6,3159.15,1652799.0,44.25
2021-06-01,3168.6,3169.95,3132.0,3153.0,1377441.0,54.36
2021-06-02,3150.85,3159.45,3115.0,3129.45,2240078.0,63.02
2021-06-03,3154.55,3154.55,3122.65,3141.25,1281706.0,48.2
2021-06-04,3128.0,3156.85,3125.0,3143.75,1836060.0,60.85
2021-06-07,3145.0,3190.45,3133.6,3183.2,2559821.0,62.03
2021-06-08,3198.0,3231.0,3187.2,3200.15,2574057.0,51.06
2021-06-09,3202.0,3220.0,3186.2,3200.25,1710925.0,58.25
2021-06-10,3210.0,3224.0,3193.0,3216.8,1874324.0,53.48
2021-06-11,3211.55,3309.0,3211.0,3273.8,3452954.0,41.37
2021-06-14,3279.0,3308.7,3270.35,3276.35,1847360.0,50.09
2021-06-15,3298.0,3298.0,3251.55,3262.75,1304985.0,53.2
2021-06-16,3262.1,3294.7,3253.0,3274.35,1635552.0,59.51
2021-06-17,3265.5,3336.05,3260.0,3317.75,2273413.0,57.54
2021-06-18,3350.9,3358.0,3275.0,3297.3,3380431.0,54.96
2021-06-21,3265.0,3286.0,3251.7,3273.1,1130569.0,50.2
2021-06-22,3304.0,3327.05,3285.0,3301.2,1708688.0,56.23
2021-06-23,3329.0,3329.0,3256.4,3261.4,1467104.0,65.44
2021-06-24,3284.0,3383.0,3278.5,3373.6,4155204.0,44.22
2021-06-25,3375.25,3399.65,3350.0,3380.8,2722861.0,58.13
2021-06-28,3391.5,3391.5,3333.0,3336.75,1355238.0,49.42
2021-06-29,3342.0,3366.3,3326.5,3340.85,1497322.0,58.4
2021-06-30,3346.0,3382.0,3338.5,3345.75,1693146.0,56.63
2021-07-01,3358.0,3362.0,3332.35,3341.5,990310.0,59.64
2021-07-02,3331.0,3339.7,3295.2,3325.45,1682274.0,52.66
2021-07-05,3342.0,3374.0,3302.0,3321.0,1972858.0,49.76
2021-07-06,3313.0,3328.0,3256.1,3262.3,2159420.0,48.73
2021-07-07,3275.0,3282.7,3241.6,3274.95,2640710.0,52.95
2021-07-08,3298.0,3298.0,3231.9,3258.5,2485811.0,46.45
2021-07-09,3250.0,3282.0,3201.0,3208.15,6365067.0,33.4
2021-07-12,3235.0,3236.0,3188.35,3193.1,1892226.0,50.78
2021-07-13,3214.0,3214.0,3175.0,3187.55,1809339.0,63.63
2021-07-14,3187.0,3222.0,3185.0,3214.55,2044279.0,57.51
2021-07-15,3227.6,3231.85,3194.0,3202.95,2232968.0,63.56
2021-07-16,3213.0,3219.85,3192.0,3194.8,1256526.0,60.66
2021-07-19,3180.0,3199.8,3176.0,3184.6,1597058.0,64.69
2021-07-20,3184.6,3215.0,3156.15,3205.8,1811945.0,60.21
2021-07-21,3184.6,3215.0,3156.15,3205.8,1811945.0,60.21
2021-07-22,3190.0,3224.95,3190.0,3216.35,2859334.0,69.91
2021-07-23,3230.0,3241.55,3206.65,3212.85,1776193.0,63.04
2021-07-26,3200.0,3224.25,3190.85,3197.55,1259611.0,60.34
2021-07-27,3200.0,3210.0,3161.15,3182.95,1121367.0,65.7
2021-07-28,3188.0,3204.45,3132.4,3197.8,1660654.0,57.48
2021-07-29,3200.25,3225.45,3190.3,3195.8,1731997.0,63.46
2021-07-30,3219.0,3223.5,3162.35,3167.45,2999943.0,72.21
2021-08-02,3180.0,3224.9,3167.0,3219.4,2608669.0,73.13
2021-08-03,3229.0,3290.0,3218.95,3284.9,3804735.0,58.79
2021-08-04,3300.0,3305.2,3261.2,3273.95,2929598.0,67.9
2021-08-05,3275.0,3315.0,3262.5,3283.95,2534521.0,53.59
2021-08-06,3272.55,3324.0,3265.0,3309.8,2292362.0,63.68
2021-08-09,3323.9,3337.0,3310.0,3322.7,1510489.0,64.16
2021-08-10,3315.6,3349.9,3315.6,3333.9,2040777.0,60.64
2021-08-11,3350.0,3360.0,3327.1,3344.2,1929707.0,58.98
2021-08-12,3326.0,3368.0,3326.0,3351.75,1310205.0,62.96
2021-08-13,3360.75,3480.0,3357.5,3463.4,4363584.0,48.87
2021-08-16,3460.0,3494.35,3436.5,3472.95,2083489.0,56.53
2021-08-17,3482.1,3560.8,3463.0,3553.05,4336019.0,62.38
2021-08-18,3573.85,3595.0,3536.6,3560.55,2631309.0,65.5
2021-08-19,3573.85,3595.0,3536.6,3560.55,2631309.0,65.5
2021-08-20,3506.0,3575.0,3500.0,3559.5,2836148.0,65.17
2021-08-23,3580.0,3673.0,3561.9,3637.4,3744176.0,49.22
2021-08-24,3657.0,3667.35,3594.4,3613.2,2511141.0,61.99
2021-08-25,3610.0,3697.75,3607.05,3659.0,2123263.0,46.88
2021-08-26,3660.0,3687.6,3647.9,3671.85,1902533.0,60.7
2021-08-27,3666.0,3729.5,3651.1,3720.15,3944728.0,64.0
2021-08-30,3715.0,3740.35,3687.6,3701.3,2033114.0,66.38
2021-08-31,3709.4,3804.1,3703.45,3786.45,3207480.0,58.06
2021-09-01,3796.0,3816.7,3707.0,3714.95,2643336.0,70.5
2021-09-02,3734.0,3859.15,3722.0,3836.75,3403717.0,59.82
2021-09-03,3825.0,3856.9,3804.55,3842.05,1746812.0,52.49
2021-09-06,3849.7,3877.6,3814.0,3852.0,1723693.0,56.76
2021-09-07,3864.0,3869.95,3808.25,3815.9,1585039.0,63.75
2021-09-08,3810.0,3815.0,3756.0,3774.15,4147175.0,80.9
2021-09-09,3789.7,3808.7,3765.0,3791.4,1441148.0,49.97
2021-09-10,3789.7,3808.7,3765.0,3791.4,1441148.0,49.97
2021-09-13,3767.0,3852.4,3767.0,3845.35,1691473.0,46.67
2021-09-14,3849.95,3896.5,3825.0,3885.9,1991188.0,63.94
2021-09-15,3882.1,3980.0,3866.0,3954.55,2461369.0,49.65
2021-09-16,3930.0,3981.75,3892.1,3903.3,2946666.0,72.14
2021-09-17,3920.0,3945.0,3805.0,3827.85,6477148.0,69.5
2021-09-20,3809.0,3871.0,3807.85,3823.5,2002008.0,55.57
2021-09-21,3858.0,3871.55,3821.65,3862.95,1568129.0,54.33
2021-09-22,3862.5,3896.85,3852.45,3862.15,1744067.0,58.2
2021-09-23,3870.0,3879.0,3835.0,3869.25,2003869.0,69.69
2021-09-24,3890.0,3944.4,3855.0,3871.3,2320754.0,56.36
2021-09-27,3900.0,3904.0,3802.9,3836.95,1673362.0,59.16
2021-09-28,3850.0,3850.0,3751.25,3779.15,2253075.0,69.17
2021-09-29,3759.8,3806.0,3722.15,3791.9,2489161.0,62.2
2021-09-30,3805.0,3805.0,3750.1,3775.55,2252412.0,68.65
2021-10-01,3781.75,3810.0,3725.0,3730.2,1578374.0,58.08
2021-10-04,3724.8,3783.65,3707.45,3773.3,1356860.0,57.72
2021-10-05,3754.0,3840.0,3741.6,3833.3,1877966.0,57.95
2021-10-06,3836.0,3857.45,3795.0,3810.9,1678154.0,56.59
2021-10-07,3830.0,3899.0,3820.05,3892.9,1647233.0,42.11
2021-10-08,3925.0,3989.9,3900.0,3935.65,2934339.0,35.47
2021-10-11,3755.0,3757.5,3660.0,3685.6,11845402.0,55.77
2021-10-12,3706.0,3707.0,3630.6,3652.85,5752877.0,66.04
2021-10-13,3650.0,3675.45,3645.0,3655.2,3545655.0,72.32
2021-10-14,3625.0,3670.0,3608.2,3611.45,6442299.0,73.18
2021-10-15,3625.0,3670.0,3608.2,3611.45,6442299.0,73.18
2021-10-18,3603.45,3652.7,3601.45,3647.15,3590107.0,67.05
2021-10-19,3669.0,3690.1,3625.2,3634.15,3135441.0,57.89
2021-10-20,3612.0,3630.0,3578.3,3608.85,2933693.0,57.44
2021-10-21,3604.1,3607.45,3511.25,3532.5,4871211.0,64.16
2021-10-22,3560.0,3561.6,3485.0,3498.85,2691670.0,63.18
2021-10-25,3503.0,3514.55,3450.0,3492.95,2595594.0,62.71
2021-10-26,3494.5,3529.0,3475.0,3482.6,3878763.0,72.74
2021-10-27,3483.0,3511.25,3483.0,3489.75,2510813.0,70.37
2021-10-28,3518.0,3518.0,3415.0,3421.65,2424942.0,61.77
2021-10-29,3400.05,3461.0,3385.95,3397.75,3960501.0,56.53
2021-11-01,3437.95,3487.0,3412.95,3476.4,2020718.0,57.74
2021-11-02,3494.0,3513.6,3469.75,3484.2,3087414.0,66.95
2021-11-03,3504.2,3519.9,3466.05,3492.25,1537639.0,51.46
2021-11-04,3504.2,3519.9,3466.05,3492.25,1537639.0,51.46
2021-11-05,3512.95,3513.25,3505.0,3508.65,328991.0,75.05
2021-11-08,3548.0,3548.0,3481.2,3502.75,2526082.0,65.43
2021-11-09,3508.0,3535.0,3496.0,3505.7,1782692.0,62.06
2021-11-10,3498.0,3519.7,3480.2,3484.3,1516489.0,63.03
2021-11-11,3480.0,3510.05,3436.0,3488.2,1284514.0,47.85
2021-11-12,3506.0,3534.15,3485.7,3526.05,1747259.0,62.15
2021-11-15,3528.0,3569.6,3528.0,3553.3,1809157.0,61.03
2021-11-16,3569.0,3575.55,3542.0,3556.4,2013204.0,68.13
2021-11-17,3550.6,3562.85,3506.4,3521.9,1632914.0,63.31
2021-11-18,3515.15,3520.85,3451.6,3475.7,2136598.0,64.0
2021-11-19,3515.15,3520.85,3451.6,3475.7,2136598.0,64.0
2021-11-22,3478.4,3515.95,3440.3,3458.4,3167936.0,67.75
2021-11-23,3445.0,3480.95,3407.8,3464.25,2153461.0,67.32
2021-11-24,3472.2,3493.05,3424.0,3443.3,2161746.0,75.88
2021-11-25,3443.9,3463.0,3434.05,3445.9,1849619.0,69.99
2021-11-26,3425.0,3490.0,3411.9,3446.85,1941251.0,59.39
2021-11-29,3447.15,3529.35,3406.45,3502.0,2981745.0,55.29
2021-11-30,3491.0,3563.75,3491.0,3529.15,5588446.0,68.89
2021-12-01,3535.0,3590.0,3535.0,3577.8,2102118.0,62.39
2021-12-02,3589.2,3648.0,3574.1,3642.9,3152938.0,70.03
2021-12-03,3646.45,3665.95,3630.85,3640.45,2486263.0,76.61
2021-12-06,3640.45,3658.0,3522.0,3536.4,1849642.0,56.78
2021-12-07,3562.5,3598.0,3524.3,3584.5,1484458.0,54.74
2021-12-08,3601.0,3646.45,3601.0,3626.9,1428660.0,57.86
2021-12-09,3610.0,3634.75,3566.0,3601.75,1567957.0,56.82
2021-12-10,3585.0,3642.0,3575.1,3636.8,1510718.0,55.17
2021-12-13,3650.0,3662.0,3601.7,3609.65,1883864.0,70.59
2021-12-14,3605.0,3635.0,3576.7,3623.8,1747007.0,69.65
2021-12-15,3620.0,3623.0,3558.15,3570.35,1603233.0,71.22
2021-12-16,3582.0,3608.45,3570.0,3581.6,2072320.0,75.32
2021-12-17,3602.5,3651.35,3573.7,3584.35,4333992.0,61.77
2021-12-20,3589.0,3606.0,3510.15,3556.9,2312310.0,53.77
2021-12-21,3582.65,3641.2,3566.4,3608.3,2340989.0,62.83
2021-12-22,3624.0,3636.8,3606.25,3630.75,1224328.0,61.68
2021-12-23,3648.0,3670.5,3630.0,3662.7,1792861.0,61.78
2021-12-24,3685.0,3705.0,3644.8,3670.9,2209923.0,52.31
2021-12-27,3671.0,3700.0,3653.1,3696.1,1534135.0,56.5
2021-12-28,3710.0,3725.0,3693.85,3706.55,1456218.0,63.03
2021-12-29,3692.25,3719.95,3685.0,3694.7,1456923.0,74.91
2021-12-30,3681.35,3740.0,3680.0,3733.75,1966475.0,65.91
2021-12-31,3742.8,3760.0,3731.3,3738.35,1207141.0,60.28
2022-01-03,3750.0,3830.0,3745.0,3817.75,2346158.0,61.09
2022-01-04,3831.1,3889.15,3811.7,3884.75,2488606.0,61.85
2022-01-05,3865.0,3870.0,3812.4,3860.95,1733031.0,57.03
2022-01-06,3812.0,3835.0,3772.0,3807.45,1810293.0,54.98
2022-01-07,3820.0,3864.9,3796.4,3853.5,2460591.0,61.03
2022-01-10,3978.0,3978.0,3861.0,3879.85,3937092.0,42.87
2022-01-11,3856.0,3925.0,3856.0,3915.9,1906106.0,55.32
2022-01-12,3925.0,3929.0,3836.55,3859.9,3203744.0,58.26
2022-01-13,3918.0,3923.0,3857.0,3897.9,6684507.0,55.91
2022-01-14,3877.85,3977.0,3860.05,3968.15,3348123.0,52.82
2022-01-17,3992.7,4043.0,3962.3,4019.15,3442604.0,49.38
2022-01-18,4033.95,4041.7,3980.0,3990.6,2389041.0,68.47
2022-01-19,4012.0,4012.0,3910.5,3914.65,3102539.0,68.37
2022-01-20,3910.0,3920.0,3811.0,3826.55,6176776.0,80.34
2022-01-21,3807.0,3851.55,3771.1,3833.5,3112358.0,57.7
2022-01-24,3840.0,3849.65,3740.1,3771.35,3258414.0,64.32
2022-01-25,3769.5,3809.4,3722.2,3769.9,3330501.0,62.9
2022-01-26,3769.5,3809.4,3722.2,3769.9,3330501.0,62.9
2022-01-27,3731.0,3733.4,3625.1,3649.25,5718297.0,67.99
2022-01-28,3646.0,3729.8,3646.0,3690.05,3143862.0,59.26
2022-01-31,3749.0,3758.0,3721.4,3736.25,2739393.0,62.37
2022-02-01,3770.0,3808.0,3736.4,3800.65,2105169.0,50.7
2022-02-02,3827.9,3864.0,3800.65,3856.2,1984212.0,58.36
2022-02-03,3851.0,3882.5,3816.05,3824.6,1960538.0,63.38
2022-02-04,3815.3,3824.7,3769.0,3814.9,2307366.0,61.36
2022-02-07,3791.0,3831.8,3756.15,3779.0,1919149.0,60.46
2022-02-08,3791.55,3799.7,3721.0,3743.45,2946443.0,71.01
2022-02-09,3750.0,3777.95,3746.1,3760.55,1638721.0,72.67
2022-02-10,3789.8,3789.8,3758.0,3770.35,2112459.0,71.6
2022-02-11,3752.5,3752.5,3690.0,3694.95,3851488.0,69.71
2022-02-14,3724.0,3793.25,3710.0,3733.75,5951745.0,53.05
2022-02-15,3786.0,3835.0,3748.0,3817.8,3931683.0,58.07
2022-02-16,3844.0,3854.1,3806.0,3813.1,3256906.0,61.08
2022-02-17,3825.0,3835.0,3779.0,3784.2,3134372.0,68.29
2022-02-18,3769.0,3815.95,3757.6,3793.9,3688883.0,73.94
2022-02-21,3810.0,3827.8,3705.55,3719.4,7465922.0,64.87
2022-02-22,3650.0,3667.9,3570.0,3586.4,5408531.0,59.43
2022-02-23,3611.0,3622.9,3555.65,3563.8,2426203.0,60.84
2022-02-24,3474.0,3483.85,3391.1,3401.65,5039136.0,62.07
2022-02-25,3468.0,3530.0,3462.0,3520.75,2549723.0,50.44
2022-02-28,3490.0,3563.75,3455.9,3554.2,3288942.0,59.53
2022-03-01,3490.0,3563.75,3455.9,3554.2,3288942.0,59.53
2022-03-02,3552.5,3571.95,3506.0,3546.15,2761341.0,58.25
2022-03-03,3562.85,3578.6,3530.1,3544.4,1928039.0,56.82
2022-03-04,3501.5,3561.2,3487.05,3524.35,2370257.0,59.6
2022-03-07,3450.0,3548.0,3431.55,3484.9,3054130.0,60.34
2022-03-08,3460.0,3609.0,3460.0,3599.95,3300992.0,57.48
2022-03-09,3605.0,3654.0,3597.05,3632.6,2719654.0,54.91
2022-03-10,3684.0,3684.0,3615.0,3620.95,2005441.0,57.02
2022-03-11,3603.25,3639.85,3592.85,3599.15,1623423.0,61.47
2022-03-14,3580.0,3648.35,3580.0,3643.0,1765688.0,53.67
2022-03-15,3659.0,3659.0,3585.4,3593.9,3651133.0,80.46
2022-03-16,3640.5,3668.0,3616.25,3655.9,3090475.0,76.85
2022-03-17,3696.6,3710.0,3660.3,3672.75,3600452.0,63.37
2022-03-18,3696.6,3710.0,3660.3,3672.75,3600452.0,63.37
2022-03-21,3696.0,3713.95,3615.0,3626.7,2413831.0,59.78
2022-03-22,3640.0,3711.0,3625.0,3700.95,2907611.0,66.44
2022-03-23,3708.0,3729.8,3690.0,3712.4,1596195.0,50.34
2022-03-24,3700.0,3758.2,3695.0,3749.85,1879046.0,66.47
2022-03-25,3759.9,3779.5,3672.0,3707.45,1690133.0,56.27
2022-03-28,3695.0,3713.0,3661.2,3707.7,1760990.0,49.91
2022-03-29,3694.75,3722.0,3691.0,3705.35,2689063.0,69.78
2022-03-30,3738.0,3738.0,3706.2,3731.55,1583455.0,67.67
2022-03-31,3740.0,3754.65,3720.2,3739.95,2168110.0,73.67
2022-04-01,3748.0,3763.0,3728.05,3758.75,1387014.0,64.7
2022-04-04,3762.0,3780.0,3737.1,3770.35,1472994.0,62.45
2022-04-05,3772.0,3835.6,3772.0,3814.8,2314947.0,53.06
2022-04-06,3809.3,3809.3,3731.15,3755.35,2051729.0,60.71
2022-04-07,3745.5,3745.5,3679.0,3684.15,2494829.0,72.71
2022-04-08,3690.0,3705.0,3642.5,3685.65,2296773.0,65.47
2022-04-11,3690.0,3712.35,3656.1,3696.4,2291660.0,51.31
2022-04-12,3683.0,3739.0,3648.35,3691.1,4483476.0,37.08
2022-04-13,3707.0,3709.85,3655.55,3661.95,1621672.0,53.72
2022-04-14,3707.0,3709.85,3655.55,3661.95,1621672.0,53.72
2022-04-15,3707.0,3709.85,3655.55,3661.95,1621672.0,53.72
2022-04-18,3610.0,3610.0,3522.5,3528.05,3820792.0,70.05
2022-04-19,3550.0,3563.55,3439.15,3471.9,3170014.0,69.09
2022-04-20,3500.0,3569.15,3480.0,3556.8,2640370.0,64.51
2022-04-21,3580.0,3644.0,3567.4,3628.65,2280996.0,64.39
2022-04-22,3581.1,3617.0,3571.5,3612.55,1581465.0,62.76
2022-04-25,3558.0,3584.0,3533.1,3548.2,1960694.0,63.73
2022-04-26,3575.15,3587.9,3518.15,3546.3,1943469.0,62.93
2022-04-27,3546.0,3568.45,3506.3,3561.2,1727648.0,61.87
2022-04-28,3588.0,3604.4,3538.05,3584.3,1703660.0,65.58
2022-04-29,3597.0,3623.25,3536.85,3546.7,2051115.0,65.78
2022-05-02,3519.9,3547.95,3492.75,3542.4,1324161.0,63.27
2022-05-03,3519.9,3547.95,3492.75,3542.4,1324161.0,63.27
2022-05-04,3538.5,3545.45,3465.3,3479.75,2305825.0,66.51
2022-05-05,3512.1,3533.0,3485.35,3513.4,1612262.0,61.71
2022-05-06,3459.0,3474.5,3424.5,3432.6,2010812.0,57.58
2022-05-09,3398.0,3456.0,3346.85,3445.1,2481830.0,61.25
2022-05-10,3434.0,3464.8,3422.0,3438.75,1622685.0,68.82
2022-05-11,3435.0,3448.45,3382.15,3412.0,1841769.0,57.89
2022-05-12,3378.0,3449.7,3350.1,3408.65,2807195.0,58.09
2022-05-13,3435.0,3439.9,3382.15,3414.9,2187823.0,60.61
2022-05-16,3415.0,3430.0,3366.6,3376.8,1195813.0,58.37
2022-05-17,3370.0,3467.0,3350.4,3451.6,1754076.0,58.3
2022-05-18,3465.0,3495.0,3443.05,3448.8,1866781.0,62.49
2022-05-19,3397.0,3405.0,3230.0,3261.95,4642963.0,63.58
2022-05-20,3310.0,3313.9,3270.05,3293.0,3065125.0,64.32
2022-05-23,3304.8,3338.9,3267.0,3321.75,2293690.0,60.51
2022-05-24,3315.15,3324.85,3275.6,3288.0,1711510.0,60.8
2022-05-25,3292.85,3292.85,3154.05,3167.65,3548046.0,62.96
2022-05-26,3191.0,3241.5,3180.55,3226.95,2813186.0,64.68
2022-05-27,3253.2,3278.9,3229.2,3261.3,3103153.0,66.91
2022-05-30,3297.0,3386.6,3286.35,3375.25,2094624.0,59.85
2022-05-31,3354.15,3383.4,3325.0,3364.35,4840965.0,75.25
2022-06-01,3388.0,3388.0,3340.05,3355.2,1493835.0,66.22
2022-06-02,3355.0,3432.0,3346.3,3423.0,2657939.0,58.84
2022-06-03,3459.4,3477.3,3431.2,3440.15,1913622.0,58.36
2022-06-06,3418.0,3453.0,3377.15,3430.95,1084210.0,49.66
2022-06-07,3401.05,3418.85,3356.0,3362.7,2308256.0,64.93
2022-06-08,3380.15,3413.95,3346.5,3404.15,2185707.0,60.86
2022-06-09,3385.0,3437.0,3353.1,3427.1,1279197.0,54.45
2022-06-10,3382.0,3393.0,3352.0,3359.9,1527582.0,65.05
2022-06-13,3290.0,3293.0,3192.45,3219.6,3030921.0,70.55
2022-06-14,3190.0,3238.9,3174.7,3210.55,2611493.0,66.67
2022-06-15,3218.5,3234.0,3201.0,3206.3,1404536.0,58.76
2022-06-16,3240.0,3244.85,3133.05,3142.0,2032028.0,59.42
2022-06-17,3092.0,3118.75,3023.85,3088.9,5240434.0,54.31
2022-06-20,3094.0,3138.75,3069.0,3112.4,1502769.0,42.65
2022-06-21,3130.0,3237.75,3125.4,3211.95,2964461.0,58.94
2022-06-22,3199.9,3250.55,3183.0,3222.95,3336315.0,62.2
2022-06-23,3222.95,3318.0,3222.95,3308.8,3692578.0,66.96
2022-06-24,3339.0,3345.0,3277.5,3293.1,2132118.0,56.49
2022-06-27,3350.0,3362.9,3306.5,3314.7,2037686.0,60.03
2022-06-28,3307.0,3330.0,3272.6,3318.15,1400046.0,54.51
2022-06-29,3271.0,3333.0,3271.0,3290.5,2133994.0,59.54
2022-06-30,3272.0,3310.9,3255.0,3267.1,2719603.0,62.19
2022-07-01,3260.0,3333.0,3252.05,3315.1,1502879.0,62.61
2022-07-04,3312.0,3317.95,3225.05,3235.05,2622535.0,64.84
2022-07-05,3255.0,3272.0,3206.95,3216.3,2170627.0,58.08
2022-07-06,3218.5,3268.5,3202.25,3260.75,2182144.0,59.13
2022-07-07,3271.0,3319.4,3265.05,3287.85,1989921.0,53.22
2022-07-08,3300.0,3305.0,3250.0,3265.45,2136916.0,54.74
2022-07-11,3206.15,3225.0,3106.0,3113.8,6974600.0,52.14
2022-07-12,3114.9,3136.2,3080.25,3084.7,3734815.0,55.69
2022-07-13,3104.0,3110.0,3035.0,3038.75,3863530.0,64.92
2022-07-14,3056.0,3057.0,2967.0,2998.75,4764908.0,59.12
2022-07-15,3018.55,3028.9,2953.0,2994.6,4574806.0,62.57
2022-07-18,3023.0,3076.95,3014.3,3063.5,3202795.0,53.05
2022-07-19,3030.05,3078.95,3030.05,3074.25,1865074.0,53.07
2022-07-20,3107.8,3171.95,3098.05,3164.8,3402251.0,61.68
2022-07-21,3167.0,3184.0,3144.05,3177.3,2420640.0,53.11
2022-07-22,3185.0,3197.0,3143.5,3171.0,2075886.0,57.33
2022-07-25,3165.0,3186.45,3149.1,3166.75,1797504.0,59.45
2022-07-26,3164.7,3168.9,3096.5,3115.9,2639367.0,60.35
2022-07-27,3115.0,3194.1,3110.0,3188.85,1389808.0,54.9
2022-07-28,3216.0,3264.0,3201.65,3260.5,2106333.0,48.49
2022-07-29,3290.0,3317.3,3275.0,3301.9,2430257.0,58.61
2022-08-01,3327.0,3327.0,3271.0,3298.8,1306913.0,52.96
2022-08-02,3290.0,3312.9,3271.65,3291.8,1269114.0,51.76
2022-08-03,3280.0,3349.0,3277.05,3339.5,2895824.0,53.12
2022-08-04,3350.0,3387.9,3307.35,3354.95,2150567.0,47.8
2022-08-05,3361.2,3377.0,3355.0,3365.05,1106933.0,56.8
2022-08-10,3385.0,3385.0,3335.0,3354.25,1878359.0,71.23
2022-08-11,3400.0,3428.7,3375.05,3422.5,1449248.0,53.56
2022-08-12,3419.0,3419.0,3381.25,3401.55,1472354.0,62.63
2022-08-15,3419.0,3419.0,3381.25,3401.55,1472354.0,62.63
2022-08-16,3411.0,3414.85,3387.5,3392.7,839942.0,56.66
2022-08-17,3385.1,3417.95,3371.1,3401.1,1622326.0,58.04
2022-08-18,3390.0,3392.0,3362.0,3381.25,1430659.0,63.12
2022-08-19,3387.0,3421.5,3371.25,3385.75,1398410.0,50.31
2022-08-22,3365.0,3384.1,3347.4,3354.55,1536532.0,71.93
2022-08-23,3319.95,3341.9,3270.0,3284.6,1849256.0,54.72
2022-08-24,3292.0,3308.0,3250.2,3255.35,1691923.0,58.85
2022-08-25,3276.0,3278.15,3214.75,3218.2,1946930.0,62.53
2022-08-26,3234.3,3257.0,3216.8,3222.2,1457962.0,57.64
2022-08-29,3125.0,3142.7,3081.0,3132.55,2539173.0,60.92
2022-08-30,3155.0,3226.5,3142.1,3211.15,3431525.0,62.53
2022-08-31,3155.0,3226.5,3142.1,3211.15,3431525.0,62.53
2022-09-01,3190.0,3190.0,3121.0,3131.7,3546935.0,62.65
2022-09-02,3163.0,3163.0,3120.3,3130.4,2052900.0,62.53
2022-09-05,3123.65,3147.95,3112.25,3133.4,2147912.0,69.08
2022-09-06,3135.5,3140.85,3106.35,3127.05,1936453.0,64.62
2022-09-07,3102.0,3161.9,3102.0,3149.6,1291534.0,43.05
2022-09-08,3170.0,3183.5,3160.1,3169.65,1346113.0,59.13
2022-09-09,3195.0,3233.5,3168.5,3217.65,1561185.0,46.66
2022-09-12,3239.9,3269.8,3225.0,3242.95,1785928.0,54.85
2022-09-13,3263.45,3263.45,3225.0,3229.35,1972678.0,71.46
2022-09-14,3135.0,3141.4,3113.8,3120.4,5090269.0,58.81
2022-09-15,3130.0,3137.75,3100.0,3104.35,2138023.0,62.24
2022-09-16,3076.0,3094.35,3000.0,3008.7,5322221.0,66.28
2022-09-19,3036.0,3042.0,2987.8,3028.8,2072220.0,56.13
2022-09-20,3050.0,3079.95,3030.0,3040.3,1544295.0,53.01
2022-09-21,3028.0,3041.4,2998.15,3001.2,2253818.0,70.57
2022-09-22,2990.0,3029.95,2979.3,3007.4,2017983.0,59.49
2022-09-23,3004.0,3022.5,2979.0,2982.05,2652374.0,62.22
2022-09-26,2959.85,3025.85,2926.1,2994.4,2925489.0,59.76
2022-09-27,3009.4,3025.0,2976.0,3017.45,2227447.0,61.47
2022-09-28,2980.0,3049.95,2980.0,3035.65,2739767.0,67.01
2022-09-29,3054.0,3055.85,2990.0,2997.3,2493902.0,64.87
2022-09-30,2990.85,3019.7,2950.1,3004.55,2817353.0,58.59
2022-10-03,2995.0,3020.7,2974.0,2984.95,1763331.0,58.43
2022-10-04,3029.95,3098.0,3023.0,3091.15,2145875.0,50.18
2022-10-05,3029.95,3098.0,3023.0,3091.15,2145875.0,50.18
2022-10-06,3111.0,3124.0,3092.45,3101.95,1790816.0,61.69
2022-10-07,3097.4,3105.0,3058.1,3064.9,1939879.0,60.34
2022-10-10,3010.0,3127.0,3005.0,3118.55,3064063.0,38.65
2022-10-11,3100.0,3145.0,3053.35,3069.55,4730645.0,29.2
2022-10-12,3084.9,3109.9,3062.05,3100.75,1665247.0,43.46
2022-10-13,3100.75,3110.0,3052.35,3103.3,2054781.0,54.97
2022-10-14,3145.0,3150.0,3071.0,3099.15,2245977.0,48.37
2022-10-17,3072.65,3128.4,3071.45,3111.75,1517005.0,53.35
2022-10-18,3150.0,3155.35,3128.55,3144.7,1793722.0,63.4
2022-10-19,3159.0,3159.0,3112.0,3121.85,1194289.0,53.62
2022-10-20,3105.0,3160.0,3105.0,3157.3,1587601.0,58.52
2022-10-21,3157.8,3160.4,3127.0,3137.4,1021913.0,52.78
2022-10-24,3170.1,3178.0,3155.0,3161.7,260949.0,56.39
2022-10-25,3180.5,3184.25,3151.15,3162.1,2069643.0,70.23
2022-10-26,3180.5,3184.25,3151.15,3162.1,2069643.0,70.23
2022-10-27,3160.7,3174.0,3134.35,3157.4,2438421.0,71.77
2022-10-28,3150.0,3178.5,3145.0,3163.25,1355739.0,72.89
2022-10-31,3199.0,3199.0,3177.8,3193.15,1919414.0,70.7
2022-11-01,3214.5,3262.6,3203.45,3259.7,2991060.0,66.1
2022-11-02,3270.0,3270.0,3222.05,3241.7,1405955.0,69.04
2022-11-03,3228.05,3228.05,3195.0,3206.75,1422652.0,61.03
2022-11-04,3217.0,3220.05,3166.15,3217.4,1464013.0,57.45
2022-11-07,3229.0,3242.8,3195.1,3233.7,1474498.0,65.29
2022-11-08,3229.0,3242.8,3195.1,3233.7,1474498.0,65.29
2022-11-09,3249.8,3249.8,3201.65,3216.05,1162267.0,60.5
2022-11-10,3170.0,3225.0,3170.0,3205.65,1573092.0,60.73
2022-11-11,3269.6,3341.6,3255.05,3315.95,3265394.0,62.22
2022-11-14,3324.0,3349.0,3309.0,3335.5,1342074.0,57.69
2022-11-15,3321.0,3339.95,3292.0,3332.6,1400708.0,56.52
2022-11-16,3338.9,3367.9,3321.45,3355.35,1748235.0,51.53
2022-11-17,3340.0,3360.0,3317.75,3349.0,1417986.0,58.84
2022-11-18,3350.0,3362.75,3321.0,3343.45,1164540.0,56.81
2022-11-21,3322.5,3333.7,3273.0,3283.5,1304194.0,62.57
2022-11-22,3280.0,3318.95,3255.25,3314.95,1149739.0,55.4
2022-11-23,3330.0,3330.0,3291.0,3308.3,1150011.0,55.37
2022-11-24,3316.25,3392.95,3308.3,3380.15,1296591.0,55.81
2022-11-25,3383.0,3403.35,3348.0,3389.65,1588981.0,52.89
2022-11-28,3366.0,3417.0,3365.55,3395.25,2195437.0,59.87
2022-11-29,3383.0,3429.0,3383.0,3397.35,1576028.0,64.8
2022-11-30,3383.0,3414.9,3375.0,3390.8,3410702.0,73.35
2022-12-01,3425.0,3480.0,3420.0,3475.65,2180856.0,47.45
2022-12-02,3458.1,3468.9,3413.0,3439.15,2411749.0,56.36
2022-12-05,3433.0,3439.15,3407.0,3425.9,1475065.0,62.38
2022-12-06,3400.05,3407.95,3368.0,3385.35,1166999.0,52.18
2022-12-07,3368.3,3393.7,3354.0,3380.6,1167505.0,50.86
2022-12-08,3360.0,3380.6,3339.45,3350.55,1285619.0,56.74
2022-12-09,3374.1,3374.1,3276.35,3292.75,1797896.0,56.22
2022-12-12,3255.5,3296.0,3236.1,3286.45,1527610.0,50.73
2022-12-13,3277.2,3336.45,3267.8,3332.1,1378016.0,53.93
2022-12-14,3348.8,3377.0,3340.9,3365.35,1213311.0,62.8
2022-12-15,3358.8,3364.75,3298.95,3305.1,1415694.0,62.15
2022-12-16,3275.0,3292.0,3225.2,3240.25,2703680.0,71.34
2022-12-19,3227.0,3245.5,3194.5,3202.05,2120965.0,73.07
2022-12-20,3198.9,3249.0,3163.65,3243.95,1529971.0,43.74
2022-12-21,3249.0,3283.05,3240.0,3268.55,1432566.0,49.78
2022-12-22,3294.0,3294.0,3245.1,3259.7,1384101.0,55.87
2022-12-23,3217.0,3266.85,3217.0,3228.35,1360281.0,51.95
2022-12-26,3228.35,3272.0,3225.05,3252.9,870157.0,49.79
2022-12-27,3269.2,3273.8,3231.5,3259.5,835883.0,47.77
2022-12-28,3249.8,3266.1,3226.0,3257.1,910795.0,52.24
2022-12-29,3231.1,3271.5,3228.0,3268.75,1037927.0,56.27
2022-12-30,3286.05,3299.0,3246.2,3256.7,1163131.0,57.2
2023-01-02,3261.0,3266.85,3235.2,3261.45,709547.0,46.76
2023-01-03,3252.0,3320.0,3245.3,3311.35,1245178.0,53.57
2023-01-04,3306.7,3327.35,3286.2,3314.65,1231668.0,63.19
2023-01-05,3330.2,3337.3,3281.95,3311.1,1826057.0,65.86
2023-01-06,3300.0,3301.55,3200.0,3211.55,2488376.0,63.68
2023-01-09,3229.0,3327.0,3221.15,3319.95,2885060.0,51.04
2023-01-10,3285.0,3298.0,3230.1,3286.4,3864655.0,45.06
2023-01-11,3290.1,3349.5,3271.15,3328.7,2720512.0,47.99
2023-01-12,3329.0,3350.0,3315.55,3334.35,2250391.0,67.77
2023-01-13,3342.9,3379.0,3305.0,3374.55,1742837.0,49.93
2023-01-16,3317.0,3353.0,3298.05,3334.05,1843607.0,48.91
2023-01-17,3330.0,3381.8,3321.0,3378.4,1688475.0,66.0
2023-01-18,3380.0,3408.95,3372.25,3390.0,2421189.0,75.84
2023-01-19,3380.0,3387.0,3361.0,3373.1,1585044.0,71.73
2023-01-20,3365.0,3394.65,3355.6,3363.1,1529349.0,74.67
2023-01-23,3388.0,3419.0,3355.6,3414.9,1067916.0,52.12
2023-01-24,3425.0,3451.95,3417.3,3436.3,1387863.0,60.5
2023-01-25,3425.3,3435.0,3405.0,3429.75,874110.0,56.83
2023-01-26,3425.3,3435.0,3405.0,3429.75,874110.0,56.83
2023-01-27,3426.0,3446.0,3382.3,3411.05,1785879.0,63.63
2023-01-30,3420.0,3458.45,3385.55,3433.65,1953798.0,64.63
2023-01-31,3449.0,3449.0,3351.0,3358.7,2820375.0,67.86
2023-02-01,3363.0,3419.0,3355.0,3408.35,2205161.0,62.77
2023-02-02,3427.0,3469.0,3420.1,3460.4,1813847.0,58.65
2023-02-03,3504.0,3504.0,3452.9,3482.3,1804469.0,60.63
2023-02-06,3473.15,3473.15,3436.85,3459.95,1138714.0,62.98
2023-02-07,3468.9,3493.0,3461.4,3472.55,1455647.0,63.03
2023-02-08,3478.05,3539.9,3478.05,3520.1,1986946.0,57.62
2023-02-09,3515.0,3547.6,3505.3,3540.85,1655427.0,67.91
2023-02-10,3520.0,3542.35,3508.15,3537.55,1187821.0,70.06
2023-02-13,3549.0,3549.0,3473.4,3482.4,1087939.0,52.24
2023-02-14,3505.0,3524.85,3495.0,3500.1,1579818.0,59.77
2023-02-15,3487.0,3526.0,3460.15,3520.65,1429449.0,62.55
2023-02-16,3527.2,3575.0,3527.0,3558.05,1618931.0,63.47
2023-02-17,3526.15,3538.9,3490.0,3501.15,1061369.0,58.6
2023-02-20,3502.0,3522.0,3475.05,3487.3,1296082.0,64.42
2023-02-21,3494.0,3508.9,3444.75,3451.0,1139541.0,62.61
2023-02-22,3414.95,3447.0,3395.0,3401.55,1218430.0,60.95
2023-02-23,3421.0,3452.4,3408.0,3413.8,1441570.0,60.61
2023-02-24,3422.5,3433.95,3382.3,3400.45,977592.0,64.76
2023-02-27,3390.0,3390.0,3316.0,3331.85,1128022.0,53.14
2023-02-28,3328.5,3392.0,3299.9,3312.85,4116217.0,61.86
2023-03-01,3323.0,3389.0,3315.0,3385.7,1669307.0,63.76
2023-03-02,3361.0,3369.9,3318.0,3321.45,1556538.0,64.6
2023-03-03,3354.0,3358.0,3331.1,3342.15,1043190.0,62.79
2023-03-06,3361.9,3404.95,3359.0,3371.85,1334132.0,63.94
2023-03-07,3361.9,3404.95,3359.0,3371.85,1334132.0,63.94
2023-03-08,3364.0,3396.0,3330.85,3390.4,1844590.0,61.27
2023-03-09,3385.0,3385.0,3330.85,3336.85,1648500.0,71.37
2023-03-10,3312.9,3337.25,3290.0,3331.0,1024404.0,55.55
2023-03-13,3333.0,3369.8,3272.0,3281.95,1901233.0,62.21
2023-03-14,3280.0,3304.4,3209.4,3214.95,2670334.0,73.79
2023-03-15,3250.0,3260.35,3192.0,3198.9,1780522.0,64.6
2023-03-16,3208.0,3219.8,3172.0,3185.0,1901060.0,69.02
2023-03-17,3150.5,3221.4,3144.0,3179.3,6739966.0,60.53
2023-03-20,3169.65,3169.65,3095.05,3143.3,2289468.0,56.39
2023-03-21,3143.3,3156.75,3097.45,3106.1,1815297.0,64.93
2023-03-22,3130.05,3143.5,3106.1,3130.8,1123939.0,50.99
2023-03-23,3114.9,3146.35,3101.0,3124.65,1372218.0,58.2
2023-03-24,3148.9,3170.0,3106.0,3120.5,1329577.0,47.14
2023-03-27,3135.0,3152.75,3106.0,3122.3,1524217.0,50.77
2023-03-28,3127.0,3149.55,3110.15,3115.9,1303530.0,48.04
2023-03-29,3129.0,3150.0,3104.1,3138.9,1740616.0,64.37
2023-03-30,3129.0,3150.0,3104.1,3138.9,1740616.0,64.37
2023-03-31,3189.95,3213.0,3152.0,3205.9,2382581.0,64.55
2023-04-03,3224.95,3224.95,3173.75,3200.0,1521830.0,68.29
2023-04-04,3224.95,3224.95,3173.75,3200.0,1521830.0,68.29
2023-04-05,3185.5,3264.35,3185.5,3239.8,2655065.0,50.95
2023-04-06,3225.0,3257.35,3215.0,3220.7,1703464.0,49.89
2023-04-07,3225.0,3257.35,3215.0,3220.7,1703464.0,49.89
2023-04-10,3220.0,3272.0,3215.0,3263.4,2203187.0,26.94
2023-04-11,3264.0,3272.95,3192.15,3213.8,2348779.0,56.61
2023-04-12,3227.95,3260.95,3199.0,3241.65,2417727.0,47.4
2023-04-13,3210.0,3230.0,3180.0,3188.85,4174070.0,39.81
2023-04-14,3210.0,3230.0,3180.0,3188.85,4174070.0,39.81
2023-04-17,3134.1,3163.4,3070.25,3139.5,5505048.0,62.36
2023-04-18,3154.95,3156.85,3110.6,3130.75,2617302.0,70.15
2023-04-19,3130.75,3140.0,3071.5,3089.6,3298034.0,41.25
2023-04-20,3090.0,3113.0,3078.0,3104.8,2419999.0,42.96
2023-04-21,3110.0,3164.45,3100.8,3160.85,1929184.0,59.28
2023-04-24,3151.1,3180.95,3126.15,3174.8,1640676.0,65.38
2023-04-25,3183.0,3191.2,3147.5,3176.0,2024090.0,66.07
2023-04-26,3181.0,3208.4,3181.0,3198.15,2000029.0,59.15
2023-04-27,3185.0,3199.2,3170.65,3187.95,2434446.0,58.25
2023-04-28,3200.4,3227.25,3196.25,3219.25,2931312.0,65.9
2023-05-01,3200.4,3227.25,3196.25,3219.25,2931312.0,65.9
2023-05-02,3235.0,3235.0,3210.0,3219.4,2321159.0,67.46
2023-05-03,3216.0,3216.0,3173.15,3179.9,2468285.0,71.43
2023-05-04,3180.15,3224.45,3178.0,3220.7,1953253.0,44.32
2023-05-05,3220.0,3244.0,3210.05,3230.7,1710027.0,50.77
2023-05-08,3245.0,3254.85,3231.3,3250.6,928235.0,60.04
2023-05-09,3252.6,3298.0,3246.0,3283.25,1107375.0,65.49
2023-05-10,3290.0,3306.5,3266.05,3286.8,1559987.0,40.92
2023-05-11,3309.0,3309.7,3272.0,3282.15,1719623.0,31.62
2023-05-12,3279.15,3290.0,3260.0,3274.3,1027479.0,59.14
2023-05-15,3284.0,3292.0,3248.35,3255.05,1150390.0,61.04
2023-05-16,3256.2,3285.0,3250.45,3258.15,986306.0,64.42
2023-05-17,3255.95,3280.0,3198.25,3208.7,1588815.0,64.64
2023-05-18,3225.95,3228.95,3195.0,3199.85,1369364.0,56.38
2023-05-19,3210.0,3234.5,3203.05,3222.85,1152449.0,58.21
2023-05-22,3230.0,3308.45,3217.05,3298.7,1333243.0,56.2
2023-05-23,3306.0,3327.95,3290.1,3297.05,1687418.0,70.61
2023-05-24,3276.0,3317.2,3276.0,3303.35,1016555.0,69.57
2023-05-25,3294.0,3306.0,3267.1,3293.5,1374917.0,46.73
2023-05-26,3293.5,3338.65,3291.0,3328.9,1791115.0,71.22
2023-05-29,3360.8,3372.0,3312.0,3320.35,1210372.0,58.68
2023-05-30,3315.0,3326.95,3301.35,3316.2,1344224.0,69.09
2023-05-31,3309.0,3327.7,3265.15,3289.5,5815424.0,81.24
2023-06-01,3314.0,3340.0,3297.5,3324.0,1177314.0,59.72
2023-06-02,3326.25,3335.9,3297.45,3305.6,2030661.0,73.44
2023-06-05,3315.0,3327.0,3285.05,3288.9,1861468.0,76.49
2023-06-06,3280.0,3288.85,3220.6,3232.3,2022849.0,59.14
2023-06-07,3253.0,3278.85,3241.0,3274.9,1567196.0,57.96
2023-06-08,3261.0,3270.0,3233.0,3236.45,1759366.0,67.67
2023-06-09,3245.0,3250.0,3205.35,3209.3,1775689.0,72.44
2023-06-12,3215.0,3254.4,3211.0,3246.9,2324605.0,68.23
2023-06-13,3260.0,3265.0,3239.0,3243.7,1371928.0,67.47
2023-06-14,3243.7,3255.85,3225.85,3251.05,1658544.0,65.76
2023-06-15,3245.3,3247.45,3210.0,3216.3,2273810.0,58.94
2023-06-16,3197.0,3199.4,3156.0,3174.9,4156189.0,69.07
2023-06-19,3190.0,3214.9,3175.0,3210.4,1468186.0,65.44
2023-06-20,3214.0,3232.5,3201.05,3227.7,1528452.0,72.45
2023-06-21,3250.0,3261.4,3223.95,3258.2,1645987.0,70.46
2023-06-22,3260.0,3267.65,3230.1,3238.5,1529603.0,56.36
2023-06-23,3237.3,3249.4,3209.15,3216.35,1119505.0,64.52
2023-06-26,3205.0,3213.9,3173.0,3189.65,1978803.0,71.7
2023-06-27,3202.0,3209.65,3182.3,3197.35,863542.0,55.82
2023-06-28,3208.0,3230.95,3193.4,3215.45,1575872.0,65.44
2023-06-29,3208.0,3230.95,3193.4,3215.45,1575872.0,65.44
2023-06-30,3220.0,3310.0,3214.1,3302.25,2672406.0,62.98
2023-07-03,3314.3,3318.8,3268.75,3272.3,1687264.0,65.94
2023-07-04,3290.0,3315.0,3277.3,3308.85,1656681.0,58.25
2023-07-05,3320.0,3329.0,3305.0,3319.95,1453008.0,59.02
2023-07-06,3306.55,3328.45,3302.0,3322.9,1848238.0,51.02
2023-07-07,3302.0,3356.9,3302.0,3329.25,1789326.0,45.94
2023-07-10,3324.75,3324.75,3265.2,3271.95,1407431.0,55.81
2023-07-11,3295.0,3295.0,3260.8,3272.4,1110172.0,55.29
2023-07-12,3280.95,3289.15,3250.1,3259.9,1515240.0,58.43
2023-07-13,3284.0,3367.45,3272.75,3340.55,4585146.0,44.96
2023-07-14,3365.0,3524.85,3352.0,3514.65,6306101.0,54.37
2023-07-17,3510.0,3549.9,3477.05,3491.7,2743228.0,40.49
2023-07-18,3476.0,3524.0,3465.0,3496.85,2600090.0,59.64
2023-07-19,3500.0,3516.85,3445.65,3470.05,2405370.0,65.01
2023-07-20,3453.1,3478.9,3436.05,3463.3,1715404.0,53.91
2023-07-21,3404.05,3434.9,3359.05,3368.3,3770223.0,62.75
2023-07-24,3381.0,3413.45,3372.1,3394.75,1680132.0,67.2
2023-07-25,3397.5,3406.8,3380.2,3399.15,1272980.0,70.75
2023-07-26,3400.35,3420.85,3385.0,3388.3,1066803.0,57.7
2023-07-27,3394.95,3411.65,3385.05,3396.9,1701769.0,73.03
2023-07-28,3385.0,3393.7,3331.0,3355.4,2599831.0,72.61
2023-07-31,3364.4,3426.65,3360.9,3421.45,2743678.0,70.47
2023-08-01,3415.0,3460.0,3415.0,3452.05,1956167.0,63.67
2023-08-02,3434.95,3446.4,3413.6,3440.65,1914899.0,73.01
2023-08-03,3420.0,3433.25,3368.0,3399.95,2026351.0,61.85
2023-08-04,3401.25,3471.0,3401.25,3443.55,2248493.0,63.8
2023-08-07,3453.95,3488.0,3441.25,3484.05,1853889.0,69.53
2023-08-08,3484.05,3489.95,3456.6,3470.6,1634225.0,77.81
2023-08-09,3464.9,3467.0,3425.05,3462.5,1794589.0,72.73
2023-08-10,3450.0,3464.9,3430.05,3442.1,1096701.0,55.85
2023-08-11,3438.1,3466.65,3414.0,3448.8,1679974.0,62.61
2023-08-14,3440.7,3455.0,3411.0,3449.85,1190425.0,58.61
2023-08-15,3440.7,3455.0,3411.0,3449.85,1190425.0,58.61
2023-08-16,3450.0,3466.0,3435.2,3458.4,1328445.0,67.63
2023-08-17,3455.0,3460.8,3413.2,3435.75,1843241.0,63.62
2023-08-18,3410.0,3410.0,3356.5,3367.1,2526749.0,56.38
2023-08-21,3375.0,3409.75,3372.0,3401.65,1375579.0,68.98
2023-08-22,3400.0,3411.0,3365.05,3382.15,1222012.0,62.68
2023-08-23,3388.0,3402.0,3376.0,3398.25,1330046.0,63.65
2023-08-24,3408.0,3413.05,3378.1,3387.75,1152881.0,61.04
2023-08-25,3375.0,3385.8,3350.25,3381.3,1158046.0,63.99
2023-08-28,3394.0,3394.0,3360.1,3375.55,1037485.0,69.29
2023-08-29,3381.05,3389.55,3365.0,3376.15,944517.0,68.06
2023-08-30,3398.0,3408.1,3383.05,3390.95,1188200.0,68.9
2023-08-31,3401.0,3417.4,3343.65,3356.8,3417652.0,70.84
2023-09-01,3366.0,3389.0,3356.8,3379.2,1277950.0,68.28
2023-09-04,3378.0,3432.85,3370.05,3418.5,1828332.0,67.29
2023-09-05,3420.0,3447.0,3405.15,3429.35,1501842.0,61.43
2023-09-06,3434.0,3443.9,3398.1,3429.9,1314818.0,64.0
2023-09-07,3430.8,3460.0,3422.3,3455.25,1885092.0,44.71
2023-09-08,3455.25,3465.0,3435.05,3441.9,1518917.0,63.91
2023-09-11,3462.0,3485.7,3445.0,3480.65,1783604.0,69.9
2023-09-12,3492.0,3589.9,3483.0,3580.8,4476016.0,56.89
2023-09-13,3571.1,3588.85,3545.0,3567.85,1754929.0,58.76
2023-09-14,3570.05,3597.7,3545.6,3560.05,2604721.0,44.64
2023-09-15,3567.85,3607.35,3562.45,3598.3,2952897.0,59.26
2023-09-18,3580.05,3619.3,3575.25,3606.15,1395753.0,72.04
2023-09-19,3580.05,3619.3,3575.25,3606.15,1395753.0,72.04
2023-09-20,3580.0,3625.0,3580.0,3606.05,1649396.0,59.21
2023-09-21,3588.55,3605.0,3528.0,3585.3,2004073.0,44.51
2023-09-22,3584.0,3633.75,3565.05,3603.65,1989083.0,53.46
2023-09-25,3602.5,3620.0,3558.65,3577.15,1238778.0,68.43
2023-09-26,3567.6,3594.95,3536.0,3585.7,1726062.0,70.73
2023-09-27,3590.0,3614.0,3555.7,3589.3,1541134.0,64.36
2023-09-28,3600.0,3602.8,3527.35,3536.75,1755753.0,44.16
2023-09-29,3537.2,3568.45,3505.55,3528.6,2243791.0,57.14
2023-10-02,3537.2,3568.45,3505.55,3528.6,2243791.0,57.14
2023-10-03,3534.2,3534.2,3480.1,3513.85,1948148.0,60.98
2023-10-04,3486.3,3548.0,3477.3,3537.75,1788138.0,62.4
2023-10-05,3554.0,3624.0,3551.2,3589.35,2990768.0,44.96
2023-10-06,3591.0,3634.95,3575.05,3621.4,2075691.0,58.64
2023-10-09,3645.05,3679.0,3631.0,3638.35,4233074.0,54.65
2023-10-10,3640.05,3648.0,3601.35,3628.9,1848148.0,48.62
2023-10-11,3650.0,3650.0,3605.0,3609.9,2426417.0,60.9
2023-10-12,3575.0,3588.65,3538.1,3542.55,4241281.0,50.68
2023-10-13,3530.0,3577.0,3525.0,3570.85,2890357.0,61.27
2023-10-16,3566.0,3574.65,3519.1,3524.05,1671104.0,66.63
2023-10-17,3530.0,3534.15,3503.35,3507.05,1672065.0,71.78
2023-10-18,3511.0,3522.7,3484.0,3487.25,1408245.0,64.99
2023-10-19,3469.5,3476.85,3451.9,3455.65,1514545.0,53.77
2023-10-20,3450.4,3499.5,3444.05,3494.55,1481211.0,54.81
2023-10-23,3473.0,3478.95,3401.3,3410.15,1106272.0,57.44
2023-10-24,3473.0,3478.95,3401.3,3410.15,1106272.0,57.44
2023-10-25,3390.5,3425.0,3377.2,3390.1,1518537.0,63.21
2023-10-26,3368.05,3373.7,3330.0,3336.75,1984471.0,60.8
2023-10-27,3350.0,3362.0,3337.0,3350.95,1108851.0,56.54
2023-10-30,3350.0,3382.85,3333.75,3378.55,910972.0,48.57
2023-10-31,3399.0,3399.0,3350.05,3368.75,999811.0,58.46
2023-11-01,3355.0,3371.6,3311.0,3330.65,1563475.0,73.46
2023-11-02,3343.2,3375.95,3343.2,3360.1,1245384.0,43.56
2023-11-03,3382.0,3387.9,3344.3,3350.9,1402598.0,68.15
2023-11-06,3375.0,3392.3,3359.0,3380.25,1099852.0,78.6
2023-11-07,3378.0,3404.15,3366.0,3370.45,1191144.0,71.62
2023-11-08,3371.45,3401.95,3369.55,3381.55,992899.0,63.49
2023-11-09,3390.1,3391.5,3342.05,3347.45,2112352.0,59.67
2023-11-10,3338.0,3347.45,3322.35,3333.45,1338557.0,69.55
2023-11-13,3356.0,3356.0,3327.0,3331.55,1030990.0,80.09
2023-11-14,3356.0,3356.0,3327.0,3331.55,1030990.0,80.09
2023-11-15,3383.1,3413.0,3356.05,3404.3,2059802.0,70.37
2023-11-16,3430.05,3529.35,3414.2,3497.85,3951984.0,47.23
2023-11-17,3497.85,3524.5,3492.55,3502.45,2021292.0,55.01
2023-11-20,3491.25,3533.9,3491.25,3519.6,1475621.0,62.17
2023-11-21,3519.6,3539.05,3501.0,3510.2,1807236.0,75.26
2023-11-22,3500.0,3532.65,3481.1,3530.15,1798051.0,63.9
2023-11-23,3530.0,3544.0,3500.0,3508.25,2729804.0,70.82
2023-11-24,3494.25,3504.55,3453.0,3457.1,1989733.0,54.03
2023-11-27,3494.25,3504.55,3453.0,3457.1,1989733.0,54.03
2023-11-28,3457.1,3481.25,3433.0,3470.15,1689195.0,66.61
2023-11-29,3481.0,3518.0,3475.8,3513.75,1441634.0,63.83
2023-11-30,3499.45,3516.65,3481.0,3487.6,3266235.0,72.33
2023-12-01,3500.0,3516.95,3490.05,3511.65,1172141.0,60.62
2023-12-04,3544.65,3547.8,3498.0,3512.45,1625213.0,59.0
2023-12-05,3538.0,3538.0,3502.8,3531.6,1377656.0,59.42
2023-12-06,3532.6,3612.85,3525.15,3604.1,1896572.0,54.24
2023-12-07,3605.0,3630.55,3591.7,3614.9,1967653.0,58.8
2023-12-08,3633.0,3645.0,3602.05,3626.7,1641155.0,47.17
2023-12-11,3622.9,3653.0,3615.0,3642.9,1102503.0,69.24
2023-12-12,3638.95,3698.4,3631.0,3672.1,2236866.0,62.5
2023-12-13,3643.55,3650.0,3563.0,3593.55,3850968.0,64.76
2023-12-14,3630.0,3678.0,3627.6,3667.25,3290396.0,64.93
2023-12-15,3666.7,3895.95,3666.7,3861.0,8531230.0,56.47
2023-12-18,3858.1,3929.0,3830.15,3859.2,2521612.0,45.85
2023-12-19,3845.0,3855.1,3790.0,3816.2,2004435.0,54.28
2023-12-20,3827.25,3898.8,3766.55,3780.05,2586083.0,52.05
2023-12-21,3756.25,3806.7,3743.35,3787.5,1517562.0,43.58
2023-12-22,3800.0,3845.95,3762.0,3824.0,2413058.0,55.11
2023-12-25,3800.0,3845.95,3762.0,3824.0,2413058.0,55.11
2023-12-26,3819.85,3834.0,3790.15,3795.55,1285231.0,58.11
2023-12-27,3799.0,3818.2,3768.0,3811.2,1293976.0,60.21
2023-12-28,3824.0,3838.0,3792.1,3799.9,1682889.0,60.43
2023-12-29,3792.0,3822.6,3765.4,3793.4,1574996.0,63.8
2024-01-01,3790.0,3832.0,3773.0,3811.1,825907.0,51.02
2024-01-02,3811.1,3811.1,3767.25,3783.2,1344068.0,69.07
2024-01-03,3767.0,3771.85,3687.05,3691.75,1803075.0,65.9
2024-01-04,3701.75,3719.0,3651.0,3666.8,3598144.0,74.21
2024-01-05,3675.0,3747.75,3674.85,3737.9,1963127.0,52.63
2024-01-08,3737.9,3739.75,3672.4,3678.3,1067805.0,58.96
2024-01-09,3709.95,3752.35,3682.75,3689.9,1370944.0,55.2
2024-01-10,3690.0,3729.25,3688.0,3713.05,1292227.0,58.45
2024-01-11,3724.0,3773.0,3707.0,3735.55,1777909.0,50.61
2024-01-12,3848.0,3905.25,3821.6,3882.8,6813450.0,55.31
2024-01-15,3960.0,3965.0,3885.0,3903.8,2801505.0,55.76
2024-01-16,3899.0,3899.0,3855.55,3861.3,1432672.0,62.86
2024-01-17,3819.0,3909.95,3812.55,3884.6,3458696.0,64.49
2024-01-18,3898.0,3908.8,3862.0,3902.6,2239110.0,60.87
2024-01-19,3945.0,3963.55,3915.05,3943.05,2941975.0,65.72
2024-01-22,3948.0,3955.65,3855.55,3860.65,516477.0,43.07
2024-01-23,3900.0,3933.9,3842.75,3858.25,2618854.0,67.06
2024-01-24,3880.0,3883.65,3805.6,3841.8,2657709.0,74.66
2024-01-25,3839.9,3861.0,3778.7,3810.3,2205154.0,60.43
2024-01-26,3839.9,3861.0,3778.7,3810.3,2205154.0,60.43
2024-01-29,3800.8,3820.0,3780.85,3801.0,1646747.0,69.4
2024-01-30,3807.45,3847.8,3787.0,3800.55,1411621.0,64.79
2024-01-31,3811.2,3834.0,3796.45,3815.95,2459358.0,74.19
2024-02-01,3820.0,3904.9,3805.05,3854.15,2363107.0,53.63
2024-02-02,3875.05,3984.4,3872.0,3966.3,2826510.0,50.78
2024-02-05,3983.0,4022.0,3962.1,3973.3,1691523.0,60.01
2024-02-06,3997.0,4149.9,3990.0,4136.0,4474396.0,55.42
2024-02-07,4153.0,4155.0,4073.95,4083.4,2124267.0,67.49
2024-02-08,4090.0,4158.0,4086.05,4134.1,2345173.0,40.38
2024-02-09,4136.55,4184.75,4100.0,4133.7,2100596.0,39.81
2024-02-12,4130.0,4159.6,4105.55,4120.7,1013716.0,53.77
2024-02-13,4125.45,4170.0,4081.5,4149.5,1257415.0,60.27
2024-02-14,4107.0,4114.9,4049.5,4100.1,1391283.0,60.7
2024-02-15,4128.0,4146.3,4083.0,4103.2,1091582.0,43.95
2024-02-16,4113.25,4147.95,4100.1,4128.3,1307556.0,50.52
2024-02-19,4123.05,4128.3,4055.0,4103.8,772291.0,44.48
2024-02-20,4082.1,4098.0,4010.0,4030.65,1193648.0,52.61
2024-02-21,4013.0,4063.35,3980.6,3991.5,1885939.0,57.97
2024-02-22,3971.0,4094.95,3971.0,4087.1,2982052.0,49.14
2024-02-23,4130.0,4130.0,4046.4,4052.1,2538072.0,69.51
2024-02-26,4036.0,4050.0,3982.75,4001.05,1379284.0,68.4
2024-02-27,3999.0,4124.0,3999.0,4104.4,2960475.0,58.54
2024-02-28,4095.6,4154.9,4089.0,4118.95,1939225.0,53.88
2024-02-29,4099.0,4138.1,4064.55,4095.1,3772719.0,58.94
2024-03-01,4107.2,4140.0,4086.8,4094.35,2043265.0,58.86
2024-03-04,4105.0,4117.9,4075.9,4080.7,1749271.0,74.08
2024-03-05,4062.0,4064.0,3980.0,4012.1,2070859.0,65.07
2024-03-06,3994.05,4072.0,3958.45,4064.3,1744204.0,51.28
2024-03-07,4065.0,4124.0,4037.7,4108.6,2688905.0,60.85
2024-03-08,4065.0,4124.0,4037.7,4108.6,2688905.0,60.85
2024-03-11,4089.0,4153.0,4089.0,4122.35,2304068.0,65.56
2024-03-12,4122.35,4229.95,4121.05,4192.25,4039801.0,44.93
2024-03-13,4205.0,4241.0,4131.9,4149.0,2837260.0,58.35
2024-03-14,4153.45,4225.0,4086.0,4207.6,2919608.0,50.0
2024-03-15,4192.6,4239.0,4177.0,4219.25,3373143.0,63.12
2024-03-18,4215.25,4254.75,4117.85,4152.5,1526904.0,52.94
2024-03-19,4051.25,4058.0,3966.6,3977.3,8931209.0,40.26
2024-03-20,3986.0,4018.0,3960.2,3970.9,1817913.0,48.57
2024-03-21,3990.05,4008.4,3948.0,3972.95,3829582.0,62.87
2024-03-22,3897.0,3938.0,3855.0,3910.9,5852485.0,55.48
2024-03-25,3897.0,3938.0,3855.0,3910.9,5852485.0,55.48
2024-03-26,3875.0,3946.7,3871.45,3877.5,3440925.0,73.31
2024-03-27,3888.5,3895.0,3829.4,3840.9,1968575.0,70.39
2024-03-28,3850.1,3915.0,3840.5,3876.3,4311783.0,54.41
2024-03-29,3850.1,3915.0,3840.5,3876.3,4311783.0,54.41
2024-04-01,3897.7,3933.3,3888.05,3916.75,1569676.0,65.98
2024-04-02,3890.0,3909.85,3873.0,3883.8,2142666.0,76.96
2024-04-03,3851.0,3981.0,3851.0,3947.3,3973090.0,61.59
2024-04-04,3975.9,4028.65,3935.25,4003.3,3394637.0,46.58
2024-04-05,3978.0,4002.0,3960.5,3979.25,1636819.0,63.35
2024-04-08,3983.0,4032.65,3960.0,3972.55,2302538.0,71.63
2024-04-09,3984.0,4015.85,3925.05,3946.55,1876992.0,62.69
2024-04-10,3956.4,3990.2,3918.0,3984.65,2101965.0,63.98
2024-04-11,3956.4,3990.2,3918.0,3984.65,2101965.0,63.98
2024-04-12,3971.0,4013.35,3945.5,4001.4,4354821.0,53.1
2024-04-15,4001.4,4064.2,3919.05,3941.2,4200329.0,34.88
2024-04-16,3902.0,3928.7,3862.85,3872.8,3051420.0,66.86
2024-04-17,3902.0,3928.7,3862.85,3872.8,3051420.0,66.86
2024-04-18,3876.8,3936.0,3850.0,3862.0,3476284.0,50.63
2024-04-19,3838.0,3852.55,3800.9,3826.2,2957749.0,58.55
2024-04-22,3837.0,3878.0,3812.0,3864.6,1728883.0,66.44
2024-04-23,3877.05,3895.0,3860.6,3874.7,1807586.0,67.81
2024-04-24,3890.0,3898.0,3824.45,3831.05,1317312.0,63.33
2024-04-25,3811.2,3873.65,3811.0,3852.2,2856271.0,53.73
2024-04-26,3855.15,3876.8,3802.55,3821.35,2039178.0,58.81
2024-04-29,3838.0,3877.8,3819.2,3870.2,1110693.0,60.04
2024-04-30,3872.0,3881.75,3810.0,3820.65,2203078.0,73.93
2024-05-01,3872.0,3881.75,3810.0,3820.65,2203078.0,73.93
2024-05-02,3778.05,3871.1,3778.05,3863.3,2491044.0,41.4
2024-05-03,3890.15,3893.6,3797.6,3843.4,2962234.0,51.69
2024-05-06,3853.0,3939.95,3853.0,3921.05,2053831.0,53.17
2024-05-07,3930.8,3988.0,3913.5,3978.95,2062112.0,61.81
2024-05-08,3961.0,3984.3,3938.6,3976.95,1247685.0,62.52
2024-05-09,3962.0,3971.0,3910.05,3960.2,1726486.0,45.54
2024-05-10,3962.6,3973.6,3885.05,3893.9,1672489.0,49.83
2024-05-13,3884.5,3955.0,3870.0,3947.8,931326.0,51.16
2024-05-14,3936.0,3945.8,3892.9,3901.2,1058317.0,56.86
2024-05-15,3904.5,3926.95,3875.5,3880.4,1115021.0,62.1
2024-05-16,3891.1,3909.5,3843.5,3900.95,2599399.0,40.43
2024-05-17,3919.0,3920.0,3830.0,3834.1,2765804.0,65.87
2024-05-20,3847.0,3861.9,3840.0,3851.45,91066.0,49.1
2024-05-21,3830.6,3844.75,3810.05,3820.2,1908117.0,67.53
2024-05-22,3835.0,3841.25,3817.55,3832.0,1311168.0,61.4
2024-05-23,3840.95,3905.0,3825.5,3893.45,2095742.0,44.76
2024-05-24,3878.25,3883.8,3844.3,3849.5,1309452.0,58.21
2024-05-27,3855.0,3908.35,3841.35,3847.05,1841538.0,62.08
2024-05-28,3858.0,3870.0,3830.0,3839.9,1801993.0,69.45
2024-05-29,3848.9,3848.9,3800.0,3803.65,1568095.0,71.21
2024-05-30,3777.0,3794.4,3715.45,3736.1,2919230.0,68.47
2024-05-31,3740.0,3749.8,3653.75,3670.95,10956800.0,75.01
2024-06-03,3732.8,3751.55,3696.0,3702.85,2156773.0,68.87
2024-06-04,3700.0,3745.0,3591.5,3715.0,3395997.0,55.22
2024-06-05,3716.0,3783.8,3700.0,3746.45,2799670.0,62.63
2024-06-06,3781.0,3839.9,3741.5,3830.4,4328036.0,54.41
2024-06-07,3837.3,3915.0,3837.3,3893.95,4552445.0,51.77
2024-06-10,3895.0,3905.9,3841.9,3858.7,1734661.0,62.68
2024-06-11,3845.0,3879.95,3841.0,3852.1,1419898.0,68.18
2024-06-12,3874.4,3893.5,3827.45,3831.65,2177001.0,73.41
2024-06-13,3856.8,3890.0,3852.0,3878.15,1932323.0,60.07
2024-06-14,3889.0,3889.0,3828.0,3832.05,1860730.0,59.2
2024-06-17,3889.0,3889.0,3828.0,3832.05,1860730.0,59.2
2024-06-18,3826.05,3842.0,3795.05,3815.1,1774045.0,62.39
2024-06-19,3827.65,3833.85,3792.95,3801.7,1509050.0,65.05
2024-06-20,3796.0,3809.95,3780.05,3787.25,2846526.0,60.21
2024-06-21,3827.0,3877.8,3798.05,3810.75,4642195.0,48.78
2024-06-24,3808.75,3857.0,3791.3,3816.8,1702154.0,63.1
2024-06-25,3817.0,3847.65,3792.9,3838.45,1338808.0,69.17
2024-06-26,3844.5,3866.95,3841.0,3855.85,1639845.0,68.99
2024-06-27,3831.0,3942.0,3818.1,3934.15,4526556.0,52.19
2024-06-28,3917.8,3960.0,3897.85,3904.15,2731571.0,56.88
2024-07-01,3884.0,4001.7,3884.0,3978.2,2658723.0,58.27
2024-07-02,3993.6,4023.4,3982.55,4017.4,2307449.0,56.51
2024-07-03,4020.0,4026.1,3955.0,3965.25,1821198.0,59.45
2024-07-04,3999.85,4047.35,3982.1,4020.95,2518001.0,55.2
2024-07-05,4010.0,4026.75,3988.0,4011.8,1668616.0,54.16
2024-07-08,4022.0,4031.25,3978.05,3993.2,1758882.0,66.57
2024-07-09,3985.0,4006.95,3975.1,3985.5,1305801.0,68.62
2024-07-10,3983.7,4003.3,3902.0,3909.15,2669716.0,64.19
2024-07-11,3931.0,3980.0,3895.6,3923.7,4872189.0,60.57
2024-07-12,3980.0,4199.95,3971.3,4183.95,13509164.0,44.12
2024-07-15,4235.7,4240.0,4157.05,4169.2,4848030.0,71.52
2024-07-16,4172.0,4194.55,4144.9,4178.45,2029521.0,72.98
2024-07-17,4172.0,4194.55,4144.9,4178.45,2029521.0,72.98
2024-07-18,4160.0,4325.0,4160.0,4315.55,5613364.0,54.22
2024-07-19,4317.4,4358.75,4285.25,4302.4,3903354.0,55.34
2024-07-22,4299.95,4319.95,4265.0,4287.35,1896386.0,68.34
2024-07-23,4283.0,4361.7,4266.3,4302.35,2365208.0,61.99
2024-07-24,4287.5,4339.1,4268.1,4306.25,1809793.0,63.69
2024-07-25,4295.0,4343.0,4274.2,4322.5,2810342.0,65.12
2024-07-26,4350.0,4422.45,4337.05,4387.85,3552210.0,63.61
2024-07-29,4415.0,4431.0,4371.0,4381.1,1746803.0,72.14
2024-07-30,4391.1,4398.0,4327.3,4365.35,1797906.0,70.92
2024-07-31,4350.0,4414.0,4345.0,4385.35,2330091.0,74.08
2024-08-01,4399.4,4419.3,4365.05,4397.1,2202244.0,63.85
2024-08-02,4365.0,4398.0,4270.0,4283.05,2811282.0,60.67
2024-08-05,4239.0,4239.0,4110.5,4155.05,2787771.0,64.31
2024-08-06,4170.95,4258.25,4160.8,4171.2,2203067.0,64.82
2024-08-07,4228.0,4244.95,4180.3,4200.45,1237666.0,64.34
2024-08-08,4181.0,4232.0,4160.0,4172.55,2441283.0,69.02
2024-08-09,4217.0,4253.65,4205.55,4228.75,1302536.0,64.13
2024-08-12,4230.0,4239.0,4186.35,4195.65,936912.0,63.31
2024-08-13,4213.0,4234.0,4183.0,4196.95,1495593.0,65.61
2024-08-14,4209.0,4306.2,4188.15,4295.25,3226545.0,63.8
2024-08-15,4209.0,4306.2,4188.15,4295.25,3226545.0,63.8
2024-08-16,4350.0,4427.0,4325.1,4416.05,3457058.0,61.24
2024-08-19,4421.0,4494.25,4390.35,4490.0,2055210.0,57.54
2024-08-20,4505.0,4565.0,4500.0,4523.3,2212298.0,60.1
2024-08-21,4518.0,4560.0,4492.55,4551.5,1896990.0,76.31
2024-08-22,4560.0,4560.95,4497.2,4502.0,1829872.0,63.42
2024-08-23,4500.0,4506.0,4455.0,4463.9,1809253.0,62.77
2024-08-26,4489.0,4552.15,4485.0,4502.45,1844164.0,62.47
2024-08-27,4505.0,4510.0,4486.8,4497.15,930697.0,64.38
2024-08-28,4498.75,4562.5,4457.3,4506.05,1848058.0,60.07
2024-08-29,4460.0,4556.0,4460.0,4511.8,2133641.0,52.36
2024-08-30,4500.0,4592.25,4487.8,4553.75,3637222.0,63.46
2024-09-02,4576.0,4588.0,4512.0,4521.05,1216500.0,58.18
2024-09-03,4521.05,4555.9,4495.9,4512.35,1717263.0,68.87
2024-09-04,4476.95,4487.0,4436.7,4479.25,1265505.0,65.15
2024-09-05,4481.0,4499.0,4454.15,4475.95,1688793.0,66.69
2024-09-06,4473.95,4518.95,4440.0,4456.75,1649179.0,45.74
2024-09-09,4455.0,4490.25,4430.5,4449.55,1184938.0,67.81
2024-09-10,4442.45,4539.95,4440.45,4507.85,1385591.0,55.86
2024-09-11,4521.45,4549.35,4471.25,4479.35,1325919.0,66.75
2024-09-12,4510.25,4532.6,4431.3,4517.7,2742216.0,48.75
2024-09-13,4530.0,4547.0,4505.0,4522.6,1458786.0,53.03
2024-09-16,4527.0,4546.05,4494.45,4513.25,1155120.0,70.98
2024-09-17,4513.25,4535.8,4466.0,4505.65,1699364.0,70.93
2024-09-18,4497.05,4497.05,4321.0,4346.15,2961779.0,52.79
2024-09-19,4390.05,4422.2,4281.8,4296.15,2927551.0,51.57
2024-09-20,4316.9,4330.7,4227.5,4284.9,5447908.0,51.42
2024-09-23,4300.0,4309.4,4253.0,4268.5,1702319.0,61.36
2024-09-24,4251.65,4291.0,4240.0,4271.3,3012026.0,80.54
2024-09-25,4252.35,4289.6,4240.0,4274.75,2713073.0,76.34
2024-09-26,4260.0,4316.8,4260.0,4292.5,3964251.0,69.22
2024-09-27,4335.0,4378.0,4300.05,4308.7,3012477.0,54.1
2024-09-30,4286.9,4298.75,4260.05,4268.5,2503416.0,79.13
2024-10-01,4255.55,4295.75,4242.95,4287.9,1823365.0,59.37
2024-10-02,4255.55,4295.75,4242.95,4287.9,1823365.0,59.37
2024-10-03,4262.6,4279.0,4210.0,4232.75,3350119.0,68.45
2024-10-04,4225.0,4298.0,4224.05,4252.25,2965463.0,49.72
2024-10-07,4273.9,4297.25,4229.4,4272.85,1472619.0,63.85
2024-10-08,4272.6,4279.4,4203.95,4253.25,1541867.0,58.67
2024-10-09,4260.0,4295.0,4246.7,4252.95,1082504.0,55.13
2024-10-10,4253.25,4293.85,4198.6,4227.4,2378875.0,51.28
2024-10-11,4143.0,4241.95,4112.45,4149.2,5759183.0,51.09
2024-10-14,4140.0,4165.4,4122.2,4136.65,2137590.0,66.18
2024-10-15,4131.05,4169.95,4095.0,4116.8,2759474.0,73.28
2024-10-16,4085.0,4115.0,4067.2,4094.95,2359151.0,68.32
2024-10-17,4112.8,4129.95,4092.95,4109.0,2522659.0,74.5
2024-10-18,4090.0,4146.15,4080.0,4123.05,2361000.0,54.95
2024-10-21,4132.6,4139.95,4070.0,4079.85,1595450.0,66.13
2024-10-22,4066.0,4089.8,4006.35,4015.5,1928049.0,69.56
2024-10-23,3999.6,4113.55,3995.15,4066.25,1966476.0,60.61
2024-10-24,4004.0,4079.0,4004.0,4047.9,2676744.0,72.8
2024-10-25,4057.05,4092.0,4032.7,4057.55,1759676.0,54.82
2024-10-28,4068.95,4134.0,4051.0,4090.85,1532534.0,68.53
2024-10-29,4095.85,4103.5,4060.1,4075.25,1445885.0,70.21
2024-10-30,4075.0,4107.0,4060.05,4084.65,1935002.0,77.38
2024-10-31,4070.0,4078.3,3960.0,3968.45,3740372.0,65.46
2024-11-01,3989.85,3998.95,3976.05,3984.2,154895.0,53.29
2024-11-04,3966.3,3991.9,3913.25,3964.15,2269192.0,65.7
2024-11-05,3941.1,3986.0,3941.1,3971.35,967590.0,57.11
2024-11-06,4003.6,4149.8,3975.25,4139.65,3792017.0,65.69
2024-11-07,4169.7,4205.8,4085.05,4150.9,3724349.0,69.27
2024-11-08,4155.0,4169.75,4117.65,4147.0,1648039.0,57.38
2024-11-11,4128.2,4234.3,4117.65,4198.7,1406487.0,52.75
2024-11-12,4216.0,4218.0,4164.35,4197.4,1587640.0,69.7
2024-11-13,4178.1,4196.75,4131.05,4150.35,1098813.0,63.94
2024-11-14,4135.0,4160.0,4116.45,4145.9,1825432.0,61.47
2024-11-18,4213.0,4213.0,3990.2,4019.5,3313944.0,57.12
2024-11-19,4019.9,4132.15,4014.1,4039.55,1776233.0,58.72
2024-11-20,4019.9,4132.15,4014.1,4039.55,1776233.0,58.72
2024-11-21,4044.9,4092.45,4024.0,4072.85,2384347.0,57.36
2024-11-22,4071.0,4254.95,4054.0,4244.6,3096553.0,59.7
2024-11-25,4280.0,4328.1,4252.2,4315.1,4052167.0,71.53
2024-11-26,4321.05,4366.6,4310.0,4352.7,2060669.0,68.15
2024-11-27,4358.95,4377.4,4324.05,4332.55,1558993.0,60.83
2024-11-28,4319.0,4339.95,4233.0,4244.9,2558544.0,60.18
2024-11-29,4220.0,4298.7,4195.65,4270.85,2017425.0,59.79
2024-12-02,4270.0,4288.2,4230.05,4276.65,1670944.0,66.71
2024-12-03,4314.35,4325.0,4265.45,4302.75,2010905.0,65.37
2024-12-04,4313.55,4386.95,4289.05,4354.4,3302642.0,67.31
2024-12-05,4400.8,4489.0,4360.0,4464.05,3746747.0,50.75
2024-12-06,4453.0,4465.0,4412.75,4445.5,1842087.0,62.21
2024-12-09,4430.45,4469.4,4415.55,4452.15,2066639.0,72.65
2024-12-10,4426.15,4493.8,4412.1,4432.55,2087828.0,58.39
2024-12-11,4431.85,4448.65,4407.0,4427.45,1635256.0,61.49
2024-12-12,4430.05,4485.0,4426.0,4454.95,1914642.0,54.71
2024-12-13,4434.95,4494.9,4394.4,4473.9,1967048.0,54.36
2024-12-16,4459.0,4475.0,4397.0,4415.2,1646224.0,57.68
2024-12-17,4410.0,4432.95,4318.0,4328.5,3225027.0,69.75
2024-12-18,4311.7,4362.0,4289.6,4347.85,1575404.0,57.66
2024-12-19,4282.0,4364.0,4262.0,4271.9,3015763.0,63.05
2024-12-20,4329.0,4382.0,4152.5,4170.3,4116989.0,48.48
2024-12-23,4200.05,4217.0,4114.9,4158.3,2195338.0,52.58
2024-12-24,4158.3,4218.0,4158.3,4179.5,1181886.0,45.13
2024-12-25,4158.3,4218.0,4158.3,4179.5,1181886.0,45.13
2024-12-26,4179.5,4199.95,4143.15,4169.1,1208464.0,62.87
2024-12-27,4163.0,4180.95,4147.25,4164.85,858100.0,59.32
2024-12-30,4151.0,4199.3,4112.0,4158.8,1527169.0,59.84
2024-12-31,4135.0,4139.95,4032.05,4094.8,1555429.0,54.94
2025-01-01,4094.4,4134.0,4085.45,4112.45,763161.0,48.47
2025-01-02,4120.0,4183.0,4096.95,4175.75,1720835.0,52.92
2025-01-03,4179.95,4179.95,4092.3,4099.9,1791953.0,54.91
2025-01-06,4105.5,4149.65,4066.4,4095.0,2085593.0,66.58
2025-01-07,4114.95,4140.35,4011.55,4028.3,2669054.0,59.42
2025-01-08,4034.9,4126.0,4017.75,4108.4,2181277.0,57.69
2025-01-09,4101.0,4137.75,4025.3,4038.85,2392472.0,48.57
2025-01-10,4200.0,4297.0,4170.0,4265.65,7894300.0,37.72
2025-01-13,4245.0,4322.95,4227.4,4291.1,4003771.0,55.6
2025-01-14,4302.0,4313.9,4219.05,4233.05,3441709.0,71.8
2025-01-15,4218.0,4256.45,4207.45,4249.6,1653474.0,71.75
2025-01-16,4260.0,4294.0,4191.85,4206.3,2637705.0,64.86
2025-01-17,4159.9,4160.6,4100.05,4124.3,1761466.0,63.31
2025-01-20,4145.8,4145.8,4068.1,4077.8,1287799.0,65.55
2025-01-21,4095.3,4111.0,4030.0,4035.85,1971591.0,40.53
2025-01-22,4050.0,4163.15,4044.2,4156.6,2409223.0,53.37
2025-01-23,4168.0,4191.35,4140.05,4145.45,1822998.0,61.68
2025-01-24,4104.0,4178.0,4104.0,4152.35,1910099.0,68.96
2025-01-27,4102.0,4156.35,4041.05,4065.15,1551782.0,65.28
2025-01-28,4070.8,4102.0,4028.3,4040.3,2468272.0,60.99
2025-01-29,4054.0,4107.85,4054.0,4099.8,1217089.0,57.3
2025-01-30,4099.9,4129.9,4058.5,4100.05,1531251.0,56.15
2025-01-31,4110.0,4128.45,4085.25,4112.4,1492943.0,69.84
2025-02-03,4030.9,4077.0,3998.7,4068.65,1265713.0,61.84
2025-02-04,4083.7,4118.85,4066.05,4107.05,2547132.0,72.38
2025-02-05,4150.0,4150.0,4076.0,4091.1,1693912.0,70.8
2025-02-06,4105.4,4139.5,4051.55,4082.75,2284536.0,61.12
2025-02-07,4090.0,4090.0,4008.0,4029.4,1548940.0,64.12
2025-02-10,4040.0,4052.0,4014.35,4036.95,1339511.0,66.54
2025-02-11,4018.4,4040.0,3955.0,3963.55,1810908.0,55.82
2025-02-12,3971.1,4021.75,3940.15,3950.15,1678002.0,52.28
2025-02-13,3968.0,3984.45,3902.25,3910.15,2277310.0,65.79
2025-02-14,3925.0,3948.0,3900.0,3934.85,1681975.0,66.77
2025-02-17,3856.5,3934.0,3856.2,3904.5,1799806.0,68.05
2025-02-18,3898.4,3924.4,3864.5,3873.2,2149879.0,70.52
2025-02-19,3872.2,3874.95,3768.15,3784.1,4366672.0,71.79
2025-02-20,3761.5,3788.0,3751.3,3779.4,2888572.0,76.0
2025-02-21,3776.1,3817.0,3775.0,3786.0,1833931.0,63.25
2025-02-24,3743.15,3763.2,3670.0,3675.6,2508516.0,72.89
2025-02-25,3625.0,3658.0,3621.25,3629.55,4101954.0,70.02
2025-02-27,3611.7,3638.0,3600.7,3612.55,3823856.0,79.99
2025-02-28,3584.95,3600.0,3457.0,3483.25,7085018.0,71.81
2025-03-03,3485.0,3523.25,3476.15,3493.05,4990439.0,78.23
2025-03-04,3474.0,3551.0,3464.3,3532.05,2797737.0,65.67
2025-03-05,3520.85,3600.35,3520.85,3547.05,2501894.0,67.79
2025-03-06,3557.0,3609.45,3536.1,3601.6,2786513.0,64.34
2025-03-07,3600.0,3625.0,3574.4,3611.2,2051315.0,67.88
2025-03-10,3606.5,3622.1,3582.6,3589.65,1004626.0,65.17
2025-03-11,3558.0,3588.75,3537.65,3575.3,1995450.0,65.43
2025-03-12,3565.0,3569.25,3486.85,3506.2,3174167.0,64.58
2025-03-13,3502.3,3524.3,3484.1,3511.05,1693004.0,63.44
2025-03-17,3489.0,3530.45,3477.35,3497.7,2690906.0,70.28
2025-03-18,3502.35,3556.95,3478.45,3552.45,3069109.0,66.7
2025-03-19,3547.0,3547.0,3462.75,3497.1,3051244.0,61.11
2025-03-20,3512.0,3578.95,3512.0,3563.15,2845192.0,65.83
2025-03-21,3475.0,3616.25,3465.0,3578.1,4161925.0,60.43
2025-03-24,3600.0,3649.75,3566.6,3628.95,1834751.0,60.3
2025-03-25,3645.0,3710.0,3638.0,3657.75,3135390.0,53.45
2025-03-26,3647.75,3680.5,3625.85,3635.8,1734499.0,64.89
2025-03-27,3614.85,3663.0,3610.5,3651.2,2528474.0,69.25
2025-03-28,3651.0,3660.95,3591.9,3606.15,2051919.0,69.62
2025-04-01,3572.7,3584.0,3525.0,3550.8,2618493.0,63.86
2025-04-02,3544.0,3564.1,3530.05,3543.95,1764313.0,68.29
2025-04-03,3491.0,3502.0,3396.15,3403.15,4537821.0,65.75
2025-04-04,3362.6,3399.65,3295.5,3299.4,5317367.0,72.51
2025-04-07,3100.0,3291.4,3056.05,3274.05,6623955.0,66.1
2025-04-08,3302.05,3349.0,3255.3,3292.95,5557558.0,58.01
2025-04-09,3260.55,3270.0,3212.05,3246.6,2990265.0,63.04
2025-04-11,3289.55,3298.95,3206.0,3231.5,7108961.0,57.69
2025-04-15,3314.4,3314.4,3238.6,3248.2,3512160.0,65.41
2025-04-16,3248.2,3278.1,3229.0,3273.8,2384391.0,59.18
2025-04-17,3245.5,3303.6,3218.0,3298.9,2932346.0,49.03
2025-04-21,3290.1,3354.0,3284.1,3321.6,2432946.0,58.63
2025-04-22,3322.6,3333.9,3295.0,3314.4,2710498.0,59.42
2025-04-23,3365.0,3420.9,3337.3,3413.0,3543923.0,58.75
2025-04-24,3401.1,3412.5,3387.7,3401.6,2252175.0,69.57
2025-04-25,3420.0,3477.8,3405.0,3448.0,2742991.0,52.13
2025-04-28,3435.0,3457.8,3405.0,3443.5,1593296.0,59.24
2025-04-29,3455.0,3495.0,3430.4,3472.5,1578332.0,52.84
2025-04-30,3472.0,3509.9,3366.0,3453.7,2809332.0,68.62
2025-05-02,3472.0,3491.5,3420.0,3444.7,2115624.0,63.55
2025-05-05,3450.0,3504.5,3446.4,3454.3,1284443.0,56.12
2025-05-06,3460.0,3473.0,3437.0,3460.0,1324763.0,63.71
2025-05-07,3420.6,3459.5,3420.6,3445.1,1477128.0,64.26
2025-05-08,3448.0,3477.0,3428.7,3448.9,2543591.0,60.08
2025-05-09,3399.0,3446.2,3398.1,3440.3,2531757.0,62.22
2025-05-12,3505.0,3630.5,3502.2,3620.4,2228678.0,53.35
2025-05-13,3620.4,3623.0,3510.5,3515.0,3062887.0,57.56
2025-05-14,3521.0,3561.0,3508.6,3548.7,2119499.0,66.28
2025-05-15,3564.0,3600.0,3514.1,3579.9,3548330.0,47.31
2025-05-16,3593.9,3593.9,3546.1,3561.3,1666727.0,63.38
2025-05-19,3550.0,3550.0,3503.7,3518.8,2537377.0,62.58
2025-05-20,3531.8,3558.0,3494.0,3498.3,2038374.0,61.14
2025-05-21,3508.0,3537.0,3498.3,3525.8,1440153.0,66.64
2025-05-22,3495.0,3497.8,3451.3,3477.0,2034383.0,48.91
2025-05-23,3477.0,3535.0,3465.6,3514.6,1274331.0,52.96
2025-05-26,3521.0,3545.0,3510.1,3537.3,967470.0,54.14
2025-05-27,3532.0,3540.0,3483.1,3498.7,2467680.0,50.71
2025-05-28,3520.0,3529.0,3493.0,3497.7,1222933.0,63.31
2025-05-29,3504.7,3532.5,3486.5,3498.1,3188072.0,50.62
2025-05-30,3490.0,3506.7,3453.1,3463.4,3404365.0,74.4
2025-06-02,3450.0,3460.0,3418.6,3449.8,1877585.0,63.28
2025-06-03,3446.0,3473.5,3400.5,3405.2,2848125.0,61.33
2025-06-04,3389.0,3394.8,3370.0,3380.9,2544807.0,67.36
2025-06-05,3409.0,3409.0,3363.7,3371.1,3584683.0,63.08
2025-06-06,3371.1,3390.9,3358.7,3384.2,2070390.0,71.61
2025-06-09,3400.0,3434.0,3390.9,3421.9,1718678.0,73.14
2025-06-10,3440.0,3485.8,3423.2,3462.9,2419874.0,62.98
2025-06-11,3470.0,3489.0,3449.1,3471.9,2847013.0,76.32
2025-06-12,3471.9,3474.7,3423.2,3434.2,4060134.0,59.62
2025-06-13,3393.2,3450.5,3393.2,3445.7,2178493.0,69.82
2025-06-16,3440.0,3509.0,3426.2,3496.3,1934088.0,61.11
2025-06-17,3510.0,3520.0,3488.1,3515.3,2111940.0,63.05
2025-06-18,3519.1,3538.0,3443.1,3451.4,2696327.0,47.66
2025-06-19,3450.0,3451.0,3413.0,3424.0,2672768.0,53.65
2025-06-20,3425.0,3446.3,3410.9,3435.7,2351248.0,71.2
2025-06-23,3415.0,3425.0,3370.0,3393.6,3123421.0,69.16
2025-06-24,3434.6,3442.1,3382.0,3390.4,3403048.0,60.93
2025-06-25,3407.3,3450.0,3400.0,3444.8,1757699.0,59.4
2025-06-26,3444.8,3451.4,3415.3,3441.8,2879106.0,59.64
2025-06-27,3455.0,3466.4,3431.0,3441.1,1778433.0,64.05
2025-06-30,3439.9,3464.9,3430.0,3462.0,1468351.0,64.89
2025-07-01,3455.0,3485.0,3413.5,3429.7,2375183.0,57.96
2025-07-02,3487.2,3489.9,3420.0,3423.3,3090585.0,55.54
2025-07-03,3430.0,3435.3,3397.6,3400.8,2531870.0,71.87
2025-07-04,3408.0,3427.0,3390.1,3419.8,1109320.0,58.06
2025-07-07,3418.3,3426.1,3408.4,3411.7,1639174.0,68.23
2025-07-08,3405.0,3425.0,3393.4,3406.2,2325242.0,71.44
2025-07-09,3410.0,3414.0,3367.0,3383.8,2034938.0,62.87
2025-07-10,3380.0,3399.0,3356.0,3382.0,3035012.0,56.64
2025-07-11,3299.9,3335.0,3261.1,3266.0,7635550.0,66.3
2025-07-14,3266.0,3272.0,3200.0,3222.7,3924009.0,70.35
2025-07-15,3206.0,3259.4,3206.0,3252.3,2590889.0,68.02
2025-07-16,3227.0,3244.9,3220.6,3233.1,2540733.0,72.28
2025-07-17,3224.1,3242.0,3204.1,3209.2,2947640.0,63.35
2025-07-18,3225.0,3228.8,3187.0,3189.9,3432645.0,78.66
2025-07-21,3190.0,3197.6,3152.0,3158.2,3844346.0,78.43
2025-07-22,3159.6,3180.1,3154.6,3159.6,3198036.0,74.07
2025-07-23,3159.6,3182.0,3157.6,3179.1,1922875.0,75.12
2025-07-24,3165.1,3173.7,3140.0,3148.0,2934778.0,70.81
2025-07-25,3140.0,3156.9,3125.6,3135.8,2568917.0,72.63
2025-07-28,3110.0,3118.0,3069.9,3079.3,3374473.0,66.05
2025-07-29,3060.0,3074.0,3041.2,3056.0,4785312.0,77.35
2025-07-30,3060.0,3069.0,3047.2,3053.6,2880121.0,79.77
2025-07-31,3041.7,3059.8,3015.0,3036.8,2968371.0,62.1
2025-08-01,3029.9,3036.8,3000.0,3003.0,2053847.0,67.11
2025-08-04,3009.1,3079.4,2991.6,3074.4,2519252.0,70.46
2025-08-05,3074.4,3077.5,3042.0,3063.9,1927996.0,71.59
2025-08-06,3063.0,3066.8,3026.0,3032.3,1487081.0,67.69
2025-08-07,3016.0,3051.6,3010.9,3047.0,2543076.0,65.45
2025-08-08,3048.1,3059.8,3025.0,3036.4,2762140.0,69.22
2025-08-11,3036.4,3049.9,3021.3,3040.8,1884215.0,71.12
2025-08-12,3041.0,3096.4,3026.9,3035.4,3358232.0,62.3
2025-08-13,3036.1,3044.4,3028.6,3036.2,2148166.0,69.24
2025-08-14,3034.0,3055.9,3019.1,3022.3,3342174.0,68.53
2025-08-18,3046.5,3049.0,3003.4,3011.2,2945609.0,68.39
2025-08-19,3011.2,3025.0,3011.1,3016.2,2650784.0,78.2
2025-08-20,3010.9,3103.4,3010.9,3098.6,4952358.0,64.82
2025-08-21,3130.0,3130.0,3083.1,3102.6,3230726.0,62.79
2025-08-22,3086.0,3095.7,3050.0,3054.0,1593791.0,52.45
2025-08-25,3087.3,3152.0,3077.1,3140.6,3448370.0,52.09
2025-08-26,3129.0,3162.0,3120.0,3157.2,5522097.0,72.13
2025-08-28,3145.0,3146.5,3086.5,3093.7,3116051.0,56.24
2025-08-29,3093.0,3115.0,3077.2,3084.7,2271789.0,60.5
2025-09-01,3090.0,3131.1,3090.0,3112.6,1246862.0,39.75
2025-09-02,3121.1,3155.0,3103.1,3111.5,2185229.0,51.91
2025-09-03,3129.9,3141.9,3088.0,3097.5,1799774.0,56.96
2025-09-04,3116.0,3118.0,3090.8,3095.7,1481391.0,51.96
2025-09-05,3097.1,3103.4,3028.6,3048.3,2802055.0,52.3
2025-09-08,3050.0,3064.9,3016.0,3019.0,2626187.0,65.51
2025-09-09,3032.1,3060.0,3030.8,3049.4,2489301.0,42.18
2025-09-10,3056.4,3122.7,3053.4,3110.0,2079428.0,45.12
2025-09-11,3139.0,3139.0,3110.1,3124.2,2263446.0,52.04
2025-09-12,3144.0,3148.7,3121.0,3133.4,1447167.0,68.67
2025-09-15,3134.0,3134.0,3096.0,3111.9,1732539.0,70.64
2025-09-16,3128.0,3150.0,3109.1,3145.7,2573429.0,57.9
2025-09-17,3152.0,3182.4,3142.4,3172.8,2418271.0,68.15
2025-09-18,3185.0,3203.0,3161.4,3176.7,2633138.0,55.41
2025-09-19,3170.0,3180.5,3144.0,3169.2,4901694.0,74.96
2025-09-22,3095.0,3106.9,3065.0,3073.8,3634901.0,54.73
2025-09-23,3070.0,3080.7,3052.0,3062.4,3177741.0,52.87
2025-09-24,3050.0,3057.0,3033.0,3035.4,1625714.0,66.26
2025-09-25,3022.0,3029.6,2951.0,2957.4,4974361.0,69.03
2025-09-26,2941.0,2954.8,2891.3,2899.1,3934636.0,64.92
2025-09-29,2916.0,2929.3,2894.0,2896.1,3110035.0,68.2
2025-09-30,2911.0,2915.3,2885.1,2888.4,2253458.0,58.56
2025-10-01,2891.0,2924.8,2866.6,2914.2,1952902.0,48.81
2025-10-03,2924.0,2924.0,2891.1,2901.9,2899519.0,72.65
2025-10-06,2902.0,2993.6,2895.6,2988.4,2112774.0,41.47
2025-10-07,2995.0,3004.5,2955.5,2973.7,3062943.0,48.75
2025-10-08,2975.0,3043.0,2968.0,3027.2,4121889.0,55.56
2025-10-09,3034.0,3066.0,3020.0,3061.7,3211304.0,47.12
2025-10-10,3050.0,3070.0,3006.9,3028.3,8817365.0,51.31
2025-10-13,3027.0,3035.5,2998.2,3007.2,2866865.0,58.52
2025-10-14,3021.0,3027.2,2955.5,2960.3,3611416.0,58.32
2025-10-15,2971.0,2979.7,2951.0,2969.8,4282226.0,67.87
2025-10-16,2969.9,2975.0,2943.1,2970.7,3251495.0,58.73
2025-10-17,2970.0,2988.8,2955.4,2962.2,4374683.0,67.3
2025-10-20,2985.5,3023.0,2978.5,3015.2,3133039.0,56.34
2025-10-21,3031.1,3031.8,2996.0,3006.7,310644.0,64.17
2025-10-22,3031.1,3031.8,2996.0,3006.7,310644.0,64.17
2025-10-23,3055.0,3098.0,3036.1,3073.2,5564758.0,63.6
2025-10-24,3080.0,3090.0,3058.3,3063.2,2684318.0,64.86
2025-10-27,3066.5,3094.2,3060.2,3084.9,1946312.0,65.75
2025-10-28,3076.0,3090.2,3040.2,3057.9,3470737.0,53.55
2025-10-29,3057.9,3076.0,3046.1,3057.6,2895420.0,70.07
2025-10-30,3049.1,3063.8,3032.8,3035.3,2241536.0,63.35
2025-10-31,3035.0,3067.4,3025.1,3058.0,1868085.0,56.8
2025-11-03,3046.9,3058.0,3010.0,3016.8,2194877.0,60.91
2025-11-04,3019.6,3029.3,2976.0,2990.2,2670720.0,55.55
2025-11-05,3019.6,3029.3,2976.0,2990.2,2670720.0,55.55
2025-11-06,2990.1,3024.0,2990.0,3010.9,2542721.0,55.58
2025-11-07,3001.0,3004.0,2960.5,2991.8,1830520.0,60.59
2025-11-10,2993.0,3047.9,2992.0,3025.2,1556656.0,52.42
2025-11-11,3045.0,3055.7,3018.0,3047.0,2806868.0,47.85
2025-11-12,3060.0,3136.4,3057.1,3131.8,4460315.0,67.6
2025-11-13,3131.8,3131.9,3102.0,3105.7,1740435.0,60.64
2025-11-14,3090.0,3113.1,3077.3,3106.0,2210794.0,69.75
2025-11-17,3106.0,3123.5,3086.6,3102.2,2232853.0,62.2
2025-11-18,3102.0,3105.0,3078.0,3087.1,2548350.0,55.09
2025-11-19,3097.0,3155.0,3083.5,3147.7,3151053.0,56.75
2025-11-20,3148.0,3164.5,3138.1,3144.8,2700767.0,54.34
2025-11-21,3144.8,3170.0,3135.2,3150.6,4177037.0,54.53
2025-11-24,3158.0,3178.9,3131.0,3141.2,6703764.0,71.06
2025-11-25,3145.3,3149.8,3115.0,3119.2,2737920.0,59.14
2025-11-26,3118.8,3178.0,3117.0,3162.9,2508527.0,64.46
2025-11-27,3180.0,3180.0,3125.0,3136.6,2836233.0,58.39
2025-11-28,3140.0,3147.3,3125.0,3137.5,1616690.0,61.99
2025-12-01,3137.9,3154.0,3122.2,3133.4,1747647.0,61.39
2025-12-02,3131.0,3144.0,3120.4,3135.7,2512003.0,63.85
2025-12-03,3140.0,3211.9,3139.0,3180.0,3952112.0,53.7
2025-12-04,3194.0,3250.0,3187.4,3229.2,5025905.0,66.92
2025-12-05,3230.0,3271.6,3222.4,3238.2,5244013.0,61.77
2025-12-08,3243.0,3259.9,3208.6,3236.5,2544725.0,60.37
2025-12-09,3230.0,3233.7,3181.2,3208.3,2734893.0,46.16
2025-12-10,3225.0,3225.0,3178.1,3189.2,1386849.0,52.06
2025-12-11,3205.0,3208.4,3153.1,3191.9,1914362.0,49.32
2025-12-12,3197.7,3223.0,3185.7,3220.5,1146554.0,64.55
2025-12-15,3211.1,3238.2,3197.3,3230.2,1562190.0,62.12
2025-12-16,3220.0,3220.0,3191.1,3205.1,1734623.0,59.38
2025-12-17,3200.5,3236.9,3200.5,3217.8,1376350.0,59.67
2025-12-18,3228.0,3287.8,3221.0,3280.8,2307422.0,51.37
2025-12-19,3299.0,3317.9,3278.8,3282.0,3902511.0,62.46
2025-12-22,3310.0,3328.6,3291.0,3324.9,2632816.0,65.85
2025-12-23,3319.9,3319.9,3293.5,3310.0,2365420.0,45.22
2025-12-24,3304.1,3327.1,3296.1,3319.0,1367708.0,55.11
2025-12-25,3304.1,3327.1,3296.1,3319.0,1367708.0,55.11
2025-12-26,3313.1,3320.0,3271.8,3280.0,1176664.0,62.75
2025-12-29,3280.0,3288.0,3242.9,3251.5,2079473.0,67.48
2025-12-30,3250.0,3267.5,3239.5,3246.8,2807593.0,69.06
2025-12-31,3240.0,3246.0,3198.5,3206.2,3362634.0,72.21
2026-01-01,3215.0,3234.1,3198.2,3227.4,1255735.0,39.63
2026-01-02,3234.0,3254.3,3219.5,3250.7,1184324.0,62.77
2026-01-05,3240.5,3247.0,3191.0,3216.1,2341703.0,63.58
2026-01-06,3210.0,3263.2,3205.0,3255.8,2912325.0,74.72
2026-01-07,3242.9,3300.6,3223.2,3295.6,1989442.0,59.68
2026-01-08,3286.9,3286.9,3182.0,3203.9,4159336.0,56.09
2026-01-09,3191.0,3229.7,3191.0,3207.8,1938673.0,60.0
2026-01-12,3203.0,3252.0,3174.3,3239.6,2228342.0,52.95
2026-01-13,3245.0,3280.0,3210.5,3268.0,5645341.0,51.87
2026-01-14,3260.0,3260.0,3183.0,3192.5,3539511.0,63.19
2026-01-15,3260.0,3260.0,3183.0,3192.5,3539511.0,63.19
2026-01-16,3219.4,3221.9,3171.0,3206.7,4293470.0,61.72
2026-01-19,3188.0,3220.0,3152.1,3163.6,3387562.0,67.28
2026-01-20,3151.6,3160.0,3091.1,3102.3,4499273.0,65.28
2026-01-21,3100.0,3138.5,3082.0,3122.6,2015150.0,51.96
2026-01-22,3150.0,3160.0,3122.3,3150.4,2269827.0,54.38
2026-01-23,3190.3,3194.5,3152.0,3162.5,2068857.0,58.9
2026-01-26,3190.3,3194.5,3152.0,3162.5,2068857.0,58.9
2026-01-27,3175.0,3175.0,3130.0,3158.0,4279874.0,70.09
2026-01-28,3176.0,3205.2,3170.6,3200.1,2751234.0,75.49
2026-01-29,3200.1,3200.1,3125.6,3144.4,2457641.0,57.96
2026-01-30,3141.0,3141.0,3092.0,3123.9,3022068.0,69.55
2026-02-02,3198.0,3198.0,3134.0,3169.6,2636272.0,60.14
2026-02-03,3350.0,3350.0,3186.3,3225.3,4366060.0,58.11
2026-02-04,3120.0,3120.0,2986.0,2999.1,10852595.0,60.7
2026-02-05,2990.0,3029.7,2972.3,2991.5,3521545.0,49.76
2026-02-06,2976.6,2985.0,2916.0,2941.6,4687389.0,60.78
2026-02-09,2959.1,2977.0,2937.5,2948.2,2380318.0,65.44
2026-02-10,2949.8,3011.6,2943.5,2984.6,3547763.0,56.82
2026-02-11,2980.0,2998.0,2904.2,2909.8,3363513.0,65.43
2026-02-12,2869.8,2880.0,2740.0,2750.1,10612156.0,58.34
2026-02-13,2585.0,2713.0,2585.0,2692.2,11168735.0,41.67
2026-02-16,2700.0,2719.8,2671.0,2706.6,2918730.0,43.22
2026-02-17,2716.0,2760.0,2695.2,2717.4,4209118.0,36.22
2026-02-18,2730.0,2730.0,2657.3,2694.9,2950820.0,45.31
2026-02-19,2708.0,2748.7,2666.6,2677.9,3238849.0,40.18
2026-02-20,2667.0,2702.6,2647.5,2686.2,2293482.0,42.12
2026-02-23,2686.0,2704.0,2660.2,2676.3,4699596.0,68.4
2026-02-24,2641.0,2647.5,2561.3,2573.7,7798833.0,61.71
2026-02-25,2596.0,2654.2,2595.0,2629.3,3621285.0,43.76
2026-02-26,2650.0,2671.0,2635.0,2647.7,3464267.0,45.67
2026-02-27,2681.6,2688.6,2626.1,2637.4,5083717.0,64.92
2026-03-02,2592.0,2623.8,2580.3,2613.5,3374385.0,47.68
2026-03-03,2592.0,2623.8,2580.3,2613.5,3374385.0,47.68
2026-03-04,2625.0,2635.0,2580.4,2587.8,3446434.0,55.29
2026-03-05,2600.0,2609.5,2546.4,2578.8,2960636.0,36.84
2026-03-06,2572.0,2619.2,2553.6,2557.6,3998643.0,64.97
2026-03-09,2530.0,2560.0,2505.0,2527.4,3653428.0,51.93
2026-03-10,2541.0,2545.2,2490.1,2513.1,4323710.0,54.88
2026-03-11,2508.1,2521.0,2460.1,2464.9,2720664.0,52.7
2026-03-12,2459.8,2472.9,2436.0,2442.4,2752075.0,47.94
2026-03-13,2437.0,2445.9,2397.0,2410.5,2466488.0,51.19
2026-03-16,2410.0,2425.0,2366.1,2409.2,3807907.0,45.03
2026-03-17,2420.0,2420.0,2360.0,2391.7,2993367.0,47.42
2026-03-18,2410.0,2482.9,2410.0,2440.8,3082388.0,39.23
2026-03-19,2417.0,2424.0,2350.2,2356.0,2757060.0,51.22
2026-03-20,2386.0,2407.8,2364.2,2390.6,4206320.0,57.9
2026-03-23,2365.0,2406.8,2348.0,2383.8,3860515.0,44.54
2026-03-24,2404.1,2435.4,2379.1,2398.8,3420182.0,51.86
2026-03-25,2400.9,2421.6,2369.8,2377.4,5843778.0,63.28
2026-03-26,2400.9,2421.6,2369.8,2377.4,5843778.0,63.28
2026-03-27,2403.9,2422.1,2385.0,2389.8,4979411.0,48.8
2026-03-30,2375.1,2398.0,2346.2,2358.9,6804756.0,51.74
2026-03-31,2375.1,2398.0,2346.2,2358.9,6804756.0,51.74
2026-04-01,2429.0,2472.0,2397.9,2408.2,4132661.0,47.79
2026-04-02,2386.0,2469.9,2375.7,2450.7,5378361.0,52.25
2026-04-03,2386.0,2469.9,2375.7,2450.7,5378361.0,52.25
2026-04-06,2474.0,2482.0,2448.2,2473.9,2572417.0,45.05
2026-04-07,2461.0,2543.9,2448.0,2539.8,4516550.0,50.93
2026-04-08,2572.0,2580.3,2540.1,2559.2,4769337.0,45.42
2026-04-09,2554.0,2605.0,2531.1,2589.0,5628261.0,35.78
2026-04-10,2565.8,2565.8,2501.1,2524.3,10480239.0,41.8
2026-04-13,2489.9,2504.9,2470.0,2472.6,3739587.0,39.14
2026-04-14,2489.9,2504.9,2470.0,2472.6,3739587.0,39.14
2026-04-15,2501.9,2559.0,2493.4,2554.9,5261384.0,52.08
2026-04-16,2572.0,2594.0,2558.0,2576.9,3905403.0,40.46
2026-04-17,2570.0,2589.0,2555.9,2581.5,2718206.0,61.79
2026-04-20,2587.1,2594.0,2561.2,2579.6,2288558.0,49.79
2026-04-21,2560.0,2614.0,2560.0,2610.5,2719959.0,46.54
2026-04-22,2580.0,2580.0,2503.6,2538.5,5232045.0,54.6
2026-04-23,2529.0,2559.5,2516.3,2521.8,2509050.0,46.7
2026-04-24,2488.0,2505.0,2388.8,2396.9,5107719.0,55.68
2026-04-27,2396.9,2459.0,2396.9,2447.6,5853425.0,69.94
2026-04-28,2444.0,2487.0,2427.4,2444.7,4508363.0,61.36
2026-04-29,2451.0,2487.9,2447.6,2474.7,2835961.0,54.49
2026-04-30,2479.0,2491.0,2438.0,2473.9,3970446.0,47.02
2026-05-01,2479.0,2491.0,2438.0,2473.9,3970446.0,47.02
2026-05-04,2494.0,2498.3,2425.0,2431.3,2632358.0,51.72
2026-05-05,2430.0,2460.4,2412.2,2427.3,3385720.0,39.04
2026-05-06,2441.9,2471.0,2406.5,2435.4,3147628.0,51.87
2026-05-07,2438.2,2439.7,2398.0,2401.4,5829594.0,62.94
2026-05-08,2398.0,2407.0,2375.1,2394.4,3792199.0,56.8
2026-05-11,2371.0,2415.0,2371.0,2392.9,1975188.0,47.52
2026-05-12,2375.0,2375.0,2283.0,2300.3,6347884.0,48.96
2026-05-13,2306.0,2309.2,2269.0,2272.8,3171843.0,49.1
2026-05-14,2265.0,2265.0,2206.4,2246.0,5633313.0,40.05
2026-05-15,2252.0,2304.9,2252.0,2264.0,3410637.0,43.61
2026-05-18,2264.0,2292.9,2252.2,2283.2,3773336.0,51.13
2026-05-19,2300.0,2377.6,2297.1,2327.1,10394707.0,53.12
2026-05-20,2323.9,2342.0,2317.8,2327.4,2537422.0,55.93
2026-05-21,2331.0,2335.9,2314.0,2327.2,3299087.0,46.22
2026-05-22,2331.1,2340.0,2308.1,2317.3,2617262.0,55.08
2026-05-25,2325.0,2326.1,2293.0,2308.2,3298364.0,63.57
2026-05-26,2308.2,2327.9,2272.4,2276.2,3587597.0,50.46
2026-05-27,2275.0,2295.6,2260.9,2284.2,2653950.0,48.57
2026-05-28,2275.0,2295.6,2260.9,2284.2,2653950.0,48.57
2026-05-29,2291.0,2334.0,2235.0,2258.9,16331582.0,69.47
2026-06-01,2284.0,2335.0,2280.0,2297.4,7505095.0,64.03
2026-06-02,2320.0,2457.4,2316.2,2446.9,11306127.0,52.02
2026-06-03,2393.0,2393.0,2224.8,2241.7,15660062.0,44.52
2026-06-04,2241.7,2253.1,2216.6,2241.0,4867263.0,42.05
2026-06-05,2262.9,2271.8,2192.0,2198.9,5019717.0,46.56
2026-06-08,2170.0,2177.0,2143.3,2151.4,6536734.0,54.82
2026-06-09,2174.0,2174.0,2132.8,2151.0,4148655.0,45.63
2026-06-10,2151.3,2180.8,2144.8,2153.9,2848650.0,48.24
2026-06-11,2127.0,2154.6,2110.0,2135.6,3079815.0,31.06
2026-06-12,2150.0,2168.0,2138.0,2161.4,2124656.0,42.86
2026-06-15,2192.0,2192.0,2159.3,2162.0,3337083.0,60.07
2026-06-16,2167.0,2209.0,2160.6,2199.0,3079898.0,42.68
2026-06-17,2209.0,2231.0,2200.7,2223.0,2865010.0,53.72
2026-06-18,2209.0,2214.0,2182.0,2203.3,3735188.0,52.24
2026-06-19,2105.0,2138.0,2059.9,2125.0,13286502.0,51.78
2026-06-22,2132.2,2157.0,2121.0,2127.8,4566101.0,54.74
2026-06-23,2111.0,2114.0,2055.0,2059.6,6392736.0,54.33
2026-06-24,2061.0,2120.7,2061.0,2109.0,4747277.0,40.22
2026-06-25,2133.6,2148.5,2088.0,2094.7,4738903.0,41.12
2026-06-26,2133.6,2148.5,2088.0,2094.7,4738903.0,41.12
2026-06-29,2090.0,2105.0,2071.0,2097.9,3412470.0,54.58
2026-06-30,2090.0,2104.3,2018.8,2031.5,6848411.0,55.33
2026-07-01,2039.9,2052.0,1976.8,1982.6,4658295.0,51.9
2026-07-02,2008.0,2076.9,2002.5,2068.1,6040621.0,47.07
2026-07-03,2100.0,2116.6,2085.0,2093.5,4028819.0,48.69
2026-07-06,2090.0,2093.0,2050.6,2057.6,2567386.0,53.28
2026-07-07,2050.0,2122.7,2049.0,2096.1,4769048.0,39.11
2026-07-08,2094.0,2109.7,2048.8,2057.5,3666985.0,48.77
2026-07-09,2057.5,2065.0,2016.0,2049.5,3791498.0,31.19
2026-07-10,2105.2,2133.3,2064.6,2069.0,6714551.0,30.31
2026-07-13,2075.0,2204.9,2065.1,2181.5,12382622.0,37.32
2026-07-14,2182.9,2228.0,2179.0,2200.6,9546290.0,47.1
2026-07-15,2174.1,2202.9,2145.4,2189.2,5426489.0,46.97
2026-07-16,2206.0,2231.4,2187.8,2201.0,5197595.0,41.09
2026-07-17,2224.8,2275.0,2215.1,2269.0,5615138.0,40.76
2026-07-20,2280.1,2283.4,2245.1,2251.1,2202693.0,41.79
2026-07-21,2245.1,2259.9,2218.5,2221.1,2382160.0,48.53
2026-07-22,2216.0,2226.8,2201.0,2208.3,1599665.0,39.85
2026-07-23,2204.0,2250.0,2193.6,2242.9,2503539.0,40.14
2026-07-24,2205.1,2264.3,2205.1,2254.3,3211699.0,39.74
2026-07-27,2286.0,2315.0,2272.4,2295.6,4007292.0,47.31
2026-07-28,2325.0,2417.4,2323.0,2398.0,8248513.0,50.18
2026-07-29,2440.0,2475.5,2415.1,2446.6,7169419.0,55.11
2026-07-30,2440.0,2495.0,2423.0,2431.8,4901582.0,49.96
2026-07-31,2385.0,2391.0,2326.1,2365.6,4343683.0,54.77
2026-08-03,2383.9,2473.7,2383.0,2473.7,3036839.0,49.23
2026-08-04,2463.1,2467.4,2435.1,2460.0,2792792.0,53.97
2026-08-05,2460.0,2460.9,2408.0,2413.0,3014409.0,61.26
2026-08-06,2417.0,2434.5,2368.5,2373.0,2729141.0,50.4
2026-08-07,2375.0,2457.7,2375.0,2452.7,4547979.0,52.31
2026-08-10,2452.7,2472.9,2423.5,2425.7,2322023.0,48.93
2026-08-11,2438.0,2456.6,2428.0,2445.7,1514105.0,40.91
2026-08-12,2445.7,2445.8,2300.1,2349.7,7022647.0,39.3
2026-08-13,2349.7,2375.0,2332.3,2375.0,2123494.0,36.58
2026-08-14,2375.1,2390.0,2333.4,2361.0,2232160.0,51.12
2026-08-19,2293.6,2308.2,2258.3,2289.0,3368922.0,52.86
2026-08-20,2319.4,2329.0,2288.1,2298.0,2047848.0,47.24
2026-08-21,2290.1,2307.2,2263.3,2302.0,2066749.0,36.76
2026-08-24,2302.4,2321.6,2279.5,2284.1,1542723.0,47.51
2026-08-25,2305.0,2313.5,2262.0,2296.2,3041609.0,37.61
2026-08-26,2305.1,2306.3,2266.4,2270.0,1660737.0,54.56
2026-08-27,2270.0,2283.6,2243.9,2248.4,1709113.0,54.53
2026-08-28,2272.0,2348.5,2263.3,2342.0,4054069.0,39.57
2026-08-31,2342.0,2399.3,2306.2,2399.3,2905846.0,69.77
