,Open,High,Low,Close,Volume,DeliveryPct
2016-10-03,181.3,189.75,181.05,188.05,11270.0,
2016-10-04,188.8,189.9,184.05,186.35,4847.0,
2016-10-05,187.75,195.75,185.05,188.95,21333.0,
2016-10-06,189.0,193.9,187.7,189.55,9502.0,
2016-10-07,188.95,191.0,186.05,187.15,9919.0,
2016-10-10,192.0,192.0,186.2,189.75,13598.0,
2016-10-13,186.5,191.35,183.5,185.85,7645.0,
2016-10-14,185.6,191.35,185.05,190.3,11741.0,
2016-10-17,190.0,194.9,188.0,192.1,34518.0,
2016-10-18,192.0,223.0,192.0,207.85,765682.0,
2016-10-19,208.0,214.5,199.0,202.15,82162.0,
2016-10-20,203.0,209.0,197.0,198.95,34249.0,
2016-10-21,203.5,203.7,197.3,199.05,19001.0,
2016-10-24,206.2,206.2,199.25,199.9,17209.0,
2016-10-25,200.0,205.0,198.35,200.25,12016.0,
2016-10-26,200.0,201.9,195.25,197.95,14384.0,
2016-10-27,206.8,206.8,192.45,194.4,17995.0,
2016-10-28,195.3,196.0,191.2,193.8,13240.0,
2016-11-01,194.0,196.9,193.15,195.3,23962.0,
2016-11-02,192.15,194.0,188.5,192.85,26571.0,
2016-11-03,194.95,199.3,190.0,191.45,32351.0,
2016-11-04,186.1,195.0,180.0,182.05,47511.0,
2016-11-07,188.95,189.25,181.0,183.55,12757.0,
2016-11-08,185.25,186.4,182.95,184.35,8944.0,
2016-11-09,176.0,180.8,168.95,178.8,18730.0,
2016-11-10,180.1,188.0,180.1,184.2,25616.0,
2016-11-11,184.2,185.0,178.0,179.55,14432.0,
2016-11-15,177.5,177.5,169.5,172.05,21151.0,
2016-11-16,181.0,182.8,172.5,173.05,4764.0,
2016-11-17,171.2,175.0,170.05,170.75,9574.0,
2016-11-18,173.0,174.65,169.5,170.4,13593.0,
2016-11-21,170.05,173.95,162.55,166.45,7746.0,
2016-11-22,174.0,174.0,165.0,167.5,4966.0,
2016-11-23,170.0,178.8,167.0,171.9,8309.0,
2016-11-24,170.05,172.4,164.25,166.2,5766.0,
2016-11-25,169.75,171.8,168.0,169.0,21287.0,
2016-11-28,168.0,172.0,168.0,171.1,4028.0,
2016-11-29,171.0,173.0,167.7,171.0,4640.0,
2016-11-30,173.95,177.0,170.5,175.05,14947.0,
2016-12-01,177.9,178.9,173.3,174.35,7045.0,
2016-12-02,179.5,179.5,170.0,173.05,5329.0,
2016-12-05,177.75,177.75,169.5,170.5,7792.0,
2016-12-06,170.0,173.3,169.5,169.9,17193.0,
2016-12-07,172.5,172.5,168.0,169.4,11012.0,
2016-12-08,169.5,172.95,169.05,169.7,6653.0,
2016-12-09,169.05,172.5,169.05,172.05,3067.0,
2016-12-12,170.55,175.8,170.55,174.15,6191.0,
2016-12-13,172.65,180.0,172.6,178.6,6015.0,
2016-12-14,178.6,184.6,176.0,176.1,16819.0,
2016-12-15,175.0,175.75,173.0,174.85,15952.0,
2016-12-16,174.95,178.7,173.3,175.95,15014.0,
2016-12-19,178.95,180.0,174.0,175.35,6847.0,
2016-12-20,174.1,177.0,173.1,175.0,14787.0,
2016-12-21,175.0,178.0,170.5,174.95,12678.0,
2016-12-22,177.75,177.75,170.1,173.15,6738.0,
2016-12-23,174.4,174.4,171.7,171.9,1351.0,
2016-12-26,177.7,177.7,167.15,169.6,4107.0,
2016-12-27,168.0,173.2,168.0,169.25,6888.0,
2016-12-28,172.4,172.4,167.6,168.35,7275.0,
2016-12-29,171.0,171.7,167.35,169.95,3730.0,
2016-12-30,174.8,174.8,169.4,169.7,11020.0,
2017-01-02,171.55,171.55,168.0,169.85,5698.0,
2017-01-03,172.05,180.0,169.5,174.8,15855.0,
2017-01-04,174.25,175.0,173.2,173.9,15190.0,
2017-01-05,174.5,175.0,173.5,173.95,6247.0,
2017-01-06,176.15,177.6,173.85,175.1,21020.0,
2017-01-09,174.55,184.0,172.65,176.25,22635.0,
2017-01-10,180.0,182.6,177.8,180.8,59847.0,
2017-01-11,180.1,184.45,180.1,182.95,13865.0,
2017-01-12,184.25,184.5,180.1,181.6,6537.0,
2017-01-13,181.5,185.0,180.3,181.35,8521.0,
2017-01-16,185.0,186.5,179.95,182.95,183713.0,
2017-01-17,183.95,187.5,181.05,182.45,24749.0,
2017-01-18,185.8,187.0,183.1,184.55,36855.0,
2017-01-19,185.0,185.75,181.1,182.5,71309.0,
2017-01-20,181.9,184.9,179.95,180.95,9316.0,
2017-01-23,184.2,184.7,181.5,181.75,5689.0,
2017-01-24,181.85,182.65,177.2,177.95,35650.0,
2017-01-25,177.15,186.4,177.15,181.9,27665.0,
2017-01-27,184.4,184.7,175.0,176.45,76266.0,
2017-01-30,178.15,179.95,178.0,178.4,6530.0,
2017-01-31,175.2,180.0,175.15,178.35,9230.0,
2017-02-01,177.9,179.95,175.2,178.35,23067.0,
2017-02-02,180.35,191.85,175.1,181.05,109266.0,
2017-02-03,178.0,178.0,170.1,173.05,76340.0,
2017-02-06,172.0,175.15,169.45,170.5,46482.0,
2017-02-07,171.15,173.45,169.0,169.9,35132.0,
2017-02-08,170.0,171.9,165.95,167.75,21795.0,
2017-02-09,167.55,169.45,160.1,163.35,47867.0,
2017-02-10,163.95,174.0,163.95,165.05,30755.0,
2017-02-13,165.0,165.0,160.0,160.85,95748.0,
2017-02-14,164.9,164.9,160.5,162.6,40629.0,
2017-02-15,167.9,167.9,161.1,163.35,9834.0,
2017-02-16,163.85,163.9,158.6,161.25,26125.0,
2017-02-17,164.85,164.85,158.0,159.4,26049.0,
2017-02-20,162.45,162.65,158.75,161.9,15060.0,
2017-02-21,158.05,163.0,158.05,161.15,22141.0,
2017-02-22,160.5,162.9,159.2,162.45,13830.0,
2017-02-23,164.4,164.4,157.3,158.25,29669.0,
2017-02-27,160.0,160.0,155.1,157.05,17864.0,
2017-02-28,159.8,159.8,153.0,157.0,19021.0,
2017-03-01,156.0,159.75,155.6,159.3,6469.0,
2017-03-02,160.95,161.0,157.8,157.95,12753.0,
2017-03-03,159.95,159.95,156.0,157.9,102458.0,
2017-03-06,155.9,160.15,155.9,158.7,5917.0,
2017-03-07,160.0,160.95,157.0,157.3,9895.0,
2017-03-08,159.8,160.0,156.35,159.5,16909.0,
2017-03-09,160.7,160.8,158.0,159.6,7110.0,
2017-03-10,165.0,179.0,158.95,173.15,229752.0,
2017-03-14,174.0,181.35,173.2,179.9,180760.0,
2017-03-15,181.0,189.95,178.05,185.55,445158.0,
2017-03-16,186.3,193.9,184.0,186.6,410196.0,
2017-03-17,188.5,193.0,185.5,186.25,249081.0,
2017-03-20,187.0,190.4,186.05,187.45,181721.0,
2017-03-21,188.0,188.7,183.5,184.65,60537.0,
2017-03-22,182.65,184.25,177.5,178.6,42597.0,
2017-03-23,182.4,182.45,175.65,177.5,20607.0,
2017-03-24,175.75,189.3,173.15,188.1,198463.0,
2017-03-27,190.05,198.0,185.05,187.45,346067.0,
2017-03-28,189.7,206.0,189.7,203.6,552021.0,
2017-03-29,206.25,211.95,200.0,202.95,323205.0,
2017-03-30,204.75,221.0,200.0,214.5,519499.0,
2017-03-31,213.8,235.9,213.55,230.9,816871.0,
2017-04-03,234.8,243.0,234.25,240.5,339417.0,
2017-04-05,240.0,241.05,229.0,230.9,274585.0,
2017-04-06,230.9,231.7,223.9,228.45,128706.0,
2017-04-07,225.0,233.0,217.95,220.15,161514.0,
2017-04-10,220.5,226.5,219.0,221.1,103821.0,
2017-04-11,221.6,225.9,218.1,221.0,89797.0,
2017-04-12,221.0,229.5,214.05,217.5,163169.0,
2017-04-13,219.0,226.5,216.5,221.95,191681.0,
2017-04-17,224.0,232.7,223.15,226.6,149151.0,
2017-04-18,228.5,234.0,223.2,224.0,134790.0,
2017-04-19,225.25,227.95,217.0,218.95,78483.0,
2017-04-20,221.45,236.4,220.0,228.8,252314.0,
2017-04-21,229.05,238.95,225.0,227.15,221780.0,
2017-04-24,229.7,237.7,227.3,228.95,176038.0,
2017-04-25,230.0,232.2,226.1,227.85,68962.0,
2017-04-26,228.15,235.0,218.55,219.7,116247.0,
2017-04-27,221.65,244.0,220.0,238.95,324139.0,
2017-04-28,245.0,255.0,242.7,245.15,282920.0,
2017-05-02,246.85,254.7,241.05,243.2,116090.0,
2017-05-03,245.6,248.8,232.6,234.8,127358.0,
2017-05-04,235.85,246.9,235.6,243.55,125943.0,
2017-05-05,248.0,253.0,234.45,235.75,143958.0,
2017-05-08,238.85,243.0,232.0,235.2,91075.0,
2017-05-09,236.85,237.95,232.2,235.45,59015.0,
2017-05-10,237.1,257.0,236.3,248.3,348695.0,
2017-05-11,250.0,262.0,248.3,250.9,303428.0,
2017-05-12,252.15,264.2,252.15,259.75,384417.0,
2017-05-15,262.7,269.9,251.0,253.0,321998.0,
2017-05-16,253.0,262.2,252.5,257.0,183961.0,
2017-05-17,257.05,263.4,253.9,255.0,210976.0,
2017-05-18,250.0,258.9,242.0,246.05,152573.0,
2017-05-19,250.0,262.8,245.5,248.4,377215.0,
2017-05-22,251.35,255.7,225.6,227.2,266143.0,
2017-05-23,227.0,228.4,214.55,216.65,145615.0,
2017-05-24,215.95,224.15,204.0,206.8,186803.0,
2017-05-25,210.8,219.85,206.5,212.5,254398.0,
2017-05-26,213.0,221.9,213.0,217.05,76757.0,
2017-05-29,218.7,220.95,210.0,212.25,99588.0,
2017-05-30,212.0,217.0,208.05,212.15,81400.0,
2017-05-31,213.0,219.9,212.5,215.45,70694.0,
2017-06-01,216.65,218.35,210.05,210.65,67113.0,
2017-06-02,212.7,224.8,212.7,220.65,197814.0,
2017-06-05,221.0,226.0,220.5,222.1,160566.0,
2017-06-06,223.25,224.2,218.05,219.75,45825.0,
2017-06-07,219.05,220.5,215.0,216.0,47896.0,
2017-06-08,215.0,222.45,212.5,217.25,48266.0,
2017-06-09,217.4,218.15,215.55,216.1,48540.0,
2017-06-12,213.4,218.0,213.4,217.0,66515.0,
2017-06-13,214.6,218.0,214.0,215.45,37949.0,
2017-06-14,215.2,217.5,215.05,216.05,21926.0,
2017-06-15,215.65,218.0,214.05,217.5,30692.0,
2017-06-16,216.2,218.0,214.0,215.1,18057.0,
2017-06-19,216.0,216.45,208.7,210.25,70234.0,
2017-06-20,210.0,221.9,209.3,217.8,116340.0,
2017-06-21,218.0,221.65,216.05,220.9,120130.0,
2017-06-22,219.5,221.9,211.4,214.05,198708.0,
2017-06-23,215.0,218.0,207.65,211.55,62971.0,
2017-06-27,214.3,219.7,213.45,215.85,45320.0,
2017-06-28,213.2,218.0,213.2,217.2,57773.0,
2017-06-29,215.3,219.95,214.25,217.3,137554.0,
2017-06-30,218.25,233.0,218.25,227.0,498335.0,
2017-07-03,225.95,234.95,223.4,232.4,200336.0,
2017-07-04,232.4,234.5,225.5,230.25,65703.0,
2017-07-05,230.15,233.65,227.0,230.4,70785.0,
2017-07-06,230.6,252.9,229.35,244.35,572892.0,
2017-07-07,242.95,252.9,238.0,239.65,327918.0,
2017-07-10,237.0,247.7,237.0,243.85,44601.0,
2017-07-11,245.55,245.55,235.8,236.8,80998.0,
2017-07-12,237.05,238.65,227.55,230.65,61108.0,
2017-07-13,231.05,239.9,226.0,227.65,87696.0,
2017-07-14,228.05,232.0,222.55,225.1,88715.0,
2017-07-17,226.05,229.9,223.7,225.8,37110.0,
2017-07-18,226.05,227.85,217.55,220.4,77879.0,
2017-07-19,222.4,226.9,221.0,223.5,73964.0,
2017-07-20,223.5,228.9,223.0,225.0,50367.0,
2017-07-21,226.15,230.0,222.15,225.35,213759.0,
2017-07-24,224.65,229.8,224.6,226.1,47842.0,
2017-07-25,228.55,241.2,223.0,234.9,185038.0,
2017-07-26,247.85,249.5,235.0,237.3,939218.0,
2017-07-27,238.0,240.0,226.25,228.85,130770.0,
2017-07-28,223.5,233.95,223.5,228.8,58973.0,
2017-07-31,225.2,229.5,221.1,227.15,41863.0,
2017-08-01,227.5,230.9,222.1,223.5,104765.0,
2017-08-02,225.45,225.5,212.55,214.85,79205.0,
2017-08-03,215.6,218.45,204.0,206.75,188898.0,
2017-08-04,206.15,216.1,198.5,212.45,123087.0,
2017-08-07,212.4,216.5,208.15,210.6,61893.0,
2017-08-08,211.5,215.8,209.0,211.85,168997.0,
2017-08-09,210.0,216.0,203.4,214.1,56562.0,
2017-08-10,214.55,214.55,201.05,206.95,64815.0,
2017-08-11,195.1,208.0,182.0,205.8,328787.0,
2017-08-14,208.0,220.9,200.05,216.75,120564.0,
2017-08-16,215.5,225.3,212.05,220.15,49972.0,
2017-08-17,220.0,222.35,214.0,216.9,30422.0,
2017-08-18,214.05,220.95,205.0,217.7,66755.0,
2017-08-21,217.1,224.0,210.6,214.6,31939.0,
2017-08-22,217.85,217.85,208.2,209.4,19861.0,
2017-08-23,212.3,218.35,210.15,212.05,42623.0,
2017-08-24,215.5,217.5,209.0,211.15,46467.0,
2017-08-28,213.9,222.1,213.1,220.45,54249.0,
2017-08-29,217.05,219.0,211.05,212.65,21391.0,
2017-08-30,214.95,216.55,211.5,213.5,12595.0,
2017-08-31,213.65,216.45,213.25,214.35,13185.0,
2017-09-01,216.9,219.8,215.0,216.25,15210.0,
2017-09-04,216.95,218.75,212.75,214.2,20477.0,
2017-09-05,215.05,217.65,214.05,216.25,15772.0,
2017-09-06,215.2,218.5,213.55,216.2,19212.0,
2017-09-07,218.45,224.5,217.85,222.0,45518.0,
2017-09-08,222.0,229.0,218.6,221.15,50716.0,
2017-09-11,221.25,223.3,217.9,218.95,22729.0,
2017-09-12,219.95,221.35,214.0,215.85,33265.0,
2017-09-13,217.3,218.35,212.0,213.5,12535.0,
2017-09-14,214.95,217.7,212.35,212.8,32812.0,
2017-09-15,212.8,214.05,210.0,212.35,25744.0,
2017-09-18,212.6,214.0,208.75,210.4,44814.0,
2017-09-19,210.15,216.0,208.8,209.45,28420.0,
2017-09-20,213.6,214.75,209.6,210.5,28429.0,
2017-09-21,211.05,211.45,205.7,207.05,40465.0,
2017-09-22,206.6,207.1,201.05,204.65,28922.0,
2017-09-25,207.45,207.5,191.2,200.75,23772.0,
2017-09-26,202.95,203.45,198.65,202.55,49347.0,
2017-09-27,200.0,204.5,190.8,192.5,62532.0,
2017-09-28,192.7,196.0,191.0,194.9,17575.0,
2017-09-29,195.0,204.2,194.0,201.05,23830.0,
2017-10-03,205.0,205.0,199.65,200.35,24038.0,
2017-10-04,200.5,206.7,200.0,204.0,15366.0,
2017-10-05,205.05,208.0,202.85,203.75,11974.0,
2017-10-06,203.6,208.55,200.1,203.2,45449.0,
2017-10-09,205.95,206.0,202.8,203.45,11291.0,
2017-10-10,205.95,222.0,202.0,208.9,108981.0,
2017-10-11,211.65,214.0,205.05,212.0,96736.0,
2017-10-12,211.5,213.9,210.25,211.65,14783.0,
2017-10-13,211.25,214.0,206.3,212.55,35905.0,
2017-10-16,214.95,214.95,209.95,210.0,30325.0,
2017-10-17,210.0,213.7,210.0,211.65,23945.0,
2017-10-18,210.0,211.7,209.25,210.0,59777.0,
2017-10-19,210.0,213.0,207.05,210.3,5993.0,
2017-10-23,210.0,213.9,209.9,210.05,116481.0,
2017-10-24,212.65,212.65,210.0,210.5,15472.0,
2017-10-25,210.0,212.0,209.0,210.05,19113.0,
2017-10-26,210.0,212.0,210.0,210.15,14285.0,
2017-10-27,210.5,211.75,210.0,210.3,13391.0,
2017-10-30,211.0,213.0,208.0,209.25,24726.0,
2017-10-31,209.25,217.95,207.0,210.8,50167.0,
2017-11-01,213.8,222.0,210.45,215.95,47597.0,
2017-11-02,218.55,218.6,213.0,214.0,13446.0,
2017-11-03,216.9,216.9,210.0,210.5,23955.0,
2017-11-06,212.85,212.9,210.15,211.4,22242.0,
2017-11-07,212.0,214.0,210.0,210.1,48146.0,
2017-11-08,210.5,221.95,210.5,214.75,53447.0,
2017-11-09,214.5,224.0,213.1,219.7,30571.0,
2017-11-10,218.0,224.3,215.0,215.6,31545.0,
2017-11-13,218.0,219.9,210.7,211.25,16137.0,
2017-11-14,214.5,214.5,205.15,206.95,20460.0,
2017-11-15,209.9,213.05,204.45,206.45,23607.0,
2017-11-16,211.5,212.7,200.0,201.55,184497.0,
2017-11-17,204.0,204.65,195.25,196.45,69406.0,
2017-11-20,196.45,203.85,193.25,196.35,61981.0,
2017-11-21,196.55,201.7,196.0,198.85,26964.0,
2017-11-22,200.0,201.0,196.2,197.65,18047.0,
2017-11-23,199.6,199.65,194.1,195.4,46292.0,
2017-11-24,196.45,204.7,194.5,197.3,121158.0,
2017-11-27,198.0,199.55,193.6,195.9,21454.0,
2017-11-28,196.5,198.7,196.0,197.0,22823.0,
2017-11-29,198.3,198.35,185.95,188.6,92792.0,
2017-11-30,190.6,191.65,186.0,187.35,50338.0,
2017-12-01,189.95,192.95,180.45,181.3,98055.0,
2017-12-04,183.95,186.9,181.0,182.45,14713.0,
2017-12-05,183.0,185.9,178.0,182.2,26724.0,
2017-12-06,183.0,183.0,177.3,178.8,9974.0,
2017-12-07,178.0,180.65,176.8,177.6,38621.0,
2017-12-08,179.35,179.45,174.0,175.1,31017.0,
2017-12-11,176.5,178.65,173.0,176.05,56367.0,
2017-12-12,177.3,185.0,176.1,177.15,45152.0,
2017-12-13,178.0,180.0,172.05,173.45,26377.0,
2017-12-14,175.5,177.45,171.1,172.05,20325.0,
2017-12-15,174.5,186.9,173.65,182.4,103063.0,
2017-12-18,184.9,188.0,176.0,184.15,25798.0,
2017-12-19,187.8,190.0,182.1,185.3,39583.0,
2017-12-20,183.0,185.75,182.7,183.7,20836.0,
2017-12-21,186.0,186.0,180.0,181.65,23178.0,
2017-12-22,182.0,194.8,182.0,189.95,142628.0,
2017-12-26,192.6,196.4,190.5,195.2,69909.0,
2017-12-27,196.0,198.7,193.9,195.35,75974.0,
2017-12-28,197.0,198.7,194.15,196.3,215518.0,
2017-12-29,197.0,202.75,192.2,193.3,133333.0,
2018-01-01,194.1,202.0,194.0,196.6,99603.0,
2018-01-02,198.25,198.25,183.25,189.95,109975.0,
2018-01-03,192.75,194.75,186.0,187.75,63879.0,
2018-01-04,188.0,190.3,185.7,187.0,44514.0,
2018-01-05,186.1,192.0,186.1,190.4,33778.0,
2018-01-08,190.5,198.4,189.0,193.65,74808.0,
2018-01-09,195.0,196.15,192.0,192.65,24473.0,
2018-01-10,195.0,195.0,188.0,189.35,35103.0,
2018-01-11,189.15,191.0,186.2,189.1,30837.0,
2018-01-12,189.0,191.85,183.25,187.9,31074.0,
2018-01-15,188.0,192.9,186.1,190.85,26667.0,
2018-01-16,192.0,192.0,182.0,182.65,37180.0,
2018-01-17,183.0,184.8,176.0,179.25,206404.0,
2018-01-18,181.8,185.0,175.1,175.85,32072.0,
2018-01-19,179.95,180.95,175.55,179.25,41673.0,
2018-01-22,180.0,181.0,175.15,178.85,70557.0,
2018-01-23,179.75,188.55,178.9,186.3,75005.0,
2018-01-24,187.9,191.85,186.0,189.4,48314.0,
2018-01-25,188.85,193.85,188.0,191.65,80101.0,
2018-01-29,194.0,194.05,190.0,190.25,13353.0,
2018-01-30,190.0,192.5,184.95,190.35,46093.0,
2018-01-31,189.7,193.9,185.1,190.85,23999.0,
2018-02-01,190.0,192.8,187.05,188.65,16036.0,
2018-02-02,183.5,194.0,183.5,188.85,192573.0,
2018-02-05,186.0,192.8,181.35,190.55,32137.0,
2018-02-06,182.95,193.0,175.05,189.25,42471.0,
2018-02-07,191.05,199.6,186.3,189.25,52790.0,
2018-02-08,192.05,224.4,188.95,215.65,570649.0,
2018-02-09,208.9,218.7,202.0,214.85,120701.0,
2018-02-12,215.0,233.0,215.0,217.85,258720.0,
2018-02-14,220.0,221.05,216.0,219.3,47027.0,
2018-02-15,222.45,224.0,217.45,221.8,89769.0,
2018-02-16,223.4,223.65,210.0,211.25,58865.0,
2018-02-19,211.5,214.7,206.05,210.85,57221.0,
2018-02-20,212.9,220.0,209.45,215.85,29806.0,
2018-02-21,211.95,217.0,210.1,213.45,35919.0,
2018-02-22,211.0,217.0,211.0,214.4,21793.0,
2018-02-23,212.15,220.9,212.05,218.7,28663.0,
2018-02-26,217.95,221.0,212.25,216.3,18639.0,
2018-02-27,217.95,218.0,215.0,215.05,13259.0,
2018-02-28,213.0,221.0,211.85,215.55,40629.0,
2018-03-01,215.55,218.15,213.5,214.75,62026.0,
2018-03-05,214.95,224.0,206.25,215.4,77395.0,
2018-03-06,218.55,221.0,211.4,214.3,130788.0,
2018-03-07,214.9,215.0,205.0,207.5,36401.0,
2018-03-08,209.5,210.3,202.25,209.85,44317.0,
2018-03-09,207.05,212.7,207.05,210.1,66552.0,
2018-03-12,212.95,213.2,207.25,210.0,24010.0,
2018-03-13,206.6,215.5,206.6,209.05,23780.0,
2018-03-14,208.95,210.0,206.9,209.3,49415.0,
2018-03-15,208.55,210.75,208.55,210.0,61491.0,
2018-03-16,210.0,211.0,206.4,208.4,57796.0,
2018-03-19,209.0,211.0,194.55,200.15,328736.0,
2018-03-20,198.45,207.5,196.0,205.9,191360.0,
2018-03-21,208.7,210.9,203.0,204.0,27910.0,
2018-03-22,200.35,207.4,200.35,205.85,8664.0,
2018-03-23,198.0,201.65,196.45,198.7,33439.0,
2018-03-26,199.7,201.5,185.0,185.45,944768.0,
2018-03-27,192.45,203.9,190.0,197.2,59969.0,
2018-03-28,199.95,199.95,187.85,189.95,82041.0,
2018-04-02,192.75,198.7,190.0,195.0,14165.0,
2018-04-03,196.35,196.35,191.4,192.7,33237.0,
2018-04-04,192.8,195.0,188.05,189.2,56023.0,
2018-04-05,191.95,193.75,189.0,190.0,40504.0,
2018-04-06,191.0,191.55,188.7,189.1,80998.0,
2018-04-09,189.9,191.0,188.0,188.85,114434.0,
2018-04-10,189.9,190.95,188.5,189.4,163005.0,
2018-04-11,192.0,192.0,187.5,188.3,33896.0,
2018-04-12,189.7,190.0,188.55,188.95,26363.0,
2018-04-13,189.85,199.5,189.85,197.8,237924.0,
2018-04-16,196.2,202.8,193.3,199.45,56417.0,
2018-04-17,201.9,208.9,197.1,201.85,51488.0,
2018-04-18,202.95,205.5,200.5,203.05,11048.0,
2018-04-19,202.0,208.8,201.55,206.35,17841.0,
2018-04-20,206.0,210.0,203.9,207.5,43263.0,
2018-04-23,208.0,213.0,205.0,207.45,36004.0,
2018-04-24,207.6,226.0,207.6,217.65,140203.0,
2018-04-25,220.0,220.9,209.1,210.4,42352.0,
2018-04-26,211.25,216.3,207.4,209.6,34337.0,
2018-04-27,214.4,214.4,203.5,207.2,37660.0,
2018-04-30,207.95,207.95,199.0,200.0,58307.0,
2018-05-02,198.05,204.9,198.05,199.25,9535.0,
2018-05-03,204.4,205.4,198.0,199.4,17658.0,
2018-05-04,201.2,205.0,198.0,201.5,13786.0,
2018-05-07,202.9,207.75,197.75,198.1,33248.0,
2018-05-08,199.0,203.0,197.9,199.85,18636.0,
2018-05-09,200.3,202.2,196.3,197.75,22106.0,
2018-05-10,198.95,202.0,193.05,197.8,15250.0,
2018-05-11,195.0,201.5,194.3,198.6,8423.0,
2018-05-14,194.65,202.0,194.65,196.2,9965.0,
2018-05-15,197.8,199.45,184.0,190.2,75044.0,
2018-05-16,189.8,189.9,184.05,186.75,26022.0,
2018-05-17,186.95,191.6,186.9,189.55,8003.0,
2018-05-18,189.0,190.45,185.0,185.4,8584.0,
2018-05-21,185.75,189.7,182.0,182.65,12644.0,
2018-05-22,183.35,189.4,182.1,184.75,8723.0,
2018-05-23,185.5,190.0,184.0,187.0,10321.0,
2018-05-24,186.7,187.95,157.7,158.5,217009.0,
2018-05-25,159.4,161.05,149.05,158.35,212135.0,
2018-05-28,158.1,170.0,158.1,169.05,72100.0,
2018-05-29,170.7,172.4,163.5,165.0,25433.0,
2018-05-30,164.0,164.45,162.3,163.15,4078.0,
2018-05-31,164.85,165.0,161.5,162.0,11780.0,
2018-06-01,162.8,165.1,160.05,161.1,38149.0,
2018-06-04,161.2,162.8,156.25,157.8,21015.0,
2018-06-05,157.5,159.0,153.0,155.4,36840.0,
2018-06-06,155.0,157.95,152.7,155.5,35497.0,
2018-06-07,155.25,162.7,155.0,156.25,35084.0,
2018-06-08,156.25,164.5,156.0,160.55,50828.0,
2018-06-11,161.4,163.0,158.3,160.4,13056.0,
2018-06-12,163.0,163.0,158.5,160.1,12254.0,
2018-06-13,161.0,161.75,158.25,160.05,5075.0,
2018-06-14,160.2,162.8,159.0,159.7,2869.0,
2018-06-15,160.4,161.5,157.0,157.6,8600.0,
2018-06-18,158.0,168.4,158.0,160.3,6686.0,
2018-06-19,160.85,161.2,158.0,160.25,5349.0,
2018-06-20,157.05,162.75,155.0,155.5,14479.0,
2018-06-21,156.55,160.55,155.0,155.3,3173.0,
2018-06-22,155.7,161.45,155.0,156.7,3114.0,
2018-06-25,156.9,156.9,154.2,155.2,7706.0,
2018-06-26,154.9,156.8,153.5,155.15,7159.0,
2018-06-27,155.0,156.5,151.0,154.95,41509.0,
2018-06-28,154.95,155.9,149.85,150.1,36300.0,
2018-06-29,150.75,159.8,145.5,154.65,12609.0,
2018-07-02,154.85,155.0,150.0,151.7,1527.0,
2018-07-03,153.95,153.95,149.0,150.35,3754.0,
2018-07-04,152.5,152.5,146.25,149.25,7489.0,
2018-07-05,149.55,151.85,146.5,148.6,2900.0,
2018-07-06,148.6,154.95,148.2,152.8,15306.0,
2018-07-09,153.0,157.9,152.1,152.8,2058.0,
2018-07-10,155.2,155.2,152.15,153.05,4799.0,
2018-07-11,153.65,157.5,151.4,154.2,3850.0,
2018-07-12,155.0,155.0,152.45,152.95,21532.0,
2018-07-13,152.0,152.95,149.6,150.3,1924.0,
2018-07-16,149.5,154.0,148.1,148.35,11775.0,
2018-07-17,145.6,158.75,143.8,149.5,12582.0,
2018-07-18,151.65,154.75,141.0,145.4,12229.0,
2018-07-19,147.55,149.35,145.0,147.15,6075.0,
2018-07-20,147.15,148.9,146.0,146.85,1337.0,
2018-07-23,144.75,150.0,144.75,149.25,5207.0,
2018-07-24,149.15,154.0,140.95,150.7,4357.0,
2018-07-25,148.6,157.0,148.6,153.75,12471.0,
2018-07-26,156.05,156.05,150.45,153.1,10068.0,
2018-07-27,154.4,163.1,150.45,154.7,4000.0,
2018-07-30,154.0,156.9,150.0,152.1,4510.0,
2018-07-31,154.3,154.3,146.05,147.2,21586.0,
2018-08-01,147.2,150.15,146.95,148.35,11053.0,
2018-08-02,148.0,150.4,146.95,147.85,134063.0,
2018-08-03,148.0,151.5,146.6,148.3,13330.0,
2018-08-06,148.25,149.15,147.0,147.95,43725.0,
2018-08-07,147.3,148.9,146.95,148.1,10618.0,
2018-08-08,149.7,149.7,138.95,140.6,114353.0,
2018-08-09,141.0,145.4,140.0,142.9,19670.0,
2018-08-10,142.1,147.95,133.3,137.55,81250.0,
2018-08-13,136.4,138.75,134.35,135.45,27493.0,
2018-08-14,133.65,136.0,132.0,133.85,13932.0,
2018-08-16,133.5,134.7,132.9,133.95,11820.0,
2018-08-17,133.2,139.0,132.4,133.85,9866.0,
2018-08-20,135.3,137.9,133.0,134.85,45243.0,
2018-08-21,134.0,135.5,133.0,134.0,20465.0,
2018-08-23,134.95,135.95,133.0,133.95,2924.0,
2018-08-24,133.15,135.0,132.0,133.35,12160.0,
2018-08-27,135.25,135.25,128.75,130.25,25471.0,
2018-08-28,130.5,130.5,128.25,128.9,14195.0,
2018-08-29,129.95,130.0,127.5,127.95,26457.0,
2018-08-30,129.0,129.0,126.0,127.1,15803.0,
2018-08-31,127.1,129.55,124.0,125.55,42173.0,
2018-09-03,127.35,129.8,123.55,125.45,57204.0,
2018-09-04,127.2,127.2,123.5,123.95,16095.0,
2018-09-05,125.75,126.45,122.0,125.1,14770.0,
2018-09-06,126.0,128.5,117.95,126.05,231713.0,
2018-09-07,126.0,127.55,117.65,118.3,151206.0,
2018-09-10,119.95,138.0,113.6,122.1,186573.0,
2018-09-11,123.1,124.0,116.1,120.35,67754.0,
2018-09-12,121.8,122.45,116.85,120.2,184629.0,
2018-09-14,122.6,125.5,116.0,118.7,111852.0,
2018-09-17,118.95,120.0,117.85,119.55,10151.0,
2018-09-18,118.5,121.25,113.1,115.05,183046.0,
2018-09-19,115.95,117.0,108.25,109.55,135857.0,
2018-09-21,111.3,128.4,111.3,116.55,318207.0,
2018-09-24,126.05,134.8,124.05,127.0,545918.0,
2018-09-25,126.9,131.65,122.05,129.4,104299.0,
2018-09-26,130.0,145.4,127.95,140.85,569849.0,
2018-09-27,144.9,146.8,133.05,136.25,561811.0,
2018-09-28,136.0,136.0,124.45,126.65,114709.0,
2018-10-01,125.0,125.0,117.05,120.05,130567.0,
2018-10-03,120.0,128.75,114.0,121.8,126791.0,
2018-10-04,120.0,122.0,115.0,119.0,67884.0,
2018-10-05,118.9,120.0,115.2,116.85,53763.0,
2018-10-08,124.0,124.0,104.7,107.1,291773.0,
2018-10-09,107.7,110.0,95.0,101.2,473124.0,
2018-10-10,103.55,119.9,103.55,117.35,265503.0,
2018-10-11,113.25,126.0,110.0,121.7,331988.0,
2018-10-12,122.0,131.5,121.25,130.2,151384.0,
2018-10-15,129.0,144.0,128.95,141.8,328240.0,
2018-10-16,140.95,150.7,140.9,146.7,275140.0,
2018-10-17,145.0,147.85,135.0,135.4,69290.0,
2018-10-19,132.4,138.4,127.45,129.45,55436.0,
2018-10-22,130.0,137.85,126.0,134.6,129586.0,
2018-10-23,133.75,134.75,128.65,131.0,62567.0,
2018-10-24,131.9,135.0,131.0,131.6,19843.0,
2018-10-25,130.1,132.45,129.0,129.7,24137.0,
2018-10-26,129.05,131.3,129.0,129.05,36971.0,
2018-10-29,130.0,131.95,128.0,128.35,61093.0,
2018-10-30,129.65,138.6,129.5,133.25,104048.0,
2018-10-31,131.95,136.0,129.0,131.2,29654.0,
2018-11-01,134.0,134.0,130.2,132.35,13698.0,
2018-11-02,132.3,136.0,132.3,133.95,31800.0,
2018-11-05,135.0,135.0,129.85,130.35,6006.0,
2018-11-06,133.7,143.0,129.0,131.05,22873.0,
2018-11-07,132.95,139.0,131.1,133.2,47026.0,
2018-11-09,133.3,133.45,130.1,131.6,9845.0,
2018-11-12,133.9,134.0,130.2,131.05,11563.0,
2018-11-13,132.25,132.55,130.0,130.5,21969.0,
2018-11-14,131.05,137.0,131.0,132.0,37130.0,
2018-11-15,130.05,131.75,126.5,128.45,4724.0,
2018-11-16,129.5,130.75,129.0,129.5,8372.0,
2018-11-19,131.9,136.0,127.8,129.95,38561.0,
2018-11-20,131.9,131.9,127.0,128.2,39593.0,
2018-11-21,128.65,131.0,128.15,129.65,23195.0,
2018-11-22,131.5,131.5,128.0,129.3,12209.0,
2018-11-26,131.85,132.0,128.15,129.95,16584.0,
2018-11-27,129.95,130.25,126.5,129.95,16880.0,
2018-11-28,129.05,130.15,127.0,127.35,2838.0,
2018-11-29,129.5,130.0,126.0,129.2,17704.0,
2018-11-30,125.2,136.0,125.15,132.45,43555.0,
2018-12-03,133.45,134.9,128.05,130.5,37521.0,
2018-12-04,132.75,133.5,128.0,130.0,13994.0,
2018-12-05,129.75,133.5,128.7,129.75,20087.0,
2018-12-06,129.95,130.0,127.0,129.45,2170.0,
2018-12-07,128.9,130.0,128.65,128.95,4688.0,
2018-12-10,129.2,131.75,124.0,125.8,24592.0,
2018-12-11,120.2,130.0,120.2,129.8,5988.0,
2018-12-12,128.0,131.65,125.5,129.6,18147.0,
2018-12-13,131.3,132.0,128.2,129.95,18289.0,
2018-12-14,128.05,131.25,127.95,129.85,10778.0,
2018-12-17,130.25,131.35,126.15,127.45,30291.0,
2018-12-18,127.75,129.9,126.6,128.0,16977.0,
2018-12-19,126.95,129.55,126.8,128.65,15302.0,
2018-12-20,127.3,129.95,127.0,129.05,12454.0,
2018-12-21,129.0,130.0,126.05,127.6,14214.0,
2018-12-24,124.6,130.0,124.6,126.45,20419.0,
2018-12-26,126.4,130.0,125.95,129.45,15594.0,
2018-12-27,130.1,130.5,127.05,130.0,13688.0,
2018-12-28,129.05,129.7,127.1,128.7,19180.0,
2018-12-31,128.05,130.2,126.45,129.95,15717.0,
2019-01-01,129.5,130.05,127.85,129.0,19549.0,
2019-01-02,128.9,129.95,128.05,128.8,12844.0,
2019-01-03,128.7,129.0,125.5,126.45,29513.0,
2019-01-04,126.55,128.5,126.0,127.9,12393.0,
2019-01-07,127.0,128.95,124.55,126.4,21856.0,
2019-01-08,126.7,129.05,125.5,126.65,16266.0,
2019-01-09,127.3,128.0,126.05,127.25,13015.0,
2019-01-10,127.1,129.5,126.0,127.9,31111.0,
2019-01-11,129.95,129.95,126.6,127.65,8347.0,
2019-01-14,128.5,128.5,126.5,127.1,11108.0,
2019-01-15,128.45,128.45,126.55,126.9,21376.0,
2019-01-16,127.95,128.0,126.25,127.9,12233.0,
2019-01-17,127.95,128.0,126.0,127.9,22394.0,
2019-01-18,127.95,128.0,126.25,127.2,17077.0,
2019-01-21,127.45,128.2,126.6,127.3,11315.0,
2019-01-22,126.6,128.05,126.35,126.95,11392.0,
2019-01-23,127.05,128.4,125.65,127.1,15358.0,
2019-01-24,126.55,128.15,126.05,127.7,11899.0,
2019-01-25,126.7,129.05,126.5,127.5,23966.0,
2019-01-28,126.35,128.0,124.9,125.35,54097.0,
2019-01-29,125.95,126.9,124.0,125.2,21684.0,
2019-01-30,126.0,127.1,125.15,126.35,11785.0,
2019-01-31,126.9,127.35,125.75,126.9,12766.0,
2019-02-01,126.1,132.15,126.1,129.6,84725.0,
2019-02-04,129.25,134.75,126.1,130.55,32577.0,
2019-02-05,129.95,134.0,127.15,128.4,21460.0,
2019-02-06,130.7,134.0,127.7,129.7,19975.0,
2019-02-07,130.0,130.05,128.5,129.8,18386.0,
2019-02-08,129.05,130.4,127.5,129.8,18080.0,
2019-02-11,129.1,129.1,127.0,128.6,36781.0,
2019-02-12,127.4,129.2,127.4,127.75,33718.0,
2019-02-13,128.05,128.75,127.5,127.95,26476.0,
2019-02-14,127.0,128.65,125.0,127.5,32722.0,
2019-02-15,127.25,127.9,123.0,125.55,88348.0,
2019-02-18,123.25,125.1,121.85,123.45,111642.0,
2019-02-19,124.05,125.15,123.0,123.4,9196.0,
2019-02-20,123.15,124.45,121.0,122.35,74358.0,
2019-02-21,123.95,124.0,122.0,123.9,12325.0,
2019-02-22,124.0,124.4,121.9,122.1,34271.0,
2019-02-25,123.0,126.95,120.0,126.05,46345.0,
2019-02-26,126.7,128.0,123.6,126.8,10027.0,
2019-02-27,127.8,131.9,126.85,127.5,25526.0,
2019-02-28,129.05,130.4,126.8,127.95,28232.0,
2019-03-01,127.95,129.7,127.0,127.9,30920.0,
2019-03-05,129.65,130.5,127.3,128.65,32818.0,
2019-03-06,129.45,130.6,125.8,126.1,29638.0,
2019-03-07,127.3,128.0,126.0,127.4,15420.0,
2019-03-08,127.05,136.5,125.95,127.4,138045.0,
2019-03-11,127.4,131.0,127.4,129.05,69846.0,
2019-03-12,130.7,138.95,128.1,128.9,497520.0,
2019-03-13,129.7,131.6,128.1,129.85,35013.0,
2019-03-14,129.9,131.1,128.1,130.05,34967.0,
2019-03-15,131.75,137.9,129.15,131.75,118096.0,
2019-03-18,131.25,137.9,129.4,131.2,54609.0,
2019-03-19,130.7,130.7,127.65,128.45,23317.0,
2019-03-20,129.75,130.05,127.5,127.6,23845.0,
2019-03-22,126.1,128.35,126.1,127.4,11397.0,
2019-03-25,125.7,127.0,124.0,124.3,33005.0,
2019-03-26,124.35,125.4,120.6,122.45,28588.0,
2019-03-27,122.0,124.3,119.0,120.5,37409.0,
2019-03-28,120.95,121.65,119.05,119.8,27239.0,
2019-03-29,120.55,121.0,119.5,120.0,10369.0,
2019-04-01,121.45,121.9,117.6,118.2,19587.0,
2019-04-02,118.95,119.45,115.1,116.5,23806.0,
2019-04-03,118.2,127.8,117.0,117.25,154719.0,
2019-04-04,119.0,121.95,115.95,120.25,26888.0,
2019-04-05,120.05,123.0,120.0,122.2,39565.0,
2019-04-08,122.05,123.75,120.1,121.05,62382.0,
2019-04-09,122.9,122.95,118.05,119.1,14135.0,
2019-04-10,120.6,126.0,120.6,124.8,21488.0,
2019-04-11,124.0,128.0,123.95,127.5,7056.0,
2019-04-12,126.7,131.4,126.0,129.8,12788.0,
2019-04-15,130.5,135.0,129.25,131.7,14718.0,
2019-04-16,132.05,132.5,129.95,131.65,11177.0,
2019-04-18,131.8,132.0,129.5,129.5,33520.0,
2019-04-22,129.7,130.05,122.05,123.45,13716.0,
2019-04-23,123.0,127.95,123.0,126.4,5322.0,
2019-04-24,125.35,129.75,124.0,126.85,2364.0,
2019-04-25,126.9,126.9,123.0,124.7,2216.0,
2019-04-26,124.6,125.0,123.0,123.7,1831.0,
2019-04-30,125.5,125.75,121.9,124.45,5329.0,
2019-05-02,123.9,128.95,122.3,126.95,5171.0,
2019-05-03,125.5,125.55,123.15,123.35,11465.0,
2019-05-06,122.9,123.35,121.9,122.75,1566.0,
2019-05-07,122.4,128.9,122.0,124.5,9997.0,
2019-05-08,123.25,129.75,119.5,121.45,14591.0,
2019-05-09,122.15,124.35,120.5,123.75,4041.0,
2019-05-10,121.7,124.35,121.0,122.8,8234.0,
2019-05-13,122.3,124.4,120.3,121.25,5279.0,
2019-05-14,120.45,122.65,120.0,120.6,2553.0,
2019-05-15,122.05,123.55,120.2,121.55,2720.0,
2019-05-16,121.55,123.0,121.0,122.3,3371.0,
2019-05-17,121.2,125.95,121.15,123.5,5905.0,
2019-05-20,129.0,129.0,122.1,127.95,20737.0,
2019-05-21,126.5,126.5,122.4,123.25,4414.0,
2019-05-22,123.9,124.65,122.0,122.45,2946.0,
2019-05-23,135.0,143.0,130.9,133.1,106256.0,
2019-05-24,134.0,146.65,134.0,145.65,84754.0,
2019-05-27,146.0,153.5,146.0,153.0,47866.0,
2019-05-28,153.05,156.0,150.9,151.9,55495.0,
2019-05-29,151.05,151.25,148.05,150.9,11926.0,
2019-05-30,160.0,160.0,148.2,149.8,10935.0,
2019-05-31,156.9,156.9,151.0,152.7,17056.0,
2019-06-03,158.0,159.0,152.6,157.2,8205.0,
2019-06-04,156.5,158.05,155.3,156.75,6772.0,
2019-06-06,158.9,158.9,151.85,153.1,8040.0,
2019-06-07,152.05,156.8,148.5,152.75,4736.0,
2019-06-10,152.05,152.05,149.15,150.95,5951.0,
2019-06-11,151.25,153.35,150.0,152.0,4745.0,
2019-06-12,150.4,150.5,147.5,148.5,3239.0,
2019-06-13,150.9,150.9,141.1,145.85,5914.0,
2019-06-14,148.0,148.0,145.05,147.15,8475.0,
2019-06-17,144.1,150.0,141.25,149.05,3801.0,
2019-06-18,149.1,149.95,147.55,148.25,7156.0,
2019-06-19,147.1,150.0,146.1,147.75,3798.0,
2019-06-20,147.1,148.0,145.5,147.3,2092.0,
2019-06-21,146.8,151.7,146.8,149.3,3668.0,
2019-06-24,146.8,150.5,146.55,148.0,9706.0,
2019-06-25,146.8,149.95,146.05,149.2,4672.0,
2019-06-26,146.8,154.9,146.8,150.8,10040.0,
2019-06-27,146.8,153.9,146.8,150.4,6911.0,
2019-06-28,149.0,154.0,149.0,153.2,8536.0,
2019-07-01,151.1,158.25,151.1,154.85,5545.0,
2019-07-02,150.2,168.65,150.2,161.85,110190.0,
2019-07-03,166.0,169.0,162.6,165.05,67137.0,
2019-07-04,163.1,168.35,162.0,162.3,21278.0,
2019-07-05,162.0,163.6,153.3,155.25,10477.0,
2019-07-08,151.65,153.6,147.0,150.85,13824.0,
2019-07-09,148.1,151.0,144.8,150.25,16529.0,
2019-07-10,145.5,152.9,145.5,152.05,3400.0,
2019-07-11,150.1,152.65,146.5,147.9,6192.0,
2019-07-12,147.0,153.0,147.0,149.65,7791.0,
2019-07-15,148.0,153.35,148.0,152.5,6351.0,
2019-07-16,150.0,159.7,150.0,158.6,8457.0,
2019-07-17,159.0,160.0,156.15,158.05,14916.0,
2019-07-18,157.9,159.65,157.9,158.6,8660.0,
2019-07-19,162.0,162.0,152.5,152.65,10398.0,
2019-07-22,155.0,155.0,148.0,150.1,6847.0,
2019-07-23,148.1,150.55,148.0,148.2,8680.0,
2019-07-24,148.1,151.0,148.1,149.95,9765.0,
2019-07-25,148.1,151.15,143.3,148.7,27507.0,
2019-07-26,147.8,148.55,146.1,147.0,4586.0,
2019-07-29,143.0,149.35,141.25,146.4,12253.0,
2019-07-30,143.8,148.05,143.3,144.8,6851.0,
2019-07-31,143.8,148.8,142.1,146.85,10201.0,
2019-08-01,146.1,152.7,143.15,144.0,9925.0,
2019-08-02,143.1,150.0,143.1,147.85,6128.0,
2019-08-05,144.1,144.15,135.0,136.45,21323.0,
2019-08-06,135.1,142.7,135.1,140.2,5986.0,
2019-08-07,141.05,142.0,136.55,137.0,5039.0,
2019-08-08,137.15,139.1,137.1,137.95,2291.0,
2019-08-09,138.95,141.95,137.0,137.1,11149.0,
2019-08-13,139.9,140.0,133.75,134.65,6954.0,
2019-08-14,135.0,139.0,133.5,134.45,38533.0,
2019-08-16,134.0,135.0,129.3,129.85,24078.0,
2019-08-19,130.1,132.95,130.0,130.1,20757.0,
2019-08-20,128.1,132.95,128.1,130.2,4958.0,
2019-08-21,131.05,131.05,129.9,130.0,37493.0,
2019-08-22,131.05,131.05,128.95,130.3,7075.0,
2019-08-23,131.05,136.7,129.95,131.05,7772.0,72.43
2019-09-30,146.8,153.9,146.8,150.4,6911.0,82.13
2019-10-01,150.9,150.9,148.1,149.85,26057.0,96.29
2019-10-02,150.9,150.9,148.1,149.85,26057.0,96.29
2019-10-03,148.25,153.25,147.75,149.6,5807.0,80.11
2019-10-04,150.0,152.4,148.0,149.6,7168.0,66.67
2019-10-07,149.45,150.45,147.15,148.7,53543.0,68.07
2019-10-08,149.45,150.45,147.15,148.7,53543.0,68.07
2019-10-09,149.9,150.0,143.0,146.3,24179.0,74.47
2019-10-10,146.05,149.7,143.7,146.6,11179.0,63.59
2019-10-11,146.05,147.95,144.1,145.8,5349.0,71.3
2019-10-14,145.1,149.0,145.1,147.9,4704.0,71.05
2019-10-15,148.05,148.05,144.1,145.5,9735.0,64.33
2019-10-16,147.7,147.75,145.55,146.95,1957.0,80.89
2019-10-17,146.15,147.15,146.1,147.0,3568.0,90.47
2019-10-18,147.05,147.6,145.3,146.15,7256.0,93.16
2019-10-21,147.05,147.6,145.3,146.15,7256.0,93.16
2019-10-22,146.15,147.85,140.25,144.55,21911.0,73.81
2019-10-23,146.1,146.1,143.25,144.9,5615.0,66.23
2019-10-24,146.0,149.0,142.7,146.7,6091.0,55.52
2019-10-25,146.65,148.35,143.15,144.2,7032.0,69.2
2019-10-28,145.1,146.75,143.5,145.15,4499.0,79.22
2019-10-29,145.25,145.5,143.6,144.5,3589.0,61.69
2019-10-30,145.15,148.3,139.15,144.25,9722.0,35.49
2019-10-31,145.65,145.85,144.5,145.1,4219.0,70.37
2019-11-01,145.9,148.8,144.25,147.2,3151.0,88.58
2019-11-04,147.15,147.15,145.2,145.2,6684.0,80.91
2019-11-05,146.4,148.0,142.5,144.2,13697.0,89.22
2019-11-06,146.05,149.0,145.5,147.55,5423.0,91.39
2019-11-07,148.0,159.0,145.0,146.8,14838.0,73.86
2019-11-08,146.15,147.8,144.1,145.95,8183.0,83.1
2019-11-11,146.0,146.05,144.0,145.0,9155.0,66.29
2019-11-12,146.0,146.05,144.0,145.0,9155.0,66.29
2019-11-13,145.0,146.9,144.1,145.6,3935.0,60.56
2019-11-14,147.9,160.1,147.65,151.2,22397.0,48.48
2019-11-15,155.0,155.0,145.3,149.45,61857.0,90.42
2019-11-18,148.85,151.7,146.6,146.75,4626.0,73.04
2019-11-19,146.15,149.6,142.3,146.5,8214.0,71.78
2019-11-20,147.0,147.6,146.9,146.9,1723.0,96.52
2019-11-21,147.15,149.95,145.15,147.4,82530.0,95.17
2019-11-22,147.6,149.9,146.0,148.1,59154.0,94.66
2019-11-25,147.05,148.0,143.1,145.0,5540.0,41.08
2019-11-26,144.2,149.9,143.8,144.25,15185.0,81.32
2019-11-27,144.25,146.35,141.45,142.8,4494.0,68.25
2019-11-28,150.0,150.0,138.0,139.3,9659.0,55.14
2019-11-29,144.0,144.0,136.65,138.45,3775.0,69.32
2019-12-02,141.3,141.75,135.0,135.0,18402.0,69.78
2019-12-03,135.1,137.5,135.0,135.2,2958.0,82.93
2019-12-04,135.3,139.55,135.1,136.7,5043.0,73.05
2019-12-05,139.7,139.7,135.3,136.1,2300.0,38.83
2019-12-06,137.05,137.95,135.1,135.2,932.0,55.79
2019-12-09,135.15,138.65,135.05,137.4,3591.0,67.14
2019-12-10,138.8,138.85,135.5,135.55,6222.0,80.55
2019-12-11,137.4,137.55,135.5,135.55,1470.0,75.1
2019-12-12,135.75,137.85,135.5,135.65,3587.0,72.73
2019-12-13,135.5,137.85,135.0,135.0,16472.0,82.37
2019-12-16,136.0,137.25,135.5,136.9,4622.0,91.13
2019-12-17,136.15,137.95,135.0,135.5,8898.0,61.68
2019-12-18,135.55,136.45,135.0,135.15,5832.0,77.23
2019-12-19,136.05,138.8,135.0,135.3,2601.0,70.7
2019-12-20,136.05,137.9,135.15,136.0,3352.0,62.95
2019-12-23,138.85,138.9,135.0,135.2,2263.0,77.2
2019-12-24,135.45,137.5,135.05,135.25,1035.0,74.88
2019-12-25,135.45,137.5,135.05,135.25,1035.0,74.88
2019-12-26,135.4,137.0,135.0,135.8,3933.0,45.94
2019-12-27,135.5,138.9,135.45,137.3,4354.0,73.36
2019-12-30,138.05,147.0,137.0,144.15,15053.0,98.01
2019-12-31,144.3,144.95,138.0,138.05,3073.0,76.93
2020-01-01,139.9,139.95,137.1,137.8,1034.0,65.47
2020-01-02,137.75,148.7,137.75,143.2,8277.0,67.94
2020-01-03,142.0,144.0,136.6,137.75,6916.0,60.69
2020-01-06,137.05,137.85,135.1,136.85,10126.0,61.64
2020-01-07,138.35,139.35,135.35,135.95,5369.0,50.49
2020-01-08,137.85,138.0,137.05,137.75,1225.0,93.31
2020-01-09,137.05,140.8,136.15,136.4,3279.0,88.72
2020-01-10,136.4,138.2,135.2,135.45,6886.0,80.16
2020-01-13,137.45,137.55,136.0,136.35,7455.0,77.65
2020-01-14,136.0,137.0,135.0,136.95,13910.0,72.23
2020-01-15,136.3,143.8,136.25,141.6,6906.0,87.68
2020-01-16,144.4,144.4,138.1,139.35,2713.0,74.79
2020-01-17,140.15,147.25,139.3,145.55,6829.0,69.28
2020-01-20,146.25,148.95,140.2,147.0,13911.0,84.46
2020-01-21,143.1,146.95,143.1,145.0,5196.0,86.43
2020-01-22,145.05,147.8,142.2,145.75,7613.0,55.43
2020-01-23,146.15,146.15,142.15,142.55,2516.0,53.02
2020-01-24,142.5,142.8,139.0,140.7,3561.0,57.32
2020-01-27,143.0,143.0,137.4,137.85,6610.0,89.98
2020-01-28,141.95,142.0,135.0,135.45,4199.0,66.16
2020-01-29,135.2,138.5,135.15,136.3,4648.0,60.78
2020-01-30,135.8,139.1,135.5,137.5,1623.0,88.72
2020-01-31,139.95,140.0,136.0,136.25,7445.0,91.3
2020-02-03,135.1,136.75,130.05,131.2,4545.0,65.26
2020-02-04,132.45,134.9,128.0,128.2,40794.0,86.14
2020-02-05,131.4,133.55,128.0,130.65,42206.0,50.43
2020-02-06,130.95,133.0,128.35,130.6,6189.0,70.63
2020-02-07,141.25,156.7,137.6,156.7,964004.0,22.01
2020-02-10,161.0,172.0,147.4,168.55,548970.0,27.13
2020-02-11,168.0,190.0,165.5,172.55,506923.0,25.0
2020-02-12,172.75,181.0,168.1,178.35,88308.0,45.21
2020-02-13,172.9,180.0,168.0,178.15,59385.0,54.46
2020-02-14,175.1,179.75,170.5,172.8,20106.0,44.34
2020-02-17,170.05,173.05,167.0,168.1,33058.0,77.91
2020-02-18,167.0,171.1,166.1,168.45,14017.0,73.91
2020-02-19,167.0,175.0,167.0,168.65,13328.0,64.04
2020-02-20,168.65,170.9,167.0,167.2,16693.0,76.17
2020-02-21,168.65,170.9,167.0,167.2,16693.0,76.17
2020-02-24,167.05,175.6,164.55,169.95,38677.0,93.99
2020-02-25,169.0,172.0,167.45,171.1,12079.0,58.37
2020-02-26,167.7,170.7,167.0,167.15,8985.0,82.6
2020-02-27,168.05,171.8,167.0,170.05,6970.0,71.62
2020-02-28,168.0,170.5,166.2,167.7,27039.0,91.86
2020-03-02,167.75,169.8,155.1,159.15,18406.0,80.72
2020-03-03,155.2,161.9,155.1,156.7,12488.0,86.91
2020-03-04,157.95,159.7,148.85,150.4,14004.0,76.6
2020-03-05,154.75,169.2,154.0,161.9,38357.0,58.78
2020-03-06,150.0,167.35,142.6,157.75,18317.0,46.28
2020-03-09,155.0,155.0,143.0,145.05,20160.0,66.16
2020-03-10,155.0,155.0,143.0,145.05,20160.0,66.16
2020-03-11,147.95,155.0,144.5,147.8,8514.0,45.23
2020-03-12,143.1,143.15,129.95,135.9,28145.0,67.23
2020-03-13,126.05,139.8,110.0,132.3,27287.0,58.61
2020-03-16,130.0,130.0,116.0,118.6,35069.0,65.1
2020-03-17,120.05,120.15,107.3,109.85,26773.0,78.46
2020-03-18,110.05,118.15,103.05,114.15,27541.0,62.88
2020-03-19,115.15,117.2,95.55,97.1,95292.0,74.54
2020-03-20,99.95,101.7,92.6,96.55,26746.0,78.56
2020-03-23,82.1,98.7,77.25,85.65,24827.0,48.91
2020-03-24,87.1,87.1,79.0,79.7,9007.0,67.29
2020-03-25,76.15,82.35,71.75,79.55,21802.0,64.1
2020-03-26,79.4,85.5,74.0,77.5,42122.0,87.18
2020-03-27,84.0,84.0,70.0,77.0,25462.0,69.59
2020-03-30,75.0,81.75,70.25,77.45,10892.0,73.54
2020-03-31,76.0,85.0,75.35,84.85,6629.0,79.33
2020-04-01,81.55,91.8,81.55,88.2,2011.0,57.14
2020-04-02,81.55,91.8,81.55,88.2,2011.0,57.14
2020-04-03,92.0,96.0,84.0,85.55,7423.0,53.23
2020-04-06,92.0,96.0,84.0,85.55,7423.0,53.23
2020-04-07,92.5,92.5,81.05,84.4,9761.0,68.85
2020-04-08,83.25,89.85,83.25,89.0,20299.0,87.37
2020-04-09,96.0,96.0,87.5,88.3,8157.0,88.23
2020-04-10,96.0,96.0,87.5,88.3,8157.0,88.23
2020-04-13,87.25,87.25,81.2,83.25,24012.0,83.36
2020-04-15,80.2,84.0,80.2,82.05,37561.0,80.05
2020-04-16,87.0,88.0,81.05,85.65,7841.0,75.31
2020-04-17,88.55,88.55,86.25,87.8,18771.0,56.77
2020-04-20,89.0,94.5,87.9,92.3,10909.0,58.86
2020-04-21,90.05,92.0,88.95,91.45,8877.0,83.63
2020-04-22,88.7,91.0,88.15,90.6,2831.0,84.56
2020-04-23,90.95,94.0,89.9,90.25,5220.0,89.9
2020-04-24,93.9,95.8,90.35,93.0,19485.0,81.77
2020-04-27,92.95,94.75,88.25,89.5,46655.0,93.78
2020-04-28,90.15,90.15,85.7,89.05,9598.0,59.85
2020-04-29,87.25,93.05,87.25,91.45,3822.0,76.66
2020-04-30,92.0,96.0,88.15,90.6,17515.0,75.6
2020-05-01,92.0,96.0,88.15,90.6,17515.0,75.6
2020-05-04,87.1,89.85,85.2,86.9,3265.0,67.26
2020-05-05,86.0,90.05,85.05,85.7,2039.0,49.98
2020-05-06,88.0,88.0,85.0,85.95,1231.0,36.23
2020-05-07,85.5,87.5,83.6,84.75,4489.0,33.48
2020-05-08,85.45,87.0,82.9,84.0,9514.0,70.6
2020-05-11,86.55,86.55,82.0,83.1,12506.0,54.77
2020-05-12,82.25,84.8,79.9,82.1,5273.0,62.72
2020-05-13,85.85,85.9,81.0,83.3,3616.0,58.93
2020-05-14,83.15,83.9,80.6,81.4,3379.0,52.47
2020-05-15,81.05,82.9,80.3,82.55,5294.0,12.22
2020-05-18,82.0,82.0,75.05,78.05,14363.0,80.57
2020-05-19,79.1,81.85,78.1,80.7,20600.0,45.27
2020-05-20,80.0,82.75,77.95,82.1,6746.0,72.21
2020-05-21,80.0,84.75,80.0,82.5,2058.0,63.9
2020-05-22,82.5,83.9,78.0,79.9,6383.0,55.95
2020-05-25,82.5,83.9,78.0,79.9,6383.0,55.95
2020-05-26,79.9,81.9,77.25,79.15,6872.0,54.53
2020-05-27,81.5,87.05,78.0,84.6,15321.0,62.05
2020-05-28,89.7,91.9,86.35,89.85,7368.0,59.08
2020-05-29,92.95,92.95,83.0,85.55,10390.0,49.93
2020-06-01,85.55,92.95,85.55,90.7,9032.0,64.81
2020-06-02,93.0,95.05,89.95,93.9,13722.0,65.92
2020-06-03,98.0,99.7,92.65,98.75,35388.0,43.03
2020-06-04,101.8,108.5,101.8,107.05,56462.0,57.94
2020-06-05,114.95,123.45,108.55,109.2,180968.0,46.4
2020-06-08,114.95,114.95,102.0,104.3,51396.0,67.12
2020-06-09,106.0,107.95,101.1,103.4,12077.0,63.99
2020-06-10,103.5,108.95,103.0,106.65,11414.0,56.36
2020-06-11,108.0,108.0,102.35,103.75,9156.0,35.61
2020-06-12,104.95,104.95,91.95,101.25,8470.0,62.08
2020-06-15,98.6,105.5,98.6,102.05,8235.0,65.17
2020-06-16,104.95,106.0,98.0,99.65,24139.0,52.99
2020-06-17,99.25,103.5,94.0,96.95,12707.0,65.43
2020-06-18,97.15,100.0,96.9,98.9,17534.0,72.84
2020-06-19,98.05,105.75,98.0,103.0,17224.0,71.87
2020-06-22,102.05,112.0,102.0,106.25,46869.0,54.64
2020-06-23,109.9,109.9,103.1,104.25,8260.0,82.64
2020-06-24,106.95,109.0,99.0,101.05,23065.0,58.67
2020-06-25,101.75,116.8,101.7,112.15,194138.0,38.51
2020-06-26,112.95,122.4,112.5,119.95,293834.0,32.82
2020-06-29,120.0,123.0,110.3,113.25,139647.0,67.46
2020-06-30,115.5,123.3,111.55,117.9,518368.0,36.59
2020-07-01,119.75,120.8,115.0,115.7,46753.0,60.58
2020-07-02,115.9,121.35,115.0,119.1,81837.0,62.6
2020-07-03,120.5,121.85,117.2,118.25,53785.0,56.93
2020-07-06,119.5,121.0,112.3,116.65,94957.0,51.61
2020-07-07,117.0,118.75,115.1,116.35,22604.0,69.85
2020-07-08,118.2,118.2,108.0,110.45,54542.0,67.89
2020-07-09,110.5,113.85,110.5,111.5,25594.0,67.91
2020-07-10,111.5,116.9,107.25,114.85,93997.0,43.83
2020-07-13,117.0,117.0,110.25,111.55,28117.0,65.44
2020-07-14,110.0,112.5,106.1,106.9,57188.0,57.88
2020-07-15,106.0,111.6,105.5,107.25,23333.0,72.08
2020-07-16,106.0,109.8,105.1,105.9,20679.0,64.54
2020-07-17,106.25,107.9,104.6,106.45,29933.0,71.75
2020-07-20,108.0,110.65,105.25,108.45,48647.0,43.56
2020-07-21,108.6,108.6,106.1,106.6,17135.0,63.83
2020-07-22,107.85,107.85,104.0,104.65,21910.0,61.4
2020-07-23,106.0,107.0,104.1,105.0,27204.0,75.9
2020-07-24,104.1,105.25,102.3,104.0,26735.0,47.75
2020-07-27,104.0,105.8,100.05,101.4,14879.0,61.2
2020-07-28,100.35,102.9,100.2,101.1,14222.0,78.16
2020-07-29,102.45,102.55,100.1,100.7,29427.0,61.46
2020-07-30,100.65,102.6,99.65,100.8,21654.0,70.37
2020-07-31,99.1,101.7,98.2,99.65,24570.0,68.4
2020-08-03,102.0,102.0,97.55,97.85,54302.0,74.01
2020-08-04,101.7,102.8,99.9,102.05,23422.0,77.96
2020-08-05,103.75,103.75,102.05,102.75,6440.0,67.72
2020-08-06,102.0,104.9,102.0,103.35,23941.0,41.16
2020-08-07,103.0,114.4,98.2,111.05,109454.0,64.18
2020-08-10,113.0,116.7,111.35,113.75,46324.0,81.51
2020-08-11,113.85,114.0,111.15,113.1,20908.0,71.39
2020-08-12,113.15,117.95,111.0,115.55,36642.0,55.56
2020-08-13,116.5,120.5,115.1,119.85,63497.0,79.78
2020-08-14,119.85,119.9,115.45,116.65,17442.0,68.95
2020-08-17,117.55,119.0,115.0,116.15,14663.0,80.06
2020-08-18,116.2,119.95,116.15,117.8,14604.0,74.3
2020-08-19,117.95,120.95,116.6,119.3,20358.0,79.1
2020-08-20,119.3,131.35,119.1,126.8,101747.0,60.09
2020-08-21,127.95,133.4,123.5,128.05,81423.0,49.82
2020-08-24,129.75,132.0,125.65,130.15,32748.0,59.11
2020-08-25,132.4,134.9,124.15,125.45,49220.0,67.88
2020-08-26,125.5,137.0,125.45,129.7,117875.0,43.61
2020-08-27,130.85,130.85,125.3,127.0,14200.0,60.61
2020-08-28,127.0,129.5,123.5,124.55,11950.0,54.23
2020-08-31,125.1,128.3,119.0,119.05,41661.0,79.37
2020-09-01,123.95,124.0,119.0,119.4,13857.0,74.24
2020-09-02,119.55,122.8,119.0,121.15,5692.0,32.41
2020-09-03,120.05,120.95,116.4,117.45,16018.0,73.14
2020-09-04,116.0,119.9,113.1,114.45,26770.0,34.07
2020-09-07,113.15,121.0,112.1,117.5,26513.0,70.95
2020-09-08,119.0,119.0,113.25,113.9,16270.0,34.57
2020-09-09,113.0,121.0,111.0,118.7,13769.0,50.14
2020-09-10,118.7,119.95,116.3,117.2,2008.0,59.71
2020-09-11,117.0,134.1,116.0,119.95,38230.0,32.92
2020-09-14,122.1,123.95,112.2,113.7,55336.0,53.1
2020-09-15,118.7,118.7,113.05,114.2,16151.0,44.64
2020-09-16,114.65,117.0,113.0,113.8,15123.0,33.35
2020-09-17,112.15,115.35,111.8,112.55,18712.0,29.16
2020-09-18,113.65,115.0,113.0,113.7,11785.0,47.23
2020-09-21,113.7,120.0,109.05,110.9,13798.0,60.13
2020-09-22,106.3,117.8,106.3,113.15,17409.0,77.13
2020-09-23,114.65,115.95,111.0,112.1,4305.0,59.19
2020-09-24,109.05,111.8,108.15,109.7,2308.0,69.28
2020-09-25,111.75,118.85,110.2,112.3,5355.0,70.36
2020-09-28,112.45,115.8,109.95,111.25,15044.0,48.55
2020-09-29,112.6,112.65,110.1,110.75,5451.0,74.26
2020-09-30,111.65,114.25,110.65,113.0,9569.0,60.95
2020-10-01,114.3,114.3,110.05,111.2,2283.0,52.3
2020-10-02,114.3,114.3,110.05,111.2,2283.0,52.3
2020-10-05,110.05,114.6,110.05,111.55,9350.0,74.89
2020-10-06,112.9,115.9,112.05,113.1,3771.0,62.8
2020-10-07,113.1,120.0,111.55,113.9,61517.0,21.37
2020-10-08,118.9,118.95,111.3,112.45,23849.0,70.14
2020-10-09,114.05,114.05,111.4,112.65,1618.0,51.17
2020-10-12,113.8,116.0,111.0,114.75,45498.0,91.85
2020-10-13,113.0,115.0,111.4,113.9,27606.0,55.75
2020-10-14,113.0,114.5,110.35,114.25,34074.0,76.84
2020-10-15,113.05,115.05,108.05,110.2,101118.0,87.25
2020-10-16,113.85,113.85,107.0,107.75,8896.0,67.25
2020-10-19,108.45,113.75,108.0,108.2,20263.0,60.24
2020-10-20,108.25,112.9,108.0,108.65,7902.0,62.14
2020-10-21,108.75,112.0,108.45,111.05,7778.0,63.82
2020-10-22,110.05,110.05,108.5,109.0,7891.0,78.67
2020-10-23,115.5,115.5,108.5,109.9,16828.0,90.41
2020-10-26,109.05,109.75,108.25,108.7,5875.0,74.86
2020-10-27,108.45,110.1,108.45,108.55,18284.0,92.27
2020-10-28,108.55,114.0,107.4,108.9,32472.0,50.02
2020-10-29,108.0,110.5,102.35,105.25,14376.0,66.24
2020-10-30,106.05,108.9,102.95,103.65,25051.0,77.66
2020-11-02,104.95,108.0,101.55,107.05,8751.0,59.2
2020-11-03,108.0,108.0,103.5,103.55,4258.0,71.63
2020-11-04,104.95,107.0,104.0,105.4,4073.0,70.27
2020-11-05,106.95,111.0,104.7,110.5,21522.0,74.34
2020-11-06,109.9,110.05,108.35,109.35,16347.0,82.69
2020-11-09,110.5,119.0,108.15,109.9,20928.0,84.03
2020-11-10,109.15,117.0,102.9,110.0,28616.0,73.02
2020-11-11,124.0,129.5,110.05,112.45,308960.0,44.49
2020-11-12,115.5,115.5,111.0,111.95,52806.0,78.07
2020-11-13,112.95,114.25,111.0,113.9,150911.0,91.4
2020-11-16,115.25,118.0,113.3,114.95,20386.0,79.31
2020-11-17,116.0,120.0,113.1,119.45,303740.0,57.58
2020-11-18,121.25,129.0,119.65,127.85,160374.0,63.57
2020-11-19,129.7,141.4,125.15,130.95,585515.0,31.16
2020-11-20,132.9,142.7,128.75,141.3,1320130.0,31.76
2020-11-23,142.45,142.45,134.6,137.8,240892.0,48.19
2020-11-24,138.9,138.9,128.9,129.95,290881.0,66.61
2020-11-25,131.55,133.7,122.9,124.45,160756.0,53.81
2020-11-26,124.45,126.35,121.25,124.8,83001.0,64.61
2020-11-27,126.0,129.45,124.0,125.9,76705.0,56.12
2020-11-30,126.0,129.45,124.0,125.9,76705.0,56.12
2020-12-01,129.25,129.25,124.0,127.25,45316.0,77.13
2020-12-02,125.85,128.95,125.15,126.1,54806.0,74.77
2020-12-03,126.85,127.75,125.5,126.25,47015.0,71.49
2020-12-04,127.5,132.25,126.35,130.85,103929.0,67.35
2020-12-07,132.4,132.85,127.0,127.8,58040.0,74.7
2020-12-08,129.85,133.0,126.55,130.15,100776.0,47.19
2020-12-09,130.15,133.95,128.75,133.4,137101.0,49.37
2020-12-10,134.95,135.9,128.55,129.6,70854.0,48.58
2020-12-11,129.65,133.0,129.0,129.6,29842.0,57.75
2020-12-14,130.5,132.9,128.6,129.55,35837.0,71.37
2020-12-15,130.6,130.75,126.25,128.45,123258.0,76.26
2020-12-16,130.8,132.55,128.0,129.35,109008.0,72.61
2020-12-17,129.4,130.8,127.45,128.4,47942.0,61.62
2020-12-18,128.3,129.75,124.2,125.05,348423.0,91.86
2020-12-21,126.0,132.0,122.0,124.15,381495.0,55.84
2020-12-22,124.0,125.95,118.85,122.4,46353.0,57.37
2020-12-23,122.85,130.0,122.3,128.1,87327.0,54.82
2020-12-24,129.8,134.7,128.25,133.4,132675.0,71.45
2020-12-25,129.8,134.7,128.25,133.4,132675.0,71.45
2020-12-28,137.05,152.7,137.0,148.45,797055.0,48.33
2020-12-29,152.7,155.15,146.65,150.85,403339.0,55.45
2020-12-30,151.8,154.2,146.5,152.7,205942.0,57.26
2020-12-31,150.15,157.5,150.15,152.45,186657.0,56.69
2021-01-01,152.5,154.35,150.3,152.8,66565.0,46.33
2021-01-04,153.5,155.0,144.3,146.75,97958.0,61.5
2021-01-05,146.75,147.8,139.0,142.0,137440.0,48.45
2021-01-06,140.4,144.05,137.0,139.45,53430.0,57.5
2021-01-07,142.5,145.0,140.1,143.5,50268.0,66.43
2021-01-08,145.4,149.8,143.7,146.65,92980.0,61.53
2021-01-11,146.7,147.9,142.0,142.9,70976.0,53.34
2021-01-12,144.7,144.7,140.05,141.6,41445.0,57.96
2021-01-13,145.9,145.9,139.05,141.95,39818.0,53.06
2021-01-14,141.0,145.25,140.2,141.6,45692.0,45.61
2021-01-15,143.05,143.05,139.15,140.35,26868.0,54.67
2021-01-18,140.35,142.45,138.2,139.35,32251.0,68.89
2021-01-19,139.7,146.0,139.6,145.2,46521.0,58.91
2021-01-20,144.3,145.15,141.6,142.2,24632.0,68.89
2021-01-21,143.0,144.5,140.05,141.25,22095.0,65.97
2021-01-22,141.25,144.0,137.25,138.5,35097.0,37.21
2021-01-25,142.45,144.0,131.75,135.1,50529.0,58.61
2021-01-26,142.45,144.0,131.75,135.1,50529.0,58.61
2021-01-27,138.0,138.0,130.1,132.55,17849.0,59.78
2021-01-28,130.1,133.9,129.3,129.95,43612.0,77.63
2021-01-29,132.9,134.0,128.5,129.95,18064.0,62.08
2021-02-01,130.65,134.6,129.7,133.95,28059.0,75.14
2021-02-02,134.9,145.15,133.0,142.55,83577.0,72.06
2021-02-03,144.95,146.95,142.75,145.4,72520.0,75.18
2021-02-04,148.0,159.0,142.2,151.95,606666.0,41.9
2021-02-05,155.9,159.9,152.0,156.35,300625.0,59.65
2021-02-08,158.0,160.0,152.9,153.9,128397.0,69.07
2021-02-09,152.4,155.05,151.05,152.4,81025.0,62.57
2021-02-10,155.3,160.9,151.45,157.95,217719.0,75.29
2021-02-11,160.5,160.5,155.45,157.75,43515.0,56.39
2021-02-12,159.2,160.8,155.45,157.7,84534.0,71.12
2021-02-15,159.0,167.85,159.0,163.85,183866.0,67.0
2021-02-16,165.6,165.6,157.35,158.25,66073.0,59.87
2021-02-17,161.35,161.4,157.65,159.9,54582.0,65.26
2021-02-18,157.0,161.7,157.0,159.95,49392.0,71.17
2021-02-19,160.45,171.9,158.95,163.4,185086.0,47.46
2021-02-22,164.95,166.45,157.0,157.55,48164.0,65.35
2021-02-23,161.0,161.3,155.05,157.4,35355.0,64.49
2021-02-24,155.5,165.0,154.0,159.45,22635.0,68.4
2021-02-25,160.1,161.2,155.1,158.3,32192.0,64.08
2021-02-26,158.3,158.95,152.55,153.95,28914.0,58.37
2021-03-01,157.0,162.8,153.75,156.7,143480.0,82.01
2021-03-02,158.4,161.35,156.5,157.75,31024.0,70.1
2021-03-03,157.0,161.0,155.0,159.5,63653.0,72.18
2021-03-04,160.0,165.4,158.05,159.65,70420.0,55.55
2021-03-05,160.2,163.0,156.2,157.55,41670.0,39.19
2021-03-08,161.1,161.95,155.1,155.95,35158.0,46.49
2021-03-09,158.9,160.0,156.5,159.0,16474.0,57.77
2021-03-10,161.8,161.8,158.0,158.7,12704.0,78.55
2021-03-11,161.8,161.8,158.0,158.7,12704.0,78.55
2021-03-12,159.4,159.95,155.0,156.45,25270.0,69.26
2021-03-15,156.2,158.3,128.3,142.55,62747.0,68.61
2021-03-16,147.05,156.6,145.95,149.75,103181.0,56.55
2021-03-17,150.85,152.45,146.0,147.05,34320.0,79.4
2021-03-18,150.05,152.5,141.75,143.15,44978.0,49.47
2021-03-19,141.5,148.0,140.0,144.95,26027.0,71.26
2021-03-22,145.5,150.0,140.75,145.05,31847.0,46.89
2021-03-23,149.05,155.0,145.0,153.2,34632.0,40.64
2021-03-24,152.0,153.4,147.0,148.0,29306.0,72.79
2021-03-25,148.45,151.0,141.8,143.15,64385.0,70.9
2021-03-26,144.1,152.0,144.1,151.2,51514.0,78.39
2021-03-29,144.1,152.0,144.1,151.2,51514.0,78.39
2021-03-30,154.0,154.0,148.0,150.6,14213.0,71.25
2021-03-31,152.8,152.8,147.2,148.2,27045.0,59.6
2021-04-01,155.2,158.0,152.55,155.45,35027.0,71.17
2021-04-02,155.2,158.0,152.55,155.45,35027.0,71.17
2021-04-05,157.95,158.0,151.35,152.8,12346.0,69.61
2021-04-06,157.0,157.0,152.3,156.0,12842.0,77.22
2021-04-07,157.0,157.0,155.0,155.1,23846.0,76.19
2021-04-08,155.45,162.1,155.0,158.1,85470.0,64.81
2021-04-09,159.7,163.75,156.85,159.35,49296.0,73.2
2021-04-12,159.95,159.95,150.05,153.8,55006.0,65.96
2021-04-13,153.9,155.0,151.4,154.3,9785.0,55.21
2021-04-14,153.9,155.0,151.4,154.3,9785.0,55.21
2021-04-15,150.1,153.45,148.5,150.05,26507.0,57.31
2021-04-16,150.0,154.05,148.0,150.3,32735.0,73.72
2021-04-19,150.3,152.5,121.0,148.25,34350.0,56.79
2021-04-20,159.0,159.0,151.25,153.05,62301.0,68.84
2021-04-21,159.0,159.0,151.25,153.05,62301.0,68.84
2021-04-22,153.0,156.95,151.25,154.6,28179.0,53.64
2021-04-23,152.5,159.7,152.5,156.85,17361.0,66.17
2021-04-26,155.05,162.0,154.55,160.7,38383.0,82.81
2021-04-27,161.95,167.4,157.9,162.25,90907.0,52.04
2021-04-28,163.45,164.9,160.2,162.45,26670.0,70.91
2021-04-29,164.85,169.3,160.55,161.65,39378.0,41.08
2021-04-30,161.0,163.9,159.1,159.95,26097.0,74.72
2021-05-03,158.95,176.0,155.6,171.65,126463.0,51.24
2021-05-04,175.3,180.0,172.75,174.0,96926.0,57.62
2021-05-05,174.15,188.3,174.15,186.1,128020.0,56.02
2021-05-06,187.9,197.7,182.4,194.55,137835.0,49.21
2021-05-07,195.5,195.5,190.45,191.8,58427.0,62.7
2021-05-10,196.95,202.5,188.1,198.6,87658.0,66.43
2021-05-11,201.6,234.0,198.65,216.3,1411236.0,17.77
2021-05-12,218.7,220.85,202.65,204.45,131670.0,48.33
2021-05-13,218.7,220.85,202.65,204.45,131670.0,48.33
2021-05-14,204.45,217.0,204.45,215.7,78972.0,59.31
2021-05-17,220.4,224.5,216.0,220.55,63622.0,69.61
2021-05-18,224.6,232.0,214.0,229.7,251227.0,44.41
2021-05-19,231.9,234.0,218.0,220.4,105937.0,56.28
2021-05-20,209.3,212.0,193.95,196.7,281773.0,53.71
2021-05-21,199.95,200.0,185.05,187.3,177398.0,63.69
2021-05-24,189.0,196.0,185.0,190.05,71458.0,63.41
2021-05-25,195.0,199.6,190.1,196.35,86401.0,74.76
2021-05-26,198.8,209.0,196.35,206.45,301971.0,38.65
2021-05-27,209.0,211.0,200.0,202.2,75646.0,67.46
2021-05-28,202.05,205.2,192.0,193.75,59293.0,74.02
2021-05-31,198.0,198.0,194.0,196.1,17373.0,64.82
2021-06-01,198.95,200.0,187.2,190.9,42227.0,71.53
2021-06-02,194.8,196.7,189.95,195.5,21873.0,72.13
2021-06-03,195.0,198.7,195.0,195.85,15847.0,65.09
2021-06-04,198.65,198.9,193.6,198.1,36040.0,50.58
2021-06-07,204.95,215.0,202.55,205.15,224363.0,58.93
2021-06-08,206.0,213.0,205.95,208.0,157007.0,56.03
2021-06-09,209.8,209.8,196.9,200.65,126568.0,44.35
2021-06-10,204.9,211.35,201.05,207.45,68729.0,51.67
2021-06-11,208.85,211.05,202.2,204.0,132023.0,84.65
2021-06-14,204.05,208.0,201.0,205.05,71435.0,58.22
2021-06-15,207.0,207.25,201.0,202.6,36432.0,55.32
2021-06-16,204.05,206.8,201.0,204.05,36699.0,44.93
2021-06-17,204.9,209.7,202.0,202.55,60505.0,41.18
2021-06-18,205.0,208.05,194.45,200.75,55590.0,54.25
2021-06-21,196.3,200.0,195.55,196.85,36541.0,70.69
2021-06-22,203.0,205.0,194.0,199.6,41816.0,42.91
2021-06-23,202.3,204.5,194.1,197.45,38352.0,38.11
2021-06-24,200.4,201.0,192.9,193.7,28700.0,66.06
2021-06-25,194.05,196.5,192.4,194.5,31089.0,59.56
2021-06-28,194.5,197.45,192.0,192.8,27525.0,61.83
2021-06-29,191.05,196.0,186.45,190.85,83509.0,70.12
2021-06-30,194.0,194.0,181.6,184.55,144838.0,68.55
2021-07-01,186.45,188.65,181.5,184.6,55443.0,56.76
2021-07-02,187.9,190.0,181.1,187.35,43063.0,47.05
2021-07-05,187.5,199.0,181.0,195.05,97111.0,51.18
2021-07-06,194.0,200.0,191.0,195.0,66606.0,60.5
2021-07-07,197.0,215.0,195.15,212.75,381317.0,41.74
2021-07-08,213.05,214.8,198.4,204.15,267096.0,31.72
2021-07-09,201.2,206.75,198.5,202.65,79441.0,28.6
2021-07-12,204.7,205.0,196.0,199.3,130904.0,66.74
2021-07-13,200.0,215.3,195.1,199.35,539942.0,55.82
2021-07-14,201.0,209.0,200.0,206.95,123289.0,49.36
2021-07-15,208.3,213.5,207.0,208.5,115295.0,54.86
2021-07-16,209.9,219.0,208.05,211.55,276978.0,38.08
2021-07-19,211.0,211.35,201.4,203.2,94683.0,60.65
2021-07-20,203.2,204.8,194.65,199.0,71736.0,52.03
2021-07-21,203.2,204.8,194.65,199.0,71736.0,52.03
2021-07-22,201.0,202.9,199.0,199.8,29917.0,47.65
2021-07-23,199.05,205.4,199.05,200.6,42260.0,40.62
2021-07-26,204.6,204.6,195.0,196.35,58521.0,65.26
2021-07-27,195.3,202.2,195.05,197.0,43918.0,46.1
2021-07-28,199.85,199.85,189.45,196.8,102570.0,36.64
2021-07-29,197.0,200.0,193.1,196.2,25652.0,39.66
2021-07-30,199.95,201.95,191.9,192.95,126284.0,37.07
2021-08-02,195.05,198.6,195.05,196.9,35868.0,53.16
2021-08-03,198.4,198.4,193.05,193.8,45815.0,60.41
2021-08-04,196.75,197.0,192.8,194.35,31047.0,58.29
2021-08-05,195.7,199.95,189.65,197.95,69529.0,54.82
2021-08-06,199.85,200.0,193.0,193.75,25720.0,38.83
2021-08-09,194.4,197.7,190.0,190.3,34686.0,50.71
2021-08-10,195.7,195.7,181.5,185.7,53186.0,56.61
2021-08-11,192.5,192.5,176.05,183.4,58345.0,59.96
2021-08-12,190.0,199.0,183.0,187.1,146603.0,46.42
2021-08-13,186.2,224.5,186.2,224.5,747829.0,59.04
2021-08-16,237.0,264.25,237.0,257.25,1906837.0,29.05
2021-08-17,254.0,259.9,240.0,250.15,507141.0,28.8
2021-08-18,247.75,249.9,233.0,237.15,158874.0,49.88
2021-08-19,247.75,249.9,233.0,237.15,158874.0,49.88
2021-08-20,234.9,259.7,225.0,237.6,233684.0,34.57
2021-08-23,241.0,245.0,225.85,232.8,88030.0,50.11
2021-08-24,239.0,279.35,234.75,277.8,756759.0,48.19
2021-08-25,279.5,308.0,271.0,278.1,1199467.0,27.87
2021-08-26,273.2,294.85,269.05,284.9,311546.0,40.73
2021-08-27,286.1,298.5,270.5,274.45,168882.0,37.65
2021-08-30,283.5,294.15,277.35,282.8,164871.0,46.31
2021-08-31,285.0,294.9,275.0,277.25,84866.0,32.0
2021-09-01,285.0,294.9,281.05,292.15,255332.0,47.19
2021-09-02,298.5,350.55,293.3,350.55,1143254.0,29.54
2021-09-03,354.0,364.8,320.0,322.1,680464.0,39.27
2021-09-06,328.0,349.45,316.5,322.15,381274.0,31.81
2021-09-07,324.0,334.0,313.15,325.1,165959.0,40.73
2021-09-08,326.0,337.0,322.0,330.65,95164.0,49.95
2021-09-09,330.0,339.65,326.45,334.45,91430.0,46.19
2021-09-10,330.0,339.65,326.45,334.45,91430.0,46.19
2021-09-13,334.5,336.5,325.0,326.5,72261.0,61.97
2021-09-14,326.05,331.85,319.5,322.9,101367.0,51.87
2021-09-15,322.0,328.5,319.0,320.15,41733.0,58.41
2021-09-16,315.0,329.5,315.0,319.8,43204.0,51.36
2021-09-17,322.9,323.1,311.1,316.05,102484.0,79.82
2021-09-20,318.0,330.0,310.4,311.85,68688.0,56.3
2021-09-21,311.1,316.0,303.3,314.6,29424.0,43.74
2021-09-22,320.0,324.0,315.2,318.8,22489.0,59.13
2021-09-23,315.0,329.5,314.85,322.2,51811.0,58.33
2021-09-24,325.95,326.95,310.1,313.75,24297.0,64.28
2021-09-27,314.9,319.0,310.55,314.65,17788.0,62.67
2021-09-28,313.0,321.95,311.95,317.15,35946.0,75.95
2021-09-29,313.0,317.95,306.55,309.45,57062.0,55.66
2021-09-30,309.0,314.0,304.0,309.4,50689.0,50.01
2021-10-01,310.0,340.3,302.65,329.9,175165.0,49.67
2021-10-04,332.8,342.2,329.9,335.8,90033.0,58.8
2021-10-05,335.8,350.0,333.4,341.6,103315.0,54.23
2021-10-06,344.95,348.45,321.35,325.65,53935.0,53.02
2021-10-07,335.95,339.0,326.5,334.65,31970.0,60.58
2021-10-08,337.95,340.0,331.0,335.0,23773.0,62.24
2021-10-11,335.0,350.0,335.0,341.1,54913.0,45.83
2021-10-12,340.95,340.95,331.2,339.75,28520.0,47.98
2021-10-13,343.95,346.0,332.2,337.3,33140.0,52.83
2021-10-14,341.95,344.6,336.3,340.65,41445.0,57.5
2021-10-15,341.95,344.6,336.3,340.65,41445.0,57.5
2021-10-18,348.4,374.7,347.95,374.7,188319.0,53.45
2021-10-19,379.0,381.95,345.0,350.85,108481.0,55.24
2021-10-20,350.0,350.0,327.25,336.4,49492.0,53.71
2021-10-21,336.85,344.5,322.9,332.5,48921.0,47.53
2021-10-22,323.0,345.0,299.25,318.9,71911.0,49.7
2021-10-25,315.0,336.5,298.25,316.3,51194.0,49.09
2021-10-26,324.0,332.75,315.5,323.5,19679.0,55.47
2021-10-27,325.0,341.8,325.0,338.65,49133.0,59.33
2021-10-28,347.95,347.95,329.05,337.85,28335.0,64.5
2021-10-29,339.95,339.95,305.0,335.75,21015.0,56.08
2021-11-01,335.0,340.95,330.05,333.6,34301.0,59.85
2021-11-02,334.95,342.45,329.5,336.35,22139.0,61.61
2021-11-03,338.25,342.9,328.25,331.3,19552.0,54.62
2021-11-04,338.25,342.9,328.25,331.3,19552.0,54.62
2021-11-05,338.0,338.8,327.05,331.75,5406.0,51.55
2021-11-08,338.4,338.8,321.0,329.2,19027.0,51.86
2021-11-09,337.5,354.1,332.0,345.2,62733.0,54.16
2021-11-10,346.3,354.0,331.65,350.9,61972.0,56.48
2021-11-11,354.3,381.0,351.05,366.1,228163.0,59.34
2021-11-12,369.5,369.5,355.35,357.55,53045.0,68.69
2021-11-15,357.5,365.0,341.6,355.35,35500.0,60.46
2021-11-16,356.6,390.85,351.5,390.0,264273.0,59.01
2021-11-17,389.45,401.0,380.3,393.15,193557.0,51.13
2021-11-18,393.15,414.0,381.35,403.25,126968.0,49.93
2021-11-19,393.15,414.0,381.35,403.25,126968.0,49.93
2021-11-22,407.9,410.0,365.0,372.3,103129.0,58.35
2021-11-23,370.85,405.0,361.0,400.4,104820.0,54.61
2021-11-24,395.0,418.0,393.0,400.25,120444.0,48.49
2021-11-25,403.45,434.9,394.55,430.1,183610.0,56.02
2021-11-26,420.1,428.0,397.65,404.85,95740.0,48.22
2021-11-29,414.0,414.0,368.8,400.35,69659.0,52.1
2021-11-30,395.0,435.0,390.65,396.95,146461.0,82.6
2021-12-01,407.95,409.8,385.2,387.35,43495.0,57.56
2021-12-02,382.2,399.0,375.0,387.25,72496.0,52.93
2021-12-03,385.0,400.0,380.0,385.15,72080.0,57.23
2021-12-06,399.75,399.75,386.8,390.75,32291.0,52.88
2021-12-07,392.0,400.0,391.0,393.15,24877.0,56.95
2021-12-08,390.0,409.95,390.0,395.0,31985.0,52.76
2021-12-09,399.6,406.05,390.85,398.35,25160.0,66.72
2021-12-10,395.0,427.0,394.35,413.45,82941.0,42.39
2021-12-13,413.0,424.75,405.0,409.95,37755.0,56.1
2021-12-14,410.0,421.0,408.45,412.25,23232.0,61.01
2021-12-15,405.0,415.0,404.95,406.15,171598.0,95.16
2021-12-16,415.0,433.25,404.5,423.6,60482.0,55.87
2021-12-17,424.8,427.0,410.0,416.85,34013.0,50.35
2021-12-20,405.1,411.0,379.05,392.45,68934.0,62.73
2021-12-21,397.9,405.0,381.2,394.55,43884.0,61.32
2021-12-22,403.0,407.5,390.5,392.55,23717.0,40.37
2021-12-23,395.7,404.9,390.4,400.8,20669.0,47.03
2021-12-24,393.0,405.0,393.0,399.95,15017.0,60.38
2021-12-27,396.05,419.0,396.05,400.9,13533.0,40.02
2021-12-28,404.0,406.0,398.5,403.85,12068.0,55.57
2021-12-29,407.7,407.7,402.15,403.05,18129.0,69.21
2021-12-30,408.0,443.0,400.0,437.6,148986.0,44.94
2021-12-31,445.5,456.7,432.0,448.5,293444.0,71.98
2022-01-03,448.7,456.8,430.55,433.9,61352.0,57.23
2022-01-04,435.2,441.95,425.85,436.0,28502.0,48.07
2022-01-05,443.9,444.0,426.4,429.0,32002.0,48.18
2022-01-06,429.9,438.0,420.4,434.25,42435.0,65.57
2022-01-07,438.9,453.85,430.05,441.05,66785.0,68.23
2022-01-10,443.0,451.05,436.55,442.7,45485.0,49.95
2022-01-11,445.0,467.25,440.0,455.45,107727.0,59.52
2022-01-12,453.1,466.0,441.35,445.05,29275.0,65.77
2022-01-13,452.0,456.5,432.05,436.35,28807.0,56.37
2022-01-14,436.4,445.45,415.0,437.1,43667.0,56.31
2022-01-17,437.0,461.0,431.25,448.3,50162.0,61.93
2022-01-18,440.0,452.4,438.0,440.2,17370.0,61.43
2022-01-19,440.0,451.0,440.0,448.9,18992.0,65.79
2022-01-20,458.5,492.45,456.2,470.35,182607.0,54.61
2022-01-21,461.05,469.2,450.0,455.1,44760.0,61.04
2022-01-24,455.2,463.0,414.0,440.6,130978.0,69.22
2022-01-25,440.0,451.0,425.0,437.4,26080.0,59.15
2022-01-26,440.0,451.0,425.0,437.4,26080.0,59.15
2022-01-27,448.0,460.0,393.7,427.75,91782.0,37.51
2022-01-28,425.0,442.0,407.0,421.55,86094.0,58.19
2022-01-31,415.0,429.0,410.1,425.35,57125.0,81.45
2022-02-01,432.0,438.75,425.9,434.95,17431.0,57.32
2022-02-02,430.0,439.0,428.0,431.15,16989.0,50.62
2022-02-03,440.0,442.7,415.2,420.7,19268.0,61.39
2022-02-04,414.35,425.0,406.95,416.85,40562.0,69.41
2022-02-07,420.0,439.0,415.0,418.95,11836.0,53.95
2022-02-08,416.1,424.95,403.05,410.2,16358.0,52.25
2022-02-09,419.85,419.85,403.4,413.9,21452.0,53.68
2022-02-10,419.8,419.9,392.55,398.55,19400.0,44.79
2022-02-11,387.05,407.65,387.05,395.4,20674.0,57.76
2022-02-14,378.0,395.0,371.15,388.6,70805.0,85.22
2022-02-15,387.6,399.0,372.75,383.05,32013.0,42.99
2022-02-16,388.7,395.0,381.75,386.9,11190.0,52.57
2022-02-17,395.0,402.85,382.25,389.5,17048.0,42.3
2022-02-18,386.0,398.9,381.3,386.45,13243.0,44.77
2022-02-21,384.75,389.1,365.05,366.85,69689.0,88.96
2022-02-22,358.0,398.0,340.55,352.35,48535.0,62.95
2022-02-23,351.0,371.0,351.0,362.25,23063.0,72.33
2022-02-24,335.2,370.0,335.2,345.2,41399.0,58.69
2022-02-25,352.0,370.0,352.0,365.7,18252.0,46.31
2022-02-28,350.1,378.0,350.1,364.4,37152.0,50.38
2022-03-01,350.1,378.0,350.1,364.4,37152.0,50.38
2022-03-02,361.0,369.0,360.0,362.95,19210.0,56.26
2022-03-03,369.0,371.65,355.2,362.15,14878.0,59.81
2022-03-04,359.1,365.1,352.55,359.0,15560.0,49.54
2022-03-07,350.0,363.25,341.5,346.4,26863.0,60.48
2022-03-08,349.95,356.75,335.65,350.15,16682.0,54.65
2022-03-09,354.0,360.0,333.25,339.75,62527.0,58.95
2022-03-10,345.0,345.0,335.05,335.5,22264.0,59.82
2022-03-11,335.5,368.1,335.05,359.25,35263.0,50.34
2022-03-14,369.0,371.0,354.0,365.35,36747.0,54.25
2022-03-15,365.25,369.9,350.05,352.05,12712.0,53.15
2022-03-16,359.9,361.7,352.95,358.35,24776.0,46.11
2022-03-17,365.9,382.5,354.75,364.3,118954.0,62.19
2022-03-18,365.9,382.5,354.75,364.3,118954.0,62.19
2022-03-21,368.0,368.95,355.0,359.3,20955.0,56.5
2022-03-22,360.45,365.75,351.1,356.3,17269.0,54.12
2022-03-23,360.0,363.0,347.1,349.7,21584.0,58.96
2022-03-24,351.0,355.95,341.0,350.25,17740.0,50.64
2022-03-25,355.0,362.0,349.2,353.55,24016.0,55.49
2022-03-28,354.0,359.95,340.0,343.0,21978.0,56.19
2022-03-29,349.5,349.5,328.1,342.5,20410.0,59.03
2022-03-30,349.5,356.0,344.75,347.8,16009.0,78.56
2022-03-31,350.4,355.0,340.0,344.65,10559.0,56.99
2022-04-01,340.2,365.0,337.8,349.2,29919.0,52.28
2022-04-04,350.0,359.0,316.15,347.55,92438.0,48.0
2022-04-05,352.7,367.15,347.85,355.3,64688.0,58.42
2022-04-06,355.0,366.75,350.85,356.5,62882.0,60.35
2022-04-07,357.0,362.65,350.0,354.45,34477.0,54.0
2022-04-08,359.95,381.75,347.55,354.25,118629.0,52.84
2022-04-11,353.45,363.0,351.0,353.3,19699.0,64.22
2022-04-12,355.85,357.8,345.15,351.25,29602.0,48.31
2022-04-13,357.0,365.05,354.3,356.45,22917.0,60.82
2022-04-14,357.0,365.05,354.3,356.45,22917.0,60.82
2022-04-15,357.0,365.05,354.3,356.45,22917.0,60.82
2022-04-18,362.0,381.8,349.25,352.45,186497.0,32.65
2022-04-19,352.45,358.95,348.0,353.6,22546.0,57.27
2022-04-20,358.0,362.0,342.1,346.45,20668.0,66.47
2022-04-21,348.5,352.0,333.0,339.25,71418.0,57.48
2022-04-22,339.0,349.0,325.1,343.55,31012.0,62.86
2022-04-25,339.0,348.4,333.35,334.95,21519.0,73.24
2022-04-26,341.0,348.2,333.9,338.1,48536.0,74.08
2022-04-27,335.0,346.5,335.0,343.15,31647.0,75.43
2022-04-28,345.0,366.15,345.0,353.85,195362.0,53.8
2022-04-29,356.0,365.15,345.1,348.1,49242.0,51.32
2022-05-02,345.0,350.05,336.1,344.8,27041.0,59.62
2022-05-03,345.0,350.05,336.1,344.8,27041.0,59.62
2022-05-04,357.45,357.45,340.0,344.75,61403.0,64.26
2022-05-05,345.2,351.95,343.55,347.6,15143.0,75.18
2022-05-06,347.6,355.0,335.15,344.9,23321.0,48.85
2022-05-09,340.0,378.0,336.1,354.3,24804.0,63.42
2022-05-10,351.1,376.0,337.8,348.9,346726.0,30.63
2022-05-11,354.0,383.75,354.0,382.4,585864.0,47.17
2022-05-12,374.0,397.6,367.35,384.25,401142.0,31.63
2022-05-13,392.0,419.65,385.2,412.95,348104.0,38.74
2022-05-16,418.7,453.75,416.0,449.1,289443.0,43.77
2022-05-17,449.1,449.1,429.0,431.95,108197.0,36.22
2022-05-18,435.0,453.5,433.2,440.05,154351.0,46.38
2022-05-19,425.0,448.4,423.0,445.0,60654.0,62.02
2022-05-20,450.0,460.0,441.2,446.55,62458.0,43.18
2022-05-23,438.1,453.2,438.1,450.75,38893.0,59.7
2022-05-24,454.45,465.0,445.3,450.65,77112.0,48.56
2022-05-25,451.9,457.05,428.15,428.15,35600.0,70.28
2022-05-26,409.2,427.0,406.75,420.65,54160.0,60.31
2022-05-27,435.0,439.95,427.0,436.55,21061.0,54.5
2022-05-30,450.0,450.0,423.3,438.3,37839.0,43.88
2022-05-31,440.0,460.2,440.0,457.35,130651.0,65.45
2022-06-01,459.7,480.2,459.35,480.15,99200.0,74.27
2022-06-02,492.5,504.0,490.25,500.45,175578.0,55.57
2022-06-03,504.0,518.65,475.45,475.45,133618.0,44.28
2022-06-06,473.45,473.45,451.7,451.75,60334.0,54.72
2022-06-07,436.0,459.4,431.1,446.1,62071.0,41.11
2022-06-08,455.4,468.4,423.8,455.0,114844.0,47.81
2022-06-09,446.5,468.8,446.5,458.75,44505.0,35.66
2022-06-10,457.5,464.0,446.1,451.3,49156.0,49.86
2022-06-13,441.0,444.95,429.0,431.85,55760.0,63.91
2022-06-14,431.0,440.95,421.1,434.95,22173.0,50.78
2022-06-15,429.0,455.95,429.0,443.45,37639.0,61.86
2022-06-16,458.0,458.0,421.3,421.3,29106.0,67.56
2022-06-17,427.1,432.65,404.55,422.0,51961.0,53.8
2022-06-20,420.0,443.1,400.9,409.8,77148.0,43.03
2022-06-21,428.0,428.8,412.1,426.1,15296.0,46.58
2022-06-22,426.95,427.0,410.25,415.25,16430.0,56.05
2022-06-23,424.0,434.8,419.1,433.95,19474.0,55.22
2022-06-24,434.2,455.6,434.2,455.6,39090.0,63.22
2022-06-27,464.95,478.35,456.6,477.6,70250.0,70.51
2022-06-28,479.45,487.0,461.5,480.4,47560.0,57.29
2022-06-29,480.0,491.0,457.1,461.05,42451.0,51.73
2022-06-30,455.0,474.9,442.2,466.65,29402.0,41.06
2022-07-01,467.0,474.9,454.5,456.9,15334.0,51.9
2022-07-04,455.0,479.7,452.1,478.65,35374.0,73.2
2022-07-05,481.5,490.95,460.1,463.35,41666.0,60.16
2022-07-06,473.95,474.0,455.1,470.3,19150.0,42.64
2022-07-07,480.6,493.8,476.65,493.8,85032.0,76.16
2022-07-08,512.8,518.45,495.0,501.6,122790.0,61.72
2022-07-11,501.6,526.65,495.1,514.45,120606.0,56.06
2022-07-12,512.5,517.45,496.0,501.6,43675.0,61.1
2022-07-13,505.0,526.1,496.0,518.9,89936.0,55.99
2022-07-14,526.0,544.8,503.8,510.35,144603.0,50.7
2022-07-15,515.0,519.8,500.0,505.5,44916.0,46.86
2022-07-18,510.0,530.75,509.95,530.75,48824.0,76.3
2022-07-19,539.8,557.25,534.05,557.25,73522.0,63.88
2022-07-20,584.9,584.9,560.05,577.15,104292.0,58.38
2022-07-21,582.0,588.85,561.5,567.55,62484.0,55.76
2022-07-22,570.0,585.75,562.1,571.7,79992.0,42.22
2022-07-25,570.4,570.4,555.15,558.4,36565.0,60.89
2022-07-26,552.0,562.0,530.5,531.6,50689.0,56.96
2022-07-27,532.8,532.8,521.1,524.75,33275.0,57.11
2022-07-28,527.0,550.95,527.0,550.95,61902.0,62.98
2022-07-29,555.0,578.45,553.35,567.0,123830.0,57.61
2022-08-01,576.95,578.0,560.0,563.75,39696.0,41.53
2022-08-02,560.0,575.0,557.4,569.4,32289.0,42.14
2022-08-03,560.0,597.85,560.0,584.3,97795.0,46.7
2022-08-04,589.65,610.0,560.0,580.85,138210.0,46.75
2022-08-05,587.0,607.35,580.05,589.35,116564.0,54.31
2022-08-10,593.8,638.0,580.0,621.4,352716.0,53.67
2022-08-11,629.9,634.7,582.1,590.45,164205.0,66.61
2022-08-12,580.0,602.8,567.35,575.85,142602.0,57.14
2022-08-15,580.0,602.8,567.35,575.85,142602.0,57.14
2022-08-16,579.9,591.6,571.0,573.75,56046.0,48.18
2022-08-17,576.0,584.8,554.0,562.15,47623.0,49.14
2022-08-18,556.9,559.4,523.5,528.6,115082.0,52.8
2022-08-19,535.0,541.9,510.55,519.1,84050.0,53.88
2022-08-22,520.0,554.5,514.0,551.4,142902.0,57.46
2022-08-23,555.0,577.6,555.0,567.15,142027.0,61.3
2022-08-24,572.15,584.8,568.9,581.55,169921.0,31.49
2022-08-25,590.05,597.0,580.0,584.15,60539.0,48.23
2022-08-26,588.7,601.3,566.0,570.2,82990.0,60.05
2022-08-29,560.0,597.0,548.0,574.2,105596.0,49.27
2022-08-30,590.0,628.0,582.35,588.4,542033.0,28.1
2022-08-31,590.0,628.0,582.35,588.4,542033.0,28.1
2022-09-01,588.0,607.9,586.0,594.55,139308.0,47.36
2022-09-02,599.6,606.95,594.15,596.35,52490.0,44.66
2022-09-05,600.0,609.45,597.25,600.55,66698.0,48.79
2022-09-06,604.5,604.5,586.8,594.5,52355.0,40.28
2022-09-07,590.0,598.95,587.2,591.65,46750.0,56.41
2022-09-08,598.95,617.5,595.05,611.55,101812.0,56.76
2022-09-09,617.0,672.8,611.75,662.1,677115.0,41.17
2022-09-12,670.0,684.8,664.0,667.25,184578.0,40.18
2022-09-13,677.3,683.9,651.2,675.7,118927.0,42.22
2022-09-14,657.2,673.2,657.2,667.85,94816.0,49.34
2022-09-15,671.95,680.0,643.25,654.6,60147.0,40.78
2022-09-16,648.2,661.9,641.2,650.4,68422.0,60.7
2022-09-19,651.0,671.95,633.4,638.15,55093.0,40.87
2022-09-20,641.95,660.0,641.95,651.7,56487.0,64.26
2022-09-21,657.75,665.95,567.0,649.45,152045.0,42.39
2022-09-22,649.0,650.0,603.95,615.25,170799.0,51.08
2022-09-23,614.0,614.0,569.2,580.9,269818.0,47.01
2022-09-26,565.25,602.7,556.1,575.0,141572.0,37.14
2022-09-27,576.0,594.5,568.15,587.05,407464.0,46.3
2022-09-28,579.9,594.95,563.3,589.85,69472.0,24.74
2022-09-29,598.0,604.85,586.1,599.3,43284.0,42.05
2022-09-30,600.8,616.0,591.2,610.75,50729.0,48.1
2022-10-03,611.0,621.25,582.85,590.6,47669.0,48.49
2022-10-04,604.0,615.55,602.75,611.45,35537.0,47.61
2022-10-05,604.0,615.55,602.75,611.45,35537.0,47.61
2022-10-06,611.0,626.0,574.8,604.95,33764.0,51.49
2022-10-07,605.1,634.3,605.1,626.1,42286.0,43.64
2022-10-10,625.15,628.95,597.0,601.2,66877.0,51.23
2022-10-11,601.0,628.5,598.8,622.85,70984.0,46.15
2022-10-12,629.1,642.2,608.0,621.15,112233.0,40.38
2022-10-13,625.0,636.8,610.0,618.0,54307.0,39.19
2022-10-14,625.0,632.0,616.3,620.5,43288.0,47.11
2022-10-17,622.25,630.0,586.0,594.35,109752.0,42.39
2022-10-18,599.0,612.0,595.0,602.75,37998.0,41.47
2022-10-19,602.75,614.8,602.0,612.55,41345.0,39.54
2022-10-20,613.0,622.95,607.35,620.55,42575.0,43.59
2022-10-21,626.95,628.95,598.55,605.05,49574.0,36.98
2022-10-24,605.05,625.0,598.15,602.15,24997.0,56.77
2022-10-25,602.0,620.95,601.9,610.7,36049.0,42.88
2022-10-26,602.0,620.95,601.9,610.7,36049.0,42.88
2022-10-27,610.55,630.0,610.0,625.15,66088.0,46.85
2022-10-28,626.0,637.3,606.5,610.45,60387.0,54.87
2022-10-31,122.6,126.4,110.65,124.1,456763.0,40.4
2022-11-01,125.0,126.9,122.1,125.0,197132.0,43.05
2022-11-02,123.5,123.95,117.6,119.2,157395.0,44.18
2022-11-03,118.0,122.1,115.5,121.65,153088.0,40.64
2022-11-04,121.95,121.95,118.75,119.15,102550.0,56.44
2022-11-07,116.0,118.0,110.2,111.0,377622.0,69.21
2022-11-08,116.0,118.0,110.2,111.0,377622.0,69.21
2022-11-09,111.6,114.0,101.75,104.05,785411.0,53.78
2022-11-10,105.0,112.55,103.0,106.6,1110430.0,80.4
2022-11-11,107.5,110.55,104.4,107.7,359905.0,65.2
2022-11-14,108.8,109.95,102.8,103.8,350216.0,72.21
2022-11-15,104.0,106.1,100.95,104.95,372256.0,69.89
2022-11-16,104.7,106.95,99.6,101.0,380470.0,60.92
2022-11-17,100.05,104.15,98.5,100.05,615897.0,71.7
2022-11-18,99.35,102.75,99.1,99.8,179708.0,67.21
2022-11-21,99.05,104.7,98.0,98.35,100844.0,58.59
2022-11-22,98.4,99.6,95.85,97.45,129817.0,63.42
2022-11-23,97.5,107.0,97.5,105.0,586463.0,53.55
2022-11-24,105.0,113.0,104.6,110.95,994387.0,59.29
2022-11-25,112.45,117.8,111.65,115.85,978828.0,58.62
2022-11-28,108.35,112.0,102.8,110.9,2220224.0,67.45
2022-11-29,110.0,111.9,105.6,109.0,557937.0,69.39
2022-11-30,109.0,111.65,108.5,110.2,343178.0,61.6
2022-12-01,110.2,115.0,109.0,113.85,530459.0,56.84
2022-12-02,114.8,125.5,114.05,116.5,1027330.0,49.14
2022-12-05,118.25,127.8,117.1,124.65,1216677.0,43.91
2022-12-06,124.45,130.8,123.25,129.55,836221.0,41.69
2022-12-07,129.9,132.0,124.25,125.55,791290.0,50.6
2022-12-08,125.65,127.8,122.55,124.05,302367.0,43.82
2022-12-09,124.05,132.2,122.55,124.35,616688.0,46.73
2022-12-12,124.35,127.2,120.45,121.25,404739.0,52.11
2022-12-13,121.7,131.0,121.7,128.3,758157.0,45.98
2022-12-14,128.75,133.25,128.4,129.5,553496.0,48.55
2022-12-15,130.4,130.6,126.85,127.8,320348.0,52.8
2022-12-16,126.95,128.6,122.85,124.05,295469.0,46.98
2022-12-19,124.05,129.95,122.8,125.75,367767.0,37.64
2022-12-20,126.1,132.45,125.55,127.75,457552.0,53.39
2022-12-21,128.45,130.5,116.35,122.85,371708.0,52.98
2022-12-22,124.6,126.55,108.6,117.85,673928.0,51.38
2022-12-23,116.05,117.05,110.1,114.7,417988.0,61.82
2022-12-26,116.35,122.85,114.2,119.6,163043.0,47.28
2022-12-27,121.9,125.25,120.2,121.0,184665.0,35.26
2022-12-28,121.0,122.25,118.55,119.15,165742.0,39.6
2022-12-29,119.9,121.3,117.0,117.8,111557.0,50.65
2022-12-30,119.35,121.8,118.1,118.6,107715.0,42.64
2023-01-02,119.0,129.25,118.75,127.3,497589.0,51.94
2023-01-03,128.45,143.8,127.55,141.15,3206214.0,30.71
2023-01-04,141.9,147.7,138.6,143.35,2103692.0,32.59
2023-01-05,142.6,147.95,139.8,146.05,1165964.0,38.96
2023-01-06,146.9,149.25,141.55,148.15,948505.0,34.85
2023-01-09,149.4,149.45,141.2,141.95,464778.0,43.43
2023-01-10,142.7,144.25,130.0,136.3,1027992.0,46.39
2023-01-11,137.85,139.5,134.75,137.8,398243.0,33.56
2023-01-12,138.8,139.7,132.55,134.5,283927.0,51.02
2023-01-13,134.9,136.35,130.3,132.1,409325.0,39.91
2023-01-16,132.3,138.45,132.3,136.75,386336.0,49.7
2023-01-17,138.95,139.0,134.9,135.7,189116.0,50.83
2023-01-18,135.2,137.4,135.0,135.55,108465.0,44.82
2023-01-19,134.1,136.35,132.0,133.05,153986.0,45.42
2023-01-20,136.0,142.1,134.1,135.6,539834.0,29.91
2023-01-23,136.7,138.95,132.85,134.75,545530.0,17.02
2023-01-24,134.0,135.9,132.25,134.45,234716.0,29.66
2023-01-25,134.45,136.2,130.1,132.05,305749.0,45.72
2023-01-26,134.45,136.2,130.1,132.05,305749.0,45.72
2023-01-27,131.65,133.15,125.05,131.1,464731.0,49.79
2023-01-30,130.9,133.5,127.65,130.15,377212.0,24.86
2023-01-31,128.3,133.3,128.3,131.45,181638.0,34.94
2023-02-01,130.85,136.0,123.7,126.85,459590.0,29.85
2023-02-02,126.95,130.55,125.4,127.95,520217.0,16.62
2023-02-03,128.2,130.1,125.5,128.15,199430.0,21.55
2023-02-06,129.15,134.5,125.1,127.05,396805.0,37.06
2023-02-07,127.15,128.35,121.25,125.4,497400.0,30.89
2023-02-08,126.65,138.0,122.3,124.9,1469847.0,29.66
2023-02-09,126.15,132.45,124.25,127.25,488582.0,30.23
2023-02-10,127.85,129.4,123.55,128.55,470700.0,29.36
2023-02-13,129.7,135.95,126.55,129.55,748259.0,36.87
2023-02-14,130.8,131.95,128.45,130.7,248727.0,27.34
2023-02-15,129.75,131.85,129.1,130.6,265159.0,25.58
2023-02-16,131.8,137.4,131.0,133.0,518401.0,32.41
2023-02-17,132.55,140.9,132.0,138.15,807495.0,37.73
2023-02-20,138.8,140.0,136.0,136.6,337610.0,40.1
2023-02-21,137.5,139.95,132.45,134.0,343485.0,40.9
2023-02-22,133.5,134.75,130.5,131.9,224905.0,49.24
2023-02-23,131.75,136.0,130.4,132.7,299582.0,45.62
2023-02-24,132.7,142.0,132.7,140.75,770341.0,50.86
2023-02-27,143.55,147.35,142.1,144.6,1228991.0,46.97
2023-02-28,147.0,147.05,138.1,140.0,484795.0,44.02
2023-03-01,139.9,147.1,139.8,145.65,780553.0,32.54
2023-03-02,146.3,147.95,141.85,143.0,292983.0,45.51
2023-03-03,144.0,155.0,144.0,154.5,2445024.0,51.16
2023-03-06,156.0,156.3,150.05,152.5,949523.0,41.08
2023-03-07,156.0,156.3,150.05,152.5,949523.0,41.08
2023-03-08,152.0,166.6,150.8,164.75,2037310.0,48.2
2023-03-09,165.0,167.3,155.5,158.5,1191715.0,48.01
2023-03-10,154.5,166.55,154.5,162.8,1542713.0,41.81
2023-03-13,162.95,163.7,148.05,149.35,958078.0,54.18
2023-03-14,148.6,150.0,138.65,142.6,1219660.0,38.04
2023-03-15,143.9,146.9,140.8,142.0,541325.0,37.03
2023-03-16,142.0,150.0,137.25,148.9,917642.0,38.81
2023-03-17,150.4,152.45,147.2,150.8,834866.0,44.04
2023-03-20,149.0,150.9,144.55,148.55,452508.0,40.16
2023-03-21,149.85,158.0,148.95,156.85,847453.0,55.81
2023-03-22,158.0,167.0,157.25,164.7,1252115.0,49.5
2023-03-23,162.55,172.0,159.4,170.05,1396131.0,39.26
2023-03-24,172.6,174.85,166.5,169.55,1350878.0,43.16
2023-03-27,169.25,169.3,159.25,163.05,588839.0,32.96
2023-03-28,163.6,165.8,154.15,155.75,642064.0,34.14
2023-03-29,156.9,160.35,155.0,156.7,431342.0,37.07
2023-03-30,156.9,160.35,155.0,156.7,431342.0,37.07
2023-03-31,158.7,161.5,157.1,158.8,461702.0,43.91
2023-04-03,159.0,160.8,156.65,157.7,264743.0,32.58
2023-04-04,159.0,160.8,156.65,157.7,264743.0,32.58
2023-04-05,160.0,164.0,156.15,157.4,331674.0,37.26
2023-04-06,157.95,160.7,157.15,158.05,293701.0,43.79
2023-04-07,157.95,160.7,157.15,158.05,293701.0,43.79
2023-04-10,158.9,160.85,156.65,157.8,236008.0,39.85
2023-04-11,158.8,160.0,155.6,156.9,207349.0,44.16
2023-04-12,157.8,163.95,155.5,158.1,406504.0,50.25
2023-04-13,158.85,160.4,156.4,158.25,178573.0,48.61
2023-04-14,158.85,160.4,156.4,158.25,178573.0,48.61
2023-04-17,158.05,160.0,155.85,157.9,346253.0,50.31
2023-04-18,158.5,161.2,155.9,156.35,171567.0,50.38
2023-04-19,156.95,158.65,156.35,157.25,143810.0,52.04
2023-04-20,158.4,160.6,157.0,157.45,587437.0,69.26
2023-04-21,158.25,160.5,156.45,157.4,166743.0,50.47
2023-04-24,158.9,168.45,157.55,166.55,1692036.0,43.76
2023-04-25,167.95,170.0,162.9,168.65,576216.0,46.64
2023-04-26,168.65,171.0,165.0,167.9,593062.0,54.72
2023-04-27,168.1,171.0,166.95,169.45,565986.0,68.13
2023-04-28,170.7,177.0,170.0,174.45,804574.0,43.49
2023-05-01,170.7,177.0,170.0,174.45,804574.0,43.49
2023-05-02,175.9,181.45,174.05,180.35,744978.0,51.29
2023-05-03,180.5,181.5,167.05,171.05,748647.0,52.62
2023-05-04,172.35,179.15,171.55,178.0,511147.0,50.96
2023-05-05,176.8,185.7,171.6,180.05,714121.0,33.71
2023-05-08,180.4,181.45,173.35,175.2,426699.0,49.55
2023-05-09,176.4,186.0,172.95,181.35,1862876.0,22.11
2023-05-10,180.4,181.95,176.0,177.65,554933.0,39.28
2023-05-11,178.8,195.0,178.1,193.75,2697092.0,42.04
2023-05-12,193.4,207.5,191.8,201.1,2281676.0,29.84
2023-05-15,201.9,206.05,192.6,194.6,916013.0,50.26
2023-05-16,195.55,201.8,191.5,192.6,592330.0,51.0
2023-05-17,193.8,197.0,189.35,193.6,439452.0,36.17
2023-05-18,195.5,199.8,193.0,193.9,531173.0,38.96
2023-05-19,194.9,197.0,188.5,195.45,434508.0,39.27
2023-05-22,196.8,203.95,193.4,200.0,619817.0,45.65
2023-05-23,200.0,208.75,198.2,199.6,744380.0,42.35
2023-05-24,200.3,205.9,199.4,204.35,413968.0,39.39
2023-05-25,204.75,209.7,202.55,207.4,602303.0,39.05
2023-05-26,208.2,209.4,201.4,202.7,248368.0,51.34
2023-05-29,204.0,204.5,198.0,200.45,331145.0,40.11
2023-05-30,200.1,200.45,192.4,193.75,449378.0,51.87
2023-05-31,194.4,208.4,193.9,207.0,842885.0,33.58
2023-06-01,207.95,218.9,206.05,216.25,1101464.0,45.33
2023-06-02,215.05,223.5,215.05,222.5,731115.0,48.5
2023-06-05,224.3,232.85,222.8,227.65,861286.0,41.86
2023-06-06,229.6,229.7,220.65,222.45,326835.0,48.98
2023-06-07,223.9,225.25,220.25,223.65,280745.0,46.67
2023-06-08,229.2,232.7,220.5,227.35,458773.0,40.2
2023-06-09,229.0,230.0,215.2,217.6,366575.0,56.63
2023-06-12,219.35,223.55,216.25,217.4,322022.0,53.78
2023-06-13,218.8,223.0,215.2,217.5,418278.0,58.06
2023-06-14,218.8,223.35,216.5,217.65,312739.0,42.83
2023-06-15,218.6,221.05,216.0,216.75,257062.0,47.19
2023-06-16,217.45,219.55,212.0,213.85,320359.0,54.34
2023-06-19,215.35,221.75,215.3,216.65,458836.0,48.08
2023-06-20,217.4,218.45,213.6,214.45,371160.0,43.46
2023-06-21,215.85,216.75,207.1,210.1,568637.0,50.88
2023-06-22,210.1,218.55,210.1,217.55,763413.0,54.01
2023-06-23,218.6,240.5,217.45,232.95,2828227.0,30.31
2023-06-26,232.9,232.9,213.85,220.75,1153269.0,50.81
2023-06-27,224.45,230.0,220.1,225.95,1043228.0,38.83
2023-06-28,228.0,228.2,221.0,223.2,540788.0,48.03
2023-06-29,228.0,228.2,221.0,223.2,540788.0,48.03
2023-06-30,224.0,249.4,224.0,247.1,7493630.0,24.08
2023-07-03,247.8,247.8,238.1,241.8,1554590.0,50.66
2023-07-04,243.4,243.8,237.75,241.45,979667.0,60.78
2023-07-05,241.95,242.45,235.0,236.35,1057961.0,58.6
2023-07-06,236.35,242.7,234.5,235.45,936364.0,60.68
2023-07-07,235.05,237.6,232.0,235.9,716980.0,64.32
2023-07-10,236.85,241.2,235.0,239.85,754383.0,59.21
2023-07-11,241.1,245.0,238.5,243.55,914170.0,55.68
2023-07-12,245.95,254.8,244.3,252.3,1328980.0,34.6
2023-07-13,254.65,255.8,247.4,249.3,767977.0,56.64
2023-07-14,251.0,251.5,247.4,249.05,427547.0,48.95
2023-07-17,249.1,249.9,235.9,244.7,1616048.0,47.31
2023-07-18,245.0,249.9,238.2,245.25,834303.0,41.22
2023-07-19,246.5,253.2,244.3,249.2,424064.0,44.53
2023-07-20,250.45,252.4,247.0,248.35,310814.0,44.67
2023-07-21,248.0,262.0,247.95,253.7,936145.0,38.53
2023-07-24,254.85,260.35,249.9,253.1,782945.0,55.33
2023-07-25,255.8,268.2,253.25,255.4,1538155.0,42.09
2023-07-26,257.0,262.9,257.0,259.8,549507.0,45.71
2023-07-27,262.4,263.75,257.05,259.05,360702.0,45.65
2023-07-28,259.9,261.45,254.95,259.4,442732.0,26.44
2023-07-31,260.65,265.0,259.0,260.7,582694.0,67.44
2023-08-01,262.7,266.5,261.2,262.55,414496.0,58.64
2023-08-02,263.35,269.75,257.4,261.6,954242.0,57.32
2023-08-03,262.75,268.95,260.6,262.4,508439.0,60.18
2023-08-04,262.55,265.75,260.9,261.7,278511.0,55.28
2023-08-07,260.5,261.95,230.9,255.7,1898011.0,32.46
2023-08-08,252.6,261.0,250.0,254.7,775219.0,57.56
2023-08-09,255.8,257.0,250.0,254.95,758543.0,38.69
2023-08-10,254.95,256.6,250.0,251.05,440542.0,58.25
2023-08-11,251.5,256.5,245.65,249.1,1066045.0,75.21
2023-08-14,250.15,256.35,239.2,244.85,676728.0,52.35
2023-08-15,250.15,256.35,239.2,244.85,676728.0,52.35
2023-08-16,243.0,246.95,240.3,243.5,556137.0,64.88
2023-08-17,245.0,250.35,238.2,246.7,572942.0,51.15
2023-08-18,248.25,256.75,247.5,254.35,1992431.0,82.36
2023-08-21,257.25,264.8,253.6,260.3,1049791.0,58.26
2023-08-22,261.4,261.4,255.1,257.3,277891.0,54.84
2023-08-23,255.05,258.6,253.15,254.3,380984.0,46.75
2023-08-24,249.75,256.2,248.0,253.6,515377.0,44.18
2023-08-25,254.9,268.3,254.25,261.4,1083663.0,45.5
2023-08-28,263.5,272.15,257.0,260.6,825334.0,42.49
2023-08-29,262.35,263.95,256.65,261.8,330028.0,35.0
2023-08-30,262.25,263.9,258.55,259.75,216160.0,49.5
2023-08-31,261.85,274.3,260.25,265.0,2200447.0,65.76
2023-09-01,267.0,267.95,261.85,264.25,400105.0,52.22
2023-09-04,267.5,271.75,265.2,267.95,456578.0,57.88
2023-09-05,270.35,287.0,269.0,283.75,2591939.0,47.93
2023-09-06,286.3,287.8,276.4,277.8,1113019.0,42.31
2023-09-07,278.0,279.9,275.05,276.45,253900.0,66.43
2023-09-08,278.9,280.0,274.4,275.65,318970.0,68.35
2023-09-11,276.6,282.0,272.0,273.6,424655.0,70.8
2023-09-12,273.6,277.25,235.0,263.5,936199.0,69.34
2023-09-13,262.95,265.6,247.45,257.3,337812.0,48.69
2023-09-14,261.1,262.35,250.1,252.65,541098.0,74.87
2023-09-15,254.65,257.5,250.35,253.05,318973.0,68.8
2023-09-18,254.9,257.0,239.0,245.15,361556.0,63.15
2023-09-19,254.9,257.0,239.0,245.15,361556.0,63.15
2023-09-20,247.95,247.95,240.95,243.3,384135.0,67.3
2023-09-21,243.25,248.95,240.0,243.85,118876.0,55.6
2023-09-22,243.0,252.7,240.25,247.65,208553.0,58.15
2023-09-25,247.65,247.95,243.0,245.6,135321.0,60.7
2023-09-26,243.0,253.55,243.0,250.5,225480.0,60.95
2023-09-27,252.1,254.2,250.0,252.35,101386.0,55.79
2023-09-28,252.4,258.0,251.6,255.4,312258.0,69.16
2023-09-29,256.05,260.0,253.95,257.9,212650.0,63.02
2023-10-02,256.05,260.0,253.95,257.9,212650.0,63.02
2023-10-03,259.8,265.75,257.9,264.55,185428.0,67.33
2023-10-04,262.95,266.95,253.6,260.05,179075.0,53.51
2023-10-05,261.85,262.0,250.35,252.2,211893.0,63.73
2023-10-06,252.5,256.7,251.2,254.9,129240.0,56.74
2023-10-09,250.0,256.5,246.05,254.85,170614.0,56.41
2023-10-10,255.95,261.9,252.55,258.75,334456.0,70.2
2023-10-11,262.4,272.95,260.05,264.9,552872.0,48.36
2023-10-12,266.2,267.3,253.7,254.55,405597.0,70.45
2023-10-13,255.25,258.75,249.0,249.85,225840.0,66.24
2023-10-16,251.0,252.1,245.5,250.85,250473.0,63.09
2023-10-17,252.0,258.5,251.2,253.7,823910.0,86.16
2023-10-18,256.0,256.0,245.1,252.1,421571.0,60.87
2023-10-19,250.2,254.0,247.05,252.6,182716.0,65.53
2023-10-20,252.0,256.75,248.85,253.8,310349.0,67.94
2023-10-23,255.0,257.85,236.25,242.45,238094.0,63.86
2023-10-24,255.0,257.85,236.25,242.45,238094.0,63.86
2023-10-25,247.5,251.15,226.05,230.95,720996.0,60.89
2023-10-26,230.0,243.9,226.15,236.0,440402.0,61.56
2023-10-27,237.8,249.45,237.75,244.3,195884.0,64.41
2023-10-30,244.3,249.0,240.5,243.25,145830.0,57.88
2023-10-31,243.0,244.85,239.9,242.2,124109.0,51.9
2023-11-01,242.0,245.3,239.3,242.75,69358.0,51.58
2023-11-02,244.0,246.45,240.75,242.2,73313.0,51.7
2023-11-03,244.0,247.0,238.75,243.65,124614.0,50.04
2023-11-06,247.0,251.4,243.85,249.4,148137.0,55.4
2023-11-07,251.35,259.9,250.25,257.95,308367.0,62.17
2023-11-08,259.9,273.5,251.35,259.8,1080605.0,38.26
2023-11-09,262.0,280.0,261.95,272.25,1021463.0,53.53
2023-11-10,271.0,271.85,262.3,263.35,362597.0,61.22
2023-11-13,271.55,273.0,262.65,271.55,258286.0,45.88
2023-11-14,271.55,273.0,262.65,271.55,258286.0,45.88
2023-11-15,275.0,279.9,268.6,279.3,376625.0,57.36
2023-11-16,280.85,283.8,273.0,275.6,370172.0,69.16
2023-11-17,277.0,278.85,265.25,267.6,256990.0,62.14
2023-11-20,270.65,278.0,269.0,276.7,327203.0,63.67
2023-11-21,279.0,291.0,277.1,278.65,442225.0,57.55
2023-11-22,281.35,284.95,273.35,280.9,234361.0,50.6
2023-11-23,282.0,284.6,280.95,283.05,144367.0,70.46
2023-11-24,286.9,286.9,276.2,278.15,257341.0,62.97
2023-11-27,286.9,286.9,276.2,278.15,257341.0,62.97
2023-11-28,281.05,282.5,277.5,281.05,390475.0,73.73
2023-11-29,281.05,285.0,278.0,283.05,349259.0,41.94
2023-11-30,285.0,287.75,271.95,277.05,660066.0,75.24
2023-12-01,279.0,282.95,275.25,276.5,149589.0,59.31
2023-12-04,280.6,282.6,273.75,277.5,183133.0,59.51
2023-12-05,279.8,280.5,266.9,271.7,351235.0,64.22
2023-12-06,273.8,273.95,261.9,268.5,233301.0,53.0
2023-12-07,265.0,268.5,261.55,265.35,231673.0,58.08
2023-12-08,265.5,270.4,263.0,269.5,182691.0,59.35
2023-12-11,270.0,273.7,265.2,267.8,257432.0,62.69
2023-12-12,269.85,271.0,265.0,268.8,226110.0,47.54
2023-12-13,269.9,280.0,264.3,278.15,496701.0,52.39
2023-12-14,281.0,307.85,281.0,295.1,4426361.0,29.02
2023-12-15,297.05,300.0,289.0,290.7,678025.0,55.98
2023-12-18,291.45,299.2,284.1,287.7,410753.0,47.99
2023-12-19,290.9,295.0,286.2,288.9,549521.0,38.58
2023-12-20,289.25,291.95,266.0,271.5,621026.0,46.35
2023-12-21,266.5,272.9,263.35,267.85,511120.0,53.79
2023-12-22,269.3,276.35,265.5,267.55,338964.0,56.24
2023-12-25,269.3,276.35,265.5,267.55,338964.0,56.24
2023-12-26,268.0,270.5,265.3,266.0,264458.0,59.16
2023-12-27,267.6,274.0,258.1,262.2,574575.0,59.76
2023-12-28,262.2,266.65,257.95,261.65,455468.0,57.48
2023-12-29,262.1,264.5,258.15,260.05,288411.0,53.28
2024-01-01,262.5,268.5,262.05,266.6,427118.0,36.99
2024-01-02,267.95,270.55,263.0,266.9,220952.0,47.27
2024-01-03,267.6,273.0,261.3,267.65,1090784.0,47.87
2024-01-04,270.0,277.6,268.9,275.95,478254.0,46.17
2024-01-05,280.0,288.9,277.5,283.35,1013838.0,35.63
2024-01-08,289.0,289.0,277.05,278.75,366771.0,54.08
2024-01-09,280.8,287.7,278.1,282.55,431860.0,46.0
2024-01-10,286.5,292.9,283.0,284.4,912091.0,44.46
2024-01-11,290.8,290.8,284.1,286.4,374938.0,39.76
2024-01-12,287.0,288.5,282.25,283.45,216451.0,55.16
2024-01-15,285.05,287.7,278.6,279.6,350154.0,62.4
2024-01-16,281.6,285.7,274.0,274.9,346917.0,65.11
2024-01-17,274.0,275.95,264.85,266.7,303025.0,55.05
2024-01-18,268.0,272.2,259.6,270.05,344530.0,40.92
2024-01-19,271.85,279.5,271.0,277.9,330804.0,48.17
2024-01-22,278.9,283.4,272.4,273.9,204828.0,48.25
2024-01-23,274.45,280.95,268.25,272.45,330184.0,48.11
2024-01-24,272.0,277.7,266.4,275.7,270018.0,49.54
2024-01-25,274.0,277.6,268.55,271.4,195967.0,50.67
2024-01-26,274.0,277.6,268.55,271.4,195967.0,50.67
2024-01-29,275.35,280.2,272.65,278.3,316542.0,57.87
2024-01-30,280.0,305.85,278.6,291.85,1962913.0,43.88
2024-01-31,294.55,304.9,294.4,302.4,835058.0,57.02
2024-02-01,302.6,314.0,286.1,299.9,2397273.0,24.11
2024-02-02,301.25,305.35,287.05,288.65,652251.0,46.18
2024-02-05,288.65,298.95,283.0,284.45,919769.0,45.23
2024-02-06,287.85,295.3,287.15,291.7,325352.0,52.95
2024-02-07,291.5,294.9,289.5,291.1,237320.0,50.39
2024-02-08,292.0,298.7,290.1,290.85,304550.0,41.48
2024-02-09,291.35,293.75,275.1,283.15,300204.0,39.18
2024-02-12,283.15,285.15,266.05,268.05,366106.0,58.36
2024-02-13,269.9,287.75,259.8,284.95,379867.0,39.04
2024-02-14,282.9,284.3,277.55,279.2,155661.0,40.24
2024-02-15,281.5,283.6,276.15,277.35,94783.0,53.38
2024-02-16,279.55,282.0,272.05,274.45,129818.0,52.93
2024-02-19,273.2,277.9,271.7,273.8,200400.0,50.77
2024-02-20,273.1,276.7,270.25,273.4,230340.0,67.5
2024-02-21,275.0,277.15,269.75,272.05,300989.0,59.22
2024-02-22,272.0,274.6,265.3,268.0,209673.0,55.91
2024-02-23,269.6,287.9,269.6,285.1,897291.0,33.45
2024-02-26,287.3,303.6,284.55,301.25,1424600.0,44.78
2024-02-27,302.5,303.75,288.65,293.35,594991.0,42.05
2024-02-28,294.95,304.9,289.95,293.7,591349.0,37.4
2024-02-29,292.5,300.6,288.0,298.3,452445.0,48.39
2024-03-01,299.85,300.65,291.6,293.35,286410.0,57.1
2024-03-04,301.0,334.6,296.15,329.0,5470265.0,27.54
2024-03-05,326.05,327.8,314.05,317.85,1426743.0,33.07
2024-03-06,316.7,316.7,300.55,303.85,560363.0,40.35
2024-03-07,306.6,314.95,303.35,304.95,386436.0,38.19
2024-03-08,306.6,314.95,303.35,304.95,386436.0,38.19
2024-03-11,306.45,307.75,289.1,290.85,460732.0,50.0
2024-03-12,290.85,290.85,277.85,282.0,687714.0,62.7
2024-03-13,281.85,286.95,256.95,264.75,610405.0,45.29
2024-03-14,262.05,278.15,261.0,270.6,271959.0,42.0
2024-03-15,270.1,277.6,261.15,266.1,316598.0,49.19
2024-03-18,262.0,271.2,262.0,268.0,214377.0,41.03
2024-03-19,270.0,272.0,264.5,267.15,360286.0,40.82
2024-03-20,266.9,269.85,261.3,267.6,180050.0,55.11
2024-03-21,270.0,276.2,269.55,272.35,207006.0,49.41
2024-03-22,274.0,277.05,271.3,272.3,182648.0,47.07
2024-03-25,274.0,277.05,271.3,272.3,182648.0,47.07
2024-03-26,274.6,285.3,273.2,281.2,314383.0,46.71
2024-03-27,284.9,315.0,281.25,304.75,3410998.0,18.45
2024-03-28,307.5,307.8,294.05,296.7,499928.0,31.43
2024-03-29,307.5,307.8,294.05,296.7,499928.0,31.43
2024-04-01,296.7,312.8,295.6,306.9,602457.0,29.4
2024-04-02,307.15,311.0,303.0,306.45,264863.0,45.58
2024-04-03,304.3,313.45,303.5,306.0,347161.0,41.01
2024-04-04,305.0,322.0,303.0,305.0,1164858.0,38.9
2024-04-05,305.3,309.4,297.95,302.75,281036.0,41.11
2024-04-08,305.95,308.85,293.15,295.7,281289.0,50.58
2024-04-09,295.7,303.8,288.85,291.5,352225.0,39.2
2024-04-10,293.6,294.95,290.05,293.45,212279.0,52.03
2024-04-11,293.6,294.95,290.05,293.45,212279.0,52.03
2024-04-12,293.45,299.9,287.0,289.6,273254.0,48.38
2024-04-15,286.9,299.95,276.75,289.95,690306.0,35.02
2024-04-16,287.85,293.2,286.5,290.25,189020.0,51.22
2024-04-17,287.85,293.2,286.5,290.25,189020.0,51.22
2024-04-18,293.45,301.5,291.0,292.05,302769.0,44.82
2024-04-19,288.0,296.7,285.0,290.95,219038.0,42.55
2024-04-22,300.9,332.5,296.25,326.8,4090014.0,24.29
2024-04-23,331.4,342.6,328.1,340.15,3403760.0,33.09
2024-04-24,342.8,354.7,336.25,342.85,2057157.0,30.22
2024-04-25,346.8,354.0,342.65,345.1,684216.0,28.96
2024-04-26,346.8,361.0,346.1,350.05,1186543.0,30.06
2024-04-29,351.8,352.9,346.2,348.2,436408.0,51.35
2024-04-30,348.1,357.55,326.15,335.45,702831.0,48.72
2024-05-01,348.1,357.55,326.15,335.45,702831.0,48.72
2024-05-02,336.9,340.65,329.95,331.6,1059045.0,67.62
2024-05-03,332.0,335.35,321.1,325.95,377990.0,52.85
2024-05-06,327.35,328.9,306.1,307.25,637646.0,52.43
2024-05-07,308.5,309.1,292.1,294.75,638316.0,47.55
2024-05-08,296.2,307.1,295.85,302.65,704865.0,50.82
2024-05-09,303.0,310.6,287.05,290.0,1003779.0,57.54
2024-05-10,291.95,297.4,285.0,291.25,543830.0,48.96
2024-05-13,291.45,309.0,283.15,301.8,1497439.0,68.03
2024-05-14,301.8,313.95,301.05,310.15,496895.0,48.89
2024-05-15,312.6,334.45,310.5,329.4,953323.0,37.24
2024-05-16,331.7,339.45,325.0,326.6,587716.0,32.57
2024-05-17,327.45,332.45,321.3,329.9,387651.0,38.55
2024-05-20,327.7,333.0,326.0,328.2,49016.0,54.42
2024-05-21,328.0,345.45,327.95,339.4,798664.0,52.39
2024-05-22,339.45,355.5,330.5,352.1,1341483.0,33.05
2024-05-23,355.0,357.95,344.15,347.2,658733.0,40.94
2024-05-24,331.0,345.0,316.3,340.5,2717179.0,37.83
2024-05-27,337.75,339.8,325.25,334.45,803867.0,47.6
2024-05-28,335.55,336.1,325.0,327.95,836641.0,62.46
2024-05-29,327.95,341.95,324.35,333.05,1016818.0,41.31
2024-05-30,333.05,339.0,324.85,327.85,503801.0,50.27
2024-05-31,330.0,335.0,323.0,334.8,413485.0,51.67
2024-06-03,345.0,346.7,336.25,341.55,555484.0,50.5
2024-06-04,341.55,346.0,281.0,293.25,1057755.0,46.84
2024-06-05,295.25,314.9,295.25,298.3,1692878.0,47.89
2024-06-06,305.0,324.9,305.0,320.5,731993.0,46.21
2024-06-07,321.8,337.0,319.75,334.15,461685.0,59.47
2024-06-10,336.95,341.9,331.65,335.85,564920.0,68.06
2024-06-11,338.95,353.9,336.4,350.45,563488.0,55.27
2024-06-12,353.9,356.05,349.65,351.65,486372.0,55.37
2024-06-13,354.95,354.95,343.75,349.45,270747.0,50.07
2024-06-14,353.2,375.0,351.0,367.25,1525442.0,39.62
2024-06-17,353.2,375.0,351.0,367.25,1525442.0,39.62
2024-06-18,369.15,397.5,367.3,389.4,2656989.0,31.61
2024-06-19,392.9,393.45,374.5,376.55,684280.0,47.87
2024-06-20,378.55,390.4,373.0,388.7,524209.0,35.82
2024-06-21,390.45,392.2,371.05,373.35,412192.0,44.51
2024-06-24,375.4,382.45,362.0,363.25,411458.0,49.2
2024-06-25,365.8,376.95,363.15,364.85,349972.0,40.87
2024-06-26,364.85,366.95,356.1,357.25,227383.0,57.57
2024-06-27,357.0,366.95,342.3,344.55,597696.0,51.14
2024-06-28,346.9,385.1,342.65,355.5,1035166.0,33.45
2024-07-01,354.0,363.2,348.85,361.55,452989.0,32.72
2024-07-02,358.5,376.35,358.4,371.1,1249036.0,33.64
2024-07-03,380.0,386.7,377.5,385.2,1700044.0,56.2
2024-07-04,385.55,389.85,381.65,386.1,455213.0,45.81
2024-07-05,384.0,421.0,383.3,408.6,1974817.0,41.48
2024-07-08,409.25,423.5,398.65,402.8,1138289.0,42.34
2024-07-09,403.0,413.35,397.3,405.95,608350.0,38.41
2024-07-10,407.95,422.8,398.2,400.15,973362.0,43.71
2024-07-11,402.9,417.9,401.6,407.45,580562.0,41.28
2024-07-12,409.0,417.35,402.35,405.1,509898.0,49.15
2024-07-15,407.8,408.95,381.0,387.9,1155626.0,31.72
2024-07-16,389.8,395.6,386.35,389.55,462198.0,39.18
2024-07-17,389.8,395.6,386.35,389.55,462198.0,39.18
2024-07-18,391.4,396.5,379.35,381.75,453002.0,47.95
2024-07-19,374.0,385.3,361.65,380.85,1036427.0,25.93
2024-07-22,377.45,397.55,372.0,388.65,542291.0,21.75
2024-07-23,390.0,396.7,363.35,391.0,611404.0,33.41
2024-07-24,392.8,399.9,387.5,397.85,484374.0,67.49
2024-07-25,397.0,406.05,392.6,397.95,353058.0,32.34
2024-07-26,401.2,403.0,389.0,390.75,330052.0,58.26
2024-07-29,397.0,418.7,393.05,399.45,1039241.0,54.33
2024-07-30,400.05,413.15,400.05,411.3,532406.0,45.64
2024-07-31,414.8,420.9,407.15,415.4,513323.0,43.11
2024-08-01,419.55,419.55,396.0,398.5,385748.0,53.51
2024-08-02,396.8,420.0,394.2,415.35,800316.0,23.84
2024-08-05,400.0,405.0,387.0,392.4,686636.0,46.56
2024-08-06,394.6,404.7,383.0,385.55,550577.0,66.64
2024-08-07,396.0,402.0,389.8,399.8,574150.0,64.95
2024-08-08,401.4,404.8,393.15,395.35,318782.0,50.63
2024-08-09,402.2,414.8,397.15,409.9,459065.0,35.82
2024-08-12,405.0,416.9,395.85,409.65,810267.0,47.22
2024-08-13,410.9,429.8,400.5,404.4,1643025.0,26.15
2024-08-14,410.45,414.6,398.0,408.4,397269.0,30.03
2024-08-15,410.45,414.6,398.0,408.4,397269.0,30.03
2024-08-16,409.15,441.25,408.4,421.85,2388963.0,27.38
2024-08-19,422.0,438.8,422.0,433.15,597005.0,41.71
2024-08-20,431.55,433.95,420.25,422.8,271858.0,46.83
2024-08-21,423.35,430.0,417.3,425.1,373602.0,41.54
2024-08-22,424.0,439.65,422.8,426.25,471479.0,51.49
2024-08-23,426.5,436.5,426.5,432.25,403414.0,51.96
2024-08-26,434.2,437.8,416.0,422.8,372551.0,45.83
2024-08-27,427.05,451.0,422.95,443.3,1059657.0,40.63
2024-08-28,443.8,445.5,425.2,426.4,405721.0,55.75
2024-08-29,426.4,430.6,420.0,422.4,1184095.0,47.59
2024-08-30,425.1,436.8,416.8,426.7,806024.0,73.66
2024-09-02,427.0,439.0,426.3,434.0,488299.0,36.79
2024-09-03,432.0,438.9,427.05,429.2,243536.0,49.03
2024-09-04,426.3,444.0,416.25,431.95,443774.0,39.24
2024-09-05,436.5,440.35,430.5,432.55,216760.0,44.2
2024-09-06,432.4,446.8,428.15,430.55,559480.0,40.31
2024-09-09,435.0,437.8,405.55,409.25,544647.0,48.21
2024-09-10,411.85,419.4,411.45,416.4,283708.0,46.29
2024-09-11,419.5,419.5,398.3,402.5,471414.0,61.76
2024-09-12,407.6,417.3,405.8,413.9,302610.0,29.44
2024-09-13,415.7,423.9,410.35,420.6,274657.0,57.81
2024-09-16,423.0,437.9,421.05,423.85,664061.0,49.56
2024-09-17,426.5,426.6,409.4,411.45,688750.0,63.24
2024-09-18,410.85,413.4,401.1,407.75,354851.0,47.75
2024-09-19,410.65,414.55,393.85,395.25,851526.0,77.42
2024-09-20,395.0,401.05,389.75,395.3,392576.0,48.61
2024-09-23,391.65,395.95,381.25,394.65,584898.0,47.56
2024-09-24,395.3,406.35,394.25,402.95,304693.0,36.69
2024-09-25,403.8,414.7,402.3,404.7,304319.0,51.45
2024-09-26,407.0,411.3,401.15,409.95,235672.0,55.65
2024-09-27,415.0,415.0,403.1,410.85,275452.0,41.91
2024-09-30,414.75,419.75,409.0,419.15,624202.0,41.86
2024-10-01,415.15,423.9,409.8,412.1,303696.0,51.17
2024-10-02,415.15,423.9,409.8,412.1,303696.0,51.17
2024-10-03,405.0,410.0,396.0,399.0,218259.0,51.2
2024-10-04,395.9,405.0,391.55,396.1,188908.0,47.04
2024-10-07,398.0,398.65,374.25,384.15,367715.0,40.59
2024-10-08,381.25,390.25,372.2,386.85,618631.0,63.2
2024-10-09,389.3,398.45,387.0,388.55,174971.0,42.83
2024-10-10,389.0,397.95,386.3,390.3,319387.0,58.99
2024-10-11,391.85,391.85,381.1,385.45,204714.0,49.47
2024-10-14,385.0,388.75,382.3,385.6,333912.0,62.1
2024-10-15,388.85,411.0,384.3,409.2,1798540.0,31.65
2024-10-16,409.0,423.95,402.6,420.4,870566.0,31.24
2024-10-17,421.8,422.95,406.8,409.6,437840.0,60.3
2024-10-18,409.0,409.6,397.75,404.75,254556.0,39.8
2024-10-21,410.0,427.0,406.0,410.55,726997.0,22.49
2024-10-22,412.05,416.55,395.25,400.6,386756.0,37.65
2024-10-23,395.05,408.95,389.35,397.15,268997.0,33.43
2024-10-24,399.1,402.15,390.0,394.15,147331.0,36.74
2024-10-25,394.15,396.1,373.7,381.55,453084.0,44.16
2024-10-28,380.0,390.9,367.05,379.3,334594.0,42.12
2024-10-29,385.9,396.45,374.9,378.7,547411.0,58.05
2024-10-30,398.0,402.9,383.95,392.8,1451741.0,46.16
2024-10-31,391.7,415.4,391.55,412.75,1218309.0,50.78
2024-11-01,420.0,421.5,409.1,413.9,106645.0,57.64
2024-11-04,413.0,417.85,400.05,414.35,686015.0,63.34
2024-11-05,408.15,451.9,408.15,439.25,3130152.0,42.68
2024-11-06,444.05,451.5,434.4,438.35,752065.0,39.84
2024-11-07,440.45,446.35,431.0,431.85,482739.0,51.08
2024-11-08,432.2,432.25,413.0,415.35,348750.0,54.3
2024-11-11,415.35,416.75,406.0,407.95,407537.0,54.28
2024-11-12,412.05,423.4,409.05,412.4,547643.0,40.95
2024-11-13,411.7,420.65,400.2,405.35,483650.0,47.85
2024-11-14,405.95,418.0,404.35,407.9,253032.0,37.58
2024-11-18,407.0,416.95,400.5,411.9,314108.0,43.2
2024-11-19,411.0,447.4,410.65,440.7,1253522.0,36.65
2024-11-20,411.0,447.4,410.65,440.7,1253522.0,36.65
2024-11-21,442.75,460.0,435.25,454.5,1181811.0,37.7
2024-11-22,460.2,464.7,441.1,450.05,1434674.0,43.56
2024-11-25,457.8,469.75,453.3,455.9,850979.0,45.34
2024-11-26,457.6,465.0,449.55,450.95,475396.0,49.62
2024-11-27,450.4,479.5,448.75,460.9,1594181.0,39.34
2024-11-28,463.0,470.7,451.5,453.9,887399.0,49.73
2024-11-29,457.95,459.4,434.4,436.15,737142.0,51.35
2024-12-02,438.5,452.75,435.05,439.35,611791.0,46.37
2024-12-03,441.55,445.5,434.75,437.5,510298.0,56.31
2024-12-04,440.5,449.6,430.8,432.4,642937.0,39.89
2024-12-05,433.0,438.5,424.2,427.9,602457.0,45.98
2024-12-06,432.0,437.9,424.0,435.6,803607.0,55.26
2024-12-09,440.0,454.45,438.5,450.65,1038928.0,48.67
2024-12-10,455.65,464.4,447.65,459.35,1045131.0,48.01
2024-12-11,464.0,469.55,454.05,465.9,850710.0,57.51
2024-12-12,465.9,470.0,447.0,449.0,463398.0,52.75
2024-12-13,450.0,466.2,442.2,463.25,1177255.0,41.15
2024-12-16,463.0,475.25,457.5,472.85,906673.0,44.57
2024-12-17,475.0,475.9,463.85,466.65,463358.0,47.84
2024-12-18,469.65,472.15,448.65,449.8,543365.0,60.3
2024-12-19,443.55,454.75,439.4,451.8,648819.0,47.04
2024-12-20,455.0,460.0,445.35,454.35,558479.0,44.19
2024-12-23,460.0,460.0,444.5,449.45,381121.0,45.89
2024-12-24,450.95,464.5,448.3,463.05,333172.0,39.77
2024-12-25,450.95,464.5,448.3,463.05,333172.0,39.77
2024-12-26,466.95,482.85,460.0,466.3,1104957.0,30.01
2024-12-27,467.45,469.05,448.35,451.65,266371.0,53.38
2024-12-30,452.0,457.25,448.1,450.05,241405.0,43.2
2024-12-31,445.5,454.0,445.1,451.05,264905.0,52.06
2025-01-01,451.3,455.7,445.0,446.5,334889.0,66.8
2025-01-02,445.0,454.9,445.0,451.35,372617.0,60.34
2025-01-03,452.8,459.9,448.0,450.1,263136.0,53.14
2025-01-06,462.0,463.0,431.55,434.35,701107.0,45.39
2025-01-07,436.0,446.4,435.6,443.4,367296.0,51.29
2025-01-08,444.3,449.95,431.1,431.75,343637.0,52.46
2025-01-09,430.35,431.9,415.9,418.05,345273.0,57.59
2025-01-10,414.5,416.0,400.0,410.1,512301.0,42.92
2025-01-13,399.95,406.75,380.95,385.5,752566.0,54.01
2025-01-14,400.35,421.95,392.15,399.2,1849037.0,35.27
2025-01-15,400.4,409.55,391.2,397.25,561789.0,49.5
2025-01-16,400.0,409.95,400.0,406.15,366763.0,58.41
2025-01-17,407.0,409.45,398.15,401.6,317635.0,46.9
2025-01-20,408.4,417.25,398.05,406.6,674054.0,37.5
2025-01-21,406.1,408.65,388.55,395.8,502225.0,48.46
2025-01-22,397.5,400.95,376.1,379.15,764580.0,62.66
2025-01-23,381.0,386.9,374.05,379.7,313597.0,53.38
2025-01-24,381.8,383.8,366.3,368.25,459388.0,57.58
2025-01-27,375.05,378.85,361.0,369.65,904419.0,42.12
2025-01-28,360.0,369.55,331.9,336.2,1567420.0,46.11
2025-01-29,332.1,367.65,329.35,360.65,736796.0,41.5
2025-01-30,355.25,368.5,342.4,344.65,907500.0,34.48
2025-01-31,345.1,375.65,345.1,367.75,959461.0,35.2
2025-02-03,360.35,369.6,346.5,347.6,663735.0,62.08
2025-02-04,354.85,370.0,350.8,367.8,853821.0,54.64
2025-02-05,355.25,389.0,355.25,384.9,640377.0,45.22
2025-02-06,391.0,399.0,378.1,379.95,677754.0,53.18
2025-02-07,400.0,409.8,386.6,389.65,2629401.0,33.91
2025-02-10,389.65,391.6,362.05,364.2,839145.0,54.36
2025-02-11,363.0,363.0,347.0,353.25,956303.0,50.66
2025-02-12,353.25,362.75,340.1,346.55,1113927.0,44.11
2025-02-13,351.95,360.5,342.5,344.95,602872.0,45.18
2025-02-14,349.0,349.0,325.3,332.35,495289.0,49.62
2025-02-17,333.35,339.1,317.7,323.3,986840.0,46.87
2025-02-18,325.0,336.5,309.1,317.25,544921.0,41.69
2025-02-19,315.25,333.8,309.1,328.3,717300.0,49.31
2025-02-20,323.75,336.9,320.45,333.35,463188.0,47.37
2025-02-21,333.35,345.3,331.05,333.3,581968.0,38.84
2025-02-24,328.3,336.5,318.0,333.85,638108.0,54.18
2025-02-25,331.7,336.15,325.05,328.35,334185.0,48.22
2025-02-27,335.0,335.65,313.5,316.75,458504.0,55.88
2025-02-28,315.95,316.7,301.15,308.85,548082.0,42.51
2025-03-03,309.95,314.9,293.0,304.4,896356.0,44.97
2025-03-04,326.7,336.9,317.55,321.95,3045388.0,19.79
2025-03-05,324.0,337.7,321.0,333.95,717160.0,51.07
2025-03-06,338.85,350.75,338.0,345.95,1144129.0,55.48
2025-03-07,347.0,358.95,343.6,353.4,741659.0,45.87
2025-03-10,354.4,364.5,346.4,349.55,746532.0,46.95
2025-03-11,341.0,349.45,332.2,338.15,813986.0,48.62
2025-03-12,335.0,345.85,331.25,332.5,827328.0,54.49
2025-03-13,334.95,335.05,318.25,320.9,854509.0,54.36
2025-03-17,324.7,342.8,323.2,340.35,1268421.0,49.56
2025-03-18,343.4,368.0,342.0,356.7,1403605.0,36.1
2025-03-19,357.0,373.65,356.7,369.1,825849.0,46.6
2025-03-20,373.0,378.0,359.65,377.05,550078.0,36.1
2025-03-21,377.05,396.0,373.55,392.55,3855374.0,66.28
2025-03-24,398.0,424.35,390.45,419.4,1054386.0,42.78
2025-03-25,425.0,435.0,414.15,419.55,1346900.0,43.19
2025-03-26,419.95,424.65,407.1,410.7,652219.0,49.13
2025-03-27,409.25,419.5,400.35,408.9,632709.0,42.76
2025-03-28,414.2,427.3,406.95,410.5,569668.0,38.93
2025-04-01,403.9,410.4,393.45,396.8,547120.0,53.42
2025-04-02,397.95,399.9,389.05,397.2,300319.0,49.17
2025-04-03,390.0,411.65,383.0,401.15,518340.0,38.24
2025-04-04,399.0,401.0,382.0,387.95,467692.0,45.87
2025-04-07,318.7,363.3,318.7,358.85,1287892.0,38.67
2025-04-08,375.9,398.15,370.0,394.3,792428.0,29.09
2025-04-09,392.25,393.65,378.15,383.15,496796.0,36.55
2025-04-11,398.0,410.5,392.7,408.75,654616.0,39.22
2025-04-15,417.15,434.65,414.8,431.65,631987.0,45.12
2025-04-16,430.95,441.0,425.4,437.95,526146.0,39.34
2025-04-17,433.0,440.9,429.95,438.45,323148.0,41.62
2025-04-21,438.45,442.55,422.0,434.8,332987.0,41.22
2025-04-22,436.6,443.95,427.8,429.85,342377.0,48.74
2025-04-23,433.2,439.15,421.55,424.3,331221.0,46.08
2025-04-24,424.0,435.6,418.15,429.35,374961.0,46.45
2025-04-25,427.05,428.2,407.1,417.85,441175.0,35.96
2025-04-28,417.85,439.85,413.0,430.75,763323.0,47.61
2025-04-29,434.5,443.8,427.25,429.9,414218.0,41.31
2025-04-30,431.0,449.0,427.0,432.4,829835.0,53.09
2025-05-02,429.8,430.65,415.0,416.7,367116.0,42.93
2025-05-05,416.95,429.6,412.7,414.95,1175570.0,72.59
2025-05-06,412.6,419.95,396.15,398.35,443796.0,48.02
2025-05-07,394.0,409.9,390.9,407.6,325311.0,31.65
2025-05-08,409.0,422.0,394.1,404.45,722762.0,35.17
2025-05-09,390.0,401.95,387.05,399.1,410127.0,46.42
2025-05-12,418.0,429.6,417.15,423.3,1185592.0,62.09
2025-05-13,437.95,467.9,428.0,463.95,4472394.0,26.38
2025-05-14,467.95,485.9,460.3,475.5,1822222.0,29.36
2025-05-15,476.0,494.75,472.3,487.1,1593328.0,46.97
2025-05-16,492.0,499.8,488.05,491.3,1377779.0,51.22
2025-05-19,493.45,509.8,493.0,497.95,1338240.0,57.87
2025-05-20,500.0,501.0,479.05,480.3,1143470.0,64.55
2025-05-21,479.9,495.75,479.1,493.75,617658.0,42.67
2025-05-22,490.0,490.7,455.0,483.95,9614082.0,44.21
2025-05-23,480.0,488.6,465.0,486.65,2053808.0,48.74
2025-05-26,487.0,490.0,472.75,475.35,1256307.0,57.89
2025-05-27,475.35,480.3,474.55,477.5,619802.0,49.82
2025-05-28,478.0,493.7,478.0,489.1,1211651.0,47.72
2025-05-29,492.8,518.35,486.3,511.45,2693832.0,43.35
2025-05-30,516.0,527.3,515.05,520.9,2279192.0,66.8
2025-06-02,518.0,523.05,501.65,503.7,2203896.0,80.18
2025-06-03,508.0,514.0,498.1,500.6,694139.0,40.75
2025-06-04,501.75,512.05,499.05,507.1,418876.0,42.23
2025-06-05,510.0,517.95,505.75,514.85,590129.0,37.53
2025-06-06,514.75,515.15,495.55,497.35,577037.0,51.27
2025-06-09,500.1,503.9,495.55,497.95,409554.0,43.24
2025-06-10,498.0,502.2,492.35,494.65,392871.0,56.97
2025-06-11,496.0,524.8,493.65,511.5,2506047.0,52.8
2025-06-12,510.3,514.8,494.1,496.95,767867.0,65.39
2025-06-13,485.15,512.0,481.05,506.85,765154.0,42.24
2025-06-16,508.0,512.5,490.75,510.65,556994.0,43.25
2025-06-17,510.65,522.3,505.8,518.85,666830.0,44.88
2025-06-18,521.0,533.0,511.4,525.45,1671018.0,35.4
2025-06-19,525.45,532.0,510.3,514.8,969305.0,32.53
2025-06-20,520.0,528.0,512.75,515.1,877353.0,36.25
2025-06-23,511.5,526.5,505.1,517.8,497138.0,35.14
2025-06-24,520.8,526.8,511.0,512.75,448498.0,51.96
2025-06-25,514.85,523.0,510.8,520.25,534866.0,49.78
2025-06-26,520.5,546.05,517.25,540.15,2295364.0,45.09
2025-06-27,550.0,552.75,499.25,505.25,3415277.0,43.5
2025-06-30,507.85,511.9,497.05,499.5,899176.0,46.54
2025-07-01,501.9,507.95,498.0,499.55,491186.0,48.34
2025-07-02,497.1,502.45,494.5,499.25,384495.0,35.55
2025-07-03,501.15,507.1,492.0,493.7,605803.0,37.56
2025-07-04,491.95,498.5,490.1,494.55,282029.0,44.41
2025-07-07,493.05,495.0,486.15,487.55,434707.0,69.77
2025-07-08,487.9,491.7,476.8,479.95,777665.0,61.34
2025-07-09,479.95,496.75,476.95,495.55,448943.0,42.49
2025-07-10,498.0,507.0,496.7,500.15,818573.0,44.66
2025-07-11,499.95,502.35,485.1,487.95,447436.0,48.5
2025-07-14,489.95,496.0,484.2,494.3,516375.0,39.49
2025-07-15,495.0,500.4,493.2,496.7,360930.0,47.53
2025-07-16,496.7,499.95,493.0,495.55,285241.0,44.31
2025-07-17,495.55,505.5,495.0,499.1,381030.0,45.43
2025-07-18,502.0,502.3,491.25,496.85,389452.0,36.14
2025-07-21,494.0,498.0,489.0,494.7,242857.0,44.93
2025-07-22,495.0,500.9,487.15,489.6,263084.0,49.19
2025-07-23,491.0,492.85,481.05,483.45,379696.0,56.56
2025-07-24,484.5,485.7,476.05,480.1,347854.0,55.89
2025-07-25,476.1,480.1,467.15,468.55,511615.0,51.89
2025-07-28,460.0,471.9,453.1,467.05,939942.0,52.51
2025-07-29,465.0,497.75,462.05,489.75,932002.0,50.43
2025-07-30,490.2,519.0,487.0,516.2,1777181.0,50.26
2025-07-31,508.0,524.2,500.1,510.1,1586663.0,54.6
2025-08-01,510.1,518.7,498.7,504.95,678968.0,54.04
2025-08-04,511.85,518.85,502.5,512.1,786660.0,50.34
2025-08-05,512.05,517.85,502.2,505.05,648728.0,59.32
2025-08-06,506.95,523.8,502.0,512.4,2057903.0,33.74
2025-08-07,511.75,511.75,494.15,508.0,1026314.0,45.84
2025-08-08,507.6,509.8,466.25,472.85,1548879.0,59.44
2025-08-11,487.0,502.95,478.0,500.25,1401106.0,41.14
2025-08-12,501.9,502.5,492.0,494.05,399090.0,55.67
2025-08-13,492.25,507.95,491.0,505.8,549769.0,56.71
2025-08-14,505.0,514.4,504.3,508.55,479492.0,44.16
2025-08-18,520.0,521.95,499.55,511.7,658317.0,52.65
2025-08-19,514.85,522.0,506.0,520.75,636557.0,57.62
2025-08-20,520.0,523.8,511.0,511.9,266369.0,48.63
2025-08-21,513.45,520.75,510.1,513.0,324661.0,44.65
2025-08-22,516.25,530.65,512.3,517.95,1094574.0,52.1
2025-08-25,519.95,529.2,517.25,520.75,542782.0,41.04
2025-08-26,520.75,522.75,495.6,498.9,1019353.0,58.02
2025-08-28,499.95,508.8,493.0,504.0,442011.0,56.23
2025-08-29,504.0,508.0,496.0,501.85,402992.0,47.44
2025-09-01,500.0,515.0,499.8,513.1,334176.0,50.64
2025-09-02,513.05,518.65,508.3,513.35,857263.0,77.64
2025-09-03,518.0,560.0,515.95,551.35,5502113.0,30.11
2025-09-04,556.1,558.5,536.25,538.55,866999.0,40.04
2025-09-05,539.0,567.0,535.55,549.55,1564465.0,41.64
2025-09-08,549.85,565.75,541.0,564.45,1047860.0,54.64
2025-09-09,564.05,566.85,545.95,548.45,655268.0,53.0
2025-09-10,551.0,564.9,551.0,553.85,417999.0,45.49
2025-09-11,554.0,565.0,550.15,552.9,391763.0,44.17
2025-09-12,553.0,576.0,546.35,551.65,724351.0,30.61
2025-09-15,547.0,559.9,545.1,549.5,450612.0,45.29
2025-09-16,551.0,563.5,535.5,543.95,654815.0,46.03
2025-09-17,545.9,554.55,530.25,538.05,590138.0,54.9
2025-09-18,539.75,544.8,525.2,534.2,673839.0,56.56
2025-09-19,533.6,560.0,532.0,553.45,1237944.0,64.22
2025-09-22,554.95,558.25,540.0,541.95,407823.0,52.7
2025-09-23,541.9,555.0,541.1,553.15,332580.0,46.13
2025-09-24,553.05,577.9,543.05,574.15,1330146.0,40.53
2025-09-25,576.15,579.4,570.1,575.4,599638.0,40.98
2025-09-26,573.4,586.7,565.2,573.15,1003826.0,39.32
2025-09-29,573.0,582.95,568.05,576.45,562407.0,41.1
2025-09-30,576.5,593.9,575.45,590.85,822964.0,50.27
2025-10-01,590.25,602.8,583.05,598.35,1113980.0,43.93
2025-10-03,604.0,659.75,603.45,642.85,4769734.0,22.32
2025-10-06,643.9,650.0,631.05,636.5,636320.0,41.27
2025-10-07,640.0,641.0,626.95,632.55,899396.0,64.68
2025-10-08,631.0,636.3,616.7,618.8,551995.0,57.44
2025-10-09,618.0,630.0,605.9,611.35,423586.0,46.5
2025-10-10,612.5,615.9,596.7,600.4,444899.0,51.91
2025-10-13,597.0,607.15,590.9,595.35,308152.0,43.43
2025-10-14,597.0,607.0,582.7,600.75,847180.0,55.01
2025-10-15,602.0,640.1,595.0,634.6,1117383.0,47.43
2025-10-16,636.0,643.6,629.5,637.3,716052.0,53.18
2025-10-17,633.8,668.7,628.85,657.6,1819855.0,54.03
2025-10-20,651.0,655.1,636.95,645.9,518581.0,47.34
2025-10-21,648.7,658.45,648.0,652.0,123368.0,42.31
2025-10-22,648.7,658.45,648.0,652.0,123368.0,42.31
2025-10-23,652.0,665.4,640.1,646.4,668056.0,45.06
2025-10-24,644.8,661.0,640.0,642.0,523742.0,51.35
2025-10-27,642.0,664.5,635.3,645.8,560517.0,35.29
2025-10-28,645.8,652.25,640.25,648.45,257738.0,41.46
2025-10-29,647.0,679.0,645.1,669.15,1304792.0,35.61
2025-10-30,666.0,693.0,652.85,683.8,1628470.0,39.39
2025-10-31,719.0,787.0,715.0,774.9,16850141.0,12.08
2025-11-03,764.55,849.95,762.7,816.35,10778867.0,16.45
2025-11-04,806.05,839.0,800.4,820.05,3630059.0,32.4
2025-11-05,806.05,839.0,800.4,820.05,3630059.0,32.4
2025-11-06,814.05,823.0,794.05,797.85,1336345.0,44.55
2025-11-07,793.5,797.8,770.0,780.6,1103578.0,45.9
2025-11-10,779.0,792.25,752.6,784.35,1241031.0,41.01
2025-11-11,784.35,809.35,771.0,777.85,1162929.0,36.3
2025-11-12,773.0,830.8,772.85,820.35,1148115.0,36.0
2025-11-13,820.0,821.0,768.0,777.45,796532.0,42.24
2025-11-14,773.15,789.05,758.8,785.7,884707.0,37.76
2025-11-17,789.05,801.15,780.7,784.6,514303.0,42.45
2025-11-18,782.0,782.3,758.4,766.05,971475.0,60.25
2025-11-19,761.5,767.7,745.0,762.2,718478.0,49.54
2025-11-20,766.0,780.0,755.0,758.8,1176972.0,32.3
2025-11-21,755.0,755.65,719.8,724.8,1230115.0,56.28
2025-11-24,725.0,778.85,710.7,763.5,3885029.0,38.86
2025-11-25,769.15,776.0,758.1,760.65,684379.0,40.35
2025-11-26,762.85,799.0,760.7,795.65,1391070.0,32.65
2025-11-27,797.0,811.7,785.15,795.3,824714.0,40.36
2025-11-28,792.65,794.05,775.0,776.95,320450.0,36.79
2025-12-01,776.9,801.45,775.35,792.65,604530.0,40.25
2025-12-02,790.6,800.0,784.0,792.45,456655.0,41.92
2025-12-03,796.0,798.0,761.75,764.25,460171.0,38.48
2025-12-04,764.5,779.6,721.3,725.35,1191773.0,48.86
2025-12-05,726.2,730.8,689.8,696.7,979007.0,44.88
2025-12-08,692.9,698.65,669.15,674.8,920899.0,43.29
2025-12-09,671.1,705.0,660.75,693.7,818399.0,23.81
2025-12-10,695.0,704.0,677.0,680.7,438871.0,41.84
2025-12-11,679.0,689.3,667.2,678.75,410639.0,37.05
2025-12-12,678.4,703.65,675.05,687.1,694536.0,31.65
2025-12-15,688.0,700.4,681.8,697.1,353756.0,33.99
2025-12-16,690.3,695.0,683.2,689.15,258111.0,48.95
2025-12-17,689.0,725.0,683.1,716.8,1135091.0,29.62
2025-12-18,713.25,725.0,690.2,697.35,912642.0,38.75
2025-12-19,702.95,721.8,694.85,716.1,776588.0,41.16
2025-12-22,720.0,745.0,714.05,743.0,792019.0,33.75
2025-12-23,743.0,743.05,721.25,731.95,421468.0,39.09
2025-12-24,730.0,734.95,719.0,721.1,352117.0,40.48
2025-12-25,730.0,734.95,719.0,721.1,352117.0,40.48
2025-12-26,721.1,734.5,707.65,710.6,371364.0,38.01
2025-12-29,709.0,720.65,687.0,693.9,766459.0,56.75
2025-12-30,693.0,708.0,690.35,702.75,422698.0,55.21
2025-12-31,705.0,707.7,691.0,702.05,366745.0,46.8
2026-01-01,701.4,705.2,667.55,673.75,1040556.0,58.89
2026-01-02,677.95,689.65,674.25,684.75,473248.0,51.22
2026-01-05,685.0,699.0,679.35,694.3,339094.0,44.78
2026-01-06,694.0,702.65,685.4,688.45,528370.0,50.19
2026-01-07,688.45,725.8,686.95,700.4,1147670.0,23.52
2026-01-08,700.1,719.9,685.5,689.4,697787.0,37.45
2026-01-09,689.4,704.45,667.25,672.1,797059.0,38.83
2026-01-12,670.0,670.0,644.0,654.4,919015.0,43.9
2026-01-13,654.95,690.0,651.3,687.3,643949.0,36.24
2026-01-14,687.45,688.0,670.1,678.1,405376.0,48.69
2026-01-15,687.45,688.0,670.1,678.1,405376.0,48.69
2026-01-16,677.35,685.0,662.15,668.0,407309.0,50.48
2026-01-19,664.2,680.35,656.15,658.95,424889.0,35.83
2026-01-20,657.5,663.9,630.35,640.65,825690.0,41.38
2026-01-21,635.0,644.5,624.1,635.1,567116.0,32.18
2026-01-22,639.85,645.3,628.05,631.3,294367.0,43.74
2026-01-23,633.7,640.5,615.35,624.3,493903.0,57.8
2026-01-26,633.7,640.5,615.35,624.3,493903.0,57.8
2026-01-27,622.05,638.0,602.4,627.5,704979.0,56.06
2026-01-28,633.1,658.4,631.0,655.2,515637.0,46.8
2026-01-29,659.9,680.0,651.4,676.9,731212.0,36.48
2026-01-30,661.0,767.95,642.3,729.5,4788877.0,28.64
2026-02-02,737.2,755.4,717.35,749.65,787755.0,34.66
2026-02-03,810.0,840.0,791.55,817.45,2850536.0,50.6
2026-02-04,812.0,830.05,797.25,821.5,961076.0,49.25
2026-02-05,815.0,844.45,806.0,809.6,1239265.0,43.41
2026-02-06,809.5,809.5,770.5,783.3,1224011.0,67.5
2026-02-09,795.25,814.55,790.0,799.5,649982.0,49.48
2026-02-10,800.0,888.8,794.25,852.2,4348735.0,29.63
2026-02-11,857.0,875.0,844.65,869.95,1876807.0,45.86
2026-02-12,873.0,874.45,841.3,846.5,496295.0,37.94
2026-02-13,829.1,851.8,826.5,834.45,412980.0,34.43
2026-02-16,833.15,876.0,828.0,859.1,923164.0,42.57
2026-02-17,857.05,876.0,842.2,868.3,607603.0,30.02
2026-02-18,870.0,888.9,860.15,870.8,1183257.0,32.32
2026-02-19,879.0,919.9,866.5,884.1,1869134.0,33.08
2026-02-20,880.0,899.0,870.0,882.55,551467.0,36.36
2026-02-23,885.6,933.0,883.0,903.8,2511515.0,35.82
2026-02-24,905.1,911.95,884.3,888.2,984831.0,49.53
2026-02-25,892.0,899.0,863.8,878.9,882288.0,38.83
2026-02-26,880.05,889.75,876.0,881.55,471363.0,50.13
2026-02-27,880.0,922.0,875.6,903.3,1423934.0,40.04
2026-03-02,840.0,902.95,831.0,889.85,1107680.0,38.74
2026-03-03,840.0,902.95,831.0,889.85,1107680.0,38.74
2026-03-04,870.0,898.0,866.35,876.45,1053119.0,46.45
2026-03-05,879.7,900.55,862.5,884.3,615883.0,34.35
2026-03-06,889.4,908.4,872.9,878.75,698395.0,32.54
2026-03-09,851.25,860.85,829.05,845.4,650792.0,43.23
2026-03-10,854.9,863.75,810.5,815.35,1017663.0,45.19
2026-03-11,817.0,842.5,798.0,802.65,722554.0,45.4
2026-03-12,802.5,820.8,778.8,812.6,848159.0,32.75
2026-03-13,812.0,822.4,773.55,780.5,957855.0,35.83
2026-03-16,773.0,799.95,765.0,794.85,622769.0,36.09
2026-03-17,796.4,824.9,785.0,817.25,515730.0,40.08
2026-03-18,822.0,849.95,819.35,836.5,503691.0,41.19
2026-03-19,819.0,839.6,803.35,833.5,507915.0,40.69
2026-03-20,839.05,875.65,838.0,863.25,908057.0,36.21
2026-03-23,840.0,853.5,803.65,819.7,781166.0,36.36
2026-03-24,839.0,868.1,834.4,860.05,790092.0,43.33
2026-03-25,864.7,896.9,863.5,885.65,1095577.0,44.15
2026-03-26,864.7,896.9,863.5,885.65,1095577.0,44.15
2026-03-27,875.5,879.9,843.35,848.8,480723.0,44.0
2026-03-30,840.0,868.85,836.0,851.35,640775.0,46.14
2026-03-31,840.0,868.85,836.0,851.35,640775.0,46.14
2026-04-01,870.05,886.8,856.5,862.6,1004726.0,46.8
2026-04-02,850.1,878.0,826.0,863.4,705092.0,32.63
2026-04-03,850.1,878.0,826.0,863.4,705092.0,32.63
2026-04-06,864.6,895.0,859.05,879.0,1179981.0,46.07
2026-04-07,881.7,885.0,861.25,880.25,896766.0,42.09
2026-04-08,913.7,928.65,875.0,884.6,1919104.0,36.87
2026-04-09,888.0,912.05,872.05,877.5,822307.0,42.74
2026-04-10,886.0,954.0,882.75,926.6,3850499.0,28.49
2026-04-13,915.0,939.0,905.7,915.55,1551454.0,35.06
2026-04-14,915.0,939.0,905.7,915.55,1551454.0,35.06
2026-04-15,930.0,965.7,920.1,941.9,2384608.0,42.28
2026-04-16,957.9,983.9,949.75,970.75,2233725.0,40.92
2026-04-17,978.0,1009.0,975.65,996.9,1447248.0,42.01
2026-04-20,996.9,1049.7,995.0,1030.7,1991662.0,43.46
2026-04-21,1036.0,1044.9,1009.2,1017.45,983138.0,41.46
2026-04-22,1017.45,1066.9,1005.1,1062.7,1014470.0,40.84
2026-04-23,1063.0,1104.35,1053.75,1070.45,1237266.0,41.87
2026-04-24,1079.0,1119.2,1060.2,1112.85,1951004.0,40.65
2026-04-27,1126.5,1131.15,1075.0,1089.8,1455211.0,35.61
2026-04-28,1093.0,1154.8,1092.0,1145.55,1214816.0,39.85
2026-04-29,1153.0,1195.0,1130.1,1146.5,1378100.0,36.99
2026-04-30,1144.0,1173.0,1126.0,1152.7,1469140.0,57.27
2026-05-01,1144.0,1173.0,1126.0,1152.7,1469140.0,57.27
2026-05-04,1169.9,1175.0,1140.3,1162.5,628040.0,33.65
2026-05-05,1162.9,1188.9,1152.1,1176.8,614347.0,33.48
2026-05-06,1183.9,1194.1,1135.6,1164.2,901526.0,39.3
2026-05-07,1165.0,1289.2,1164.1,1245.3,2804318.0,35.44
2026-05-08,1249.7,1277.9,1213.0,1219.6,947980.0,40.46
2026-05-11,1217.5,1217.5,1140.5,1178.7,1615973.0,49.62
2026-05-12,1174.0,1219.0,1158.0,1166.9,845703.0,43.03
2026-05-13,1165.0,1198.8,1155.0,1175.9,666186.0,52.27
2026-05-14,1185.8,1198.0,1172.1,1184.0,711130.0,51.46
2026-05-15,1199.5,1336.8,1125.3,1311.3,8793796.0,22.26
2026-05-18,1329.0,1361.0,1255.1,1328.0,4015270.0,21.43
2026-05-19,1260.0,1289.9,1211.0,1256.3,3334954.0,34.22
2026-05-20,1240.0,1250.0,1217.3,1231.2,1201219.0,41.06
2026-05-21,1243.5,1310.0,1241.5,1302.1,2062899.0,41.77
2026-05-22,1310.0,1310.0,1266.4,1295.0,647872.0,43.9
2026-05-25,1310.0,1329.0,1281.7,1301.8,924721.0,43.69
2026-05-26,1304.0,1375.0,1296.6,1367.2,1026482.0,40.65
2026-05-27,1377.4,1379.6,1284.6,1331.5,1509265.0,40.8
2026-05-28,1377.4,1379.6,1284.6,1331.5,1509265.0,40.8
2026-05-29,1305.0,1359.0,1275.5,1318.6,1542801.0,38.97
2026-06-01,1318.7,1320.5,1220.0,1230.7,2017628.0,65.27
2026-06-02,1220.0,1249.9,1193.0,1235.0,1901054.0,65.55
2026-06-03,1244.0,1309.5,1241.4,1286.3,1309216.0,39.83
2026-06-04,1288.0,1356.0,1286.0,1325.5,1115238.0,49.13
2026-06-05,1340.0,1354.8,1303.1,1312.8,686757.0,47.1
2026-06-08,1280.1,1304.7,1198.3,1225.8,1053062.0,49.12
2026-06-09,1234.9,1241.5,1201.0,1231.0,978105.0,45.06
2026-06-10,1230.0,1230.0,1141.0,1153.3,1880631.0,52.46
2026-06-11,1145.2,1185.5,1115.0,1126.0,1494841.0,56.02
2026-06-12,1158.0,1199.8,1133.3,1192.8,1038875.0,42.53
2026-06-15,1222.6,1223.2,1169.0,1196.6,1000632.0,45.57
2026-06-16,1202.0,1207.6,1164.7,1169.5,749583.0,53.88
2026-06-17,1169.0,1239.9,1165.5,1230.5,848338.0,41.05
2026-06-18,1231.4,1290.0,1213.0,1269.0,979242.0,42.15
2026-06-19,1273.8,1290.0,1264.1,1272.7,508115.0,44.33
2026-06-22,1284.0,1337.9,1259.9,1326.5,933240.0,46.79
2026-06-23,1334.0,1374.0,1320.1,1354.1,1474928.0,39.8
2026-06-24,1355.9,1364.0,1244.1,1262.9,2033071.0,41.81
2026-06-25,1274.0,1282.9,1246.0,1255.1,799378.0,50.79
2026-06-26,1274.0,1282.9,1246.0,1255.1,799378.0,50.79
2026-06-29,1246.0,1255.1,1185.0,1233.0,838888.0,49.3
2026-06-30,1244.0,1272.3,1214.4,1238.3,961639.0,45.74
2026-07-01,1238.3,1259.9,1185.0,1193.3,1046796.0,57.34
2026-07-02,1204.8,1213.2,1162.0,1191.0,746935.0,41.41
2026-07-03,1200.0,1203.7,1075.0,1091.8,2496289.0,54.1
2026-07-06,1097.2,1182.0,1095.7,1174.2,2017728.0,38.43
2026-07-07,1175.1,1177.7,1104.0,1120.7,994456.0,45.57
2026-07-08,1103.2,1119.4,1070.0,1080.0,1616851.0,45.9
2026-07-09,1089.0,1110.0,1071.4,1090.0,906063.0,51.53
2026-07-10,1114.5,1159.0,1105.4,1150.2,1091385.0,42.75
2026-07-13,1140.0,1184.0,1119.8,1152.2,770736.0,51.3
2026-07-14,1145.0,1147.0,1121.6,1125.0,527762.0,47.73
2026-07-15,1131.0,1182.0,1130.8,1174.2,728357.0,42.22
2026-07-16,1180.0,1180.9,1124.0,1127.1,865491.0,50.03
2026-07-17,1127.1,1136.9,1102.1,1127.7,566401.0,47.34
2026-07-20,1125.0,1157.0,1120.5,1141.1,359907.0,48.47
2026-07-21,1139.0,1146.1,1124.4,1129.2,279905.0,52.5
2026-07-22,1133.9,1173.0,1133.9,1160.7,557333.0,41.49
2026-07-23,1153.9,1165.7,1136.5,1139.4,471004.0,50.6
2026-07-24,1127.0,1144.0,1110.0,1113.6,634662.0,61.6
2026-07-27,1121.0,1153.8,1111.1,1141.5,336514.0,42.26
2026-07-28,1140.0,1140.0,1090.4,1114.8,661901.0,46.72
2026-07-29,1120.0,1124.9,1029.7,1036.0,2186182.0,57.13
2026-07-30,1036.0,1068.5,930.0,1057.2,4896191.0,41.44
2026-07-31,1110.0,1151.6,1086.9,1131.0,2306328.0,41.34
2026-08-03,1145.0,1152.7,1106.1,1112.4,711212.0,46.62
2026-08-04,1117.0,1151.5,1117.0,1127.5,647536.0,42.55
2026-08-05,1142.0,1207.0,1131.2,1201.9,1950548.0,51.71
2026-08-06,1210.0,1250.8,1181.1,1227.7,1125206.0,39.45
2026-08-07,1231.0,1270.0,1215.0,1260.9,1236722.0,51.8
2026-08-10,1261.0,1285.2,1221.2,1236.4,1054444.0,48.97
2026-08-11,1240.1,1284.0,1221.0,1275.6,1262968.0,48.7
2026-08-12,1395.0,1530.0,1358.4,1480.1,11127581.0,22.89
2026-08-13,1495.0,1511.0,1445.0,1481.6,2220708.0,32.25
2026-08-14,1481.0,1505.0,1464.0,1484.6,759298.0,42.18
2026-08-19,1580.0,1588.6,1530.1,1545.6,1371248.0,50.01
2026-08-20,1545.6,1549.3,1495.4,1507.5,1106295.0,52.3
2026-08-21,1511.0,1540.8,1490.0,1534.8,1378044.0,44.34
2026-08-24,775.0,793.5,760.7,780.1,1410792.0,44.13
2026-08-25,780.2,782.5,719.0,729.4,1939751.0,44.96
2026-08-26,734.0,747.3,722.4,727.8,1060459.0,44.28
2026-08-27,730.2,765.5,730.2,740.6,2552484.0,38.86
2026-08-28,748.9,761.9,746.1,752.7,955212.0,45.76
2026-08-31,760.0,792.4,751.4,777.0,3155375.0,58.06
2026-09-01,778.5,780.9,751.0,758.05,1152758.0,36.86
2026-09-02,753.0,758.9,733.0,735.05,1116065.0,53.14
2026-09-03,739.7,760.95,717.2,722.55,1644894.0,44.77
2026-09-04,723.0,742.8,717.95,740.1,1283741.0,52.88
2026-09-07,740.0,754.7,728.1,734.15,925420.0,46.66
2026-09-08,736.0,778.85,736.0,768.8,2089519.0,37.36
2026-09-09,769.8,787.6,752.0,755.1,1286601.0,40.95
2026-09-10,756.0,772.0,748.25,762.75,1289222.0,47.18
2026-09-11,760.0,812.8,743.05,804.9,4284956.0,45.69
2026-09-14,760.0,812.8,743.05,804.9,4284956.0,45.69
2026-09-15,814.15,817.55,720.1,725.5,5769493.0,42.34
2026-09-16,728.75,729.05,680.0,696.0,4260675.0,32.46
2026-09-17,701.4,723.8,691.55,722.1,2030402.0,38.9
2026-09-18,726.0,770.0,725.15,763.75,3139171.0,46.75
2026-09-21,740.0,759.6,736.05,747.3,1983807.0,46.36
2026-09-22,754.0,763.25,743.35,756.4,1714771.0,43.85
2026-09-23,760.0,783.35,752.15,765.5,1842284.0,39.47
2026-09-24,758.0,765.4,738.15,742.0,1289189.0,51.22
2026-09-25,743.0,763.5,737.1,751.55,1040836.0,41.16
2026-09-28,730.05,737.8,711.15,722.0,2434320.0,46.99
2026-09-29,719.0,799.0,714.0,777.35,7602887.0,63.82
2026-09-30,783.0,801.0,770.15,786.05,2612869.0,41.27
