,Open,High,Low,Close,Volume,DeliveryPct
2016-08-22,127.95,127.95,122.65,123.25,45212.0,
2016-08-23,122.5,125.5,121.6,124.65,41936.0,
2016-08-24,124.5,128.2,123.2,126.7,51400.0,
2016-08-25,126.7,128.05,124.25,124.8,26970.0,
2016-08-26,125.2,126.0,122.0,122.85,33815.0,
2016-08-29,120.8,128.0,120.8,125.65,70348.0,
2016-08-30,125.8,128.0,123.0,123.9,76486.0,
2016-08-31,125.35,127.0,122.9,125.2,96267.0,
2016-09-01,125.25,129.75,124.0,128.95,143363.0,
2016-09-02,128.95,135.7,115.0,123.15,924900.0,
2016-09-06,127.0,130.0,125.3,125.95,298581.0,
2016-09-07,126.9,126.9,123.0,124.15,100468.0,
2016-09-08,125.6,129.0,123.2,125.85,226227.0,
2016-09-09,126.3,126.4,124.05,124.85,57380.0,
2016-09-12,121.05,124.75,116.4,118.55,125551.0,
2016-09-14,119.75,121.75,118.0,118.85,108385.0,
2016-09-15,119.05,120.0,117.2,117.75,62612.0,
2016-09-16,118.2,123.3,117.5,122.3,243883.0,
2016-09-19,122.0,122.0,118.2,119.4,118982.0,
2016-09-20,120.7,121.4,118.75,119.35,96520.0,
2016-09-21,119.95,121.7,118.65,120.6,35634.0,
2016-09-22,121.85,126.7,119.5,124.85,142488.0,
2016-09-23,124.45,126.0,120.5,122.15,54472.0,
2016-09-26,121.05,123.85,119.5,119.75,31185.0,
2016-09-27,119.0,124.0,118.8,121.55,54069.0,
2016-09-28,121.95,122.8,120.2,120.95,26850.0,
2016-09-29,121.0,122.0,117.9,120.55,150354.0,
2016-09-30,119.4,123.5,118.1,122.95,86059.0,
2016-10-03,123.25,125.75,122.1,123.0,41530.0,
2016-10-04,124.95,127.0,121.2,125.85,57340.0,
2016-10-05,126.2,128.6,125.0,125.65,55129.0,
2016-10-06,127.05,127.65,122.5,123.25,38645.0,
2016-10-07,122.6,123.9,122.0,123.3,19267.0,
2016-10-10,124.5,124.9,121.75,123.6,34928.0,
2016-10-13,124.9,124.9,121.4,122.15,26863.0,
2016-10-14,123.05,124.9,121.0,123.1,28184.0,
2016-10-17,121.05,124.0,121.05,123.0,17739.0,
2016-10-18,122.5,128.95,122.5,125.55,58523.0,
2016-10-19,126.7,130.5,123.3,127.8,88917.0,
2016-10-20,129.95,129.95,124.55,126.05,59530.0,
2016-10-21,126.55,130.0,125.05,127.9,170505.0,
2016-10-24,128.05,129.85,126.55,127.2,28518.0,
2016-10-25,128.7,128.9,125.2,126.3,29480.0,
2016-10-26,126.05,127.75,124.9,125.45,22271.0,
2016-10-27,125.05,127.15,124.5,126.0,24703.0,
2016-10-28,125.25,127.6,124.6,127.1,26170.0,
2016-11-01,125.15,128.35,125.15,127.1,20001.0,
2016-11-02,126.5,127.5,125.9,127.0,126808.0,
2016-11-03,127.0,128.15,126.5,127.0,34017.0,
2016-11-04,127.5,128.0,127.0,127.35,332368.0,
2016-11-07,128.95,129.0,123.5,126.4,25853.0,
2016-11-08,128.95,128.95,127.0,127.15,19246.0,
2016-11-09,120.0,127.5,119.5,126.4,70625.0,
2016-11-10,127.6,128.0,126.75,127.0,26910.0,
2016-11-11,127.9,127.95,125.2,127.2,70500.0,
2016-11-15,125.0,126.95,120.7,121.8,116802.0,
2016-11-16,127.7,127.7,120.4,121.5,29368.0,
2016-11-17,121.5,122.7,118.25,119.7,159380.0,
2016-11-18,119.05,119.75,115.55,118.15,21627.0,
2016-11-21,117.3,120.4,114.5,116.4,22944.0,
2016-11-22,117.95,119.75,114.35,119.15,78661.0,
2016-11-23,119.15,120.0,118.2,118.7,25348.0,
2016-11-24,119.05,120.9,118.05,119.25,77295.0,
2016-11-25,119.8,120.1,118.25,118.55,771520.0,
2016-11-28,118.2,121.9,116.15,117.05,194172.0,
2016-11-29,119.85,120.15,116.0,117.0,294958.0,
2016-11-30,117.05,117.9,115.0,116.0,28379.0,
2016-12-01,117.1,117.1,114.9,115.15,19144.0,
2016-12-02,114.95,116.85,112.35,115.75,75043.0,
2016-12-05,117.25,117.25,114.0,114.9,21352.0,
2016-12-06,116.35,116.7,114.8,116.1,9221.0,
2016-12-07,116.15,117.3,115.8,116.85,7108.0,
2016-12-08,115.3,119.0,115.3,117.95,24483.0,
2016-12-09,118.0,121.25,117.55,119.65,23424.0,
2016-12-12,119.7,120.35,117.0,119.0,12595.0,
2016-12-13,119.9,119.95,117.5,119.1,18927.0,
2016-12-14,118.15,120.0,117.65,117.95,8095.0,
2016-12-15,117.3,119.8,115.0,118.75,13424.0,
2016-12-16,118.15,119.55,117.15,118.4,6265.0,
2016-12-19,119.95,119.95,115.35,115.85,6067.0,
2016-12-20,116.3,117.25,115.0,116.65,10539.0,
2016-12-21,115.1,117.25,114.2,115.0,789027.0,
2016-12-22,113.55,117.1,113.55,116.65,13467.0,
2016-12-23,116.05,117.8,114.65,114.85,27645.0,
2016-12-26,114.75,117.45,113.35,114.5,49368.0,
2016-12-27,113.3,116.1,113.3,114.4,140315.0,
2016-12-28,115.8,117.9,114.35,117.4,176337.0,
2016-12-29,116.5,120.7,116.15,118.8,84119.0,
2016-12-30,118.05,120.4,117.2,118.85,35163.0,
2017-01-02,121.95,121.95,117.3,119.5,5032.0,
2017-01-03,119.9,121.0,117.7,120.3,114963.0,
2017-01-04,120.45,122.0,118.5,119.65,59938.0,
2017-01-05,120.4,121.4,118.55,119.4,10016.0,
2017-01-06,122.0,122.0,117.95,118.45,182690.0,
2017-01-09,118.25,119.8,117.5,117.75,140129.0,
2017-01-10,118.95,121.5,117.9,119.45,134474.0,
2017-01-11,120.0,121.35,118.25,119.65,182023.0,
2017-01-12,120.95,120.95,118.5,118.7,147160.0,
2017-01-13,118.75,120.7,116.85,117.5,38373.0,
2017-01-16,118.0,118.4,112.15,113.2,141422.0,
2017-01-17,113.8,116.0,113.0,115.8,63997.0,
2017-01-18,115.65,116.0,114.0,114.3,17354.0,
2017-01-19,115.1,116.5,115.0,116.1,61912.0,
2017-01-20,115.2,120.0,115.2,117.75,58639.0,
2017-01-23,118.0,119.0,116.55,118.3,11946.0,
2017-01-24,118.3,119.9,117.7,119.15,22952.0,
2017-01-25,118.15,120.7,117.15,120.15,133497.0,
2017-01-27,122.0,122.0,119.0,120.05,135366.0,
2017-01-30,121.0,121.9,119.55,120.0,329111.0,
2017-01-31,121.45,121.45,119.15,120.25,79425.0,
2017-02-01,119.05,121.0,117.3,120.0,36581.0,
2017-02-02,119.4,121.0,118.3,119.05,134007.0,
2017-02-03,120.65,126.0,119.35,125.75,147699.0,
2017-02-06,130.0,130.0,126.3,127.65,49787.0,
2017-02-07,127.5,128.9,125.0,125.3,17480.0,
2017-02-08,127.95,128.05,123.0,124.65,40903.0,
2017-02-09,129.0,129.0,125.7,128.5,90421.0,
2017-02-10,128.5,128.75,124.4,124.8,34809.0,
2017-02-13,122.3,127.75,122.3,126.95,42221.0,
2017-02-14,127.0,128.0,124.65,125.3,23853.0,
2017-02-15,127.0,127.0,122.75,123.4,30009.0,
2017-02-16,124.0,124.95,122.45,124.1,17720.0,
2017-02-17,124.6,125.5,122.0,123.0,39054.0,
2017-02-20,124.85,125.0,122.0,123.35,62168.0,
2017-02-21,123.35,124.9,121.6,122.05,25972.0,
2017-02-22,123.0,124.3,121.35,122.9,24610.0,
2017-02-23,122.9,124.85,121.65,122.5,33419.0,
2017-02-27,124.5,124.85,121.6,122.9,29336.0,
2017-02-28,122.85,123.45,120.15,120.45,21450.0,
2017-03-01,122.4,122.4,120.0,121.75,18988.0,
2017-03-02,121.15,123.0,120.1,121.75,28395.0,
2017-03-03,121.0,124.4,121.0,122.5,26349.0,
2017-03-06,120.35,123.5,120.35,122.1,14522.0,
2017-03-07,122.0,123.0,121.5,122.35,15686.0,
2017-03-08,122.6,123.25,121.0,122.0,28532.0,
2017-03-09,121.15,123.5,120.95,123.1,28006.0,
2017-03-10,120.55,124.0,120.55,122.9,62441.0,
2017-03-14,123.05,125.45,122.35,123.25,36925.0,
2017-03-15,123.65,124.45,121.65,123.9,27478.0,
2017-03-16,124.65,127.0,122.65,123.65,123023.0,
2017-03-17,125.8,126.0,123.4,125.65,47544.0,
2017-03-20,126.9,127.0,124.4,124.95,95379.0,
2017-03-21,124.55,127.0,124.55,125.25,14287.0,
2017-03-22,122.25,127.6,122.25,127.0,39097.0,
2017-03-23,125.2,128.0,121.65,124.55,82610.0,
2017-03-24,125.0,126.95,124.1,125.25,48422.0,
2017-03-27,125.4,127.0,123.7,124.15,64825.0,
2017-03-28,126.45,128.15,124.25,127.65,65635.0,
2017-03-29,128.95,145.9,128.2,142.2,1250286.0,
2017-03-30,142.0,143.9,137.25,137.95,229193.0,
2017-03-31,137.0,147.3,135.85,144.9,369827.0,
2017-04-03,145.8,148.0,142.5,143.35,192653.0,
2017-04-05,143.0,144.8,140.05,141.0,89569.0,
2017-04-06,144.0,144.0,139.0,141.7,106681.0,
2017-04-07,141.0,145.9,139.3,139.9,109749.0,
2017-04-10,140.05,142.5,138.2,138.95,51113.0,
2017-04-11,140.05,142.85,138.6,139.5,60987.0,
2017-04-12,140.0,143.4,137.55,139.2,91804.0,
2017-04-13,141.0,141.0,138.2,139.4,43640.0,
2017-04-17,140.0,143.0,138.2,140.05,64771.0,
2017-04-18,141.95,141.95,135.0,136.55,94616.0,
2017-04-19,136.2,138.8,135.5,135.95,50265.0,
2017-04-20,137.95,142.0,136.0,139.5,162174.0,
2017-04-21,141.85,142.85,138.0,140.25,178785.0,
2017-04-24,141.9,142.9,140.0,140.35,104450.0,
2017-04-25,142.45,142.5,139.5,140.3,135993.0,
2017-04-26,140.0,141.8,139.0,139.15,84337.0,
2017-04-27,138.85,139.4,138.15,138.35,38579.0,
2017-04-28,139.65,139.65,137.2,137.75,30326.0,
2017-05-02,139.0,139.0,137.2,138.35,44778.0,
2017-05-03,136.05,141.7,136.0,138.55,72073.0,
2017-05-04,137.0,139.85,135.3,137.0,47621.0,
2017-05-05,137.05,138.95,136.05,137.65,38395.0,
2017-05-08,139.0,142.05,137.3,137.9,51727.0,
2017-05-09,139.95,140.0,136.3,138.2,40613.0,
2017-05-10,139.8,139.8,137.0,137.65,65583.0,
2017-05-11,138.9,138.9,136.6,138.1,26082.0,
2017-05-12,138.0,139.75,135.5,137.5,52525.0,
2017-05-15,138.45,140.1,137.1,139.35,92460.0,
2017-05-16,139.0,141.0,136.9,138.8,253487.0,
2017-05-17,138.9,139.7,137.25,138.3,44497.0,
2017-05-18,137.0,149.0,137.0,140.45,410077.0,
2017-05-19,139.1,142.8,132.0,133.35,168439.0,
2017-05-22,134.95,137.7,131.1,134.25,135379.0,
2017-05-23,135.45,136.35,127.0,135.2,172655.0,
2017-05-24,133.55,135.0,129.2,132.1,70934.0,
2017-05-25,132.6,138.2,130.0,135.45,97840.0,
2017-05-26,135.5,138.5,133.75,137.35,53427.0,
2017-05-29,137.35,138.5,133.05,137.9,46605.0,
2017-05-30,139.0,141.5,134.3,141.0,92507.0,
2017-05-31,141.0,142.6,135.4,137.45,91537.0,
2017-06-01,138.7,138.7,135.1,136.15,72888.0,
2017-06-02,137.5,139.75,133.1,138.95,54606.0,
2017-06-05,139.0,140.95,137.05,140.1,55080.0,
2017-06-06,140.85,141.4,137.5,140.2,38214.0,
2017-06-07,142.7,142.7,138.3,138.85,27876.0,
2017-06-08,141.7,141.7,136.5,137.55,25622.0,
2017-06-09,138.8,141.0,138.05,139.9,88304.0,
2017-06-12,139.9,141.1,137.0,139.7,130934.0,
2017-06-13,139.9,140.5,137.9,140.05,48106.0,
2017-06-14,139.75,139.9,137.0,137.5,35676.0,
2017-06-15,137.45,137.5,135.2,135.8,21005.0,
2017-06-16,137.0,140.5,135.9,139.9,44096.0,
2017-06-19,140.5,141.0,137.65,138.45,16671.0,
2017-06-20,139.95,140.0,137.05,138.55,20465.0,
2017-06-21,138.75,139.75,136.15,137.9,34496.0,
2017-06-22,137.2,141.0,137.2,140.45,171021.0,
2017-06-23,141.5,142.5,137.6,139.35,128659.0,
2017-06-27,139.2,142.0,137.95,139.55,104990.0,
2017-06-28,138.5,141.15,137.5,138.3,167492.0,
2017-06-29,138.4,140.9,138.05,139.4,41566.0,
2017-06-30,138.0,143.0,137.35,140.95,96142.0,
2017-07-03,142.0,142.8,139.7,142.0,34350.0,
2017-07-04,143.95,167.25,143.0,156.9,2489156.0,
2017-07-05,156.9,160.65,155.15,157.1,232163.0,
2017-07-06,157.4,159.7,152.55,154.05,130890.0,
2017-07-07,155.05,155.05,150.75,151.1,97754.0,
2017-07-10,150.0,150.0,146.5,147.3,18159.0,
2017-07-11,147.0,159.0,147.0,152.4,261300.0,
2017-07-12,152.4,156.8,148.65,155.8,156349.0,
2017-07-13,155.9,155.9,150.1,153.85,68601.0,
2017-07-14,154.05,154.05,150.5,151.65,37017.0,
2017-07-17,151.0,153.8,148.65,149.4,48799.0,
2017-07-18,150.0,150.0,141.8,142.6,82720.0,
2017-07-19,143.25,147.3,142.9,145.15,64184.0,
2017-07-20,144.05,148.45,143.2,144.75,79826.0,
2017-07-21,145.45,146.8,141.05,142.1,50959.0,
2017-07-24,142.5,144.5,141.75,142.1,42150.0,
2017-07-25,142.8,144.25,141.0,141.75,27151.0,
2017-07-26,141.65,145.4,138.95,141.75,35732.0,
2017-07-27,142.95,149.4,141.2,146.75,130016.0,
2017-07-28,145.05,147.4,142.6,144.2,40931.0,
2017-07-31,144.25,144.8,142.1,142.65,27919.0,
2017-08-01,143.4,143.4,140.0,140.95,24093.0,
2017-08-02,141.95,142.3,140.75,141.1,27447.0,
2017-08-03,142.25,142.25,138.45,139.4,24053.0,
2017-08-04,139.05,142.3,136.65,136.95,34273.0,
2017-08-07,138.05,139.9,136.0,138.9,36693.0,
2017-08-08,142.35,142.35,132.75,133.65,50739.0,
2017-08-09,134.3,136.8,130.95,131.7,24890.0,
2017-08-10,129.95,131.0,125.2,130.05,94753.0,
2017-08-11,129.85,135.0,127.1,133.5,358841.0,
2017-08-14,135.0,135.8,132.65,134.1,16163.0,
2017-08-16,134.35,135.5,132.35,134.15,97811.0,
2017-08-17,133.9,135.25,131.1,132.1,25608.0,
2017-08-18,132.1,133.5,129.2,130.55,32548.0,
2017-08-21,130.7,131.3,127.25,128.0,24564.0,
2017-08-22,129.0,131.05,128.1,130.2,20509.0,
2017-08-23,130.55,131.75,130.0,130.45,24340.0,
2017-08-24,131.3,131.3,130.0,130.1,10012.0,
2017-08-28,127.0,135.9,127.0,135.0,59490.0,
2017-08-29,135.35,135.35,130.55,131.3,12464.0,
2017-08-30,133.25,136.0,131.0,134.75,15414.0,
2017-08-31,133.5,134.95,131.6,132.6,15014.0,
2017-09-01,132.8,134.15,130.6,131.9,18358.0,
2017-09-04,131.9,134.95,129.65,130.25,26221.0,
2017-09-05,128.5,132.2,128.5,130.65,50570.0,
2017-09-06,131.95,131.95,129.75,130.25,20264.0,
2017-09-07,131.85,132.2,129.95,130.15,166035.0,
2017-09-08,131.5,133.8,130.15,133.2,26606.0,
2017-09-11,133.95,134.95,129.9,130.95,58507.0,
2017-09-12,132.2,134.0,131.9,133.45,51143.0,
2017-09-13,134.95,149.5,133.0,137.75,150875.0,
2017-09-14,139.45,141.75,136.75,137.2,31201.0,
2017-09-15,137.0,139.0,133.05,135.45,29088.0,
2017-09-18,138.7,138.7,136.5,136.8,20837.0,
2017-09-19,135.1,141.7,130.1,137.7,1301820.0,
2017-09-20,138.0,138.9,137.0,138.0,49104.0,
2017-09-21,139.35,143.15,136.1,141.6,70514.0,
2017-09-22,142.45,142.45,129.0,131.05,501346.0,
2017-09-25,131.85,131.85,124.9,126.9,72096.0,
2017-09-26,128.3,132.6,128.3,132.25,47248.0,
2017-09-27,134.75,134.75,130.1,130.9,43959.0,
2017-09-28,132.9,132.9,127.1,128.7,54346.0,
2017-09-29,129.7,131.0,128.7,129.7,40002.0,
2017-10-03,132.5,132.5,127.5,128.15,32802.0,
2017-10-04,130.95,130.95,127.1,127.8,67315.0,
2017-10-05,129.5,129.5,125.9,126.8,64554.0,
2017-10-06,129.85,129.95,125.75,126.45,89987.0,
2017-10-09,127.7,128.0,125.75,126.9,66486.0,
2017-10-10,127.0,131.0,126.2,129.75,45198.0,
2017-10-11,131.4,134.35,129.45,132.1,185437.0,
2017-10-12,132.5,132.5,117.25,130.95,960371.0,
2017-10-13,131.0,132.0,125.2,126.65,790829.0,
2017-10-16,125.05,129.4,125.05,128.55,28254.0,
2017-10-17,129.75,130.2,127.7,128.15,40835.0,
2017-10-18,128.25,130.0,128.15,128.95,27100.0,
2017-10-19,130.0,131.4,129.8,130.25,11728.0,
2017-10-23,130.25,130.75,127.5,130.05,19491.0,
2017-10-24,130.6,135.0,129.1,130.25,58830.0,
2017-10-25,132.1,132.4,125.0,126.8,72867.0,
2017-10-26,129.9,130.1,126.9,129.75,29214.0,
2017-10-27,130.4,131.0,129.0,130.5,36845.0,
2017-10-30,130.5,132.0,128.85,129.35,56804.0,
2017-10-31,130.95,131.25,128.6,130.55,77129.0,
2017-11-01,131.95,131.95,129.0,129.8,39294.0,
2017-11-02,129.2,131.5,129.15,130.35,29889.0,
2017-11-03,130.5,134.25,129.8,130.75,63719.0,
2017-11-06,132.45,140.45,130.0,139.0,170671.0,
2017-11-07,139.5,142.0,138.2,140.0,109990.0,
2017-11-08,140.85,143.6,132.1,134.75,86265.0,
2017-11-09,137.8,137.8,130.3,133.3,72727.0,
2017-11-10,134.3,136.0,131.45,135.15,44925.0,
2017-11-13,136.95,139.0,134.45,136.0,40815.0,
2017-11-14,136.0,147.3,135.0,141.1,242348.0,
2017-11-15,142.4,142.4,137.5,139.95,226123.0,
2017-11-16,140.5,140.5,136.3,137.35,33889.0,
2017-11-17,137.6,146.8,133.1,135.15,331994.0,
2017-11-20,136.5,136.5,134.0,135.75,31252.0,
2017-11-21,136.0,140.9,135.4,140.1,156860.0,
2017-11-22,141.0,141.55,138.35,140.25,36828.0,
2017-11-23,141.8,141.8,140.0,140.05,18498.0,
2017-11-24,138.35,140.95,133.1,140.1,166598.0,
2017-11-27,141.4,146.7,140.6,143.6,83696.0,
2017-11-28,145.8,145.8,136.0,137.6,74828.0,
2017-11-29,137.9,139.35,137.0,137.8,45274.0,
2017-11-30,139.4,139.4,135.6,136.3,27179.0,
2017-12-01,136.4,138.05,133.25,133.7,45986.0,
2017-12-04,135.8,137.5,132.5,133.75,20278.0,
2017-12-05,135.0,135.0,132.2,133.0,13005.0,
2017-12-06,132.65,136.0,132.5,134.55,197179.0,
2017-12-07,134.1,134.1,131.1,132.2,99949.0,
2017-12-08,134.0,134.0,130.55,130.95,30754.0,
2017-12-11,134.45,134.45,125.5,130.05,116777.0,
2017-12-12,131.45,131.55,124.9,128.4,118301.0,
2017-12-13,129.8,129.8,127.7,128.65,36485.0,
2017-12-14,128.85,129.5,125.05,127.4,89637.0,
2017-12-15,126.9,130.0,126.5,128.8,42511.0,
2017-12-18,129.0,129.95,126.2,129.2,82287.0,
2017-12-19,129.15,129.85,127.25,128.9,117652.0,
2017-12-20,130.75,130.75,128.0,128.85,46756.0,
2017-12-21,129.05,130.35,128.05,129.8,72778.0,
2017-12-22,131.0,131.05,129.0,129.2,72373.0,
2017-12-26,130.0,136.1,128.0,135.05,346944.0,
2017-12-27,136.9,137.9,134.15,136.1,130834.0,
2017-12-28,137.8,137.8,132.75,133.2,46517.0,
2017-12-29,134.5,135.0,132.65,133.55,25397.0,
2018-01-01,133.1,137.0,130.2,130.75,100727.0,
2018-01-02,131.8,131.95,128.1,129.45,1581750.0,
2018-01-03,129.9,131.4,129.3,129.85,103006.0,
2018-01-04,130.0,132.5,130.0,130.5,211961.0,
2018-01-05,131.05,133.5,131.05,132.4,160919.0,
2018-01-08,133.0,134.65,132.5,134.05,296731.0,
2018-01-09,134.25,134.85,131.5,132.15,53788.0,
2018-01-10,133.45,135.0,132.5,133.5,488862.0,
2018-01-11,134.9,136.5,133.0,134.55,104624.0,
2018-01-12,135.95,135.95,133.3,134.25,80802.0,
2018-01-15,136.0,136.5,133.8,134.0,231168.0,
2018-01-16,135.65,140.7,133.75,134.1,307696.0,
2018-01-17,134.5,135.0,133.0,134.0,162884.0,
2018-01-18,134.85,134.9,133.5,134.0,102870.0,
2018-01-19,134.9,134.9,132.5,133.6,81706.0,
2018-01-22,134.5,134.7,132.65,133.35,45419.0,
2018-01-23,135.6,137.8,133.3,133.8,99436.0,
2018-01-24,134.25,136.0,133.1,134.5,204699.0,
2018-01-25,134.5,135.1,133.25,134.0,124550.0,
2018-01-29,134.05,134.9,130.1,130.3,33128.0,
2018-01-30,130.3,131.75,129.5,130.0,153521.0,
2018-01-31,127.25,130.1,126.25,128.3,149545.0,
2018-02-01,129.9,130.05,126.5,129.55,287431.0,
2018-02-02,129.35,132.0,125.0,126.5,393152.0,
2018-02-05,123.4,127.85,123.4,126.9,121427.0,
2018-02-06,123.0,125.95,120.0,123.5,120724.0,
2018-02-07,125.35,130.25,124.05,128.2,428365.0,
2018-02-08,127.0,129.4,124.15,126.9,773956.0,
2018-02-09,125.95,128.5,125.0,125.85,466357.0,
2018-02-12,125.0,125.5,121.7,123.75,223308.0,
2018-02-14,125.0,125.0,120.0,121.7,147515.0,
2018-02-15,123.4,123.4,119.2,119.7,53005.0,
2018-02-16,121.45,121.7,119.0,120.2,88380.0,
2018-02-19,121.95,121.95,117.0,120.0,149471.0,
2018-02-20,121.7,121.7,116.3,118.5,45186.0,
2018-02-21,118.1,118.95,116.1,116.8,23966.0,
2018-02-22,116.8,116.85,113.15,115.55,38011.0,
2018-02-23,114.25,118.0,113.75,117.15,65277.0,
2018-02-26,116.25,122.85,115.0,121.25,130175.0,
2018-02-27,120.3,121.5,114.95,119.0,405399.0,
2018-02-28,119.0,122.1,116.3,122.0,134825.0,
2018-03-01,123.0,123.0,117.75,119.05,214437.0,
2018-03-05,117.4,119.2,117.0,117.15,102165.0,
2018-03-06,118.0,118.0,115.0,115.7,63727.0,
2018-03-07,117.0,117.0,112.0,112.8,82284.0,
2018-03-08,112.15,115.0,110.05,114.15,60941.0,
2018-03-09,115.8,115.8,113.0,113.9,25501.0,
2018-03-12,115.5,115.5,111.65,112.2,128247.0,
2018-03-13,112.7,113.85,109.2,110.15,52049.0,
2018-03-14,110.5,114.5,110.1,113.85,31806.0,
2018-03-15,114.0,116.8,112.9,114.95,32565.0,
2018-03-16,115.95,115.95,110.5,110.95,42937.0,
2018-03-19,111.0,113.15,109.1,110.0,470129.0,
2018-03-20,109.0,109.9,106.3,107.6,151416.0,
2018-03-21,108.75,108.75,106.15,107.2,17679.0,
2018-03-22,106.9,107.5,103.5,104.0,26597.0,
2018-03-23,102.65,102.65,99.0,99.75,51659.0,
2018-03-26,99.75,102.7,98.75,99.1,133272.0,
2018-03-27,99.25,104.45,95.6,96.8,276907.0,
2018-03-28,95.05,102.25,95.05,100.5,347939.0,
2018-04-02,101.5,101.95,99.5,100.4,89858.0,
2018-04-03,100.0,102.75,99.8,100.1,202187.0,
2018-04-04,101.5,101.5,99.5,100.05,178737.0,
2018-04-05,101.5,101.5,99.8,100.6,61868.0,
2018-04-06,101.0,101.0,99.5,99.85,22113.0,
2018-04-09,100.9,101.0,99.2,99.65,36106.0,
2018-04-10,100.25,100.25,97.75,98.3,30534.0,
2018-04-11,99.5,100.0,98.45,99.3,31045.0,
2018-04-12,99.3,100.0,97.2,98.65,23254.0,
2018-04-13,99.0,99.9,96.5,96.95,53109.0,
2018-04-16,98.5,98.5,96.15,97.5,21075.0,
2018-04-17,97.9,98.85,97.1,97.55,14377.0,
2018-04-18,98.95,102.6,97.0,98.9,57742.0,
2018-04-19,99.0,99.7,97.3,97.8,18823.0,
2018-04-20,98.25,100.95,96.85,99.85,47665.0,
2018-04-23,102.0,102.0,97.15,98.9,24683.0,
2018-04-24,100.65,100.65,98.35,99.25,18191.0,
2018-04-25,99.05,101.8,98.8,99.45,31556.0,
2018-04-26,100.45,100.8,99.0,99.85,12787.0,
2018-04-27,100.5,100.5,97.3,98.0,112025.0,
2018-04-30,98.05,100.8,98.05,99.65,16405.0,
2018-05-02,99.0,113.6,99.0,107.85,456612.0,
2018-05-03,107.85,109.95,104.1,105.85,118312.0,
2018-05-04,105.6,106.6,102.9,103.6,35969.0,
2018-05-07,103.75,107.0,101.5,102.1,79496.0,
2018-05-08,102.85,104.0,99.0,101.05,36741.0,
2018-05-09,99.1,102.9,99.1,100.85,13454.0,
2018-05-10,100.85,102.5,98.55,99.65,19212.0,
2018-05-11,99.65,101.0,98.0,98.6,17024.0,
2018-05-14,98.6,101.0,98.0,99.75,16459.0,
2018-05-15,101.95,101.95,98.0,98.15,23452.0,
2018-05-16,98.3,99.5,96.95,98.25,10880.0,
2018-05-17,98.2,101.4,97.1,99.85,13077.0,
2018-05-18,99.75,102.0,99.1,100.3,25656.0,
2018-05-21,100.25,102.0,96.55,97.45,36205.0,
2018-05-22,97.4,99.85,96.15,98.95,41919.0,
2018-05-23,101.85,109.5,100.0,104.15,159580.0,
2018-05-24,104.0,109.0,104.0,106.7,92871.0,
2018-05-25,106.8,108.45,106.2,108.05,59295.0,
2018-05-28,109.5,109.5,107.85,108.05,58561.0,
2018-05-29,108.9,113.5,108.25,110.1,47432.0,
2018-05-30,108.0,111.6,108.0,110.2,28501.0,
2018-05-31,110.05,112.05,110.0,110.0,23220.0,
2018-06-01,110.55,111.05,110.0,110.0,26830.0,
2018-06-04,110.4,110.45,108.0,108.05,47195.0,
2018-06-05,108.5,110.9,103.35,109.1,104001.0,
2018-06-06,108.95,111.0,106.05,109.5,47226.0,
2018-06-07,109.0,110.85,108.0,108.1,13091.0,
2018-06-08,108.75,110.9,108.0,108.0,33703.0,
2018-06-11,107.05,111.5,107.05,109.85,38310.0,
2018-06-12,110.05,114.0,108.0,110.1,63728.0,
2018-06-13,110.7,116.45,110.35,112.05,132542.0,
2018-06-14,114.35,114.35,111.1,113.05,21656.0,
2018-06-15,113.5,114.8,112.95,113.1,11543.0,
2018-06-18,113.35,114.0,112.8,113.0,64366.0,
2018-06-19,113.4,113.4,110.05,110.25,8358.0,
2018-06-20,109.75,119.0,109.75,116.3,71273.0,
2018-06-21,117.9,121.2,113.55,114.05,73571.0,
2018-06-22,113.05,114.85,112.0,112.7,33934.0,
2018-06-25,112.55,113.95,112.0,113.05,83971.0,
2018-06-26,113.05,118.35,112.55,115.5,274984.0,
2018-06-27,115.7,117.0,112.95,115.85,99500.0,
2018-06-28,116.95,116.95,112.95,115.95,147518.0,
2018-06-29,116.3,116.3,115.0,115.3,121038.0,
2018-07-02,113.05,117.8,110.7,115.75,50817.0,
2018-07-03,114.6,116.25,113.5,114.25,9495.0,
2018-07-04,114.4,118.5,114.3,117.95,35273.0,
2018-07-05,118.1,118.5,115.05,115.65,15525.0,
2018-07-06,115.65,117.3,114.0,114.9,15426.0,
2018-07-09,114.0,117.85,114.0,114.95,56837.0,
2018-07-10,114.35,135.6,114.35,117.75,57642.0,
2018-07-11,117.3,125.85,117.0,124.55,133537.0,
2018-07-12,124.0,127.25,117.5,119.25,161136.0,
2018-07-13,120.25,122.75,115.25,116.65,43706.0,
2018-07-16,117.5,117.5,111.75,116.1,18134.0,
2018-07-17,114.8,118.75,113.75,114.65,31354.0,
2018-07-18,114.0,116.95,113.15,115.05,21850.0,
2018-07-19,115.55,117.5,113.2,116.8,16655.0,
2018-07-20,117.65,117.65,114.05,114.8,10680.0,
2018-07-23,113.25,117.65,113.25,115.2,17651.0,
2018-07-24,114.4,116.0,114.0,114.65,6388.0,
2018-07-25,114.65,115.5,114.15,114.65,3452.0,
2018-07-26,114.3,115.15,112.05,112.6,8464.0,
2018-07-27,112.6,115.0,112.1,114.7,11339.0,
2018-07-30,112.5,116.05,112.5,114.8,15555.0,
2018-07-31,115.0,116.8,113.05,114.9,16929.0,
2018-08-01,122.0,122.0,116.95,118.0,946091.0,
2018-08-02,121.4,121.4,117.15,118.15,19270.0,
2018-08-03,121.4,121.4,117.0,117.1,32485.0,
2018-08-06,117.15,119.85,110.65,113.55,167101.0,
2018-08-07,113.1,116.4,113.1,115.85,126077.0,
2018-08-08,114.75,119.4,114.75,116.65,27507.0,
2018-08-09,116.35,128.8,116.0,126.05,467072.0,
2018-08-10,127.25,127.5,122.0,123.25,162680.0,
2018-08-13,123.25,124.8,119.0,120.6,86577.0,
2018-08-14,120.6,121.2,118.3,119.35,25433.0,
2018-08-16,117.8,123.4,117.2,118.05,32079.0,
2018-08-17,118.15,123.05,118.15,118.75,20551.0,
2018-08-20,119.15,119.85,117.25,118.0,52505.0,
2018-08-21,117.4,119.0,117.25,118.05,90805.0,
2018-08-23,118.35,123.0,118.25,119.4,85564.0,
2018-08-24,120.8,123.6,118.45,122.2,109348.0,
2018-08-27,122.3,124.8,120.0,121.6,43202.0,
2018-08-28,120.95,123.5,120.5,121.65,41040.0,
2018-08-29,121.05,123.5,120.05,122.05,25934.0,
2018-08-30,123.25,123.25,121.0,122.15,27728.0,
2018-08-31,122.8,122.95,120.9,122.05,24602.0,
2018-09-03,121.3,123.0,115.55,116.6,24336.0,
2018-09-04,116.6,121.0,115.05,120.35,47756.0,
2018-09-05,119.9,121.75,118.5,120.55,37622.0,
2018-09-06,121.05,122.55,120.7,121.0,12104.0,
2018-09-07,121.85,121.85,119.0,121.0,11542.0,
2018-09-10,120.4,125.0,116.8,119.1,36651.0,
2018-09-11,119.0,121.0,117.15,120.0,16903.0,
2018-09-12,118.0,120.55,117.6,118.55,9910.0,
2018-09-14,117.25,119.4,117.25,119.05,57891.0,
2018-09-17,118.65,119.65,117.7,119.1,15482.0,
2018-09-18,118.7,119.5,118.0,118.0,10341.0,
2018-09-19,117.95,118.4,116.1,117.1,13532.0,
2018-09-21,117.05,117.3,105.55,109.75,125747.0,
2018-09-24,111.0,112.0,105.35,110.65,22533.0,
2018-09-25,110.05,111.95,106.8,108.1,14432.0,
2018-09-26,108.0,111.0,103.65,108.85,285735.0,
2018-09-27,110.45,110.45,104.25,105.0,11925.0,
2018-09-28,106.0,106.0,97.6,103.3,97528.0,
2018-10-01,101.55,111.5,94.85,104.8,486801.0,
2018-10-03,105.7,107.9,103.65,107.0,120020.0,
2018-10-04,108.45,110.8,100.05,109.65,44847.0,
2018-10-05,111.25,111.25,103.0,105.7,28788.0,
2018-10-08,103.7,105.0,95.0,97.95,34110.0,
2018-10-09,97.55,108.0,97.05,103.0,46358.0,
2018-10-10,104.35,106.8,101.15,104.0,23773.0,
2018-10-11,103.45,103.45,98.95,101.55,14633.0,
2018-10-12,103.3,104.3,100.6,101.55,30952.0,
2018-10-15,101.95,103.7,100.55,102.0,26628.0,
2018-10-16,102.95,103.05,101.0,102.2,15268.0,
2018-10-17,102.8,102.9,97.65,98.35,18327.0,
2018-10-19,98.5,99.0,96.7,97.9,24161.0,
2018-10-22,98.0,101.9,96.6,99.3,22010.0,
2018-10-23,100.0,100.15,97.45,98.65,11558.0,
2018-10-24,99.95,99.95,95.75,96.1,24733.0,
2018-10-25,95.0,99.0,93.75,96.2,23362.0,
2018-10-26,97.55,101.0,94.9,99.45,47259.0,
2018-10-29,99.5,99.9,96.7,99.2,29040.0,
2018-10-30,100.55,103.0,97.5,102.0,79305.0,
2018-10-31,104.0,104.0,99.75,101.25,25926.0,
2018-11-01,102.05,103.9,101.65,102.35,24878.0,
2018-11-02,111.0,114.9,109.0,112.0,727853.0,
2018-11-05,114.0,114.85,111.25,112.95,153806.0,
2018-11-06,113.8,113.8,111.1,111.8,30338.0,
2018-11-07,112.9,113.5,112.0,112.75,14454.0,
2018-11-09,114.0,114.0,111.55,113.4,71157.0,
2018-11-12,112.25,114.25,111.05,111.85,42586.0,
2018-11-13,112.8,112.95,110.5,112.15,48919.0,
2018-11-14,112.0,113.5,112.0,112.95,29345.0,
2018-11-15,113.25,117.5,112.25,116.85,409148.0,
2018-11-16,117.95,118.55,114.15,115.05,159953.0,
2018-11-19,116.5,117.5,115.05,115.95,29879.0,
2018-11-20,116.8,116.8,115.1,115.95,19297.0,
2018-11-21,116.3,117.15,115.05,116.75,18819.0,
2018-11-22,116.25,116.95,115.65,116.4,9702.0,
2018-11-26,115.25,116.5,115.0,115.2,27577.0,
2018-11-27,115.8,116.0,115.0,115.0,30432.0,
2018-11-28,115.45,115.8,114.9,115.1,28048.0,
2018-11-29,115.25,116.4,114.75,115.25,28103.0,
2018-11-30,115.0,115.95,114.9,115.0,15895.0,
2018-12-03,114.95,115.6,114.95,115.05,19382.0,
2018-12-04,115.5,115.75,115.0,115.25,15924.0,
2018-12-05,115.8,116.0,115.25,115.7,7711.0,
2018-12-06,115.75,116.0,114.95,115.0,47536.0,
2018-12-07,115.4,116.0,115.05,115.45,23570.0,
2018-12-10,115.05,116.75,114.55,116.0,74939.0,
2018-12-11,114.0,117.1,114.0,116.55,11750.0,
2018-12-12,116.2,117.35,116.15,117.15,20631.0,
2018-12-13,117.1,118.8,117.0,118.05,16352.0,
2018-12-14,118.1,119.0,118.0,118.45,12529.0,
2018-12-17,120.95,123.7,119.65,122.65,1130297.0,
2018-12-18,123.4,124.9,122.1,122.65,54469.0,
2018-12-19,122.65,123.0,120.9,122.1,23315.0,
2018-12-20,121.8,122.0,121.0,121.05,58606.0,
2018-12-21,121.5,123.5,120.55,122.8,37708.0,
2018-12-24,122.8,123.5,121.15,122.1,87592.0,
2018-12-26,123.8,123.8,118.65,120.25,79694.0,
2018-12-27,117.0,117.4,112.0,112.5,54025.0,
2018-12-28,117.7,117.7,112.05,113.5,45102.0,
2018-12-31,113.0,113.0,110.1,110.5,17259.0,
2019-01-01,110.0,110.7,109.1,109.25,11967.0,
2019-01-02,109.9,121.4,102.7,116.45,986691.0,
2019-01-03,116.0,116.6,110.0,111.85,1294872.0,
2019-01-04,113.0,113.0,108.1,109.15,66704.0,
2019-01-07,109.05,113.0,108.0,110.9,96461.0,
2019-01-08,111.0,111.5,108.1,108.7,29667.0,
2019-01-09,108.8,113.9,108.8,110.0,87122.0,
2019-01-10,112.9,115.9,111.65,113.0,168468.0,
2019-01-11,114.75,114.75,111.0,112.85,31569.0,
2019-01-14,114.0,114.7,112.9,114.15,30418.0,
2019-01-15,112.95,115.0,112.95,113.95,22008.0,
2019-01-16,114.25,115.0,113.6,114.5,24436.0,
2019-01-17,114.1,114.75,113.1,113.35,15216.0,
2019-01-18,113.45,113.95,112.2,113.4,17003.0,
2019-01-21,113.75,114.75,112.35,114.1,13988.0,
2019-01-22,113.6,114.5,112.3,113.8,21026.0,
2019-01-23,112.6,114.45,110.0,112.45,443167.0,
2019-01-24,111.9,112.8,108.95,109.15,8170.0,
2019-01-25,110.85,110.85,105.1,106.55,49462.0,
2019-01-28,105.1,107.55,103.0,105.75,31863.0,
2019-01-29,106.0,107.0,105.15,106.35,5432.0,
2019-01-30,105.75,107.25,105.65,106.7,9608.0,
2019-01-31,105.1,107.7,104.75,106.4,44740.0,
2019-02-01,107.0,112.2,105.0,105.9,74246.0,
2019-02-04,105.2,106.8,103.95,104.95,104545.0,
2019-02-05,104.5,106.0,100.0,103.8,99079.0,
2019-02-06,104.9,104.9,100.8,102.45,20035.0,
2019-02-07,102.0,104.0,101.65,102.95,32155.0,
2019-02-08,102.95,104.0,95.8,103.15,64281.0,
2019-02-11,102.45,102.85,97.8,100.2,32681.0,
2019-02-12,101.6,103.0,100.0,101.55,29502.0,
2019-02-13,100.3,105.7,100.3,105.05,33959.0,
2019-02-14,106.0,106.0,104.05,105.5,6978.0,
2019-02-15,105.0,105.5,104.0,104.0,17272.0,
2019-02-18,103.95,104.45,100.55,101.0,75909.0,
2019-02-19,101.1,102.5,100.6,100.9,2880.0,
2019-02-20,100.8,101.55,100.0,100.45,15820.0,
2019-02-21,100.45,101.5,100.05,100.4,9078.0,
2019-02-22,100.4,106.25,100.35,105.8,38169.0,
2019-02-25,105.0,105.0,102.95,103.5,6785.0,
2019-02-26,103.0,103.3,100.2,101.35,11158.0,
2019-02-27,101.05,103.15,101.0,101.4,6671.0,
2019-02-28,101.35,102.4,101.0,102.15,11365.0,
2019-03-01,102.35,105.35,102.0,104.35,4663.0,
2019-03-05,103.15,116.0,103.1,114.1,53429.0,
2019-03-06,114.0,114.95,111.0,111.75,24862.0,
2019-03-07,111.75,113.25,110.25,112.2,29936.0,
2019-03-08,110.25,112.9,110.2,112.1,11019.0,
2019-03-11,111.0,115.15,111.0,112.8,26248.0,
2019-03-12,113.5,118.5,112.2,118.0,58283.0,
2019-03-13,118.0,123.0,113.0,122.1,135165.0,
2019-03-14,120.0,121.85,115.15,116.2,29070.0,
2019-03-15,114.65,118.2,112.0,113.9,111571.0,
2019-03-18,113.9,115.6,111.45,112.9,9596.0,
2019-03-19,113.0,113.2,111.5,111.85,12617.0,
2019-03-20,110.8,111.8,108.1,109.95,10980.0,
2019-03-22,108.5,110.55,107.95,108.8,28834.0,
2019-03-25,108.0,108.0,105.1,105.85,22457.0,
2019-03-26,107.4,107.4,105.0,105.95,74659.0,
2019-03-27,106.3,108.0,105.45,107.1,62046.0,
2019-03-28,108.65,108.65,106.0,107.45,46219.0,
2019-03-29,107.3,110.95,106.65,107.8,41438.0,
2019-04-01,109.35,112.3,107.6,111.85,233922.0,
2019-04-02,113.75,113.75,109.6,110.5,140472.0,
2019-04-03,112.0,121.8,110.5,114.9,990138.0,
2019-04-04,113.65,114.8,111.0,112.4,78828.0,
2019-04-05,111.5,113.5,110.35,110.85,47575.0,
2019-04-08,110.25,111.85,108.95,109.65,17839.0,
2019-04-09,109.05,111.25,109.0,109.5,8383.0,
2019-04-10,109.0,111.4,107.55,108.1,13493.0,
2019-04-11,108.1,109.0,105.05,106.0,24287.0,
2019-04-12,106.0,115.5,105.85,110.55,32550.0,
2019-04-15,110.85,114.45,109.5,109.9,74935.0,
2019-04-16,110.75,112.0,108.75,109.6,17951.0,
2019-04-18,111.0,111.0,107.0,107.55,13406.0,
2019-04-22,107.8,110.85,106.2,107.2,16206.0,
2019-04-23,107.45,109.5,106.0,106.95,17269.0,
2019-04-24,107.3,110.25,106.65,109.3,18151.0,
2019-04-25,110.5,110.5,107.25,107.8,9565.0,
2019-04-26,109.1,109.1,106.55,107.85,6718.0,
2019-04-30,109.4,109.4,105.0,105.1,18066.0,
2019-05-02,105.7,106.9,105.05,105.55,9185.0,
2019-05-03,105.3,106.45,105.0,105.65,22289.0,
2019-05-06,104.85,106.9,103.8,104.6,7555.0,
2019-05-07,105.9,105.9,103.1,104.05,8953.0,
2019-05-08,103.45,105.8,103.45,103.95,11418.0,
2019-05-09,103.3,104.85,103.1,103.95,8928.0,
2019-05-10,105.45,105.9,101.0,101.9,22202.0,
2019-05-13,101.05,103.4,100.0,101.7,11006.0,
2019-05-14,101.0,106.3,101.0,104.8,23586.0,
2019-05-15,104.05,105.0,101.85,102.1,9898.0,
2019-05-16,102.35,103.5,101.0,101.2,15766.0,
2019-05-17,101.8,104.05,101.1,103.5,14281.0,
2019-05-20,105.1,121.95,105.0,119.8,281213.0,
2019-05-21,115.0,118.0,109.05,109.9,36528.0,
2019-05-22,111.3,112.35,108.9,110.3,13038.0,
2019-05-23,108.55,113.15,107.05,107.65,37697.0,
2019-05-24,109.8,111.5,107.2,109.9,20860.0,
2019-05-27,110.5,112.4,107.5,109.3,23383.0,
2019-05-28,114.0,115.0,107.65,109.2,42721.0,
2019-05-29,110.95,113.0,108.45,111.05,39630.0,
2019-05-30,112.0,112.0,108.6,109.05,6210.0,
2019-05-31,110.9,111.0,106.05,108.7,9311.0,
2019-06-03,108.9,110.6,107.0,108.0,9336.0,
2019-06-04,109.0,109.0,106.15,106.45,17539.0,
2019-06-06,106.55,112.5,104.5,109.65,47948.0,
2019-06-07,111.0,114.45,107.55,108.45,23842.0,
2019-06-10,110.0,111.9,106.5,107.25,9150.0,
2019-06-11,107.15,110.0,106.5,107.55,8022.0,
2019-06-12,108.7,110.35,108.0,109.9,17720.0,
2019-06-13,111.45,112.7,110.05,110.45,16833.0,
2019-06-14,110.45,113.4,107.1,110.85,47644.0,
2019-06-17,109.9,110.4,107.5,110.0,18540.0,
2019-06-18,110.0,111.05,105.65,106.8,20229.0,
2019-06-19,107.5,108.05,105.05,105.9,6995.0,
2019-06-20,105.85,106.0,104.2,105.65,3959.0,
2019-06-21,105.45,106.85,103.35,104.1,9677.0,
2019-06-24,104.05,106.55,103.95,104.2,10940.0,
2019-06-25,104.2,105.3,102.85,104.15,8876.0,
2019-06-26,104.1,104.55,103.0,103.4,10300.0,
2019-06-27,103.2,104.3,103.1,103.5,8136.0,
2019-06-28,103.55,104.5,103.15,103.8,14119.0,
2019-07-01,103.2,106.4,102.65,103.3,10157.0,
2019-07-02,103.45,107.3,103.45,104.3,13108.0,
2019-07-03,103.95,104.8,103.95,104.25,2800.0,
2019-07-04,104.2,105.7,103.1,104.0,5631.0,
2019-07-05,103.2,105.0,102.25,102.8,5952.0,
2019-07-08,103.0,103.85,101.7,102.95,13769.0,
2019-07-09,102.65,103.9,102.15,102.95,13547.0,
2019-07-10,102.45,106.8,101.55,102.25,15446.0,
2019-07-11,102.2,103.7,102.0,102.85,5349.0,
2019-07-12,103.3,103.3,100.5,100.8,19140.0,
2019-07-15,101.0,101.85,99.0,99.25,8305.0,
2019-07-16,99.0,100.0,97.15,97.9,6463.0,
2019-07-17,98.0,104.4,96.4,101.1,47148.0,
2019-07-18,100.05,100.9,97.05,97.6,7896.0,
2019-07-19,97.6,104.0,96.55,102.75,45685.0,
2019-07-22,100.75,100.75,97.0,97.5,20167.0,
2019-07-23,97.0,101.2,95.8,96.15,17272.0,
2019-07-24,95.05,98.7,90.55,92.55,18066.0,
2019-07-25,91.1,92.1,86.25,87.05,16068.0,
2019-07-26,86.0,87.75,83.0,83.75,12160.0,
2019-07-29,83.05,86.95,83.05,83.9,12215.0,
2019-07-30,83.9,88.0,80.5,85.45,73101.0,
2019-07-31,83.0,102.5,83.0,102.0,152412.0,
2019-08-01,101.0,103.8,96.1,100.6,115999.0,
2019-08-02,97.15,102.0,96.7,101.5,36950.0,
2019-08-05,103.0,107.0,96.5,101.9,87831.0,
2019-08-06,100.0,101.7,98.05,99.95,12432.0,
2019-08-07,98.95,100.0,95.1,97.35,15379.0,
2019-08-08,97.45,98.7,96.05,96.7,3279.0,
2019-08-09,95.55,100.65,95.55,100.05,110457.0,
2019-08-13,98.6,102.25,97.0,100.2,41078.0,
2019-08-14,100.2,105.25,98.4,105.0,29815.0,
2019-08-16,104.15,104.2,100.1,100.6,11885.0,
2019-08-19,102.0,105.0,99.35,101.95,1073951.0,
2019-08-20,101.5,106.95,97.05,105.8,73157.0,
2019-08-21,105.85,106.45,100.55,103.95,50713.0,
2019-08-22,102.15,103.95,98.5,101.85,39681.0,
2019-08-23,100.15,104.8,99.55,103.2,59188.0,52.03
2019-09-30,103.2,104.3,103.1,103.5,8136.0,42.02
2019-10-01,104.95,105.5,99.0,104.5,52032.0,85.75
2019-10-02,104.95,105.5,99.0,104.5,52032.0,85.75
2019-10-03,105.7,105.7,99.25,101.5,1164777.0,99.06
2019-10-04,101.8,102.1,99.9,100.0,720264.0,98.64
2019-10-07,100.0,102.6,99.9,101.4,507334.0,99.3
2019-10-08,100.0,102.6,99.9,101.4,507334.0,99.3
2019-10-09,100.05,101.75,99.6,100.5,1683969.0,85.49
2019-10-10,101.25,101.25,99.85,100.0,628943.0,98.85
2019-10-11,100.05,104.0,99.1,101.9,1007088.0,99.65
2019-10-14,101.55,102.15,99.05,99.95,37507.0,75.6
2019-10-15,99.5,104.9,99.0,104.3,23850.0,52.13
2019-10-16,103.25,104.1,98.0,98.75,26620.0,71.39
2019-10-17,97.1,99.5,96.0,97.15,21782.0,74.16
2019-10-18,97.1,101.0,96.6,99.85,27152.0,34.52
2019-10-21,97.1,101.0,96.6,99.85,27152.0,34.52
2019-10-22,100.2,101.1,97.65,97.95,8815.0,50.41
2019-10-23,99.0,99.5,96.0,97.2,16036.0,61.21
2019-10-24,97.8,97.95,96.2,97.6,8232.0,31.78
2019-10-25,97.05,97.3,94.95,95.45,17099.0,62.5
2019-10-28,95.55,97.0,95.55,96.7,1508.0,85.68
2019-10-29,98.25,99.8,96.35,98.1,11265.0,54.68
2019-10-30,98.15,99.9,96.8,97.9,12108.0,56.6
2019-10-31,98.05,102.8,97.05,100.8,28308.0,64.11
2019-11-01,100.6,106.0,100.0,104.6,51375.0,77.54
2019-11-04,104.6,108.6,104.0,106.1,39462.0,59.46
2019-11-05,105.0,112.0,102.55,103.25,340995.0,37.34
2019-11-06,104.9,106.5,100.5,102.45,51136.0,66.18
2019-11-07,103.2,106.5,99.15,104.25,136612.0,60.23
2019-11-08,103.0,104.25,99.45,100.5,48575.0,64.85
2019-11-11,103.7,103.7,100.15,100.7,25074.0,50.85
2019-11-12,103.7,103.7,100.15,100.7,25074.0,50.85
2019-11-13,102.0,102.8,100.25,100.85,24974.0,73.47
2019-11-14,102.0,102.0,98.5,98.75,20630.0,49.87
2019-11-15,98.45,101.0,96.4,97.6,49705.0,47.87
2019-11-18,97.1,99.8,97.1,98.5,9733.0,54.03
2019-11-19,97.9,98.55,97.1,97.35,9156.0,60.41
2019-11-20,97.35,98.25,97.0,97.7,15967.0,70.62
2019-11-21,98.9,99.45,96.55,96.8,16906.0,67.14
2019-11-22,98.3,101.95,96.5,98.35,163393.0,70.18
2019-11-25,98.0,99.15,95.65,97.9,26167.0,52.06
2019-11-26,97.05,98.6,95.55,95.9,28498.0,66.53
2019-11-27,97.0,97.3,94.65,95.7,21798.0,50.41
2019-11-28,96.7,96.9,93.2,94.5,22887.0,64.82
2019-11-29,95.7,95.7,93.5,93.8,13510.0,66.06
2019-12-02,94.4,94.4,93.0,94.2,12419.0,71.84
2019-12-03,94.15,95.3,92.25,92.9,13711.0,74.79
2019-12-04,92.9,94.0,92.4,93.0,7973.0,67.1
2019-12-05,93.75,94.1,93.0,93.4,11935.0,67.21
2019-12-06,93.6,95.95,92.15,95.05,21703.0,53.74
2019-12-09,94.5,94.5,93.1,93.45,4478.0,71.53
2019-12-10,93.0,93.4,92.0,92.0,7703.0,89.22
2019-12-11,93.95,95.0,89.0,94.0,35832.0,65.52
2019-12-12,94.25,94.3,91.05,93.1,1064353.0,98.91
2019-12-13,94.0,95.6,92.1,92.7,353374.0,99.23
2019-12-16,93.15,93.3,91.5,91.75,4347.0,63.49
2019-12-17,91.05,95.8,90.5,95.05,89866.0,77.57
2019-12-18,94.05,95.4,91.0,91.4,27351.0,69.41
2019-12-19,91.65,92.8,90.65,91.1,71677.0,85.52
2019-12-20,92.0,93.5,88.8,93.0,101539.0,56.61
2019-12-23,91.15,92.35,90.15,90.4,27669.0,54.76
2019-12-24,90.5,93.0,90.2,92.2,23092.0,75.17
2019-12-25,90.5,93.0,90.2,92.2,23092.0,75.17
2019-12-26,91.3,94.7,91.25,93.5,16678.0,69.68
2019-12-27,94.4,94.4,92.0,92.5,7211.0,71.28
2019-12-30,92.15,94.0,92.0,93.65,19401.0,83.28
2019-12-31,93.0,94.5,92.75,94.05,21476.0,81.64
2020-01-01,94.1,94.35,92.95,94.05,11275.0,68.61
2020-01-02,94.0,96.5,93.95,96.15,15926.0,73.15
2020-01-03,96.15,98.0,94.8,96.4,13906.0,51.47
2020-01-06,93.3,96.35,92.1,94.0,14151.0,67.18
2020-01-07,95.0,96.05,94.3,95.05,6945.0,78.49
2020-01-08,94.8,95.45,93.6,94.6,9086.0,66.32
2020-01-09,96.25,96.5,93.6,96.05,11766.0,67.58
2020-01-10,96.9,103.5,94.05,99.05,2164843.0,94.72
2020-01-13,100.5,103.4,98.5,99.25,118324.0,57.78
2020-01-14,101.0,101.0,97.5,98.0,42257.0,80.63
2020-01-15,99.6,99.6,96.3,97.3,32702.0,69.87
2020-01-16,97.75,98.0,95.7,96.4,23617.0,78.32
2020-01-17,95.7,99.15,95.55,98.0,38345.0,60.74
2020-01-20,98.7,99.3,95.4,96.4,25879.0,71.05
2020-01-21,98.95,98.95,95.55,96.7,22302.0,78.5
2020-01-22,97.35,97.5,96.1,96.65,21290.0,82.96
2020-01-23,97.65,99.5,95.0,96.7,45587.0,62.71
2020-01-24,98.0,98.5,96.3,97.6,14031.0,61.84
2020-01-27,97.45,97.45,96.0,96.2,10782.0,80.49
2020-01-28,98.6,98.6,96.35,97.7,21129.0,58.7
2020-01-29,97.7,98.8,97.5,98.25,17721.0,79.54
2020-01-30,98.9,98.9,97.3,97.9,114380.0,94.34
2020-01-31,97.9,98.7,97.5,98.0,20876.0,62.43
2020-02-03,97.6,103.0,95.35,99.55,63649.0,23.9
2020-02-04,100.4,100.4,96.0,96.5,25405.0,47.62
2020-02-05,97.0,97.0,94.8,95.2,17807.0,59.93
2020-02-06,95.2,97.0,94.0,94.25,39105.0,63.45
2020-02-07,94.1,96.0,94.05,95.2,1031164.0,99.14
2020-02-10,97.0,97.0,93.2,93.75,26041.0,65.76
2020-02-11,95.55,96.75,92.85,96.0,91236.0,61.23
2020-02-12,96.6,96.7,94.1,94.55,10654.0,55.03
2020-02-13,95.65,95.9,92.8,93.05,23316.0,52.58
2020-02-14,94.35,95.0,91.9,94.15,29968.0,51.23
2020-02-17,94.85,95.65,91.2,92.6,28024.0,49.73
2020-02-18,90.8,92.0,90.0,91.15,74134.0,79.91
2020-02-19,91.35,95.75,90.55,95.0,100850.0,70.06
2020-02-20,94.05,100.95,93.8,100.05,161817.0,81.0
2020-02-21,94.05,100.95,93.8,100.05,161817.0,81.0
2020-02-24,100.95,100.95,93.0,94.1,31264.0,59.95
2020-02-25,94.25,96.15,93.5,93.75,7187.0,42.73
2020-02-26,93.2,93.95,91.0,91.95,19665.0,53.06
2020-02-27,91.55,92.85,91.0,92.05,8003.0,67.47
2020-02-28,91.15,95.85,88.0,95.1,79442.0,66.69
2020-03-02,95.5,96.85,90.5,90.95,16369.0,72.58
2020-03-03,93.95,94.5,90.25,93.65,22394.0,64.9
2020-03-04,93.95,94.05,89.0,93.6,76044.0,71.51
2020-03-05,92.6,94.45,90.15,90.5,24340.0,75.66
2020-03-06,84.25,90.0,84.0,89.05,1212053.0,99.16
2020-03-09,89.1,89.1,83.05,84.25,17217.0,60.56
2020-03-10,89.1,89.1,83.05,84.25,17217.0,60.56
2020-03-11,83.95,85.95,81.5,83.05,1537123.0,98.99
2020-03-12,80.0,82.0,79.0,81.0,55788.0,82.45
2020-03-13,77.0,82.0,65.25,78.05,78153.0,79.97
2020-03-16,78.05,78.05,72.0,72.9,185869.0,95.52
2020-03-17,72.15,73.65,65.5,67.7,21492.0,73.3
2020-03-18,68.95,69.95,54.2,54.45,61478.0,65.63
2020-03-19,57.8,59.8,49.25,51.3,194937.0,91.71
2020-03-20,54.0,54.0,48.2,50.5,50584.0,87.01
2020-03-23,49.5,55.0,45.6,49.1,22098.0,76.24
2020-03-24,49.1,53.0,48.0,50.25,15771.0,79.33
2020-03-25,50.0,55.0,45.5,53.2,17818.0,66.65
2020-03-26,55.0,58.5,51.2,55.2,21092.0,76.2
2020-03-27,57.8,60.7,55.0,57.8,14247.0,77.2
2020-03-30,53.1,59.2,53.1,57.05,7663.0,61.46
2020-03-31,54.15,59.55,54.15,58.5,8630.0,66.12
2020-04-01,58.6,58.75,55.0,56.75,20187.0,91.88
2020-04-02,58.6,58.75,55.0,56.75,20187.0,91.88
2020-04-03,58.9,60.0,54.0,56.45,48411.0,90.79
2020-04-06,58.9,60.0,54.0,56.45,48411.0,90.79
2020-04-07,60.0,60.0,56.55,57.5,10569.0,70.93
2020-04-08,59.7,63.25,57.8,63.2,24306.0,70.35
2020-04-09,69.0,72.0,62.0,67.25,73314.0,53.9
2020-04-10,69.0,72.0,62.0,67.25,73314.0,53.9
2020-04-13,72.0,72.5,62.2,64.75,29490.0,62.1
2020-04-15,64.8,66.9,60.95,66.0,64528.0,64.39
2020-04-16,63.0,67.7,63.0,64.45,11494.0,67.76
2020-04-17,64.65,67.0,64.0,64.95,15350.0,69.71
2020-04-20,66.0,68.5,64.15,66.75,38149.0,52.8
2020-04-21,65.9,65.9,63.15,64.05,10105.0,67.88
2020-04-22,64.0,72.0,63.7,68.55,30628.0,62.35
2020-04-23,68.55,70.6,66.3,67.85,17247.0,55.49
2020-04-24,69.95,69.95,65.9,66.2,5440.0,67.61
2020-04-27,69.5,69.5,65.0,65.55,13704.0,50.63
2020-04-28,68.0,68.0,64.1,64.9,13583.0,66.81
2020-04-29,67.25,77.85,64.7,77.1,176075.0,33.06
2020-04-30,79.0,86.0,74.5,76.6,1096832.0,25.38
2020-05-01,79.0,86.0,74.5,76.6,1096832.0,25.38
2020-05-04,71.8,74.95,68.0,68.9,56718.0,62.18
2020-05-05,68.9,75.0,68.0,69.2,79157.0,28.11
2020-05-06,69.2,71.7,67.85,69.85,32203.0,40.76
2020-05-07,68.25,70.05,67.1,67.4,16949.0,58.35
2020-05-08,66.25,68.4,65.05,65.65,20843.0,60.04
2020-05-11,64.75,67.65,63.7,63.85,24683.0,67.54
2020-05-12,63.45,68.0,61.0,63.25,43918.0,46.29
2020-05-13,68.0,71.95,63.7,66.15,51756.0,52.22
2020-05-14,66.15,68.0,64.25,64.9,23275.0,58.44
2020-05-15,67.0,67.0,64.5,65.0,11243.0,56.81
2020-05-18,65.2,66.9,60.2,61.55,22416.0,58.71
2020-05-19,63.3,63.3,61.1,61.25,11377.0,57.41
2020-05-20,62.1,62.65,60.75,61.5,9807.0,73.76
2020-05-21,58.95,63.0,58.95,61.35,11790.0,48.81
2020-05-22,60.3,62.0,60.0,60.45,11669.0,66.31
2020-05-25,60.3,62.0,60.0,60.45,11669.0,66.31
2020-05-26,63.0,63.0,60.05,60.85,25582.0,41.35
2020-05-27,60.85,64.0,60.2,62.0,20066.0,71.86
2020-05-28,63.85,63.85,61.55,62.0,14403.0,48.25
2020-05-29,60.65,64.8,60.65,63.5,25436.0,42.77
2020-06-01,62.35,69.2,62.35,66.95,49320.0,66.98
2020-06-02,68.7,68.7,61.0,65.75,36386.0,53.19
2020-06-03,65.35,67.9,65.2,65.95,28070.0,72.57
2020-06-04,67.0,67.0,65.05,65.8,12685.0,79.24
2020-06-05,67.9,69.4,66.3,68.2,47018.0,56.58
2020-06-08,70.2,74.9,68.0,73.9,97433.0,66.82
2020-06-09,76.0,76.0,69.5,70.8,27695.0,60.64
2020-06-10,72.9,73.0,68.75,69.15,16102.0,64.38
2020-06-11,70.05,74.9,68.6,69.25,52726.0,60.39
2020-06-12,66.0,71.0,66.0,70.35,26897.0,57.59
2020-06-15,72.95,72.95,66.1,68.2,40267.0,42.01
2020-06-16,69.65,70.95,67.0,67.4,37404.0,56.0
2020-06-17,68.95,73.0,67.05,71.7,72473.0,41.97
2020-06-18,74.9,82.3,73.25,76.35,696543.0,22.45
2020-06-19,78.35,79.6,75.3,75.8,109342.0,47.67
2020-06-22,77.5,77.5,67.55,74.0,71811.0,47.81
2020-06-23,74.05,76.0,70.8,73.7,58007.0,56.01
2020-06-24,77.0,77.0,72.15,72.3,46969.0,44.57
2020-06-25,71.5,74.9,70.9,71.65,55724.0,50.71
2020-06-26,72.1,73.6,71.95,72.2,21224.0,52.74
2020-06-29,73.6,73.6,69.0,70.0,24758.0,67.35
2020-06-30,72.85,73.65,68.15,68.6,25116.0,48.5
2020-07-01,71.0,71.0,68.6,69.5,11768.0,60.89
2020-07-02,69.4,70.9,69.0,70.05,23725.0,64.04
2020-07-03,71.0,75.0,69.1,73.5,98697.0,37.78
2020-07-06,76.0,88.2,75.0,85.85,1860858.0,23.05
2020-07-07,83.3,83.3,79.1,79.75,435993.0,35.66
2020-07-08,77.3,79.05,73.5,75.25,236221.0,48.23
2020-07-09,75.25,76.5,71.8,72.4,168118.0,53.99
2020-07-10,72.0,75.7,69.5,70.0,300325.0,57.4
2020-07-13,70.5,71.35,67.1,67.3,253504.0,49.93
2020-07-14,65.05,69.4,65.05,68.4,124065.0,44.4
2020-07-15,69.2,71.4,66.3,67.2,145089.0,42.66
2020-07-16,67.6,69.0,66.35,67.45,50821.0,54.6
2020-07-17,68.4,68.9,64.85,65.0,359390.0,81.24
2020-07-20,65.2,65.4,63.5,63.85,110407.0,67.3
2020-07-21,64.65,65.6,64.5,64.85,58203.0,63.35
2020-07-22,64.85,67.2,64.55,65.7,88834.0,50.47
2020-07-23,65.05,66.5,64.0,65.35,80234.0,42.95
2020-07-24,65.6,65.6,63.6,63.9,58305.0,82.8
2020-07-27,64.8,64.8,61.75,62.9,53007.0,58.18
2020-07-28,62.95,64.0,62.0,63.45,32316.0,58.11
2020-07-29,64.0,65.4,62.8,64.0,59554.0,51.11
2020-07-30,64.4,64.85,62.2,62.55,46950.0,59.14
2020-07-31,63.9,63.9,62.05,62.45,23404.0,45.56
2020-08-03,62.6,65.8,62.5,64.65,52481.0,50.74
2020-08-04,64.65,64.95,63.5,63.8,54948.0,86.45
2020-08-05,64.95,65.95,62.6,64.25,384673.0,38.55
2020-08-06,65.1,65.35,63.35,63.9,127034.0,54.55
2020-08-07,64.5,64.7,63.4,64.0,135626.0,72.11
2020-08-10,64.9,66.6,64.25,65.35,179470.0,67.52
2020-08-11,66.25,67.5,64.1,65.05,231792.0,69.57
2020-08-12,65.2,65.25,63.8,64.0,299346.0,83.4
2020-08-13,64.9,66.3,63.9,65.0,697320.0,77.62
2020-08-14,65.9,67.9,64.1,65.7,348107.0,60.57
2020-08-17,66.35,66.6,65.1,65.4,102452.0,78.52
2020-08-18,66.6,66.9,65.0,65.75,128137.0,63.86
2020-08-19,66.0,68.8,65.85,67.55,412638.0,60.26
2020-08-20,67.0,75.95,66.5,74.75,1280079.0,52.93
2020-08-21,76.0,79.8,74.2,75.85,869249.0,43.27
2020-08-24,75.45,77.0,72.9,73.6,210254.0,52.58
2020-08-25,75.75,75.75,70.1,75.05,296078.0,62.8
2020-08-26,74.1,75.45,73.0,73.5,130742.0,54.45
2020-08-27,74.5,77.35,73.2,75.0,701817.0,84.15
2020-08-28,77.8,83.9,75.1,81.25,3236125.0,45.08
2020-08-31,78.95,79.9,73.2,75.5,519197.0,48.33
2020-09-01,74.7,76.8,70.65,71.95,154871.0,48.61
2020-09-02,72.55,74.9,71.45,73.4,93712.0,42.79
2020-09-03,73.95,76.8,73.05,74.15,130381.0,43.86
2020-09-04,72.65,77.6,71.8,73.35,241777.0,24.65
2020-09-07,73.9,76.75,72.1,75.7,368874.0,16.04
2020-09-08,75.45,75.45,72.4,73.1,71932.0,52.29
2020-09-09,72.5,73.0,70.4,70.95,151834.0,74.5
2020-09-10,71.95,73.25,71.25,72.25,34436.0,51.63
2020-09-11,72.6,73.3,69.0,71.0,76208.0,56.56
2020-09-14,74.0,75.2,73.0,73.65,230686.0,66.12
2020-09-15,74.85,79.8,74.5,78.5,592653.0,48.28
2020-09-16,78.9,79.65,75.7,77.65,144615.0,37.29
2020-09-17,77.5,77.5,73.7,73.9,199161.0,63.02
2020-09-18,73.9,75.85,72.85,73.35,85218.0,54.35
2020-09-21,73.45,74.55,68.0,69.45,125912.0,68.32
2020-09-22,71.5,71.5,66.7,68.5,681366.0,93.41
2020-09-23,71.0,71.0,68.3,70.4,160038.0,78.81
2020-09-24,70.8,70.8,67.2,69.25,84477.0,49.72
2020-09-25,70.95,70.95,68.5,70.15,45877.0,51.41
2020-09-28,71.8,71.9,69.0,69.35,172856.0,73.67
2020-09-29,71.85,71.85,68.5,69.35,57744.0,55.79
2020-09-30,70.85,70.85,68.2,68.6,890061.0,95.29
2020-10-01,68.6,69.8,68.6,68.9,71116.0,55.34
2020-10-02,68.6,69.8,68.6,68.9,71116.0,55.34
2020-10-05,70.25,72.4,69.25,71.05,96516.0,63.9
2020-10-06,72.0,72.9,71.1,71.9,54885.0,62.73
2020-10-07,71.9,72.35,71.0,72.0,47756.0,62.98
2020-10-08,72.35,72.6,70.0,72.05,64809.0,71.66
2020-10-09,71.1,73.0,70.3,72.3,57109.0,51.79
2020-10-12,70.8,73.5,70.8,72.4,65659.0,64.69
2020-10-13,72.85,73.5,71.2,72.75,68328.0,62.99
2020-10-14,73.0,74.85,71.0,73.3,147638.0,44.38
2020-10-15,73.3,73.95,70.15,70.35,42188.0,61.79
2020-10-16,70.5,73.2,69.35,70.05,34161.0,37.37
2020-10-19,70.05,71.5,70.05,70.3,12954.0,53.76
2020-10-20,71.2,71.2,69.55,70.3,23552.0,34.59
2020-10-21,70.3,71.05,69.15,69.7,29988.0,52.25
2020-10-22,70.9,70.9,66.8,68.95,63640.0,52.18
2020-10-23,69.9,70.0,69.0,69.5,34015.0,59.42
2020-10-26,69.6,70.05,69.25,69.35,24250.0,66.4
2020-10-27,69.25,69.75,69.0,69.5,18956.0,77.09
2020-10-28,70.8,70.8,69.2,69.5,19440.0,67.45
2020-10-29,69.5,69.5,68.35,68.85,20572.0,58.91
2020-10-30,68.4,71.0,68.35,69.9,29997.0,69.55
2020-11-02,70.25,70.65,66.0,70.05,45607.0,61.43
2020-11-03,69.95,69.95,68.4,68.55,53426.0,62.88
2020-11-04,73.05,73.4,69.35,71.3,237066.0,41.8
2020-11-05,72.8,73.5,71.3,71.95,47755.0,49.86
2020-11-06,72.85,72.85,71.0,71.25,24906.0,62.63
2020-11-09,71.95,71.95,70.05,70.1,36898.0,56.38
2020-11-10,71.0,71.0,70.45,70.6,15951.0,72.59
2020-11-11,71.4,71.4,69.55,70.6,33681.0,51.75
2020-11-12,71.4,72.8,70.0,71.65,58650.0,46.01
2020-11-13,72.4,72.5,71.0,71.8,33930.0,40.91
2020-11-16,71.5,72.4,71.0,71.6,16778.0,63.29
2020-11-17,70.8,75.5,70.8,74.65,110313.0,68.53
2020-11-18,74.65,75.0,72.0,72.9,64306.0,51.67
2020-11-19,72.0,79.5,72.0,77.35,313481.0,50.46
2020-11-20,78.0,78.3,74.4,75.05,82166.0,57.8
2020-11-23,75.15,76.95,73.5,74.15,84493.0,49.57
2020-11-24,73.7,75.45,73.6,74.0,53800.0,43.14
2020-11-25,75.2,75.2,72.75,73.0,61702.0,56.52
2020-11-26,72.8,76.0,72.3,74.4,74359.0,32.06
2020-11-27,75.3,75.45,73.9,74.55,49862.0,62.89
2020-11-30,75.3,75.45,73.9,74.55,49862.0,62.89
2020-12-01,74.7,77.9,74.55,76.85,124073.0,68.78
2020-12-02,78.0,81.95,76.15,79.45,491524.0,33.32
2020-12-03,81.5,83.35,80.35,82.7,360771.0,56.86
2020-12-04,82.65,85.6,81.0,83.95,291018.0,54.6
2020-12-07,84.1,85.9,83.0,83.9,162882.0,59.1
2020-12-08,83.9,84.25,79.8,80.75,93954.0,61.62
2020-12-09,81.9,82.95,80.2,81.2,67250.0,51.75
2020-12-10,82.0,88.95,81.65,85.85,1500184.0,21.48
2020-12-11,86.7,87.75,84.0,85.0,166164.0,53.66
2020-12-14,84.95,85.1,82.55,83.15,85061.0,68.24
2020-12-15,83.1,86.15,83.1,84.55,117042.0,46.21
2020-12-16,85.0,88.1,84.15,84.65,173548.0,60.44
2020-12-17,86.0,86.0,83.1,83.55,86069.0,60.13
2020-12-18,84.0,85.7,81.2,83.55,61649.0,57.21
2020-12-21,83.95,85.0,77.05,78.15,129561.0,70.5
2020-12-22,77.05,80.9,74.0,79.8,124791.0,47.48
2020-12-23,82.9,82.9,79.4,80.55,37126.0,52.29
2020-12-24,79.7,82.75,79.7,81.15,27523.0,52.28
2020-12-25,79.7,82.75,79.7,81.15,27523.0,52.28
2020-12-28,81.25,81.7,79.25,80.65,69855.0,65.29
2020-12-29,82.0,82.0,79.5,81.3,84866.0,60.21
2020-12-30,82.0,82.0,79.05,79.95,81196.0,55.59
2020-12-31,80.9,82.0,80.2,81.2,47370.0,62.1
2021-01-01,81.2,82.35,80.7,80.95,57739.0,69.0
2021-01-04,82.45,83.0,80.65,81.4,147516.0,64.32
2021-01-05,81.8,81.8,79.65,81.2,84755.0,51.26
2021-01-06,81.95,85.8,80.8,84.25,258088.0,60.65
2021-01-07,85.0,85.0,82.75,84.1,113497.0,75.49
2021-01-08,84.1,90.7,83.8,89.0,957291.0,53.56
2021-01-11,89.9,99.5,89.2,96.3,3198825.0,23.81
2021-01-12,96.25,99.0,94.3,98.0,589311.0,47.14
2021-01-13,99.15,99.15,91.7,92.8,337979.0,54.79
2021-01-14,93.75,96.35,93.75,94.45,285604.0,41.23
2021-01-15,96.0,96.0,91.45,92.4,105270.0,60.86
2021-01-18,93.45,93.45,87.95,89.45,95445.0,48.99
2021-01-19,90.2,92.8,89.15,89.9,63463.0,51.66
2021-01-20,89.1,91.35,86.1,87.0,143143.0,67.23
2021-01-21,87.45,87.6,85.0,85.2,150715.0,63.77
2021-01-22,85.2,89.9,84.5,88.9,532341.0,55.99
2021-01-25,90.7,90.7,85.4,86.15,54616.0,45.62
2021-01-26,90.7,90.7,85.4,86.15,54616.0,45.62
2021-01-27,86.15,86.5,84.0,84.25,60708.0,71.19
2021-01-28,84.25,85.8,82.75,84.7,29087.0,44.64
2021-01-29,85.15,86.25,83.45,83.95,31874.0,61.79
2021-02-01,85.8,85.8,83.5,84.6,40618.0,55.5
2021-02-02,85.0,89.7,84.6,87.45,744371.0,62.15
2021-02-03,92.8,92.8,89.05,89.5,430563.0,54.76
2021-02-04,90.25,91.1,89.15,90.85,334861.0,81.59
2021-02-05,91.0,92.3,90.2,91.45,205127.0,79.91
2021-02-08,91.45,96.5,89.8,95.85,744813.0,74.38
2021-02-09,96.75,99.5,93.45,96.8,381164.0,53.43
2021-02-10,96.1,102.4,95.1,98.4,600904.0,42.39
2021-02-11,98.85,102.9,98.5,101.6,317136.0,59.98
2021-02-12,102.0,102.0,97.5,98.7,212517.0,56.53
2021-02-15,99.2,100.5,95.5,97.9,293475.0,71.42
2021-02-16,99.05,99.8,96.0,97.1,78074.0,43.78
2021-02-17,101.6,101.6,97.0,99.7,717030.0,38.02
2021-02-18,101.35,114.45,99.2,110.35,2422833.0,39.63
2021-02-19,111.4,116.7,104.0,109.75,601973.0,37.22
2021-02-22,112.0,112.0,103.35,103.95,285806.0,40.71
2021-02-23,104.75,110.5,103.85,105.75,251145.0,55.62
2021-02-24,106.8,107.0,102.6,105.7,86528.0,61.17
2021-02-25,106.8,107.7,103.65,104.35,128681.0,66.4
2021-02-26,102.7,104.4,98.5,100.85,165713.0,45.35
2021-03-01,108.0,118.25,105.8,112.85,577512.0,46.76
2021-03-02,113.0,114.6,109.5,110.1,253782.0,55.5
2021-03-03,111.0,111.75,109.4,110.7,481868.0,81.95
2021-03-04,110.0,111.9,107.6,110.5,353161.0,29.41
2021-03-05,111.0,118.3,104.5,111.85,407435.0,46.26
2021-03-08,110.65,114.0,108.75,109.4,249566.0,27.2
2021-03-09,110.0,112.15,106.05,106.8,236480.0,32.0
2021-03-10,107.8,107.9,103.9,104.75,144701.0,40.24
2021-03-11,107.8,107.9,103.9,104.75,144701.0,40.24
2021-03-12,108.25,108.25,101.0,101.65,265442.0,47.63
2021-03-15,103.6,103.6,98.55,100.4,333480.0,68.5
2021-03-16,101.75,111.0,100.55,108.1,466555.0,36.26
2021-03-17,108.9,109.0,103.1,104.15,266863.0,51.31
2021-03-18,105.0,106.55,101.25,102.3,272094.0,25.26
2021-03-19,101.6,104.9,99.45,103.15,235808.0,33.54
2021-03-22,104.0,105.05,101.6,102.45,49390.0,48.56
2021-03-23,103.15,105.05,102.1,103.6,96637.0,19.25
2021-03-24,104.45,104.45,101.0,101.65,217033.0,26.13
2021-03-25,100.0,102.45,99.55,101.2,145240.0,52.76
2021-03-26,106.0,106.0,101.05,101.95,255939.0,41.98
2021-03-29,106.0,106.0,101.05,101.95,255939.0,41.98
2021-03-30,101.5,103.7,100.25,102.15,117523.0,53.2
2021-03-31,102.1,103.8,101.0,101.8,123233.0,63.5
2021-04-01,102.15,103.5,100.5,101.75,63590.0,55.13
2021-04-02,102.15,103.5,100.5,101.75,63590.0,55.13
2021-04-05,100.0,101.15,97.5,100.5,156440.0,54.53
2021-04-06,101.0,102.9,100.95,101.4,43884.0,60.53
2021-04-07,101.9,102.7,100.25,101.3,64079.0,42.04
2021-04-08,101.8,102.0,100.0,100.85,91671.0,69.84
2021-04-09,101.4,102.5,100.7,101.45,98947.0,61.68
2021-04-12,101.0,101.2,96.0,97.3,161108.0,62.35
2021-04-13,99.0,99.95,96.9,98.7,56767.0,52.77
2021-04-14,99.0,99.95,96.9,98.7,56767.0,52.77
2021-04-15,99.0,105.0,97.5,102.35,162969.0,51.05
2021-04-16,102.0,103.85,101.25,101.9,49402.0,49.05
2021-04-19,100.05,104.4,97.0,100.6,367028.0,75.85
2021-04-20,99.8,103.6,99.8,101.4,101060.0,58.79
2021-04-21,99.8,103.6,99.8,101.4,101060.0,58.79
2021-04-22,100.55,104.4,100.2,101.45,63325.0,48.35
2021-04-23,101.95,106.0,100.1,102.15,375586.0,19.78
2021-04-26,102.15,103.55,101.0,101.45,31968.0,52.67
2021-04-27,101.95,103.0,100.8,101.4,44563.0,65.26
2021-04-28,102.0,103.7,101.0,101.8,60638.0,32.01
2021-04-29,101.5,102.55,100.0,100.45,152491.0,71.04
2021-04-30,101.0,102.4,99.8,100.75,131954.0,64.96
2021-05-03,101.5,109.85,100.5,104.2,1051172.0,48.84
2021-05-04,105.25,108.7,99.0,100.45,603602.0,56.15
2021-05-05,101.5,107.0,101.0,101.5,1203803.0,73.43
2021-05-06,103.0,103.45,99.25,99.65,1206552.0,90.91
2021-05-07,101.0,105.15,99.5,99.95,615739.0,36.43
2021-05-10,101.8,101.8,99.0,99.55,221303.0,54.15
2021-05-11,98.9,102.1,98.25,100.4,266435.0,45.74
2021-05-12,101.35,101.35,96.3,96.85,316685.0,61.69
2021-05-13,101.35,101.35,96.3,96.85,316685.0,61.69
2021-05-14,97.9,98.15,96.2,96.65,141675.0,51.13
2021-05-17,97.8,98.25,96.4,97.5,92756.0,50.69
2021-05-18,98.4,98.65,96.5,96.7,101991.0,62.99
2021-05-19,97.95,101.7,97.4,100.6,291253.0,50.49
2021-05-20,100.5,101.85,97.6,98.05,223298.0,50.05
2021-05-21,99.0,99.6,98.0,98.5,113587.0,49.91
2021-05-24,99.0,99.75,97.65,98.0,93285.0,51.97
2021-05-25,99.7,99.7,97.55,97.85,80249.0,58.93
2021-05-26,98.9,105.0,97.6,102.55,2406735.0,70.57
2021-05-27,103.45,105.6,101.15,102.3,827452.0,58.21
2021-05-28,103.25,104.4,100.5,101.0,240878.0,56.55
2021-05-31,101.5,104.0,100.2,101.35,216708.0,49.43
2021-06-01,101.0,109.35,101.0,107.5,1836195.0,35.76
2021-06-02,107.9,117.3,106.0,115.4,4183033.0,24.69
2021-06-03,116.6,116.8,112.5,113.25,789457.0,49.87
2021-06-04,114.0,114.0,110.45,113.05,450671.0,53.5
2021-06-07,114.0,126.8,113.25,122.5,2376896.0,44.67
2021-06-08,123.0,123.9,118.5,119.35,1226554.0,46.85
2021-06-09,118.25,122.45,115.1,116.1,536022.0,51.85
2021-06-10,117.6,119.0,116.45,117.8,249733.0,51.6
2021-06-11,119.0,119.05,113.65,116.5,297906.0,55.22
2021-06-14,117.0,117.0,111.55,114.7,170114.0,45.05
2021-06-15,115.2,122.9,115.0,120.15,692974.0,33.21
2021-06-16,121.15,121.5,115.5,116.8,153035.0,39.77
2021-06-17,115.8,118.2,115.0,115.35,136074.0,49.93
2021-06-18,116.0,116.5,107.25,113.15,254426.0,54.26
2021-06-21,111.05,124.9,110.3,121.7,1926480.0,17.6
2021-06-22,123.3,127.4,119.55,120.75,862803.0,30.17
2021-06-23,121.75,123.35,118.3,119.0,281602.0,23.58
2021-06-24,120.9,120.9,117.05,118.0,186722.0,48.32
2021-06-25,119.05,123.3,117.35,120.9,205090.0,33.16
2021-06-28,121.35,121.9,115.1,118.6,160429.0,41.07
2021-06-29,120.0,124.8,120.0,123.35,1000769.0,26.61
2021-06-30,126.2,128.6,120.0,123.3,866857.0,30.92
2021-07-01,126.0,127.4,121.15,122.7,329637.0,42.8
2021-07-02,124.9,124.9,121.5,122.15,187868.0,57.01
2021-07-05,123.95,124.4,121.1,122.25,145740.0,45.81
2021-07-06,124.65,129.45,122.8,125.25,1096046.0,26.64
2021-07-07,125.9,127.2,124.7,126.65,243369.0,50.78
2021-07-08,126.65,127.65,123.0,125.15,253229.0,47.46
2021-07-09,123.6,125.15,122.3,123.05,135155.0,45.11
2021-07-12,123.15,125.6,122.35,123.15,400935.0,37.41
2021-07-13,123.5,125.8,122.4,123.65,179156.0,40.16
2021-07-14,123.6,126.5,122.25,123.2,181313.0,34.19
2021-07-15,124.4,134.9,123.0,131.25,2323127.0,38.75
2021-07-16,132.7,136.35,132.0,135.55,984490.0,44.42
2021-07-19,134.0,134.95,131.25,131.7,261214.0,41.98
2021-07-20,132.3,132.3,119.5,124.85,553989.0,32.14
2021-07-21,132.3,132.3,119.5,124.85,553989.0,32.14
2021-07-22,126.4,134.4,126.4,132.95,526220.0,29.5
2021-07-23,133.9,134.2,127.85,128.4,190180.0,30.16
2021-07-26,128.9,129.9,126.1,127.6,119756.0,33.1
2021-07-27,131.0,131.0,121.55,122.7,227025.0,43.64
2021-07-28,123.5,126.05,120.0,121.8,233924.0,35.68
2021-07-29,121.3,126.15,121.3,121.85,185278.0,39.46
2021-07-30,123.3,124.2,121.15,122.25,156731.0,42.48
2021-08-02,123.8,124.3,118.25,120.15,204567.0,48.56
2021-08-03,119.95,124.45,117.35,123.1,390018.0,34.76
2021-08-04,124.8,127.85,115.0,120.45,397849.0,31.18
2021-08-05,121.1,129.0,120.5,121.15,200861.0,26.6
2021-08-06,122.5,123.6,116.2,119.1,398216.0,35.76
2021-08-09,119.5,122.65,119.0,120.1,182856.0,35.2
2021-08-10,123.35,123.35,108.9,114.1,439280.0,42.28
2021-08-11,115.95,116.4,107.1,113.95,203489.0,30.78
2021-08-12,112.1,117.0,112.1,114.95,149693.0,49.36
2021-08-13,115.0,121.0,112.6,118.2,280566.0,46.43
2021-08-16,120.9,134.55,116.15,129.55,4292719.0,14.63
2021-08-17,124.1,138.0,123.25,135.05,2349775.0,17.52
2021-08-18,134.0,135.65,128.25,131.35,629060.0,23.68
2021-08-19,134.0,135.65,128.25,131.35,629060.0,23.68
2021-08-20,130.05,131.35,124.5,125.9,391893.0,43.19
2021-08-23,128.45,129.75,120.85,125.0,185579.0,25.28
2021-08-24,126.0,127.5,121.2,125.45,151049.0,31.89
2021-08-25,125.05,127.9,123.65,124.55,108052.0,34.51
2021-08-26,124.45,127.3,122.0,122.85,148894.0,46.84
2021-08-27,123.9,124.8,121.55,123.0,212899.0,69.74
2021-08-30,124.9,126.3,122.7,122.9,290802.0,74.56
2021-08-31,124.6,135.95,122.75,129.1,1873497.0,30.83
2021-09-01,130.3,136.05,130.3,133.8,778632.0,33.39
2021-09-02,133.9,145.6,133.8,143.45,2735284.0,30.83
2021-09-03,146.5,148.0,138.05,143.3,879609.0,30.38
2021-09-06,145.0,150.4,143.7,148.3,827900.0,38.0
2021-09-07,149.0,149.85,137.0,138.65,642257.0,34.36
2021-09-08,138.95,142.9,138.25,141.75,332899.0,34.03
2021-09-09,141.9,145.7,139.25,142.45,193669.0,38.66
2021-09-10,141.9,145.7,139.25,142.45,193669.0,38.66
2021-09-13,141.45,142.6,135.0,138.1,205353.0,38.27
2021-09-14,139.2,141.6,136.0,139.5,208314.0,51.01
2021-09-15,140.2,141.6,138.6,139.95,172146.0,44.51
2021-09-16,141.5,144.0,137.5,138.55,202628.0,43.74
2021-09-17,139.95,141.65,135.2,139.0,151091.0,45.43
2021-09-20,139.0,139.7,133.05,135.05,140741.0,45.7
2021-09-21,136.0,137.4,131.7,132.6,87115.0,44.51
2021-09-22,132.7,135.9,131.0,132.15,112942.0,39.03
2021-09-23,134.4,140.0,134.4,138.15,290522.0,29.99
2021-09-24,138.15,139.45,133.1,134.75,94045.0,37.43
2021-09-27,135.45,135.75,132.85,133.3,109772.0,32.22
2021-09-28,133.0,148.65,132.4,141.95,3477351.0,9.01
2021-09-29,138.85,148.6,137.95,144.6,1058183.0,22.78
2021-09-30,146.0,164.85,145.75,159.45,3279803.0,18.06
2021-10-01,163.8,178.5,163.15,173.9,8313231.0,6.85
2021-10-04,177.0,187.7,177.0,183.2,4996626.0,12.95
2021-10-05,182.95,182.95,176.5,178.1,792986.0,29.52
2021-10-06,178.65,184.55,175.4,179.95,856808.0,27.09
2021-10-07,181.5,181.7,172.85,174.25,218186.0,50.3
2021-10-08,174.35,181.0,170.0,172.45,276211.0,39.07
2021-10-11,172.45,175.8,166.15,167.8,121181.0,65.65
2021-10-12,174.15,177.55,167.5,170.9,184885.0,47.65
2021-10-13,172.0,176.0,168.15,169.2,157880.0,54.9
2021-10-14,173.0,173.3,167.4,168.55,114238.0,56.54
2021-10-15,173.0,173.3,167.4,168.55,114238.0,56.54
2021-10-18,173.0,173.45,161.8,165.1,391174.0,50.01
2021-10-19,168.4,172.6,161.6,164.6,521245.0,59.38
2021-10-20,166.0,168.6,160.05,164.05,248732.0,38.15
2021-10-21,162.5,173.8,162.5,167.85,878397.0,42.5
2021-10-22,171.0,182.0,163.95,179.0,1066489.0,27.2
2021-10-25,180.0,183.9,171.0,173.0,1039009.0,30.78
2021-10-26,174.5,175.6,167.5,169.75,421165.0,44.91
2021-10-27,175.5,195.9,144.1,169.75,13485421.0,10.91
2021-10-28,171.7,183.65,171.0,178.8,4295957.0,23.23
2021-10-29,177.4,196.8,172.15,191.8,6531994.0,20.52
2021-11-01,196.8,205.0,196.6,201.35,3950493.0,21.93
2021-11-02,204.4,217.7,199.2,211.0,2153461.0,30.1
2021-11-03,211.0,211.95,198.0,201.7,1451985.0,39.16
2021-11-04,211.0,211.95,198.0,201.7,1451985.0,39.16
2021-11-05,202.6,206.25,198.0,199.5,215285.0,39.95
2021-11-08,199.5,211.55,197.25,202.3,1900210.0,32.88
2021-11-09,206.5,214.45,200.05,210.65,1592135.0,37.96
2021-11-10,209.3,222.0,207.2,219.15,1976861.0,27.28
2021-11-11,220.3,229.1,215.35,221.4,2365649.0,24.87
2021-11-12,216.0,219.9,205.6,210.95,1017554.0,41.89
2021-11-15,210.9,214.0,191.6,195.75,1081087.0,37.96
2021-11-16,198.5,198.5,189.0,191.45,653825.0,27.86
2021-11-17,191.4,192.95,187.2,188.05,282476.0,30.01
2021-11-18,189.2,189.2,179.1,180.5,509207.0,31.06
2021-11-19,189.2,189.2,179.1,180.5,509207.0,31.06
2021-11-22,180.9,180.95,164.65,166.8,566509.0,34.44
2021-11-23,169.9,188.0,166.05,183.2,2027354.0,16.98
2021-11-24,189.45,196.55,181.1,183.2,2353673.0,17.98
2021-11-25,183.45,188.8,177.55,186.7,938688.0,14.91
2021-11-26,182.9,185.0,170.6,175.2,643250.0,24.46
2021-11-29,176.0,184.55,157.2,181.4,1476121.0,16.7
2021-11-30,181.0,188.9,181.0,185.9,972125.0,35.01
2021-12-01,189.5,193.95,188.25,190.4,948325.0,30.97
2021-12-02,190.0,190.0,180.95,182.45,823259.0,41.4
2021-12-03,183.95,186.0,181.65,183.5,421549.0,36.81
2021-12-06,180.0,186.0,173.4,182.4,974388.0,73.58
2021-12-07,182.4,184.9,180.0,181.2,902027.0,75.07
2021-12-08,183.0,184.9,181.2,182.05,141009.0,29.92
2021-12-09,183.2,188.0,182.35,184.35,392379.0,21.84
2021-12-10,183.5,187.35,182.85,184.7,192607.0,22.28
2021-12-13,186.2,192.8,181.9,184.9,709486.0,21.86
2021-12-14,183.45,192.7,181.75,189.95,900816.0,15.74
2021-12-15,190.5,192.45,184.15,187.0,299859.0,22.23
2021-12-16,185.15,188.35,181.0,181.9,208339.0,30.71
2021-12-17,181.9,183.55,172.35,174.95,232231.0,26.03
2021-12-20,168.5,189.85,166.55,181.6,463984.0,32.96
2021-12-21,183.85,184.85,175.55,178.45,457100.0,19.81
2021-12-22,179.5,182.2,178.2,179.55,178372.0,17.85
2021-12-23,180.9,181.9,176.0,176.55,148979.0,27.93
2021-12-24,178.3,179.7,173.5,174.35,163033.0,24.65
2021-12-27,174.6,175.7,171.45,172.55,140196.0,23.67
2021-12-28,171.85,179.55,171.85,176.25,204490.0,22.75
2021-12-29,177.15,180.9,175.9,177.85,191721.0,25.27
2021-12-30,176.5,184.35,171.9,181.6,502473.0,30.21
2021-12-31,184.4,191.0,181.0,189.45,1298899.0,53.41
2022-01-03,190.0,195.0,189.5,191.4,458279.0,46.11
2022-01-04,192.0,195.0,185.0,187.6,351823.0,32.69
2022-01-05,185.7,189.9,182.1,184.2,359089.0,35.04
2022-01-06,184.2,184.75,181.0,181.65,172822.0,31.72
2022-01-07,183.0,184.3,177.5,178.6,207787.0,36.78
2022-01-10,178.6,182.4,178.6,180.6,176971.0,38.47
2022-01-11,181.55,182.9,177.4,178.55,126023.0,36.73
2022-01-12,178.55,180.85,177.65,179.15,112818.0,44.59
2022-01-13,179.15,181.85,177.65,178.75,300583.0,65.27
2022-01-14,178.1,204.55,178.1,202.0,5227208.0,12.59
2022-01-17,202.0,209.7,201.05,204.55,2288959.0,24.35
2022-01-18,205.05,212.8,196.1,199.95,1121412.0,27.93
2022-01-19,200.45,201.9,193.35,196.85,566868.0,25.17
2022-01-20,196.85,201.15,193.6,195.7,363701.0,24.81
2022-01-21,197.0,212.5,196.1,202.35,3444309.0,11.77
2022-01-24,203.55,205.1,184.5,187.3,751300.0,20.67
2022-01-25,184.95,220.75,174.05,214.3,6990365.0,8.17
2022-01-26,184.95,220.75,174.05,214.3,6990365.0,8.17
2022-01-27,212.45,231.7,202.6,207.85,5900855.0,11.98
2022-01-28,209.8,218.5,201.15,207.6,1478567.0,12.08
2022-01-31,210.5,216.65,200.0,203.0,792507.0,28.35
2022-02-01,204.7,214.0,201.15,206.1,1064635.0,16.81
2022-02-02,207.0,215.0,207.0,210.0,924360.0,20.08
2022-02-03,211.45,218.7,204.4,205.65,1621199.0,30.63
2022-02-04,208.0,213.0,205.65,209.9,891289.0,25.51
2022-02-07,208.5,210.95,205.5,208.0,385331.0,31.71
2022-02-08,206.6,215.9,205.65,209.4,883443.0,30.04
2022-02-09,211.0,213.95,202.7,204.85,554238.0,50.82
2022-02-10,205.9,208.8,205.0,207.35,181218.0,40.29
2022-02-11,203.0,207.1,201.0,203.25,165103.0,36.48
2022-02-14,199.0,199.0,185.0,186.6,364934.0,41.56
2022-02-15,187.55,194.9,178.25,185.75,596013.0,27.72
2022-02-16,194.9,199.85,190.45,193.15,937245.0,14.34
2022-02-17,193.15,194.8,186.2,188.65,225467.0,27.61
2022-02-18,189.9,193.5,187.35,188.35,171676.0,26.34
2022-02-21,183.7,187.7,175.0,176.45,327337.0,45.93
2022-02-22,165.0,180.8,165.0,178.7,560962.0,25.36
2022-02-23,180.0,187.55,177.1,179.65,339940.0,30.87
2022-02-24,173.0,176.45,158.25,160.6,402212.0,34.03
2022-02-25,163.2,186.5,163.2,180.6,1004914.0,20.23
2022-02-28,178.0,178.85,173.55,176.0,267982.0,27.59
2022-03-01,178.0,178.85,173.55,176.0,267982.0,27.59
2022-03-02,175.0,182.9,174.05,179.45,244933.0,29.88
2022-03-03,181.1,183.75,177.95,179.0,158566.0,36.25
2022-03-04,179.0,182.5,174.0,175.8,291069.0,19.07
2022-03-07,175.0,181.3,168.1,174.75,337321.0,40.53
2022-03-08,176.25,184.8,172.35,175.85,504088.0,29.94
2022-03-09,180.0,181.7,175.0,177.3,338760.0,53.98
2022-03-10,182.0,185.95,179.05,181.45,457045.0,31.11
2022-03-11,181.0,184.2,180.15,182.65,150716.0,40.08
2022-03-14,184.1,186.35,181.0,182.85,219227.0,49.86
2022-03-15,184.35,187.95,177.35,178.65,343253.0,54.98
2022-03-16,181.0,189.35,178.2,183.45,598350.0,46.56
2022-03-17,184.9,189.2,183.35,187.95,283402.0,46.95
2022-03-18,184.9,189.2,183.35,187.95,283402.0,46.95
2022-03-21,188.9,192.0,186.0,189.4,287993.0,38.26
2022-03-22,190.95,197.0,188.15,192.5,404070.0,27.01
2022-03-23,194.95,201.95,193.45,199.2,546370.0,34.01
2022-03-24,205.2,205.2,199.3,203.2,720372.0,23.0
2022-03-25,200.4,204.3,200.2,203.05,174571.0,41.43
2022-03-28,204.05,204.45,192.1,194.55,225454.0,36.58
2022-03-29,197.5,200.8,194.6,198.05,260049.0,29.78
2022-03-30,204.0,205.0,195.65,197.2,248961.0,31.07
2022-03-31,196.05,211.15,196.05,202.15,959005.0,21.58
2022-04-01,203.7,209.0,201.1,203.85,224023.0,39.53
2022-04-04,204.85,209.8,203.0,203.65,232181.0,30.63
2022-04-05,204.65,224.5,204.6,211.75,3652338.0,20.96
2022-04-06,211.5,214.7,206.1,208.45,640523.0,35.2
2022-04-07,209.0,215.45,200.1,202.1,821973.0,41.32
2022-04-08,203.15,206.9,201.75,203.55,315625.0,34.32
2022-04-11,204.8,209.7,203.65,205.4,407820.0,32.95
2022-04-12,206.4,206.75,201.3,203.85,185309.0,32.75
2022-04-13,204.85,213.0,204.8,206.15,441927.0,24.27
2022-04-14,204.85,213.0,204.8,206.15,441927.0,24.27
2022-04-15,204.85,213.0,204.8,206.15,441927.0,24.27
2022-04-18,205.95,211.15,204.2,206.9,367118.0,29.52
2022-04-19,208.0,215.45,201.15,204.2,625585.0,31.08
2022-04-20,206.0,212.25,201.2,201.95,668168.0,47.86
2022-04-21,202.1,207.7,198.1,199.85,311521.0,47.96
2022-04-22,199.0,210.0,198.3,199.85,973246.0,30.88
2022-04-25,200.25,204.75,195.75,197.3,403881.0,37.66
2022-04-26,199.8,204.0,197.9,202.65,502849.0,25.28
2022-04-27,199.75,203.0,195.1,197.3,188856.0,34.23
2022-04-28,198.9,200.75,196.05,198.6,141105.0,40.62
2022-04-29,198.9,200.65,191.05,192.85,223664.0,35.85
2022-05-02,191.85,194.6,189.0,193.3,136772.0,36.83
2022-05-03,191.85,194.6,189.0,193.3,136772.0,36.83
2022-05-04,193.4,203.0,188.7,190.8,597630.0,32.02
2022-05-05,194.75,197.25,185.35,186.6,138960.0,38.74
2022-05-06,181.1,187.9,181.1,184.45,155986.0,31.25
2022-05-09,184.45,185.5,177.05,178.7,253865.0,34.86
2022-05-10,176.0,182.95,175.0,177.2,354027.0,26.74
2022-05-11,178.1,179.9,162.0,172.35,318428.0,32.66
2022-05-12,168.0,183.9,167.85,179.15,404464.0,20.84
2022-05-13,184.6,184.6,172.5,173.65,515960.0,41.76
2022-05-16,175.0,180.1,168.65,173.85,622454.0,32.47
2022-05-17,174.75,182.9,173.9,179.45,397759.0,47.58
2022-05-18,184.75,184.75,174.05,178.4,391437.0,46.78
2022-05-19,175.95,179.9,173.0,175.35,240248.0,39.49
2022-05-20,178.9,184.7,178.1,179.1,411173.0,48.18
2022-05-23,182.15,183.9,175.8,178.85,340847.0,49.38
2022-05-24,177.9,184.0,177.35,179.45,356033.0,46.06
2022-05-25,181.35,182.25,176.3,179.05,250444.0,47.13
2022-05-26,178.8,190.9,178.1,185.4,1130596.0,30.82
2022-05-27,184.7,185.7,171.85,175.65,374370.0,37.48
2022-05-30,175.2,177.05,172.55,175.6,267694.0,40.73
2022-05-31,174.0,179.8,168.75,170.3,1322463.0,72.78
2022-06-01,170.3,172.9,166.1,168.3,227267.0,37.08
2022-06-02,169.1,172.0,166.55,171.15,174260.0,32.26
2022-06-03,172.0,174.25,167.05,168.45,164473.0,35.62
2022-06-06,169.8,170.9,162.05,163.85,297354.0,28.56
2022-06-07,163.85,167.45,159.75,165.15,163226.0,33.47
2022-06-08,165.25,166.7,161.25,162.6,142547.0,37.28
2022-06-09,160.15,167.45,160.15,166.7,180067.0,45.32
2022-06-10,165.0,165.0,162.65,163.55,57678.0,43.77
2022-06-13,161.6,161.65,152.85,155.25,166274.0,32.79
2022-06-14,155.25,159.45,153.25,155.85,181787.0,27.06
2022-06-15,156.0,160.65,155.2,158.6,155835.0,27.78
2022-06-16,158.6,161.95,150.0,152.5,150773.0,37.67
2022-06-17,150.1,161.45,147.25,158.8,397366.0,28.63
2022-06-20,156.15,160.0,154.1,156.25,200413.0,38.07
2022-06-21,156.25,158.55,155.05,157.5,93775.0,22.69
2022-06-22,157.0,158.6,150.1,151.25,99739.0,30.89
2022-06-23,151.25,179.7,151.25,158.9,6538911.0,7.5
2022-06-24,157.9,162.25,153.75,157.05,1141747.0,15.2
2022-06-27,160.0,161.0,156.9,157.85,302276.0,27.72
2022-06-28,156.95,157.8,155.1,155.75,138264.0,31.16
2022-06-29,154.0,161.7,154.0,157.45,356828.0,20.64
2022-06-30,157.0,159.45,155.0,156.35,182252.0,26.03
2022-07-01,154.15,157.65,154.05,155.4,126459.0,24.87
2022-07-04,156.45,158.55,153.2,154.2,103597.0,38.07
2022-07-05,155.35,162.4,154.85,159.25,306902.0,31.99
2022-07-06,159.0,161.9,156.65,160.2,110226.0,39.07
2022-07-07,161.45,166.45,159.5,164.65,495687.0,45.34
2022-07-08,166.9,166.95,160.85,162.85,603354.0,80.22
2022-07-11,162.7,163.9,160.45,161.05,114247.0,39.22
2022-07-12,160.8,162.0,158.8,160.4,129481.0,46.78
2022-07-13,161.5,162.15,155.75,157.45,134607.0,52.72
2022-07-14,157.5,159.45,155.25,157.0,67966.0,48.4
2022-07-15,156.9,158.4,154.05,155.55,69549.0,43.52
2022-07-18,156.85,160.25,156.6,157.55,71819.0,48.86
2022-07-19,158.0,159.75,157.35,158.2,53512.0,47.38
2022-07-20,159.55,170.35,159.05,167.95,1462806.0,12.93
2022-07-21,167.0,173.8,165.3,172.8,623286.0,27.62
2022-07-22,171.6,175.0,169.05,172.2,338878.0,30.79
2022-07-25,173.0,177.15,168.25,173.5,333544.0,28.49
2022-07-26,173.0,179.85,171.1,176.85,395886.0,27.9
2022-07-27,175.55,181.0,169.6,171.2,340506.0,31.65
2022-07-28,172.5,174.6,168.55,170.2,153480.0,37.91
2022-07-29,174.5,174.5,165.05,170.85,220424.0,27.34
2022-08-01,172.2,183.5,172.0,180.95,455617.0,41.58
2022-08-02,195.35,205.95,190.6,192.95,4233144.0,12.2
2022-08-03,193.7,195.0,186.45,189.6,458947.0,19.32
2022-08-04,192.45,194.1,182.2,186.45,319226.0,31.46
2022-08-05,189.2,193.0,187.5,189.3,335324.0,29.31
2022-08-10,193.8,197.65,193.15,194.95,412618.0,38.12
2022-08-11,195.9,198.6,192.0,193.55,243564.0,48.41
2022-08-12,193.5,194.4,188.1,189.7,147817.0,44.64
2022-08-15,193.5,194.4,188.1,189.7,147817.0,44.64
2022-08-16,190.9,196.0,189.8,194.0,188358.0,45.8
2022-08-17,194.9,198.0,193.65,196.45,167855.0,53.23
2022-08-18,197.0,200.0,195.55,198.4,252242.0,48.87
2022-08-19,198.95,200.0,195.0,197.5,228194.0,49.29
2022-08-22,197.3,202.0,194.55,198.05,404057.0,35.17
2022-08-23,195.3,203.4,193.4,200.9,372691.0,43.41
2022-08-24,200.8,203.0,198.85,199.75,122741.0,50.07
2022-08-25,201.3,204.85,200.25,202.6,213715.0,57.2
2022-08-26,203.7,207.5,199.1,200.2,316745.0,49.73
2022-08-29,194.0,204.0,194.0,197.4,383645.0,44.0
2022-08-30,198.5,210.0,198.5,204.95,1463990.0,57.49
2022-08-31,198.5,210.0,198.5,204.95,1463990.0,57.49
2022-09-01,204.95,211.0,204.95,209.85,602471.0,60.09
2022-09-02,210.6,215.45,208.7,213.95,626479.0,58.2
2022-09-05,224.0,242.8,218.0,231.25,10756251.0,13.6
2022-09-06,234.2,235.3,216.05,217.9,1951522.0,33.41
2022-09-07,218.3,225.0,216.1,217.95,1492673.0,31.14
2022-09-08,220.0,221.85,214.6,216.65,578903.0,40.07
2022-09-09,218.4,223.5,216.15,221.05,690219.0,42.13
2022-09-12,224.0,226.05,218.0,219.35,1862213.0,72.02
2022-09-13,221.5,222.35,218.5,219.5,346849.0,47.61
2022-09-14,217.0,222.9,216.65,221.1,325939.0,44.11
2022-09-15,222.0,226.95,219.75,220.4,1069379.0,48.47
2022-09-16,221.0,229.7,219.55,222.9,1106214.0,34.41
2022-09-19,225.6,242.0,222.8,238.4,2289517.0,29.31
2022-09-20,243.75,244.45,228.0,228.95,1516996.0,34.72
2022-09-21,240.3,248.8,228.7,231.4,6217709.0,21.62
2022-09-22,239.75,245.5,228.1,229.2,5629356.0,23.56
2022-09-23,231.5,234.8,227.0,232.1,1324462.0,23.65
2022-09-26,231.0,236.1,221.4,232.75,3134512.0,50.87
2022-09-27,236.2,238.0,228.65,230.0,799757.0,28.62
2022-09-28,227.1,234.8,227.1,231.05,952492.0,48.33
2022-09-29,234.9,241.0,230.1,232.15,1474520.0,45.87
2022-09-30,232.0,236.95,231.95,234.9,782438.0,49.99
2022-10-03,235.0,262.45,234.9,255.5,7747389.0,23.53
2022-10-04,262.0,272.0,254.35,269.15,5054241.0,20.72
2022-10-05,262.0,272.0,254.35,269.15,5054241.0,20.72
2022-10-06,265.55,267.6,256.5,259.0,2100701.0,37.86
2022-10-07,260.4,261.6,249.45,253.55,1256785.0,33.06
2022-10-10,250.3,266.95,248.5,260.55,2541490.0,33.91
2022-10-11,261.8,265.35,252.7,254.2,987079.0,47.01
2022-10-12,255.5,269.4,253.05,266.3,2314719.0,21.48
2022-10-13,267.4,267.6,256.5,257.5,856454.0,40.08
2022-10-14,262.0,266.2,261.0,263.8,653568.0,28.73
2022-10-17,264.0,271.35,261.6,268.55,1600395.0,28.21
2022-10-18,272.25,277.9,264.0,264.8,1680175.0,34.44
2022-10-19,266.7,274.95,263.3,269.05,1461408.0,37.75
2022-10-20,268.45,274.0,266.0,272.4,615284.0,39.74
2022-10-21,275.5,290.0,274.4,286.8,2347567.0,28.0
2022-10-24,292.8,294.5,276.8,283.6,459457.0,45.68
2022-10-25,284.0,295.45,280.55,289.75,1263375.0,28.61
2022-10-26,284.0,295.45,280.55,289.75,1263375.0,28.61
2022-10-27,295.0,302.8,286.9,300.3,1748503.0,32.63
2022-10-28,300.5,305.5,286.35,289.75,1192642.0,31.01
2022-10-31,300.0,301.35,279.0,279.8,1390607.0,31.46
2022-11-01,281.2,282.75,271.1,277.6,772045.0,26.85
2022-11-02,279.0,286.75,276.5,283.25,996786.0,23.52
2022-11-03,281.95,289.45,276.7,281.45,1079582.0,24.27
2022-11-04,283.4,287.7,281.2,285.4,528405.0,31.33
2022-11-07,288.7,293.85,286.4,288.1,940881.0,37.97
2022-11-08,288.7,293.85,286.4,288.1,940881.0,37.97
2022-11-09,288.1,294.8,285.6,287.65,631257.0,39.18
2022-11-10,287.0,291.75,278.55,279.95,492676.0,41.61
2022-11-11,283.7,284.5,270.45,272.2,481011.0,44.85
2022-11-14,271.3,278.0,270.2,273.8,407640.0,43.21
2022-11-15,275.2,284.7,275.0,281.65,501826.0,46.24
2022-11-16,283.2,287.4,281.35,285.6,514147.0,42.11
2022-11-17,284.8,289.65,275.55,276.65,542614.0,36.77
2022-11-18,278.0,293.0,277.2,289.75,752372.0,32.46
2022-11-21,291.0,291.7,279.35,282.55,476405.0,36.85
2022-11-22,283.8,288.5,278.4,281.65,403957.0,37.41
2022-11-23,283.1,285.25,275.1,276.3,325810.0,45.82
2022-11-24,281.0,282.0,277.0,278.15,456375.0,57.28
2022-11-25,278.95,278.95,274.5,275.6,267392.0,53.04
2022-11-28,276.0,277.4,272.65,275.5,304483.0,42.78
2022-11-29,276.9,282.3,276.05,280.3,475785.0,48.75
2022-11-30,281.7,289.5,280.5,286.95,940036.0,49.52
2022-12-01,290.4,294.95,287.0,293.5,894118.0,39.62
2022-12-02,291.9,302.0,288.2,290.2,766656.0,41.72
2022-12-05,291.85,293.5,286.45,288.45,261279.0,42.29
2022-12-06,288.7,291.0,281.35,286.5,268370.0,46.56
2022-12-07,287.65,291.95,285.1,288.2,279813.0,46.42
2022-12-08,289.5,301.6,288.25,299.9,1467946.0,44.24
2022-12-09,302.8,307.6,286.25,291.55,1584890.0,37.07
2022-12-12,292.9,298.8,291.65,294.1,458918.0,46.37
2022-12-13,295.45,297.5,291.8,294.5,279312.0,47.85
2022-12-14,294.95,308.5,293.85,304.25,1385461.0,48.71
2022-12-15,306.8,309.35,296.1,297.8,554226.0,41.17
2022-12-16,298.3,302.3,290.3,294.2,394381.0,33.97
2022-12-19,296.2,300.9,293.0,294.85,464668.0,37.21
2022-12-20,295.2,300.75,292.0,299.4,430120.0,27.82
2022-12-21,301.8,304.3,283.05,285.65,432252.0,39.28
2022-12-22,279.95,279.95,260.15,265.8,1207494.0,23.72
2022-12-23,258.45,263.75,250.0,251.6,451828.0,34.54
2022-12-26,250.0,271.5,248.35,269.4,859985.0,64.14
2022-12-27,270.75,275.4,266.8,272.6,287519.0,23.62
2022-12-28,273.8,273.8,262.05,263.95,415590.0,33.94
2022-12-29,264.4,269.35,255.0,258.7,307786.0,49.11
2022-12-30,260.7,266.7,259.0,260.25,316251.0,43.08
2023-01-02,261.6,261.9,243.85,249.55,1176914.0,44.1
2023-01-03,250.0,251.8,241.6,244.7,1219085.0,48.84
2023-01-04,243.1,248.7,243.0,246.6,643374.0,47.56
2023-01-05,249.2,250.0,242.5,244.6,387786.0,48.12
2023-01-06,245.85,255.0,243.95,253.75,992892.0,45.25
2023-01-09,254.9,260.5,254.2,259.7,1047934.0,46.28
2023-01-10,259.5,263.8,254.2,259.8,491447.0,42.25
2023-01-11,261.4,265.85,258.05,264.65,478700.0,46.25
2023-01-12,269.0,275.9,268.3,274.25,1779656.0,18.39
2023-01-13,274.65,278.35,272.4,274.55,545729.0,34.57
2023-01-16,274.9,297.9,274.8,292.95,1116867.0,24.21
2023-01-17,294.0,294.0,286.5,290.45,579030.0,36.17
2023-01-18,290.5,302.35,283.5,289.05,826436.0,28.84
2023-01-19,289.05,290.0,277.0,279.65,488940.0,45.15
2023-01-20,280.0,290.55,272.55,274.65,785350.0,37.68
2023-01-23,276.05,281.25,269.05,275.7,362320.0,26.78
2023-01-24,278.2,281.9,269.3,275.75,679253.0,26.88
2023-01-25,276.5,278.5,270.05,272.85,241513.0,35.26
2023-01-26,276.5,278.5,270.05,272.85,241513.0,35.26
2023-01-27,274.95,278.55,272.1,273.6,406783.0,40.65
2023-01-30,275.0,278.9,259.05,264.5,538983.0,56.57
2023-01-31,265.65,275.0,262.0,271.25,744438.0,29.29
2023-02-01,273.1,284.9,261.0,267.65,975101.0,38.21
2023-02-02,267.65,271.75,259.05,261.1,857986.0,55.01
2023-02-03,264.0,269.6,261.2,264.15,488595.0,45.07
2023-02-06,264.15,269.0,261.65,263.9,1457623.0,84.14
2023-02-07,265.0,302.0,265.0,278.7,5397792.0,19.85
2023-02-08,280.7,291.25,278.75,284.75,1262908.0,25.78
2023-02-09,286.0,286.3,280.1,283.85,284973.0,24.68
2023-02-10,283.75,289.35,278.1,280.85,1294820.0,66.3
2023-02-13,282.4,284.5,275.15,282.4,342182.0,33.87
2023-02-14,282.0,301.5,278.0,282.6,2986304.0,20.07
2023-02-15,283.1,292.65,281.6,289.75,897898.0,19.75
2023-02-16,291.2,294.5,287.5,291.8,365220.0,31.84
2023-02-17,292.2,297.35,283.4,284.4,728305.0,38.28
2023-02-20,285.85,305.9,284.95,299.85,3261690.0,24.07
2023-02-21,301.2,310.55,298.1,306.2,2276659.0,26.25
2023-02-22,308.0,312.65,301.8,304.3,1910813.0,19.14
2023-02-23,304.3,305.2,293.3,297.25,1026058.0,40.31
2023-02-24,298.6,301.45,290.0,292.0,864790.0,38.16
2023-02-27,292.0,311.9,290.9,300.65,3439061.0,13.74
2023-02-28,302.9,330.0,302.2,317.55,11175329.0,12.99
2023-03-01,320.3,368.5,317.65,344.9,10371990.0,13.08
2023-03-02,342.65,342.65,319.05,321.7,4939782.0,19.91
2023-03-03,324.0,333.4,315.0,322.95,4370055.0,15.23
2023-03-06,326.85,338.0,325.6,334.55,2897349.0,18.08
2023-03-07,326.85,338.0,325.6,334.55,2897349.0,18.08
2023-03-08,333.0,344.8,331.0,336.6,2353310.0,19.61
2023-03-09,337.0,339.0,331.1,335.5,1224524.0,35.38
2023-03-10,335.0,349.35,332.5,339.65,2560021.0,23.23
2023-03-13,340.8,342.8,330.35,332.7,1358040.0,37.83
2023-03-14,332.0,334.0,311.55,315.45,1409352.0,34.44
2023-03-15,320.05,324.5,306.0,309.1,1880256.0,27.1
2023-03-16,310.5,311.95,295.2,299.5,1709998.0,36.27
2023-03-17,303.7,310.85,297.35,300.85,5539920.0,72.25
2023-03-20,300.85,311.75,295.0,297.4,2080507.0,34.22
2023-03-21,299.6,306.7,291.35,295.0,976018.0,37.03
2023-03-22,296.25,304.95,296.1,301.0,1240756.0,35.85
2023-03-23,301.7,317.2,301.0,314.65,2699737.0,37.32
2023-03-24,315.8,318.15,304.0,308.75,950653.0,37.27
2023-03-27,310.7,312.7,303.9,310.1,484571.0,33.52
2023-03-28,312.0,313.25,304.7,308.75,354815.0,36.36
2023-03-29,308.75,324.9,308.05,321.35,783270.0,38.92
2023-03-30,308.75,324.9,308.05,321.35,783270.0,38.92
2023-03-31,325.05,335.75,321.65,333.15,1166456.0,47.11
2023-04-03,337.5,341.0,320.15,325.75,1319354.0,46.67
2023-04-04,337.5,341.0,320.15,325.75,1319354.0,46.67
2023-04-05,328.4,337.7,325.35,333.35,1169249.0,49.34
2023-04-06,333.35,334.5,326.4,327.0,1172378.0,70.73
2023-04-07,333.35,334.5,326.4,327.0,1172378.0,70.73
2023-04-10,328.3,334.0,323.5,332.1,377251.0,31.34
2023-04-11,334.0,342.35,331.7,338.2,924452.0,47.0
2023-04-12,339.5,348.5,337.25,344.0,940580.0,39.44
2023-04-13,345.75,345.75,338.35,341.4,733942.0,52.02
2023-04-14,345.75,345.75,338.35,341.4,733942.0,52.02
2023-04-17,341.25,342.2,326.5,334.55,784022.0,45.53
2023-04-18,336.0,337.4,330.9,334.0,652884.0,42.37
2023-04-19,334.95,339.05,331.1,337.9,492391.0,48.19
2023-04-20,339.0,345.5,335.8,342.2,985475.0,59.6
2023-04-21,341.8,352.2,340.15,343.25,1476796.0,52.36
2023-04-24,343.95,344.75,333.15,339.4,607248.0,46.11
2023-04-25,340.2,344.9,335.05,341.2,415295.0,48.49
2023-04-26,342.55,374.55,338.35,367.55,2978210.0,36.11
2023-04-27,371.0,395.0,358.0,365.0,4171789.0,34.31
2023-04-28,366.85,371.0,359.65,365.3,1335531.0,49.86
2023-05-01,366.85,371.0,359.65,365.3,1335531.0,49.86
2023-05-02,367.15,369.0,348.5,349.95,1279015.0,47.8
2023-05-03,350.05,353.2,337.0,342.6,1131596.0,41.21
2023-05-04,344.35,358.8,343.05,356.2,1120880.0,29.42
2023-05-05,356.0,360.35,348.4,357.45,646180.0,22.29
2023-05-08,359.25,393.0,358.05,388.0,2881115.0,22.37
2023-05-09,388.0,401.95,383.3,386.8,1864488.0,28.73
2023-05-10,386.3,398.15,381.6,392.95,1402590.0,32.04
2023-05-11,394.95,409.55,389.45,405.55,1060941.0,32.59
2023-05-12,402.05,422.9,395.5,400.65,2164864.0,35.91
2023-05-15,400.0,400.9,393.0,395.1,379943.0,34.44
2023-05-16,397.45,401.75,382.0,384.3,902658.0,36.29
2023-05-17,400.0,407.95,382.3,398.35,4510618.0,45.61
2023-05-18,400.35,400.35,387.15,390.2,1525525.0,69.93
2023-05-19,391.15,392.0,375.85,377.45,738500.0,46.29
2023-05-22,379.25,403.0,378.85,401.05,1427371.0,30.29
2023-05-23,400.65,409.0,398.0,399.8,945014.0,51.9
2023-05-24,400.0,405.5,397.05,403.05,550541.0,49.55
2023-05-25,404.0,404.75,391.5,394.05,833994.0,62.66
2023-05-26,394.95,403.0,394.95,400.05,578588.0,49.69
2023-05-29,403.7,403.7,386.0,389.85,617795.0,51.63
2023-05-30,391.4,403.5,382.7,385.05,843380.0,42.12
2023-05-31,385.0,404.7,381.0,399.5,2017704.0,65.01
2023-06-01,394.0,395.85,388.15,391.45,493908.0,51.01
2023-06-02,393.15,397.5,387.0,388.4,521913.0,53.57
2023-06-05,390.6,394.55,382.15,385.2,470970.0,41.27
2023-06-06,386.55,402.85,386.0,399.85,1106796.0,46.37
2023-06-07,405.0,409.0,400.1,406.9,1049097.0,54.95
2023-06-08,409.0,414.8,401.0,412.25,1247962.0,49.26
2023-06-09,414.4,420.0,413.1,417.7,858261.0,63.72
2023-06-12,417.7,419.65,397.0,401.3,784982.0,49.47
2023-06-13,402.8,416.0,399.55,414.7,823417.0,52.71
2023-06-14,416.6,417.7,404.4,410.35,621749.0,56.86
2023-06-15,412.4,415.0,404.05,413.8,402951.0,48.39
2023-06-16,410.0,425.0,410.0,423.1,1045977.0,54.33
2023-06-19,425.1,430.5,405.0,407.95,1117816.0,51.31
2023-06-20,410.55,412.9,401.15,409.95,591914.0,47.29
2023-06-21,413.2,413.6,398.6,406.95,936480.0,53.25
2023-06-22,407.8,409.45,390.0,391.9,1241006.0,56.38
2023-06-23,394.0,404.0,393.35,402.6,1017267.0,44.18
2023-06-26,405.25,406.6,399.05,404.25,311699.0,51.74
2023-06-27,403.4,405.2,398.0,399.8,618539.0,64.73
2023-06-28,399.0,405.55,399.0,402.25,466745.0,74.22
2023-06-29,399.0,405.55,399.0,402.25,466745.0,74.22
2023-06-30,404.85,408.95,399.0,406.75,750036.0,62.3
2023-07-03,406.5,408.8,398.05,400.2,349195.0,47.48
2023-07-04,402.85,405.95,397.0,398.05,350153.0,56.03
2023-07-05,399.65,403.5,396.5,398.5,170973.0,41.64
2023-07-06,401.45,401.45,394.55,395.6,576705.0,77.37
2023-07-07,395.6,405.5,395.6,404.25,529745.0,52.53
2023-07-10,404.6,408.2,398.1,401.1,256984.0,55.38
2023-07-11,403.3,406.2,385.15,389.85,1420838.0,58.42
2023-07-12,391.85,403.9,391.05,394.45,877399.0,43.02
2023-07-13,397.9,405.25,396.0,402.25,876043.0,41.23
2023-07-14,398.0,400.0,392.2,395.25,555709.0,44.06
2023-07-17,394.5,396.85,387.7,389.15,537261.0,63.89
2023-07-18,392.9,402.5,392.0,399.75,701282.0,50.65
2023-07-19,401.55,405.3,398.35,399.9,218925.0,56.79
2023-07-20,401.2,406.0,398.05,404.8,487673.0,59.17
2023-07-21,404.75,414.9,403.4,406.15,555232.0,51.48
2023-07-24,408.6,412.15,398.65,400.0,352419.0,50.62
2023-07-25,401.6,407.65,401.6,404.0,527398.0,65.49
2023-07-26,402.0,405.9,399.35,404.8,206004.0,51.38
2023-07-27,407.0,408.65,399.45,400.35,234203.0,55.07
2023-07-28,400.3,401.95,396.8,398.7,134312.0,48.02
2023-07-31,400.5,402.7,398.25,400.0,151000.0,59.65
2023-08-01,402.7,404.95,391.0,393.25,804623.0,31.18
2023-08-02,400.0,417.9,390.5,398.4,3147289.0,26.71
2023-08-03,398.4,403.4,394.7,399.65,451349.0,52.78
2023-08-04,403.2,403.2,395.1,396.7,298313.0,51.27
2023-08-07,399.5,400.3,392.4,394.7,603859.0,62.36
2023-08-08,397.0,400.25,395.55,397.1,240747.0,56.03
2023-08-09,397.5,402.65,396.65,397.65,324284.0,51.49
2023-08-10,398.15,403.45,398.15,399.0,231630.0,59.23
2023-08-11,399.95,403.05,397.8,399.95,338403.0,67.69
2023-08-14,400.9,402.45,388.3,389.0,401623.0,52.67
2023-08-15,400.9,402.45,388.3,389.0,401623.0,52.67
2023-08-16,390.9,395.0,390.1,392.95,206181.0,58.46
2023-08-17,397.8,397.8,378.1,380.1,640462.0,56.75
2023-08-18,380.9,384.7,375.0,378.35,299800.0,51.95
2023-08-21,375.0,377.9,360.15,371.2,999771.0,33.36
2023-08-22,370.75,379.7,370.55,374.8,354728.0,46.64
2023-08-23,375.0,379.0,372.0,374.5,374988.0,59.84
2023-08-24,375.15,391.3,375.15,386.9,1632116.0,47.09
2023-08-25,387.9,392.8,385.3,388.3,2025260.0,85.74
2023-08-28,391.5,394.7,384.05,386.65,309268.0,51.1
2023-08-29,386.0,393.5,385.0,389.85,316000.0,54.4
2023-08-30,389.85,392.75,385.4,387.05,340120.0,70.25
2023-08-31,387.05,394.7,382.0,391.45,801172.0,76.76
2023-09-01,395.0,398.1,386.05,389.35,403407.0,35.99
2023-09-04,391.95,392.9,386.7,388.6,308763.0,43.52
2023-09-05,388.55,397.0,387.2,389.3,644306.0,53.69
2023-09-06,391.9,393.0,388.0,390.75,245787.0,52.48
2023-09-07,392.9,414.0,388.8,406.25,1078425.0,57.57
2023-09-08,410.6,415.2,400.3,403.2,734028.0,51.51
2023-09-11,406.8,421.0,403.0,413.05,1516727.0,37.79
2023-09-12,415.0,416.9,395.4,401.2,697777.0,54.61
2023-09-13,402.0,405.0,388.0,393.0,590034.0,55.94
2023-09-14,394.85,407.9,394.0,398.7,317659.0,46.93
2023-09-15,413.0,444.35,403.0,433.35,2797217.0,33.17
2023-09-18,442.0,449.35,430.35,432.7,2723990.0,31.01
2023-09-19,442.0,449.35,430.35,432.7,2723990.0,31.01
2023-09-20,432.7,453.95,425.7,435.0,2060629.0,36.73
2023-09-21,436.0,437.65,418.0,419.1,697429.0,42.02
2023-09-22,422.0,422.2,406.15,411.05,828353.0,32.94
2023-09-25,414.5,414.9,407.2,408.65,285990.0,46.38
2023-09-26,410.05,423.4,409.35,421.05,615080.0,45.81
2023-09-27,422.05,447.6,420.3,445.3,1944920.0,24.79
2023-09-28,452.0,456.6,437.05,439.4,903641.0,41.17
2023-09-29,440.9,445.0,435.0,438.4,459103.0,43.57
2023-10-02,440.9,445.0,435.0,438.4,459103.0,43.57
2023-10-03,440.3,443.3,427.9,429.4,482158.0,53.53
2023-10-04,429.85,435.85,422.0,424.85,810220.0,54.33
2023-10-05,424.1,426.75,419.3,421.25,296966.0,52.57
2023-10-06,422.85,422.85,412.75,414.7,316226.0,65.94
2023-10-09,412.55,412.6,400.35,401.95,288850.0,51.33
2023-10-10,393.0,398.0,378.55,384.8,2401774.0,51.12
2023-10-11,389.0,391.0,383.0,384.9,928533.0,52.46
2023-10-12,385.0,388.0,380.1,381.4,487238.0,61.21
2023-10-13,381.3,384.15,374.0,375.2,455509.0,60.88
2023-10-16,374.0,376.9,366.0,367.5,848334.0,57.63
2023-10-17,371.05,375.0,369.15,372.55,453759.0,53.39
2023-10-18,375.05,379.9,369.05,370.55,521287.0,47.52
2023-10-19,370.0,373.55,365.3,366.95,318432.0,53.09
2023-10-20,367.0,373.95,363.9,365.75,328656.0,47.54
2023-10-23,366.0,369.85,318.2,346.15,428288.0,50.29
2023-10-24,366.0,369.85,318.2,346.15,428288.0,50.29
2023-10-25,346.9,360.0,326.1,329.1,1038303.0,39.48
2023-10-26,327.0,333.75,312.0,316.0,1454179.0,48.06
2023-10-27,318.2,340.5,318.2,337.45,808456.0,45.07
2023-10-30,339.7,343.85,331.0,338.7,792498.0,31.58
2023-10-31,338.95,364.4,338.7,359.2,2477941.0,22.1
2023-11-01,361.9,365.0,352.15,358.85,579847.0,44.52
2023-11-02,364.9,395.65,358.0,391.7,3198708.0,28.08
2023-11-03,391.75,402.45,381.8,392.5,1656812.0,25.53
2023-11-06,391.55,393.75,375.15,377.35,587148.0,46.54
2023-11-07,378.95,393.9,372.35,391.7,953314.0,37.66
2023-11-08,392.55,394.65,384.0,386.65,329326.0,37.08
2023-11-09,387.55,407.0,387.55,404.25,1682098.0,35.98
2023-11-10,403.9,412.5,401.15,403.25,689133.0,37.3
2023-11-13,405.9,406.5,401.55,403.45,205921.0,57.42
2023-11-14,405.9,406.5,401.55,403.45,205921.0,57.42
2023-11-15,405.95,408.75,402.45,403.1,213220.0,56.62
2023-11-16,405.75,411.9,403.15,404.45,360381.0,51.75
2023-11-17,405.05,410.4,402.8,408.7,449855.0,65.14
2023-11-20,408.75,426.45,404.8,424.0,893599.0,42.84
2023-11-21,424.0,425.0,415.8,420.4,756683.0,69.1
2023-11-22,420.95,420.95,406.5,414.0,595405.0,40.42
2023-11-23,415.25,419.5,409.7,418.15,363761.0,53.77
2023-11-24,419.15,423.0,413.1,414.85,189002.0,42.18
2023-11-27,419.15,423.0,413.1,414.85,189002.0,42.18
2023-11-28,414.0,419.5,410.25,411.55,183107.0,40.78
2023-11-29,411.95,414.9,406.55,407.7,139048.0,48.0
2023-11-30,409.7,440.8,404.6,430.85,970224.0,59.44
2023-12-01,437.5,438.5,421.65,430.15,665159.0,48.18
2023-12-04,436.05,439.1,425.55,432.55,2427189.0,84.39
2023-12-05,433.0,440.0,428.05,434.8,740229.0,64.61
2023-12-06,434.8,436.9,421.1,422.95,358484.0,44.61
2023-12-07,422.95,426.5,413.45,416.3,250213.0,45.01
2023-12-08,417.0,420.9,411.55,417.1,230742.0,46.23
2023-12-11,417.15,419.4,410.0,411.25,209245.0,55.25
2023-12-12,413.95,413.95,395.55,403.0,878558.0,62.04
2023-12-13,405.0,412.0,399.1,405.25,391861.0,46.32
2023-12-14,410.3,422.5,408.05,415.2,668996.0,44.38
2023-12-15,419.95,419.95,412.6,414.2,349807.0,59.89
2023-12-18,415.45,416.2,405.55,406.25,339875.0,59.06
2023-12-19,407.95,408.3,402.35,404.35,235757.0,59.06
2023-12-20,407.9,411.8,398.15,404.2,724352.0,40.49
2023-12-21,399.0,410.85,391.2,403.8,713570.0,49.74
2023-12-22,406.3,408.0,400.5,401.9,216412.0,41.55
2023-12-25,406.3,408.0,400.5,401.9,216412.0,41.55
2023-12-26,404.9,409.75,401.45,408.35,307464.0,56.42
2023-12-27,407.2,417.0,405.3,414.5,435529.0,60.64
2023-12-28,414.6,425.0,409.45,422.4,529649.0,56.86
2023-12-29,422.4,428.0,416.0,424.15,478348.0,44.2
2024-01-01,424.15,426.75,417.55,420.15,148288.0,39.19
2024-01-02,419.7,423.3,412.75,421.1,171802.0,35.19
2024-01-03,421.9,427.8,418.55,420.6,272045.0,35.07
2024-01-04,420.6,425.1,418.1,421.4,221318.0,47.96
2024-01-05,424.7,436.85,411.1,412.85,615565.0,39.96
2024-01-08,412.95,414.6,404.35,407.4,420296.0,51.65
2024-01-09,410.0,411.1,400.0,401.55,473243.0,51.18
2024-01-10,402.7,404.7,391.2,392.65,460845.0,58.07
2024-01-11,395.3,402.9,395.05,398.0,265957.0,56.33
2024-01-12,398.0,405.9,396.0,403.4,263706.0,44.43
2024-01-15,403.4,419.65,403.4,417.4,728571.0,33.35
2024-01-16,418.1,418.7,408.0,410.15,271604.0,50.47
2024-01-17,407.5,408.5,402.85,405.3,150207.0,46.28
2024-01-18,404.4,404.4,393.0,397.65,350861.0,66.38
2024-01-19,400.15,402.0,392.0,392.7,296281.0,65.49
2024-01-22,398.45,413.0,394.4,405.7,410022.0,24.45
2024-01-23,406.0,410.75,393.0,396.3,315686.0,58.07
2024-01-24,397.5,397.9,385.3,394.75,829898.0,77.48
2024-01-25,396.75,396.75,384.0,385.8,376730.0,71.13
2024-01-26,396.75,396.75,384.0,385.8,376730.0,71.13
2024-01-29,385.0,389.0,371.05,373.95,516233.0,60.12
2024-01-30,377.2,378.85,368.15,369.15,582914.0,52.91
2024-01-31,370.25,380.85,366.05,376.55,569988.0,43.84
2024-02-01,377.75,378.45,369.3,373.2,477812.0,50.71
2024-02-02,373.2,383.4,364.85,367.2,661033.0,49.08
2024-02-05,367.35,370.35,350.35,354.0,849558.0,57.89
2024-02-06,375.0,424.8,369.1,424.8,14214394.0,16.92
2024-02-07,429.0,498.0,414.1,469.6,11226518.0,15.9
2024-02-08,477.2,482.3,458.1,469.05,3772709.0,20.6
2024-02-09,465.05,473.05,446.2,466.4,2122628.0,23.4
2024-02-12,467.8,472.1,423.4,428.35,958540.0,41.83
2024-02-13,428.55,451.95,420.05,445.55,788868.0,57.15
2024-02-14,427.0,449.0,427.0,437.25,338150.0,52.21
2024-02-15,445.0,463.45,430.0,459.1,888403.0,45.04
2024-02-16,461.95,471.45,447.05,460.85,482496.0,56.31
2024-02-19,466.0,467.75,450.35,458.05,303813.0,58.34
2024-02-20,463.5,467.85,445.1,451.25,292056.0,39.6
2024-02-21,452.0,459.8,440.5,453.9,504060.0,44.06
2024-02-22,460.0,464.35,445.1,455.65,485008.0,42.98
2024-02-23,468.0,472.0,452.25,457.3,435468.0,39.44
2024-02-26,457.6,459.6,442.35,456.1,396270.0,46.45
2024-02-27,458.0,461.45,436.45,459.2,914387.0,39.93
2024-02-28,465.3,498.7,447.95,466.1,10260156.0,12.82
2024-02-29,469.25,503.0,458.05,498.2,10002556.0,12.62
2024-03-01,498.2,504.9,486.6,491.45,1965936.0,23.81
2024-03-04,518.0,518.0,490.3,492.4,1877080.0,27.43
2024-03-05,496.4,515.95,478.0,480.55,2488644.0,28.52
2024-03-06,487.0,491.0,463.3,475.6,1367047.0,37.05
2024-03-07,479.9,489.0,475.6,484.65,912598.0,33.73
2024-03-08,479.9,489.0,475.6,484.65,912598.0,33.73
2024-03-11,497.95,501.4,473.75,480.65,1566284.0,26.48
2024-03-12,480.6,484.15,462.65,468.15,653245.0,34.2
2024-03-13,467.9,477.95,449.5,461.1,1190455.0,35.97
2024-03-14,458.0,476.0,445.0,471.25,994002.0,32.21
2024-03-15,467.95,475.0,458.55,472.25,609636.0,49.62
2024-03-18,470.9,474.75,458.4,461.5,346530.0,40.39
2024-03-19,463.0,504.7,460.1,488.35,12707665.0,9.72
2024-03-20,488.35,496.45,478.15,482.6,2273204.0,15.55
2024-03-21,487.7,517.5,486.5,499.75,3577176.0,13.39
2024-03-22,498.05,508.0,493.1,502.35,907958.0,29.68
2024-03-25,498.05,508.0,493.1,502.35,907958.0,29.68
2024-03-26,500.0,545.65,497.15,537.6,4223986.0,14.62
2024-03-27,542.85,559.0,530.85,546.0,2873936.0,22.47
2024-03-28,547.0,547.0,524.55,536.7,1560344.0,26.34
2024-03-29,547.0,547.0,524.55,536.7,1560344.0,26.34
2024-04-01,542.0,578.0,540.0,571.6,2975365.0,19.05
2024-04-02,570.0,574.8,551.1,555.15,981352.0,40.47
2024-04-03,558.4,558.7,547.0,550.0,1066403.0,56.33
2024-04-04,554.0,567.95,553.1,562.65,1174174.0,26.32
2024-04-05,568.0,574.5,554.0,557.2,667055.0,33.27
2024-04-08,561.0,562.25,545.2,549.5,556217.0,37.47
2024-04-09,555.3,555.3,536.1,549.1,512786.0,59.76
2024-04-10,556.85,565.8,550.0,555.0,862532.0,29.96
2024-04-11,556.85,565.8,550.0,555.0,862532.0,29.96
2024-04-12,558.4,565.45,541.0,545.45,1362609.0,29.05
2024-04-15,532.5,543.15,519.55,540.65,773634.0,48.13
2024-04-16,528.1,561.95,525.25,533.1,1571354.0,31.55
2024-04-17,528.1,561.95,525.25,533.1,1571354.0,31.55
2024-04-18,504.0,531.8,501.5,519.15,1269310.0,49.73
2024-04-19,515.0,541.1,512.75,535.85,1931126.0,21.42
2024-04-22,545.05,546.6,527.2,530.85,505074.0,40.64
2024-04-23,532.45,535.85,525.55,531.3,558722.0,59.84
2024-04-24,535.0,542.9,530.2,537.95,436069.0,50.76
2024-04-25,542.3,545.85,528.55,531.0,787985.0,63.08
2024-04-26,533.0,540.45,528.5,535.7,353173.0,34.78
2024-04-29,539.95,544.7,532.5,539.05,639859.0,77.77
2024-04-30,544.35,551.0,533.05,537.55,565139.0,45.52
2024-05-01,544.35,551.0,533.05,537.55,565139.0,45.52
2024-05-02,540.95,581.9,535.95,559.6,3743567.0,17.75
2024-05-03,563.0,596.7,560.15,576.15,2566687.0,21.37
2024-05-06,580.0,582.1,553.35,569.9,861439.0,26.96
2024-05-07,566.0,566.25,539.05,555.6,1359605.0,43.94
2024-05-08,555.0,581.1,551.4,579.45,924981.0,36.86
2024-05-09,579.95,581.0,547.0,550.7,839973.0,50.86
2024-05-10,554.9,564.35,549.65,555.4,497833.0,36.75
2024-05-13,554.5,558.0,541.05,555.5,348470.0,41.91
2024-05-14,557.0,565.95,549.0,556.55,752761.0,54.38
2024-05-15,561.7,586.8,556.1,584.65,1056094.0,33.44
2024-05-16,587.0,612.7,586.9,605.1,3039096.0,27.99
2024-05-17,639.0,654.4,617.8,630.9,6528875.0,10.76
2024-05-20,644.0,649.0,635.45,638.8,113321.0,48.8
2024-05-21,640.0,640.0,588.0,593.05,1717414.0,42.53
2024-05-22,604.95,616.0,578.15,581.35,1518678.0,29.92
2024-05-23,588.5,601.4,582.4,585.0,1003391.0,32.14
2024-05-24,586.0,599.05,583.0,588.45,632529.0,39.4
2024-05-27,593.7,593.7,571.15,575.05,432200.0,35.26
2024-05-28,576.4,579.25,559.2,573.0,622869.0,40.08
2024-05-29,575.35,577.6,560.0,566.45,481901.0,46.23
2024-05-30,565.05,603.3,562.0,594.1,1895344.0,22.05
2024-05-31,596.0,598.9,585.05,587.2,1197094.0,52.52
2024-06-03,675.1,676.1,580.0,583.25,1015022.0,35.75
2024-06-04,586.0,588.85,513.05,540.05,1323546.0,35.26
2024-06-05,548.95,596.7,518.15,561.85,1548118.0,26.72
2024-06-06,565.6,582.0,561.0,562.8,601802.0,44.54
2024-06-07,564.8,564.8,553.25,554.65,958262.0,69.91
2024-06-10,559.7,564.65,553.05,556.5,406073.0,53.38
2024-06-11,562.0,563.6,548.0,549.5,468941.0,56.06
2024-06-12,554.5,569.9,551.65,567.55,1048875.0,63.54
2024-06-13,571.3,573.4,561.15,566.5,375576.0,41.98
2024-06-14,568.3,578.9,562.0,574.55,1294986.0,72.19
2024-06-17,568.3,578.9,562.0,574.55,1294986.0,72.19
2024-06-18,583.0,583.65,569.05,576.15,450551.0,42.76
2024-06-19,576.35,604.4,570.35,594.95,3437730.0,38.27
2024-06-20,598.0,600.05,585.3,591.0,682433.0,33.86
2024-06-21,590.0,607.0,590.0,599.25,1009733.0,50.51
2024-06-24,599.25,599.25,579.4,586.55,1193497.0,54.33
2024-06-25,588.3,605.25,588.0,597.2,727250.0,47.25
2024-06-26,601.65,633.5,597.2,617.7,3467365.0,27.48
2024-06-27,621.1,625.75,603.0,606.45,549808.0,54.74
2024-06-28,609.5,624.8,606.55,620.5,972986.0,53.12
2024-07-01,618.9,618.9,607.05,609.7,288242.0,49.38
2024-07-02,613.45,614.35,605.5,607.5,406103.0,46.47
2024-07-03,609.6,651.0,604.0,645.1,1699202.0,39.01
2024-07-04,646.15,651.95,636.0,645.6,490240.0,36.38
2024-07-05,646.8,646.8,632.0,635.0,298996.0,44.27
2024-07-08,635.0,639.45,621.85,629.4,278145.0,52.66
2024-07-09,639.45,645.8,628.55,630.35,428477.0,48.38
2024-07-10,631.2,636.65,612.0,626.75,429819.0,55.72
2024-07-11,626.75,632.7,620.0,629.85,151607.0,38.26
2024-07-12,630.0,645.0,625.0,630.75,275062.0,34.73
2024-07-15,632.95,639.0,626.1,634.8,172361.0,42.71
2024-07-16,642.0,645.0,631.0,641.9,248298.0,46.68
2024-07-17,642.0,645.0,631.0,641.9,248298.0,46.68
2024-07-18,641.9,660.0,616.2,621.65,681763.0,39.4
2024-07-19,610.0,615.8,592.65,596.35,316489.0,44.97
2024-07-22,596.0,608.45,587.95,603.8,256162.0,33.76
2024-07-23,607.45,610.65,580.05,590.55,424957.0,49.05
2024-07-24,590.55,615.0,588.0,610.2,253672.0,45.65
2024-07-25,610.0,612.0,603.9,606.5,115204.0,45.7
2024-07-26,609.5,617.75,603.05,608.9,178492.0,43.05
2024-07-29,609.1,614.9,606.0,607.2,214206.0,59.51
2024-07-30,607.2,618.15,598.8,602.1,462871.0,55.65
2024-07-31,606.9,629.5,591.0,594.6,1186422.0,26.04
2024-08-01,597.4,608.8,582.35,604.55,588302.0,47.22
2024-08-02,602.0,610.0,591.65,607.7,375122.0,54.91
2024-08-05,587.95,599.95,580.4,595.65,343654.0,59.79
2024-08-06,625.0,642.25,610.55,619.45,3501793.0,14.44
2024-08-07,630.0,668.0,628.65,638.5,3167215.0,15.17
2024-08-08,640.0,712.0,638.0,688.15,10380297.0,10.86
2024-08-09,719.0,724.6,671.85,695.7,5133088.0,13.36
2024-08-12,693.75,707.45,680.0,700.65,1745759.0,22.51
2024-08-13,703.3,838.0,703.0,787.05,21252689.0,6.55
2024-08-14,791.0,843.95,754.2,798.0,14218509.0,5.85
2024-08-15,791.0,843.95,754.2,798.0,14218509.0,5.85
2024-08-16,790.0,816.0,765.05,810.0,2952650.0,23.76
2024-08-19,813.05,814.9,782.0,789.85,763738.0,39.26
2024-08-20,789.85,793.8,772.0,788.65,558414.0,49.28
2024-08-21,785.65,786.8,745.2,768.1,1202256.0,53.62
2024-08-22,761.0,766.0,745.0,755.85,773210.0,53.33
2024-08-23,759.1,760.6,724.6,729.6,623489.0,55.44
2024-08-26,739.7,739.7,718.0,720.15,490486.0,51.57
2024-08-27,725.05,761.9,719.45,749.95,2588003.0,22.24
2024-08-28,751.0,761.8,730.0,732.3,1538475.0,30.59
2024-08-29,732.05,738.8,715.55,719.85,585196.0,54.6
2024-08-30,715.15,728.0,710.55,720.15,770306.0,46.71
2024-09-02,729.95,746.9,722.1,732.8,1144204.0,23.68
2024-09-03,736.85,768.35,735.0,762.25,2453391.0,23.19
2024-09-04,762.0,782.0,755.4,765.6,1382930.0,28.55
2024-09-05,768.05,783.5,754.0,757.25,819562.0,31.34
2024-09-06,761.0,761.4,741.0,745.9,543135.0,39.73
2024-09-09,736.05,756.95,731.55,746.7,366985.0,28.4
2024-09-10,746.0,753.75,730.8,747.3,568160.0,32.53
2024-09-11,751.95,762.2,743.85,753.8,431907.0,39.62
2024-09-12,763.0,777.95,750.0,758.45,437096.0,38.58
2024-09-13,765.0,790.95,760.0,764.25,1438094.0,27.66
2024-09-16,772.45,801.45,772.05,787.5,1608157.0,24.58
2024-09-17,790.0,790.0,730.3,736.35,1204333.0,39.0
2024-09-18,741.2,751.85,733.5,742.65,625871.0,29.57
2024-09-19,742.5,751.75,723.5,741.0,508619.0,33.29
2024-09-20,742.5,753.75,726.9,732.15,619241.0,45.04
2024-09-23,735.95,748.0,732.15,737.3,452746.0,29.96
2024-09-24,741.05,747.9,729.0,730.05,458665.0,47.2
2024-09-25,733.65,736.45,708.15,713.25,450520.0,51.98
2024-09-26,716.8,733.75,708.1,711.5,781886.0,27.06
2024-09-27,714.3,721.15,694.0,698.55,516076.0,55.2
2024-09-30,694.0,702.8,683.05,684.9,575949.0,52.96
2024-10-01,688.2,716.35,685.05,712.65,1147140.0,23.37
2024-10-02,688.2,716.35,685.05,712.65,1147140.0,23.37
2024-10-03,684.25,705.0,682.7,686.25,586371.0,42.12
2024-10-04,689.9,692.9,668.3,671.35,538793.0,41.96
2024-10-07,672.0,680.9,641.75,658.65,975793.0,61.64
2024-10-08,658.0,737.8,655.55,731.2,3984025.0,18.62
2024-10-09,727.1,758.05,714.3,752.45,1628658.0,25.64
2024-10-10,743.05,757.0,740.3,744.55,596634.0,25.92
2024-10-11,743.8,805.0,739.2,795.8,7117451.0,11.86
2024-10-14,798.0,804.0,763.4,798.2,1621671.0,22.41
2024-10-15,800.0,821.95,793.1,814.4,1369597.0,38.15
2024-10-16,814.4,821.65,790.5,799.0,1004331.0,44.13
2024-10-17,799.75,802.8,769.0,772.65,738682.0,45.54
2024-10-18,772.95,801.0,755.0,784.4,1618018.0,28.47
2024-10-21,783.1,783.9,757.05,765.35,447414.0,44.77
2024-10-22,763.55,774.0,727.2,733.6,599628.0,41.12
2024-10-23,729.0,754.9,714.5,744.85,583522.0,22.87
2024-10-24,739.0,742.95,702.0,706.15,737724.0,36.77
2024-10-25,709.95,716.1,662.15,690.25,1331744.0,34.65
2024-10-28,685.0,698.55,666.0,668.4,1001172.0,55.08
2024-10-29,670.35,679.45,648.55,661.6,913862.0,49.08
2024-10-30,658.35,679.95,654.0,671.95,430282.0,30.1
2024-10-31,675.75,704.0,673.1,691.9,1005417.0,32.94
2024-11-01,695.4,709.9,695.0,705.3,81210.0,47.64
2024-11-04,708.4,708.4,672.05,680.9,574043.0,33.23
2024-11-05,679.1,687.5,658.35,662.55,865458.0,47.19
2024-11-06,664.7,682.85,656.85,680.5,989376.0,40.98
2024-11-07,685.0,686.7,653.0,655.95,793159.0,48.95
2024-11-08,658.5,660.9,630.25,633.45,638988.0,43.13
2024-11-11,632.9,634.0,613.05,625.35,646319.0,44.28
2024-11-12,671.0,698.65,626.05,647.95,19724212.0,7.61
2024-11-13,650.55,659.0,636.95,645.45,2076150.0,18.5
2024-11-14,643.0,658.85,636.1,655.65,944286.0,26.7
2024-11-18,650.0,667.8,645.0,645.9,1021718.0,36.73
2024-11-19,649.85,697.05,642.4,691.65,5623441.0,13.47
2024-11-20,649.85,697.05,642.4,691.65,5623441.0,13.47
2024-11-21,691.65,704.6,682.9,697.2,2538307.0,18.04
2024-11-22,699.1,708.0,682.2,683.8,753991.0,25.55
2024-11-25,699.0,788.0,694.2,764.15,5326804.0,14.61
2024-11-26,764.15,885.0,763.1,823.95,41909069.0,7.66
2024-11-27,836.0,880.0,825.3,834.85,16801320.0,8.11
2024-11-28,836.0,838.75,790.0,797.55,3024118.0,16.47
2024-11-29,797.55,799.8,760.5,767.65,1965077.0,28.44
2024-12-02,771.95,771.95,735.3,740.3,2001017.0,40.51
2024-12-03,748.0,755.5,732.55,739.7,1690244.0,51.0
2024-12-04,743.5,745.5,736.0,740.3,1074830.0,61.87
2024-12-05,744.0,744.5,732.0,739.85,541903.0,49.24
2024-12-06,743.5,764.85,733.0,755.75,1286790.0,41.75
2024-12-09,773.05,788.0,763.0,780.65,2156327.0,32.5
2024-12-10,780.6,809.75,767.25,807.05,2768346.0,25.41
2024-12-11,810.3,842.0,803.0,818.45,4867530.0,15.31
2024-12-12,816.0,826.0,802.7,812.6,1195807.0,27.37
2024-12-13,810.05,816.6,796.95,805.3,871822.0,28.79
2024-12-16,811.0,822.5,794.4,819.25,894596.0,29.12
2024-12-17,824.9,834.95,811.8,828.85,1386424.0,26.66
2024-12-18,834.0,837.4,814.5,824.7,825943.0,30.51
2024-12-19,799.0,811.9,773.5,779.65,1601739.0,28.48
2024-12-20,787.55,787.55,744.55,754.65,1969842.0,39.98
2024-12-23,759.0,763.2,732.0,739.8,861610.0,45.48
2024-12-24,746.45,746.9,735.0,739.25,516003.0,44.92
2024-12-25,746.45,746.9,735.0,739.25,516003.0,44.92
2024-12-26,745.5,745.5,719.25,736.1,796572.0,30.15
2024-12-27,736.0,759.4,734.0,748.55,976406.0,30.51
2024-12-30,754.05,772.9,731.25,739.25,1533351.0,24.44
2024-12-31,740.0,749.4,736.2,741.35,546901.0,43.77
2025-01-01,742.0,759.5,737.1,753.8,282573.0,36.01
2025-01-02,759.0,766.6,747.5,763.4,409553.0,32.65
2025-01-03,768.4,786.0,766.0,778.05,871073.0,39.17
2025-01-06,789.9,789.9,742.45,752.25,683323.0,43.48
2025-01-07,750.0,770.75,743.4,762.65,429238.0,30.58
2025-01-08,764.8,772.95,731.65,739.25,500461.0,41.16
2025-01-09,745.0,749.95,716.15,719.35,290260.0,40.45
2025-01-10,715.0,726.45,696.0,709.6,603934.0,34.11
2025-01-13,696.0,699.75,659.4,675.2,679317.0,34.02
2025-01-14,670.5,696.0,670.5,687.3,384772.0,35.24
2025-01-15,692.95,707.7,685.5,701.95,473057.0,41.19
2025-01-16,708.0,715.65,693.2,700.95,539080.0,39.09
2025-01-17,701.0,701.5,680.0,682.6,298675.0,44.42
2025-01-20,682.6,725.2,676.95,718.55,1206750.0,13.76
2025-01-21,719.05,725.65,677.85,683.85,530882.0,27.22
2025-01-22,685.5,689.0,661.75,676.05,335276.0,36.74
2025-01-23,676.65,681.5,656.4,659.4,463443.0,37.99
2025-01-24,662.55,681.55,645.05,649.75,608158.0,20.02
2025-01-27,646.85,646.95,616.1,629.35,447214.0,46.89
2025-01-28,629.3,631.6,582.0,593.2,1374138.0,44.89
2025-01-29,599.0,650.0,592.65,622.3,828574.0,32.13
2025-01-30,645.9,672.85,630.8,634.95,1106272.0,39.41
2025-01-31,636.9,678.0,632.45,670.35,1045600.0,57.1
2025-02-03,661.5,686.95,630.1,634.0,1834003.0,52.96
2025-02-04,640.35,643.2,571.0,573.55,4671373.0,35.9
2025-02-05,577.0,594.65,575.0,577.7,2448809.0,44.17
2025-02-06,585.45,588.9,567.0,568.8,1730196.0,54.69
2025-02-07,572.8,597.85,571.05,582.0,3484941.0,32.5
2025-02-10,582.0,583.65,559.25,567.85,1181017.0,54.88
2025-02-11,569.95,572.15,546.0,556.85,1022278.0,46.74
2025-02-12,555.0,582.5,546.55,575.8,1160804.0,36.83
2025-02-13,577.6,583.95,564.3,566.3,1226767.0,62.05
2025-02-14,566.3,604.9,555.15,588.7,3821668.0,9.03
2025-02-17,569.0,581.25,539.05,546.9,3051769.0,16.43
2025-02-18,545.25,578.8,532.4,566.55,3333633.0,8.84
2025-02-19,559.9,573.15,544.05,562.6,1044954.0,18.04
2025-02-20,563.45,594.3,558.75,577.8,1822829.0,23.33
2025-02-21,573.95,609.8,570.55,588.2,3272706.0,16.29
2025-02-24,575.0,578.9,558.0,563.6,851470.0,27.18
2025-02-25,558.65,567.85,548.0,550.05,758313.0,38.01
2025-02-27,552.8,555.2,520.35,524.0,1000340.0,40.76
2025-02-28,523.55,524.0,481.0,486.0,2009819.0,48.88
2025-03-03,486.75,493.8,460.3,478.3,1948272.0,32.74
2025-03-04,471.8,498.65,467.25,486.85,1113042.0,30.24
2025-03-05,486.85,504.3,478.55,500.75,1077718.0,38.0
2025-03-06,514.0,546.75,512.2,535.75,8559064.0,11.72
2025-03-07,539.0,639.0,535.75,613.5,20832897.0,7.96
2025-03-10,601.25,604.35,559.0,565.85,4846407.0,11.7
2025-03-11,555.0,565.6,526.0,530.25,4508844.0,11.45
2025-03-12,535.85,540.0,508.1,519.65,2958755.0,17.68
2025-03-13,524.2,528.95,511.1,514.25,1785235.0,15.13
2025-03-17,514.25,524.0,507.0,509.0,1264101.0,24.24
2025-03-18,515.0,600.6,515.0,576.05,20360083.0,6.72
2025-03-19,569.0,577.8,555.65,567.2,4113365.0,12.55
2025-03-20,572.45,583.4,554.25,568.3,2386679.0,18.57
2025-03-21,572.0,572.9,559.8,565.55,1483168.0,30.21
2025-03-24,570.0,584.0,564.85,575.8,1619487.0,25.33
2025-03-25,582.0,591.75,550.5,555.65,1563747.0,27.72
2025-03-26,557.55,574.0,543.9,563.85,1957610.0,16.21
2025-03-27,564.0,616.5,515.6,560.45,2175103.0,24.06
2025-03-28,563.8,583.0,554.45,563.6,2153573.0,23.18
2025-04-01,560.95,562.0,532.55,536.45,1384083.0,35.9
2025-04-02,540.0,545.65,526.0,541.95,1014446.0,21.8
2025-04-03,530.15,540.8,530.05,535.4,878533.0,39.24
2025-04-04,535.4,538.0,510.8,518.4,984436.0,35.98
2025-04-07,480.05,499.0,471.7,493.4,1624667.0,26.15
2025-04-08,503.25,505.0,478.8,488.4,1903705.0,34.9
2025-04-09,489.0,491.9,473.3,477.35,1022975.0,41.31
2025-04-11,494.9,500.8,481.2,495.8,1532778.0,36.92
2025-04-15,502.0,513.6,493.5,507.35,2291682.0,47.7
2025-04-16,511.85,518.5,507.35,512.95,1284994.0,40.51
2025-04-17,513.0,514.1,499.0,509.9,1372414.0,35.18
2025-04-21,515.0,518.8,507.45,512.6,855891.0,37.9
2025-04-22,514.35,516.75,506.5,509.7,1071846.0,46.05
2025-04-23,515.05,533.9,512.7,521.25,2798867.0,32.92
2025-04-24,522.95,532.8,512.4,520.15,1666237.0,39.01
2025-04-25,523.3,524.65,495.05,506.75,1687064.0,38.26
2025-04-28,505.0,526.8,500.8,525.15,1224145.0,40.68
2025-04-29,529.8,539.8,519.85,523.35,1177485.0,39.77
2025-04-30,524.0,532.75,511.25,520.15,1366485.0,41.96
2025-05-02,516.0,516.9,502.85,507.75,969519.0,38.39
2025-05-05,509.8,536.75,507.55,526.45,1828064.0,23.09
2025-05-06,530.0,532.0,501.15,504.55,893168.0,45.92
2025-05-07,503.05,518.9,495.05,517.0,885193.0,27.19
2025-05-08,518.95,536.5,518.0,526.1,1279306.0,43.81
2025-05-09,515.9,521.75,506.4,515.65,700107.0,38.02
2025-05-12,549.0,578.8,545.5,559.5,9735728.0,12.93
2025-05-13,559.5,564.0,547.25,550.6,955700.0,34.1
2025-05-14,555.0,595.7,550.95,574.05,4959820.0,23.71
2025-05-15,578.0,619.2,572.95,615.2,8136491.0,16.68
2025-05-16,619.9,622.9,598.1,605.15,1979336.0,40.43
2025-05-19,609.9,616.9,597.25,600.4,1211927.0,40.68
2025-05-20,605.0,606.15,584.0,585.1,1142479.0,50.9
2025-05-21,581.3,586.8,562.05,575.0,1634887.0,48.55
2025-05-22,576.45,588.7,568.0,572.35,935197.0,35.03
2025-05-23,572.65,587.8,568.15,581.65,1260618.0,36.06
2025-05-26,584.7,595.0,577.7,590.8,654851.0,35.87
2025-05-27,591.8,617.55,588.15,606.0,2537329.0,27.98
2025-05-28,606.75,609.25,590.0,592.1,1475802.0,46.29
2025-05-29,596.0,597.4,582.0,595.4,1149964.0,57.24
2025-05-30,598.0,598.0,576.3,581.25,947852.0,56.37
2025-06-02,582.0,582.9,572.85,575.55,828820.0,58.68
2025-06-03,577.0,594.9,576.1,590.15,918452.0,43.38
2025-06-04,592.8,595.4,583.0,591.15,1002418.0,47.48
2025-06-05,591.8,596.7,585.35,587.15,716723.0,55.91
2025-06-06,586.1,597.0,580.0,591.75,1346736.0,62.42
2025-06-09,594.55,616.9,592.65,607.45,1675168.0,47.39
2025-06-10,609.75,616.3,601.55,608.6,926163.0,53.6
2025-06-11,608.8,615.5,601.5,611.95,1368339.0,51.89
2025-06-12,620.0,633.7,597.0,602.3,2988102.0,35.79
2025-06-13,588.0,608.45,582.3,600.35,984375.0,34.31
2025-06-16,596.0,606.6,591.65,600.9,672507.0,43.6
2025-06-17,599.9,617.45,594.35,605.2,913065.0,32.63
2025-06-18,605.2,628.0,601.3,615.0,2407957.0,26.34
2025-06-19,614.1,619.05,603.4,609.15,996764.0,47.3
2025-06-20,609.0,613.15,593.55,602.2,1718983.0,61.45
2025-06-23,595.95,600.95,588.0,597.95,495068.0,47.54
2025-06-24,607.9,619.9,600.5,606.8,877790.0,39.47
2025-06-25,609.95,615.0,605.0,611.95,572553.0,48.58
2025-06-26,612.95,618.8,606.35,608.3,707242.0,54.13
2025-06-27,610.05,639.0,604.5,606.7,5034127.0,25.76
2025-06-30,611.95,614.3,605.5,612.45,632801.0,37.53
2025-07-01,614.8,616.05,603.25,606.0,674863.0,50.99
2025-07-02,609.0,626.4,602.45,619.25,2237137.0,39.15
2025-07-03,622.85,640.0,616.5,637.05,1706467.0,41.1
2025-07-04,642.0,649.9,628.55,645.65,2188053.0,35.74
2025-07-07,648.0,659.5,632.1,637.15,1709765.0,37.77
2025-07-08,637.2,657.15,635.5,640.05,1096462.0,38.01
2025-07-09,641.0,653.0,639.05,643.25,844381.0,41.74
2025-07-10,647.3,651.45,642.4,647.35,575408.0,49.55
2025-07-11,648.0,654.0,637.25,643.8,1429829.0,55.64
2025-07-14,642.0,652.4,639.0,649.0,541862.0,50.21
2025-07-15,650.0,666.2,650.0,660.8,1026049.0,44.58
2025-07-16,660.0,670.0,650.0,651.9,852401.0,51.05
2025-07-17,651.0,659.9,648.05,651.15,343321.0,46.96
2025-07-18,651.95,675.2,650.45,667.75,2377757.0,28.21
2025-07-21,671.1,671.95,660.05,665.65,431304.0,47.55
2025-07-22,667.0,672.8,655.2,660.4,479788.0,47.54
2025-07-23,661.0,661.9,625.5,629.0,1299141.0,44.5
2025-07-24,629.0,635.3,622.1,624.35,418772.0,38.63
2025-07-25,623.0,623.55,607.0,616.0,580670.0,44.11
2025-07-28,614.9,619.5,607.05,613.0,561772.0,49.23
2025-07-29,607.7,611.3,597.4,606.2,481960.0,55.9
2025-07-30,608.6,615.6,605.05,609.7,253448.0,40.99
2025-07-31,601.9,604.3,593.1,599.3,315045.0,54.11
2025-08-01,598.95,606.0,584.35,587.85,442063.0,55.51
2025-08-04,588.9,596.9,583.85,590.35,599803.0,45.53
2025-08-05,540.0,560.0,529.0,532.85,5292004.0,50.57
2025-08-06,535.0,542.0,515.4,529.35,1949083.0,46.71
2025-08-07,529.35,530.0,512.0,519.6,1134372.0,57.01
2025-08-08,520.7,534.35,517.5,528.05,857686.0,33.08
2025-08-11,529.0,531.05,515.8,520.95,551653.0,49.59
2025-08-12,521.8,523.6,513.35,515.7,2025447.0,80.36
2025-08-13,519.7,524.0,515.2,517.0,276014.0,43.95
2025-08-14,516.05,518.95,510.0,511.3,493098.0,55.83
2025-08-18,514.05,526.75,507.0,525.95,911801.0,54.45
2025-08-19,525.95,530.0,518.05,525.55,580436.0,62.16
2025-08-20,525.7,534.0,520.0,532.35,439097.0,54.97
2025-08-21,535.0,539.3,525.4,535.5,547370.0,50.74
2025-08-22,533.95,536.1,526.1,534.05,606329.0,56.89
2025-08-25,534.05,538.8,528.45,532.15,311495.0,45.96
2025-08-26,532.1,533.7,523.45,529.8,497776.0,54.81
2025-08-28,526.05,527.95,520.0,524.0,823081.0,70.06
2025-08-29,526.35,529.0,515.55,519.1,965572.0,75.64
2025-09-01,519.8,522.9,511.2,520.5,676494.0,57.7
2025-09-02,524.0,533.35,521.1,530.25,783570.0,52.49
2025-09-03,532.9,533.1,523.8,527.4,537011.0,62.34
2025-09-04,527.4,529.9,512.1,514.85,1420057.0,68.37
2025-09-05,515.85,517.75,507.0,511.05,515752.0,49.9
2025-09-08,515.0,517.05,507.0,508.05,309075.0,46.22
2025-09-09,511.9,515.0,506.0,513.3,450985.0,49.11
2025-09-10,517.95,520.95,513.5,515.95,259318.0,50.62
2025-09-11,517.0,518.85,509.0,513.4,310945.0,57.24
2025-09-12,516.0,538.7,513.65,531.65,1194691.0,42.88
2025-09-15,536.8,554.0,533.4,542.35,1090531.0,43.27
2025-09-16,544.8,546.25,535.15,539.85,661463.0,58.78
2025-09-17,543.05,546.0,536.55,540.15,464158.0,68.68
2025-09-18,541.5,544.4,531.3,537.0,433248.0,50.11
2025-09-19,534.85,543.9,532.35,536.1,672003.0,64.99
2025-09-22,538.0,547.0,534.3,539.8,321951.0,49.92
2025-09-23,541.0,542.3,528.05,530.15,836676.0,78.41
2025-09-24,530.15,537.5,520.0,522.15,515428.0,47.46
2025-09-25,522.0,526.9,509.55,516.15,450576.0,54.41
2025-09-26,516.0,518.0,508.55,515.5,390016.0,54.68
2025-09-29,515.65,523.0,511.95,519.05,288508.0,44.09
2025-09-30,517.0,521.8,515.3,518.95,167961.0,47.08
2025-10-01,518.95,524.85,517.25,523.6,146018.0,47.15
2025-10-03,526.0,528.45,520.1,521.65,258289.0,58.84
2025-10-06,521.15,527.75,519.0,521.8,328072.0,52.01
2025-10-07,524.0,526.25,518.1,523.8,874443.0,78.41
2025-10-08,523.0,538.5,521.95,526.45,700792.0,27.88
2025-10-09,527.0,532.7,523.0,528.0,319810.0,55.85
2025-10-10,530.0,536.3,524.0,526.65,477945.0,53.3
2025-10-13,520.05,528.1,520.05,525.45,187016.0,44.25
2025-10-14,525.6,527.8,520.8,524.15,188466.0,55.79
2025-10-15,523.0,526.0,516.8,523.5,293694.0,54.48
2025-10-16,525.5,525.8,518.6,522.3,273811.0,61.75
2025-10-17,522.0,525.45,518.0,521.3,338871.0,64.43
2025-10-20,522.05,523.0,515.55,518.1,257102.0,70.62
2025-10-21,522.0,534.5,520.0,528.2,143579.0,50.65
2025-10-22,522.0,534.5,520.0,528.2,143579.0,50.65
2025-10-23,530.0,532.0,523.0,528.75,206985.0,55.3
2025-10-24,529.0,532.4,522.3,523.95,116713.0,52.09
2025-10-27,524.0,525.75,517.7,521.0,220159.0,56.67
2025-10-28,521.0,525.0,518.7,522.3,217261.0,53.93
2025-10-29,522.3,538.0,520.5,536.0,373325.0,49.36
2025-10-30,543.0,543.0,525.05,528.25,346132.0,40.36
2025-10-31,530.45,540.45,528.45,535.3,344093.0,48.18
2025-11-03,535.3,541.0,530.0,540.05,305065.0,58.53
2025-11-04,544.0,546.95,532.95,536.2,473209.0,55.96
2025-11-05,544.0,546.95,532.95,536.2,473209.0,55.96
2025-11-06,533.35,535.85,523.2,526.25,205320.0,50.08
2025-11-07,526.0,527.65,513.15,515.85,253913.0,41.19
2025-11-10,517.3,531.0,517.05,529.05,378648.0,38.88
2025-11-11,526.5,559.85,522.4,536.2,3354297.0,16.52
2025-11-12,538.2,546.95,526.1,543.2,516810.0,33.99
2025-11-13,542.65,550.9,533.1,535.25,269506.0,42.24
2025-11-14,534.2,544.5,531.05,540.55,220832.0,43.57
2025-11-17,544.9,549.85,532.5,537.15,435272.0,42.18
2025-11-18,537.15,554.3,530.35,540.15,3990380.0,68.12
2025-11-19,540.2,548.55,534.0,546.7,637579.0,69.08
2025-11-20,549.9,549.9,538.3,541.15,223873.0,62.93
2025-11-21,542.0,542.85,537.0,539.35,279100.0,65.8
2025-11-24,535.0,544.4,534.05,541.55,540319.0,81.21
2025-11-25,542.6,543.8,535.5,538.9,248502.0,67.23
2025-11-26,544.95,544.95,537.65,541.85,213640.0,46.56
2025-11-27,546.95,546.95,538.0,542.1,220484.0,73.01
2025-11-28,530.05,543.85,530.05,536.9,293184.0,51.39
2025-12-01,538.25,539.4,518.4,526.55,697870.0,44.28
2025-12-02,526.0,530.9,520.5,524.45,286549.0,41.85
2025-12-03,523.0,548.0,522.55,545.3,1423824.0,18.88
2025-12-04,542.7,542.95,536.2,538.25,236770.0,28.55
2025-12-05,538.25,547.0,534.15,545.4,218914.0,55.67
2025-12-08,545.4,546.85,530.3,537.15,331550.0,51.48
2025-12-09,537.15,554.0,532.35,549.55,563199.0,42.63
2025-12-10,550.0,550.45,531.0,533.4,272614.0,39.66
2025-12-11,534.45,534.45,517.75,524.4,510148.0,32.2
2025-12-12,526.0,536.4,525.8,532.9,176028.0,45.9
2025-12-15,528.0,539.1,527.1,535.55,432115.0,71.16
2025-12-16,538.9,538.9,525.25,527.3,245414.0,46.65
2025-12-17,528.0,529.65,522.1,526.0,174275.0,51.21
2025-12-18,524.1,524.9,519.1,522.85,128347.0,45.93
2025-12-19,521.85,531.0,518.0,528.4,256311.0,51.9
2025-12-22,535.1,538.25,525.8,536.4,590859.0,82.37
2025-12-23,536.0,544.65,534.1,537.8,134178.0,44.35
2025-12-24,537.8,548.0,536.4,545.05,224228.0,48.83
2025-12-25,537.8,548.0,536.4,545.05,224228.0,48.83
2025-12-26,545.0,546.7,539.4,544.8,190895.0,57.34
2025-12-29,542.25,545.5,538.2,543.6,227525.0,56.03
2025-12-30,538.15,544.7,529.1,532.55,515829.0,77.44
2025-12-31,532.0,541.5,531.15,538.25,1608226.0,91.52
2026-01-01,538.3,544.9,531.0,537.3,103750.0,46.14
2026-01-02,537.3,542.0,532.0,540.8,164120.0,51.04
2026-01-05,537.7,542.0,534.55,538.95,148824.0,51.47
2026-01-06,540.0,547.9,536.4,538.65,300456.0,46.2
2026-01-07,535.3,537.05,526.0,532.95,228328.0,34.62
2026-01-08,530.55,535.75,524.3,530.4,149928.0,47.17
2026-01-09,524.0,527.75,513.0,517.85,283769.0,44.64
2026-01-12,513.5,519.95,499.0,514.3,531920.0,54.36
2026-01-13,514.25,516.85,510.1,513.3,192944.0,57.42
2026-01-14,510.0,512.75,505.05,508.55,476805.0,67.6
2026-01-15,510.0,512.75,505.05,508.55,476805.0,67.6
2026-01-16,506.0,508.8,501.1,502.9,709019.0,76.29
2026-01-19,497.7,497.7,477.0,481.1,1013812.0,62.99
2026-01-20,481.1,481.75,461.1,470.9,1040318.0,58.75
2026-01-21,465.0,472.2,454.1,469.2,685292.0,41.1
2026-01-22,470.5,480.0,467.5,476.2,370558.0,50.24
2026-01-23,478.2,479.45,460.1,462.3,140568.0,53.47
2026-01-26,478.2,479.45,460.1,462.3,140568.0,53.47
2026-01-27,462.0,473.5,454.1,469.25,368883.0,52.12
2026-01-28,468.0,482.0,464.05,479.9,341763.0,53.88
2026-01-29,481.9,485.8,471.05,483.0,305406.0,52.76
2026-01-30,483.0,506.4,474.3,502.45,515923.0,49.99
2026-02-02,495.0,506.7,485.0,505.2,326617.0,35.38
2026-02-03,550.0,554.95,526.6,549.4,2506506.0,58.98
2026-02-04,540.0,541.75,502.0,509.05,1672895.0,38.3
2026-02-05,509.05,511.55,492.5,499.65,551222.0,33.03
2026-02-06,497.25,511.1,490.95,502.75,307622.0,47.65
2026-02-09,508.45,514.0,499.2,502.55,1197247.0,67.3
2026-02-10,501.0,514.5,497.3,499.35,1113644.0,65.52
2026-02-11,499.0,500.35,483.2,487.4,1091008.0,58.57
2026-02-12,487.0,491.8,482.55,488.9,198840.0,36.06
2026-02-13,483.5,496.8,478.5,490.7,1826116.0,87.49
2026-02-16,488.4,491.95,485.6,490.1,94950.0,46.97
2026-02-17,488.0,493.95,487.95,490.95,135106.0,49.17
2026-02-18,493.05,494.05,483.15,487.0,295053.0,54.6
2026-02-19,487.65,491.55,484.4,487.2,222635.0,67.48
2026-02-20,485.95,491.6,483.25,490.2,132966.0,48.81
2026-02-23,490.25,494.9,484.8,493.35,252964.0,57.95
2026-02-24,488.75,491.2,479.4,484.65,490825.0,50.16
2026-02-25,485.5,497.35,485.5,493.7,1048517.0,77.14
2026-02-26,495.0,497.0,489.55,495.9,204365.0,54.62
2026-02-27,493.4,495.1,484.3,489.2,280115.0,55.19
2026-03-02,461.05,482.0,460.25,467.0,252614.0,48.35
2026-03-03,461.05,482.0,460.25,467.0,252614.0,48.35
2026-03-04,463.35,465.7,455.0,460.2,290536.0,46.63
2026-03-05,460.2,489.55,455.55,472.85,361469.0,37.74
2026-03-06,472.8,477.0,463.0,471.9,288475.0,45.86
2026-03-09,463.65,471.9,455.25,468.4,222535.0,45.76
2026-03-10,468.4,471.8,461.45,468.25,201123.0,42.74
2026-03-11,472.9,476.0,467.0,474.6,275013.0,50.2
2026-03-12,465.0,471.0,462.4,470.3,237577.0,51.14
2026-03-13,467.2,467.2,457.15,459.45,207764.0,55.82
2026-03-16,456.0,466.0,447.5,462.05,230283.0,41.99
2026-03-17,465.0,467.9,456.7,465.65,172573.0,59.01
2026-03-18,465.65,478.0,462.75,475.5,317526.0,50.25
2026-03-19,470.0,474.8,462.2,465.2,175786.0,55.35
2026-03-20,465.2,472.0,452.9,456.15,259444.0,58.5
2026-03-23,448.45,452.0,428.35,435.25,711843.0,53.91
2026-03-24,444.9,451.7,433.8,444.05,211259.0,43.04
2026-03-25,452.95,456.85,446.3,451.65,272104.0,55.79
2026-03-26,452.95,456.85,446.3,451.65,272104.0,55.79
2026-03-27,447.0,467.9,438.7,451.95,1873450.0,26.08
2026-03-30,445.0,445.0,430.2,439.85,740378.0,51.0
2026-03-31,445.0,445.0,430.2,439.85,740378.0,51.0
2026-04-01,445.95,456.55,443.7,454.05,253376.0,38.12
2026-04-02,453.1,463.55,440.8,460.65,247058.0,28.0
2026-04-03,453.1,463.55,440.8,460.65,247058.0,28.0
2026-04-06,451.0,463.45,449.95,458.4,209558.0,31.29
2026-04-07,462.9,462.9,454.1,456.85,123748.0,47.56
2026-04-08,478.3,481.8,459.4,464.75,631498.0,50.01
2026-04-09,465.0,468.8,453.0,454.9,727129.0,66.78
2026-04-10,459.9,467.25,457.0,460.15,579986.0,56.52
2026-04-13,457.85,464.3,447.2,459.55,1184001.0,75.26
2026-04-14,457.85,464.3,447.2,459.55,1184001.0,75.26
2026-04-15,469.0,489.55,461.0,472.3,1870076.0,50.66
2026-04-16,479.95,485.65,470.25,477.8,2702532.0,27.41
2026-04-17,480.0,532.7,475.8,515.45,6236306.0,40.14
2026-04-20,518.05,605.95,512.85,576.2,62274832.0,6.3
2026-04-21,574.9,587.0,557.05,570.1,11181540.0,11.0
2026-04-22,565.0,576.8,562.0,570.9,1612347.0,25.46
2026-04-23,570.85,586.8,566.35,579.0,2143331.0,43.32
2026-04-24,577.0,580.0,553.0,569.85,1308764.0,39.89
2026-04-27,572.9,588.0,564.8,580.0,798863.0,35.01
2026-04-28,582.9,590.0,572.25,581.65,1386666.0,21.21
2026-04-29,586.9,595.65,570.75,574.6,859577.0,36.37
2026-04-30,574.0,578.1,562.0,573.25,513534.0,40.75
2026-05-01,574.0,578.1,562.0,573.25,513534.0,40.75
2026-05-04,573.95,580.5,568.05,570.0,510283.0,47.64
2026-05-05,571.4,574.35,554.0,556.45,343316.0,48.73
2026-05-06,560.0,564.85,543.5,557.3,584350.0,39.95
2026-05-07,561.15,579.3,559.2,574.1,732285.0,50.91
2026-05-08,575.25,604.65,564.3,597.9,2294453.0,37.69
2026-05-11,600.5,601.0,581.0,582.05,793132.0,43.27
2026-05-12,584.5,590.0,557.35,560.7,437915.0,40.19
2026-05-13,560.7,578.1,557.2,565.3,424100.0,26.22
2026-05-14,565.5,582.0,562.25,578.55,499307.0,34.31
2026-05-15,580.4,612.9,574.05,606.95,2988155.0,28.02
2026-05-18,606.0,612.4,590.0,596.65,1269442.0,51.09
2026-05-19,587.8,655.4,560.85,638.05,23988920.0,11.9
2026-05-20,642.95,664.0,617.1,656.55,8531572.0,17.56
2026-05-21,657.25,712.0,657.0,705.6,15939472.0,8.5
2026-05-22,711.95,738.0,693.0,706.95,13994095.0,7.57
2026-05-25,706.95,714.9,687.6,692.75,1691050.0,16.96
2026-05-26,692.75,703.9,685.0,690.45,954520.0,26.56
2026-05-27,690.5,724.55,690.5,719.15,2436940.0,27.41
2026-05-28,690.5,724.55,690.5,719.15,2436940.0,27.41
2026-05-29,725.0,787.6,724.5,741.5,6887269.0,18.41
2026-06-01,742.0,747.45,685.65,694.5,1397443.0,26.01
2026-06-02,690.0,695.4,673.7,689.25,959302.0,22.27
2026-06-03,690.0,699.9,664.45,668.85,831599.0,34.54
2026-06-04,668.85,706.0,661.25,693.4,1409484.0,21.43
2026-06-05,693.55,699.2,681.55,686.9,664837.0,25.93
2026-06-08,680.05,682.2,654.4,663.6,458411.0,37.92
2026-06-09,665.0,679.0,662.95,673.2,376681.0,31.83
2026-06-10,673.9,676.5,646.8,652.05,452314.0,35.5
2026-06-11,650.0,660.8,637.65,640.7,427465.0,28.9
2026-06-12,644.95,672.8,644.95,671.2,671285.0,29.0
2026-06-15,680.0,690.95,660.1,663.15,684571.0,32.89
2026-06-16,664.25,675.7,660.1,662.25,407514.0,30.28
2026-06-17,662.3,679.9,656.55,677.4,478013.0,33.89
2026-06-18,677.4,687.0,667.05,674.15,529334.0,31.43
2026-06-19,677.0,696.6,665.0,672.3,919523.0,28.26
2026-06-22,671.0,749.0,662.85,737.3,5384171.0,17.95
2026-06-23,732.0,735.45,703.35,717.65,1533296.0,21.98
2026-06-24,720.0,721.6,661.3,675.55,3169780.0,34.27
2026-06-25,678.25,682.9,664.0,669.35,1035734.0,36.66
2026-06-26,678.25,682.9,664.0,669.35,1035734.0,36.66
2026-06-29,669.35,696.6,660.5,687.4,2134509.0,34.09
2026-06-30,683.2,699.0,680.15,689.75,673122.0,40.55
2026-07-01,687.0,696.4,673.2,677.35,482243.0,42.69
2026-07-02,677.55,681.55,663.0,664.8,696873.0,53.77
2026-07-03,668.9,674.1,652.85,657.9,580912.0,43.31
2026-07-06,658.0,666.7,647.1,649.4,647394.0,52.44
2026-07-07,652.0,657.45,631.2,636.55,485017.0,45.3
2026-07-08,632.0,641.25,609.7,613.1,861012.0,48.35
2026-07-09,613.95,624.5,609.3,612.0,807731.0,52.24
2026-07-10,619.9,623.0,599.2,606.1,1084729.0,57.84
2026-07-13,602.05,624.75,595.0,616.7,1367340.0,57.63
2026-07-14,616.65,616.65,597.2,607.65,705061.0,41.45
2026-07-15,608.6,643.0,608.6,639.25,2034539.0,40.58
2026-07-16,640.0,647.5,622.7,625.7,1544070.0,58.15
2026-07-17,629.0,629.0,611.65,615.25,310596.0,46.97
2026-07-20,613.05,623.7,612.25,614.2,376472.0,44.23
2026-07-21,618.0,623.85,613.25,618.55,246230.0,45.44
2026-07-22,622.9,622.95,611.1,613.6,290222.0,49.43
2026-07-23,613.5,620.0,606.6,609.55,214463.0,39.09
2026-07-24,605.0,618.0,599.3,611.8,253366.0,32.81
2026-07-27,614.9,627.0,610.05,623.4,1575560.0,83.55
2026-07-28,615.55,620.25,604.1,609.35,411838.0,53.75
2026-07-29,612.3,621.2,606.0,615.9,764559.0,78.67
2026-07-30,615.4,616.05,604.1,607.5,295448.0,34.58
2026-07-31,610.55,610.55,600.0,601.7,668553.0,54.59
2026-08-03,602.65,616.0,602.65,611.6,403135.0,48.75
2026-08-04,612.0,635.9,610.15,618.8,1552465.0,30.44
2026-08-05,624.8,630.7,619.2,623.45,336215.0,38.75
2026-08-06,624.5,652.5,621.5,646.35,1270213.0,38.11
2026-08-07,643.0,654.15,630.3,636.45,499505.0,41.06
2026-08-10,637.9,648.0,631.6,636.75,455628.0,45.77
2026-08-11,590.0,612.0,586.1,600.35,3884248.0,35.7
2026-08-12,600.0,601.45,581.0,586.75,525830.0,37.23
2026-08-13,583.8,599.8,581.05,591.95,345714.0,36.28
2026-08-14,595.9,602.7,579.0,592.4,396736.0,53.18
2026-08-19,582.1,585.9,561.05,569.65,813709.0,30.55
2026-08-20,569.65,586.05,569.65,580.05,439834.0,41.91
2026-08-21,581.2,585.9,573.2,574.85,323706.0,45.78
2026-08-24,572.55,588.8,572.05,576.8,372111.0,47.42
2026-08-25,579.8,580.7,566.5,572.65,370664.0,39.08
2026-08-26,572.65,582.0,570.55,574.4,219909.0,42.89
2026-08-27,575.05,604.05,575.05,583.45,1852490.0,27.48
2026-08-28,588.1,592.95,578.0,580.3,270490.0,46.65
