,Open,High,Low,Close,Volume,DeliveryPct
2016-08-22,518.0,520.0,514.5,515.5,1016786.0,
2016-08-23,515.25,520.5,515.0,519.6,1154254.0,
2016-08-24,520.1,522.0,517.05,519.65,1047588.0,
2016-08-25,521.0,521.25,502.25,504.0,4837138.0,
2016-08-26,504.0,506.05,488.0,490.0,3318483.0,
2016-08-29,491.0,491.55,477.1,478.8,5095626.0,
2016-08-30,478.9,490.45,478.15,489.45,4531046.0,
2016-08-31,491.8,496.0,486.25,491.65,2811028.0,
2016-09-01,489.7,489.7,481.5,483.95,1988414.0,
2016-09-02,484.0,485.55,479.3,483.6,1614602.0,
2016-09-06,485.0,485.4,480.0,482.9,1592073.0,
2016-09-07,487.8,489.75,480.05,481.75,2147450.0,
2016-09-08,477.0,479.65,470.2,473.95,2229724.0,
2016-09-09,477.6,483.0,474.3,480.65,1896208.0,
2016-09-12,474.8,483.4,472.15,480.4,1887831.0,
2016-09-14,484.5,484.95,475.85,478.05,1842448.0,
2016-09-15,479.8,479.8,474.25,478.45,1814622.0,
2016-09-16,481.3,482.3,478.0,479.4,2310804.0,
2016-09-19,480.0,481.95,476.2,479.95,2118736.0,
2016-09-20,482.5,482.5,478.1,481.05,1092998.0,
2016-09-21,482.95,484.5,480.25,483.85,1625366.0,
2016-09-22,485.0,485.2,479.6,481.75,1431194.0,
2016-09-23,483.25,483.7,479.05,480.2,2306416.0,
2016-09-26,480.4,481.0,476.1,479.3,2238608.0,
2016-09-27,480.35,485.0,479.0,484.2,1852179.0,
2016-09-28,484.4,484.7,480.35,483.7,795943.0,
2016-09-29,483.7,483.95,470.0,472.2,4940828.0,
2016-09-30,473.0,480.0,473.0,478.95,2103183.0,
2016-10-03,480.0,480.1,474.3,478.95,1000629.0,
2016-10-04,479.0,484.95,479.0,481.8,1330496.0,
2016-10-05,481.8,483.15,476.65,479.55,1413444.0,
2016-10-06,480.0,480.6,477.05,478.0,1386753.0,
2016-10-07,478.0,479.7,475.6,476.95,1043681.0,
2016-10-10,477.2,479.75,476.1,477.0,663376.0,
2016-10-13,477.0,479.0,474.4,478.25,1374255.0,
2016-10-14,477.8,481.2,474.3,475.0,1290787.0,
2016-10-17,475.05,475.65,471.6,472.15,1555949.0,
2016-10-18,473.1,484.1,473.0,482.75,1087752.0,
2016-10-19,485.0,496.9,483.75,495.0,2320995.0,
2016-10-20,497.9,501.15,492.2,495.4,1172322.0,
2016-10-21,499.85,501.0,493.3,499.2,1990718.0,
2016-10-24,490.0,490.0,477.6,483.95,3483647.0,
2016-10-25,484.0,484.6,479.2,481.4,3487360.0,
2016-10-26,480.75,480.75,470.55,471.55,1374261.0,
2016-10-27,471.3,473.65,460.0,461.7,1883031.0,
2016-10-28,461.7,466.4,454.1,462.1,2310047.0,
2016-11-01,465.05,466.45,460.0,460.75,710011.0,
2016-11-02,457.7,460.85,452.4,457.9,1410681.0,
2016-11-03,458.0,459.95,446.05,447.6,1510121.0,
2016-11-04,447.75,453.75,444.2,452.5,1227647.0,
2016-11-07,455.0,455.45,448.45,450.0,1337733.0,
2016-11-08,453.0,455.9,446.45,451.75,1296795.0,
2016-11-09,425.0,450.45,408.1,446.9,2167264.0,
2016-11-10,451.15,451.4,440.1,444.95,1559321.0,
2016-11-11,441.9,444.15,434.05,442.35,1966056.0,
2016-11-15,441.5,451.4,439.55,447.95,7069827.0,
2016-11-16,449.0,454.5,442.1,445.3,1655458.0,
2016-11-17,443.1,444.95,433.8,438.4,2076829.0,
2016-11-18,439.95,442.0,432.6,437.15,1080583.0,
2016-11-21,437.5,443.75,437.2,441.8,1670546.0,
2016-11-22,442.0,453.0,439.1,450.4,1104664.0,
2016-11-23,450.4,451.85,442.1,448.9,1266901.0,
2016-11-24,448.45,454.9,446.6,450.75,1382663.0,
2016-11-25,453.0,467.0,451.0,464.75,1279236.0,
2016-11-28,468.0,468.0,455.6,460.6,1150410.0,
2016-11-29,461.4,466.5,460.5,465.15,625064.0,
2016-11-30,465.0,470.95,462.0,465.25,2172696.0,
2016-12-01,469.7,470.95,464.25,468.3,619149.0,
2016-12-02,470.5,471.0,458.5,460.4,757738.0,
2016-12-05,460.0,460.0,453.05,456.65,595522.0,
2016-12-06,456.0,462.85,455.9,457.8,629585.0,
2016-12-07,458.4,459.75,452.0,453.35,589671.0,
2016-12-08,455.0,459.45,454.1,458.6,1049331.0,
2016-12-09,458.1,461.2,456.5,458.1,1018176.0,
2016-12-12,455.0,455.9,451.5,453.55,718375.0,
2016-12-13,456.5,464.05,455.05,463.75,1175447.0,
2016-12-14,464.15,468.35,463.25,466.3,1032733.0,
2016-12-15,460.6,471.9,460.6,466.1,1033371.0,
2016-12-16,466.3,470.15,459.95,463.5,1653535.0,
2016-12-19,462.75,466.5,462.45,463.55,777104.0,
2016-12-20,466.9,469.9,461.65,466.65,812684.0,
2016-12-21,468.5,470.5,461.2,462.45,1028742.0,
2016-12-22,462.6,466.2,459.3,461.7,808616.0,
2016-12-23,464.65,465.0,455.4,458.75,672211.0,
2016-12-26,458.4,460.5,453.3,456.1,621902.0,
2016-12-27,455.0,466.0,454.1,465.2,553523.0,
2016-12-28,466.0,475.45,465.05,469.35,1191369.0,
2016-12-29,469.0,477.0,464.05,472.35,2045230.0,
2016-12-30,473.65,476.5,471.05,474.45,521181.0,
2017-01-02,475.05,478.4,470.5,471.55,461428.0,
2017-01-03,473.0,474.1,465.7,467.0,691301.0,
2017-01-04,467.0,477.6,466.1,475.6,1134495.0,
2017-01-05,477.1,485.9,477.1,480.4,978187.0,
2017-01-06,478.5,480.1,469.0,469.95,1571573.0,
2017-01-09,469.0,474.45,461.8,472.0,735422.0,
2017-01-10,472.6,478.85,471.25,476.5,661572.0,
2017-01-11,477.9,481.5,475.0,476.2,845068.0,
2017-01-12,476.0,484.25,474.25,483.2,701527.0,
2017-01-13,485.1,486.45,480.35,484.65,810523.0,
2017-01-16,482.9,487.7,479.8,484.75,605125.0,
2017-01-17,485.35,487.7,480.5,482.4,552927.0,
2017-01-18,482.4,487.0,480.0,482.95,536929.0,
2017-01-19,483.4,484.45,475.25,479.0,897240.0,
2017-01-20,476.55,479.8,475.0,477.9,764479.0,
2017-01-23,472.55,484.3,471.75,479.75,1145339.0,
2017-01-24,482.65,483.0,476.0,481.5,735219.0,
2017-01-25,482.0,484.0,471.2,473.7,2044971.0,
2017-01-27,469.5,473.7,464.3,465.55,1926030.0,
2017-01-30,464.0,468.0,457.5,465.75,1847613.0,
2017-01-31,465.8,465.8,445.35,458.0,2742827.0,
2017-02-01,461.0,461.0,450.0,456.0,1640767.0,
2017-02-02,456.0,457.95,446.1,455.65,1532200.0,
2017-02-03,456.0,459.6,454.1,457.75,877960.0,
2017-02-06,458.65,462.8,454.5,461.1,1237410.0,
2017-02-07,462.0,462.0,455.55,458.55,836207.0,
2017-02-08,458.35,465.15,457.1,460.5,1313945.0,
2017-02-09,458.3,466.85,457.35,466.0,988901.0,
2017-02-10,467.35,472.2,464.4,469.25,767522.0,
2017-02-13,468.0,476.0,467.25,474.45,848151.0,
2017-02-14,477.15,477.7,472.2,476.7,866074.0,
2017-02-15,476.55,479.3,468.6,474.7,1057592.0,
2017-02-16,473.0,481.9,473.0,480.8,1062565.0,
2017-02-17,482.0,483.65,474.05,475.35,789505.0,
2017-02-20,475.0,477.4,473.05,475.65,572727.0,
2017-02-21,475.0,480.75,474.15,475.8,1280515.0,
2017-02-22,475.1,477.55,470.2,474.5,1042271.0,
2017-02-23,474.5,489.25,471.55,486.1,1630100.0,
2017-02-27,480.0,492.6,479.65,489.75,1411538.0,
2017-02-28,490.0,492.2,487.05,488.8,1012714.0,
2017-03-01,488.0,495.15,485.8,488.55,1017432.0,
2017-03-02,494.0,495.45,488.1,490.2,1016827.0,
2017-03-03,490.8,495.65,487.2,493.85,740118.0,
2017-03-06,491.3,492.65,488.6,491.9,589369.0,
2017-03-07,493.5,499.6,491.9,495.15,1650203.0,
2017-03-08,494.65,496.2,489.3,495.1,574626.0,
2017-03-09,493.0,493.0,483.35,484.5,704895.0,
2017-03-10,485.1,488.95,483.6,487.05,546451.0,
2017-03-14,490.0,504.6,489.4,501.35,1228734.0,
2017-03-15,505.7,505.9,492.4,494.8,1801427.0,
2017-03-16,497.3,502.9,495.0,500.55,1659167.0,
2017-03-17,504.0,507.0,498.95,504.25,1664216.0,
2017-03-20,504.0,504.25,495.2,497.5,703478.0,
2017-03-21,493.1,502.0,493.1,498.65,1115886.0,
2017-03-22,493.5,503.4,492.0,500.55,1991266.0,
2017-03-23,503.0,512.0,500.9,510.0,2798039.0,
2017-03-24,509.45,514.0,509.45,513.25,1511636.0,
2017-03-27,508.35,512.45,502.8,504.0,981134.0,
2017-03-28,505.0,511.0,502.7,507.55,623110.0,
2017-03-29,508.45,513.9,502.2,512.25,1008883.0,
2017-03-30,510.75,518.7,506.4,515.95,2679436.0,
2017-03-31,512.2,517.65,509.8,515.7,1511559.0,
2017-04-03,516.45,516.5,505.65,507.1,780054.0,
2017-04-05,506.0,512.0,502.1,510.65,1219278.0,
2017-04-06,507.1,515.55,506.45,514.7,1496305.0,
2017-04-07,513.4,513.5,508.9,511.9,2286934.0,
2017-04-10,514.95,517.8,502.5,504.4,2587277.0,
2017-04-11,503.8,511.4,500.2,510.15,1181999.0,
2017-04-12,509.7,509.85,499.3,500.75,1360936.0,
2017-04-13,500.75,503.95,492.3,495.4,1814019.0,
2017-04-17,495.75,495.75,490.1,492.3,1462174.0,
2017-04-18,491.0,497.75,490.6,494.0,1178496.0,
2017-04-19,497.5,499.55,490.3,498.25,1226899.0,
2017-04-20,498.0,505.1,496.05,499.75,942309.0,
2017-04-21,500.0,503.4,483.0,491.25,1583588.0,
2017-04-24,487.4,495.0,484.6,491.55,1291379.0,
2017-04-25,493.5,500.0,489.15,494.3,2207008.0,
2017-04-26,503.0,512.5,488.6,490.85,11346384.0,
2017-04-27,493.9,498.15,488.4,496.05,3724520.0,
2017-04-28,497.0,497.7,490.05,494.25,2266250.0,
2017-05-02,496.15,497.95,493.6,494.9,1044093.0,
2017-05-03,498.1,499.7,494.25,496.45,762259.0,
2017-05-04,497.15,501.3,493.9,499.95,759174.0,
2017-05-05,499.7,501.0,496.35,499.3,510545.0,
2017-05-08,500.0,504.3,496.1,502.3,937883.0,
2017-05-09,504.0,509.75,500.55,508.9,1421594.0,
2017-05-10,507.4,510.15,498.65,499.65,836075.0,
2017-05-11,502.85,505.75,500.4,504.65,636337.0,
2017-05-12,505.65,507.8,504.2,507.05,1130832.0,
2017-05-15,510.0,510.0,501.65,506.3,665563.0,
2017-05-16,505.5,516.2,505.5,515.35,1340034.0,
2017-05-17,517.0,517.5,508.0,510.55,1380493.0,
2017-05-18,506.95,527.85,505.8,525.4,3210684.0,
2017-05-19,527.0,527.85,518.05,519.75,955803.0,
2017-05-22,521.7,523.35,506.55,521.2,1074951.0,
2017-05-23,522.0,529.0,520.2,526.4,1637877.0,
2017-05-24,527.7,532.2,519.85,525.0,1244436.0,
2017-05-25,525.65,538.7,525.65,536.45,3768770.0,
2017-05-26,534.0,544.9,531.6,539.0,1456096.0,
2017-05-29,539.0,539.05,530.0,534.6,593802.0,
2017-05-30,530.0,540.0,529.4,536.15,1244509.0,
2017-05-31,537.55,540.0,533.0,535.5,2933063.0,
2017-06-01,535.45,545.0,534.6,541.15,797029.0,
2017-06-02,543.05,553.9,540.8,551.65,1205264.0,
2017-06-05,551.55,557.9,546.55,555.55,1806370.0,
2017-06-06,556.0,568.0,551.55,560.55,2071865.0,
2017-06-07,560.2,561.5,535.25,549.4,2580416.0,
2017-06-08,549.9,553.0,541.65,545.9,1500337.0,
2017-06-09,544.05,544.05,531.6,536.95,1759615.0,
2017-06-12,535.6,535.6,520.65,526.35,2324265.0,
2017-06-13,260.0,266.7,256.75,259.0,3354767.0,
2017-06-14,261.3,261.3,252.3,256.1,3030195.0,
2017-06-15,260.0,261.9,255.05,260.85,3119177.0,
2017-06-16,260.1,263.1,252.8,255.25,3011359.0,
2017-06-19,256.0,257.9,253.35,254.55,1459377.0,
2017-06-20,255.0,256.35,253.5,254.25,773797.0,
2017-06-21,254.25,256.5,252.0,255.9,1835890.0,
2017-06-22,256.0,258.85,253.2,255.05,1441215.0,
2017-06-23,254.0,259.9,253.0,256.85,2269483.0,
2017-06-27,255.5,258.05,253.45,256.55,3577687.0,
2017-06-28,258.0,259.4,254.25,258.4,1668027.0,
2017-06-29,260.0,260.9,256.05,259.3,4854364.0,
2017-06-30,256.8,260.85,256.2,258.35,2715958.0,
2017-07-03,260.0,260.4,252.0,259.6,2089768.0,
2017-07-04,258.0,260.95,255.0,260.0,2200628.0,
2017-07-05,260.0,260.4,256.45,257.8,1886501.0,
2017-07-06,257.8,260.05,255.85,257.75,1649570.0,
2017-07-07,255.1,258.25,255.0,257.7,1458678.0,
2017-07-10,260.0,268.95,257.0,268.25,667432.0,
2017-07-11,266.2,273.5,262.1,263.2,4060405.0,
2017-07-12,263.7,265.8,261.3,263.8,1189091.0,
2017-07-13,263.9,265.85,261.45,264.05,1624316.0,
2017-07-14,264.15,264.95,259.0,259.85,2454505.0,
2017-07-17,266.4,274.0,264.55,266.85,7769247.0,
2017-07-18,267.3,272.65,266.5,269.0,2753504.0,
2017-07-19,270.0,272.05,267.3,271.1,2973058.0,
2017-07-20,270.75,274.25,268.25,269.15,2676624.0,
2017-07-21,283.9,290.9,280.25,286.05,16392253.0,
2017-07-24,290.2,293.5,289.25,291.55,6554857.0,
2017-07-25,292.85,292.95,289.0,289.55,3372477.0,
2017-07-26,290.0,291.5,287.8,289.35,2970592.0,
2017-07-27,290.0,293.25,287.25,289.7,5905630.0,
2017-07-28,290.0,290.85,287.9,289.05,2433017.0,
2017-07-31,290.0,290.5,287.4,288.45,2550406.0,
2017-08-01,289.0,295.95,289.0,294.8,4035172.0,
2017-08-02,294.0,297.7,293.0,293.8,2426114.0,
2017-08-03,294.7,295.4,288.6,289.1,3645825.0,
2017-08-04,289.8,293.2,289.0,289.4,2548522.0,
2017-08-07,289.6,289.9,287.1,287.75,1470499.0,
2017-08-08,291.3,291.55,284.9,287.4,2729913.0,
2017-08-09,287.1,288.55,285.9,286.5,1089850.0,
2017-08-10,286.0,289.45,285.75,288.15,2708344.0,
2017-08-11,288.0,294.55,287.7,289.7,3549897.0,
2017-08-14,290.05,290.9,287.25,288.5,1609558.0,
2017-08-16,289.4,290.1,288.0,289.95,2011284.0,
2017-08-17,290.9,291.0,288.0,288.35,2637344.0,
2017-08-18,288.05,291.0,287.9,288.1,2980838.0,
2017-08-21,289.35,291.2,287.3,287.7,2855010.0,
2017-08-22,290.5,293.0,288.9,290.25,2714521.0,
2017-08-23,291.1,291.8,289.6,290.0,2333779.0,
2017-08-24,290.45,291.0,288.8,289.4,2780093.0,
2017-08-28,290.0,291.8,289.7,290.7,2143420.0,
2017-08-29,290.8,292.0,290.1,290.75,1759428.0,
2017-08-30,291.45,292.0,290.6,291.2,1837382.0,
2017-08-31,295.0,300.5,294.1,299.1,10344646.0,
2017-09-01,298.0,298.3,295.8,296.45,3200862.0,
2017-09-04,296.95,298.0,295.7,297.3,3007517.0,
2017-09-05,297.4,298.4,296.4,297.25,2920881.0,
2017-09-06,297.0,297.9,296.1,297.2,3091237.0,
2017-09-07,298.0,299.9,297.5,298.95,3341280.0,
2017-09-08,300.0,301.7,298.5,300.5,4517471.0,
2017-09-11,301.4,303.4,300.25,301.15,5353348.0,
2017-09-12,302.1,302.9,297.5,298.1,7841809.0,
2017-09-13,298.1,299.7,295.3,295.9,6631530.0,
2017-09-14,281.5,288.9,281.2,283.45,5813915.0,
2017-09-15,287.0,287.25,281.65,285.75,5625481.0,
2017-09-18,283.5,290.0,283.5,289.3,1822747.0,
2017-09-19,289.3,291.45,287.5,289.25,1708963.0,
2017-09-20,288.85,292.15,286.25,291.9,2142355.0,
2017-09-21,290.6,292.9,289.7,291.9,1857914.0,
2017-09-22,290.65,294.95,290.45,294.45,3036437.0,
2017-09-25,293.2,294.55,290.1,291.9,1342043.0,
2017-09-26,291.0,292.3,289.05,290.25,1552002.0,
2017-09-27,290.65,290.8,287.3,288.3,2288571.0,
2017-09-28,289.65,290.25,284.9,285.9,3991666.0,
2017-09-29,287.25,287.9,279.2,280.25,1588557.0,
2017-10-03,281.4,285.65,280.25,282.95,1286305.0,
2017-10-04,282.9,286.25,281.6,282.75,875598.0,
2017-10-05,283.6,285.0,281.95,283.6,580154.0,
2017-10-06,285.0,287.0,283.75,286.6,1493349.0,
2017-10-09,285.95,287.3,284.55,286.8,506365.0,
2017-10-10,286.8,288.3,285.0,287.0,913273.0,
2017-10-11,286.95,291.85,286.2,290.65,1917664.0,
2017-10-12,291.0,295.0,289.9,293.45,1728000.0,
2017-10-13,294.55,295.75,290.8,291.9,1583494.0,
2017-10-16,291.9,292.45,287.25,290.7,2601918.0,
2017-10-17,292.0,292.65,286.15,289.85,3690358.0,
2017-10-18,289.6,299.1,289.6,294.75,5449623.0,
2017-10-19,294.8,294.8,291.1,292.05,277319.0,
2017-10-23,292.7,297.4,292.3,296.9,2799741.0,
2017-10-24,296.45,298.9,295.1,296.8,1492008.0,
2017-10-25,297.3,301.85,296.0,298.9,1726066.0,
2017-10-26,297.8,303.95,297.15,302.3,3776497.0,
2017-10-27,299.4,299.95,295.0,296.95,1229178.0,
2017-10-30,296.3,296.3,292.05,293.25,1428720.0,
2017-10-31,293.25,296.45,292.7,294.05,1082300.0,
2017-11-01,296.0,296.65,293.05,293.55,854059.0,
2017-11-02,293.5,295.7,292.95,293.25,961626.0,
2017-11-03,293.75,295.85,293.6,294.55,790322.0,
2017-11-06,293.9,301.0,293.45,299.85,1453699.0,
2017-11-07,299.85,308.75,298.25,302.25,5685446.0,
2017-11-08,303.75,306.6,301.05,302.4,1970831.0,
2017-11-09,303.0,304.45,299.6,302.5,957389.0,
2017-11-10,302.55,304.0,298.25,302.65,1580252.0,
2017-11-13,300.3,304.4,298.05,298.6,777589.0,
2017-11-14,299.8,300.15,295.45,298.5,1329646.0,
2017-11-15,298.5,299.75,294.1,296.5,1469507.0,
2017-11-16,298.0,299.15,294.7,297.65,1817307.0,
2017-11-17,298.2,298.85,294.5,295.15,1740080.0,
2017-11-20,295.1,296.9,292.4,294.35,1928445.0,
2017-11-21,297.15,298.0,293.15,294.0,2060394.0,
2017-11-22,295.7,295.7,293.0,294.3,1271922.0,
2017-11-23,295.2,295.2,293.1,293.55,676444.0,
2017-11-24,294.4,294.4,291.0,292.7,1608493.0,
2017-11-27,291.25,295.35,291.0,294.8,1048839.0,
2017-11-28,295.0,295.9,293.3,294.85,1503548.0,
2017-11-29,295.0,299.2,293.5,298.65,2525804.0,
2017-11-30,299.35,300.45,289.35,291.9,6849560.0,
2017-12-01,292.0,293.85,288.05,289.4,1428280.0,
2017-12-04,286.95,291.1,282.75,289.95,3296492.0,
2017-12-05,288.6,288.6,282.7,283.45,1858587.0,
2017-12-06,283.3,284.45,280.6,282.5,2159973.0,
2017-12-07,283.55,284.75,280.0,281.2,2524500.0,
2017-12-08,282.7,286.0,281.6,282.9,1816424.0,
2017-12-11,284.2,290.0,284.2,289.4,1547204.0,
2017-12-12,290.5,291.35,285.2,287.8,1242956.0,
2017-12-13,288.4,289.45,285.25,287.2,1091782.0,
2017-12-14,288.4,290.5,282.35,288.6,1265680.0,
2017-12-15,288.6,290.75,286.7,289.7,1849115.0,
2017-12-18,287.0,297.75,284.25,295.8,2583941.0,
2017-12-19,295.0,296.95,290.55,292.4,3818939.0,
2017-12-20,294.85,298.5,292.4,296.5,2655605.0,
2017-12-21,295.8,299.0,294.4,297.75,1391731.0,
2017-12-22,298.0,303.4,296.05,301.6,1758584.0,
2017-12-26,301.25,307.0,298.15,302.9,1855536.0,
2017-12-27,303.9,308.0,300.05,306.6,1815733.0,
2017-12-28,305.9,309.9,302.5,308.0,5047272.0,
2017-12-29,305.4,316.4,303.0,314.25,3776248.0,
2018-01-01,311.5,320.0,309.45,316.55,3350397.0,
2018-01-02,315.85,324.0,314.45,318.7,2874518.0,
2018-01-03,320.4,320.4,308.75,309.95,2197677.0,
2018-01-04,310.1,313.0,307.45,311.65,1464584.0,
2018-01-05,313.0,313.9,307.7,309.55,1613205.0,
2018-01-08,310.0,312.9,309.1,311.15,1785248.0,
2018-01-09,312.6,320.0,306.4,317.2,4575572.0,
2018-01-10,316.4,327.85,315.1,326.7,3811138.0,
2018-01-11,323.55,326.05,319.0,321.1,2116462.0,
2018-01-12,321.0,323.75,317.2,318.8,3162664.0,
2018-01-15,318.85,324.25,313.4,315.0,1195210.0,
2018-01-16,316.9,334.0,316.0,331.95,6166445.0,
2018-01-17,333.0,333.5,325.0,325.7,3042506.0,
2018-01-18,327.0,328.25,322.15,325.35,1770781.0,
2018-01-19,327.0,330.0,320.5,328.95,1608101.0,
2018-01-22,317.0,328.95,317.0,321.55,4572569.0,
2018-01-23,322.1,322.95,313.4,315.25,3230027.0,
2018-01-24,316.5,323.4,312.2,313.95,6578273.0,
2018-01-25,315.7,318.0,308.75,311.95,8298689.0,
2018-01-29,314.1,316.1,309.6,311.15,3523977.0,
2018-01-30,309.55,312.3,304.7,307.3,2279998.0,
2018-01-31,306.1,308.95,301.55,304.7,2823913.0,
2018-02-01,305.05,309.1,300.0,300.75,2202328.0,
2018-02-02,299.3,302.45,295.2,300.6,2517624.0,
2018-02-05,298.0,305.55,295.95,298.75,2194146.0,
2018-02-06,291.7,296.15,290.1,294.65,2433492.0,
2018-02-07,298.2,298.2,288.0,289.35,2498537.0,
2018-02-08,290.1,294.65,287.05,289.8,5297067.0,
2018-02-09,289.0,289.0,284.0,285.0,3151977.0,
2018-02-12,287.9,290.95,285.9,288.95,2520859.0,
2018-02-14,290.0,296.75,289.55,293.45,3023672.0,
2018-02-15,295.6,295.6,290.45,292.5,1655650.0,
2018-02-16,292.95,295.9,290.05,291.0,3078393.0,
2018-02-19,293.0,293.0,288.8,289.95,1657827.0,
2018-02-20,290.0,293.25,289.1,291.45,3435235.0,
2018-02-21,294.0,294.85,290.55,292.2,5155603.0,
2018-02-22,292.9,294.25,291.05,292.65,4814439.0,
2018-02-23,295.5,295.95,292.3,295.0,3667414.0,
2018-02-26,294.8,295.7,290.4,291.6,5032102.0,
2018-02-27,292.45,294.35,291.15,291.75,3925139.0,
2018-02-28,293.0,293.8,289.0,292.8,5146717.0,
2018-03-01,292.8,294.1,291.2,292.5,4085785.0,
2018-03-05,293.6,293.75,289.8,290.95,3748745.0,
2018-03-06,291.25,291.95,286.15,286.95,4726588.0,
2018-03-07,288.45,290.85,284.3,285.35,1825628.0,
2018-03-08,286.45,287.75,283.15,285.2,2020258.0,
2018-03-09,285.0,287.9,284.1,285.05,1005546.0,
2018-03-12,286.3,292.0,286.1,290.7,1746849.0,
2018-03-13,292.5,299.4,292.5,296.6,3204842.0,
2018-03-14,295.0,296.6,293.0,293.85,2080252.0,
2018-03-15,295.45,302.0,292.0,293.4,4942929.0,
2018-03-16,295.0,297.15,291.05,295.75,4834160.0,
2018-03-19,293.55,296.5,286.6,288.65,1486227.0,
2018-03-20,286.9,295.2,284.65,293.6,3024209.0,
2018-03-21,294.5,296.3,291.2,295.25,3143562.0,
2018-03-22,293.8,295.0,287.15,288.45,1888816.0,
2018-03-23,284.05,287.6,283.05,284.65,3289391.0,
2018-03-26,284.6,285.6,272.35,274.0,7029093.0,
2018-03-27,278.95,280.8,273.25,274.05,5339857.0,
2018-03-28,274.0,283.5,273.0,281.15,5194922.0,
2018-04-02,283.5,290.8,278.8,289.65,2453933.0,
2018-04-03,287.3,287.35,283.05,283.9,1612729.0,
2018-04-04,285.0,286.5,280.0,281.6,1634266.0,
2018-04-05,283.0,286.7,283.0,286.25,1055111.0,
2018-04-06,286.0,286.0,283.3,283.95,675853.0,
2018-04-09,284.7,286.05,283.25,285.05,1119910.0,
2018-04-10,280.6,288.4,277.75,286.0,4377685.0,
2018-04-11,288.0,289.2,283.85,285.7,1300675.0,
2018-04-12,286.3,290.5,285.1,286.85,2246208.0,
2018-04-13,289.5,294.95,286.85,294.15,3184290.0,
2018-04-16,289.0,294.0,287.45,289.9,2346056.0,
2018-04-17,288.1,288.8,283.3,284.75,2195268.0,
2018-04-18,288.2,293.8,286.5,292.65,2650004.0,
2018-04-19,293.0,293.8,289.65,292.45,957095.0,
2018-04-20,294.8,300.0,293.9,298.05,3351507.0,
2018-04-23,299.8,301.0,293.8,297.35,3997685.0,
2018-04-24,294.4,295.65,286.15,286.95,3541285.0,
2018-04-25,287.9,293.8,283.15,287.15,6448168.0,
2018-04-26,275.0,283.0,274.0,281.35,9581301.0,
2018-04-27,276.4,279.3,274.35,276.15,2444786.0,
2018-04-30,276.15,282.35,276.1,278.75,2118289.0,
2018-05-02,279.0,279.0,274.35,275.55,2383103.0,
2018-05-03,275.0,275.75,269.55,271.45,3356041.0,
2018-05-04,272.5,272.65,264.05,269.9,3096047.0,
2018-05-07,270.0,275.65,267.2,274.75,1974705.0,
2018-05-08,275.2,275.95,270.0,272.75,1957943.0,
2018-05-09,273.0,274.4,269.6,270.25,1937183.0,
2018-05-10,270.9,271.6,268.4,270.45,1803318.0,
2018-05-11,271.5,273.6,268.3,272.65,1525070.0,
2018-05-14,271.4,273.95,270.0,272.35,1539271.0,
2018-05-15,272.8,273.85,268.15,271.0,1688107.0,
2018-05-16,270.9,278.95,270.0,274.7,3155210.0,
2018-05-17,275.0,280.8,274.35,278.35,2606144.0,
2018-05-18,276.5,276.5,268.05,268.9,4816593.0,
2018-05-21,269.1,269.45,264.1,264.85,3045146.0,
2018-05-22,264.0,266.95,263.1,264.95,1487525.0,
2018-05-23,265.55,265.7,262.6,263.45,3525447.0,
2018-05-24,264.1,266.0,261.95,264.35,2350421.0,
2018-05-25,265.0,265.65,263.65,264.6,2349381.0,
2018-05-28,262.65,264.75,262.65,263.3,1174145.0,
2018-05-29,261.65,264.5,261.65,263.0,1788224.0,
2018-05-30,262.9,263.45,258.55,260.85,2924795.0,
2018-05-31,261.8,264.5,258.0,261.9,5148537.0,
2018-06-01,262.95,264.5,259.05,260.6,1425020.0,
2018-06-04,261.45,262.45,258.05,260.15,1583746.0,
2018-06-05,260.2,262.0,254.0,255.25,2464517.0,
2018-06-06,257.15,260.5,253.5,259.25,1904820.0,
2018-06-07,258.05,265.85,258.05,264.6,2002310.0,
2018-06-08,264.6,265.0,262.5,264.0,1884800.0,
2018-06-11,264.5,266.25,263.25,264.4,2077925.0,
2018-06-12,266.75,269.15,265.55,266.45,2274737.0,
2018-06-13,269.0,270.0,266.85,268.8,1537840.0,
2018-06-14,267.15,269.1,264.65,266.4,2336679.0,
2018-06-15,268.75,268.75,265.0,266.9,4835437.0,
2018-06-18,269.0,269.0,263.9,265.75,3119539.0,
2018-06-19,265.95,265.95,260.1,261.0,3667556.0,
2018-06-20,261.3,262.55,258.35,259.7,1921955.0,
2018-06-21,261.0,261.3,257.1,258.65,3815401.0,
2018-06-22,258.75,259.6,255.0,258.25,2612052.0,
2018-06-25,257.9,261.25,256.0,257.5,1639454.0,
2018-06-26,257.5,259.95,256.15,257.6,1983623.0,
2018-06-27,259.1,259.9,254.2,256.05,3198964.0,
2018-06-28,256.4,258.95,255.7,257.1,3904763.0,
2018-06-29,259.0,262.5,255.0,261.5,3619783.0,
2018-07-02,260.7,262.25,258.1,260.6,3770856.0,
2018-07-03,261.45,262.8,258.55,261.9,3934114.0,
2018-07-04,262.05,262.55,258.1,261.95,3834319.0,
2018-07-05,262.5,264.8,260.15,264.1,4677308.0,
2018-07-06,263.0,264.4,261.5,262.8,2842723.0,
2018-07-09,263.3,265.25,262.15,264.95,2187251.0,
2018-07-10,266.0,272.3,263.7,270.6,4965837.0,
2018-07-11,272.95,274.8,269.4,272.1,3958697.0,
2018-07-12,272.45,281.5,269.85,279.45,4462606.0,
2018-07-13,279.8,289.8,278.25,280.85,7734425.0,
2018-07-16,279.25,287.0,278.85,283.1,4703923.0,
2018-07-17,283.0,288.95,281.75,283.9,5426840.0,
2018-07-18,286.0,287.3,283.65,284.8,2297219.0,
2018-07-19,286.0,288.35,281.6,285.8,2787897.0,
2018-07-20,287.5,290.6,280.5,283.0,5237399.0,
2018-07-23,282.5,282.5,263.35,276.45,8843493.0,
2018-07-24,278.2,278.5,269.2,272.95,3459105.0,
2018-07-25,275.0,276.7,272.6,274.7,2486066.0,
2018-07-26,273.4,275.1,269.65,271.4,4333086.0,
2018-07-27,272.0,275.5,272.0,274.5,1811083.0,
2018-07-30,273.8,274.0,269.5,273.15,2727347.0,
2018-07-31,273.5,277.25,271.2,276.4,2788567.0,
2018-08-01,276.0,278.5,273.7,277.35,1582340.0,
2018-08-02,277.0,280.8,274.6,279.1,3003757.0,
2018-08-03,280.45,280.45,277.1,278.0,1636066.0,
2018-08-06,279.0,279.7,275.25,277.05,1702524.0,
2018-08-07,275.6,279.5,275.6,277.45,1722163.0,
2018-08-08,279.45,279.45,274.4,278.5,1432933.0,
2018-08-09,278.1,280.35,275.55,278.7,2395696.0,
2018-08-10,279.9,279.9,276.5,278.85,1349318.0,
2018-08-13,278.0,284.45,277.5,281.85,2430428.0,
2018-08-14,285.0,287.0,281.0,285.05,1965719.0,
2018-08-16,285.0,285.0,278.05,279.45,2255730.0,
2018-08-17,279.4,281.0,277.45,280.05,2728968.0,
2018-08-20,280.8,286.4,280.0,285.05,1609461.0,
2018-08-21,284.85,294.5,284.0,288.95,6071109.0,
2018-08-23,290.0,293.1,288.4,289.75,2729236.0,
2018-08-24,288.7,294.85,286.9,292.15,4225138.0,
2018-08-27,292.0,297.3,291.05,295.85,2554272.0,
2018-08-28,296.75,298.0,294.1,295.6,1519200.0,
2018-08-29,296.55,297.55,293.1,296.75,1607049.0,
2018-08-30,297.5,300.0,294.0,298.95,3400412.0,
2018-08-31,300.0,306.5,299.5,301.25,6782746.0,
2018-09-03,327.0,327.0,306.3,308.35,25734670.0,
2018-09-04,310.45,315.0,309.3,313.35,8185732.0,
2018-09-05,314.55,320.0,314.5,318.85,11576807.0,
2018-09-06,320.0,322.5,318.0,321.2,10096625.0,
2018-09-07,321.9,328.25,319.1,324.7,8602776.0,
2018-09-10,324.4,328.0,323.2,325.0,6362612.0,
2018-09-11,326.95,328.0,323.15,323.95,4766569.0,
2018-09-12,325.05,330.5,325.05,328.75,6264065.0,
2018-09-14,328.75,333.0,324.2,330.2,4276779.0,
2018-09-17,332.25,336.0,328.1,329.9,4632353.0,
2018-09-18,329.4,333.55,325.0,332.55,2718255.0,
2018-09-19,333.4,333.55,327.05,332.7,2924075.0,
2018-09-21,331.9,337.9,328.0,335.2,6637721.0,
2018-09-24,330.25,338.0,330.25,332.7,3740868.0,
2018-09-25,333.0,334.9,326.25,328.3,3389131.0,
2018-09-26,328.2,328.95,316.4,319.25,7864825.0,
2018-09-27,321.9,323.65,316.7,318.95,17997289.0,
2018-09-28,319.0,326.65,315.4,324.0,6912444.0,
2018-10-01,324.0,332.45,323.0,330.15,4079726.0,
2018-10-03,329.35,330.0,322.5,327.5,3581472.0,
2018-10-04,325.1,330.4,321.6,325.65,4611187.0,
2018-10-05,324.8,327.95,321.2,325.3,3351631.0,
2018-10-08,321.4,323.4,312.7,317.5,3549522.0,
2018-10-09,317.0,322.8,311.7,321.65,3724535.0,
2018-10-10,320.4,320.75,310.15,315.95,3661605.0,
2018-10-11,308.0,315.45,304.85,313.05,2676772.0,
2018-10-12,316.15,319.95,309.5,316.3,3360276.0,
2018-10-15,317.35,322.05,314.15,319.95,3128553.0,
2018-10-16,320.0,320.7,316.1,319.05,3120343.0,
2018-10-17,322.7,329.1,316.5,323.15,4740737.0,
2018-10-19,323.35,326.1,317.5,323.15,2644369.0,
2018-10-22,324.6,327.25,320.0,322.2,1815802.0,
2018-10-23,318.9,320.25,305.1,309.1,3816253.0,
2018-10-24,309.2,311.65,300.0,308.8,4679957.0,
2018-10-25,296.0,323.15,296.0,318.55,14176566.0,
2018-10-26,318.8,322.5,316.0,320.6,4427137.0,
2018-10-29,319.0,332.2,316.65,329.5,2475139.0,
2018-10-30,329.0,334.65,325.65,327.5,3705132.0,
2018-10-31,328.2,333.75,322.1,331.2,3004968.0,
2018-11-01,332.95,332.95,322.5,329.65,2505700.0,
2018-11-02,329.0,331.6,317.05,318.4,3660725.0,
2018-11-05,315.1,325.5,314.1,324.1,2554071.0,
2018-11-06,324.8,326.85,321.1,324.9,2290933.0,
2018-11-07,325.4,327.75,324.55,325.35,142541.0,
2018-11-09,328.0,328.0,317.65,324.85,4623479.0,
2018-11-12,324.75,326.5,321.8,323.35,2586579.0,
2018-11-13,323.5,327.7,321.0,326.15,2288150.0,
2018-11-14,325.0,326.1,318.65,324.55,1831417.0,
2018-11-15,324.15,330.5,321.65,323.15,3353550.0,
2018-11-16,323.5,330.4,323.5,326.2,2728443.0,
2018-11-19,325.5,335.4,321.5,332.85,2817505.0,
2018-11-20,330.9,330.9,320.1,321.3,2590244.0,
2018-11-21,320.0,320.0,313.25,314.15,2603932.0,
2018-11-22,315.0,318.8,306.0,307.1,3089809.0,
2018-11-26,303.4,319.9,302.65,318.45,6996420.0,
2018-11-27,316.85,322.3,311.0,312.05,4296839.0,
2018-11-28,313.95,315.55,309.25,310.3,6347516.0,
2018-11-29,314.0,316.65,309.6,314.9,2922520.0,
2018-11-30,315.05,326.4,313.7,324.65,6371721.0,
2018-12-03,325.0,329.5,323.05,328.25,2668224.0,
2018-12-04,328.25,341.25,325.7,334.95,5971913.0,
2018-12-05,333.0,338.7,328.15,336.45,3849080.0,
2018-12-06,333.25,336.45,329.0,331.65,2337100.0,
2018-12-07,332.8,336.35,324.45,333.3,3474102.0,
2018-12-10,328.3,336.5,325.1,326.6,3198111.0,
2018-12-11,325.4,333.8,324.8,328.0,4423215.0,
2018-12-12,329.8,332.0,327.95,330.05,2635669.0,
2018-12-13,331.0,343.95,329.0,338.65,5148093.0,
2018-12-14,339.0,343.0,332.3,333.1,4797032.0,
2018-12-17,335.95,341.75,334.4,339.6,3435752.0,
2018-12-18,335.25,338.4,332.55,335.05,3699153.0,
2018-12-19,335.05,342.25,331.4,340.7,3741754.0,
2018-12-20,336.25,340.0,332.35,333.25,2408153.0,
2018-12-21,333.2,334.8,320.75,322.1,9828513.0,
2018-12-24,322.7,330.5,321.4,326.7,4231888.0,
2018-12-26,325.7,327.3,319.35,326.15,2355520.0,
2018-12-27,327.8,331.35,324.0,327.45,5072651.0,
2018-12-28,326.2,332.9,325.8,330.05,2229453.0,
2018-12-31,331.0,333.8,329.05,330.85,2136121.0,
2019-01-01,330.75,332.75,325.4,326.65,1513704.0,
2019-01-02,328.8,331.3,323.0,325.55,3308303.0,
2019-01-03,327.0,327.95,323.05,325.5,3542281.0,
2019-01-04,324.5,326.85,319.65,324.45,2405278.0,
2019-01-07,326.1,326.75,322.3,324.25,1903604.0,
2019-01-08,325.0,327.5,322.6,325.55,2084659.0,
2019-01-09,324.55,332.6,324.55,329.0,3927881.0,
2019-01-10,330.8,331.05,323.0,325.75,3099392.0,
2019-01-11,325.6,329.9,323.5,328.7,1598939.0,
2019-01-14,330.05,331.1,311.35,312.55,6913323.0,
2019-01-15,319.0,332.3,315.05,329.8,15070795.0,
2019-01-16,331.8,339.8,329.05,336.55,9896290.0,
2019-01-17,337.0,338.6,331.6,335.4,5289184.0,
2019-01-18,336.0,347.5,333.4,346.15,10091966.0,
2019-01-21,340.0,344.9,333.2,337.8,15621848.0,
2019-01-22,336.8,349.6,336.0,346.5,6681724.0,
2019-01-23,348.65,355.8,348.0,351.55,9937426.0,
2019-01-24,350.2,353.0,346.5,351.75,4230546.0,
2019-01-25,348.25,358.35,348.0,353.45,5236553.0,
2019-01-28,354.35,362.7,354.25,355.15,6899957.0,
2019-01-29,356.0,360.8,353.05,359.4,4620099.0,
2019-01-30,359.0,367.65,358.0,363.25,7408937.0,
2019-01-31,366.0,371.4,363.3,369.2,7694071.0,
2019-02-01,370.1,372.45,363.5,371.55,3366604.0,
2019-02-04,370.0,374.7,368.1,371.25,3143722.0,
2019-02-05,370.0,372.2,365.8,368.45,2456401.0,
2019-02-06,369.15,374.95,368.75,372.2,2179261.0,
2019-02-07,372.0,374.5,369.65,373.6,2243431.0,
2019-02-08,371.5,374.9,368.7,372.7,1400929.0,
2019-02-11,370.9,377.4,369.7,373.05,2972778.0,
2019-02-12,374.15,376.25,368.35,375.0,2977246.0,
2019-02-13,374.8,379.7,373.25,377.45,3297274.0,
2019-02-14,376.4,378.4,373.95,375.1,3074852.0,
2019-02-15,375.25,377.35,370.15,376.1,3522673.0,
2019-02-18,378.8,378.8,370.75,375.6,3480075.0,
2019-02-19,372.55,375.4,362.2,363.45,3064358.0,
2019-02-20,363.2,374.0,361.2,372.2,4410484.0,
2019-02-21,372.8,376.8,370.8,374.55,2573085.0,
2019-02-22,375.0,380.0,373.5,378.75,3194664.0,
2019-02-25,380.8,386.7,379.25,385.4,4678470.0,
2019-02-26,384.5,388.95,381.25,387.65,3802537.0,
2019-02-27,380.25,383.85,372.4,374.4,8009017.0,
2019-02-28,374.9,376.7,366.6,368.9,9428265.0,
2019-03-01,370.9,378.35,365.5,375.7,7036417.0,
2019-03-05,374.0,374.65,362.0,363.6,13515990.0,
2019-03-06,274.4,285.9,273.1,277.45,21507060.0,
2019-03-07,280.0,280.3,267.5,268.85,8100134.0,
2019-03-08,261.1,262.25,256.55,257.7,27344869.0,
2019-03-11,259.0,260.9,257.45,259.75,7354227.0,
2019-03-12,261.0,263.35,260.15,261.35,6290354.0,
2019-03-13,262.5,265.6,256.2,257.9,7219723.0,
2019-03-14,259.35,259.7,255.0,256.85,4489473.0,
2019-03-15,258.0,264.25,257.2,263.45,8720097.0,
2019-03-18,264.75,264.75,256.05,257.6,5748614.0,
2019-03-19,257.8,258.9,255.1,257.45,5051847.0,
2019-03-20,258.4,263.0,258.4,261.55,6114562.0,
2019-03-22,262.45,263.75,258.5,260.55,3198029.0,
2019-03-25,262.0,262.0,256.0,256.5,3373962.0,
2019-03-26,257.1,258.6,253.4,255.0,3850516.0,
2019-03-27,255.2,256.4,253.75,254.55,3357731.0,
2019-03-28,255.9,257.9,254.1,254.75,7104836.0,
2019-03-29,257.1,259.6,254.35,254.8,5241216.0,
2019-04-01,256.0,263.9,255.95,261.65,7066566.0,
2019-04-02,263.4,263.9,259.2,261.65,3706567.0,
2019-04-03,262.4,263.1,258.2,261.65,3769354.0,
2019-04-04,261.0,262.25,254.95,259.05,6419198.0,
2019-04-05,261.0,263.85,259.5,262.1,3614552.0,
2019-04-08,263.7,265.5,260.75,263.7,3637464.0,
2019-04-09,263.5,275.0,263.35,273.8,13991384.0,
2019-04-10,278.0,281.8,275.0,281.0,18530666.0,
2019-04-11,283.5,284.6,280.15,281.3,9441628.0,
2019-04-12,282.4,284.7,281.4,283.4,5789054.0,
2019-04-15,285.0,289.5,284.15,287.7,7067192.0,
2019-04-16,291.35,291.45,278.0,280.9,20367059.0,
2019-04-18,289.0,289.55,280.2,284.8,27425578.0,
2019-04-22,285.5,289.0,285.1,288.25,8412054.0,
2019-04-23,289.7,291.85,286.7,291.1,6177784.0,
2019-04-24,292.05,294.3,290.2,293.05,9149069.0,
2019-04-25,293.05,295.95,292.85,295.2,10390816.0,
2019-04-26,296.4,296.65,293.5,294.8,6196551.0,
2019-04-30,295.0,299.45,295.0,298.55,7339917.0,
2019-05-02,298.55,298.85,292.65,293.65,4539125.0,
2019-05-03,293.5,293.7,288.55,290.9,7408308.0,
2019-05-06,289.9,293.8,289.2,290.85,4304345.0,
2019-05-07,292.65,294.95,290.3,293.85,4353844.0,
2019-05-08,294.25,294.25,290.05,290.85,3952116.0,
2019-05-09,291.8,293.1,290.3,291.05,3748997.0,
2019-05-10,291.5,292.4,290.0,290.35,3066672.0,
2019-05-13,290.5,293.5,288.25,289.1,4281950.0,
2019-05-14,289.0,289.0,283.1,284.6,8370424.0,
2019-05-15,285.5,285.95,282.3,283.0,4315622.0,
2019-05-16,283.85,287.0,283.85,285.35,3595548.0,
2019-05-17,286.5,289.9,285.3,286.4,3356781.0,
2019-05-20,289.5,291.5,287.4,290.25,4183461.0,
2019-05-21,290.6,291.0,286.0,286.9,2514667.0,
2019-05-22,287.0,287.5,281.0,283.1,7650054.0,
2019-05-23,285.6,285.9,281.5,282.2,4856284.0,
2019-05-24,283.9,284.2,280.0,282.9,4927649.0,
2019-05-27,284.0,284.1,280.2,280.5,5450311.0,
2019-05-28,281.0,285.75,279.65,282.95,44137428.0,
2019-05-29,284.5,288.5,283.5,285.7,5505873.0,
2019-05-30,286.0,290.0,285.5,288.0,11575957.0,
2019-05-31,288.15,290.0,285.0,286.4,7324481.0,
2019-06-03,288.5,292.05,287.25,291.3,5853338.0,
2019-06-04,294.0,295.95,290.8,293.75,11081667.0,
2019-06-06,294.0,294.6,291.0,291.5,8600880.0,
2019-06-07,292.5,295.9,292.0,295.05,6784884.0,
2019-06-10,295.75,298.0,295.5,297.1,7481893.0,
2019-06-11,297.0,299.5,296.1,297.7,7234084.0,
2019-06-12,297.5,298.8,296.85,298.0,6222540.0,
2019-06-13,298.0,298.9,297.15,298.4,5002281.0,
2019-06-14,298.75,301.6,298.0,298.8,7965803.0,
2019-06-17,300.0,300.75,298.85,299.15,6178604.0,
2019-06-18,299.5,300.5,296.0,298.0,8401792.0,
2019-06-19,299.0,299.2,292.15,294.05,11902961.0,
2019-06-20,284.05,287.8,282.4,286.95,9560422.0,
2019-06-21,287.0,290.0,284.2,285.85,6477258.0,
2019-06-24,285.5,287.6,283.15,283.9,3171739.0,
2019-06-25,284.0,286.3,281.85,285.3,2809748.0,
2019-06-26,285.15,288.0,284.55,286.15,2331769.0,
2019-06-27,287.35,287.8,280.7,282.1,5089200.0,
2019-06-28,283.8,283.8,280.0,280.5,3149389.0,
2019-07-01,281.6,283.4,280.95,282.0,1735921.0,
2019-07-02,282.45,285.0,281.7,284.25,2609369.0,
2019-07-03,284.9,285.6,282.05,282.85,1258276.0,
2019-07-04,283.0,284.9,282.0,283.85,1628331.0,
2019-07-05,284.0,284.55,271.0,271.85,4585463.0,
2019-07-08,267.75,271.25,266.05,266.9,3574785.0,
2019-07-09,267.5,270.75,264.25,265.5,2620062.0,
2019-07-10,264.7,269.5,263.3,266.95,2780563.0,
2019-07-11,267.5,270.0,266.1,267.75,2691893.0,
2019-07-12,268.0,268.65,258.05,258.95,7595278.0,
2019-07-15,260.0,262.0,255.9,259.9,4747449.0,
2019-07-16,259.0,262.7,256.25,260.0,4861657.0,
2019-07-17,262.0,262.8,258.1,259.6,5818769.0,
2019-07-18,261.0,274.15,259.55,269.1,21027353.0,
2019-07-19,269.1,269.65,263.5,264.7,4229695.0,
2019-07-22,265.6,266.3,262.4,264.8,4419890.0,
2019-07-23,264.9,270.0,263.8,264.5,4680618.0,
2019-07-24,264.5,265.85,262.0,264.2,2249472.0,
2019-07-25,265.45,265.45,261.5,262.25,4991181.0,
2019-07-26,262.2,264.75,260.8,263.6,2719372.0,
2019-07-29,263.0,267.15,260.25,262.4,2882263.0,
2019-07-30,262.9,264.8,261.0,262.3,2415087.0,
2019-07-31,262.5,266.3,260.55,265.3,2849216.0,
2019-08-01,271.5,276.15,268.55,270.4,17651207.0,
2019-08-02,269.9,270.9,261.7,263.65,4978666.0,
2019-08-05,261.15,265.4,260.3,262.0,3832734.0,
2019-08-06,262.0,262.7,257.8,258.9,3953226.0,
2019-08-07,259.0,264.25,259.0,262.55,3996033.0,
2019-08-08,263.0,267.0,261.35,265.75,3625435.0,
2019-08-09,266.0,268.7,262.85,263.5,3530499.0,
2019-08-13,264.9,264.9,258.0,258.5,2190450.0,
2019-08-14,259.8,260.1,250.25,251.05,4353363.0,
2019-08-16,250.0,251.0,245.05,249.2,4972435.0,
2019-08-19,250.3,253.2,250.0,252.1,2770076.0,
2019-08-20,253.3,259.1,252.2,253.3,7965121.0,
2019-08-21,253.5,254.9,251.1,252.4,3413265.0,
2019-08-22,252.0,253.5,248.5,252.05,3369902.0,
2019-08-23,252.95,257.1,249.55,251.4,4896969.0,44.83
2019-09-30,287.35,287.8,280.7,282.1,5089200.0,53.83
2019-10-01,240.0,240.45,232.2,233.5,4377330.0,52.45
2019-10-02,240.0,240.45,232.2,233.5,4377330.0,52.45
2019-10-03,234.2,239.6,232.55,235.85,4785230.0,43.38
2019-10-04,238.0,240.9,236.25,237.7,2975521.0,25.57
2019-10-07,238.05,242.4,236.2,237.05,2223668.0,19.16
2019-10-08,238.05,242.4,236.2,237.05,2223668.0,19.16
2019-10-09,239.25,239.6,236.4,237.75,2278138.0,37.92
2019-10-10,237.75,239.6,235.8,239.2,2067862.0,35.74
2019-10-11,237.0,240.4,236.5,239.45,2658289.0,47.4
2019-10-14,239.8,244.85,238.0,243.45,3592137.0,43.8
2019-10-15,244.95,245.5,239.25,243.65,8551893.0,31.9
2019-10-16,245.9,251.7,244.0,248.9,16285829.0,25.87
2019-10-17,248.9,250.15,246.6,247.85,5162240.0,46.66
2019-10-18,247.85,250.7,247.85,248.9,2764389.0,40.07
2019-10-21,247.85,250.7,247.85,248.9,2764389.0,40.07
2019-10-22,249.0,254.45,247.1,253.55,6273288.0,65.28
2019-10-23,252.8,255.55,250.05,254.35,2674254.0,42.53
2019-10-24,253.9,254.2,249.2,249.6,3917098.0,56.72
2019-10-25,252.05,253.5,248.75,253.0,3265289.0,40.79
2019-10-28,254.55,255.25,253.0,253.65,315376.0,46.3
2019-10-29,253.65,255.9,252.2,255.2,3191442.0,44.76
2019-10-30,258.0,260.9,253.4,254.75,4059545.0,42.87
2019-10-31,254.0,260.0,253.8,259.3,3496262.0,51.78
2019-11-01,260.2,261.0,256.75,258.6,2530921.0,40.11
2019-11-04,259.3,260.7,255.75,256.6,1920535.0,38.28
2019-11-05,257.3,259.4,254.7,258.5,1584724.0,47.97
2019-11-06,259.0,259.45,256.05,256.85,1627619.0,45.26
2019-11-07,257.0,260.5,256.6,259.65,2126967.0,52.02
2019-11-08,260.15,260.8,255.75,256.4,1539854.0,37.58
2019-11-11,257.2,257.5,253.4,256.45,1902379.0,30.85
2019-11-12,257.2,257.5,253.4,256.45,1902379.0,30.85
2019-11-13,257.3,259.0,252.15,253.1,1861473.0,46.13
2019-11-14,254.0,254.75,251.4,252.75,2898206.0,53.18
2019-11-15,254.0,254.2,251.65,252.55,1212917.0,41.35
2019-11-18,252.5,252.5,248.3,249.45,2878437.0,46.91
2019-11-19,248.2,251.15,247.7,250.4,2030656.0,45.92
2019-11-20,251.75,251.75,248.4,248.9,1494149.0,39.99
2019-11-21,248.4,249.5,247.0,247.55,1744098.0,59.36
2019-11-22,243.3,245.65,242.1,243.1,4091556.0,55.32
2019-11-25,243.05,243.8,241.3,243.0,1891197.0,35.98
2019-11-26,244.2,244.6,236.5,237.55,7690402.0,74.29
2019-11-27,239.0,240.9,238.05,240.05,1947247.0,46.99
2019-11-28,239.95,240.5,238.25,239.8,1599370.0,34.6
2019-11-29,240.05,241.2,236.85,237.7,2666961.0,51.8
2019-12-02,238.25,239.7,235.55,238.6,3629960.0,59.1
2019-12-03,238.5,238.5,235.4,236.8,2865185.0,50.01
2019-12-04,236.6,242.75,236.5,242.2,3335966.0,45.97
2019-12-05,242.7,244.9,241.1,243.7,2613145.0,45.97
2019-12-06,243.7,244.5,240.35,241.0,1367558.0,39.13
2019-12-09,240.8,241.65,238.6,240.4,1207295.0,42.62
2019-12-10,240.4,240.4,237.1,238.15,2205613.0,53.44
2019-12-11,237.65,240.8,236.35,240.05,2387660.0,33.34
2019-12-12,240.35,241.25,238.7,239.45,1405948.0,41.71
2019-12-13,242.0,244.85,240.0,243.85,4311833.0,36.89
2019-12-16,243.9,246.4,242.6,243.15,2842577.0,41.73
2019-12-17,244.25,245.95,243.55,244.75,2211379.0,48.52
2019-12-18,245.85,249.9,245.5,248.3,5299107.0,39.84
2019-12-19,248.6,250.65,247.65,249.2,2484211.0,45.75
2019-12-20,248.0,253.8,247.3,251.8,5211626.0,63.8
2019-12-23,252.8,254.7,251.6,253.85,1850652.0,34.67
2019-12-24,253.0,253.95,251.1,252.25,1544480.0,35.43
2019-12-25,253.0,253.95,251.1,252.25,1544480.0,35.43
2019-12-26,252.0,252.4,249.55,250.3,2026434.0,54.26
2019-12-27,250.0,250.75,246.35,247.55,2511120.0,48.19
2019-12-30,248.45,249.55,246.6,248.95,2166807.0,55.17
2019-12-31,247.7,248.6,245.3,245.8,2164914.0,44.53
2020-01-01,246.5,248.65,246.2,247.7,1413866.0,20.38
2020-01-02,246.6,249.9,246.35,248.3,1443966.0,41.02
2020-01-03,249.5,252.7,247.35,251.1,3381404.0,23.71
2020-01-06,251.0,254.45,250.15,252.15,4566695.0,35.44
2020-01-07,253.25,256.35,250.2,255.2,4402787.0,34.07
2020-01-08,254.0,256.15,252.55,254.8,2794410.0,34.89
2020-01-09,254.25,256.5,252.65,253.65,2495023.0,35.47
2020-01-10,253.95,255.2,251.0,251.75,2056577.0,40.26
2020-01-13,254.0,257.9,252.85,254.8,6963599.0,38.08
2020-01-14,256.85,258.35,254.55,257.2,7296777.0,27.97
2020-01-15,254.0,256.0,246.6,248.25,10140451.0,22.05
2020-01-16,248.0,252.6,247.0,250.45,8811836.0,53.36
2020-01-17,252.0,253.9,249.65,251.1,4140818.0,43.12
2020-01-20,250.8,250.8,247.2,248.0,1908583.0,28.38
2020-01-21,247.9,248.2,246.0,247.1,1507942.0,39.76
2020-01-22,248.6,251.95,245.4,245.85,3400424.0,39.64
2020-01-23,246.45,249.1,245.35,248.7,1696544.0,43.71
2020-01-24,248.65,249.45,246.25,247.6,1710777.0,34.68
2020-01-27,247.9,247.9,244.75,245.35,1653497.0,41.87
2020-01-28,245.9,246.1,241.8,244.05,2136181.0,38.02
2020-01-29,244.6,247.4,243.25,246.75,2004689.0,48.76
2020-01-30,247.6,247.6,240.2,240.7,2147465.0,46.65
2020-01-31,238.0,239.15,235.0,236.8,5553638.0,46.16
2020-02-03,237.7,240.15,235.25,237.4,4231830.0,53.87
2020-02-04,239.0,241.25,237.9,240.25,3164756.0,55.78
2020-02-05,241.6,243.0,237.3,242.25,3875603.0,55.41
2020-02-06,242.75,245.95,241.65,243.65,3056198.0,49.12
2020-02-07,247.0,247.0,242.95,243.95,2759512.0,36.72
2020-02-10,245.4,245.65,239.45,240.9,2258996.0,51.04
2020-02-11,240.55,242.9,239.8,241.25,2730310.0,58.12
2020-02-12,241.7,247.15,241.7,244.45,3419400.0,43.64
2020-02-13,245.8,245.8,242.5,243.75,2414955.0,51.73
2020-02-14,243.8,245.35,242.0,242.9,1809793.0,51.94
2020-02-17,242.9,245.0,241.95,243.8,1017778.0,34.5
2020-02-18,243.75,244.85,241.25,244.05,1252637.0,32.19
2020-02-19,244.5,248.35,244.5,247.6,1785384.0,48.19
2020-02-20,248.0,248.55,245.1,245.7,2120807.0,47.37
2020-02-21,248.0,248.55,245.1,245.7,2120807.0,47.37
2020-02-24,245.0,247.8,242.4,244.2,3521975.0,51.26
2020-02-25,244.15,246.65,242.45,244.1,2529786.0,51.54
2020-02-26,243.05,243.45,238.4,239.9,3994194.0,54.93
2020-02-27,238.95,238.95,230.5,231.6,4866814.0,36.34
2020-02-28,228.5,229.5,219.7,221.45,5637309.0,45.03
2020-03-02,225.8,227.0,218.4,220.8,5766175.0,53.38
2020-03-03,224.0,225.8,220.6,223.7,5173113.0,63.84
2020-03-04,224.9,229.75,222.45,228.85,4518178.0,48.23
2020-03-05,229.05,233.9,228.65,229.7,2970778.0,35.63
2020-03-06,225.0,226.0,222.55,223.55,2934283.0,52.91
2020-03-09,220.2,221.0,213.0,214.4,8731114.0,66.37
2020-03-10,220.2,221.0,213.0,214.4,8731114.0,66.37
2020-03-11,203.7,214.4,203.7,213.1,6135166.0,44.81
2020-03-12,204.0,206.95,197.5,199.1,5382005.0,41.53
2020-03-13,199.0,204.45,169.25,197.4,6521699.0,32.66
2020-03-16,193.95,193.95,178.55,179.75,5600578.0,46.15
2020-03-17,178.55,185.55,170.75,173.1,6087886.0,47.39
2020-03-18,176.7,178.5,168.5,169.95,6367196.0,43.73
2020-03-19,165.0,171.35,159.4,162.35,5990642.0,36.47
2020-03-20,163.1,185.8,162.5,179.2,10160070.0,26.18
2020-03-23,165.0,177.0,165.0,170.15,5360393.0,45.11
2020-03-24,168.5,181.75,168.05,176.35,6037867.0,31.73
2020-03-25,177.4,188.0,170.2,174.65,6728276.0,35.64
2020-03-26,176.95,186.8,172.5,182.6,5124357.0,34.53
2020-03-27,183.15,189.5,181.5,183.5,6767560.0,55.54
2020-03-30,181.1,187.4,179.35,184.15,3667803.0,33.43
2020-03-31,187.0,199.8,185.65,196.7,5307678.0,33.72
2020-04-01,195.7,195.7,187.0,189.5,4937836.0,52.09
2020-04-02,195.7,195.7,187.0,189.5,4937836.0,52.09
2020-04-03,188.0,189.6,177.75,180.0,6573737.0,40.93
2020-04-06,188.0,189.6,177.75,180.0,6573737.0,40.93
2020-04-07,188.25,192.7,183.05,191.9,4781444.0,40.46
2020-04-08,191.5,200.0,188.8,192.9,5137654.0,33.85
2020-04-09,198.4,202.95,195.05,196.7,3465831.0,24.78
2020-04-10,198.4,202.95,195.05,196.7,3465831.0,24.78
2020-04-13,198.0,198.0,182.9,189.2,6193223.0,30.53
2020-04-15,190.05,193.6,185.8,186.55,11326600.0,29.27
2020-04-16,180.0,189.75,180.0,187.85,21690456.0,18.92
2020-04-17,192.5,193.75,185.55,187.0,6606453.0,33.46
2020-04-20,189.0,189.0,180.15,181.1,8101663.0,46.11
2020-04-21,179.0,179.9,173.8,178.05,9043319.0,38.2
2020-04-22,177.0,179.5,175.05,178.55,5311640.0,40.84
2020-04-23,179.4,182.6,177.1,180.9,5555420.0,44.0
2020-04-24,179.95,180.8,177.15,177.75,4641140.0,51.57
2020-04-27,180.0,182.9,175.5,182.05,9141635.0,38.57
2020-04-28,182.1,182.95,178.0,179.7,6664917.0,51.31
2020-04-29,180.1,182.45,179.4,180.65,5030900.0,50.28
2020-04-30,185.0,192.6,183.55,190.95,8833932.0,44.8
2020-05-01,185.0,192.6,183.55,190.95,8833932.0,44.8
2020-05-04,184.5,191.3,183.05,190.05,8570375.0,41.69
2020-05-05,191.45,194.0,182.2,184.2,6932589.0,31.99
2020-05-06,185.7,188.0,181.0,187.05,5442793.0,36.19
2020-05-07,184.0,185.4,181.2,184.1,5701094.0,31.56
2020-05-08,185.2,186.0,182.55,184.0,4113747.0,38.75
2020-05-11,185.0,189.95,184.1,184.7,4393928.0,31.65
2020-05-12,184.2,188.0,182.6,187.05,3515679.0,18.1
2020-05-13,191.5,191.5,185.15,189.7,5280548.0,28.03
2020-05-14,184.75,187.35,183.1,186.0,5162330.0,41.85
2020-05-15,186.0,186.0,182.65,183.8,3425171.0,42.3
2020-05-18,182.05,185.0,179.6,182.2,7227687.0,25.35
2020-05-19,182.25,186.0,178.0,184.4,5743344.0,38.53
2020-05-20,185.0,185.9,182.2,184.95,7707953.0,34.58
2020-05-21,183.4,191.7,183.4,189.1,7129397.0,29.76
2020-05-22,189.05,190.85,186.45,189.0,4588831.0,16.7
2020-05-25,189.05,190.85,186.45,189.0,4588831.0,16.7
2020-05-26,189.0,193.2,185.7,188.8,5911144.0,21.16
2020-05-27,189.6,205.5,187.7,201.25,18083494.0,35.76
2020-05-28,203.5,203.5,196.05,199.35,12347801.0,23.27
2020-05-29,199.35,214.9,196.15,212.8,30630218.0,25.67
2020-06-01,215.5,221.0,213.4,215.05,13374769.0,24.41
2020-06-02,215.1,218.55,210.95,215.85,6407279.0,15.06
2020-06-03,216.1,217.45,210.55,211.35,8422156.0,29.95
2020-06-04,211.35,219.95,210.15,216.25,7397708.0,34.13
2020-06-05,220.0,220.25,215.0,218.75,7245834.0,26.95
2020-06-08,219.0,227.3,215.85,226.45,12213696.0,25.24
2020-06-09,224.1,226.3,217.15,218.35,7845381.0,24.77
2020-06-10,220.0,221.05,215.6,217.0,7394276.0,21.26
2020-06-11,217.0,217.65,212.35,212.9,6248955.0,33.78
2020-06-12,208.0,209.5,206.3,207.9,6209370.0,16.56
2020-06-15,211.95,217.9,208.15,213.8,14256050.0,15.25
2020-06-16,217.45,217.9,209.6,212.4,7960887.0,12.66
2020-06-17,212.0,218.75,211.05,217.8,13969454.0,26.9
2020-06-18,216.8,219.3,214.65,218.15,6204216.0,36.17
2020-06-19,218.0,224.1,215.0,222.05,11223711.0,48.33
2020-06-22,221.15,221.75,216.8,218.05,6481204.0,29.0
2020-06-23,215.0,222.3,213.0,220.6,7425152.0,19.81
2020-06-24,224.0,224.0,217.55,218.2,8246086.0,40.08
2020-06-25,216.95,222.0,215.3,218.2,5096856.0,26.65
2020-06-26,219.3,230.0,218.3,225.45,19194612.0,22.19
2020-06-29,222.05,225.9,218.7,219.7,6687961.0,17.26
2020-06-30,219.6,221.95,218.0,219.65,5501193.0,22.82
2020-07-01,221.0,222.4,218.35,219.05,3952617.0,22.52
2020-07-02,221.0,225.45,219.55,224.2,7179975.0,27.49
2020-07-03,224.2,228.5,222.65,224.8,5420863.0,20.75
2020-07-06,225.9,227.25,221.6,222.65,7588014.0,46.35
2020-07-07,223.2,228.4,222.0,224.9,9117569.0,33.6
2020-07-08,226.65,227.7,222.5,223.1,7076184.0,39.41
2020-07-09,224.25,224.6,219.65,221.6,6709048.0,42.44
2020-07-10,221.0,223.45,219.5,222.1,4548779.0,17.08
2020-07-13,223.95,229.0,222.55,227.6,12347310.0,27.18
2020-07-14,228.4,231.7,224.1,225.0,13939467.0,12.38
2020-07-15,236.0,268.7,235.0,262.75,130367693.0,17.36
2020-07-16,262.5,268.45,255.05,261.9,52277954.0,10.78
2020-07-17,258.6,263.85,257.0,261.35,18856512.0,19.89
2020-07-20,261.35,273.55,259.0,270.8,21395182.0,30.05
2020-07-21,278.5,281.6,269.4,271.35,32999595.0,18.5
2020-07-22,272.45,272.85,263.65,266.0,12583854.0,27.32
2020-07-23,268.3,268.45,262.55,266.6,10368338.0,28.04
2020-07-24,267.0,271.8,265.55,270.55,22122258.0,15.72
2020-07-27,270.55,273.2,267.15,268.85,13990387.0,23.68
2020-07-28,269.3,276.75,269.3,275.45,14043918.0,27.07
2020-07-29,273.8,278.0,272.35,277.0,10783679.0,34.65
2020-07-30,280.1,286.8,280.1,284.1,25847766.0,21.33
2020-07-31,289.6,290.8,278.6,280.95,16700905.0,17.61
2020-08-03,283.0,284.8,279.5,281.55,8908831.0,33.66
2020-08-04,281.55,283.35,278.25,281.05,8119584.0,37.45
2020-08-05,281.25,284.45,277.4,278.2,7345555.0,21.36
2020-08-06,280.7,284.25,277.75,279.65,10152605.0,30.42
2020-08-07,281.05,281.85,276.4,277.4,7321209.0,42.06
2020-08-10,280.0,281.2,276.6,277.4,6310815.0,37.1
2020-08-11,279.0,284.65,278.3,279.65,10078908.0,39.72
2020-08-12,280.4,280.7,274.55,276.2,8903667.0,38.27
2020-08-13,277.9,281.85,274.8,277.0,9653956.0,43.83
2020-08-14,278.5,280.75,275.9,276.5,6581719.0,39.76
2020-08-17,278.6,286.4,277.65,281.95,14547013.0,26.25
2020-08-18,284.75,287.4,281.7,282.7,12054273.0,30.01
2020-08-19,285.5,285.95,279.25,279.75,9373235.0,37.63
2020-08-20,279.0,279.0,273.2,274.2,9891770.0,42.19
2020-08-21,278.95,278.95,272.7,273.35,7984131.0,35.48
2020-08-24,273.5,274.45,271.9,272.7,6154814.0,43.57
2020-08-25,274.35,274.7,269.35,269.95,7796364.0,35.68
2020-08-26,269.95,274.7,268.0,272.05,9632864.0,36.91
2020-08-27,273.0,275.2,271.5,272.35,6190218.0,36.61
2020-08-28,274.7,275.0,271.3,272.05,7601545.0,50.71
2020-08-31,274.0,282.0,268.0,271.3,20571550.0,34.79
2020-09-01,271.0,279.4,269.0,271.6,12293054.0,25.08
2020-09-02,272.9,276.5,271.2,273.7,8432055.0,38.98
2020-09-03,275.5,287.85,274.5,282.85,24895166.0,19.83
2020-09-04,278.7,279.5,275.1,276.0,10707714.0,26.7
2020-09-07,276.5,279.5,271.5,278.75,8326285.0,19.02
2020-09-08,282.2,286.95,278.5,282.55,22294866.0,12.91
2020-09-09,279.8,289.45,278.5,282.85,22794437.0,17.96
2020-09-10,286.65,286.85,281.1,284.55,9517932.0,28.49
2020-09-11,282.5,298.45,282.5,293.3,41937351.0,12.55
2020-09-14,293.25,308.55,293.15,307.2,38090115.0,18.03
2020-09-15,307.2,311.25,302.75,307.35,28156339.0,15.4
2020-09-16,307.0,313.5,304.05,312.15,14994220.0,22.31
2020-09-17,307.25,316.7,307.2,311.7,26811653.0,21.4
2020-09-18,314.0,319.0,312.25,316.5,18487980.0,27.81
2020-09-21,315.9,324.5,309.95,311.9,22739047.0,12.26
2020-09-22,315.4,316.75,303.95,312.25,23510335.0,18.23
2020-09-23,315.0,321.8,311.15,314.85,22139808.0,13.05
2020-09-24,313.4,313.4,302.45,304.7,17920812.0,28.39
2020-09-25,306.3,315.25,304.2,313.9,22007095.0,20.13
2020-09-28,315.0,317.0,309.6,311.55,12460913.0,12.61
2020-09-29,315.0,318.55,310.5,311.5,14830395.0,14.92
2020-09-30,312.0,315.85,309.6,313.55,12393317.0,15.85
2020-10-01,316.4,317.85,312.05,313.05,9257331.0,17.68
2020-10-02,316.4,317.85,312.05,313.05,9257331.0,17.68
2020-10-05,315.2,336.0,315.2,333.95,38906392.0,15.19
2020-10-06,335.0,335.3,323.0,330.05,27579966.0,17.41
2020-10-07,327.0,336.55,325.5,335.3,17739988.0,20.57
2020-10-08,351.0,367.75,346.45,359.45,107270570.0,13.34
2020-10-09,362.0,376.1,357.25,374.0,55431052.0,14.85
2020-10-12,377.0,379.8,369.1,377.5,52966063.0,12.19
2020-10-13,377.3,381.7,372.95,375.95,36092383.0,15.6
2020-10-14,365.0,365.0,348.3,350.45,74138275.0,12.71
2020-10-15,351.0,354.25,338.95,341.6,38961585.0,8.36
2020-10-16,342.9,348.1,338.6,339.65,25245262.0,10.74
2020-10-19,342.45,346.5,338.65,343.2,12848026.0,18.89
2020-10-20,344.75,349.5,341.85,346.75,16996774.0,21.41
2020-10-21,349.6,350.1,339.1,343.45,9967721.0,23.11
2020-10-22,341.0,348.2,340.85,344.45,9541284.0,26.87
2020-10-23,346.9,347.1,341.3,342.4,8673514.0,44.49
2020-10-26,343.7,344.9,336.7,339.8,8695206.0,39.37
2020-10-27,338.3,339.75,331.05,334.05,9910942.0,38.59
2020-10-28,335.75,339.85,334.4,335.65,8984606.0,31.14
2020-10-29,333.65,340.0,331.15,337.45,7239961.0,23.24
2020-10-30,339.25,345.0,338.45,340.7,11496123.0,26.16
2020-11-02,341.75,341.75,333.7,334.8,4831133.0,23.15
2020-11-03,335.5,339.45,332.65,335.65,4757798.0,16.4
2020-11-04,338.0,351.55,337.5,342.95,15381900.0,17.61
2020-11-05,347.95,349.0,344.05,345.4,5602436.0,28.99
2020-11-06,346.15,349.0,343.4,345.75,5457793.0,44.36
2020-11-09,350.0,352.8,347.0,351.95,7107285.0,22.8
2020-11-10,350.75,350.75,341.15,342.3,9049620.0,27.34
2020-11-11,344.5,347.75,341.5,346.75,7637879.0,28.0
2020-11-12,348.0,350.7,344.3,345.55,5114424.0,38.14
2020-11-13,344.5,346.25,342.7,344.15,4727888.0,47.02
2020-11-16,347.15,347.55,343.1,345.45,749242.0,48.37
2020-11-17,347.0,350.5,343.7,348.7,6653834.0,36.31
2020-11-18,349.75,352.35,341.8,345.3,7407808.0,40.51
2020-11-19,347.7,349.5,341.6,342.6,11056851.0,34.94
2020-11-20,343.8,348.5,342.05,346.3,6181393.0,32.77
2020-11-23,348.0,357.4,346.0,355.85,10333347.0,32.41
2020-11-24,359.0,361.4,355.0,355.5,10092441.0,25.15
2020-11-25,357.9,358.8,349.55,350.0,6812338.0,38.28
2020-11-26,351.0,356.4,347.2,354.85,7366370.0,39.72
2020-11-27,354.85,357.5,347.85,350.5,12402084.0,60.45
2020-11-30,354.85,357.5,347.85,350.5,12402084.0,60.45
2020-12-01,352.7,353.9,346.25,352.85,10693567.0,49.47
2020-12-02,354.45,360.3,354.2,358.9,9434077.0,35.06
2020-12-03,364.0,364.0,358.0,360.3,10697045.0,33.39
2020-12-04,361.1,362.4,359.0,360.8,7427393.0,46.08
2020-12-07,362.0,362.75,357.5,358.45,8392383.0,49.78
2020-12-08,360.3,365.0,358.4,363.7,11813301.0,36.79
2020-12-09,367.75,367.75,357.5,359.5,18137688.0,41.33
2020-12-10,356.2,358.0,352.75,355.9,6897397.0,32.11
2020-12-11,357.4,360.0,352.65,353.5,5863616.0,37.99
2020-12-14,353.5,354.55,347.1,349.35,11501839.0,53.65
2020-12-15,349.3,353.9,347.5,352.7,7231781.0,39.35
2020-12-16,353.9,358.95,353.2,358.4,6666272.0,52.55
2020-12-17,358.4,359.25,355.5,356.9,4165371.0,44.46
2020-12-18,358.95,365.8,357.5,363.55,17398081.0,31.3
2020-12-21,362.5,367.45,348.35,353.95,9665063.0,23.98
2020-12-22,354.0,365.7,349.45,364.2,8186039.0,21.85
2020-12-23,374.0,387.6,371.7,385.55,44874433.0,19.86
2020-12-24,386.45,386.7,378.65,382.2,12240172.0,16.49
2020-12-25,386.45,386.7,378.65,382.2,12240172.0,16.49
2020-12-28,383.45,386.4,382.0,382.9,4725879.0,23.98
2020-12-29,384.0,390.5,383.1,385.0,11459126.0,14.57
2020-12-30,385.0,386.6,382.8,384.4,7188435.0,20.93
2020-12-31,381.2,387.6,381.2,386.25,6394605.0,35.05
2021-01-01,385.05,390.75,385.05,388.1,5042336.0,24.09
2021-01-04,390.0,397.95,387.8,396.4,9755721.0,34.41
2021-01-05,394.1,409.8,393.5,406.3,25156747.0,32.38
2021-01-06,405.0,417.4,403.3,406.4,22486300.0,24.39
2021-01-07,412.25,413.0,403.85,406.75,12344755.0,29.55
2021-01-08,407.5,432.65,407.25,430.2,40993230.0,24.57
2021-01-11,436.0,451.0,435.0,446.8,47334018.0,23.42
2021-01-12,447.95,460.75,442.4,457.7,22134465.0,16.82
2021-01-13,461.0,467.45,452.8,459.0,29190193.0,23.78
2021-01-14,452.0,466.0,430.0,454.35,71551807.0,16.88
2021-01-15,454.75,459.4,436.6,438.55,25307779.0,14.91
2021-01-18,441.0,445.0,429.1,431.55,21510587.0,13.97
2021-01-19,433.0,439.55,427.7,430.25,15677790.0,19.07
2021-01-20,434.0,447.85,433.0,444.95,24419679.0,18.94
2021-01-21,451.6,453.45,442.3,445.8,15911377.0,28.96
2021-01-22,447.45,452.0,440.45,444.75,11398812.0,28.6
2021-01-25,445.15,451.0,435.15,437.25,7380169.0,26.48
2021-01-26,445.15,451.0,435.15,437.25,7380169.0,26.48
2021-01-27,438.0,454.75,437.25,446.45,29590210.0,22.04
2021-01-28,443.25,448.6,427.3,431.9,14812435.0,15.84
2021-01-29,437.4,437.7,415.55,417.9,15632421.0,32.75
2021-02-01,416.1,423.8,408.2,421.5,15081852.0,22.56
2021-02-02,428.0,435.55,423.65,428.35,13310498.0,21.14
2021-02-03,430.2,439.95,430.2,433.5,9897666.0,22.99
2021-02-04,433.5,436.9,428.25,429.9,7193299.0,26.5
2021-02-05,432.0,433.4,420.55,425.55,8679026.0,32.46
2021-02-08,430.35,437.7,426.3,435.3,12516340.0,26.55
2021-02-09,440.25,451.75,435.2,439.35,29474830.0,19.0
2021-02-10,442.0,444.15,435.0,439.0,10607735.0,28.27
2021-02-11,439.0,440.5,433.4,437.0,9237026.0,27.42
2021-02-12,440.0,449.2,439.6,442.0,19280834.0,16.35
2021-02-15,444.6,444.9,436.8,439.7,7844877.0,27.55
2021-02-16,446.0,447.8,433.8,437.55,12453798.0,16.58
2021-02-17,435.9,439.0,428.5,430.2,7390192.0,23.55
2021-02-18,430.3,436.65,429.35,432.95,8385736.0,23.75
2021-02-19,433.15,435.75,426.1,429.95,8478666.0,23.72
2021-02-22,430.7,432.85,416.0,418.7,10666087.0,31.39
2021-02-23,419.7,426.0,414.3,415.5,8992353.0,28.63
2021-02-24,417.7,425.8,414.75,423.1,5060297.0,34.3
2021-02-25,423.1,429.0,420.45,421.3,9110392.0,31.03
2021-02-26,417.95,419.85,408.0,410.3,11731941.0,34.33
2021-03-01,411.0,418.7,409.2,414.4,6421696.0,32.72
2021-03-02,419.7,433.1,418.25,430.4,14875234.0,23.52
2021-03-03,433.0,436.65,428.25,435.5,8782452.0,23.84
2021-03-04,428.9,444.3,427.5,438.8,12963797.0,30.03
2021-03-05,440.0,440.0,417.0,420.85,43931172.0,24.76
2021-03-08,425.1,425.15,415.55,416.9,12354838.0,20.8
2021-03-09,419.8,422.8,410.05,419.2,11905629.0,33.12
2021-03-10,426.1,430.7,423.0,426.7,17291368.0,17.53
2021-03-11,426.1,430.7,423.0,426.7,17291368.0,17.53
2021-03-12,431.5,432.8,422.1,425.2,8960126.0,28.75
2021-03-15,424.8,428.6,417.8,426.35,7517124.0,24.28
2021-03-16,427.25,434.95,425.65,429.3,10673647.0,34.66
2021-03-17,429.0,435.5,417.7,419.65,12134812.0,35.06
2021-03-18,423.25,424.15,404.3,410.15,10082931.0,24.04
2021-03-19,408.95,413.65,399.45,410.5,16875402.0,31.45
2021-03-22,411.05,416.25,410.2,414.45,6622984.0,23.56
2021-03-23,417.7,423.4,412.7,415.5,11575194.0,32.73
2021-03-24,411.35,415.45,409.2,411.0,5140347.0,28.47
2021-03-25,410.7,411.7,397.75,399.65,12737129.0,48.11
2021-03-26,404.8,407.7,400.65,403.9,9033369.0,40.63
2021-03-29,404.8,407.7,400.65,403.9,9033369.0,40.63
2021-03-30,405.0,420.45,405.0,418.1,13171390.0,31.69
2021-03-31,419.8,419.8,413.35,414.15,7445134.0,36.63
2021-04-01,418.85,422.85,414.35,416.4,7596943.0,18.74
2021-04-02,418.85,422.85,414.35,416.4,7596943.0,18.74
2021-04-05,416.45,427.9,416.2,425.45,21216395.0,27.98
2021-04-06,427.95,428.9,422.35,427.15,8320520.0,25.39
2021-04-07,425.0,439.0,423.4,438.0,13867650.0,37.76
2021-04-08,441.95,445.95,440.0,442.1,12916614.0,29.86
2021-04-09,442.9,451.35,440.0,450.1,11699385.0,25.3
2021-04-12,450.0,450.1,429.4,432.6,15086267.0,25.7
2021-04-13,432.0,437.55,412.6,418.95,20420320.0,25.02
2021-04-14,432.0,437.55,412.6,418.95,20420320.0,25.02
2021-04-15,418.9,434.45,415.0,430.7,26758891.0,30.86
2021-04-16,441.7,473.65,436.0,469.2,109361636.0,19.01
2021-04-19,463.0,477.95,461.1,472.75,43809855.0,15.59
2021-04-20,476.0,477.55,467.8,470.1,17730691.0,25.29
2021-04-21,476.0,477.55,467.8,470.1,17730691.0,25.29
2021-04-22,471.6,494.5,471.6,486.65,42620929.0,22.38
2021-04-23,483.55,487.35,474.35,475.7,13596003.0,22.99
2021-04-26,479.4,483.85,477.0,480.3,9314644.0,33.08
2021-04-27,481.4,487.0,481.0,485.05,7209467.0,35.35
2021-04-28,485.85,493.2,481.25,489.3,9615534.0,33.84
2021-04-29,492.7,492.8,485.7,489.85,7641133.0,33.17
2021-04-30,491.5,511.8,489.3,492.75,29115571.0,17.8
2021-05-03,487.95,496.0,483.25,487.35,8599731.0,28.03
2021-05-04,487.3,488.3,477.8,481.95,8102429.0,29.92
2021-05-05,484.8,496.0,483.3,490.6,11856591.0,36.22
2021-05-06,493.7,514.8,487.25,512.3,24413544.0,19.62
2021-05-07,514.0,516.55,507.5,515.25,14666581.0,31.95
2021-05-10,517.6,528.5,513.25,525.95,12544472.0,35.06
2021-05-11,517.95,523.3,514.05,518.4,7649499.0,34.49
2021-05-12,519.95,522.55,504.85,507.6,7871107.0,31.12
2021-05-13,519.95,522.55,504.85,507.6,7871107.0,31.12
2021-05-14,507.5,508.4,492.75,498.45,6799879.0,28.9
2021-05-17,498.45,503.7,495.0,499.8,5752650.0,40.92
2021-05-18,502.0,514.8,500.9,508.05,9380746.0,31.04
2021-05-19,508.3,517.8,505.15,511.65,7490396.0,25.43
2021-05-20,516.0,517.0,503.6,508.25,6292304.0,33.79
2021-05-21,510.0,515.9,509.15,512.7,5197503.0,36.92
2021-05-24,511.9,518.5,509.65,514.9,7436812.0,52.41
2021-05-25,517.4,524.85,515.7,517.55,7954564.0,41.46
2021-05-26,514.9,530.45,514.75,527.25,8823190.0,17.08
2021-05-27,527.25,545.0,525.05,540.9,29411126.0,48.79
2021-05-28,539.0,540.3,532.65,538.7,5878626.0,16.15
2021-05-31,538.7,540.55,531.05,539.05,5386205.0,26.35
2021-06-01,541.9,547.0,539.65,542.8,5965044.0,17.79
2021-06-02,541.95,545.0,533.0,543.0,4713568.0,31.62
2021-06-03,545.7,549.9,538.3,539.05,5637991.0,41.05
2021-06-04,543.5,545.5,540.45,541.2,4771716.0,39.08
2021-06-07,544.7,551.2,542.7,548.25,4348433.0,38.98
2021-06-08,550.0,555.5,549.15,550.6,5429734.0,35.7
2021-06-09,553.0,553.25,542.2,544.2,6206899.0,46.28
2021-06-10,545.55,555.5,545.55,554.25,5720744.0,38.31
2021-06-11,555.0,558.95,551.5,554.3,5612359.0,40.46
2021-06-14,553.9,562.8,553.0,561.6,5952159.0,26.06
2021-06-15,561.5,564.0,557.0,557.9,3837245.0,43.32
2021-06-16,559.9,562.55,553.5,555.25,5497269.0,33.21
2021-06-17,552.5,561.5,549.55,558.7,4399348.0,34.36
2021-06-18,560.0,561.95,546.05,549.8,10007116.0,61.55
2021-06-21,544.75,544.75,535.2,542.15,5390821.0,30.65
2021-06-22,545.25,559.95,542.3,556.55,5752921.0,25.51
2021-06-23,560.0,560.85,538.4,540.15,11242702.0,53.95
2021-06-24,541.9,550.55,539.2,549.05,8668680.0,41.22
2021-06-25,549.85,551.0,540.5,547.5,5039822.0,32.5
2021-06-28,549.75,550.8,544.25,547.4,3259830.0,38.82
2021-06-29,547.8,553.75,541.0,542.6,7927880.0,41.27
2021-06-30,544.85,548.0,542.0,545.65,4293322.0,50.76
2021-07-01,545.0,545.9,538.0,539.35,4329374.0,34.33
2021-07-02,540.1,542.3,533.6,538.6,4157307.0,37.34
2021-07-05,542.9,542.9,535.55,536.35,3439169.0,38.19
2021-07-06,536.55,538.3,531.85,532.6,4193441.0,36.83
2021-07-07,534.05,536.4,525.1,532.15,5377687.0,33.7
2021-07-08,533.9,536.95,528.0,531.0,4565510.0,45.21
2021-07-09,527.4,530.95,523.25,525.8,5724608.0,42.78
2021-07-12,530.75,532.15,523.2,525.85,3865556.0,42.16
2021-07-13,528.0,529.5,522.6,524.85,4172358.0,46.68
2021-07-14,526.25,563.3,525.6,561.7,29348083.0,19.37
2021-07-15,561.0,579.65,559.0,575.9,31066201.0,12.44
2021-07-16,580.0,589.25,568.3,577.75,36907827.0,26.32
2021-07-19,572.55,584.0,570.0,573.8,10857851.0,35.62
2021-07-20,575.7,578.15,561.55,568.1,10523527.0,45.11
2021-07-21,575.7,578.15,561.55,568.1,10523527.0,45.11
2021-07-22,577.1,585.0,571.0,584.2,12043385.0,36.1
2021-07-23,586.5,601.8,583.7,599.15,14057455.0,27.93
2021-07-26,600.1,600.5,588.25,590.45,6099903.0,42.85
2021-07-27,588.9,594.65,584.15,591.45,3983137.0,32.36
2021-07-28,590.95,593.35,583.0,591.95,4573930.0,28.56
2021-07-29,593.6,598.0,587.9,590.45,5834470.0,53.5
2021-07-30,588.85,593.0,585.0,587.15,3178206.0,42.72
2021-08-02,588.2,595.4,582.25,592.25,4623898.0,41.38
2021-08-03,604.0,604.0,594.15,599.4,5165607.0,31.39
2021-08-04,603.5,604.0,594.3,596.8,4509356.0,40.42
2021-08-05,597.5,614.5,597.5,600.9,11294364.0,16.31
2021-08-06,603.75,606.4,596.3,598.0,5270200.0,40.11
2021-08-09,600.0,606.0,595.5,596.8,4646751.0,41.0
2021-08-10,598.4,608.95,593.1,603.85,7027782.0,28.53
2021-08-11,601.9,606.5,598.45,601.25,4282513.0,43.46
2021-08-12,602.0,608.9,600.65,605.85,3952508.0,33.45
2021-08-13,606.0,620.45,606.0,615.5,8364684.0,27.23
2021-08-16,616.1,620.9,610.5,614.05,3572426.0,25.11
2021-08-17,613.75,637.05,611.2,634.9,11822772.0,24.78
2021-08-18,635.75,639.2,624.6,629.4,6923577.0,27.92
2021-08-19,635.75,639.2,624.6,629.4,6923577.0,27.92
2021-08-20,622.5,631.95,618.0,620.05,6170693.0,41.81
2021-08-23,626.0,636.95,623.5,628.85,7036375.0,25.08
2021-08-24,636.0,636.0,624.1,633.55,4483718.0,28.69
2021-08-25,635.0,642.8,629.55,631.65,6407718.0,21.24
2021-08-26,632.2,638.5,626.0,628.95,4208351.0,28.19
2021-08-27,629.5,636.0,625.3,634.95,4371554.0,25.19
2021-08-30,635.95,639.5,630.55,632.45,4371855.0,39.97
2021-08-31,634.6,642.55,628.9,640.95,7795908.0,45.88
2021-09-01,643.8,647.35,635.25,642.05,4725222.0,30.97
2021-09-02,645.0,657.0,640.75,651.45,4538778.0,32.85
2021-09-03,653.0,656.7,649.5,655.1,3774970.0,36.08
2021-09-06,656.65,688.7,656.65,686.45,12338416.0,17.22
2021-09-07,690.0,690.0,672.75,674.25,6406109.0,22.18
2021-09-08,675.4,675.4,660.0,662.2,6716231.0,48.17
2021-09-09,660.9,664.55,654.0,662.35,5805730.0,37.79
2021-09-10,660.9,664.55,654.0,662.35,5805730.0,37.79
2021-09-13,662.35,671.85,657.85,670.75,5588789.0,40.86
2021-09-14,671.0,675.7,670.0,673.45,3661338.0,41.06
2021-09-15,674.0,680.55,670.0,674.05,4145416.0,34.88
2021-09-16,679.75,680.75,665.0,667.85,4657846.0,35.42
2021-09-17,671.4,674.4,662.75,665.25,5407781.0,49.41
2021-09-20,657.75,670.5,653.4,662.5,4546430.0,27.99
2021-09-21,660.5,669.0,657.1,667.6,3683551.0,33.16
2021-09-22,669.0,674.5,663.0,668.15,4791652.0,40.91
2021-09-23,672.9,677.0,671.4,674.3,3231293.0,42.78
2021-09-24,680.5,699.15,675.0,676.5,12126588.0,23.63
2021-09-27,678.05,678.35,651.0,653.9,8399082.0,42.59
2021-09-28,653.9,653.9,635.25,639.6,8112462.0,45.92
2021-09-29,629.95,646.5,627.35,640.75,8839566.0,46.01
2021-09-30,638.75,646.75,632.55,634.1,6013959.0,50.1
2021-10-01,634.8,639.75,630.2,636.25,4208854.0,34.97
2021-10-04,639.9,643.6,635.95,641.05,5247122.0,55.34
2021-10-05,636.45,649.5,634.05,646.85,5456074.0,35.24
2021-10-06,650.4,650.45,634.4,635.75,4836599.0,46.87
2021-10-07,639.0,648.55,636.9,642.95,3724343.0,41.28
2021-10-08,646.15,667.55,645.0,661.15,11045983.0,24.3
2021-10-11,648.95,666.3,635.0,652.8,10211466.0,25.27
2021-10-12,652.0,662.4,642.55,659.1,9340216.0,42.48
2021-10-13,665.0,674.7,656.0,672.6,9462941.0,38.44
2021-10-14,697.0,739.85,695.0,708.25,59188803.0,17.7
2021-10-15,697.0,739.85,695.0,708.25,59188803.0,17.7
2021-10-18,719.0,720.8,702.4,709.75,10599446.0,45.59
2021-10-19,717.1,729.95,708.0,711.55,10932574.0,27.61
2021-10-20,713.6,722.75,695.75,701.95,8054391.0,38.73
2021-10-21,708.95,709.0,681.7,696.3,7958456.0,35.84
2021-10-22,701.75,705.5,678.25,682.4,5379151.0,27.03
2021-10-25,682.75,684.2,660.8,667.7,8810958.0,47.17
2021-10-26,671.05,678.8,665.0,668.15,6096983.0,44.07
2021-10-27,668.15,674.55,663.45,671.1,6315589.0,46.58
2021-10-28,671.0,671.6,655.0,656.9,5178771.0,40.75
2021-10-29,658.25,659.4,644.25,646.75,6761317.0,49.03
2021-11-01,651.1,656.95,647.5,655.45,4401233.0,45.94
2021-11-02,657.0,661.0,651.1,653.8,4039689.0,52.11
2021-11-03,659.4,661.85,650.2,652.5,3435591.0,39.94
2021-11-04,659.4,661.85,650.2,652.5,3435591.0,39.94
2021-11-05,655.0,657.65,647.4,653.7,782905.0,61.19
2021-11-08,652.95,661.0,647.5,658.35,4752230.0,45.82
2021-11-09,663.1,666.25,656.7,658.45,4142065.0,46.59
2021-11-10,655.9,659.0,651.55,652.6,4045695.0,59.24
2021-11-11,649.75,649.75,636.8,641.8,6033898.0,43.11
2021-11-12,648.0,662.5,645.8,660.05,6063253.0,45.29
2021-11-15,661.55,666.0,657.15,658.9,4717998.0,38.39
2021-11-16,658.4,668.75,654.65,661.45,5663547.0,51.71
2021-11-17,661.45,668.0,658.0,661.8,4427497.0,47.34
2021-11-18,663.4,665.95,645.25,651.45,3921249.0,45.21
2021-11-19,663.4,665.95,645.25,651.45,3921249.0,45.21
2021-11-22,658.0,660.45,638.0,644.05,5791217.0,36.82
2021-11-23,642.7,648.95,626.05,642.8,4567462.0,33.98
2021-11-24,644.3,647.6,633.1,636.5,3992776.0,43.97
2021-11-25,637.0,641.8,633.0,636.7,3330681.0,38.94
2021-11-26,632.0,634.4,619.65,621.45,4138537.0,44.61
2021-11-29,616.55,632.85,603.95,630.6,5188030.0,32.48
2021-11-30,630.6,645.5,630.5,637.25,13425100.0,64.88
2021-12-01,642.6,645.95,633.25,634.8,4726822.0,46.33
2021-12-02,636.9,648.1,629.0,646.8,5105228.0,42.33
2021-12-03,644.75,653.95,639.9,640.75,6702505.0,54.52
2021-12-06,637.25,644.2,623.15,624.5,4704953.0,47.33
2021-12-07,628.0,634.55,623.0,632.4,4278545.0,42.5
2021-12-08,639.0,653.0,638.25,641.7,7680329.0,39.36
2021-12-09,641.75,647.6,637.85,643.2,3432802.0,40.89
2021-12-10,642.15,645.9,635.1,638.25,4262606.0,53.66
2021-12-13,643.5,656.55,640.2,645.4,6561840.0,48.71
2021-12-14,646.0,651.9,639.25,646.9,4304706.0,43.2
2021-12-15,646.7,646.7,635.35,636.4,3561772.0,45.1
2021-12-16,644.0,649.9,639.4,644.3,6218620.0,37.92
2021-12-17,660.0,676.8,650.1,670.8,52300009.0,51.77
2021-12-20,667.55,677.5,663.0,665.95,13149101.0,23.72
2021-12-21,676.0,697.1,671.0,690.8,13681048.0,28.63
2021-12-22,695.9,695.9,681.2,685.65,6163877.0,33.1
2021-12-23,690.1,702.0,689.1,694.55,6472454.0,39.18
2021-12-24,697.75,702.4,690.15,698.45,6591213.0,30.13
2021-12-27,699.85,701.0,691.15,699.6,5094328.0,32.56
2021-12-28,703.0,707.5,701.55,705.45,5079022.0,41.86
2021-12-29,705.25,710.0,700.05,703.7,3949208.0,44.0
2021-12-30,705.1,719.9,704.0,714.1,9043675.0,32.03
2021-12-31,715.8,718.8,709.1,715.35,4274779.0,33.27
2022-01-03,718.0,726.8,716.0,718.7,4640405.0,38.72
2022-01-04,722.75,723.1,711.55,721.5,5114400.0,41.01
2022-01-05,720.0,720.85,703.0,713.5,7355632.0,46.47
2022-01-06,705.8,712.25,699.95,705.75,6441610.0,51.26
2022-01-07,708.0,721.5,707.6,711.5,6560163.0,41.84
2022-01-10,709.0,709.0,690.0,693.5,13768910.0,50.48
2022-01-11,695.0,698.45,689.0,694.15,7743729.0,42.93
2022-01-12,700.0,701.75,683.2,691.35,11730341.0,39.84
2022-01-13,663.2,666.0,648.0,649.75,30752967.0,40.5
2022-01-14,649.25,649.25,636.5,639.8,13257274.0,54.17
2022-01-17,639.5,651.65,633.05,646.65,10228938.0,42.05
2022-01-18,648.9,650.0,631.15,633.3,7164990.0,52.88
2022-01-19,631.0,631.65,619.0,621.15,8691383.0,54.33
2022-01-20,620.65,622.4,610.5,615.2,8413562.0,51.81
2022-01-21,610.0,611.0,600.8,605.05,9823347.0,52.21
2022-01-24,605.5,605.5,568.45,572.75,13075358.0,44.55
2022-01-25,562.5,572.0,550.7,562.7,17356185.0,48.97
2022-01-26,562.5,572.0,550.7,562.7,17356185.0,48.97
2022-01-27,555.0,556.9,537.2,544.75,15675872.0,44.9
2022-01-28,550.1,564.95,546.65,552.15,14949890.0,46.24
2022-01-31,569.0,574.4,562.55,572.6,13126087.0,40.72
2022-02-01,579.9,582.4,566.45,576.65,10460101.0,35.74
2022-02-02,582.0,590.0,575.0,588.0,8184413.0,39.05
2022-02-03,584.7,588.8,576.15,578.25,7041390.0,43.97
2022-02-04,577.0,577.8,568.05,571.75,6816779.0,46.2
2022-02-07,571.9,573.8,555.6,557.0,7545679.0,50.97
2022-02-08,561.4,565.8,554.45,560.25,6976907.0,40.0
2022-02-09,564.4,570.75,563.3,568.95,5103738.0,47.57
2022-02-10,572.4,574.75,566.2,573.65,5801912.0,57.9
2022-02-11,566.0,566.0,557.1,561.45,7721229.0,45.48
2022-02-14,550.0,557.15,540.0,541.7,8120773.0,42.79
2022-02-15,545.6,565.25,543.25,563.35,6838496.0,28.66
2022-02-16,565.15,570.3,557.55,563.9,7303911.0,49.0
2022-02-17,572.0,572.4,561.15,564.9,7114420.0,31.12
2022-02-18,559.0,565.7,555.35,562.45,6705919.0,34.31
2022-02-21,555.75,572.7,555.4,570.8,8767001.0,44.12
2022-02-22,556.25,569.0,556.1,564.15,10745062.0,37.09
2022-02-23,569.2,570.9,562.65,567.1,7204256.0,43.18
2022-02-24,548.0,556.9,531.15,537.15,13476944.0,48.37
2022-02-25,548.0,558.75,547.5,555.25,7961312.0,42.91
2022-02-28,551.0,560.1,544.1,555.8,9158437.0,52.12
2022-03-01,551.0,560.1,544.1,555.8,9158437.0,52.12
2022-03-02,555.0,558.3,550.4,555.2,8177055.0,60.46
2022-03-03,563.0,575.95,560.35,569.55,12955663.0,48.12
2022-03-04,561.0,580.0,554.05,575.3,13474186.0,51.9
2022-03-07,563.0,579.65,562.25,571.85,10556167.0,44.25
2022-03-08,572.0,590.75,572.0,587.45,11019999.0,49.64
2022-03-09,588.0,596.4,582.15,585.5,11763616.0,49.4
2022-03-10,595.0,596.5,584.6,588.25,8080983.0,46.31
2022-03-11,587.0,590.0,582.4,586.2,4963594.0,49.7
2022-03-14,586.4,600.8,586.0,598.15,7503221.0,45.24
2022-03-15,603.7,603.7,584.3,587.7,6926622.0,40.34
2022-03-16,595.25,599.45,592.5,598.25,5575148.0,47.79
2022-03-17,605.0,611.0,599.0,601.2,8440645.0,52.29
2022-03-18,605.0,611.0,599.0,601.2,8440645.0,52.29
2022-03-21,605.1,616.0,598.0,600.0,7796476.0,39.53
2022-03-22,603.4,611.0,596.15,610.05,7790250.0,33.03
2022-03-23,613.95,615.0,607.7,611.2,5696918.0,56.37
2022-03-24,607.0,613.8,605.8,610.55,3875745.0,44.13
2022-03-25,611.0,614.0,597.25,603.35,5993097.0,55.83
2022-03-28,608.0,609.0,597.1,600.2,5738405.0,57.03
2022-03-29,603.0,605.35,599.15,602.5,4701003.0,62.27
2022-03-30,605.1,609.3,599.5,600.8,7744382.0,70.37
2022-03-31,600.0,603.3,590.2,591.9,7238089.0,58.95
2022-04-01,591.7,603.4,589.3,601.8,4283997.0,51.51
2022-04-04,605.0,606.5,599.0,605.6,4427974.0,51.83
2022-04-05,605.45,609.5,598.05,599.15,6431244.0,49.37
2022-04-06,598.0,598.0,591.0,593.55,4117951.0,47.9
2022-04-07,592.0,592.0,577.5,580.85,7860765.0,48.58
2022-04-08,586.0,587.0,580.5,583.65,4318316.0,47.27
2022-04-11,584.0,584.25,568.1,571.1,8582108.0,51.05
2022-04-12,568.0,568.0,556.2,558.7,8169266.0,50.07
2022-04-13,560.0,565.5,554.6,559.2,5602288.0,40.64
2022-04-14,560.0,565.5,554.6,559.2,5602288.0,40.64
2022-04-15,560.0,565.5,554.6,559.2,5602288.0,40.64
2022-04-18,549.85,549.85,536.0,538.6,9465031.0,57.15
2022-04-19,544.0,545.55,526.05,530.45,6643004.0,50.54
2022-04-20,536.0,540.55,531.35,536.5,4330488.0,38.25
2022-04-21,541.0,542.5,537.35,539.2,6694391.0,62.3
2022-04-22,535.0,540.85,530.65,537.7,4891212.0,37.35
2022-04-25,529.95,531.15,523.3,529.35,4736884.0,45.02
2022-04-26,537.0,537.75,527.1,529.25,4359370.0,48.67
2022-04-27,527.0,527.0,514.5,518.95,8137539.0,45.4
2022-04-28,524.0,526.65,516.0,522.55,6620669.0,52.67
2022-04-29,528.5,528.5,507.0,508.8,12075630.0,49.94
2022-05-02,515.5,519.0,492.6,495.0,21911427.0,54.02
2022-05-03,515.5,519.0,492.6,495.0,21911427.0,54.02
2022-05-04,500.0,503.85,489.25,491.75,8633927.0,40.97
2022-05-05,501.0,503.7,496.3,501.15,5434766.0,39.36
2022-05-06,490.0,490.9,481.0,485.1,9220891.0,47.35
2022-05-09,482.0,489.35,474.6,483.15,8337625.0,45.32
2022-05-10,483.0,483.75,476.15,477.65,7484767.0,65.84
2022-05-11,480.05,481.95,462.55,471.9,10514671.0,56.53
2022-05-12,468.1,476.0,462.15,473.8,7286500.0,38.32
2022-05-13,479.5,479.5,467.0,468.65,8387659.0,44.72
2022-05-16,474.0,474.35,465.0,468.0,3657033.0,34.38
2022-05-17,471.0,489.0,468.3,486.65,5660725.0,42.14
2022-05-18,490.9,495.25,480.6,481.25,7695484.0,38.95
2022-05-19,466.15,473.8,450.0,451.15,11472989.0,46.87
2022-05-20,462.0,462.2,455.0,459.6,6365956.0,38.17
2022-05-23,463.8,467.8,457.5,466.0,7055784.0,55.73
2022-05-24,468.45,469.6,458.0,459.95,6889730.0,53.97
2022-05-25,460.15,460.85,443.2,444.85,7740753.0,50.62
2022-05-26,446.0,454.7,444.0,453.35,5791541.0,33.31
2022-05-27,460.0,467.95,456.25,466.95,5707236.0,23.28
2022-05-30,473.15,481.5,473.15,476.25,6145574.0,30.14
2022-05-31,475.9,480.75,470.4,478.05,15793502.0,74.0
2022-06-01,478.95,478.95,468.5,470.75,5257283.0,43.61
2022-06-02,471.8,476.45,468.1,474.15,5267520.0,38.0
2022-06-03,479.65,488.0,474.5,475.5,11634889.0,41.37
2022-06-06,472.0,475.5,464.2,473.2,6895578.0,49.26
2022-06-07,470.0,470.75,465.15,467.65,2350671.0,36.59
2022-06-08,471.05,472.0,464.3,470.4,2813826.0,34.24
2022-06-09,467.05,476.15,464.25,475.05,3701119.0,38.35
2022-06-10,467.2,467.2,456.3,460.95,8726549.0,42.77
2022-06-13,450.05,453.0,445.0,446.1,7065411.0,51.39
2022-06-14,440.0,453.7,438.0,445.9,6528192.0,36.93
2022-06-15,448.45,450.65,439.3,440.1,5695798.0,49.47
2022-06-16,446.0,446.75,419.75,422.3,8972343.0,44.75
2022-06-17,416.0,418.75,402.05,405.2,20775273.0,53.0
2022-06-20,409.0,417.9,404.15,414.65,10375419.0,42.5
2022-06-21,420.0,426.75,416.65,425.15,6093902.0,32.68
2022-06-22,422.7,422.7,410.3,411.25,8101431.0,43.17
2022-06-23,412.5,420.8,411.3,419.05,9827505.0,50.77
2022-06-24,421.0,426.0,415.75,418.75,7681051.0,36.63
2022-06-27,427.0,430.75,424.0,424.9,6223935.0,37.86
2022-06-28,422.0,429.1,415.7,427.25,6045914.0,42.73
2022-06-29,420.0,424.8,417.4,420.75,8342088.0,49.32
2022-06-30,421.9,423.0,415.0,416.05,6061642.0,45.7
2022-07-01,415.0,423.2,411.4,422.0,4453624.0,31.93
2022-07-04,420.95,421.75,416.0,420.3,3186358.0,36.11
2022-07-05,421.1,423.05,413.05,413.6,5756605.0,46.15
2022-07-06,418.6,418.6,413.1,416.05,5261455.0,35.11
2022-07-07,420.0,423.95,417.2,420.8,5353012.0,46.97
2022-07-08,424.0,424.7,416.55,419.1,4767716.0,36.59
2022-07-11,414.75,415.0,405.55,411.2,8344787.0,38.11
2022-07-12,409.0,414.85,408.0,409.15,4888736.0,37.3
2022-07-13,412.0,412.0,405.35,406.7,5978390.0,47.73
2022-07-14,410.6,410.6,400.5,401.45,6580621.0,50.0
2022-07-15,400.95,404.1,391.0,393.85,11164177.0,42.19
2022-07-18,399.0,405.7,396.65,404.75,6816197.0,37.67
2022-07-19,403.0,407.8,401.2,405.65,6448589.0,33.81
2022-07-20,410.8,417.5,407.1,412.1,12618706.0,41.95
2022-07-21,408.85,417.5,402.6,414.0,22691171.0,26.37
2022-07-22,415.75,417.4,409.05,410.85,7734271.0,38.48
2022-07-25,410.5,415.65,408.55,414.8,6267831.0,49.21
2022-07-26,414.8,415.4,404.3,405.2,7593149.0,47.56
2022-07-27,404.95,407.4,401.95,406.65,7042079.0,61.12
2022-07-28,411.8,417.0,410.9,416.0,7949232.0,44.81
2022-07-29,420.6,424.3,417.8,423.7,7959892.0,43.4
2022-08-01,426.2,430.9,422.6,429.0,5182874.0,42.63
2022-08-02,428.95,431.65,424.65,429.6,8456213.0,60.68
2022-08-03,429.0,433.0,427.5,432.35,6017469.0,42.44
2022-08-04,437.05,440.3,427.1,435.5,8894567.0,46.39
2022-08-05,436.15,442.0,436.15,440.0,6483793.0,48.48
2022-08-10,435.0,436.0,426.3,430.15,5664871.0,40.03
2022-08-11,438.0,442.0,436.3,438.45,4577322.0,38.25
2022-08-12,437.1,438.5,435.0,436.1,3546199.0,44.12
2022-08-15,437.1,438.5,435.0,436.1,3546199.0,44.12
2022-08-16,438.5,439.8,436.6,437.1,2387104.0,46.58
2022-08-17,437.25,444.9,436.65,443.05,5200738.0,40.24
2022-08-18,441.75,441.75,434.05,435.05,8444130.0,45.48
2022-08-19,438.95,442.5,431.0,432.45,8626954.0,34.06
2022-08-22,430.9,430.9,419.05,420.0,6450290.0,60.91
2022-08-23,415.0,418.5,410.0,416.65,8514388.0,41.22
2022-08-24,417.8,419.5,414.35,416.15,3714585.0,41.69
2022-08-25,419.3,420.1,414.95,415.2,4376951.0,44.8
2022-08-26,418.5,422.5,416.3,417.25,3952097.0,37.06
2022-08-29,405.0,406.35,399.0,404.35,11759757.0,55.58
2022-08-30,409.15,415.95,406.25,413.55,9875496.0,59.24
2022-08-31,409.15,415.95,406.25,413.55,9875496.0,59.24
2022-09-01,409.9,411.65,404.85,410.45,5889353.0,54.31
2022-09-02,412.55,412.75,407.1,407.7,4907540.0,55.38
2022-09-05,407.0,408.0,404.0,405.5,9009254.0,69.53
2022-09-06,407.0,407.35,401.25,404.45,9113081.0,55.61
2022-09-07,402.1,408.85,401.0,407.45,6124266.0,34.16
2022-09-08,410.0,414.35,409.6,412.8,7032474.0,50.06
2022-09-09,417.0,419.45,411.35,417.15,7335671.0,44.23
2022-09-12,419.85,424.4,418.05,422.0,5839212.0,41.82
2022-09-13,424.9,426.0,421.5,422.65,4704167.0,50.96
2022-09-14,409.0,422.7,409.0,416.3,8791982.0,32.9
2022-09-15,419.7,420.9,413.25,415.05,5320157.0,45.42
2022-09-16,412.75,412.75,400.2,401.65,10096243.0,58.29
2022-09-19,405.0,406.2,397.0,401.95,6792094.0,38.91
2022-09-20,406.0,409.4,404.45,404.9,4494911.0,46.97
2022-09-21,405.9,405.9,399.5,400.75,9645056.0,64.88
2022-09-22,398.0,400.35,395.0,397.95,8250162.0,43.1
2022-09-23,398.1,399.4,393.65,394.35,6983355.0,38.11
2022-09-26,392.0,399.2,384.6,394.8,9497072.0,31.38
2022-09-27,396.8,401.4,392.0,398.4,6227347.0,37.7
2022-09-28,396.0,400.5,395.35,398.05,4460795.0,40.18
2022-09-29,401.0,401.9,391.55,392.8,5941534.0,44.79
2022-09-30,392.45,396.7,387.5,394.25,6785265.0,39.99
2022-10-03,393.9,398.0,390.6,394.5,4070417.0,33.01
2022-10-04,399.95,406.0,399.0,405.5,6295848.0,44.0
2022-10-05,399.95,406.0,399.0,405.5,6295848.0,44.0
2022-10-06,409.35,413.0,407.45,410.15,5601939.0,49.28
2022-10-07,409.8,411.75,406.25,408.1,3790093.0,43.21
2022-10-10,400.3,413.5,399.75,411.3,9357463.0,57.63
2022-10-11,414.9,417.9,402.3,404.4,11361646.0,28.63
2022-10-12,404.25,409.6,401.6,407.95,6305059.0,20.94
2022-10-13,387.0,392.35,378.1,379.1,42448106.0,43.8
2022-10-14,387.0,387.5,376.25,377.3,13932397.0,32.05
2022-10-17,377.3,378.95,372.4,375.1,8454769.0,38.74
2022-10-18,383.7,384.25,378.4,379.3,11164240.0,49.56
2022-10-19,381.2,381.2,377.05,378.05,5099139.0,43.58
2022-10-20,377.0,382.6,376.0,381.5,5934407.0,45.24
2022-10-21,382.5,383.3,380.2,382.55,4465770.0,54.1
2022-10-24,386.4,386.4,384.0,384.7,1736235.0,65.53
2022-10-25,386.45,386.45,383.65,384.65,2891628.0,50.03
2022-10-26,386.45,386.45,383.65,384.65,2891628.0,50.03
2022-10-27,386.0,386.95,381.1,382.65,5861559.0,62.22
2022-10-28,382.8,385.85,382.0,383.25,3804838.0,45.83
2022-10-31,386.55,388.4,384.75,386.55,3319191.0,47.29
2022-11-01,388.0,393.0,386.6,392.4,5770098.0,49.9
2022-11-02,392.85,394.85,390.65,393.95,3358307.0,40.7
2022-11-03,389.75,393.75,385.55,388.5,5156238.0,25.19
2022-11-04,388.5,392.4,385.65,390.55,4511815.0,40.54
2022-11-07,393.0,394.85,387.6,391.5,4126299.0,41.5
2022-11-08,393.0,394.85,387.6,391.5,4126299.0,41.5
2022-11-09,394.05,394.4,389.15,390.95,3431273.0,45.21
2022-11-10,388.8,391.1,387.0,388.9,2747454.0,40.01
2022-11-11,398.5,405.85,397.25,399.7,14208523.0,40.72
2022-11-14,402.65,402.65,395.55,396.55,8811714.0,54.04
2022-11-15,398.05,399.55,394.0,397.15,6231356.0,50.09
2022-11-16,399.0,401.7,396.2,398.25,5519764.0,38.3
2022-11-17,397.9,398.0,395.0,396.75,3028808.0,42.47
2022-11-18,397.85,398.9,392.8,393.85,4773101.0,51.82
2022-11-21,393.85,394.45,387.6,388.65,3952306.0,46.04
2022-11-22,389.0,389.4,384.5,388.8,4205414.0,59.36
2022-11-23,390.75,391.95,388.0,388.75,3358880.0,49.23
2022-11-24,389.9,399.75,389.15,398.25,6685133.0,52.61
2022-11-25,399.0,404.4,395.9,402.8,6824275.0,44.54
2022-11-28,402.8,409.45,402.0,405.65,6839600.0,49.34
2022-11-29,403.0,408.9,402.9,405.15,4551301.0,42.38
2022-11-30,406.9,408.0,402.65,406.9,6946173.0,59.43
2022-12-01,412.85,416.35,411.65,413.7,7926492.0,37.27
2022-12-02,413.8,413.9,409.05,412.4,5863311.0,55.6
2022-12-05,413.25,414.95,410.65,412.35,4973531.0,53.5
2022-12-06,410.5,412.6,407.8,411.35,4416259.0,49.02
2022-12-07,409.0,409.5,405.3,406.3,3284308.0,47.83
2022-12-08,407.25,408.0,403.3,403.7,4470356.0,52.47
2022-12-09,406.0,406.0,391.25,394.05,7711668.0,45.33
2022-12-12,392.9,397.5,388.0,396.35,5182940.0,36.09
2022-12-13,398.35,399.35,396.0,397.75,3406921.0,40.61
2022-12-14,400.8,404.5,399.25,400.05,4997576.0,46.71
2022-12-15,399.75,399.75,394.05,395.2,3883463.0,48.58
2022-12-16,391.4,394.8,388.05,389.75,9006317.0,62.12
2022-12-19,388.45,390.5,385.7,389.05,4419023.0,45.39
2022-12-20,388.8,389.9,383.0,388.95,4389279.0,36.93
2022-12-21,390.9,393.25,387.85,389.5,5107607.0,49.6
2022-12-22,390.1,391.95,386.0,388.75,4546900.0,48.11
2022-12-23,384.0,385.85,377.0,377.65,6060355.0,48.6
2022-12-26,378.0,381.6,376.3,380.5,3630574.0,43.35
2022-12-27,382.5,387.35,380.25,386.6,3842920.0,36.8
2022-12-28,385.0,389.55,383.25,387.8,3838001.0,42.14
2022-12-29,386.25,392.1,384.8,390.75,4742699.0,44.03
2022-12-30,393.0,396.3,391.55,392.75,4128278.0,40.38
2023-01-02,393.0,393.9,390.5,393.05,2779756.0,37.24
2023-01-03,393.05,397.75,391.7,397.05,2997211.0,39.95
2023-01-04,397.5,397.5,388.6,389.7,4463261.0,51.33
2023-01-05,390.0,392.2,383.75,386.9,4784490.0,52.03
2023-01-06,387.0,388.8,381.4,382.0,4242377.0,45.67
2023-01-09,386.0,393.0,385.1,391.8,3673716.0,39.4
2023-01-10,392.0,393.9,387.35,393.05,3939748.0,42.08
2023-01-11,393.0,396.0,391.5,393.85,3828300.0,43.24
2023-01-12,395.75,397.9,390.5,394.5,4755250.0,41.18
2023-01-13,396.0,396.6,386.5,393.9,6810930.0,28.77
2023-01-16,390.0,401.0,389.0,398.6,11933722.0,33.41
2023-01-17,400.05,402.05,393.75,396.35,7155016.0,50.65
2023-01-18,398.5,403.85,398.0,403.2,8040213.0,53.19
2023-01-19,402.1,404.0,398.75,403.4,4723728.0,43.84
2023-01-20,403.55,405.4,401.3,403.15,4632807.0,54.05
2023-01-23,405.2,407.75,402.5,407.0,4407645.0,55.65
2023-01-24,408.4,410.2,405.15,406.6,4776320.0,41.15
2023-01-25,405.0,405.9,400.0,401.55,3177777.0,49.76
2023-01-26,405.0,405.9,400.0,401.55,3177777.0,49.76
2023-01-27,401.55,403.6,394.2,398.05,3705067.0,42.43
2023-01-30,398.05,404.8,395.05,402.25,3630628.0,48.21
2023-01-31,402.3,402.55,397.7,398.85,4783423.0,61.86
2023-02-01,401.5,403.9,398.35,402.4,3514948.0,47.5
2023-02-02,402.4,410.0,402.4,409.45,5417730.0,56.19
2023-02-03,412.55,413.0,406.15,407.9,4425118.0,41.13
2023-02-06,405.4,406.2,401.6,404.65,2979011.0,49.84
2023-02-07,405.5,405.5,399.05,400.5,3341790.0,56.46
2023-02-08,401.0,407.6,401.0,406.75,4150488.0,56.69
2023-02-09,406.75,408.95,403.55,408.3,2638687.0,48.58
2023-02-10,407.0,407.0,402.8,405.8,2580070.0,50.42
2023-02-13,405.65,405.65,399.2,400.6,2412678.0,40.64
2023-02-14,403.0,406.45,401.5,405.1,2319411.0,47.06
2023-02-15,402.7,407.85,400.35,407.4,2613836.0,43.04
2023-02-16,408.8,413.25,408.55,409.9,5594681.0,51.48
2023-02-17,406.85,408.0,404.0,406.3,2808122.0,44.23
2023-02-20,405.3,407.8,402.2,407.05,3248594.0,35.4
2023-02-21,407.4,408.0,402.1,402.75,2880586.0,53.58
2023-02-22,399.5,400.35,394.45,395.15,3441686.0,53.62
2023-02-23,395.8,398.7,393.4,393.95,3039161.0,50.03
2023-02-24,395.95,396.5,392.55,393.3,2553317.0,52.48
2023-02-27,392.75,393.3,385.45,390.35,2777355.0,38.34
2023-02-28,391.85,393.2,385.7,387.05,5030801.0,58.57
2023-03-01,388.1,391.75,387.3,390.95,2271306.0,49.0
2023-03-02,388.7,390.35,387.3,388.05,2219486.0,50.02
2023-03-03,390.6,391.45,389.1,390.45,2196968.0,52.44
2023-03-06,392.45,396.65,392.1,393.75,3363861.0,49.29
2023-03-07,392.45,396.65,392.1,393.75,3363861.0,49.29
2023-03-08,391.65,393.0,388.85,392.6,2454421.0,49.25
2023-03-09,392.8,393.85,389.6,390.1,2078527.0,51.74
2023-03-10,387.9,389.9,386.6,389.1,2283698.0,49.47
2023-03-13,389.0,392.6,383.75,385.45,2991260.0,43.88
2023-03-14,386.55,387.15,377.35,379.45,4047426.0,52.35
2023-03-15,383.7,383.7,374.9,375.75,3843963.0,56.31
2023-03-16,375.35,376.7,370.0,372.85,3843310.0,39.72
2023-03-17,377.2,378.35,373.85,376.5,4522141.0,52.1
2023-03-20,375.0,375.95,365.15,367.15,4092377.0,49.51
2023-03-21,369.0,370.25,365.45,366.4,3605576.0,46.96
2023-03-22,367.85,370.0,365.85,366.4,2687423.0,38.05
2023-03-23,364.9,364.9,360.35,361.5,4742596.0,47.4
2023-03-24,363.35,366.85,361.0,361.75,3953348.0,39.08
2023-03-27,361.75,364.0,359.2,361.25,3113857.0,48.01
2023-03-28,363.0,364.05,355.4,356.2,3906548.0,56.01
2023-03-29,358.0,360.75,355.0,359.05,4411920.0,50.22
2023-03-30,358.0,360.75,355.0,359.05,4411920.0,50.22
2023-03-31,363.35,365.75,361.3,365.25,3957106.0,54.81
2023-04-03,367.95,368.4,365.15,367.95,2026750.0,44.36
2023-04-04,367.95,368.4,365.15,367.95,2026750.0,44.36
2023-04-05,369.7,371.9,367.2,369.75,3221555.0,49.56
2023-04-06,369.0,370.45,365.85,366.65,3214807.0,62.02
2023-04-07,369.0,370.45,365.85,366.65,3214807.0,62.02
2023-04-10,368.0,374.4,367.6,373.3,2812470.0,40.52
2023-04-11,373.5,374.85,368.6,370.25,3392177.0,47.91
2023-04-12,370.6,373.45,369.35,372.15,2789105.0,52.64
2023-04-13,369.9,369.9,366.0,368.3,3362317.0,44.02
2023-04-14,369.9,369.9,366.0,368.3,3362317.0,44.02
2023-04-17,359.95,361.95,352.0,361.35,6801645.0,32.73
2023-04-18,363.45,368.9,359.25,367.9,4012449.0,37.02
2023-04-19,367.9,367.9,360.4,360.8,3737972.0,46.36
2023-04-20,360.5,363.7,359.0,362.85,2211633.0,38.35
2023-04-21,364.1,368.7,363.65,368.05,2649994.0,37.46
2023-04-24,375.0,378.6,370.55,377.95,8889522.0,36.37
2023-04-25,378.2,378.9,374.1,375.65,3764276.0,41.47
2023-04-26,377.65,377.65,373.4,374.55,3504073.0,53.44
2023-04-27,376.4,376.6,372.05,374.4,4245850.0,41.63
2023-04-28,380.0,388.0,380.0,385.0,13854703.0,32.47
2023-05-01,380.0,388.0,380.0,385.0,13854703.0,32.47
2023-05-02,389.0,392.15,387.45,388.35,4873304.0,44.64
2023-05-03,388.35,388.35,382.05,385.1,2414244.0,47.08
2023-05-04,384.75,386.15,383.05,383.7,3126679.0,55.82
2023-05-05,382.75,384.4,379.0,379.4,3951097.0,58.9
2023-05-08,381.0,383.0,379.6,380.35,4806772.0,68.75
2023-05-09,382.5,383.45,380.05,382.3,2858349.0,59.65
2023-05-10,384.0,384.55,382.0,383.75,1835201.0,57.52
2023-05-11,385.7,386.85,383.1,384.65,2024982.0,48.87
2023-05-12,384.6,385.25,381.55,383.25,2290179.0,53.41
2023-05-15,383.25,387.0,382.5,385.75,2544847.0,59.53
2023-05-16,387.5,388.8,386.5,386.95,2029676.0,51.52
2023-05-17,386.2,387.35,381.35,382.3,2688051.0,48.71
2023-05-18,385.2,385.35,382.25,382.6,2118508.0,34.91
2023-05-19,384.8,388.2,383.5,386.2,3640791.0,51.58
2023-05-22,386.5,396.6,385.4,395.75,6098695.0,46.48
2023-05-23,397.0,402.1,396.05,397.65,6362817.0,49.61
2023-05-24,394.5,400.45,393.35,399.7,4128487.0,43.39
2023-05-25,399.0,399.0,392.65,394.1,6802527.0,49.54
2023-05-26,395.15,402.55,395.0,401.7,3963090.0,49.21
2023-05-29,404.0,406.0,399.35,399.8,3979654.0,47.24
2023-05-30,400.0,403.85,399.45,402.5,3689486.0,48.25
2023-05-31,401.75,404.8,400.5,403.65,5891791.0,60.85
2023-06-01,405.0,408.0,404.05,407.15,3532742.0,44.81
2023-06-02,408.7,409.8,404.0,404.95,3160377.0,47.57
2023-06-05,408.9,409.75,403.7,404.2,3626430.0,52.2
2023-06-06,403.35,403.35,395.55,399.95,6853700.0,54.95
2023-06-07,402.4,403.6,401.0,402.8,4107930.0,60.12
2023-06-08,404.1,404.75,398.75,399.55,5307526.0,58.39
2023-06-09,399.45,400.35,396.05,397.3,6009116.0,63.82
2023-06-12,399.8,399.8,394.6,395.6,5986811.0,66.93
2023-06-13,397.95,398.5,394.5,395.55,6508093.0,69.2
2023-06-14,396.3,397.15,392.7,396.45,9256282.0,72.78
2023-06-15,397.1,397.45,388.25,388.95,14351160.0,67.97
2023-06-16,385.55,388.65,379.15,381.3,20555324.0,58.27
2023-06-19,382.0,382.0,377.1,380.15,5314720.0,43.03
2023-06-20,381.8,384.95,380.6,382.5,5901329.0,47.44
2023-06-21,384.25,387.25,383.1,385.5,4414632.0,50.5
2023-06-22,386.0,386.0,381.6,382.3,4678087.0,50.75
2023-06-23,382.3,383.0,378.1,379.95,3235203.0,48.45
2023-06-26,380.0,381.9,379.05,380.9,2050200.0,53.32
2023-06-27,384.25,384.25,381.5,382.6,2940375.0,69.12
2023-06-28,383.75,383.75,380.8,381.7,3570056.0,60.8
2023-06-29,383.75,383.75,380.8,381.7,3570056.0,60.8
2023-06-30,385.0,389.75,383.0,389.15,4535405.0,49.8
2023-07-03,393.9,393.9,389.5,391.6,4518462.0,53.24
2023-07-04,393.75,397.35,393.0,395.95,6308617.0,51.16
2023-07-05,394.1,395.4,391.85,393.9,6183479.0,64.19
2023-07-06,394.5,396.95,393.15,396.2,4518621.0,68.78
2023-07-07,395.0,397.45,393.2,395.85,4532610.0,60.25
2023-07-10,395.85,395.85,389.65,389.95,2815200.0,54.55
2023-07-11,390.0,392.8,387.85,392.05,4817419.0,58.92
2023-07-12,393.9,393.95,390.35,391.85,3424110.0,59.73
2023-07-13,391.85,398.6,391.25,394.3,6797863.0,43.72
2023-07-14,394.75,405.5,392.35,405.05,15683392.0,37.76
2023-07-17,407.0,424.95,405.8,415.25,22879930.0,29.37
2023-07-18,418.0,420.3,412.25,417.2,8884513.0,29.03
2023-07-19,420.0,421.0,414.15,417.95,5415495.0,36.6
2023-07-20,418.5,420.0,414.65,417.65,4127855.0,36.71
2023-07-21,405.0,414.35,401.0,404.7,11757106.0,43.6
2023-07-24,406.3,408.0,403.5,404.05,3404230.0,42.32
2023-07-25,405.5,405.5,400.0,400.4,3229100.0,43.96
2023-07-26,403.5,403.6,401.4,402.75,2664831.0,51.84
2023-07-27,404.0,406.6,399.0,399.95,4474179.0,53.08
2023-07-28,401.05,402.85,396.55,398.75,3380030.0,47.61
2023-07-31,399.75,406.0,398.95,405.05,3381090.0,46.2
2023-08-01,405.5,408.0,404.05,406.95,3590902.0,44.0
2023-08-02,405.9,405.9,399.0,402.8,2699809.0,44.02
2023-08-03,402.0,402.0,397.05,399.65,3410849.0,47.97
2023-08-04,400.85,410.0,400.3,408.85,6240770.0,40.01
2023-08-07,409.95,413.0,408.05,411.15,4411433.0,43.91
2023-08-08,412.4,417.5,409.95,416.35,7862142.0,67.36
2023-08-09,415.5,418.5,412.55,417.8,4654694.0,54.95
2023-08-10,417.1,420.8,415.55,418.65,4950822.0,57.97
2023-08-11,418.65,422.15,412.35,413.05,3785734.0,38.61
2023-08-14,413.25,416.2,409.5,415.15,2896090.0,37.33
2023-08-15,413.25,416.2,409.5,415.15,2896090.0,37.33
2023-08-16,414.15,420.2,414.0,418.65,4065890.0,44.85
2023-08-17,418.65,420.4,414.5,417.55,3170480.0,51.82
2023-08-18,415.05,416.35,408.0,411.7,5301196.0,52.29
2023-08-21,411.8,417.35,411.65,414.6,3667130.0,47.36
2023-08-22,415.0,418.1,412.75,417.1,3175120.0,52.94
2023-08-23,417.25,417.95,414.6,415.25,3067117.0,48.52
2023-08-24,418.75,420.0,412.0,412.7,2888478.0,42.66
2023-08-25,410.0,411.3,407.1,409.7,3299255.0,38.82
2023-08-28,411.45,412.45,407.65,408.05,1700987.0,39.21
2023-08-29,409.65,411.9,407.1,408.1,1999281.0,42.47
2023-08-30,410.0,410.2,406.65,407.2,2009091.0,50.16
2023-08-31,408.0,410.0,406.45,408.4,11030976.0,74.35
2023-09-01,407.95,417.75,407.5,416.35,4238065.0,52.08
2023-09-04,418.0,436.5,416.0,434.1,13817324.0,49.48
2023-09-05,435.8,437.5,430.3,431.85,8986713.0,48.66
2023-09-06,433.75,435.55,425.9,429.3,6765956.0,51.44
2023-09-07,429.95,433.7,426.75,432.85,4661325.0,37.18
2023-09-08,433.45,433.45,429.3,430.0,2874205.0,44.82
2023-09-11,433.0,437.5,430.1,434.85,4126657.0,49.75
2023-09-12,437.1,441.5,426.9,435.0,7272664.0,34.08
2023-09-13,434.95,437.95,431.5,435.7,3722835.0,39.37
2023-09-14,438.4,443.25,435.3,436.45,7447505.0,45.59
2023-09-15,439.8,443.75,438.25,441.05,9917938.0,62.37
2023-09-18,441.05,441.05,435.2,436.1,3012598.0,45.62
2023-09-19,441.05,441.05,435.2,436.1,3012598.0,45.62
2023-09-20,434.25,436.85,429.05,430.1,4551350.0,50.25
2023-09-21,429.9,431.25,423.05,428.95,4446535.0,26.88
2023-09-22,424.4,426.75,416.6,418.5,9909130.0,49.54
2023-09-25,418.5,419.75,412.0,414.1,4650566.0,44.85
2023-09-26,416.8,416.8,411.7,412.9,3240283.0,45.04
2023-09-27,412.25,416.55,410.3,415.65,3886997.0,44.25
2023-09-28,416.5,416.5,404.0,405.35,8438058.0,50.7
2023-09-29,405.0,409.25,401.5,406.05,6390136.0,42.34
2023-10-02,405.0,409.25,401.5,406.05,6390136.0,42.34
2023-10-03,406.45,408.1,403.6,405.45,2864052.0,43.72
2023-10-04,402.7,405.45,400.65,404.9,3452935.0,43.83
2023-10-05,407.95,410.4,405.0,406.8,4062652.0,30.57
2023-10-06,408.0,409.8,406.95,407.85,3182502.0,49.47
2023-10-09,404.2,411.0,403.4,405.6,3015225.0,39.13
2023-10-10,406.4,408.75,406.2,407.75,2564007.0,56.52
2023-10-11,409.0,423.95,409.0,421.15,9546114.0,36.54
2023-10-12,421.75,421.9,414.7,417.1,5117199.0,46.58
2023-10-13,411.9,414.4,409.05,411.05,5457027.0,37.32
2023-10-16,411.0,411.9,408.15,410.2,2638826.0,36.96
2023-10-17,411.7,413.85,411.05,411.4,2989694.0,48.18
2023-10-18,409.0,413.65,407.0,407.45,2440533.0,41.3
2023-10-19,391.95,396.75,390.1,395.3,12814551.0,44.84
2023-10-20,395.05,396.05,391.0,391.85,4214668.0,46.41
2023-10-23,390.85,393.0,382.2,383.15,4418913.0,42.96
2023-10-24,390.85,393.0,382.2,383.15,4418913.0,42.96
2023-10-25,384.4,387.7,381.1,381.85,3339147.0,44.4
2023-10-26,378.8,380.55,375.05,378.25,5497791.0,47.91
2023-10-27,379.05,384.35,379.05,382.35,3101406.0,49.19
2023-10-30,384.0,384.35,380.4,382.0,2344372.0,44.24
2023-10-31,383.2,384.1,379.15,381.8,3076768.0,51.07
2023-11-01,383.85,385.55,380.15,380.95,2120976.0,40.5
2023-11-02,383.8,385.15,382.1,383.65,2371365.0,37.96
2023-11-03,386.0,386.7,382.65,383.55,2645764.0,49.92
2023-11-06,386.0,386.45,383.0,384.65,2469968.0,56.93
2023-11-07,384.9,387.0,382.85,383.3,2846089.0,46.69
2023-11-08,384.6,385.85,381.5,382.2,3551026.0,65.66
2023-11-09,383.0,384.0,379.7,380.85,4615563.0,58.59
2023-11-10,380.3,381.8,377.0,379.3,5355350.0,63.67
2023-11-13,382.6,382.9,380.0,381.65,1792951.0,56.09
2023-11-14,382.6,382.9,380.0,381.65,1792951.0,56.09
2023-11-15,385.55,392.25,384.25,391.65,5396259.0,50.96
2023-11-16,391.65,399.5,389.3,397.1,6921788.0,42.07
2023-11-17,398.0,399.0,394.5,395.4,3943464.0,55.59
2023-11-20,393.2,401.1,393.2,400.2,4305248.0,48.44
2023-11-21,402.6,402.6,400.05,400.65,2720124.0,59.54
2023-11-22,402.5,402.6,399.1,400.25,2659291.0,49.65
2023-11-23,400.5,405.0,400.5,402.5,4838680.0,44.42
2023-11-24,402.5,403.5,395.55,396.0,3125283.0,46.09
2023-11-27,402.5,403.5,395.55,396.0,3125283.0,46.09
2023-11-28,397.0,398.75,393.1,396.85,4072657.0,55.03
2023-11-29,398.0,408.55,398.0,406.25,7772043.0,43.68
2023-11-30,406.95,414.5,404.05,413.05,9912979.0,55.29
2023-12-01,413.75,413.75,406.5,407.65,4915213.0,40.49
2023-12-04,412.7,413.0,406.75,407.45,5331236.0,60.38
2023-12-05,407.4,409.0,402.1,404.35,5582684.0,49.88
2023-12-06,406.75,420.4,405.95,418.75,11041035.0,46.51
2023-12-07,420.0,421.5,416.65,418.25,5625276.0,40.53
2023-12-08,418.8,424.5,415.0,422.6,7739561.0,31.86
2023-12-11,420.0,422.2,417.25,420.6,5042121.0,41.54
2023-12-12,420.7,427.9,420.15,422.2,5951682.0,43.43
2023-12-13,423.55,424.3,415.0,419.65,4848408.0,48.21
2023-12-14,423.5,436.0,423.25,434.4,12340688.0,45.95
2023-12-15,436.05,449.5,433.5,446.55,20783617.0,38.67
2023-12-18,446.0,453.5,442.0,445.25,10091036.0,35.6
2023-12-19,445.6,447.35,435.0,438.7,8032347.0,41.38
2023-12-20,442.0,449.5,429.35,431.95,13224971.0,34.22
2023-12-21,428.9,436.5,427.2,434.0,5331504.0,27.94
2023-12-22,435.3,466.3,434.0,462.65,23040407.0,30.44
2023-12-25,435.3,466.3,434.0,462.65,23040407.0,30.44
2023-12-26,454.0,475.8,448.35,470.1,27314322.0,31.39
2023-12-27,468.5,475.4,464.1,470.95,12631496.0,35.82
2023-12-28,472.55,477.4,467.65,469.45,8419978.0,40.81
2023-12-29,470.95,475.35,466.1,471.3,7980570.0,36.4
2024-01-01,473.0,483.5,468.3,477.15,10173639.0,29.92
2024-01-02,478.0,478.0,464.3,469.2,7141257.0,36.81
2024-01-03,463.9,463.9,455.0,455.9,9767182.0,45.26
2024-01-04,457.0,459.85,451.4,452.4,7585168.0,43.45
2024-01-05,455.05,463.0,453.5,456.6,8444565.0,29.99
2024-01-08,457.5,460.0,449.05,450.35,5041443.0,37.35
2024-01-09,458.0,462.5,449.95,450.75,7232524.0,34.45
2024-01-10,451.45,456.0,449.0,453.6,4437338.0,32.83
2024-01-11,454.95,456.9,446.7,448.2,4319409.0,37.62
2024-01-12,455.0,469.0,455.0,465.45,18043367.0,33.03
2024-01-15,511.95,529.0,489.15,494.6,63922132.0,22.92
2024-01-16,495.0,495.0,480.5,485.0,12956246.0,30.55
2024-01-17,475.15,491.5,472.0,482.4,14334466.0,30.17
2024-01-18,482.4,489.0,468.4,482.65,13072462.0,25.36
2024-01-19,488.0,493.35,483.6,485.05,7749310.0,33.83
2024-01-22,486.4,488.9,469.05,477.95,6045801.0,22.35
2024-01-23,478.05,486.0,467.05,469.9,9986168.0,52.2
2024-01-24,471.0,479.0,468.05,478.05,5854375.0,40.21
2024-01-25,478.05,479.35,468.55,470.0,6426490.0,42.06
2024-01-26,478.05,479.35,468.55,470.0,6426490.0,42.06
2024-01-29,470.0,477.0,470.0,473.0,5025650.0,45.99
2024-01-30,474.4,482.9,471.5,472.5,5914007.0,34.85
2024-01-31,472.5,479.9,469.0,478.15,5292240.0,43.16
2024-02-01,477.55,477.7,470.6,471.35,3914060.0,31.52
2024-02-02,475.0,486.5,475.0,483.15,8148111.0,36.11
2024-02-05,483.0,489.5,479.15,482.35,5783302.0,38.29
2024-02-06,484.7,501.8,483.1,499.65,14512019.0,36.44
2024-02-07,500.95,501.7,492.55,495.2,4551767.0,35.93
2024-02-08,495.9,500.1,485.1,488.85,5651920.0,30.8
2024-02-09,490.9,494.75,482.75,490.45,3946894.0,24.43
2024-02-12,491.0,510.8,491.0,501.45,24436750.0,36.18
2024-02-13,503.1,513.0,491.7,511.6,11186788.0,42.19
2024-02-14,503.95,517.0,497.05,514.5,11297328.0,38.53
2024-02-15,516.95,522.85,513.05,518.5,7285388.0,33.49
2024-02-16,522.5,545.0,520.95,543.0,17471322.0,32.88
2024-02-19,545.9,545.9,531.35,535.95,9301379.0,33.28
2024-02-20,535.8,538.15,526.25,531.95,5187063.0,32.53
2024-02-21,535.9,536.3,519.5,521.4,6557787.0,38.48
2024-02-22,522.8,533.0,521.45,531.05,7298241.0,28.22
2024-02-23,535.0,541.25,533.3,536.15,9930497.0,46.74
2024-02-26,536.25,536.5,526.05,532.9,4410318.0,39.71
2024-02-27,534.0,537.4,527.55,531.45,5199630.0,34.33
2024-02-28,530.0,530.95,515.0,517.7,6394528.0,37.16
2024-02-29,517.3,524.25,513.2,518.6,7231382.0,44.21
2024-03-01,522.4,525.2,517.55,519.1,4710315.0,44.57
2024-03-04,522.95,526.4,518.55,520.5,2831185.0,41.58
2024-03-05,517.75,520.5,510.65,513.3,5260774.0,45.98
2024-03-06,513.7,514.85,500.0,513.15,5545961.0,29.36
2024-03-07,513.75,520.4,510.5,515.5,4853991.0,38.08
2024-03-08,513.75,520.4,510.5,515.5,4853991.0,38.08
2024-03-11,517.4,518.95,512.3,514.55,5565756.0,49.55
2024-03-12,512.75,522.5,507.75,510.85,5826380.0,29.87
2024-03-13,513.8,518.7,496.8,504.4,6790240.0,34.49
2024-03-14,501.15,518.9,495.15,517.95,6412736.0,37.43
2024-03-15,514.75,518.25,506.4,517.0,6824543.0,47.87
2024-03-18,518.0,518.55,509.0,510.2,3196980.0,44.28
2024-03-19,509.0,509.0,493.15,494.85,4808693.0,42.05
2024-03-20,496.05,501.25,489.2,493.5,4192672.0,36.31
2024-03-21,499.65,505.3,498.45,500.45,5822290.0,44.13
2024-03-22,489.25,490.75,479.55,487.1,14323251.0,27.27
2024-03-25,489.25,490.75,479.55,487.1,14323251.0,27.27
2024-03-26,486.0,490.95,479.05,479.85,9136673.0,52.62
2024-03-27,479.7,480.95,471.25,472.3,7160334.0,49.89
2024-03-28,476.7,483.05,475.3,480.1,7727575.0,43.52
2024-03-29,476.7,483.05,475.3,480.1,7727575.0,43.52
2024-04-01,483.7,486.4,481.55,484.95,3020504.0,34.56
2024-04-02,481.95,482.7,479.6,481.2,3466327.0,49.49
2024-04-03,480.0,487.7,475.95,483.2,6897258.0,46.22
2024-04-04,485.8,491.95,479.6,487.4,8002023.0,25.35
2024-04-05,486.5,487.15,482.55,485.05,3207172.0,39.86
2024-04-08,490.0,491.6,478.2,479.9,13320385.0,39.49
2024-04-09,483.95,485.25,475.2,475.8,7900625.0,37.62
2024-04-10,477.5,479.45,473.1,477.3,5385767.0,46.08
2024-04-11,477.5,479.45,473.1,477.3,5385767.0,46.08
2024-04-12,475.0,480.0,470.0,470.75,6585023.0,33.5
2024-04-15,466.45,468.35,458.2,459.35,6088236.0,39.78
2024-04-16,453.05,458.5,444.8,448.35,10719712.0,49.79
2024-04-17,453.05,458.5,444.8,448.35,10719712.0,49.79
2024-04-18,452.5,455.45,442.85,444.35,10993129.0,40.08
2024-04-19,440.0,453.9,437.0,452.75,10235053.0,40.32
2024-04-22,452.75,466.15,450.0,462.0,9440870.0,26.28
2024-04-23,466.8,466.8,460.2,462.1,5161356.0,40.51
2024-04-24,463.9,464.65,458.6,459.9,2957584.0,45.88
2024-04-25,458.9,462.55,455.8,461.0,5902545.0,35.14
2024-04-26,461.9,475.8,461.6,464.6,10739147.0,35.01
2024-04-29,467.65,468.0,461.6,462.95,3624970.0,45.65
2024-04-30,463.0,466.75,461.5,462.4,4451478.0,60.03
2024-05-01,463.0,466.75,461.5,462.4,4451478.0,60.03
2024-05-02,462.4,463.0,455.45,457.4,7468638.0,38.43
2024-05-03,460.4,462.0,453.2,457.35,4865313.0,33.01
2024-05-06,458.8,462.6,456.0,458.65,3459063.0,34.94
2024-05-07,461.8,465.35,454.0,463.9,4639264.0,35.43
2024-05-08,465.0,466.4,461.3,463.2,4102840.0,45.24
2024-05-09,461.75,464.4,454.05,455.9,4616742.0,38.33
2024-05-10,456.05,457.5,450.3,451.85,3327357.0,33.57
2024-05-13,451.85,453.25,445.0,451.95,3555804.0,42.12
2024-05-14,452.7,459.9,452.2,456.35,2454710.0,37.2
2024-05-15,456.35,459.75,454.65,458.3,2396712.0,35.72
2024-05-16,462.0,467.5,456.1,464.45,7310736.0,28.99
2024-05-17,464.4,464.4,460.05,461.0,3438410.0,42.62
2024-05-20,460.7,463.15,459.15,462.55,439806.0,55.66
2024-05-21,463.0,464.8,459.7,460.9,4233724.0,54.37
2024-05-22,462.9,463.45,458.85,461.3,3882942.0,47.39
2024-05-23,462.5,468.0,461.75,465.8,6585666.0,37.01
2024-05-24,467.0,470.5,462.0,463.65,4102763.0,37.64
2024-05-27,462.0,462.15,451.6,452.45,20491879.0,65.08
2024-05-28,454.0,457.25,453.1,456.05,7889063.0,68.78
2024-05-29,454.0,455.5,449.5,450.8,4878018.0,54.57
2024-05-30,449.0,449.5,435.1,436.95,10362284.0,57.87
2024-05-31,437.55,442.15,435.5,438.2,10719002.0,49.81
2024-06-03,450.2,450.55,441.55,444.1,4482212.0,49.15
2024-06-04,445.9,445.9,417.0,438.15,8865366.0,40.18
2024-06-05,439.7,455.0,439.05,451.5,6133714.0,45.71
2024-06-06,454.95,462.0,452.6,461.0,7712784.0,39.63
2024-06-07,470.0,486.4,468.3,484.55,36336220.0,31.08
2024-06-10,488.4,488.4,473.35,475.25,9155876.0,37.17
2024-06-11,479.2,479.2,474.35,476.05,4685857.0,44.8
2024-06-12,478.0,484.4,475.55,476.9,6937558.0,40.13
2024-06-13,480.0,485.35,478.15,482.6,6497966.0,35.63
2024-06-14,485.0,485.6,476.2,477.5,5661298.0,41.78
2024-06-17,485.0,485.6,476.2,477.5,5661298.0,41.78
2024-06-18,481.0,493.0,480.05,491.85,15935492.0,40.08
2024-06-19,492.25,497.15,486.75,495.75,10440142.0,48.41
2024-06-20,497.5,497.5,488.25,490.4,6285563.0,41.23
2024-06-21,497.95,500.95,489.1,490.55,47585588.0,71.15
2024-06-24,490.1,494.9,489.45,490.55,4967259.0,47.34
2024-06-25,490.55,498.0,489.3,496.85,4629105.0,52.91
2024-06-26,496.85,499.9,493.8,495.2,6406045.0,65.45
2024-06-27,492.15,511.95,489.2,510.8,21068569.0,45.62
2024-06-28,512.0,516.3,505.85,514.85,8202916.0,47.23
2024-07-01,517.9,535.8,514.1,527.35,15378764.0,34.6
2024-07-02,529.3,545.0,528.3,538.2,18138484.0,28.42
2024-07-03,541.9,545.45,535.5,539.0,8024692.0,40.55
2024-07-04,541.4,548.8,529.1,530.7,9762316.0,35.72
2024-07-05,531.35,536.5,529.45,535.1,5188045.0,34.62
2024-07-08,535.95,543.0,535.0,541.2,6088180.0,50.08
2024-07-09,544.0,544.95,537.6,541.0,4340722.0,58.88
2024-07-10,541.0,543.35,531.75,535.55,4616874.0,41.1
2024-07-11,536.7,539.55,530.0,534.1,4403809.0,38.35
2024-07-12,545.0,564.8,541.55,560.15,27093021.0,30.99
2024-07-15,566.9,566.9,556.15,559.7,8049739.0,48.59
2024-07-16,561.85,562.6,556.4,559.7,5619531.0,48.94
2024-07-17,561.85,562.6,556.4,559.7,5619531.0,48.94
2024-07-18,556.55,574.4,556.35,573.2,12509893.0,37.64
2024-07-19,579.9,579.9,554.7,557.2,13261745.0,39.23
2024-07-22,521.0,526.75,501.55,505.8,38007284.0,41.71
2024-07-23,508.0,508.0,486.35,500.55,12923816.0,32.78
2024-07-24,502.5,506.35,499.85,500.1,6120138.0,40.32
2024-07-25,496.0,507.5,493.3,506.85,10943945.0,53.43
2024-07-26,510.0,528.55,508.5,524.8,13076998.0,43.85
2024-07-29,528.0,530.55,522.85,524.4,6005777.0,43.79
2024-07-30,524.4,526.95,519.75,521.5,5408263.0,57.49
2024-07-31,521.8,524.9,519.45,522.0,3879254.0,50.45
2024-08-01,523.0,526.8,517.5,521.55,5379876.0,47.93
2024-08-02,515.0,519.25,501.0,502.15,7826114.0,48.35
2024-08-05,490.0,495.85,480.25,485.0,10969040.0,51.15
2024-08-06,489.75,499.35,486.6,489.5,5635792.0,32.61
2024-08-07,498.7,500.1,492.65,497.4,3539913.0,39.79
2024-08-08,494.0,494.0,486.35,487.3,6580285.0,50.94
2024-08-09,495.35,496.45,489.65,491.3,3032974.0,40.79
2024-08-12,491.55,494.0,487.4,489.05,3669234.0,47.02
2024-08-13,489.05,492.7,487.15,490.5,3144709.0,36.77
2024-08-14,493.0,496.85,490.45,495.15,5560878.0,50.39
2024-08-15,493.0,496.85,490.45,495.15,5560878.0,50.39
2024-08-16,501.0,517.45,497.95,516.25,12965570.0,35.68
2024-08-19,516.0,523.2,513.7,519.75,5733281.0,38.6
2024-08-20,519.9,527.6,519.65,524.65,4771906.0,35.78
2024-08-21,523.4,528.1,521.05,526.35,3227201.0,47.86
2024-08-22,527.8,530.55,518.05,519.0,5748253.0,47.38
2024-08-23,519.9,521.45,511.35,512.4,5638853.0,38.15
2024-08-26,516.0,524.8,515.95,520.0,8675690.0,32.59
2024-08-27,520.0,523.25,516.0,517.15,3982898.0,49.27
2024-08-28,520.0,538.1,517.85,534.6,17187783.0,33.3
2024-08-29,535.0,541.95,534.05,538.7,12842659.0,35.08
2024-08-30,541.7,542.0,535.7,538.4,9717402.0,65.68
2024-09-02,538.4,542.0,531.85,532.45,7867991.0,61.43
2024-09-03,533.0,540.85,529.5,536.05,7528343.0,44.66
2024-09-04,528.0,528.25,516.75,519.15,10201064.0,46.82
2024-09-05,521.2,526.0,519.5,524.85,6034559.0,48.2
2024-09-06,524.85,529.9,518.45,520.6,7289977.0,44.87
2024-09-09,517.1,521.75,513.45,514.85,5959770.0,52.86
2024-09-10,516.8,528.0,514.0,525.75,5143636.0,36.88
2024-09-11,525.0,526.25,513.25,514.35,4130762.0,42.48
2024-09-12,520.45,532.0,517.75,530.05,7889737.0,43.11
2024-09-13,533.8,552.5,530.85,550.6,17959853.0,30.91
2024-09-16,553.0,556.85,549.0,551.9,5544289.0,39.59
2024-09-17,549.0,554.9,547.05,551.9,4364119.0,37.07
2024-09-18,549.05,549.05,532.65,538.15,8332760.0,37.56
2024-09-19,544.2,551.45,529.15,533.35,10484591.0,28.16
2024-09-20,537.9,540.75,531.0,539.1,8332116.0,44.06
2024-09-23,539.1,540.4,532.0,534.9,4272145.0,38.14
2024-09-24,532.2,541.9,529.35,539.55,6177847.0,39.25
2024-09-25,538.8,539.4,530.75,536.2,4032598.0,39.64
2024-09-26,538.7,543.1,535.7,541.9,5701700.0,46.37
2024-09-27,548.9,558.9,540.7,541.8,13231192.0,42.41
2024-09-30,538.0,544.5,534.0,541.45,4099723.0,43.38
2024-10-01,540.2,549.6,540.2,546.75,4705637.0,38.15
2024-10-02,540.2,549.6,540.2,546.75,4705637.0,38.15
2024-10-03,540.1,542.4,526.25,530.15,7017684.0,43.15
2024-10-04,528.05,541.95,528.05,533.55,5961377.0,34.6
2024-10-07,538.0,541.7,525.95,531.45,4939037.0,45.37
2024-10-08,531.55,533.8,520.3,526.95,5751402.0,37.62
2024-10-09,529.8,538.7,528.5,531.15,4420844.0,46.02
2024-10-10,535.0,537.6,523.45,525.0,6310122.0,51.07
2024-10-11,520.35,534.4,520.35,528.3,4218491.0,39.18
2024-10-14,538.7,551.85,536.3,549.55,16568133.0,21.54
2024-10-15,552.85,552.85,530.85,532.95,10800626.0,41.34
2024-10-16,533.0,538.8,529.0,532.15,6276811.0,39.33
2024-10-17,534.95,538.0,525.05,528.75,11877639.0,51.06
2024-10-18,532.0,558.4,524.8,548.65,37326527.0,26.25
2024-10-21,551.6,561.9,547.0,548.1,11983482.0,31.65
2024-10-22,549.8,555.5,543.85,545.45,9239150.0,42.71
2024-10-23,547.5,554.5,542.2,547.2,6349288.0,39.69
2024-10-24,547.2,550.5,545.15,546.9,4788302.0,57.11
2024-10-25,549.75,552.0,540.5,543.45,5062270.0,45.21
2024-10-28,543.45,559.8,542.7,558.6,5592929.0,45.9
2024-10-29,559.8,563.4,553.25,562.2,6027815.0,46.67
2024-10-30,562.5,578.75,561.1,565.25,10377746.0,42.76
2024-10-31,564.8,566.3,548.3,551.8,7840047.0,38.08
2024-11-01,551.7,554.9,550.0,551.35,981405.0,42.62
2024-11-04,551.0,552.45,534.2,540.8,4927780.0,36.15
2024-11-05,543.0,545.35,540.4,543.7,3431130.0,46.68
2024-11-06,547.45,565.85,541.0,563.9,9777442.0,32.77
2024-11-07,566.0,569.7,554.45,563.4,5998571.0,33.78
2024-11-08,565.0,578.8,565.0,569.0,10426329.0,36.41
2024-11-11,569.0,583.2,566.05,573.5,8069722.0,36.36
2024-11-12,575.0,579.7,569.05,570.65,5630445.0,45.4
2024-11-13,570.0,573.6,565.55,569.0,5695600.0,44.85
2024-11-14,568.95,574.55,564.2,566.7,4891760.0,51.9
2024-11-18,566.7,566.7,540.3,552.85,7644882.0,36.38
2024-11-19,556.0,569.8,554.7,562.0,6459889.0,44.98
2024-11-20,556.0,569.8,554.7,562.0,6459889.0,44.98
2024-11-21,562.0,567.6,555.3,557.15,5836304.0,42.84
2024-11-22,561.95,573.6,557.9,571.65,7366616.0,37.08
2024-11-25,575.5,587.55,573.9,582.45,11648737.0,54.59
2024-11-26,585.0,590.35,579.3,589.0,7885670.0,47.12
2024-11-27,591.5,596.0,581.9,582.9,6829838.0,43.18
2024-11-28,585.75,586.0,570.55,572.2,5948278.0,43.24
2024-11-29,575.0,580.75,571.6,577.85,4270056.0,56.84
2024-12-02,582.45,585.55,578.2,584.55,5597000.0,52.61
2024-12-03,295.35,296.2,289.3,291.65,15445286.0,60.04
2024-12-04,294.65,297.0,291.8,294.0,14036431.0,52.41
2024-12-05,295.0,300.9,293.9,299.3,13487264.0,42.85
2024-12-06,299.15,299.15,296.2,297.35,7894350.0,56.07
2024-12-09,295.0,305.7,293.75,303.75,9285213.0,51.58
2024-12-10,306.0,311.0,303.45,308.1,17028502.0,50.15
2024-12-11,308.15,309.9,305.55,309.0,8608406.0,51.09
2024-12-12,308.0,313.8,307.45,309.1,12958440.0,43.76
2024-12-13,309.1,311.05,304.2,309.95,7382211.0,41.77
2024-12-16,310.0,311.4,307.1,309.2,7221189.0,46.29
2024-12-17,311.0,312.25,307.3,308.85,10568517.0,52.78
2024-12-18,309.0,313.25,308.55,312.6,10965226.0,52.83
2024-12-19,306.35,313.4,301.15,312.75,12405595.0,36.54
2024-12-20,315.5,320.0,304.4,305.2,22214824.0,47.97
2024-12-23,306.6,310.65,305.0,307.9,6693583.0,35.59
2024-12-24,307.5,309.2,302.8,305.3,8837902.0,51.87
2024-12-25,307.5,309.2,302.8,305.3,8837902.0,51.87
2024-12-26,305.4,306.95,304.0,305.05,6516148.0,45.46
2024-12-27,305.2,310.9,304.7,309.1,8063921.0,50.17
2024-12-30,309.1,309.4,302.65,303.7,13709891.0,58.53
2024-12-31,300.95,303.0,295.25,301.85,9337030.0,46.81
2025-01-01,300.0,303.35,298.95,300.3,7878201.0,50.18
2025-01-02,298.0,304.45,297.15,303.8,8800435.0,40.89
2025-01-03,303.3,303.8,294.0,294.45,12535720.0,46.82
2025-01-06,295.0,297.8,290.55,294.3,9173687.0,46.08
2025-01-07,294.3,297.5,291.3,294.05,7381943.0,47.42
2025-01-08,293.0,298.45,289.3,297.55,7937785.0,48.25
2025-01-09,297.0,298.0,291.35,292.3,7964702.0,45.57
2025-01-10,294.3,303.25,294.3,300.55,19505556.0,33.35
2025-01-13,298.95,299.25,290.25,291.85,9541248.0,46.31
2025-01-14,291.8,294.55,286.55,292.85,7670070.0,32.54
2025-01-15,293.0,294.7,289.7,292.65,4662694.0,37.13
2025-01-16,295.9,296.5,286.7,288.05,10345666.0,44.71
2025-01-17,287.8,287.8,280.5,281.95,9358955.0,36.41
2025-01-20,302.0,305.4,296.95,300.25,39380165.0,36.12
2025-01-21,302.4,305.85,297.8,298.35,15619474.0,39.33
2025-01-22,299.35,310.0,299.35,309.1,30859317.0,32.52
2025-01-23,311.1,324.6,310.65,317.7,39904371.0,36.39
2025-01-24,319.0,322.5,316.6,320.1,17479586.0,46.84
2025-01-27,317.8,319.15,306.75,307.95,12372895.0,40.16
2025-01-28,304.0,307.6,301.55,303.6,12077491.0,38.45
2025-01-29,305.05,314.7,305.05,312.45,16338112.0,48.97
2025-01-30,311.0,313.7,305.95,309.0,9984186.0,34.19
2025-01-31,311.7,315.7,309.55,311.9,15597644.0,62.16
2025-02-03,303.0,314.0,300.3,313.6,14877076.0,55.77
2025-02-04,318.0,318.85,313.35,316.25,15366864.0,62.75
2025-02-05,317.8,321.45,314.9,317.1,9628027.0,51.69
2025-02-06,320.0,323.6,314.55,317.95,15062390.0,44.45
2025-02-07,319.0,319.0,314.0,318.0,8589587.0,62.45
2025-02-10,318.8,321.0,315.85,319.05,12304840.0,64.59
2025-02-11,319.5,320.4,311.6,313.0,10627890.0,56.34
2025-02-12,313.45,315.75,309.35,310.2,9668342.0,47.27
2025-02-13,310.3,313.65,306.95,308.55,8832731.0,43.32
2025-02-14,310.05,312.4,304.55,308.1,7371341.0,48.63
2025-02-17,308.1,310.3,302.0,305.35,7507772.0,55.07
2025-02-18,305.35,312.75,305.35,312.2,10368789.0,38.2
2025-02-19,311.25,316.5,308.3,314.1,7835672.0,48.94
2025-02-20,311.2,314.3,310.25,313.3,7697134.0,63.39
2025-02-21,312.8,312.8,305.05,306.35,8722925.0,50.95
2025-02-24,302.95,303.3,293.35,295.05,12600963.0,45.95
2025-02-25,294.35,296.3,290.1,291.3,10810040.0,49.47
2025-02-27,294.0,295.8,291.35,294.5,15555649.0,58.5
2025-02-28,294.0,294.0,277.0,277.65,17458839.0,53.89
2025-03-03,279.45,286.35,279.3,283.55,11471554.0,32.13
2025-03-04,279.0,283.1,276.3,280.0,9331785.0,54.1
2025-03-05,281.4,286.95,278.65,285.1,10285712.0,53.76
2025-03-06,288.45,292.0,283.5,285.9,9782051.0,42.75
2025-03-07,287.4,287.7,282.9,284.8,8097300.0,54.4
2025-03-10,284.45,285.65,277.95,280.9,8165123.0,49.68
2025-03-11,277.0,279.3,273.2,277.75,8602609.0,40.6
2025-03-12,277.7,277.7,262.2,268.55,18584311.0,31.53
2025-03-13,268.55,271.1,263.35,264.0,8683943.0,40.15
2025-03-17,264.0,265.2,258.9,259.85,12697930.0,44.0
2025-03-18,261.75,263.05,259.4,261.25,11450247.0,55.47
2025-03-19,262.0,266.5,256.25,265.7,14044300.0,45.29
2025-03-20,269.2,273.95,267.5,268.0,17038774.0,40.67
2025-03-21,264.0,269.55,260.2,264.3,22659168.0,47.08
2025-03-24,267.05,271.65,265.4,269.4,9269617.0,41.45
2025-03-25,272.0,274.7,269.35,271.0,12563930.0,43.42
2025-03-26,272.0,272.25,266.75,267.4,7308412.0,58.41
2025-03-27,270.0,273.55,269.6,272.2,14783522.0,36.06
2025-03-28,271.0,271.85,261.6,262.25,14283389.0,43.17
2025-04-01,260.35,263.0,258.5,262.6,8388635.0,45.94
2025-04-02,262.8,265.55,261.1,263.6,7136992.0,49.98
2025-04-03,259.9,260.5,255.3,256.35,12262561.0,45.91
2025-04-04,253.0,253.95,244.85,246.3,14639785.0,52.77
2025-04-07,231.05,243.85,228.0,242.9,13011904.0,32.7
2025-04-08,244.75,249.5,243.85,247.25,13806651.0,47.43
2025-04-09,240.7,242.3,234.0,236.65,19063559.0,34.69
2025-04-11,245.0,245.0,238.35,239.75,11205821.0,44.31
2025-04-15,245.05,245.05,241.35,244.0,10694621.0,57.94
2025-04-16,244.0,248.45,241.2,247.65,16203319.0,49.34
2025-04-17,235.0,237.8,232.15,236.9,54875421.0,31.45
2025-04-21,237.4,240.8,237.4,238.45,16298364.0,36.08
2025-04-22,238.45,239.0,233.5,234.15,18367713.0,56.8
2025-04-23,237.2,245.35,236.1,243.6,31898042.0,46.61
2025-04-24,244.8,245.15,241.5,242.75,23000820.0,52.58
2025-04-25,243.95,246.15,238.05,240.9,16620430.0,38.53
2025-04-28,240.5,241.95,238.75,240.5,14218414.0,57.48
2025-04-29,241.6,243.6,239.85,241.4,16647246.0,57.4
2025-04-30,241.55,243.4,239.2,241.5,14206640.0,60.99
2025-05-02,242.04,245.8,240.75,242.87,14411726.0,46.69
2025-05-05,244.0,246.87,242.7,243.57,12170446.0,46.09
2025-05-06,244.5,245.9,240.61,241.19,8869045.0,49.08
2025-05-07,236.01,244.45,236.01,244.04,9130056.0,48.84
2025-05-08,243.11,245.83,239.31,241.57,11434833.0,56.21
2025-05-09,236.6,242.95,236.5,242.01,10582438.0,46.06
2025-05-12,245.09,257.94,244.88,257.28,19791711.0,39.85
2025-05-13,256.95,256.95,250.62,251.57,11714159.0,49.28
2025-05-14,251.57,253.69,250.75,252.94,8839105.0,49.3
2025-05-15,253.2,257.1,250.62,256.57,12083645.0,33.59
2025-05-16,257.0,257.0,253.53,254.31,6640387.0,50.85
2025-05-19,254.31,254.74,251.28,251.75,6788784.0,50.39
2025-05-20,253.0,254.6,249.31,249.71,9366429.0,54.83
2025-05-21,249.71,252.11,248.1,250.92,5313593.0,36.66
2025-05-22,249.0,249.89,245.0,245.94,11469037.0,51.95
2025-05-23,246.1,250.49,245.6,247.36,7437642.0,32.0
2025-05-26,248.49,250.85,248.2,250.24,3690751.0,38.75
2025-05-27,250.99,250.99,247.99,248.25,6861143.0,50.76
2025-05-28,249.59,250.14,246.96,247.43,6205160.0,52.25
2025-05-29,249.65,251.74,248.1,250.14,11785042.0,54.92
2025-05-30,250.0,251.11,248.52,249.67,13858429.0,66.33
2025-06-02,247.6,248.42,246.2,247.68,5846259.0,54.94
2025-06-03,248.0,249.5,245.73,246.22,8573438.0,62.02
2025-06-04,246.51,249.81,246.51,246.86,6698150.0,55.93
2025-06-05,246.9,249.49,246.88,247.94,6468060.0,48.45
2025-06-06,247.1,249.98,247.1,248.59,4445411.0,45.95
2025-06-09,249.6,253.4,249.22,251.29,9193904.0,56.44
2025-06-10,252.9,255.8,251.83,254.87,10739851.0,47.03
2025-06-11,256.02,261.6,254.1,258.92,17268454.0,50.43
2025-06-12,260.0,263.0,256.32,259.61,14528657.0,36.84
2025-06-13,255.0,262.25,254.0,260.21,8692116.0,38.57
2025-06-16,260.0,265.31,258.0,262.89,10935361.0,48.08
2025-06-17,262.89,265.45,261.66,262.91,7528454.0,48.03
2025-06-18,262.9,265.6,261.03,261.59,5016660.0,36.3
2025-06-19,262.85,266.44,261.81,265.58,14184486.0,41.19
2025-06-20,266.0,267.2,262.87,266.54,12904674.0,61.89
2025-06-23,264.0,265.2,261.81,263.24,6214062.0,44.21
2025-06-24,265.5,268.65,264.71,264.97,6319428.0,43.2
2025-06-25,265.9,269.96,265.85,269.41,5331739.0,41.83
2025-06-26,269.1,271.3,267.19,268.52,8564099.0,52.79
2025-06-27,269.0,270.0,264.5,265.05,8906108.0,54.17
2025-06-30,266.1,266.74,262.9,265.98,7119563.0,57.09
2025-07-01,265.5,268.35,263.7,264.55,3886095.0,47.16
2025-07-02,265.0,268.7,264.45,267.0,8750887.0,48.67
2025-07-03,268.4,270.85,266.45,267.05,9357962.0,41.82
2025-07-04,268.3,271.4,267.5,270.05,7141779.0,53.85
2025-07-07,270.05,270.55,267.3,267.75,4849218.0,52.49
2025-07-08,267.8,270.3,267.35,269.65,5519016.0,55.76
2025-07-09,268.0,269.4,264.85,267.8,11564433.0,47.19
2025-07-10,267.55,267.55,263.15,265.05,6911031.0,44.4
2025-07-11,261.0,262.05,257.75,258.3,13109857.0,54.56
2025-07-14,258.3,259.55,251.65,254.25,10388421.0,46.31
2025-07-15,254.0,259.85,252.8,257.4,8750149.0,37.21
2025-07-16,257.4,264.0,256.05,262.8,12179338.0,46.98
2025-07-17,263.85,264.35,258.0,260.6,7484171.0,42.13
2025-07-18,268.6,271.9,265.6,266.95,30319126.0,22.2
2025-07-21,266.95,267.15,259.2,260.35,12190000.0,37.02
2025-07-22,261.7,262.15,258.75,259.7,6724044.0,48.06
2025-07-23,260.25,261.75,258.15,261.4,6510321.0,51.42
2025-07-24,262.0,263.4,260.25,261.85,8139900.0,56.0
2025-07-25,261.8,262.05,256.05,259.2,8427780.0,47.4
2025-07-28,254.0,254.0,249.0,250.05,8998911.0,49.05
2025-07-29,249.2,252.7,247.25,251.8,12923128.0,63.32
2025-07-30,251.45,252.5,249.2,250.2,6057152.0,58.3
2025-07-31,248.1,250.15,246.05,248.3,7338764.0,53.31
2025-08-01,246.5,246.9,242.2,242.75,7436999.0,53.32
2025-08-04,242.75,246.42,241.1,246.05,5234393.0,46.05
2025-08-05,246.05,246.95,244.53,245.91,7383968.0,64.21
2025-08-06,246.0,246.0,239.31,239.96,7700190.0,53.15
2025-08-07,239.11,243.18,238.61,242.32,6190830.0,49.52
2025-08-08,242.4,243.25,238.4,239.05,8922847.0,63.62
2025-08-11,239.05,244.75,238.62,241.62,3047287.0,43.62
2025-08-12,242.7,246.29,241.1,241.72,8101435.0,43.91
2025-08-13,242.89,242.89,240.12,241.65,5820844.0,53.54
2025-08-14,243.1,248.43,242.41,246.81,12857225.0,43.4
2025-08-18,248.64,249.01,244.76,245.21,5789317.0,48.54
2025-08-19,245.46,247.5,244.78,246.96,4090961.0,41.69
2025-08-20,245.3,252.89,245.3,250.84,10099384.0,39.32
2025-08-21,252.74,252.74,249.61,249.91,7607486.0,61.59
2025-08-22,252.0,253.0,247.61,248.64,13572686.0,46.34
2025-08-25,250.6,257.29,250.6,253.84,16391069.0,28.62
2025-08-26,253.0,254.82,251.31,252.03,15797327.0,72.08
2025-08-28,252.02,252.35,249.08,250.65,5851451.0,46.5
2025-08-29,250.5,253.1,248.66,249.41,10117017.0,50.87
2025-09-01,249.42,252.99,249.4,250.36,3198345.0,36.52
2025-09-02,250.36,253.15,249.6,250.93,5046939.0,35.85
2025-09-03,251.9,252.4,249.12,249.56,3862765.0,45.29
2025-09-04,249.5,250.34,244.44,244.97,5021036.0,51.94
2025-09-05,246.1,247.32,241.27,243.67,6233782.0,35.13
2025-09-08,244.36,246.99,242.2,242.52,6596932.0,49.93
2025-09-09,245.0,249.85,245.0,249.15,12836972.0,31.96
2025-09-10,249.3,257.17,249.25,255.75,15261331.0,46.14
2025-09-11,255.7,255.7,252.17,253.91,5865301.0,45.57
2025-09-12,254.88,255.9,250.82,251.94,5345794.0,45.84
2025-09-15,251.5,251.79,249.6,251.28,3700703.0,49.85
2025-09-16,252.0,254.5,250.2,254.01,7316998.0,63.43
2025-09-17,253.3,255.5,252.85,254.15,7339871.0,59.61
2025-09-18,257.0,259.8,256.0,256.93,10498239.0,39.14
2025-09-19,257.0,257.66,254.7,255.88,10741757.0,72.27
2025-09-22,248.55,251.78,247.21,250.33,15784007.0,53.65
2025-09-23,250.22,252.0,248.75,249.63,8674114.0,53.03
2025-09-24,248.33,249.12,244.25,244.59,7888797.0,51.61
2025-09-25,245.45,245.64,241.28,242.0,7957740.0,64.27
2025-09-26,241.45,241.55,235.01,235.75,16999628.0,66.73
2025-09-29,236.88,240.79,236.29,239.64,8894412.0,58.55
2025-09-30,239.93,241.5,239.0,239.37,5590909.0,53.34
2025-10-01,240.0,243.57,237.84,241.07,9479378.0,55.03
2025-10-03,240.98,241.4,238.06,240.98,10968346.0,58.52
2025-10-06,240.0,242.96,239.32,242.13,6064946.0,42.89
2025-10-07,242.9,245.0,242.14,243.53,6587728.0,50.02
2025-10-08,243.25,246.35,242.57,244.27,7360563.0,40.69
2025-10-09,243.99,246.8,243.16,246.4,4629760.0,44.1
2025-10-10,248.0,251.25,246.25,248.7,7070200.0,40.52
2025-10-13,246.06,247.7,244.51,245.13,6717589.0,45.2
2025-10-14,245.8,250.15,245.11,248.42,7888607.0,33.76
2025-10-15,250.0,252.13,248.54,250.21,13278925.0,51.16
2025-10-16,250.4,254.07,248.8,253.81,10661302.0,50.8
2025-10-17,250.0,250.0,239.11,240.9,43802251.0,50.18
2025-10-20,240.9,241.94,239.27,241.24,9871824.0,43.16
2025-10-21,241.0,242.16,240.36,241.36,2082336.0,44.9
2025-10-22,241.0,242.16,240.36,241.36,2082336.0,44.9
2025-10-23,244.8,247.8,243.37,244.3,18964626.0,54.3
2025-10-24,245.0,245.88,242.16,242.98,6803979.0,57.22
2025-10-27,243.29,245.73,243.06,243.91,9550336.0,61.74
2025-10-28,243.66,244.7,241.4,242.38,8780789.0,60.05
2025-10-29,243.6,243.6,241.64,242.28,8776917.0,60.32
2025-10-30,242.89,244.77,240.5,241.92,8344622.0,45.72
2025-10-31,242.11,243.19,240.5,240.67,5659566.0,57.14
2025-11-03,240.67,241.29,239.5,240.5,4902693.0,58.16
2025-11-04,240.5,240.84,237.52,237.92,6848284.0,56.92
2025-11-05,240.5,240.84,237.52,237.92,6848284.0,56.92
2025-11-06,240.0,240.62,238.37,240.05,7141517.0,58.22
2025-11-07,238.7,239.25,236.0,236.49,5520619.0,51.74
2025-11-10,237.44,241.55,237.02,239.84,8566758.0,51.66
2025-11-11,241.1,242.05,238.81,241.69,8831094.0,61.43
2025-11-12,242.75,246.3,242.1,245.22,13152546.0,62.57
2025-11-13,246.0,246.0,244.0,245.33,6211124.0,56.67
2025-11-14,243.92,245.9,242.15,244.37,6841554.0,57.09
2025-11-17,243.97,244.78,242.69,244.05,6559062.0,59.24
2025-11-18,242.93,244.0,240.3,240.9,4730012.0,53.46
2025-11-19,241.2,246.85,240.54,246.07,13298452.0,50.27
2025-11-20,247.5,247.8,245.71,246.26,6705862.0,59.06
2025-11-21,245.0,247.25,243.61,244.49,5516450.0,49.29
2025-11-24,245.02,249.38,245.02,247.27,19711070.0,61.79
2025-11-25,248.0,248.0,244.0,245.64,8188793.0,52.8
2025-11-26,246.0,250.55,245.62,250.19,8202096.0,58.52
2025-11-27,250.4,251.92,247.69,249.56,5268129.0,42.45
2025-11-28,251.0,251.99,248.6,249.53,7049965.0,51.15
2025-12-01,250.1,250.75,248.86,250.28,3865446.0,54.64
2025-12-02,250.0,251.45,248.87,250.17,8535708.0,68.03
2025-12-03,250.6,257.13,250.55,254.69,17215454.0,35.79
2025-12-04,256.0,258.8,255.5,256.93,10687381.0,44.86
2025-12-05,258.2,261.1,257.7,259.91,7886562.0,43.64
2025-12-08,260.01,263.07,259.71,261.38,9684253.0,39.73
2025-12-09,261.38,261.82,257.05,257.41,8560580.0,55.15
2025-12-10,258.01,260.37,257.25,257.98,7944200.0,63.01
2025-12-11,258.31,259.98,257.72,259.25,6473376.0,59.58
2025-12-12,259.5,260.82,257.36,260.6,4008271.0,48.15
2025-12-15,259.99,262.5,258.54,261.74,4023911.0,40.88
2025-12-16,261.74,261.75,258.8,259.22,2982041.0,51.48
2025-12-17,259.0,262.13,258.31,261.14,4923276.0,57.21
2025-12-18,261.18,264.99,261.0,263.85,9008412.0,42.5
2025-12-19,267.0,267.0,263.3,264.45,12750745.0,61.86
2025-12-22,267.51,273.1,266.8,272.67,14651313.0,43.05
2025-12-23,272.0,272.48,270.21,271.4,7572420.0,48.89
2025-12-24,270.94,270.98,267.2,268.06,4694861.0,44.37
2025-12-25,270.94,270.98,267.2,268.06,4694861.0,44.37
2025-12-26,267.2,268.88,265.74,266.3,2899112.0,42.68
2025-12-29,265.99,267.39,263.6,264.24,3755074.0,47.89
2025-12-30,264.0,264.72,263.02,263.65,5117699.0,60.85
2025-12-31,264.0,264.6,261.26,263.28,5705044.0,54.02
2026-01-01,264.5,268.05,263.75,267.35,3639755.0,31.54
2026-01-02,267.35,272.4,266.15,269.0,8286204.0,53.24
2026-01-05,269.45,269.65,261.7,263.3,7006599.0,44.43
2026-01-06,263.3,266.1,262.95,265.6,4083654.0,49.63
2026-01-07,265.0,272.5,264.5,270.8,10242615.0,44.15
2026-01-08,270.9,270.9,261.35,262.2,9269522.0,52.29
2026-01-09,261.35,263.95,260.45,261.95,4735387.0,44.22
2026-01-12,260.7,264.5,259.05,263.1,3802164.0,34.75
2026-01-13,263.45,264.85,261.3,264.2,6931244.0,52.74
2026-01-14,264.0,264.0,259.6,260.2,5625861.0,54.6
2026-01-15,264.0,264.0,259.6,260.2,5625861.0,54.6
2026-01-16,263.25,269.8,263.0,267.45,12028289.0,40.56
2026-01-19,252.0,252.0,241.55,245.95,65833247.0,51.49
2026-01-20,245.95,246.0,239.4,239.9,16796201.0,48.67
2026-01-21,239.9,242.6,237.6,239.55,14397792.0,43.0
2026-01-22,242.0,242.9,239.2,240.65,8537915.0,51.68
2026-01-23,242.3,243.55,237.85,238.4,13546802.0,61.29
2026-01-26,242.3,243.55,237.85,238.4,13546802.0,61.29
2026-01-27,235.2,236.4,231.75,234.8,15677537.0,58.78
2026-01-28,235.5,238.1,234.95,237.35,10155128.0,61.83
2026-01-29,236.2,240.9,235.45,239.8,12201949.0,64.09
2026-01-30,238.0,238.0,235.3,236.9,11362317.0,71.93
2026-02-02,244.0,244.08,239.29,242.3,12335721.0,59.29
2026-02-03,259.21,259.89,242.28,242.69,25915412.0,54.6
2026-02-04,235.91,235.92,226.26,233.34,25995324.0,44.78
2026-02-05,233.34,235.57,231.7,233.39,10102736.0,44.89
2026-02-06,232.93,232.93,228.6,230.72,12279085.0,52.8
2026-02-09,231.85,232.93,229.61,230.08,9112474.0,58.72
2026-02-10,229.98,232.86,227.2,231.47,12435622.0,43.44
2026-02-11,231.47,233.0,229.5,229.81,7874912.0,51.4
2026-02-12,226.2,226.26,218.5,219.08,40899346.0,48.52
2026-02-13,210.65,216.48,209.01,214.09,23721186.0,29.11
2026-02-16,214.62,216.91,210.11,213.26,20754327.0,48.56
2026-02-17,213.26,219.39,212.26,215.69,26941553.0,33.26
2026-02-18,216.2,216.4,210.26,211.95,22679760.0,32.19
2026-02-19,214.0,215.44,210.4,211.21,14151588.0,32.36
2026-02-20,209.7,211.96,208.25,209.86,17690420.0,46.26
2026-02-23,210.36,211.74,204.28,205.89,20946229.0,42.62
2026-02-24,203.0,203.29,199.36,200.14,25036686.0,43.54
2026-02-25,201.31,205.48,201.31,201.92,13979068.0,39.88
2026-02-26,203.71,204.63,199.12,201.08,14378069.0,36.77
2026-02-27,204.0,204.0,200.05,200.96,13288519.0,49.05
2026-03-02,195.0,200.36,194.7,198.57,10486866.0,34.35
2026-03-03,195.0,200.36,194.7,198.57,10486866.0,34.35
2026-03-04,196.01,197.12,194.51,195.55,19562075.0,51.18
2026-03-05,196.4,196.97,193.22,195.68,13149281.0,45.36
2026-03-06,195.6,198.93,195.0,195.4,9022914.0,42.94
2026-03-09,194.0,199.5,193.03,198.75,25862728.0,55.92
2026-03-10,200.5,201.31,197.42,200.93,12982340.0,48.96
2026-03-11,202.69,205.95,201.58,202.23,29199002.0,56.62
2026-03-12,201.06,203.8,199.7,202.51,19042475.0,58.88
2026-03-13,200.6,202.07,196.04,197.58,12629652.0,53.05
2026-03-16,196.24,198.29,192.77,195.11,12631649.0,42.19
2026-03-17,195.0,195.11,188.25,191.32,21778468.0,32.93
2026-03-18,193.0,198.0,192.69,194.3,24529164.0,46.0
2026-03-19,191.98,192.79,187.68,188.41,13685195.0,47.59
2026-03-20,191.19,192.3,188.41,190.9,24395304.0,51.8
2026-03-23,189.41,190.62,187.0,187.54,12014988.0,47.38
2026-03-24,191.5,191.5,187.8,188.74,11843191.0,44.88
2026-03-25,189.0,190.62,187.9,189.05,13862888.0,50.38
2026-03-26,189.0,190.62,187.9,189.05,13862888.0,50.38
2026-03-27,189.05,192.29,187.9,191.6,26269256.0,52.42
2026-03-30,189.99,191.63,186.5,187.64,27946986.0,52.15
2026-03-31,189.99,191.63,186.5,187.64,27946986.0,52.15
2026-04-01,191.51,194.49,190.41,191.18,11769673.0,33.57
2026-04-02,190.5,195.34,188.58,194.91,16623045.0,45.95
2026-04-03,190.5,195.34,188.58,194.91,16623045.0,45.95
2026-04-06,197.0,201.18,196.11,197.29,23282287.0,33.08
2026-04-07,197.01,205.27,197.01,204.72,24771466.0,35.07
2026-04-08,207.7,209.0,202.8,203.42,22084158.0,37.49
2026-04-09,203.71,204.16,201.63,202.87,14540807.0,49.08
2026-04-10,208.7,208.7,200.62,204.88,51219565.0,37.7
2026-04-13,203.01,203.4,200.31,202.97,21930624.0,51.64
2026-04-14,203.01,203.4,200.31,202.97,21930624.0,51.64
2026-04-15,206.5,210.49,205.1,209.75,27890080.0,57.64
2026-04-16,212.98,212.98,208.21,210.26,36305074.0,47.29
2026-04-17,205.0,206.45,202.5,204.32,80542603.0,48.28
2026-04-20,204.5,205.2,202.0,202.48,27927164.0,57.73
2026-04-21,203.0,205.7,202.48,205.01,21530723.0,56.11
2026-04-22,203.5,205.38,202.2,204.0,21790433.0,51.31
2026-04-23,204.0,204.9,202.3,202.76,20307250.0,58.58
2026-04-24,202.75,202.75,197.88,199.36,39363394.0,54.35
2026-04-27,199.36,205.25,199.36,205.05,42632215.0,61.82
2026-04-28,204.56,205.68,201.02,201.58,23455983.0,61.44
2026-04-29,201.58,203.6,200.3,200.68,15667662.0,59.75
2026-04-30,200.89,202.15,200.0,200.65,15300274.0,51.49
2026-05-01,200.89,202.15,200.0,200.65,15300274.0,51.49
2026-05-04,202.4,203.37,200.06,200.75,8446995.0,49.21
2026-05-05,200.0,202.3,199.6,199.78,8899200.0,56.05
2026-05-06,200.51,201.13,198.25,199.12,13166683.0,57.62
2026-05-07,199.5,200.28,197.19,197.36,19303572.0,63.77
2026-05-08,198.0,198.94,196.7,197.91,15970687.0,51.44
2026-05-11,197.88,198.24,196.15,196.68,9199527.0,59.26
2026-05-12,196.1,196.14,189.1,189.57,27435195.0,58.13
2026-05-13,190.67,191.3,187.31,187.8,17242394.0,47.14
2026-05-14,188.25,190.18,187.0,188.3,18280387.0,42.98
2026-05-15,189.9,191.9,188.8,190.0,17902610.0,55.74
2026-05-18,190.99,192.75,189.2,192.17,16327369.0,49.38
2026-05-19,192.4,198.0,192.4,195.17,20534622.0,45.83
2026-05-20,194.61,197.94,194.01,197.12,16201692.0,57.63
2026-05-21,198.5,200.04,197.5,199.74,18980608.0,54.11
2026-05-22,200.0,205.4,198.83,203.11,40014399.0,50.15
2026-05-25,207.0,209.55,204.06,206.84,72041558.0,56.42
2026-05-26,206.99,208.69,202.94,203.73,46458415.0,58.5
2026-05-27,203.85,205.99,200.2,201.58,39465643.0,45.84
2026-05-28,203.85,205.99,200.2,201.58,39465643.0,45.84
2026-05-29,211.0,211.0,203.65,204.25,82734524.0,44.65
2026-06-01,205.1,207.75,205.1,206.41,26491139.0,51.41
2026-06-02,208.0,210.18,206.51,209.84,42476874.0,50.86
2026-06-03,208.0,208.4,202.0,204.1,62282204.0,47.7
2026-06-04,203.0,205.09,202.1,204.32,40659957.0,62.27
2026-06-05,191.52,199.0,188.15,198.37,43539069.0,22.55
2026-06-08,193.39,193.89,181.0,181.76,75164049.0,38.09
2026-06-09,183.97,184.35,180.6,181.67,28381665.0,34.42
2026-06-10,182.1,182.29,178.5,178.93,16935979.0,43.58
2026-06-11,176.97,178.2,175.83,177.37,14468882.0,32.05
2026-06-12,178.65,180.45,177.57,180.14,13850153.0,38.52
2026-06-15,183.0,183.0,180.91,181.38,13870660.0,45.27
2026-06-16,182.39,183.38,181.63,182.67,11706020.0,37.27
2026-06-17,184.0,185.25,183.58,184.47,16131548.0,47.65
2026-06-18,184.47,184.76,181.71,182.84,18165845.0,48.59
2026-06-19,176.76,181.48,174.89,180.8,37469436.0,41.22
2026-06-22,180.84,182.4,180.0,180.18,10368112.0,48.44
2026-06-23,179.5,179.5,174.0,174.49,23954730.0,52.01
2026-06-24,171.5,175.49,171.49,174.48,56627728.0,51.84
2026-06-25,176.0,176.39,172.69,175.0,21544904.0,43.85
2026-06-26,176.0,176.39,172.69,175.0,21544904.0,43.85
2026-06-29,176.28,176.69,174.6,175.48,24484011.0,64.35
2026-06-30,175.0,175.4,170.05,170.39,26845383.0,48.83
2026-07-01,171.0,172.15,169.25,170.13,34638511.0,59.97
2026-07-02,169.49,174.97,169.0,174.0,43447174.0,40.3
2026-07-03,176.2,178.14,174.59,176.08,29538753.0,44.31
2026-07-06,176.08,176.3,173.57,174.32,8304046.0,40.98
2026-07-07,173.9,176.2,172.77,173.0,18837725.0,55.37
2026-07-08,173.0,175.4,172.24,172.72,16482564.0,45.45
2026-07-09,173.0,174.29,171.65,172.76,10270117.0,50.5
2026-07-10,175.23,177.22,175.0,175.46,16249590.0,48.22
2026-07-13,174.6,179.95,174.36,178.43,22417855.0,42.01
2026-07-14,178.5,180.5,176.71,177.14,14461463.0,46.43
2026-07-15,175.12,176.6,174.49,174.65,10398720.0,44.06
2026-07-16,175.6,177.99,175.41,177.74,11184572.0,38.2
2026-07-17,173.55,176.26,173.55,176.0,22960032.0,35.93
2026-07-20,177.0,177.8,175.85,176.38,10183661.0,56.3
2026-07-21,176.11,177.5,174.5,174.97,11350578.0,58.95
2026-07-22,174.77,174.96,173.42,174.44,5057035.0,44.94
2026-07-23,173.81,175.56,173.31,174.82,9055905.0,50.55
2026-07-24,174.0,177.9,172.8,177.12,13282944.0,41.82
2026-07-27,177.5,178.78,175.61,178.53,12504426.0,39.06
2026-07-28,178.55,181.7,178.55,181.12,26873060.0,52.18
2026-07-29,183.0,185.76,181.45,183.61,26147867.0,53.23
2026-07-30,183.4,191.34,183.4,186.33,54015268.0,47.03
2026-07-31,184.85,185.24,180.83,183.65,18762810.0,38.61
2026-08-03,184.02,189.81,184.02,188.66,15840516.0,51.9
2026-08-04,189.0,189.4,186.3,186.3,11903457.0,63.99
2026-08-05,187.0,188.54,186.07,186.99,8829250.0,60.48
2026-08-06,186.0,188.24,185.41,186.12,6629768.0,52.89
2026-08-07,185.87,188.37,185.65,187.53,7823102.0,43.79
2026-08-10,187.53,187.89,185.0,185.5,5337618.0,49.08
2026-08-11,185.5,187.48,183.31,184.6,9182421.0,41.41
2026-08-12,184.51,185.0,181.91,183.94,8624548.0,55.64
2026-08-13,183.49,183.75,181.72,183.1,5434084.0,56.18
2026-08-14,183.55,185.84,183.1,184.0,7366162.0,38.37
2026-08-19,179.06,179.95,178.22,179.55,5964187.0,36.45
2026-08-20,181.56,182.46,180.51,181.0,5364164.0,39.11
2026-08-21,180.6,181.76,180.0,180.79,4637869.0,43.84
2026-08-24,181.0,183.92,180.56,181.31,9441129.0,31.77
2026-08-25,181.29,181.29,178.39,180.09,8352475.0,54.64
